gamesId,anGameId,gameDate,matchup,seq,completed,schedStatus,fg_proj,fg_ml_book,fg_total_book,fg_rl_book,fg_actual,fg_graded_games,f5_proj,f5_total_proj,f5_book,f5_actual,f5_graded_games,nrfi_proj,nrfi_book,nrfi_actual,nrfi_graded_games,teamhr_proj,k_props,k_proj,k_line,k_actual,k_graded,hr_props,hr_proj,hr_actual,hr_graded,bt_rows,bt_settled,bt_no_action,bt_quarantined,bt_with_clv,bt_with_closing,outcomeIngested
2250006,285604,2026-03-25,NYY@SF,1,1,complete,0,1,1,0,1,0,0,0,1,1,1,0,1,0,0,0,2,2,2,2,0,18,18,18,18,14,0,14,0,0,0,0
2252284,285618,2026-03-26,ARI@LAD,1,1,complete,1,1,1,1,1,0,1,1,1,1,1,1,1,0,0,0,0,0,0,0,0,0,0,0,0,14,0,0,14,0,0,0
2250011,285615,2026-03-26,BOS@CIN,1,1,complete,1,1,1,1,1,0,1,1,1,1,1,1,1,0,0,0,0,0,0,0,0,18,18,18,18,15,0,1,14,0,0,0
2250016,285619,2026-03-26,CLE@SEA,1,1,complete,1,1,1,1,1,0,1,1,1,1,1,1,1,0,0,0,0,0,0,0,0,0,0,0,0,14,0,0,14,0,0,0
2250008,285610,2026-03-26,CWS@MIL,1,1,complete,1,1,1,1,1,0,1,1,1,1,1,1,1,0,0,0,2,2,2,2,0,18,18,18,18,15,0,1,14,0,0,0
2250013,285614,2026-03-26,DET@SD,1,1,complete,1,1,1,1,1,0,1,1,1,1,1,1,1,0,0,0,0,0,0,0,0,18,18,18,18,15,0,1,14,0,0,0
2250012,285613,2026-03-26,LAA@HOU,1,1,complete,1,1,1,1,1,0,1,1,1,1,1,1,1,0,0,0,0,0,0,0,0,18,18,18,18,15,0,1,14,0,0,0
2250010,285612,2026-03-26,MIN@BAL,1,1,complete,1,1,1,1,1,0,1,1,1,1,1,1,1,0,0,0,0,0,0,0,0,18,18,18,18,15,0,1,14,0,0,0
2250007,285609,2026-03-26,PIT@NYM,1,1,complete,1,1,1,1,1,0,1,1,1,1,1,1,1,0,0,0,2,2,2,2,0,18,18,18,18,15,0,1,14,0,0,0
2250014,285617,2026-03-26,TB@STL,1,1,complete,1,1,1,1,1,0,1,1,1,1,1,1,1,0,0,0,0,0,0,0,0,18,18,18,18,15,0,1,14,0,0,0
2250015,285616,2026-03-26,TEX@PHI,1,1,complete,1,1,1,1,1,0,1,1,1,1,1,1,1,0,0,0,0,0,0,0,0,18,18,18,18,15,0,1,14,0,0,0
2250009,285611,2026-03-26,WSH@CHC,1,1,complete,1,1,1,1,1,0,1,1,1,1,1,1,1,0,0,0,2,2,2,2,0,18,18,18,18,15,0,1,14,0,0,0
2252293,285629,2026-03-27,ARI@LAD,1,1,complete,1,1,1,1,1,0,1,1,1,1,1,1,1,0,0,0,2,2,2,2,2,0,0,0,0,14,0,0,14,0,0,0
2250018,285623,2026-03-27,ATH@TOR,1,1,complete,1,1,1,1,1,0,1,1,1,1,1,1,1,0,0,0,2,2,2,2,2,18,18,18,18,15,0,1,14,0,0,0
2250023,285628,2026-03-27,CLE@SEA,1,1,complete,1,1,1,1,1,0,1,1,1,1,1,1,1,0,0,0,2,2,2,2,1,0,0,0,0,14,0,0,14,0,0,0
2250019,285624,2026-03-27,COL@MIA,1,1,complete,1,1,1,1,1,0,1,1,1,1,1,1,1,0,0,0,2,2,2,2,2,18,18,18,18,15,0,1,14,0,0,0
2250022,285627,2026-03-27,DET@SD,1,1,complete,1,1,1,1,1,0,1,1,1,1,1,1,1,0,0,0,2,2,2,2,2,0,0,0,0,14,0,0,14,0,0,0
2250020,285625,2026-03-27,KC@ATL,1,1,complete,1,1,1,1,1,0,1,1,1,1,1,1,1,0,0,0,2,2,2,2,2,18,18,18,18,15,0,1,14,0,0,0
2250021,285626,2026-03-27,LAA@HOU,1,1,complete,1,1,1,1,1,0,1,1,1,1,1,1,1,0,0,0,2,2,2,2,2,0,0,0,0,14,0,0,14,0,0,0
2250017,285622,2026-03-27,NYY@SF,1,1,complete,1,1,1,1,1,0,1,1,1,1,1,1,1,0,0,0,2,2,2,2,2,18,18,18,18,15,0,1,14,0,0,0
2252307,285643,2026-03-28,ARI@LAD,1,1,complete,1,1,1,1,1,0,1,1,1,1,1,1,1,0,0,0,2,2,2,2,1,18,18,18,18,15,0,1,14,0,0,0
2250026,285632,2026-03-28,ATH@TOR,1,1,complete,1,1,1,1,1,0,1,1,1,1,1,1,1,0,0,0,2,2,2,2,2,18,18,18,18,15,0,1,14,0,0,0
2250029,285637,2026-03-28,BOS@CIN,1,1,complete,1,1,1,1,1,0,1,1,1,1,1,1,1,0,0,0,2,2,2,2,2,18,18,18,18,15,0,1,14,0,0,0
2250037,285644,2026-03-28,CLE@SEA,1,1,complete,1,1,1,1,1,0,1,1,1,1,1,1,1,0,0,0,1,1,1,1,1,18,18,18,18,15,0,1,14,0,0,0
2250031,285635,2026-03-28,COL@MIA,1,1,complete,1,1,1,1,1,0,1,1,1,1,1,1,1,0,0,0,2,2,2,2,1,18,18,18,18,15,0,1,14,0,0,0
2250033,285638,2026-03-28,CWS@MIL,1,1,complete,1,1,1,1,1,0,1,1,1,1,1,1,1,0,0,0,2,2,2,2,2,18,18,18,18,15,0,1,14,0,0,0
2250036,285642,2026-03-28,DET@SD,1,1,complete,1,1,1,1,1,0,1,1,1,1,1,1,1,0,0,0,2,2,2,2,2,18,18,18,18,15,0,1,14,0,0,0
2250034,285641,2026-03-28,KC@ATL,1,1,complete,1,1,1,1,1,0,1,1,1,1,1,1,1,0,0,0,2,2,2,2,2,18,18,18,18,15,0,1,14,0,0,0
2250032,285639,2026-03-28,LAA@HOU,1,1,complete,1,1,1,1,1,0,1,1,1,1,1,1,1,0,0,0,1,1,1,1,1,18,18,18,18,15,0,1,14,0,0,0
2250027,285634,2026-03-28,MIN@BAL,1,1,complete,1,1,1,1,1,0,1,1,1,1,1,1,1,0,0,0,2,2,2,2,2,18,18,18,18,15,0,1,14,0,0,0
2250035,285640,2026-03-28,NYY@SF,1,1,complete,1,1,1,1,1,0,1,1,1,1,1,1,1,0,0,0,2,2,2,2,2,18,18,18,18,15,0,1,14,0,0,0
2250030,285636,2026-03-28,PIT@NYM,1,1,complete,1,1,1,1,1,0,1,1,1,1,1,1,1,0,0,0,2,2,2,2,1,18,18,18,18,15,0,1,14,0,0,0
2250024,285630,2026-03-28,TB@STL,1,1,complete,1,1,1,1,1,0,1,1,1,1,1,1,1,0,0,0,2,2,2,2,2,18,18,18,18,15,0,1,14,0,0,0
2250028,285633,2026-03-28,TEX@PHI,1,1,complete,1,1,1,1,1,0,1,1,1,1,1,1,1,0,0,0,2,2,2,2,2,18,18,18,18,15,0,1,14,0,0,0
2250025,285631,2026-03-28,WSH@CHC,1,1,complete,1,1,1,1,1,0,1,1,1,1,1,1,1,0,0,0,2,2,2,2,2,18,18,18,18,15,0,1,14,0,0,0
2250041,285652,2026-03-29,ATH@TOR,1,1,complete,1,1,1,1,1,0,1,1,1,1,1,1,1,0,0,0,2,2,2,2,2,18,18,18,18,15,0,1,14,0,0,0
2250042,285654,2026-03-29,BOS@CIN,1,1,complete,1,1,1,1,1,0,1,1,1,1,1,1,1,0,0,0,1,1,1,1,1,18,18,18,18,15,0,1,14,0,0,0
2250049,285660,2026-03-29,CLE@SEA,1,1,complete,1,1,1,1,1,0,1,1,1,1,1,1,1,0,0,0,2,2,2,2,2,18,18,18,18,15,0,1,14,0,0,0
2250044,285653,2026-03-29,COL@MIA,1,1,complete,1,1,1,1,1,0,1,1,1,1,1,1,1,0,0,0,2,2,2,2,1,18,18,18,18,15,0,1,14,0,0,0
2250046,285657,2026-03-29,CWS@MIL,1,1,complete,1,1,1,1,1,0,1,1,1,1,1,1,1,0,0,0,1,1,1,1,1,18,18,18,18,15,0,1,14,0,0,0
2250040,285651,2026-03-29,KC@ATL,1,1,complete,1,1,1,1,1,0,1,1,1,1,1,1,1,0,0,0,2,2,2,2,2,18,18,18,18,15,0,1,14,0,0,0
2250045,285656,2026-03-29,LAA@HOU,1,1,complete,1,1,1,1,1,0,1,1,1,1,1,1,1,0,0,0,1,1,1,1,1,19,19,19,19,15,0,1,14,0,0,0
2250038,285649,2026-03-29,MIN@BAL,1,1,complete,1,1,1,1,1,0,1,1,1,1,1,1,1,0,0,0,2,2,2,2,2,18,18,18,18,15,0,1,14,0,0,0
2250043,285655,2026-03-29,PIT@NYM,1,1,complete,1,1,1,1,1,0,1,1,1,1,1,1,1,0,0,0,1,1,1,1,1,18,18,18,18,15,0,1,14,0,0,0
2250047,285658,2026-03-29,TB@STL,1,1,complete,1,1,1,1,1,0,1,1,1,1,1,1,1,0,0,0,1,1,1,1,1,18,18,18,18,15,0,1,14,0,0,0
2250039,285650,2026-03-29,TEX@PHI,1,1,complete,1,1,1,1,1,0,1,1,1,1,1,1,1,0,0,0,2,2,2,2,2,18,18,18,18,15,0,1,14,0,0,0
2250048,285659,2026-03-29,WSH@CHC,1,1,complete,1,1,1,1,1,0,1,1,1,1,1,1,1,0,0,0,2,2,2,2,2,18,18,18,18,15,0,1,14,0,0,0
2250056,285677,2026-03-30,ATH@ATL,1,1,complete,1,1,1,1,1,0,1,1,1,1,1,1,1,0,0,0,2,2,2,2,2,18,18,18,18,15,0,1,14,0,0,0
2250060,285681,2026-03-30,BOS@HOU,1,1,complete,1,1,1,1,1,0,1,1,1,1,1,1,1,0,0,0,2,2,2,2,2,18,18,18,18,15,0,1,14,0,0,0
2250063,285685,2026-03-30,CLE@LAD,1,1,complete,1,1,1,1,1,0,1,1,1,1,1,1,1,0,0,0,2,2,2,2,2,18,18,18,18,15,0,1,14,0,0,0
2250055,285676,2026-03-30,COL@TOR,1,1,complete,1,1,1,1,1,0,1,1,1,1,1,1,1,0,0,0,2,2,2,2,2,18,18,18,18,15,0,1,14,0,0,0
2250054,285675,2026-03-30,CWS@MIA,1,1,complete,1,1,1,1,1,0,1,1,1,1,1,1,1,0,0,0,2,2,2,2,2,18,18,18,18,15,0,1,14,0,0,0
2252334,285684,2026-03-30,DET@ARI,1,1,complete,1,1,1,1,1,0,1,1,1,1,1,1,1,0,0,0,2,2,2,2,2,18,18,18,18,15,0,1,14,0,0,0
2250057,285678,2026-03-30,LAA@CHC,1,1,complete,1,1,1,1,1,0,1,1,1,1,1,1,1,0,0,0,2,2,2,2,2,18,18,18,18,15,0,1,14,0,0,0
2250050,285671,2026-03-30,MIN@KC,1,1,complete,1,1,1,1,1,0,1,1,1,1,1,1,1,0,0,0,2,2,2,2,2,18,18,18,18,15,0,1,14,0,0,0
2250059,285680,2026-03-30,NYM@STL,1,1,complete,1,1,1,1,1,0,1,1,1,1,1,1,1,0,0,0,1,1,1,1,1,18,18,18,18,15,0,1,14,0,0,0
2250062,285683,2026-03-30,NYY@SEA,1,1,complete,1,1,1,1,1,0,1,1,1,1,1,1,1,0,0,0,2,2,2,2,2,18,18,18,18,15,0,1,14,0,0,0
2250052,285673,2026-03-30,PIT@CIN,1,1,complete,1,1,1,1,1,0,1,1,1,1,1,1,1,0,0,0,1,1,1,1,1,18,18,18,18,15,0,1,14,0,0,0
2250061,285682,2026-03-30,SF@SD,1,1,complete,1,1,1,1,1,0,1,1,1,1,1,1,1,0,0,0,2,2,2,2,2,18,18,18,18,15,0,1,14,0,0,0
2250058,285679,2026-03-30,TB@MIL,1,1,complete,1,1,1,1,1,0,1,1,1,1,1,1,1,0,0,0,2,2,2,2,2,18,18,18,18,15,0,1,14,0,0,0
2250051,285672,2026-03-30,TEX@BAL,1,1,complete,1,1,1,1,1,0,1,1,1,1,1,1,1,0,0,0,2,2,2,2,2,18,18,18,18,15,0,1,14,0,0,0
2250053,285674,2026-03-30,WSH@PHI,1,1,complete,1,1,1,1,1,0,1,1,1,1,1,1,1,0,0,0,0,0,0,0,0,18,18,18,18,15,0,1,14,0,0,0
2250069,285709,2026-03-31,ATH@ATL,1,1,complete,1,1,1,1,1,0,1,1,1,1,1,1,1,0,0,0,1,1,1,1,1,18,18,18,18,15,0,1,14,0,0,0
2250073,285713,2026-03-31,BOS@HOU,1,1,complete,1,1,1,1,1,0,1,1,0,1,0,1,0,0,0,0,0,0,0,0,0,0,0,0,0,14,0,0,14,0,0,0
2250076,285717,2026-03-31,CLE@LAD,1,1,complete,1,1,1,1,1,0,1,1,0,1,0,1,0,0,0,0,0,0,0,0,0,0,0,0,0,14,0,0,14,0,0,0
2250068,285708,2026-03-31,COL@TOR,1,1,complete,1,1,1,1,1,0,1,1,1,1,1,1,1,0,0,0,2,2,2,2,2,18,18,18,18,15,0,1,14,0,0,0
2250067,285707,2026-03-31,CWS@MIA,1,1,complete,1,1,1,1,1,0,1,1,1,1,1,1,1,0,0,0,2,2,2,2,1,18,18,18,18,15,0,1,14,0,0,0
2252346,285716,2026-03-31,DET@ARI,1,1,complete,1,1,1,1,1,0,1,1,0,1,0,1,0,0,0,0,0,0,0,0,0,0,0,0,0,14,0,0,14,0,0,0
2250070,285711,2026-03-31,LAA@CHC,1,1,complete,1,1,1,1,1,0,1,1,0,1,0,1,0,0,0,0,0,0,0,0,0,0,0,0,0,14,0,0,14,0,0,0
2250072,285712,2026-03-31,NYM@STL,1,1,complete,1,1,1,1,1,0,1,1,0,1,0,1,0,0,0,0,0,0,0,0,0,0,0,0,0,14,0,0,14,0,0,0
2250075,285715,2026-03-31,NYY@SEA,1,1,complete,1,1,1,1,1,0,1,1,0,1,0,1,0,0,0,0,0,0,0,0,0,0,0,0,0,14,0,0,14,0,0,0
2250065,285705,2026-03-31,PIT@CIN,1,1,complete,1,1,1,1,1,0,1,1,1,1,1,1,1,0,0,0,2,2,2,2,1,18,18,18,18,15,0,1,14,0,0,0
2250074,285714,2026-03-31,SF@SD,1,1,complete,1,1,1,1,1,0,1,1,0,1,0,1,0,0,0,0,0,0,0,0,0,0,0,0,0,14,0,0,14,0,0,0
2250071,285710,2026-03-31,TB@MIL,1,1,complete,1,1,1,1,1,0,1,1,0,1,0,1,0,0,0,0,0,0,0,0,0,0,0,0,0,14,0,0,14,0,0,0
2250064,285704,2026-03-31,TEX@BAL,1,1,complete,1,1,1,1,1,0,1,1,1,1,1,1,1,0,0,0,2,2,2,2,2,18,18,18,18,15,0,1,14,0,0,0
2250066,285706,2026-03-31,WSH@PHI,1,1,complete,1,1,1,1,1,0,1,1,1,1,1,1,1,0,0,0,1,1,1,1,1,20,20,20,20,15,0,1,14,0,0,0
2250077,286035,2026-04-01,ATH@ATL,1,1,complete,1,1,1,1,1,0,1,1,1,1,1,1,1,0,0,0,2,2,2,2,2,18,18,18,18,15,0,1,14,0,0,0
2250085,286043,2026-04-01,BOS@HOU,1,1,complete,1,1,1,1,1,0,1,1,1,1,1,1,1,0,0,0,2,2,2,2,2,20,20,20,20,15,0,1,14,0,0,0
2250090,286049,2026-04-01,CLE@LAD,1,1,complete,1,1,1,1,1,0,1,1,1,1,1,1,1,0,0,0,2,2,2,2,2,18,18,18,18,15,0,1,14,0,0,0
2250081,286039,2026-04-01,COL@TOR,1,1,complete,1,1,1,1,1,0,1,1,1,1,1,1,1,0,0,0,2,2,2,2,2,18,18,18,18,15,0,1,14,0,0,0
2250082,286040,2026-04-01,CWS@MIA,1,1,complete,1,1,1,1,1,0,1,1,1,1,1,1,1,0,0,0,2,2,2,2,2,18,18,18,18,15,0,1,14,0,0,0
2252360,286045,2026-04-01,DET@ARI,1,1,complete,1,1,1,1,1,0,1,1,1,1,1,1,1,0,0,0,2,2,2,2,1,18,18,18,18,15,0,1,14,0,0,0
2250086,286044,2026-04-01,LAA@CHC,1,1,complete,1,1,1,1,1,0,1,1,1,1,1,1,1,0,0,0,2,2,2,2,2,18,18,18,18,15,0,1,14,0,0,0
2250089,286048,2026-04-01,MIN@KC,1,1,complete,1,1,1,1,1,0,1,1,1,1,1,1,1,0,0,0,2,2,2,2,2,18,18,18,18,15,0,1,14,0,0,0
2250083,286041,2026-04-01,NYM@STL,1,1,complete,1,1,1,1,1,0,1,1,1,1,1,1,1,0,0,0,2,2,2,2,2,18,18,18,18,15,0,1,14,0,0,0
2250088,286047,2026-04-01,NYY@SEA,1,1,complete,1,1,1,1,1,0,1,1,1,1,1,1,1,0,0,0,2,2,2,2,2,18,18,18,18,15,0,1,14,0,0,0
2250079,286037,2026-04-01,PIT@CIN,1,1,complete,1,1,1,1,1,0,1,1,1,1,1,1,1,0,0,0,2,2,2,2,1,18,18,18,18,15,0,1,14,0,0,0
2250087,286046,2026-04-01,SF@SD,1,1,complete,1,1,1,1,1,0,1,1,1,1,1,1,1,0,0,0,2,2,2,2,2,18,18,18,18,15,0,1,14,0,0,0
2250084,286042,2026-04-01,TB@MIL,1,1,complete,1,1,1,1,1,0,1,1,1,1,1,1,1,0,0,0,2,2,2,2,1,18,18,18,18,15,0,1,14,0,0,0
2250078,286036,2026-04-01,TEX@BAL,1,1,complete,1,1,1,1,1,0,1,1,1,1,1,1,1,0,0,0,2,2,2,2,1,18,18,18,18,15,0,1,14,0,0,0
2250080,286038,2026-04-01,WSH@PHI,1,1,complete,1,1,1,1,1,0,1,1,1,1,1,1,1,0,0,0,2,2,2,2,2,18,18,18,18,15,0,1,14,0,0,0
2252367,286069,2026-04-02,ATL@ARI,1,1,complete,1,1,1,1,1,0,1,1,1,1,1,1,1,0,0,0,2,2,2,2,2,18,18,18,18,15,0,1,14,0,0,0
2250091,286067,2026-04-02,MIN@KC,1,1,complete,1,1,1,1,1,0,1,1,1,1,1,1,1,0,0,0,2,2,2,2,1,18,18,18,18,15,0,1,14,0,0,0
2250093,286070,2026-04-02,NYM@SF,1,1,complete,1,1,1,1,1,0,1,1,1,1,1,1,1,0,0,0,2,2,2,2,2,18,18,18,18,15,0,1,14,0,0,0
2250092,286068,2026-04-02,TOR@CWS,1,0,postponed,0,0,0,0,0,0,0,0,0,1,0,0,0,0,0,0,0,0,0,0,0,0,0,0,0,14,0,14,0,0,0,0
2252381,286112,2026-04-03,ATL@ARI,1,1,complete,1,1,1,1,1,0,1,1,1,1,1,1,1,0,0,0,2,2,2,2,0,18,18,18,18,15,0,1,14,0,0,0
2250102,286108,2026-04-03,BAL@PIT,1,1,complete,1,1,1,1,1,0,1,1,1,1,1,1,1,0,0,0,2,2,2,2,0,19,19,19,19,15,0,1,14,0,0,0
2250099,286105,2026-04-03,CHC@CLE,1,1,complete,1,1,1,1,1,0,1,1,1,1,1,1,1,0,0,0,2,2,2,2,0,19,19,19,19,15,0,1,14,0,0,0
2250098,286104,2026-04-03,CIN@TEX,1,1,complete,1,1,1,1,1,0,1,1,1,1,1,1,1,0,0,0,2,2,2,2,0,18,18,18,18,15,0,1,14,0,0,0
2250105,286111,2026-04-03,HOU@ATH,1,1,complete,1,1,1,1,1,0,1,1,1,1,1,1,1,0,0,0,2,2,2,2,0,18,18,18,18,15,0,1,14,0,0,0
2250094,286100,2026-04-03,LAD@WSH,1,1,complete,1,1,1,1,1,0,1,1,1,1,1,1,1,0,0,0,2,2,2,2,0,17,17,17,17,15,0,1,14,0,0,0
2250096,286102,2026-04-03,MIA@NYY,1,1,complete,1,1,1,1,1,0,1,1,1,1,1,1,1,0,0,0,2,2,2,2,0,18,18,18,18,15,0,1,14,0,0,0
2250103,286109,2026-04-03,MIL@KC,1,0,postponed,1,1,1,1,0,0,1,1,0,1,0,1,0,0,0,0,2,2,2,2,2,0,0,0,0,14,0,0,14,0,0,0
2250106,286113,2026-04-03,NYM@SF,1,1,complete,1,1,1,1,1,0,1,1,1,1,1,1,1,0,0,0,2,2,2,2,0,18,18,18,18,15,0,1,14,0,0,0
2250101,286106,2026-04-03,PHI@COL,1,1,complete,1,1,1,1,1,0,1,1,1,1,1,1,1,0,0,0,2,2,2,2,0,18,18,18,18,15,0,1,14,0,0,0
2250097,286103,2026-04-03,SD@BOS,1,1,complete,1,1,1,1,1,0,1,1,1,1,1,1,1,0,0,0,2,2,2,2,0,18,18,18,18,15,0,1,14,0,0,0
2250104,286110,2026-04-03,SEA@LAA,1,1,complete,1,1,1,1,1,0,1,1,1,1,1,1,1,0,0,0,2,2,2,2,0,18,18,18,18,15,0,1,14,0,0,0
2250095,286101,2026-04-03,STL@DET,1,1,complete,1,1,1,1,1,0,1,1,1,1,1,1,1,0,0,0,2,2,2,2,0,18,18,18,18,15,0,1,14,0,0,0
2250100,286107,2026-04-03,TB@MIN,1,1,complete,1,1,1,1,1,0,1,1,1,1,1,1,1,0,0,0,2,2,2,2,0,18,18,18,18,15,0,1,14,0,0,0
2252394,286129,2026-04-04,ATL@ARI,1,1,complete,1,1,1,1,1,0,1,1,1,1,1,1,1,0,0,0,2,2,2,2,2,18,18,18,18,15,0,1,14,0,0,0
2250111,286122,2026-04-04,BAL@PIT,1,1,complete,1,1,1,1,1,0,1,1,1,1,1,1,1,0,0,0,1,1,1,1,1,18,18,18,18,15,0,1,14,0,0,0
2250114,286126,2026-04-04,CIN@TEX,1,1,complete,1,1,1,1,1,0,1,1,1,1,1,1,1,0,0,0,2,2,2,2,1,18,18,18,18,15,0,1,14,0,0,0
2250110,286121,2026-04-04,HOU@ATH,1,1,complete,1,1,1,1,1,0,1,1,1,1,1,1,1,0,0,0,1,1,1,1,1,18,18,18,18,15,0,1,14,0,0,0
2250109,286120,2026-04-04,LAD@WSH,1,1,complete,1,1,1,1,1,0,1,1,1,1,1,1,1,0,0,0,2,2,2,2,2,17,17,17,17,15,0,1,14,0,0,0
2250115,286125,2026-04-04,MIA@NYY,1,1,complete,1,1,1,1,1,0,1,1,1,1,1,1,1,0,0,0,2,2,2,2,2,18,18,18,18,15,0,1,14,0,0,0
2250113,286123,2026-04-04,MIL@KC,1,1,complete,1,1,1,1,1,0,1,1,1,1,1,1,1,0,0,0,2,2,2,2,2,23,23,23,23,15,0,1,14,0,0,0
2250119,286131,2026-04-04,NYM@SF,1,1,complete,1,1,1,1,1,0,1,1,1,1,1,1,1,0,0,0,2,2,2,2,2,18,18,18,18,15,0,1,14,0,0,0
2250118,286130,2026-04-04,PHI@COL,1,1,complete,1,1,1,1,1,0,1,1,1,1,1,1,1,0,0,0,2,2,2,2,2,18,18,18,18,15,0,1,14,0,0,0
2250112,286124,2026-04-04,SD@BOS,1,1,complete,1,1,1,1,1,0,1,1,1,1,1,1,1,0,0,0,2,2,2,2,2,18,18,18,18,15,0,1,14,0,0,0
2250120,286132,2026-04-04,SEA@LAA,1,1,complete,1,1,1,1,1,0,1,1,1,1,1,1,1,0,0,0,2,2,2,2,2,18,18,18,18,15,0,1,14,0,0,0
2250107,286118,2026-04-04,STL@DET,1,1,complete,1,1,1,1,1,0,1,1,1,1,1,1,1,0,0,0,2,2,2,2,2,18,18,18,18,15,0,1,14,0,0,0
2250116,286127,2026-04-04,TB@MIN,1,1,complete,1,1,1,1,1,0,1,1,1,1,1,1,1,0,0,0,1,1,1,1,0,18,18,18,18,15,0,1,14,0,0,0
2250108,286119,2026-04-04,TOR@CWS,1,1,complete,1,1,1,1,1,0,1,1,1,1,1,1,1,0,0,0,1,1,1,1,1,17,17,17,17,15,0,1,14,0,0,0
2252411,286187,2026-04-05,ATL@ARI,1,1,complete,1,1,1,1,1,0,1,1,1,1,1,1,1,0,0,0,1,1,1,1,1,18,18,18,18,15,0,1,14,0,0,0
2250122,286177,2026-04-05,BAL@PIT,1,1,complete,1,1,1,1,1,0,1,1,1,1,1,1,1,0,1,0,1,1,1,1,1,19,19,19,19,15,0,1,14,0,0,0
2250125,286178,2026-04-05,CHC@CLE,1,1,complete,1,1,1,1,1,0,1,1,1,1,1,1,1,0,1,0,0,0,0,0,0,24,24,24,24,15,0,1,14,0,0,0
2250117,288013,2026-04-05,CHC@CLE,2,1,complete,1,1,1,1,1,0,1,1,1,1,1,1,1,0,1,0,2,2,2,2,2,0,0,0,0,14,0,0,14,0,0,0
2250129,286182,2026-04-05,CIN@TEX,1,1,complete,1,1,1,1,1,0,1,1,1,1,1,1,1,0,1,0,2,2,2,2,1,18,18,18,18,15,0,1,14,0,0,0
2250131,286184,2026-04-05,HOU@ATH,1,1,complete,1,1,1,1,1,0,1,1,1,1,1,1,1,0,1,0,2,2,2,2,2,18,18,18,18,15,0,1,14,0,0,0
2250121,286174,2026-04-05,LAD@WSH,1,1,complete,1,1,1,1,1,0,1,1,1,1,1,1,1,0,0,0,1,1,1,1,1,18,18,18,18,15,0,1,14,0,0,0
2250124,286175,2026-04-05,MIA@NYY,1,1,complete,1,1,1,1,1,0,1,1,1,1,1,1,1,0,1,0,2,2,2,2,0,18,18,18,18,15,0,1,14,0,0,0
2250128,286179,2026-04-05,MIL@KC,1,1,complete,1,1,1,1,1,0,1,1,1,1,1,1,1,0,1,0,2,2,2,2,2,18,18,18,18,15,0,1,14,0,0,0
2250132,286185,2026-04-05,NYM@SF,1,1,complete,1,1,1,1,1,0,1,1,1,1,1,1,1,0,1,0,2,2,2,2,2,18,18,18,18,15,0,1,14,0,0,0
2250130,286183,2026-04-05,PHI@COL,1,1,complete,1,1,1,1,1,0,1,1,1,1,1,1,1,0,1,0,1,1,1,1,1,18,18,18,18,15,0,1,14,0,0,0
2250123,286176,2026-04-05,SD@BOS,1,1,complete,1,1,1,1,1,0,1,1,1,1,1,1,1,0,1,0,2,2,2,2,2,18,18,18,18,15,0,1,14,0,0,0
2250133,286186,2026-04-05,SEA@LAA,1,1,complete,1,1,1,1,1,0,1,1,1,1,1,1,1,0,1,0,2,2,2,2,2,18,18,18,18,15,0,1,14,0,0,0
2250134,286188,2026-04-05,STL@DET,1,1,complete,1,1,1,1,1,0,1,1,1,1,1,1,1,0,1,0,1,1,1,1,1,18,18,18,18,15,0,1,14,0,0,0
2250126,286180,2026-04-05,TB@MIN,1,1,complete,1,1,1,1,1,0,1,1,1,1,1,1,1,0,1,0,2,2,2,2,2,18,18,18,18,15,0,1,14,0,0,0
2250127,286181,2026-04-05,TOR@CWS,1,1,complete,1,1,1,1,1,0,1,1,1,1,1,1,1,0,1,0,2,2,2,2,2,18,18,18,18,15,0,1,14,0,0,0
2250146,286268,2026-04-06,ATL@LAA,1,1,complete,1,1,1,1,1,0,1,1,1,1,0,1,1,0,0,0,2,2,2,2,2,0,0,0,0,14,0,0,14,0,0,0
2250143,286264,2026-04-06,BAL@CWS,1,1,complete,1,1,1,1,1,0,1,1,1,1,0,1,1,0,0,0,2,2,2,2,2,19,19,0,19,15,0,0,14,0,0,0
2250135,286257,2026-04-06,CHC@TB,1,1,complete,1,1,1,1,1,0,1,1,1,1,0,1,1,0,0,0,2,2,2,2,2,18,18,0,18,15,0,0,14,0,0,0
2250138,286260,2026-04-06,CIN@MIA,1,1,complete,1,1,1,1,1,0,1,1,1,1,0,1,1,0,0,0,2,2,2,2,2,18,18,0,18,15,0,0,14,0,0,0
2250142,286265,2026-04-06,DET@MIN,1,1,complete,1,1,1,1,1,0,1,1,1,1,0,1,1,0,0,0,2,2,2,2,2,20,20,0,20,15,0,0,14,0,0,0
2250145,286267,2026-04-06,HOU@COL,1,1,complete,1,1,1,1,1,0,1,1,1,1,0,1,1,0,0,0,2,2,2,2,2,0,0,0,0,14,0,0,14,0,0,0
2250136,286258,2026-04-06,KC@CLE,1,1,complete,1,1,1,1,1,0,1,1,1,1,0,1,1,0,0,0,2,2,2,2,2,18,18,0,18,15,0,0,14,0,0,0
2250141,286263,2026-04-06,LAD@TOR,1,1,complete,1,1,1,1,1,0,1,1,1,1,0,1,1,0,0,0,2,2,2,2,2,18,18,0,18,15,0,0,14,0,0,0
2250140,286261,2026-04-06,MIL@BOS,1,1,complete,1,1,1,1,1,0,1,1,1,1,0,1,1,0,0,0,2,2,2,2,2,21,21,0,21,15,0,0,14,0,0,0
2250147,286269,2026-04-06,PHI@SF,1,1,complete,1,1,1,1,1,0,1,1,1,1,0,1,1,0,0,0,2,2,2,2,2,0,0,0,0,14,0,0,14,0,0,0
2250137,286259,2026-04-06,SD@PIT,1,1,complete,1,1,1,1,1,0,1,1,1,1,0,1,1,0,0,0,2,2,2,2,2,19,19,0,19,15,0,0,14,0,0,0
2250144,286266,2026-04-06,SEA@TEX,1,1,complete,1,1,1,1,1,0,1,1,1,1,0,1,1,0,0,0,2,2,2,2,2,0,0,0,0,14,0,0,14,0,0,0
2250139,286262,2026-04-06,STL@WSH,1,1,complete,1,1,1,1,1,0,1,1,1,1,0,1,1,0,0,0,2,2,2,2,2,18,18,0,18,15,0,0,14,0,0,0
2252434,286336,2026-04-07,ARI@NYM,1,1,complete,1,1,1,1,1,0,1,1,1,1,0,1,1,0,0,0,2,2,2,2,2,24,0,24,0,15,0,0,14,0,0,0
2250154,286334,2026-04-07,ATH@NYY,1,1,complete,1,1,1,1,1,0,1,1,1,1,0,1,1,0,0,0,2,2,2,2,2,22,0,22,0,15,0,0,14,0,0,0
2250160,286341,2026-04-07,ATL@LAA,1,1,complete,1,1,1,1,1,0,1,1,1,1,0,1,1,0,0,0,2,2,2,2,2,24,0,24,0,15,0,0,14,0,0,0
2250157,286338,2026-04-07,BAL@CWS,1,1,complete,1,1,1,1,1,0,1,1,1,1,0,1,1,0,0,0,2,2,2,2,2,24,0,24,0,15,0,0,14,0,0,0
2250150,286329,2026-04-07,CHC@TB,1,1,complete,1,1,1,1,1,0,1,1,1,1,0,1,1,0,0,0,2,2,2,2,2,19,0,19,0,15,0,0,14,0,0,0
2250151,286330,2026-04-07,CIN@MIA,1,1,complete,1,1,1,1,1,0,1,1,1,1,0,1,1,0,0,0,2,2,2,2,2,24,0,24,0,15,0,0,14,0,0,0
2250156,286337,2026-04-07,DET@MIN,1,1,complete,1,1,1,1,1,0,1,1,1,1,0,1,1,0,0,0,2,2,2,2,2,21,0,21,0,15,0,0,14,0,0,0
2250159,286340,2026-04-07,HOU@COL,1,1,complete,1,1,1,1,1,0,1,1,1,1,0,1,1,0,0,0,2,2,2,2,2,21,0,21,0,15,0,0,14,0,0,0
2250148,286328,2026-04-07,KC@CLE,1,1,complete,1,1,1,1,1,0,1,1,1,1,0,1,1,0,0,0,2,2,2,2,2,23,0,23,0,15,0,0,14,0,0,0
2250155,286335,2026-04-07,LAD@TOR,1,1,complete,1,1,1,1,1,0,1,1,1,1,0,1,1,0,0,0,2,2,2,2,2,20,0,20,0,15,0,0,14,0,0,0
2250153,286332,2026-04-07,MIL@BOS,1,1,complete,1,1,1,1,1,0,1,1,1,1,0,1,1,0,0,0,2,2,2,2,2,20,0,20,0,15,0,0,14,0,0,0
2250161,286342,2026-04-07,PHI@SF,1,1,complete,1,1,1,1,1,0,1,1,1,1,0,1,1,0,0,0,2,2,2,2,2,21,0,21,0,15,0,0,14,0,0,0
2250149,286331,2026-04-07,SD@PIT,1,1,complete,1,1,1,1,1,0,1,1,1,1,0,1,1,0,0,0,2,2,2,2,2,19,0,19,0,15,0,0,14,0,0,0
2250158,286339,2026-04-07,SEA@TEX,1,1,complete,1,1,1,1,1,0,1,1,1,1,0,1,1,0,0,0,2,2,2,2,2,18,0,18,0,15,0,0,14,0,0,0
2250152,286333,2026-04-07,STL@WSH,1,1,complete,1,1,1,1,1,0,1,1,1,1,0,1,1,0,0,0,2,2,2,2,2,25,0,25,0,15,0,0,14,0,0,0
2252454,286388,2026-04-08,ARI@NYM,1,1,complete,1,1,1,1,1,0,1,1,1,1,0,1,1,0,0,0,2,2,2,2,2,18,0,18,0,14,0,0,14,0,0,0
2250174,286387,2026-04-08,ATH@NYY,1,1,complete,1,1,1,1,1,0,1,1,1,1,0,1,1,0,0,0,2,2,2,2,2,20,0,20,0,14,0,0,14,0,0,0
2250171,286384,2026-04-08,ATL@LAA,1,1,complete,1,1,1,1,1,0,1,1,1,1,0,1,1,0,0,0,2,2,2,2,2,19,0,19,0,15,0,0,14,0,0,0
2250165,286378,2026-04-08,BAL@CWS,1,1,complete,1,1,1,1,1,0,1,1,1,1,0,1,1,0,0,0,2,2,2,2,2,21,0,21,0,15,0,0,14,0,0,0
2250172,286385,2026-04-08,CHC@TB,1,1,complete,1,1,1,1,1,0,1,1,1,1,0,1,1,0,0,0,2,2,2,2,2,18,0,18,0,15,0,0,14,0,0,0
2250173,286386,2026-04-08,CIN@MIA,1,1,complete,1,1,1,1,1,0,1,1,1,1,0,1,1,0,0,0,2,2,2,2,2,20,0,20,0,15,0,0,14,0,0,0
2250175,286389,2026-04-08,DET@MIN,1,1,complete,1,1,1,1,1,0,1,1,1,1,0,1,1,0,0,0,2,2,2,2,2,23,0,23,0,14,0,0,14,0,0,0
2250168,286381,2026-04-08,HOU@COL,1,1,complete,1,1,1,1,1,0,1,1,1,1,0,1,1,0,0,0,2,2,2,2,2,20,0,20,0,15,0,0,14,0,0,0
2250163,286376,2026-04-08,KC@CLE,1,1,complete,1,1,1,1,1,0,1,1,1,1,0,1,1,0,0,0,2,2,2,2,2,20,0,20,0,15,0,0,14,0,0,0
2250167,286380,2026-04-08,LAD@TOR,1,1,complete,1,1,1,1,1,0,1,1,1,1,0,1,1,0,0,0,1,1,1,1,1,21,0,21,0,15,0,0,14,0,0,0
2250164,286377,2026-04-08,MIL@BOS,1,1,complete,1,1,1,1,1,0,1,1,1,1,0,1,1,0,0,0,2,2,2,2,2,19,0,19,0,15,0,0,14,0,0,0
2250169,286382,2026-04-08,PHI@SF,1,1,complete,1,1,1,1,1,0,1,1,1,1,0,1,1,0,0,0,2,2,2,2,2,21,0,21,0,15,0,0,14,0,0,0
2250162,286375,2026-04-08,SD@PIT,1,1,complete,1,1,1,1,1,0,1,1,1,1,0,1,1,0,0,0,2,2,2,2,2,21,0,21,0,15,0,0,14,0,0,0
2250166,286379,2026-04-08,SEA@TEX,1,1,complete,1,1,1,1,1,0,1,1,1,1,0,1,1,0,0,0,2,2,2,2,2,20,0,20,0,15,0,0,14,0,0,0
2250170,286383,2026-04-08,STL@WSH,1,1,complete,1,1,1,1,1,0,1,1,1,1,0,1,1,0,0,0,2,2,2,2,2,21,0,21,0,15,0,0,14,0,0,0
2252459,286453,2026-04-09,ARI@NYM,1,1,complete,1,1,1,1,1,0,1,1,1,1,0,1,1,0,0,0,2,2,2,2,2,20,0,20,0,14,0,0,14,0,0,0
2250177,286451,2026-04-09,ATH@NYY,1,1,complete,1,1,1,1,1,0,1,1,1,1,0,1,1,0,0,0,2,2,2,2,2,23,0,23,0,14,0,0,14,0,0,0
2250176,286450,2026-04-09,CIN@MIA,1,1,complete,1,1,1,1,1,0,1,1,1,1,0,1,1,0,0,0,2,2,2,2,2,20,0,20,0,14,0,0,14,0,0,0
2250180,286455,2026-04-09,COL@SD,1,1,complete,1,1,1,1,1,0,1,1,1,1,0,1,1,0,0,0,2,2,2,2,2,25,0,25,0,14,0,0,14,0,0,0
2250179,286454,2026-04-09,CWS@KC,1,1,complete,1,1,1,1,1,0,1,1,1,1,0,1,1,0,0,0,2,2,2,2,2,21,0,21,0,14,0,0,14,0,0,0
2250178,286452,2026-04-09,DET@MIN,1,1,complete,1,1,1,1,1,0,1,1,1,1,0,1,1,0,0,0,2,2,2,2,2,23,0,23,0,14,0,0,14,0,0,0
2252463,286502,2026-04-10,ARI@PHI,1,1,complete,1,1,1,1,1,0,1,1,1,1,0,1,1,0,0,0,2,2,2,2,2,18,18,18,18,15,0,1,14,0,0,0
2250185,286506,2026-04-10,ATH@NYM,1,1,complete,1,1,1,1,1,0,1,1,1,1,0,1,1,0,0,0,2,2,2,2,2,19,19,16,19,15,0,1,14,0,0,0
2250191,286511,2026-04-10,BOS@STL,1,1,complete,1,1,1,1,1,0,1,1,1,1,0,1,1,0,0,0,2,2,2,2,2,19,19,17,19,15,0,1,14,0,0,0
2250188,286508,2026-04-10,CLE@ATL,1,1,complete,1,1,1,1,1,0,1,1,1,1,0,1,1,0,0,0,2,2,2,2,2,19,19,17,19,15,0,1,14,0,0,0
2250192,286513,2026-04-10,COL@SD,1,1,complete,1,1,1,1,1,0,1,1,1,1,0,1,1,0,0,0,2,2,2,2,2,21,21,19,21,15,0,1,14,0,0,0
2250189,286510,2026-04-10,CWS@KC,1,1,complete,1,1,1,1,1,0,1,1,1,1,0,1,1,0,0,0,2,2,2,2,2,21,21,17,21,15,0,1,14,0,0,0
2250193,286512,2026-04-10,HOU@SEA,1,1,complete,1,1,1,1,1,0,1,1,1,1,0,1,1,0,0,0,2,2,2,2,2,20,20,0,20,15,0,0,14,0,0,0
2250183,286503,2026-04-10,LAA@CIN,1,1,complete,1,1,1,1,1,0,1,1,1,1,0,1,1,0,0,0,2,2,2,2,2,19,19,19,19,15,0,1,14,0,0,0
2250182,286501,2026-04-10,MIA@DET,1,1,complete,1,1,1,1,1,0,1,1,1,1,0,1,1,0,0,0,2,2,2,2,2,19,19,17,19,15,0,1,14,0,0,0
2250184,286504,2026-04-10,MIN@TOR,1,1,complete,1,1,1,1,1,0,1,1,1,1,0,1,1,0,0,0,2,2,2,2,2,19,19,16,19,15,0,1,14,0,0,0
2250186,286505,2026-04-10,NYY@TB,1,1,complete,1,1,1,1,1,0,1,1,1,1,0,1,1,0,0,0,2,2,2,2,2,22,22,19,22,15,0,1,14,0,0,0
2250181,286500,2026-04-10,PIT@CHC,1,1,complete,1,1,1,1,1,0,1,1,1,1,0,1,1,0,0,0,2,2,2,2,2,20,20,19,20,15,0,1,14,0,0,0
2250187,286507,2026-04-10,SF@BAL,1,1,complete,1,1,1,1,1,0,1,1,1,1,0,1,1,0,0,0,2,2,2,2,2,19,19,16,19,15,0,1,14,0,0,0
2250194,286514,2026-04-10,TEX@LAD,1,1,complete,1,1,1,1,1,0,1,1,1,1,0,1,1,0,0,0,2,2,2,2,2,20,20,0,20,15,0,0,14,0,0,0
2250190,286509,2026-04-10,WSH@MIL,1,1,complete,1,1,1,1,1,0,1,1,1,1,0,1,1,0,0,0,2,2,2,2,2,18,18,16,18,15,0,1,14,0,0,0
2252477,286578,2026-04-11,ARI@PHI,1,1,complete,1,1,1,1,1,0,1,1,1,1,0,1,1,0,0,0,2,2,2,2,2,18,0,18,0,14,0,0,14,0,0,0
2250199,286584,2026-04-11,ATH@NYM,1,1,complete,1,1,1,1,1,0,1,1,1,1,0,1,1,0,0,0,2,2,2,2,2,18,0,18,0,14,0,0,14,0,0,0
2250204,286588,2026-04-11,BOS@STL,1,1,complete,1,1,1,1,1,0,1,1,1,1,0,1,1,0,0,0,2,2,2,2,2,18,0,18,0,14,0,0,14,0,0,0
2250205,286589,2026-04-11,CLE@ATL,1,1,complete,1,1,1,1,1,0,1,1,1,1,0,1,1,0,0,0,2,2,2,2,2,18,0,18,0,14,0,0,14,0,0,0
2250206,286590,2026-04-11,COL@SD,1,1,complete,1,1,1,1,1,0,1,1,1,1,0,1,1,0,0,0,2,2,2,2,2,18,0,18,0,14,0,0,14,0,0,0
2250200,286582,2026-04-11,CWS@KC,1,1,complete,1,1,1,1,1,0,1,1,1,1,0,1,1,0,0,0,2,2,2,2,2,19,0,19,0,14,0,0,14,0,0,0
2250208,286592,2026-04-11,HOU@SEA,1,1,complete,1,1,1,1,1,0,1,1,1,1,0,1,1,0,0,0,2,2,2,2,2,18,0,18,0,14,0,0,14,0,0,0
2250198,286583,2026-04-11,LAA@CIN,1,1,complete,1,1,1,1,1,0,1,1,1,1,0,1,1,0,0,0,2,2,2,2,2,18,0,18,0,14,0,0,14,0,0,0
2250195,286579,2026-04-11,MIA@DET,1,1,complete,1,1,1,1,1,0,1,1,1,1,0,1,1,0,0,0,2,2,2,2,2,18,0,18,0,14,0,0,14,0,0,0
2250197,286581,2026-04-11,MIN@TOR,1,1,complete,1,1,1,1,1,0,1,1,1,1,0,1,1,0,0,0,2,2,2,2,2,20,0,20,0,14,0,0,14,0,0,0
2250201,286585,2026-04-11,NYY@TB,1,1,complete,1,1,1,1,1,0,1,1,1,1,0,1,1,0,0,0,2,2,2,2,2,18,0,18,0,14,0,0,14,0,0,0
2250196,286580,2026-04-11,PIT@CHC,1,1,complete,1,1,1,1,1,0,1,1,1,1,0,1,1,0,0,0,2,2,2,2,2,18,0,18,0,14,0,0,14,0,0,0
2250203,286587,2026-04-11,SF@BAL,1,1,complete,1,1,1,1,1,0,1,1,1,1,0,1,1,0,0,0,2,2,2,2,2,18,0,18,0,14,0,0,14,0,0,0
2250207,286591,2026-04-11,TEX@LAD,1,1,complete,1,1,1,1,1,0,1,1,1,1,0,1,1,0,0,0,2,2,2,2,2,18,0,18,0,14,0,0,14,0,0,0
2250202,286586,2026-04-11,WSH@MIL,1,1,complete,1,1,1,1,1,0,1,1,1,1,0,1,1,0,0,0,2,2,2,2,2,18,0,18,0,14,0,0,14,0,0,0
2252493,286654,2026-04-12,ARI@PHI,1,1,complete,1,1,1,1,1,0,1,1,1,1,0,1,1,0,0,0,2,0,2,2,0,18,0,18,0,14,0,0,14,0,0,0
2250212,286659,2026-04-12,ATH@NYM,1,1,complete,1,1,1,1,1,0,1,1,1,1,0,1,1,0,0,0,0,0,0,0,0,20,0,20,0,14,0,0,14,0,0,0
2250217,286662,2026-04-12,BOS@STL,1,1,complete,1,1,1,1,1,0,1,1,1,1,0,1,1,0,0,0,0,0,0,0,0,18,0,18,0,14,0,0,14,0,0,0
2250222,286667,2026-04-12,CLE@ATL,1,1,complete,1,1,1,1,1,0,1,1,1,1,0,1,1,0,0,0,0,0,0,0,0,18,0,18,0,14,0,0,14,0,0,0
2250219,286666,2026-04-12,COL@SD,1,1,complete,1,1,1,1,1,0,1,1,1,1,0,1,1,0,0,0,0,0,0,0,0,18,0,18,0,14,0,0,14,0,0,0
2250215,286660,2026-04-12,CWS@KC,1,1,complete,1,1,1,1,1,0,1,1,1,1,0,1,1,0,0,0,0,0,0,0,0,18,0,18,0,14,0,0,14,0,0,0
2250220,286664,2026-04-12,HOU@SEA,1,1,complete,1,1,1,1,1,0,1,1,1,1,0,1,1,0,0,0,0,0,0,0,0,18,0,18,0,14,0,0,14,0,0,0
2250211,286656,2026-04-12,LAA@CIN,1,1,complete,1,1,1,1,1,0,1,1,1,1,0,1,1,0,0,0,0,0,0,0,0,18,0,18,0,14,0,0,14,0,0,0
2250213,286657,2026-04-12,MIA@DET,1,1,complete,1,1,1,1,1,0,1,1,1,1,0,1,1,0,0,0,0,0,0,0,0,18,0,18,0,14,0,0,14,0,0,0
2250210,286655,2026-04-12,MIN@TOR,1,1,complete,1,1,1,1,1,0,1,1,1,1,0,1,1,0,0,0,1,0,1,1,0,18,0,18,0,14,0,0,14,0,0,0
2250214,286658,2026-04-12,NYY@TB,1,1,complete,1,1,1,1,1,0,1,1,1,1,0,1,1,0,0,0,0,0,0,0,0,18,0,18,0,14,0,0,14,0,0,0
2250218,286663,2026-04-12,PIT@CHC,1,1,complete,1,1,1,1,1,0,1,1,1,1,0,1,1,0,0,0,0,0,0,0,0,18,0,18,0,14,0,0,14,0,0,0
2250209,286653,2026-04-12,SF@BAL,1,1,complete,1,1,1,1,1,0,1,1,1,1,0,1,1,0,0,0,2,0,2,2,0,18,0,18,0,14,0,0,14,0,0,0
2250221,286665,2026-04-12,TEX@LAD,1,1,complete,1,1,1,1,1,0,1,1,1,1,0,1,1,0,0,0,0,0,0,0,0,18,0,18,0,14,0,0,14,0,0,0
2250216,286661,2026-04-12,WSH@MIL,1,1,complete,1,1,1,1,1,0,1,1,1,1,0,1,1,0,0,0,0,0,0,0,0,19,0,19,0,14,0,0,14,0,0,0
2252508,286761,2026-04-13,ARI@BAL,1,1,complete,1,1,1,1,1,0,1,1,1,1,0,1,1,0,0,0,2,2,2,2,2,19,0,19,0,14,0,0,14,0,0,0
2250228,286766,2026-04-13,BOS@MIN,1,1,complete,1,1,1,1,1,0,1,1,1,1,0,1,1,0,0,0,2,2,2,2,2,18,0,18,0,14,0,0,14,0,0,0
2250225,286763,2026-04-13,CHC@PHI,1,1,complete,1,1,1,1,1,0,1,1,1,1,0,1,1,0,0,0,2,2,2,2,2,18,0,18,0,14,0,0,14,0,0,0
2250229,286767,2026-04-13,CLE@STL,1,1,complete,1,1,1,1,1,0,1,1,1,1,0,1,1,0,0,0,2,2,2,2,2,18,0,18,0,14,0,0,14,0,0,0
2250223,286760,2026-04-13,HOU@SEA,1,1,complete,1,1,1,1,1,0,1,1,1,1,0,1,1,0,0,0,2,2,2,2,2,18,0,18,0,14,0,0,14,0,0,0
2250226,286764,2026-04-13,LAA@NYY,1,1,complete,1,1,1,1,1,0,1,1,1,1,0,1,1,0,0,0,2,2,2,2,2,19,0,19,0,14,0,0,14,0,0,0
2250227,286765,2026-04-13,MIA@ATL,1,1,complete,1,1,1,1,1,0,1,1,1,1,0,1,1,0,0,0,2,2,2,2,2,18,0,18,0,14,0,0,14,0,0,0
2250231,286769,2026-04-13,NYM@LAD,1,1,complete,1,1,1,1,1,0,1,1,1,1,0,1,1,0,0,0,2,2,2,2,2,18,0,18,0,14,0,0,14,0,0,0
2250230,286768,2026-04-13,TEX@ATH,1,1,complete,1,1,1,1,1,0,1,1,1,1,0,1,1,0,0,0,2,2,2,2,1,18,0,18,0,14,0,0,14,0,0,0
2250224,286762,2026-04-13,WSH@PIT,1,1,complete,1,1,1,1,1,0,1,1,1,1,0,1,1,0,0,0,2,2,2,2,2,18,0,18,0,14,0,0,14,0,0,0
2252517,286820,2026-04-14,ARI@BAL,1,1,complete,1,1,1,1,1,0,1,1,1,1,0,1,1,1,0,0,2,2,2,2,2,19,0,19,0,14,0,0,14,0,0,1
2250238,286827,2026-04-14,BOS@MIN,1,1,complete,1,1,1,1,1,0,1,1,1,1,0,1,1,1,0,0,2,2,2,2,2,18,0,18,0,14,0,0,14,0,0,1
2250235,286821,2026-04-14,CHC@PHI,1,1,complete,1,1,1,1,1,0,1,1,1,1,0,1,1,1,0,0,2,2,2,2,2,18,0,18,0,14,0,0,14,0,0,1
2250241,286830,2026-04-14,CLE@STL,1,1,complete,1,1,1,1,1,0,1,1,1,1,0,1,1,1,0,0,2,2,2,2,2,17,0,17,0,14,0,0,14,0,0,1
2250242,286831,2026-04-14,COL@HOU,1,1,complete,1,1,1,1,1,0,1,1,1,1,0,1,1,1,0,0,2,2,2,2,2,18,0,18,0,14,0,0,14,0,0,1
2250232,286822,2026-04-14,KC@DET,1,1,complete,1,1,1,1,1,0,1,1,1,1,0,1,1,1,0,0,2,2,2,2,2,16,0,16,0,14,0,0,14,0,0,1
2250236,286825,2026-04-14,LAA@NYY,1,1,complete,1,1,1,1,1,0,1,1,1,1,0,1,1,1,0,0,2,2,2,2,2,17,0,17,0,14,0,0,14,0,0,1
2250237,286826,2026-04-14,MIA@ATL,1,1,complete,1,1,1,1,1,0,1,1,1,1,0,1,1,1,0,0,2,2,2,2,2,18,0,18,0,14,0,0,14,0,0,1
2250245,286834,2026-04-14,NYM@LAD,1,1,complete,1,1,1,1,1,0,1,1,1,1,0,1,1,1,0,0,2,2,2,2,2,18,0,18,0,14,0,0,14,0,0,1
2250243,286832,2026-04-14,SEA@SD,1,1,complete,1,1,1,1,1,0,1,1,1,1,0,1,1,1,0,0,2,2,2,2,2,18,0,18,0,14,0,0,14,0,0,1
2250234,286823,2026-04-14,SF@CIN,1,1,complete,1,1,1,1,1,0,1,1,1,1,0,1,1,1,0,0,2,2,2,2,2,18,0,17,0,14,0,0,14,0,0,1
2250239,286829,2026-04-14,TB@CWS,1,1,complete,1,1,1,1,1,0,1,1,1,1,0,1,1,1,0,0,2,2,2,2,2,17,0,17,0,14,0,0,14,0,0,1
2250244,286833,2026-04-14,TEX@ATH,1,1,complete,1,1,1,1,1,0,1,1,1,1,0,1,1,1,0,0,2,2,2,2,2,21,0,21,0,14,0,0,14,0,0,1
2250240,286828,2026-04-14,TOR@MIL,1,1,complete,1,1,1,1,1,0,1,1,1,1,0,1,1,1,0,0,2,2,2,2,2,19,0,19,0,14,0,0,14,0,0,1
2250233,286824,2026-04-14,WSH@PIT,1,1,complete,1,1,1,1,1,0,1,1,1,1,0,1,1,1,0,0,2,2,2,2,2,18,0,18,0,14,0,0,14,0,0,1
2252532,286879,2026-04-15,ARI@BAL,1,1,complete,1,1,1,1,1,0,1,1,1,1,0,1,1,0,0,0,2,2,2,2,2,18,0,18,0,14,0,0,14,0,0,0
2250247,286881,2026-04-15,BOS@MIN,1,1,complete,1,1,1,1,1,0,1,1,1,1,0,1,1,0,0,0,2,2,2,2,2,19,0,19,0,14,0,0,14,0,0,0
2250251,286885,2026-04-15,CHC@PHI,1,1,complete,1,1,1,1,1,0,1,1,1,1,0,1,1,0,0,0,2,2,2,2,2,18,0,18,0,14,12,2,0,0,0,0
2250246,286880,2026-04-15,CLE@STL,1,1,complete,1,1,1,1,1,0,1,1,1,1,0,1,1,0,0,0,2,2,2,2,2,18,0,18,0,14,0,0,14,0,0,0
2250256,286890,2026-04-15,COL@HOU,1,1,complete,1,1,1,1,1,0,1,1,1,1,0,1,1,0,0,0,2,2,2,2,2,19,0,19,0,14,12,2,0,0,0,0
2250248,286884,2026-04-15,KC@DET,1,1,complete,1,1,1,1,1,0,1,1,1,1,0,1,1,0,0,0,2,2,2,2,2,18,0,18,0,14,12,2,0,0,0,0
2250252,286886,2026-04-15,LAA@NYY,1,1,complete,1,1,1,1,1,0,1,1,1,1,0,1,1,0,0,0,2,2,2,2,2,19,0,19,0,14,12,2,0,0,0,0
2250253,286887,2026-04-15,MIA@ATL,1,1,complete,1,1,1,1,1,0,1,1,1,1,0,1,1,0,0,0,2,2,2,2,2,18,0,18,0,14,12,2,0,0,0,0
2250259,286893,2026-04-15,NYM@LAD,1,1,complete,1,1,1,1,1,0,1,1,1,1,0,1,1,0,0,0,2,2,2,2,2,18,0,18,0,14,12,2,0,0,0,0
2250257,286892,2026-04-15,SEA@SD,1,1,complete,1,1,1,1,1,0,1,1,1,1,0,1,1,0,0,0,2,2,2,2,2,18,0,18,0,14,12,2,0,0,0,0
2250250,286883,2026-04-15,SF@CIN,1,1,complete,1,1,1,1,1,0,1,1,1,1,0,1,1,0,0,0,2,2,2,2,2,18,0,18,0,14,12,2,0,0,0,0
2250254,286889,2026-04-15,TB@CWS,1,1,complete,1,1,1,1,1,0,1,1,1,1,0,1,1,0,0,0,2,2,2,2,2,18,0,18,0,14,12,2,0,0,0,0
2250258,286891,2026-04-15,TEX@ATH,1,1,complete,1,1,1,1,1,0,1,1,1,1,0,1,1,0,0,0,2,2,2,2,2,18,0,18,0,14,12,2,0,0,0,0
2250255,286888,2026-04-15,TOR@MIL,1,1,complete,1,1,1,1,1,0,1,1,1,1,0,1,1,0,0,0,2,2,2,2,2,19,0,19,0,14,12,2,0,0,0,0
2250249,286882,2026-04-15,WSH@PIT,1,1,complete,1,1,1,1,1,0,1,1,1,1,0,1,1,0,0,0,1,1,1,1,1,18,0,18,0,14,12,2,0,0,0,0
2250267,286955,2026-04-16,BAL@CLE,1,1,complete,1,1,1,1,1,0,1,1,1,1,0,1,1,0,0,0,2,2,2,2,2,18,0,18,0,14,0,0,14,0,0,0
2250268,286956,2026-04-16,COL@HOU,1,1,complete,1,1,1,1,1,0,1,1,1,1,0,1,1,0,0,0,2,2,2,2,2,18,0,18,0,14,0,0,14,0,0,0
2250262,286950,2026-04-16,KC@DET,1,1,complete,1,1,1,1,1,0,1,1,1,1,0,1,1,1,0,0,2,2,2,2,2,18,0,18,0,14,0,0,14,0,0,1
2250263,286951,2026-04-16,LAA@NYY,1,1,complete,1,1,1,1,1,0,1,1,1,1,0,1,1,1,0,0,2,2,2,2,2,18,0,18,0,14,0,0,14,0,0,1
2250269,286957,2026-04-16,SEA@SD,1,1,complete,1,1,1,1,1,0,1,1,1,1,0,1,1,0,0,0,2,2,2,2,2,18,0,18,0,14,0,0,14,0,0,0
2250261,286949,2026-04-16,SF@CIN,1,1,complete,1,1,1,1,1,0,1,1,1,1,0,1,1,1,0,0,2,2,2,2,2,18,0,18,0,14,0,0,14,0,0,1
2250265,286953,2026-04-16,TB@CWS,1,1,complete,1,1,1,1,1,0,1,1,1,1,0,1,1,0,0,0,2,2,2,2,2,18,0,18,0,14,0,0,14,0,0,0
2250266,286954,2026-04-16,TEX@ATH,1,1,complete,1,1,1,1,1,0,1,1,1,1,0,1,1,0,0,0,2,2,2,2,2,19,0,19,0,14,0,0,14,0,0,0
2250264,286952,2026-04-16,TOR@MIL,1,1,complete,1,1,1,1,1,0,1,1,1,1,0,1,1,0,0,0,2,2,2,2,2,18,0,18,0,14,0,0,14,0,0,0
2250260,286948,2026-04-16,WSH@PIT,1,1,complete,1,1,1,1,1,0,1,1,1,1,0,1,1,1,0,0,2,2,2,2,2,18,0,18,0,14,0,0,14,0,0,1
2250272,287004,2026-04-17,ATL@PHI,1,1,complete,1,1,1,1,1,0,1,1,1,1,0,1,1,1,0,0,1,1,1,1,1,18,0,18,0,14,12,2,0,0,0,1
2250271,287003,2026-04-17,BAL@CLE,1,1,complete,1,1,1,1,1,0,1,1,1,1,0,1,1,1,0,0,2,2,2,2,2,18,0,18,0,14,12,2,0,0,0,1
2250279,287011,2026-04-17,CIN@MIN,1,1,complete,1,1,1,1,1,0,1,1,1,1,0,1,1,1,0,0,2,2,2,2,2,18,0,18,0,14,12,2,0,0,0,1
2250283,287016,2026-04-17,CWS@ATH,1,1,complete,1,1,1,1,1,0,1,1,1,1,0,1,1,1,0,0,2,2,2,2,2,18,0,18,0,14,12,2,0,0,0,1
2250277,287009,2026-04-17,DET@BOS,1,1,complete,1,1,1,1,1,0,1,1,1,1,0,1,1,1,0,0,2,2,2,2,2,18,0,18,0,14,12,2,0,0,0,1
2250275,287007,2026-04-17,KC@NYY,1,1,complete,1,1,1,1,1,0,1,1,1,1,0,1,1,1,0,0,2,2,2,2,2,18,0,18,0,14,12,2,0,0,0,1
2250280,287012,2026-04-17,LAD@COL,1,1,complete,1,1,1,1,1,0,1,1,1,1,0,1,1,1,0,0,2,2,2,2,2,17,0,17,0,14,12,2,0,0,0,1
2250276,287008,2026-04-17,MIL@MIA,1,1,complete,1,1,1,1,1,0,1,1,1,1,0,1,1,1,0,0,2,2,2,2,2,18,0,18,0,14,12,2,0,0,0,1
2250270,287002,2026-04-17,NYM@CHC,1,1,complete,1,1,1,1,1,0,1,1,1,1,0,1,1,1,0,0,2,2,2,2,2,19,0,19,0,14,0,0,14,0,0,1
2250281,287013,2026-04-17,SD@LAA,1,1,complete,1,1,1,1,1,0,1,1,1,1,0,1,1,1,0,0,2,2,2,2,2,18,0,18,0,14,12,2,0,0,0,1
2250273,287005,2026-04-17,SF@WSH,1,1,complete,1,1,1,1,1,0,1,1,1,1,0,1,1,1,0,0,2,2,2,2,2,18,0,18,0,14,12,2,0,0,0,1
2250278,287010,2026-04-17,STL@HOU,1,1,complete,1,1,1,1,1,0,1,1,1,1,0,1,1,1,0,0,1,1,1,1,1,18,0,18,0,14,12,2,0,0,0,1
2250274,287006,2026-04-17,TB@PIT,1,1,complete,1,1,1,1,1,0,1,1,1,1,0,1,1,1,0,0,2,2,2,2,2,18,0,18,0,14,12,2,0,0,0,1
2250282,287015,2026-04-17,TEX@SEA,1,1,complete,1,1,1,1,1,0,1,1,1,1,0,1,1,1,0,0,2,2,2,2,2,18,0,18,0,14,12,2,0,0,0,1
2252570,287014,2026-04-17,TOR@ARI,1,1,complete,1,1,1,1,1,0,1,1,1,1,0,1,1,1,0,0,2,2,2,2,2,16,0,16,0,14,12,2,0,0,0,1
2250295,287080,2026-04-18,ATL@PHI,1,1,complete,1,1,1,1,1,0,1,1,0,1,0,1,0,0,0,0,0,0,0,0,0,18,0,18,0,14,4,10,0,0,0,0
2250292,287078,2026-04-18,BAL@CLE,1,1,complete,1,1,1,1,1,0,1,1,0,1,0,1,0,0,0,0,0,0,0,0,0,18,0,18,0,14,4,10,0,0,0,0
2250285,287071,2026-04-18,CIN@MIN,1,1,complete,1,1,1,1,1,0,1,1,0,1,0,1,0,0,0,0,0,0,0,0,0,18,0,18,0,14,4,10,0,0,0,0
2250289,287075,2026-04-18,CWS@ATH,1,1,complete,1,1,1,1,1,0,1,1,0,1,0,1,0,0,0,0,0,0,0,0,0,18,0,18,0,14,4,10,0,0,0,0
2250290,287076,2026-04-18,DET@BOS,1,1,complete,1,1,1,1,1,0,1,1,0,1,0,1,0,0,0,0,0,0,0,0,0,18,0,18,0,14,4,10,0,0,0,0
2250284,287070,2026-04-18,KC@NYY,1,1,complete,1,1,1,1,1,0,1,1,0,1,0,1,0,1,0,0,1,0,1,1,0,18,0,18,0,14,4,10,0,0,0,1
2250296,287082,2026-04-18,LAD@COL,1,1,complete,1,1,1,1,1,0,1,1,0,1,0,1,0,0,0,0,0,0,0,0,0,18,0,18,0,14,4,10,0,0,0,0
2250291,287077,2026-04-18,MIL@MIA,1,1,complete,1,1,1,1,1,0,1,1,0,1,0,1,0,0,0,0,0,0,0,0,0,18,0,18,0,14,4,10,0,0,0,0
2250286,287072,2026-04-18,NYM@CHC,1,1,complete,1,1,1,1,1,0,1,1,0,1,0,1,0,0,0,0,0,0,0,0,0,19,0,19,0,14,4,10,0,0,0,0
2250297,287084,2026-04-18,SD@LAA,1,1,complete,1,1,1,1,1,0,1,1,0,1,0,1,0,0,0,0,0,0,0,0,0,18,0,18,0,14,4,10,0,0,0,0
2250287,287073,2026-04-18,SF@WSH,1,1,complete,1,1,1,1,1,0,1,1,0,1,0,1,0,0,0,0,0,0,0,0,0,18,0,18,0,14,4,10,0,0,0,0
2250293,287079,2026-04-18,STL@HOU,1,1,complete,1,1,1,1,1,0,1,1,0,1,0,1,0,0,0,0,0,0,0,0,0,18,0,18,0,14,4,10,0,0,0,0
2250288,287074,2026-04-18,TB@PIT,1,1,complete,1,1,1,1,1,0,1,1,0,1,0,1,0,0,0,0,0,0,0,0,0,17,0,17,0,14,4,10,0,0,0,0
2250294,287081,2026-04-18,TEX@SEA,1,1,complete,1,1,1,1,1,0,1,1,0,1,0,1,0,0,0,0,0,0,0,0,0,18,0,18,0,14,4,10,0,0,0,0
2252585,287083,2026-04-18,TOR@ARI,1,1,complete,1,1,1,1,1,0,1,1,0,1,0,1,0,0,0,0,0,0,0,0,0,18,0,18,0,14,4,10,0,0,0,0
2250311,287130,2026-04-19,ATL@PHI,1,1,complete,1,1,1,1,0,0,1,1,1,0,0,1,1,0,0,0,2,2,2,2,2,18,0,18,0,14,0,2,0,0,0,0
2250302,287120,2026-04-19,BAL@CLE,1,1,complete,1,1,1,1,1,0,1,1,1,1,0,1,1,0,0,0,2,2,2,2,2,18,0,18,0,14,12,2,0,0,0,0
2250305,287122,2026-04-19,CIN@MIN,1,1,complete,1,1,1,1,1,0,1,1,1,1,0,1,1,0,0,0,2,2,2,2,2,18,0,18,0,14,12,2,0,0,0,0
2250308,287126,2026-04-19,CWS@ATH,1,1,complete,1,1,1,1,1,0,1,1,1,1,0,1,1,0,0,0,2,2,2,2,2,18,0,18,0,14,12,2,0,0,0,0
2250298,287118,2026-04-19,DET@BOS,1,1,complete,1,1,1,1,1,0,1,1,1,1,0,1,1,0,0,0,2,2,2,2,2,18,0,18,0,14,0,0,14,0,0,0
2250301,287119,2026-04-19,KC@NYY,1,1,complete,1,1,1,1,1,0,1,1,1,1,0,1,1,0,0,0,2,2,2,2,2,18,0,18,0,14,0,0,14,0,0,0
2250307,287125,2026-04-19,LAD@COL,1,1,complete,1,1,1,1,1,0,1,1,1,1,0,1,1,0,0,0,2,2,2,2,2,18,0,18,0,14,12,2,0,0,0,0
2250303,287121,2026-04-19,MIL@MIA,1,1,complete,1,1,1,1,1,0,1,1,1,1,0,1,1,0,0,0,2,2,2,2,2,18,0,18,0,14,12,2,0,0,0,0
2250306,287124,2026-04-19,NYM@CHC,1,1,complete,1,1,1,1,1,0,1,1,1,1,0,1,1,0,0,0,2,2,2,2,2,18,0,18,0,14,12,2,0,0,0,0
2250309,287127,2026-04-19,SD@LAA,1,1,complete,1,1,1,1,1,0,1,1,1,1,0,1,1,0,0,0,2,2,2,2,2,20,0,20,0,14,12,2,0,0,0,0
2250299,287117,2026-04-19,SF@WSH,1,1,complete,1,1,1,1,1,0,1,1,1,1,0,1,1,0,0,0,2,2,2,2,2,18,0,18,0,14,0,0,14,0,0,0
2250304,287123,2026-04-19,STL@HOU,1,1,complete,1,1,1,1,1,0,1,1,1,1,0,1,1,0,0,0,2,2,2,2,2,18,0,18,0,14,12,2,0,0,0,0
2250300,287116,2026-04-19,TB@PIT,1,1,complete,1,1,1,1,1,0,1,1,1,1,0,1,1,0,0,0,2,2,2,2,2,18,0,18,0,14,0,0,14,0,0,0
2250310,287128,2026-04-19,TEX@SEA,1,1,complete,1,1,1,1,1,0,1,1,1,1,0,1,1,0,0,0,2,2,2,2,2,18,0,18,0,14,12,2,0,0,0,0
2252600,287129,2026-04-19,TOR@ARI,1,1,complete,1,1,1,1,1,0,1,1,1,1,0,1,1,0,0,0,2,2,2,2,2,18,0,18,0,14,12,2,0,0,0,0
2250321,287154,2026-04-20,ATH@SEA,1,1,complete,1,1,1,1,1,0,1,1,1,1,0,1,1,1,0,0,2,2,2,0,0,18,0,18,0,14,12,2,0,0,0,1
2250316,287149,2026-04-20,ATL@WSH,1,1,complete,1,1,1,1,1,0,1,1,1,1,0,1,1,1,0,0,2,2,2,0,0,18,0,18,0,14,12,2,0,0,0,1
2250317,287151,2026-04-20,BAL@KC,1,1,complete,1,1,1,1,1,0,1,1,1,1,0,1,1,1,0,0,2,2,2,0,0,18,0,18,0,14,12,2,0,0,0,1
2250314,287148,2026-04-20,CIN@TB,1,1,complete,1,1,1,1,1,0,1,1,1,1,0,1,1,1,0,0,2,2,2,0,0,18,0,18,0,14,12,2,0,0,0,1
2250312,287145,2026-04-20,DET@BOS,1,1,complete,1,1,1,1,0,0,1,1,1,0,0,1,1,1,0,0,2,2,2,2,2,18,0,18,0,14,6,2,0,0,0,1
2250313,287146,2026-04-20,HOU@CLE,1,1,complete,1,1,1,1,1,0,1,1,1,1,0,1,1,1,0,0,2,2,2,0,0,18,0,18,0,14,12,2,0,0,0,1
2250319,287152,2026-04-20,LAD@COL,1,1,complete,1,1,1,1,1,0,1,1,1,1,0,1,1,1,0,0,2,2,2,0,0,18,0,18,0,14,12,2,0,0,0,1
2250318,287150,2026-04-20,PHI@CHC,1,1,complete,1,1,1,1,1,0,1,1,1,1,0,1,1,1,0,0,2,2,2,0,0,18,0,18,0,14,12,2,0,0,0,1
2250315,287147,2026-04-20,STL@MIA,1,1,complete,1,1,1,1,1,0,1,1,1,1,0,1,1,1,0,0,2,2,2,0,0,18,0,18,0,14,12,2,0,0,0,1
2250320,287153,2026-04-20,TOR@LAA,1,1,complete,1,1,1,1,1,0,1,1,1,1,0,1,1,1,0,0,2,2,2,0,0,18,0,18,0,14,12,2,0,0,0,1
2250334,287265,2026-04-21,ATH@SEA,1,1,complete,1,1,1,1,1,0,1,1,0,1,0,1,0,1,0,0,0,0,0,0,0,18,0,18,0,14,4,10,0,0,0,1
2250326,287257,2026-04-21,ATL@WSH,1,1,complete,1,1,1,1,1,0,1,1,0,1,0,1,0,1,0,0,0,0,0,0,0,18,0,18,0,14,4,10,0,0,0,1
2250329,287260,2026-04-21,BAL@KC,1,1,complete,1,1,1,1,1,0,1,1,0,1,0,1,0,1,0,0,0,0,0,0,0,18,0,18,0,14,4,10,0,0,0,1
2250323,287253,2026-04-21,CIN@TB,1,1,complete,1,1,1,1,1,0,1,1,0,1,0,1,0,1,0,0,0,0,0,0,0,18,0,18,0,14,4,10,0,0,0,1
2252625,287264,2026-04-21,CWS@ARI,1,1,complete,1,1,1,1,1,0,1,1,0,1,0,1,0,1,0,0,0,0,0,0,0,18,0,18,0,14,4,10,0,0,0,1
2250322,287252,2026-04-21,HOU@CLE,1,1,complete,1,1,1,1,1,0,1,1,0,1,0,1,0,1,0,0,0,0,0,0,0,18,0,18,0,14,4,10,0,0,0,1
2250335,287266,2026-04-21,LAD@SF,1,1,complete,1,1,1,1,1,0,1,1,0,1,0,1,0,1,0,0,0,0,0,0,0,18,0,18,0,14,4,10,0,0,0,1
2250325,287255,2026-04-21,MIL@DET,1,1,complete,1,1,1,1,1,0,1,1,0,1,0,1,0,1,0,0,0,0,0,0,0,18,0,18,0,14,4,10,0,0,0,1
2250328,287258,2026-04-21,MIN@NYM,1,1,complete,1,1,1,1,1,0,1,1,0,1,0,1,0,1,0,0,0,0,0,0,0,18,0,18,0,14,4,10,0,0,0,1
2250327,287256,2026-04-21,NYY@BOS,1,1,complete,1,1,1,1,1,0,1,1,0,1,0,1,0,1,0,0,0,0,0,0,0,18,0,18,0,14,4,10,0,0,0,1
2250330,287259,2026-04-21,PHI@CHC,1,1,complete,1,1,1,1,1,0,1,1,0,1,0,1,0,1,0,0,0,0,0,0,0,18,0,18,0,14,4,10,0,0,0,1
2250331,287261,2026-04-21,PIT@TEX,1,1,complete,0,1,1,1,1,0,0,0,0,1,0,0,0,1,0,0,0,0,0,0,0,19,0,19,0,14,0,14,0,0,0,1
2250332,287262,2026-04-21,SD@COL,1,1,complete,0,1,1,1,1,0,0,0,0,1,0,0,0,1,0,0,0,0,0,0,0,18,0,18,0,14,0,14,0,0,0,1
2250324,287254,2026-04-21,STL@MIA,1,1,complete,1,1,1,1,1,0,1,1,0,1,0,1,0,1,0,0,0,0,0,0,0,18,0,18,0,14,4,10,0,0,0,1
2250333,287263,2026-04-21,TOR@LAA,1,1,complete,1,1,1,1,1,0,1,1,0,1,0,1,0,1,0,0,0,0,0,0,0,18,0,18,0,14,4,10,0,0,0,1
2250341,287314,2026-04-22,ATH@SEA,1,1,complete,1,1,1,1,1,0,1,1,1,1,0,1,1,0,0,0,2,2,2,0,0,18,0,18,0,14,12,2,0,0,0,0
2250343,287316,2026-04-22,ATL@WSH,1,1,complete,1,1,1,1,0,0,1,1,1,0,0,1,1,0,0,0,2,2,2,0,0,18,0,18,0,14,0,2,0,0,0,0
2250339,287312,2026-04-22,BAL@KC,1,1,complete,1,1,1,1,1,0,1,1,1,1,0,1,1,0,0,0,2,2,2,2,2,19,0,19,0,14,0,0,14,0,0,0
2250338,287311,2026-04-22,CIN@TB,1,1,complete,1,1,1,1,1,0,1,1,1,1,0,1,1,0,0,0,2,2,2,2,2,19,0,19,0,14,0,0,14,0,0,0
2252640,287322,2026-04-22,CWS@ARI,1,1,complete,1,1,1,1,1,0,1,1,1,1,0,1,1,0,0,0,2,2,2,0,0,18,0,18,0,14,12,2,0,0,0,0
2250337,287310,2026-04-22,HOU@CLE,1,1,complete,1,1,1,1,1,0,1,1,1,1,0,1,1,0,0,0,2,2,2,2,2,18,0,18,0,14,0,0,14,0,0,0
2250349,287323,2026-04-22,LAD@SF,1,1,complete,1,1,1,1,1,0,1,1,1,1,0,1,1,0,0,0,2,1,2,0,0,18,0,18,0,14,12,2,0,0,0,0
2250342,287315,2026-04-22,MIL@DET,1,1,complete,1,1,1,1,1,0,1,1,1,1,0,1,1,0,0,0,2,2,2,0,0,18,0,18,0,14,12,2,0,0,0,0
2250345,287318,2026-04-22,MIN@NYM,1,1,complete,1,1,1,1,1,0,1,1,1,1,0,1,1,0,0,0,2,1,2,0,0,18,0,18,0,14,12,2,0,0,0,0
2250344,287317,2026-04-22,NYY@BOS,1,1,complete,1,1,1,1,1,0,1,1,1,1,0,1,1,0,0,0,2,2,2,0,0,19,0,19,0,14,12,2,0,0,0,0
2250346,287319,2026-04-22,PHI@CHC,1,1,complete,1,1,1,1,1,0,1,1,1,1,0,1,1,0,0,0,2,1,2,0,0,18,0,18,0,14,12,2,0,0,0,0
2250347,287320,2026-04-22,PIT@TEX,1,1,complete,1,1,1,1,1,0,1,1,1,1,0,1,1,0,0,0,2,2,2,0,0,19,0,18,0,14,12,2,0,0,0,0
2250348,287321,2026-04-22,SD@COL,1,1,complete,1,1,1,1,1,0,1,1,1,1,0,1,1,0,0,0,2,2,2,0,0,18,0,18,0,14,12,2,0,0,0,0
2250336,287309,2026-04-22,STL@MIA,1,1,complete,1,1,1,1,0,0,1,1,1,0,0,1,1,0,0,0,2,2,2,2,2,18,0,18,0,14,0,0,14,0,0,0
2250340,287313,2026-04-22,TOR@LAA,1,1,complete,1,1,1,1,1,0,1,1,1,1,0,1,1,0,0,0,2,2,2,0,0,19,0,19,0,14,0,0,14,0,0,0
2250350,287358,2026-04-23,ATL@WSH,1,1,complete,1,1,1,1,1,0,1,1,0,1,0,1,0,0,0,0,2,2,2,0,0,18,0,18,0,14,0,0,14,0,0,0
2252646,287362,2026-04-23,CWS@ARI,1,1,complete,1,1,1,1,1,0,1,1,0,1,0,1,0,0,0,0,2,2,2,0,0,18,0,18,0,14,4,10,0,0,0,0
2250354,287363,2026-04-23,LAD@SF,1,1,complete,1,1,1,1,1,0,1,1,0,1,0,1,0,0,0,0,2,2,2,0,0,18,0,18,0,14,4,10,0,0,0,0
2250351,287359,2026-04-23,MIL@DET,1,1,complete,1,1,1,1,1,0,1,1,0,1,0,1,0,0,0,0,2,2,2,0,0,18,0,18,0,14,0,0,14,0,0,0
2250356,287365,2026-04-23,MIN@NYM,1,1,complete,1,1,1,1,1,0,1,1,0,1,0,1,0,0,0,0,2,0,2,0,0,19,0,19,0,14,4,10,0,0,0,0
2250355,287364,2026-04-23,NYY@BOS,1,1,complete,1,1,1,1,1,0,1,1,0,1,0,1,0,0,0,0,2,0,2,0,0,18,0,18,0,14,4,10,0,0,0,0
2250352,287360,2026-04-23,PHI@CHC,1,1,complete,1,1,1,1,1,0,1,1,0,1,0,1,0,0,0,0,2,2,2,0,0,18,0,18,0,14,4,10,0,0,0,0
2250357,287366,2026-04-23,PIT@TEX,1,1,complete,1,1,1,1,1,0,1,1,0,1,0,1,0,0,0,0,2,0,2,0,0,18,0,18,0,14,4,10,0,0,0,0
2250353,287361,2026-04-23,SD@COL,1,1,complete,1,1,1,1,1,0,1,1,0,1,0,1,0,0,0,0,2,2,2,0,0,18,0,18,0,14,4,10,0,0,0,0
2250367,287403,2026-04-24,ATH@TEX,1,1,complete,1,1,1,1,1,0,1,1,1,1,0,1,1,0,0,0,2,2,2,0,0,19,0,19,0,14,12,2,0,0,0,0
2250359,287395,2026-04-24,BOS@BAL,1,1,complete,1,1,1,1,1,0,1,1,1,1,0,1,1,0,0,0,2,2,2,0,0,18,0,18,0,14,12,2,0,0,0,0
2250370,287407,2026-04-24,CHC@LAD,1,1,complete,1,1,1,1,1,0,1,1,1,1,0,1,1,0,0,0,2,2,2,0,0,18,0,18,0,14,12,2,0,0,0,0
2250360,287396,2026-04-24,CLE@TOR,1,1,complete,1,1,1,1,1,0,1,1,1,1,0,1,1,0,0,0,2,2,2,0,0,18,0,18,0,14,12,2,0,0,0,0
2250361,287398,2026-04-24,COL@NYM,1,1,complete,1,1,1,1,0,0,1,1,1,0,0,1,1,0,0,0,2,2,2,0,0,18,0,18,0,14,0,2,0,0,0,0
2250358,287394,2026-04-24,DET@CIN,1,1,complete,1,1,1,1,1,0,1,1,1,1,0,1,1,0,0,0,2,2,2,0,0,18,0,18,0,14,12,2,0,0,0,0
2250364,287402,2026-04-24,LAA@KC,1,1,complete,1,1,1,1,1,0,1,1,1,1,0,1,1,0,0,0,2,2,2,0,0,18,0,18,0,14,12,2,0,0,0,0
2250371,287406,2026-04-24,MIA@SF,1,1,complete,1,1,1,1,1,0,1,1,1,1,0,1,1,0,0,0,2,2,2,0,0,18,0,18,0,14,12,2,0,0,0,0
2250362,287397,2026-04-24,MIN@TB,1,1,complete,1,1,1,1,1,0,1,1,1,1,0,1,1,0,0,0,2,2,2,0,0,18,0,18,0,14,12,2,0,0,0,0
2250368,287404,2026-04-24,NYY@HOU,1,1,complete,1,1,1,1,1,0,1,1,1,1,0,1,1,0,0,0,2,2,2,0,0,18,0,18,0,14,12,2,0,0,0,0
2250363,287399,2026-04-24,PHI@ATL,1,1,complete,1,1,1,1,1,0,1,1,1,1,0,1,1,0,0,0,2,2,2,0,0,18,0,18,0,14,12,2,0,0,0,0
2250366,287400,2026-04-24,PIT@MIL,1,1,complete,1,1,1,1,1,0,1,1,1,1,0,1,1,0,0,0,2,2,2,0,0,18,0,18,0,14,12,2,0,0,0,0
2250369,287405,2026-04-24,SEA@STL,1,1,complete,1,1,1,1,1,0,1,1,1,1,0,1,1,0,0,0,2,2,2,0,0,18,0,18,0,14,12,2,0,0,0,0
2250365,287401,2026-04-24,WSH@CWS,1,1,complete,1,1,1,1,1,0,1,1,1,1,0,1,1,0,0,0,2,2,2,0,0,18,0,18,0,14,12,2,0,0,0,0
2250379,287447,2026-04-25,ATH@TEX,1,1,complete,1,1,1,1,1,0,1,1,0,1,0,1,0,1,0,0,2,0,2,0,0,18,0,18,0,14,4,10,0,0,0,1
2250384,287452,2026-04-25,CHC@LAD,1,1,complete,1,1,1,1,1,0,1,1,0,1,0,1,0,1,0,0,0,0,0,0,0,18,0,18,0,14,4,10,0,0,0,1
2250373,287440,2026-04-25,CLE@TOR,1,1,complete,1,1,1,1,1,0,1,1,0,1,0,1,0,1,0,0,2,0,2,0,0,18,0,18,0,14,4,10,0,0,0,1
2250376,287445,2026-04-25,COL@NYM,1,0,postponed,1,1,1,1,0,0,1,1,0,0,0,1,0,0,0,0,2,0,2,0,0,0,0,0,0,14,0,10,0,0,0,0
2250383,287451,2026-04-25,DET@CIN,1,1,complete,1,1,1,1,1,0,1,1,0,1,0,1,0,1,0,0,0,0,0,0,0,18,0,18,0,14,4,10,0,0,0,1
2250380,287450,2026-04-25,LAA@KC,1,1,complete,1,1,1,1,1,0,1,1,0,1,0,1,0,1,0,0,2,0,2,0,0,18,0,18,0,14,4,10,0,0,0,1
2250375,287442,2026-04-25,MIA@SF,1,1,complete,1,1,1,1,1,0,1,1,0,1,0,1,0,1,0,0,2,0,2,0,0,18,0,18,0,14,4,10,0,0,0,1
2250377,287443,2026-04-25,MIN@TB,1,1,complete,1,1,1,1,1,0,1,1,0,1,0,1,0,1,0,0,2,0,2,0,0,18,0,18,0,14,4,10,0,0,0,1
2250381,287449,2026-04-25,NYY@HOU,1,1,complete,1,1,1,1,1,0,1,1,0,1,0,1,0,1,0,0,1,0,1,0,0,19,0,19,0,14,4,10,0,0,0,1
2250385,287453,2026-04-25,PHI@ATL,1,1,complete,1,1,1,1,1,0,1,1,0,1,0,1,0,1,0,0,0,0,0,0,0,18,0,18,0,14,4,10,0,0,0,1
2250382,287448,2026-04-25,PIT@MIL,1,1,complete,1,1,1,1,1,0,1,1,0,1,0,1,0,1,0,0,0,0,0,0,0,18,0,18,0,14,4,10,0,0,0,1
2252672,287446,2026-04-25,SD@ARI,1,1,complete,1,1,1,1,1,0,1,1,0,1,0,1,0,1,0,0,2,0,2,0,0,18,0,18,0,14,4,10,0,0,0,1
2250372,287439,2026-04-25,SEA@STL,1,1,complete,1,1,1,1,1,0,1,1,0,1,0,1,0,1,0,0,2,0,2,0,0,18,0,18,0,14,4,10,0,0,0,1
2250378,287444,2026-04-25,WSH@CWS,1,1,complete,1,1,1,1,1,0,1,1,0,1,0,1,0,1,0,0,2,0,2,0,0,18,0,18,0,14,4,10,0,0,0,1
2250396,287495,2026-04-26,ATH@TEX,1,1,complete,1,1,1,1,1,0,1,1,1,1,0,1,1,1,0,0,2,2,2,0,0,18,0,18,0,14,12,2,0,0,0,1
2250386,287441,2026-04-26,BOS@BAL,1,1,complete,1,1,1,1,1,0,1,1,1,1,0,1,1,1,0,0,2,2,2,0,0,18,0,18,0,14,12,2,0,0,0,1
2250398,287498,2026-04-26,CHC@LAD,1,1,complete,1,1,1,1,1,0,1,1,1,1,0,1,1,1,0,0,2,2,2,0,0,18,0,18,0,14,12,2,0,0,0,1
2250388,287487,2026-04-26,CLE@TOR,1,1,complete,1,1,1,1,1,0,1,1,1,1,0,1,1,1,0,0,2,2,2,0,0,20,0,20,0,14,12,2,0,0,0,1
2250390,287488,2026-04-26,COL@NYM,1,1,complete,1,1,1,1,1,0,1,1,1,1,0,1,1,1,0,0,2,2,2,0,0,25,0,25,0,14,12,2,0,0,0,1
2250389,287489,2026-04-26,DET@CIN,1,1,complete,1,1,1,1,1,0,1,1,1,1,0,1,1,1,0,0,2,2,2,0,0,18,0,18,0,14,12,2,0,0,0,1
2250399,287499,2026-04-26,LAA@KC,1,1,complete,1,1,1,1,1,0,1,1,1,1,0,1,1,1,0,0,2,2,2,0,0,18,0,18,0,14,12,2,0,0,0,1
2250397,287497,2026-04-26,MIA@SF,1,1,complete,1,1,1,1,1,0,1,1,1,1,0,1,1,1,0,0,2,2,2,0,0,18,0,18,0,14,12,2,0,0,0,1
2250391,287490,2026-04-26,MIN@TB,1,1,complete,1,1,1,1,1,0,1,1,1,1,0,1,1,1,0,0,2,2,2,0,0,19,0,19,0,14,12,2,0,0,0,1
2250393,287492,2026-04-26,NYY@HOU,1,1,complete,1,1,1,1,1,0,1,1,1,1,0,1,1,1,0,0,2,2,2,0,0,18,0,18,0,14,12,2,0,0,0,1
2250387,287486,2026-04-26,PHI@ATL,1,1,complete,1,1,1,1,1,0,1,1,1,1,0,1,1,1,0,0,2,2,2,0,0,19,0,19,0,14,12,2,0,0,0,1
2250394,287491,2026-04-26,PIT@MIL,1,1,complete,1,1,1,1,1,0,1,1,1,1,0,1,1,1,0,0,2,2,2,0,0,18,0,18,0,14,12,2,0,0,0,1
2252691,287496,2026-04-26,SD@ARI,1,1,complete,1,1,1,1,1,0,1,1,1,1,0,1,1,1,0,0,2,2,2,0,0,18,0,18,0,14,12,2,0,0,0,1
2250395,287494,2026-04-26,SEA@STL,1,1,complete,1,1,1,1,1,0,1,1,1,1,0,1,1,1,0,0,2,2,2,0,0,18,0,18,0,14,12,2,0,0,0,1
2250392,287493,2026-04-26,WSH@CWS,1,1,complete,1,1,1,1,1,0,1,1,1,1,0,1,1,1,0,0,2,2,2,0,0,18,0,18,0,14,12,2,0,0,0,1
2250402,287517,2026-04-27,BOS@TOR,1,1,complete,1,1,1,1,1,0,1,1,0,1,0,1,0,1,0,0,2,2,2,0,0,18,0,18,0,14,4,10,0,0,0,1
2250406,287521,2026-04-27,CHC@SD,1,1,complete,1,1,1,1,1,0,1,1,0,1,0,1,0,1,0,0,2,2,2,0,0,18,0,18,0,14,4,10,0,0,0,1
2250404,287518,2026-04-27,LAA@CWS,1,1,complete,1,1,1,1,1,0,1,1,0,1,0,1,0,1,0,0,2,2,2,0,0,18,0,18,0,14,4,10,0,0,0,1
2250407,287522,2026-04-27,MIA@LAD,1,1,complete,1,1,1,1,1,0,1,1,0,1,0,1,0,1,0,0,2,1,2,0,0,18,0,18,0,14,4,10,0,0,0,1
2250405,287520,2026-04-27,NYY@TEX,1,1,complete,1,1,1,1,1,0,1,1,0,1,0,1,0,1,0,0,2,2,2,0,0,19,0,19,0,14,4,10,0,0,0,1
2250403,287519,2026-04-27,SEA@MIN,1,1,complete,1,1,1,1,1,0,1,1,0,1,0,1,0,1,0,0,2,2,2,0,0,18,0,18,0,14,4,10,0,0,0,1
2250401,287516,2026-04-27,STL@PIT,1,1,complete,1,1,1,1,1,0,1,1,0,1,0,1,0,1,0,0,2,2,2,0,0,18,0,18,0,14,4,10,0,0,0,1
2250400,287515,2026-04-27,TB@CLE,1,1,complete,1,1,1,1,1,0,1,1,0,1,0,1,0,1,0,0,2,2,2,0,0,18,0,18,0,14,4,10,0,0,0,1
2252713,287577,2026-04-28,ARI@MIL,1,1,complete,1,1,1,1,1,0,1,1,1,1,0,1,1,0,0,0,2,2,2,2,2,18,0,18,0,14,12,2,0,0,0,0
2250413,287573,2026-04-28,BOS@TOR,1,1,complete,1,1,1,1,1,0,1,1,1,1,0,1,1,0,0,0,2,2,2,2,2,18,0,18,0,14,12,2,0,0,0,0
2250420,287580,2026-04-28,CHC@SD,1,1,complete,1,1,1,1,1,0,1,1,1,1,0,1,1,0,0,0,2,2,2,0,0,19,0,19,0,14,12,2,0,0,0,0
2250410,287571,2026-04-28,COL@CIN,1,1,complete,1,1,1,1,1,0,1,1,1,1,0,1,1,0,0,0,2,2,2,2,2,18,0,18,0,14,12,2,0,0,0,0
2250415,287575,2026-04-28,DET@ATL,1,1,complete,1,1,1,1,1,0,1,1,1,1,0,1,1,0,0,0,2,2,2,2,2,18,0,18,0,14,12,2,0,0,0,0
2250409,287569,2026-04-28,HOU@BAL,1,1,complete,1,1,1,1,1,0,1,1,1,1,0,1,1,0,0,0,2,2,2,2,2,18,0,18,0,14,12,2,0,0,0,0
2250419,287581,2026-04-28,KC@ATH,1,1,complete,1,1,1,1,1,0,1,1,1,1,0,1,1,0,0,0,2,2,2,0,0,19,0,19,0,14,12,2,0,0,0,0
2250417,287576,2026-04-28,LAA@CWS,1,1,complete,1,1,1,1,1,0,1,1,1,1,0,1,1,0,0,0,2,2,2,2,2,18,0,18,0,14,12,2,0,0,0,0
2250421,287582,2026-04-28,MIA@LAD,1,1,complete,1,1,1,1,1,0,1,1,1,1,0,1,1,0,0,0,2,2,2,0,0,20,0,20,0,14,12,2,0,0,0,0
2250418,287579,2026-04-28,NYY@TEX,1,1,complete,1,1,1,1,1,0,1,1,1,1,0,1,1,0,0,0,2,2,2,0,0,18,0,18,0,14,12,2,0,0,0,0
2250416,287578,2026-04-28,SEA@MIN,1,1,complete,1,1,1,1,1,0,1,1,1,1,0,1,1,0,0,0,2,2,2,2,2,18,0,18,0,14,12,2,0,0,0,0
2250412,287572,2026-04-28,SF@PHI,1,1,complete,1,1,1,1,1,0,1,1,1,1,0,1,1,0,0,0,2,2,2,2,2,18,0,18,0,14,12,2,0,0,0,0
2250411,287570,2026-04-28,STL@PIT,1,1,complete,1,1,1,1,1,0,1,1,1,1,0,1,1,0,0,0,2,2,2,2,2,18,0,18,0,14,12,2,0,0,0,0
2250408,287568,2026-04-28,TB@CLE,1,1,complete,1,1,1,1,1,0,1,1,1,1,0,1,1,0,0,0,2,2,2,2,2,19,0,19,0,14,12,2,0,0,0,0
2250414,287574,2026-04-28,WSH@NYM,1,1,complete,1,1,1,1,1,0,1,1,1,1,0,1,1,0,0,0,2,2,2,2,2,18,0,18,0,14,12,2,0,0,0,0
2252731,287609,2026-04-29,ARI@MIL,1,1,complete,1,1,1,1,1,0,1,1,0,1,0,1,0,1,0,0,2,2,2,0,0,18,0,18,0,14,4,10,0,0,0,1
2250426,287600,2026-04-29,BOS@TOR,1,1,complete,1,1,1,1,1,0,1,1,0,1,0,1,0,1,0,0,2,2,2,2,2,18,0,18,0,14,4,10,0,0,0,1
2250428,287602,2026-04-29,CHC@SD,1,1,complete,1,1,1,1,1,0,1,1,0,1,0,1,0,1,0,0,2,2,2,2,2,18,0,18,0,14,4,10,0,0,0,1
2250430,287604,2026-04-29,COL@CIN,1,1,complete,1,1,1,1,1,0,1,1,0,1,0,1,0,1,0,0,2,2,2,0,0,20,0,20,0,14,4,10,0,0,0,1
2250434,287608,2026-04-29,DET@ATL,1,1,complete,1,1,1,1,1,0,1,1,0,1,0,1,0,1,0,0,2,2,2,0,0,18,0,18,0,14,4,10,0,0,0,1
2250429,287603,2026-04-29,HOU@BAL,1,0,postponed,1,1,1,1,0,0,1,1,0,0,0,1,0,0,0,0,2,2,2,0,0,0,0,0,0,14,0,0,0,0,0,0
2250435,287610,2026-04-29,KC@ATH,1,1,complete,1,1,1,1,1,0,1,1,0,1,0,1,0,1,0,0,2,2,2,0,0,18,0,18,0,14,4,10,0,0,0,1
2250423,287597,2026-04-29,LAA@CWS,1,1,complete,1,1,1,1,1,0,1,1,0,1,0,1,0,1,0,0,2,2,2,2,2,18,0,18,0,14,4,10,0,0,0,1
2250427,287601,2026-04-29,MIA@LAD,1,1,complete,1,1,1,1,1,0,1,1,0,1,0,1,0,1,0,0,2,2,2,2,2,18,0,18,0,14,4,10,0,0,0,1
2250425,287599,2026-04-29,NYY@TEX,1,1,complete,1,1,1,1,1,0,1,1,0,1,0,1,0,1,0,0,2,2,2,2,2,18,0,18,0,14,4,10,0,0,0,1
2250424,287598,2026-04-29,SEA@MIN,1,1,complete,1,1,1,1,1,0,1,1,0,1,0,1,0,1,0,0,2,2,2,2,2,18,0,18,0,14,4,10,0,0,0,1
2250432,287605,2026-04-29,SF@PHI,1,0,postponed,1,1,1,1,0,0,1,1,0,0,0,1,0,0,0,0,2,2,2,0,0,0,0,0,0,14,0,0,0,0,0,0
2250431,287606,2026-04-29,STL@PIT,1,1,complete,1,1,1,1,1,0,1,1,0,1,0,1,0,1,0,0,2,2,2,0,0,18,0,18,0,14,4,10,0,0,0,1
2250422,287596,2026-04-29,TB@CLE,1,1,complete,1,1,1,1,1,0,1,1,0,1,0,1,0,1,0,0,2,2,2,2,2,18,0,18,0,14,4,10,0,0,0,1
2250433,287607,2026-04-29,WSH@NYM,1,1,complete,1,1,1,1,1,0,1,1,0,1,0,1,0,1,0,0,2,2,2,0,0,18,0,18,0,14,4,10,0,0,0,1
2252739,287822,2026-04-30,ARI@MIL,1,1,complete,1,1,1,1,1,0,1,1,1,1,0,1,1,1,0,0,2,2,2,2,2,18,0,18,0,14,12,2,0,0,0,1
2250439,287819,2026-04-30,COL@CIN,1,1,complete,1,1,1,1,1,0,1,1,1,1,0,1,1,1,0,0,2,2,2,2,2,19,0,19,0,14,12,2,0,0,0,1
2250436,287816,2026-04-30,DET@ATL,1,1,complete,1,1,1,1,1,0,1,1,1,1,0,1,1,1,0,0,2,2,2,2,2,18,0,18,0,14,12,2,0,0,0,1
2250437,287818,2026-04-30,HOU@BAL,1,1,complete,1,1,1,1,1,0,1,1,1,1,0,1,1,1,0,0,2,2,2,2,2,0,0,0,0,14,12,2,0,0,0,1
3270003,290399,2026-04-30,HOU@BAL,2,1,complete,1,1,1,1,1,0,1,1,1,1,0,1,1,0,0,0,0,0,0,0,0,25,0,0,0,14,12,2,0,0,0,0
2250442,287823,2026-04-30,KC@ATH,1,1,complete,1,1,1,1,1,0,1,1,1,1,0,1,1,1,0,0,2,2,2,2,2,18,0,18,0,14,12,2,0,0,0,1
2250440,287820,2026-04-30,SF@PHI,1,1,complete,1,1,1,1,1,0,1,1,1,1,0,1,1,1,0,0,2,2,2,2,2,0,0,0,0,14,12,2,0,0,0,1
3270004,290400,2026-04-30,SF@PHI,2,1,complete,1,1,1,1,1,0,1,1,1,1,0,1,1,0,0,0,0,0,0,0,0,23,0,0,0,14,12,2,0,0,0,0
2250438,287817,2026-04-30,STL@PIT,1,1,complete,1,1,1,1,1,0,1,1,1,1,0,1,1,1,0,0,2,2,2,2,2,18,0,18,0,14,12,2,0,0,0,1
2250443,287824,2026-04-30,TOR@MIN,1,1,complete,1,1,1,1,1,0,1,1,1,1,0,1,1,1,0,0,2,2,2,2,2,18,0,18,0,14,12,2,0,0,0,1
2250441,287821,2026-04-30,WSH@NYM,1,1,complete,1,1,1,1,1,0,1,1,1,1,0,1,1,1,0,0,2,2,2,2,2,18,0,18,0,14,12,2,0,0,0,1
2252742,287825,2026-05-01,ARI@CHC,1,1,complete,1,1,1,1,1,0,1,1,1,1,0,1,1,1,0,0,2,2,2,2,2,18,0,18,0,14,12,2,0,0,0,1
2250453,287835,2026-05-01,ATL@COL,1,1,complete,1,1,1,1,1,0,1,1,1,1,0,1,1,1,0,0,2,2,2,0,0,18,0,18,0,14,12,2,0,0,0,1
2250447,287829,2026-05-01,BAL@NYY,1,1,complete,1,1,1,1,1,0,1,1,1,1,0,1,1,1,0,0,2,2,2,0,0,18,0,18,0,14,12,2,0,0,0,1
2250445,287828,2026-05-01,CIN@PIT,1,1,complete,1,1,1,1,1,0,1,1,1,1,0,1,1,1,0,0,2,2,2,0,0,18,0,18,0,14,12,2,0,0,0,1
2250455,287838,2026-05-01,CLE@ATH,1,1,complete,1,1,1,1,1,0,1,1,1,1,0,1,1,1,0,0,2,2,2,0,0,18,0,18,0,14,12,2,0,0,0,1
2250456,287837,2026-05-01,CWS@SD,1,1,complete,1,1,1,1,1,0,1,1,1,1,0,1,1,1,0,0,2,2,2,0,0,18,0,18,0,14,12,2,0,0,0,1
2250448,287831,2026-05-01,HOU@BOS,1,1,complete,1,1,1,1,1,0,1,1,1,1,0,1,1,1,0,0,2,2,2,0,0,18,0,18,0,14,12,2,0,0,0,1
2250457,287839,2026-05-01,KC@SEA,1,1,complete,1,1,1,1,1,0,1,1,1,1,0,1,1,1,0,0,2,2,2,0,0,18,0,18,0,14,12,2,0,0,0,1
2250452,287834,2026-05-01,LAD@STL,1,1,complete,1,1,1,1,1,0,1,1,1,1,0,1,1,1,0,0,2,2,2,0,0,18,0,18,0,14,12,2,0,0,0,1
2250446,287827,2026-05-01,MIL@WSH,1,1,complete,1,1,1,1,1,0,1,1,1,1,0,1,1,1,0,0,2,2,2,0,0,18,0,18,0,14,12,2,0,0,0,1
2250454,287836,2026-05-01,NYM@LAA,1,1,complete,1,1,1,1,1,0,1,1,1,1,0,1,1,1,0,0,2,2,2,0,0,18,0,18,0,14,12,2,0,0,0,1
2250450,287830,2026-05-01,PHI@MIA,1,1,complete,1,1,1,1,1,0,1,1,1,1,0,1,1,1,0,0,2,2,2,0,0,18,0,18,0,14,12,2,0,0,0,1
2250449,287832,2026-05-01,SF@TB,1,1,complete,1,1,1,1,1,0,1,1,1,1,0,1,1,1,0,0,2,2,2,0,0,18,0,18,0,14,12,2,0,0,0,1
2250444,287826,2026-05-01,TEX@DET,1,1,complete,1,1,1,1,1,0,1,1,1,1,0,1,1,1,0,0,2,2,2,0,0,18,0,18,0,14,12,2,0,0,0,1
2250451,287833,2026-05-01,TOR@MIN,1,1,complete,1,1,1,1,1,0,1,1,1,1,0,1,1,1,0,0,2,2,2,0,0,18,0,18,0,14,12,2,0,0,0,1
2252759,287842,2026-05-02,ARI@CHC,1,1,complete,1,1,1,1,1,0,1,1,0,1,0,1,0,0,0,0,2,0,2,0,0,18,0,18,0,14,4,10,0,0,0,0
2250468,287851,2026-05-02,ATL@COL,1,1,complete,0,1,1,1,1,0,0,0,0,1,0,0,0,0,0,0,1,0,1,0,0,18,0,18,0,14,0,14,0,0,0,0
2250458,287840,2026-05-02,BAL@NYY,1,1,complete,1,1,1,1,1,0,1,1,0,1,0,1,0,0,0,0,2,1,2,0,0,18,0,18,0,14,4,10,0,0,0,0
2250461,287843,2026-05-02,CIN@PIT,1,1,complete,1,1,1,1,1,0,1,1,0,1,0,1,0,0,0,0,2,0,2,0,0,18,0,18,0,14,4,10,0,0,0,0
2250460,287845,2026-05-02,CLE@ATH,1,1,complete,1,1,1,1,1,0,1,1,0,1,0,1,0,0,0,0,2,0,2,0,0,18,0,18,0,14,4,10,0,0,0,0
2250469,287852,2026-05-02,CWS@SD,1,1,complete,1,1,1,1,1,0,1,1,0,1,0,1,0,0,0,0,2,0,2,0,0,18,0,18,0,14,4,10,0,0,0,0
2250463,287846,2026-05-02,HOU@BOS,1,1,complete,1,1,1,1,1,0,1,1,0,1,0,1,0,0,0,0,2,0,2,0,0,18,0,18,0,14,4,10,0,0,0,0
2250471,287854,2026-05-02,KC@SEA,1,1,complete,1,1,1,1,1,0,1,1,0,1,0,1,0,0,0,0,2,0,2,0,0,19,0,19,0,14,4,10,0,0,0,0
2250466,287849,2026-05-02,LAD@STL,1,1,complete,1,1,1,1,1,0,1,1,0,1,0,1,0,0,0,0,2,0,2,0,0,18,0,18,0,14,4,10,0,0,0,0
2250462,287844,2026-05-02,MIL@WSH,1,1,complete,1,1,1,1,1,0,1,1,0,1,0,1,0,0,0,0,2,0,2,0,0,18,0,18,0,14,4,10,0,0,0,0
2250470,287853,2026-05-02,NYM@LAA,1,1,complete,1,1,1,1,1,0,1,1,0,1,0,1,0,0,0,0,2,0,2,0,0,18,0,18,0,14,4,10,0,0,0,0
2250464,287847,2026-05-02,PHI@MIA,1,1,complete,1,1,1,1,1,0,1,1,0,1,0,1,0,0,0,0,2,0,2,0,0,18,0,18,0,14,4,10,0,0,0,0
2250465,287848,2026-05-02,SF@TB,1,1,complete,1,1,1,1,1,0,1,1,0,1,0,1,0,0,0,0,2,0,2,0,0,18,0,18,0,14,4,10,0,0,0,0
2250467,287850,2026-05-02,TEX@DET,1,1,complete,1,1,1,1,1,0,1,1,0,1,0,1,0,0,0,0,2,0,2,0,0,18,0,18,0,14,4,10,0,0,0,0
2250459,287841,2026-05-02,TOR@MIN,1,1,complete,1,1,1,1,1,0,1,1,0,1,0,1,0,0,0,0,2,0,2,0,0,18,0,18,0,14,4,10,0,0,0,0
2252780,287863,2026-05-03,ARI@CHC,1,1,complete,1,1,1,1,1,0,1,1,1,1,0,1,1,1,0,0,2,2,2,2,2,18,0,18,0,14,12,2,0,0,0,1
2250480,287864,2026-05-03,ATL@COL,1,1,complete,1,1,1,1,1,0,1,1,1,1,0,1,1,1,0,0,2,2,2,2,2,18,0,18,0,14,12,2,0,0,0,1
2250475,287856,2026-05-03,BAL@NYY,1,1,complete,1,1,1,1,1,0,1,1,1,1,0,1,1,1,0,0,1,1,1,1,1,18,0,18,0,14,12,2,0,0,0,1
2250474,287859,2026-05-03,CIN@PIT,1,1,complete,1,1,1,1,1,0,1,1,1,1,0,1,1,1,0,0,2,2,2,2,2,18,0,18,0,14,12,2,0,0,0,1
2250481,287865,2026-05-03,CLE@ATH,1,1,complete,1,1,1,1,1,0,1,1,1,1,0,1,1,1,0,0,2,2,2,2,2,18,0,18,0,14,12,2,0,0,0,1
2250484,287868,2026-05-03,CWS@SD,1,1,complete,1,1,1,1,1,0,1,1,1,1,0,1,1,1,0,0,1,1,1,1,1,18,0,18,0,14,12,2,0,0,0,1
2250473,287858,2026-05-03,HOU@BOS,1,1,complete,1,1,1,1,1,0,1,1,1,1,0,1,1,1,0,0,1,1,1,1,1,18,0,18,0,14,12,2,0,0,0,1
2250483,287867,2026-05-03,KC@SEA,1,1,complete,1,1,1,1,1,0,1,1,1,1,0,1,1,1,0,0,2,2,2,2,2,18,0,18,0,14,12,2,0,0,0,1
2250479,287862,2026-05-03,LAD@STL,1,1,complete,1,1,1,1,1,0,1,1,1,1,0,1,1,1,0,0,2,2,2,2,2,18,0,18,0,14,12,2,0,0,0,1
2250476,287857,2026-05-03,MIL@WSH,1,1,complete,1,1,1,1,1,0,1,1,1,1,0,1,1,1,0,0,2,2,2,2,2,18,0,18,0,14,12,2,0,0,0,1
2250482,287866,2026-05-03,NYM@LAA,1,1,complete,1,1,1,1,1,0,1,1,1,1,0,1,1,1,0,0,2,2,2,2,2,18,0,18,0,14,12,2,0,0,0,1
2250478,287860,2026-05-03,PHI@MIA,1,1,complete,1,1,1,1,1,0,1,1,1,1,0,1,1,1,0,0,2,2,2,2,2,18,0,18,0,14,12,2,0,0,0,1
2250477,287861,2026-05-03,SF@TB,1,1,complete,1,1,1,1,1,0,1,1,1,1,0,1,1,1,0,0,2,2,2,2,2,18,0,18,0,14,12,2,0,0,0,1
2250485,287869,2026-05-03,TEX@DET,1,1,complete,1,1,1,1,1,0,1,1,1,1,0,1,1,1,0,0,1,1,1,0,0,18,0,18,0,14,12,2,0,0,0,1
2250472,287855,2026-05-03,TOR@MIN,1,1,complete,1,1,1,1,1,0,1,1,1,1,0,1,1,1,0,0,2,2,2,2,2,18,0,18,0,14,12,2,0,0,0,1
2250496,287880,2026-05-04,ATL@SEA,1,1,complete,1,1,1,1,1,0,1,1,0,1,0,1,0,0,0,0,0,0,0,0,0,18,0,18,0,14,4,10,0,0,0,0
2250489,287873,2026-05-04,BAL@NYY,1,1,complete,1,1,1,1,1,0,1,1,0,1,0,1,0,0,0,0,0,0,0,0,0,18,0,18,0,14,4,10,0,0,0,0
2250486,287870,2026-05-04,BOS@DET,1,1,complete,1,1,1,1,1,0,1,1,0,1,0,1,0,0,0,0,0,0,0,0,0,18,0,18,0,14,4,10,0,0,0,0
2250490,287874,2026-05-04,CIN@CHC,1,1,complete,1,1,1,1,1,0,1,1,0,1,0,1,0,0,0,0,0,0,0,0,0,18,0,18,0,14,4,10,0,0,0,0
2250491,287875,2026-05-04,CLE@KC,1,1,complete,1,1,1,1,1,0,1,1,0,1,0,1,0,0,0,0,0,0,0,0,0,18,0,18,0,14,4,10,0,0,0,0
2250495,287879,2026-05-04,CWS@LAA,1,1,complete,1,1,1,1,1,0,1,1,0,1,0,1,0,0,0,0,0,0,0,0,0,18,0,18,0,14,4,10,0,0,0,0
2250493,287877,2026-05-04,LAD@HOU,1,1,complete,1,1,1,1,1,0,1,1,0,1,0,1,0,0,0,0,1,0,1,0,0,18,0,18,0,14,4,10,0,0,0,0
2250492,287876,2026-05-04,MIL@STL,1,1,complete,1,1,1,1,1,0,1,1,0,1,0,1,0,0,0,0,0,0,0,0,0,18,0,18,0,14,4,10,0,0,0,0
2250494,287878,2026-05-04,NYM@COL,1,1,complete,0,1,1,1,1,0,0,0,0,1,0,0,0,0,0,0,0,0,0,0,0,18,0,18,0,14,0,14,0,0,0,0
2250488,287872,2026-05-04,PHI@MIA,1,1,complete,1,1,1,1,1,0,1,1,0,1,0,1,0,0,0,0,0,0,0,0,0,18,0,18,0,14,4,10,0,0,0,0
2250497,287881,2026-05-04,SD@SF,1,1,complete,1,1,1,1,1,0,1,1,0,1,0,1,0,0,0,0,0,0,0,0,0,18,0,18,0,14,4,10,0,0,0,0
2250487,287871,2026-05-04,TOR@TB,1,1,complete,1,1,1,1,1,0,1,1,0,1,0,1,0,0,0,0,0,0,0,0,0,18,0,18,0,14,4,10,0,0,0,0
2250500,287882,2026-05-05,ATH@PHI,1,1,complete,1,1,1,1,0,0,1,1,1,0,0,1,1,0,0,0,2,2,2,0,0,0,0,0,0,14,0,2,0,0,0,0
2250510,287895,2026-05-05,ATL@SEA,1,1,complete,1,1,1,1,0,0,1,1,1,0,0,1,1,0,0,0,2,2,2,0,0,0,0,0,0,14,0,2,0,0,0,0
2250501,287884,2026-05-05,BAL@MIA,1,1,complete,1,1,1,1,0,0,1,1,1,0,0,1,1,0,0,0,2,2,2,0,0,0,0,0,0,14,0,2,0,0,0,0
2250498,287885,2026-05-05,BOS@DET,1,1,complete,1,1,1,1,0,0,1,1,1,0,0,1,1,0,0,0,2,2,2,0,0,0,0,0,0,14,0,2,0,0,0,0
2250504,287889,2026-05-05,CIN@CHC,1,1,complete,1,1,1,1,0,0,1,1,1,0,0,1,1,0,0,0,2,2,2,0,0,0,0,0,0,14,0,2,0,0,0,0
2250505,287888,2026-05-05,CLE@KC,1,1,complete,1,1,1,1,0,0,1,1,1,0,0,1,1,0,0,0,2,2,2,0,0,0,0,0,0,14,0,2,0,0,0,0
2250509,287893,2026-05-05,CWS@LAA,1,1,complete,1,1,1,1,0,0,1,1,1,0,0,1,1,0,0,0,2,2,2,0,0,0,0,0,0,14,0,2,0,0,0,0
2250507,287891,2026-05-05,LAD@HOU,1,1,complete,1,1,1,1,0,0,1,1,1,0,0,1,1,0,0,0,2,2,2,0,0,0,0,0,0,14,0,2,0,0,0,0
2250506,287890,2026-05-05,MIL@STL,1,0,postponed,1,1,1,1,0,0,1,1,1,0,0,1,1,0,0,0,2,2,2,0,0,0,0,0,0,14,0,0,0,0,0,0
2250502,287886,2026-05-05,MIN@WSH,1,1,complete,1,1,1,1,0,0,1,1,1,0,0,1,1,0,0,0,2,2,2,0,0,0,0,0,0,14,0,2,0,0,0,0
2250508,287892,2026-05-05,NYM@COL,1,0,postponed,1,1,1,1,0,0,1,1,1,0,0,1,1,0,0,0,2,2,2,0,0,0,0,0,0,14,0,0,0,0,0,0
2252811,287894,2026-05-05,PIT@ARI,1,1,complete,1,1,1,1,0,0,1,1,1,0,0,1,1,0,0,0,2,2,2,0,0,0,0,0,0,14,0,2,0,0,0,0
2250511,287896,2026-05-05,SD@SF,1,1,complete,1,1,1,1,0,0,1,1,1,0,0,1,1,0,0,0,2,2,2,0,0,0,0,0,0,14,0,2,0,0,0,0
2250503,287887,2026-05-05,TEX@NYY,1,1,complete,1,1,1,1,0,0,1,1,1,0,0,1,1,0,0,0,2,2,2,0,0,0,0,0,0,14,0,2,0,0,0,0
2250499,287883,2026-05-05,TOR@TB,1,1,complete,1,1,1,1,0,0,1,1,1,0,0,1,1,0,0,0,2,2,2,0,0,0,0,0,0,14,0,2,0,0,0,0
2250520,287906,2026-05-06,ATH@PHI,1,1,complete,1,1,1,1,0,0,1,1,0,0,0,1,0,0,0,0,0,0,0,0,0,0,0,0,0,14,0,10,0,0,0,0
2250518,287903,2026-05-06,ATL@SEA,1,1,complete,1,1,1,1,0,0,1,1,0,0,0,1,0,0,0,0,0,0,0,0,0,0,0,0,0,14,0,10,0,0,0,0
2250521,287905,2026-05-06,BAL@MIA,1,1,complete,1,1,1,1,0,0,1,1,0,0,0,1,0,0,0,0,0,0,0,0,0,0,0,0,0,14,0,10,0,0,0,0
2250519,287904,2026-05-06,BOS@DET,1,1,complete,0,0,0,0,0,0,0,0,0,0,0,0,0,0,0,0,0,0,0,0,0,0,0,0,0,14,0,14,0,0,0,0
2250524,287910,2026-05-06,CIN@CHC,1,1,complete,1,1,1,1,0,0,1,1,0,0,0,1,0,0,0,0,0,0,0,0,0,0,0,0,0,14,0,10,0,0,0,0
2250525,287909,2026-05-06,CLE@KC,1,1,complete,1,1,1,1,0,0,1,1,0,0,0,1,0,0,0,0,0,0,0,0,0,0,0,0,0,14,0,10,0,0,0,0
2250517,287902,2026-05-06,CWS@LAA,1,1,complete,1,1,1,1,0,0,1,1,0,0,0,1,0,0,0,0,0,0,0,0,0,0,0,0,0,14,0,10,0,0,0,0
2250514,287899,2026-05-06,LAD@HOU,1,1,complete,1,1,1,1,0,0,1,1,0,0,0,1,0,0,0,0,0,0,0,0,0,0,0,0,0,14,0,10,0,0,0,0
2250513,287898,2026-05-06,MIL@STL,1,1,complete,0,0,0,0,0,0,0,0,0,0,0,0,0,0,0,0,0,0,0,0,0,0,0,0,0,14,0,14,0,0,0,0
2250522,287907,2026-05-06,MIN@WSH,1,1,complete,1,1,1,1,0,0,1,1,0,0,0,1,0,0,0,0,0,0,0,0,0,0,0,0,0,14,0,10,0,0,0,0
2250515,287900,2026-05-06,NYM@COL,1,1,complete,0,0,0,0,0,0,0,0,0,0,0,0,0,0,0,0,0,0,0,0,0,0,0,0,0,14,0,14,0,0,0,0
2252828,287911,2026-05-06,PIT@ARI,1,1,complete,1,1,1,1,0,0,1,1,0,0,0,1,0,0,0,0,0,0,0,0,0,0,0,0,0,14,0,10,0,0,0,0
2250516,287901,2026-05-06,SD@SF,1,1,complete,1,1,1,1,0,0,1,1,0,0,0,1,0,0,0,0,0,0,0,0,0,0,0,0,0,14,0,10,0,0,0,0
2250523,287908,2026-05-06,TEX@NYY,1,1,complete,1,1,1,1,0,0,1,1,0,0,0,1,0,0,0,0,0,0,0,0,0,0,0,0,0,14,0,10,0,0,0,0
2250512,287897,2026-05-06,TOR@TB,1,1,complete,1,1,1,1,0,0,1,1,0,0,0,1,0,0,0,0,0,0,0,0,0,0,0,0,0,14,0,10,0,0,0,0
2250530,287918,2026-05-07,ATH@PHI,1,1,complete,0,0,0,0,0,0,0,0,0,0,0,0,0,0,0,0,0,0,0,0,0,0,0,0,0,14,0,14,0,0,0,0
2250531,287917,2026-05-07,BAL@MIA,1,1,complete,0,0,0,0,0,0,0,0,0,0,0,0,0,0,0,0,0,0,0,0,0,0,0,0,0,14,0,14,0,0,0,0
2250529,287915,2026-05-07,CIN@CHC,1,1,complete,0,0,0,0,0,0,0,0,0,0,0,0,0,0,0,0,0,0,0,0,0,0,0,0,0,14,0,14,0,0,0,0
2250528,287914,2026-05-07,CLE@KC,1,1,complete,0,0,0,0,0,0,0,0,0,0,0,0,0,0,0,0,0,0,0,0,0,0,0,0,0,14,0,14,0,0,0,0
2250527,287913,2026-05-07,MIN@WSH,1,1,complete,0,0,0,0,0,0,0,0,0,0,0,0,0,0,0,0,0,0,0,0,0,0,0,0,0,14,0,14,0,0,0,0
2252833,287916,2026-05-07,PIT@ARI,1,1,complete,0,0,0,0,0,0,0,0,0,0,0,0,0,0,0,0,0,0,0,0,0,0,0,0,0,14,0,14,0,0,0,0
2250533,287920,2026-05-07,STL@SD,1,1,complete,0,0,0,0,0,0,0,0,0,0,0,0,0,0,0,0,0,0,0,0,0,0,0,0,0,14,0,14,0,0,0,0
2250532,287919,2026-05-07,TB@BOS,1,1,complete,0,0,0,0,0,0,0,0,0,0,0,0,0,0,0,0,0,0,0,0,0,0,0,0,0,14,0,14,0,0,0,0
2250526,287912,2026-05-07,TEX@NYY,1,1,complete,0,0,0,0,0,0,0,0,0,0,0,0,0,0,0,0,0,0,0,0,0,0,0,0,0,14,0,14,0,0,0,0
2250536,287947,2026-05-08,ATH@BAL,1,1,complete,1,1,1,1,1,0,1,1,1,1,0,1,1,1,0,0,2,2,2,2,2,18,0,18,0,14,12,2,0,0,0,1
2250546,287958,2026-05-08,ATL@LAD,1,1,complete,1,1,1,1,1,0,1,1,1,1,0,1,1,1,0,0,2,2,2,2,2,18,0,18,0,14,12,2,0,0,0,1
2250544,287955,2026-05-08,CHC@TEX,1,1,complete,1,1,1,1,1,0,1,1,1,1,0,1,1,1,0,0,2,2,2,2,2,18,0,18,0,14,12,2,0,0,0,1
2250535,287946,2026-05-08,COL@PHI,1,1,complete,1,1,1,1,1,0,1,1,1,1,0,1,1,1,0,0,2,2,2,2,2,18,0,18,0,14,12,2,0,0,0,1
2250541,287952,2026-05-08,DET@KC,1,1,complete,1,1,1,1,1,0,1,1,1,1,0,1,1,1,0,0,2,2,2,2,2,18,0,18,0,14,12,2,0,0,0,1
2250534,287945,2026-05-08,HOU@CIN,1,1,complete,1,1,1,1,1,0,1,1,1,1,0,1,1,1,0,0,2,2,2,2,2,18,0,18,0,14,12,2,0,0,0,1
2250537,287948,2026-05-08,LAA@TOR,1,1,complete,1,1,1,1,1,0,1,1,1,1,0,1,1,1,0,0,2,2,2,2,2,18,0,18,0,14,12,2,0,0,0,1
2250540,287951,2026-05-08,MIN@CLE,1,1,complete,1,1,1,1,1,0,1,1,1,1,0,1,1,1,0,0,2,2,2,2,2,18,0,18,0,14,12,2,0,0,0,1
2252849,287956,2026-05-08,NYM@ARI,1,1,complete,1,1,1,1,1,0,1,1,1,1,0,1,1,1,0,0,2,2,2,2,2,18,0,18,0,14,12,2,0,0,0,1
2250543,287954,2026-05-08,NYY@MIL,1,1,complete,1,1,1,1,1,0,1,1,1,1,0,1,1,1,0,0,2,2,2,2,2,18,0,18,0,14,12,2,0,0,0,1
2250547,287959,2026-05-08,PIT@SF,1,1,complete,1,1,1,1,1,0,1,1,1,1,0,1,1,1,0,0,2,2,2,2,2,18,0,18,0,14,12,2,0,0,0,1
2250542,287953,2026-05-08,SEA@CWS,1,1,complete,1,1,1,1,1,0,1,1,1,1,0,1,1,1,0,0,2,2,2,2,2,18,0,18,0,14,12,2,0,0,0,1
2250545,287957,2026-05-08,STL@SD,1,1,complete,1,1,1,1,1,0,1,1,1,1,0,1,1,1,0,0,2,2,2,2,2,18,0,18,0,14,12,2,0,0,0,1
2250538,287950,2026-05-08,TB@BOS,1,1,complete,1,1,1,1,1,0,1,1,1,1,0,1,1,1,0,0,2,2,2,2,2,18,0,18,0,14,12,2,0,0,0,1
2250539,287949,2026-05-08,WSH@MIA,1,1,complete,1,1,1,1,1,0,1,1,1,1,0,1,1,1,0,0,2,2,2,2,2,18,0,18,0,14,12,2,0,0,0,1
2250549,287978,2026-05-09,ATH@BAL,1,1,complete,1,1,1,1,1,0,1,1,1,1,0,1,1,0,0,0,2,2,2,2,2,18,0,18,0,14,12,2,0,0,0,0
2250561,287991,2026-05-09,ATL@LAD,1,1,complete,1,1,1,1,1,0,1,1,1,1,0,1,1,0,0,0,2,2,2,0,0,18,0,18,0,14,12,2,0,0,0,0
2250555,287984,2026-05-09,CHC@TEX,1,1,complete,1,1,1,1,1,0,1,1,1,1,0,1,1,0,0,0,2,2,2,0,0,18,0,18,0,14,12,2,0,0,0,0
2250553,287982,2026-05-09,COL@PHI,1,1,complete,1,1,1,1,1,0,1,1,1,1,0,1,1,0,0,0,2,2,2,0,0,18,0,18,0,14,12,2,0,0,0,0
2250556,287986,2026-05-09,DET@KC,1,1,complete,1,1,1,1,1,0,1,1,1,1,0,1,1,0,0,0,2,2,2,0,0,18,0,18,0,14,12,2,0,0,0,0
2250550,287981,2026-05-09,HOU@CIN,1,1,complete,1,1,1,1,1,0,1,1,1,1,0,1,1,0,0,0,2,2,2,0,0,18,0,18,0,14,12,2,0,0,0,0
2250548,287977,2026-05-09,LAA@TOR,1,1,complete,1,1,1,1,1,0,1,1,1,1,0,1,1,0,0,0,2,2,2,2,2,18,0,18,0,14,12,2,0,0,0,0
2250554,287983,2026-05-09,MIN@CLE,1,1,complete,1,1,1,1,1,0,1,1,1,1,0,1,1,0,0,0,2,2,2,0,0,18,0,18,0,14,12,2,0,0,0,0
2252864,287989,2026-05-09,NYM@ARI,1,1,complete,1,1,1,1,1,0,1,1,1,1,0,1,1,0,0,0,2,2,2,0,0,18,0,18,0,14,12,2,0,0,0,0
2250558,287987,2026-05-09,NYY@MIL,1,1,complete,1,1,1,1,1,0,1,1,1,1,0,1,1,0,0,0,2,2,2,0,0,18,0,18,0,14,12,2,0,0,0,0
2250560,287990,2026-05-09,PIT@SF,1,1,complete,1,1,1,1,1,0,1,1,1,1,0,1,1,0,0,0,2,2,2,0,0,18,0,18,0,14,12,2,0,0,0,0
2250557,287985,2026-05-09,SEA@CWS,1,1,complete,1,1,1,1,1,0,1,1,1,1,0,1,1,0,0,0,2,2,2,0,0,18,0,18,0,14,12,2,0,0,0,0
2250559,287988,2026-05-09,STL@SD,1,1,complete,1,1,1,1,1,0,1,1,1,1,0,1,1,0,0,0,2,2,2,0,0,18,0,18,0,14,12,2,0,0,0,0
2250552,287979,2026-05-09,WSH@MIA,1,1,complete,1,1,1,1,1,0,1,1,1,1,0,1,1,0,0,0,2,2,2,0,0,18,0,18,0,14,12,2,0,0,0,0
2250563,287998,2026-05-10,ATH@BAL,1,1,complete,1,1,1,1,1,0,1,1,1,1,0,1,1,1,0,0,2,2,2,2,2,16,0,16,0,14,12,2,0,0,0,1
2250574,288008,2026-05-10,ATL@LAD,1,1,complete,1,1,1,1,1,0,1,1,1,1,0,1,1,1,0,0,2,2,2,2,2,18,0,18,0,14,12,2,0,0,0,1
2250571,288005,2026-05-10,CHC@TEX,1,1,complete,1,1,1,1,1,0,1,1,1,1,0,1,1,1,0,0,2,2,2,2,2,18,0,18,0,14,12,2,0,0,0,1
2250565,287997,2026-05-10,COL@PHI,1,1,complete,1,1,1,1,1,0,1,1,1,1,0,1,1,1,0,0,2,2,2,2,2,18,0,18,0,14,12,2,0,0,0,1
2250575,288010,2026-05-10,DET@KC,1,1,complete,1,1,1,1,1,0,1,1,1,1,0,1,1,1,0,0,2,2,2,2,2,18,0,18,0,14,12,2,0,0,0,1
2250567,288002,2026-05-10,HOU@CIN,1,1,complete,1,1,1,1,1,0,1,1,1,1,0,1,1,1,0,0,2,2,2,2,2,18,0,18,0,14,0,0,14,0,0,1
2250566,288000,2026-05-10,LAA@TOR,1,1,complete,1,1,1,1,1,0,1,1,1,1,0,1,1,1,0,0,2,2,2,2,2,18,0,18,0,14,12,2,0,0,0,1
2250568,288001,2026-05-10,MIN@CLE,1,1,complete,1,1,1,1,1,0,1,1,1,1,0,1,1,1,0,0,1,1,1,1,1,18,0,18,0,14,12,2,0,0,0,1
2252879,288007,2026-05-10,NYM@ARI,1,1,complete,1,1,1,1,1,0,1,1,1,1,0,1,1,1,0,0,1,1,1,1,1,19,0,19,0,14,12,2,0,0,0,1
2250570,288003,2026-05-10,NYY@MIL,1,1,complete,1,1,1,1,1,0,1,1,1,1,0,1,1,1,0,0,2,2,2,2,2,18,0,18,0,14,12,2,0,0,0,1
2250572,288006,2026-05-10,PIT@SF,1,1,complete,1,1,1,1,1,0,1,1,1,1,0,1,1,1,0,0,2,2,2,2,2,18,0,18,0,14,12,2,0,0,0,1
2250569,288004,2026-05-10,SEA@CWS,1,1,complete,1,1,1,1,1,0,1,1,1,1,0,1,1,1,0,0,2,2,2,2,2,18,0,18,0,14,12,2,0,0,0,1
2250573,288009,2026-05-10,STL@SD,1,1,complete,1,1,1,1,1,0,1,1,1,1,0,1,1,1,0,0,2,2,2,2,2,18,0,18,0,14,12,2,0,0,0,1
2250564,287999,2026-05-10,TB@BOS,1,1,complete,1,1,1,1,1,0,1,1,1,1,0,1,1,1,0,0,2,2,2,2,2,18,0,18,0,14,12,2,0,0,0,1
2250562,287996,2026-05-10,WSH@MIA,1,1,complete,1,1,1,1,1,0,1,1,1,1,0,1,1,1,0,0,2,2,2,2,2,18,0,18,0,14,12,2,0,0,0,1
2252886,288019,2026-05-11,ARI@TEX,1,1,complete,1,1,1,1,1,0,1,1,1,1,0,1,1,1,0,0,2,2,2,2,2,0,0,0,0,14,12,2,0,0,0,1
2250576,288016,2026-05-11,LAA@CLE,1,1,complete,1,1,1,1,1,0,1,1,1,1,0,1,1,1,0,0,2,2,2,2,2,0,0,0,0,14,12,2,0,0,0,1
2250577,288017,2026-05-11,NYY@BAL,1,1,complete,1,1,1,1,1,0,1,1,1,1,0,1,1,1,0,0,2,2,2,2,2,0,0,0,0,14,12,2,0,0,0,1
2250579,288020,2026-05-11,SEA@HOU,1,1,complete,1,1,1,1,1,0,1,1,1,1,0,1,1,1,0,0,2,2,2,2,2,0,0,0,0,14,12,2,0,0,0,1
2250580,288021,2026-05-11,SF@LAD,1,1,complete,1,1,1,1,1,0,1,1,1,1,0,1,1,1,0,0,2,2,2,2,2,0,0,0,0,14,12,2,0,0,0,1
2250578,288018,2026-05-11,TB@TOR,1,1,complete,1,1,1,1,1,0,1,1,1,1,0,1,1,1,0,0,2,2,2,2,2,0,0,0,0,14,0,0,14,0,0,1
2252900,288058,2026-05-12,ARI@TEX,1,1,complete,1,1,1,1,1,0,1,1,0,1,0,1,0,1,0,0,2,2,2,2,2,0,0,0,0,14,4,10,0,0,0,1
2250588,288054,2026-05-12,CHC@ATL,1,1,complete,1,1,1,1,1,0,1,1,0,1,0,1,0,1,0,0,2,2,2,2,2,0,0,0,0,14,0,0,14,0,0,1
2250584,288049,2026-05-12,COL@PIT,1,1,complete,1,1,1,1,1,0,1,1,0,1,0,1,0,1,0,0,2,2,2,2,2,0,0,0,0,14,4,10,0,0,0,1
2250587,288053,2026-05-12,DET@NYM,1,1,complete,1,1,1,1,1,0,1,1,0,1,0,1,0,1,0,0,2,2,2,2,2,0,0,0,0,14,4,10,0,0,0,1
2250589,288055,2026-05-12,KC@CWS,1,1,complete,1,1,1,1,1,0,1,1,0,1,0,1,0,1,0,0,2,2,2,2,2,0,0,0,0,14,4,10,0,0,0,1
2250581,288047,2026-05-12,LAA@CLE,1,1,complete,1,1,1,1,1,0,1,1,0,1,0,1,0,1,0,0,2,2,2,2,2,0,0,0,0,14,4,10,0,0,0,1
2250590,288057,2026-05-12,MIA@MIN,1,1,complete,1,1,1,1,1,0,1,1,0,1,0,1,0,1,0,0,2,2,2,2,2,0,0,0,0,14,4,10,0,0,0,1
2250582,288048,2026-05-12,NYY@BAL,1,1,complete,1,1,1,1,1,0,1,1,0,1,0,1,0,1,0,0,2,2,2,2,2,0,0,0,0,14,4,10,0,0,0,1
2250585,288051,2026-05-12,PHI@BOS,1,1,complete,1,1,1,1,1,0,1,1,0,1,0,1,0,1,0,0,2,2,2,2,2,0,0,0,0,14,4,10,0,0,0,1
2250591,288056,2026-05-12,SD@MIL,1,1,complete,1,1,1,1,1,0,1,1,0,1,0,1,0,1,0,0,2,2,2,2,2,0,0,0,0,14,4,10,0,0,0,1
2250592,288059,2026-05-12,SEA@HOU,1,1,complete,1,1,1,1,1,0,1,1,0,1,0,1,0,1,0,0,2,2,2,2,2,0,0,0,0,14,4,10,0,0,0,1
2250594,288061,2026-05-12,SF@LAD,1,1,complete,1,1,1,1,1,0,1,1,0,1,0,1,0,1,0,0,2,2,2,2,2,0,0,0,0,14,4,10,0,0,0,1
2250593,288060,2026-05-12,STL@ATH,1,1,complete,1,1,1,1,1,0,1,1,0,1,0,1,0,1,0,0,2,2,2,2,2,0,0,0,0,14,4,10,0,0,0,1
2250586,288052,2026-05-12,TB@TOR,1,1,complete,1,1,1,1,1,0,1,1,0,1,0,1,0,1,0,0,2,2,2,2,2,0,0,0,0,14,4,10,0,0,0,1
2250583,288050,2026-05-12,WSH@CIN,1,1,complete,1,1,1,1,1,0,1,1,0,1,0,1,0,1,0,0,2,2,2,2,2,0,0,0,0,14,4,10,0,0,0,1
2252915,288124,2026-05-13,ARI@TEX,1,1,complete,1,1,1,1,1,0,1,1,1,1,0,1,1,0,0,0,2,2,2,2,2,0,0,0,0,14,12,2,0,0,0,0
2250602,288120,2026-05-13,CHC@ATL,1,1,complete,1,1,1,1,1,0,1,1,1,1,0,1,1,0,0,0,2,2,2,2,2,0,0,0,0,14,12,2,0,0,0,0
2250598,288115,2026-05-13,COL@PIT,1,1,complete,1,1,1,1,1,0,1,1,1,1,0,1,1,0,0,0,2,2,2,2,2,0,0,0,0,14,12,2,0,0,0,0
2250601,288119,2026-05-13,DET@NYM,1,1,complete,1,1,1,1,1,0,1,1,1,1,0,1,1,0,0,0,2,2,2,2,2,0,0,0,0,14,12,2,0,0,0,0
2250603,288122,2026-05-13,KC@CWS,1,1,complete,1,1,1,1,1,0,1,1,1,1,0,1,1,0,0,0,2,2,2,2,2,0,0,0,0,14,12,2,0,0,0,0
2250595,288113,2026-05-13,LAA@CLE,1,1,complete,1,1,1,1,1,0,1,1,1,1,0,1,1,0,0,0,2,2,2,2,2,0,0,0,0,14,12,2,0,0,0,0
2250604,288121,2026-05-13,MIA@MIN,1,1,complete,1,1,1,1,1,0,1,1,1,1,0,1,1,0,0,0,2,2,2,2,2,0,0,0,0,14,12,2,0,0,0,0
2250596,288114,2026-05-13,NYY@BAL,1,1,complete,1,1,1,1,1,0,1,1,1,1,0,1,1,0,0,0,2,2,2,2,2,0,0,0,0,14,12,2,0,0,0,0
2250599,288117,2026-05-13,PHI@BOS,1,1,complete,1,1,1,1,1,0,1,1,1,1,0,1,1,0,0,0,2,2,2,2,2,0,0,0,0,14,12,2,0,0,0,0
2250605,288123,2026-05-13,SD@MIL,1,1,complete,1,1,1,1,1,0,1,1,1,1,0,1,1,0,0,0,2,2,2,2,2,0,0,0,0,14,12,2,0,0,0,0
2250606,288125,2026-05-13,SEA@HOU,1,1,complete,1,1,1,1,1,0,1,1,1,1,0,1,1,0,0,0,2,2,2,2,2,0,0,0,0,14,12,2,0,0,0,0
2250608,288127,2026-05-13,SF@LAD,1,1,complete,1,1,1,1,1,0,1,1,1,1,0,1,1,0,0,0,2,2,2,2,2,0,0,0,0,14,12,2,0,0,0,0
2250607,288126,2026-05-13,STL@ATH,1,1,complete,1,1,1,1,1,0,1,1,1,1,0,1,1,0,0,0,2,2,2,2,2,0,0,0,0,14,12,2,0,0,0,0
2250600,288118,2026-05-13,TB@TOR,1,1,complete,1,1,1,1,1,0,1,1,1,1,0,1,1,0,0,0,2,2,2,2,2,0,0,0,0,14,12,2,0,0,0,0
2250597,288116,2026-05-13,WSH@CIN,1,1,complete,1,1,1,1,1,0,1,1,1,1,0,1,1,0,0,0,2,2,2,2,2,0,0,0,0,14,12,2,0,0,0,0
2250617,288154,2026-05-14,CHC@ATL,1,1,complete,1,1,1,1,1,0,1,1,1,1,0,1,1,1,0,0,2,2,2,2,2,19,19,18,18,14,12,2,0,0,0,1
2250609,288146,2026-05-14,COL@PIT,1,1,complete,1,1,1,1,1,0,1,1,1,1,0,1,1,1,0,0,2,2,2,2,2,18,18,18,18,14,12,2,0,0,0,1
2250611,288148,2026-05-14,DET@NYM,1,1,complete,1,1,1,1,1,0,1,1,1,1,0,1,1,1,0,0,2,2,2,2,2,18,18,18,18,14,12,2,0,0,0,1
2250618,288155,2026-05-14,KC@CWS,1,1,complete,1,1,1,1,1,0,1,1,1,1,0,1,1,1,0,0,2,2,2,2,2,22,22,19,19,14,12,2,0,0,0,1
2250612,288150,2026-05-14,MIA@MIN,1,1,complete,1,1,1,1,1,0,1,1,1,1,0,1,1,1,0,0,2,2,2,2,2,18,18,18,18,14,12,2,0,0,0,1
2250616,288153,2026-05-14,PHI@BOS,1,1,complete,1,1,1,1,1,0,1,1,1,1,0,1,1,1,0,0,2,2,2,2,2,20,20,20,20,14,12,2,0,0,0,1
2250613,288149,2026-05-14,SD@MIL,1,1,complete,1,1,1,1,1,0,1,1,1,1,0,1,1,1,0,0,2,2,2,2,2,18,18,18,18,15,12,3,0,0,0,1
2250614,288151,2026-05-14,SEA@HOU,1,1,complete,1,1,1,1,1,0,1,1,1,1,0,1,1,1,0,0,2,2,2,2,2,18,18,18,18,15,12,3,0,0,0,1
2250619,288156,2026-05-14,SF@LAD,1,1,complete,1,1,1,1,1,0,1,1,1,1,0,1,1,1,0,0,2,2,2,0,0,21,21,0,0,14,12,2,0,0,0,1
2250615,288152,2026-05-14,STL@ATH,1,1,complete,1,1,1,1,1,0,1,1,1,1,0,1,1,1,0,0,2,2,2,2,2,20,20,19,19,14,12,2,0,0,0,1
2250610,288147,2026-05-14,WSH@CIN,1,1,complete,1,1,1,1,1,0,1,1,1,1,0,1,1,1,0,0,2,2,2,2,2,18,18,18,18,14,12,2,0,0,0,1
2252941,288190,2026-05-15,ARI@COL,1,1,complete,1,1,1,1,1,0,1,1,1,1,0,1,1,1,0,0,2,2,2,2,2,19,19,18,18,14,12,2,0,0,0,1
2250621,288180,2026-05-15,BAL@WSH,1,1,complete,1,1,1,1,1,0,1,1,1,1,0,1,1,1,0,0,2,2,2,2,2,20,20,20,20,14,12,2,0,0,0,1
2250625,288184,2026-05-15,BOS@ATL,1,1,complete,1,1,1,1,1,0,1,1,1,1,0,1,1,1,0,0,2,2,2,2,2,18,18,18,18,14,12,2,0,0,0,1
2250627,288186,2026-05-15,CHC@CWS,1,1,complete,1,1,1,1,1,0,1,1,1,1,0,1,1,1,0,0,2,2,2,2,2,18,18,18,18,14,12,2,0,0,0,1
2250623,288182,2026-05-15,CIN@CLE,1,1,complete,1,1,1,1,1,0,1,1,1,1,0,1,1,1,0,0,2,2,2,2,2,18,18,18,18,14,12,2,0,0,0,1
2250630,288189,2026-05-15,KC@STL,1,1,complete,1,1,1,1,1,0,1,1,1,1,0,1,1,1,0,0,2,2,2,2,2,18,18,18,18,14,12,2,0,0,0,1
2250631,288191,2026-05-15,LAD@LAA,1,1,complete,1,1,1,1,1,0,1,1,1,1,0,1,1,1,0,0,2,2,2,2,2,21,21,20,20,14,12,2,0,0,0,1
2250624,288183,2026-05-15,MIA@TB,1,1,complete,1,1,1,1,1,0,1,1,1,1,0,1,1,1,0,0,2,2,2,2,2,18,18,18,18,14,12,2,0,0,0,1
2250629,288187,2026-05-15,MIL@MIN,1,1,complete,1,1,1,1,1,0,1,1,1,1,0,1,1,1,0,0,2,2,2,2,2,19,19,18,18,14,12,2,0,0,0,1
2250626,288185,2026-05-15,NYY@NYM,1,1,complete,1,1,1,1,1,0,1,1,1,1,0,1,1,1,0,0,2,2,2,2,2,18,18,18,18,14,12,2,0,0,0,1
2250620,288179,2026-05-15,PHI@PIT,1,1,complete,1,1,1,1,1,0,1,1,1,1,0,1,1,1,0,0,2,2,2,2,2,18,18,18,18,14,12,2,0,0,0,1
2250632,288192,2026-05-15,SD@SEA,1,1,complete,1,1,1,1,1,0,1,1,1,1,0,1,1,1,0,0,2,2,2,2,2,21,21,19,19,14,12,2,0,0,0,1
2250633,288193,2026-05-15,SF@ATH,1,1,complete,1,1,1,1,1,0,1,1,1,1,0,1,1,1,0,0,2,2,2,2,2,21,21,19,19,14,12,2,0,0,0,1
2250628,288188,2026-05-15,TEX@HOU,1,1,complete,1,1,1,1,1,0,1,1,1,1,0,1,1,1,0,0,2,2,2,2,2,21,21,19,19,14,12,2,0,0,0,1
2250622,288181,2026-05-15,TOR@DET,1,1,complete,1,1,1,1,1,0,1,1,1,1,0,1,1,1,0,0,2,2,2,2,2,18,18,17,17,14,12,2,0,0,0,1
2252947,288197,2026-05-16,ARI@COL,1,1,complete,1,1,1,1,1,0,1,1,1,1,0,1,1,0,0,0,2,2,2,2,2,18,18,18,18,15,12,3,0,0,0,0
2250636,288198,2026-05-16,BAL@WSH,1,1,complete,1,1,1,1,1,0,1,1,1,1,0,1,1,0,0,0,2,2,2,2,2,18,18,18,18,14,12,2,0,0,0,0
2250644,288205,2026-05-16,BOS@ATL,1,1,complete,1,1,1,1,1,0,1,1,1,1,0,1,1,0,0,0,2,2,2,2,2,18,18,18,18,14,12,2,0,0,0,0
2250641,288203,2026-05-16,CHC@CWS,1,1,complete,1,1,1,1,1,0,1,1,1,1,0,1,1,0,0,0,2,2,2,2,2,21,21,18,18,14,12,2,0,0,0,0
2250639,288201,2026-05-16,CIN@CLE,1,1,complete,1,1,1,1,1,0,1,1,1,1,0,1,1,0,0,0,2,2,2,2,2,18,18,18,18,14,12,2,0,0,0,0
2250635,288196,2026-05-16,KC@STL,1,1,complete,1,1,1,1,1,0,1,1,1,1,0,1,1,0,0,0,2,2,2,2,2,18,18,18,18,14,12,2,0,0,0,0
2250646,288208,2026-05-16,LAD@LAA,1,1,complete,1,1,1,1,1,0,1,1,1,1,0,1,1,0,0,0,2,2,2,2,2,22,22,17,17,14,12,2,0,0,0,0
2250638,288200,2026-05-16,MIA@TB,1,1,complete,1,1,1,1,1,0,1,1,1,1,0,1,1,0,0,0,2,2,2,2,2,19,19,18,18,14,12,2,0,0,0,0
2250642,288202,2026-05-16,MIL@MIN,1,1,complete,1,1,1,1,1,0,1,1,1,1,0,1,1,0,0,0,2,2,2,2,2,20,20,18,18,14,12,2,0,0,0,0
2250645,288206,2026-05-16,NYY@NYM,1,1,complete,1,1,1,1,1,0,1,1,1,1,0,1,1,0,0,0,2,2,2,2,2,18,18,18,18,15,12,3,0,0,0,0
2250637,288199,2026-05-16,PHI@PIT,1,1,complete,1,1,1,1,1,0,1,1,1,1,0,1,1,0,0,0,2,2,2,2,2,18,18,18,18,14,12,2,0,0,0,0
2250643,288207,2026-05-16,SD@SEA,1,1,complete,1,1,1,1,1,0,1,1,1,1,0,1,1,0,0,0,2,2,2,2,2,21,21,18,18,14,12,2,0,0,0,0
2250647,288209,2026-05-16,SF@ATH,1,1,complete,1,1,1,1,1,0,1,1,1,1,0,1,1,0,0,0,2,2,2,2,2,19,19,18,18,15,12,3,0,0,0,0
2250640,288204,2026-05-16,TEX@HOU,1,1,complete,1,1,1,1,1,0,1,1,1,1,0,1,1,0,0,0,2,2,2,2,2,19,19,18,18,14,12,2,0,0,0,0
2250634,288195,2026-05-16,TOR@DET,1,1,complete,1,1,1,1,1,0,1,1,1,1,0,1,1,0,0,0,2,2,2,2,2,18,18,17,17,14,0,0,14,0,0,0
2252971,288223,2026-05-17,ARI@COL,1,1,complete,1,1,1,1,1,0,1,1,1,1,0,1,1,1,0,0,2,2,2,2,2,21,21,19,19,14,12,2,0,0,0,1
2250649,288215,2026-05-17,BAL@WSH,1,1,complete,1,1,1,1,1,0,1,1,1,1,0,1,1,1,0,0,2,2,2,2,2,19,19,18,18,14,12,2,0,0,0,1
2250651,288213,2026-05-17,BOS@ATL,1,1,complete,1,1,1,1,1,0,1,1,1,1,0,1,1,1,0,0,2,2,2,2,2,22,22,18,18,14,12,2,0,0,0,1
2250656,288220,2026-05-17,CHC@CWS,1,1,complete,1,1,1,1,1,0,1,1,1,1,0,1,1,1,0,0,2,2,2,2,2,21,21,18,18,14,12,2,0,0,0,1
2250652,288217,2026-05-17,CIN@CLE,1,1,complete,1,1,1,1,1,0,1,1,1,1,0,1,1,1,0,0,2,2,2,2,2,19,19,18,18,14,12,2,0,0,0,1
2250658,288222,2026-05-17,KC@STL,1,1,complete,1,1,1,1,1,0,1,1,1,1,0,1,1,1,0,0,2,2,2,2,2,22,22,19,19,14,12,2,0,0,0,1
2250660,288225,2026-05-17,LAD@LAA,1,1,complete,1,1,1,1,1,0,1,1,1,1,0,1,1,1,0,0,2,2,2,2,2,21,21,18,18,14,12,2,0,0,0,1
2250648,288212,2026-05-17,MIA@TB,1,1,complete,1,1,1,1,1,0,1,1,1,1,0,1,1,1,0,0,2,2,2,2,2,22,22,19,19,15,12,3,0,0,0,1
2250657,288219,2026-05-17,MIL@MIN,1,1,complete,1,1,1,1,1,0,1,1,1,1,0,1,1,1,0,0,2,2,2,2,2,22,22,20,20,14,12,2,0,0,0,1
2250654,288216,2026-05-17,NYY@NYM,1,1,complete,1,1,1,1,1,0,1,1,1,1,0,1,1,1,0,0,2,2,2,2,2,19,19,19,19,14,12,2,0,0,0,1
2250650,288214,2026-05-17,PHI@PIT,1,1,complete,1,1,1,1,1,0,1,1,1,1,0,1,1,1,0,0,2,2,2,2,2,19,19,18,18,14,12,2,0,0,0,1
2250661,288226,2026-05-17,SD@SEA,1,1,complete,1,1,1,1,1,0,1,1,1,1,0,1,1,1,0,0,2,2,2,2,2,21,21,19,19,15,12,3,0,0,0,1
2250659,288224,2026-05-17,SF@ATH,1,1,complete,1,1,1,1,1,0,1,1,1,1,0,1,1,1,0,0,2,2,2,2,2,23,23,19,19,14,12,2,0,0,0,1
2250655,288221,2026-05-17,TEX@HOU,1,1,complete,1,1,1,1,1,0,1,1,1,1,0,1,1,1,0,0,2,2,2,2,2,21,21,18,18,14,12,2,0,0,0,1
2250653,288218,2026-05-17,TOR@DET,1,1,complete,1,1,1,1,1,0,1,1,1,1,0,1,1,1,0,0,2,2,2,2,2,21,21,18,18,14,12,2,0,0,0,1
2250672,288255,2026-05-18,ATH@LAA,1,1,complete,1,1,1,1,1,0,1,1,1,1,0,1,1,1,0,0,2,2,2,2,2,20,20,0,0,14,12,2,0,0,0,1
2250665,288246,2026-05-18,ATL@MIA,1,1,complete,1,1,1,1,1,0,1,1,1,1,0,1,1,1,0,0,2,2,2,2,2,19,19,0,0,14,12,2,0,0,0,1
2250663,288245,2026-05-18,BAL@TB,1,1,complete,1,1,1,1,1,0,1,1,1,1,0,1,1,1,0,0,2,2,2,2,2,20,20,0,0,14,12,2,0,0,0,1
2250668,288253,2026-05-18,BOS@KC,1,1,complete,1,1,1,1,1,0,1,1,1,1,0,1,1,1,0,0,2,2,2,2,2,21,21,0,0,14,12,2,0,0,0,1
2250664,288248,2026-05-18,CIN@PHI,1,1,complete,1,1,1,1,1,0,1,1,1,1,0,1,1,1,0,0,2,2,2,2,2,22,22,0,0,14,12,2,0,0,0,1
2250662,288247,2026-05-18,CLE@DET,1,1,complete,1,1,1,1,1,0,1,1,1,1,0,1,1,1,0,0,2,2,2,2,2,20,20,0,0,14,12,2,0,0,0,1
2250674,288257,2026-05-18,CWS@SEA,1,1,complete,1,1,1,1,1,0,1,1,1,1,0,1,1,1,0,0,2,2,2,2,2,21,21,0,0,14,12,2,0,0,0,1
2250669,288251,2026-05-18,HOU@MIN,1,1,complete,1,1,1,1,1,0,1,1,1,1,0,1,1,1,0,0,2,2,2,2,2,22,22,0,0,14,12,2,0,0,0,1
2250673,288256,2026-05-18,LAD@SD,1,1,complete,1,1,1,1,1,0,1,1,1,1,0,1,1,1,0,0,2,2,2,2,2,20,20,0,0,14,12,2,0,0,0,1
2250670,288252,2026-05-18,MIL@CHC,1,1,complete,1,1,1,1,1,0,1,1,1,1,0,1,1,1,0,0,2,2,2,2,2,22,22,0,0,14,12,2,0,0,0,1
2250666,288249,2026-05-18,NYM@WSH,1,1,complete,1,1,1,1,1,0,1,1,1,1,0,1,1,1,0,0,2,2,2,2,2,21,21,0,0,14,12,2,0,0,0,1
2252987,288258,2026-05-18,SF@ARI,1,1,complete,1,1,1,1,1,0,1,1,1,1,0,1,1,1,0,0,2,2,2,2,2,21,21,0,0,14,12,2,0,0,0,1
2250671,288254,2026-05-18,TEX@COL,1,1,complete,1,1,1,1,1,0,1,1,1,1,0,1,1,1,0,0,2,2,2,2,2,22,22,0,0,14,12,2,0,0,0,1
2250667,288250,2026-05-18,TOR@NYY,1,1,complete,1,1,1,1,1,0,1,1,1,1,0,1,1,1,0,0,2,2,2,2,2,20,20,0,0,14,12,2,0,0,0,1
2250686,288291,2026-05-19,ATH@LAA,1,1,complete,1,1,1,1,1,0,1,1,0,1,0,1,0,0,0,0,2,2,2,0,0,0,0,0,0,14,4,10,0,0,0,0
2250675,288280,2026-05-19,ATL@MIA,1,1,complete,1,1,1,1,1,0,1,1,0,1,0,1,0,0,0,0,2,2,2,0,0,0,0,0,0,14,4,10,0,0,0,0
2250677,288281,2026-05-19,BAL@TB,1,1,complete,1,1,1,1,1,0,1,1,0,1,0,1,0,0,0,0,2,2,2,0,0,0,0,0,0,14,4,10,0,0,0,0
2250681,288286,2026-05-19,BOS@KC,1,1,complete,1,1,1,1,1,0,1,1,0,1,0,1,0,0,0,0,2,2,2,0,0,0,0,0,0,14,4,10,0,0,0,0
2250678,288283,2026-05-19,CIN@PHI,1,1,complete,1,1,1,1,1,0,1,1,0,1,0,1,0,0,0,0,2,2,2,0,0,0,0,0,0,14,4,10,0,0,0,0
2250676,288282,2026-05-19,CLE@DET,1,1,complete,1,1,1,1,1,0,1,1,0,1,0,1,0,0,0,0,2,2,2,0,0,0,0,0,0,14,4,10,0,0,0,0
2250688,288292,2026-05-19,CWS@SEA,1,1,complete,1,1,1,1,1,0,1,1,0,1,0,1,0,0,0,0,1,1,1,0,0,0,0,0,0,14,4,10,0,0,0,0
2250682,288288,2026-05-19,HOU@MIN,1,1,complete,1,1,1,1,1,0,1,1,0,1,0,1,0,0,0,0,2,2,2,0,0,0,0,0,0,14,4,10,0,0,0,0
2250687,288293,2026-05-19,LAD@SD,1,1,complete,1,1,1,1,1,0,1,1,0,1,0,1,0,0,0,0,2,2,2,0,0,0,0,0,0,14,4,10,0,0,0,0
2250683,288287,2026-05-19,MIL@CHC,1,1,complete,1,1,1,1,1,0,1,1,0,1,0,1,0,0,0,0,1,1,1,0,0,0,0,0,0,14,4,10,0,0,0,0
2250679,288284,2026-05-19,NYM@WSH,1,1,complete,1,1,1,1,1,0,1,1,0,1,0,1,0,0,0,0,2,2,2,0,0,0,0,0,0,14,4,10,0,0,0,0
2250684,288289,2026-05-19,PIT@STL,1,1,complete,1,1,1,1,1,0,1,1,0,1,0,1,0,0,0,0,2,2,2,0,0,0,0,0,0,14,4,10,0,0,0,0
2253002,288294,2026-05-19,SF@ARI,1,1,complete,1,1,1,1,1,0,1,1,0,1,0,1,0,0,0,0,2,2,2,0,0,0,0,0,0,14,4,10,0,0,0,0
2250685,288290,2026-05-19,TEX@COL,1,1,complete,1,1,1,1,1,0,1,1,0,1,0,1,0,0,0,0,2,1,2,0,0,0,0,0,0,14,4,10,0,0,0,0
2250680,288285,2026-05-19,TOR@NYY,1,1,complete,1,1,1,1,1,0,1,1,0,1,0,1,0,0,0,0,2,2,2,0,0,0,0,0,0,14,4,10,0,0,0,0
2250702,288325,2026-05-20,ATH@LAA,1,1,complete,1,1,1,1,1,0,1,1,0,1,0,1,0,1,0,0,2,0,2,0,0,0,0,0,0,14,4,10,0,0,0,1
2250695,288317,2026-05-20,ATL@MIA,1,1,complete,1,1,1,1,1,0,1,1,0,1,0,1,0,1,0,0,2,2,2,0,0,0,0,0,0,14,4,10,0,0,0,1
2250690,288312,2026-05-20,BAL@TB,1,1,complete,1,1,1,1,1,0,1,1,0,1,0,1,0,1,0,0,2,2,2,2,2,0,0,0,0,14,4,10,0,0,0,1
2250698,288322,2026-05-20,BOS@KC,1,1,complete,1,1,1,1,1,0,1,1,0,1,0,1,0,1,0,0,1,1,1,0,0,0,0,0,0,14,4,10,0,0,0,1
2250689,288311,2026-05-20,CIN@PHI,1,1,complete,1,1,1,1,1,0,1,1,0,1,0,1,0,1,0,0,2,2,2,2,2,0,0,0,0,14,4,10,0,0,0,1
2250694,288318,2026-05-20,CLE@DET,1,1,complete,1,1,1,1,1,0,1,1,0,1,0,1,0,1,0,0,2,2,2,0,0,0,0,0,0,14,4,10,0,0,0,1
2250693,288316,2026-05-20,CWS@SEA,1,1,complete,1,1,1,1,1,0,1,1,0,1,0,1,0,1,0,0,2,2,2,0,0,0,0,0,0,14,4,10,0,0,0,1
2250691,288313,2026-05-20,HOU@MIN,1,1,complete,1,1,1,1,1,0,1,1,0,1,0,1,0,1,0,0,2,2,2,2,2,0,0,0,0,14,4,10,0,0,0,1
2250701,288324,2026-05-20,LAD@SD,1,1,complete,1,1,1,1,1,0,1,1,0,1,0,1,0,1,0,0,0,0,0,0,0,0,0,0,0,14,4,10,0,0,0,1
2250699,288321,2026-05-20,MIL@CHC,1,1,complete,1,1,1,1,1,0,1,1,0,1,0,1,0,1,0,0,0,0,0,0,0,0,0,0,0,14,4,10,0,0,0,1
2250696,288319,2026-05-20,NYM@WSH,1,1,complete,1,1,1,1,1,0,1,1,0,1,0,1,0,1,0,0,2,2,2,0,0,0,0,0,0,14,4,10,0,0,0,1
2250700,288323,2026-05-20,PIT@STL,1,1,complete,1,1,1,1,1,0,1,1,0,1,0,1,0,1,0,0,2,2,2,0,0,0,0,0,0,14,4,10,0,0,0,1
2253008,288315,2026-05-20,SF@ARI,1,1,complete,1,1,1,1,1,0,1,1,0,1,0,1,0,1,0,0,2,2,2,0,0,0,0,0,0,14,4,10,0,0,0,1
2250692,288314,2026-05-20,TEX@COL,1,1,complete,1,1,1,1,1,0,1,1,0,1,0,1,0,1,0,0,2,2,2,0,0,0,0,0,0,14,4,10,0,0,0,1
2250697,288320,2026-05-20,TOR@NYY,1,1,complete,1,1,1,1,1,0,1,1,0,1,0,1,0,1,0,0,2,2,2,0,0,0,0,0,0,14,4,10,0,0,0,1
2250708,288349,2026-05-21,ATH@LAA,1,1,complete,1,1,1,1,1,0,1,1,0,1,0,1,0,1,0,0,2,2,2,2,2,0,0,0,0,14,0,0,14,0,0,1
2250706,288347,2026-05-21,ATL@MIA,1,1,complete,1,1,1,1,1,0,1,1,0,1,0,1,0,1,0,0,2,2,2,2,2,0,0,0,0,14,4,10,0,0,0,1
2250703,288344,2026-05-21,CLE@DET,1,1,complete,1,1,1,1,1,0,1,1,0,1,0,1,0,1,0,0,2,2,2,2,2,0,0,0,0,14,4,10,0,0,0,1
2253025,288350,2026-05-21,COL@ARI,1,1,complete,1,1,1,1,1,0,1,1,0,1,0,1,0,1,0,0,2,2,2,2,2,0,0,0,0,14,4,10,0,0,0,1
2250705,288346,2026-05-21,NYM@WSH,1,1,complete,1,1,1,1,1,0,1,1,0,1,0,1,0,1,0,0,2,2,2,2,2,0,0,0,0,14,4,10,0,0,0,1
2250704,288345,2026-05-21,PIT@STL,1,1,complete,1,1,1,1,1,0,1,1,0,1,0,1,0,1,0,0,2,2,2,2,2,0,0,0,0,14,4,10,0,0,0,1
2250707,288348,2026-05-21,TOR@NYY,1,1,complete,1,1,1,1,1,0,1,1,0,1,0,1,0,1,0,0,2,2,2,2,2,0,0,0,0,14,4,10,0,0,0,1
2250721,288422,2026-05-22,ATH@SD,1,1,complete,1,1,1,1,1,0,1,1,1,1,0,1,1,1,0,0,2,2,2,2,2,22,22,18,18,14,12,2,0,0,0,1
2250711,288412,2026-05-22,CLE@PHI,1,1,complete,1,1,1,1,1,0,1,1,1,1,0,1,1,1,0,0,2,2,2,2,2,19,19,19,19,15,12,2,0,0,0,1
2253038,288423,2026-05-22,COL@ARI,1,1,complete,1,1,1,1,1,0,1,1,1,1,0,1,1,1,0,0,2,2,2,2,2,22,22,16,16,14,12,2,0,0,0,1
2250722,288424,2026-05-22,CWS@SF,1,1,complete,1,1,1,1,1,0,1,1,1,1,0,1,1,1,0,0,2,2,2,2,2,23,23,15,15,14,12,2,0,0,0,1
2250716,288417,2026-05-22,DET@BAL,1,1,complete,1,1,1,1,1,0,1,1,1,1,0,1,1,1,0,0,2,2,2,2,2,22,22,19,19,15,12,2,0,0,0,1
2250709,288410,2026-05-22,HOU@CHC,1,1,complete,1,1,1,1,1,0,1,1,1,1,0,1,1,1,0,0,2,2,2,2,2,18,18,18,18,14,12,2,0,0,0,1
2250719,288419,2026-05-22,LAD@MIL,1,1,complete,1,1,1,1,1,0,1,1,1,1,0,1,1,1,0,0,2,2,2,2,2,19,19,18,18,15,12,2,0,0,0,1
2250714,288416,2026-05-22,MIN@BOS,1,1,complete,1,1,1,1,1,0,1,1,1,1,0,1,1,1,0,0,2,2,2,2,2,20,20,18,18,15,12,2,0,0,0,1
2250715,288415,2026-05-22,NYM@MIA,1,1,complete,1,1,1,1,1,0,1,1,1,1,0,1,1,1,0,0,2,2,2,2,2,21,21,20,20,15,12,2,0,0,0,1
2250713,288414,2026-05-22,PIT@TOR,1,1,complete,1,1,1,1,1,0,1,1,1,1,0,1,1,1,0,0,2,2,2,2,2,22,22,20,20,14,12,2,0,0,0,1
2250718,288420,2026-05-22,SEA@KC,1,1,complete,1,1,1,1,1,0,1,1,1,1,0,1,1,1,0,0,2,2,2,2,2,23,23,20,20,14,12,2,0,0,0,1
2250710,288411,2026-05-22,STL@CIN,1,0,postponed,1,1,1,1,0,0,1,1,1,0,0,1,1,0,0,0,2,2,2,2,2,18,18,0,0,15,0,0,0,0,0,0
2250712,288413,2026-05-22,TB@NYY,1,1,complete,1,1,1,1,1,0,1,1,1,1,0,1,1,1,0,0,2,2,2,2,2,19,19,18,18,14,12,2,0,0,0,1
2250720,288421,2026-05-22,TEX@LAA,1,1,complete,1,1,1,1,1,0,1,1,1,1,0,1,1,1,0,0,2,2,2,2,2,21,21,16,16,14,12,2,0,0,0,1
2250717,288418,2026-05-22,WSH@ATL,1,1,complete,1,1,1,1,1,0,1,1,1,1,0,1,1,1,0,0,2,2,2,2,2,23,23,22,22,14,12,2,0,0,0,1
2250735,288457,2026-05-23,ATH@SD,1,1,complete,1,1,1,1,1,0,1,1,1,1,0,1,1,1,0,0,2,2,2,0,0,19,19,0,0,0,0,0,0,0,0,1
2250727,288450,2026-05-23,CLE@PHI,1,1,complete,1,1,1,1,1,0,1,1,1,1,0,1,1,1,0,0,2,2,2,0,0,18,18,0,0,0,0,0,0,0,0,1
2253055,288459,2026-05-23,COL@ARI,1,1,complete,1,1,1,1,1,0,1,1,1,1,0,1,1,1,0,0,2,2,2,0,0,20,20,0,0,0,0,0,0,0,0,1
2250728,288448,2026-05-23,CWS@SF,1,1,complete,1,1,1,1,1,0,1,1,1,1,0,1,1,1,0,0,2,2,2,0,0,18,18,0,0,0,0,0,0,0,0,1
2250726,288449,2026-05-23,DET@BAL,1,0,postponed,1,1,1,1,0,0,1,1,1,0,0,1,1,0,0,0,2,2,2,0,0,18,18,0,0,0,0,0,0,0,0,0
2250724,288446,2026-05-23,HOU@CHC,1,1,complete,1,1,1,1,1,0,1,1,1,1,0,1,1,1,0,0,2,2,2,0,0,18,18,0,0,0,0,0,0,0,0,1
2250734,288455,2026-05-23,LAD@MIL,1,1,complete,1,1,1,1,1,0,1,1,1,1,0,1,1,1,0,0,2,2,2,0,0,22,22,0,0,0,0,0,0,0,0,1
2250730,288451,2026-05-23,MIN@BOS,1,1,complete,1,1,1,1,1,0,1,1,1,1,0,1,1,1,0,0,2,2,2,0,0,18,18,0,0,0,0,0,0,0,0,1
2250732,288453,2026-05-23,NYM@MIA,1,1,complete,1,1,1,1,1,0,1,1,1,1,0,1,1,1,0,0,2,2,2,0,0,18,18,0,0,0,0,0,0,0,0,1
2250725,288447,2026-05-23,PIT@TOR,1,1,complete,1,1,1,1,1,0,1,1,1,1,0,1,1,1,0,0,2,2,2,0,0,18,18,0,0,0,0,0,0,0,0,1
2250729,288452,2026-05-23,SEA@KC,1,1,complete,1,1,1,1,1,0,1,1,1,1,0,1,1,1,0,0,2,2,2,0,0,18,18,0,0,0,0,0,0,0,0,1
2250733,291392,2026-05-23,STL@CIN,1,1,complete,1,1,1,1,1,0,1,1,1,1,0,1,1,1,0,0,2,2,2,2,2,23,23,0,0,0,0,0,0,0,0,1
2250723,288445,2026-05-23,TB@NYY,1,0,postponed,1,1,1,1,0,0,1,1,1,0,0,1,1,0,0,0,2,2,2,0,0,18,18,0,0,0,0,0,0,0,0,0
2250736,288458,2026-05-23,TEX@LAA,1,1,complete,1,1,1,1,1,0,1,1,1,1,0,1,1,1,0,0,2,2,2,0,0,21,21,0,0,0,0,0,0,0,0,1
2250731,288454,2026-05-23,WSH@ATL,1,1,complete,1,1,1,1,1,0,1,1,1,1,0,1,1,1,0,0,2,2,2,0,0,18,18,0,0,0,0,0,0,0,0,1
2250748,288530,2026-05-24,ATH@SD,1,1,complete,1,1,1,1,1,0,1,1,1,1,0,1,1,1,0,0,2,2,2,0,0,21,21,0,0,0,0,0,0,0,0,1
2250740,288521,2026-05-24,CLE@PHI,1,1,complete,1,1,1,1,1,0,1,1,1,1,0,1,1,0,0,0,2,2,2,2,2,21,21,0,0,0,0,0,0,0,0,0
2253067,288532,2026-05-24,COL@ARI,1,1,complete,1,1,1,1,1,0,1,1,1,1,0,1,1,1,0,0,2,2,2,0,0,23,23,0,0,0,0,0,0,0,0,1
2250747,288529,2026-05-24,CWS@SF,1,1,complete,1,1,1,1,1,0,1,1,1,1,0,1,1,1,0,0,2,2,2,0,0,24,24,0,0,0,0,0,0,0,0,1
2250738,288520,2026-05-24,DET@BAL,1,1,complete,1,1,1,1,1,0,1,1,1,1,0,1,1,1,0,0,2,2,2,2,2,26,26,0,0,15,2,12,0,0,0,1
2250746,288528,2026-05-24,HOU@CHC,1,1,complete,1,1,1,1,1,0,1,1,1,1,0,1,1,1,0,0,2,2,2,0,0,22,22,0,0,15,3,11,0,0,0,1
2250745,288526,2026-05-24,LAD@MIL,1,1,complete,1,1,1,1,1,0,1,1,1,1,0,1,1,1,0,0,2,2,2,0,0,21,21,0,0,15,3,11,0,0,0,1
2250739,288522,2026-05-24,MIN@BOS,1,1,complete,1,1,1,1,1,0,1,1,1,1,0,1,1,1,0,0,2,2,2,2,2,22,22,0,0,15,2,12,0,0,0,1
2250743,288524,2026-05-24,NYM@MIA,1,1,complete,1,1,1,1,1,0,1,1,1,1,0,1,1,1,0,0,2,2,2,0,0,21,21,0,0,0,0,0,0,0,0,1
2250737,288519,2026-05-24,PIT@TOR,1,1,complete,1,1,1,1,1,0,1,1,1,1,0,1,1,1,0,0,2,2,2,2,2,21,21,0,0,0,0,0,0,0,0,1
2250744,288527,2026-05-24,SEA@KC,1,1,complete,1,1,1,1,1,0,1,1,1,1,0,1,1,1,0,0,2,2,2,0,0,18,18,0,0,15,2,12,0,0,0,1
2250742,288525,2026-05-24,STL@CIN,1,0,postponed,1,1,1,1,0,0,1,1,1,0,0,1,1,0,0,0,2,2,2,0,0,19,19,0,0,0,0,0,0,0,0,0
2250741,288523,2026-05-24,TB@NYY,1,1,complete,1,1,1,1,1,0,1,1,1,1,0,1,1,0,0,0,2,2,2,2,2,18,18,0,0,0,0,0,0,0,0,0
2250750,288533,2026-05-24,TEX@LAA,1,1,complete,1,1,1,1,0,0,1,1,1,0,0,1,1,1,0,0,2,2,2,0,0,21,21,0,0,0,0,0,0,0,0,1
2250749,288531,2026-05-24,WSH@ATL,1,1,complete,1,1,1,1,1,0,1,1,1,1,0,1,1,1,0,0,2,2,2,0,0,18,18,0,0,0,0,0,0,0,0,1
2253076,288557,2026-05-25,ARI@SF,1,1,complete,1,1,1,1,1,0,1,1,1,1,0,1,1,0,0,0,2,2,2,2,2,18,18,18,18,0,0,0,0,0,0,0
2250757,288559,2026-05-25,CHC@PIT,1,1,complete,1,1,1,1,1,0,1,1,1,1,0,1,1,0,0,0,2,2,2,2,2,18,18,18,18,0,0,0,0,0,0,0
2250755,288556,2026-05-25,CIN@NYM,1,1,complete,1,1,1,1,1,0,1,1,1,1,0,1,1,0,0,0,2,2,2,2,2,19,19,18,18,0,0,0,0,0,0,0
2250761,288563,2026-05-25,COL@LAD,1,1,complete,1,1,1,1,1,0,1,1,1,1,0,1,1,0,0,0,2,2,2,0,0,21,21,0,0,0,0,0,0,0,0,0
2250759,288561,2026-05-25,HOU@TEX,1,1,complete,1,1,1,1,1,0,1,1,1,1,0,1,1,0,0,0,2,2,2,2,2,22,22,21,21,15,6,9,0,0,0,0
2250760,288562,2026-05-25,MIA@TOR,1,1,complete,1,1,1,1,1,0,1,1,1,1,0,1,1,0,0,0,2,2,2,0,0,22,22,0,0,0,0,0,0,0,0,0
2250752,288554,2026-05-25,MIN@CWS,1,1,complete,1,1,1,1,1,0,1,1,1,1,0,1,1,0,0,0,2,2,2,2,2,18,18,17,17,0,0,0,0,0,0,0
2250754,288555,2026-05-25,NYY@KC,1,1,complete,1,1,1,1,1,0,1,1,1,1,0,1,1,0,0,0,2,2,2,2,2,18,18,18,18,0,0,0,0,0,0,0
2250758,288560,2026-05-25,PHI@SD,1,1,complete,1,1,1,1,1,0,1,1,1,1,0,1,1,0,0,0,2,2,2,2,2,19,19,18,18,15,2,13,0,0,0,0
2250762,288564,2026-05-25,SEA@ATH,1,1,complete,1,1,1,1,1,0,1,1,1,1,0,1,1,0,0,0,2,2,2,0,0,19,19,0,0,0,0,0,0,0,0,0
2250753,288553,2026-05-25,STL@MIL,1,1,complete,1,1,1,1,1,0,1,1,1,1,0,1,1,0,0,0,2,2,2,2,2,18,18,18,18,0,0,0,0,0,0,0
2250751,288552,2026-05-25,TB@BAL,1,1,complete,1,1,1,1,1,0,1,1,1,1,0,1,1,0,0,0,2,2,2,2,2,18,18,18,18,15,2,13,0,0,0,0
2250756,288558,2026-05-25,WSH@CLE,1,1,complete,1,1,1,1,1,0,1,1,1,1,0,1,1,0,0,0,2,2,2,2,2,20,20,19,19,0,0,0,0,0,0,0
2253097,288588,2026-05-26,ARI@SF,1,1,complete,1,1,1,1,1,0,1,1,1,1,0,1,1,0,0,0,2,2,2,2,2,20,20,17,17,0,0,0,0,0,0,0
2250767,288579,2026-05-26,ATL@BOS,1,1,complete,1,1,1,1,1,0,1,1,1,1,0,1,1,0,0,0,2,2,2,2,2,20,20,18,18,0,0,0,0,0,0,0
2250766,288577,2026-05-26,CHC@PIT,1,1,complete,1,1,1,1,1,0,1,1,1,1,0,1,1,0,0,0,2,2,2,2,2,22,22,20,20,0,0,0,0,0,0,0
2250769,288581,2026-05-26,CIN@NYM,1,1,complete,1,1,1,1,1,0,1,1,1,1,0,1,1,0,0,0,2,2,2,2,2,19,19,19,19,0,0,0,0,0,0,0
2250776,288589,2026-05-26,COL@LAD,1,1,complete,1,1,1,1,1,0,1,1,1,1,0,1,1,0,0,0,2,2,2,2,2,19,19,18,18,0,0,0,0,0,0,0
2250773,288585,2026-05-26,HOU@TEX,1,1,complete,1,1,1,1,0,0,1,1,1,0,0,1,1,0,0,0,2,2,2,2,2,24,24,18,18,0,0,0,0,0,0,0
2250765,288578,2026-05-26,LAA@DET,1,1,complete,1,1,1,1,1,0,1,1,1,1,0,1,1,0,0,0,2,2,2,2,2,20,20,18,18,0,0,0,0,0,0,0
2250768,288580,2026-05-26,MIA@TOR,1,1,complete,1,1,1,1,1,0,1,1,1,1,0,1,1,0,0,0,2,2,2,2,2,22,22,16,16,0,0,0,0,0,0,0
2250770,288584,2026-05-26,MIN@CWS,1,1,complete,1,1,1,1,1,0,1,1,1,1,0,1,1,0,0,0,2,2,2,2,2,20,20,20,20,0,0,0,0,0,0,0
2250771,288582,2026-05-26,NYY@KC,1,1,complete,1,1,1,1,1,0,1,1,1,1,0,1,1,0,0,0,2,2,2,2,2,22,22,21,21,0,0,0,0,0,0,0
2250775,288587,2026-05-26,PHI@SD,1,1,complete,1,1,1,1,1,0,1,1,1,1,0,1,1,0,0,0,2,2,2,2,2,20,20,19,19,0,0,0,0,0,0,0
2250774,288586,2026-05-26,SEA@ATH,1,1,complete,1,1,1,1,1,0,1,1,1,1,0,1,1,0,0,0,2,2,2,2,2,21,21,19,19,0,0,0,0,0,0,0
2250772,288583,2026-05-26,STL@MIL,1,1,complete,1,1,1,1,1,0,1,1,1,1,0,1,1,0,0,0,2,2,2,2,2,21,21,17,17,0,0,0,0,0,0,0
2250764,288576,2026-05-26,TB@BAL,1,1,complete,1,1,1,1,1,0,1,1,1,1,0,1,1,0,0,0,2,2,2,2,2,22,22,17,17,0,0,0,0,0,0,0
2250763,288575,2026-05-26,WSH@CLE,1,1,complete,1,1,1,1,1,0,1,1,1,1,0,1,1,0,0,0,2,2,2,2,2,19,19,18,18,0,0,0,0,0,0,0
2253103,288612,2026-05-27,ARI@SF,1,1,complete,1,1,1,1,1,0,1,1,1,1,0,1,1,1,0,0,2,2,2,2,2,19,19,19,19,0,0,0,0,0,0,1
2250785,288617,2026-05-27,ATL@BOS,1,1,complete,1,1,1,1,1,0,1,1,1,1,0,1,1,1,0,0,2,2,2,2,2,22,22,18,18,0,0,0,0,0,0,1
2250784,288616,2026-05-27,CHC@PIT,1,1,complete,1,1,1,1,1,0,1,1,1,1,0,1,1,1,0,0,2,2,2,2,2,20,20,17,17,0,0,0,0,0,0,1
2250786,288618,2026-05-27,CIN@NYM,1,1,complete,1,1,1,1,1,0,1,1,1,1,0,1,1,1,0,0,1,1,1,1,1,19,19,19,19,0,0,0,0,0,0,1
2250790,288622,2026-05-27,COL@LAD,1,1,complete,1,1,1,1,1,0,1,1,1,1,0,1,1,1,0,0,2,2,2,0,0,20,20,0,0,0,0,0,0,0,0,1
2250789,288621,2026-05-27,HOU@TEX,1,1,complete,1,1,1,1,1,0,1,1,1,1,0,1,1,1,0,0,2,2,2,2,2,18,18,18,18,15,2,13,0,0,0,1
2250783,288615,2026-05-27,LAA@DET,1,1,complete,1,1,1,1,1,0,1,1,1,1,0,1,1,1,0,0,2,2,2,2,2,21,21,18,18,0,0,0,0,0,0,1
2250777,288608,2026-05-27,MIA@TOR,1,1,complete,1,1,1,1,1,0,1,1,1,1,0,1,1,1,0,0,2,2,2,2,2,18,18,18,18,0,0,0,0,0,0,1
2250787,288620,2026-05-27,MIN@CWS,1,1,complete,1,1,1,1,1,0,1,1,1,1,0,1,1,1,0,0,2,2,2,2,2,20,20,18,18,0,0,0,0,0,0,1
2250788,288619,2026-05-27,NYY@KC,1,1,complete,1,1,1,1,1,0,1,1,1,1,0,1,1,1,0,0,2,2,2,2,2,20,20,18,18,0,0,0,0,0,0,1
2250781,288613,2026-05-27,PHI@SD,1,1,complete,1,1,1,1,1,0,1,1,1,1,0,1,1,1,0,0,2,2,2,2,2,19,19,19,19,0,0,0,0,0,0,1
2250780,288611,2026-05-27,SEA@ATH,1,1,complete,1,1,1,1,1,0,1,1,1,1,0,1,1,1,0,0,2,2,2,2,2,20,20,18,18,0,0,0,0,0,0,1
2250779,288610,2026-05-27,STL@MIL,1,1,complete,1,1,1,1,1,0,1,1,1,1,0,1,1,1,0,0,2,2,2,2,2,18,18,18,18,0,0,0,0,0,0,1
2250782,288614,2026-05-27,TB@BAL,1,1,complete,1,1,1,1,1,0,1,1,1,1,0,1,1,1,0,0,2,2,2,2,2,22,22,21,21,0,0,0,0,0,0,1
2250778,288609,2026-05-27,WSH@CLE,1,1,complete,1,1,1,1,1,0,1,1,1,1,0,1,1,1,0,0,2,2,2,2,2,18,18,18,18,15,0,15,0,0,0,1
2250793,288643,2026-05-28,ATL@BOS,1,1,complete,1,1,1,1,1,0,1,1,0,1,0,1,0,1,0,0,2,2,2,0,0,0,0,0,0,0,0,0,0,0,0,1
2250795,288645,2026-05-28,CHC@PIT,1,1,complete,1,1,1,1,1,0,1,1,0,1,0,1,0,1,0,0,2,2,2,0,0,0,0,0,0,0,0,0,0,0,0,1
2250796,288646,2026-05-28,HOU@TEX,1,1,complete,1,1,1,1,1,0,1,1,0,1,0,1,0,1,0,0,2,2,2,0,0,0,0,0,0,0,0,0,0,0,0,1
2250791,288641,2026-05-28,LAA@DET,1,1,complete,1,1,1,1,1,0,1,1,0,1,0,1,0,1,0,0,2,2,2,0,0,0,0,0,0,0,0,0,0,0,0,1
2250792,288642,2026-05-28,MIN@CWS,1,1,complete,1,1,1,1,1,0,1,1,0,1,0,1,0,1,0,0,2,2,2,0,0,0,0,0,0,0,0,0,0,0,0,1
2250794,288644,2026-05-28,TOR@BAL,1,1,complete,1,1,1,1,1,0,1,1,0,1,0,1,0,1,0,0,2,2,2,0,0,0,0,0,0,0,0,0,0,0,0,1
2253133,288687,2026-05-29,ARI@SEA,1,1,complete,1,1,1,1,1,0,1,1,0,1,0,1,0,1,0,0,1,0,1,0,0,0,0,0,0,0,0,0,0,0,0,1
2250797,288674,2026-05-29,ATL@CIN,1,1,complete,1,1,1,1,1,0,1,1,0,1,0,1,0,1,0,0,2,0,2,0,0,0,0,0,0,0,0,0,0,0,0,1
2250801,288679,2026-05-29,BOS@CLE,1,1,complete,1,1,1,1,1,0,1,1,0,1,0,1,0,1,0,0,2,0,2,0,0,0,0,0,0,0,0,0,0,0,0,1
2250804,288681,2026-05-29,CHC@STL,1,1,complete,1,1,1,1,1,0,1,1,0,1,0,1,0,1,0,0,2,0,2,0,0,0,0,0,0,0,0,0,0,0,0,1
2250805,288682,2026-05-29,DET@CWS,1,1,complete,1,1,1,1,1,0,1,1,0,1,0,1,0,1,0,0,2,0,2,0,0,0,0,0,0,0,0,0,0,0,0,1
2250806,288683,2026-05-29,KC@TEX,1,1,complete,1,1,1,1,1,0,1,1,0,1,0,1,0,1,0,0,2,0,2,0,0,0,0,0,0,0,0,0,0,0,0,1
2250802,288680,2026-05-29,LAA@TB,1,1,complete,1,1,1,1,1,0,1,1,0,1,0,1,0,1,0,0,2,0,2,0,0,0,0,0,0,0,0,0,0,0,0,1
2250803,288678,2026-05-29,MIA@NYM,1,1,complete,1,1,1,1,1,0,1,1,0,1,0,1,0,1,0,0,2,0,2,0,0,0,0,0,0,0,0,0,0,0,0,1
2250807,288684,2026-05-29,MIL@HOU,1,1,complete,1,1,1,1,1,0,1,1,0,1,0,1,0,1,0,0,2,0,2,0,0,0,0,0,0,0,0,0,0,0,0,1
2250799,288676,2026-05-29,MIN@PIT,1,1,complete,1,1,1,1,1,0,1,1,0,1,0,1,0,1,0,0,2,0,2,0,0,0,0,0,0,0,0,0,0,0,0,1
2250809,288686,2026-05-29,NYY@ATH,1,1,complete,1,1,1,1,1,0,1,1,0,1,0,1,0,1,0,0,2,0,2,0,0,0,0,0,0,0,0,0,0,0,0,1
2250810,288688,2026-05-29,PHI@LAD,1,1,complete,1,1,1,1,1,0,1,1,0,1,0,1,0,1,0,0,0,0,0,0,0,0,0,0,0,0,0,0,0,0,0,1
2250798,288675,2026-05-29,SD@WSH,1,1,complete,1,1,1,1,1,0,1,1,0,1,0,1,0,1,0,0,2,0,2,0,0,0,0,0,0,0,0,0,0,0,0,1
2250808,288685,2026-05-29,SF@COL,1,1,complete,1,1,1,1,1,0,1,1,0,1,0,1,0,1,0,0,2,0,2,0,0,0,0,0,0,0,0,0,0,0,0,1
2250800,288677,2026-05-29,TOR@BAL,1,1,complete,1,1,1,1,1,0,1,1,0,1,0,1,0,1,0,0,2,0,2,0,0,0,0,0,0,0,0,0,0,0,0,1
2253148,288719,2026-05-30,ARI@SEA,1,1,complete,1,1,1,1,1,0,1,1,0,1,0,1,0,0,0,0,2,2,2,2,2,0,0,0,0,0,0,0,0,0,0,0
2250821,288714,2026-05-30,ATL@CIN,1,1,complete,1,1,1,1,1,0,1,1,0,1,0,1,0,0,0,0,2,2,2,2,2,0,0,0,0,0,0,0,0,0,0,0
2250816,288711,2026-05-30,BOS@CLE,1,1,complete,1,1,1,1,1,0,1,1,0,1,0,1,0,1,0,0,2,2,2,2,2,0,0,0,0,0,0,0,0,0,0,1
2250820,288715,2026-05-30,CHC@STL,1,1,complete,1,1,1,1,1,0,1,1,0,1,0,1,0,0,0,0,2,2,2,2,2,0,0,0,0,0,0,0,0,0,0,0
2250811,288705,2026-05-30,DET@CWS,1,1,complete,1,1,1,1,1,0,1,1,0,1,0,1,0,1,0,0,2,2,2,2,2,0,0,0,0,0,0,0,0,0,0,1
2250813,288706,2026-05-30,KC@TEX,1,1,complete,1,1,1,1,1,0,1,1,0,1,0,1,0,1,0,0,2,2,2,2,2,0,0,0,0,0,0,0,0,0,0,1
2250817,288712,2026-05-30,LAA@TB,1,1,complete,1,1,1,1,1,0,1,1,0,1,0,1,0,1,0,0,2,2,2,2,2,0,0,0,0,0,0,0,0,0,0,1
2250818,288713,2026-05-30,MIA@NYM,1,1,complete,1,1,1,1,1,0,1,1,0,1,0,1,0,1,0,0,2,2,2,2,2,0,0,0,0,0,0,0,0,0,0,1
2250819,288710,2026-05-30,MIL@HOU,1,1,complete,1,1,1,1,1,0,1,1,0,1,0,1,0,1,0,0,2,2,2,2,2,0,0,0,0,0,0,0,0,0,0,1
2250815,288709,2026-05-30,MIN@PIT,1,1,complete,1,1,1,1,1,0,1,1,0,1,0,1,0,1,0,0,2,2,2,2,2,0,0,0,0,0,0,0,0,0,0,1
2250823,288717,2026-05-30,NYY@ATH,1,1,complete,1,1,1,1,1,0,1,1,0,1,0,1,0,0,0,0,2,2,2,2,2,0,0,0,0,0,0,0,0,0,0,0
2250824,288718,2026-05-30,PHI@LAD,1,1,complete,1,1,1,1,1,0,1,1,0,1,0,1,0,0,0,0,2,2,2,2,2,0,0,0,0,0,0,0,0,0,0,0
2250812,288708,2026-05-30,SD@WSH,1,1,complete,1,1,1,1,1,0,1,1,0,1,0,1,0,1,0,0,2,2,2,2,2,0,0,0,0,0,0,0,0,0,0,1
2250822,288716,2026-05-30,SF@COL,1,1,complete,1,1,1,1,1,0,1,1,0,1,0,1,0,0,0,0,2,2,2,2,2,0,0,0,0,0,0,0,0,0,0,0
2250814,288707,2026-05-30,TOR@BAL,1,1,complete,1,1,1,1,1,0,1,1,0,1,0,1,0,1,0,0,2,2,2,2,2,0,0,0,0,0,0,0,0,0,0,1
2253162,290278,2026-05-31,ARI@SEA,1,1,complete,1,1,1,1,1,0,1,1,1,1,0,1,1,0,0,0,2,2,2,2,2,18,18,0,0,0,0,0,0,0,0,0
2250830,290270,2026-05-31,ATL@CIN,1,1,complete,1,1,1,1,1,0,1,1,1,1,0,1,1,0,0,0,2,2,2,2,2,18,18,0,0,0,0,0,0,0,0,0
2250828,290269,2026-05-31,BOS@CLE,1,1,complete,1,1,1,1,1,0,1,1,1,1,0,1,1,0,0,0,2,2,2,2,2,18,18,0,0,0,0,0,0,0,0,0
2250838,290280,2026-05-31,CHC@STL,1,1,complete,1,1,1,1,1,0,1,1,1,1,0,1,1,0,0,0,2,2,2,2,2,18,18,0,0,0,0,0,0,0,0,0
2250832,290274,2026-05-31,DET@CWS,1,1,complete,1,1,1,1,1,0,1,1,1,1,0,1,1,0,0,0,2,2,2,2,2,19,19,0,0,0,0,0,0,0,0,0
2250834,290275,2026-05-31,KC@TEX,1,1,complete,1,1,1,1,1,0,1,1,1,1,0,1,1,0,0,0,2,2,2,2,2,18,18,0,0,0,0,0,0,0,0,0
2250829,290272,2026-05-31,LAA@TB,1,1,complete,1,1,1,1,1,0,1,1,1,1,0,1,1,0,0,0,2,2,2,2,2,18,18,0,0,0,0,0,0,0,0,0
2250831,290271,2026-05-31,MIA@NYM,1,1,complete,1,1,1,1,1,0,1,1,1,1,0,1,1,0,0,0,2,2,2,2,2,18,18,0,0,0,0,0,0,0,0,0
2250833,290273,2026-05-31,MIL@HOU,1,1,complete,1,1,1,1,1,0,1,1,1,1,0,1,1,0,0,0,2,2,2,2,2,18,18,0,0,0,0,0,0,0,0,0
2250827,290268,2026-05-31,MIN@PIT,1,1,complete,1,1,1,1,1,0,1,1,1,1,0,1,1,0,0,0,2,2,2,2,2,18,18,0,0,0,0,0,0,0,0,0
2250836,290277,2026-05-31,NYY@ATH,1,1,complete,1,1,1,1,1,0,1,1,1,1,0,1,1,0,0,0,2,2,2,2,2,18,18,0,0,0,0,0,0,0,0,0
2250837,290279,2026-05-31,PHI@LAD,1,1,complete,1,1,1,1,1,0,1,1,1,1,0,1,1,0,0,0,2,2,2,2,2,18,18,0,0,0,0,0,0,0,0,0
2250826,290267,2026-05-31,SD@WSH,1,1,complete,1,1,1,1,1,0,1,1,1,1,0,1,1,0,0,0,2,2,2,2,2,18,18,0,0,0,0,0,0,0,0,0
2250835,290276,2026-05-31,SF@COL,1,1,complete,1,1,1,1,1,0,1,1,1,1,0,1,1,0,0,0,2,2,2,2,2,18,18,0,0,0,0,0,0,0,0,0
2250825,290266,2026-05-31,TOR@BAL,1,1,complete,1,1,1,1,1,0,1,1,1,1,0,1,1,0,0,0,2,2,2,2,2,18,18,0,0,0,0,0,0,0,0,0
2250845,290294,2026-06-01,COL@LAA,1,1,complete,1,1,1,1,1,0,1,1,1,1,0,1,1,1,0,0,2,2,2,2,2,20,20,18,18,0,0,0,0,0,0,1
2250842,290292,2026-06-01,CWS@MIN,1,1,complete,1,1,1,1,1,0,1,1,1,1,0,1,1,1,0,0,2,2,2,2,2,18,18,18,18,0,0,0,0,0,0,1
2250839,290288,2026-06-01,DET@TB,1,1,complete,1,1,1,1,1,0,1,1,1,1,0,1,1,1,0,0,2,2,2,2,2,18,18,17,17,0,0,0,0,0,0,1
2250841,290290,2026-06-01,KC@CIN,1,1,complete,1,1,1,1,1,0,1,1,1,1,0,1,1,1,0,0,2,2,2,2,2,18,18,18,18,0,0,0,0,0,0,1
2253172,290296,2026-06-01,LAD@ARI,1,1,complete,1,1,1,1,1,0,1,1,1,1,0,1,1,1,0,0,2,2,2,2,2,21,21,20,20,0,0,0,0,0,0,1
2250840,290289,2026-06-01,MIA@WSH,1,1,complete,1,1,1,1,1,0,1,1,1,1,0,1,1,1,0,0,2,2,2,2,2,18,18,18,18,0,0,0,0,0,0,1
2250846,290295,2026-06-01,NYM@SEA,1,1,complete,1,1,1,1,1,0,1,1,1,1,0,1,1,1,0,0,2,2,2,2,2,20,20,20,20,0,0,0,0,0,0,1
2250843,290291,2026-06-01,SF@MIL,1,1,complete,1,1,1,1,1,0,1,1,1,1,0,1,1,1,0,0,2,2,2,2,2,20,20,19,19,0,0,0,0,0,0,1
2250844,290293,2026-06-01,TEX@STL,1,1,complete,1,1,1,1,1,0,1,1,1,1,0,1,1,0,0,0,2,2,2,2,2,18,18,18,18,0,0,0,0,0,0,0
2250857,290334,2026-06-02,ATH@CHC,1,1,complete,1,1,1,1,1,0,1,1,1,1,0,1,1,1,0,0,2,2,2,2,2,18,18,18,18,0,0,0,0,0,0,1
2250849,290327,2026-06-02,BAL@BOS,1,1,complete,1,1,1,1,1,0,1,1,1,1,0,1,1,1,0,0,2,2,2,2,2,21,21,19,19,0,0,0,0,0,0,1
2250851,290328,2026-06-02,CLE@NYY,1,1,complete,1,1,1,1,1,0,1,1,1,1,0,1,1,1,0,0,2,2,2,2,2,19,19,17,17,0,0,0,0,0,0,1
2250859,290336,2026-06-02,COL@LAA,1,1,complete,1,1,1,1,1,0,1,1,1,1,0,1,1,1,0,0,2,2,2,2,2,20,20,17,17,0,0,0,0,0,0,1
2250854,290332,2026-06-02,CWS@MIN,1,1,complete,1,1,1,1,1,0,1,1,1,1,0,1,1,1,0,0,2,2,2,2,2,18,18,17,17,0,0,0,0,0,0,1
2250847,290324,2026-06-02,DET@TB,1,1,complete,1,1,1,1,1,0,1,1,1,1,0,1,1,1,0,0,2,2,2,2,2,22,22,18,18,0,0,0,0,0,0,1
2250852,290329,2026-06-02,KC@CIN,1,1,complete,1,1,1,1,1,0,1,1,1,1,0,1,1,1,0,0,2,2,2,2,2,21,21,20,20,0,0,0,0,0,0,1
2253187,290337,2026-06-02,LAD@ARI,1,1,complete,1,1,1,1,1,0,1,1,1,1,0,1,1,1,0,0,2,2,2,2,2,20,20,18,18,0,0,0,0,0,0,1
2250850,290326,2026-06-02,MIA@WSH,1,1,complete,1,1,1,1,1,0,1,1,1,1,0,1,1,1,0,0,2,2,2,2,2,20,20,19,19,0,0,0,0,0,0,1
2250860,290338,2026-06-02,NYM@SEA,1,1,complete,1,1,1,1,1,0,1,1,1,1,0,1,1,1,0,0,2,2,2,2,2,19,19,18,18,0,0,0,0,0,0,1
2250858,290335,2026-06-02,PIT@HOU,1,1,complete,1,1,1,1,1,0,1,1,1,1,0,1,1,1,0,0,2,2,2,2,2,21,21,18,18,0,0,0,0,0,0,1
2250848,290325,2026-06-02,SD@PHI,1,1,complete,1,1,1,1,1,0,1,1,1,1,0,1,1,1,0,0,2,2,2,2,2,21,21,17,17,0,0,0,0,0,0,1
2250855,290331,2026-06-02,SF@MIL,1,1,complete,1,1,1,1,1,0,1,1,1,1,0,1,1,1,0,0,2,2,2,2,2,21,21,19,19,0,0,0,0,0,0,1
2250856,290333,2026-06-02,TEX@STL,1,1,complete,1,1,1,1,1,0,1,1,1,1,0,1,1,1,0,0,2,2,2,2,2,19,19,19,19,0,0,0,0,0,0,1
2250853,290330,2026-06-02,TOR@ATL,1,1,complete,1,1,1,1,1,0,1,1,1,1,0,1,1,1,0,0,2,2,2,2,2,19,19,19,19,0,0,0,0,0,0,1
2250872,290368,2026-06-03,ATH@CHC,1,1,complete,1,1,1,1,1,0,1,1,0,1,0,1,0,1,0,1,2,2,2,2,2,0,0,0,0,0,0,0,0,0,0,1
2250866,290362,2026-06-03,BAL@BOS,1,1,complete,1,1,1,1,1,0,1,1,0,1,0,1,0,1,0,1,2,2,2,2,2,0,0,0,0,0,0,0,0,0,0,1
2250867,290363,2026-06-03,CLE@NYY,1,1,complete,1,1,1,1,1,0,1,1,0,1,0,1,0,1,0,1,2,2,2,2,2,0,0,0,0,0,0,0,0,0,0,1
2250874,290370,2026-06-03,COL@LAA,1,1,complete,1,1,1,1,1,0,1,1,0,1,0,1,0,1,0,1,2,2,2,2,2,0,0,0,0,0,0,0,0,0,0,1
2250863,290359,2026-06-03,CWS@MIN,1,1,complete,1,1,1,1,1,0,1,1,0,1,0,1,0,1,0,1,2,2,2,2,2,0,0,0,0,0,0,0,0,0,0,1
2250862,290358,2026-06-03,DET@TB,1,1,complete,1,1,1,1,1,0,1,1,0,1,0,1,0,1,0,1,2,2,2,2,2,0,0,0,0,0,0,0,0,0,0,1
2250868,290364,2026-06-03,KC@CIN,1,1,complete,1,1,1,1,1,0,1,1,0,1,0,1,0,1,0,1,2,2,2,2,2,0,0,0,0,0,0,0,0,0,0,1
2253203,290371,2026-06-03,LAD@ARI,1,1,complete,1,1,1,1,1,0,1,1,0,1,0,1,0,1,0,1,2,2,2,2,2,0,0,0,0,0,0,0,0,0,0,1
2250861,290357,2026-06-03,MIA@WSH,1,1,complete,1,1,1,1,1,0,1,1,0,1,0,1,0,1,0,1,2,2,2,2,2,0,0,0,0,0,0,0,0,0,0,1
2250864,290360,2026-06-03,NYM@SEA,1,1,complete,1,1,1,1,1,0,1,1,0,1,0,1,0,1,0,1,2,2,2,2,2,0,0,0,0,0,0,0,0,0,0,1
2250873,290369,2026-06-03,PIT@HOU,1,1,complete,1,1,1,1,1,0,1,1,0,1,0,1,0,1,0,1,2,2,2,2,2,0,0,0,0,0,0,0,0,0,0,1
2250865,290361,2026-06-03,SD@PHI,1,1,complete,1,1,1,1,1,0,1,1,0,1,0,1,0,1,0,1,2,2,2,2,2,0,0,0,0,0,0,0,0,0,0,1
2250870,290366,2026-06-03,SF@MIL,1,1,complete,1,1,1,1,1,0,1,1,0,1,0,1,0,1,0,1,2,2,2,2,2,0,0,0,0,0,0,0,0,0,0,1
2250871,290367,2026-06-03,TEX@STL,1,1,complete,1,1,1,1,1,0,1,1,0,1,0,1,0,1,0,1,2,2,2,2,2,0,0,0,0,0,0,0,0,0,0,1
2250869,290365,2026-06-03,TOR@ATL,1,1,complete,1,1,1,1,1,0,1,1,0,1,0,1,0,1,0,1,2,2,2,2,2,0,0,0,0,0,0,0,0,0,0,1
2250881,290380,2026-06-04,ATH@CHC,1,1,complete,1,1,1,1,1,0,1,1,0,1,0,1,0,1,0,1,2,2,2,2,2,0,0,0,0,12,1,11,0,0,0,1
2250876,290376,2026-06-04,BAL@BOS,1,1,complete,1,1,1,1,1,0,1,1,0,1,0,1,0,1,0,1,2,2,2,2,2,0,0,0,0,0,0,0,0,0,0,1
2250877,290375,2026-06-04,CLE@NYY,1,1,complete,1,1,1,1,1,0,1,1,0,1,0,1,0,1,0,1,2,2,2,2,2,0,0,0,0,0,0,0,0,0,0,1
2250880,290379,2026-06-04,KC@MIN,1,1,complete,1,1,1,1,1,0,1,1,0,1,0,1,0,1,0,1,2,2,2,2,2,0,0,0,0,0,0,0,0,0,0,1
2253212,290382,2026-06-04,LAD@ARI,1,1,complete,1,1,1,1,1,0,1,1,0,1,0,1,0,1,0,1,2,2,2,0,0,0,0,0,0,0,0,0,0,0,0,1
2250882,290381,2026-06-04,PIT@HOU,1,1,complete,1,1,1,1,1,0,1,1,0,1,0,1,0,1,0,1,2,2,2,2,2,0,0,0,0,12,2,10,0,0,0,1
2250875,290374,2026-06-04,SD@PHI,1,1,complete,1,1,1,1,1,0,1,1,0,1,0,1,0,1,0,1,2,2,2,2,2,0,0,0,0,0,0,0,0,0,0,1
2250878,290377,2026-06-04,SF@MIL,1,1,complete,1,1,1,1,1,0,1,1,0,1,0,1,0,1,0,1,2,2,2,2,2,0,0,0,0,0,0,0,0,0,0,1
2250879,290378,2026-06-04,TOR@ATL,1,1,complete,1,1,1,1,1,0,1,1,0,1,0,1,0,1,0,1,2,2,2,2,2,0,0,0,0,0,0,0,0,0,0,1
2250890,290408,2026-06-05,ATH@HOU,1,1,complete,1,1,1,1,1,0,1,1,0,1,0,1,0,1,0,1,1,1,1,1,1,0,0,0,0,0,0,0,0,0,0,1
2250887,290405,2026-06-05,BAL@TOR,1,1,complete,1,1,1,1,1,0,1,1,0,1,0,1,0,1,0,1,2,2,2,2,2,0,0,0,0,0,0,0,0,0,0,1
2250886,290404,2026-06-05,BOS@NYY,1,1,complete,1,1,1,1,1,0,1,1,0,1,0,1,0,1,0,1,2,2,2,2,2,0,0,0,0,0,0,0,0,0,0,1
2250891,290409,2026-06-05,CIN@STL,1,1,complete,1,1,1,1,1,0,1,1,0,1,0,1,0,1,0,1,2,2,2,2,2,0,0,0,0,0,0,0,0,0,0,1
2250892,290410,2026-06-05,CLE@TEX,1,1,complete,1,1,1,1,1,0,1,1,0,1,0,1,0,1,0,1,2,2,2,2,2,0,0,0,0,0,0,0,0,0,0,1
2250885,290403,2026-06-05,CWS@PHI,1,1,complete,1,1,1,1,1,0,1,1,0,1,0,1,0,1,0,1,2,2,2,2,2,0,0,0,0,0,0,0,0,0,0,1
2250893,290411,2026-06-05,KC@MIN,1,1,complete,1,1,1,1,1,0,1,1,0,1,0,1,0,1,0,1,2,2,2,2,2,0,0,0,0,0,0,0,0,0,0,1
2250896,290415,2026-06-05,LAA@LAD,1,1,complete,1,1,1,1,1,0,1,1,0,1,0,1,0,1,0,1,2,2,2,2,2,0,0,0,0,0,0,0,0,0,0,1
2250894,290412,2026-06-05,MIL@COL,1,1,complete,1,1,1,1,1,0,1,1,0,1,0,1,0,1,0,1,2,2,2,2,2,0,0,0,0,0,0,0,0,0,0,1
2250895,290413,2026-06-05,NYM@SD,1,1,complete,1,1,1,1,1,0,1,1,0,1,0,1,0,1,0,1,2,2,2,2,2,0,0,0,0,0,0,0,0,0,0,1
2250889,290407,2026-06-05,PIT@ATL,1,1,complete,1,1,1,1,1,0,1,1,0,1,0,1,0,1,0,1,2,2,2,2,2,0,0,0,0,0,0,0,0,0,0,1
2250884,290402,2026-06-05,SEA@DET,1,1,complete,1,1,1,1,1,0,1,1,0,1,0,1,0,1,0,1,2,2,2,2,2,0,0,0,0,0,0,0,0,0,0,1
2250883,290401,2026-06-05,SF@CHC,1,1,complete,1,1,1,1,1,0,1,1,0,1,0,1,0,1,0,1,2,2,2,2,2,0,0,0,0,0,0,0,0,0,0,1
2250888,290406,2026-06-05,TB@MIA,1,1,complete,1,1,1,1,1,0,1,1,0,1,0,1,0,1,0,1,2,2,2,2,2,0,0,0,0,0,0,0,0,0,0,1
2253225,290414,2026-06-05,WSH@ARI,1,1,complete,1,1,1,1,1,0,1,1,0,1,0,1,0,1,0,1,2,2,2,2,2,0,0,0,0,0,0,0,0,0,0,1
2250903,290424,2026-06-06,ATH@HOU,1,1,complete,1,1,1,1,1,0,1,1,0,1,0,1,0,0,0,1,1,0,1,0,0,0,0,0,0,0,0,0,0,0,0,0
2250901,290420,2026-06-06,BAL@TOR,1,1,complete,1,1,1,1,1,0,1,1,0,1,0,1,0,0,0,1,1,1,1,0,0,0,0,0,0,0,0,0,0,0,0,0
2250907,290426,2026-06-06,BOS@NYY,1,0,postponed,1,1,1,1,0,0,1,1,0,0,0,1,0,0,0,1,2,2,2,0,0,0,0,0,0,0,0,0,0,0,0,0
2250899,290418,2026-06-06,CIN@STL,1,1,complete,1,1,1,1,1,0,1,1,0,1,0,1,0,0,0,1,2,2,2,0,0,0,0,0,0,0,0,0,0,0,0,0
2250906,290427,2026-06-06,CLE@TEX,1,1,complete,1,1,1,1,1,0,1,1,0,1,0,1,0,0,0,1,2,2,2,0,0,0,0,0,0,0,0,0,0,0,0,0
2250902,290421,2026-06-06,CWS@PHI,1,1,complete,1,1,1,1,1,0,1,1,0,1,0,1,0,0,0,1,2,1,2,0,0,0,0,0,0,0,0,0,0,0,0,0
2250898,290417,2026-06-06,KC@MIN,1,1,complete,1,1,1,1,1,0,1,1,0,1,0,1,0,0,0,1,2,2,2,0,0,0,0,0,0,0,0,0,0,0,0,0
2250909,290430,2026-06-06,LAA@LAD,1,1,complete,1,1,1,1,1,0,1,1,0,1,0,1,0,0,0,1,2,2,2,0,0,0,0,0,0,0,0,0,0,0,0,0
2250908,290428,2026-06-06,MIL@COL,1,1,complete,1,1,1,1,1,0,1,1,0,1,0,1,0,0,0,1,2,2,2,0,0,0,0,0,0,0,0,0,0,0,0,0
2250910,290429,2026-06-06,NYM@SD,1,1,complete,1,1,1,1,1,0,1,1,0,1,0,1,0,0,0,1,2,2,2,0,0,0,0,0,0,0,0,0,0,0,0,0
2250904,290422,2026-06-06,PIT@ATL,1,1,complete,1,1,1,1,1,0,1,1,0,1,0,1,0,0,0,1,2,2,2,0,0,0,0,0,0,0,0,0,0,0,0,0
2250897,290416,2026-06-06,SEA@DET,1,1,complete,1,1,1,1,1,0,1,1,0,1,0,1,0,0,0,1,2,2,2,0,0,0,0,0,0,0,0,0,0,0,0,0
2250900,290419,2026-06-06,SF@CHC,1,1,complete,1,1,1,1,1,0,1,1,0,1,0,1,0,0,0,1,2,1,2,0,0,0,0,0,0,0,0,0,0,0,0,0
2250905,290425,2026-06-06,TB@MIA,1,1,complete,1,1,1,1,1,0,1,1,0,1,0,1,0,0,0,1,2,1,2,0,0,0,0,0,0,0,0,0,0,0,0,0
2253234,290423,2026-06-06,WSH@ARI,1,1,complete,1,1,1,1,1,0,1,1,0,1,0,1,0,0,0,1,2,2,2,0,0,0,0,0,0,0,0,0,0,0,0,0
2250917,290447,2026-06-07,ATH@HOU,1,1,complete,1,1,1,1,1,0,1,1,0,1,0,1,0,1,0,1,2,2,2,2,2,0,0,0,0,0,0,0,0,0,0,1
2250914,290443,2026-06-07,BAL@TOR,1,1,complete,1,1,1,1,1,0,1,1,0,1,0,1,0,1,0,1,2,2,2,2,2,0,0,0,0,0,0,0,0,0,0,1
2250913,290440,2026-06-07,BOS@NYY,1,1,complete,1,1,1,1,1,0,1,1,0,1,0,1,0,1,0,1,2,2,2,2,2,0,0,0,0,0,0,0,0,0,0,1
2250919,290448,2026-06-07,CIN@STL,1,1,complete,1,1,1,1,1,0,1,1,0,1,0,1,0,1,0,1,2,2,2,2,2,0,0,0,0,0,0,0,0,0,0,1
2250920,290449,2026-06-07,CLE@TEX,1,1,complete,1,1,1,1,1,0,1,1,0,1,0,1,0,1,0,1,2,2,2,2,2,0,0,0,0,0,0,0,0,0,0,1
2250912,290442,2026-06-07,CWS@PHI,1,1,complete,1,1,1,1,1,0,1,1,0,1,0,1,0,1,0,1,2,2,2,2,2,0,0,0,0,0,0,0,0,0,0,1
2250918,290446,2026-06-07,KC@MIN,1,1,complete,1,1,1,1,1,0,1,1,0,1,0,1,0,1,0,1,2,2,2,2,2,0,0,0,0,0,0,0,0,0,0,1
2250922,290453,2026-06-07,LAA@LAD,1,1,complete,1,1,1,1,1,0,1,1,0,1,0,1,0,1,0,1,2,2,2,0,0,0,0,0,0,0,0,0,0,0,0,1
2250921,290450,2026-06-07,MIL@COL,1,1,complete,1,1,1,1,1,0,1,1,0,1,0,1,0,1,0,1,2,2,2,2,2,0,0,0,0,0,0,0,0,0,0,1
2250923,290452,2026-06-07,NYM@SD,1,1,complete,1,1,1,1,1,0,1,1,0,1,0,1,0,1,0,1,2,2,2,2,2,0,0,0,0,0,0,0,0,0,0,1
2250911,290441,2026-06-07,PIT@ATL,1,1,complete,1,1,1,1,1,0,1,1,0,1,0,1,0,1,0,1,2,2,2,2,2,0,0,0,0,0,0,0,0,0,0,1
2250915,290444,2026-06-07,SEA@DET,1,1,complete,1,1,1,1,1,0,1,1,0,1,0,1,0,1,0,1,2,2,2,2,2,0,0,0,0,0,0,0,0,0,0,1
2250924,290454,2026-06-07,SF@CHC,1,1,complete,1,1,1,1,1,0,1,1,0,1,0,1,0,1,0,1,2,2,2,0,0,0,0,0,0,0,0,0,0,0,0,1
2250916,290445,2026-06-07,TB@MIA,1,1,complete,1,1,1,1,1,0,1,1,0,1,0,1,0,1,0,1,2,2,2,2,2,0,0,0,0,0,0,0,0,0,0,1
2253254,290451,2026-06-07,WSH@ARI,1,1,complete,1,1,1,1,1,0,1,1,0,1,0,1,0,1,0,1,2,2,2,2,2,0,0,0,0,0,0,0,0,0,0,1
2250926,290497,2026-06-08,BOS@TB,1,1,complete,1,1,1,1,1,0,1,1,0,1,0,1,0,1,0,1,2,2,2,2,2,0,0,0,0,0,0,0,0,0,0,1
2250930,290501,2026-06-08,CIN@SD,1,1,complete,1,1,1,1,1,0,1,1,0,1,0,1,0,1,0,1,2,2,2,2,2,0,0,0,0,0,0,0,0,0,0,1
2250929,290500,2026-06-08,HOU@LAA,1,1,complete,1,1,1,1,1,0,1,1,0,1,0,1,0,1,0,1,2,2,2,2,2,0,0,0,0,0,0,0,0,0,0,1
2250932,290503,2026-06-08,MIL@ATH,1,1,complete,1,1,1,1,1,0,1,1,0,1,0,1,0,1,0,1,2,2,2,0,0,0,0,0,0,0,0,0,0,0,0,1
2250927,290498,2026-06-08,NYY@CLE,1,1,complete,1,1,1,1,1,0,1,1,0,1,0,1,0,1,0,1,2,2,2,2,2,0,0,0,0,0,0,0,0,0,0,1
2250928,290499,2026-06-08,PHI@TOR,1,1,complete,1,1,1,1,1,0,1,1,0,1,0,1,0,1,0,1,2,2,2,2,2,0,0,0,0,0,0,0,0,0,0,1
2250925,290496,2026-06-08,SEA@BAL,1,1,complete,1,1,1,1,1,0,1,1,0,1,0,1,0,1,0,1,2,2,2,2,2,0,0,0,0,0,0,0,0,0,0,1
2250931,290502,2026-06-08,WSH@SF,1,1,complete,1,1,1,1,1,0,1,1,0,1,0,1,0,1,0,1,2,2,2,0,0,0,0,0,0,0,0,0,0,0,0,1
2253270,290557,2026-06-09,ARI@MIA,1,1,complete,1,1,1,1,1,0,1,1,0,1,0,1,0,1,0,1,2,2,2,2,2,0,0,0,0,0,0,0,0,0,0,1
2250941,290563,2026-06-09,ATL@CWS,1,1,complete,1,1,1,1,1,0,1,1,0,1,0,1,0,1,0,1,2,2,2,2,2,0,0,0,0,0,0,0,0,0,0,1
2250935,290558,2026-06-09,BOS@TB,1,1,complete,1,1,1,1,1,0,1,1,0,1,0,1,0,1,0,1,2,2,2,2,2,0,0,0,0,0,0,0,0,0,0,1
2250942,290565,2026-06-09,CHC@COL,1,1,complete,1,1,1,1,1,0,1,1,0,1,0,1,0,1,0,1,2,2,2,2,2,0,0,0,0,0,0,0,0,0,0,1
2250944,290567,2026-06-09,CIN@SD,1,1,complete,1,1,1,1,1,0,1,1,0,1,0,1,0,1,0,1,2,2,2,2,2,0,0,0,0,0,0,0,0,0,0,1
2250943,290566,2026-06-09,HOU@LAA,1,1,complete,1,1,1,1,1,0,1,1,0,1,0,1,0,1,0,1,2,2,2,2,2,0,0,0,0,0,0,0,0,0,0,1
2250934,290556,2026-06-09,LAD@PIT,1,1,complete,1,1,1,1,1,0,1,1,0,1,0,1,0,1,0,1,2,2,2,2,2,0,0,0,0,0,0,0,0,0,0,1
2250946,290569,2026-06-09,MIL@ATH,1,1,complete,1,1,1,1,1,0,1,1,0,1,0,1,0,1,0,1,2,2,2,2,2,0,0,0,0,0,0,0,0,0,0,1
2250936,290560,2026-06-09,MIN@DET,1,1,complete,1,1,1,1,1,0,1,1,0,1,0,1,0,1,0,1,2,2,2,2,2,0,0,0,0,0,0,0,0,0,0,1
2250937,290559,2026-06-09,NYY@CLE,1,1,complete,1,1,1,1,1,0,1,1,0,1,0,1,0,1,0,1,2,2,2,2,2,0,0,0,0,0,0,0,0,0,0,1
2250938,290561,2026-06-09,PHI@TOR,1,1,complete,1,1,1,1,1,0,1,1,0,1,0,1,0,1,0,1,2,2,2,2,2,0,0,0,0,0,0,0,0,0,0,1
2250933,290555,2026-06-09,SEA@BAL,1,1,complete,1,1,1,1,1,0,1,1,0,1,0,1,0,1,0,1,2,2,2,2,2,0,0,0,0,0,0,0,0,0,0,1
2250939,290562,2026-06-09,STL@NYM,1,1,complete,1,1,1,1,1,0,1,1,0,1,0,1,0,1,0,1,2,2,2,2,2,0,0,0,0,0,0,0,0,0,0,1
2250940,290564,2026-06-09,TEX@KC,1,1,complete,1,1,1,1,1,0,1,1,0,1,0,1,0,1,0,1,2,2,2,2,2,0,0,0,0,0,0,0,0,0,0,1
2250945,290568,2026-06-09,WSH@SF,1,1,complete,1,1,1,1,1,0,1,1,0,1,0,1,0,1,0,1,2,2,2,2,2,0,0,0,0,0,0,0,0,0,0,1
2253288,290594,2026-06-10,ARI@MIA,1,1,complete,1,1,1,1,1,0,1,1,0,1,0,1,0,1,0,1,2,2,2,2,2,0,0,0,0,0,0,0,0,0,0,1
2250957,290599,2026-06-10,ATL@CWS,1,1,complete,1,1,1,1,1,0,1,1,0,1,0,1,0,1,0,1,2,2,2,2,2,0,0,0,0,0,0,0,0,0,0,1
2250947,290589,2026-06-10,BOS@TB,1,1,complete,1,1,1,1,1,0,1,1,0,1,0,1,0,1,0,1,2,2,2,2,2,0,0,0,0,0,0,0,0,0,0,1
2250958,290600,2026-06-10,CHC@COL,1,1,complete,1,1,1,1,1,0,1,1,0,1,0,1,0,1,0,1,2,2,2,2,2,0,0,0,0,0,0,0,0,0,0,1
2250950,290591,2026-06-10,CIN@SD,1,1,complete,1,1,1,1,1,0,1,1,0,1,0,1,0,1,0,1,2,2,2,2,2,0,0,0,0,0,0,0,0,0,0,1
2250960,290602,2026-06-10,HOU@LAA,1,1,complete,1,1,1,1,1,0,1,1,0,1,0,1,0,1,0,1,2,2,2,2,2,0,0,0,0,0,0,0,0,0,0,1
2250952,290595,2026-06-10,LAD@PIT,1,1,complete,1,1,1,1,1,0,1,1,0,1,0,1,0,1,0,1,2,2,2,2,2,0,0,0,0,0,0,0,0,0,0,1
2250959,290601,2026-06-10,MIL@ATH,1,1,complete,1,1,1,1,1,0,1,1,0,1,0,1,0,1,0,1,1,1,1,1,1,0,0,0,0,0,0,0,0,0,0,1
2250953,290593,2026-06-10,MIN@DET,1,1,complete,1,1,1,1,1,0,1,1,0,1,0,1,0,1,0,1,2,2,2,2,2,0,0,0,0,0,0,0,0,0,0,1
2250948,290588,2026-06-10,NYY@CLE,1,1,complete,1,1,1,1,1,0,1,1,0,1,0,1,0,1,0,1,2,2,2,2,2,0,0,0,0,0,0,0,0,0,0,1
2250954,290596,2026-06-10,PHI@TOR,1,1,complete,1,1,1,1,1,0,1,1,0,1,0,1,0,1,0,1,2,2,2,2,2,0,0,0,0,0,0,0,0,0,0,1
2250951,290592,2026-06-10,SEA@BAL,1,1,complete,1,1,1,1,1,0,1,1,0,1,0,1,0,1,0,1,2,2,2,2,2,0,0,0,0,0,0,0,0,0,0,1
2250955,290597,2026-06-10,STL@NYM,1,1,complete,1,1,1,1,1,0,1,1,0,1,0,1,0,1,0,1,2,2,2,2,2,0,0,0,0,0,0,0,0,0,0,1
2250956,290598,2026-06-10,TEX@KC,1,1,complete,1,1,1,1,1,0,1,1,0,1,0,1,0,1,0,1,2,2,2,2,2,0,0,0,0,0,0,0,0,0,0,1
2250949,290590,2026-06-10,WSH@SF,1,1,complete,1,1,1,1,1,0,1,1,0,1,0,1,0,1,0,1,2,2,2,2,2,0,0,0,0,0,0,0,0,0,0,1
2253298,290623,2026-06-11,ARI@MIA,1,1,complete,1,1,1,1,1,0,1,1,0,1,0,1,0,0,0,1,2,2,2,2,2,0,0,0,0,0,0,0,0,0,0,0
2250967,290628,2026-06-11,ATL@CWS,1,0,postponed,1,1,1,1,0,0,1,1,0,0,0,1,0,0,0,1,2,2,2,0,0,0,0,0,0,0,0,0,0,0,0,0
2250964,290625,2026-06-11,CHC@COL,1,1,complete,1,1,1,1,1,0,1,1,0,1,0,1,0,0,0,1,2,2,2,2,2,0,0,0,0,0,0,0,0,0,0,0
2250965,290626,2026-06-11,LAD@PIT,1,1,complete,1,1,1,1,1,0,1,1,0,1,0,1,0,0,0,1,2,2,2,0,0,0,0,0,0,0,0,0,0,0,0,0
2250962,290621,2026-06-11,MIN@DET,1,1,complete,1,1,1,1,1,0,1,1,0,1,0,1,0,1,0,1,2,2,2,2,2,0,0,0,0,12,1,11,0,0,0,1
2250966,290627,2026-06-11,SEA@BAL,1,1,complete,1,1,1,1,1,0,1,1,0,1,0,1,0,0,0,1,2,2,2,0,0,0,0,0,0,0,0,0,0,0,0,0
2250961,290622,2026-06-11,STL@NYM,1,1,complete,1,1,1,1,1,0,1,1,0,1,0,1,0,1,0,1,2,2,2,2,2,0,0,0,0,0,0,0,0,0,0,1
2250963,290624,2026-06-11,TEX@KC,1,1,complete,1,1,1,1,1,0,1,1,0,1,0,1,0,0,0,1,2,2,2,2,2,0,0,0,0,0,0,0,0,0,0,0
2253309,290660,2026-06-12,ARI@CIN,1,1,complete,1,1,1,1,1,0,1,1,0,1,0,1,0,1,0,1,2,2,2,2,2,0,0,0,0,0,0,0,0,0,0,1
2250973,290659,2026-06-12,ATL@NYM,1,1,complete,1,1,1,1,1,0,1,1,0,1,0,1,0,1,0,1,2,2,2,2,2,0,0,0,0,0,0,0,0,0,0,1
2250981,290668,2026-06-12,CHC@SF,1,1,complete,1,1,1,1,1,0,1,1,0,1,0,1,0,1,0,1,2,2,2,2,2,0,0,0,0,0,0,0,0,0,0,1
2250980,290667,2026-06-12,COL@ATH,1,1,complete,1,1,1,1,1,0,1,1,0,1,0,1,0,1,0,1,2,2,2,2,2,0,0,0,0,0,0,0,0,0,0,1
2250971,290657,2026-06-12,DET@CLE,1,1,complete,1,1,1,1,1,0,1,1,0,1,0,1,0,1,0,1,2,2,2,2,2,0,0,0,0,0,0,0,0,0,0,1
2250977,290664,2026-06-12,HOU@KC,1,1,complete,1,1,1,1,1,0,1,1,0,1,0,1,0,1,0,1,2,2,2,2,2,0,0,0,0,0,0,0,0,0,0,1
2250975,290663,2026-06-12,LAD@CWS,1,1,complete,1,1,1,1,1,0,1,1,0,1,0,1,0,1,0,1,2,2,2,2,2,0,0,0,0,0,0,0,0,0,0,1
2250968,290654,2026-06-12,MIA@PIT,1,1,complete,1,1,1,1,1,0,1,1,0,1,0,1,0,1,0,1,2,2,2,2,2,0,0,0,0,0,0,0,0,0,0,1
2250974,290661,2026-06-12,NYY@TOR,1,1,complete,1,1,1,1,1,0,1,1,0,1,0,1,0,1,0,1,2,2,2,2,2,0,0,0,0,0,0,0,0,0,0,1
2250976,290662,2026-06-12,PHI@MIL,1,1,complete,1,1,1,1,1,0,1,1,0,1,0,1,0,1,0,1,2,2,2,2,2,0,0,0,0,0,0,0,0,0,0,1
2250970,290656,2026-06-12,SD@BAL,1,1,complete,1,1,1,1,1,0,1,1,0,1,0,1,0,1,0,1,2,2,2,2,2,0,0,0,0,0,0,0,0,0,0,1
2250969,290655,2026-06-12,SEA@WSH,1,1,complete,1,1,1,1,1,0,1,1,0,1,0,1,0,1,0,1,2,2,2,2,2,0,0,0,0,0,0,0,0,0,0,1
2250978,290665,2026-06-12,STL@MIN,1,1,complete,1,1,1,1,1,0,1,1,0,1,0,1,0,1,0,1,2,2,2,2,2,0,0,0,0,0,0,0,0,0,0,1
2250979,290666,2026-06-12,TB@LAA,1,1,complete,1,1,1,1,1,0,1,1,0,1,0,1,0,1,0,1,2,2,2,2,2,0,0,0,0,0,0,0,0,0,0,1
2250972,290658,2026-06-12,TEX@BOS,1,1,complete,1,1,1,1,1,0,1,1,0,1,0,1,0,1,0,1,2,2,2,2,2,0,0,0,0,0,0,0,0,0,0,1
2253324,290678,2026-06-13,ARI@CIN,1,1,complete,1,1,1,1,1,0,1,1,0,1,0,1,0,1,0,1,2,2,2,2,2,0,0,0,0,0,0,0,0,0,0,1
2250989,290677,2026-06-13,ATL@NYM,1,1,complete,1,1,1,1,1,0,1,1,0,1,0,1,0,1,0,1,2,2,2,2,2,0,0,0,0,0,0,0,0,0,0,1
2250994,290683,2026-06-13,CHC@SF,1,1,complete,1,1,1,1,1,0,1,1,0,1,0,1,0,1,0,1,2,2,2,0,0,0,0,0,0,0,0,0,0,0,0,1
2250993,290682,2026-06-13,COL@ATH,1,1,complete,1,1,1,1,1,0,1,1,0,1,0,1,0,1,0,1,2,2,2,0,0,0,0,0,0,0,0,0,0,0,0,1
2250987,290679,2026-06-13,DET@CLE,1,1,complete,1,1,1,1,1,0,1,1,0,1,0,1,0,1,0,1,2,2,2,2,2,0,0,0,0,0,0,0,0,0,0,1
2250991,290680,2026-06-13,HOU@KC,1,1,complete,1,1,1,1,1,0,1,1,0,1,0,1,0,1,0,1,2,2,2,0,0,0,0,0,0,0,0,0,0,0,0,1
2250990,290676,2026-06-13,LAD@CWS,1,1,complete,1,1,1,1,1,0,1,1,0,1,0,1,0,1,0,1,2,2,2,2,2,0,0,0,0,0,0,0,0,0,0,1
2250986,290674,2026-06-13,MIA@PIT,1,1,complete,1,1,1,1,1,0,1,1,0,1,0,1,0,1,0,1,2,2,2,2,2,0,0,0,0,0,0,0,0,0,0,1
2250983,290671,2026-06-13,NYY@TOR,1,1,complete,1,1,1,1,1,0,1,1,0,1,0,1,0,1,0,1,2,2,2,2,2,0,0,0,0,0,0,0,0,0,0,1
2250992,290681,2026-06-13,PHI@MIL,1,1,complete,1,1,1,1,1,0,1,1,0,1,0,1,0,1,0,1,2,2,2,0,0,0,0,0,0,0,0,0,0,0,0,1
2250984,290673,2026-06-13,SD@BAL,1,1,complete,1,1,1,1,1,0,1,1,0,1,0,1,0,1,0,1,2,2,2,2,2,0,0,0,0,0,0,0,0,0,0,1
2250985,290672,2026-06-13,SEA@WSH,1,1,complete,1,1,1,1,1,0,1,1,0,1,0,1,0,1,0,1,2,2,2,2,2,0,0,0,0,0,0,0,0,0,0,1
2250982,290670,2026-06-13,STL@MIN,1,1,complete,1,1,1,1,1,0,1,1,0,1,0,1,0,1,0,1,2,2,2,2,2,0,0,0,0,0,0,0,0,0,0,1
2250995,290684,2026-06-13,TB@LAA,1,1,complete,1,1,1,1,1,0,1,1,0,1,0,1,0,1,0,1,2,2,2,0,0,0,0,0,0,0,0,0,0,0,0,1
2250988,290675,2026-06-13,TEX@BOS,1,1,complete,1,1,1,1,1,0,1,1,0,1,0,1,0,1,0,1,2,2,2,2,2,0,0,0,0,0,0,0,0,0,0,1
2253338,290691,2026-06-14,ARI@CIN,1,1,complete,1,1,1,1,1,0,1,1,0,1,0,1,0,1,0,1,2,2,2,2,2,0,0,0,0,0,0,0,0,0,0,1
2251001,290690,2026-06-14,ATL@NYM,1,1,complete,1,1,1,1,1,0,1,1,0,1,0,1,0,1,0,1,2,2,2,2,2,0,0,0,0,0,0,0,0,0,0,1
2251007,290698,2026-06-14,CHC@SF,1,1,complete,1,1,1,1,1,0,1,1,0,1,0,1,0,1,0,1,2,2,2,0,0,0,0,0,0,0,0,0,0,0,0,1
2251006,290697,2026-06-14,COL@ATH,1,1,complete,1,1,1,1,1,0,1,1,0,1,0,1,0,1,0,1,2,2,2,0,0,0,0,0,0,0,0,0,0,0,0,1
2251000,290692,2026-06-14,DET@CLE,1,0,postponed,1,1,1,1,0,0,1,1,0,0,0,1,0,0,0,1,2,2,2,0,0,0,0,0,0,0,0,0,0,0,0,0
2251002,290693,2026-06-14,HOU@KC,1,1,complete,1,1,1,1,1,0,1,1,0,1,0,1,0,1,0,1,2,2,2,0,0,0,0,0,0,0,0,0,0,0,0,1
2251004,290695,2026-06-14,LAD@CWS,1,1,complete,1,1,1,1,1,0,1,1,0,1,0,1,0,1,0,1,1,1,1,0,0,0,0,0,0,0,0,0,0,0,0,1
2250996,290686,2026-06-14,MIA@PIT,1,1,complete,1,1,1,1,1,0,1,1,0,0,0,1,0,1,0,1,2,2,2,2,2,0,0,0,0,14,0,6,0,0,0,1
2250999,290689,2026-06-14,NYY@TOR,1,1,complete,1,1,1,1,1,0,1,1,0,1,0,1,0,1,0,1,2,2,2,2,2,0,0,0,0,0,0,0,0,0,0,1
2251005,290696,2026-06-14,PHI@MIL,1,1,complete,1,1,1,1,1,0,1,1,0,1,0,1,0,1,0,1,2,2,2,0,0,0,0,0,0,0,0,0,0,0,0,1
2250997,290687,2026-06-14,SD@BAL,1,1,complete,1,1,1,1,1,0,1,1,0,1,0,1,0,1,0,1,2,2,2,2,2,0,0,0,0,0,0,0,0,0,0,1
2250998,290688,2026-06-14,SEA@WSH,1,1,complete,1,1,1,1,1,0,1,1,0,1,0,1,0,1,0,1,2,2,2,2,2,0,0,0,0,0,0,0,0,0,0,1
2251003,290694,2026-06-14,STL@MIN,1,1,complete,1,1,1,1,1,0,1,1,0,1,0,1,0,1,0,1,2,2,2,0,0,0,0,0,0,0,0,0,0,0,0,1
2251008,290699,2026-06-14,TB@LAA,1,1,complete,1,1,1,1,1,0,1,1,0,1,0,1,0,1,0,1,2,2,2,0,0,0,0,0,0,0,0,0,0,0,0,1
2251009,290700,2026-06-14,TEX@BOS,1,1,complete,1,1,1,1,1,0,1,1,0,1,0,1,0,1,0,1,2,2,2,0,0,0,0,0,0,0,0,0,0,0,0,1
2251014,290724,2026-06-15,COL@CHC,1,1,complete,1,1,1,1,1,0,1,1,0,1,0,1,0,1,0,1,2,2,2,2,2,0,0,0,0,0,0,0,0,0,0,1
2251016,290726,2026-06-15,DET@HOU,1,1,complete,1,1,1,1,1,0,1,1,0,1,0,1,0,1,0,1,2,2,2,2,2,0,0,0,0,0,0,0,0,0,0,1
2251011,290721,2026-06-15,KC@WSH,1,1,complete,1,1,1,1,1,0,1,1,0,1,0,1,0,1,0,1,2,2,2,2,2,0,0,0,0,0,0,0,0,0,0,1
2253356,290727,2026-06-15,LAA@ARI,1,1,complete,1,1,1,1,1,0,1,1,0,1,0,1,0,1,0,1,2,2,2,2,2,0,0,0,0,12,1,11,0,0,0,1
2251010,290720,2026-06-15,MIA@PHI,1,1,complete,1,1,1,1,1,0,1,1,0,1,0,1,0,1,0,1,2,2,2,2,2,0,0,0,0,12,0,12,0,0,0,1
2251015,290725,2026-06-15,MIN@TEX,1,1,complete,1,1,1,1,1,0,1,1,0,1,0,1,0,1,0,1,2,2,2,2,2,0,0,0,0,12,2,10,0,0,0,1
2251012,290722,2026-06-15,NYM@CIN,1,1,complete,1,1,1,1,1,0,1,1,0,1,0,1,0,1,0,1,2,2,2,2,2,0,0,0,0,0,0,0,0,0,0,1
2251017,290728,2026-06-15,PIT@ATH,1,1,complete,1,1,1,1,1,0,1,1,0,1,0,1,0,1,0,1,2,2,2,2,2,0,0,0,0,12,3,9,0,0,0,1
2251013,290723,2026-06-15,SD@STL,1,1,complete,1,1,1,1,1,0,1,1,0,1,0,1,0,1,0,1,2,2,2,2,2,0,0,0,0,12,1,11,0,0,0,1
2251018,290729,2026-06-15,TB@LAD,1,1,complete,1,1,1,1,1,0,1,1,0,1,0,1,0,1,0,1,2,2,2,2,1,0,0,0,0,12,0,12,0,0,0,1
2251031,290765,2026-06-16,BAL@SEA,1,1,complete,1,1,1,1,1,0,1,1,0,1,0,1,0,1,0,1,2,2,2,2,2,0,0,0,0,0,0,0,0,0,0,1
2251025,290759,2026-06-16,CLE@MIL,1,1,complete,1,1,1,1,1,0,1,1,0,1,0,1,0,1,0,1,2,2,2,2,2,0,0,0,0,12,0,12,0,0,0,1
2251027,290762,2026-06-16,COL@CHC,1,1,complete,1,1,1,1,1,0,1,1,0,1,0,1,0,1,0,1,2,2,2,2,2,0,0,0,0,12,2,10,0,0,0,1
2251022,290756,2026-06-16,CWS@NYY,1,1,complete,1,1,1,1,1,0,1,1,0,1,0,1,0,1,0,1,2,2,2,2,2,0,0,0,0,12,0,12,0,0,0,1
2251029,290763,2026-06-16,DET@HOU,1,1,complete,1,1,1,1,1,0,1,1,0,1,0,1,0,1,0,1,2,2,2,2,2,0,0,0,0,12,1,11,0,0,0,1
2251020,290755,2026-06-16,KC@WSH,1,1,complete,1,1,1,1,1,0,1,1,0,1,0,1,0,1,0,1,2,2,2,2,2,0,0,0,0,12,1,11,0,0,0,1
2253370,290764,2026-06-16,LAA@ARI,1,1,complete,1,1,1,1,1,0,1,1,0,1,0,1,0,1,0,1,2,2,2,2,2,0,0,0,0,0,0,0,0,0,0,1
2251019,290753,2026-06-16,MIA@PHI,1,1,complete,1,1,1,1,1,0,1,1,0,1,0,1,0,1,0,1,2,2,2,2,2,0,0,0,0,12,1,11,0,0,0,1
2251028,290761,2026-06-16,MIN@TEX,1,1,complete,1,1,1,1,1,0,1,1,0,1,0,1,0,1,0,1,2,2,2,2,2,0,0,0,0,12,1,11,0,0,0,1
2251023,290757,2026-06-16,NYM@CIN,1,1,complete,1,1,1,1,1,0,1,1,0,1,0,1,0,1,0,1,2,2,2,2,2,0,0,0,0,0,0,0,0,0,0,1
2251030,290766,2026-06-16,PIT@ATH,1,1,complete,1,1,1,1,1,0,1,1,0,1,0,1,0,1,0,1,2,2,2,2,2,0,0,0,0,0,0,0,0,0,0,1
2251026,290760,2026-06-16,SD@STL,1,1,complete,1,1,1,1,1,0,1,1,0,1,0,1,0,1,0,1,2,2,2,2,2,0,0,0,0,0,0,0,0,0,0,1
2251024,290758,2026-06-16,SF@ATL,1,1,complete,1,1,1,1,0,0,1,1,0,0,0,1,0,0,0,1,2,2,2,0,0,0,0,0,0,0,0,0,0,0,0,0
2251032,290767,2026-06-16,TB@LAD,1,1,complete,1,1,1,1,1,0,1,1,0,1,0,1,0,1,0,1,2,2,2,2,2,0,0,0,0,0,0,0,0,0,0,1
2251021,290754,2026-06-16,TOR@BOS,1,1,complete,1,1,1,1,1,0,1,1,0,1,0,1,0,1,0,1,2,2,2,2,2,0,0,0,0,12,2,10,0,0,0,1
2251045,290798,2026-06-17,BAL@SEA,1,1,complete,1,1,1,1,1,0,1,1,0,1,0,1,0,1,0,1,2,2,2,2,2,0,0,0,0,0,0,0,0,0,0,1
2251042,290796,2026-06-17,CLE@MIL,1,1,complete,1,1,1,1,1,0,1,1,0,1,0,1,0,1,0,1,2,2,2,2,2,0,0,0,0,0,0,0,0,0,0,1
2251043,290797,2026-06-17,COL@CHC,1,1,complete,1,1,1,1,1,0,1,1,0,1,0,1,0,1,0,1,2,2,2,2,2,0,0,0,0,0,0,0,0,0,0,1
2251040,290794,2026-06-17,CWS@NYY,1,1,complete,1,1,1,1,1,0,1,1,0,1,0,1,0,1,0,1,2,2,2,2,2,0,0,0,0,0,0,0,0,0,0,1
2251036,290789,2026-06-17,DET@HOU,1,1,complete,1,1,1,1,1,0,1,1,0,1,0,1,0,1,0,1,2,2,2,2,2,0,0,0,0,0,0,0,0,0,0,1
2251034,290787,2026-06-17,KC@WSH,1,1,complete,1,1,1,1,1,0,1,1,0,1,0,1,0,1,0,1,2,2,2,2,2,0,0,0,0,0,0,0,0,0,0,1
2253380,290792,2026-06-17,LAA@ARI,1,1,complete,1,1,1,1,1,0,1,1,0,1,0,1,0,1,0,1,2,2,2,2,2,0,0,0,0,0,0,0,0,0,0,1
2251035,290788,2026-06-17,MIA@PHI,1,1,complete,1,1,1,1,1,0,1,1,0,1,0,1,0,1,0,1,2,2,2,2,2,0,0,0,0,0,0,0,0,0,0,1
2251033,290786,2026-06-17,NYM@CIN,1,1,complete,1,1,1,1,1,0,1,1,0,1,0,1,0,1,0,1,2,2,2,2,2,0,0,0,0,0,0,0,0,0,0,1
2251044,290799,2026-06-17,PIT@ATH,1,1,complete,1,1,1,1,1,0,1,1,0,1,0,1,0,1,0,1,2,2,2,2,2,0,0,0,0,0,0,0,0,0,0,1
2251037,290790,2026-06-17,SD@STL,1,1,complete,1,1,1,1,1,0,1,1,0,1,0,1,0,1,0,1,2,2,2,2,2,0,0,0,0,0,0,0,0,0,0,1
2251041,292106,2026-06-17,SF@ATL,1,0,postponed,1,1,1,1,1,0,1,1,0,1,0,1,0,1,0,1,2,2,2,2,2,0,0,0,0,0,0,0,0,0,0,1
2251038,290791,2026-06-17,TB@LAD,1,1,complete,1,1,1,1,1,0,1,1,0,1,0,1,0,1,0,1,2,2,2,2,2,0,0,0,0,0,0,0,0,0,0,1
2251039,290793,2026-06-17,TOR@BOS,1,1,complete,1,1,1,1,1,0,1,1,0,1,0,1,0,1,0,1,2,2,2,2,2,0,0,0,0,0,0,0,0,0,0,1
2251049,290811,2026-06-18,BAL@SEA,1,1,complete,1,1,1,1,1,0,1,1,0,1,0,1,0,1,0,1,2,2,2,2,2,0,0,0,0,0,0,0,0,0,0,1
2251047,290809,2026-06-18,CLE@MIL,1,1,complete,1,1,1,1,1,0,1,1,0,1,0,1,0,1,0,1,2,2,2,2,2,0,0,0,0,0,0,0,0,0,0,1
2251051,290813,2026-06-18,CWS@NYY,1,1,complete,1,1,1,1,1,0,1,1,0,1,0,1,0,1,0,1,2,2,2,2,2,0,0,0,0,12,1,11,0,0,0,1
2251054,290816,2026-06-18,LAA@ATH,1,1,complete,1,1,1,1,1,0,1,1,0,1,0,1,0,1,0,1,2,2,2,0,0,0,0,0,0,12,1,11,0,0,0,1
2251048,290810,2026-06-18,MIN@TEX,1,1,complete,1,1,1,1,1,0,1,1,0,1,0,1,0,1,0,1,2,2,2,2,2,0,0,0,0,0,0,0,0,0,0,1
2251050,290812,2026-06-18,NYM@PHI,1,1,complete,1,1,1,1,1,0,1,1,0,1,0,1,0,1,0,1,2,2,2,2,2,0,0,0,0,0,0,0,0,0,0,1
2251052,290814,2026-06-18,SF@ATL,1,0,postponed,1,1,1,1,0,0,1,1,0,0,0,1,0,0,0,1,2,2,2,0,0,0,0,0,0,0,0,0,0,0,0,0
2251053,290815,2026-06-18,STL@KC,1,1,complete,1,1,1,1,1,0,1,1,0,1,0,1,0,1,0,1,2,2,2,0,0,0,0,0,0,0,0,0,0,0,0,1
2251046,290808,2026-06-18,TOR@BOS,1,1,complete,1,1,1,1,1,0,1,1,0,1,0,1,0,1,0,1,2,2,2,2,2,0,0,0,0,0,0,0,0,0,0,1
2251066,290839,2026-06-19,BAL@LAD,1,1,complete,1,1,1,1,1,0,1,1,0,1,0,1,0,1,0,1,2,2,2,2,2,0,0,0,0,0,0,0,0,0,0,1
2251067,290838,2026-06-19,BOS@SEA,1,1,complete,1,1,1,1,1,0,1,1,0,1,0,1,0,1,0,1,2,2,2,2,2,0,0,0,0,0,0,0,0,0,0,1
2251057,290828,2026-06-19,CIN@NYY,1,1,complete,1,1,1,1,1,0,1,1,0,1,0,1,0,1,0,1,2,2,2,2,2,0,0,0,0,0,0,0,0,0,0,1
2251062,290833,2026-06-19,CLE@HOU,1,1,complete,1,1,1,1,1,0,1,1,0,1,0,1,0,1,0,1,2,2,2,2,2,0,0,0,0,0,0,0,0,0,0,1
2251056,290827,2026-06-19,CWS@DET,1,1,complete,1,1,1,1,1,0,1,1,0,1,0,1,0,1,0,1,2,2,2,2,2,0,0,0,0,0,0,0,0,0,0,1
2251065,290836,2026-06-19,LAA@ATH,1,1,complete,1,1,1,1,1,0,1,1,0,1,0,1,0,1,0,1,2,2,2,2,2,0,0,0,0,0,0,0,0,0,0,1
2251060,290831,2026-06-19,MIL@ATL,1,1,complete,1,1,1,1,1,0,1,1,0,1,0,1,0,1,0,1,2,2,2,2,2,0,0,0,0,0,0,0,0,0,0,1
2253408,290837,2026-06-19,MIN@ARI,1,1,complete,1,1,1,1,1,0,1,1,0,1,0,1,0,1,0,1,2,2,2,2,2,0,0,0,0,0,0,0,0,0,0,1
2251064,290835,2026-06-19,PIT@COL,1,1,complete,1,1,1,1,1,0,1,1,0,1,0,1,0,1,0,1,2,2,2,2,2,0,0,0,0,0,0,0,0,0,0,1
2251061,290832,2026-06-19,SD@TEX,1,1,complete,1,1,1,1,1,0,1,1,0,1,0,1,0,1,0,1,2,2,2,2,2,0,0,0,0,0,0,0,0,0,0,1
2251059,290830,2026-06-19,SF@MIA,1,1,complete,1,1,1,1,1,0,1,1,0,1,0,1,0,1,0,1,2,2,2,2,2,0,0,0,0,0,0,0,0,0,0,1
2251063,290834,2026-06-19,STL@KC,1,1,complete,1,1,1,1,1,0,1,1,0,1,0,1,0,1,0,1,2,2,2,2,2,0,0,0,0,0,0,0,0,0,0,1
2251055,290826,2026-06-19,TOR@CHC,1,1,complete,1,1,1,1,1,0,1,1,0,1,0,1,0,1,0,1,2,2,2,2,2,0,0,0,0,0,0,0,0,0,0,1
2251058,290829,2026-06-19,WSH@TB,1,1,complete,1,1,1,1,1,0,1,1,0,1,0,1,0,1,0,1,2,2,2,2,2,0,0,0,0,0,0,0,0,0,0,1
2251079,291160,2026-06-20,BAL@LAD,1,1,complete,1,1,1,1,1,0,1,1,0,1,0,1,0,1,0,1,2,2,2,0,0,0,0,0,0,0,0,0,0,0,0,1
2251080,291159,2026-06-20,BOS@SEA,1,1,complete,1,1,1,1,1,0,1,1,0,1,0,1,0,1,0,1,2,2,2,0,0,0,0,0,0,0,0,0,0,0,0,1
2251069,291148,2026-06-20,CIN@NYY,1,1,complete,1,1,1,1,1,0,1,1,0,1,0,1,0,1,0,1,2,2,2,0,0,0,0,0,0,0,0,0,0,0,0,1
2251075,291154,2026-06-20,CLE@HOU,1,1,complete,1,1,1,1,1,0,1,1,0,1,0,1,0,1,0,1,2,2,2,0,0,0,0,0,0,0,0,0,0,0,0,1
2251068,291147,2026-06-20,CWS@DET,1,1,complete,1,1,1,1,1,0,1,1,0,1,0,1,0,1,0,1,2,2,2,0,0,0,0,0,0,0,0,0,0,0,0,1
2251078,291157,2026-06-20,LAA@ATH,1,1,complete,1,1,1,1,1,0,1,1,0,1,0,1,0,1,0,1,2,2,2,0,0,0,0,0,0,0,0,0,0,0,0,1
2251074,291153,2026-06-20,MIL@ATL,1,1,complete,1,1,1,1,1,0,1,1,0,1,0,1,0,1,0,1,2,2,2,0,0,0,0,0,0,0,0,0,0,0,0,1
2253424,291158,2026-06-20,MIN@ARI,1,1,complete,1,1,1,1,1,0,1,1,0,1,0,1,0,1,0,1,2,2,2,0,0,0,0,0,0,0,0,0,0,0,0,1
2251076,291155,2026-06-20,NYM@PHI,1,1,complete,1,1,1,1,1,0,1,1,0,1,0,1,0,1,0,1,2,2,2,0,0,0,0,0,0,0,0,0,0,0,0,1
2251077,291156,2026-06-20,PIT@COL,1,1,complete,1,1,1,1,1,0,1,1,0,1,0,1,0,1,0,1,2,2,2,0,0,0,0,0,0,0,0,0,0,0,0,1
2251071,291150,2026-06-20,SD@TEX,1,1,complete,1,1,1,1,1,0,1,1,0,1,0,1,0,1,0,1,2,2,2,0,0,0,0,0,0,0,0,0,0,0,0,1
2251073,291151,2026-06-20,SF@MIA,1,1,complete,1,1,1,1,1,0,1,1,0,1,0,1,0,1,0,1,2,2,2,0,0,0,0,0,0,0,0,0,0,0,0,1
2251070,291149,2026-06-20,TOR@CHC,1,1,complete,1,1,1,1,1,0,1,1,0,1,0,1,0,1,0,1,2,2,2,0,0,0,0,0,0,0,0,0,0,0,0,1
2251072,291152,2026-06-20,WSH@TB,1,1,complete,1,1,1,1,1,0,1,1,0,1,0,1,0,1,0,1,2,2,2,0,0,0,0,0,0,0,0,0,0,0,0,1
2251092,291182,2026-06-21,BAL@LAD,1,1,complete,1,1,1,1,1,0,1,1,0,1,0,1,0,1,0,1,2,2,2,0,0,0,0,0,0,0,0,0,0,0,0,1
2251093,291181,2026-06-21,BOS@SEA,1,1,complete,1,1,1,1,1,0,1,1,0,1,0,1,0,1,0,1,2,2,2,0,0,0,0,0,0,0,0,0,0,0,0,1
2251081,291170,2026-06-21,CIN@NYY,1,1,complete,1,1,1,1,1,0,1,1,0,1,0,1,0,1,0,1,2,2,2,2,2,0,0,0,0,0,0,0,0,0,0,1
2251086,291174,2026-06-21,CLE@HOU,1,1,complete,1,1,1,1,1,0,1,1,0,1,0,1,0,1,0,1,2,2,2,2,2,0,0,0,0,0,0,0,0,0,0,1
2251084,291173,2026-06-21,CWS@DET,1,1,complete,1,1,1,1,1,0,1,1,0,1,0,1,0,1,0,1,2,2,2,2,2,0,0,0,0,0,0,0,0,0,0,1
2251091,291180,2026-06-21,LAA@ATH,1,1,complete,1,1,1,1,1,0,1,1,0,1,0,1,0,1,0,1,1,1,1,0,0,0,0,0,0,0,0,0,0,0,0,1
2251082,291169,2026-06-21,MIL@ATL,1,1,complete,1,1,1,1,1,0,1,1,0,1,0,1,0,1,0,1,2,2,2,2,2,0,0,0,0,0,0,0,0,0,0,1
2253435,291179,2026-06-21,MIN@ARI,1,1,complete,1,1,1,1,1,0,1,1,0,1,0,1,0,1,0,1,2,2,2,0,0,0,0,0,0,0,0,0,0,0,0,1
2251094,291183,2026-06-21,NYM@PHI,1,1,complete,1,1,1,1,1,0,1,1,0,1,0,1,0,1,0,1,2,2,2,0,0,0,0,0,0,12,2,10,0,0,0,1
2251090,291178,2026-06-21,PIT@COL,1,1,complete,1,1,1,1,1,0,1,1,0,1,0,1,0,1,0,1,2,2,2,0,0,0,0,0,0,0,0,0,0,0,0,1
2251089,291177,2026-06-21,SD@TEX,1,1,complete,1,1,1,1,1,0,1,1,0,1,0,1,0,1,0,1,2,2,2,0,0,0,0,0,0,0,0,0,0,0,0,1
2251085,291171,2026-06-21,SF@MIA,1,1,complete,1,1,1,1,1,0,1,1,0,1,0,1,0,1,0,1,2,2,2,2,2,0,0,0,0,0,0,0,0,0,0,1
2251087,291175,2026-06-21,STL@KC,1,1,complete,1,1,1,1,1,0,1,1,0,1,0,1,0,1,0,1,2,2,2,2,2,0,0,0,0,0,0,0,0,0,0,1
2251088,291176,2026-06-21,TOR@CHC,1,0,postponed,1,1,1,1,0,0,1,1,0,0,0,1,0,0,0,1,2,2,2,0,0,0,0,0,0,0,0,0,0,0,0,0
2251083,291172,2026-06-21,WSH@TB,1,1,complete,1,1,1,1,1,0,1,1,0,1,0,1,0,1,0,1,2,2,2,2,2,0,0,0,0,0,0,0,0,0,0,1
2253449,291200,2026-06-22,ARI@STL,1,1,complete,1,1,1,1,1,0,1,1,0,1,0,1,0,0,0,1,2,2,2,0,0,0,0,0,0,0,0,0,0,0,0,0
2251106,291203,2026-06-22,ATL@SD,1,1,complete,1,1,1,1,1,0,1,1,0,1,0,1,0,0,0,1,2,2,2,0,0,0,0,0,0,0,0,0,0,0,0,0
2251105,291202,2026-06-22,BAL@LAA,1,1,complete,1,1,1,1,1,0,1,1,0,1,0,1,0,0,0,1,2,2,2,0,0,0,0,0,0,0,0,0,0,0,0,0
2251104,291201,2026-06-22,BOS@COL,1,1,complete,1,1,1,1,1,0,1,1,0,1,0,1,0,0,0,1,2,2,2,0,0,0,0,0,0,0,0,0,0,0,0,0
2251100,291196,2026-06-22,CHC@NYM,1,0,postponed,1,1,1,1,0,0,1,1,0,0,0,1,0,0,0,1,2,2,2,0,0,0,0,0,0,14,0,0,0,0,0,0
2251103,291199,2026-06-22,CLE@CWS,1,1,complete,1,1,1,1,1,0,1,1,0,1,0,1,0,0,0,1,2,2,2,0,0,0,0,0,0,0,0,0,0,0,0,0
2251099,291195,2026-06-22,HOU@TOR,1,1,complete,1,1,1,1,1,0,1,1,0,1,0,1,0,0,0,1,2,2,2,2,2,0,0,0,0,0,0,0,0,0,0,0
2251095,291193,2026-06-22,KC@TB,1,1,complete,1,1,1,1,1,0,1,1,0,1,0,1,0,0,0,1,2,2,2,2,2,0,0,0,0,0,0,0,0,0,0,0
2251102,291198,2026-06-22,LAD@MIN,1,1,complete,1,1,1,1,1,0,1,1,0,1,0,1,0,0,0,1,2,2,2,0,0,0,0,0,0,0,0,0,0,0,0,0
2251101,291197,2026-06-22,MIL@CIN,1,1,complete,1,1,1,1,1,0,1,1,0,1,0,1,0,0,0,1,2,2,2,0,0,0,0,0,0,0,0,0,0,0,0,0
2251097,291191,2026-06-22,NYY@DET,1,1,complete,1,1,1,1,1,0,1,1,0,1,0,1,0,0,0,1,2,2,2,2,2,0,0,0,0,0,0,0,0,0,0,0
2251098,291194,2026-06-22,PHI@WSH,1,1,complete,1,1,1,1,1,0,1,1,0,1,0,1,0,0,0,1,2,2,2,2,2,0,0,0,0,0,0,0,0,0,0,0
2251096,291192,2026-06-22,TEX@MIA,1,1,complete,1,1,1,1,1,0,1,1,0,1,0,1,0,0,0,1,2,2,2,2,2,0,0,0,0,0,0,0,0,0,0,0
2253463,291258,2026-06-23,ARI@STL,1,1,complete,1,1,1,1,1,0,1,1,0,1,0,1,0,1,0,1,2,2,2,2,2,0,0,0,0,12,0,12,0,0,0,1
2251120,291262,2026-06-23,ATH@SF,1,1,complete,1,1,1,1,1,0,1,1,0,1,0,1,0,1,0,1,2,2,2,2,2,0,0,0,0,12,1,11,0,0,0,1
2251119,291261,2026-06-23,ATL@SD,1,1,complete,1,1,1,1,1,0,1,1,0,1,0,1,0,1,0,1,2,2,2,2,2,0,0,0,0,0,0,0,0,0,0,1
2251118,291260,2026-06-23,BAL@LAA,1,1,complete,1,1,1,1,1,0,1,1,0,1,0,1,0,1,0,1,2,2,2,2,2,0,0,0,0,0,0,0,0,0,0,1
2251117,291259,2026-06-23,BOS@COL,1,1,complete,1,1,1,1,1,0,1,1,0,1,0,1,0,1,0,1,2,2,2,2,2,0,0,0,0,12,3,9,0,0,0,1
2251113,291254,2026-06-23,CHC@NYM,1,1,complete,1,1,1,1,1,0,1,1,0,1,0,1,0,1,0,1,2,2,2,2,2,0,0,0,0,0,0,0,0,0,0,1
2251116,291256,2026-06-23,CLE@CWS,1,1,complete,1,1,1,1,1,0,1,1,0,1,0,1,0,1,0,1,2,2,2,2,2,0,0,0,0,12,0,12,0,0,0,1
2251112,291248,2026-06-23,HOU@TOR,1,1,complete,1,1,1,1,1,0,1,1,0,1,0,1,0,1,0,1,2,2,2,2,2,0,0,0,0,0,0,0,0,0,0,1
2251108,291252,2026-06-23,KC@TB,1,1,complete,1,1,1,1,1,0,1,1,0,1,0,1,0,1,0,1,2,2,2,2,2,0,0,0,0,12,0,12,0,0,0,1
2251115,291257,2026-06-23,LAD@MIN,1,1,complete,1,1,1,1,1,0,1,1,0,1,0,1,0,1,0,1,1,1,1,1,1,0,0,0,0,12,2,10,0,0,0,1
2251114,291255,2026-06-23,MIL@CIN,1,1,complete,1,1,1,1,1,0,1,1,0,1,0,1,0,1,0,1,1,1,1,1,1,0,0,0,0,0,0,0,0,0,0,1
2251110,291251,2026-06-23,NYY@DET,1,1,complete,1,1,1,1,1,0,1,1,0,1,0,1,0,1,0,1,2,2,2,2,2,0,0,0,0,12,2,10,0,0,0,1
2251111,291253,2026-06-23,PHI@WSH,1,1,complete,1,1,1,1,1,0,1,1,0,1,0,1,0,1,0,1,2,2,2,2,2,0,0,0,0,0,0,0,0,0,0,1
2251107,291249,2026-06-23,SEA@PIT,1,1,complete,1,1,1,1,1,0,1,1,0,1,0,1,0,1,0,1,2,2,2,2,2,0,0,0,0,12,3,9,0,0,0,1
2251109,291250,2026-06-23,TEX@MIA,1,1,complete,1,1,1,1,1,0,1,1,0,1,0,1,0,1,0,1,2,2,2,2,2,0,0,0,0,0,0,0,0,0,0,1
2253480,291293,2026-06-24,ARI@STL,1,1,complete,1,1,1,1,1,0,1,1,0,1,0,1,0,1,0,1,2,2,2,2,2,0,0,0,0,0,0,0,0,0,0,1
2251134,291295,2026-06-24,ATH@SF,1,1,complete,1,1,1,1,1,0,1,1,0,1,0,1,0,1,0,1,2,2,2,2,2,0,0,0,0,0,0,0,0,0,0,1
2251133,291294,2026-06-24,ATL@SD,1,1,complete,1,1,1,1,1,0,1,1,0,1,0,1,0,1,0,1,2,2,2,2,2,0,0,0,0,0,0,0,0,0,0,1
2251124,291284,2026-06-24,BAL@LAA,1,1,complete,1,1,1,1,1,0,1,1,0,1,0,1,0,1,0,1,2,2,2,2,2,0,0,0,0,12,3,9,0,0,0,1
2251123,291283,2026-06-24,BOS@COL,1,1,complete,1,1,1,1,1,0,1,1,0,1,0,1,0,1,0,1,2,2,2,2,2,0,0,0,0,12,1,11,0,0,0,1
2251130,292304,2026-06-24,CHC@NYM,1,1,complete,1,1,1,1,1,0,1,1,0,1,0,1,0,1,0,1,2,2,2,2,2,0,0,0,0,0,0,0,0,0,0,1
2251122,291282,2026-06-24,CLE@CWS,1,1,complete,1,1,1,1,1,0,1,1,0,1,0,1,0,1,0,1,2,2,2,2,2,0,0,0,0,0,0,0,0,0,0,1
2251129,291289,2026-06-24,HOU@TOR,1,1,complete,1,1,1,1,1,0,1,1,0,1,0,1,0,1,0,1,2,2,2,2,2,0,0,0,0,0,0,0,0,0,0,1
2251126,291287,2026-06-24,KC@TB,1,1,complete,1,1,1,1,1,0,1,1,0,1,0,1,0,1,0,1,2,2,2,2,2,0,0,0,0,0,0,0,0,0,0,1
2251132,291292,2026-06-24,LAD@MIN,1,1,complete,1,1,1,1,1,0,1,1,0,1,0,1,0,1,0,1,2,2,2,2,2,0,0,0,0,0,0,0,0,0,0,1
2251131,291290,2026-06-24,MIL@CIN,1,1,complete,1,1,1,1,1,0,1,1,0,1,0,1,0,1,0,1,2,2,2,2,2,0,0,0,0,0,0,0,0,0,0,1
2251127,291285,2026-06-24,NYY@DET,1,1,complete,1,1,1,1,1,0,1,1,0,1,0,1,0,1,0,1,2,2,2,2,2,0,0,0,0,0,0,0,0,0,0,1
2251128,291288,2026-06-24,PHI@WSH,1,1,complete,1,1,1,1,1,0,1,1,0,1,0,1,0,1,0,1,2,2,2,2,2,0,0,0,0,0,0,0,0,0,0,1
2251125,291286,2026-06-24,SEA@PIT,1,1,complete,1,1,1,1,1,0,1,1,0,1,0,1,0,1,0,1,2,2,2,2,2,0,0,0,0,0,0,0,0,0,0,1
2251121,291281,2026-06-24,TEX@MIA,1,1,complete,1,1,1,1,1,0,1,1,0,1,0,1,0,1,0,1,2,2,2,2,2,0,0,0,0,0,0,0,0,0,0,1
2251137,291316,2026-06-25,ATH@SF,1,1,complete,1,1,1,1,1,0,1,1,0,1,0,1,0,1,0,1,2,2,2,2,2,0,0,0,0,0,0,0,0,0,0,1
2251141,291321,2026-06-25,CHC@NYM,1,1,complete,1,1,1,1,1,0,1,1,0,1,0,1,0,1,0,1,2,2,2,0,0,0,0,0,0,0,0,0,0,0,0,1
2251138,291317,2026-06-25,HOU@DET,1,1,complete,1,1,1,1,1,0,1,1,0,1,0,1,0,1,0,1,2,2,2,0,0,0,0,0,0,0,0,0,0,0,0,1
2251135,291314,2026-06-25,KC@TB,1,1,complete,1,1,1,1,1,0,1,1,0,1,0,1,0,1,0,1,1,1,1,1,1,0,0,0,0,0,0,0,0,0,0,1
2251142,291320,2026-06-25,NYY@BOS,1,1,complete,1,1,1,1,1,0,1,1,0,1,0,1,0,1,0,1,2,2,2,0,0,0,0,0,0,0,0,0,0,0,0,1
2251139,291318,2026-06-25,PHI@WSH,1,1,complete,1,1,1,1,1,0,1,1,0,1,0,1,0,1,0,1,2,2,2,0,0,0,0,0,0,0,0,0,0,0,0,1
2251136,291315,2026-06-25,SEA@PIT,1,1,complete,1,1,1,1,1,0,1,1,0,1,0,1,0,1,0,1,2,2,2,2,2,0,0,0,0,0,0,0,0,0,0,1
2251140,291319,2026-06-25,TEX@TOR,1,1,complete,1,1,1,1,1,0,1,1,0,1,0,1,0,1,0,1,2,2,2,0,0,0,0,0,0,0,0,0,0,0,0,1
2253497,291351,2026-06-26,ARI@TB,1,1,complete,1,1,1,1,1,0,1,1,0,1,0,1,0,1,0,1,2,2,2,0,0,0,0,0,0,0,0,0,0,0,0,1
2251154,291359,2026-06-26,ATH@LAA,1,1,complete,1,1,1,1,1,0,1,1,0,1,0,1,0,1,0,1,2,2,2,0,0,0,0,0,0,0,0,0,0,0,0,1
2251156,291361,2026-06-26,ATL@SF,1,1,complete,1,1,1,1,1,0,1,1,0,1,0,1,0,1,0,1,1,1,1,0,0,0,0,0,0,0,0,0,0,0,0,1
2251151,291356,2026-06-26,CHC@MIL,1,1,complete,1,1,1,1,1,0,1,1,0,1,0,1,0,1,0,1,2,2,2,0,0,0,0,0,0,0,0,0,0,0,0,1
2251144,291347,2026-06-26,CIN@PIT,1,1,complete,1,1,1,1,1,0,1,1,0,1,0,1,0,1,0,1,2,2,2,0,0,0,0,0,0,0,0,0,0,0,0,1
2251152,291357,2026-06-26,COL@MIN,1,1,complete,1,1,1,1,1,0,1,1,0,1,0,1,0,1,0,1,2,2,2,0,0,0,0,0,0,0,0,0,0,0,0,1
2251143,291348,2026-06-26,HOU@DET,1,1,complete,1,1,1,1,1,0,1,1,0,1,0,1,0,1,0,1,2,2,2,0,0,0,0,0,0,0,0,0,0,0,0,1
2251150,291355,2026-06-26,KC@CWS,1,1,complete,1,1,1,1,1,0,1,1,0,1,0,1,0,1,0,1,1,1,1,0,0,0,0,0,0,0,0,0,0,0,0,1
2251155,291360,2026-06-26,LAD@SD,1,1,complete,1,1,1,1,1,0,1,1,0,1,0,1,0,1,0,1,2,2,2,0,0,0,0,0,0,0,0,0,0,0,0,1
2251153,291358,2026-06-26,MIA@STL,1,1,complete,1,1,1,1,1,0,1,1,0,1,0,1,0,1,0,1,2,2,2,0,0,0,0,0,0,0,0,0,0,0,0,1
2251149,291354,2026-06-26,NYY@BOS,1,1,complete,1,1,1,1,1,0,1,1,0,1,0,1,0,1,0,1,2,2,2,0,0,0,0,0,0,0,0,0,0,0,0,1
2251148,291353,2026-06-26,PHI@NYM,1,1,complete,1,1,1,1,1,0,1,1,0,1,0,1,0,1,0,1,1,1,1,0,0,0,0,0,0,0,0,0,0,0,0,1
2251147,291352,2026-06-26,SEA@CLE,1,1,complete,1,1,1,1,1,0,1,1,0,1,0,1,0,1,0,1,2,2,2,0,0,0,0,0,0,0,0,0,0,0,0,1
2251146,291350,2026-06-26,TEX@TOR,1,1,complete,1,1,1,1,1,0,1,1,0,1,0,1,0,1,0,1,2,2,2,0,0,0,0,0,0,0,0,0,0,0,0,1
2251145,291349,2026-06-26,WSH@BAL,1,1,complete,1,1,1,1,1,0,1,1,0,1,0,1,0,1,0,1,2,2,2,0,0,0,0,0,0,0,0,0,0,0,0,1
2253513,291383,2026-06-27,ARI@TB,1,1,complete,1,1,1,1,1,0,1,1,0,1,0,1,0,1,0,1,2,2,2,2,2,0,0,0,0,0,0,0,0,0,0,1
2251170,291391,2026-06-27,ATH@LAA,1,1,complete,1,1,1,1,1,0,1,1,0,1,0,1,0,1,0,1,2,2,2,2,2,0,0,0,0,0,0,0,0,0,0,1
2251169,291390,2026-06-27,ATL@SF,1,1,complete,1,1,1,1,1,0,1,1,0,1,0,1,0,1,0,1,2,2,2,2,2,0,0,0,0,0,0,0,0,0,0,1
2251166,291385,2026-06-27,CHC@MIL,1,1,complete,1,1,1,1,1,0,1,1,0,1,0,1,0,1,0,1,1,1,1,1,1,0,0,0,0,0,0,0,0,0,0,1
2251160,291380,2026-06-27,CIN@PIT,1,1,complete,1,1,1,1,1,0,1,1,0,1,0,1,0,1,0,1,2,2,2,2,2,0,0,0,0,0,0,0,0,0,0,1
2251165,291387,2026-06-27,COL@MIN,1,1,complete,1,1,1,1,1,0,1,1,0,1,0,1,0,1,0,1,2,2,2,2,2,0,0,0,0,0,0,0,0,0,0,1
2251157,291378,2026-06-27,HOU@DET,1,1,complete,1,1,1,1,1,0,1,1,0,1,0,1,0,1,0,1,2,2,2,2,2,0,0,0,0,0,0,0,0,0,0,1
2251162,291381,2026-06-27,KC@CWS,1,1,complete,1,1,1,1,1,0,1,1,0,1,0,1,0,1,0,1,2,2,2,2,2,0,0,0,0,0,0,0,0,0,0,1
2251168,291389,2026-06-27,LAD@SD,1,1,complete,1,1,1,1,1,0,1,1,0,1,0,1,0,1,0,1,2,2,2,2,2,0,0,0,0,0,0,0,0,0,0,1
2251167,291388,2026-06-27,MIA@STL,1,1,complete,1,1,1,1,1,0,1,1,0,1,0,1,0,1,0,1,2,2,2,2,2,0,0,0,0,0,0,0,0,0,0,1
2251158,291377,2026-06-27,NYY@BOS,1,1,complete,1,1,1,1,1,0,1,1,0,1,0,1,0,1,0,1,2,2,2,2,2,0,0,0,0,12,1,11,0,0,0,1
2251161,291382,2026-06-27,PHI@NYM,1,1,complete,1,1,1,1,1,0,1,1,0,1,0,1,0,1,0,1,2,2,2,2,2,0,0,0,0,0,0,0,0,0,0,1
2251164,291386,2026-06-27,SEA@CLE,1,1,complete,1,1,1,1,1,0,1,1,0,1,0,1,0,1,0,1,2,2,2,2,2,0,0,0,0,0,0,0,0,0,0,1
2251159,291379,2026-06-27,TEX@TOR,1,1,complete,1,1,1,1,1,0,1,1,0,1,0,1,0,1,0,1,2,2,2,2,2,0,0,0,0,0,0,0,0,0,0,1
2251163,291384,2026-06-27,WSH@BAL,1,1,complete,1,1,1,1,1,0,1,1,0,1,0,1,0,1,0,1,2,2,2,2,2,0,0,0,0,0,0,0,0,0,0,1
2253527,291398,2026-06-28,ARI@TB,1,1,complete,1,1,1,1,1,0,1,1,0,1,0,1,0,1,0,1,2,2,2,2,2,0,0,0,0,12,3,9,0,0,0,1
2251181,291404,2026-06-28,ATH@LAA,1,1,complete,1,1,1,1,1,0,1,1,0,1,0,1,0,1,0,1,2,2,2,2,2,0,0,0,0,0,0,0,0,0,0,1
2251182,291405,2026-06-28,ATL@SF,1,1,complete,1,1,1,1,1,0,1,1,0,1,0,1,0,1,0,1,2,2,2,2,2,0,0,0,0,0,0,0,0,0,0,1
2251179,291402,2026-06-28,CHC@MIL,1,1,complete,1,1,1,1,1,0,1,1,0,1,0,1,0,1,0,1,2,2,2,2,2,0,0,0,0,0,0,0,0,0,0,1
2251172,291393,2026-06-28,CIN@PIT,1,1,complete,1,1,1,1,1,0,1,1,0,1,0,1,0,1,0,1,2,2,2,2,2,0,0,0,0,0,0,0,0,0,0,1
2251177,291401,2026-06-28,COL@MIN,1,1,complete,1,1,1,1,1,0,1,1,0,1,0,1,0,1,0,1,2,2,2,2,2,0,0,0,0,12,2,10,0,0,0,1
2251174,291396,2026-06-28,HOU@DET,1,1,complete,1,1,1,1,1,0,1,1,0,1,0,1,0,1,0,1,2,2,2,2,2,0,0,0,0,0,0,0,0,0,0,1
2251178,291400,2026-06-28,KC@CWS,1,1,complete,1,1,1,1,1,0,1,1,0,1,0,1,0,1,0,1,2,2,2,2,2,0,0,0,0,0,0,0,0,0,0,1
2251183,291406,2026-06-28,LAD@SD,1,1,complete,1,1,1,1,1,0,1,1,0,1,0,1,0,1,0,1,2,2,2,2,2,0,0,0,0,0,0,0,0,0,0,1
2251180,291403,2026-06-28,MIA@STL,1,1,complete,1,1,1,1,1,0,1,1,0,1,0,1,0,1,0,1,2,2,2,2,2,0,0,0,0,12,2,10,0,0,0,1
2251184,291407,2026-06-28,NYY@BOS,1,1,complete,1,1,1,1,1,0,1,1,0,1,0,1,0,1,0,1,2,2,2,2,2,0,0,0,0,0,0,0,0,0,0,1
2251176,291399,2026-06-28,PHI@NYM,1,1,complete,1,1,1,1,1,0,1,1,0,1,0,1,0,1,0,1,2,2,2,2,2,0,0,0,0,0,0,0,0,0,0,1
2251175,291397,2026-06-28,SEA@CLE,1,1,complete,1,1,1,1,1,0,1,1,0,1,0,1,0,1,0,1,2,2,2,2,2,0,0,0,0,0,0,0,0,0,0,1
2251173,291395,2026-06-28,TEX@TOR,1,1,complete,1,1,1,1,1,0,1,1,0,1,0,1,0,1,0,1,2,2,2,2,2,0,0,0,0,12,3,9,0,0,0,1
2251171,291394,2026-06-28,WSH@BAL,1,1,complete,1,1,1,1,1,0,1,1,0,1,0,1,0,1,0,1,2,2,2,2,2,0,0,0,0,0,0,0,0,0,0,1
2251191,291415,2026-06-29,CIN@MIL,1,1,complete,1,1,1,1,1,0,1,1,0,1,0,1,0,1,0,1,2,2,2,2,2,0,0,0,0,12,0,12,0,0,0,1
2251185,291409,2026-06-29,CWS@BAL,1,1,complete,1,1,1,1,1,0,1,1,0,1,0,1,0,1,0,1,2,2,2,2,2,0,0,0,0,0,0,0,0,0,0,1
2251187,291411,2026-06-29,DET@NYY,1,1,complete,1,1,1,1,1,0,1,1,0,1,0,1,0,1,0,1,2,2,2,2,2,0,0,0,0,0,0,0,0,0,0,1
2251196,291421,2026-06-29,LAA@SEA,1,1,complete,1,1,1,1,1,0,1,1,0,1,0,1,0,1,0,1,2,2,2,2,2,0,0,0,0,0,0,0,0,0,0,1
2251195,291419,2026-06-29,LAD@ATH,1,1,complete,1,1,1,1,1,0,1,1,0,1,0,1,0,1,0,1,2,2,2,2,2,0,0,0,0,12,3,9,0,0,0,1
2251194,291418,2026-06-29,MIA@COL,1,1,complete,1,1,1,1,1,0,1,1,0,1,0,1,0,1,0,1,2,2,2,2,2,0,0,0,0,0,0,0,0,0,0,1
2251193,291417,2026-06-29,MIN@HOU,1,1,complete,1,1,1,1,1,0,1,1,0,1,0,1,0,1,0,1,2,2,2,2,2,0,0,0,0,12,1,11,0,0,0,1
2251188,291412,2026-06-29,NYM@TOR,1,1,complete,1,1,1,1,1,0,1,1,0,0,0,1,0,1,0,1,2,2,2,2,2,0,0,0,0,0,0,0,0,0,0,1
2251186,291410,2026-06-29,PIT@PHI,1,1,complete,1,1,1,1,1,0,1,1,0,1,0,1,0,1,0,1,2,2,2,2,2,0,0,0,0,0,0,0,0,0,0,1
2251192,291416,2026-06-29,SD@CHC,1,1,complete,1,1,1,1,1,0,1,1,0,1,0,1,0,1,0,1,2,2,2,2,2,0,0,0,0,12,1,11,0,0,0,1
2253549,291420,2026-06-29,SF@ARI,1,1,complete,1,1,1,1,1,0,1,1,0,1,0,1,0,1,0,1,2,2,2,2,2,0,0,0,0,0,0,0,0,0,0,1
2251190,291414,2026-06-29,TEX@CLE,1,1,complete,1,1,1,1,1,0,1,1,0,1,0,1,0,1,0,1,2,2,2,2,2,0,0,0,0,12,0,12,0,0,0,1
2251189,291413,2026-06-29,WSH@BOS,1,1,complete,1,1,1,1,1,0,1,1,0,1,0,1,0,1,0,1,2,2,2,2,2,0,0,0,0,0,0,0,0,0,0,1
2251205,291454,2026-06-30,CIN@MIL,1,1,complete,1,1,1,1,1,0,1,1,0,1,0,1,0,1,0,1,2,2,2,2,2,0,0,0,0,12,1,11,0,0,0,1
2251197,291446,2026-06-30,CWS@BAL,1,1,complete,1,1,1,1,1,0,1,1,0,1,0,1,0,1,0,1,2,2,2,2,2,0,0,0,0,12,1,11,0,0,0,1
2251200,291449,2026-06-30,DET@NYY,1,1,complete,1,1,1,1,1,0,1,1,0,1,0,1,0,1,0,1,2,2,2,2,2,0,0,0,0,12,2,10,0,0,0,1
2251210,291458,2026-06-30,LAA@SEA,1,1,complete,1,1,1,1,1,0,1,1,0,1,0,1,0,1,0,1,2,2,2,2,2,0,0,0,0,0,0,0,0,0,0,1
2251209,291459,2026-06-30,LAD@ATH,1,1,complete,1,1,1,1,1,0,1,1,0,1,0,1,0,1,0,1,2,2,2,2,2,0,0,0,0,12,2,10,0,0,0,1
2251208,291457,2026-06-30,MIA@COL,1,1,complete,1,1,1,1,1,0,1,1,0,1,0,1,0,1,0,1,2,2,2,2,1,0,0,0,0,12,1,11,0,0,0,1
2251207,291456,2026-06-30,MIN@HOU,1,1,complete,1,1,1,1,1,0,1,1,0,1,0,1,0,1,0,1,2,2,2,2,2,0,0,0,0,0,0,0,0,0,0,1
2251201,291450,2026-06-30,NYM@TOR,1,1,complete,1,1,1,1,1,0,1,1,0,1,0,1,0,1,0,1,2,2,2,2,2,0,0,0,0,0,0,0,0,0,0,1
2251199,291448,2026-06-30,PIT@PHI,1,1,complete,1,1,1,1,1,0,1,1,0,1,0,1,0,1,0,1,2,2,2,2,2,0,0,0,0,12,1,11,0,0,0,1
2251206,291455,2026-06-30,SD@CHC,1,1,complete,1,1,1,1,1,0,1,1,0,1,0,1,0,1,0,1,2,2,2,2,2,0,0,0,0,12,1,11,0,0,0,1
2253564,291460,2026-06-30,SF@ARI,1,1,complete,1,1,1,1,1,0,1,1,0,1,0,1,0,1,0,1,2,2,2,2,2,0,0,0,0,0,0,0,0,0,0,1
2251203,291452,2026-06-30,STL@ATL,1,1,complete,1,1,1,1,1,0,1,1,0,1,0,1,0,1,0,1,2,2,2,2,2,0,0,0,0,12,1,11,0,0,0,1
2251204,291453,2026-06-30,TB@KC,1,1,complete,1,1,1,1,1,0,1,1,0,1,0,1,0,1,0,1,2,2,2,2,2,0,0,0,0,0,0,0,0,0,0,1
2251198,291447,2026-06-30,TEX@CLE,1,1,complete,1,1,1,1,1,0,1,1,0,1,0,1,0,1,0,1,2,2,2,2,2,0,0,0,0,12,2,10,0,0,0,1
2251202,291451,2026-06-30,WSH@BOS,1,1,complete,1,1,1,1,1,0,1,1,0,1,0,1,0,1,0,1,2,2,2,2,2,0,0,0,0,12,0,12,0,0,0,1
2251221,291489,2026-07-01,CIN@MIL,1,1,complete,1,1,1,1,1,0,1,1,0,1,0,1,0,1,0,1,2,2,2,2,2,0,0,0,0,12,0,12,0,0,0,1
2251211,291479,2026-07-01,CWS@BAL,1,1,complete,1,1,1,1,1,0,1,1,0,1,0,1,0,1,0,1,2,2,2,2,2,0,0,0,0,0,0,0,0,0,0,1
2251214,291482,2026-07-01,DET@NYY,1,1,complete,1,1,1,1,1,0,1,1,0,1,0,1,0,1,0,1,2,2,2,2,2,0,0,0,0,0,0,0,0,0,0,1
2251223,291491,2026-07-01,LAD@ATH,1,1,complete,1,1,1,1,1,0,1,1,0,1,0,1,0,1,0,1,2,2,2,2,2,0,0,0,0,0,0,0,0,0,0,1
2251222,291490,2026-07-01,MIA@COL,1,1,complete,1,1,1,1,1,0,1,1,0,1,0,1,0,1,0,1,2,2,2,2,2,0,0,0,0,0,0,0,0,0,0,1
2251220,291488,2026-07-01,MIN@HOU,1,1,complete,1,1,1,1,1,0,1,1,0,1,0,1,0,1,0,1,2,2,2,2,2,0,0,0,0,12,0,12,0,0,0,1
2251216,291484,2026-07-01,NYM@TOR,1,1,complete,1,1,1,1,1,0,1,1,0,1,0,1,0,1,0,1,1,1,1,1,1,0,0,0,0,0,0,0,0,0,0,1
2251217,291485,2026-07-01,PIT@PHI,1,1,complete,1,1,1,1,1,0,1,1,0,1,0,1,0,1,0,1,2,2,2,2,2,0,0,0,0,0,0,0,0,0,0,1
2251215,291483,2026-07-01,SD@CHC,1,1,complete,1,1,1,1,1,0,1,1,0,1,0,1,0,1,0,1,2,2,2,2,2,0,0,0,0,0,0,0,0,0,0,1
2253578,291492,2026-07-01,SF@ARI,1,1,complete,1,1,1,1,1,0,1,1,0,1,0,1,0,1,0,1,2,2,2,2,2,0,0,0,0,0,0,0,0,0,0,1
2251218,291486,2026-07-01,STL@ATL,1,1,complete,1,1,1,1,1,0,1,1,0,1,0,1,0,1,0,1,2,2,2,2,2,0,0,0,0,12,0,12,0,0,0,1
2251219,291487,2026-07-01,TB@KC,1,1,complete,1,1,1,1,1,0,1,1,0,1,0,1,0,1,0,1,2,2,2,2,2,0,0,0,0,0,0,0,0,0,0,1
2251212,291480,2026-07-01,TEX@CLE,1,1,complete,1,1,1,1,1,0,1,1,0,1,0,1,0,1,0,1,2,2,2,2,2,0,0,0,0,0,0,0,0,0,0,1
2251213,291481,2026-07-01,WSH@BOS,1,1,complete,1,1,1,1,1,0,1,1,0,1,0,1,0,1,0,1,2,2,2,2,2,0,0,0,0,0,0,0,0,0,0,1
2251225,291513,2026-07-02,CIN@MIL,1,1,complete,1,1,1,1,1,0,1,1,0,1,0,1,0,1,0,1,2,2,2,2,2,0,0,0,0,0,0,0,0,0,0,1
2251227,291515,2026-07-02,CWS@CLE,1,1,complete,1,1,1,1,1,0,1,1,0,1,0,1,0,1,0,1,2,2,2,2,2,0,0,0,0,0,0,0,0,0,0,1
2251230,291518,2026-07-02,DET@TEX,1,1,complete,1,1,1,1,1,0,1,1,0,1,0,1,0,1,0,1,2,2,2,2,2,0,0,0,0,0,0,0,0,0,0,1
2251231,291519,2026-07-02,LAA@SEA,1,1,complete,1,1,1,1,1,0,1,1,0,1,0,1,0,1,0,1,2,2,2,2,2,0,0,0,0,0,0,0,0,0,0,1
2251226,291514,2026-07-02,MIA@COL,1,1,complete,1,1,1,1,1,0,1,1,0,1,0,1,0,1,0,1,2,2,2,2,2,0,0,0,0,0,0,0,0,0,0,1
2251224,291512,2026-07-02,PIT@PHI,1,1,complete,1,1,1,1,1,0,1,1,0,1,0,1,0,1,0,1,2,2,2,2,2,0,0,0,0,12,0,12,0,0,0,1
2251232,291520,2026-07-02,SD@LAD,1,1,complete,1,1,1,1,1,0,1,1,0,1,0,1,0,1,0,1,2,2,2,2,2,0,0,0,0,0,0,0,0,0,0,1
2251228,291516,2026-07-02,STL@ATL,1,1,complete,1,1,1,1,1,0,1,1,0,1,0,1,0,1,0,1,2,2,2,2,2,0,0,0,0,12,1,11,0,0,0,1
2251229,291517,2026-07-02,TB@KC,1,1,complete,1,1,1,1,1,0,1,1,0,1,0,1,0,1,0,1,2,2,2,2,2,0,0,0,0,0,0,0,0,0,0,1
2251236,291525,2026-07-03,BAL@CIN,1,1,complete,1,1,1,1,1,0,1,1,0,1,0,1,0,1,0,1,2,2,2,0,0,0,0,0,0,0,0,0,0,0,0,1
2251241,291530,2026-07-03,BOS@LAA,1,1,complete,1,1,1,1,1,0,1,1,0,1,0,1,0,1,0,1,2,2,2,0,0,0,0,0,0,0,0,0,0,0,0,1
2251237,291526,2026-07-03,CWS@CLE,1,1,complete,1,1,1,1,1,0,1,1,0,1,0,1,0,1,0,1,2,2,2,0,0,0,0,0,0,0,0,0,0,0,0,1
2251242,291532,2026-07-03,MIA@ATH,1,1,complete,1,1,1,1,1,0,1,1,0,1,0,1,0,1,0,1,2,2,2,0,0,0,0,0,0,0,0,0,0,0,0,1
2253598,291531,2026-07-03,MIL@ARI,1,1,complete,1,1,1,1,1,0,1,1,0,1,0,1,0,1,0,1,2,2,2,0,0,0,0,0,0,0,0,0,0,0,0,1
2251235,291524,2026-07-03,MIN@NYY,1,1,complete,1,1,1,1,1,0,1,1,0,1,0,1,0,1,0,1,2,2,2,0,0,0,0,0,0,0,0,0,0,0,0,1
2251238,291527,2026-07-03,NYM@ATL,1,1,complete,1,1,1,1,1,0,1,1,0,1,0,1,0,1,0,1,2,2,2,0,0,0,0,0,0,0,0,0,0,0,0,1
2251234,291523,2026-07-03,PIT@WSH,1,1,complete,1,1,1,1,1,0,1,1,0,1,0,1,0,1,0,1,2,2,2,0,0,0,0,0,0,0,0,0,0,0,0,1
2251243,291533,2026-07-03,SD@LAD,1,1,complete,1,1,1,1,1,0,1,1,0,1,0,1,0,1,0,1,2,2,2,0,0,0,0,0,0,0,0,0,0,0,0,1
2251239,291528,2026-07-03,SF@COL,1,1,complete,1,1,1,1,1,0,1,1,0,1,0,1,0,1,0,1,2,2,2,0,0,0,0,0,0,0,0,0,0,0,0,1
2251233,291522,2026-07-03,STL@CHC,1,1,complete,1,1,1,1,1,0,1,1,0,1,0,1,0,1,0,1,2,2,2,2,2,0,0,0,0,0,0,0,0,0,0,1
2251240,291529,2026-07-03,TB@HOU,1,1,complete,1,1,1,1,1,0,1,1,0,1,0,1,0,1,0,1,2,2,2,0,0,0,0,0,0,0,0,0,0,0,0,1
2251244,291534,2026-07-03,TOR@SEA,1,1,complete,1,1,1,1,1,0,1,1,0,1,0,1,0,1,0,1,2,2,2,0,0,0,0,0,0,0,0,0,0,0,0,1
2251249,291539,2026-07-04,BAL@CIN,1,1,complete,1,1,1,1,1,0,1,1,0,1,0,1,0,1,0,1,2,2,2,0,0,0,0,0,0,0,0,0,0,0,0,1
2251256,291546,2026-07-04,BOS@LAA,1,1,complete,1,1,1,1,1,0,1,1,0,1,0,1,0,1,0,1,2,2,2,0,0,0,0,0,0,0,0,0,0,0,0,1
2251251,291541,2026-07-04,CWS@CLE,1,1,complete,1,1,1,1,1,0,1,1,0,1,0,1,0,1,0,1,2,2,2,0,0,0,0,0,0,0,0,0,0,0,0,1
2251247,291537,2026-07-04,DET@TEX,1,1,complete,1,1,1,1,1,0,1,1,0,1,0,1,0,1,0,1,2,2,2,0,0,0,0,0,0,0,0,0,0,0,0,1
2251257,291547,2026-07-04,MIA@ATH,1,1,complete,1,1,1,1,1,0,1,1,0,1,0,1,0,1,0,1,2,2,2,0,0,0,0,0,0,0,0,0,0,0,0,1
2253614,291548,2026-07-04,MIL@ARI,1,1,complete,1,1,1,1,1,0,1,1,0,1,0,1,0,1,0,1,2,2,2,0,0,0,0,0,0,0,0,0,0,0,0,1
2251246,291536,2026-07-04,MIN@NYY,1,1,complete,1,1,1,1,1,0,1,1,0,1,0,1,0,1,0,1,2,2,2,0,0,0,0,0,0,0,0,0,0,0,0,1
2251253,291542,2026-07-04,NYM@ATL,1,1,complete,1,1,1,1,1,0,1,1,0,1,0,1,0,1,0,1,2,2,2,0,0,0,0,0,0,0,0,0,0,0,0,1
2251255,291544,2026-07-04,PHI@KC,1,1,complete,1,1,1,1,1,0,1,1,0,1,0,1,0,1,0,1,2,2,2,0,0,0,0,0,0,0,0,0,0,0,0,1
2251245,291535,2026-07-04,PIT@WSH,1,1,complete,1,1,1,1,1,0,1,1,0,1,0,1,0,1,0,1,2,2,2,2,2,0,0,0,0,0,0,0,0,0,0,1
2251258,291549,2026-07-04,SD@LAD,1,1,complete,1,1,1,1,1,0,1,1,0,1,0,1,0,1,0,1,2,2,2,0,0,0,0,0,0,0,0,0,0,0,0,1
2251254,291545,2026-07-04,SF@COL,1,1,complete,1,1,1,1,1,0,1,1,0,1,0,1,0,1,0,1,2,2,2,0,0,0,0,0,0,0,0,0,0,0,0,1
2251252,291543,2026-07-04,STL@CHC,1,1,complete,1,1,1,1,1,0,1,1,0,1,0,1,0,1,0,1,2,2,2,0,0,0,0,0,0,0,0,0,0,0,0,1
2251250,291540,2026-07-04,TB@HOU,1,1,complete,1,1,1,1,1,0,1,1,0,1,0,1,0,1,0,1,2,2,2,0,0,0,0,0,0,0,0,0,0,0,0,1
2251248,291538,2026-07-04,TOR@SEA,1,1,complete,1,1,1,1,1,0,1,1,0,1,0,1,0,1,0,1,2,2,2,0,0,0,0,0,0,0,0,0,0,0,0,1
2251260,291552,2026-07-05,BAL@CIN,1,1,complete,1,1,1,1,1,0,1,1,0,1,0,1,0,1,0,1,2,2,2,2,2,0,0,0,0,0,0,0,0,0,0,1
2251272,291564,2026-07-05,BOS@LAA,1,1,complete,1,1,1,1,1,0,1,1,0,1,0,1,0,1,0,1,2,2,2,2,2,0,0,0,0,0,0,0,0,0,0,1
2251263,291554,2026-07-05,CWS@CLE,1,1,complete,1,1,1,1,1,0,1,1,0,1,0,1,0,1,0,1,1,1,1,1,1,0,0,0,0,0,0,0,0,0,0,1
2251267,291558,2026-07-05,DET@TEX,1,1,complete,1,1,1,1,1,0,1,1,0,1,0,1,0,1,0,1,2,2,2,2,2,0,0,0,0,0,0,0,0,0,0,1
2251269,291561,2026-07-05,MIA@ATH,1,1,complete,1,1,1,1,1,0,1,1,0,1,0,1,0,1,0,1,2,2,2,2,2,0,0,0,0,0,0,0,0,0,0,1
2253626,291560,2026-07-05,MIL@ARI,1,1,complete,1,1,1,1,1,0,1,1,0,1,0,1,0,1,0,1,2,2,2,2,2,0,0,0,0,0,0,0,0,0,0,1
2251262,291553,2026-07-05,MIN@NYY,1,1,complete,1,1,1,1,1,0,1,1,0,1,0,1,0,1,0,1,2,2,2,2,2,0,0,0,0,0,0,0,0,0,0,1
2251259,291550,2026-07-05,NYM@ATL,1,1,complete,1,1,1,1,1,0,1,1,0,1,0,1,0,1,0,1,2,2,2,2,2,0,0,0,0,0,0,0,0,0,0,1
2251265,291556,2026-07-05,PHI@KC,1,1,complete,1,1,1,1,1,0,1,1,0,1,0,1,0,1,0,1,2,2,2,2,2,0,0,0,0,0,0,0,0,0,0,1
2251261,291551,2026-07-05,PIT@WSH,1,1,complete,1,1,1,1,1,0,1,1,0,1,0,1,0,1,0,1,2,2,2,2,2,0,0,0,0,0,0,0,0,0,0,1
2251271,291563,2026-07-05,SD@LAD,1,1,complete,1,1,1,1,1,0,1,1,0,1,0,1,0,1,0,1,2,2,2,2,2,0,0,0,0,12,0,12,0,0,0,1
2251268,291559,2026-07-05,SF@COL,1,1,complete,1,1,1,1,1,0,1,1,0,1,0,1,0,1,0,1,2,2,2,2,2,0,0,0,0,0,0,0,0,0,0,1
2251264,291555,2026-07-05,STL@CHC,1,1,complete,1,1,1,1,1,0,1,1,0,1,0,1,0,1,0,1,2,2,2,2,2,0,0,0,0,0,0,0,0,0,0,1
2251266,291557,2026-07-05,TB@HOU,1,1,complete,1,1,1,1,1,0,1,1,0,1,0,1,0,1,0,1,2,2,2,2,2,0,0,0,0,0,0,0,0,0,0,1
2251270,291562,2026-07-05,TOR@SEA,1,1,complete,1,1,1,1,1,0,1,1,0,1,0,1,0,1,0,1,2,2,2,2,2,0,0,0,0,0,0,0,0,0,0,1
2253636,291588,2026-07-06,ARI@SD,1,1,complete,1,1,1,1,1,0,1,1,0,1,0,1,0,1,0,1,2,2,2,2,2,0,0,0,0,0,0,0,0,0,0,1
2251279,291590,2026-07-06,COL@LAD,1,1,complete,1,1,1,1,1,0,1,1,0,1,0,1,0,1,0,1,2,2,2,2,2,0,0,0,0,0,0,0,0,0,0,1
2251275,291585,2026-07-06,HOU@WSH,1,1,complete,1,1,1,1,1,0,1,1,0,1,0,1,0,1,0,1,2,2,2,2,2,0,0,0,0,0,0,0,0,0,0,1
2251277,291587,2026-07-06,MIL@STL,1,1,complete,1,1,1,1,1,0,1,1,0,1,0,1,0,1,0,1,2,2,2,2,2,0,0,0,0,12,0,12,0,0,0,1
2251276,291586,2026-07-06,NYM@ATL,1,1,complete,1,1,1,1,1,0,1,1,0,1,0,1,0,1,0,1,2,2,2,2,2,0,0,0,0,12,2,10,0,0,0,1
2251274,291584,2026-07-06,NYY@TB,1,1,complete,1,1,1,1,1,0,1,1,0,1,0,1,0,1,0,1,2,2,2,2,2,0,0,0,0,0,0,0,0,0,0,1
2251273,291583,2026-07-06,PHI@KC,1,1,complete,1,1,1,1,1,0,1,1,0,1,0,1,0,1,0,1,2,2,2,2,2,0,0,0,0,0,0,0,0,0,0,1
2251278,291589,2026-07-06,TOR@SF,1,1,complete,1,1,1,1,1,0,1,1,0,1,0,1,0,1,0,1,2,2,2,2,2,0,0,0,0,12,2,10,0,0,0,1
2253651,291624,2026-07-07,ARI@SD,1,1,complete,1,1,1,1,1,0,1,1,0,1,0,1,0,1,0,1,2,2,2,2,2,0,0,0,0,0,0,0,0,0,0,1
2251281,291613,2026-07-07,ATH@DET,1,1,complete,1,1,1,1,1,0,1,1,0,1,0,1,0,1,0,1,2,2,2,2,2,0,0,0,0,0,0,0,0,0,0,1
2251282,291615,2026-07-07,ATL@PIT,1,1,complete,1,1,1,1,1,0,1,1,0,1,0,1,0,1,0,1,2,2,2,2,2,0,0,0,0,0,0,0,0,0,0,1
2251289,291621,2026-07-07,BOS@CWS,1,1,complete,1,1,1,1,1,0,1,1,0,1,0,1,0,1,0,1,2,2,2,2,2,0,0,0,0,12,0,12,0,0,0,1
2251280,291612,2026-07-07,CHC@BAL,1,1,complete,1,1,1,1,1,0,1,1,0,1,0,1,0,1,0,1,2,2,2,2,2,0,0,0,0,0,0,0,0,0,0,1
2251288,291620,2026-07-07,CLE@MIN,1,1,complete,1,1,1,1,1,0,1,1,0,1,0,1,0,1,0,1,2,2,2,2,2,0,0,0,0,0,0,0,0,0,0,1
2251293,291626,2026-07-07,COL@LAD,1,1,complete,1,1,1,1,1,0,1,1,0,1,0,1,0,1,0,1,2,2,2,2,2,0,0,0,0,12,0,12,0,0,0,1
2251285,291617,2026-07-07,HOU@WSH,1,1,complete,1,1,1,1,1,0,1,1,0,1,0,1,0,1,0,1,2,2,2,2,2,0,0,0,0,12,2,10,0,0,0,1
2251286,291619,2026-07-07,KC@NYM,1,1,complete,1,1,1,1,1,0,1,1,0,1,0,1,0,1,0,1,2,2,2,2,2,0,0,0,0,12,1,11,0,0,0,1
2251291,291623,2026-07-07,LAA@TEX,1,1,complete,1,1,1,1,1,0,1,1,0,1,0,1,0,1,0,1,2,2,2,2,2,0,0,0,0,12,0,12,0,0,0,1
2251290,291611,2026-07-07,MIL@STL,1,1,complete,1,1,1,1,1,0,1,1,0,1,0,1,0,1,0,1,2,2,2,2,2,0,0,0,0,0,0,0,0,0,0,1
2251284,291616,2026-07-07,NYY@TB,1,1,complete,1,1,1,1,1,0,1,1,0,1,0,1,0,1,0,1,2,2,2,2,2,0,0,0,0,0,0,0,0,0,0,1
2251287,291618,2026-07-07,PHI@CIN,1,1,complete,1,1,1,1,1,0,1,1,0,1,0,1,0,1,0,1,2,2,2,2,2,0,0,0,0,0,0,0,0,0,0,1
2251283,291614,2026-07-07,SEA@MIA,1,1,complete,1,1,1,1,1,0,1,1,0,1,0,1,0,1,0,1,2,2,2,2,2,0,0,0,0,12,2,10,0,0,0,1
2251292,291625,2026-07-07,TOR@SF,1,1,complete,1,1,1,1,1,0,1,1,0,1,0,1,0,1,0,1,2,2,2,2,2,0,0,0,0,0,0,0,0,0,0,1
2253668,291644,2026-07-08,ARI@SD,1,1,complete,1,1,1,1,1,0,1,1,0,1,0,1,0,1,0,1,2,2,2,2,2,0,0,0,0,0,0,0,0,0,0,1
2251296,291634,2026-07-08,ATH@DET,1,1,complete,1,1,1,1,1,0,1,1,0,1,0,1,0,1,0,1,2,2,2,2,2,0,0,0,0,0,0,0,0,0,0,1
2251297,291635,2026-07-08,ATL@PIT,1,1,complete,1,1,1,1,1,0,1,1,0,1,0,1,0,1,0,1,2,2,2,2,2,0,0,0,0,0,0,0,0,0,0,1
2251304,291640,2026-07-08,BOS@CWS,1,1,complete,1,1,1,1,1,0,1,1,0,1,0,1,0,1,0,1,2,2,2,2,2,0,0,0,0,12,0,12,0,0,0,1
2251295,291631,2026-07-08,CHC@BAL,1,1,complete,1,1,1,1,1,0,1,1,0,1,0,1,0,1,0,1,2,2,2,2,2,0,0,0,0,0,0,0,0,0,0,1
2251303,291639,2026-07-08,CLE@MIN,1,1,complete,1,1,1,1,1,0,1,1,0,1,0,1,0,1,0,1,2,2,2,2,2,0,0,0,0,0,0,0,0,0,0,1
2251307,291643,2026-07-08,COL@LAD,1,1,complete,1,1,1,1,1,0,1,1,0,1,0,1,0,1,0,1,2,2,2,2,2,0,0,0,0,0,0,0,0,0,0,1
2251300,291636,2026-07-08,HOU@WSH,1,1,complete,1,1,1,1,1,0,1,1,0,1,0,1,0,1,0,1,2,2,2,2,2,0,0,0,0,12,2,10,0,0,0,1
2251301,291637,2026-07-08,KC@NYM,1,1,complete,1,1,1,1,1,0,1,1,0,1,0,1,0,1,0,1,2,2,2,2,2,0,0,0,0,0,0,0,0,0,0,1
2251306,291642,2026-07-08,LAA@TEX,1,1,complete,1,1,1,1,1,0,1,1,0,1,0,1,0,1,0,1,2,2,2,2,2,0,0,0,0,12,0,12,0,0,0,1
2251305,291641,2026-07-08,MIL@STL,1,1,complete,1,1,1,1,1,0,1,1,0,1,0,1,0,1,0,1,2,2,2,2,2,0,0,0,0,0,0,0,0,0,0,1
2251299,291632,2026-07-08,NYY@TB,1,1,complete,1,1,1,1,1,0,1,1,0,1,0,1,0,1,0,1,2,2,2,2,2,0,0,0,0,0,0,0,0,0,0,1
2251302,291638,2026-07-08,PHI@CIN,1,1,complete,1,1,1,1,1,0,1,1,0,1,0,1,0,1,0,1,2,2,2,2,2,0,0,0,0,0,0,0,0,0,0,1
2251298,291633,2026-07-08,SEA@MIA,1,1,complete,1,1,1,1,1,0,1,1,0,1,0,1,0,1,0,1,2,2,2,2,2,0,0,0,0,0,0,0,0,0,0,1
2251294,291630,2026-07-08,TOR@SF,1,1,complete,1,1,1,1,1,0,1,1,0,1,0,1,0,1,0,1,2,2,2,2,2,0,0,0,0,0,0,0,0,0,0,1
2253680,291688,2026-07-09,ARI@SD,1,1,complete,1,1,1,1,1,0,1,1,0,1,0,1,0,1,0,1,2,2,2,2,2,0,0,0,0,12,1,11,0,0,0,1
2251314,291684,2026-07-09,ATH@DET,1,1,complete,1,1,1,1,1,0,1,1,0,1,0,1,0,1,0,1,2,2,2,2,2,0,0,0,0,12,0,12,0,0,0,1
2251308,291677,2026-07-09,ATL@PIT,1,1,complete,1,1,1,1,1,0,1,1,0,1,0,1,0,1,0,1,2,2,2,2,2,0,0,0,0,0,0,0,0,0,0,1
2251312,291681,2026-07-09,BOS@CWS,1,1,complete,1,1,1,1,1,0,1,1,0,1,0,1,0,1,0,1,2,2,2,2,2,0,0,0,0,0,0,0,0,0,0,1
2251313,291682,2026-07-09,CHC@BAL,1,1,complete,1,1,1,1,1,0,1,1,0,1,0,1,0,1,0,1,2,2,2,2,2,0,0,0,0,0,0,0,0,0,0,1
2251311,291680,2026-07-09,CLE@MIN,1,1,complete,1,1,1,1,1,0,1,1,0,1,0,1,0,1,0,1,2,2,2,2,2,0,0,0,0,0,0,0,0,0,0,1
2251319,291689,2026-07-09,COL@SF,1,1,complete,1,1,1,1,1,0,1,1,0,1,0,1,0,1,0,1,2,2,2,2,2,0,0,0,0,12,1,11,0,0,0,1
2251309,291679,2026-07-09,KC@NYM,1,1,complete,1,1,1,1,1,0,1,1,0,1,0,1,0,1,0,1,2,2,2,2,2,0,0,0,0,0,0,0,0,0,0,1
2251318,291687,2026-07-09,LAA@TEX,1,1,complete,1,1,1,1,1,0,1,1,0,1,0,1,0,1,0,1,2,2,2,2,2,0,0,0,0,12,0,12,0,0,0,1
2251317,291686,2026-07-09,MIL@STL,1,1,complete,1,1,1,1,1,0,1,1,0,1,0,1,0,1,0,1,2,2,2,2,2,0,0,0,0,12,1,11,0,0,0,1
2251310,291678,2026-07-09,NYY@TB,1,1,complete,1,1,1,1,1,0,1,1,0,1,0,1,0,1,0,1,2,2,2,2,2,0,0,0,0,0,0,0,0,0,0,1
2251316,291685,2026-07-09,PHI@CIN,1,1,complete,1,1,1,1,1,0,1,1,0,1,0,1,0,1,0,1,2,2,2,2,2,0,0,0,0,12,3,9,0,0,0,1
2251315,291683,2026-07-09,SEA@MIA,1,1,complete,1,1,1,1,1,0,1,1,0,1,0,1,0,1,0,1,2,2,2,2,2,0,0,0,0,12,0,12,0,0,0,1
2253695,291723,2026-07-10,ARI@LAD,1,1,complete,1,1,1,1,1,0,1,1,1,1,0,1,1,1,0,1,2,2,2,0,0,23,23,0,0,15,1,13,0,0,0,1
2251328,291718,2026-07-10,ATH@CWS,1,1,complete,1,1,1,1,1,0,1,1,1,1,0,1,1,1,0,1,2,2,2,0,0,23,23,0,0,15,3,11,0,0,0,1
2251331,291721,2026-07-10,ATL@STL,1,1,complete,1,1,1,1,1,0,1,1,1,1,0,1,1,1,0,1,2,2,2,0,0,20,20,0,0,15,2,12,0,0,0,1
2251325,291716,2026-07-10,BOS@NYM,1,1,complete,1,1,1,1,1,0,1,1,1,1,0,1,1,1,0,1,2,2,2,0,0,20,20,0,0,15,0,14,0,0,0,1
2251324,291715,2026-07-10,CHC@CIN,1,1,complete,1,1,1,1,1,0,1,1,1,1,0,1,1,1,0,1,2,2,2,0,0,19,19,0,0,15,5,9,0,0,0,1
2251327,291717,2026-07-10,CLE@MIA,1,1,complete,1,1,1,1,1,0,1,1,1,1,0,1,1,1,0,1,2,2,2,0,0,22,22,0,0,15,1,13,0,0,0,1
2251333,291724,2026-07-10,COL@SF,1,1,complete,1,1,1,1,1,0,1,1,1,1,0,1,1,1,0,1,2,2,2,0,0,21,21,0,0,15,4,10,0,0,0,1
2251329,291719,2026-07-10,HOU@TEX,1,1,complete,1,1,1,1,1,0,1,1,1,1,0,1,1,1,0,1,2,2,2,0,0,20,20,0,0,15,4,10,0,0,0,1
2251323,291713,2026-07-10,KC@BAL,1,1,complete,1,1,1,1,1,0,1,1,1,1,0,1,1,1,0,1,2,2,2,0,0,19,19,0,0,15,2,12,0,0,0,1
2251330,291720,2026-07-10,LAA@MIN,1,1,complete,1,1,1,1,1,0,1,1,1,1,0,1,1,1,0,1,2,2,2,0,0,23,23,0,0,15,2,12,0,0,0,1
2251321,291711,2026-07-10,MIL@PIT,1,0,postponed,1,1,1,1,0,0,1,1,1,0,0,1,1,0,0,1,2,2,2,0,0,19,19,0,0,15,0,0,0,0,0,0
2251322,291712,2026-07-10,NYY@WSH,1,1,complete,1,1,1,1,1,0,1,1,1,1,0,1,1,1,0,1,2,2,2,0,0,21,21,0,0,15,2,12,0,0,0,1
2251320,291710,2026-07-10,PHI@DET,1,1,complete,1,1,1,1,1,0,1,1,1,1,0,1,1,1,0,1,2,2,2,2,2,22,22,0,0,15,3,11,0,0,0,1
2251326,291714,2026-07-10,SEA@TB,1,1,complete,1,1,1,1,1,0,1,1,1,1,0,1,1,1,0,1,2,2,2,0,0,20,20,0,0,15,3,11,0,0,0,1
2251332,291722,2026-07-10,TOR@SD,1,1,complete,1,1,1,1,1,0,1,1,1,1,0,1,1,1,0,1,2,2,2,0,0,22,22,0,0,15,3,11,0,0,0,1
2253711,291740,2026-07-11,ARI@LAD,1,1,complete,1,1,1,1,1,0,1,1,1,1,0,1,1,1,0,1,2,2,2,2,2,20,20,19,19,15,4,11,0,0,0,1
2251340,291726,2026-07-11,ATH@CWS,1,1,complete,1,1,1,1,1,0,1,1,1,1,0,1,1,1,0,1,2,2,2,2,2,23,23,19,19,15,1,14,0,0,0,1
2251346,291738,2026-07-11,ATL@STL,1,1,complete,1,1,1,1,1,0,1,1,1,1,0,1,1,1,0,1,2,2,2,2,2,20,20,18,18,15,3,12,0,0,0,1
2251338,291731,2026-07-11,BOS@NYM,1,1,complete,1,1,1,1,1,0,1,1,1,1,0,1,1,1,0,1,2,2,2,2,2,21,21,21,21,15,4,11,0,0,0,1
2251345,291737,2026-07-11,CHC@CIN,1,1,complete,1,1,1,1,1,0,1,1,1,1,0,1,1,1,0,1,2,2,2,2,2,21,21,20,20,15,4,11,0,0,0,1
2251341,291732,2026-07-11,CLE@MIA,1,1,complete,1,1,1,1,1,0,1,1,1,1,0,1,1,1,0,1,2,2,2,2,2,19,19,18,18,0,0,0,0,0,0,1
2251335,291728,2026-07-11,COL@SF,1,1,complete,1,1,1,1,1,0,1,1,1,1,0,1,1,1,0,1,2,2,2,2,2,21,21,19,19,15,1,14,0,0,0,1
2251344,291736,2026-07-11,HOU@TEX,1,1,complete,1,1,1,1,1,0,1,1,1,1,0,1,1,1,0,1,2,2,2,2,2,21,21,20,20,15,3,12,0,0,0,1
2251343,291735,2026-07-11,KC@BAL,1,1,complete,1,1,1,1,1,0,1,1,1,1,0,1,1,1,0,1,2,2,2,2,2,19,19,18,18,15,3,12,0,0,0,1
2251334,291727,2026-07-11,LAA@MIN,1,1,complete,1,1,1,1,1,0,1,1,1,1,0,1,1,1,0,1,2,2,2,2,2,22,22,20,20,15,3,12,0,0,0,1
2251337,292947,2026-07-11,MIL@PIT,1,1,complete,1,1,1,1,1,0,1,1,1,1,0,1,1,1,0,1,2,2,2,2,2,24,24,22,22,15,1,14,0,0,0,1
2251336,291730,2026-07-11,NYY@WSH,1,1,complete,1,1,1,1,1,0,1,1,1,1,0,1,1,1,0,1,2,2,2,2,2,24,24,21,21,15,3,12,0,0,0,1
2251342,291734,2026-07-11,PHI@DET,1,1,complete,1,1,1,1,1,0,1,1,1,1,0,1,1,1,0,1,2,2,2,2,2,21,21,19,19,15,4,11,0,0,0,1
2251339,291733,2026-07-11,SEA@TB,1,1,complete,1,1,1,1,1,0,1,1,1,1,0,1,1,1,0,1,2,2,2,2,2,21,21,19,19,15,0,15,0,0,0,1
2251347,291739,2026-07-11,TOR@SD,1,1,complete,1,1,1,1,1,0,1,1,1,1,0,1,1,1,0,1,2,2,2,2,2,20,20,17,17,15,2,13,0,0,0,1
2253725,291754,2026-07-12,ARI@LAD,1,1,complete,1,1,1,1,1,0,1,1,1,1,0,1,1,1,0,1,2,2,2,2,2,22,22,18,18,15,4,11,0,0,0,1
2251357,291750,2026-07-12,ATH@CWS,1,1,complete,1,1,1,1,1,0,1,1,1,1,0,1,1,1,0,1,2,2,2,2,2,19,19,18,18,15,4,11,0,0,0,1
2251358,291751,2026-07-12,ATL@STL,1,1,complete,1,1,1,1,1,0,1,1,1,1,0,1,1,1,0,1,2,2,2,2,2,21,21,21,21,15,1,14,0,0,0,1
2251352,291748,2026-07-12,BOS@NYM,1,1,complete,1,1,1,1,1,0,1,1,1,1,0,1,1,1,0,1,1,1,1,1,1,20,20,19,19,15,1,14,0,0,0,1
2251351,291744,2026-07-12,CHC@CIN,1,1,complete,1,1,1,1,1,0,1,1,1,1,0,1,1,1,0,1,2,2,2,2,2,19,19,18,18,15,4,11,0,0,0,1
2251355,291746,2026-07-12,CLE@MIA,1,1,complete,1,1,1,1,1,0,1,1,1,1,0,1,1,1,0,1,2,2,2,2,2,22,22,20,20,15,2,13,0,0,0,1
2251360,291753,2026-07-12,COL@SF,1,1,complete,1,1,1,1,1,0,1,1,1,1,0,1,1,1,0,1,2,2,2,2,2,19,19,18,18,15,1,14,0,0,0,1
2251359,291752,2026-07-12,HOU@TEX,1,1,complete,1,1,1,1,1,0,1,1,1,1,0,1,1,1,0,1,2,2,2,2,2,21,21,21,21,15,4,11,0,0,0,1
2251349,291743,2026-07-12,KC@BAL,1,1,complete,1,1,1,1,1,0,1,1,1,1,0,1,1,1,0,1,2,2,2,2,2,20,20,18,18,15,2,13,0,0,0,1
2251356,291749,2026-07-12,LAA@MIN,1,1,complete,1,1,1,1,1,0,1,1,1,1,0,1,1,1,0,1,2,2,2,2,2,21,21,19,19,15,2,13,0,0,0,1
2251348,291741,2026-07-12,MIL@PIT,1,1,complete,1,1,1,1,1,0,1,1,1,1,0,1,1,1,0,1,2,2,2,2,2,20,20,18,18,15,1,14,0,0,0,1
2251350,291742,2026-07-12,NYY@WSH,1,1,complete,1,1,1,1,1,0,1,1,1,1,0,1,1,1,0,1,2,2,2,2,2,22,22,21,21,15,4,11,0,0,0,1
2251354,291745,2026-07-12,PHI@DET,1,1,complete,1,1,1,1,1,0,1,1,1,1,0,1,1,1,0,1,2,2,2,2,2,21,21,19,19,15,2,13,0,0,0,1
2251353,291747,2026-07-12,SEA@TB,1,1,complete,1,1,1,1,1,0,1,1,1,1,0,1,1,1,0,1,2,2,2,2,2,20,20,18,18,15,3,12,0,0,0,1
2251361,291755,2026-07-12,TOR@SD,1,1,complete,1,1,1,1,1,0,1,1,1,1,0,1,1,1,0,1,2,2,2,2,2,20,20,17,17,15,4,11,0,0,0,1
4110001,291776,2026-07-14,AL@NL,1,1,complete,1,1,1,1,0,0,1,1,1,0,0,1,1,0,0,1,0,0,0,0,0,18,18,0,0,0,0,0,0,0,0,0
2251362,291842,2026-07-16,NYM@PHI,1,1,complete,1,1,1,1,1,0,1,1,1,1,0,1,1,1,0,1,2,2,2,2,2,19,19,18,18,15,2,13,0,0,0,1
2251370,291884,2026-07-17,BAL@HOU,1,1,complete,1,1,1,1,1,0,1,1,1,1,0,1,1,1,0,1,2,2,2,2,2,21,21,18,18,0,0,0,0,0,0,1
2251372,291885,2026-07-17,CIN@COL,1,1,complete,1,1,1,1,1,0,1,1,1,1,0,1,1,1,0,1,2,2,2,2,2,22,22,20,20,0,0,0,0,0,0,1
2251364,291880,2026-07-17,CWS@TOR,1,1,complete,1,1,1,1,1,0,1,1,1,1,0,1,1,1,0,1,2,2,2,2,2,19,19,19,19,0,0,0,0,0,0,1
2251373,291886,2026-07-17,DET@LAA,1,1,complete,1,1,1,1,1,0,1,1,1,1,0,1,1,1,0,1,2,2,2,2,2,19,19,19,19,0,0,0,0,0,0,1
2251363,291876,2026-07-17,LAD@NYY,1,1,complete,1,1,1,1,1,0,1,1,1,1,0,1,1,1,0,1,2,2,2,2,2,19,19,19,19,0,0,0,0,0,0,1
2251368,291881,2026-07-17,MIA@MIL,1,1,complete,1,1,1,1,1,0,1,1,1,1,0,1,1,1,0,1,2,2,2,2,2,18,18,18,18,0,0,0,0,0,0,1
2251369,291882,2026-07-17,MIN@CHC,1,1,complete,1,1,1,1,1,0,1,1,1,1,0,1,1,1,0,1,2,2,2,2,2,18,18,18,18,0,0,0,0,0,0,1
2251371,291883,2026-07-17,SD@KC,1,1,complete,1,1,1,1,1,0,1,1,1,1,0,1,1,1,0,1,2,2,2,2,2,19,19,18,18,0,0,0,0,0,0,1
2251375,291889,2026-07-17,SF@SEA,1,1,complete,1,1,1,1,1,0,1,1,1,1,0,1,1,1,0,1,2,2,2,2,2,19,19,18,18,0,0,0,0,0,0,1
2253740,291888,2026-07-17,STL@ARI,1,1,complete,1,1,1,1,1,0,1,1,1,1,0,1,1,1,0,1,2,2,2,2,2,22,22,19,19,0,0,0,0,0,0,1
2250551,291875,2026-07-17,TB@BOS,1,1,complete,1,1,1,1,1,0,1,1,1,1,0,1,1,1,0,1,2,2,2,2,2,18,18,13,13,15,0,0,0,0,0,1
2251366,291877,2026-07-17,TB@BOS,2,1,complete,1,1,1,1,1,0,1,1,1,1,0,1,1,1,0,1,2,2,2,2,2,23,23,19,19,0,0,0,0,0,0,1
2251367,291879,2026-07-17,TEX@ATL,1,1,complete,1,1,1,1,1,0,1,1,1,1,0,1,1,1,0,1,2,2,2,2,2,21,21,20,20,0,0,0,0,0,0,1
2251374,291887,2026-07-17,WSH@ATH,1,1,complete,1,1,1,1,1,0,1,1,1,1,0,1,1,1,0,1,2,2,2,2,2,22,22,19,19,0,0,0,0,0,0,1
2251380,291908,2026-07-18,BAL@HOU,1,1,complete,1,1,1,1,1,0,1,1,1,1,0,1,1,1,0,1,2,2,2,2,2,19,19,19,19,0,0,0,0,0,0,1
2251378,291906,2026-07-18,CIN@COL,1,1,complete,1,1,1,1,1,0,1,1,1,1,0,1,1,1,0,1,2,2,2,2,2,23,23,19,19,0,0,0,0,0,0,1
2251377,291905,2026-07-18,CWS@TOR,1,1,complete,1,1,1,1,1,0,1,1,1,1,0,1,1,1,0,1,2,2,2,2,2,18,18,18,18,0,0,0,0,0,0,1
2251389,291918,2026-07-18,DET@LAA,1,1,complete,1,1,1,1,1,0,1,1,1,1,0,1,1,1,0,1,2,2,2,2,2,20,20,18,18,0,0,0,0,0,0,1
2251385,291914,2026-07-18,MIA@MIL,1,1,complete,1,1,1,1,1,0,1,1,1,1,0,1,1,1,0,1,2,2,2,2,2,21,21,18,18,0,0,0,0,0,0,1
2251376,291904,2026-07-18,MIN@CHC,1,1,complete,1,1,1,1,1,0,1,1,1,1,0,1,1,1,0,1,2,2,2,2,2,22,22,19,19,0,0,0,0,0,0,1
2251379,291907,2026-07-18,NYM@PHI,1,1,complete,1,1,1,1,1,0,1,1,1,1,0,1,1,1,0,1,2,2,2,2,2,18,18,18,18,0,0,0,0,0,0,1
2251365,294185,2026-07-18,PIT@CLE,1,1,complete,1,1,1,1,1,0,1,1,1,1,0,1,1,1,0,1,2,2,2,2,2,22,22,18,18,0,0,0,0,0,0,1
2251381,291910,2026-07-18,PIT@CLE,2,1,complete,1,1,1,1,1,0,1,1,1,1,0,1,1,1,0,1,0,0,0,0,0,26,26,23,23,0,0,0,0,0,0,1
2251382,291911,2026-07-18,SD@KC,1,1,complete,1,1,1,1,1,0,1,1,1,1,0,1,1,1,0,1,2,2,2,2,2,21,21,18,18,0,0,0,0,0,0,1
2251386,291916,2026-07-18,SF@SEA,1,1,complete,1,1,1,1,1,0,1,1,1,1,0,1,1,1,0,1,2,2,2,2,2,20,20,20,20,0,0,0,0,0,0,1
2253749,291912,2026-07-18,STL@ARI,1,1,complete,1,1,1,1,1,0,1,1,1,1,0,1,1,1,0,1,2,2,2,2,2,24,24,21,21,0,0,0,0,0,0,1
2251383,291913,2026-07-18,TB@BOS,1,1,complete,1,1,1,1,1,0,1,1,1,1,0,1,1,1,0,1,2,2,2,2,2,21,21,21,21,0,0,0,0,0,0,1
2251384,291909,2026-07-18,TEX@ATL,1,1,complete,1,1,1,1,1,0,1,1,1,1,0,1,1,1,0,1,2,2,2,2,2,19,19,18,18,0,0,0,0,0,0,1
2251388,291917,2026-07-18,WSH@ATH,1,1,complete,1,1,1,1,1,0,1,1,1,1,0,1,1,1,0,1,2,2,2,2,2,22,22,19,19,0,0,0,0,0,0,1
2251395,291925,2026-07-19,BAL@HOU,1,1,complete,1,1,1,1,1,0,1,1,1,1,0,1,1,1,0,1,2,2,2,2,2,21,21,18,18,0,0,0,0,0,0,1
2251399,291928,2026-07-19,CIN@COL,1,1,complete,1,1,1,1,1,0,1,1,1,1,0,1,1,1,0,1,2,2,2,2,2,22,22,19,19,0,0,0,0,0,0,1
2251390,291919,2026-07-19,CWS@TOR,1,1,complete,1,1,1,1,1,0,1,1,1,1,0,1,1,1,0,1,2,2,2,2,2,21,21,19,19,0,0,0,0,0,0,1
2251401,291930,2026-07-19,DET@LAA,1,1,complete,1,1,1,1,1,0,1,1,1,1,0,1,1,1,0,1,2,2,2,2,2,22,22,21,21,0,0,0,0,0,0,1
2251387,294209,2026-07-19,LAD@NYY,1,1,complete,1,1,1,1,1,0,1,1,1,1,0,1,1,1,0,1,2,2,2,2,2,21,21,17,17,0,0,0,0,0,0,1
2251403,291933,2026-07-19,LAD@NYY,2,1,complete,1,1,1,1,1,0,1,1,1,1,0,1,1,1,0,1,0,0,0,0,0,23,23,21,21,0,0,0,0,0,0,1
2251397,291924,2026-07-19,MIA@MIL,1,1,complete,1,1,1,1,1,0,1,1,1,1,0,1,1,1,0,1,2,2,2,2,2,24,24,21,21,0,0,0,0,0,0,1
2251398,291927,2026-07-19,MIN@CHC,1,1,complete,1,1,1,1,1,0,1,1,1,1,0,1,1,1,0,1,2,2,2,2,2,20,20,20,20,0,0,0,0,0,0,1
2251392,291921,2026-07-19,NYM@PHI,1,1,complete,1,1,1,1,1,0,1,1,1,1,0,1,1,1,0,1,2,2,2,2,2,20,20,18,18,0,0,0,0,0,0,1
2251394,291923,2026-07-19,PIT@CLE,1,1,complete,1,1,1,1,1,0,1,1,1,1,0,1,1,1,0,1,2,2,2,2,2,21,21,18,18,0,0,0,0,0,0,1
2251396,291926,2026-07-19,SD@KC,1,1,complete,1,1,1,1,1,0,1,1,1,1,0,1,1,1,0,1,2,2,2,2,2,21,21,19,19,0,0,0,0,0,0,1
2251402,291931,2026-07-19,SF@SEA,1,1,complete,1,1,1,1,1,0,1,1,1,1,0,1,1,1,0,1,2,2,2,2,2,22,22,19,19,0,0,0,0,0,0,1
2253770,291932,2026-07-19,STL@ARI,1,1,complete,1,1,1,1,1,0,1,1,1,1,0,1,1,1,0,1,2,2,2,2,2,21,21,20,20,0,0,0,0,0,0,1
2251391,291922,2026-07-19,TB@BOS,1,1,complete,1,1,1,1,1,0,1,1,1,1,0,1,1,1,0,1,2,2,2,2,2,19,19,18,18,0,0,0,0,0,0,1
2251393,291920,2026-07-19,TEX@ATL,1,1,complete,1,1,1,1,1,0,1,1,1,1,0,1,1,1,0,1,2,2,2,2,2,19,19,18,18,0,0,0,0,0,0,1
2251400,291929,2026-07-19,WSH@ATH,1,1,complete,1,1,1,1,1,0,1,1,1,1,0,1,1,1,0,1,2,2,2,2,2,18,18,18,18,0,0,0,0,0,0,1
2253784,291953,2026-07-20,ATH@ARI,1,1,complete,1,1,1,1,1,0,1,1,1,1,0,1,1,1,0,1,2,2,2,2,2,19,19,18,18,0,0,0,0,0,0,1
2251407,291945,2026-07-20,BAL@BOS,1,1,complete,1,1,1,1,1,0,1,1,1,1,0,1,1,1,0,1,2,2,2,2,2,21,21,19,19,0,0,0,0,0,0,1
2251416,291954,2026-07-20,CIN@SEA,1,1,complete,1,1,1,1,1,0,1,1,1,1,0,1,1,1,0,1,2,2,2,2,2,22,22,19,19,0,0,0,0,0,0,1
2251413,291950,2026-07-20,CWS@TEX,1,1,complete,1,1,1,1,1,0,1,1,1,1,0,1,1,1,0,1,2,2,2,2,2,19,19,19,19,0,0,0,0,0,0,1
2251412,291949,2026-07-20,DET@CHC,1,1,complete,1,1,1,1,1,0,1,1,1,1,0,1,1,1,0,1,2,2,2,2,2,21,21,21,21,0,0,0,0,0,0,1
2251408,291944,2026-07-20,LAD@PHI,1,1,complete,1,1,1,1,1,0,1,1,1,1,0,1,1,1,0,1,2,2,2,2,2,20,20,18,18,0,0,0,0,0,0,1
2251414,291951,2026-07-20,MIA@HOU,1,1,complete,1,1,1,1,1,0,1,1,1,1,0,1,1,1,0,1,2,2,2,2,2,21,21,20,20,0,0,0,0,0,0,1
2251404,291941,2026-07-20,MIN@CLE,1,1,complete,1,1,1,1,1,0,1,1,1,1,0,1,1,1,0,1,2,2,2,2,2,24,24,19,19,0,0,0,0,0,0,1
2251411,291947,2026-07-20,NYM@MIL,1,1,complete,1,1,1,1,1,0,1,1,1,1,0,1,1,1,0,1,2,2,2,2,2,21,21,18,18,0,0,0,0,0,0,1
2251405,291942,2026-07-20,PIT@NYY,1,1,complete,1,1,1,1,1,0,1,1,1,1,0,1,1,1,0,1,2,2,2,2,2,20,20,20,20,0,0,0,0,0,0,1
2251409,291946,2026-07-20,SD@ATL,1,1,complete,1,1,1,1,1,0,1,1,1,1,0,1,1,1,0,1,2,2,2,2,2,21,21,18,18,0,0,0,0,0,0,1
2251410,291948,2026-07-20,SF@KC,1,1,complete,1,1,1,1,1,0,1,1,1,1,0,1,1,1,0,1,2,2,2,2,2,21,21,20,20,0,0,0,0,0,0,1
2251417,291955,2026-07-20,STL@LAA,1,1,complete,1,1,1,1,1,0,1,1,1,1,0,1,1,1,0,1,2,2,2,2,2,20,20,19,19,0,0,0,0,0,0,1
2251406,291943,2026-07-20,TB@TOR,1,1,complete,1,1,1,1,1,0,1,1,1,1,0,1,1,1,0,1,2,2,2,2,2,20,20,18,18,0,0,0,0,0,0,1
2251415,291952,2026-07-20,WSH@COL,1,1,complete,1,1,1,1,1,0,1,1,1,1,0,1,1,1,0,1,2,2,2,2,2,20,20,20,20,0,0,0,0,0,0,1
2253800,291988,2026-07-21,ATH@ARI,1,1,complete,1,1,1,1,1,0,1,1,1,1,0,1,1,1,0,1,2,2,2,2,2,24,24,19,19,0,0,0,0,0,0,1
2251431,291987,2026-07-21,CIN@SEA,1,1,complete,1,1,1,1,1,0,1,1,1,1,0,1,1,1,0,1,2,2,2,2,2,22,22,20,20,0,0,0,0,0,0,1
2251427,291982,2026-07-21,CWS@TEX,1,1,complete,1,1,1,1,1,0,1,1,1,1,0,1,1,1,0,1,2,2,2,2,2,21,21,18,18,0,0,0,0,0,0,1
2251426,291983,2026-07-21,DET@CHC,1,1,complete,1,1,1,1,1,0,1,1,1,1,0,1,1,1,0,1,2,2,2,2,2,20,20,19,19,0,0,0,0,0,0,1
2251419,291975,2026-07-21,LAD@PHI,1,1,complete,1,1,1,1,1,0,1,1,1,1,0,1,1,1,0,1,2,2,2,2,2,20,20,19,19,0,0,0,0,0,0,1
2251428,291984,2026-07-21,MIA@HOU,1,1,complete,1,1,1,1,1,0,1,1,1,1,0,1,1,1,0,1,2,2,2,2,2,21,21,19,19,0,0,0,0,0,0,1
2251418,291974,2026-07-21,MIN@CLE,1,1,complete,1,1,1,1,1,0,1,1,1,1,0,1,1,1,0,1,2,2,2,2,2,23,23,21,21,0,0,0,0,0,0,1
2251425,291980,2026-07-21,NYM@MIL,1,1,complete,1,1,1,1,1,0,1,1,1,1,0,1,1,1,0,1,2,2,2,2,2,23,23,19,19,0,0,0,0,0,0,1
2251423,291979,2026-07-21,SD@ATL,1,1,complete,1,1,1,1,1,0,1,1,1,1,0,1,1,1,0,1,2,2,2,2,2,21,21,18,18,0,0,0,0,0,0,1
2251424,291981,2026-07-21,SF@KC,1,1,complete,1,1,1,1,1,0,1,1,1,1,0,1,1,1,0,1,2,2,2,2,2,23,23,19,19,0,0,0,0,0,0,1
2251430,291986,2026-07-21,STL@LAA,1,1,complete,1,1,1,1,1,0,1,1,1,1,0,1,1,1,0,1,2,2,2,2,2,21,21,19,19,0,0,0,0,0,0,1
2251421,291977,2026-07-21,TB@TOR,1,1,complete,1,1,1,1,1,0,1,1,1,1,0,1,1,1,0,1,2,2,2,2,2,22,22,17,17,0,0,0,0,0,0,1
2251429,291985,2026-07-21,WSH@COL,1,1,complete,1,1,1,1,1,0,1,1,1,1,0,1,1,1,0,1,2,2,2,2,2,22,22,19,19,0,0,0,0,0,0,1
2253806,292012,2026-07-22,ATH@ARI,1,1,complete,1,1,1,1,1,0,1,1,1,1,0,1,1,1,0,1,2,2,2,2,2,21,21,21,21,0,0,0,0,0,0,1
2251422,294352,2026-07-22,BAL@BOS,1,1,complete,1,1,1,1,1,0,1,1,1,1,0,1,1,1,0,1,2,2,2,2,2,22,22,18,18,0,0,0,0,0,0,1
2251441,292017,2026-07-22,BAL@BOS,2,1,complete,1,1,1,1,1,0,1,1,1,1,0,1,1,1,0,1,0,0,0,0,0,25,25,19,19,0,0,0,0,0,0,1
2251436,292011,2026-07-22,CIN@SEA,1,1,complete,1,1,1,1,1,0,1,1,1,1,0,1,1,1,0,1,2,2,2,2,2,23,23,18,18,0,0,0,0,0,0,1
2251444,292019,2026-07-22,CWS@TEX,1,1,complete,1,1,1,1,1,0,1,1,1,1,0,1,1,1,0,1,2,2,2,2,2,22,22,17,17,0,0,0,0,0,0,1
2251443,292020,2026-07-22,DET@CHC,1,1,complete,1,1,1,1,1,0,1,1,1,1,0,1,1,1,0,1,2,2,2,2,2,21,21,18,18,0,0,0,0,0,0,1
2251439,292015,2026-07-22,LAD@PHI,1,1,complete,1,1,1,1,1,0,1,1,1,1,0,1,1,1,0,1,2,2,2,2,2,20,20,20,20,0,0,0,0,0,0,1
2251445,292021,2026-07-22,MIA@HOU,1,1,complete,1,1,1,1,1,0,1,1,1,1,0,1,1,1,0,1,2,2,2,2,2,22,22,19,19,0,0,0,0,0,0,1
2251438,292014,2026-07-22,MIN@CLE,1,1,complete,1,1,1,1,1,0,1,1,1,1,0,1,1,1,0,1,2,2,2,2,2,23,23,19,19,0,0,0,0,0,0,1
2251434,292008,2026-07-22,NYM@MIL,1,1,complete,1,1,1,1,1,0,1,1,1,1,0,1,1,1,0,1,2,2,2,2,2,20,20,19,19,0,0,0,0,0,0,1
2251432,292007,2026-07-22,PIT@NYY,1,1,complete,1,1,1,1,1,0,1,1,1,1,0,1,1,1,0,1,0,0,0,0,0,26,26,24,24,0,0,0,0,0,0,1
2251420,294351,2026-07-22,PIT@NYY,2,1,complete,1,1,1,1,1,0,1,1,1,1,0,1,1,1,0,1,2,2,2,2,2,19,19,15,15,0,0,0,0,0,0,1
2251442,292018,2026-07-22,SD@ATL,1,1,complete,1,1,1,1,1,0,1,1,1,1,0,1,1,1,0,1,2,2,2,2,2,22,22,20,20,0,0,0,0,0,0,1
2251433,292009,2026-07-22,SF@KC,1,1,complete,1,1,1,1,1,0,1,1,1,1,0,1,1,1,0,1,2,2,2,2,2,21,21,19,19,0,0,0,0,0,0,1
2251437,292013,2026-07-22,STL@LAA,1,1,complete,1,1,1,1,1,0,1,1,1,1,0,1,1,1,0,1,2,2,2,2,2,24,24,19,19,0,0,0,0,0,0,1
2251440,292016,2026-07-22,TB@TOR,1,1,complete,1,1,1,1,1,0,1,1,1,1,0,1,1,1,0,1,2,2,2,2,2,20,20,19,19,0,0,0,0,0,0,1
2251435,292010,2026-07-22,WSH@COL,1,1,complete,1,1,1,1,1,0,1,1,1,1,0,1,1,1,0,1,2,2,2,2,2,23,23,19,19,0,0,0,0,0,0,1
2253491,292387,2026-07-23,ARI@STL,1,1,complete,1,1,1,1,1,0,1,1,1,1,0,1,1,1,0,1,2,2,2,2,2,22,22,19,19,15,5,10,0,0,0,1
2251449,292110,2026-07-23,KC@DET,1,1,complete,1,1,1,1,1,0,1,1,1,1,0,1,1,1,0,1,2,2,2,2,2,21,21,19,19,0,0,0,0,0,0,1
2251447,292108,2026-07-23,MIN@CLE,1,1,complete,1,1,1,1,1,0,1,1,1,1,0,1,1,1,0,1,2,2,2,2,2,20,20,19,19,0,0,0,0,0,0,1
2251446,292107,2026-07-23,SD@ATL,1,1,complete,1,1,1,1,1,0,1,1,1,1,0,1,1,1,0,1,2,2,2,2,2,21,21,19,19,0,0,0,0,0,0,1
2251448,292109,2026-07-23,TB@TOR,1,1,complete,1,1,1,1,1,0,1,1,1,1,0,1,1,1,0,1,2,2,2,2,2,22,22,20,20,0,0,0,0,0,0,1
2253825,292119,2026-07-24,ARI@WSH,1,1,complete,1,1,1,1,1,0,1,1,1,1,0,1,1,1,0,1,2,2,2,2,2,22,22,20,20,0,0,0,0,0,0,1
2251461,292127,2026-07-24,ATH@MIN,1,1,complete,1,1,1,1,1,0,1,1,1,1,0,1,1,1,0,1,2,2,2,2,2,20,20,18,18,0,0,0,0,0,0,1
2251454,292120,2026-07-24,ATL@BAL,1,1,complete,1,1,1,1,1,0,1,1,1,1,0,1,1,1,0,1,2,2,2,2,2,22,22,21,21,0,0,0,0,0,0,1
2251452,292116,2026-07-24,CHC@PIT,1,1,complete,1,1,1,1,1,0,1,1,1,1,0,1,1,1,0,1,2,2,2,2,2,20,20,19,19,0,0,0,0,0,0,1
2251462,292128,2026-07-24,CIN@STL,1,1,complete,1,1,1,1,1,0,1,1,1,1,0,1,1,1,0,1,2,2,2,2,2,19,19,19,19,0,0,0,0,0,0,1
2251456,292121,2026-07-24,CLE@TB,1,1,complete,1,1,1,1,1,0,1,1,1,1,0,1,1,1,0,1,2,2,2,2,2,22,22,18,18,0,0,0,0,0,0,1
2251450,292115,2026-07-24,COL@MIL,1,1,complete,1,1,1,1,1,0,1,1,1,1,0,1,1,1,0,1,2,2,2,2,2,22,22,20,20,0,0,0,0,0,0,1
2251459,292125,2026-07-24,HOU@CWS,1,1,complete,1,1,1,1,1,0,1,1,1,1,0,1,1,1,0,1,2,2,2,2,2,21,21,19,19,0,0,0,0,0,0,1
2251451,292117,2026-07-24,KC@DET,1,1,complete,1,1,1,1,1,0,1,1,1,1,0,1,1,1,0,1,2,2,2,2,2,25,25,19,19,0,0,0,0,0,0,1
2251463,292129,2026-07-24,LAA@SF,1,1,complete,1,1,1,1,1,0,1,1,1,1,0,1,1,1,0,1,2,2,2,2,2,23,23,20,20,0,0,0,0,0,0,1
2251455,292123,2026-07-24,LAD@NYM,1,1,complete,1,1,1,1,1,0,1,1,1,1,0,1,1,1,0,1,2,2,2,2,2,20,20,18,18,0,0,0,0,0,0,1
2251453,292118,2026-07-24,NYY@PHI,1,1,complete,1,1,1,1,1,0,1,1,1,1,0,1,1,1,0,1,2,2,2,2,2,19,19,18,18,0,0,0,0,0,0,1
2251458,292122,2026-07-24,SD@MIA,1,1,complete,1,1,1,1,1,0,1,1,1,1,0,1,1,1,0,1,2,2,2,2,2,20,20,18,18,0,0,0,0,0,0,1
2251460,292126,2026-07-24,SEA@TEX,1,1,complete,1,1,1,1,1,0,1,1,1,1,0,1,1,1,0,1,2,2,2,2,2,23,23,19,19,0,0,0,0,0,0,1
2251457,292124,2026-07-24,TOR@BOS,1,1,complete,1,1,1,1,1,0,1,1,1,1,0,1,1,1,0,1,2,2,2,2,2,20,20,18,18,0,0,0,0,0,0,1
2253837,292166,2026-07-25,ARI@WSH,1,0,scheduled,1,1,1,1,0,0,1,1,1,0,0,1,1,0,0,1,2,2,2,0,0,19,19,0,0,0,0,0,0,0,0,0
2251472,292175,2026-07-25,ATH@MIN,1,0,scheduled,1,1,1,1,0,0,1,1,1,0,0,1,1,0,0,1,1,1,1,0,0,19,19,0,0,0,0,0,0,0,0,0
2251471,292172,2026-07-25,ATL@BAL,1,0,scheduled,1,1,1,1,0,0,1,1,1,0,0,1,1,0,0,1,2,2,2,0,0,20,20,0,0,0,0,0,0,0,0,0
2251470,292171,2026-07-25,CHC@PIT,1,0,scheduled,1,1,1,1,0,0,1,1,1,0,0,1,1,0,0,1,2,2,2,0,0,19,19,0,0,0,0,0,0,0,0,0
2251476,292178,2026-07-25,CIN@STL,1,0,scheduled,1,1,1,1,0,0,1,1,1,0,0,1,1,0,0,1,2,2,2,0,0,19,19,0,0,0,0,0,0,0,0,0
2251469,292170,2026-07-25,CLE@TB,1,0,scheduled,1,1,1,1,0,0,1,1,1,0,0,1,1,0,0,1,2,2,2,0,0,19,19,0,0,0,0,0,0,0,0,0
2251474,292174,2026-07-25,COL@MIL,1,0,scheduled,1,1,1,1,0,0,1,1,1,0,0,1,1,0,0,1,2,2,2,0,0,20,20,0,0,0,0,0,0,0,0,0
2251473,292173,2026-07-25,HOU@CWS,1,0,scheduled,1,1,1,1,0,0,1,1,1,0,0,1,1,0,0,1,2,2,2,0,0,19,19,0,0,0,0,0,0,0,0,0
2251464,292164,2026-07-25,KC@DET,1,0,scheduled,1,1,1,1,0,0,1,1,1,0,0,1,1,0,0,1,2,2,2,0,0,20,20,0,0,0,0,0,0,0,0,0
2251465,292165,2026-07-25,LAA@SF,1,0,scheduled,1,1,1,1,0,0,1,1,1,0,0,1,1,0,0,1,2,2,2,0,0,20,20,0,0,0,0,0,0,0,0,0
2251475,292177,2026-07-25,LAD@NYM,1,0,scheduled,1,1,1,1,0,0,1,1,1,0,0,1,1,0,0,1,2,2,2,0,0,20,20,0,0,0,0,0,0,0,0,0
2251468,292169,2026-07-25,NYY@PHI,1,0,scheduled,1,1,1,1,0,0,1,1,1,0,0,1,1,0,0,1,1,1,1,0,0,18,18,0,0,0,0,0,0,0,0,0
2251467,292168,2026-07-25,SD@MIA,1,0,scheduled,1,1,1,1,0,0,1,1,1,0,0,1,1,0,0,1,2,2,2,0,0,19,19,0,0,0,0,0,0,0,0,0
2251477,292176,2026-07-25,SEA@TEX,1,0,scheduled,1,1,1,1,0,0,1,1,1,0,0,1,1,0,0,1,2,2,2,0,0,20,20,0,0,0,0,0,0,0,0,0
2251466,292167,2026-07-25,TOR@BOS,1,0,scheduled,1,1,1,1,0,0,1,1,1,0,0,1,1,0,0,1,2,2,2,0,0,20,20,0,0,0,0,0,0,0,0,0
