gameId,side,gameDate,livePitcherName,liveMlbamId,substrateStarterId,actualStarterName,nameClass,kProj,bookLine,liveTruthKs,liveSignedError,liveStoredActualKs,substrateStarterKs,verdict,liveStoredResult
2250006,away,2026-03-25,Max Fried,608331,608331,Max Fried,SAME_STARTER,4.73,5.5,4.0,0.7300000000000004,4,4,EDGE,UNDER
2250006,home,2026-03-25,Logan Webb,657277,657277,Logan Webb,SAME_STARTER,7.06,6.5,7.0,0.05999999999999961,7,7,EDGE,OVER
2250007,away,2026-03-26,Paul Skenes,694973,694973,Paul Skenes,SAME_STARTER,6.46,6.5,1.0,5.46,1,1,NEUTRAL,UNDER
2250007,home,2026-03-26,Freddy Peralta,642547,642547,Freddy Peralta,SAME_STARTER,5.88,6.5,7.0,-1.12,7,7,NEUTRAL,OVER
2250008,away,2026-03-26,Shane Smith,681343,681343,Shane Smith,SAME_STARTER,5.56,4.5,2.0,3.5599999999999996,2,2,EDGE OVER,UNDER
2250008,home,2026-03-26,Jacob Misiorowski,694819,694819,Jacob Misiorowski,SAME_STARTER,5.72,6.5,11.0,-5.28,11,11,EDGE UNDER,OVER
2250009,away,2026-03-26,Cade Cavalli,676917,676917,Cade Cavalli,SAME_STARTER,6.25,4.0,5.0,1.25,5,5,EDGE OVER,OVER
2250009,home,2026-03-26,Matthew Boyd,571510,571510,Matthew Boyd,SAME_STARTER,4.64,5.5,7.0,-2.3600000000000003,7,7,EDGE UNDER,OVER
2250010,away,2026-03-26,,,657746,Joe Ryan,NO_LIVE_ROW,,,,,,7,,
2250010,home,2026-03-26,,,669432,Trevor Rogers,NO_LIVE_ROW,,,,,,5,,
2250011,away,2026-03-26,,,676979,Garrett Crochet,NO_LIVE_ROW,,,,,,8,,
2250011,home,2026-03-26,,,671096,Andrew Abbott,NO_LIVE_ROW,,,,,,4,,
2250012,away,2026-03-26,,,667755,José Soriano,NO_LIVE_ROW,,,,,,7,,
2250012,home,2026-03-26,,,686613,Hunter Brown,NO_LIVE_ROW,,,,,,9,,
2250013,away,2026-03-26,,,669373,Tarik Skubal,NO_LIVE_ROW,,,,,,6,,
2250013,home,2026-03-26,,,601713,Nick Pivetta,NO_LIVE_ROW,,,,,,4,,
2250014,away,2026-03-26,,,656876,Drew Rasmussen,NO_LIVE_ROW,,,,,,2,,
2250014,home,2026-03-26,,,669461,Matthew Liberatore,NO_LIVE_ROW,,,,,,2,,
2250015,away,2026-03-26,,,543135,Nathan Eovaldi,NO_LIVE_ROW,,,,,,7,,
2250015,home,2026-03-26,,,650911,Cristopher Sánchez,NO_LIVE_ROW,,,,,,10,,
2250016,away,2026-03-26,,,676440,Tanner Bibee,NO_LIVE_ROW,,,,,,7,,
2250016,home,2026-03-26,,,669302,Logan Gilbert,NO_LIVE_ROW,,,,,,7,,
2250017,away,2026-03-27,Cam Schlittler,693645,693645,Cam Schlittler,SAME_STARTER,4.05,4.5,8.0,-3.95,8,8,UNDER,OVER
2250017,home,2026-03-27,Robbie Ray,592662,592662,Robbie Ray,SAME_STARTER,5.52,6.5,4.0,1.5199999999999996,4,4,UNDER,UNDER
2250018,away,2026-03-27,Luis Severino,622663,622663,Luis Severino,SAME_STARTER,2.17,3.5,3.0,-0.8300000000000001,3,3,UNDER,UNDER
2250018,home,2026-03-27,Kevin Gausman,592332,592332,Kevin Gausman,SAME_STARTER,4.88,5.5,11.0,-6.12,11,11,UNDER,OVER
2250019,away,2026-03-27,Kyle Freeland,607536,607536,Kyle Freeland,SAME_STARTER,2.57,3.5,2.0,0.5699999999999998,2,2,UNDER,UNDER
2250019,home,2026-03-27,Sandy Alcantara,645261,645261,Sandy Alcantara,SAME_STARTER,5.1,5.5,5.0,0.09999999999999964,5,5,UNDER,UNDER
2250020,away,2026-03-27,Cole Ragans,666142,666142,Cole Ragans,SAME_STARTER,7.39,6.5,5.0,2.3899999999999997,5,5,OVER,UNDER
2250020,home,2026-03-27,Chris Sale,519242,519242,Chris Sale,SAME_STARTER,6.87,6.5,6.0,0.8700000000000001,6,6,OVER,UNDER
2250021,away,2026-03-27,Yusei Kikuchi,579328,579328,Yusei Kikuchi,SAME_STARTER,3.48,4.5,3.0,0.48,3,3,UNDER,UNDER
2250021,home,2026-03-27,Mike Burrows,681347,681347,Mike Burrows,SAME_STARTER,5.85,5.5,6.0,-0.15000000000000036,6,6,OVER,OVER
2250022,away,2026-03-27,Framber Valdez,664285,664285,Framber Valdez,SAME_STARTER,3.87,4.5,5.0,-1.13,5,5,UNDER,OVER
2250022,home,2026-03-27,Michael King,650633,650633,Michael King,SAME_STARTER,4.8,5.5,6.0,-1.2000000000000002,6,6,UNDER,OVER
2250023,away,2026-03-27,Gavin Williams,668909,668909,Gavin Williams,SAME_STARTER,4.67,5.5,7.0,-2.33,7,7,UNDER,OVER
2250023,home,2026-03-27,George Kirby,669923,669923,George Kirby,SAME_STARTER,5.65,5.5,6.0,-0.34999999999999964,6,6,PASS,OVER
2250024,away,2026-03-28,Joe Boyle,671212,671212,Joe Boyle,SAME_STARTER,3.33,4.5,4.0,-0.6699999999999999,4,4,UNDER,UNDER
2250024,home,2026-03-28,Michael McGreevy,700241,700241,Michael McGreevy,SAME_STARTER,2.73,3.5,5.0,-2.27,5,5,UNDER,OVER
2250025,away,2026-03-28,Miles Mikolas,571945,571945,Miles Mikolas,SAME_STARTER,2.25,3.5,4.0,-1.75,4,4,UNDER,OVER
2250025,home,2026-03-28,Cade Horton,690990,690990,Cade Horton,SAME_STARTER,3.38,4.5,4.0,-0.6200000000000001,4,4,UNDER,UNDER
2250026,away,2026-03-28,Jeffrey Springs,605488,605488,Jeffrey Springs,SAME_STARTER,2.16,3.5,2.0,0.16000000000000014,2,2,UNDER,UNDER
2250026,home,2026-03-28,Dylan Cease,656302,656302,Dylan Cease,SAME_STARTER,6.11,6.5,12.0,-5.89,12,12,UNDER,OVER
2250027,away,2026-03-28,Taj Bradley,671737,671737,Taj Bradley,SAME_STARTER,3.73,4.5,9.0,-5.27,9,9,OVER,OVER
2250027,home,2026-03-28,Kyle Bradish,680694,680694,Kyle Bradish,SAME_STARTER,7.49,6.5,4.0,3.49,4,4,OVER,UNDER
2250028,away,2026-03-28,Jacob deGrom,594798,656641,Jacob Latz,OTHER_PITCHER,6.04,6.5,3.0,3.04,3,3,UNDER,UNDER
2250028,home,2026-03-28,Aaron Nola,605400,605400,Aaron Nola,SAME_STARTER,4.75,5.5,7.0,-2.25,7,7,UNDER,OVER
2250029,away,2026-03-28,Sonny Gray,543243,543243,Sonny Gray,SAME_STARTER,7.47,6.5,5.0,2.4699999999999998,5,5,OVER,UNDER
2250029,home,2026-03-28,Brady Singer,663903,663903,Brady Singer,SAME_STARTER,3.63,4.5,5.0,-1.37,5,5,UNDER,OVER
2250030,away,2026-03-28,Mitch Keller,656605,656605,Mitch Keller,SAME_STARTER,3.47,4.5,3.0,0.4700000000000002,3,3,UNDER,UNDER
2250030,home,2026-03-28,David Peterson,656849,656849,David Peterson,SAME_STARTER,4.7,4.5,3.0,1.7000000000000002,3,3,PASS,UNDER
2250031,away,2026-03-28,Michael Lorenzen,547179,547179,Michael Lorenzen,SAME_STARTER,3.18,4.5,4.0,-0.8199999999999998,4,4,UNDER,UNDER
2250031,home,2026-03-28,Eury Perez,691587,691587,Eury Pérez,SAME_STARTER,6.2,6.5,8.0,-1.7999999999999998,8,8,PASS,OVER
2250032,away,2026-03-28,,,672282,Reid Detmers,NO_LIVE_ROW,,,,,,9,,
2250032,home,2026-03-28,Cristian Javier,664299,664299,Cristian Javier,SAME_STARTER,3.72,4.5,1.0,2.72,1,1,UNDER,UNDER
2250033,away,2026-03-28,Sean Burke,680732,680732,Sean Burke,SAME_STARTER,3.03,4.5,5.0,-1.9700000000000002,5,5,UNDER,OVER
2250033,home,2026-03-28,Chad Patrick,694477,694477,Chad Patrick,SAME_STARTER,4.73,5.5,4.0,0.7300000000000004,4,4,UNDER,UNDER
2250034,away,2026-03-28,Michael Wacha,608379,608379,Michael Wacha,SAME_STARTER,2.59,3.5,7.0,-4.41,7,7,UNDER,OVER
2250034,home,2026-03-28,Reynaldo Lopez,625643,625643,Reynaldo López,SAME_STARTER,3.15,4.5,3.0,0.1499999999999999,3,3,UNDER,UNDER
2250035,away,2026-03-28,Will Warren,701542,701542,Will Warren,SAME_STARTER,3.9,4.5,3.0,0.8999999999999999,3,3,UNDER,UNDER
2250035,home,2026-03-28,Tyler Mahle,641816,641816,Tyler Mahle,SAME_STARTER,3.65,4.5,5.0,-1.35,5,5,UNDER,OVER
2250036,away,2026-03-28,Jack Flaherty,656427,656427,Jack Flaherty,SAME_STARTER,4.35,5.5,2.0,2.3499999999999996,2,2,UNDER,UNDER
2250036,home,2026-03-28,Randy Vasquez,681190,681190,Randy Vásquez,SAME_STARTER,2.33,3.5,8.0,-5.67,8,8,UNDER,OVER
2250037,away,2026-03-28,,,676282,Joey Cantillo,NO_LIVE_ROW,,,,,,5,,
2250037,home,2026-03-28,Bryan Woo,693433,693433,Bryan Woo,SAME_STARTER,5.51,5.5,9.0,-3.49,9,9,OVER,OVER
2250038,away,2026-03-29,Bailey Ober,641927,641927,Bailey Ober,SAME_STARTER,3.42,4.5,1.0,2.42,1,1,UNDER,UNDER
2250038,home,2026-03-29,Shane Baz,669358,669358,Shane Baz,SAME_STARTER,4.78,5.5,4.0,0.7800000000000002,4,4,UNDER,UNDER
2250039,away,2026-03-29,MacKenzie Gore,669022,669022,MacKenzie Gore,SAME_STARTER,5.21,5.5,7.0,-1.79,7,7,OVER,OVER
2250039,home,2026-03-29,Jesus Luzardo,666200,666200,Jesús Luzardo,SAME_STARTER,7.03,6.5,7.0,0.03000000000000025,7,7,UNDER,OVER
2250040,away,2026-03-29,Seth Lugo,607625,607625,Seth Lugo,SAME_STARTER,3.35,4.5,3.0,0.3500000000000001,3,3,UNDER,UNDER
2250040,home,2026-03-29,Grant Holmes,656550,656550,Grant Holmes,SAME_STARTER,3.2,4.5,4.0,-0.7999999999999998,4,4,UNDER,UNDER
2250041,away,2026-03-29,Luis Morales,806960,806960,Luis Morales,SAME_STARTER,2.21,3.5,5.0,-2.79,5,5,UNDER,OVER
2250041,home,2026-03-29,Eric Lauer,641778,641778,Eric Lauer,SAME_STARTER,3.98,4.5,9.0,-5.02,9,9,UNDER,OVER
2250042,away,2026-03-29,,,813349,Connelly Early,NO_LIVE_ROW,,,,,,6,,
2250042,home,2026-03-29,Rhett Lowder,695076,695076,Rhett Lowder,SAME_STARTER,3.76,4.5,5.0,-1.2400000000000002,5,5,UNDER,OVER
2250043,away,2026-03-29,,,669387,Carmen Mlodzinski,NO_LIVE_ROW,,,,,,8,,
2250043,home,2026-03-29,Nolan McLean,690997,690997,Nolan McLean,SAME_STARTER,7.7,6.5,8.0,-0.2999999999999998,8,8,OVER,OVER
2250044,away,2026-03-29,Jose Quintana,500779,500779,Jose Quintana,SAME_STARTER,2.24,3.5,2.0,0.2400000000000002,2,2,UNDER,UNDER
2250044,home,2026-03-29,Max Meyer,676974,676974,Max Meyer,SAME_STARTER,6.09,5.5,5.0,1.0899999999999999,5,5,PASS,UNDER
2250045,away,2026-03-29,Jack Kochanowicz,686799,686799,Jack Kochanowicz,SAME_STARTER,1.53,2.5,3.0,-1.47,3,3,UNDER,OVER
2250045,home,2026-03-29,,,837227,Tatsuya Imai,NO_LIVE_ROW,,,,,,4,,
2250046,away,2026-03-29,,,641743,Anthony Kay,NO_LIVE_ROW,,,,,,5,,
2250046,home,2026-03-29,Brandon Sproat,687075,687075,Brandon Sproat,SAME_STARTER,4.02,4.5,3.0,1.0199999999999996,3,3,UNDER,UNDER
2250047,away,2026-03-29,,,571927,Steven Matz,NO_LIVE_ROW,,,,,,2,,
2250047,home,2026-03-29,Dustin May,669160,669160,Dustin May,SAME_STARTER,3.34,4.5,3.0,0.33999999999999986,3,3,UNDER,UNDER
2250048,away,2026-03-29,Jake Irvin,663623,663623,Jake Irvin,SAME_STARTER,2.26,3.5,7.0,-4.74,7,7,UNDER,OVER
2250048,home,2026-03-29,Shota Imanaga,684007,684007,Shota Imanaga,SAME_STARTER,3.74,4.5,7.0,-3.26,7,7,UNDER,OVER
2250049,away,2026-03-29,Slade Cecconi,677944,677944,Slade Cecconi,SAME_STARTER,3.82,4.5,5.0,-1.1800000000000002,5,5,UNDER,OVER
2250049,home,2026-03-29,Emerson Hancock,676106,676106,Emerson Hancock,SAME_STARTER,2.53,3.5,9.0,-6.470000000000001,9,9,UNDER,OVER
2250050,away,2026-03-30,Simeon Woods Richardson,680573,680573,Simeon Woods Richardson,SAME_STARTER,2.13,3.5,2.0,0.1299999999999999,2,2,UNDER,UNDER
2250050,home,2026-03-30,Kris Bubic,663460,663460,Kris Bubic,SAME_STARTER,4.34,4.5,4.0,0.33999999999999986,4,4,UNDER,UNDER
2250051,away,2026-03-30,Jack Leiter,683004,683004,Jack Leiter,SAME_STARTER,4.39,5.5,8.0,-3.6100000000000003,8,8,UNDER,OVER
2250051,home,2026-03-30,Chris Bassitt,605135,605135,Chris Bassitt,SAME_STARTER,3.75,4.5,3.0,0.75,3,3,UNDER,UNDER
2250052,away,2026-03-30,,,677952,Braxton Ashcraft,NO_LIVE_ROW,,,,,,3,,
2250052,home,2026-03-30,Chase Burns,695505,695505,Chase Burns,SAME_STARTER,8.88,7.5,7.0,1.8800000000000008,7,7,OVER,UNDER
2250053,away,2026-03-30,,,656492,Foster Griffin,NO_LIVE_ROW,,,,,,5,,
2250053,home,2026-03-30,,,592836,Taijuan Walker,NO_LIVE_ROW,,,,,,2,,
2250054,away,2026-03-30,Davis Martin,663436,663436,Davis Martin,SAME_STARTER,2.29,3.5,6.0,-3.71,6,6,UNDER,OVER
2250054,home,2026-03-30,Chris Paddack,663978,663978,Chris Paddack,SAME_STARTER,2.56,3.5,6.0,-3.44,6,6,UNDER,OVER
2250055,away,2026-03-30,Tomoyuki Sugano,608372,608372,Tomoyuki Sugano,SAME_STARTER,1.53,2.5,4.0,-2.4699999999999998,4,4,UNDER,OVER
2250055,home,2026-03-30,Cody Ponce,664074,664074,Cody Ponce,SAME_STARTER,5.21,5.5,3.0,2.21,3,3,UNDER,UNDER
2250056,away,2026-03-30,Jacob Lopez,682052,682052,Jacob Lopez,SAME_STARTER,4.43,5.5,0.0,4.43,0,0,UNDER,UNDER
2250056,home,2026-03-30,Bryce Elder,693821,693821,Bryce Elder,SAME_STARTER,3.72,4.5,5.0,-1.2799999999999998,5,5,UNDER,OVER
2250057,away,2026-03-30,Ryan Johnson,696270,696270,Ryan Johnson,SAME_STARTER,3.41,4.5,2.0,1.4100000000000001,2,2,UNDER,UNDER
2250057,home,2026-03-30,Edward Cabrera,665795,665795,Edward Cabrera,SAME_STARTER,7.37,6.5,5.0,2.37,5,5,UNDER,UNDER
2250058,away,2026-03-30,Nick Martinez,607259,607259,Nick Martinez,SAME_STARTER,2.44,3.5,3.0,-0.56,3,3,UNDER,UNDER
2250058,home,2026-03-30,Kyle Harrison,690986,690986,Kyle Harrison,SAME_STARTER,4.14,4.5,8.0,-3.8600000000000003,8,8,UNDER,OVER
2250059,away,2026-03-30,Clay Holmes,605280,605280,Clay Holmes,SAME_STARTER,2.68,3.5,5.0,-2.32,5,5,UNDER,OVER
2250059,home,2026-03-30,,,681517,Kyle Leahy,NO_LIVE_ROW,,,,,,1,,
2250060,away,2026-03-30,Ranger Suarez,624133,624133,Ranger Suarez,SAME_STARTER,4.12,4.5,3.0,1.12,3,3,UNDER,UNDER
2250060,home,2026-03-30,Lance McCullers,621121,621121,Lance McCullers Jr.,OTHER_PITCHER,3.01,4.5,9.0,-5.99,9,9,UNDER,OVER
2250061,away,2026-03-30,Landen Roupp,694738,694738,Landen Roupp,SAME_STARTER,3.2,4.5,7.0,-3.8,7,7,UNDER,OVER
2250061,home,2026-03-30,Walker Buehler,621111,621111,Walker Buehler,SAME_STARTER,2.33,3.5,3.0,-0.6699999999999999,3,3,UNDER,UNDER
2250062,away,2026-03-30,Ryan Weathers,677960,677960,Ryan Weathers,SAME_STARTER,5.09,5.5,7.0,-1.9100000000000001,7,7,OVER,OVER
2250062,home,2026-03-30,Luis Castillo,622491,622491,Luis Castillo,SAME_STARTER,4.84,5.5,7.0,-2.16,7,7,UNDER,OVER
2250063,away,2026-03-30,Parker Messick,800048,800048,Parker Messick,SAME_STARTER,4.73,4.5,5.0,-0.2699999999999996,5,5,OVER,OVER
2250063,home,2026-03-30,Roki Sasaki,808963,808963,Roki Sasaki,SAME_STARTER,2.11,3.5,4.0,-1.8900000000000001,4,4,UNDER,OVER
2250064,away,2026-03-31,Jacob deGrom,594798,594798,Jacob deGrom,SAME_STARTER,5.91,5.5,7.0,-1.0899999999999999,7,7,OVER,OVER
2250064,home,2026-03-31,Zach Eflin,621107,621107,Zach Eflin,SAME_STARTER,2.56,3.5,7.0,-4.4399999999999995,7,7,UNDER,OVER
2250065,away,2026-03-31,Bubba Chandler,696149,696149,Bubba Chandler,SAME_STARTER,6.05,5.5,6.0,0.04999999999999982,6,6,PASS,OVER
2250065,home,2026-03-31,Brandon Williamson,682227,682227,Brandon Williamson,SAME_STARTER,3.81,4.5,3.0,0.81,3,3,UNDER,UNDER
2250066,away,2026-03-31,,,676571,PJ Poulin,NO_LIVE_ROW,,,,,,1,,
2250066,home,2026-03-31,Andrew Painter,691725,691725,Andrew Painter,SAME_STARTER,3.52,4.5,8.0,-4.48,8,8,UNDER,OVER
2250067,away,2026-03-31,Erick Fedde,607200,607200,Erick Fedde,SAME_STARTER,1.93,3.5,4.0,-2.0700000000000003,4,4,UNDER,OVER
2250067,home,2026-03-31,Janson Junk,676083,676083,Janson Junk,SAME_STARTER,2.95,3.5,5.0,-2.05,5,5,PASS,OVER
2250068,away,2026-03-31,Ryan Feltner,663372,663372,Ryan Feltner,SAME_STARTER,2.23,3.5,4.0,-1.77,4,4,UNDER,OVER
2250068,home,2026-03-31,Max Scherzer,453286,453286,Max Scherzer,SAME_STARTER,4.69,5.5,4.0,0.6900000000000004,4,4,UNDER,UNDER
2250069,away,2026-03-31,Aaron Civale,650644,650644,Aaron Civale,SAME_STARTER,2.49,3.5,3.0,-0.5099999999999998,3,3,UNDER,UNDER
2250069,home,2026-03-31,,,660761,José Suarez,NO_LIVE_ROW,,,,,,6,,
2250070,away,2026-03-31,,,667755,José Soriano,NO_LIVE_ROW,,,,,,4,,
2250070,home,2026-03-31,,,592791,Jameson Taillon,NO_LIVE_ROW,,,,,,3,,
2250071,away,2026-03-31,,,663556,Shane McClanahan,NO_LIVE_ROW,,,,,,4,,
2250071,home,2026-03-31,,,605540,Brandon Woodruff,NO_LIVE_ROW,,,,,,6,,
2250072,away,2026-03-31,,,673540,Kodai Senga,NO_LIVE_ROW,,,,,,9,,
2250072,home,2026-03-31,,,669467,Andre Pallante,NO_LIVE_ROW,,,,,,3,,
2250073,away,2026-03-31,,,678394,Brayan Bello,NO_LIVE_ROW,,,,,,2,,
2250073,home,2026-03-31,,,686613,Hunter Brown,NO_LIVE_ROW,,,,,,8,,
2250074,away,2026-03-31,,,657277,Logan Webb,NO_LIVE_ROW,,,,,,5,,
2250074,home,2026-03-31,,,608566,Germán Márquez,NO_LIVE_ROW,,,,,,1,,
2250075,away,2026-03-31,,,608331,Max Fried,NO_LIVE_ROW,,,,,,6,,
2250075,home,2026-03-31,,,669302,Logan Gilbert,NO_LIVE_ROW,,,,,,6,,
2250076,away,2026-03-31,,,676440,Tanner Bibee,NO_LIVE_ROW,,,,,,4,,
2250076,home,2026-03-31,,,660271,Shohei Ohtani,NO_LIVE_ROW,,,,,,6,,
2250077,away,2026-04-01,Luis Severino,622663,622663,Luis Severino,SAME_STARTER,2.55,3.5,7.0,-4.45,7,7,UNDER,OVER
2250077,home,2026-04-01,Chris Sale,519242,519242,Chris Sale,SAME_STARTER,9.23,7.5,3.0,6.23,3,3,OVER,UNDER
2250078,away,2026-04-01,Nathan Eovaldi,543135,543135,Nathan Eovaldi,SAME_STARTER,6.56,5.5,5.0,1.5599999999999996,5,5,OVER,UNDER
2250078,home,2026-04-01,Trevor Rogers,669432,669432,Trevor Rogers,SAME_STARTER,5.32,5.5,3.0,2.3200000000000003,3,3,PASS,UNDER
2250079,away,2026-04-01,Paul Skenes,694973,694973,Paul Skenes,SAME_STARTER,8.73,7.5,5.0,3.7300000000000004,5,5,OVER,UNDER
2250079,home,2026-04-01,Andrew Abbott,671096,671096,Andrew Abbott,SAME_STARTER,4.97,5.5,5.0,-0.03000000000000025,5,5,PASS,UNDER
2250080,away,2026-04-01,Cade Cavalli,676917,676917,Cade Cavalli,SAME_STARTER,3.58,4.5,3.0,0.5800000000000001,3,3,UNDER,UNDER
2250080,home,2026-04-01,Cristopher Sanchez,650911,650911,Cristopher Sánchez,SAME_STARTER,8.32,6.5,7.0,1.3200000000000003,7,7,OVER,OVER
2250081,away,2026-04-01,Kyle Freeland,607536,607536,Kyle Freeland,SAME_STARTER,2.34,3.5,6.0,-3.66,6,6,UNDER,OVER
2250081,home,2026-04-01,Kevin Gausman,592332,592332,Kevin Gausman,SAME_STARTER,7.09,7.5,10.0,-2.91,10,10,UNDER,OVER
2250082,away,2026-04-01,Shane Smith,681343,681343,Shane Smith,SAME_STARTER,3.18,4.5,1.0,2.18,1,1,UNDER,UNDER
2250082,home,2026-04-01,Sandy Alcantara,645261,645261,Sandy Alcantara,SAME_STARTER,4.5,5.5,7.0,-2.5,7,7,OVER,OVER
2250083,away,2026-04-01,Freddy Peralta,642547,642547,Freddy Peralta,SAME_STARTER,4.63,5.5,7.0,-2.37,7,7,UNDER,OVER
2250083,home,2026-04-01,Matthew Liberatore,669461,669461,Matthew Liberatore,SAME_STARTER,2.79,3.5,2.0,0.79,2,2,UNDER,UNDER
2250084,away,2026-04-01,Drew Rasmussen,656876,656876,Drew Rasmussen,SAME_STARTER,3.83,4.5,8.0,-4.17,8,8,UNDER,OVER
2250084,home,2026-04-01,Jacob Misiorowski,694819,694819,Jacob Misiorowski,SAME_STARTER,5.98,6.5,7.0,-1.0199999999999996,7,7,PASS,OVER
2250085,away,2026-04-01,Garrett Crochet,676979,676979,Garrett Crochet,SAME_STARTER,8.47,7.5,7.0,1.4700000000000006,7,7,OVER,UNDER
2250085,home,2026-04-01,Mike Burrows,681347,681347,Mike Burrows,SAME_STARTER,4.88,5.5,6.0,-1.12,6,6,UNDER,OVER
2250086,away,2026-04-01,Yusei Kikuchi,579328,579328,Yusei Kikuchi,SAME_STARTER,3.4,4.5,5.0,-1.6,5,5,UNDER,OVER
2250086,home,2026-04-01,Matthew Boyd,571510,571510,Matthew Boyd,SAME_STARTER,5.23,5.5,10.0,-4.77,10,10,UNDER,OVER
2250087,away,2026-04-01,Adrian Houser,605288,605288,Adrian Houser,SAME_STARTER,2.37,3.5,4.0,-1.63,4,4,UNDER,OVER
2250087,home,2026-04-01,Nick Pivetta,601713,601713,Nick Pivetta,SAME_STARTER,4.85,5.5,8.0,-3.1500000000000004,8,8,UNDER,OVER
2250088,away,2026-04-01,Cam Schlittler,693645,693645,Cam Schlittler,SAME_STARTER,5.06,5.5,7.0,-1.9400000000000004,7,7,UNDER,OVER
2250088,home,2026-04-01,George Kirby,669923,669923,George Kirby,SAME_STARTER,7.19,6.5,6.0,1.1900000000000004,6,6,OVER,UNDER
2250089,away,2026-04-01,Joe Ryan,657746,657746,Joe Ryan,SAME_STARTER,4.27,5.5,3.0,1.2699999999999996,3,3,UNDER,UNDER
2250089,home,2026-04-01,Noah Cameron,702070,702070,Noah Cameron,SAME_STARTER,3.84,4.5,5.0,-1.1600000000000001,5,5,UNDER,OVER
2250090,away,2026-04-01,Gavin Williams,668909,668909,Gavin Williams,SAME_STARTER,4.5,5.5,10.0,-5.5,10,10,UNDER,OVER
2250090,home,2026-04-01,Yoshinobu Yamamoto,808967,808967,Yoshinobu Yamamoto,SAME_STARTER,7.12,6.5,2.0,5.12,2,2,OVER,UNDER
2250091,away,2026-04-02,Taj Bradley,671737,671737,Taj Bradley,SAME_STARTER,2.96,4.5,3.0,-0.040000000000000036,3,3,PASS,UNDER
2250091,home,2026-04-02,Cole Ragans,666142,666142,Cole Ragans,SAME_STARTER,8.96,7.5,8.0,0.9600000000000009,8,8,OVER,OVER
2250092,away,2026-04-03,,,656302,Dylan Cease,NO_LIVE_ROW,,,,,,6,,
2250092,home,2026-04-03,,,691799,Grant Taylor,NO_LIVE_ROW,,,,,,1,,
2250093,away,2026-04-02,David Peterson,656849,656849,David Peterson,SAME_STARTER,4.43,4.5,5.0,-0.5700000000000003,5,5,UNDER,OVER
2250093,home,2026-04-02,Robbie Ray,592662,592662,Robbie Ray,SAME_STARTER,4.4,5.5,7.0,-2.5999999999999996,7,7,UNDER,OVER
2250094,away,2026-04-03,Emmet Sheehan,686218,686218,Emmet Sheehan,SAME_STARTER,7.88,5.5,2.0,5.88,2,2,EDGE,UNDER
2250094,home,2026-04-03,Miles Mikolas,571945,571945,Miles Mikolas,SAME_STARTER,6.1,3.5,4.0,2.0999999999999996,4,4,EDGE,OVER
2250095,away,2026-04-03,Michael McGreevy,700241,700241,Michael McGreevy,SAME_STARTER,4.51,3.5,4.0,0.5099999999999998,4,4,EDGE,OVER
2250095,home,2026-04-03,Framber Valdez,664285,664285,Framber Valdez,SAME_STARTER,6.56,5.5,5.0,1.5599999999999996,5,5,EDGE,UNDER
2250096,away,2026-04-03,Eury Perez,671734,691587,Eury Pérez,SAME_STARTER,5.53,6.5,4.0,1.5300000000000002,4,4,EDGE,UNDER
2250096,home,2026-04-03,Will Warren,701542,701542,Will Warren,SAME_STARTER,6.83,4.5,6.0,0.8300000000000001,6,6,EDGE,OVER
2250097,away,2026-04-03,Michael King,650633,650633,Michael King,SAME_STARTER,5.65,5.5,5.0,0.6500000000000004,5,5,NEUTRAL,UNDER
2250097,home,2026-04-03,Sonny Gray,543243,543243,Sonny Gray,SAME_STARTER,7.32,5.5,3.0,4.32,3,3,EDGE,UNDER
2250098,away,2026-04-03,Brady Singer,663903,663903,Brady Singer,SAME_STARTER,5.73,5.5,5.0,0.7300000000000004,5,5,EDGE,UNDER
2250098,home,2026-04-03,MacKenzie Gore,669022,669022,MacKenzie Gore,SAME_STARTER,6.27,6.5,9.0,-2.7300000000000004,9,9,EDGE,OVER
2250099,away,2026-04-03,Cade Horton,690990,690990,Cade Horton,SAME_STARTER,7.43,3.5,0.0,7.43,0,0,EDGE,UNDER
2250099,home,2026-04-03,Joey Cantillo,676282,676282,Joey Cantillo,SAME_STARTER,5.75,4.5,6.0,-0.25,6,6,EDGE,OVER
2250100,away,2026-04-03,Joe Boyle,671212,671212,Joe Boyle,SAME_STARTER,6.85,5.5,9.0,-2.1500000000000004,9,9,EDGE,OVER
2250100,home,2026-04-03,Bailey Ober,641927,641927,Bailey Ober,SAME_STARTER,5.7,3.5,4.0,1.7000000000000002,4,4,EDGE,OVER
2250101,away,2026-04-03,Aaron Nola,605400,605400,Aaron Nola,SAME_STARTER,5.81,5.5,9.0,-3.1900000000000004,9,9,NEUTRAL,OVER
2250101,home,2026-04-03,Michael Lorenzen,547179,547179,Michael Lorenzen,SAME_STARTER,5.76,4.5,2.0,3.76,2,2,EDGE,UNDER
2250102,away,2026-04-03,Kyle Bradish,680694,680694,Kyle Bradish,SAME_STARTER,8.93,5.5,6.0,2.9299999999999997,6,6,EDGE,OVER
2250102,home,2026-04-03,Mitch Keller,656605,656605,Mitch Keller,SAME_STARTER,6.46,4.5,4.0,2.46,4,4,EDGE,UNDER
2250103,away,2026-04-04,Chad Patrick,694477,701656,Logan Henderson,OTHER_PITCHER,6.72,4.5,3.0,3.7199999999999998,3,3,EDGE,UNDER
2250103,home,2026-04-04,Luinder Avila,679883,607625,Seth Lugo,OTHER_PITCHER,5.55,4.5,7.0,-1.4500000000000002,7,7,EDGE,OVER
2250104,away,2026-04-03,Bryan Woo,693433,693433,Bryan Woo,SAME_STARTER,8.18,7.5,6.0,2.1799999999999997,6,6,EDGE,UNDER
2250104,home,2026-04-03,Reid Detmers,672282,672282,Reid Detmers,SAME_STARTER,7.49,6.5,4.0,3.49,4,4,EDGE,UNDER
2250105,away,2026-04-03,Cristian Javier,664299,664299,Cristian Javier,SAME_STARTER,3.83,4.5,2.0,1.83,2,2,EDGE,UNDER
2250105,home,2026-04-03,Jeffrey Springs,605488,605488,Jeffrey Springs,SAME_STARTER,4.31,4.5,7.0,-2.6900000000000004,7,7,FADE,OVER
2250106,away,2026-04-03,Nolan McLean,690997,690997,Nolan McLean,SAME_STARTER,6.78,5.5,4.0,2.7800000000000002,4,4,EDGE,UNDER
2250106,home,2026-04-03,Tyler Mahle,641816,641816,Tyler Mahle,SAME_STARTER,4.93,4.5,4.0,0.9299999999999997,4,4,EDGE,UNDER
2250107,away,2026-04-04,Dustin May,669160,669160,Dustin May,SAME_STARTER,3.65,4.5,4.0,-0.3500000000000001,4,4,UNDER,UNDER
2250107,home,2026-04-04,Jack Flaherty,656427,656427,Jack Flaherty,SAME_STARTER,5.72,6.5,6.0,-0.28000000000000025,6,6,OVER,UNDER
2250108,away,2026-04-04,,,689254,Mason Fluharty,NO_LIVE_ROW,,,,,,0,,
2250108,home,2026-04-04,Grant Taylor,691799,691799,Grant Taylor,SAME_STARTER,4.35,1.5,1.0,3.3499999999999996,1,1,OVER,UNDER
2250109,away,2026-04-04,Tyler Glasnow,607192,607192,Tyler Glasnow,SAME_STARTER,5.62,6.5,9.0,-3.38,9,9,UNDER,OVER
2250109,home,2026-04-04,Jake Irvin,663623,663623,Jake Irvin,SAME_STARTER,2.43,3.5,4.0,-1.5699999999999998,4,4,UNDER,OVER
2250110,away,2026-04-04,,,837227,Tatsuya Imai,NO_LIVE_ROW,,,,,,9,,
2250110,home,2026-04-04,Luis Morales,806960,806960,Luis Morales,SAME_STARTER,3.15,4.5,0.0,3.15,0,0,UNDER,UNDER
2250111,away,2026-04-04,Shane Baz,669358,669358,Shane Baz,SAME_STARTER,4.91,5.5,5.0,-0.08999999999999986,5,5,UNDER,UNDER
2250111,home,2026-04-04,,,669387,Carmen Mlodzinski,NO_LIVE_ROW,,,,,,5,,
2250112,away,2026-04-04,Randy Vasquez,681190,681190,Randy Vásquez,SAME_STARTER,2.18,3.5,3.0,-0.8199999999999998,3,3,UNDER,UNDER
2250112,home,2026-04-04,Connelly Early,813349,813349,Connelly Early,SAME_STARTER,5.39,5.5,4.0,1.3899999999999997,4,4,OVER,UNDER
2250113,away,2026-04-04,Chad Patrick,694477,694477,Chad Patrick,SAME_STARTER,3.24,4.5,3.0,0.2400000000000002,3,3,UNDER,UNDER
2250113,home,2026-04-04,Luinder Avila,679883,679883,Luinder Avila,SAME_STARTER,2.7,3.5,4.0,-1.2999999999999998,4,4,UNDER,OVER
2250114,away,2026-04-04,Rhett Lowder,695076,695076,Rhett Lowder,SAME_STARTER,2.74,3.5,4.0,-1.2599999999999998,4,4,UNDER,OVER
2250114,home,2026-04-04,Kumar Rocker,677958,677958,Kumar Rocker,SAME_STARTER,3.83,4.5,3.0,0.8300000000000001,3,3,PASS,UNDER
2250115,away,2026-04-04,Max Meyer,676974,676974,Max Meyer,SAME_STARTER,5.64,5.5,6.0,-0.3600000000000003,6,6,UNDER,OVER
2250115,home,2026-04-04,Ryan Weathers,677960,677960,Ryan Weathers,SAME_STARTER,4.29,5.5,4.0,0.29000000000000004,4,4,UNDER,UNDER
2250116,away,2026-04-04,,,571927,Steven Matz,NO_LIVE_ROW,,,,,,8,,
2250116,home,2026-04-04,Mick Abel,690953,690953,Mick Abel,SAME_STARTER,3.49,4.5,3.0,0.4900000000000002,3,3,PASS,UNDER
2250117,away,2026-04-05,Edward Cabrera,665795,684007,Shota Imanaga,OTHER_PITCHER,5.07,5.5,4.0,1.0700000000000003,4,4,OVER,UNDER
2250117,home,2026-04-05,Slade Cecconi,677944,800048,Parker Messick,OTHER_PITCHER,3.42,4.5,6.0,-2.58,6,6,UNDER,OVER
2250118,away,2026-04-04,Jesus Luzardo,666200,666200,Jesús Luzardo,SAME_STARTER,7.26,6.5,11.0,-3.74,11,11,OVER,OVER
2250118,home,2026-04-04,Chase Dollander,801403,657514,Brennan Bernardino,OTHER_PITCHER,2.2,3.5,6.0,-3.8,6,0,UNDER,OVER
2250119,away,2026-04-04,Clay Holmes,605280,605280,Clay Holmes,SAME_STARTER,3.59,4.5,4.0,-0.41000000000000014,4,4,UNDER,UNDER
2250119,home,2026-04-04,Landen Roupp,694738,694738,Landen Roupp,SAME_STARTER,3.52,4.5,7.0,-3.48,7,7,UNDER,OVER
2250120,away,2026-04-04,Emerson Hancock,676106,676106,Emerson Hancock,SAME_STARTER,4.47,5.5,5.0,-0.5300000000000002,5,5,UNDER,UNDER
2250120,home,2026-04-04,Jack Kochanowicz,686799,686799,Jack Kochanowicz,SAME_STARTER,2.34,3.5,7.0,-4.66,7,7,UNDER,OVER
2250121,away,2026-04-05,Roki Sasaki,808963,808963,Roki Sasaki,SAME_STARTER,2.61,4.5,5.0,-2.39,5,5,UNDER,OVER
2250121,home,2026-04-05,,,656492,Foster Griffin,NO_LIVE_ROW,,,,,,6,,
2250122,away,2026-04-05,Chris Bassitt,605135,605135,Chris Bassitt,SAME_STARTER,4.06,4.5,0.0,4.06,0,0,UNDER,UNDER
2250122,home,2026-04-05,,,677952,Braxton Ashcraft,NO_LIVE_ROW,,,,,,8,,
2250123,away,2026-04-05,Walker Buehler,621111,621111,Walker Buehler,SAME_STARTER,2.36,3.5,4.0,-1.6400000000000001,4,4,UNDER,OVER
2250123,home,2026-04-05,Ranger Suarez,624133,624133,Ranger Suarez,SAME_STARTER,3.57,4.5,2.0,1.5699999999999998,2,2,UNDER,UNDER
2250124,away,2026-04-05,Chris Paddack,663978,664126,Pete Fairbanks,OTHER_PITCHER,2.68,3.5,4.0,-1.3199999999999998,4,1,PASS,OVER
2250124,home,2026-04-05,Max Fried,608331,608331,Max Fried,SAME_STARTER,5.08,5.5,4.0,1.08,4,4,PASS,UNDER
2250125,away,2026-04-05,,,665795,Edward Cabrera,NO_LIVE_ROW,,,,,,4,,
2250125,home,2026-04-05,,,677944,Slade Cecconi,NO_LIVE_ROW,,,,,,6,,
2250126,away,2026-04-05,Nick Martinez,607259,607259,Nick Martinez,SAME_STARTER,3.35,4.5,4.0,-0.6499999999999999,4,4,UNDER,UNDER
2250126,home,2026-04-05,Simeon Woods Richardson,680573,680573,Simeon Woods Richardson,SAME_STARTER,2.5,3.5,4.0,-1.5,4,4,UNDER,OVER
2250127,away,2026-04-05,Eric Lauer,641778,641778,Eric Lauer,SAME_STARTER,3.7,4.5,0.0,3.7,0,0,UNDER,UNDER
2250127,home,2026-04-05,Davis Martin,663436,663436,Davis Martin,SAME_STARTER,2.2,3.5,6.0,-3.8,6,6,UNDER,OVER
2250128,away,2026-04-05,Kyle Harrison,690986,690986,Kyle Harrison,SAME_STARTER,3.59,4.5,6.0,-2.41,6,6,UNDER,OVER
2250128,home,2026-04-05,Kris Bubic,663460,663460,Kris Bubic,SAME_STARTER,4.47,5.5,8.0,-3.5300000000000002,8,8,UNDER,OVER
2250129,away,2026-04-05,Chase Burns,695505,695505,Chase Burns,SAME_STARTER,7.11,6.5,9.0,-1.8899999999999997,9,9,PASS,OVER
2250129,home,2026-04-05,Jack Leiter,683004,683004,Jack Leiter,SAME_STARTER,5.06,6.5,9.0,-3.9400000000000004,9,9,UNDER,OVER
2250130,away,2026-04-05,,,592836,Taijuan Walker,NO_LIVE_ROW,,,,,,4,,
2250130,home,2026-04-05,Tomoyuki Sugano,608372,608372,Tomoyuki Sugano,SAME_STARTER,2.33,3.5,5.0,-2.67,5,5,UNDER,OVER
2250131,away,2026-04-05,Lance McCullers,621121,621121,Lance McCullers Jr.,OTHER_PITCHER,3.59,5.5,4.0,-0.41000000000000014,4,4,UNDER,UNDER
2250131,home,2026-04-05,Jacob Lopez,682052,682052,Jacob Lopez,SAME_STARTER,4.4,5.5,6.0,-1.5999999999999996,6,6,UNDER,OVER
2250132,away,2026-04-05,Kodai Senga,673540,673540,Kodai Senga,SAME_STARTER,4.29,5.5,7.0,-2.71,7,7,UNDER,OVER
2250132,home,2026-04-05,Logan Webb,657277,657277,Logan Webb,SAME_STARTER,6.04,5.5,3.0,3.04,3,3,OVER,UNDER
2250133,away,2026-04-05,Luis Castillo,622491,622491,Luis Castillo,SAME_STARTER,6.49,6.5,4.0,2.49,4,4,UNDER,UNDER
2250133,home,2026-04-05,Ryan Johnson,696270,691946,George Klassen,OTHER_PITCHER,3.81,4.5,4.0,-0.18999999999999995,4,4,UNDER,UNDER
2250134,away,2026-04-05,,,681517,Kyle Leahy,NO_LIVE_ROW,,,,,,4,,
2250134,home,2026-04-05,Keider Montero,672456,672456,Keider Montero,SAME_STARTER,2.55,3.5,3.0,-0.4500000000000002,3,3,UNDER,UNDER
2250135,away,2026-04-06,Jameson Taillon,592791,592791,Jameson Taillon,SAME_STARTER,2.71,3.5,4.0,-1.29,4,4,UNDER,OVER
2250135,home,2026-04-06,Shane McClanahan,663556,663556,Shane McClanahan,SAME_STARTER,4.17,5.5,5.0,-0.8300000000000001,5,5,UNDER,UNDER
2250136,away,2026-04-06,Michael Wacha,608379,608379,Michael Wacha,SAME_STARTER,3.29,4.5,3.0,0.29000000000000004,3,3,UNDER,UNDER
2250136,home,2026-04-06,Tanner Bibee,676440,676440,Tanner Bibee,SAME_STARTER,3.1,4.5,3.0,0.10000000000000009,3,3,UNDER,UNDER
2250137,away,2026-04-06,German Marquez,608566,608566,Germán Márquez,SAME_STARTER,2.27,3.5,4.0,-1.73,4,4,UNDER,OVER
2250137,home,2026-04-06,Bubba Chandler,696149,696149,Bubba Chandler,SAME_STARTER,5.0,5.5,4.0,1.0,4,4,UNDER,UNDER
2250138,away,2026-04-06,Andrew Abbott,671096,682227,Brandon Williamson,OTHER_PITCHER,3.28,5.5,4.0,-0.7200000000000002,4,4,UNDER,UNDER
2250138,home,2026-04-06,Sandy Alcantara,645261,676083,Janson Junk,OTHER_PITCHER,3.9,5.5,3.0,0.8999999999999999,3,3,UNDER,UNDER
2250139,away,2026-04-06,Andre Pallante,669467,669467,Andre Pallante,SAME_STARTER,2.7,3.5,2.0,0.7000000000000002,2,2,UNDER,UNDER
2250139,home,2026-04-06,Zack Littell,641793,641793,Zack Littell,SAME_STARTER,2.61,3.5,6.0,-3.39,6,6,UNDER,OVER
2250140,away,2026-04-06,Jacob Misiorowski,694819,605540,Brandon Woodruff,OTHER_PITCHER,5.82,6.5,4.0,1.8200000000000003,4,4,UNDER,UNDER
2250140,home,2026-04-06,Garrett Crochet,676979,678394,Brayan Bello,OTHER_PITCHER,3.25,6.5,5.0,-1.75,5,5,UNDER,UNDER
2250141,away,2026-04-06,Yoshinobu Yamamoto,808967,680736,Justin Wrobleski,OTHER_PITCHER,3.43,5.5,2.0,1.4300000000000002,2,2,UNDER,UNDER
2250141,home,2026-04-06,Kevin Gausman,592332,453286,Max Scherzer,OTHER_PITCHER,3.3,5.5,2.0,1.2999999999999998,2,2,UNDER,UNDER
2250142,away,2026-04-06,Tarik Skubal,669373,663554,Casey Mize,OTHER_PITCHER,3.83,7.5,4.0,-0.16999999999999993,4,4,UNDER,UNDER
2250142,home,2026-04-06,Taj Bradley,671737,657746,Joe Ryan,OTHER_PITCHER,6.45,5.5,7.0,-0.5499999999999998,7,7,PASS,OVER
2250143,away,2026-04-06,Brandon Young,687064,687064,Brandon Young,SAME_STARTER,2.65,3.5,2.0,0.6499999999999999,2,2,UNDER,UNDER
2250143,home,2026-04-06,Grant Taylor,691799,691799,Grant Taylor,SAME_STARTER,5.48,1.5,1.0,4.48,1,1,OVER,UNDER
2250144,away,2026-04-06,Logan Gilbert,669302,669302,Logan Gilbert,SAME_STARTER,7.05,6.5,5.0,2.05,5,5,PASS,UNDER
2250144,home,2026-04-06,Jacob deGrom,594798,594798,Jacob deGrom,SAME_STARTER,6.7,6.5,6.0,0.7000000000000002,6,6,UNDER,UNDER
2250145,away,2026-04-06,Cody Bolton,675989,675989,Cody Bolton,SAME_STARTER,3.32,3.5,5.0,-1.6800000000000002,5,5,UNDER,OVER
2250145,home,2026-04-06,Ryan Feltner,663372,663372,Ryan Feltner,SAME_STARTER,2.46,3.5,1.0,1.46,1,1,UNDER,UNDER
2250146,away,2026-04-06,Chris Sale,519242,519242,Chris Sale,SAME_STARTER,10.09,7.5,7.0,3.09,7,7,OVER,UNDER
2250146,home,2026-04-06,Jose Soriano,667755,667755,José Soriano,SAME_STARTER,4.29,4.5,10.0,-5.71,10,10,UNDER,OVER
2250147,away,2026-04-06,Cristopher Sanchez,650911,691725,Andrew Painter,OTHER_PITCHER,3.72,6.5,1.0,2.72,1,1,UNDER,UNDER
2250147,home,2026-04-06,Robbie Ray,592662,605288,Adrian Houser,OTHER_PITCHER,3.28,5.5,3.0,0.2799999999999998,3,3,UNDER,UNDER
2250148,away,2026-04-07,Cole Ragans,666142,702070,Noah Cameron,OTHER_PITCHER,7.99,6.5,5.0,2.99,5,5,OVER,UNDER
2250148,home,2026-04-07,Gavin Williams,668909,668909,Gavin Williams,SAME_STARTER,3.87,5.5,8.0,-4.13,8,8,UNDER,OVER
2250149,away,2026-04-07,Michael King,650633,601713,Nick Pivetta,OTHER_PITCHER,4.54,5.5,8.0,-3.46,8,8,UNDER,OVER
2250149,home,2026-04-07,Mitch Keller,656605,694973,Paul Skenes,OTHER_PITCHER,3.15,4.5,6.0,-2.85,6,6,UNDER,OVER
2250150,away,2026-04-07,Colin Rea,607067,665871,Javier Assad,OTHER_PITCHER,2.73,3.5,3.0,-0.27,3,3,UNDER,UNDER
2250150,home,2026-04-07,Joe Boyle,671212,669438,Mason Englert,OTHER_PITCHER,3.9,5.5,2.0,1.9,2,2,UNDER,UNDER
2250151,away,2026-04-07,Brady Singer,663903,671096,Andrew Abbott,OTHER_PITCHER,3.17,4.5,2.0,1.17,2,2,UNDER,UNDER
2250151,home,2026-04-07,Eury Perez,691587,645261,Sandy Alcantara,OTHER_PITCHER,5.63,6.5,6.0,-0.3700000000000001,6,6,UNDER,UNDER
2250152,away,2026-04-07,Michael McGreevy,700241,669461,Matthew Liberatore,OTHER_PITCHER,2.6,3.5,6.0,-3.4,6,6,UNDER,OVER
2250152,home,2026-04-07,Miles Mikolas,571945,676917,Cade Cavalli,OTHER_PITCHER,2.35,3.5,3.0,-0.6499999999999999,3,3,UNDER,UNDER
2250153,away,2026-04-07,Jacob Misiorowski,694819,694819,Jacob Misiorowski,SAME_STARTER,7.03,7.5,10.0,-2.9699999999999998,10,10,OVER,OVER
2250153,home,2026-04-07,Sonny Gray,543243,676979,Garrett Crochet,OTHER_PITCHER,5.68,5.5,7.0,-1.3200000000000003,7,7,UNDER,OVER
2250154,away,2026-04-07,Luis Severino,622663,650644,Aaron Civale,OTHER_PITCHER,3.5,4.5,6.0,-2.5,6,6,UNDER,OVER
2250154,home,2026-04-07,Will Warren,701542,693645,Cam Schlittler,OTHER_PITCHER,4.7,5.5,7.0,-2.3,7,7,UNDER,OVER
2250155,away,2026-04-07,Yoshinobu Yamamoto,808967,808967,Yoshinobu Yamamoto,SAME_STARTER,5.18,5.5,6.0,-0.8200000000000003,6,6,UNDER,OVER
2250155,home,2026-04-07,Dylan Cease,656302,592332,Kevin Gausman,OTHER_PITCHER,6.11,6.5,5.0,1.1100000000000003,5,5,UNDER,UNDER
2250156,away,2026-04-07,Framber Valdez,664285,669373,Tarik Skubal,OTHER_PITCHER,5.76,5.5,7.0,-1.2400000000000002,7,7,PASS,OVER
2250156,home,2026-04-07,Bailey Ober,641927,671737,Taj Bradley,OTHER_PITCHER,3.48,4.5,10.0,-6.52,10,10,UNDER,OVER
2250157,away,2026-04-07,Kyle Bradish,680694,669432,Trevor Rogers,OTHER_PITCHER,6.44,5.5,6.0,0.4400000000000004,6,6,OVER,OVER
2250157,home,2026-04-07,Sean Burke,680732,681343,Shane Smith,OTHER_PITCHER,4.23,5.5,8.0,-3.7699999999999996,8,8,UNDER,OVER
2250158,away,2026-04-07,Bryan Woo,693433,669923,George Kirby,OTHER_PITCHER,5.77,6.0,4.0,1.7699999999999996,4,4,PASS,UNDER
2250158,home,2026-04-07,MacKenzie Gore,669022,543135,Nathan Eovaldi,OTHER_PITCHER,6.43,6.5,7.0,-0.5700000000000003,7,7,PASS,OVER
2250159,away,2026-04-07,Cristian Javier,664299,681347,Mike Burrows,OTHER_PITCHER,3.52,4.5,3.0,0.52,3,3,OVER,UNDER
2250159,home,2026-04-07,Michael Lorenzen,547179,607536,Kyle Freeland,OTHER_PITCHER,2.62,3.5,5.0,-2.38,5,5,UNDER,OVER
2250160,away,2026-04-07,Reynaldo Lopez,625643,625643,Reynaldo López,SAME_STARTER,5.51,5.5,7.0,-1.4900000000000002,7,7,PASS,OVER
2250160,home,2026-04-07,Yusei Kikuchi,579328,579328,Yusei Kikuchi,SAME_STARTER,4.28,5.5,8.0,-3.7199999999999998,8,8,UNDER,OVER
2250161,away,2026-04-07,Aaron Nola,605400,650911,Cristopher Sánchez,OTHER_PITCHER,5.02,5.5,6.0,-0.9800000000000004,6,6,UNDER,OVER
2250161,home,2026-04-07,Tyler Mahle,641816,592662,Robbie Ray,OTHER_PITCHER,3.18,4.5,7.0,-3.82,7,7,UNDER,OVER
2250162,away,2026-04-08,Michael King,650633,650633,Michael King,SAME_STARTER,4.54,5.5,4.0,0.54,4,4,UNDER,UNDER
2250162,home,2026-04-08,Mitch Keller,656605,656605,Mitch Keller,SAME_STARTER,3.15,4.5,4.0,-0.8500000000000001,4,4,UNDER,UNDER
2250163,away,2026-04-08,Seth Lugo,607625,666142,Cole Ragans,OTHER_PITCHER,3.32,4.5,2.0,1.3199999999999998,2,2,UNDER,UNDER
2250163,home,2026-04-08,Joey Cantillo,676282,676282,Joey Cantillo,SAME_STARTER,4.73,5.5,9.0,-4.27,9,9,UNDER,OVER
2250164,away,2026-04-08,Shane Drohan,675660,675660,Shane Drohan,SAME_STARTER,3.76,4.5,2.0,1.7599999999999998,2,2,UNDER,UNDER
2250164,home,2026-04-08,Sonny Gray,543243,543243,Sonny Gray,SAME_STARTER,6.71,6.5,2.0,4.71,2,2,UNDER,UNDER
2250165,away,2026-04-08,Kyle Bradish,680694,680694,Kyle Bradish,SAME_STARTER,6.44,5.5,7.0,-0.5599999999999996,7,7,OVER,OVER
2250165,home,2026-04-08,Sean Burke,680732,680732,Sean Burke,SAME_STARTER,4.23,5.5,3.0,1.2300000000000004,3,3,UNDER,UNDER
2250166,away,2026-04-08,Bryan Woo,693433,693433,Bryan Woo,SAME_STARTER,5.29,5.5,2.0,3.29,2,2,PASS,UNDER
2250166,home,2026-04-08,MacKenzie Gore,669022,669022,MacKenzie Gore,SAME_STARTER,6.43,6.5,9.0,-2.5700000000000003,9,9,PASS,OVER
2250167,away,2026-04-08,,,660271,Shohei Ohtani,NO_LIVE_ROW,,,,,,2,,
2250167,home,2026-04-08,Dylan Cease,656302,656302,Dylan Cease,SAME_STARTER,6.11,6.5,8.0,-1.8899999999999997,8,8,UNDER,OVER
2250168,away,2026-04-08,Cristian Javier,664299,664299,Cristian Javier,SAME_STARTER,3.52,4.5,1.0,2.52,1,1,UNDER,UNDER
2250168,home,2026-04-08,Michael Lorenzen,547179,547179,Michael Lorenzen,SAME_STARTER,2.62,3.5,4.0,-1.38,4,4,UNDER,OVER
2250169,away,2026-04-08,Aaron Nola,605400,605400,Aaron Nola,SAME_STARTER,5.02,5.5,3.0,2.0199999999999996,3,3,UNDER,UNDER
2250169,home,2026-04-08,Tyler Mahle,641816,641816,Tyler Mahle,SAME_STARTER,3.18,4.5,6.0,-2.82,6,6,UNDER,OVER
2250170,away,2026-04-08,Michael McGreevy,700241,700241,Michael McGreevy,SAME_STARTER,2.6,3.5,1.0,1.6,1,1,UNDER,UNDER
2250170,home,2026-04-08,Miles Mikolas,571945,571945,Miles Mikolas,SAME_STARTER,2.35,3.5,3.0,-0.6499999999999999,3,3,UNDER,UNDER
2250171,away,2026-04-08,Grant Holmes,656550,656550,Grant Holmes,SAME_STARTER,6.61,6.5,6.0,0.6100000000000003,6,6,PASS,UNDER
2250171,home,2026-04-08,Reid Detmers,672282,672282,Reid Detmers,SAME_STARTER,4.52,5.5,4.0,0.5199999999999996,4,4,UNDER,UNDER
2250172,away,2026-04-08,Colin Rea,607067,607067,Colin Rea,SAME_STARTER,2.73,3.5,2.0,0.73,2,2,UNDER,UNDER
2250172,home,2026-04-08,Joe Boyle,671212,671212,Joe Boyle,SAME_STARTER,3.9,5.5,3.0,0.8999999999999999,3,3,OVER,UNDER
2250173,away,2026-04-08,Rhett Lowder,695076,663903,Brady Singer,OTHER_PITCHER,3.28,4.5,3.0,0.2799999999999998,3,3,UNDER,UNDER
2250173,home,2026-04-08,Max Meyer,676974,691587,Eury Pérez,OTHER_PITCHER,5.53,5.5,6.0,-0.46999999999999975,6,6,OVER,OVER
2250174,away,2026-04-08,Jeffrey Springs,605488,622663,Luis Severino,OTHER_PITCHER,3.54,4.5,7.0,-3.46,7,7,OVER,OVER
2250174,home,2026-04-08,Ryan Weathers,677960,701542,Will Warren,OTHER_PITCHER,5.01,5.5,5.0,0.009999999999999787,5,5,OVER,UNDER
2250175,away,2026-04-08,Jack Flaherty,656427,664285,Framber Valdez,OTHER_PITCHER,5.04,5.5,2.0,3.04,2,2,UNDER,UNDER
2250175,home,2026-04-08,Mick Abel,690953,641927,Bailey Ober,OTHER_PITCHER,3.81,4.5,2.0,1.81,2,2,UNDER,UNDER
2250176,away,2026-04-09,Chase Burns,695505,695076,Rhett Lowder,OTHER_PITCHER,7.66,7.5,2.0,5.66,2,2,OVER,UNDER
2250176,home,2026-04-09,Chris Paddack,663978,676974,Max Meyer,OTHER_PITCHER,2.63,3.5,4.0,-1.37,4,4,UNDER,OVER
2250177,away,2026-04-09,J.T. Ginn,669372,605488,Jeffrey Springs,OTHER_PITCHER,3.58,3.5,6.0,-2.42,6,6,UNDER,OVER
2250177,home,2026-04-09,Luis Gil,661563,677960,Ryan Weathers,OTHER_PITCHER,2.62,4.5,7.0,-4.38,7,7,UNDER,OVER
2250178,away,2026-04-09,Keider Montero,672456,656427,Jack Flaherty,OTHER_PITCHER,2.65,3.5,6.0,-3.35,6,6,UNDER,OVER
2250178,home,2026-04-09,Simeon Woods Richardson,680573,690953,Mick Abel,OTHER_PITCHER,2.73,3.5,6.0,-3.27,6,6,UNDER,OVER
2250179,away,2026-04-09,Davis Martin,663436,641743,Anthony Kay,OTHER_PITCHER,2.2,3.5,6.0,-3.8,6,6,UNDER,OVER
2250179,home,2026-04-09,Kris Bubic,663460,607625,Seth Lugo,OTHER_PITCHER,5.17,5.5,4.0,1.17,4,4,UNDER,UNDER
2250180,away,2026-04-09,Tomoyuki Sugano,608372,623474,Jimmy Herget,OTHER_PITCHER,2.17,3.5,0.0,2.17,0,0,UNDER,UNDER
2250180,home,2026-04-09,Walker Buehler,621111,681190,Randy Vásquez,OTHER_PITCHER,3.43,4.5,8.0,-4.57,8,8,UNDER,OVER
2250181,away,2026-04-10,Carmen Mlodzinski,669387,669387,Carmen Mlodzinski,SAME_STARTER,3.88,4.5,2.0,1.88,2,2,UNDER,UNDER
2250181,home,2026-04-10,Edward Cabrera,665795,684007,Shota Imanaga,OTHER_PITCHER,6.23,6.5,9.0,-2.7699999999999996,9,9,UNDER,OVER
2250182,away,2026-04-10,Janson Junk,676083,663978,Chris Paddack,OTHER_PITCHER,4.07,4.5,4.0,0.07000000000000028,4,4,UNDER,UNDER
2250182,home,2026-04-10,Casey Mize,663554,672456,Keider Montero,OTHER_PITCHER,3.39,4.5,7.0,-3.61,7,7,UNDER,OVER
2250183,away,2026-04-10,Jack Kochanowicz,686799,686799,Jack Kochanowicz,SAME_STARTER,2.38,3.5,2.0,0.3799999999999999,2,2,UNDER,UNDER
2250183,home,2026-04-10,Chase Burns,695505,695505,Chase Burns,SAME_STARTER,10.51,7.5,2.0,8.51,2,2,OVER,UNDER
2250184,away,2026-04-10,Joe Ryan,657746,680573,Simeon Woods Richardson,OTHER_PITCHER,4.27,5.5,2.0,2.2699999999999996,2,2,UNDER,UNDER
2250184,home,2026-04-10,Eric Lauer,641778,571578,Patrick Corbin,OTHER_PITCHER,3.79,4.5,3.0,0.79,3,3,UNDER,UNDER
2250185,away,2026-04-10,Jacob Lopez,682052,669372,J.T. Ginn,OTHER_PITCHER,3.74,4.5,4.0,-0.2599999999999998,4,4,UNDER,UNDER
2250185,home,2026-04-10,Kodai Senga,673540,605280,Clay Holmes,OTHER_PITCHER,4.99,6.5,3.0,1.9900000000000002,3,3,UNDER,UNDER
2250186,away,2026-04-10,Max Fried,608331,661563,Luis Gil,OTHER_PITCHER,5.87,5.5,2.0,3.87,2,2,PASS,UNDER
2250186,home,2026-04-10,Nick Martinez,607259,571927,Steven Matz,OTHER_PITCHER,3.57,4.5,7.0,-3.43,7,7,UNDER,OVER
2250187,away,2026-04-10,Logan Webb,657277,694738,Landen Roupp,OTHER_PITCHER,6.79,5.5,4.0,2.79,4,4,OVER,UNDER
2250187,home,2026-04-10,Chris Bassitt,605135,669358,Shane Baz,OTHER_PITCHER,3.97,4.5,4.0,-0.029999999999999805,4,4,UNDER,UNDER
2250188,away,2026-04-10,Slade Cecconi,677944,677944,Slade Cecconi,SAME_STARTER,3.71,4.5,3.0,0.71,3,3,UNDER,UNDER
2250188,home,2026-04-10,Bryce Elder,693821,693821,Bryce Elder,SAME_STARTER,3.72,4.5,3.0,0.7200000000000002,3,3,UNDER,UNDER
2250189,away,2026-04-10,Davis Martin,663436,663436,Davis Martin,SAME_STARTER,2.2,3.5,3.0,-0.7999999999999998,3,3,UNDER,UNDER
2250189,home,2026-04-10,Kris Bubic,663460,663460,Kris Bubic,SAME_STARTER,5.17,5.5,11.0,-5.83,11,11,PASS,OVER
2250190,away,2026-04-10,Jake Irvin,663623,663623,Jake Irvin,SAME_STARTER,2.96,4.5,5.0,-2.04,5,5,UNDER,OVER
2250190,home,2026-04-10,Kyle Harrison,690986,676879,Aaron Ashby,OTHER_PITCHER,5.21,5.5,4.0,1.21,4,4,UNDER,UNDER
2250191,away,2026-04-10,Ranger Suarez,624133,813349,Connelly Early,OTHER_PITCHER,4.21,4.5,5.0,-0.79,5,5,PASS,OVER
2250191,home,2026-04-10,Dustin May,669160,669160,Dustin May,SAME_STARTER,3.41,4.5,4.0,-0.5899999999999999,4,4,UNDER,UNDER
2250192,away,2026-04-10,Tomoyuki Sugano,608372,608372,Tomoyuki Sugano,SAME_STARTER,2.17,3.5,3.0,-0.8300000000000001,3,3,UNDER,UNDER
2250192,home,2026-04-10,Walker Buehler,621111,621111,Walker Buehler,SAME_STARTER,3.43,4.5,4.0,-0.5699999999999998,4,4,UNDER,UNDER
2250193,away,2026-04-10,Tatsuya Imai,837227,837227,Tatsuya Imai,SAME_STARTER,4.65,5.5,0.0,4.65,0,0,UNDER,UNDER
2250193,home,2026-04-10,Emerson Hancock,676106,676106,Emerson Hancock,SAME_STARTER,3.1,4.5,5.0,-1.9,5,5,UNDER,OVER
2250194,away,2026-04-10,Jack Leiter,683004,677958,Kumar Rocker,OTHER_PITCHER,4.06,5.5,5.0,-0.9400000000000004,5,5,UNDER,UNDER
2250194,home,2026-04-10,Emmet Sheehan,686218,607192,Tyler Glasnow,OTHER_PITCHER,5.23,5.5,7.0,-1.7699999999999996,7,7,UNDER,OVER
2250195,away,2026-04-11,Janson Junk,676083,676083,Janson Junk,SAME_STARTER,3.16,3.5,4.0,-0.8399999999999999,4,4,PASS,OVER
2250195,home,2026-04-11,Casey Mize,663554,663554,Casey Mize,SAME_STARTER,3.39,4.5,5.0,-1.6099999999999999,5,5,UNDER,OVER
2250196,away,2026-04-11,Braxton Ashcraft,677952,677952,Braxton Ashcraft,SAME_STARTER,3.94,4.5,9.0,-5.0600000000000005,9,9,UNDER,OVER
2250196,home,2026-04-11,Edward Cabrera,665795,665795,Edward Cabrera,SAME_STARTER,6.23,6.5,4.0,2.2300000000000004,4,4,UNDER,UNDER
2250197,away,2026-04-11,Joe Ryan,657746,657746,Joe Ryan,SAME_STARTER,4.27,5.5,5.0,-0.7300000000000004,5,5,UNDER,UNDER
2250197,home,2026-04-11,Eric Lauer,641778,641778,Eric Lauer,SAME_STARTER,3.79,4.5,3.0,0.79,3,3,UNDER,UNDER
2250198,away,2026-04-11,George Klassen,691946,691946,George Klassen,SAME_STARTER,3.87,4.5,2.0,1.87,2,2,UNDER,UNDER
2250198,home,2026-04-11,Brandon Williamson,682227,682227,Brandon Williamson,SAME_STARTER,4.5,4.5,3.0,1.5,3,3,UNDER,UNDER
2250199,away,2026-04-11,Jacob Lopez,682052,682052,Jacob Lopez,SAME_STARTER,4.57,5.5,5.0,-0.4299999999999997,5,5,UNDER,UNDER
2250199,home,2026-04-11,Kodai Senga,673540,673540,Kodai Senga,SAME_STARTER,4.99,6.5,3.0,1.9900000000000002,3,3,UNDER,UNDER
2250200,away,2026-04-11,Erick Fedde,607200,607200,Erick Fedde,SAME_STARTER,1.85,3.5,4.0,-2.15,4,4,UNDER,OVER
2250200,home,2026-04-11,Michael Wacha,608379,608379,Michael Wacha,SAME_STARTER,3.38,4.5,7.0,-3.62,7,7,UNDER,OVER
2250201,away,2026-04-11,Max Fried,608331,608331,Max Fried,SAME_STARTER,5.87,5.5,6.0,-0.1299999999999999,6,6,PASS,OVER
2250201,home,2026-04-11,Nick Martinez,607259,607259,Nick Martinez,SAME_STARTER,3.57,4.5,4.0,-0.43000000000000016,4,4,UNDER,UNDER
2250202,away,2026-04-11,Foster Griffin,656492,656492,Foster Griffin,SAME_STARTER,3.47,4.5,1.0,2.47,1,1,UNDER,UNDER
2250202,home,2026-04-11,Kyle Harrison,690986,690986,Kyle Harrison,SAME_STARTER,5.21,5.5,1.0,4.21,1,1,UNDER,UNDER
2250203,away,2026-04-11,Logan Webb,657277,657277,Logan Webb,SAME_STARTER,8.03,6.5,6.0,2.0299999999999994,6,6,OVER,UNDER
2250203,home,2026-04-11,Chris Bassitt,605135,605135,Chris Bassitt,SAME_STARTER,3.97,4.5,2.0,1.9700000000000002,2,2,PASS,UNDER
2250204,away,2026-04-11,Ranger Suarez,624133,624133,Ranger Suarez,SAME_STARTER,4.21,4.5,6.0,-1.79,6,6,UNDER,OVER
2250204,home,2026-04-11,Kyle Leahy,681517,681517,Kyle Leahy,SAME_STARTER,4.1,4.5,2.0,2.0999999999999996,2,2,UNDER,UNDER
2250205,away,2026-04-11,Parker Messick,800048,800048,Parker Messick,SAME_STARTER,4.75,4.5,5.0,-0.25,5,5,PASS,OVER
2250205,home,2026-04-11,Martin Perez,527048,527048,Martín Pérez,SAME_STARTER,2.56,3.5,2.0,0.56,2,2,UNDER,UNDER
2250206,away,2026-04-11,Ryan Feltner,663372,663372,Ryan Feltner,SAME_STARTER,2.27,3.5,4.0,-1.73,4,4,UNDER,OVER
2250206,home,2026-04-11,German Marquez,608566,608566,Germán Márquez,SAME_STARTER,2.98,4.5,5.0,-2.02,5,5,UNDER,OVER
2250207,away,2026-04-11,Jack Leiter,683004,683004,Jack Leiter,SAME_STARTER,4.06,5.5,4.0,0.05999999999999961,4,4,UNDER,UNDER
2250207,home,2026-04-11,Emmet Sheehan,686218,686218,Emmet Sheehan,SAME_STARTER,5.23,5.5,6.0,-0.7699999999999996,6,6,UNDER,OVER
2250208,away,2026-04-11,Lance McCullers,621121,621121,Lance McCullers Jr.,OTHER_PITCHER,3.72,5.5,4.0,-0.2799999999999998,4,4,UNDER,UNDER
2250208,home,2026-04-11,Luis Castillo,622491,622491,Luis Castillo,SAME_STARTER,4.26,5.5,3.0,1.2599999999999998,3,3,UNDER,UNDER
2250209,away,2026-04-12,Adrian Houser,605288,605288,Adrian Houser,SAME_STARTER,,4.5,3.0,,3,3,,UNDER
2250209,home,2026-04-12,Cade Povich,700249,700249,Cade Povich,SAME_STARTER,,5.5,5.0,,5,5,,UNDER
2250210,away,2026-04-12,Taj Bradley,671737,671737,Taj Bradley,SAME_STARTER,,4.5,7.0,,7,7,,OVER
2250210,home,2026-04-12,,,453286,Max Scherzer,NO_LIVE_ROW,,,,,,3,,
2250211,away,2026-04-12,,,667755,José Soriano,NO_LIVE_ROW,,,,,,10,,
2250211,home,2026-04-12,,,671096,Andrew Abbott,NO_LIVE_ROW,,,,,,1,,
2250212,away,2026-04-12,,,650644,Aaron Civale,NO_LIVE_ROW,,,,,,3,,
2250212,home,2026-04-12,,,642547,Freddy Peralta,NO_LIVE_ROW,,,,,,6,,
2250213,away,2026-04-12,,,645261,Sandy Alcantara,NO_LIVE_ROW,,,,,,4,,
2250213,home,2026-04-12,,,669373,Tarik Skubal,NO_LIVE_ROW,,,,,,7,,
2250214,away,2026-04-12,,,693645,Cam Schlittler,NO_LIVE_ROW,,,,,,8,,
2250214,home,2026-04-12,,,656876,Drew Rasmussen,NO_LIVE_ROW,,,,,,7,,
2250215,away,2026-04-12,,,691799,Grant Taylor,NO_LIVE_ROW,,,,,,2,,
2250215,home,2026-04-12,,,702070,Noah Cameron,NO_LIVE_ROW,,,,,,4,,
2250216,away,2026-04-12,,,641793,Zack Littell,NO_LIVE_ROW,,,,,,3,,
2250216,home,2026-04-12,,,605540,Brandon Woodruff,NO_LIVE_ROW,,,,,,6,,
2250217,away,2026-04-12,,,678394,Brayan Bello,NO_LIVE_ROW,,,,,,2,,
2250217,home,2026-04-12,,,669467,Andre Pallante,NO_LIVE_ROW,,,,,,2,,
2250218,away,2026-04-12,,,696149,Bubba Chandler,NO_LIVE_ROW,,,,,,4,,
2250218,home,2026-04-12,,,592791,Jameson Taillon,NO_LIVE_ROW,,,,,,10,,
2250219,away,2026-04-12,,,607536,Kyle Freeland,NO_LIVE_ROW,,,,,,0,,
2250219,home,2026-04-12,,,601713,Nick Pivetta,NO_LIVE_ROW,,,,,,4,,
2250220,away,2026-04-12,,,675989,Cody Bolton,NO_LIVE_ROW,,,,,,1,,
2250220,home,2026-04-12,,,669302,Logan Gilbert,NO_LIVE_ROW,,,,,,7,,
2250221,away,2026-04-12,,,594798,Jacob deGrom,NO_LIVE_ROW,,,,,,9,,
2250221,home,2026-04-12,,,808963,Roki Sasaki,NO_LIVE_ROW,,,,,,6,,
2250222,away,2026-04-12,,,676440,Tanner Bibee,NO_LIVE_ROW,,,,,,4,,
2250222,home,2026-04-12,,,519242,Chris Sale,NO_LIVE_ROW,,,,,,6,,
2250223,away,2026-04-13,Mike Burrows,681347,681347,Mike Burrows,SAME_STARTER,4.04,4.5,3.0,1.04,3,3,UNDER,UNDER
2250223,home,2026-04-13,George Kirby,669923,669923,George Kirby,SAME_STARTER,5.37,5.5,6.0,-0.6299999999999999,6,6,PASS,OVER
2250224,away,2026-04-13,Cade Cavalli,676917,676917,Cade Cavalli,SAME_STARTER,3.09,3.5,2.0,1.0899999999999999,2,2,UNDER,UNDER
2250224,home,2026-04-13,Paul Skenes,694973,694973,Paul Skenes,SAME_STARTER,6.89,6.5,6.0,0.8899999999999997,6,6,PASS,UNDER
2250225,away,2026-04-13,Javier Assad,665871,665871,Javier Assad,SAME_STARTER,2.34,3.5,3.0,-0.6600000000000001,3,3,UNDER,UNDER
2250225,home,2026-04-13,Cristopher Sanchez,650911,650911,Cristopher Sánchez,SAME_STARTER,7.17,6.5,8.0,-0.8300000000000001,8,8,PASS,OVER
2250226,away,2026-04-13,Yusei Kikuchi,579328,579328,Yusei Kikuchi,SAME_STARTER,4.69,5.5,3.0,1.6900000000000004,3,3,UNDER,UNDER
2250226,home,2026-04-13,Will Warren,701542,701542,Will Warren,SAME_STARTER,5.78,5.5,6.0,-0.21999999999999975,6,6,OVER,OVER
2250227,away,2026-04-13,Max Meyer,676974,691587,Eury Pérez,OTHER_PITCHER,4.33,4.5,2.0,2.33,2,2,UNDER,UNDER
2250227,home,2026-04-13,Reynaldo Lopez,625643,656550,Grant Holmes,OTHER_PITCHER,3.28,4.5,3.0,0.2799999999999998,3,3,UNDER,UNDER
2250228,away,2026-04-13,Sonny Gray,543243,676979,Garrett Crochet,OTHER_PITCHER,6.05,5.5,0.0,6.05,0,0,PASS,UNDER
2250228,home,2026-04-13,Mick Abel,690953,641927,Bailey Ober,OTHER_PITCHER,3.55,4.5,7.0,-3.45,7,7,UNDER,OVER
2250229,away,2026-04-13,Gavin Williams,668909,668909,Gavin Williams,SAME_STARTER,5.17,6.5,4.0,1.17,4,4,UNDER,UNDER
2250229,home,2026-04-13,Matthew Liberatore,669461,669461,Matthew Liberatore,SAME_STARTER,2.93,3.5,2.0,0.9300000000000002,2,2,UNDER,UNDER
2250230,away,2026-04-13,MacKenzie Gore,669022,543135,Nathan Eovaldi,OTHER_PITCHER,6.81,7.0,7.0,-0.1900000000000004,7,7,UNDER,PUSH
2250230,home,2026-04-13,Jeffrey Springs,605488,622663,Luis Severino,OTHER_PITCHER,3.41,4.5,7.0,-3.59,7,7,UNDER,OVER
2250231,away,2026-04-13,Nolan McLean,690997,656849,David Peterson,OTHER_PITCHER,6.28,5.5,7.0,-0.7199999999999998,7,7,OVER,OVER
2250231,home,2026-04-13,Yoshinobu Yamamoto,808967,680736,Justin Wrobleski,OTHER_PITCHER,6.86,6.5,2.0,4.86,2,2,OVER,UNDER
2250232,away,2026-04-14,Seth Lugo,607625,666142,Cole Ragans,OTHER_PITCHER,3.65,4.5,1.0,2.65,1,1,UNDER,UNDER
2250232,home,2026-04-14,Jack Flaherty,656427,664285,Framber Valdez,OTHER_PITCHER,3.5,4.5,1.0,2.5,1,1,UNDER,UNDER
2250233,away,2026-04-14,Miles Mikolas,571945,676571,PJ Poulin,OTHER_PITCHER,2.51,3.5,1.0,1.5099999999999998,1,1,UNDER,UNDER
2250233,home,2026-04-14,Mitch Keller,656605,656605,Mitch Keller,SAME_STARTER,3.47,4.5,3.0,0.4700000000000002,3,3,UNDER,UNDER
2250234,away,2026-04-14,Tyler Mahle,641816,592662,Robbie Ray,OTHER_PITCHER,3.58,4.5,6.0,-2.42,6,6,UNDER,OVER
2250234,home,2026-04-14,Rhett Lowder,695076,663903,Brady Singer,OTHER_PITCHER,2.9,3.5,1.0,1.9,1,1,UNDER,UNDER
2250235,away,2026-04-14,Shota Imanaga,684007,702303,Riley Martin,OTHER_PITCHER,4.37,5.5,1.0,3.37,1,1,UNDER,UNDER
2250235,home,2026-04-14,Jesus Luzardo,666200,605400,Aaron Nola,OTHER_PITCHER,6.46,6.5,5.0,1.46,5,5,OVER,UNDER
2250236,away,2026-04-14,Reid Detmers,672282,672282,Reid Detmers,SAME_STARTER,5.7,6.5,9.0,-3.3,9,9,UNDER,OVER
2250236,home,2026-04-14,Ryan Weathers,677960,677960,Ryan Weathers,SAME_STARTER,5.48,5.5,10.0,-4.52,10,10,OVER,OVER
2250237,away,2026-04-14,Max Meyer,676974,676974,Max Meyer,SAME_STARTER,4.33,4.5,5.0,-0.6699999999999999,5,5,UNDER,OVER
2250237,home,2026-04-14,Reynaldo Lopez,625643,625643,Reynaldo López,SAME_STARTER,1.02,4.5,6.0,-4.98,6,6,UNDER,OVER
2250238,away,2026-04-14,Connelly Early,813349,543243,Sonny Gray,OTHER_PITCHER,6.57,5.5,1.0,5.57,1,1,OVER,UNDER
2250238,home,2026-04-14,Simeon Woods Richardson,680573,690953,Mick Abel,OTHER_PITCHER,3.28,4.5,10.0,-6.720000000000001,10,10,UNDER,OVER
2250239,away,2026-04-14,Shane McClanahan,663556,663556,Shane McClanahan,SAME_STARTER,3.76,4.5,4.0,-0.2400000000000002,4,4,UNDER,UNDER
2250239,home,2026-04-14,Noah Schultz,702273,702273,Noah Schultz,SAME_STARTER,3.69,4.5,4.0,-0.31000000000000005,4,4,UNDER,UNDER
2250240,away,2026-04-14,Kevin Gausman,592332,592332,Kevin Gausman,SAME_STARTER,5.46,6.5,5.0,0.45999999999999996,5,5,UNDER,UNDER
2250240,home,2026-04-14,Jacob Misiorowski,694819,694819,Jacob Misiorowski,SAME_STARTER,5.1,6.5,5.0,0.09999999999999964,5,5,UNDER,UNDER
2250241,away,2026-04-14,Slade Cecconi,677944,676282,Joey Cantillo,OTHER_PITCHER,3.57,4.5,4.0,-0.43000000000000016,4,4,UNDER,UNDER
2250241,home,2026-04-14,Dustin May,669160,700241,Michael McGreevy,OTHER_PITCHER,2.58,3.5,2.0,0.5800000000000001,2,2,UNDER,UNDER
2250242,away,2026-04-14,Michael Lorenzen,547179,547179,Michael Lorenzen,SAME_STARTER,2.62,3.5,3.0,-0.3799999999999999,3,3,UNDER,UNDER
2250242,home,2026-04-14,Colton Gordon,676467,676467,Colton Gordon,SAME_STARTER,3.68,4.5,5.0,-1.3199999999999998,5,5,UNDER,OVER
2250243,away,2026-04-14,Bryan Woo,693433,693433,Bryan Woo,SAME_STARTER,4.81,5.5,3.0,1.8099999999999996,3,3,UNDER,UNDER
2250243,home,2026-04-14,Michael King,650633,650633,Michael King,SAME_STARTER,4.54,5.5,5.0,-0.45999999999999996,5,5,OVER,UNDER
2250244,away,2026-04-14,MacKenzie Gore,669022,669022,MacKenzie Gore,SAME_STARTER,6.32,6.5,5.0,1.3200000000000003,5,5,UNDER,UNDER
2250244,home,2026-04-14,Jeffrey Springs,605488,605488,Jeffrey Springs,SAME_STARTER,4.17,5.5,5.0,-0.8300000000000001,5,5,UNDER,UNDER
2250245,away,2026-04-14,Clay Holmes,605280,690997,Nolan McLean,OTHER_PITCHER,2.75,3.5,8.0,-5.25,8,8,UNDER,OVER
2250245,home,2026-04-14,Yoshinobu Yamamoto,808967,808967,Yoshinobu Yamamoto,SAME_STARTER,6.86,6.5,7.0,-0.13999999999999968,7,7,PASS,OVER
2250246,away,2026-04-15,Parker Messick,677944,677944,Slade Cecconi,OTHER_PITCHER,5.9,5.5,4.0,1.9000000000000004,4,4,UNDER,UNDER
2250246,home,2026-04-15,Dustin May,669160,669160,Dustin May,SAME_STARTER,2.58,3.5,4.0,-1.42,4,4,UNDER,OVER
2250247,away,2026-04-15,Connelly Early,813349,813349,Connelly Early,SAME_STARTER,6.57,5.5,5.0,1.5700000000000003,5,5,OVER,UNDER
2250247,home,2026-04-15,Simeon Woods Richardson,680573,680573,Simeon Woods Richardson,SAME_STARTER,3.28,4.5,3.0,0.2799999999999998,3,3,UNDER,UNDER
2250248,away,2026-04-15,Kris Bubic,607625,607625,Seth Lugo,OTHER_PITCHER,5.16,5.5,7.0,-1.8399999999999999,7,7,UNDER,OVER
2250248,home,2026-04-15,Keider Montero,656427,656427,Jack Flaherty,OTHER_PITCHER,2.25,3.5,7.0,-4.75,7,7,UNDER,OVER
2250249,away,2026-04-15,Jake Irvin,663623,663623,Jake Irvin,SAME_STARTER,2.52,3.5,5.0,-2.48,5,5,UNDER,OVER
2250249,home,2026-04-15,,,682254,Mason Montgomery,NO_LIVE_ROW,,,,,,1,,
2250250,away,2026-04-15,Landen Roupp,641816,641816,Tyler Mahle,OTHER_PITCHER,4.72,5.5,6.0,-1.2800000000000002,6,6,PASS,OVER
2250250,home,2026-04-15,Chase Burns,695505,695076,Rhett Lowder,OTHER_PITCHER,6.37,5.5,4.0,2.37,4,4,OVER,UNDER
2250251,away,2026-04-15,Shota Imanaga,684007,684007,Shota Imanaga,SAME_STARTER,4.37,5.5,11.0,-6.63,11,11,UNDER,OVER
2250251,home,2026-04-15,Jesus Luzardo,666200,666200,Jesús Luzardo,SAME_STARTER,6.46,6.5,4.0,2.46,4,4,OVER,UNDER
2250252,away,2026-04-15,Jack Kochanowicz,686799,686799,Jack Kochanowicz,SAME_STARTER,2.43,3.5,6.0,-3.57,6,6,UNDER,OVER
2250252,home,2026-04-15,Max Fried,661563,661563,Luis Gil,OTHER_PITCHER,7.66,6.5,5.0,2.66,5,5,OVER,UNDER
2250253,away,2026-04-15,Chris Paddack,663978,663978,Chris Paddack,SAME_STARTER,2.52,3.5,4.0,-1.48,4,4,UNDER,OVER
2250253,home,2026-04-15,Bryce Elder,693821,693821,Bryce Elder,SAME_STARTER,3.33,4.5,7.0,-3.67,7,7,UNDER,OVER
2250254,away,2026-04-15,Jesse Scholtens,669947,642121,Cole Sulser,OTHER_PITCHER,2.93,3.5,1.0,1.9300000000000002,1,1,UNDER,UNDER
2250254,home,2026-04-15,Sean Burke,680732,680732,Sean Burke,SAME_STARTER,3.22,4.5,2.0,1.2200000000000002,2,2,UNDER,UNDER
2250255,away,2026-04-15,Patrick Corbin,656302,656302,Dylan Cease,OTHER_PITCHER,3.15,4.5,6.0,-2.85,6,6,UNDER,OVER
2250255,home,2026-04-15,Brandon Sproat,694477,694477,Chad Patrick,OTHER_PITCHER,2.62,3.5,2.0,0.6200000000000001,2,2,OVER,UNDER
2250256,away,2026-04-15,Tomoyuki Sugano,500779,500779,Jose Quintana,OTHER_PITCHER,2.36,3.5,1.0,1.3599999999999999,1,1,UNDER,UNDER
2250256,home,2026-04-15,Spencer Arrighetti,681293,681293,Spencer Arrighetti,SAME_STARTER,4.77,6.5,10.0,-5.23,10,10,UNDER,OVER
2250257,away,2026-04-15,Luis Castillo,676106,676106,Emerson Hancock,OTHER_PITCHER,3.21,4.5,6.0,-2.79,6,6,OVER,OVER
2250257,home,2026-04-15,Walker Buehler,681190,681190,Randy Vásquez,OTHER_PITCHER,2.38,3.5,6.0,-3.62,6,6,UNDER,OVER
2250258,away,2026-04-15,Jack Leiter,677958,677958,Kumar Rocker,OTHER_PITCHER,4.06,5.5,6.0,-1.9400000000000004,6,6,UNDER,OVER
2250258,home,2026-04-15,Jacob Lopez,669372,669372,J.T. Ginn,OTHER_PITCHER,4.68,5.5,3.0,1.6799999999999997,3,3,UNDER,UNDER
2250259,away,2026-04-15,Clay Holmes,605280,605280,Clay Holmes,SAME_STARTER,2.75,3.5,4.0,-1.25,4,4,UNDER,OVER
2250259,home,2026-04-15,Shohei Ohtani,660271,660271,Shohei Ohtani,SAME_STARTER,7.14,6.5,10.0,-2.8600000000000003,10,10,OVER,OVER
2250260,away,2026-04-16,Zack Littell,641793,656492,Foster Griffin,OTHER_PITCHER,2.79,3.5,7.0,-4.21,7,7,UNDER,OVER
2250260,home,2026-04-16,Bubba Chandler,677952,677952,Braxton Ashcraft,OTHER_PITCHER,4.51,4.5,7.0,-2.49,7,7,OVER,OVER
2250261,away,2026-04-16,Logan Webb,694738,694738,Landen Roupp,OTHER_PITCHER,6.62,5.5,6.0,0.6200000000000001,6,6,OVER,OVER
2250261,home,2026-04-16,Brandon Williamson,695505,695505,Chase Burns,OTHER_PITCHER,2.9,3.5,4.0,-1.1,4,4,UNDER,OVER
2250262,away,2026-04-16,Michael Wacha,663460,663460,Kris Bubic,OTHER_PITCHER,4.15,5.5,3.0,1.1500000000000004,3,3,UNDER,UNDER
2250262,home,2026-04-16,Casey Mize,672456,672456,Keider Montero,OTHER_PITCHER,3.98,5.5,5.0,-1.02,5,5,UNDER,UNDER
2250263,away,2026-04-16,Jose Soriano,667755,608718,Brent Suter,OTHER_PITCHER,5.59,5.5,2.0,3.59,2,2,UNDER,UNDER
2250263,home,2026-04-16,Cam Schlittler,608331,608331,Max Fried,OTHER_PITCHER,5.99,5.5,3.0,2.99,3,3,UNDER,UNDER
2250264,away,2026-04-16,Eric Lauer,571578,571578,Patrick Corbin,OTHER_PITCHER,2.48,3.5,6.0,-3.52,6,6,UNDER,OVER
2250264,home,2026-04-16,Brandon Sproat,687075,687075,Brandon Sproat,SAME_STARTER,2.62,3.5,6.0,-3.38,6,6,OVER,OVER
2250265,away,2026-04-16,Nick Martinez,571927,571927,Steven Matz,OTHER_PITCHER,3.4,4.5,4.0,-0.6000000000000001,4,4,UNDER,UNDER
2250265,home,2026-04-16,Davis Martin,663436,673929,Jordan Leasure,OTHER_PITCHER,3.31,4.5,0.0,3.31,0,0,UNDER,UNDER
2250266,away,2026-04-16,Jacob deGrom,683004,683004,Jack Leiter,OTHER_PITCHER,6.45,6.5,3.0,3.45,3,3,UNDER,UNDER
2250266,home,2026-04-16,Aaron Civale,682052,682052,Jacob Lopez,OTHER_PITCHER,2.71,4.0,5.0,-2.29,5,5,UNDER,OVER
2250267,away,2026-04-16,Chris Bassitt,669358,669358,Shane Baz,OTHER_PITCHER,3.04,3.5,6.0,-2.96,6,6,UNDER,OVER
2250267,home,2026-04-16,Tanner Bibee,800048,800048,Parker Messick,OTHER_PITCHER,4.77,5.5,9.0,-4.23,9,9,UNDER,OVER
2250268,away,2026-04-16,Tomoyuki Sugano,608372,675848,Juan Mejia,OTHER_PITCHER,2.36,3.5,2.0,0.3599999999999999,2,2,PASS,UNDER
2250268,home,2026-04-16,Ryan Weiss,680802,680802,Ryan Weiss,SAME_STARTER,4.26,4.5,3.0,1.2599999999999998,3,3,UNDER,UNDER
2250269,away,2026-04-16,Logan Gilbert,622491,622491,Luis Castillo,OTHER_PITCHER,6.42,6.5,3.0,3.42,3,3,OVER,UNDER
2250269,home,2026-04-16,Matt Waldron,621111,621111,Walker Buehler,OTHER_PITCHER,2.96,3.5,7.0,-4.04,7,7,UNDER,OVER
2250270,away,2026-04-17,Kodai Senga,673540,673540,Kodai Senga,SAME_STARTER,3.92,5.5,3.0,0.9199999999999999,3,3,OVER,UNDER
2250270,home,2026-04-17,Edward Cabrera,665795,665795,Edward Cabrera,SAME_STARTER,4.88,5.5,4.0,0.8799999999999999,4,4,UNDER,UNDER
2250271,away,2026-04-17,Chris Bassitt,605135,605135,Chris Bassitt,SAME_STARTER,3.04,3.5,2.0,1.04,2,2,UNDER,UNDER
2250271,home,2026-04-17,Tanner Bibee,676440,676440,Tanner Bibee,SAME_STARTER,4.77,5.5,5.0,-0.23000000000000043,5,5,UNDER,UNDER
2250272,away,2026-04-17,,,527048,Martín Pérez,NO_LIVE_ROW,,,,,,4,,
2250272,home,2026-04-17,Taijuan Walker,592836,592836,Taijuan Walker,SAME_STARTER,2.5,3.5,4.0,-1.5,4,4,UNDER,OVER
2250273,away,2026-04-17,Logan Webb,657277,657277,Logan Webb,SAME_STARTER,6.03,5.5,6.0,0.03000000000000025,6,6,OVER,OVER
2250273,home,2026-04-17,Zack Littell,641793,641793,Zack Littell,SAME_STARTER,2.73,3.5,4.0,-1.27,4,4,UNDER,OVER
2250274,away,2026-04-17,Nick Martinez,607259,607259,Nick Martinez,SAME_STARTER,3.44,4.5,3.0,0.43999999999999995,3,3,UNDER,UNDER
2250274,home,2026-04-17,Bubba Chandler,696149,696149,Bubba Chandler,SAME_STARTER,4.72,4.5,3.0,1.7199999999999998,3,3,OVER,UNDER
2250275,away,2026-04-17,Michael Wacha,608379,608379,Michael Wacha,SAME_STARTER,3.55,4.5,6.0,-2.45,6,6,UNDER,OVER
2250275,home,2026-04-17,Cam Schlittler,693645,693645,Cam Schlittler,SAME_STARTER,4.95,6.5,6.0,-1.0499999999999998,6,6,UNDER,UNDER
2250276,away,2026-04-17,Coleman Crow,689441,689441,Coleman Crow,SAME_STARTER,2.55,3.5,4.0,-1.4500000000000002,4,4,UNDER,OVER
2250276,home,2026-04-17,Janson Junk,676083,676083,Janson Junk,SAME_STARTER,2.73,3.5,3.0,-0.27,3,3,UNDER,UNDER
2250277,away,2026-04-17,Casey Mize,663554,663554,Casey Mize,SAME_STARTER,4.75,5.5,7.0,-2.25,7,7,UNDER,OVER
2250277,home,2026-04-17,Ranger Suarez,624133,624133,Ranger Suarez,SAME_STARTER,4.24,4.5,4.0,0.2400000000000002,4,4,OVER,UNDER
2250278,away,2026-04-17,Kyle Leahy,681517,681517,Kyle Leahy,SAME_STARTER,2.95,3.5,6.0,-3.05,6,6,UNDER,OVER
2250278,home,2026-04-17,,,663567,Peter Lambert,NO_LIVE_ROW,,,,,,8,,
2250279,away,2026-04-17,Brandon Williamson,682227,682227,Brandon Williamson,SAME_STARTER,2.88,3.5,2.0,0.8799999999999999,2,2,UNDER,UNDER
2250279,home,2026-04-17,Joe Ryan,657746,657746,Joe Ryan,SAME_STARTER,7.15,7.5,6.0,1.1500000000000004,6,6,PASS,UNDER
2250280,away,2026-04-17,Tyler Glasnow,607192,607192,Tyler Glasnow,SAME_STARTER,7.84,7.5,7.0,0.8399999999999999,7,7,OVER,UNDER
2250280,home,2026-04-17,Tomoyuki Sugano,608372,608372,Tomoyuki Sugano,SAME_STARTER,2.49,3.5,3.0,-0.5099999999999998,3,3,UNDER,UNDER
2250281,away,2026-04-17,Matt Waldron,663362,663362,Matt Waldron,SAME_STARTER,3.5,3.5,4.0,-0.5,4,4,OVER,OVER
2250281,home,2026-04-17,Jose Soriano,667755,667755,José Soriano,SAME_STARTER,4.53,5.5,8.0,-3.4699999999999998,8,8,UNDER,OVER
2250282,away,2026-04-17,Jacob deGrom,594798,594798,Jacob deGrom,SAME_STARTER,6.7,6.5,3.0,3.7,3,3,OVER,UNDER
2250282,home,2026-04-17,Logan Gilbert,669302,669302,Logan Gilbert,SAME_STARTER,7.05,6.5,7.0,0.04999999999999982,7,7,UNDER,OVER
2250283,away,2026-04-17,Davis Martin,663436,663436,Davis Martin,SAME_STARTER,3.29,4.5,4.0,-0.71,4,4,UNDER,UNDER
2250283,home,2026-04-17,Aaron Civale,650644,650644,Aaron Civale,SAME_STARTER,3.26,4.5,4.0,-0.7400000000000002,4,4,UNDER,UNDER
2250284,away,2026-04-18,Noah Cameron,702070,702070,Noah Cameron,SAME_STARTER,,4.5,3.0,,3,3,,UNDER
2250284,home,2026-04-18,,,701542,Will Warren,NO_LIVE_ROW,,,,,,11,,
2250285,away,2026-04-18,,,671096,Andrew Abbott,NO_LIVE_ROW,,,,,,3,,
2250285,home,2026-04-18,,,671737,Taj Bradley,NO_LIVE_ROW,,,,,,5,,
2250286,away,2026-04-18,,,642547,Freddy Peralta,NO_LIVE_ROW,,,,,,3,,
2250286,home,2026-04-18,,,592791,Jameson Taillon,NO_LIVE_ROW,,,,,,4,,
2250287,away,2026-04-18,,,605288,Adrian Houser,NO_LIVE_ROW,,,,,,1,,
2250287,home,2026-04-18,,,676917,Cade Cavalli,NO_LIVE_ROW,,,,,,5,,
2250288,away,2026-04-18,,,656876,Drew Rasmussen,NO_LIVE_ROW,,,,,,3,,
2250288,home,2026-04-18,,,694973,Paul Skenes,NO_LIVE_ROW,,,,,,5,,
2250289,away,2026-04-18,,,607200,Erick Fedde,NO_LIVE_ROW,,,,,,3,,
2250289,home,2026-04-18,,,622663,Luis Severino,NO_LIVE_ROW,,,,,,3,,
2250290,away,2026-04-18,,,669373,Tarik Skubal,NO_LIVE_ROW,,,,,,10,,
2250290,home,2026-04-18,,,678394,Brayan Bello,NO_LIVE_ROW,,,,,,4,,
2250291,away,2026-04-18,,,605540,Brandon Woodruff,NO_LIVE_ROW,,,,,,4,,
2250291,home,2026-04-18,,,645261,Sandy Alcantara,NO_LIVE_ROW,,,,,,1,,
2250292,away,2026-04-18,,,665152,Dean Kremer,NO_LIVE_ROW,,,,,,7,,
2250292,home,2026-04-18,,,668909,Gavin Williams,NO_LIVE_ROW,,,,,,11,,
2250293,away,2026-04-18,,,669467,Andre Pallante,NO_LIVE_ROW,,,,,,5,,
2250293,home,2026-04-18,,,621121,Lance McCullers Jr.,NO_LIVE_ROW,,,,,,4,,
2250294,away,2026-04-18,,,543135,Nathan Eovaldi,NO_LIVE_ROW,,,,,,3,,
2250294,home,2026-04-18,,,669923,George Kirby,NO_LIVE_ROW,,,,,,5,,
2250295,away,2026-04-18,,,519242,Chris Sale,NO_LIVE_ROW,,,,,,7,,
2250295,home,2026-04-18,,,650911,Cristopher Sánchez,NO_LIVE_ROW,,,,,,8,,
2250296,away,2026-04-18,,,686218,Emmet Sheehan,NO_LIVE_ROW,,,,,,4,,
2250296,home,2026-04-18,,,663372,Ryan Feltner,NO_LIVE_ROW,,,,,,5,,
2250297,away,2026-04-18,,,608566,Germán Márquez,NO_LIVE_ROW,,,,,,5,,
2250297,home,2026-04-18,,,579328,Yusei Kikuchi,NO_LIVE_ROW,,,,,,8,,
2250298,away,2026-04-19,Framber Valdez,664285,664285,Framber Valdez,SAME_STARTER,5.74,5.5,7.0,-1.2599999999999998,7,7,OVER,OVER
2250298,home,2026-04-19,Garrett Crochet,676979,676979,Garrett Crochet,SAME_STARTER,8.72,7.5,8.0,0.7200000000000006,8,8,OVER,OVER
2250299,away,2026-04-19,Robbie Ray,592662,592662,Robbie Ray,SAME_STARTER,4.8,5.5,7.0,-2.2,7,7,PASS,OVER
2250299,home,2026-04-19,Miles Mikolas,571945,676571,PJ Poulin,OTHER_PITCHER,2.46,3.5,0.0,2.46,0,0,UNDER,UNDER
2250300,away,2026-04-19,Shane McClanahan,663556,663556,Shane McClanahan,SAME_STARTER,4.65,5.5,5.0,-0.34999999999999964,5,5,UNDER,UNDER
2250300,home,2026-04-19,Mitch Keller,656605,656605,Mitch Keller,SAME_STARTER,3.63,4.5,5.0,-1.37,5,5,UNDER,OVER
2250301,away,2026-04-19,Cole Ragans,666142,666142,Cole Ragans,SAME_STARTER,8.09,6.5,6.0,2.09,6,6,OVER,UNDER
2250301,home,2026-04-19,Ryan Weathers,677960,677960,Ryan Weathers,SAME_STARTER,4.3,5.5,8.0,-3.7,8,8,UNDER,OVER
2250302,away,2026-04-19,Trevor Rogers,669432,669432,Trevor Rogers,SAME_STARTER,4.46,4.5,5.0,-0.54,5,5,PASS,OVER
2250302,home,2026-04-19,Joey Cantillo,676282,676282,Joey Cantillo,SAME_STARTER,6.52,6.5,6.0,0.5199999999999996,6,6,OVER,UNDER
2250303,away,2026-04-19,Jacob Misiorowski,694819,694819,Jacob Misiorowski,SAME_STARTER,5.32,6.5,9.0,-3.6799999999999997,9,9,OVER,OVER
2250303,home,2026-04-19,Eury Perez,691587,691587,Eury Pérez,SAME_STARTER,4.28,5.5,7.0,-2.7199999999999998,7,7,UNDER,OVER
2250304,away,2026-04-19,Matthew Liberatore,669461,669461,Matthew Liberatore,SAME_STARTER,3.45,4.5,4.0,-0.5499999999999998,4,4,UNDER,UNDER
2250304,home,2026-04-19,Mike Burrows,681347,681347,Mike Burrows,SAME_STARTER,3.78,4.5,7.0,-3.22,7,7,UNDER,OVER
2250305,away,2026-04-19,Brady Singer,663903,663903,Brady Singer,SAME_STARTER,3.58,4.5,2.0,1.58,2,2,UNDER,UNDER
2250305,home,2026-04-19,Bailey Ober,641927,641927,Bailey Ober,SAME_STARTER,3.34,4.5,10.0,-6.66,10,10,UNDER,OVER
2250306,away,2026-04-19,Tobias Myers,656849,668964,Tobias Myers,SAME_STARTER,1.55,1.5,2.0,-0.44999999999999996,2,2,UNDER,OVER
2250306,home,2026-04-19,Javier Assad,665871,665871,Javier Assad,SAME_STARTER,2.4,3.5,3.0,-0.6000000000000001,3,3,UNDER,UNDER
2250307,away,2026-04-19,Roki Sasaki,808963,808963,Roki Sasaki,SAME_STARTER,3.16,4.5,2.0,1.1600000000000001,2,2,UNDER,UNDER
2250307,home,2026-04-19,Michael Lorenzen,547179,547179,Michael Lorenzen,SAME_STARTER,2.76,3.5,3.0,-0.2400000000000002,3,3,UNDER,UNDER
2250308,away,2026-04-19,Noah Schultz,702273,702273,Noah Schultz,SAME_STARTER,3.67,4.5,6.0,-2.33,6,6,UNDER,OVER
2250308,home,2026-04-19,Jeffrey Springs,605488,605488,Jeffrey Springs,SAME_STARTER,4.05,5.5,7.0,-2.95,7,7,OVER,OVER
2250309,away,2026-04-19,Michael King,650633,650633,Michael King,SAME_STARTER,5.37,5.5,6.0,-0.6299999999999999,6,6,UNDER,OVER
2250309,home,2026-04-19,Reid Detmers,672282,700712,Walbert Ureña,OTHER_PITCHER,3.91,5.5,8.0,-4.09,8,8,OVER,OVER
2250310,away,2026-04-19,MacKenzie Gore,669022,669022,MacKenzie Gore,SAME_STARTER,6.43,6.5,5.0,1.4299999999999997,5,5,PASS,UNDER
2250310,home,2026-04-19,Bryan Woo,693433,693433,Bryan Woo,SAME_STARTER,6.25,6.5,6.0,0.25,6,6,PASS,UNDER
2250311,away,2026-04-19,Grant Holmes,656550,656550,Grant Holmes,SAME_STARTER,4.26,5.5,4.0,0.2599999999999998,4,4,UNDER,UNDER
2250311,home,2026-04-19,Andrew Painter,691725,691725,Andrew Painter,SAME_STARTER,3.7,4.5,4.0,-0.2999999999999998,4,4,UNDER,UNDER
2250312,away,2026-04-20,Keider Montero,656427,656427,Jack Flaherty,OTHER_PITCHER,5.3,3.5,3.0,2.3,3,3,OVER,UNDER
2250312,home,2026-04-20,Sonny Gray,543243,543243,Sonny Gray,SAME_STARTER,6.98,5.5,2.0,4.98,2,2,OVER,UNDER
2250313,away,2026-04-20,Spencer Arrighetti,681293,681293,Spencer Arrighetti,SAME_STARTER,3.03,4.5,3.0,0.029999999999999805,3,3,UNDER,UNDER
2250313,home,2026-04-20,Slade Cecconi,677944,677944,Slade Cecconi,SAME_STARTER,3.36,4.5,2.0,1.3599999999999999,2,2,UNDER,UNDER
2250314,away,2026-04-20,Rhett Lowder,695076,695076,Rhett Lowder,SAME_STARTER,2.92,3.5,3.0,-0.08000000000000007,3,3,UNDER,UNDER
2250314,home,2026-04-20,Jesse Scholtens,669947,669947,Jesse Scholtens,SAME_STARTER,3.06,4.5,6.0,-2.94,6,6,UNDER,OVER
2250315,away,2026-04-20,Michael McGreevy,700241,700241,Michael McGreevy,SAME_STARTER,2.25,3.5,3.0,-0.75,3,3,UNDER,UNDER
2250315,home,2026-04-20,Max Meyer,676974,676974,Max Meyer,SAME_STARTER,4.7,5.5,8.0,-3.3,8,8,UNDER,OVER
2250316,away,2026-04-20,Bryce Elder,693821,693821,Bryce Elder,SAME_STARTER,3.65,4.5,6.0,-2.35,6,6,UNDER,OVER
2250316,home,2026-04-20,Jake Irvin,663623,663623,Jake Irvin,SAME_STARTER,2.68,3.5,4.0,-1.3199999999999998,4,4,UNDER,OVER
2250317,away,2026-04-20,Kyle Bradish,680694,680694,Kyle Bradish,SAME_STARTER,7.38,5.5,7.0,0.3799999999999999,7,7,OVER,OVER
2250317,home,2026-04-20,Seth Lugo,607625,607625,Seth Lugo,SAME_STARTER,3.5,5.5,7.0,-3.5,7,7,UNDER,OVER
2250318,away,2026-04-20,Aaron Nola,605400,605400,Aaron Nola,SAME_STARTER,4.44,5.5,5.0,-0.5599999999999996,5,5,UNDER,UNDER
2250318,home,2026-04-20,Colin Rea,607067,607067,Colin Rea,SAME_STARTER,3.28,4.5,5.0,-1.7200000000000002,5,5,UNDER,OVER
2250319,away,2026-04-20,Justin Wrobleski,680736,680736,Justin Wrobleski,SAME_STARTER,6.69,4.5,3.0,3.6900000000000004,3,3,OVER,UNDER
2250319,home,2026-04-20,Jose Quintana,500779,500779,Jose Quintana,SAME_STARTER,2.29,2.5,1.0,1.29,1,1,PASS,UNDER
2250320,away,2026-04-20,Dylan Cease,656302,656302,Dylan Cease,SAME_STARTER,7.55,7.5,12.0,-4.45,12,12,UNDER,OVER
2250320,home,2026-04-20,Reid Detmers,672282,672282,Reid Detmers,SAME_STARTER,2.49,5.5,5.0,-2.51,5,5,UNDER,UNDER
2250321,away,2026-04-20,J.T. Ginn,669372,669372,J.T. Ginn,SAME_STARTER,5.44,4.5,6.0,-0.5599999999999996,6,6,OVER,OVER
2250321,home,2026-04-20,Emerson Hancock,676106,676106,Emerson Hancock,SAME_STARTER,2.69,5.5,3.0,-0.31000000000000005,3,3,UNDER,UNDER
2250322,away,2026-04-21,,,680802,Ryan Weiss,NO_LIVE_ROW,,,,,,4,,
2250322,home,2026-04-21,,,800048,Parker Messick,NO_LIVE_ROW,,,,,,4,,
2250323,away,2026-04-21,,,695505,Chase Burns,NO_LIVE_ROW,,,,,,8,,
2250323,home,2026-04-21,,,571927,Steven Matz,NO_LIVE_ROW,,,,,,4,,
2250324,away,2026-04-21,,,669160,Dustin May,NO_LIVE_ROW,,,,,,5,,
2250324,home,2026-04-21,,,663978,Chris Paddack,NO_LIVE_ROW,,,,,,7,,
2250325,away,2026-04-21,,,690986,Kyle Harrison,NO_LIVE_ROW,,,,,,3,,
2250325,home,2026-04-21,,,672456,Keider Montero,NO_LIVE_ROW,,,,,,3,,
2250326,away,2026-04-21,,,625643,Reynaldo López,NO_LIVE_ROW,,,,,,1,,
2250326,home,2026-04-21,,,656492,Foster Griffin,NO_LIVE_ROW,,,,,,3,,
2250327,away,2026-04-21,,,661563,Luis Gil,NO_LIVE_ROW,,,,,,2,,
2250327,home,2026-04-21,,,813349,Connelly Early,NO_LIVE_ROW,,,,,,4,,
2250328,away,2026-04-21,,,680573,Simeon Woods Richardson,NO_LIVE_ROW,,,,,,2,,
2250328,home,2026-04-21,,,690997,Nolan McLean,NO_LIVE_ROW,,,,,,10,,
2250329,away,2026-04-21,,,669358,Shane Baz,NO_LIVE_ROW,,,,,,4,,
2250329,home,2026-04-21,,,663460,Kris Bubic,NO_LIVE_ROW,,,,,,3,,
2250330,away,2026-04-21,,,666200,Jesús Luzardo,NO_LIVE_ROW,,,,,,3,,
2250330,home,2026-04-21,,,684007,Shota Imanaga,NO_LIVE_ROW,,,,,,1,,
2250331,away,2026-04-21,,,669387,Carmen Mlodzinski,NO_LIVE_ROW,,,,,,6,,
2250331,home,2026-04-21,,,677958,Kumar Rocker,NO_LIVE_ROW,,,,,,5,,
2250332,away,2026-04-21,,,681190,Randy Vásquez,NO_LIVE_ROW,,,,,,5,,
2250332,home,2026-04-21,,,623474,Jimmy Herget,NO_LIVE_ROW,,,,,,3,,
2250333,away,2026-04-21,,,571578,Patrick Corbin,NO_LIVE_ROW,,,,,,3,,
2250333,home,2026-04-21,,,686799,Jack Kochanowicz,NO_LIVE_ROW,,,,,,1,,
2250334,away,2026-04-21,,,682052,Jacob Lopez,NO_LIVE_ROW,,,,,,1,,
2250334,home,2026-04-21,,,622491,Luis Castillo,NO_LIVE_ROW,,,,,,6,,
2250335,away,2026-04-21,,,808967,Yoshinobu Yamamoto,NO_LIVE_ROW,,,,,,7,,
2250335,home,2026-04-21,,,694738,Landen Roupp,NO_LIVE_ROW,,,,,,7,,
2250336,away,2026-04-22,Kyle Leahy,681517,681517,Kyle Leahy,SAME_STARTER,1.3,3.5,2.0,-0.7,2,2,UNDER,UNDER
2250336,home,2026-04-22,Janson Junk,676083,676083,Janson Junk,SAME_STARTER,2.88,3.5,2.0,0.8799999999999999,2,2,PASS,UNDER
2250337,away,2026-04-22,Peter Lambert,663567,663567,Peter Lambert,SAME_STARTER,2.9,3.5,8.0,-5.1,8,8,UNDER,OVER
2250337,home,2026-04-22,Tanner Bibee,676440,676440,Tanner Bibee,SAME_STARTER,3.49,4.5,3.0,0.4900000000000002,3,3,UNDER,UNDER
2250338,away,2026-04-22,Brandon Williamson,682227,682227,Brandon Williamson,SAME_STARTER,2.92,3.5,3.0,-0.08000000000000007,3,3,UNDER,UNDER
2250338,home,2026-04-22,Nick Martinez,607259,607259,Nick Martinez,SAME_STARTER,2.95,4.5,6.0,-3.05,6,6,UNDER,OVER
2250339,away,2026-04-22,Chris Bassitt,605135,605135,Chris Bassitt,SAME_STARTER,3.71,3.5,3.0,0.71,3,3,OVER,UNDER
2250339,home,2026-04-22,Michael Wacha,608379,608379,Michael Wacha,SAME_STARTER,3.02,5.5,5.0,-1.98,5,5,UNDER,UNDER
2250340,away,2026-04-22,Eric Lauer,641778,641778,Eric Lauer,SAME_STARTER,4.68,4.5,3.0,1.6799999999999997,3,3,PASS,UNDER
2250340,home,2026-04-22,Jose Soriano,667755,667755,José Soriano,SAME_STARTER,4.0,5.5,4.0,0.0,4,4,UNDER,UNDER
2250341,away,2026-04-22,Aaron Civale,650644,650644,Aaron Civale,SAME_STARTER,3.46,4.5,5.0,-1.54,5,5,UNDER,OVER
2250341,home,2026-04-22,Logan Gilbert,669302,669302,Logan Gilbert,SAME_STARTER,7.28,6.5,3.0,4.28,3,3,UNDER,UNDER
2250342,away,2026-04-22,Brandon Sproat,694477,669084,DL Hall,OTHER_PITCHER,5.23,4.5,,,,2,OVER,
2250342,home,2026-04-22,Tarik Skubal,663554,663554,Casey Mize,OTHER_PITCHER,4.09,7.5,7.0,-2.91,7,7,UNDER,UNDER
2250343,away,2026-04-22,Didier Fuentes,527048,800311,Didier Fuentes,SAME_STARTER,2.67,4.5,,,,7,UNDER,
2250343,home,2026-04-22,Cade Cavalli,641793,641793,Zack Littell,OTHER_PITCHER,2.89,3.5,1.0,1.8900000000000001,1,1,UNDER,UNDER
2250344,away,2026-04-22,Cam Schlittler,608331,608331,Max Fried,OTHER_PITCHER,5.25,6.5,9.0,-3.75,9,9,UNDER,OVER
2250344,home,2026-04-22,Ranger Suarez,624133,624133,Ranger Suarez,SAME_STARTER,5.11,4.5,4.0,1.1100000000000003,4,4,OVER,UNDER
2250345,away,2026-04-22,Joe Ryan,657746,687570,Connor Prielipp,OTHER_PITCHER,,6.5,,,,6,,
2250345,home,2026-04-22,Christian Scott,605280,605280,Clay Holmes,OTHER_PITCHER,3.13,4.5,3.0,0.1299999999999999,3,3,UNDER,UNDER
2250346,away,2026-04-22,Cristopher Sanchez,650911,679775,Kyle Backhus,OTHER_PITCHER,,5.5,,,,1,,
2250346,home,2026-04-22,Edward Cabrera,571510,571510,Matthew Boyd,OTHER_PITCHER,3.48,5.5,5.0,-1.52,5,5,UNDER,UNDER
2250347,away,2026-04-22,Bubba Chandler,677952,677952,Braxton Ashcraft,OTHER_PITCHER,4.87,4.5,5.0,-0.1299999999999999,5,5,OVER,OVER
2250347,home,2026-04-22,Jacob deGrom,683004,683004,Jack Leiter,OTHER_PITCHER,3.89,6.5,5.0,-1.1099999999999999,5,5,UNDER,UNDER
2250348,away,2026-04-22,Matt Waldron,621111,621111,Walker Buehler,OTHER_PITCHER,2.75,3.5,2.0,0.75,2,2,UNDER,UNDER
2250348,home,2026-04-22,Ryan Feltner,608372,608372,Tomoyuki Sugano,OTHER_PITCHER,2.25,3.5,4.0,-1.75,4,4,UNDER,OVER
2250349,away,2026-04-22,Tyler Glasnow,607192,660271,Shohei Ohtani,OTHER_PITCHER,,6.5,,,,7,,
2250349,home,2026-04-22,Logan Webb,641816,641816,Tyler Mahle,OTHER_PITCHER,2.16,5.5,5.0,-2.84,5,5,UNDER,UNDER
2250350,away,2026-04-23,Grant Holmes,656550,702275,JR Ritchie,OTHER_PITCHER,4.07,4.5,,,,7,UNDER,
2250350,home,2026-04-23,Cade Cavalli,676917,676917,Cade Cavalli,SAME_STARTER,3.55,3.5,10.0,-6.45,10,10,UNDER,OVER
2250351,away,2026-04-23,Brandon Sproat,687075,687075,Brandon Sproat,SAME_STARTER,4.07,3.5,4.0,0.07000000000000028,4,4,OVER,OVER
2250351,home,2026-04-23,Tarik Skubal,669373,669373,Tarik Skubal,SAME_STARTER,6.04,7.5,5.0,1.04,5,5,UNDER,UNDER
2250352,away,2026-04-23,Andrew Painter,650911,650911,Cristopher Sánchez,OTHER_PITCHER,2.7,4.5,4.0,-1.2999999999999998,4,4,UNDER,UNDER
2250352,home,2026-04-23,Jameson Taillon,665795,665795,Edward Cabrera,OTHER_PITCHER,2.76,4.5,5.0,-2.24,5,5,UNDER,OVER
2250353,away,2026-04-23,Matt Waldron,663362,663362,Matt Waldron,SAME_STARTER,2.1,3.5,3.0,-0.8999999999999999,3,3,UNDER,UNDER
2250353,home,2026-04-23,Ryan Feltner,663372,663372,Ryan Feltner,SAME_STARTER,2.73,3.5,3.0,-0.27,3,3,UNDER,UNDER
2250354,away,2026-04-23,Emmet Sheehan,607192,607192,Tyler Glasnow,OTHER_PITCHER,6.64,4.5,9.0,-2.3600000000000003,9,9,OVER,OVER
2250354,home,2026-04-23,Logan Webb,657277,657277,Logan Webb,SAME_STARTER,6.35,5.5,5.0,1.3499999999999996,5,5,UNDER,UNDER
2250355,away,2026-04-23,Cam Schlittler,693645,693645,Cam Schlittler,SAME_STARTER,,6.5,5.0,,5,5,,
2250355,home,2026-04-23,Brayan Bello,801139,801139,Payton Tolle,OTHER_PITCHER,,4.5,11.0,,11,11,,
2250356,away,2026-04-23,Joe Ryan,657746,657746,Joe Ryan,SAME_STARTER,,6.5,5.0,,5,5,,
2250356,home,2026-04-23,Christian Scott,681035,681035,Christian Scott,SAME_STARTER,,4.5,1.0,,1,1,,
2250357,away,2026-04-23,Bubba Chandler,696149,696149,Bubba Chandler,SAME_STARTER,,4.5,4.0,,4,4,,
2250357,home,2026-04-23,Jacob deGrom,594798,594798,Jacob deGrom,SAME_STARTER,,6.5,10.0,,10,10,,
2250358,away,2026-04-24,Framber Valdez,664285,664285,Framber Valdez,SAME_STARTER,5.33,5.5,4.0,1.33,4,4,UNDER,UNDER
2250358,home,2026-04-24,Andrew Abbott,671096,671096,Andrew Abbott,SAME_STARTER,3.64,4.5,4.0,-0.3599999999999999,4,4,UNDER,UNDER
2250359,away,2026-04-24,Brayan Bello,678394,678394,Brayan Bello,SAME_STARTER,3.04,4.5,2.0,1.04,2,2,UNDER,UNDER
2250359,home,2026-04-24,Brandon Young,687064,687064,Brandon Young,SAME_STARTER,3.07,3.5,5.0,-1.9300000000000002,5,5,UNDER,OVER
2250360,away,2026-04-24,Gavin Williams,668909,668909,Gavin Williams,SAME_STARTER,3.97,5.5,4.0,-0.029999999999999805,4,4,UNDER,UNDER
2250360,home,2026-04-24,Max Scherzer,453286,453286,Max Scherzer,SAME_STARTER,3.82,3.5,0.0,3.82,0,0,PASS,UNDER
2250361,away,2026-04-24,Michael Lorenzen,547179,547179,Michael Lorenzen,SAME_STARTER,3.57,4.5,3.0,0.5699999999999998,3,3,UNDER,UNDER
2250361,home,2026-04-24,Freddy Peralta,642547,642547,Freddy Peralta,SAME_STARTER,6.66,6.5,8.0,-1.3399999999999999,8,8,UNDER,OVER
2250362,away,2026-04-24,Taj Bradley,671737,671737,Taj Bradley,SAME_STARTER,3.89,5.5,3.0,0.8900000000000001,3,3,UNDER,UNDER
2250362,home,2026-04-24,Drew Rasmussen,656876,656876,Drew Rasmussen,SAME_STARTER,3.75,4.5,6.0,-2.25,6,6,UNDER,OVER
2250363,away,2026-04-24,Andrew Painter,691725,691725,Andrew Painter,SAME_STARTER,2.93,3.5,1.0,1.9300000000000002,1,1,UNDER,UNDER
2250363,home,2026-04-24,Grant Holmes,656550,656550,Grant Holmes,SAME_STARTER,3.97,4.5,4.0,-0.029999999999999805,4,4,UNDER,UNDER
2250364,away,2026-04-24,Yusei Kikuchi,579328,579328,Yusei Kikuchi,SAME_STARTER,3.45,4.5,5.0,-1.5499999999999998,5,5,UNDER,OVER
2250364,home,2026-04-24,Noah Cameron,702070,702070,Noah Cameron,SAME_STARTER,4.48,4.5,6.0,-1.5199999999999996,6,6,PASS,OVER
2250365,away,2026-04-24,Miles Mikolas,571945,676571,PJ Poulin,OTHER_PITCHER,2.24,3.5,,,,1,UNDER,
2250365,home,2026-04-24,Bryan Hudson,663542,663542,Bryan Hudson,SAME_STARTER,2.79,1.5,1.0,1.79,1,1,OVER,UNDER
2250366,away,2026-04-24,Paul Skenes,694973,694973,Paul Skenes,SAME_STARTER,6.48,6.5,7.0,-0.5199999999999996,7,7,UNDER,OVER
2250366,home,2026-04-24,Brandon Woodruff,605540,605540,Brandon Woodruff,SAME_STARTER,7.2,6.5,3.0,4.2,3,3,PASS,UNDER
2250367,away,2026-04-24,Luis Severino,622663,622663,Luis Severino,SAME_STARTER,2.77,4.5,5.0,-2.23,5,5,UNDER,OVER
2250367,home,2026-04-24,Nathan Eovaldi,543135,543135,Nathan Eovaldi,SAME_STARTER,5.37,5.5,3.0,2.37,3,3,PASS,UNDER
2250368,away,2026-04-24,Will Warren,701542,701542,Will Warren,SAME_STARTER,4.15,4.5,6.0,-1.8499999999999996,6,6,PASS,OVER
2250368,home,2026-04-24,Lance McCullers,621121,621121,Lance McCullers Jr.,OTHER_PITCHER,3.85,5.5,3.0,0.8500000000000001,3,3,UNDER,UNDER
2250369,away,2026-04-24,George Kirby,669923,669923,George Kirby,SAME_STARTER,6.2,5.5,2.0,4.2,2,2,OVER,UNDER
2250369,home,2026-04-24,Andre Pallante,669467,669467,Andre Pallante,SAME_STARTER,2.93,3.5,8.0,-5.07,8,8,UNDER,OVER
2250370,away,2026-04-24,Jameson Taillon,592791,592791,Jameson Taillon,SAME_STARTER,2.95,4.5,4.0,-1.0499999999999998,4,4,UNDER,UNDER
2250370,home,2026-04-24,Emmet Sheehan,686218,686218,Emmet Sheehan,SAME_STARTER,6.08,4.5,10.0,-3.92,10,10,OVER,OVER
2250371,away,2026-04-24,Sandy Alcantara,645261,645261,Sandy Alcantara,SAME_STARTER,3.47,4.5,4.0,-0.5299999999999998,4,4,UNDER,UNDER
2250371,home,2026-04-24,Adrian Houser,605288,605288,Adrian Houser,SAME_STARTER,2.78,3.5,3.0,-0.2200000000000002,3,3,UNDER,UNDER
2250372,away,2026-04-25,Bryan Woo,693433,693433,Bryan Woo,SAME_STARTER,,5.5,1.0,,1,1,,
2250372,home,2026-04-25,Matthew Liberatore,669461,669461,Matthew Liberatore,SAME_STARTER,,4.5,3.0,,3,3,,
2250373,away,2026-04-25,Joey Cantillo,676282,676282,Joey Cantillo,SAME_STARTER,,4.5,4.0,,4,4,,
2250373,home,2026-04-25,Kevin Gausman,592332,592332,Kevin Gausman,SAME_STARTER,,5.5,3.0,,3,3,,
2250374,away,2026-04-25,,,676979,Garrett Crochet,NO_LIVE_ROW,,,,,,7,,
2250374,home,2026-04-25,Kyle Bradish,680694,669432,Trevor Rogers,OTHER_PITCHER,,5.5,,,,2,,
2250375,away,2026-04-25,Sandy Alcantara,691587,691587,Eury Pérez,OTHER_PITCHER,,4.5,6.0,,6,6,,
2250375,home,2026-04-25,Adrian Houser,592662,592662,Robbie Ray,OTHER_PITCHER,,3.5,4.0,,4,4,,
2250376,away,2026-04-26,Jose Quintana,500779,801403,Chase Dollander,OTHER_PITCHER,,2.5,,,,7,,
2250376,home,2026-04-26,Kodai Senga,673540,673540,Kodai Senga,SAME_STARTER,,5.5,1.0,,1,1,,
2250377,away,2026-04-25,Bailey Ober,641927,641927,Bailey Ober,SAME_STARTER,,4.5,3.0,,3,3,,
2250377,home,2026-04-25,Shane McClanahan,663556,663556,Shane McClanahan,SAME_STARTER,,5.5,7.0,,7,7,,
2250378,away,2026-04-25,Jake Irvin,663623,663623,Jake Irvin,SAME_STARTER,,4.5,9.0,,9,9,,
2250378,home,2026-04-25,Noah Schultz,702273,702273,Noah Schultz,SAME_STARTER,,4.5,8.0,,8,8,,
2250379,away,2026-04-25,Jeffrey Springs,605488,605488,Jeffrey Springs,SAME_STARTER,,5.5,4.0,,4,4,,
2250379,home,2026-04-25,MacKenzie Gore,669022,669022,MacKenzie Gore,SAME_STARTER,,6.5,7.0,,7,7,,
2250380,away,2026-04-25,Walbert Urena,700712,700712,Walbert Ureña,SAME_STARTER,,3.5,3.0,,3,3,,
2250380,home,2026-04-25,Cole Ragans,666142,666142,Cole Ragans,SAME_STARTER,,6.5,11.0,,11,11,,
2250381,away,2026-04-25,,,677960,Ryan Weathers,NO_LIVE_ROW,,,,,,4,,
2250381,home,2026-04-25,Mike Burrows,681347,681347,Mike Burrows,SAME_STARTER,,5.5,8.0,,8,8,,
2250382,away,2026-04-25,,,656605,Mitch Keller,NO_LIVE_ROW,,,,,,6,,
2250382,home,2026-04-25,,,694819,Jacob Misiorowski,NO_LIVE_ROW,,,,,,9,,
2250383,away,2026-04-25,,,656427,Jack Flaherty,NO_LIVE_ROW,,,,,,4,,
2250383,home,2026-04-25,,,663903,Brady Singer,NO_LIVE_ROW,,,,,,3,,
2250384,away,2026-04-25,,,607067,Colin Rea,NO_LIVE_ROW,,,,,,4,,
2250384,home,2026-04-25,,,808963,Roki Sasaki,NO_LIVE_ROW,,,,,,5,,
2250385,away,2026-04-25,,,554430,Zack Wheeler,NO_LIVE_ROW,,,,,,6,,
2250385,home,2026-04-25,,,693821,Bryce Elder,NO_LIVE_ROW,,,,,,2,,
2250386,away,2026-04-26,Ranger Suarez,813349,813349,Connelly Early,OTHER_PITCHER,5.15,3.5,4.0,1.1500000000000004,4,4,OVER,OVER
2250386,home,2026-04-26,Kyle Bradish,680694,680694,Kyle Bradish,SAME_STARTER,8.81,6.5,3.0,5.8100000000000005,3,3,PASS,UNDER
2250387,away,2026-04-26,Aaron Nola,605400,605400,Aaron Nola,SAME_STARTER,4.82,5.5,6.0,-1.1799999999999997,6,6,UNDER,OVER
2250387,home,2026-04-26,Chris Sale,519242,519242,Chris Sale,SAME_STARTER,8.26,7.5,9.0,-0.7400000000000002,9,9,PASS,OVER
2250388,away,2026-04-26,Parker Messick,677944,677944,Slade Cecconi,OTHER_PITCHER,4.57,4.5,5.0,-0.4299999999999997,5,5,UNDER,OVER
2250388,home,2026-04-26,Dylan Cease,571578,571578,Patrick Corbin,OTHER_PITCHER,6.14,7.5,4.0,2.1399999999999997,4,4,UNDER,UNDER
2250389,away,2026-04-26,Keider Montero,672456,672456,Keider Montero,SAME_STARTER,3.58,4.5,5.0,-1.42,5,5,UNDER,OVER
2250389,home,2026-04-26,Rhett Lowder,695076,695076,Rhett Lowder,SAME_STARTER,3.19,3.5,7.0,-3.81,7,7,PASS,OVER
2250390,away,2026-04-26,Jose Quintana,500779,500779,Jose Quintana,SAME_STARTER,2.37,3.5,5.0,-2.63,5,5,UNDER,OVER
2250390,home,2026-04-26,Kodai Senga,690997,690997,Nolan McLean,OTHER_PITCHER,4.46,5.5,7.0,-2.54,7,7,UNDER,OVER
2250391,away,2026-04-26,Connor Prielipp,680573,680573,Simeon Woods Richardson,OTHER_PITCHER,3.97,4.5,2.0,1.9700000000000002,2,2,OVER,UNDER
2250391,home,2026-04-26,Steven Matz,669947,643377,Griffin Jax,OTHER_PITCHER,2.93,4.5,,,,2,UNDER,
2250392,away,2026-04-26,Foster Griffin,656492,656492,Foster Griffin,SAME_STARTER,2.98,4.5,8.0,-5.02,8,8,UNDER,OVER
2250392,home,2026-04-26,Bryan Hudson,663542,663542,Bryan Hudson,SAME_STARTER,2.79,1.5,1.0,1.79,1,1,OVER,UNDER
2250393,away,2026-04-26,Max Fried,661563,661563,Luis Gil,OTHER_PITCHER,1.84,5.5,0.0,1.84,0,0,UNDER,UNDER
2250393,home,2026-04-26,Spencer Arrighetti,681293,681293,Spencer Arrighetti,SAME_STARTER,3.26,5.5,8.0,-4.74,8,8,UNDER,OVER
2250394,away,2026-04-26,Carmen Mlodzinski,669387,669387,Carmen Mlodzinski,SAME_STARTER,3.77,4.5,4.0,-0.22999999999999998,4,4,UNDER,UNDER
2250394,home,2026-04-26,Kyle Harrison,690986,690986,Kyle Harrison,SAME_STARTER,5.43,5.5,12.0,-6.57,12,12,PASS,OVER
2250395,away,2026-04-26,Luis Castillo,676106,676106,Emerson Hancock,OTHER_PITCHER,2.61,5.5,4.0,-1.3900000000000001,4,4,UNDER,UNDER
2250395,home,2026-04-26,Dustin May,700241,700241,Michael McGreevy,OTHER_PITCHER,2.6,4.5,6.0,-3.4,6,6,UNDER,OVER
2250396,away,2026-04-26,J.T. Ginn,669372,669372,J.T. Ginn,SAME_STARTER,5.02,4.5,2.0,3.0199999999999996,2,2,OVER,UNDER
2250396,home,2026-04-26,Jack Leiter,677958,677958,Kumar Rocker,OTHER_PITCHER,3.51,5.5,3.0,0.5099999999999998,3,3,UNDER,UNDER
2250397,away,2026-04-26,Chris Paddack,676974,676974,Max Meyer,OTHER_PITCHER,4.91,4.5,5.0,-0.08999999999999986,5,5,UNDER,OVER
2250397,home,2026-04-26,Landen Roupp,694738,694738,Landen Roupp,SAME_STARTER,3.8,5.5,6.0,-2.2,6,6,UNDER,OVER
2250398,away,2026-04-26,Matthew Boyd,684007,684007,Shota Imanaga,OTHER_PITCHER,3.06,5.5,6.0,-2.94,6,6,PASS,OVER
2250398,home,2026-04-26,Yoshinobu Yamamoto,680736,680736,Justin Wrobleski,OTHER_PITCHER,5.95,6.5,6.0,-0.04999999999999982,6,6,OVER,UNDER
2250399,away,2026-04-26,Jack Kochanowicz,672282,672282,Reid Detmers,OTHER_PITCHER,2.49,3.5,5.0,-2.51,5,5,UNDER,OVER
2250399,home,2026-04-26,Seth Lugo,607625,607625,Seth Lugo,SAME_STARTER,3.97,5.5,3.0,0.9700000000000002,3,3,UNDER,UNDER
2250400,away,2026-04-27,Steven Matz,571927,571927,Steven Matz,SAME_STARTER,4.54,4.5,2.0,2.54,2,2,PASS,UNDER
2250400,home,2026-04-27,Parker Messick,800048,800048,Parker Messick,SAME_STARTER,5.8,4.5,9.0,-3.2,9,9,OVER,OVER
2250401,away,2026-04-27,Dustin May,669160,669160,Dustin May,SAME_STARTER,3.75,4.5,2.0,1.75,2,2,UNDER,UNDER
2250401,home,2026-04-27,Mason Montgomery,682254,682254,Mason Montgomery,SAME_STARTER,2.82,1.5,1.0,1.8199999999999998,1,1,OVER,UNDER
2250402,away,2026-04-27,Ranger Suarez,624133,624133,Ranger Suarez,SAME_STARTER,4.03,3.5,10.0,-5.97,10,10,PASS,OVER
2250402,home,2026-04-27,Dylan Cease,656302,656302,Dylan Cease,SAME_STARTER,6.31,7.5,5.0,1.3099999999999996,5,5,UNDER,UNDER
2250403,away,2026-04-27,Luis Castillo,622491,622491,Luis Castillo,SAME_STARTER,3.95,4.5,3.0,0.9500000000000002,3,3,UNDER,UNDER
2250403,home,2026-04-27,Connor Prielipp,687570,687570,Connor Prielipp,SAME_STARTER,3.01,4.5,5.0,-1.9900000000000002,5,5,UNDER,OVER
2250404,away,2026-04-27,Jack Kochanowicz,686799,686799,Jack Kochanowicz,SAME_STARTER,2.08,3.5,5.0,-2.92,5,5,UNDER,OVER
2250404,home,2026-04-27,Anthony Kay,641743,641743,Anthony Kay,SAME_STARTER,3.56,3.5,2.0,1.56,2,2,PASS,UNDER
2250405,away,2026-04-27,Max Fried,608331,608331,Max Fried,SAME_STARTER,5.3,5.5,5.0,0.2999999999999998,5,5,PASS,UNDER
2250405,home,2026-04-27,Jack Leiter,683004,683004,Jack Leiter,SAME_STARTER,4.04,5.5,4.0,0.040000000000000036,4,4,UNDER,UNDER
2250406,away,2026-04-27,Matthew Boyd,571510,571510,Matthew Boyd,SAME_STARTER,2.79,5.5,4.0,-1.21,4,4,UNDER,UNDER
2250406,home,2026-04-27,Randy Vasquez,681190,681190,Randy Vásquez,SAME_STARTER,1.92,3.5,4.0,-2.08,4,4,UNDER,OVER
2250407,away,2026-04-27,Chris Paddack,663978,663978,Chris Paddack,SAME_STARTER,,4.5,1.0,,1,1,,
2250407,home,2026-04-27,Yoshinobu Yamamoto,808967,808967,Yoshinobu Yamamoto,SAME_STARTER,6.09,6.5,4.0,2.09,4,4,PASS,UNDER
2250408,away,2026-04-28,Nick Martinez,607259,607259,Nick Martinez,SAME_STARTER,2.79,3.5,4.0,-1.21,4,4,UNDER,OVER
2250408,home,2026-04-28,Tanner Bibee,676440,676440,Tanner Bibee,SAME_STARTER,3.7,4.5,6.0,-2.3,6,6,UNDER,OVER
2250409,away,2026-04-28,Kai-Wei Teng,678906,678906,Kai-Wei Teng,SAME_STARTER,5.87,2.5,2.0,3.87,2,2,OVER,UNDER
2250409,home,2026-04-28,Shane Baz,669358,669358,Shane Baz,SAME_STARTER,4.6,4.5,6.0,-1.4000000000000004,6,6,UNDER,OVER
2250410,away,2026-04-28,Kyle Freeland,607536,607536,Kyle Freeland,SAME_STARTER,3.3,3.5,4.0,-0.7000000000000002,4,4,PASS,OVER
2250410,home,2026-04-28,Chase Burns,695505,695505,Chase Burns,SAME_STARTER,10.98,6.5,9.0,1.9800000000000004,9,9,PASS,OVER
2250411,away,2026-04-28,Kyle Leahy,681517,681517,Kyle Leahy,SAME_STARTER,1.51,3.5,7.0,-5.49,7,7,UNDER,OVER
2250411,home,2026-04-28,Braxton Ashcraft,677952,677952,Braxton Ashcraft,SAME_STARTER,4.93,5.5,7.0,-2.0700000000000003,7,7,UNDER,OVER
2250412,away,2026-04-28,Tyler Mahle,641816,641816,Tyler Mahle,SAME_STARTER,2.89,4.5,3.0,-0.10999999999999988,3,3,UNDER,UNDER
2250412,home,2026-04-28,Jesus Luzardo,666200,666200,Jesús Luzardo,SAME_STARTER,6.87,6.5,8.0,-1.13,8,8,PASS,OVER
2250413,away,2026-04-28,Payton Tolle,801139,801139,Payton Tolle,SAME_STARTER,4.34,4.5,4.0,0.33999999999999986,4,4,UNDER,UNDER
2250413,home,2026-04-28,Trey Yesavage,702056,702056,Trey Yesavage,SAME_STARTER,6.28,5.5,3.0,3.2800000000000002,3,3,OVER,UNDER
2250414,away,2026-04-28,Zack Littell,641793,641793,Zack Littell,SAME_STARTER,2.76,3.5,1.0,1.7599999999999998,1,1,UNDER,UNDER
2250414,home,2026-04-28,Clay Holmes,605280,605280,Clay Holmes,SAME_STARTER,2.98,4.5,6.0,-3.02,6,6,UNDER,OVER
2250415,away,2026-04-28,Casey Mize,663554,663554,Casey Mize,SAME_STARTER,4.36,4.5,3.0,1.3600000000000003,3,3,UNDER,UNDER
2250415,home,2026-04-28,Martin Perez,527048,527048,Martín Pérez,SAME_STARTER,2.64,3.5,5.0,-2.36,5,5,UNDER,OVER
2250416,away,2026-04-28,Logan Gilbert,669302,669302,Logan Gilbert,SAME_STARTER,7.35,5.5,4.0,3.3499999999999996,4,4,OVER,UNDER
2250416,home,2026-04-28,Joe Ryan,657746,657746,Joe Ryan,SAME_STARTER,5.62,5.5,6.0,-0.3799999999999999,6,6,UNDER,OVER
2250417,away,2026-04-28,Jose Soriano,667755,667755,José Soriano,SAME_STARTER,4.78,5.5,6.0,-1.2199999999999998,6,6,UNDER,OVER
2250417,home,2026-04-28,Davis Martin,663436,663436,Davis Martin,SAME_STARTER,3.36,5.5,7.0,-3.64,7,7,PASS,OVER
2250418,away,2026-04-28,Cam Schlittler,693645,693645,Cam Schlittler,SAME_STARTER,5.15,6.5,8.0,-2.8499999999999996,8,8,UNDER,OVER
2250418,home,2026-04-28,Jacob deGrom,594798,594798,Jacob deGrom,SAME_STARTER,5.96,6.5,5.0,0.96,5,5,PASS,UNDER
2250419,away,2026-04-28,Kris Bubic,663460,663460,Kris Bubic,SAME_STARTER,4.89,5.5,6.0,-1.1100000000000003,6,6,UNDER,OVER
2250419,home,2026-04-28,Aaron Civale,650644,650644,Aaron Civale,SAME_STARTER,2.86,3.5,3.0,-0.14000000000000012,3,3,UNDER,UNDER
2250420,away,2026-04-28,Edward Cabrera,665795,665795,Edward Cabrera,SAME_STARTER,4.72,4.5,7.0,-2.2800000000000002,7,7,PASS,OVER
2250420,home,2026-04-28,Walker Buehler,621111,621111,Walker Buehler,SAME_STARTER,2.2,3.5,4.0,-1.7999999999999998,4,4,UNDER,OVER
2250421,away,2026-04-28,Chris Paddack,676083,676083,Janson Junk,OTHER_PITCHER,2.46,4.5,4.0,-1.54,4,4,UNDER,UNDER
2250421,home,2026-04-28,Yoshinobu Yamamoto,660271,660271,Shohei Ohtani,OTHER_PITCHER,6.09,6.5,9.0,-2.91,9,9,UNDER,OVER
2250422,away,2026-04-29,Drew Rasmussen,656876,656876,Drew Rasmussen,SAME_STARTER,3.71,4.5,6.0,-2.29,6,6,UNDER,OVER
2250422,home,2026-04-29,Gavin Williams,668909,668909,Gavin Williams,SAME_STARTER,4.65,5.5,9.0,-4.35,9,9,UNDER,OVER
2250423,away,2026-04-29,Yusei Kikuchi,579328,579328,Yusei Kikuchi,SAME_STARTER,3.73,5.5,1.0,2.73,1,1,UNDER,UNDER
2250423,home,2026-04-29,Erick Fedde,607200,607200,Erick Fedde,SAME_STARTER,2.52,3.5,6.0,-3.48,6,6,UNDER,OVER
2250424,away,2026-04-29,George Kirby,669923,669923,George Kirby,SAME_STARTER,6.44,5.5,5.0,1.4400000000000004,5,5,OVER,UNDER
2250424,home,2026-04-29,Bailey Ober,671737,671737,Taj Bradley,OTHER_PITCHER,3.16,4.5,7.0,-3.84,7,7,UNDER,OVER
2250425,away,2026-04-29,Elmer Rodriguez,695684,695684,Elmer Rodríguez,SAME_STARTER,2.78,3.5,3.0,-0.2200000000000002,3,3,UNDER,UNDER
2250425,home,2026-04-29,Nathan Eovaldi,543135,543135,Nathan Eovaldi,SAME_STARTER,5.78,5.5,7.0,-1.2199999999999998,7,7,PASS,OVER
2250426,away,2026-04-29,Brayan Bello,678394,678394,Brayan Bello,SAME_STARTER,2.41,3.5,2.0,0.41000000000000014,2,2,UNDER,UNDER
2250426,home,2026-04-29,Kevin Gausman,641778,641778,Eric Lauer,OTHER_PITCHER,4.63,5.5,1.0,3.63,1,1,UNDER,UNDER
2250427,away,2026-04-29,Sandy Alcantara,645261,645261,Sandy Alcantara,SAME_STARTER,3.42,4.5,4.0,-0.5800000000000001,4,4,UNDER,UNDER
2250427,home,2026-04-29,Tyler Glasnow,607192,607192,Tyler Glasnow,SAME_STARTER,4.77,6.5,9.0,-4.23,9,9,UNDER,OVER
2250428,away,2026-04-29,Jameson Taillon,592791,592791,Jameson Taillon,SAME_STARTER,2.57,4.5,6.0,-3.43,6,6,UNDER,OVER
2250428,home,2026-04-29,Matt Waldron,663362,663362,Matt Waldron,SAME_STARTER,1.68,3.5,1.0,0.6799999999999999,1,1,UNDER,UNDER
2250430,away,2026-04-29,Michael Lorenzen,608372,608372,Tomoyuki Sugano,OTHER_PITCHER,3.92,4.5,2.0,1.92,2,2,UNDER,UNDER
2250430,home,2026-04-29,Andrew Abbott,671096,682227,Brandon Williamson,OTHER_PITCHER,3.88,4.5,,,,4,UNDER,
2250431,away,2026-04-29,Hunter Dobbins,669467,669467,Andre Pallante,OTHER_PITCHER,3.21,3.5,6.0,-2.79,6,6,PASS,OVER
2250431,home,2026-04-29,Paul Skenes,696149,696149,Bubba Chandler,OTHER_PITCHER,6.65,6.5,6.0,0.6500000000000004,6,6,UNDER,UNDER
2250433,away,2026-04-29,Miles Mikolas,676917,676917,Cade Cavalli,OTHER_PITCHER,2.1,3.5,10.0,-7.9,10,10,UNDER,OVER
2250433,home,2026-04-29,Freddy Peralta,656849,656849,David Peterson,OTHER_PITCHER,5.51,5.5,5.0,0.5099999999999998,5,5,UNDER,UNDER
2250434,away,2026-04-29,Framber Valdez,669373,669373,Tarik Skubal,OTHER_PITCHER,5.14,4.5,7.0,-1.8600000000000003,7,7,OVER,OVER
2250434,home,2026-04-29,Bryce Elder,693821,702275,JR Ritchie,OTHER_PITCHER,4.18,4.5,,,,4,UNDER,
2250435,away,2026-04-29,Noah Cameron,608379,608379,Michael Wacha,OTHER_PITCHER,4.09,4.5,5.0,-0.9100000000000001,5,5,UNDER,OVER
2250435,home,2026-04-29,Jeffrey Springs,622663,622663,Luis Severino,OTHER_PITCHER,2.85,4.5,8.0,-5.15,8,8,PASS,OVER
2250436,away,2026-04-30,Jack Flaherty,664285,664285,Framber Valdez,OTHER_PITCHER,5.21,5.5,8.0,-2.79,8,8,PASS,OVER
2250436,home,2026-04-30,Grant Holmes,693821,693821,Bryce Elder,OTHER_PITCHER,4.66,4.5,5.0,-0.33999999999999986,5,5,PASS,OVER
2250437,away,2026-04-30,Lance McCullers,621121,663567,Peter Lambert,OTHER_PITCHER,3.87,4.5,3.0,0.8700000000000001,3,3,PASS,UNDER
2250437,home,2026-04-30,Cade Povich,605135,605135,Chris Bassitt,OTHER_PITCHER,4.31,5.5,7.0,-2.6900000000000004,7,7,UNDER,OVER
2250438,away,2026-04-30,Matthew Liberatore,690928,690928,Hunter Dobbins,OTHER_PITCHER,3.96,3.5,4.0,-0.040000000000000036,4,4,PASS,OVER
2250438,home,2026-04-30,Mitch Keller,694973,694973,Paul Skenes,OTHER_PITCHER,3.59,4.5,9.0,-5.41,9,9,UNDER,OVER
2250439,away,2026-04-30,Jose Quintana,547179,547179,Michael Lorenzen,OTHER_PITCHER,2.38,2.5,5.0,-2.62,5,5,PASS,OVER
2250439,home,2026-04-30,Brady Singer,671096,671096,Andrew Abbott,OTHER_PITCHER,4.42,4.5,5.0,-0.5800000000000001,5,5,UNDER,OVER
2250440,away,2026-04-30,Robbie Ray,657277,657277,Logan Webb,OTHER_PITCHER,4.68,5.5,6.0,-1.3200000000000003,6,6,UNDER,OVER
2250440,home,2026-04-30,Zack Wheeler,650911,650911,Cristopher Sánchez,OTHER_PITCHER,8.13,6.5,7.0,1.1300000000000008,7,7,PASS,OVER
2250441,away,2026-04-30,Jake Irvin,571945,571945,Miles Mikolas,OTHER_PITCHER,2.55,4.5,3.0,-0.4500000000000002,3,3,UNDER,UNDER
2250441,home,2026-04-30,Christian Scott,642547,642547,Freddy Peralta,OTHER_PITCHER,2.79,4.5,6.0,-3.21,6,6,UNDER,OVER
2250442,away,2026-04-30,Cole Ragans,702070,702070,Noah Cameron,OTHER_PITCHER,10.27,6.5,5.0,5.27,5,5,PASS,UNDER
2250442,home,2026-04-30,J.T. Ginn,605488,605488,Jeffrey Springs,OTHER_PITCHER,4.5,3.5,4.0,0.5,4,4,OVER,OVER
2250443,away,2026-04-30,Patrick Corbin,592332,592332,Kevin Gausman,OTHER_PITCHER,3.75,3.5,2.0,1.75,2,2,PASS,UNDER
2250443,home,2026-04-30,Simeon Woods Richardson,641927,641927,Bailey Ober,OTHER_PITCHER,3.38,3.5,2.0,1.38,2,2,UNDER,UNDER
2250444,away,2026-05-01,MacKenzie Gore,669022,669022,MacKenzie Gore,SAME_STARTER,5.08,5.5,3.0,2.08,3,3,OVER,UNDER
2250444,home,2026-05-01,Jack Flaherty,656427,656427,Jack Flaherty,SAME_STARTER,4.95,5.5,4.0,0.9500000000000002,4,4,UNDER,UNDER
2250445,away,2026-05-01,Brady Singer,663903,663903,Brady Singer,SAME_STARTER,3.95,4.5,1.0,2.95,1,1,UNDER,UNDER
2250445,home,2026-05-01,Mitch Keller,656605,656605,Mitch Keller,SAME_STARTER,3.9,4.5,6.0,-2.1,6,6,UNDER,OVER
2250446,away,2026-05-01,Jacob Misiorowski,694819,694819,Jacob Misiorowski,SAME_STARTER,5.77,6.5,8.0,-2.2300000000000004,8,8,UNDER,OVER
2250446,home,2026-05-01,Jake Irvin,663623,663623,Jake Irvin,SAME_STARTER,2.51,4.5,5.0,-2.49,5,5,UNDER,OVER
2250447,away,2026-05-01,Cade Povich,700249,700249,Cade Povich,SAME_STARTER,4.76,4.5,4.0,0.7599999999999998,4,4,PASS,UNDER
2250447,home,2026-05-01,Will Warren,701542,701542,Will Warren,SAME_STARTER,4.73,5.5,9.0,-4.27,9,9,UNDER,OVER
2250448,away,2026-05-01,Mike Burrows,681347,681347,Mike Burrows,SAME_STARTER,4.8,5.5,3.0,1.7999999999999998,3,3,UNDER,UNDER
2250448,home,2026-05-01,Jake Bennett,687562,687562,Jake Bennett,SAME_STARTER,2.75,3.5,3.0,-0.25,3,3,UNDER,UNDER
2250449,away,2026-05-01,Robbie Ray,592662,592662,Robbie Ray,SAME_STARTER,4.76,5.5,5.0,-0.2400000000000002,5,5,UNDER,UNDER
2250449,home,2026-05-01,Shane McClanahan,663556,663556,Shane McClanahan,SAME_STARTER,2.94,5.5,5.0,-2.06,5,5,UNDER,UNDER
2250450,away,2026-05-01,Zack Wheeler,554430,554430,Zack Wheeler,SAME_STARTER,7.17,6.5,8.0,-0.8300000000000001,8,8,PASS,OVER
2250450,home,2026-05-01,Eury Perez,691587,691587,Eury Pérez,SAME_STARTER,4.8,5.5,6.0,-1.2000000000000002,6,6,UNDER,OVER
2250451,away,2026-05-01,Patrick Corbin,571578,571578,Patrick Corbin,SAME_STARTER,3.75,3.5,4.0,-0.25,4,4,PASS,OVER
2250451,home,2026-05-01,Simeon Woods Richardson,680573,680573,Simeon Woods Richardson,SAME_STARTER,3.38,3.5,2.0,1.38,2,2,UNDER,UNDER
2250452,away,2026-05-01,Emmet Sheehan,686218,686218,Emmet Sheehan,SAME_STARTER,6.36,5.5,8.0,-1.6399999999999997,8,8,OVER,OVER
2250452,home,2026-05-01,Matthew Liberatore,669461,669461,Matthew Liberatore,SAME_STARTER,3.37,3.5,4.0,-0.6299999999999999,4,4,PASS,OVER
2250453,away,2026-05-01,Grant Holmes,656550,656550,Grant Holmes,SAME_STARTER,4.92,4.5,4.0,0.9199999999999999,4,4,PASS,UNDER
2250453,home,2026-05-01,Jose Quintana,500779,500779,Jose Quintana,SAME_STARTER,2.3,2.5,3.0,-0.7000000000000002,3,3,UNDER,OVER
2250454,away,2026-05-01,Christian Scott,681035,681035,Christian Scott,SAME_STARTER,3.56,4.5,8.0,-4.4399999999999995,8,8,UNDER,OVER
2250454,home,2026-05-01,Walbert Urena,700712,700712,Walbert Ureña,SAME_STARTER,2.79,4.5,4.0,-1.21,4,4,UNDER,UNDER
2250455,away,2026-05-01,Joey Cantillo,676282,676282,Joey Cantillo,SAME_STARTER,5.62,5.5,2.0,3.62,2,2,OVER,UNDER
2250455,home,2026-05-01,J.T. Ginn,669372,669372,J.T. Ginn,SAME_STARTER,5.23,3.5,4.0,1.2300000000000004,4,4,OVER,OVER
2250456,away,2026-05-01,Noah Schultz,702273,702273,Noah Schultz,SAME_STARTER,2.53,4.5,2.0,0.5299999999999998,2,2,UNDER,UNDER
2250456,home,2026-05-01,German Marquez,608566,608566,Germán Márquez,SAME_STARTER,1.94,3.5,2.0,-0.06000000000000005,2,2,UNDER,UNDER
2250457,away,2026-05-01,Cole Ragans,666142,666142,Cole Ragans,SAME_STARTER,10.44,6.5,8.0,2.4399999999999995,8,8,PASS,OVER
2250457,home,2026-05-01,Bryan Woo,693433,693433,Bryan Woo,SAME_STARTER,5.14,5.5,2.0,3.1399999999999997,2,2,PASS,UNDER
2250458,away,2026-05-02,Kyle Bradish,680694,680694,Kyle Bradish,SAME_STARTER,9.24,5.5,4.0,5.24,4,4,OVER,UNDER
2250458,home,2026-05-02,Ryan Weathers,677960,677960,Ryan Weathers,SAME_STARTER,,6.5,5.0,,5,5,,
2250459,away,2026-05-02,Dylan Cease,656302,656302,Dylan Cease,SAME_STARTER,,6.5,7.0,,7,7,,
2250459,home,2026-05-02,Connor Prielipp,687570,687570,Connor Prielipp,SAME_STARTER,,4.5,4.0,,4,4,,
2250460,away,2026-05-02,Slade Cecconi,677944,677944,Slade Cecconi,SAME_STARTER,,4.5,3.0,,3,3,,
2250460,home,2026-05-02,Jacob Lopez,682052,682052,Jacob Lopez,SAME_STARTER,,4.5,5.0,,5,5,,
2250461,away,2026-05-02,Rhett Lowder,695076,695076,Rhett Lowder,SAME_STARTER,,4.5,1.0,,1,1,,
2250461,home,2026-05-02,Carmen Mlodzinski,669387,669387,Carmen Mlodzinski,SAME_STARTER,,4.5,10.0,,10,10,,
2250462,away,2026-05-02,Kyle Harrison,690986,690986,Kyle Harrison,SAME_STARTER,,5.5,5.0,,5,5,,
2250462,home,2026-05-02,Foster Griffin,656492,656492,Foster Griffin,SAME_STARTER,,4.5,3.0,,3,3,,
2250463,away,2026-05-02,Spencer Arrighetti,681293,681293,Spencer Arrighetti,SAME_STARTER,,5.5,4.0,,4,4,,
2250463,home,2026-05-02,Connelly Early,813349,813349,Connelly Early,SAME_STARTER,,4.5,3.0,,3,3,,
2250464,away,2026-05-02,Andrew Painter,691725,691725,Andrew Painter,SAME_STARTER,,4.5,7.0,,7,7,,
2250464,home,2026-05-02,Max Meyer,676974,676974,Max Meyer,SAME_STARTER,,4.5,7.0,,7,7,,
2250465,away,2026-05-02,Landen Roupp,694738,694738,Landen Roupp,SAME_STARTER,,4.5,6.0,,6,6,,
2250465,home,2026-05-02,Griffin Jax,643377,643377,Griffin Jax,SAME_STARTER,,2.5,2.0,,2,2,,
2250466,away,2026-05-02,Roki Sasaki,808963,808963,Roki Sasaki,SAME_STARTER,,4.5,4.0,,4,4,,
2250466,home,2026-05-02,Michael McGreevy,700241,700241,Michael McGreevy,SAME_STARTER,,3.5,3.0,,3,3,,
2250467,away,2026-05-02,Kumar Rocker,677958,677958,Kumar Rocker,SAME_STARTER,,4.5,2.0,,2,2,,
2250467,home,2026-05-02,Keider Montero,672456,672456,Keider Montero,SAME_STARTER,,4.5,2.0,,2,2,,
2250468,away,2026-05-02,Chris Sale,519242,519242,Chris Sale,SAME_STARTER,,7.5,11.0,,11,11,,
2250468,home,2026-05-02,,,657514,Brennan Bernardino,NO_LIVE_ROW,,,,,,1,,
2250469,away,2026-05-02,Sean Burke,680732,680732,Sean Burke,SAME_STARTER,,3.5,8.0,,8,8,,
2250469,home,2026-05-02,Michael King,650633,650633,Michael King,SAME_STARTER,,5.5,5.0,,5,5,,
2250470,away,2026-05-02,Nolan McLean,690997,690997,Nolan McLean,SAME_STARTER,,7.5,6.0,,6,6,,
2250470,home,2026-05-02,Reid Detmers,672282,672282,Reid Detmers,SAME_STARTER,,6.5,8.0,,8,8,,
2250471,away,2026-05-02,Seth Lugo,607625,607625,Seth Lugo,SAME_STARTER,,5.5,6.0,,6,6,,
2250471,home,2026-05-02,Emerson Hancock,676106,676106,Emerson Hancock,SAME_STARTER,,4.5,14.0,,14,14,,
2250472,away,2026-05-03,Trey Yesavage,702056,702056,Trey Yesavage,SAME_STARTER,6.18,4.5,6.0,0.17999999999999972,6,6,OVER,OVER
2250472,home,2026-05-03,Joe Ryan,657746,657746,Joe Ryan,SAME_STARTER,4.65,5.5,1.0,3.6500000000000004,1,1,UNDER,UNDER
2250473,away,2026-05-03,,,675989,Cody Bolton,NO_LIVE_ROW,,,,,,3,,
2250473,home,2026-05-03,Ranger Suarez,624133,624133,Ranger Suarez,SAME_STARTER,4.64,4.5,3.0,1.6399999999999997,3,3,UNDER,UNDER
2250474,away,2026-05-03,Chase Burns,695505,695505,Chase Burns,SAME_STARTER,9.81,6.5,7.0,2.8100000000000005,7,7,PASS,OVER
2250474,home,2026-05-03,Braxton Ashcraft,677952,677952,Braxton Ashcraft,SAME_STARTER,5.35,5.5,6.0,-0.6500000000000004,6,6,UNDER,OVER
2250475,away,2026-05-03,,,694346,Trey Gibson,NO_LIVE_ROW,,,,,,2,,
2250475,home,2026-05-03,Max Fried,608331,608331,Max Fried,SAME_STARTER,5.53,5.5,6.0,-0.46999999999999975,6,6,UNDER,OVER
2250476,away,2026-05-03,Logan Henderson,694477,701656,Logan Henderson,SAME_STARTER,6.43,4.5,8.0,-1.5700000000000003,8,8,OVER,OVER
2250476,home,2026-05-03,Zack Littell,641793,676571,PJ Poulin,OTHER_PITCHER,2.72,3.5,2.0,0.7200000000000002,2,2,PASS,UNDER
2250477,away,2026-05-03,Tyler Mahle,641816,641816,Tyler Mahle,SAME_STARTER,3.11,4.5,5.0,-1.8900000000000001,5,5,UNDER,OVER
2250477,home,2026-05-03,Steven Matz,571927,571927,Steven Matz,SAME_STARTER,4.62,4.5,1.0,3.62,1,1,PASS,UNDER
2250478,away,2026-05-03,Jesus Luzardo,666200,666200,Jesús Luzardo,SAME_STARTER,5.9,6.5,10.0,-4.1,10,10,UNDER,OVER
2250478,home,2026-05-03,Chris Paddack,663978,663978,Chris Paddack,SAME_STARTER,2.31,3.5,1.0,1.31,1,1,UNDER,UNDER
2250479,away,2026-05-03,Justin Wrobleski,680736,680736,Justin Wrobleski,SAME_STARTER,6.22,3.5,0.0,6.22,0,0,OVER,UNDER
2250479,home,2026-05-03,Dustin May,669160,669160,Dustin May,SAME_STARTER,3.61,4.5,3.0,0.6099999999999999,3,3,UNDER,UNDER
2250480,away,2026-05-03,Spencer Strider,675911,675911,Spencer Strider,SAME_STARTER,4.74,5.5,6.0,-1.2599999999999998,6,6,UNDER,OVER
2250480,home,2026-05-03,Kyle Freeland,607536,607536,Kyle Freeland,SAME_STARTER,3.18,3.5,7.0,-3.82,7,7,PASS,OVER
2250481,away,2026-05-03,Parker Messick,800048,800048,Parker Messick,SAME_STARTER,5.85,5.5,6.0,-0.15000000000000036,6,6,PASS,OVER
2250481,home,2026-05-03,Aaron Civale,650644,650644,Aaron Civale,SAME_STARTER,3.33,3.5,3.0,0.33000000000000007,3,3,UNDER,UNDER
2250482,away,2026-05-03,Clay Holmes,605280,605280,Clay Holmes,SAME_STARTER,3.8,4.5,6.0,-2.2,6,6,UNDER,OVER
2250482,home,2026-05-03,Jack Kochanowicz,686799,686799,Jack Kochanowicz,SAME_STARTER,1.95,3.5,6.0,-4.05,6,6,UNDER,OVER
2250483,away,2026-05-03,Kris Bubic,663460,663460,Kris Bubic,SAME_STARTER,4.97,5.5,7.0,-2.0300000000000002,7,7,UNDER,OVER
2250483,home,2026-05-03,Luis Castillo,622491,622491,Luis Castillo,SAME_STARTER,3.35,4.5,5.0,-1.65,5,5,UNDER,OVER
2250484,away,2026-05-03,,,641743,Anthony Kay,NO_LIVE_ROW,,,,,,5,,
2250484,home,2026-05-03,Griffin Canning,656288,656288,Griffin Canning,SAME_STARTER,3.9,4.5,7.0,-3.1,7,7,UNDER,OVER
2250485,away,2026-05-03,Jack Leiter,683004,683004,Jack Leiter,SAME_STARTER,4.12,5.5,10.0,-5.88,10,10,UNDER,OVER
2250485,home,2026-05-03,,,663947,Tyler Holton,NO_LIVE_ROW,,,,,,1,,
2250486,away,2026-05-04,,,801139,Payton Tolle,NO_LIVE_ROW,,,,,,8,,
2250486,home,2026-05-04,,,663947,Tyler Holton,NO_LIVE_ROW,,,,,,1,,
2250487,away,2026-05-04,,,641778,Eric Lauer,NO_LIVE_ROW,,,,,,2,,
2250487,home,2026-05-04,,,607259,Nick Martinez,NO_LIVE_ROW,,,,,,4,,
2250488,away,2026-05-04,,,605400,Aaron Nola,NO_LIVE_ROW,,,,,,5,,
2250488,home,2026-05-04,,,676083,Janson Junk,NO_LIVE_ROW,,,,,,6,,
2250489,away,2026-05-04,,,669358,Shane Baz,NO_LIVE_ROW,,,,,,4,,
2250489,home,2026-05-04,,,693645,Cam Schlittler,NO_LIVE_ROW,,,,,,4,,
2250490,away,2026-05-04,,,695534,Chase Petty,NO_LIVE_ROW,,,,,,1,,
2250490,home,2026-05-04,,,665795,Edward Cabrera,NO_LIVE_ROW,,,,,,8,,
2250491,away,2026-05-04,,,676440,Tanner Bibee,NO_LIVE_ROW,,,,,,4,,
2250491,home,2026-05-04,,,608379,Michael Wacha,NO_LIVE_ROW,,,,,,3,,
2250492,away,2026-05-04,,,694477,Chad Patrick,NO_LIVE_ROW,,,,,,4,,
2250492,home,2026-05-04,,,681517,Kyle Leahy,NO_LIVE_ROW,,,,,,5,,
2250493,away,2026-05-04,,,808967,Yoshinobu Yamamoto,NO_LIVE_ROW,,,,,,8,,
2250493,home,2026-05-04,Peter Lambert,663567,595345,Steven Okert,OTHER_PITCHER,,4.5,,,,1,,
2250494,away,2026-05-04,,,623211,Huascar Brazobán,NO_LIVE_ROW,,,,,,0,,
2250494,home,2026-05-04,,,608372,Tomoyuki Sugano,NO_LIVE_ROW,,,,,,1,,
2250495,away,2026-05-04,,,663436,Davis Martin,NO_LIVE_ROW,,,,,,10,,
2250495,home,2026-05-04,,,667755,José Soriano,NO_LIVE_ROW,,,,,,5,,
2250496,away,2026-05-04,,,702275,JR Ritchie,NO_LIVE_ROW,,,,,,2,,
2250496,home,2026-05-04,,,669302,Logan Gilbert,NO_LIVE_ROW,,,,,,4,,
2250497,away,2026-05-04,,,681190,Randy Vásquez,NO_LIVE_ROW,,,,,,2,,
2250497,home,2026-05-04,,,686790,Trevor McDonald,NO_LIVE_ROW,,,,,,8,,
2250498,away,2026-05-05,Brayan Bello,678394,663558,Jovani Morán,OTHER_PITCHER,3.09,3.5,,,,3,UNDER,
2250498,home,2026-05-05,Framber Valdez,664285,664285,Framber Valdez,SAME_STARTER,5.38,5.5,3.0,2.38,3,3,OVER,UNDER
2250499,away,2026-05-05,Kevin Gausman,592332,592332,Kevin Gausman,SAME_STARTER,4.54,5.5,3.0,1.54,3,3,UNDER,UNDER
2250499,home,2026-05-05,Drew Rasmussen,656876,656876,Drew Rasmussen,SAME_STARTER,3.19,4.5,5.0,-1.81,5,5,UNDER,OVER
2250500,away,2026-05-05,Luis Severino,622663,622663,Luis Severino,SAME_STARTER,2.7,4.5,3.0,-0.2999999999999998,3,3,UNDER,UNDER
2250500,home,2026-05-05,Cristopher Sanchez,650911,650911,Cristopher Sánchez,SAME_STARTER,6.62,6.5,10.0,-3.38,10,10,PASS,OVER
2250501,away,2026-05-05,Chris Bassitt,605135,605135,Chris Bassitt,SAME_STARTER,3.86,4.5,3.0,0.8599999999999999,3,3,UNDER,UNDER
2250501,home,2026-05-05,Sandy Alcantara,645261,645261,Sandy Alcantara,SAME_STARTER,3.7,5.5,5.0,-1.2999999999999998,5,5,UNDER,UNDER
2250502,away,2026-05-05,Taj Bradley,671737,671737,Taj Bradley,SAME_STARTER,3.71,5.5,8.0,-4.29,8,8,UNDER,OVER
2250502,home,2026-05-05,Cade Cavalli,676917,676917,Cade Cavalli,SAME_STARTER,3.56,4.5,2.0,1.56,2,2,UNDER,UNDER
2250503,away,2026-05-05,Jacob deGrom,594798,594798,Jacob deGrom,SAME_STARTER,5.96,6.5,7.0,-1.04,7,7,UNDER,OVER
2250503,home,2026-05-05,Elmer Rodriguez,695684,695684,Elmer Rodríguez,SAME_STARTER,2.78,3.5,2.0,0.7799999999999998,2,2,UNDER,UNDER
2250504,away,2026-05-05,Andrew Abbott,671096,671096,Andrew Abbott,SAME_STARTER,3.46,3.5,4.0,-0.54,4,4,PASS,OVER
2250504,home,2026-05-05,Jameson Taillon,592791,592791,Jameson Taillon,SAME_STARTER,3.11,5.5,5.0,-1.8900000000000001,5,5,UNDER,UNDER
2250505,away,2026-05-05,Gavin Williams,668909,668909,Gavin Williams,SAME_STARTER,3.97,5.5,7.0,-3.03,7,7,UNDER,OVER
2250505,home,2026-05-05,Stephen Kolek,702070,663568,Stephen Kolek,SAME_STARTER,2.78,2.5,,,,3,PASS,
2250506,away,2026-07-07,Brandon Sproat,687075,694819,Jacob Misiorowski,OTHER_PITCHER,3.6,4.5,,,,11,UNDER,
2250506,home,2026-07-07,Andre Pallante,669467,694335,Matt Svanson,OTHER_PITCHER,2.68,3.5,,,,1,UNDER,
2250507,away,2026-05-05,Shohei Ohtani,660271,660271,Shohei Ohtani,SAME_STARTER,7.3,6.5,8.0,-0.7000000000000002,8,8,UNDER,OVER
2250507,home,2026-05-05,Peter Lambert,663567,663567,Peter Lambert,SAME_STARTER,2.9,4.5,4.0,-1.1,4,4,UNDER,UNDER
2250508,away,2026-05-07,Freddy Peralta,642547,681035,Christian Scott,OTHER_PITCHER,6.66,6.5,,,,6,PASS,
2250508,home,2026-05-07,Michael Lorenzen,547179,500779,Jose Quintana,OTHER_PITCHER,3.57,3.5,,,,2,PASS,
2250509,away,2026-05-05,Erick Fedde,607200,607200,Erick Fedde,SAME_STARTER,2.52,4.5,2.0,0.52,2,2,UNDER,UNDER
2250509,home,2026-05-05,Sam Aldegheri,691951,691951,Sam Aldegheri,SAME_STARTER,2.63,4.5,0.0,2.63,0,0,UNDER,UNDER
2250510,away,2026-05-05,Bryce Elder,693821,693821,Bryce Elder,SAME_STARTER,3.95,4.5,9.0,-5.05,9,9,UNDER,OVER
2250510,home,2026-05-05,George Kirby,669923,669923,George Kirby,SAME_STARTER,6.44,5.5,5.0,1.4400000000000004,5,5,OVER,UNDER
2250511,away,2026-05-05,Walker Buehler,621111,621111,Walker Buehler,SAME_STARTER,2.4,3.5,5.0,-2.6,5,5,UNDER,OVER
2250511,home,2026-05-05,Logan Webb,657277,657277,Logan Webb,SAME_STARTER,5.54,5.5,4.0,1.54,4,4,UNDER,UNDER
2250512,away,2026-05-06,,,571578,Patrick Corbin,NO_LIVE_ROW,,,,,,1,,
2250512,home,2026-05-06,,,663556,Shane McClanahan,NO_LIVE_ROW,,,,,,4,,
2250513,away,2026-05-06,,,687075,Brandon Sproat,NO_LIVE_ROW,,,,,,5,,
2250513,home,2026-05-06,,,669467,Andre Pallante,NO_LIVE_ROW,,,,,,3,,
2250514,away,2026-05-06,,,607192,Tyler Glasnow,NO_LIVE_ROW,,,,,,2,,
2250514,home,2026-05-06,,,621121,Lance McCullers Jr.,NO_LIVE_ROW,,,,,,4,,
2250515,away,2026-05-06,,,642547,Freddy Peralta,NO_LIVE_ROW,,,,,,1,,
2250515,home,2026-05-06,,,547179,Michael Lorenzen,NO_LIVE_ROW,,,,,,2,,
2250516,away,2026-05-06,,,699134,Bradgley Rodriguez,NO_LIVE_ROW,,,,,,0,,
2250516,home,2026-05-06,,,605288,Adrian Houser,NO_LIVE_ROW,,,,,,3,,
2250517,away,2026-05-06,,,702273,Noah Schultz,NO_LIVE_ROW,,,,,,3,,
2250517,home,2026-05-06,,,700712,Walbert Ureña,NO_LIVE_ROW,,,,,,5,,
2250518,away,2026-05-06,,,527048,Martín Pérez,NO_LIVE_ROW,,,,,,5,,
2250518,home,2026-05-06,,,693433,Bryan Woo,NO_LIVE_ROW,,,,,,9,,
2250519,away,2026-05-06,,,543243,Sonny Gray,NO_LIVE_ROW,,,,,,2,,
2250519,home,2026-05-06,,,656427,Jack Flaherty,NO_LIVE_ROW,,,,,,10,,
2250520,away,2026-05-06,,,605488,Jeffrey Springs,NO_LIVE_ROW,,,,,,4,,
2250520,home,2026-05-06,,,554430,Zack Wheeler,NO_LIVE_ROW,,,,,,4,,
2250521,away,2026-05-06,,,687064,Brandon Young,NO_LIVE_ROW,,,,,,5,,
2250521,home,2026-05-06,,,691587,Eury Pérez,NO_LIVE_ROW,,,,,,6,,
2250522,away,2026-05-06,,,641927,Bailey Ober,NO_LIVE_ROW,,,,,,3,,
2250522,home,2026-05-06,,,571945,Miles Mikolas,NO_LIVE_ROW,,,,,,3,,
2250523,away,2026-05-06,,,543135,Nathan Eovaldi,NO_LIVE_ROW,,,,,,8,,
2250523,home,2026-05-06,,,701542,Will Warren,NO_LIVE_ROW,,,,,,7,,
2250524,away,2026-05-06,,,663903,Brady Singer,NO_LIVE_ROW,,,,,,6,,
2250524,home,2026-05-06,,,607067,Colin Rea,NO_LIVE_ROW,,,,,,5,,
2250525,away,2026-05-06,,,676282,Joey Cantillo,NO_LIVE_ROW,,,,,,1,,
2250525,home,2026-05-06,,,666142,Cole Ragans,NO_LIVE_ROW,,,,,,4,,
2250526,away,2026-05-07,,,669022,MacKenzie Gore,NO_LIVE_ROW,,,,,,3,,
2250526,home,2026-05-07,,,621112,Paul Blackburn,NO_LIVE_ROW,,,,,,0,,
2250527,away,2026-05-07,,,680573,Simeon Woods Richardson,NO_LIVE_ROW,,,,,,2,,
2250527,home,2026-05-07,,,663623,Jake Irvin,NO_LIVE_ROW,,,,,,2,,
2250528,away,2026-05-07,,,677944,Slade Cecconi,NO_LIVE_ROW,,,,,,3,,
2250528,home,2026-05-07,,,607625,Seth Lugo,NO_LIVE_ROW,,,,,,5,,
2250529,away,2026-05-07,,,695076,Rhett Lowder,NO_LIVE_ROW,,,,,,1,,
2250529,home,2026-05-07,,,684007,Shota Imanaga,NO_LIVE_ROW,,,,,,10,,
2250530,away,2026-05-07,,,669372,J.T. Ginn,NO_LIVE_ROW,,,,,,8,,
2250530,home,2026-05-07,,,691725,Andrew Painter,NO_LIVE_ROW,,,,,,2,,
2250531,away,2026-05-07,,,700249,Cade Povich,NO_LIVE_ROW,,,,,,1,,
2250531,home,2026-05-07,,,676974,Max Meyer,NO_LIVE_ROW,,,,,,5,,
2250532,away,2026-05-07,,,643377,Griffin Jax,NO_LIVE_ROW,,,,,,3,,
2250532,home,2026-05-07,,,687562,Jake Bennett,NO_LIVE_ROW,,,,,,1,,
2250533,away,2026-05-07,,,669461,Matthew Liberatore,NO_LIVE_ROW,,,,,,6,,
2250533,home,2026-05-07,,,650633,Michael King,NO_LIVE_ROW,,,,,,6,,
2250534,away,2026-05-08,Spencer Arrighetti,681347,681347,Mike Burrows,OTHER_PITCHER,3.2,5.5,6.0,-2.8,6,6,UNDER,OVER
2250534,home,2026-05-08,Chase Burns,666157,666157,Nick Lodolo,OTHER_PITCHER,8.96,6.5,2.0,6.960000000000001,2,2,PASS,UNDER
2250535,away,2026-05-08,Kyle Freeland,801403,801403,Chase Dollander,OTHER_PITCHER,3.42,4.5,5.0,-1.58,5,5,UNDER,OVER
2250535,home,2026-05-08,Aaron Nola,666200,666200,Jesús Luzardo,OTHER_PITCHER,5.55,5.5,6.0,-0.4500000000000002,6,6,OVER,OVER
2250536,away,2026-05-08,Aaron Civale,682052,682052,Jacob Lopez,OTHER_PITCHER,3.6,4.5,5.0,-1.4,5,5,UNDER,OVER
2250536,home,2026-05-08,Shane Baz,680694,680694,Kyle Bradish,OTHER_PITCHER,4.85,5.5,10.0,-5.15,10,10,UNDER,OVER
2250537,away,2026-05-08,Jack Kochanowicz,672282,672282,Reid Detmers,OTHER_PITCHER,1.74,3.5,3.0,-1.26,3,3,UNDER,UNDER
2250537,home,2026-05-08,Trey Yesavage,656302,656302,Dylan Cease,OTHER_PITCHER,7.51,5.5,10.0,-2.49,10,10,OVER,OVER
2250538,away,2026-05-08,Nick Martinez,669947,669947,Jesse Scholtens,OTHER_PITCHER,2.87,3.5,4.0,-1.13,4,4,PASS,OVER
2250538,home,2026-05-08,Payton Tolle,813349,813349,Connelly Early,OTHER_PITCHER,5.5,4.5,8.0,-2.5,8,8,OVER,OVER
2250539,away,2026-05-08,Zack Littell,641793,656492,Foster Griffin,OTHER_PITCHER,2.57,3.5,9.0,-6.43,9,9,UNDER,OVER
2250539,home,2026-05-08,Janson Junk,676083,702281,Robby Snelling,OTHER_PITCHER,2.84,4.5,2.0,0.8399999999999999,2,2,UNDER,UNDER
2250540,away,2026-05-08,Joe Ryan,657746,687570,Connor Prielipp,OTHER_PITCHER,5.41,4.5,6.0,-0.5899999999999999,6,6,OVER,OVER
2250540,home,2026-05-08,Tanner Bibee,800048,800048,Parker Messick,OTHER_PITCHER,3.71,5.5,7.0,-3.29,7,7,UNDER,OVER
2250541,away,2026-05-08,Ty Madden,672456,672456,Keider Montero,OTHER_PITCHER,2.49,3.5,4.0,-1.5099999999999998,4,4,UNDER,OVER
2250541,home,2026-05-08,Michael Wacha,663460,663460,Kris Bubic,OTHER_PITCHER,3.06,4.5,5.0,-1.94,5,5,UNDER,OVER
2250542,away,2026-05-08,Luis Castillo,676106,676106,Emerson Hancock,OTHER_PITCHER,4.01,5.5,4.0,0.009999999999999787,4,4,UNDER,UNDER
2250542,home,2026-05-08,Sean Burke,680732,680732,Sean Burke,SAME_STARTER,4.11,4.5,4.0,0.11000000000000032,4,4,PASS,UNDER
2250543,away,2026-05-08,Cam Schlittler,608331,608331,Max Fried,OTHER_PITCHER,5.08,5.5,5.0,0.08000000000000007,5,5,PASS,UNDER
2250543,home,2026-05-08,Kyle Harrison,694819,694819,Jacob Misiorowski,OTHER_PITCHER,5.09,5.5,11.0,-5.91,11,11,OVER,OVER
2250544,away,2026-05-08,Edward Cabrera,676962,676962,Ben Brown,OTHER_PITCHER,5.19,5.5,3.0,2.1900000000000004,3,3,PASS,UNDER
2250544,home,2026-05-08,Jack Leiter,677958,677958,Kumar Rocker,OTHER_PITCHER,3.49,5.5,3.0,0.4900000000000002,3,3,UNDER,UNDER
2250545,away,2026-05-08,Dustin May,700241,700241,Michael McGreevy,OTHER_PITCHER,3.15,4.5,9.0,-5.85,9,9,UNDER,OVER
2250545,home,2026-05-08,Randy Vasquez,656288,656288,Griffin Canning,OTHER_PITCHER,2.0,3.5,5.0,-3.0,5,5,UNDER,OVER
2250546,away,2026-05-08,Spencer Strider,519242,519242,Chris Sale,OTHER_PITCHER,4.08,5.5,7.0,-2.92,7,7,UNDER,OVER
2250546,home,2026-05-08,Blake Snell,686218,686218,Emmet Sheehan,OTHER_PITCHER,6.97,4.5,7.0,-0.03000000000000025,7,7,OVER,OVER
2250547,away,2026-05-08,Braxton Ashcraft,669387,669387,Carmen Mlodzinski,OTHER_PITCHER,5.15,4.5,1.0,4.15,1,1,PASS,UNDER
2250547,home,2026-05-08,Landen Roupp,592662,592662,Robbie Ray,OTHER_PITCHER,4.4,5.5,7.0,-2.5999999999999996,7,7,UNDER,OVER
2250548,away,2026-05-09,Jack Kochanowicz,686799,686799,Jack Kochanowicz,SAME_STARTER,1.74,3.5,0.0,1.74,0,0,UNDER,UNDER
2250548,home,2026-05-09,Trey Yesavage,702056,702056,Trey Yesavage,SAME_STARTER,7.51,5.5,6.0,1.5099999999999998,6,6,OVER,OVER
2250549,away,2026-05-09,Luis Severino,650644,650644,Aaron Civale,OTHER_PITCHER,3.6,4.5,6.0,-2.4,6,6,UNDER,OVER
2250549,home,2026-05-09,Chris Bassitt,669358,669358,Shane Baz,OTHER_PITCHER,4.85,3.5,5.0,-0.15000000000000036,5,5,OVER,OVER
2250550,away,2026-05-09,Spencer Arrighetti,681293,681293,Spencer Arrighetti,SAME_STARTER,3.2,5.5,5.0,-1.7999999999999998,5,5,UNDER,UNDER
2250550,home,2026-05-09,Chase Burns,695505,695505,Chase Burns,SAME_STARTER,8.96,6.5,2.0,6.960000000000001,2,2,PASS,UNDER
2250551,away,2026-07-17,Mason Englert,607259,643377,Griffin Jax,OTHER_PITCHER,3.96,3.5,6.0,-2.04,6,6,OVER,OVER
2250551,home,2026-07-17,Patrick Sandoval,801139,687562,Jake Bennett,OTHER_PITCHER,3.52,3.5,3.0,0.52,3,3,UNDER,UNDER
2250552,away,2026-05-09,Cade Cavalli,641793,663992,Richard Lovelady,OTHER_PITCHER,2.57,4.5,,,,3,UNDER,
2250552,home,2026-05-09,Sandy Alcantara,676083,676083,Janson Junk,OTHER_PITCHER,2.84,4.5,6.0,-3.16,6,6,UNDER,OVER
2250553,away,2026-05-09,Tomoyuki Sugano,607536,607536,Kyle Freeland,OTHER_PITCHER,3.42,3.5,4.0,-0.5800000000000001,4,4,UNDER,OVER
2250553,home,2026-05-09,Aaron Nola,605400,605400,Aaron Nola,SAME_STARTER,5.55,6.5,4.0,1.5499999999999998,4,4,PASS,UNDER
2250554,away,2026-05-09,Joe Ryan,657746,657746,Joe Ryan,SAME_STARTER,5.41,4.5,5.0,0.41000000000000014,5,5,PASS,OVER
2250554,home,2026-05-09,Tanner Bibee,676440,676440,Tanner Bibee,SAME_STARTER,3.71,5.5,9.0,-5.29,9,9,UNDER,OVER
2250555,away,2026-05-09,Edward Cabrera,665795,665795,Edward Cabrera,SAME_STARTER,5.19,5.5,6.0,-0.8099999999999996,6,6,PASS,OVER
2250555,home,2026-05-09,Jack Leiter,683004,683004,Jack Leiter,SAME_STARTER,3.49,5.5,6.0,-2.51,6,6,UNDER,OVER
2250556,away,2026-05-09,Burch Smith,572143,572143,Burch Smith,SAME_STARTER,2.49,1.5,0.0,2.49,0,0,OVER,UNDER
2250556,home,2026-05-09,Michael Wacha,608379,608379,Michael Wacha,SAME_STARTER,3.06,4.5,6.0,-2.94,6,6,UNDER,OVER
2250557,away,2026-05-09,Luis Castillo,622491,622491,Luis Castillo,SAME_STARTER,4.01,5.5,6.0,-1.9900000000000002,6,6,UNDER,OVER
2250557,home,2026-05-09,Anthony Kay,641743,641743,Anthony Kay,SAME_STARTER,3.01,3.5,5.0,-1.9900000000000002,5,5,UNDER,OVER
2250558,away,2026-05-09,Cam Schlittler,693645,693645,Cam Schlittler,SAME_STARTER,5.08,5.5,6.0,-0.9199999999999999,6,6,OVER,OVER
2250558,home,2026-05-09,Kyle Harrison,690986,690986,Kyle Harrison,SAME_STARTER,5.09,5.5,6.0,-0.9100000000000001,6,6,UNDER,OVER
2250559,away,2026-05-09,Dustin May,669160,669160,Dustin May,SAME_STARTER,3.15,4.5,7.0,-3.85,7,7,PASS,OVER
2250559,home,2026-05-09,Randy Vasquez,681190,681190,Randy Vásquez,SAME_STARTER,2.0,3.5,6.0,-4.0,6,6,UNDER,OVER
2250560,away,2026-05-09,Braxton Ashcraft,677952,677952,Braxton Ashcraft,SAME_STARTER,5.15,4.5,6.0,-0.8499999999999996,6,6,OVER,OVER
2250560,home,2026-05-09,Landen Roupp,694738,694738,Landen Roupp,SAME_STARTER,4.4,5.5,8.0,-3.5999999999999996,8,8,UNDER,OVER
2250561,away,2026-05-09,Spencer Strider,675911,675911,Spencer Strider,SAME_STARTER,4.08,5.5,8.0,-3.92,8,8,OVER,OVER
2250561,home,2026-05-09,Blake Snell,605483,605483,Blake Snell,SAME_STARTER,6.97,5.5,5.0,1.9699999999999998,5,5,OVER,UNDER
2250562,away,2026-05-10,Cade Cavalli,676917,676917,Cade Cavalli,SAME_STARTER,3.27,4.5,4.0,-0.73,4,4,UNDER,UNDER
2250562,home,2026-05-10,Sandy Alcantara,645261,645261,Sandy Alcantara,SAME_STARTER,2.35,4.5,3.0,-0.6499999999999999,3,3,UNDER,UNDER
2250563,away,2026-05-10,Luis Severino,622663,622663,Luis Severino,SAME_STARTER,3.55,4.5,4.0,-0.4500000000000002,4,4,UNDER,UNDER
2250563,home,2026-05-10,Brandon Young,605135,669211,Keegan Akin,OTHER_PITCHER,1.69,4.5,2.0,-0.31000000000000005,2,2,UNDER,UNDER
2250564,away,2026-05-10,Drew Rasmussen,607259,607259,Nick Martinez,OTHER_PITCHER,4.33,4.5,3.0,1.33,3,3,UNDER,UNDER
2250564,home,2026-05-10,Payton Tolle,801139,801139,Payton Tolle,SAME_STARTER,3.28,5.5,4.0,-0.7200000000000002,4,4,UNDER,UNDER
2250565,away,2026-05-10,Tomoyuki Sugano,608372,608372,Tomoyuki Sugano,SAME_STARTER,1.5,3.5,2.0,-0.5,2,2,UNDER,UNDER
2250565,home,2026-05-10,Cristopher Sanchez,650911,650911,Cristopher Sánchez,SAME_STARTER,9.41,7.5,7.0,2.41,7,7,PASS,UNDER
2250566,away,2026-05-10,Jose Soriano,667755,667755,José Soriano,SAME_STARTER,4.47,5.5,7.0,-2.5300000000000002,7,7,UNDER,OVER
2250566,home,2026-05-10,Kevin Gausman,641778,693686,Spencer Miles,OTHER_PITCHER,4.33,5.5,2.0,2.33,2,2,UNDER,UNDER
2250567,away,2026-05-10,Peter Lambert,678906,678906,Kai-Wei Teng,OTHER_PITCHER,4.03,4.5,1.0,3.0300000000000002,1,1,UNDER,UNDER
2250567,home,2026-05-10,Andrew Abbott,671096,671096,Andrew Abbott,SAME_STARTER,2.21,4.5,5.0,-2.79,5,5,UNDER,OVER
2250568,away,2026-05-10,,,702193,Andrew Morris,NO_LIVE_ROW,,,,,,0,,
2250568,home,2026-05-10,Joey Cantillo,668909,668909,Gavin Williams,OTHER_PITCHER,2.9,4.5,6.0,-3.1,6,6,UNDER,OVER
2250569,away,2026-05-10,George Kirby,669302,669302,Logan Gilbert,OTHER_PITCHER,3.72,5.5,9.0,-5.279999999999999,9,9,UNDER,OVER
2250569,home,2026-05-10,Davis Martin,663436,663436,Davis Martin,SAME_STARTER,5.86,4.5,9.0,-3.1399999999999997,9,9,OVER,OVER
2250570,away,2026-05-10,Ryan Weathers,607074,607074,Carlos Rodón,OTHER_PITCHER,6.1,5.5,4.0,2.0999999999999996,4,4,PASS,UNDER
2250570,home,2026-05-10,Logan Henderson,701656,701656,Logan Henderson,SAME_STARTER,5.87,5.5,5.0,0.8700000000000001,5,5,OVER,UNDER
2250571,away,2026-05-10,Jameson Taillon,592791,592791,Jameson Taillon,SAME_STARTER,3.0,4.5,4.0,-1.0,4,4,UNDER,UNDER
2250571,home,2026-05-10,Nathan Eovaldi,594798,594798,Jacob deGrom,OTHER_PITCHER,4.07,5.5,10.0,-5.93,10,10,UNDER,OVER
2250572,away,2026-05-10,Bubba Chandler,696149,696149,Bubba Chandler,SAME_STARTER,1.83,4.5,3.0,-1.17,3,3,UNDER,UNDER
2250572,home,2026-05-10,Trevor McDonald,641816,641816,Tyler Mahle,OTHER_PITCHER,6.55,4.5,8.0,-1.4500000000000002,8,8,OVER,OVER
2250573,away,2026-05-10,Kyle Leahy,681517,681517,Kyle Leahy,SAME_STARTER,2.39,3.5,5.0,-2.61,5,5,UNDER,OVER
2250573,home,2026-05-10,Walker Buehler,621111,621111,Walker Buehler,SAME_STARTER,2.95,4.5,2.0,0.9500000000000002,2,2,UNDER,UNDER
2250574,away,2026-05-10,Bryce Elder,693821,693821,Bryce Elder,SAME_STARTER,3.8,4.5,8.0,-4.2,8,8,UNDER,OVER
2250574,home,2026-05-10,Roki Sasaki,680736,680736,Justin Wrobleski,OTHER_PITCHER,1.87,3.5,7.0,-5.13,7,7,UNDER,OVER
2250575,away,2026-05-10,Brenan Hanifee,669724,669724,Brenan Hanifee,SAME_STARTER,0.0,0.5,0.0,0.0,0,0,UNDER,UNDER
2250575,home,2026-05-10,Noah Cameron,702070,702070,Noah Cameron,SAME_STARTER,3.7,4.5,4.0,-0.2999999999999998,4,4,UNDER,UNDER
2250576,away,2026-05-11,Walbert Urena,700712,608718,Brent Suter,OTHER_PITCHER,3.05,3.5,1.0,2.05,1,1,UNDER,UNDER
2250576,home,2026-05-11,Slade Cecconi,676282,676282,Joey Cantillo,OTHER_PITCHER,2.57,4.5,4.0,-1.4300000000000002,4,4,UNDER,UNDER
2250577,away,2026-05-11,Will Warren,677960,677960,Ryan Weathers,OTHER_PITCHER,6.41,5.5,9.0,-2.59,9,9,PASS,OVER
2250577,home,2026-05-11,Brandon Young,687064,687064,Brandon Young,SAME_STARTER,2.11,4.5,5.0,-2.89,5,5,UNDER,OVER
2250578,away,2026-05-11,Shane McClanahan,656876,656876,Drew Rasmussen,OTHER_PITCHER,2.94,4.5,6.0,-3.06,6,6,UNDER,OVER
2250578,home,2026-05-11,Patrick Corbin,592332,592332,Kevin Gausman,OTHER_PITCHER,1.73,3.5,5.0,-3.27,5,5,UNDER,OVER
2250579,away,2026-05-11,Bryan Woo,669923,669923,George Kirby,OTHER_PITCHER,2.74,5.5,7.0,-4.26,7,7,UNDER,OVER
2250579,home,2026-05-11,Peter Lambert,663567,663567,Peter Lambert,SAME_STARTER,4.66,4.5,6.0,-1.3399999999999999,6,6,PASS,OVER
2250580,away,2026-05-11,Adrian Houser,686790,686790,Trevor McDonald,OTHER_PITCHER,1.5,3.5,4.0,-2.5,4,4,UNDER,OVER
2250580,home,2026-05-11,Yoshinobu Yamamoto,808963,808963,Roki Sasaki,OTHER_PITCHER,3.52,6.5,5.0,-1.48,5,5,UNDER,UNDER
2250581,away,2026-05-12,Reid Detmers,672282,700712,Walbert Ureña,OTHER_PITCHER,3.32,5.5,4.0,-0.6800000000000002,4,4,UNDER,UNDER
2250581,home,2026-05-12,Parker Messick,677944,677944,Slade Cecconi,OTHER_PITCHER,7.13,6.5,7.0,0.1299999999999999,7,7,PASS,OVER
2250582,away,2026-05-12,Max Fried,701542,701542,Will Warren,OTHER_PITCHER,4.56,5.5,6.0,-1.4400000000000004,6,6,UNDER,OVER
2250582,home,2026-05-12,Kyle Bradish,680694,669432,Trevor Rogers,OTHER_PITCHER,3.96,5.5,3.0,0.96,3,3,UNDER,UNDER
2250583,away,2026-05-12,Jake Irvin,571945,571945,Miles Mikolas,OTHER_PITCHER,3.75,4.5,2.0,1.75,2,2,UNDER,UNDER
2250583,home,2026-05-12,Nick Lodolo,663903,663903,Brady Singer,OTHER_PITCHER,2.29,5.5,2.0,0.29000000000000004,2,2,PASS,UNDER
2250584,away,2026-05-12,Jose Quintana,547179,547179,Michael Lorenzen,OTHER_PITCHER,1.31,3.5,5.0,-3.69,5,5,UNDER,OVER
2250584,home,2026-05-12,Mitch Keller,694973,694973,Paul Skenes,OTHER_PITCHER,3.49,4.5,10.0,-6.51,10,10,UNDER,OVER
2250585,away,2026-05-12,Andrew Painter,554430,554430,Zack Wheeler,OTHER_PITCHER,2.96,4.5,4.0,-1.04,4,4,UNDER,UNDER
2250585,home,2026-05-12,Sonny Gray,543243,663558,Jovani Morán,OTHER_PITCHER,1.26,4.5,2.0,-0.74,2,2,UNDER,UNDER
2250586,away,2026-05-12,Griffin Jax,643377,663556,Shane McClanahan,OTHER_PITCHER,2.8,4.5,7.0,-4.2,7,7,UNDER,OVER
2250586,home,2026-05-12,Dylan Cease,571578,571578,Patrick Corbin,OTHER_PITCHER,6.17,6.5,1.0,5.17,1,1,PASS,UNDER
2250587,away,2026-05-12,Framber Valdez,656427,656427,Jack Flaherty,OTHER_PITCHER,2.73,4.5,2.0,0.73,2,2,UNDER,UNDER
2250587,home,2026-05-12,Christian Scott,642547,642547,Freddy Peralta,OTHER_PITCHER,3.22,4.5,7.0,-3.78,7,7,UNDER,OVER
2250588,away,2026-05-12,Shota Imanaga,607067,607067,Colin Rea,OTHER_PITCHER,4.2,5.5,1.0,3.2,1,1,UNDER,UNDER
2250588,home,2026-05-12,JR Ritchie,656550,656550,Grant Holmes,OTHER_PITCHER,2.03,3.5,5.0,-2.97,5,5,UNDER,OVER
2250589,away,2026-05-12,Seth Lugo,663568,663568,Stephen Kolek,OTHER_PITCHER,4.48,5.5,6.0,-1.5199999999999996,6,6,UNDER,OVER
2250589,home,2026-05-12,Noah Schultz,607200,607200,Erick Fedde,OTHER_PITCHER,2.4,4.5,2.0,0.3999999999999999,2,2,UNDER,UNDER
2250590,away,2026-05-12,Max Meyer,691587,691587,Eury Pérez,OTHER_PITCHER,4.44,5.5,8.0,-3.5599999999999996,8,8,UNDER,OVER
2250590,home,2026-05-12,Simeon Woods Richardson,641927,641927,Bailey Ober,OTHER_PITCHER,1.06,3.5,7.0,-5.9399999999999995,7,7,UNDER,OVER
2250591,away,2026-05-12,Michael King,663362,699134,Bradgley Rodriguez,OTHER_PITCHER,3.52,5.5,1.0,2.52,1,1,UNDER,UNDER
2250591,home,2026-05-12,Jacob Misiorowski,687075,687075,Brandon Sproat,OTHER_PITCHER,6.93,7.5,6.0,0.9299999999999997,6,6,UNDER,UNDER
2250592,away,2026-05-12,Bryce Miller,693433,693433,Bryan Woo,OTHER_PITCHER,2.38,4.5,9.0,-6.62,9,9,UNDER,OVER
2250592,home,2026-05-12,Lance McCullers,621121,837227,Tatsuya Imai,OTHER_PITCHER,3.64,5.5,3.0,0.6400000000000001,3,3,UNDER,UNDER
2250593,away,2026-05-12,Matthew Liberatore,669467,669467,Andre Pallante,OTHER_PITCHER,2.12,4.5,4.0,-1.88,4,4,UNDER,UNDER
2250593,home,2026-05-12,J.T. Ginn,605488,605488,Jeffrey Springs,OTHER_PITCHER,2.8,4.5,5.0,-2.2,5,5,UNDER,OVER
2250594,away,2026-05-12,Robbie Ray,605288,605288,Adrian Houser,OTHER_PITCHER,3.47,5.5,4.0,-0.5299999999999998,4,4,UNDER,UNDER
2250594,home,2026-05-12,Yoshinobu Yamamoto,808967,808967,Yoshinobu Yamamoto,SAME_STARTER,3.83,6.5,8.0,-4.17,8,8,UNDER,OVER
2250595,away,2026-05-13,Reid Detmers,672282,672282,Reid Detmers,SAME_STARTER,3.54,5.5,6.0,-2.46,6,6,UNDER,OVER
2250595,home,2026-05-13,Parker Messick,800048,800048,Parker Messick,SAME_STARTER,7.27,6.5,7.0,0.2699999999999996,7,7,PASS,OVER
2250596,away,2026-05-13,Max Fried,608331,608331,Max Fried,SAME_STARTER,4.56,5.5,2.0,2.5599999999999996,2,2,UNDER,UNDER
2250596,home,2026-05-13,Kyle Bradish,680694,680694,Kyle Bradish,SAME_STARTER,4.33,5.5,7.0,-2.67,7,7,UNDER,OVER
2250597,away,2026-05-13,Foster Griffin,663623,663623,Jake Irvin,OTHER_PITCHER,4.53,4.5,4.0,0.5300000000000002,4,4,OVER,UNDER
2250597,home,2026-05-13,Chase Burns,666157,666157,Nick Lodolo,OTHER_PITCHER,3.45,6.5,6.0,-2.55,6,6,UNDER,UNDER
2250598,away,2026-05-13,Chase Dollander,500779,500779,Jose Quintana,OTHER_PITCHER,3.55,5.5,2.0,1.5499999999999998,2,2,UNDER,UNDER
2250598,home,2026-05-13,Mitch Keller,656605,656605,Mitch Keller,SAME_STARTER,3.29,4.5,3.0,0.29000000000000004,3,3,UNDER,UNDER
2250599,away,2026-05-13,Jesus Luzardo,666200,691725,Andrew Painter,OTHER_PITCHER,6.36,6.5,4.0,2.3600000000000003,4,4,PASS,UNDER
2250599,home,2026-05-13,Ranger Suarez,543243,543243,Sonny Gray,OTHER_PITCHER,3.57,4.5,6.0,-2.43,6,6,UNDER,OVER
2250600,away,2026-05-13,Griffin Jax,643377,643377,Griffin Jax,SAME_STARTER,2.22,3.5,1.0,1.2200000000000002,1,1,UNDER,UNDER
2250600,home,2026-05-13,Dylan Cease,656302,656302,Dylan Cease,SAME_STARTER,7.01,6.5,9.0,-1.9900000000000002,9,9,UNDER,OVER
2250601,away,2026-05-13,Keider Montero,664285,664285,Framber Valdez,OTHER_PITCHER,2.02,3.5,7.0,-4.98,7,7,UNDER,OVER
2250601,home,2026-05-13,Nolan McLean,690997,681035,Christian Scott,OTHER_PITCHER,6.9,6.5,5.0,1.9000000000000004,5,5,PASS,UNDER
2250602,away,2026-05-13,Shota Imanaga,684007,684007,Shota Imanaga,SAME_STARTER,4.17,5.5,6.0,-1.83,6,6,UNDER,OVER
2250602,home,2026-05-13,Chris Sale,519242,702275,JR Ritchie,OTHER_PITCHER,6.56,6.5,4.0,2.5599999999999996,4,4,UNDER,UNDER
2250603,away,2026-05-13,Kris Bubic,607625,607625,Seth Lugo,OTHER_PITCHER,4.0,5.5,4.0,0.0,4,4,UNDER,UNDER
2250603,home,2026-05-13,Noah Schultz,702273,702273,Noah Schultz,SAME_STARTER,2.59,4.5,3.0,-0.41000000000000014,3,3,UNDER,UNDER
2250604,away,2026-05-13,Max Meyer,676974,676974,Max Meyer,SAME_STARTER,4.98,5.5,9.0,-4.02,9,9,UNDER,OVER
2250604,home,2026-05-13,Zebby Matthews,680573,680573,Simeon Woods Richardson,OTHER_PITCHER,3.49,4.5,1.0,2.49,1,1,UNDER,UNDER
2250605,away,2026-05-13,Griffin Canning,650633,650633,Michael King,OTHER_PITCHER,4.18,4.5,5.0,-0.8200000000000003,5,5,UNDER,OVER
2250605,home,2026-05-13,Kyle Harrison,694819,694819,Jacob Misiorowski,OTHER_PITCHER,5.21,5.5,10.0,-4.79,10,10,UNDER,OVER
2250606,away,2026-05-13,Luis Castillo,682243,682243,Bryce Miller,OTHER_PITCHER,3.16,5.0,3.0,0.16000000000000014,3,3,UNDER,UNDER
2250606,home,2026-05-13,Mike Burrows,621121,621121,Lance McCullers Jr.,OTHER_PITCHER,4.08,5.5,6.0,-1.92,6,6,UNDER,OVER
2250607,away,2026-05-13,Michael McGreevy,669461,669461,Matthew Liberatore,OTHER_PITCHER,2.99,4.5,5.0,-2.01,5,5,UNDER,OVER
2250607,home,2026-05-13,Jacob Lopez,669372,669372,J.T. Ginn,OTHER_PITCHER,1.54,4.5,3.0,-1.46,3,3,UNDER,UNDER
2250608,away,2026-05-13,Landen Roupp,592662,592662,Robbie Ray,OTHER_PITCHER,4.6,5.5,2.0,2.5999999999999996,2,2,UNDER,UNDER
2250608,home,2026-05-13,Emmet Sheehan,660271,660271,Shohei Ohtani,OTHER_PITCHER,5.26,5.5,8.0,-2.74,8,8,UNDER,OVER
2250609,away,2026-05-14,Kyle Freeland,801403,801403,Chase Dollander,OTHER_PITCHER,3.73,3.5,0.0,3.73,0,0,OVER,UNDER
2250609,home,2026-05-14,Braxton Ashcraft,677952,682254,Mason Montgomery,OTHER_PITCHER,4.15,5.5,3.0,1.1500000000000004,3,3,UNDER,UNDER
2250610,away,2026-05-14,Zack Littell,641793,656492,Foster Griffin,OTHER_PITCHER,1.79,3.5,7.0,-5.21,7,7,UNDER,OVER
2250610,home,2026-05-14,Andrew Abbott,695505,695505,Chase Burns,OTHER_PITCHER,2.51,4.5,7.0,-4.49,7,7,UNDER,OVER
2250611,away,2026-05-14,Ty Madden,672456,672456,Keider Montero,OTHER_PITCHER,2.94,4.5,2.0,0.94,2,2,UNDER,UNDER
2250611,home,2026-05-14,Clay Holmes,690997,690997,Nolan McLean,OTHER_PITCHER,3.13,4.5,7.0,-3.87,7,7,UNDER,OVER
2250612,away,2026-05-14,Janson Junk,676083,666129,Braxton Garrett,OTHER_PITCHER,2.98,3.5,3.0,-0.020000000000000018,3,3,UNDER,UNDER
2250612,home,2026-05-14,Joe Ryan,805673,805673,Zebby Matthews,OTHER_PITCHER,3.76,5.5,5.0,-1.2400000000000002,5,5,UNDER,UNDER
2250613,away,2026-05-14,Randy Vasquez,656288,656288,Griffin Canning,OTHER_PITCHER,3.1,4.5,2.0,1.1,2,2,UNDER,UNDER
2250613,home,2026-05-14,Kyle Harrison,690986,690986,Kyle Harrison,SAME_STARTER,5.74,5.5,7.0,-1.2599999999999998,7,7,PASS,OVER
2250614,away,2026-05-14,Emerson Hancock,622491,622491,Luis Castillo,OTHER_PITCHER,4.4,4.5,6.0,-1.5999999999999996,6,6,OVER,OVER
2250614,home,2026-05-14,Spencer Arrighetti,681347,681347,Mike Burrows,OTHER_PITCHER,3.58,5.5,4.0,-0.41999999999999993,4,4,UNDER,UNDER
2250615,away,2026-05-14,Dustin May,700241,700241,Michael McGreevy,OTHER_PITCHER,2.51,4.5,3.0,-0.4900000000000002,3,3,UNDER,UNDER
2250615,home,2026-05-14,Jacob Lopez,682052,682052,Jacob Lopez,SAME_STARTER,1.41,4.5,2.0,-0.5900000000000001,2,2,UNDER,UNDER
2250616,away,2026-05-14,Aaron Nola,666200,666200,Jesús Luzardo,OTHER_PITCHER,4.68,5.5,4.0,0.6799999999999997,4,4,PASS,UNDER
2250616,home,2026-05-14,Connelly Early,624133,624133,Ranger Suarez,OTHER_PITCHER,2.9,4.5,8.0,-5.1,8,8,UNDER,OVER
2250617,away,2026-05-14,Edward Cabrera,676962,676962,Ben Brown,OTHER_PITCHER,4.15,5.5,7.0,-2.8499999999999996,7,7,UNDER,OVER
2250617,home,2026-05-14,Spencer Strider,519242,519242,Chris Sale,OTHER_PITCHER,4.02,6.5,8.0,-3.9800000000000004,8,8,UNDER,OVER
2250618,away,2026-05-14,Michael Wacha,663460,663460,Kris Bubic,OTHER_PITCHER,3.2,4.5,4.0,-0.7999999999999998,4,4,UNDER,UNDER
2250618,home,2026-05-14,Sean Burke,680732,641743,Anthony Kay,OTHER_PITCHER,2.48,4.5,4.0,-1.52,4,4,UNDER,UNDER
2250619,away,2026-05-14,Landen Roupp,694738,694738,Landen Roupp,SAME_STARTER,4.74,5.5,7.0,-2.26,7,7,UNDER,OVER
2250619,home,2026-05-14,Blake Snell,686218,686218,Emmet Sheehan,OTHER_PITCHER,6.33,6.5,6.0,0.33000000000000007,6,6,PASS,UNDER
2250620,away,2026-05-15,Cristopher Sanchez,605400,605400,Aaron Nola,OTHER_PITCHER,8.06,6.5,2.0,6.0600000000000005,2,2,PASS,UNDER
2250620,home,2026-05-15,Bubba Chandler,677952,677952,Braxton Ashcraft,OTHER_PITCHER,1.95,4.5,5.0,-3.05,5,5,UNDER,OVER
2250621,away,2026-05-15,Chris Bassitt,669358,669358,Shane Baz,OTHER_PITCHER,1.81,4.5,4.0,-2.19,4,4,UNDER,UNDER
2250621,home,2026-05-15,Cade Cavalli,641793,641793,Zack Littell,OTHER_PITCHER,3.6,4.5,3.0,0.6000000000000001,3,3,UNDER,UNDER
2250622,away,2026-05-15,Trey Yesavage,702056,702056,Trey Yesavage,SAME_STARTER,3.27,5.5,6.0,-2.73,6,6,UNDER,OVER
2250622,home,2026-05-15,Casey Mize,663554,669724,Brenan Hanifee,OTHER_PITCHER,3.6,4.5,1.0,2.6,1,1,UNDER,UNDER
2250623,away,2026-05-15,Chris Paddack,671096,671096,Andrew Abbott,OTHER_PITCHER,2.48,3.5,2.0,0.48,2,2,UNDER,UNDER
2250623,home,2026-05-15,Joey Cantillo,676440,676440,Tanner Bibee,OTHER_PITCHER,3.38,4.5,2.0,1.38,2,2,UNDER,UNDER
2250624,away,2026-05-15,Sandy Alcantara,676083,676083,Janson Junk,OTHER_PITCHER,2.17,4.5,4.0,-1.83,4,4,UNDER,UNDER
2250624,home,2026-05-15,Nick Martinez,669947,693855,Ian Seymour,OTHER_PITCHER,2.31,4.5,2.0,0.31000000000000005,2,2,UNDER,UNDER
2250625,away,2026-05-15,Payton Tolle,813349,813349,Connelly Early,OTHER_PITCHER,3.2,4.5,6.0,-2.8,6,6,UNDER,OVER
2250625,home,2026-05-15,Bryce Elder,675911,675911,Spencer Strider,OTHER_PITCHER,3.82,5.5,4.0,-0.18000000000000016,4,4,UNDER,UNDER
2250626,away,2026-05-15,Carlos Rodon,693645,693645,Cam Schlittler,OTHER_PITCHER,3.57,5.5,9.0,-5.43,9,9,UNDER,OVER
2250626,home,2026-05-15,Clay Holmes,605280,605280,Clay Holmes,SAME_STARTER,3.85,4.5,8.0,-4.15,8,8,UNDER,OVER
2250627,away,2026-05-15,Jameson Taillon,665795,665795,Edward Cabrera,OTHER_PITCHER,3.53,4.5,2.0,1.5299999999999998,2,2,UNDER,UNDER
2250627,home,2026-05-15,Davis Martin,680732,680732,Sean Burke,OTHER_PITCHER,4.48,4.5,5.0,-0.5199999999999996,5,5,UNDER,OVER
2250628,away,2026-05-15,Jacob deGrom,683004,683004,Jack Leiter,OTHER_PITCHER,5.84,7.5,6.0,-0.16000000000000014,6,6,UNDER,UNDER
2250628,home,2026-05-15,Spencer Arrighetti,681293,681293,Spencer Arrighetti,SAME_STARTER,2.8,5.5,5.0,-2.2,5,5,UNDER,UNDER
2250629,away,2026-05-15,Logan Henderson,701656,689441,Coleman Crow,OTHER_PITCHER,5.47,5.5,3.0,2.4699999999999998,3,3,UNDER,UNDER
2250629,home,2026-05-15,Connor Prielipp,657746,657746,Joe Ryan,OTHER_PITCHER,3.08,4.5,7.0,-3.92,7,7,UNDER,OVER
2250630,away,2026-05-15,Noah Cameron,608379,608379,Michael Wacha,OTHER_PITCHER,2.74,3.5,5.0,-2.26,5,5,UNDER,OVER
2250630,home,2026-05-15,Kyle Leahy,669160,669160,Dustin May,OTHER_PITCHER,2.51,3.5,3.0,-0.4900000000000002,3,3,UNDER,UNDER
2250631,away,2026-05-15,Justin Wrobleski,605483,694361,Will Klein,OTHER_PITCHER,1.82,5.5,2.0,-0.17999999999999994,2,2,UNDER,UNDER
2250631,home,2026-05-15,Jose Soriano,686799,686799,Jack Kochanowicz,OTHER_PITCHER,5.13,5.5,4.0,1.13,4,4,UNDER,UNDER
2250632,away,2026-05-15,Walker Buehler,681190,681190,Randy Vásquez,OTHER_PITCHER,3.18,3.5,3.0,0.18000000000000016,3,3,UNDER,UNDER
2250632,home,2026-05-15,Logan Gilbert,676106,676106,Emerson Hancock,OTHER_PITCHER,4.46,6.5,6.0,-1.54,6,6,UNDER,UNDER
2250633,away,2026-05-15,Trevor McDonald,641816,641816,Tyler Mahle,OTHER_PITCHER,5.46,4.5,6.0,-0.54,6,6,OVER,OVER
2250633,home,2026-05-15,Luis Severino,650644,650644,Aaron Civale,OTHER_PITCHER,2.96,4.5,2.0,0.96,2,2,UNDER,UNDER
2250634,away,2026-05-16,Kevin Gausman,592332,689254,Mason Fluharty,OTHER_PITCHER,3.78,5.5,3.0,0.7799999999999998,3,3,UNDER,UNDER
2250634,home,2026-05-16,Jack Flaherty,663554,663554,Casey Mize,OTHER_PITCHER,2.94,4.5,4.0,-1.06,4,4,UNDER,UNDER
2250635,away,2026-05-16,Stephen Kolek,702070,702070,Noah Cameron,OTHER_PITCHER,3.89,3.5,4.0,-0.10999999999999988,4,4,OVER,OVER
2250635,home,2026-05-16,Andre Pallante,681517,681517,Kyle Leahy,OTHER_PITCHER,2.74,3.5,2.0,0.7400000000000002,2,2,UNDER,UNDER
2250636,away,2026-05-16,Brandon Young,605135,605135,Chris Bassitt,OTHER_PITCHER,1.82,3.5,4.0,-2.1799999999999997,4,4,UNDER,OVER
2250636,home,2026-05-16,Miles Mikolas,676917,676917,Cade Cavalli,OTHER_PITCHER,2.8,3.5,8.0,-5.2,8,8,UNDER,OVER
2250637,away,2026-05-16,Zack Wheeler,650911,650911,Cristopher Sánchez,OTHER_PITCHER,4.54,6.5,13.0,-8.46,13,13,UNDER,OVER
2250637,home,2026-05-16,Paul Skenes,696149,696149,Bubba Chandler,OTHER_PITCHER,5.46,6.5,2.0,3.46,2,2,UNDER,UNDER
2250638,away,2026-05-16,Eury Perez,645261,645261,Sandy Alcantara,OTHER_PITCHER,3.05,5.5,6.0,-2.95,6,6,UNDER,OVER
2250638,home,2026-05-16,Drew Rasmussen,607259,607259,Nick Martinez,OTHER_PITCHER,4.11,5.5,4.0,0.11000000000000032,4,4,UNDER,UNDER
2250639,away,2026-05-16,Brady Singer,663978,663978,Chris Paddack,OTHER_PITCHER,2.02,3.5,3.0,-0.98,3,3,UNDER,UNDER
2250639,home,2026-05-16,Gavin Williams,676282,676282,Joey Cantillo,OTHER_PITCHER,5.28,7.5,4.0,1.2800000000000002,4,4,UNDER,UNDER
2250640,away,2026-05-16,Nathan Eovaldi,594798,594798,Jacob deGrom,OTHER_PITCHER,4.3,5.5,4.0,0.2999999999999998,4,4,UNDER,UNDER
2250640,home,2026-05-16,Peter Lambert,678906,678906,Kai-Wei Teng,OTHER_PITCHER,3.92,4.5,7.0,-3.08,7,7,UNDER,OVER
2250641,away,2026-05-16,Colin Rea,592791,592791,Jameson Taillon,OTHER_PITCHER,4.04,4.5,2.0,2.04,2,2,UNDER,UNDER
2250641,home,2026-05-16,Erick Fedde,663436,663436,Davis Martin,OTHER_PITCHER,2.19,3.5,7.0,-4.8100000000000005,7,7,UNDER,OVER
2250642,away,2026-05-16,Robert Gasser,701656,701656,Logan Henderson,OTHER_PITCHER,2.99,3.5,7.0,-4.01,7,7,UNDER,OVER
2250642,home,2026-05-16,Bailey Ober,641927,687570,Connor Prielipp,OTHER_PITCHER,2.21,4.5,8.0,-5.79,8,8,UNDER,OVER
2250643,away,2026-05-16,Lucas Giolito,621111,621111,Walker Buehler,OTHER_PITCHER,3.55,4.5,6.0,-2.45,6,6,UNDER,OVER
2250643,home,2026-05-16,George Kirby,669302,669302,Logan Gilbert,OTHER_PITCHER,3.97,5.5,5.0,-1.0299999999999998,5,5,UNDER,UNDER
2250644,away,2026-05-16,Brayan Bello,801139,801139,Payton Tolle,OTHER_PITCHER,2.25,4.5,3.0,-0.75,3,3,PASS,UNDER
2250644,home,2026-05-16,Grant Holmes,693821,693821,Bryce Elder,OTHER_PITCHER,2.66,4.5,3.0,-0.33999999999999986,3,3,UNDER,UNDER
2250645,away,2026-05-16,Elmer Rodriguez,607074,607074,Carlos Rodón,OTHER_PITCHER,2.98,3.5,6.0,-3.02,6,6,UNDER,OVER
2250645,home,2026-05-16,Freddy Peralta,642547,623211,Huascar Brazobán,OTHER_PITCHER,4.16,6.5,2.0,2.16,2,2,UNDER,UNDER
2250646,away,2026-05-16,Roki Sasaki,680736,680736,Justin Wrobleski,OTHER_PITCHER,2.4,5.5,5.0,-2.6,5,5,UNDER,UNDER
2250646,home,2026-05-16,Grayson Rodriguez,667755,667755,José Soriano,OTHER_PITCHER,3.48,5.5,6.0,-2.52,6,6,UNDER,OVER
2250647,away,2026-05-16,Adrian Houser,686790,686790,Trevor McDonald,OTHER_PITCHER,1.63,3.5,5.0,-3.37,5,5,UNDER,OVER
2250647,home,2026-05-16,Jeffrey Springs,622663,622663,Luis Severino,OTHER_PITCHER,3.06,4.5,7.0,-3.94,7,7,UNDER,OVER
2250648,away,2026-05-17,Max Meyer,691587,691587,Eury Pérez,OTHER_PITCHER,3.98,4.5,5.0,-1.02,5,5,UNDER,OVER
2250648,home,2026-05-17,Shane McClanahan,656876,656876,Drew Rasmussen,OTHER_PITCHER,3.93,5.5,2.0,1.9300000000000002,2,2,UNDER,UNDER
2250649,away,2026-05-17,Trevor Rogers,687064,687064,Brandon Young,OTHER_PITCHER,3.32,4.5,3.0,0.31999999999999984,3,3,UNDER,UNDER
2250649,home,2026-05-17,Jake Irvin,571945,663992,Richard Lovelady,OTHER_PITCHER,3.94,4.5,1.0,2.94,1,1,UNDER,UNDER
2250650,away,2026-05-17,Andrew Painter,554430,554430,Zack Wheeler,OTHER_PITCHER,2.92,4.5,8.0,-5.08,8,8,UNDER,OVER
2250650,home,2026-05-17,Paul Skenes,694973,694973,Paul Skenes,SAME_STARTER,5.68,6.5,7.0,-1.3200000000000003,7,7,UNDER,OVER
2250651,away,2026-05-17,Sonny Gray,678394,678394,Brayan Bello,OTHER_PITCHER,1.69,4.5,1.0,0.69,1,1,UNDER,UNDER
2250651,home,2026-05-17,JR Ritchie,656550,656550,Grant Holmes,OTHER_PITCHER,2.17,4.5,4.0,-1.83,4,4,UNDER,UNDER
2250652,away,2026-05-17,Nick Lodolo,663903,663903,Brady Singer,OTHER_PITCHER,2.08,5.5,6.0,-3.92,6,6,UNDER,OVER
2250652,home,2026-05-17,Slade Cecconi,668909,668909,Gavin Williams,OTHER_PITCHER,2.67,3.5,7.0,-4.33,7,7,UNDER,OVER
2250653,away,2026-05-17,Patrick Corbin,592332,592332,Kevin Gausman,OTHER_PITCHER,1.85,3.5,5.0,-3.15,5,5,UNDER,OVER
2250653,home,2026-05-17,Framber Valdez,656427,656427,Jack Flaherty,OTHER_PITCHER,2.83,4.5,4.0,-1.17,4,4,UNDER,UNDER
2250654,away,2026-05-17,Ryan Weathers,695684,695684,Elmer Rodríguez,OTHER_PITCHER,6.0,5.5,1.0,5.0,1,1,PASS,UNDER
2250654,home,2026-05-17,Christian Scott,642547,642547,Freddy Peralta,OTHER_PITCHER,3.53,4.5,4.0,-0.4700000000000002,4,4,UNDER,UNDER
2250655,away,2026-05-17,MacKenzie Gore,543135,543135,Nathan Eovaldi,OTHER_PITCHER,3.21,6.5,8.0,-4.79,8,8,UNDER,OVER
2250655,home,2026-05-17,Peter Lambert,663567,663567,Peter Lambert,SAME_STARTER,3.82,4.5,6.0,-2.18,6,6,UNDER,OVER
2250656,away,2026-05-17,Shota Imanaga,607067,607067,Colin Rea,OTHER_PITCHER,5.02,5.5,4.0,1.0199999999999996,4,4,UNDER,UNDER
2250656,home,2026-05-17,Noah Schultz,607200,607200,Erick Fedde,OTHER_PITCHER,2.59,4.5,2.0,0.5899999999999999,2,2,UNDER,UNDER
2250657,away,2026-05-17,Brandon Sproat,688107,688107,Robert Gasser,OTHER_PITCHER,3.65,3.5,3.0,0.6499999999999999,3,3,PASS,UNDER
2250657,home,2026-05-17,Bailey Ober,641927,641927,Bailey Ober,SAME_STARTER,2.01,4.5,1.0,1.0099999999999998,1,1,UNDER,UNDER
2250658,away,2026-05-17,Seth Lugo,663568,663568,Stephen Kolek,OTHER_PITCHER,3.74,4.5,3.0,0.7400000000000002,3,3,OVER,UNDER
2250658,home,2026-05-17,Andre Pallante,669467,669467,Andre Pallante,SAME_STARTER,2.71,3.5,7.0,-4.29,7,7,UNDER,OVER
2250659,away,2026-05-17,Robbie Ray,605288,605288,Adrian Houser,OTHER_PITCHER,3.62,4.5,3.0,0.6200000000000001,3,3,OVER,UNDER
2250659,home,2026-05-17,J.T. Ginn,605488,605488,Jeffrey Springs,OTHER_PITCHER,2.31,5.5,3.0,-0.69,3,3,UNDER,UNDER
2250660,away,2026-05-17,Yoshinobu Yamamoto,808963,808963,Roki Sasaki,OTHER_PITCHER,4.89,6.5,8.0,-3.1100000000000003,8,8,UNDER,OVER
2250660,home,2026-05-17,Walbert Urena,680570,680570,Grayson Rodriguez,OTHER_PITCHER,2.92,4.5,4.0,-1.08,4,4,UNDER,UNDER
2250661,away,2026-05-17,Michael King,608337,608337,Lucas Giolito,OTHER_PITCHER,4.06,5.5,3.0,1.0599999999999996,3,3,UNDER,UNDER
2250661,home,2026-05-17,Bryan Woo,669923,669923,George Kirby,OTHER_PITCHER,3.4,6.5,6.0,-2.6,6,6,UNDER,UNDER
2250662,away,2026-05-18,Parker Messick,677944,677944,Slade Cecconi,OTHER_PITCHER,6.19,5.5,4.0,2.1900000000000004,4,4,PASS,UNDER
2250662,home,2026-05-18,Keider Montero,664285,664285,Framber Valdez,OTHER_PITCHER,1.89,3.5,3.0,-1.11,3,3,UNDER,UNDER
2250663,away,2026-05-18,Kyle Bradish,669432,669432,Trevor Rogers,OTHER_PITCHER,3.2,5.5,3.0,0.20000000000000018,3,3,UNDER,UNDER
2250663,home,2026-05-18,Griffin Jax,663556,663556,Shane McClanahan,OTHER_PITCHER,2.8,4.5,6.0,-3.2,6,6,UNDER,OVER
2250664,away,2026-05-18,Chase Burns,666157,666157,Nick Lodolo,OTHER_PITCHER,3.46,6.5,3.0,0.45999999999999996,3,3,UNDER,UNDER
2250664,home,2026-05-18,Jesus Luzardo,691725,691725,Andrew Painter,OTHER_PITCHER,8.36,6.5,3.0,5.359999999999999,3,3,PASS,UNDER
2250665,away,2026-05-18,Martin Perez,702275,702275,JR Ritchie,OTHER_PITCHER,3.35,3.5,4.0,-0.6499999999999999,4,4,UNDER,OVER
2250665,home,2026-05-18,Braxton Garrett,676974,676974,Max Meyer,OTHER_PITCHER,6.53,4.5,6.0,0.5300000000000002,6,6,OVER,OVER
2250666,away,2026-05-18,Nolan McLean,681035,681035,Christian Scott,OTHER_PITCHER,6.72,6.5,5.0,1.7199999999999998,5,5,UNDER,UNDER
2250666,home,2026-05-18,Foster Griffin,663623,663623,Jake Irvin,OTHER_PITCHER,3.68,5.5,6.0,-2.32,6,6,UNDER,OVER
2250667,away,2026-05-18,Dylan Cease,571578,571578,Patrick Corbin,OTHER_PITCHER,8.25,7.5,3.0,5.25,3,3,PASS,UNDER
2250667,home,2026-05-18,Will Warren,677960,677960,Ryan Weathers,OTHER_PITCHER,4.73,5.5,7.0,-2.2699999999999996,7,7,UNDER,OVER
2250668,away,2026-05-18,Ranger Suarez,543243,543243,Sonny Gray,OTHER_PITCHER,3.48,4.5,9.0,-5.52,9,9,UNDER,OVER
2250668,home,2026-05-18,Bailey Falter,607625,607625,Seth Lugo,OTHER_PITCHER,1.83,1.5,5.0,-3.17,5,5,PASS,OVER
2250669,away,2026-05-18,Lance McCullers,837227,837227,Tatsuya Imai,OTHER_PITCHER,3.41,4.5,5.0,-1.5899999999999999,5,5,UNDER,OVER
2250669,home,2026-05-18,Zebby Matthews,696070,696070,Kendry Rojas,OTHER_PITCHER,2.92,5.5,3.0,-0.08000000000000007,3,3,UNDER,UNDER
2250670,away,2026-05-18,Jacob Misiorowski,687075,687075,Brandon Sproat,OTHER_PITCHER,6.34,7.5,5.0,1.3399999999999999,5,5,PASS,UNDER
2250670,home,2026-05-18,Shota Imanaga,684007,684007,Shota Imanaga,SAME_STARTER,4.52,5.5,2.0,2.5199999999999996,2,2,UNDER,UNDER
2250671,away,2026-05-18,Kumar Rocker,669022,669022,MacKenzie Gore,OTHER_PITCHER,2.24,3.5,2.0,0.2400000000000002,2,2,UNDER,UNDER
2250671,home,2026-05-18,Jose Quintana,500779,500779,Jose Quintana,SAME_STARTER,1.42,3.5,4.0,-2.58,4,4,UNDER,OVER
2250672,away,2026-05-18,Jacob Lopez,669372,669372,J.T. Ginn,OTHER_PITCHER,2.08,5.5,10.0,-7.92,10,10,UNDER,OVER
2250672,home,2026-05-18,Reid Detmers,700712,700712,Walbert Ureña,OTHER_PITCHER,4.63,6.5,4.0,0.6299999999999999,4,4,UNDER,UNDER
2250673,away,2026-05-18,Emmet Sheehan,808967,808967,Yoshinobu Yamamoto,OTHER_PITCHER,5.62,5.5,8.0,-2.38,8,8,UNDER,OVER
2250673,home,2026-05-18,Griffin Canning,650633,650633,Michael King,OTHER_PITCHER,2.99,4.5,9.0,-6.01,9,9,UNDER,OVER
2250674,away,2026-05-18,Noah Schultz,702273,702273,Noah Schultz,SAME_STARTER,2.67,4.5,6.0,-3.33,6,6,UNDER,OVER
2250674,home,2026-05-18,Bryce Miller,693433,693433,Bryan Woo,OTHER_PITCHER,2.66,3.5,8.0,-5.34,8,8,UNDER,OVER
2250675,away,2026-05-19,Martin Perez,527048,527048,Martín Pérez,SAME_STARTER,3.56,3.5,10.0,-6.4399999999999995,10,10,UNDER,OVER
2250675,home,2026-05-19,Braxton Garrett,666129,666129,Braxton Garrett,SAME_STARTER,6.95,4.5,2.0,4.95,2,2,OVER,UNDER
2250676,away,2026-05-19,Parker Messick,800048,800048,Parker Messick,SAME_STARTER,6.19,5.5,6.0,0.1900000000000004,6,6,PASS,OVER
2250676,home,2026-05-19,Keider Montero,672456,672456,Keider Montero,SAME_STARTER,1.89,3.5,1.0,0.8899999999999999,1,1,UNDER,UNDER
2250677,away,2026-05-19,Shane Baz,680694,680694,Kyle Bradish,OTHER_PITCHER,3.3,4.5,6.0,-2.7,6,6,UNDER,OVER
2250677,home,2026-05-19,Griffin Jax,643377,643377,Griffin Jax,SAME_STARTER,2.89,4.5,6.0,-3.11,6,6,UNDER,OVER
2250678,away,2026-05-19,Andrew Abbott,695505,695505,Chase Burns,OTHER_PITCHER,3.56,4.5,9.0,-5.4399999999999995,9,9,UNDER,OVER
2250678,home,2026-05-19,Aaron Nola,666200,666200,Jesús Luzardo,OTHER_PITCHER,7.74,5.5,5.0,2.74,5,5,PASS,UNDER
2250679,away,2026-05-19,Nolan McLean,690997,690997,Nolan McLean,SAME_STARTER,6.4,6.5,5.0,1.4000000000000004,5,5,PASS,UNDER
2250679,home,2026-05-19,Foster Griffin,656492,656492,Foster Griffin,SAME_STARTER,3.68,5.5,5.0,-1.3199999999999998,5,5,UNDER,UNDER
2250680,away,2026-05-19,Dylan Cease,656302,656302,Dylan Cease,SAME_STARTER,8.25,7.5,9.0,-0.75,9,9,PASS,OVER
2250680,home,2026-05-19,Will Warren,701542,701542,Will Warren,SAME_STARTER,4.88,5.5,3.0,1.88,3,3,UNDER,UNDER
2250681,away,2026-05-19,Ranger Suarez,624133,624133,Ranger Suarez,SAME_STARTER,3.71,4.5,3.0,0.71,3,3,UNDER,UNDER
2250681,home,2026-05-19,Bailey Falter,663559,663559,Bailey Falter,SAME_STARTER,1.83,1.5,2.0,-0.16999999999999993,2,2,PASS,OVER
2250682,away,2026-05-19,Mike Burrows,621121,669920,Jason Alexander,OTHER_PITCHER,3.41,4.5,,,,4,UNDER,
2250682,home,2026-05-19,Joe Ryan,805673,805673,Zebby Matthews,OTHER_PITCHER,3.01,6.5,6.0,-2.99,6,6,UNDER,UNDER
2250683,away,2026-05-19,Jacob Misiorowski,694819,694819,Jacob Misiorowski,SAME_STARTER,6.54,7.5,8.0,-1.46,8,8,UNDER,OVER
2250683,home,2026-05-19,,,676962,Ben Brown,NO_LIVE_ROW,,,,,,6,,
2250684,away,2026-05-19,Mitch Keller,656605,656605,Mitch Keller,SAME_STARTER,2.96,4.5,3.0,-0.040000000000000036,3,3,UNDER,UNDER
2250684,home,2026-05-19,Matthew Liberatore,669461,669461,Matthew Liberatore,SAME_STARTER,2.39,4.5,9.0,-6.609999999999999,9,9,UNDER,OVER
2250685,away,2026-05-19,Jack Leiter,677958,641302,Tyler Alexander,OTHER_PITCHER,2.31,5.5,,,,1,UNDER,
2250685,home,2026-05-19,Kyle Freeland,607536,671111,Sammy Peralta,OTHER_PITCHER,,4.5,,,,1,,
2250686,away,2026-05-19,Jacob Lopez,682052,682052,Jacob Lopez,SAME_STARTER,1.93,5.5,2.0,-0.07000000000000006,2,2,UNDER,UNDER
2250686,home,2026-05-19,Reid Detmers,672282,672282,Reid Detmers,SAME_STARTER,4.63,6.5,8.0,-3.37,8,8,UNDER,OVER
2250687,away,2026-05-19,Emmet Sheehan,686218,686218,Emmet Sheehan,SAME_STARTER,5.79,5.5,2.0,3.79,2,2,PASS,UNDER
2250687,home,2026-05-19,Griffin Canning,656288,656288,Griffin Canning,SAME_STARTER,2.99,4.5,5.0,-2.01,5,5,UNDER,OVER
2250688,away,2026-05-19,,,641743,Anthony Kay,NO_LIVE_ROW,,,,,,5,,
2250688,home,2026-05-19,Bryce Miller,682243,682243,Bryce Miller,SAME_STARTER,2.53,3.5,7.0,-4.470000000000001,7,7,PASS,OVER
2250689,away,2026-05-20,Andrew Abbott,671096,671096,Andrew Abbott,SAME_STARTER,2.45,4.5,3.0,-0.5499999999999998,3,3,UNDER,UNDER
2250689,home,2026-05-20,Aaron Nola,605400,605400,Aaron Nola,SAME_STARTER,4.49,5.5,5.0,-0.5099999999999998,5,5,UNDER,UNDER
2250690,away,2026-05-20,Shane Baz,669358,669358,Shane Baz,SAME_STARTER,2.52,4.5,6.0,-3.48,6,6,UNDER,OVER
2250690,home,2026-05-20,Steven Matz,571927,571927,Steven Matz,SAME_STARTER,3.02,4.5,5.0,-1.98,5,5,UNDER,OVER
2250691,away,2026-05-20,Mike Burrows,681347,681347,Mike Burrows,SAME_STARTER,3.65,4.5,2.0,1.65,2,2,UNDER,UNDER
2250691,home,2026-05-20,Joe Ryan,657746,657746,Joe Ryan,SAME_STARTER,4.03,6.5,9.0,-4.97,9,9,UNDER,OVER
2250692,away,2026-05-20,Jack Leiter,683004,683004,Jack Leiter,SAME_STARTER,4.52,5.5,5.0,-0.4800000000000004,5,5,UNDER,UNDER
2250692,home,2026-05-20,Kyle Freeland,607536,607536,Kyle Freeland,SAME_STARTER,4.01,4.5,4.0,0.009999999999999787,4,4,UNDER,UNDER
2250693,away,2026-05-20,Sean Burke,680732,680732,Sean Burke,SAME_STARTER,2.99,5.5,5.0,-2.01,5,5,UNDER,UNDER
2250693,home,2026-05-20,Emerson Hancock,676106,676106,Emerson Hancock,SAME_STARTER,5.28,5.5,4.0,1.2800000000000002,4,4,PASS,UNDER
2250694,away,2026-05-20,Joey Cantillo,676440,676440,Tanner Bibee,OTHER_PITCHER,2.75,4.5,5.0,-2.25,5,5,UNDER,OVER
2250694,home,2026-05-20,Casey Mize,663554,623454,Drew Anderson,OTHER_PITCHER,3.71,4.5,,,,7,UNDER,
2250695,away,2026-05-20,Spencer Strider,519242,519242,Chris Sale,OTHER_PITCHER,4.15,5.5,8.0,-3.8499999999999996,8,8,UNDER,OVER
2250695,home,2026-05-20,Sandy Alcantara,676083,676083,Janson Junk,OTHER_PITCHER,2.46,4.5,3.0,-0.54,3,3,UNDER,UNDER
2250696,away,2026-05-20,David Peterson,656849,804267,Zac Thornton,OTHER_PITCHER,5.14,4.5,,,,3,OVER,
2250696,home,2026-05-20,Cade Cavalli,641793,641793,Zack Littell,OTHER_PITCHER,3.09,4.5,3.0,0.08999999999999986,3,3,UNDER,UNDER
2250697,away,2026-05-20,Trey Yesavage,702056,702056,Trey Yesavage,SAME_STARTER,3.88,5.5,8.0,-4.12,8,8,UNDER,OVER
2250697,home,2026-05-20,Carlos Rodon,693645,693645,Cam Schlittler,OTHER_PITCHER,4.56,5.5,7.0,-2.4400000000000004,7,7,UNDER,OVER
2250698,away,2026-05-20,Connelly Early,813349,813349,Connelly Early,SAME_STARTER,2.91,4.5,5.0,-2.09,5,5,UNDER,OVER
2250698,home,2026-05-20,,,608379,Michael Wacha,NO_LIVE_ROW,,,,,,8,,
2250699,away,2026-05-20,,,690986,Kyle Harrison,NO_LIVE_ROW,,,,,,11,,
2250699,home,2026-05-20,,,665795,Edward Cabrera,NO_LIVE_ROW,,,,,,2,,
2250700,away,2026-05-20,Braxton Ashcraft,677952,669387,Carmen Mlodzinski,OTHER_PITCHER,3.92,5.5,,,,1,UNDER,
2250700,home,2026-05-20,Dustin May,669160,700241,Michael McGreevy,OTHER_PITCHER,2.45,4.5,,,,1,UNDER,
2250701,away,2026-05-20,,,660271,Shohei Ohtani,NO_LIVE_ROW,,,,,,4,,
2250701,home,2026-05-20,,,681190,Randy Vásquez,NO_LIVE_ROW,,,,,,0,,
2250702,away,2026-05-20,Luis Severino,622663,650644,Aaron Civale,OTHER_PITCHER,,5.5,,,,2,,
2250702,home,2026-05-20,Jose Soriano,667755,686799,Jack Kochanowicz,OTHER_PITCHER,,6.5,,,,7,,
2250703,away,2026-05-21,Gavin Williams,676282,676282,Joey Cantillo,OTHER_PITCHER,4.99,6.5,6.0,-1.0099999999999998,6,6,UNDER,UNDER
2250703,home,2026-05-21,Jack Flaherty,663554,663554,Casey Mize,OTHER_PITCHER,3.14,5.5,4.0,-0.8599999999999999,4,4,UNDER,UNDER
2250704,away,2026-05-21,Bubba Chandler,677952,677952,Braxton Ashcraft,OTHER_PITCHER,2.09,3.5,9.0,-6.91,9,9,UNDER,OVER
2250704,home,2026-05-21,Kyle Leahy,669160,669160,Dustin May,OTHER_PITCHER,2.09,4.5,7.0,-4.91,7,7,UNDER,OVER
2250705,away,2026-05-21,Freddy Peralta,656849,656849,David Peterson,OTHER_PITCHER,3.57,5.5,3.0,0.5699999999999998,3,3,UNDER,UNDER
2250705,home,2026-05-21,Miles Mikolas,676917,676917,Cade Cavalli,OTHER_PITCHER,2.78,2.5,9.0,-6.220000000000001,9,9,PASS,OVER
2250706,away,2026-05-21,Bryce Elder,675911,675911,Spencer Strider,OTHER_PITCHER,3.37,4.5,9.0,-5.63,9,9,UNDER,OVER
2250706,home,2026-05-21,Eury Perez,645261,645261,Sandy Alcantara,OTHER_PITCHER,3.06,5.5,3.0,0.06000000000000005,3,3,UNDER,UNDER
2250707,away,2026-05-21,Kevin Gausman,592332,680755,Braydon Fisher,OTHER_PITCHER,4.54,5.5,4.0,0.54,4,4,UNDER,UNDER
2250707,home,2026-05-21,Gerrit Cole,607074,607074,Carlos Rodón,OTHER_PITCHER,2.9,4.5,7.0,-4.1,7,7,UNDER,OVER
2250708,away,2026-05-21,Jeffrey Springs,622663,622663,Luis Severino,OTHER_PITCHER,3.48,4.5,10.0,-6.52,10,10,UNDER,OVER
2250708,home,2026-05-21,Jose Soriano,667755,667755,José Soriano,SAME_STARTER,5.15,6.5,7.0,-1.8499999999999996,7,7,UNDER,OVER
2250709,away,2026-05-22,Kai-Wei Teng,681293,681293,Spencer Arrighetti,OTHER_PITCHER,5.0,3.5,5.0,0.0,5,5,OVER,OVER
2250709,home,2026-05-22,Colin Rea,592791,592791,Jameson Taillon,OTHER_PITCHER,3.49,4.5,5.0,-1.5099999999999998,5,5,UNDER,OVER
2250710,away,2026-05-23,Kyle Leahy,681517,669467,Andre Pallante,OTHER_PITCHER,2.23,4.5,3.0,-0.77,3,3,UNDER,UNDER
2250710,home,2026-05-23,Chase Petty,663978,663978,Chris Paddack,OTHER_PITCHER,3.3,3.5,5.0,-1.7000000000000002,5,5,PASS,OVER
2250711,away,2026-05-22,Slade Cecconi,668909,668909,Gavin Williams,OTHER_PITCHER,2.4,4.5,11.0,-8.6,11,11,UNDER,OVER
2250711,home,2026-05-22,Zack Wheeler,650911,650911,Cristopher Sánchez,OTHER_PITCHER,4.65,6.5,6.0,-1.3499999999999996,6,6,UNDER,UNDER
2250712,away,2026-05-22,Drew Rasmussen,607259,607259,Nick Martinez,OTHER_PITCHER,4.21,5.5,1.0,3.21,1,1,UNDER,UNDER
2250712,home,2026-05-22,Ryan Weathers,543037,543037,Gerrit Cole,OTHER_PITCHER,5.19,5.5,2.0,3.1900000000000004,2,2,UNDER,UNDER
2250713,away,2026-05-22,Paul Skenes,696149,696149,Bubba Chandler,OTHER_PITCHER,5.12,6.5,11.0,-5.88,11,11,UNDER,OVER
2250713,home,2026-05-22,Patrick Corbin,592332,592332,Kevin Gausman,OTHER_PITCHER,2.24,4.5,8.0,-5.76,8,8,UNDER,OVER
2250714,away,2026-05-22,Taj Bradley,687570,687570,Connor Prielipp,OTHER_PITCHER,3.99,4.5,1.0,2.99,1,1,PASS,UNDER
2250714,home,2026-05-22,Brayan Bello,801139,801139,Payton Tolle,OTHER_PITCHER,2.04,4.5,9.0,-6.96,9,9,UNDER,OVER
2250715,away,2026-05-22,Freddy Peralta,642547,668964,Tobias Myers,OTHER_PITCHER,3.75,5.5,0.0,3.75,0,0,UNDER,UNDER
2250715,home,2026-05-22,Max Meyer,691587,691587,Eury Pérez,OTHER_PITCHER,4.08,5.5,5.0,-0.9199999999999999,5,5,UNDER,UNDER
2250716,away,2026-05-22,Framber Valdez,656427,656427,Jack Flaherty,OTHER_PITCHER,3.61,5.5,7.0,-3.39,7,7,UNDER,OVER
2250716,home,2026-05-22,Brandon Young,605135,669211,Keegan Akin,OTHER_PITCHER,1.98,4.5,2.0,-0.020000000000000018,2,2,UNDER,UNDER
2250717,away,2026-05-22,Jake Irvin,571945,663992,Richard Lovelady,OTHER_PITCHER,3.63,4.5,0.0,3.63,0,0,UNDER,UNDER
2250717,home,2026-05-22,Grant Holmes,693821,693821,Bryce Elder,OTHER_PITCHER,2.36,4.5,4.0,-1.6400000000000001,4,4,UNDER,UNDER
2250718,away,2026-05-22,George Kirby,669302,669302,Logan Gilbert,OTHER_PITCHER,4.33,4.5,6.0,-1.67,6,6,UNDER,OVER
2250718,home,2026-05-22,Stephen Kolek,702070,702070,Noah Cameron,OTHER_PITCHER,3.43,3.5,8.0,-4.57,8,8,PASS,OVER
2250719,away,2026-05-22,Roki Sasaki,680736,680736,Justin Wrobleski,OTHER_PITCHER,1.93,4.5,4.0,-2.0700000000000003,4,4,UNDER,UNDER
2250719,home,2026-05-22,Robert Gasser,701656,701656,Logan Henderson,OTHER_PITCHER,2.08,3.5,7.0,-4.92,7,7,UNDER,OVER
2250720,away,2026-05-22,Nathan Eovaldi,594798,594798,Jacob deGrom,OTHER_PITCHER,5.3,6.5,3.0,2.3,3,3,UNDER,UNDER
2250720,home,2026-05-22,Walbert Urena,680570,680570,Grayson Rodriguez,OTHER_PITCHER,2.68,4.5,5.0,-2.32,5,5,UNDER,OVER
2250721,away,2026-05-22,J.T. Ginn,605488,605488,Jeffrey Springs,OTHER_PITCHER,2.79,4.5,3.0,-0.20999999999999996,3,3,UNDER,UNDER
2250721,home,2026-05-22,Lucas Giolito,621111,621111,Walker Buehler,OTHER_PITCHER,2.71,4.5,4.0,-1.29,4,4,UNDER,UNDER
2250722,away,2026-05-22,Erick Fedde,663436,663436,Davis Martin,OTHER_PITCHER,2.03,3.5,7.0,-4.970000000000001,7,7,UNDER,OVER
2250722,home,2026-05-22,Adrian Houser,686790,686790,Trevor McDonald,OTHER_PITCHER,1.96,3.5,4.0,-2.04,4,4,UNDER,OVER
2250724,away,2026-05-23,Peter Lambert,678906,678906,Kai-Wei Teng,OTHER_PITCHER,3.66,4.5,6.0,-2.34,6,6,OVER,OVER
2250724,home,2026-05-23,Shota Imanaga,607067,607067,Colin Rea,OTHER_PITCHER,4.1,5.5,4.0,0.09999999999999964,4,4,UNDER,UNDER
2250725,away,2026-05-23,Mitch Keller,694973,694973,Paul Skenes,OTHER_PITCHER,2.38,3.5,2.0,0.3799999999999999,2,2,UNDER,UNDER
2250725,home,2026-05-23,Dylan Cease,571578,571578,Patrick Corbin,OTHER_PITCHER,7.56,7.5,7.0,0.5599999999999996,7,7,UNDER,UNDER
2250726,away,2026-05-24,Framber Valdez,664285,675512,Troy Melton,OTHER_PITCHER,3.61,5.5,,,,3,UNDER,
2250726,home,2026-05-24,Brandon Young,687064,669432,Trevor Rogers,OTHER_PITCHER,1.98,4.5,,,,2,UNDER,
2250727,away,2026-05-23,Parker Messick,677944,677944,Slade Cecconi,OTHER_PITCHER,5.96,5.5,5.0,0.96,5,5,PASS,UNDER
2250727,home,2026-05-23,Andrew Painter,554430,554430,Zack Wheeler,OTHER_PITCHER,2.56,3.5,6.0,-3.44,6,6,UNDER,OVER
2250728,away,2026-05-23,Noah Schultz,607200,663542,Bryan Hudson,OTHER_PITCHER,2.39,4.5,,,,1,UNDER,
2250728,home,2026-05-23,Robbie Ray,605288,605288,Adrian Houser,OTHER_PITCHER,3.64,5.5,5.0,-1.3599999999999999,5,5,UNDER,UNDER
2250729,away,2026-05-23,Bryan Woo,669923,669923,George Kirby,OTHER_PITCHER,3.61,4.5,3.0,0.6099999999999999,3,3,UNDER,UNDER
2250729,home,2026-05-23,Seth Lugo,663568,663568,Stephen Kolek,OTHER_PITCHER,3.85,4.5,2.0,1.85,2,2,UNDER,UNDER
2250730,away,2026-05-23,Bailey Ober,671737,671737,Taj Bradley,OTHER_PITCHER,2.14,4.5,7.0,-4.859999999999999,7,7,UNDER,OVER
2250730,home,2026-05-23,Sonny Gray,678394,663558,Jovani Morán,OTHER_PITCHER,2.42,5.5,,,,1,UNDER,
2250731,away,2026-05-23,Foster Griffin,663623,663623,Jake Irvin,OTHER_PITCHER,3.53,4.5,7.0,-3.47,7,7,UNDER,OVER
2250731,home,2026-05-23,Martin Perez,656550,656550,Grant Holmes,OTHER_PITCHER,4.51,3.5,10.0,-5.49,10,10,OVER,OVER
2250732,away,2026-05-23,Christian Scott,642547,642547,Freddy Peralta,OTHER_PITCHER,2.92,4.5,9.0,-6.08,9,9,UNDER,OVER
2250732,home,2026-05-23,Max Meyer,676974,676974,Max Meyer,SAME_STARTER,4.19,5.5,8.0,-3.8099999999999996,8,8,UNDER,OVER
2250733,away,2026-05-23,Matthew Liberatore,669467,681517,Kyle Leahy,OTHER_PITCHER,2.82,4.5,8.0,-5.18,8,8,UNDER,OVER
2250733,home,2026-05-23,Brady Singer,663978,695534,Chase Petty,OTHER_PITCHER,2.47,4.5,1.0,1.4700000000000002,1,1,UNDER,UNDER
2250734,away,2026-05-23,Yoshinobu Yamamoto,808963,808963,Roki Sasaki,OTHER_PITCHER,3.97,6.5,4.0,-0.029999999999999805,4,4,UNDER,UNDER
2250734,home,2026-05-23,Brandon Sproat,688107,688107,Robert Gasser,OTHER_PITCHER,3.27,4.5,4.0,-0.73,4,4,UNDER,UNDER
2250735,away,2026-05-23,J.T. Ginn,669372,669372,J.T. Ginn,SAME_STARTER,3.08,4.5,4.0,-0.9199999999999999,4,4,UNDER,UNDER
2250735,home,2026-05-23,Michael King,608337,608337,Lucas Giolito,OTHER_PITCHER,3.52,5.5,2.0,1.52,2,2,UNDER,UNDER
2250736,away,2026-05-23,Nathan Eovaldi,543135,543135,Nathan Eovaldi,SAME_STARTER,5.42,6.5,6.0,-0.5800000000000001,6,6,UNDER,UNDER
2250736,home,2026-05-23,Reid Detmers,700712,700712,Walbert Ureña,OTHER_PITCHER,5.08,6.5,6.0,-0.9199999999999999,6,6,UNDER,UNDER
2250737,away,2026-05-24,Carmen Mlodzinski,656605,656605,Mitch Keller,OTHER_PITCHER,2.15,3.5,5.0,-2.85,5,5,UNDER,OVER
2250737,home,2026-05-24,Dylan Cease,656302,656302,Dylan Cease,SAME_STARTER,7.78,7.5,8.0,-0.21999999999999975,8,8,UNDER,OVER
2250738,away,2026-05-24,Framber Valdez,664285,664285,Framber Valdez,SAME_STARTER,3.9,5.5,5.0,-1.1,5,5,UNDER,UNDER
2250738,home,2026-05-24,Kyle Bradish,687064,687064,Brandon Young,OTHER_PITCHER,3.85,4.5,4.0,-0.1499999999999999,4,4,UNDER,UNDER
2250739,away,2026-05-24,Zebby Matthews,641927,641927,Bailey Ober,OTHER_PITCHER,2.72,5.5,3.0,-0.2799999999999998,3,3,UNDER,UNDER
2250739,home,2026-05-24,Sonny Gray,543243,543243,Sonny Gray,SAME_STARTER,2.54,5.5,4.0,-1.46,4,4,UNDER,UNDER
2250740,away,2026-05-24,Tanner Bibee,800048,800048,Parker Messick,OTHER_PITCHER,3.39,5.5,6.0,-2.61,6,6,UNDER,OVER
2250740,home,2026-05-24,Jesus Luzardo,691725,691725,Andrew Painter,OTHER_PITCHER,5.46,6.5,3.0,2.46,3,3,UNDER,UNDER
2250741,away,2026-05-24,Shane McClanahan,656876,656876,Drew Rasmussen,OTHER_PITCHER,3.85,5.5,6.0,-2.15,6,6,UNDER,OVER
2250741,home,2026-05-24,Will Warren,677960,677960,Ryan Weathers,OTHER_PITCHER,4.46,5.5,4.0,0.45999999999999996,4,4,UNDER,UNDER
2250743,away,2026-05-24,Nolan McLean,681035,681035,Christian Scott,OTHER_PITCHER,6.03,7.5,5.0,1.0300000000000002,5,5,UNDER,UNDER
2250743,home,2026-05-24,Tyler Phillips,663969,663969,Tyler Phillips,SAME_STARTER,2.57,2.5,4.0,-1.4300000000000002,4,4,PASS,OVER
2250744,away,2026-05-24,Luis Castillo,693433,693433,Bryan Woo,OTHER_PITCHER,3.7,4.5,4.0,-0.2999999999999998,4,4,UNDER,UNDER
2250744,home,2026-05-24,Michael Wacha,607625,607625,Seth Lugo,OTHER_PITCHER,3.43,4.5,3.0,0.43000000000000016,3,3,UNDER,UNDER
2250745,away,2026-05-24,Emmet Sheehan,808967,808967,Yoshinobu Yamamoto,OTHER_PITCHER,4.88,6.5,3.0,1.88,3,3,UNDER,UNDER
2250745,home,2026-05-24,Jacob Misiorowski,687075,687075,Brandon Sproat,OTHER_PITCHER,6.48,8.5,7.0,-0.5199999999999996,7,7,UNDER,UNDER
2250746,away,2026-05-24,Peter Lambert,663567,663567,Peter Lambert,SAME_STARTER,3.47,4.5,5.0,-1.5299999999999998,5,5,UNDER,OVER
2250746,home,2026-05-24,Shota Imanaga,684007,684007,Shota Imanaga,SAME_STARTER,4.44,5.5,6.0,-1.5599999999999996,6,6,UNDER,OVER
2250747,away,2026-05-24,Noah Schultz,702273,702273,Noah Schultz,SAME_STARTER,2.11,4.5,1.0,1.1099999999999999,1,1,UNDER,UNDER
2250747,home,2026-05-24,Landen Roupp,592662,592662,Robbie Ray,OTHER_PITCHER,5.12,5.5,3.0,2.12,3,3,PASS,UNDER
2250748,away,2026-05-24,Aaron Civale,650644,665622,Luis Medina,OTHER_PITCHER,2.11,3.5,,,,1,UNDER,
2250748,home,2026-05-24,Randy Vasquez,650633,650633,Michael King,OTHER_PITCHER,2.58,3.5,4.0,-1.42,4,4,UNDER,OVER
2250749,away,2026-05-24,Zack Littell,656492,656492,Foster Griffin,OTHER_PITCHER,1.44,2.5,6.0,-4.5600000000000005,6,6,UNDER,OVER
2250749,home,2026-05-24,Martin Perez,527048,527048,Martín Pérez,SAME_STARTER,4.35,3.5,2.0,2.3499999999999996,2,2,OVER,UNDER
2250750,away,2026-05-24,Kumar Rocker,669022,669022,MacKenzie Gore,OTHER_PITCHER,2.53,4.5,7.0,-4.470000000000001,7,7,UNDER,OVER
2250750,home,2026-05-24,Reid Detmers,672282,672282,Reid Detmers,SAME_STARTER,5.49,6.5,14.0,-8.51,14,14,UNDER,OVER
2250751,away,2026-05-25,Griffin Jax,663556,663556,Shane McClanahan,OTHER_PITCHER,3.08,5.5,3.0,0.08000000000000007,3,3,UNDER,UNDER
2250751,home,2026-05-25,Shane Baz,680694,680694,Kyle Bradish,OTHER_PITCHER,2.64,4.5,3.0,-0.3599999999999999,3,3,UNDER,UNDER
2250752,away,2026-05-25,Joe Ryan,805673,805673,Zebby Matthews,OTHER_PITCHER,5.06,5.5,6.0,-0.9400000000000004,6,6,UNDER,OVER
2250752,home,2026-05-25,Sean Burke,641743,641743,Anthony Kay,OTHER_PITCHER,2.94,4.5,5.0,-2.06,5,5,UNDER,OVER
2250753,away,2026-05-25,Michael McGreevy,669461,669461,Matthew Liberatore,OTHER_PITCHER,2.65,3.5,10.0,-7.35,10,10,OVER,OVER
2250753,home,2026-05-25,Kyle Harrison,694819,694819,Jacob Misiorowski,OTHER_PITCHER,4.74,6.5,12.0,-7.26,12,12,UNDER,OVER
2250754,away,2026-05-25,Cam Schlittler,701542,701542,Will Warren,OTHER_PITCHER,5.68,5.5,3.0,2.6799999999999997,3,3,PASS,UNDER
2250754,home,2026-05-25,Bailey Falter,608379,608379,Michael Wacha,OTHER_PITCHER,2.43,1.5,5.0,-2.57,5,5,OVER,OVER
2250755,away,2026-05-25,Chase Burns,666157,666157,Nick Lodolo,OTHER_PITCHER,3.62,6.5,7.0,-3.38,7,7,UNDER,OVER
2250755,home,2026-05-25,Nolan McLean,690997,690997,Nolan McLean,SAME_STARTER,6.93,7.5,6.0,0.9299999999999997,6,6,PASS,UNDER
2250756,away,2026-05-25,Cade Cavalli,641793,676571,PJ Poulin,OTHER_PITCHER,3.32,4.5,0.0,3.32,0,0,UNDER,UNDER
2250756,home,2026-05-25,Joey Cantillo,676440,676440,Tanner Bibee,OTHER_PITCHER,2.75,5.5,3.0,-0.25,3,3,UNDER,UNDER
2250757,away,2026-05-25,Jordan Wicks,676962,676962,Ben Brown,OTHER_PITCHER,3.53,3.5,7.0,-3.47,7,7,PASS,OVER
2250757,home,2026-05-25,Braxton Ashcraft,669387,669387,Carmen Mlodzinski,OTHER_PITCHER,3.71,5.5,2.0,1.71,2,2,UNDER,UNDER
2250758,away,2026-05-25,Aaron Nola,666200,666200,Jesús Luzardo,OTHER_PITCHER,7.07,4.5,6.0,1.0700000000000003,6,6,PASS,OVER
2250758,home,2026-05-25,Randy Vasquez,681190,656288,Griffin Canning,OTHER_PITCHER,2.79,3.5,5.0,-2.21,5,5,UNDER,OVER
2250759,away,2026-05-25,Jason Alexander,837227,837227,Tatsuya Imai,OTHER_PITCHER,2.8,3.5,2.0,0.7999999999999998,2,2,UNDER,UNDER
2250759,home,2026-05-25,Jack Leiter,677958,677958,Kumar Rocker,OTHER_PITCHER,2.16,5.5,5.0,-2.84,5,5,UNDER,UNDER
2250760,away,2026-05-25,Sandy Alcantara,676083,676083,Janson Junk,OTHER_PITCHER,2.43,4.5,3.0,-0.5699999999999998,3,3,UNDER,UNDER
2250760,home,2026-05-25,Trey Yesavage,702056,702056,Trey Yesavage,SAME_STARTER,3.28,5.5,6.0,-2.72,6,6,UNDER,OVER
2250761,away,2026-05-25,Kyle Freeland,685299,685299,Tanner Gordon,OTHER_PITCHER,2.93,3.5,3.0,-0.06999999999999984,3,3,UNDER,UNDER
2250761,home,2026-05-25,Eric Lauer,686218,686218,Emmet Sheehan,OTHER_PITCHER,1.89,4.5,8.0,-6.11,8,8,UNDER,OVER
2250762,away,2026-05-25,Emerson Hancock,622491,622491,Luis Castillo,OTHER_PITCHER,3.46,4.5,6.0,-2.54,6,6,UNDER,OVER
2250762,home,2026-05-25,Luis Severino,650644,650644,Aaron Civale,OTHER_PITCHER,2.35,5.5,2.0,0.3500000000000001,2,2,UNDER,UNDER
2250763,away,2026-05-26,Miles Mikolas,676917,676917,Cade Cavalli,OTHER_PITCHER,3.0,2.5,7.0,-4.0,7,7,PASS,OVER
2250763,home,2026-05-26,Gavin Williams,676282,676282,Joey Cantillo,OTHER_PITCHER,5.26,6.5,1.0,4.26,1,1,UNDER,UNDER
2250764,away,2026-05-26,Steven Matz,643377,643377,Griffin Jax,OTHER_PITCHER,2.77,4.5,3.0,-0.22999999999999998,3,3,UNDER,UNDER
2250764,home,2026-05-26,Shane Baz,669358,669358,Shane Baz,SAME_STARTER,2.55,4.5,9.0,-6.45,9,9,UNDER,OVER
2250765,away,2026-05-26,Jose Soriano,686799,686799,Jack Kochanowicz,OTHER_PITCHER,5.47,5.5,4.0,1.4699999999999998,4,4,UNDER,UNDER
2250765,home,2026-05-26,Casey Mize,672456,672456,Keider Montero,OTHER_PITCHER,4.27,5.5,7.0,-2.7300000000000004,7,7,OVER,OVER
2250766,away,2026-05-26,Jameson Taillon,696136,696136,Jordan Wicks,OTHER_PITCHER,2.97,4.5,5.0,-2.03,5,5,UNDER,OVER
2250766,home,2026-05-26,Bubba Chandler,677952,677952,Braxton Ashcraft,OTHER_PITCHER,2.36,4.5,5.0,-2.64,5,5,UNDER,OVER
2250767,away,2026-05-26,Bryce Elder,675911,675911,Spencer Strider,OTHER_PITCHER,3.56,4.5,5.0,-1.44,5,5,UNDER,OVER
2250767,home,2026-05-26,Connelly Early,624133,624133,Ranger Suarez,OTHER_PITCHER,2.44,5.5,4.0,-1.56,4,4,UNDER,UNDER
2250768,away,2026-05-26,Eury Perez,645261,645261,Sandy Alcantara,OTHER_PITCHER,2.81,5.5,4.0,-1.19,4,4,UNDER,UNDER
2250768,home,2026-05-26,Kevin Gausman,592332,680755,Braydon Fisher,OTHER_PITCHER,4.08,5.5,1.0,3.08,1,1,UNDER,UNDER
2250769,away,2026-05-26,Andrew Abbott,695505,695505,Chase Burns,OTHER_PITCHER,2.17,4.5,8.0,-5.83,8,8,UNDER,OVER
2250769,home,2026-05-26,David Peterson,656849,656849,David Peterson,SAME_STARTER,5.49,4.5,4.0,1.4900000000000002,4,4,OVER,UNDER
2250770,away,2026-05-26,Connor Prielipp,657746,657746,Joe Ryan,OTHER_PITCHER,3.66,5.5,9.0,-5.34,9,9,UNDER,OVER
2250770,home,2026-05-26,David Sandlin,680732,680732,Sean Burke,OTHER_PITCHER,3.39,3.5,8.0,-4.609999999999999,8,8,UNDER,OVER
2250771,away,2026-05-26,Gerrit Cole,693645,693645,Cam Schlittler,OTHER_PITCHER,1.21,4.5,6.0,-4.79,6,6,UNDER,OVER
2250771,home,2026-05-26,Noah Cameron,663559,663559,Bailey Falter,OTHER_PITCHER,3.58,4.5,0.0,3.58,0,0,UNDER,UNDER
2250772,away,2026-05-26,Dustin May,700241,700241,Michael McGreevy,OTHER_PITCHER,2.63,4.5,6.0,-3.37,6,6,UNDER,OVER
2250772,home,2026-05-26,Chad Patrick,690986,690986,Kyle Harrison,OTHER_PITCHER,1.97,4.5,2.0,-0.030000000000000027,2,2,UNDER,UNDER
2250773,away,2026-05-26,Mike Burrows,669920,669920,Jason Alexander,OTHER_PITCHER,3.05,4.5,4.0,-0.9500000000000002,4,4,UNDER,UNDER
2250773,home,2026-05-26,Jacob deGrom,683004,683004,Jack Leiter,OTHER_PITCHER,5.48,6.5,4.0,1.4800000000000004,4,4,UNDER,UNDER
2250774,away,2026-05-26,Logan Gilbert,676106,676106,Emerson Hancock,OTHER_PITCHER,4.1,5.5,3.0,1.0999999999999996,3,3,UNDER,UNDER
2250774,home,2026-05-26,Jeffrey Springs,622663,695611,Gage Jump,OTHER_PITCHER,2.96,4.5,5.0,-2.04,5,5,UNDER,OVER
2250775,away,2026-05-26,Cristopher Sanchez,605400,605400,Aaron Nola,OTHER_PITCHER,6.87,6.5,5.0,1.87,5,5,PASS,UNDER
2250775,home,2026-05-26,Walker Buehler,681190,681190,Randy Vásquez,OTHER_PITCHER,2.8,4.5,2.0,0.7999999999999998,2,2,UNDER,UNDER
2250776,away,2026-05-26,Tomoyuki Sugano,607536,607536,Kyle Freeland,OTHER_PITCHER,1.36,2.5,4.0,-2.6399999999999997,4,4,UNDER,OVER
2250776,home,2026-05-26,Shohei Ohtani,641778,641778,Eric Lauer,OTHER_PITCHER,3.67,7.5,4.0,-0.33000000000000007,4,4,UNDER,UNDER
2250777,away,2026-05-27,Eury Perez,691587,691587,Eury Pérez,SAME_STARTER,3.02,5.5,9.0,-5.98,9,9,UNDER,OVER
2250777,home,2026-05-27,Patrick Corbin,592332,592332,Kevin Gausman,OTHER_PITCHER,2.21,4.5,5.0,-2.79,5,5,UNDER,OVER
2250778,away,2026-05-27,Miles Mikolas,571945,676571,PJ Poulin,OTHER_PITCHER,2.88,2.5,1.0,1.88,1,1,PASS,UNDER
2250778,home,2026-05-27,Gavin Williams,668909,668909,Gavin Williams,SAME_STARTER,5.0,6.5,4.0,1.0,4,4,UNDER,UNDER
2250779,away,2026-05-27,Dustin May,669160,669160,Dustin May,SAME_STARTER,2.84,4.5,9.0,-6.16,9,9,UNDER,OVER
2250779,home,2026-05-27,Chad Patrick,694477,694477,Chad Patrick,SAME_STARTER,1.95,3.5,4.0,-2.05,4,4,UNDER,OVER
2250780,away,2026-05-27,Logan Gilbert,669302,669302,Logan Gilbert,SAME_STARTER,4.1,5.5,6.0,-1.9000000000000004,6,6,UNDER,OVER
2250780,home,2026-05-27,Jeffrey Springs,605488,605488,Jeffrey Springs,SAME_STARTER,2.95,4.5,7.0,-4.05,7,7,UNDER,OVER
2250781,away,2026-05-27,Cristopher Sanchez,650911,650911,Cristopher Sánchez,SAME_STARTER,7.75,6.5,9.0,-1.25,9,9,PASS,OVER
2250781,home,2026-05-27,Walker Buehler,621111,621111,Walker Buehler,SAME_STARTER,2.76,4.5,2.0,0.7599999999999998,2,2,UNDER,UNDER
2250782,away,2026-05-27,Steven Matz,571927,571927,Steven Matz,SAME_STARTER,2.94,4.5,2.0,0.94,2,2,UNDER,UNDER
2250782,home,2026-05-27,Chris Bassitt,694346,694346,Trey Gibson,OTHER_PITCHER,1.85,4.5,1.0,0.8500000000000001,1,1,UNDER,UNDER
2250783,away,2026-05-27,Grayson Rodriguez,667755,667755,José Soriano,OTHER_PITCHER,4.0,5.5,4.0,0.0,4,4,UNDER,UNDER
2250783,home,2026-05-27,Jack Flaherty,663554,663554,Casey Mize,OTHER_PITCHER,3.85,6.5,6.0,-2.15,6,6,UNDER,UNDER
2250784,away,2026-05-27,Colin Rea,592791,592791,Jameson Taillon,OTHER_PITCHER,3.3,4.5,4.0,-0.7000000000000002,4,4,UNDER,UNDER
2250784,home,2026-05-27,Paul Skenes,696149,696149,Bubba Chandler,OTHER_PITCHER,5.26,6.5,5.0,0.2599999999999998,5,5,UNDER,UNDER
2250785,away,2026-05-27,Chris Sale,693821,693821,Bryce Elder,OTHER_PITCHER,5.64,7.5,1.0,4.64,1,1,UNDER,UNDER
2250785,home,2026-05-27,Payton Tolle,813349,813349,Connelly Early,OTHER_PITCHER,2.96,5.5,7.0,-4.04,7,7,UNDER,OVER
2250786,away,2026-05-27,Andrew Abbott,671096,671096,Andrew Abbott,SAME_STARTER,2.14,4.5,4.0,-1.8599999999999999,4,4,UNDER,UNDER
2250786,home,2026-05-27,,,623211,Huascar Brazobán,NO_LIVE_ROW,,,,,,2,,
2250787,away,2026-05-27,Kendry Rojas,687570,687570,Connor Prielipp,OTHER_PITCHER,3.94,2.5,5.0,-1.06,5,5,PASS,OVER
2250787,home,2026-05-27,Davis Martin,689818,689818,David Sandlin,OTHER_PITCHER,3.37,5.5,4.0,-0.6299999999999999,4,4,UNDER,UNDER
2250788,away,2026-05-27,Gerrit Cole,543037,543037,Gerrit Cole,SAME_STARTER,3.17,4.5,10.0,-6.83,10,10,UNDER,OVER
2250788,home,2026-05-27,Noah Cameron,702070,702070,Noah Cameron,SAME_STARTER,3.56,4.5,4.0,-0.43999999999999995,4,4,UNDER,UNDER
2250789,away,2026-05-27,Spencer Arrighetti,681347,681347,Mike Burrows,OTHER_PITCHER,2.79,5.5,6.0,-3.21,6,6,UNDER,OVER
2250789,home,2026-05-27,Nathan Eovaldi,594798,594798,Jacob deGrom,OTHER_PITCHER,4.44,5.5,6.0,-1.5599999999999996,6,6,UNDER,OVER
2250790,away,2026-05-27,Tomoyuki Sugano,608372,608372,Tomoyuki Sugano,SAME_STARTER,1.32,2.5,3.0,-1.68,3,3,UNDER,OVER
2250790,home,2026-05-27,Shohei Ohtani,660271,660271,Shohei Ohtani,SAME_STARTER,3.87,7.5,7.0,-3.13,7,7,UNDER,UNDER
2250791,away,2026-05-28,Walbert Urena,680570,680570,Grayson Rodriguez,OTHER_PITCHER,2.88,3.5,5.0,-2.12,5,5,UNDER,OVER
2250791,home,2026-05-28,Troy Melton,656427,656427,Jack Flaherty,OTHER_PITCHER,2.76,4.5,9.0,-6.24,9,9,UNDER,OVER
2250792,away,2026-05-28,Taj Bradley,696070,680573,Simeon Woods Richardson,OTHER_PITCHER,4.81,6.5,,,,4,UNDER,
2250792,home,2026-05-28,Erick Fedde,663436,663436,Davis Martin,OTHER_PITCHER,2.53,3.5,5.0,-2.47,5,5,UNDER,OVER
2250793,away,2026-05-28,Grant Holmes,519242,519242,Chris Sale,OTHER_PITCHER,6.09,5.5,8.0,-1.9100000000000001,8,8,UNDER,OVER
2250793,home,2026-05-28,Tyler Samaniego,801139,801139,Payton Tolle,OTHER_PITCHER,3.03,0.5,7.0,-3.97,7,7,OVER,OVER
2250794,away,2026-05-28,Patrick Corbin,571578,571578,Patrick Corbin,SAME_STARTER,2.41,3.5,4.0,-1.5899999999999999,4,4,UNDER,OVER
2250794,home,2026-05-28,Trevor Rogers,605135,605135,Chris Bassitt,OTHER_PITCHER,1.81,4.5,2.0,-0.18999999999999995,2,2,UNDER,UNDER
2250795,away,2026-05-28,Shota Imanaga,607067,607067,Colin Rea,OTHER_PITCHER,3.3,5.5,5.0,-1.7000000000000002,5,5,UNDER,UNDER
2250795,home,2026-05-28,Jared Jones,694973,694973,Paul Skenes,OTHER_PITCHER,5.43,5.5,10.0,-4.57,10,10,UNDER,OVER
2250796,away,2026-05-28,Spencer Arrighetti,681293,681293,Spencer Arrighetti,SAME_STARTER,2.79,5.5,3.0,-0.20999999999999996,3,3,UNDER,UNDER
2250796,home,2026-05-28,MacKenzie Gore,543135,543135,Nathan Eovaldi,OTHER_PITCHER,4.58,5.5,6.0,-1.42,6,6,UNDER,OVER
2250797,away,2026-05-29,Martin Perez,656550,656550,Grant Holmes,OTHER_PITCHER,,3.5,5.0,,5,5,,
2250797,home,2026-05-29,Brady Singer,663978,663978,Chris Paddack,OTHER_PITCHER,,3.5,0.0,,0,0,,
2250798,away,2026-05-29,Michael King,608337,608337,Lucas Giolito,OTHER_PITCHER,,5.5,1.0,,1,1,,
2250798,home,2026-05-29,Foster Griffin,687606,687606,Paxton Schultz,OTHER_PITCHER,,5.5,1.0,,1,1,,
2250799,away,2026-05-29,Bailey Ober,671737,671737,Taj Bradley,OTHER_PITCHER,,3.5,6.0,,6,6,,
2250799,home,2026-05-29,Mitch Keller,683003,683003,Jared Jones,OTHER_PITCHER,,4.5,6.0,,6,6,,
2250800,away,2026-05-29,Trey Yesavage,608723,671936,Adam Macko,OTHER_PITCHER,,6.5,,,,1,,
2250800,home,2026-05-29,Brandon Young,669432,669432,Trevor Rogers,OTHER_PITCHER,,3.5,3.0,,3,3,,
2250801,away,2026-05-29,Sonny Gray,701719,701719,Tyler Samaniego,OTHER_PITCHER,,4.5,2.0,,2,2,,
2250801,home,2026-05-29,Parker Messick,677944,677944,Slade Cecconi,OTHER_PITCHER,,6.5,3.0,,3,3,,
2250802,away,2026-05-29,Reid Detmers,700712,700712,Walbert Ureña,OTHER_PITCHER,,5.5,5.0,,5,5,,
2250802,home,2026-05-29,Drew Rasmussen,607259,607259,Nick Martinez,OTHER_PITCHER,,5.5,5.0,,5,5,,
2250803,away,2026-05-29,Max Meyer,676974,676974,Max Meyer,SAME_STARTER,,5.5,6.0,,6,6,,
2250803,home,2026-05-29,Christian Scott,642547,642547,Freddy Peralta,OTHER_PITCHER,,5.5,5.0,,5,5,,
2250804,away,2026-05-29,Shota Imanaga,684007,684007,Shota Imanaga,SAME_STARTER,,5.5,2.0,,2,2,,
2250804,home,2026-05-29,Kyle Leahy,669467,669467,Andre Pallante,OTHER_PITCHER,,3.5,3.0,,3,3,,
2250805,away,2026-05-29,Framber Valdez,675512,675512,Troy Melton,OTHER_PITCHER,,5.5,1.0,,1,1,,
2250805,home,2026-05-29,Erick Fedde,607200,685126,Brandon Eisert,OTHER_PITCHER,,3.5,,,,1,,
2250806,away,2026-05-29,Seth Lugo,663568,663568,Stephen Kolek,OTHER_PITCHER,,4.5,5.0,,5,5,,
2250806,home,2026-05-29,Kumar Rocker,669022,669022,MacKenzie Gore,OTHER_PITCHER,,3.5,3.0,,3,3,,
2250807,away,2026-05-29,Brandon Sproat,689441,689441,Coleman Crow,OTHER_PITCHER,,4.5,1.0,,1,1,,
2250807,home,2026-05-29,Peter Lambert,663567,678906,Kai-Wei Teng,OTHER_PITCHER,,5.5,,,,7,,
2250808,away,2026-05-29,Adrian Houser,657277,657277,Logan Webb,OTHER_PITCHER,,3.5,5.0,,5,5,,
2250808,home,2026-05-29,Ryan Feltner,547179,547179,Michael Lorenzen,OTHER_PITCHER,,3.5,2.0,,2,2,,
2250809,away,2026-05-29,Carlos Rodon,607074,607074,Carlos Rodón,SAME_STARTER,,6.5,3.0,,3,3,,
2250809,home,2026-05-29,J.T. Ginn,622663,622663,Luis Severino,OTHER_PITCHER,,4.5,1.0,,1,1,,
2250810,away,2026-05-29,,,554430,Zack Wheeler,NO_LIVE_ROW,,,,,,4,,
2250810,home,2026-05-29,,,680736,Justin Wrobleski,NO_LIVE_ROW,,,,,,9,,
2250811,away,2026-05-30,Keider Montero,664285,664285,Framber Valdez,OTHER_PITCHER,2.26,3.5,4.0,-1.7400000000000002,4,4,UNDER,OVER
2250811,home,2026-05-30,Sean Burke,680732,641743,Anthony Kay,OTHER_PITCHER,3.18,5.5,3.0,0.18000000000000016,3,3,UNDER,UNDER
2250812,away,2026-05-30,Griffin Canning,650633,650633,Michael King,OTHER_PITCHER,2.99,4.5,2.0,0.9900000000000002,2,2,UNDER,UNDER
2250812,home,2026-05-30,Zack Littell,656492,656492,Foster Griffin,OTHER_PITCHER,1.9,3.5,5.0,-3.1,5,5,UNDER,OVER
2250813,away,2026-05-30,Michael Wacha,607625,607625,Seth Lugo,OTHER_PITCHER,2.94,4.5,6.0,-3.06,6,6,UNDER,OVER
2250813,home,2026-05-30,Jack Leiter,677958,677958,Kumar Rocker,OTHER_PITCHER,3.91,5.5,2.0,1.9100000000000001,2,2,UNDER,UNDER
2250814,away,2026-05-30,Trey Yesavage,702056,702056,Trey Yesavage,SAME_STARTER,3.4,6.5,4.0,-0.6000000000000001,4,4,UNDER,UNDER
2250814,home,2026-05-30,Kyle Bradish,687064,687064,Brandon Young,OTHER_PITCHER,3.08,5.5,7.0,-3.92,7,7,UNDER,OVER
2250815,away,2026-05-30,Zebby Matthews,641927,641927,Bailey Ober,OTHER_PITCHER,2.83,5.5,3.0,-0.16999999999999993,3,3,UNDER,UNDER
2250815,home,2026-05-30,Braxton Ashcraft,656605,656605,Mitch Keller,OTHER_PITCHER,3.9,5.5,5.0,-1.1,5,5,UNDER,UNDER
2250816,away,2026-05-30,Ranger Suarez,543243,543243,Sonny Gray,OTHER_PITCHER,3.29,4.5,7.0,-3.71,7,7,UNDER,OVER
2250816,home,2026-05-30,Tanner Bibee,800048,800048,Parker Messick,OTHER_PITCHER,3.41,4.5,4.0,-0.5899999999999999,4,4,UNDER,UNDER
2250817,away,2026-05-30,Jack Kochanowicz,672282,672282,Reid Detmers,OTHER_PITCHER,2.01,3.5,7.0,-4.99,7,7,UNDER,OVER
2250817,home,2026-05-30,Shane McClanahan,656876,656876,Drew Rasmussen,OTHER_PITCHER,4.01,6.5,4.0,0.009999999999999787,4,4,UNDER,UNDER
2250818,away,2026-05-30,Janson Junk,676083,663969,Tyler Phillips,OTHER_PITCHER,2.65,3.5,2.0,0.6499999999999999,2,2,UNDER,UNDER
2250818,home,2026-05-30,Nolan McLean,681035,681035,Christian Scott,OTHER_PITCHER,6.24,6.5,8.0,-1.7599999999999998,8,8,PASS,OVER
2250819,away,2026-05-30,Jacob Misiorowski,687075,687075,Brandon Sproat,OTHER_PITCHER,6.66,8.5,4.0,2.66,4,4,UNDER,UNDER
2250819,home,2026-05-30,Peter Lambert,663567,663567,Peter Lambert,SAME_STARTER,3.25,5.5,3.0,0.25,3,3,UNDER,UNDER
2250820,away,2026-05-30,Jordan Wicks,696136,676962,Ben Brown,OTHER_PITCHER,2.79,3.5,6.0,-3.21,6,6,OVER,OVER
2250820,home,2026-05-30,Matthew Liberatore,681517,681517,Kyle Leahy,OTHER_PITCHER,2.86,4.5,4.0,-1.1400000000000001,4,4,UNDER,UNDER
2250821,away,2026-05-30,Spencer Strider,527048,527048,Martín Pérez,OTHER_PITCHER,4.98,6.5,2.0,2.9800000000000004,2,2,UNDER,UNDER
2250821,home,2026-05-30,Nick Lodolo,663903,663903,Brady Singer,OTHER_PITCHER,2.15,5.5,2.0,0.1499999999999999,2,2,UNDER,UNDER
2250822,away,2026-05-30,Robbie Ray,605288,605288,Adrian Houser,OTHER_PITCHER,3.65,5.5,4.0,-0.3500000000000001,4,4,UNDER,UNDER
2250822,home,2026-05-30,Tanner Gordon,663372,663372,Ryan Feltner,OTHER_PITCHER,2.97,3.5,2.0,0.9700000000000002,2,2,UNDER,UNDER
2250823,away,2026-05-30,Will Warren,677960,677960,Ryan Weathers,OTHER_PITCHER,4.71,5.5,10.0,-5.29,10,10,UNDER,OVER
2250823,home,2026-05-30,Jacob Lopez,669372,669372,J.T. Ginn,OTHER_PITCHER,1.64,3.5,4.0,-2.3600000000000003,4,4,UNDER,OVER
2250824,away,2026-05-30,Andrew Painter,666200,666200,Jesús Luzardo,OTHER_PITCHER,2.54,3.5,6.0,-3.46,6,6,UNDER,OVER
2250824,home,2026-05-30,Yoshinobu Yamamoto,808963,808963,Roki Sasaki,OTHER_PITCHER,3.91,6.5,7.0,-3.09,7,7,UNDER,OVER
2250825,away,2026-05-31,Spencer Miles,693686,693686,Spencer Miles,SAME_STARTER,5.0,3.5,2.0,3.0,2,2,OVER,UNDER
2250825,home,2026-05-31,Kyle Bradish,680694,680694,Kyle Bradish,SAME_STARTER,2.88,5.5,4.0,-1.12,4,4,UNDER,UNDER
2250826,away,2026-05-31,Griffin Canning,656288,656288,Griffin Canning,SAME_STARTER,2.84,4.5,3.0,-0.16000000000000014,3,3,UNDER,UNDER
2250826,home,2026-05-31,Cade Cavalli,641793,641793,Zack Littell,OTHER_PITCHER,3.32,5.5,5.0,-1.6800000000000002,5,5,UNDER,UNDER
2250827,away,2026-05-31,Joe Ryan,805673,805673,Zebby Matthews,OTHER_PITCHER,4.48,5.5,7.0,-2.5199999999999996,7,7,UNDER,OVER
2250827,home,2026-05-31,Braxton Ashcraft,677952,677952,Braxton Ashcraft,SAME_STARTER,4.38,5.5,11.0,-6.62,11,11,UNDER,OVER
2250828,away,2026-05-31,Ranger Suarez,624133,624133,Ranger Suarez,SAME_STARTER,3.82,4.5,10.0,-6.18,10,10,UNDER,OVER
2250828,home,2026-05-31,Tanner Bibee,676440,676440,Tanner Bibee,SAME_STARTER,3.36,4.5,5.0,-1.6400000000000001,5,5,UNDER,OVER
2250829,away,2026-05-31,Jose Soriano,686799,686799,Jack Kochanowicz,OTHER_PITCHER,4.73,6.5,1.0,3.7300000000000004,1,1,UNDER,UNDER
2250829,home,2026-05-31,Griffin Jax,663556,663556,Shane McClanahan,OTHER_PITCHER,3.05,4.5,3.0,0.04999999999999982,3,3,UNDER,UNDER
2250830,away,2026-05-31,Spencer Strider,675911,675911,Spencer Strider,SAME_STARTER,5.05,6.5,8.0,-2.95,8,8,UNDER,OVER
2250830,home,2026-05-31,Chase Burns,666157,666157,Nick Lodolo,OTHER_PITCHER,3.58,6.5,4.0,-0.41999999999999993,4,4,UNDER,UNDER
2250831,away,2026-05-31,Sandy Alcantara,676083,667463,John King,OTHER_PITCHER,2.42,3.5,2.0,0.41999999999999993,2,2,UNDER,UNDER
2250831,home,2026-05-31,Austin Warren,690997,690997,Nolan McLean,OTHER_PITCHER,3.64,1.5,2.0,1.6400000000000001,2,2,OVER,OVER
2250832,away,2026-05-31,Ty Madden,672456,672456,Keider Montero,OTHER_PITCHER,4.13,3.5,4.0,0.1299999999999999,4,4,PASS,OVER
2250832,home,2026-05-31,David Sandlin,680732,680732,Sean Burke,OTHER_PITCHER,3.46,3.5,6.0,-2.54,6,6,UNDER,OVER
2250833,away,2026-05-31,Shane Drohan,694819,694819,Jacob Misiorowski,OTHER_PITCHER,4.31,3.5,8.0,-3.6900000000000004,8,8,PASS,OVER
2250833,home,2026-05-31,Tatsuya Imai,837227,837227,Tatsuya Imai,SAME_STARTER,2.46,4.5,5.0,-2.54,5,5,UNDER,OVER
2250834,away,2026-05-31,Luinder Avila,608379,608379,Michael Wacha,OTHER_PITCHER,4.66,3.5,5.0,-0.33999999999999986,5,5,OVER,OVER
2250834,home,2026-05-31,Jacob deGrom,683004,683004,Jack Leiter,OTHER_PITCHER,5.83,6.5,10.0,-4.17,10,10,UNDER,OVER
2250835,away,2026-05-31,Landen Roupp,592662,592662,Robbie Ray,OTHER_PITCHER,4.92,5.5,6.0,-1.08,6,6,UNDER,OVER
2250835,home,2026-05-31,Kyle Freeland,685299,685299,Tanner Gordon,OTHER_PITCHER,3.03,4.5,2.0,1.0299999999999998,2,2,UNDER,UNDER
2250836,away,2026-05-31,Will Warren,701542,701542,Will Warren,SAME_STARTER,4.65,5.5,5.0,-0.34999999999999964,5,5,UNDER,UNDER
2250836,home,2026-05-31,Jacob Lopez,682052,682052,Jacob Lopez,SAME_STARTER,1.83,3.5,3.0,-1.17,3,3,UNDER,UNDER
2250837,away,2026-05-31,Andrew Painter,691725,691725,Andrew Painter,SAME_STARTER,2.46,3.5,3.0,-0.54,3,3,UNDER,UNDER
2250837,home,2026-05-31,Emmet Sheehan,808967,808967,Yoshinobu Yamamoto,OTHER_PITCHER,5.3,5.5,10.0,-4.7,10,10,OVER,OVER
2250838,away,2026-05-31,Jordan Wicks,696136,696136,Jordan Wicks,SAME_STARTER,2.48,3.5,1.0,1.48,1,1,UNDER,UNDER
2250838,home,2026-05-31,Michael McGreevy,669461,669461,Matthew Liberatore,OTHER_PITCHER,2.93,3.5,4.0,-1.0699999999999998,4,4,UNDER,OVER
2250839,away,2026-06-01,Jack Flaherty,680744,680744,Ty Madden,OTHER_PITCHER,3.14,5.5,4.0,-0.8599999999999999,4,4,UNDER,UNDER
2250839,home,2026-06-01,Steven Matz,643377,643377,Griffin Jax,OTHER_PITCHER,2.44,4.5,5.0,-2.56,5,5,PASS,OVER
2250840,away,2026-06-01,Sandy Alcantara,645261,645261,Sandy Alcantara,SAME_STARTER,2.32,3.5,5.0,-2.68,5,5,UNDER,OVER
2250840,home,2026-06-01,Miles Mikolas,676917,676917,Cade Cavalli,OTHER_PITCHER,2.79,3.5,6.0,-3.21,6,6,UNDER,OVER
2250841,away,2026-06-01,Noah Cameron,679883,679883,Luinder Avila,OTHER_PITCHER,3.89,5.5,5.0,-1.1099999999999999,5,5,UNDER,UNDER
2250841,home,2026-06-01,Andrew Abbott,695505,680689,Lyon Richardson,OTHER_PITCHER,1.92,4.5,2.0,-0.08000000000000007,2,2,UNDER,UNDER
2250842,away,2026-06-01,Davis Martin,689818,689818,David Sandlin,OTHER_PITCHER,5.39,4.5,4.0,1.3899999999999997,4,4,UNDER,UNDER
2250842,home,2026-06-01,Connor Prielipp,657746,657746,Joe Ryan,OTHER_PITCHER,3.53,4.5,9.0,-5.470000000000001,9,9,UNDER,OVER
2250843,away,2026-06-01,Trevor McDonald,694738,694738,Landen Roupp,OTHER_PITCHER,4.75,4.5,4.0,0.75,4,4,UNDER,UNDER
2250843,home,2026-06-01,Kyle Harrison,675660,675660,Shane Drohan,OTHER_PITCHER,4.69,6.5,5.0,-0.3099999999999996,5,5,UNDER,UNDER
2250844,away,2026-06-01,Nathan Eovaldi,594798,594798,Jacob deGrom,OTHER_PITCHER,4.89,5.5,8.0,-3.1100000000000003,8,8,UNDER,OVER
2250844,home,2026-06-01,Dustin May,700241,700241,Michael McGreevy,OTHER_PITCHER,3.1,4.5,1.0,2.1,1,1,UNDER,UNDER
2250845,away,2026-06-01,Tomoyuki Sugano,607536,607536,Kyle Freeland,OTHER_PITCHER,1.69,3.5,4.0,-2.31,4,4,UNDER,OVER
2250845,home,2026-06-01,Grayson Rodriguez,667755,667755,José Soriano,OTHER_PITCHER,3.19,5.5,7.0,-3.81,7,7,UNDER,OVER
2250846,away,2026-06-01,Austin Warren,681810,681810,Austin Warren,SAME_STARTER,5.24,1.5,0.0,5.24,0,0,OVER,UNDER
2250846,home,2026-06-01,Logan Gilbert,676106,676106,Emerson Hancock,OTHER_PITCHER,4.1,6.5,7.0,-2.9000000000000004,7,7,UNDER,OVER
2250847,away,2026-06-02,Troy Melton,656427,656427,Jack Flaherty,OTHER_PITCHER,0.95,3.5,6.0,-5.05,6,6,UNDER,OVER
2250847,home,2026-06-02,Nick Martinez,571927,571927,Steven Matz,OTHER_PITCHER,2.27,4.5,2.0,0.27,2,2,UNDER,UNDER
2250848,away,2026-06-02,Walker Buehler,681190,681190,Randy Vásquez,OTHER_PITCHER,2.76,3.5,3.0,-0.2400000000000002,3,3,UNDER,UNDER
2250848,home,2026-06-02,Cristopher Sanchez,605400,605400,Aaron Nola,OTHER_PITCHER,7.46,6.5,8.0,-0.54,8,8,PASS,OVER
2250849,away,2026-06-02,Chris Bassitt,669358,669358,Shane Baz,OTHER_PITCHER,2.03,3.5,6.0,-3.97,6,6,UNDER,OVER
2250849,home,2026-06-02,Payton Tolle,813349,813349,Connelly Early,OTHER_PITCHER,3.9,6.5,6.0,-2.1,6,6,UNDER,UNDER
2250850,away,2026-06-02,Max Meyer,676974,669199,Lake Bachar,OTHER_PITCHER,4.37,5.5,3.0,1.37,3,3,UNDER,UNDER
2250850,home,2026-06-02,Andrew Alvarez,571945,663992,Richard Lovelady,OTHER_PITCHER,3.85,4.5,2.0,1.85,2,2,UNDER,UNDER
2250851,away,2026-06-02,Gavin Williams,676282,676282,Joey Cantillo,OTHER_PITCHER,5.23,6.5,4.0,1.2300000000000004,4,4,UNDER,UNDER
2250851,home,2026-06-02,Gerrit Cole,693645,693645,Cam Schlittler,OTHER_PITCHER,3.93,5.5,3.0,0.9300000000000002,3,3,UNDER,UNDER
2250852,away,2026-06-02,Stephen Kolek,702070,702070,Noah Cameron,OTHER_PITCHER,2.98,4.5,8.0,-5.02,8,8,OVER,OVER
2250852,home,2026-06-02,Chase Burns,671096,671096,Andrew Abbott,OTHER_PITCHER,3.91,6.5,5.0,-1.0899999999999999,5,5,UNDER,UNDER
2250853,away,2026-06-02,Patrick Corbin,592332,592332,Kevin Gausman,OTHER_PITCHER,1.99,3.5,8.0,-6.01,8,8,UNDER,OVER
2250853,home,2026-06-02,Grant Holmes,693821,693821,Bryce Elder,OTHER_PITCHER,2.64,4.5,6.0,-3.36,6,6,UNDER,OVER
2250854,away,2026-06-02,Erick Fedde,663436,663436,Davis Martin,OTHER_PITCHER,2.57,3.5,2.0,0.5699999999999998,2,2,UNDER,UNDER
2250854,home,2026-06-02,Taj Bradley,687570,687570,Connor Prielipp,OTHER_PITCHER,4.56,5.5,7.0,-2.4400000000000004,7,7,UNDER,OVER
2250855,away,2026-06-02,Logan Webb,686790,686790,Trevor McDonald,OTHER_PITCHER,4.36,5.5,4.0,0.3600000000000003,4,4,UNDER,UNDER
2250855,home,2026-06-02,Kyle Harrison,690986,690986,Kyle Harrison,SAME_STARTER,6.01,6.5,12.0,-5.99,12,12,UNDER,OVER
2250856,away,2026-06-02,MacKenzie Gore,543135,543135,Nathan Eovaldi,OTHER_PITCHER,2.69,5.5,7.0,-4.3100000000000005,7,7,UNDER,OVER
2250856,home,2026-06-02,Andre Pallante,669160,669160,Dustin May,OTHER_PITCHER,2.5,3.5,9.0,-6.5,9,9,UNDER,OVER
2250857,away,2026-06-02,Jeffrey Springs,695611,695611,Gage Jump,OTHER_PITCHER,3.19,4.5,5.0,-1.81,5,5,UNDER,OVER
2250857,home,2026-06-02,Colin Rea,592791,592791,Jameson Taillon,OTHER_PITCHER,3.08,4.5,6.0,-2.92,6,6,UNDER,OVER
2250858,away,2026-06-02,Paul Skenes,696149,696149,Bubba Chandler,OTHER_PITCHER,5.63,7.5,3.0,2.63,3,3,UNDER,UNDER
2250858,home,2026-06-02,Spencer Arrighetti,681347,681347,Mike Burrows,OTHER_PITCHER,2.78,5.5,3.0,-0.2200000000000002,3,3,UNDER,UNDER
2250859,away,2026-06-02,Michael Lorenzen,608372,608372,Tomoyuki Sugano,OTHER_PITCHER,2.45,4.5,5.0,-2.55,5,5,UNDER,OVER
2250859,home,2026-06-02,Walbert Urena,680570,680570,Grayson Rodriguez,OTHER_PITCHER,3.04,4.5,3.0,0.040000000000000036,3,3,UNDER,UNDER
2250860,away,2026-06-02,Freddy Peralta,642547,623211,Huascar Brazobán,OTHER_PITCHER,4.08,5.5,0.0,4.08,0,0,UNDER,UNDER
2250860,home,2026-06-02,George Kirby,669302,669302,Logan Gilbert,OTHER_PITCHER,3.87,5.5,8.0,-4.13,8,8,UNDER,OVER
2250861,away,2026-06-03,Max Meyer,676974,676974,Max Meyer,SAME_STARTER,4.15,5.5,7.0,-2.8499999999999996,7,7,UNDER,OVER
2250861,home,2026-06-03,Andrew Alvarez,674841,674841,Andrew Alvarez,SAME_STARTER,5.58,4.5,5.0,0.5800000000000001,5,5,OVER,OVER
2250862,away,2026-06-03,Troy Melton,675512,675512,Troy Melton,SAME_STARTER,1.31,3.5,5.0,-3.69,5,5,UNDER,OVER
2250862,home,2026-06-03,Nick Martinez,607259,607259,Nick Martinez,SAME_STARTER,2.1,4.5,1.0,1.1,1,1,UNDER,UNDER
2250863,away,2026-06-03,Erick Fedde,607200,607200,Erick Fedde,SAME_STARTER,2.37,3.5,2.0,0.3700000000000001,2,2,UNDER,UNDER
2250863,home,2026-06-03,Taj Bradley,671737,671737,Taj Bradley,SAME_STARTER,5.1,5.5,5.0,0.09999999999999964,5,5,PASS,UNDER
2250864,away,2026-06-03,Freddy Peralta,642547,642547,Freddy Peralta,SAME_STARTER,4.5,5.5,6.0,-1.5,6,6,UNDER,OVER
2250864,home,2026-06-03,George Kirby,669923,669923,George Kirby,SAME_STARTER,4.28,5.5,5.0,-0.7199999999999998,5,5,UNDER,UNDER
2250865,away,2026-06-03,Lucas Giolito,621111,621111,Walker Buehler,OTHER_PITCHER,1.31,3.5,6.0,-4.6899999999999995,6,6,UNDER,OVER
2250865,home,2026-06-03,Zack Wheeler,650911,650911,Cristopher Sánchez,OTHER_PITCHER,4.75,6.5,8.0,-3.25,8,8,PASS,OVER
2250866,away,2026-06-03,Trevor Rogers,605135,605135,Chris Bassitt,OTHER_PITCHER,2.51,4.5,1.0,1.5099999999999998,1,1,UNDER,UNDER
2250866,home,2026-06-03,Brayan Bello,801139,801139,Payton Tolle,OTHER_PITCHER,2.14,3.5,5.0,-2.86,5,5,UNDER,OVER
2250867,away,2026-06-03,Slade Cecconi,668909,668909,Gavin Williams,OTHER_PITCHER,2.8,4.5,6.0,-3.2,6,6,UNDER,OVER
2250867,home,2026-06-03,Carlos Rodon,543037,543037,Gerrit Cole,OTHER_PITCHER,3.56,5.5,2.0,1.56,2,2,UNDER,UNDER
2250868,away,2026-06-03,Seth Lugo,663568,663568,Stephen Kolek,OTHER_PITCHER,3.75,4.5,8.0,-4.25,8,8,UNDER,OVER
2250868,home,2026-06-03,Chase Burns,695505,695505,Chase Burns,SAME_STARTER,4.49,6.5,9.0,-4.51,9,9,UNDER,OVER
2250869,away,2026-06-03,Patrick Corbin,571578,571578,Patrick Corbin,SAME_STARTER,2.01,3.5,1.0,1.0099999999999998,1,1,UNDER,UNDER
2250869,home,2026-06-03,Chris Sale,656550,656550,Grant Holmes,OTHER_PITCHER,5.27,7.5,4.0,1.2699999999999996,4,4,UNDER,UNDER
2250870,away,2026-06-03,Adrian Houser,657277,657277,Logan Webb,OTHER_PITCHER,1.95,3.5,4.0,-2.05,4,4,UNDER,OVER
2250870,home,2026-06-03,Coleman Crow,689441,688107,Robert Gasser,OTHER_PITCHER,1.57,3.5,5.0,-3.4299999999999997,5,5,UNDER,OVER
2250871,away,2026-06-03,MacKenzie Gore,669022,669022,MacKenzie Gore,SAME_STARTER,3.17,5.5,5.0,-1.83,5,5,UNDER,UNDER
2250871,home,2026-06-03,Andre Pallante,669467,669467,Andre Pallante,SAME_STARTER,2.59,3.5,5.0,-2.41,5,5,UNDER,OVER
2250872,away,2026-06-03,J.T. Ginn,605488,605488,Jeffrey Springs,OTHER_PITCHER,2.67,3.5,3.0,-0.33000000000000007,3,3,UNDER,UNDER
2250872,home,2026-06-03,Shota Imanaga,607067,607067,Colin Rea,OTHER_PITCHER,5.0,6.5,3.0,2.0,3,3,UNDER,UNDER
2250873,away,2026-06-03,Jared Jones,694973,694973,Paul Skenes,OTHER_PITCHER,4.87,5.5,7.0,-2.13,7,7,PASS,OVER
2250873,home,2026-06-03,Spencer Arrighetti,681293,681293,Spencer Arrighetti,SAME_STARTER,2.54,5.5,3.0,-0.45999999999999996,3,3,UNDER,UNDER
2250874,away,2026-06-03,Michael Lorenzen,547179,547179,Michael Lorenzen,SAME_STARTER,2.65,4.5,5.0,-2.35,5,5,UNDER,OVER
2250874,home,2026-06-03,Walbert Urena,700712,700712,Walbert Ureña,SAME_STARTER,3.22,4.5,7.0,-3.78,7,7,UNDER,OVER
2250875,away,2026-06-04,Michael King,608337,608337,Lucas Giolito,OTHER_PITCHER,3.33,5.5,5.0,-1.67,5,5,UNDER,UNDER
2250875,home,2026-06-04,Jesus Luzardo,554430,554430,Zack Wheeler,OTHER_PITCHER,6.73,6.5,8.0,-1.2699999999999996,8,8,PASS,OVER
2250876,away,2026-06-04,Brandon Young,669432,669432,Trevor Rogers,OTHER_PITCHER,1.94,3.5,3.0,-1.06,3,3,UNDER,UNDER
2250876,home,2026-06-04,Sonny Gray,678394,678394,Brayan Bello,OTHER_PITCHER,2.77,5.5,4.0,-1.23,4,4,PASS,UNDER
2250877,away,2026-06-04,Parker Messick,677944,677944,Slade Cecconi,OTHER_PITCHER,5.55,6.5,4.0,1.5499999999999998,4,4,UNDER,UNDER
2250877,home,2026-06-04,Ryan Weathers,607074,607074,Carlos Rodón,OTHER_PITCHER,6.5,6.5,7.0,-0.5,7,7,UNDER,OVER
2250878,away,2026-06-04,Robbie Ray,605288,605288,Adrian Houser,OTHER_PITCHER,3.08,5.5,5.0,-1.92,5,5,UNDER,UNDER
2250878,home,2026-06-04,Brandon Sproat,689441,689441,Coleman Crow,OTHER_PITCHER,3.03,4.5,2.0,1.0299999999999998,2,2,UNDER,UNDER
2250879,away,2026-06-04,Trey Yesavage,702056,689254,Mason Fluharty,OTHER_PITCHER,2.93,5.5,1.0,1.9300000000000002,1,1,UNDER,UNDER
2250879,home,2026-06-04,Martin Perez,519242,519242,Chris Sale,OTHER_PITCHER,3.42,4.5,6.0,-2.58,6,6,PASS,OVER
2250880,away,2026-06-04,Michael Wacha,607625,607625,Seth Lugo,OTHER_PITCHER,3.27,4.5,4.0,-0.73,4,4,UNDER,UNDER
2250880,home,2026-06-04,Zebby Matthews,702193,702193,Andrew Morris,OTHER_PITCHER,3.4,5.5,2.0,1.4,2,2,UNDER,UNDER
2250881,away,2026-06-04,J.T. Ginn,669372,669372,J.T. Ginn,SAME_STARTER,2.88,3.5,8.0,-5.12,8,8,UNDER,OVER
2250881,home,2026-06-04,Edward Cabrera,684007,684007,Shota Imanaga,OTHER_PITCHER,3.42,4.5,5.0,-1.58,5,5,UNDER,OVER
2250882,away,2026-06-04,Mitch Keller,683003,683003,Jared Jones,OTHER_PITCHER,2.75,4.5,4.0,-1.25,4,4,UNDER,UNDER
2250882,home,2026-06-04,Peter Lambert,678906,678906,Kai-Wei Teng,OTHER_PITCHER,3.68,4.5,1.0,2.68,1,1,UNDER,UNDER
2250883,away,2026-06-05,Landen Roupp,592662,592662,Robbie Ray,OTHER_PITCHER,4.53,4.5,4.0,0.5300000000000002,4,4,UNDER,UNDER
2250883,home,2026-06-05,Edward Cabrera,665795,665795,Edward Cabrera,SAME_STARTER,3.34,4.5,6.0,-2.66,6,6,UNDER,OVER
2250884,away,2026-06-05,Bryce Miller,693433,693433,Bryan Woo,OTHER_PITCHER,2.97,4.5,7.0,-4.029999999999999,7,7,UNDER,OVER
2250884,home,2026-06-05,Keider Montero,664285,664285,Framber Valdez,OTHER_PITCHER,2.19,3.5,5.0,-2.81,5,5,UNDER,OVER
2250885,away,2026-06-05,Anthony Kay,641743,641743,Anthony Kay,SAME_STARTER,2.42,4.5,4.0,-1.58,4,4,UNDER,UNDER
2250885,home,2026-06-05,Andrew Painter,666200,666200,Jesús Luzardo,OTHER_PITCHER,2.69,4.5,2.0,0.69,2,2,UNDER,UNDER
2250886,away,2026-06-05,Ranger Suarez,543243,543243,Sonny Gray,OTHER_PITCHER,4.13,4.5,3.0,1.13,3,3,UNDER,UNDER
2250886,home,2026-06-05,Will Warren,677960,677960,Ryan Weathers,OTHER_PITCHER,4.5,5.5,4.0,0.5,4,4,UNDER,UNDER
2250887,away,2026-06-05,Kyle Bradish,687064,687064,Brandon Young,OTHER_PITCHER,2.88,5.5,4.0,-1.12,4,4,UNDER,UNDER
2250887,home,2026-06-05,Trey Yesavage,702056,702056,Trey Yesavage,SAME_STARTER,3.18,6.5,5.0,-1.8199999999999998,5,5,UNDER,UNDER
2250888,away,2026-06-05,Shane McClanahan,656876,656876,Drew Rasmussen,OTHER_PITCHER,3.53,5.5,9.0,-5.470000000000001,9,9,UNDER,OVER
2250888,home,2026-06-05,Ryan Gusto,687473,687473,Ryan Gusto,SAME_STARTER,3.19,1.5,1.0,2.19,1,1,OVER,UNDER
2250889,away,2026-06-05,Braxton Ashcraft,656605,656605,Mitch Keller,OTHER_PITCHER,3.76,5.5,4.0,-0.2400000000000002,4,4,UNDER,UNDER
2250889,home,2026-06-05,Spencer Strider,527048,527048,Martín Pérez,OTHER_PITCHER,4.74,6.5,5.0,-0.2599999999999998,5,5,UNDER,UNDER
2250890,away,2026-06-05,,,678022,Jack Perkins,NO_LIVE_ROW,,,,,,6,,
2250890,home,2026-06-05,Peter Lambert,663567,663567,Peter Lambert,SAME_STARTER,3.22,4.5,4.0,-0.7799999999999998,4,4,UNDER,UNDER
2250891,away,2026-06-05,Nick Lodolo,663903,663903,Brady Singer,OTHER_PITCHER,1.71,4.5,6.0,-4.29,6,6,UNDER,OVER
2250891,home,2026-06-05,Matthew Liberatore,681517,681517,Kyle Leahy,OTHER_PITCHER,3.43,4.5,1.0,2.43,1,1,UNDER,UNDER
2250892,away,2026-06-05,Tanner Bibee,800048,800048,Parker Messick,OTHER_PITCHER,3.23,4.5,4.0,-0.77,4,4,UNDER,UNDER
2250892,home,2026-06-05,Jack Leiter,677958,677958,Kumar Rocker,OTHER_PITCHER,4.1,5.5,5.0,-0.9000000000000004,5,5,UNDER,UNDER
2250893,away,2026-06-05,Luinder Avila,608379,608379,Michael Wacha,OTHER_PITCHER,4.51,4.5,2.0,2.51,2,2,UNDER,UNDER
2250893,home,2026-06-05,Joe Ryan,805673,805673,Zebby Matthews,OTHER_PITCHER,4.74,5.5,2.0,2.74,2,2,UNDER,UNDER
2250894,away,2026-06-05,Jacob Misiorowski,687075,687075,Brandon Sproat,OTHER_PITCHER,7.1,8.5,2.0,5.1,2,2,UNDER,UNDER
2250894,home,2026-06-05,Tanner Gordon,663372,663372,Ryan Feltner,OTHER_PITCHER,3.24,3.5,4.0,-0.7599999999999998,4,4,PASS,OVER
2250895,away,2026-06-05,Nolan McLean,681035,681035,Christian Scott,OTHER_PITCHER,6.2,5.5,3.0,3.2,3,3,PASS,UNDER
2250895,home,2026-06-05,Griffin Canning,650633,650633,Michael King,OTHER_PITCHER,2.94,4.5,4.0,-1.06,4,4,UNDER,UNDER
2250896,away,2026-06-05,Jack Kochanowicz,686799,672282,Reid Detmers,OTHER_PITCHER,1.99,3.5,6.0,-4.01,6,6,UNDER,OVER
2250896,home,2026-06-05,Yoshinobu Yamamoto,808963,808963,Roki Sasaki,OTHER_PITCHER,4.92,6.5,10.0,-5.08,10,10,UNDER,OVER
2250897,away,2026-06-06,Bryce Miller,682243,682243,Bryce Miller,SAME_STARTER,2.97,4.5,9.0,-6.029999999999999,9,9,UNDER,OVER
2250897,home,2026-06-06,Keider Montero,672456,672456,Keider Montero,SAME_STARTER,2.19,4.5,1.0,1.19,1,1,UNDER,UNDER
2250898,away,2026-06-06,Luinder Avila,679883,679883,Luinder Avila,SAME_STARTER,4.65,3.5,3.0,1.6500000000000004,3,3,OVER,UNDER
2250898,home,2026-06-06,Joe Ryan,657746,657746,Joe Ryan,SAME_STARTER,4.51,5.5,5.0,-0.4900000000000002,5,5,UNDER,UNDER
2250899,away,2026-06-06,Nick Lodolo,666157,666157,Nick Lodolo,SAME_STARTER,1.82,4.5,3.0,-1.18,3,3,UNDER,UNDER
2250899,home,2026-06-06,Matthew Liberatore,669461,669461,Matthew Liberatore,SAME_STARTER,3.18,4.5,4.0,-0.8199999999999998,4,4,UNDER,UNDER
2250900,away,2026-06-06,Landen Roupp,694738,694738,Landen Roupp,SAME_STARTER,4.67,4.5,5.0,-0.33000000000000007,5,5,UNDER,OVER
2250900,home,2026-06-06,Ben Brown,676962,676962,Ben Brown,SAME_STARTER,,5.5,5.0,,5,5,,
2250901,away,2026-06-06,Kyle Bradish,680694,680694,Kyle Bradish,SAME_STARTER,2.88,5.5,3.0,-0.1200000000000001,3,3,UNDER,UNDER
2250901,home,2026-06-06,,,680755,Braydon Fisher,NO_LIVE_ROW,,,,,,2,,
2250902,away,2026-06-06,Brandon Eisert,685126,685126,Brandon Eisert,SAME_STARTER,,1.5,2.0,,2,2,,
2250902,home,2026-06-06,Andrew Painter,691725,691725,Andrew Painter,SAME_STARTER,2.77,4.5,4.0,-1.23,4,4,UNDER,UNDER
2250903,away,2026-06-06,,,695034,Kade Morris,NO_LIVE_ROW,,,,,,4,,
2250903,home,2026-06-06,Tatsuya Imai,837227,837227,Tatsuya Imai,SAME_STARTER,,4.5,8.0,,8,8,,
2250904,away,2026-06-06,Braxton Ashcraft,677952,677952,Braxton Ashcraft,SAME_STARTER,3.76,5.5,5.0,-1.2400000000000002,5,5,UNDER,UNDER
2250904,home,2026-06-06,Spencer Strider,675911,675911,Spencer Strider,SAME_STARTER,4.88,6.5,3.0,1.88,3,3,UNDER,UNDER
2250905,away,2026-06-06,Shane McClanahan,663556,663556,Shane McClanahan,SAME_STARTER,3.76,5.5,6.0,-2.24,6,6,UNDER,OVER
2250905,home,2026-06-06,Lake Bachar,669199,669199,Lake Bachar,SAME_STARTER,,2.5,3.0,,3,3,,
2250906,away,2026-06-06,Tanner Bibee,676440,676440,Tanner Bibee,SAME_STARTER,3.33,4.5,3.0,0.33000000000000007,3,3,UNDER,UNDER
2250906,home,2026-06-06,Jack Leiter,683004,683004,Jack Leiter,SAME_STARTER,3.91,5.5,2.0,1.9100000000000001,2,2,UNDER,UNDER
2250908,away,2026-06-06,Jacob Misiorowski,694819,694819,Jacob Misiorowski,SAME_STARTER,6.76,8.5,8.0,-1.2400000000000002,8,8,UNDER,UNDER
2250908,home,2026-06-06,Tanner Gordon,685299,688642,Zach Agnos,OTHER_PITCHER,3.08,3.5,,,,1,PASS,
2250909,away,2026-06-06,Jack Kochanowicz,686799,686799,Jack Kochanowicz,SAME_STARTER,2.05,3.5,1.0,1.0499999999999998,1,1,UNDER,UNDER
2250909,home,2026-06-06,Yoshinobu Yamamoto,808967,808967,Yoshinobu Yamamoto,SAME_STARTER,5.08,7.5,4.0,1.08,4,4,UNDER,UNDER
2250910,away,2026-06-06,Nolan McLean,690997,690997,Nolan McLean,SAME_STARTER,6.39,5.5,5.0,1.3899999999999997,5,5,PASS,UNDER
2250910,home,2026-06-06,Griffin Canning,656288,656288,Griffin Canning,SAME_STARTER,2.8,4.5,6.0,-3.2,6,6,UNDER,OVER
2250911,away,2026-06-07,Bubba Chandler,696149,682254,Mason Montgomery,OTHER_PITCHER,2.18,4.5,2.0,0.18000000000000016,2,2,UNDER,UNDER
2250911,home,2026-06-07,Bryce Elder,693821,693821,Bryce Elder,SAME_STARTER,3.21,4.5,4.0,-0.79,4,4,UNDER,UNDER
2250912,away,2026-06-07,David Sandlin,689818,656457,Tyler Gilbert,OTHER_PITCHER,2.81,3.5,1.0,1.81,1,1,UNDER,UNDER
2250912,home,2026-06-07,Cristopher Sanchez,605400,605400,Aaron Nola,OTHER_PITCHER,6.89,6.5,4.0,2.8899999999999997,4,4,PASS,UNDER
2250913,away,2026-06-07,Connelly Early,624133,624133,Ranger Suarez,OTHER_PITCHER,3.07,5.5,6.0,-2.93,6,6,UNDER,OVER
2250913,home,2026-06-07,Will Warren,693645,693645,Cam Schlittler,OTHER_PITCHER,4.86,4.5,5.0,-0.13999999999999968,5,5,PASS,OVER
2250914,away,2026-06-07,Chris Bassitt,669358,669358,Shane Baz,OTHER_PITCHER,1.54,4.5,3.0,-1.46,3,3,UNDER,UNDER
2250914,home,2026-06-07,Patrick Corbin,592332,592332,Kevin Gausman,OTHER_PITCHER,2.36,3.5,5.0,-2.64,5,5,UNDER,OVER
2250915,away,2026-06-07,Emerson Hancock,622491,622491,Luis Castillo,OTHER_PITCHER,4.36,4.5,5.0,-0.6399999999999997,5,5,PASS,OVER
2250915,home,2026-06-07,Jack Flaherty,656427,656427,Jack Flaherty,SAME_STARTER,3.54,5.5,7.0,-3.46,7,7,UNDER,OVER
2250916,away,2026-06-07,Griffin Jax,643377,643377,Griffin Jax,SAME_STARTER,2.9,4.5,4.0,-1.1,4,4,PASS,UNDER
2250916,home,2026-06-07,Sandy Alcantara,645261,645261,Sandy Alcantara,SAME_STARTER,2.33,4.5,7.0,-4.67,7,7,UNDER,OVER
2250917,away,2026-06-07,Jeffrey Springs,695611,695611,Gage Jump,OTHER_PITCHER,2.77,3.5,3.0,-0.22999999999999998,3,3,UNDER,UNDER
2250917,home,2026-06-07,Spencer Arrighetti,681347,681347,Mike Burrows,OTHER_PITCHER,2.44,5.5,3.0,-0.56,3,3,UNDER,UNDER
2250918,away,2026-06-07,Noah Cameron,702070,702070,Noah Cameron,SAME_STARTER,3.79,4.5,7.0,-3.21,7,7,UNDER,OVER
2250918,home,2026-06-07,Connor Prielipp,687570,687570,Connor Prielipp,SAME_STARTER,3.36,4.5,7.0,-3.64,7,7,UNDER,OVER
2250919,away,2026-06-07,Andrew Abbott,695076,695076,Rhett Lowder,OTHER_PITCHER,2.12,4.5,4.0,-1.88,4,4,UNDER,UNDER
2250919,home,2026-06-07,Michael McGreevy,700241,700241,Michael McGreevy,SAME_STARTER,3.11,3.5,5.0,-1.8900000000000001,5,5,UNDER,OVER
2250920,away,2026-06-07,Gavin Williams,676282,676282,Joey Cantillo,OTHER_PITCHER,3.53,6.5,7.0,-3.47,7,7,UNDER,OVER
2250920,home,2026-06-07,Jacob deGrom,594798,594798,Jacob deGrom,SAME_STARTER,5.67,5.5,6.0,-0.33000000000000007,6,6,PASS,OVER
2250921,away,2026-06-07,Kyle Harrison,675660,675660,Shane Drohan,OTHER_PITCHER,6.36,6.5,4.0,2.3600000000000003,4,4,OVER,UNDER
2250921,home,2026-06-07,Kyle Freeland,607536,607536,Kyle Freeland,SAME_STARTER,3.13,3.5,2.0,1.13,2,2,UNDER,UNDER
2250922,away,2026-06-07,Grayson Rodriguez,667755,667755,José Soriano,OTHER_PITCHER,5.03,5.5,2.0,3.0300000000000002,2,2,OVER,UNDER
2250922,home,2026-06-07,Emmet Sheehan,686218,686218,Emmet Sheehan,SAME_STARTER,5.23,6.5,2.0,3.2300000000000004,2,2,PASS,UNDER
2250923,away,2026-06-07,Huascar Brazoban,623211,623211,Huascar Brazobán,SAME_STARTER,1.67,1.5,0.0,1.67,0,0,OVER,UNDER
2250923,home,2026-06-07,Walker Buehler,681190,681190,Randy Vásquez,OTHER_PITCHER,2.52,4.5,3.0,-0.48,3,3,UNDER,UNDER
2250924,away,2026-06-07,Logan Webb,686790,686790,Trevor McDonald,OTHER_PITCHER,4.53,5.5,6.0,-1.4699999999999998,6,6,UNDER,OVER
2250924,home,2026-06-07,Jameson Taillon,592791,592791,Jameson Taillon,SAME_STARTER,2.58,4.5,2.0,0.5800000000000001,2,2,UNDER,UNDER
2250925,away,2026-06-08,Logan Gilbert,676106,676106,Emerson Hancock,OTHER_PITCHER,4.65,6.5,3.0,1.6500000000000004,3,3,UNDER,UNDER
2250925,home,2026-06-08,Trevor Rogers,605135,694346,Trey Gibson,OTHER_PITCHER,2.72,4.5,0.0,2.72,0,0,UNDER,UNDER
2250926,away,2026-06-08,Payton Tolle,813349,813349,Connelly Early,OTHER_PITCHER,2.84,5.5,6.0,-3.16,6,6,UNDER,OVER
2250926,home,2026-06-08,Nick Martinez,693855,693855,Ian Seymour,OTHER_PITCHER,2.02,3.5,5.0,-2.98,5,5,UNDER,OVER
2250927,away,2026-06-08,Gerrit Cole,701542,701542,Will Warren,OTHER_PITCHER,3.06,4.5,5.0,-1.94,5,5,UNDER,OVER
2250927,home,2026-06-08,Slade Cecconi,668909,668909,Gavin Williams,OTHER_PITCHER,2.77,4.5,5.0,-2.23,5,5,UNDER,OVER
2250928,away,2026-06-08,Zack Wheeler,650911,650911,Cristopher Sánchez,OTHER_PITCHER,4.06,5.5,10.0,-5.94,10,10,UNDER,OVER
2250928,home,2026-06-08,Dylan Cease,571578,571578,Patrick Corbin,OTHER_PITCHER,7.71,6.5,3.0,4.71,3,3,PASS,UNDER
2250929,away,2026-06-08,Spencer Arrighetti,681293,681293,Spencer Arrighetti,SAME_STARTER,2.87,5.5,7.0,-4.13,7,7,UNDER,OVER
2250929,home,2026-06-08,Walbert Urena,680570,680570,Grayson Rodriguez,OTHER_PITCHER,2.92,4.5,6.0,-3.08,6,6,UNDER,OVER
2250930,away,2026-06-08,Chase Burns,671096,671096,Andrew Abbott,OTHER_PITCHER,4.28,6.5,6.0,-1.7199999999999998,6,6,UNDER,UNDER
2250930,home,2026-06-08,Lucas Giolito,621111,621111,Walker Buehler,OTHER_PITCHER,1.94,4.5,4.0,-2.06,4,4,UNDER,UNDER
2250931,away,2026-06-08,Andrew Alvarez,571945,663992,Richard Lovelady,OTHER_PITCHER,4.69,4.5,,,,1,PASS,
2250931,home,2026-06-08,Adrian Houser,657277,657277,Logan Webb,OTHER_PITCHER,2.14,3.5,7.0,-4.859999999999999,7,7,UNDER,OVER
2250932,away,2026-06-08,Robert Gasser,690986,690986,Kyle Harrison,OTHER_PITCHER,3.52,4.5,4.0,-0.48,4,4,UNDER,UNDER
2250932,home,2026-06-08,J.T. Ginn,605488,605488,Jeffrey Springs,OTHER_PITCHER,2.82,4.5,3.0,-0.18000000000000016,3,3,UNDER,UNDER
2250933,away,2026-06-09,George Kirby,669302,669302,Logan Gilbert,OTHER_PITCHER,4.26,5.5,5.0,-0.7400000000000002,5,5,UNDER,UNDER
2250933,home,2026-06-09,Brandon Young,669432,669432,Trevor Rogers,OTHER_PITCHER,1.91,4.5,3.0,-1.09,3,3,UNDER,UNDER
2250934,away,2026-06-09,Eric Lauer,641778,641778,Eric Lauer,SAME_STARTER,2.46,4.5,5.0,-2.54,5,5,UNDER,OVER
2250934,home,2026-06-09,Jared Jones,694973,694973,Paul Skenes,OTHER_PITCHER,3.84,4.5,7.0,-3.16,7,7,UNDER,OVER
2250935,away,2026-06-09,Jake Bennett,801139,801139,Payton Tolle,OTHER_PITCHER,1.16,3.5,3.0,-1.84,3,3,UNDER,UNDER
2250935,home,2026-06-09,Drew Rasmussen,607259,607259,Nick Martinez,OTHER_PITCHER,3.9,5.5,2.0,1.9,2,2,UNDER,UNDER
2250936,away,2026-06-09,Taj Bradley,671737,671737,Taj Bradley,SAME_STARTER,4.36,5.5,3.0,1.3600000000000003,3,3,UNDER,UNDER
2250936,home,2026-06-09,Framber Valdez,675512,675512,Troy Melton,OTHER_PITCHER,3.0,4.5,5.0,-2.0,5,5,UNDER,OVER
2250937,away,2026-06-09,Carlos Rodon,543037,543037,Gerrit Cole,OTHER_PITCHER,3.68,5.5,4.0,-0.31999999999999984,4,4,UNDER,UNDER
2250937,home,2026-06-09,Parker Messick,677944,677944,Slade Cecconi,OTHER_PITCHER,5.3,5.5,7.0,-1.7000000000000002,7,7,UNDER,OVER
2250938,away,2026-06-09,Jesus Luzardo,554430,554430,Zack Wheeler,OTHER_PITCHER,4.85,5.5,5.0,-0.15000000000000036,5,5,UNDER,UNDER
2250938,home,2026-06-09,Max Scherzer,656302,656302,Dylan Cease,OTHER_PITCHER,1.22,3.5,11.0,-9.78,11,11,UNDER,OVER
2250939,away,2026-06-09,Andre Pallante,669160,669160,Dustin May,OTHER_PITCHER,2.64,3.5,6.0,-3.36,6,6,UNDER,OVER
2250939,home,2026-06-09,Freddy Peralta,642547,642547,Freddy Peralta,SAME_STARTER,4.4,5.5,5.0,-0.5999999999999996,5,5,UNDER,UNDER
2250940,away,2026-06-09,MacKenzie Gore,543135,543135,Nathan Eovaldi,OTHER_PITCHER,2.97,4.5,3.0,-0.029999999999999805,3,3,UNDER,UNDER
2250940,home,2026-06-09,Seth Lugo,663568,663568,Stephen Kolek,OTHER_PITCHER,3.36,4.5,3.0,0.3599999999999999,3,3,UNDER,UNDER
2250941,away,2026-06-09,Chris Sale,656550,656550,Grant Holmes,OTHER_PITCHER,6.77,7.5,2.0,4.77,2,2,UNDER,UNDER
2250941,home,2026-06-09,Davis Martin,685126,685126,Brandon Eisert,OTHER_PITCHER,4.32,4.5,1.0,3.3200000000000003,1,1,UNDER,UNDER
2250942,away,2026-06-09,Shota Imanaga,607067,607067,Colin Rea,OTHER_PITCHER,4.98,5.5,2.0,2.9800000000000004,2,2,PASS,UNDER
2250942,home,2026-06-09,Michael Lorenzen,608372,608372,Tomoyuki Sugano,OTHER_PITCHER,2.25,3.5,3.0,-0.75,3,3,UNDER,UNDER
2250943,away,2026-06-09,Peter Lambert,678906,678906,Kai-Wei Teng,OTHER_PITCHER,3.72,4.5,5.0,-1.2799999999999998,5,5,UNDER,OVER
2250943,home,2026-06-09,Reid Detmers,700712,700712,Walbert Ureña,OTHER_PITCHER,4.87,6.5,7.0,-2.13,7,7,UNDER,OVER
2250944,away,2026-06-09,Brady Singer,695505,695505,Chase Burns,OTHER_PITCHER,2.79,4.5,7.0,-4.21,7,7,UNDER,OVER
2250944,home,2026-06-09,Michael King,608337,608337,Lucas Giolito,OTHER_PITCHER,3.44,5.5,3.0,0.43999999999999995,3,3,UNDER,UNDER
2250945,away,2026-06-09,Foster Griffin,674841,674841,Andrew Alvarez,OTHER_PITCHER,3.85,5.5,4.0,-0.1499999999999999,4,4,UNDER,UNDER
2250945,home,2026-06-09,Robbie Ray,605288,605288,Adrian Houser,OTHER_PITCHER,3.01,5.5,6.0,-2.99,6,6,UNDER,OVER
2250946,away,2026-06-09,Brandon Sproat,688107,688107,Robert Gasser,OTHER_PITCHER,2.94,4.5,7.0,-4.0600000000000005,7,7,UNDER,OVER
2250946,home,2026-06-09,J.T. Ginn,669372,669372,J.T. Ginn,SAME_STARTER,3.09,4.5,5.0,-1.9100000000000001,5,5,UNDER,OVER
2250947,away,2026-06-10,Jake Bennett,687562,687562,Jake Bennett,SAME_STARTER,1.54,3.5,4.0,-2.46,4,4,UNDER,OVER
2250947,home,2026-06-10,Drew Rasmussen,656876,656876,Drew Rasmussen,SAME_STARTER,4.34,4.5,13.0,-8.66,13,13,PASS,OVER
2250948,away,2026-06-10,Carlos Rodon,607074,607074,Carlos Rodón,SAME_STARTER,4.37,5.5,7.0,-2.63,7,7,UNDER,OVER
2250948,home,2026-06-10,Parker Messick,800048,800048,Parker Messick,SAME_STARTER,5.39,5.5,4.0,1.3899999999999997,4,4,PASS,UNDER
2250949,away,2026-06-10,Foster Griffin,656492,656492,Foster Griffin,SAME_STARTER,3.65,4.5,5.0,-1.35,5,5,UNDER,OVER
2250949,home,2026-06-10,Robbie Ray,592662,592662,Robbie Ray,SAME_STARTER,3.08,5.5,3.0,0.08000000000000007,3,3,UNDER,UNDER
2250950,away,2026-06-10,Brady Singer,663903,663903,Brady Singer,SAME_STARTER,2.75,4.5,5.0,-2.25,5,5,UNDER,OVER
2250950,home,2026-06-10,Michael King,650633,650633,Michael King,SAME_STARTER,3.19,6.5,3.0,0.18999999999999995,3,3,UNDER,UNDER
2250951,away,2026-06-10,Bryan Woo,669923,669923,George Kirby,OTHER_PITCHER,3.98,5.5,10.0,-6.02,10,10,UNDER,OVER
2250951,home,2026-06-10,Kyle Bradish,687064,687064,Brandon Young,OTHER_PITCHER,3.26,5.5,5.0,-1.7400000000000002,5,5,UNDER,UNDER
2250952,away,2026-06-10,Justin Wrobleski,680736,660271,Shohei Ohtani,OTHER_PITCHER,2.32,4.5,6.0,-3.68,6,6,UNDER,OVER
2250952,home,2026-06-10,Mitch Keller,683003,683003,Jared Jones,OTHER_PITCHER,2.87,4.5,4.0,-1.13,4,4,UNDER,UNDER
2250953,away,2026-06-10,Zebby Matthews,702474,702474,Mike Paredes,OTHER_PITCHER,2.74,4.5,4.0,-1.2599999999999998,4,4,UNDER,UNDER
2250953,home,2026-06-10,Keider Montero,664285,664285,Framber Valdez,OTHER_PITCHER,1.96,3.5,2.0,-0.040000000000000036,2,2,UNDER,UNDER
2250954,away,2026-06-10,Jesus Luzardo,666200,666200,Jesús Luzardo,SAME_STARTER,5.73,5.5,8.0,-2.2699999999999996,8,8,OVER,OVER
2250954,home,2026-06-10,Max Scherzer,453286,453286,Max Scherzer,SAME_STARTER,1.44,3.5,4.0,-2.56,4,4,UNDER,OVER
2250955,away,2026-06-10,Hunter Dobbins,669467,669467,Andre Pallante,OTHER_PITCHER,4.64,3.5,5.0,-0.3600000000000003,5,5,OVER,OVER
2250955,home,2026-06-10,Christian Scott,681035,681810,Austin Warren,OTHER_PITCHER,3.2,5.5,1.0,2.2,1,1,UNDER,UNDER
2250956,away,2026-06-10,Kumar Rocker,669022,669022,MacKenzie Gore,OTHER_PITCHER,2.14,3.5,6.0,-3.86,6,6,UNDER,OVER
2250956,home,2026-06-10,Michael Wacha,607625,607625,Seth Lugo,OTHER_PITCHER,2.89,4.5,2.0,0.8900000000000001,2,2,UNDER,UNDER
2250957,away,2026-06-10,Martin Perez,519242,519242,Chris Sale,OTHER_PITCHER,4.21,3.5,6.0,-1.79,6,6,OVER,OVER
2250957,home,2026-06-10,Davis Martin,663436,663436,Davis Martin,SAME_STARTER,4.18,4.5,6.0,-1.8200000000000003,6,6,UNDER,OVER
2250958,away,2026-06-10,Edward Cabrera,684007,684007,Shota Imanaga,OTHER_PITCHER,3.75,4.5,7.0,-3.25,7,7,UNDER,OVER
2250958,home,2026-06-10,Ryan Feltner,547179,547179,Michael Lorenzen,OTHER_PITCHER,2.31,3.5,7.0,-4.6899999999999995,7,7,UNDER,OVER
2250959,away,2026-06-10,Brandon Sproat,687075,687075,Brandon Sproat,SAME_STARTER,2.81,4.5,3.0,-0.18999999999999995,3,3,UNDER,UNDER
2250959,home,2026-06-10,,,678022,Jack Perkins,NO_LIVE_ROW,,,,,,4,,
2250960,away,2026-06-10,Peter Lambert,663567,663567,Peter Lambert,SAME_STARTER,3.78,4.5,6.0,-2.22,6,6,UNDER,OVER
2250960,home,2026-06-10,Reid Detmers,672282,672282,Reid Detmers,SAME_STARTER,5.17,6.5,9.0,-3.83,9,9,UNDER,OVER
2250961,away,2026-06-11,Kyle Leahy,690928,690928,Hunter Dobbins,OTHER_PITCHER,2.29,3.5,5.0,-2.71,5,5,UNDER,OVER
2250961,home,2026-06-11,Nolan McLean,681035,681035,Christian Scott,OTHER_PITCHER,6.39,5.5,6.0,0.3899999999999997,6,6,PASS,OVER
2250962,away,2026-06-11,Joe Ryan,805673,805673,Zebby Matthews,OTHER_PITCHER,4.54,6.5,4.0,0.54,4,4,UNDER,UNDER
2250962,home,2026-06-11,Jack Flaherty,672456,672456,Keider Montero,OTHER_PITCHER,3.71,5.5,4.0,-0.29000000000000004,4,4,UNDER,UNDER
2250963,away,2026-06-11,Jack Leiter,677958,677958,Kumar Rocker,OTHER_PITCHER,4.06,4.5,3.0,1.0599999999999996,3,3,UNDER,UNDER
2250963,home,2026-06-11,Luinder Avila,608379,608379,Michael Wacha,OTHER_PITCHER,3.94,3.5,2.0,1.94,2,2,OVER,UNDER
2250964,away,2026-06-11,Javier Assad,665795,665795,Edward Cabrera,OTHER_PITCHER,1.83,3.5,5.0,-3.17,5,5,UNDER,OVER
2250964,home,2026-06-11,Ryan Feltner,663372,663372,Ryan Feltner,SAME_STARTER,2.17,3.5,3.0,-0.8300000000000001,3,3,UNDER,UNDER
2250965,away,2026-06-11,Roki Sasaki,680736,680736,Justin Wrobleski,OTHER_PITCHER,2.59,4.5,1.0,1.5899999999999999,1,1,UNDER,UNDER
2250965,home,2026-06-11,Braxton Ashcraft,656605,656605,Mitch Keller,OTHER_PITCHER,3.02,5.5,3.0,0.020000000000000018,3,3,UNDER,UNDER
2250966,away,2026-06-11,Bryce Miller,693433,693433,Bryan Woo,OTHER_PITCHER,3.48,4.5,4.0,-0.52,4,4,UNDER,UNDER
2250966,home,2026-06-11,Shane Baz,680694,680694,Kyle Bradish,OTHER_PITCHER,3.41,5.5,5.0,-1.5899999999999999,5,5,UNDER,UNDER
2250968,away,2026-06-12,Sandy Alcantara,645261,645261,Sandy Alcantara,SAME_STARTER,2.73,4.5,7.0,-4.27,7,7,OVER,OVER
2250968,home,2026-06-12,Bubba Chandler,677952,677952,Braxton Ashcraft,OTHER_PITCHER,2.25,4.5,4.0,-1.75,4,4,UNDER,UNDER
2250969,away,2026-06-12,Luis Castillo,682243,682243,Bryce Miller,OTHER_PITCHER,3.46,4.5,7.0,-3.54,7,7,UNDER,OVER
2250969,home,2026-06-12,Cade Cavalli,641793,641793,Zack Littell,OTHER_PITCHER,3.24,5.5,0.0,3.24,0,0,UNDER,UNDER
2250970,away,2026-06-12,Randy Vasquez,656288,656288,Griffin Canning,OTHER_PITCHER,2.49,3.5,6.0,-3.51,6,6,UNDER,OVER
2250970,home,2026-06-12,Trey Gibson,669358,669358,Shane Baz,OTHER_PITCHER,1.04,3.5,1.0,0.040000000000000036,1,1,UNDER,UNDER
2250971,away,2026-06-12,Tarik Skubal,656427,656427,Jack Flaherty,OTHER_PITCHER,6.11,5.5,1.0,5.11,1,1,OVER,UNDER
2250971,home,2026-06-12,Joey Cantillo,676440,676440,Tanner Bibee,OTHER_PITCHER,3.18,4.5,8.0,-4.82,8,8,UNDER,OVER
2250972,away,2026-06-12,Jacob deGrom,683004,683004,Jack Leiter,OTHER_PITCHER,5.56,6.5,3.0,2.5599999999999996,3,3,UNDER,UNDER
2250972,home,2026-06-12,Ranger Suarez,543243,543243,Sonny Gray,OTHER_PITCHER,4.92,5.5,7.0,-2.08,7,7,UNDER,OVER
2250973,away,2026-06-12,Martin Perez,675911,675911,Spencer Strider,OTHER_PITCHER,3.57,3.5,3.0,0.5699999999999998,3,3,UNDER,UNDER
2250973,home,2026-06-12,Nolan McLean,690997,690997,Nolan McLean,SAME_STARTER,5.63,5.5,6.0,-0.3700000000000001,6,6,OVER,OVER
2250974,away,2026-06-12,Cam Schlittler,677960,677960,Ryan Weathers,OTHER_PITCHER,4.48,5.5,2.0,2.4800000000000004,2,2,UNDER,UNDER
2250974,home,2026-06-12,Kevin Gausman,702056,702056,Trey Yesavage,OTHER_PITCHER,4.91,6.5,3.0,1.9100000000000001,3,3,UNDER,UNDER
2250975,away,2026-06-12,Yoshinobu Yamamoto,808963,808963,Roki Sasaki,OTHER_PITCHER,4.43,6.5,4.0,0.4299999999999997,4,4,UNDER,UNDER
2250975,home,2026-06-12,Sean Burke,641743,641743,Anthony Kay,OTHER_PITCHER,2.96,4.5,7.0,-4.04,7,7,UNDER,OVER
2250976,away,2026-06-12,Aaron Nola,691725,621383,Tanner Banks,OTHER_PITCHER,4.31,5.5,2.0,2.3099999999999996,2,2,UNDER,UNDER
2250976,home,2026-06-12,Jacob Misiorowski,694819,694819,Jacob Misiorowski,SAME_STARTER,6.67,8.5,15.0,-8.33,15,15,UNDER,OVER
2250977,away,2026-06-12,Mike Burrows,837227,837227,Tatsuya Imai,OTHER_PITCHER,2.82,4.5,1.0,1.8199999999999998,1,1,UNDER,UNDER
2250977,home,2026-06-12,Noah Cameron,679883,679883,Luinder Avila,OTHER_PITCHER,3.28,4.5,0.0,3.28,0,0,UNDER,UNDER
2250978,away,2026-06-12,Matthew Liberatore,681517,681517,Kyle Leahy,OTHER_PITCHER,2.71,4.5,5.0,-2.29,5,5,PASS,OVER
2250978,home,2026-06-12,Connor Prielipp,657746,657746,Joe Ryan,OTHER_PITCHER,2.97,5.5,8.0,-5.029999999999999,8,8,PASS,OVER
2250979,away,2026-06-12,Griffin Jax,663556,663556,Shane McClanahan,OTHER_PITCHER,3.17,5.0,7.0,-3.83,7,7,UNDER,OVER
2250979,home,2026-06-12,Jose Soriano,691951,691951,Sam Aldegheri,OTHER_PITCHER,4.44,5.5,4.0,0.4400000000000004,4,4,UNDER,UNDER
2250980,away,2026-06-12,Kyle Freeland,607536,807743,Sean Sullivan,OTHER_PITCHER,3.11,4.5,2.0,1.1099999999999999,2,2,UNDER,UNDER
2250980,home,2026-06-12,Joey Estes,695611,695611,Gage Jump,OTHER_PITCHER,1.87,3.5,6.0,-4.13,6,6,UNDER,OVER
2250981,away,2026-06-12,Javier Assad,665871,665871,Javier Assad,SAME_STARTER,1.5,3.5,5.0,-3.5,5,5,UNDER,OVER
2250981,home,2026-06-12,Trevor McDonald,694738,694738,Landen Roupp,OTHER_PITCHER,4.74,4.5,5.0,-0.2599999999999998,5,5,OVER,OVER
2250982,away,2026-06-13,Michael McGreevy,669461,669461,Matthew Liberatore,OTHER_PITCHER,2.91,3.5,4.0,-1.0899999999999999,4,4,PASS,OVER
2250982,home,2026-06-13,Taj Bradley,687570,687570,Connor Prielipp,OTHER_PITCHER,2.87,5.5,2.0,0.8700000000000001,2,2,UNDER,UNDER
2250983,away,2026-06-13,Will Warren,693645,693645,Cam Schlittler,OTHER_PITCHER,3.87,4.5,7.0,-3.13,7,7,PASS,OVER
2250983,home,2026-06-13,Patrick Corbin,592332,592332,Kevin Gausman,OTHER_PITCHER,2.12,3.5,7.0,-4.88,7,7,UNDER,OVER
2250984,away,2026-06-13,Walker Buehler,681190,681190,Randy Vásquez,OTHER_PITCHER,2.63,3.5,5.0,-2.37,5,5,UNDER,OVER
2250984,home,2026-06-13,Trevor Rogers,694346,694346,Trey Gibson,OTHER_PITCHER,1.96,4.5,7.0,-5.04,7,7,UNDER,OVER
2250985,away,2026-06-13,Emerson Hancock,622491,622491,Luis Castillo,OTHER_PITCHER,3.98,4.5,4.0,-0.020000000000000018,4,4,UNDER,UNDER
2250985,home,2026-06-13,Miles Mikolas,676917,676917,Cade Cavalli,OTHER_PITCHER,3.06,2.5,5.0,-1.94,5,5,PASS,OVER
2250986,away,2026-06-13,Max Meyer,669199,669199,Lake Bachar,OTHER_PITCHER,4.58,5.5,4.0,0.5800000000000001,4,4,UNDER,UNDER
2250986,home,2026-06-13,Paul Skenes,696149,696149,Bubba Chandler,OTHER_PITCHER,5.7,6.5,6.0,-0.2999999999999998,6,6,UNDER,UNDER
2250987,away,2026-06-13,Casey Mize,669373,669373,Tarik Skubal,OTHER_PITCHER,6.3,3.5,4.0,2.3,4,4,OVER,OVER
2250987,home,2026-06-13,Gavin Williams,676282,676282,Joey Cantillo,OTHER_PITCHER,3.4,6.5,4.0,-0.6000000000000001,4,4,UNDER,UNDER
2250988,away,2026-06-13,Jacob deGrom,594798,594798,Jacob deGrom,SAME_STARTER,5.35,6.5,5.0,0.34999999999999964,5,5,UNDER,UNDER
2250988,home,2026-06-13,Ranger Suarez,624133,624133,Ranger Suarez,SAME_STARTER,5.41,5.5,7.0,-1.5899999999999999,7,7,PASS,OVER
2250989,away,2026-06-13,Bryce Elder,527048,527048,Martín Pérez,OTHER_PITCHER,2.83,4.5,4.0,-1.17,4,4,UNDER,UNDER
2250989,home,2026-06-13,Freddy Peralta,640455,640455,Sean Manaea,OTHER_PITCHER,3.7,5.5,6.0,-2.3,6,6,UNDER,OVER
2250990,away,2026-06-13,Emmet Sheehan,808967,808967,Yoshinobu Yamamoto,OTHER_PITCHER,5.37,5.5,7.0,-1.63,7,7,OVER,OVER
2250990,home,2026-06-13,Erick Fedde,680732,680732,Sean Burke,OTHER_PITCHER,2.31,3.5,6.0,-3.69,6,6,UNDER,OVER
2250991,away,2026-06-13,Spencer Arrighetti,681347,681347,Mike Burrows,OTHER_PITCHER,2.71,4.5,5.0,-2.29,5,5,UNDER,OVER
2250991,home,2026-06-13,Stephen Kolek,702070,702070,Noah Cameron,OTHER_PITCHER,3.48,3.5,1.0,2.48,1,1,UNDER,UNDER
2250992,away,2026-06-13,Cristopher Sanchez,605400,605400,Aaron Nola,OTHER_PITCHER,4.41,7.5,3.0,1.4100000000000001,3,3,UNDER,UNDER
2250992,home,2026-06-13,Kyle Harrison,675660,675660,Shane Drohan,OTHER_PITCHER,4.45,6.5,7.0,-2.55,7,7,PASS,OVER
2250993,away,2026-06-13,Kyle Freeland,607536,607536,Kyle Freeland,SAME_STARTER,3.36,4.5,4.0,-0.6400000000000001,4,4,UNDER,UNDER
2250993,home,2026-06-13,Jeffrey Springs,683155,683155,Joey Estes,OTHER_PITCHER,1.97,4.5,4.0,-2.0300000000000002,4,4,UNDER,UNDER
2250994,away,2026-06-13,Ben Brown,676962,676962,Ben Brown,SAME_STARTER,3.84,4.5,3.0,0.8399999999999999,3,3,UNDER,UNDER
2250994,home,2026-06-13,Trevor McDonald,686790,686790,Trevor McDonald,SAME_STARTER,4.6,4.5,4.0,0.5999999999999996,4,4,PASS,UNDER
2250995,away,2026-06-13,Griffin Jax,643377,643377,Griffin Jax,SAME_STARTER,3.07,4.5,5.0,-1.9300000000000002,5,5,UNDER,OVER
2250995,home,2026-06-13,Jose Soriano,667755,667755,José Soriano,SAME_STARTER,4.66,5.5,5.0,-0.33999999999999986,5,5,UNDER,UNDER
2250996,away,2026-06-14,Ryan Gusto,676974,676974,Max Meyer,OTHER_PITCHER,4.28,3.5,9.0,-4.72,9,9,PASS,OVER
2250996,home,2026-06-14,Jared Jones,694973,694973,Paul Skenes,OTHER_PITCHER,3.12,4.5,10.0,-6.88,10,10,UNDER,OVER
2250997,away,2026-06-14,Walker Buehler,621111,621111,Walker Buehler,SAME_STARTER,3.04,3.5,5.0,-1.96,5,5,UNDER,OVER
2250997,home,2026-06-14,Trevor Rogers,669432,669432,Trevor Rogers,SAME_STARTER,2.56,4.5,4.0,-1.44,4,4,UNDER,UNDER
2250998,away,2026-06-14,Emerson Hancock,676106,676106,Emerson Hancock,SAME_STARTER,3.95,3.5,2.0,1.9500000000000002,2,2,OVER,UNDER
2250998,home,2026-06-14,Andrew Alvarez,571945,676571,PJ Poulin,OTHER_PITCHER,4.6,4.5,0.0,4.6,0,0,PASS,UNDER
2250999,away,2026-06-14,Will Warren,701542,701542,Will Warren,SAME_STARTER,3.74,4.5,1.0,2.74,1,1,UNDER,UNDER
2250999,home,2026-06-14,Patrick Corbin,571578,571578,Patrick Corbin,SAME_STARTER,2.41,3.5,3.0,-0.5899999999999999,3,3,UNDER,UNDER
2251001,away,2026-06-14,Bryce Elder,693821,693821,Bryce Elder,SAME_STARTER,3.02,4.5,2.0,1.02,2,2,UNDER,UNDER
2251001,home,2026-06-14,Freddy Peralta,642547,642547,Freddy Peralta,SAME_STARTER,3.71,5.5,2.0,1.71,2,2,UNDER,UNDER
2251002,away,2026-06-14,Spencer Arrighetti,681293,681293,Spencer Arrighetti,SAME_STARTER,2.66,4.5,7.0,-4.34,7,7,UNDER,OVER
2251002,home,2026-06-14,Stephen Kolek,663568,663568,Stephen Kolek,SAME_STARTER,2.97,3.5,4.0,-1.0299999999999998,4,4,UNDER,OVER
2251003,away,2026-06-14,Dustin May,700241,700241,Michael McGreevy,OTHER_PITCHER,3.64,4.5,2.0,1.6400000000000001,2,2,UNDER,UNDER
2251003,home,2026-06-14,Taj Bradley,671737,671737,Taj Bradley,SAME_STARTER,4.47,5.5,7.0,-2.5300000000000002,7,7,UNDER,OVER
2251004,away,2026-06-14,Eric Lauer,686218,686218,Emmet Sheehan,OTHER_PITCHER,2.84,3.5,8.0,-5.16,8,8,UNDER,OVER
2251004,home,2026-06-14,,,663542,Bryan Hudson,NO_LIVE_ROW,,,,,,0,,
2251005,away,2026-06-14,Zack Wheeler,650911,650911,Cristopher Sánchez,OTHER_PITCHER,4.54,6.5,3.0,1.54,3,3,UNDER,UNDER
2251005,home,2026-06-14,Kyle Harrison,690986,690986,Kyle Harrison,SAME_STARTER,5.37,7.5,3.0,2.37,3,3,PASS,UNDER
2251006,away,2026-06-14,Michael Lorenzen,608372,608372,Tomoyuki Sugano,OTHER_PITCHER,2.6,4.5,2.0,0.6000000000000001,2,2,UNDER,UNDER
2251006,home,2026-06-14,J.T. Ginn,605488,605488,Jeffrey Springs,OTHER_PITCHER,3.05,4.5,5.0,-1.9500000000000002,5,5,OVER,OVER
2251007,away,2026-06-14,Shota Imanaga,607067,669020,Ryan Rolison,OTHER_PITCHER,4.32,5.5,,,,0,UNDER,
2251007,home,2026-06-14,Logan Webb,657277,657277,Logan Webb,SAME_STARTER,4.08,5.5,7.0,-2.92,7,7,UNDER,OVER
2251008,away,2026-06-14,Nick Martinez,607259,668984,Casey Legumina,OTHER_PITCHER,2.16,3.5,,,,1,UNDER,
2251008,home,2026-06-14,Walbert Urena,680570,680570,Grayson Rodriguez,OTHER_PITCHER,2.96,4.5,1.0,1.96,1,1,UNDER,UNDER
2251009,away,2026-06-14,MacKenzie Gore,543135,543135,Nathan Eovaldi,OTHER_PITCHER,3.46,5.5,6.0,-2.54,6,6,UNDER,OVER
2251009,home,2026-06-14,Connelly Early,813349,813349,Connelly Early,SAME_STARTER,3.57,5.5,3.0,0.5699999999999998,3,3,UNDER,UNDER
2251010,away,2026-06-15,Ryan Gusto,687473,687473,Ryan Gusto,SAME_STARTER,3.3,3.5,1.0,2.3,1,1,PASS,UNDER
2251010,home,2026-06-15,Jesus Luzardo,554430,554430,Zack Wheeler,OTHER_PITCHER,5.84,6.5,9.0,-3.16,9,9,PASS,OVER
2251011,away,2026-06-15,Michael Wacha,687765,687765,Mitch Spence,OTHER_PITCHER,2.52,4.5,1.0,1.52,1,1,UNDER,UNDER
2251011,home,2026-06-15,Foster Griffin,674841,674841,Andrew Alvarez,OTHER_PITCHER,3.69,5.5,5.0,-1.31,5,5,UNDER,UNDER
2251012,away,2026-06-15,Kodai Senga,668964,668964,Tobias Myers,OTHER_PITCHER,3.49,5.5,1.0,2.49,1,1,UNDER,UNDER
2251012,home,2026-06-15,Brady Singer,695505,695505,Chase Burns,OTHER_PITCHER,2.7,4.5,7.0,-4.3,7,7,UNDER,OVER
2251013,away,2026-06-15,Michael King,608337,593974,Wandy Peralta,OTHER_PITCHER,3.13,4.5,1.0,2.13,1,1,UNDER,UNDER
2251013,home,2026-06-15,Andre Pallante,669160,669160,Dustin May,OTHER_PITCHER,2.73,3.5,9.0,-6.27,9,9,UNDER,OVER
2251014,away,2026-06-15,Ryan Feltner,547179,547179,Michael Lorenzen,OTHER_PITCHER,2.19,3.5,5.0,-2.81,5,5,UNDER,OVER
2251014,home,2026-06-15,Edward Cabrera,684007,684007,Shota Imanaga,OTHER_PITCHER,3.65,5.5,3.0,0.6499999999999999,3,3,UNDER,UNDER
2251015,away,2026-06-15,Zebby Matthews,702474,702474,Mike Paredes,OTHER_PITCHER,2.54,4.5,2.0,0.54,2,2,UNDER,UNDER
2251015,home,2026-06-15,Kumar Rocker,669022,669022,MacKenzie Gore,OTHER_PITCHER,2.16,3.5,10.0,-7.84,10,10,UNDER,OVER
2251016,away,2026-06-15,Framber Valdez,675512,623454,Drew Anderson,OTHER_PITCHER,2.65,4.5,5.0,-2.35,5,5,UNDER,OVER
2251016,home,2026-06-15,Hunter Brown,678906,678906,Kai-Wei Teng,OTHER_PITCHER,9.27,6.5,9.0,0.2699999999999996,9,9,PASS,OVER
2251017,away,2026-06-15,Mitch Keller,683003,683003,Jared Jones,OTHER_PITCHER,2.85,4.5,4.0,-1.15,4,4,UNDER,UNDER
2251017,home,2026-06-15,J.T. Ginn,669372,669372,J.T. Ginn,SAME_STARTER,3.1,4.5,3.0,0.10000000000000009,3,3,UNDER,UNDER
2251018,away,2026-06-15,Drew Rasmussen,607259,607259,Nick Martinez,OTHER_PITCHER,4.39,5.5,6.0,-1.6100000000000003,6,6,UNDER,OVER
2251018,home,2026-06-15,Justin Wrobleski,641778,641778,Eric Lauer,OTHER_PITCHER,1.78,4.5,4.0,-2.2199999999999998,4,4,UNDER,UNDER
2251019,away,2026-06-16,Sandy Alcantara,663969,663969,Tyler Phillips,OTHER_PITCHER,2.75,4.5,4.0,-1.25,4,4,UNDER,UNDER
2251019,home,2026-06-16,Andrew Painter,666200,666200,Jesús Luzardo,OTHER_PITCHER,2.64,3.5,9.0,-6.359999999999999,9,9,UNDER,OVER
2251020,away,2026-06-16,Michael Wacha,608379,608379,Michael Wacha,SAME_STARTER,2.3,4.5,3.0,-0.7000000000000002,3,3,UNDER,UNDER
2251020,home,2026-06-16,Zack Littell,656492,656492,Foster Griffin,OTHER_PITCHER,1.89,3.5,6.0,-4.11,6,6,UNDER,OVER
2251021,away,2026-06-16,Max Scherzer,656302,656302,Dylan Cease,OTHER_PITCHER,1.41,3.5,7.0,-5.59,7,7,UNDER,OVER
2251021,home,2026-06-16,Jake Bennett,801139,801139,Payton Tolle,OTHER_PITCHER,1.58,3.5,6.0,-4.42,6,6,UNDER,OVER
2251022,away,2026-06-16,Davis Martin,663436,663436,Davis Martin,SAME_STARTER,4.74,5.5,4.0,0.7400000000000002,4,4,UNDER,UNDER
2251022,home,2026-06-16,Carlos Rodon,543037,543037,Gerrit Cole,OTHER_PITCHER,4.6,6.5,6.0,-1.4000000000000004,6,6,UNDER,UNDER
2251023,away,2026-06-16,Nolan McLean,673540,673540,Kodai Senga,OTHER_PITCHER,6.67,6.5,5.0,1.67,5,5,PASS,UNDER
2251023,home,2026-06-16,Nick Lodolo,663903,663903,Brady Singer,OTHER_PITCHER,2.13,5.5,5.0,-2.87,5,5,UNDER,UNDER
2251024,away,2026-06-16,Robbie Ray,605288,605288,Adrian Houser,OTHER_PITCHER,2.75,4.5,2.0,0.75,2,2,UNDER,UNDER
2251024,home,2026-06-16,JR Ritchie,656550,656550,Grant Holmes,OTHER_PITCHER,2.25,3.5,2.0,0.25,2,2,UNDER,UNDER
2251025,away,2026-06-16,Gavin Williams,677944,677944,Slade Cecconi,OTHER_PITCHER,4.59,6.5,4.0,0.5899999999999999,4,4,UNDER,UNDER
2251025,home,2026-06-16,Brandon Sproat,688107,688107,Robert Gasser,OTHER_PITCHER,2.74,4.5,5.0,-2.26,5,5,UNDER,OVER
2251026,away,2026-06-16,Michael King,650633,650633,Michael King,SAME_STARTER,2.77,4.5,1.0,1.77,1,1,UNDER,UNDER
2251026,home,2026-06-16,Kyle Leahy,669467,669467,Andre Pallante,OTHER_PITCHER,2.38,3.5,6.0,-3.62,6,6,UNDER,OVER
2251027,away,2026-06-16,Ryan Feltner,663372,663372,Ryan Feltner,SAME_STARTER,2.57,3.5,7.0,-4.43,7,7,UNDER,OVER
2251027,home,2026-06-16,Javier Assad,665795,665795,Edward Cabrera,OTHER_PITCHER,1.88,4.5,3.0,-1.12,3,3,UNDER,UNDER
2251028,away,2026-06-16,Zebby Matthews,805673,805673,Zebby Matthews,SAME_STARTER,2.33,4.5,4.0,-1.67,4,4,UNDER,UNDER
2251028,home,2026-06-16,Kumar Rocker,677958,677958,Kumar Rocker,SAME_STARTER,2.32,4.5,4.0,-1.6800000000000002,4,4,UNDER,UNDER
2251029,away,2026-06-16,Casey Mize,664285,664285,Framber Valdez,OTHER_PITCHER,3.9,4.5,6.0,-2.1,6,6,UNDER,OVER
2251029,home,2026-06-16,Peter Lambert,686613,686613,Hunter Brown,OTHER_PITCHER,3.62,5.5,7.0,-3.38,7,7,UNDER,OVER
2251030,away,2026-06-16,Braxton Ashcraft,656605,656605,Mitch Keller,OTHER_PITCHER,3.9,5.5,7.0,-3.1,7,7,UNDER,OVER
2251030,home,2026-06-16,Aaron Civale,678022,678022,Jack Perkins,OTHER_PITCHER,2.08,3.5,6.0,-3.92,6,6,UNDER,OVER
2251031,away,2026-06-16,Kyle Bradish,687064,687064,Brandon Young,OTHER_PITCHER,3.2,5.5,2.0,1.2000000000000002,2,2,UNDER,UNDER
2251031,home,2026-06-16,George Kirby,669302,669302,Logan Gilbert,OTHER_PITCHER,4.8,6.5,10.0,-5.2,10,10,UNDER,OVER
2251032,away,2026-06-16,Shane McClanahan,656876,656876,Drew Rasmussen,OTHER_PITCHER,3.44,4.5,7.0,-3.56,7,7,UNDER,OVER
2251032,home,2026-06-16,Justin Wrobleski,680736,680736,Justin Wrobleski,SAME_STARTER,1.67,4.5,5.0,-3.33,5,5,UNDER,OVER
2251033,away,2026-06-17,Sean Manaea,690997,690997,Nolan McLean,OTHER_PITCHER,4.03,5.5,9.0,-4.97,9,9,UNDER,OVER
2251033,home,2026-06-17,Nick Lodolo,666157,666157,Nick Lodolo,SAME_STARTER,2.17,5.5,2.0,0.16999999999999993,2,2,UNDER,UNDER
2251034,away,2026-06-17,Noah Cameron,679883,679883,Luinder Avila,OTHER_PITCHER,3.17,4.5,5.0,-1.83,5,5,UNDER,OVER
2251034,home,2026-06-17,Zack Littell,641793,641793,Zack Littell,SAME_STARTER,1.77,3.5,2.0,-0.22999999999999998,2,2,UNDER,UNDER
2251035,away,2026-06-17,Sandy Alcantara,645261,645261,Sandy Alcantara,SAME_STARTER,3.05,4.5,6.0,-2.95,6,6,UNDER,OVER
2251035,home,2026-06-17,Aaron Nola,691725,691725,Andrew Painter,OTHER_PITCHER,4.56,5.5,3.0,1.5599999999999996,3,3,UNDER,UNDER
2251036,away,2026-06-17,Casey Mize,663554,663554,Casey Mize,SAME_STARTER,3.53,4.5,3.0,0.5299999999999998,3,3,PASS,UNDER
2251036,home,2026-06-17,Peter Lambert,663567,663567,Peter Lambert,SAME_STARTER,3.54,5.5,5.0,-1.46,5,5,UNDER,UNDER
2251037,away,2026-06-17,Griffin Canning,656288,699134,Bradgley Rodriguez,OTHER_PITCHER,3.43,3.5,1.0,2.43,1,1,OVER,UNDER
2251037,home,2026-06-17,Matthew Liberatore,681517,681517,Kyle Leahy,OTHER_PITCHER,2.94,4.5,7.0,-4.0600000000000005,7,7,UNDER,OVER
2251038,away,2026-06-17,Shane McClanahan,663556,663556,Shane McClanahan,SAME_STARTER,3.28,4.5,3.0,0.2799999999999998,3,3,UNDER,UNDER
2251038,home,2026-06-17,Shohei Ohtani,660271,660271,Shohei Ohtani,SAME_STARTER,3.08,6.5,5.0,-1.92,5,5,PASS,UNDER
2251039,away,2026-06-17,Trey Yesavage,453286,680755,Braydon Fisher,OTHER_PITCHER,2.87,4.5,0.0,2.87,0,0,UNDER,UNDER
2251039,home,2026-06-17,Sonny Gray,687562,687562,Jake Bennett,OTHER_PITCHER,2.27,4.5,5.0,-2.73,5,5,UNDER,OVER
2251040,away,2026-06-17,Sean Burke,641743,641743,Anthony Kay,OTHER_PITCHER,3.39,5.5,2.0,1.3900000000000001,2,2,UNDER,UNDER
2251040,home,2026-06-17,Ryan Weathers,607074,607074,Carlos Rodón,OTHER_PITCHER,6.53,5.5,7.0,-0.46999999999999975,7,7,OVER,OVER
2251041,away,2026-06-17,Landen Roupp,605288,687931,Carson Whisenhunt,OTHER_PITCHER,4.24,5.5,2.0,2.24,2,2,UNDER,UNDER
2251041,home,2026-06-17,Martin Perez,702275,702275,JR Ritchie,OTHER_PITCHER,3.32,4.5,4.0,-0.6800000000000002,4,4,PASS,UNDER
2251042,away,2026-06-17,Parker Messick,668909,668909,Gavin Williams,OTHER_PITCHER,4.65,5.5,4.0,0.6500000000000004,4,4,UNDER,UNDER
2251042,home,2026-06-17,Brandon Sproat,687075,687075,Brandon Sproat,SAME_STARTER,3.01,4.5,6.0,-2.99,6,6,UNDER,OVER
2251043,away,2026-06-17,Sean Sullivan,807743,807743,Sean Sullivan,SAME_STARTER,3.03,3.5,2.0,1.0299999999999998,2,2,UNDER,UNDER
2251043,home,2026-06-17,Javier Assad,665871,665871,Javier Assad,SAME_STARTER,1.65,4.5,1.0,0.6499999999999999,1,1,UNDER,UNDER
2251044,away,2026-06-17,Braxton Ashcraft,677952,677952,Braxton Ashcraft,SAME_STARTER,3.92,5.5,7.0,-3.08,7,7,UNDER,OVER
2251044,home,2026-06-17,Gage Jump,650644,650644,Aaron Civale,OTHER_PITCHER,3.71,5.5,2.0,1.71,2,2,UNDER,UNDER
2251045,away,2026-06-17,Shane Baz,680694,680694,Kyle Bradish,OTHER_PITCHER,3.03,5.5,12.0,-8.97,12,12,UNDER,OVER
2251045,home,2026-06-17,Bryan Woo,669923,669923,George Kirby,OTHER_PITCHER,3.96,6.5,5.0,-1.04,5,5,UNDER,UNDER
2251046,away,2026-06-18,Kevin Gausman,702056,702056,Trey Yesavage,OTHER_PITCHER,4.54,5.5,6.0,-1.46,6,6,UNDER,OVER
2251046,home,2026-06-18,Ranger Suarez,543243,543243,Sonny Gray,OTHER_PITCHER,4.01,5.5,4.0,0.009999999999999787,4,4,UNDER,UNDER
2251047,away,2026-06-18,Tanner Bibee,800048,800048,Parker Messick,OTHER_PITCHER,2.95,4.5,9.0,-6.05,9,9,UNDER,OVER
2251047,home,2026-06-18,Jacob Misiorowski,675660,675660,Shane Drohan,OTHER_PITCHER,6.04,8.5,3.0,3.04,3,3,UNDER,UNDER
2251048,away,2026-06-18,Connor Prielipp,657746,657746,Joe Ryan,OTHER_PITCHER,3.59,3.5,7.0,-3.41,7,7,OVER,OVER
2251048,home,2026-06-18,Jacob deGrom,683004,683004,Jack Leiter,OTHER_PITCHER,5.63,6.5,4.0,1.63,4,4,PASS,UNDER
2251049,away,2026-06-18,Trey Gibson,669358,669358,Shane Baz,OTHER_PITCHER,2.07,3.5,9.0,-6.93,9,9,UNDER,OVER
2251049,home,2026-06-18,Bryce Miller,693433,693433,Bryan Woo,OTHER_PITCHER,3.36,4.5,9.0,-5.640000000000001,9,9,UNDER,OVER
2251050,away,2026-06-18,Sean Manaea,640455,640455,Sean Manaea,SAME_STARTER,3.31,5.5,5.0,-1.69,5,5,UNDER,UNDER
2251050,home,2026-06-18,Aaron Nola,605400,605400,Aaron Nola,SAME_STARTER,4.69,5.5,6.0,-1.3099999999999996,6,6,UNDER,OVER
2251051,away,2026-06-18,Erick Fedde,680732,663542,Bryan Hudson,OTHER_PITCHER,2.7,3.5,2.0,0.7000000000000002,2,2,UNDER,UNDER
2251051,home,2026-06-18,Cam Schlittler,677960,677960,Ryan Weathers,OTHER_PITCHER,5.42,6.5,8.0,-2.58,8,8,UNDER,OVER
2251053,away,2026-06-18,Michael McGreevy,669461,669461,Matthew Liberatore,OTHER_PITCHER,2.55,3.5,2.0,0.5499999999999998,2,2,UNDER,UNDER
2251053,home,2026-06-18,Seth Lugo,702070,702070,Noah Cameron,OTHER_PITCHER,3.39,4.5,6.0,-2.61,6,6,UNDER,OVER
2251054,away,2026-06-18,Jose Soriano,696270,696270,Ryan Johnson,OTHER_PITCHER,4.69,5.0,2.0,2.6900000000000004,2,2,UNDER,UNDER
2251054,home,2026-06-18,Jeffrey Springs,695611,695611,Gage Jump,OTHER_PITCHER,3.4,5.5,7.0,-3.6,7,7,UNDER,OVER
2251055,away,2026-06-19,Patrick Corbin,592332,592332,Kevin Gausman,OTHER_PITCHER,2.31,3.5,3.0,-0.69,3,3,UNDER,UNDER
2251055,home,2026-06-19,Colin Rea,676962,676962,Ben Brown,OTHER_PITCHER,2.53,3.5,4.0,-1.4700000000000002,4,4,UNDER,OVER
2251056,away,2026-06-19,Erick Fedde,607200,685126,Brandon Eisert,OTHER_PITCHER,2.58,3.5,2.0,0.5800000000000001,2,2,UNDER,UNDER
2251056,home,2026-06-19,Troy Melton,669373,669373,Tarik Skubal,OTHER_PITCHER,1.99,4.5,8.0,-6.01,8,8,UNDER,OVER
2251057,away,2026-06-19,Andrew Abbott,695076,695076,Rhett Lowder,OTHER_PITCHER,2.35,4.5,5.0,-2.65,5,5,UNDER,OVER
2251057,home,2026-06-19,Will Warren,693645,693645,Cam Schlittler,OTHER_PITCHER,4.56,5.5,13.0,-8.440000000000001,13,13,UNDER,OVER
2251058,away,2026-06-19,Cade Cavalli,676917,676571,PJ Poulin,OTHER_PITCHER,2.94,4.5,1.0,1.94,1,1,UNDER,UNDER
2251058,home,2026-06-19,Griffin Jax,643377,643377,Griffin Jax,SAME_STARTER,2.93,4.5,5.0,-2.07,5,5,UNDER,OVER
2251059,away,2026-06-19,Trevor McDonald,694738,694738,Landen Roupp,OTHER_PITCHER,4.71,4.5,7.0,-2.29,7,7,PASS,OVER
2251059,home,2026-06-19,Max Meyer,669199,669199,Lake Bachar,OTHER_PITCHER,3.78,5.5,1.0,2.78,1,1,UNDER,UNDER
2251060,away,2026-06-19,Kyle Harrison,694819,694819,Jacob Misiorowski,OTHER_PITCHER,4.5,5.5,7.0,-2.5,7,7,UNDER,OVER
2251060,home,2026-06-19,Chris Sale,527048,527048,Martín Pérez,OTHER_PITCHER,6.54,7.5,5.0,1.54,5,5,UNDER,UNDER
2251061,away,2026-06-19,Walker Buehler,681190,681190,Randy Vásquez,OTHER_PITCHER,2.82,4.5,1.0,1.8199999999999998,1,1,UNDER,UNDER
2251061,home,2026-06-19,Nathan Eovaldi,594798,594798,Jacob deGrom,OTHER_PITCHER,4.52,5.5,9.0,-4.48,9,9,UNDER,OVER
2251062,away,2026-06-19,Joey Cantillo,676440,676440,Tanner Bibee,OTHER_PITCHER,2.89,4.5,7.0,-4.109999999999999,7,7,UNDER,OVER
2251062,home,2026-06-19,Spencer Arrighetti,837227,837227,Tatsuya Imai,OTHER_PITCHER,2.87,5.5,11.0,-8.129999999999999,11,11,UNDER,OVER
2251063,away,2026-06-19,Michael McGreevy,700241,700241,Michael McGreevy,SAME_STARTER,2.53,3.5,2.0,0.5299999999999998,2,2,UNDER,UNDER
2251063,home,2026-06-19,Seth Lugo,607625,607625,Seth Lugo,SAME_STARTER,2.95,4.5,0.0,2.95,0,0,UNDER,UNDER
2251064,away,2026-06-19,Paul Skenes,696149,696149,Bubba Chandler,OTHER_PITCHER,6.37,6.5,1.0,5.37,1,1,UNDER,UNDER
2251064,home,2026-06-19,Tomoyuki Sugano,607536,607536,Kyle Freeland,OTHER_PITCHER,1.74,2.5,8.0,-6.26,8,8,UNDER,OVER
2251065,away,2026-06-19,Jose Soriano,667755,667755,José Soriano,SAME_STARTER,4.75,5.5,6.0,-1.25,6,6,UNDER,OVER
2251065,home,2026-06-19,J.T. Ginn,605488,605488,Jeffrey Springs,OTHER_PITCHER,3.09,5.5,4.0,-0.9100000000000001,4,4,UNDER,UNDER
2251066,away,2026-06-19,Trevor Rogers,694346,694346,Trey Gibson,OTHER_PITCHER,2.08,3.5,8.0,-5.92,8,8,UNDER,OVER
2251066,home,2026-06-19,Yoshinobu Yamamoto,808963,808963,Roki Sasaki,OTHER_PITCHER,4.17,6.5,6.0,-1.83,6,6,UNDER,UNDER
2251067,away,2026-06-19,Connelly Early,624133,624133,Ranger Suarez,OTHER_PITCHER,2.97,5.5,5.0,-2.03,5,5,UNDER,UNDER
2251067,home,2026-06-19,Emerson Hancock,682243,682243,Bryce Miller,OTHER_PITCHER,3.67,5.5,7.0,-3.33,7,7,UNDER,OVER
2251068,away,2026-06-20,Davis Martin,663436,656794,Sean Newcomb,OTHER_PITCHER,4.7,4.5,,,,4,PASS,
2251068,home,2026-06-20,Keider Montero,675512,675512,Troy Melton,OTHER_PITCHER,2.31,3.5,5.0,-2.69,5,5,UNDER,OVER
2251069,away,2026-06-20,Chase Burns,671096,671096,Andrew Abbott,OTHER_PITCHER,4.62,7.5,6.0,-1.38,6,6,UNDER,UNDER
2251069,home,2026-06-20,Elmer Rodriguez,701542,701542,Will Warren,OTHER_PITCHER,1.44,4.5,8.0,-6.5600000000000005,8,8,UNDER,OVER
2251070,away,2026-06-20,Dylan Cease,571578,571578,Patrick Corbin,OTHER_PITCHER,7.46,6.5,4.0,3.46,4,4,PASS,UNDER
2251070,home,2026-06-20,Shota Imanaga,607067,607067,Colin Rea,OTHER_PITCHER,4.42,4.5,3.0,1.42,3,3,PASS,UNDER
2251071,away,2026-06-20,Walker Buehler,621111,621111,Walker Buehler,SAME_STARTER,3.05,4.5,7.0,-3.95,7,7,UNDER,OVER
2251071,home,2026-06-20,Nathan Eovaldi,543135,669022,MacKenzie Gore,OTHER_PITCHER,4.51,5.5,,,,6,UNDER,
2251072,away,2026-06-20,Andrew Alvarez,676917,676917,Cade Cavalli,OTHER_PITCHER,3.82,3.5,1.0,2.82,1,1,OVER,UNDER
2251072,home,2026-06-20,Nick Martinez,607259,693855,Ian Seymour,OTHER_PITCHER,2.0,3.5,,,,4,UNDER,
2251073,away,2026-06-20,Logan Webb,686790,686790,Trevor McDonald,OTHER_PITCHER,4.08,5.5,1.0,3.08,1,1,UNDER,UNDER
2251073,home,2026-06-20,Ryan Gusto,676974,676974,Max Meyer,OTHER_PITCHER,2.64,3.5,7.0,-4.359999999999999,7,7,UNDER,OVER
2251074,away,2026-06-20,Robert Gasser,690986,690986,Kyle Harrison,OTHER_PITCHER,3.15,4.5,7.0,-3.85,7,7,UNDER,OVER
2251074,home,2026-06-20,Bryce Elder,519242,519242,Chris Sale,OTHER_PITCHER,2.75,3.5,7.0,-4.25,7,7,UNDER,OVER
2251075,away,2026-06-20,Slade Cecconi,676282,676282,Joey Cantillo,OTHER_PITCHER,2.53,3.5,9.0,-6.470000000000001,9,9,UNDER,OVER
2251075,home,2026-06-20,Spencer Arrighetti,681293,681293,Spencer Arrighetti,SAME_STARTER,3.02,5.5,8.0,-4.98,8,8,UNDER,OVER
2251076,away,2026-06-20,Freddy Peralta,642547,642547,Freddy Peralta,SAME_STARTER,3.82,5.5,2.0,1.8199999999999998,2,2,UNDER,UNDER
2251076,home,2026-06-20,Zack Wheeler,650911,650911,Cristopher Sánchez,OTHER_PITCHER,5.01,6.5,5.0,0.009999999999999787,5,5,UNDER,UNDER
2251077,away,2026-06-20,Jared Jones,694973,694973,Paul Skenes,OTHER_PITCHER,3.14,4.5,8.0,-4.859999999999999,8,8,UNDER,OVER
2251077,home,2026-06-20,Michael Lorenzen,608372,608372,Tomoyuki Sugano,OTHER_PITCHER,2.71,3.5,5.0,-2.29,5,5,UNDER,OVER
2251078,away,2026-06-20,Reid Detmers,700712,700712,Walbert Ureña,OTHER_PITCHER,5.4,6.5,6.0,-0.5999999999999996,6,6,UNDER,UNDER
2251078,home,2026-06-20,J.T. Ginn,669372,669372,J.T. Ginn,SAME_STARTER,3.01,5.5,5.0,-1.9900000000000002,5,5,UNDER,UNDER
2251079,away,2026-06-20,Brandon Young,669432,669432,Trevor Rogers,OTHER_PITCHER,1.66,3.5,6.0,-4.34,6,6,UNDER,OVER
2251079,home,2026-06-20,Emmet Sheehan,808967,808967,Yoshinobu Yamamoto,OTHER_PITCHER,5.33,6.5,6.0,-0.6699999999999999,6,6,UNDER,UNDER
2251080,away,2026-06-20,Payton Tolle,813349,813349,Connelly Early,OTHER_PITCHER,3.29,5.5,7.0,-3.71,7,7,UNDER,OVER
2251080,home,2026-06-20,Logan Gilbert,676106,676106,Emerson Hancock,OTHER_PITCHER,4.69,6.5,6.0,-1.3099999999999996,6,6,UNDER,UNDER
2251081,away,2026-06-21,Brady Singer,695505,695505,Chase Burns,OTHER_PITCHER,3.02,4.5,7.0,-3.98,7,7,UNDER,OVER
2251081,home,2026-06-21,Gerrit Cole,695684,695684,Elmer Rodríguez,OTHER_PITCHER,3.46,5.5,4.0,-0.54,4,4,UNDER,UNDER
2251082,away,2026-06-21,Brandon Woodruff,688107,688107,Robert Gasser,OTHER_PITCHER,2.46,5.5,7.0,-4.54,7,7,UNDER,OVER
2251082,home,2026-06-21,Grant Holmes,693821,693821,Bryce Elder,OTHER_PITCHER,2.93,3.5,6.0,-3.07,6,6,PASS,OVER
2251083,away,2026-06-21,Foster Griffin,674841,674841,Andrew Alvarez,OTHER_PITCHER,3.42,5.5,6.0,-2.58,6,6,UNDER,OVER
2251083,home,2026-06-21,Drew Rasmussen,607259,607259,Nick Martinez,OTHER_PITCHER,4.48,5.5,5.0,-0.5199999999999996,5,5,UNDER,UNDER
2251084,away,2026-06-21,Davis Martin,663436,663436,Davis Martin,SAME_STARTER,4.64,5.5,4.0,0.6399999999999997,4,4,UNDER,UNDER
2251084,home,2026-06-21,Framber Valdez,672456,672456,Keider Montero,OTHER_PITCHER,3.08,4.5,3.0,0.08000000000000007,3,3,UNDER,UNDER
2251085,away,2026-06-21,Logan Webb,657277,657277,Logan Webb,SAME_STARTER,4.08,5.5,5.0,-0.9199999999999999,5,5,UNDER,UNDER
2251085,home,2026-06-21,Ryan Gusto,687473,687473,Ryan Gusto,SAME_STARTER,3.34,3.5,6.0,-2.66,6,6,UNDER,OVER
2251086,away,2026-06-21,Gavin Williams,677944,677944,Slade Cecconi,OTHER_PITCHER,4.6,5.5,1.0,3.5999999999999996,1,1,UNDER,UNDER
2251086,home,2026-06-21,Hunter Brown,678906,678906,Kai-Wei Teng,OTHER_PITCHER,8.04,5.5,4.0,4.039999999999999,4,4,OVER,UNDER
2251087,away,2026-06-21,Andre Pallante,669160,669160,Dustin May,OTHER_PITCHER,2.47,3.5,2.0,0.4700000000000002,2,2,UNDER,UNDER
2251087,home,2026-06-21,Michael Wacha,663568,663568,Stephen Kolek,OTHER_PITCHER,2.47,4.5,0.0,2.47,0,0,UNDER,UNDER
2251089,away,2026-06-21,Michael King,608337,593974,Wandy Peralta,OTHER_PITCHER,2.63,5.5,,,,0,UNDER,
2251089,home,2026-06-21,Kumar Rocker,543135,543135,Nathan Eovaldi,OTHER_PITCHER,2.41,4.5,9.0,-6.59,9,9,UNDER,OVER
2251090,away,2026-06-21,Jared Jones,683003,683003,Jared Jones,SAME_STARTER,2.94,4.5,3.0,-0.06000000000000005,3,3,UNDER,UNDER
2251090,home,2026-06-21,Ryan Feltner,547179,547179,Michael Lorenzen,OTHER_PITCHER,2.84,3.5,5.0,-2.16,5,5,UNDER,OVER
2251091,away,2026-06-21,Sam Aldegheri,672282,672282,Reid Detmers,OTHER_PITCHER,1.46,3.5,4.0,-2.54,4,4,UNDER,OVER
2251091,home,2026-06-21,,,678022,Jack Perkins,NO_LIVE_ROW,,,,,,8,,
2251092,away,2026-06-21,Kyle Bradish,687064,687064,Brandon Young,OTHER_PITCHER,3.47,6.5,5.0,-1.5299999999999998,5,5,UNDER,UNDER
2251092,home,2026-06-21,Eric Lauer,686218,686218,Emmet Sheehan,OTHER_PITCHER,2.64,3.5,4.0,-1.3599999999999999,4,4,UNDER,OVER
2251093,away,2026-06-21,Jake Bennett,801139,801139,Payton Tolle,OTHER_PITCHER,2.11,3.5,2.0,0.10999999999999988,2,2,UNDER,UNDER
2251093,home,2026-06-21,Logan Gilbert,669302,669302,Logan Gilbert,SAME_STARTER,4.68,6.5,8.0,-3.3200000000000003,8,8,UNDER,OVER
2251094,away,2026-06-21,Kodai Senga,673540,656849,David Peterson,OTHER_PITCHER,3.34,4.5,,,,5,UNDER,
2251094,home,2026-06-21,Zack Wheeler,554430,554430,Zack Wheeler,SAME_STARTER,5.37,6.5,7.0,-1.63,7,7,UNDER,OVER
2251095,away,2026-06-22,Luinder Avila,608379,608379,Michael Wacha,OTHER_PITCHER,3.38,3.5,5.0,-1.62,5,5,UNDER,OVER
2251095,home,2026-06-22,Shane McClanahan,656876,656876,Drew Rasmussen,OTHER_PITCHER,3.13,5.5,5.0,-1.87,5,5,UNDER,UNDER
2251096,away,2026-06-22,Kumar Rocker,677958,641302,Tyler Alexander,OTHER_PITCHER,2.36,4.5,1.0,1.3599999999999999,1,1,UNDER,UNDER
2251096,home,2026-06-22,Sandy Alcantara,663969,663969,Tyler Phillips,OTHER_PITCHER,2.73,4.5,4.0,-1.27,4,4,UNDER,UNDER
2251097,away,2026-06-22,Carlos Rodon,543037,543037,Gerrit Cole,OTHER_PITCHER,4.29,5.5,5.0,-0.71,5,5,UNDER,UNDER
2251097,home,2026-06-22,Casey Mize,664285,664285,Framber Valdez,OTHER_PITCHER,3.72,5.5,8.0,-4.279999999999999,8,8,UNDER,OVER
2251098,away,2026-06-22,Jesus Luzardo,666200,641835,Tim Mayza,OTHER_PITCHER,5.78,6.5,2.0,3.7800000000000002,2,2,UNDER,UNDER
2251098,home,2026-06-22,Zack Littell,656492,656492,Foster Griffin,OTHER_PITCHER,1.86,3.5,9.0,-7.14,9,9,UNDER,OVER
2251099,away,2026-06-22,Peter Lambert,686613,686613,Hunter Brown,OTHER_PITCHER,2.9,3.5,4.0,-1.1,4,4,UNDER,OVER
2251099,home,2026-06-22,Shane Bieber,656302,656302,Dylan Cease,OTHER_PITCHER,3.45,4.5,8.0,-4.55,8,8,UNDER,OVER
2251100,away,2026-06-24,Edward Cabrera,684007,665871,Javier Assad,OTHER_PITCHER,3.44,4.5,,,,5,UNDER,
2251100,home,2026-06-24,Kodai Senga,673540,690997,Nolan McLean,OTHER_PITCHER,3.12,4.5,,,,9,UNDER,
2251101,away,2026-06-22,Brandon Sproat,605540,605540,Brandon Woodruff,OTHER_PITCHER,3.26,4.5,10.0,-6.74,10,10,UNDER,OVER
2251101,home,2026-06-22,Nick Lodolo,663903,663903,Brady Singer,OTHER_PITCHER,1.91,5.5,7.0,-5.09,7,7,UNDER,OVER
2251102,away,2026-06-22,Justin Wrobleski,641778,694361,Will Klein,OTHER_PITCHER,2.1,4.5,,,,2,UNDER,
2251102,home,2026-06-22,Kendry Rojas,805673,805673,Zebby Matthews,OTHER_PITCHER,4.2,2.5,5.0,-0.7999999999999998,5,5,OVER,OVER
2251103,away,2026-06-22,Parker Messick,668909,668909,Gavin Williams,OTHER_PITCHER,5.75,5.5,8.0,-2.25,8,8,OVER,OVER
2251103,home,2026-06-22,Sean Burke,641743,641743,Anthony Kay,OTHER_PITCHER,3.19,5.5,8.0,-4.8100000000000005,8,8,UNDER,OVER
2251104,away,2026-06-22,Sonny Gray,687562,687562,Jake Bennett,OTHER_PITCHER,2.48,5.5,9.0,-6.52,9,9,UNDER,OVER
2251104,home,2026-06-22,Sean Sullivan,663372,663372,Ryan Feltner,OTHER_PITCHER,3.38,3.5,2.0,1.38,2,2,UNDER,UNDER
2251105,away,2026-06-22,Shane Baz,680694,680694,Kyle Bradish,OTHER_PITCHER,3.31,5.5,9.0,-5.6899999999999995,9,9,UNDER,OVER
2251105,home,2026-06-22,Ryan Johnson,691951,691951,Sam Aldegheri,OTHER_PITCHER,2.35,4.5,3.0,-0.6499999999999999,3,3,UNDER,UNDER
2251106,away,2026-06-22,JR Ritchie,656550,656550,Grant Holmes,OTHER_PITCHER,2.49,3.5,4.0,-1.5099999999999998,4,4,UNDER,OVER
2251106,home,2026-06-22,Michael King,650633,650633,Michael King,SAME_STARTER,2.63,4.5,5.0,-2.37,5,5,UNDER,OVER
2251107,away,2026-06-23,Bryan Woo,669923,669923,George Kirby,OTHER_PITCHER,3.92,5.5,5.0,-1.08,5,5,UNDER,UNDER
2251107,home,2026-06-23,Braxton Ashcraft,656605,656605,Mitch Keller,OTHER_PITCHER,4.36,5.5,4.0,0.3600000000000003,4,4,UNDER,UNDER
2251108,away,2026-06-23,Noah Cameron,679883,679883,Luinder Avila,OTHER_PITCHER,2.71,4.5,6.0,-3.29,6,6,UNDER,OVER
2251108,home,2026-06-23,Griffin Jax,643377,663556,Shane McClanahan,OTHER_PITCHER,2.87,4.5,4.0,-1.13,4,4,UNDER,UNDER
2251109,away,2026-06-23,Jacob deGrom,594798,615698,Cal Quantrill,OTHER_PITCHER,5.58,6.5,1.0,4.58,1,1,PASS,UNDER
2251109,home,2026-06-23,Eury Perez,645261,645261,Sandy Alcantara,OTHER_PITCHER,3.31,4.5,4.0,-0.69,4,4,UNDER,UNDER
2251110,away,2026-06-23,Ryan Weathers,607074,607074,Carlos Rodón,OTHER_PITCHER,6.35,5.5,5.0,1.3499999999999996,5,5,OVER,UNDER
2251110,home,2026-06-23,Tarik Skubal,663554,663554,Casey Mize,OTHER_PITCHER,6.21,6.5,6.0,0.20999999999999996,6,6,PASS,UNDER
2251111,away,2026-06-23,Aaron Nola,605400,666200,Jesús Luzardo,OTHER_PITCHER,4.27,4.5,13.0,-8.73,13,13,PASS,OVER
2251111,home,2026-06-23,Miles Mikolas,571945,676571,PJ Poulin,OTHER_PITCHER,2.85,3.5,1.0,1.85,1,1,UNDER,UNDER
2251112,away,2026-06-23,Mike Burrows,663567,663567,Peter Lambert,OTHER_PITCHER,2.45,3.5,6.0,-3.55,6,6,UNDER,OVER
2251112,home,2026-06-23,Trey Yesavage,669456,669456,Shane Bieber,OTHER_PITCHER,2.66,5.5,2.0,0.6600000000000001,2,2,UNDER,UNDER
2251113,away,2026-06-23,Shota Imanaga,684007,665795,Edward Cabrera,OTHER_PITCHER,4.06,5.5,4.0,0.05999999999999961,4,4,UNDER,UNDER
2251113,home,2026-06-23,Nolan McLean,690997,673540,Kodai Senga,OTHER_PITCHER,5.87,5.5,6.0,-0.1299999999999999,6,6,PASS,OVER
2251114,away,2026-06-23,,,687075,Brandon Sproat,NO_LIVE_ROW,,,,,,10,,
2251114,home,2026-06-23,Rhett Lowder,695076,666157,Nick Lodolo,OTHER_PITCHER,2.11,4.5,6.0,-3.89,6,6,UNDER,OVER
2251115,away,2026-06-23,,,680736,Justin Wrobleski,NO_LIVE_ROW,,,,,,3,,
2251115,home,2026-06-23,Joe Ryan,657746,696070,Kendry Rojas,OTHER_PITCHER,4.31,5.5,4.0,0.3099999999999996,4,4,UNDER,UNDER
2251116,away,2026-06-23,Tanner Bibee,676440,800048,Parker Messick,OTHER_PITCHER,3.65,5.5,10.0,-6.35,10,10,UNDER,OVER
2251116,home,2026-06-23,Erick Fedde,607200,680732,Sean Burke,OTHER_PITCHER,2.56,3.5,6.0,-3.44,6,6,UNDER,OVER
2251117,away,2026-06-23,Ranger Suarez,624133,543243,Sonny Gray,OTHER_PITCHER,4.61,4.5,11.0,-6.39,11,11,UNDER,OVER
2251117,home,2026-06-23,Kyle Freeland,607536,807743,Sean Sullivan,OTHER_PITCHER,2.89,4.5,3.0,-0.10999999999999988,3,3,UNDER,UNDER
2251118,away,2026-06-23,Trey Gibson,694346,669358,Shane Baz,OTHER_PITCHER,2.86,4.5,5.0,-2.14,5,5,UNDER,OVER
2251118,home,2026-06-23,Jose Soriano,667755,696270,Ryan Johnson,OTHER_PITCHER,5.2,6.5,8.0,-2.8,8,8,UNDER,OVER
2251119,away,2026-06-23,Martin Perez,527048,702275,JR Ritchie,OTHER_PITCHER,3.15,4.5,7.0,-3.85,7,7,UNDER,OVER
2251119,home,2026-06-23,JP Sears,676664,593974,Wandy Peralta,OTHER_PITCHER,2.72,3.5,2.0,0.7200000000000002,2,2,UNDER,UNDER
2251120,away,2026-06-23,Gage Jump,695611,650644,Aaron Civale,OTHER_PITCHER,3.34,4.5,5.0,-1.6600000000000001,5,5,UNDER,OVER
2251120,home,2026-06-23,Tyler Mahle,641816,592662,Robbie Ray,OTHER_PITCHER,3.31,4.5,6.0,-2.69,6,6,UNDER,OVER
2251121,away,2026-06-24,MacKenzie Gore,594798,594798,Jacob deGrom,OTHER_PITCHER,4.32,5.5,8.0,-3.6799999999999997,8,8,UNDER,OVER
2251121,home,2026-06-24,Eury Perez,691587,691587,Eury Pérez,SAME_STARTER,3.04,4.5,1.0,2.04,1,1,UNDER,UNDER
2251122,away,2026-06-24,Tanner Bibee,676440,676440,Tanner Bibee,SAME_STARTER,3.73,4.5,3.0,0.73,3,3,UNDER,UNDER
2251122,home,2026-06-24,Erick Fedde,607200,669684,Chris Murphy,OTHER_PITCHER,2.52,3.5,2.0,0.52,2,2,UNDER,UNDER
2251123,away,2026-06-24,Connelly Early,624133,624133,Ranger Suarez,OTHER_PITCHER,3.71,5.5,9.0,-5.29,9,9,UNDER,OVER
2251123,home,2026-06-24,Kyle Freeland,607536,607536,Kyle Freeland,SAME_STARTER,2.75,3.5,4.0,-1.25,4,4,UNDER,OVER
2251124,away,2026-06-24,Trey Gibson,694346,694346,Trey Gibson,SAME_STARTER,3.19,4.5,5.0,-1.81,5,5,UNDER,OVER
2251124,home,2026-06-24,Jose Soriano,667755,667755,José Soriano,SAME_STARTER,5.35,6.5,4.0,1.3499999999999996,4,4,UNDER,UNDER
2251125,away,2026-06-24,Bryce Miller,693433,693433,Bryan Woo,OTHER_PITCHER,3.65,5.5,4.0,-0.3500000000000001,4,4,UNDER,UNDER
2251125,home,2026-06-24,Bubba Chandler,677952,677952,Braxton Ashcraft,OTHER_PITCHER,2.42,4.5,10.0,-7.58,10,10,UNDER,OVER
2251126,away,2026-06-24,Seth Lugo,702070,702070,Noah Cameron,OTHER_PITCHER,2.55,4.5,5.0,-2.45,5,5,UNDER,OVER
2251126,home,2026-06-24,Griffin Jax,643377,643377,Griffin Jax,SAME_STARTER,2.77,4.5,7.0,-4.23,7,7,UNDER,OVER
2251127,away,2026-06-24,Cam Schlittler,677960,677960,Ryan Weathers,OTHER_PITCHER,5.69,6.5,6.0,-0.3099999999999996,6,6,UNDER,UNDER
2251127,home,2026-06-24,Troy Melton,669373,669373,Tarik Skubal,OTHER_PITCHER,2.19,4.5,9.0,-6.8100000000000005,9,9,UNDER,OVER
2251128,away,2026-06-24,Cristopher Sanchez,605400,605400,Aaron Nola,OTHER_PITCHER,6.11,6.5,5.0,1.1100000000000003,5,5,PASS,UNDER
2251128,home,2026-06-24,Cade Cavalli,571945,687223,Carson Palmquist,OTHER_PITCHER,3.05,4.5,3.0,0.04999999999999982,3,3,UNDER,UNDER
2251129,away,2026-06-24,Mike Burrows,681347,681347,Mike Burrows,SAME_STARTER,2.45,3.5,3.0,-0.5499999999999998,3,3,UNDER,UNDER
2251129,home,2026-06-24,Kevin Gausman,702056,702056,Trey Yesavage,OTHER_PITCHER,4.63,5.5,5.0,-0.3700000000000001,5,5,UNDER,UNDER
2251130,away,2026-06-24,Matthew Boyd,684007,684007,Shota Imanaga,OTHER_PITCHER,7.23,4.5,4.0,3.2300000000000004,4,4,OVER,UNDER
2251130,home,2026-06-24,Freddy Peralta,690997,640455,Sean Manaea,OTHER_PITCHER,3.37,5.5,4.0,-0.6299999999999999,4,4,UNDER,UNDER
2251131,away,2026-06-24,Shane Drohan,675660,675660,Shane Drohan,SAME_STARTER,5.66,5.5,5.0,0.6600000000000001,5,5,PASS,UNDER
2251131,home,2026-06-24,Rhett Lowder,695076,695076,Rhett Lowder,SAME_STARTER,2.29,4.5,6.0,-3.71,6,6,UNDER,OVER
2251132,away,2026-06-24,Shohei Ohtani,660271,660271,Shohei Ohtani,SAME_STARTER,3.29,6.5,8.0,-4.71,8,8,UNDER,OVER
2251132,home,2026-06-24,Joe Ryan,657746,657746,Joe Ryan,SAME_STARTER,4.57,5.5,9.0,-4.43,9,9,UNDER,OVER
2251133,away,2026-06-24,Martin Perez,527048,527048,Martín Pérez,SAME_STARTER,3.34,4.5,4.0,-0.6600000000000001,4,4,UNDER,UNDER
2251133,home,2026-06-24,JP Sears,676664,676664,JP Sears,SAME_STARTER,3.1,3.5,5.0,-1.9,5,5,UNDER,OVER
2251134,away,2026-06-24,Jeffrey Springs,695611,695611,Gage Jump,OTHER_PITCHER,3.36,4.5,9.0,-5.640000000000001,9,9,UNDER,OVER
2251134,home,2026-06-24,Landen Roupp,641816,641816,Tyler Mahle,OTHER_PITCHER,4.54,5.5,4.0,0.54,4,4,PASS,UNDER
2251135,away,2026-06-25,Seth Lugo,607625,607625,Seth Lugo,SAME_STARTER,2.73,4.5,3.0,-0.27,3,3,UNDER,UNDER
2251135,home,2026-06-25,,,668984,Casey Legumina,NO_LIVE_ROW,,,,,,0,,
2251136,away,2026-06-25,Bryce Miller,682243,682243,Bryce Miller,SAME_STARTER,3.75,5.5,11.0,-7.25,11,11,UNDER,OVER
2251136,home,2026-06-25,Paul Skenes,696149,696149,Bubba Chandler,OTHER_PITCHER,2.41,7.5,4.0,-1.5899999999999999,4,4,UNDER,UNDER
2251137,away,2026-06-25,Jeffrey Springs,605488,605488,Jeffrey Springs,SAME_STARTER,3.39,4.5,6.0,-2.61,6,6,UNDER,OVER
2251137,home,2026-06-25,Landen Roupp,694738,694738,Landen Roupp,SAME_STARTER,4.54,6.5,6.0,-1.46,6,6,UNDER,UNDER
2251138,away,2026-06-25,Spencer Arrighetti,837227,837227,Tatsuya Imai,OTHER_PITCHER,3.45,5.5,10.0,-6.55,10,10,UNDER,OVER
2251138,home,2026-06-25,Keider Montero,675512,675512,Troy Melton,OTHER_PITCHER,2.28,3.5,6.0,-3.72,6,6,UNDER,OVER
2251139,away,2026-06-25,Cristopher Sanchez,650911,650911,Cristopher Sánchez,SAME_STARTER,6.33,6.5,6.0,0.33000000000000007,6,6,UNDER,UNDER
2251139,home,2026-06-25,Cade Cavalli,676917,676917,Cade Cavalli,SAME_STARTER,3.2,4.5,7.0,-3.8,7,7,UNDER,OVER
2251140,away,2026-06-25,MacKenzie Gore,669022,669022,MacKenzie Gore,SAME_STARTER,3.98,4.5,5.0,-1.02,5,5,PASS,OVER
2251140,home,2026-06-25,Kevin Gausman,592332,592332,Kevin Gausman,SAME_STARTER,4.61,5.5,4.0,0.6100000000000003,4,4,UNDER,UNDER
2251141,away,2026-06-25,Matthew Boyd,571510,571510,Matthew Boyd,SAME_STARTER,6.3,4.5,4.0,2.3,4,4,OVER,UNDER
2251141,home,2026-06-25,Freddy Peralta,642547,642547,Freddy Peralta,SAME_STARTER,3.48,5.5,5.0,-1.52,5,5,UNDER,UNDER
2251142,away,2026-06-25,Cam Schlittler,693645,693645,Cam Schlittler,SAME_STARTER,5.66,6.5,9.0,-3.34,9,9,PASS,OVER
2251142,home,2026-06-25,Connelly Early,813349,813349,Connelly Early,SAME_STARTER,3.11,5.5,9.0,-5.890000000000001,9,9,UNDER,OVER
2251143,away,2026-06-26,Spencer Arrighetti,681293,681293,Spencer Arrighetti,SAME_STARTER,3.08,5.5,7.0,-3.92,7,7,UNDER,OVER
2251143,home,2026-06-26,Keider Montero,672456,672456,Keider Montero,SAME_STARTER,1.99,3.5,3.0,-1.01,3,3,UNDER,UNDER
2251144,away,2026-06-26,Andrew Abbott,671096,671096,Andrew Abbott,SAME_STARTER,3.05,4.5,6.0,-2.95,6,6,UNDER,OVER
2251144,home,2026-06-26,Paul Skenes,694973,694973,Paul Skenes,SAME_STARTER,7.54,8.5,7.0,0.54,7,7,UNDER,UNDER
2251145,away,2026-06-26,Andrew Alvarez,674841,674841,Andrew Alvarez,SAME_STARTER,5.76,4.5,5.0,0.7599999999999998,5,5,OVER,OVER
2251145,home,2026-06-26,Trevor Rogers,669432,669432,Trevor Rogers,SAME_STARTER,2.52,4.5,7.0,-4.48,7,7,UNDER,OVER
2251146,away,2026-06-26,Nathan Eovaldi,543135,543135,Nathan Eovaldi,SAME_STARTER,4.04,5.5,9.0,-4.96,9,9,UNDER,OVER
2251146,home,2026-06-26,Patrick Corbin,571578,571578,Patrick Corbin,SAME_STARTER,2.46,4.5,5.0,-2.54,5,5,UNDER,OVER
2251147,away,2026-06-26,Luis Castillo,622491,622491,Luis Castillo,SAME_STARTER,3.47,4.5,4.0,-0.5299999999999998,4,4,UNDER,UNDER
2251147,home,2026-06-26,Joey Cantillo,676282,676282,Joey Cantillo,SAME_STARTER,3.16,5.5,9.0,-5.84,9,9,UNDER,OVER
2251148,away,2026-06-26,Zack Wheeler,554430,554430,Zack Wheeler,SAME_STARTER,5.37,6.5,5.0,0.3700000000000001,5,5,UNDER,UNDER
2251148,home,2026-06-26,,,804267,Zac Thornton,NO_LIVE_ROW,,,,,,7,,
2251149,away,2026-06-26,Will Warren,701542,701542,Will Warren,SAME_STARTER,4.54,4.5,0.0,4.54,0,0,PASS,UNDER
2251149,home,2026-06-26,Payton Tolle,801139,801139,Payton Tolle,SAME_STARTER,2.93,5.5,7.0,-4.07,7,7,UNDER,OVER
2251150,away,2026-06-26,,,674444,Steven Cruz,NO_LIVE_ROW,,,,,,3,,
2251150,home,2026-06-26,David Sandlin,689818,689818,David Sandlin,SAME_STARTER,4.16,4.5,6.0,-1.8399999999999999,6,6,UNDER,OVER
2251151,away,2026-06-26,Colin Rea,607067,607067,Colin Rea,SAME_STARTER,2.74,4.5,4.0,-1.2599999999999998,4,4,UNDER,UNDER
2251151,home,2026-06-26,Jacob Misiorowski,694819,694819,Jacob Misiorowski,SAME_STARTER,6.29,8.5,8.0,-1.71,8,8,UNDER,UNDER
2251152,away,2026-06-26,Tomoyuki Sugano,608372,608372,Tomoyuki Sugano,SAME_STARTER,1.86,3.5,2.0,-0.1399999999999999,2,2,UNDER,UNDER
2251152,home,2026-06-26,Taj Bradley,671737,671737,Taj Bradley,SAME_STARTER,4.01,6.5,7.0,-2.99,7,7,UNDER,OVER
2251153,away,2026-06-26,Max Meyer,676974,676974,Max Meyer,SAME_STARTER,4.45,5.5,5.0,-0.5499999999999998,5,5,UNDER,UNDER
2251153,home,2026-06-26,Michael McGreevy,700241,700241,Michael McGreevy,SAME_STARTER,2.55,3.5,4.0,-1.4500000000000002,4,4,UNDER,OVER
2251154,away,2026-06-26,J.T. Ginn,669372,669372,J.T. Ginn,SAME_STARTER,3.16,5.5,5.0,-1.8399999999999999,5,5,UNDER,UNDER
2251154,home,2026-06-26,Walbert Urena,700712,700712,Walbert Ureña,SAME_STARTER,2.92,5.5,5.0,-2.08,5,5,UNDER,UNDER
2251155,away,2026-06-26,Roki Sasaki,808963,808963,Roki Sasaki,SAME_STARTER,2.54,5.5,2.0,0.54,2,2,UNDER,UNDER
2251155,home,2026-06-26,Walker Buehler,621111,621111,Walker Buehler,SAME_STARTER,2.95,4.5,5.0,-2.05,5,5,UNDER,OVER
2251156,away,2026-06-26,Reynaldo Lopez,625643,625643,Reynaldo López,SAME_STARTER,3.16,2.5,1.0,2.16,1,1,OVER,UNDER
2251156,home,2026-06-26,,,686790,Trevor McDonald,NO_LIVE_ROW,,,,,,3,,
2251157,away,2026-06-27,Hunter Brown,686613,678906,Kai-Wei Teng,OTHER_PITCHER,8.47,6.5,1.0,7.470000000000001,1,1,PASS,UNDER
2251157,home,2026-06-27,Jack Flaherty,664285,664285,Framber Valdez,OTHER_PITCHER,3.42,5.5,2.0,1.42,2,2,UNDER,UNDER
2251158,away,2026-06-27,Carlos Rodon,543037,543037,Gerrit Cole,OTHER_PITCHER,3.85,5.5,5.0,-1.15,5,5,UNDER,UNDER
2251158,home,2026-06-27,Sonny Gray,687562,687562,Jake Bennett,OTHER_PITCHER,3.0,5.5,3.0,0.0,3,3,UNDER,UNDER
2251159,away,2026-06-27,Kumar Rocker,677958,615698,Cal Quantrill,OTHER_PITCHER,2.09,4.5,5.0,-2.91,5,5,UNDER,OVER
2251159,home,2026-06-27,Shane Bieber,656302,656302,Dylan Cease,OTHER_PITCHER,3.18,5.5,10.0,-6.82,10,10,UNDER,OVER
2251160,away,2026-06-27,Brady Singer,695505,695505,Chase Burns,OTHER_PITCHER,2.82,4.5,10.0,-7.18,10,10,UNDER,OVER
2251160,home,2026-06-27,Mitch Keller,683003,683003,Jared Jones,OTHER_PITCHER,3.55,4.5,4.0,-0.4500000000000002,4,4,UNDER,UNDER
2251161,away,2026-06-27,Jesus Luzardo,666200,641835,Tim Mayza,OTHER_PITCHER,6.0,6.5,1.0,5.0,1,1,UNDER,UNDER
2251161,home,2026-06-27,Christian Scott,681035,681035,Christian Scott,SAME_STARTER,3.27,4.5,6.0,-2.73,6,6,UNDER,OVER
2251162,away,2026-06-27,Luinder Avila,608379,608379,Michael Wacha,OTHER_PITCHER,4.57,3.5,7.0,-2.4299999999999997,7,7,UNDER,OVER
2251162,home,2026-06-27,Davis Martin,663436,663436,Davis Martin,SAME_STARTER,4.07,5.5,3.0,1.0700000000000003,3,3,UNDER,UNDER
2251163,away,2026-06-27,Zack Littell,656492,656492,Foster Griffin,OTHER_PITCHER,2.1,3.5,9.0,-6.9,9,9,UNDER,OVER
2251163,home,2026-06-27,Kyle Bradish,687064,687064,Brandon Young,OTHER_PITCHER,3.65,5.5,8.0,-4.35,8,8,UNDER,OVER
2251164,away,2026-06-27,Emerson Hancock,669302,669302,Logan Gilbert,OTHER_PITCHER,4.02,4.5,7.0,-2.9800000000000004,7,7,UNDER,OVER
2251164,home,2026-06-27,Gavin Williams,677944,677944,Slade Cecconi,OTHER_PITCHER,5.2,6.5,4.0,1.2000000000000002,4,4,UNDER,UNDER
2251165,away,2026-06-27,Ryan Feltner,547179,547179,Michael Lorenzen,OTHER_PITCHER,2.26,4.5,1.0,1.2599999999999998,1,1,UNDER,UNDER
2251165,home,2026-06-27,Connor Prielipp,702474,702474,Mike Paredes,OTHER_PITCHER,3.4,5.5,2.0,1.4,2,2,UNDER,UNDER
2251166,away,2026-06-27,,,656849,David Peterson,NO_LIVE_ROW,,,,,,2,,
2251166,home,2026-06-27,Brandon Woodruff,690986,690986,Kyle Harrison,OTHER_PITCHER,3.08,5.5,9.0,-5.92,9,9,UNDER,OVER
2251167,away,2026-06-27,Ryan Gusto,687473,687473,Ryan Gusto,SAME_STARTER,4.01,3.5,4.0,0.009999999999999787,4,4,PASS,OVER
2251167,home,2026-06-27,Kyle Leahy,669467,669467,Andre Pallante,OTHER_PITCHER,2.26,4.5,4.0,-1.7400000000000002,4,4,UNDER,UNDER
2251168,away,2026-06-27,Emmet Sheehan,808967,808967,Yoshinobu Yamamoto,OTHER_PITCHER,5.24,5.5,4.0,1.2400000000000002,4,4,UNDER,UNDER
2251168,home,2026-06-27,Michael King,681190,606996,Kyle Hart,OTHER_PITCHER,2.61,4.5,2.0,0.6099999999999999,2,2,UNDER,UNDER
2251169,away,2026-06-27,Chris Sale,693821,693821,Bryce Elder,OTHER_PITCHER,5.73,7.5,4.0,1.7300000000000004,4,4,UNDER,UNDER
2251169,home,2026-06-27,Robbie Ray,657277,657277,Logan Webb,OTHER_PITCHER,2.8,5.5,6.0,-3.2,6,6,UNDER,OVER
2251170,away,2026-06-27,Aaron Civale,650644,678022,Jack Perkins,OTHER_PITCHER,2.25,4.5,5.0,-2.75,5,5,UNDER,OVER
2251170,home,2026-06-27,Sam Aldegheri,672282,672282,Reid Detmers,OTHER_PITCHER,1.5,3.5,8.0,-6.5,8,8,UNDER,OVER
2251171,away,2026-06-28,Miles Mikolas,641793,641793,Zack Littell,OTHER_PITCHER,3.09,2.5,3.0,0.08999999999999986,3,3,PASS,OVER
2251171,home,2026-06-28,Shane Baz,680694,680694,Kyle Bradish,OTHER_PITCHER,2.96,5.5,2.0,0.96,2,2,UNDER,UNDER
2251172,away,2026-06-28,Nick Lodolo,663903,663903,Brady Singer,OTHER_PITCHER,2.53,4.5,6.0,-3.47,6,6,UNDER,OVER
2251172,home,2026-06-28,Braxton Ashcraft,656605,656605,Mitch Keller,OTHER_PITCHER,4.78,6.5,4.0,0.7800000000000002,4,4,UNDER,UNDER
2251173,away,2026-06-28,Kumar Rocker,677958,677958,Kumar Rocker,SAME_STARTER,2.06,3.5,5.0,-2.94,5,5,UNDER,OVER
2251173,home,2026-06-28,Trey Yesavage,669456,669456,Shane Bieber,OTHER_PITCHER,2.65,6.5,4.0,-1.35,4,4,UNDER,UNDER
2251174,away,2026-06-28,Peter Lambert,686613,686613,Hunter Brown,OTHER_PITCHER,3.77,4.5,4.0,-0.22999999999999998,4,4,UNDER,UNDER
2251174,home,2026-06-28,Casey Mize,656427,656427,Jack Flaherty,OTHER_PITCHER,3.68,5.5,9.0,-5.32,9,9,UNDER,OVER
2251175,away,2026-06-28,George Kirby,676106,676106,Emerson Hancock,OTHER_PITCHER,4.68,6.5,6.0,-1.3200000000000003,6,6,PASS,UNDER
2251175,home,2026-06-28,Parker Messick,668909,668909,Gavin Williams,OTHER_PITCHER,5.87,5.5,6.0,-0.1299999999999999,6,6,UNDER,OVER
2251176,away,2026-06-28,Aaron Nola,666200,666200,Jesús Luzardo,OTHER_PITCHER,4.44,5.5,6.0,-1.5599999999999996,6,6,UNDER,OVER
2251176,home,2026-06-28,Sean Manaea,640455,672335,Cionel Pérez,OTHER_PITCHER,3.48,3.5,2.0,1.48,2,2,UNDER,UNDER
2251177,away,2026-06-28,Sean Sullivan,663372,663372,Ryan Feltner,OTHER_PITCHER,1.43,3.5,0.0,1.43,0,0,UNDER,UNDER
2251177,home,2026-06-28,Zebby Matthews,687570,687570,Connor Prielipp,OTHER_PITCHER,2.31,4.5,10.0,-7.6899999999999995,10,10,UNDER,OVER
2251178,away,2026-06-28,Luinder Avila,679883,679883,Luinder Avila,SAME_STARTER,4.35,3.5,4.0,0.34999999999999964,4,4,OVER,OVER
2251178,home,2026-06-28,Sean Burke,641743,641743,Anthony Kay,OTHER_PITCHER,3.13,5.5,2.0,1.13,2,2,UNDER,UNDER
2251179,away,2026-06-28,Shota Imanaga,684007,669020,Ryan Rolison,OTHER_PITCHER,4.19,4.5,2.0,2.1900000000000004,2,2,UNDER,UNDER
2251179,home,2026-06-28,Robert Gasser,605540,605540,Brandon Woodruff,OTHER_PITCHER,3.67,5.5,6.0,-2.33,6,6,UNDER,OVER
2251180,away,2026-06-28,Sandy Alcantara,663969,663969,Tyler Phillips,OTHER_PITCHER,2.7,4.5,1.0,1.7000000000000002,1,1,UNDER,UNDER
2251180,home,2026-06-28,Kyle Leahy,681517,681517,Kyle Leahy,SAME_STARTER,2.31,4.5,5.0,-2.69,5,5,UNDER,OVER
2251181,away,2026-06-28,Gage Jump,650644,650644,Aaron Civale,OTHER_PITCHER,4.87,4.5,2.0,2.87,2,2,PASS,UNDER
2251181,home,2026-06-28,Ryan Johnson,691951,691951,Sam Aldegheri,OTHER_PITCHER,3.22,4.5,4.0,-0.7799999999999998,4,4,UNDER,UNDER
2251182,away,2026-06-28,Chris Sale,519242,519242,Chris Sale,SAME_STARTER,7.09,8.5,10.0,-2.91,10,10,UNDER,OVER
2251182,home,2026-06-28,Tyler Mahle,592662,592662,Robbie Ray,OTHER_PITCHER,3.15,4.5,2.0,1.15,2,2,UNDER,UNDER
2251183,away,2026-06-28,Eric Lauer,686218,686218,Emmet Sheehan,OTHER_PITCHER,2.77,3.5,5.0,-2.23,5,5,UNDER,OVER
2251183,home,2026-06-28,Griffin Canning,650633,650633,Michael King,OTHER_PITCHER,3.3,3.5,5.0,-1.7000000000000002,5,5,UNDER,OVER
2251184,away,2026-06-28,Ryan Weathers,607074,607074,Carlos Rodón,OTHER_PITCHER,5.82,6.5,6.0,-0.17999999999999972,6,6,UNDER,UNDER
2251184,home,2026-06-28,Ranger Suarez,543243,543243,Sonny Gray,OTHER_PITCHER,4.52,5.5,9.0,-4.48,9,9,OVER,OVER
2251185,away,2026-06-29,Erick Fedde,680732,680732,Sean Burke,OTHER_PITCHER,2.81,3.5,8.0,-5.1899999999999995,8,8,OVER,OVER
2251185,home,2026-06-29,Trey Gibson,669358,669358,Shane Baz,OTHER_PITCHER,3.18,4.5,6.0,-2.82,6,6,UNDER,OVER
2251186,away,2026-06-29,Bubba Chandler,677952,677952,Braxton Ashcraft,OTHER_PITCHER,2.19,4.5,8.0,-5.8100000000000005,8,8,UNDER,OVER
2251186,home,2026-06-29,Cristopher Sanchez,605400,605400,Aaron Nola,OTHER_PITCHER,7.42,7.5,5.0,2.42,5,5,UNDER,UNDER
2251187,away,2026-06-29,Tarik Skubal,663554,663554,Casey Mize,OTHER_PITCHER,6.48,7.5,10.0,-3.5199999999999996,10,10,UNDER,OVER
2251187,home,2026-06-29,Cam Schlittler,677960,677960,Ryan Weathers,OTHER_PITCHER,6.04,7.5,3.0,3.04,3,3,UNDER,UNDER
2251188,away,2026-06-29,Nolan McLean,640455,640455,Sean Manaea,OTHER_PITCHER,5.35,5.5,4.0,1.3499999999999996,4,4,OVER,UNDER
2251188,home,2026-06-29,Kevin Gausman,702056,702056,Trey Yesavage,OTHER_PITCHER,4.76,5.5,3.0,1.7599999999999998,3,3,UNDER,UNDER
2251189,away,2026-06-29,Cade Cavalli,571945,571945,Miles Mikolas,OTHER_PITCHER,2.95,4.5,3.0,-0.04999999999999982,3,3,UNDER,UNDER
2251189,home,2026-06-29,Connelly Early,624133,624133,Ranger Suarez,OTHER_PITCHER,3.24,5.5,8.0,-4.76,8,8,UNDER,OVER
2251190,away,2026-06-29,Jacob deGrom,594798,641302,Tyler Alexander,OTHER_PITCHER,5.73,6.5,2.0,3.7300000000000004,2,2,UNDER,UNDER
2251190,home,2026-06-29,Tanner Bibee,800048,800048,Parker Messick,OTHER_PITCHER,3.12,5.5,5.0,-1.88,5,5,UNDER,UNDER
2251191,away,2026-06-29,Rhett Lowder,666157,666157,Nick Lodolo,OTHER_PITCHER,2.23,4.5,4.0,-1.77,4,4,UNDER,UNDER
2251191,home,2026-06-29,Brandon Sproat,688107,688107,Robert Gasser,OTHER_PITCHER,3.48,5.5,5.0,-1.52,5,5,UNDER,UNDER
2251192,away,2026-06-29,JP Sears,656288,656288,Griffin Canning,OTHER_PITCHER,3.42,3.5,3.0,0.41999999999999993,3,3,UNDER,UNDER
2251192,home,2026-06-29,Matthew Boyd,684007,684007,Shota Imanaga,OTHER_PITCHER,6.62,4.5,4.0,2.62,4,4,OVER,UNDER
2251193,away,2026-06-29,Joe Ryan,805673,805673,Zebby Matthews,OTHER_PITCHER,4.59,6.5,7.0,-2.41,7,7,UNDER,OVER
2251193,home,2026-06-29,Mike Burrows,663567,663567,Peter Lambert,OTHER_PITCHER,2.81,4.5,4.0,-1.19,4,4,UNDER,UNDER
2251194,away,2026-06-29,Eury Perez,645261,645261,Sandy Alcantara,OTHER_PITCHER,3.25,5.5,3.0,0.25,3,3,UNDER,UNDER
2251194,home,2026-06-29,Tanner Gordon,807743,807743,Sean Sullivan,OTHER_PITCHER,3.05,3.5,5.0,-1.9500000000000002,5,5,UNDER,OVER
2251195,away,2026-06-29,Justin Wrobleski,641778,641778,Eric Lauer,OTHER_PITCHER,2.18,4.5,2.0,0.18000000000000016,2,2,UNDER,UNDER
2251195,home,2026-06-29,Jeffrey Springs,695611,695611,Gage Jump,OTHER_PITCHER,2.92,4.5,5.0,-2.08,5,5,UNDER,OVER
2251196,away,2026-06-29,Jose Soriano,696270,696270,Ryan Johnson,OTHER_PITCHER,5.48,5.5,3.0,2.4800000000000004,3,3,UNDER,UNDER
2251196,home,2026-06-29,Bryan Woo,669923,669923,George Kirby,OTHER_PITCHER,4.15,6.5,7.0,-2.8499999999999996,7,7,UNDER,OVER
2251197,away,2026-06-30,Noah Schultz,607200,607200,Erick Fedde,OTHER_PITCHER,2.31,3.5,3.0,-0.69,3,3,UNDER,UNDER
2251197,home,2026-06-30,Dean Kremer,694346,694346,Trey Gibson,OTHER_PITCHER,8.44,5.5,5.0,3.4399999999999995,5,5,OVER,UNDER
2251198,away,2026-06-30,MacKenzie Gore,594798,594798,Jacob deGrom,OTHER_PITCHER,3.81,5.5,9.0,-5.1899999999999995,9,9,UNDER,OVER
2251198,home,2026-06-30,Joey Cantillo,676440,676440,Tanner Bibee,OTHER_PITCHER,3.71,5.5,2.0,1.71,2,2,UNDER,UNDER
2251199,away,2026-06-30,Paul Skenes,696149,696149,Bubba Chandler,OTHER_PITCHER,7.13,6.5,6.0,1.13,6,6,PASS,UNDER
2251199,home,2026-06-30,Zack Wheeler,650911,650911,Cristopher Sánchez,OTHER_PITCHER,5.42,6.5,9.0,-3.58,9,9,UNDER,OVER
2251200,away,2026-06-30,Troy Melton,669373,669373,Tarik Skubal,OTHER_PITCHER,2.4,4.5,9.0,-6.6,9,9,UNDER,OVER
2251200,home,2026-06-30,Will Warren,693645,693645,Cam Schlittler,OTHER_PITCHER,4.52,5.5,5.0,-0.4800000000000004,5,5,UNDER,UNDER
2251201,away,2026-06-30,Freddy Peralta,690997,690997,Nolan McLean,OTHER_PITCHER,3.04,4.5,7.0,-3.96,7,7,UNDER,OVER
2251201,home,2026-06-30,Kevin Gausman,592332,592332,Kevin Gausman,SAME_STARTER,4.76,5.5,7.0,-2.24,7,7,UNDER,OVER
2251202,away,2026-06-30,Andrew Alvarez,676917,676917,Cade Cavalli,OTHER_PITCHER,4.77,4.5,13.0,-8.23,13,13,PASS,OVER
2251202,home,2026-06-30,Payton Tolle,813349,813349,Connelly Early,OTHER_PITCHER,2.82,5.5,5.0,-2.18,5,5,UNDER,UNDER
2251203,away,2026-06-30,Michael McGreevy,669461,669461,Matthew Liberatore,OTHER_PITCHER,2.28,3.5,9.0,-6.720000000000001,9,9,UNDER,OVER
2251203,home,2026-06-30,Reynaldo Lopez,527048,527048,Martín Pérez,OTHER_PITCHER,3.38,3.5,1.0,2.38,1,1,PASS,UNDER
2251204,away,2026-06-30,Shane McClanahan,643377,643377,Griffin Jax,OTHER_PITCHER,3.13,4.5,5.0,-1.87,5,5,UNDER,OVER
2251204,home,2026-06-30,Seth Lugo,702070,702070,Noah Cameron,OTHER_PITCHER,2.48,3.5,0.0,2.48,0,0,UNDER,UNDER
2251205,away,2026-06-30,Andrew Abbott,695076,695076,Rhett Lowder,OTHER_PITCHER,2.58,4.5,8.0,-5.42,8,8,UNDER,OVER
2251205,home,2026-06-30,Brandon Sproat,687075,687075,Brandon Sproat,SAME_STARTER,3.72,5.5,7.0,-3.28,7,7,UNDER,OVER
2251206,away,2026-06-30,Walker Buehler,676664,676664,JP Sears,OTHER_PITCHER,3.12,3.5,4.0,-0.8799999999999999,4,4,UNDER,OVER
2251206,home,2026-06-30,Colin Rea,571510,571510,Matthew Boyd,OTHER_PITCHER,2.97,3.5,2.0,0.9700000000000002,2,2,UNDER,UNDER
2251207,away,2026-06-30,Taj Bradley,657746,657746,Joe Ryan,OTHER_PITCHER,3.8,5.5,5.0,-1.2000000000000002,5,5,UNDER,UNDER
2251207,home,2026-06-30,Mike Burrows,681347,681347,Mike Burrows,SAME_STARTER,2.69,4.5,3.0,-0.31000000000000005,3,3,UNDER,UNDER
2251208,away,2026-06-30,Max Meyer,691587,691587,Eury Pérez,OTHER_PITCHER,4.3,5.5,8.0,-3.7,8,8,UNDER,OVER
2251208,home,2026-06-30,Kyle Freeland,685299,685299,Tanner Gordon,OTHER_PITCHER,2.87,3.5,4.0,-1.13,4,4,UNDER,OVER
2251209,away,2026-06-30,Justin Wrobleski,680736,680736,Justin Wrobleski,SAME_STARTER,2.46,4.5,11.0,-8.54,11,11,UNDER,OVER
2251209,home,2026-06-30,J.T. Ginn,605488,605488,Jeffrey Springs,OTHER_PITCHER,2.66,4.5,2.0,0.6600000000000001,2,2,UNDER,UNDER
2251210,away,2026-06-30,Jose Soriano,667755,667755,José Soriano,SAME_STARTER,5.5,5.5,9.0,-3.5,9,9,PASS,OVER
2251210,home,2026-06-30,Bryan Woo,693433,693433,Bryan Woo,SAME_STARTER,4.08,7.5,5.0,-0.9199999999999999,5,5,UNDER,UNDER
2251211,away,2026-07-01,Davis Martin,702273,702273,Noah Schultz,OTHER_PITCHER,4.33,4.5,7.0,-2.67,7,7,UNDER,OVER
2251211,home,2026-07-01,Dean Kremer,665152,665152,Dean Kremer,SAME_STARTER,6.48,5.5,4.0,2.4800000000000004,4,4,OVER,UNDER
2251212,away,2026-07-01,Nathan Eovaldi,669022,669022,MacKenzie Gore,OTHER_PITCHER,4.8,6.5,7.0,-2.2,7,7,UNDER,OVER
2251212,home,2026-07-01,Slade Cecconi,676282,676282,Joey Cantillo,OTHER_PITCHER,2.17,3.5,4.0,-1.83,4,4,UNDER,OVER
2251213,away,2026-07-01,Andrew Alvarez,674841,695418,Brad Lord,OTHER_PITCHER,5.27,4.5,1.0,4.27,1,1,OVER,UNDER
2251213,home,2026-07-01,Payton Tolle,801139,801139,Payton Tolle,SAME_STARTER,2.98,5.5,5.0,-2.02,5,5,UNDER,UNDER
2251214,away,2026-07-01,Framber Valdez,675512,675512,Troy Melton,OTHER_PITCHER,3.19,5.5,7.0,-3.81,7,7,UNDER,OVER
2251214,home,2026-07-01,Will Warren,701542,701542,Will Warren,SAME_STARTER,4.73,5.5,7.0,-2.2699999999999996,7,7,UNDER,OVER
2251215,away,2026-07-01,Randy Vasquez,621111,621111,Walker Buehler,OTHER_PITCHER,2.39,2.5,6.0,-3.61,6,6,PASS,OVER
2251215,home,2026-07-01,Colin Rea,607067,607067,Colin Rea,SAME_STARTER,3.11,3.5,5.0,-1.8900000000000001,5,5,UNDER,OVER
2251216,away,2026-07-01,Freddy Peralta,642547,642547,Freddy Peralta,SAME_STARTER,2.98,4.5,4.0,-1.02,4,4,UNDER,UNDER
2251216,home,2026-07-01,,,680755,Braydon Fisher,NO_LIVE_ROW,,,,,,1,,
2251217,away,2026-07-01,Jared Jones,694973,694973,Paul Skenes,OTHER_PITCHER,2.94,4.5,5.0,-2.06,5,5,UNDER,OVER
2251217,home,2026-07-01,Zack Wheeler,554430,554430,Zack Wheeler,SAME_STARTER,6.13,7.5,10.0,-3.87,10,10,UNDER,OVER
2251218,away,2026-07-01,Dustin May,700241,700241,Michael McGreevy,OTHER_PITCHER,3.58,4.5,3.0,0.5800000000000001,3,3,UNDER,UNDER
2251218,home,2026-07-01,Hurston Waldrep,625643,625643,Reynaldo López,OTHER_PITCHER,3.36,3.5,6.0,-2.64,6,6,PASS,OVER
2251219,away,2026-07-01,Shane McClanahan,663556,663556,Shane McClanahan,SAME_STARTER,3.36,4.5,4.0,-0.6400000000000001,4,4,UNDER,UNDER
2251219,home,2026-07-01,Stephen Kolek,607625,607625,Seth Lugo,OTHER_PITCHER,2.87,3.5,7.0,-4.13,7,7,UNDER,OVER
2251220,away,2026-07-01,Taj Bradley,671737,671737,Taj Bradley,SAME_STARTER,4.34,5.5,11.0,-6.66,11,11,UNDER,OVER
2251220,home,2026-07-01,Tatsuya Imai,837227,837227,Tatsuya Imai,SAME_STARTER,3.52,5.5,2.0,1.52,2,2,UNDER,UNDER
2251221,away,2026-07-01,Chase Burns,671096,671096,Andrew Abbott,OTHER_PITCHER,4.39,6.5,3.0,1.3899999999999997,3,3,UNDER,UNDER
2251221,home,2026-07-01,Jacob Misiorowski,675660,675660,Shane Drohan,OTHER_PITCHER,6.85,9.5,7.0,-0.15000000000000036,7,7,UNDER,UNDER
2251222,away,2026-07-01,Ryan Gusto,676974,676974,Max Meyer,OTHER_PITCHER,4.06,3.5,5.0,-0.9400000000000004,5,5,PASS,OVER
2251222,home,2026-07-01,Michael Lorenzen,607536,607536,Kyle Freeland,OTHER_PITCHER,2.26,3.5,7.0,-4.74,7,7,UNDER,OVER
2251223,away,2026-07-01,Roki Sasaki,808963,676263,Jack Dreyer,OTHER_PITCHER,2.23,4.5,3.0,-0.77,3,3,UNDER,UNDER
2251223,home,2026-07-01,J.T. Ginn,669372,669372,J.T. Ginn,SAME_STARTER,2.51,4.5,4.0,-1.4900000000000002,4,4,UNDER,UNDER
2251224,away,2026-07-02,Mitch Keller,683003,683003,Jared Jones,OTHER_PITCHER,3.36,3.5,6.0,-2.64,6,6,UNDER,OVER
2251224,home,2026-07-02,Alan Rangel,660604,660604,Alan Rangel,SAME_STARTER,4.99,4.5,4.0,0.9900000000000002,4,4,UNDER,UNDER
2251225,away,2026-07-02,Brady Singer,695505,695505,Chase Burns,OTHER_PITCHER,2.99,4.5,4.0,-1.0099999999999998,4,4,UNDER,UNDER
2251225,home,2026-07-02,Kyle Harrison,694819,694819,Jacob Misiorowski,OTHER_PITCHER,6.11,5.5,10.0,-3.8899999999999997,10,10,OVER,OVER
2251226,away,2026-07-02,Ryan Gusto,687473,687473,Ryan Gusto,SAME_STARTER,4.15,3.5,2.0,2.1500000000000004,2,2,PASS,UNDER
2251226,home,2026-07-02,Ryan Feltner,547179,547179,Michael Lorenzen,OTHER_PITCHER,2.05,3.5,1.0,1.0499999999999998,1,1,UNDER,UNDER
2251227,away,2026-07-02,Davis Martin,663436,663436,Davis Martin,SAME_STARTER,4.01,4.5,0.0,4.01,0,0,UNDER,UNDER
2251227,home,2026-07-02,Gavin Williams,677944,677944,Slade Cecconi,OTHER_PITCHER,5.63,6.5,3.0,2.63,3,3,UNDER,UNDER
2251228,away,2026-07-02,Andre Pallante,669160,669160,Dustin May,OTHER_PITCHER,2.34,3.5,1.0,1.3399999999999999,1,1,UNDER,UNDER
2251228,home,2026-07-02,Grant Holmes,694462,694462,Hurston Waldrep,OTHER_PITCHER,2.65,4.5,4.0,-1.35,4,4,UNDER,UNDER
2251229,away,2026-07-02,Nick Martinez,693855,693855,Ian Seymour,OTHER_PITCHER,2.21,4.5,8.0,-5.79,8,8,UNDER,OVER
2251229,home,2026-07-02,Stephen Kolek,663568,663568,Stephen Kolek,SAME_STARTER,2.62,3.5,0.0,2.62,0,0,UNDER,UNDER
2251230,away,2026-07-02,Framber Valdez,664285,664285,Framber Valdez,SAME_STARTER,3.24,5.5,1.0,2.24,1,1,UNDER,UNDER
2251230,home,2026-07-02,Nathan Eovaldi,543135,543135,Nathan Eovaldi,SAME_STARTER,5.74,6.5,9.0,-3.26,9,9,UNDER,OVER
2251231,away,2026-07-02,Reid Detmers,700712,700712,Walbert Ureña,OTHER_PITCHER,4.47,6.5,6.0,-1.5300000000000002,6,6,UNDER,UNDER
2251231,home,2026-07-02,Luis Castillo,682243,682243,Bryce Miller,OTHER_PITCHER,3.6,4.5,8.0,-4.4,8,8,UNDER,OVER
2251232,away,2026-07-02,Michael King,681190,681190,Randy Vásquez,OTHER_PITCHER,2.76,4.5,0.0,2.76,0,0,UNDER,UNDER
2251232,home,2026-07-02,Roki Sasaki,808963,808963,Roki Sasaki,SAME_STARTER,2.32,5.5,3.0,-0.6800000000000002,3,3,UNDER,UNDER
2251233,away,2026-07-03,Kyle Leahy,669467,669467,Andre Pallante,OTHER_PITCHER,2.17,4.5,2.0,0.16999999999999993,2,2,UNDER,UNDER
2251233,home,2026-07-03,Shota Imanaga,656849,656849,David Peterson,OTHER_PITCHER,3.86,5.5,3.0,0.8599999999999999,3,3,UNDER,UNDER
2251234,away,2026-07-03,Braxton Ashcraft,656605,656605,Mitch Keller,OTHER_PITCHER,3.01,5.5,1.0,2.01,1,1,UNDER,UNDER
2251234,home,2026-07-03,Zack Littell,656492,656492,Foster Griffin,OTHER_PITCHER,5.08,3.5,2.0,3.08,2,2,PASS,UNDER
2251235,away,2026-07-03,Mike Paredes,702474,702474,Mike Paredes,SAME_STARTER,2.42,3.5,2.0,0.41999999999999993,2,2,UNDER,UNDER
2251235,home,2026-07-03,Gerrit Cole,543037,543037,Gerrit Cole,SAME_STARTER,2.89,5.5,7.0,-4.109999999999999,7,7,UNDER,OVER
2251236,away,2026-07-03,Brandon Young,669432,669432,Trevor Rogers,OTHER_PITCHER,3.35,4.5,4.0,-0.6499999999999999,4,4,UNDER,UNDER
2251236,home,2026-07-03,Hunter Greene,663903,663903,Brady Singer,OTHER_PITCHER,3.36,6.5,6.0,-2.64,6,6,UNDER,UNDER
2251237,away,2026-07-03,Sean Burke,641743,641743,Anthony Kay,OTHER_PITCHER,2.52,5.5,2.0,0.52,2,2,UNDER,UNDER
2251237,home,2026-07-03,Parker Messick,668909,668909,Gavin Williams,OTHER_PITCHER,5.62,5.5,6.0,-0.3799999999999999,6,6,UNDER,OVER
2251238,away,2026-07-03,Sean Manaea,681035,681035,Christian Scott,OTHER_PITCHER,2.78,4.5,7.0,-4.220000000000001,7,7,UNDER,OVER
2251238,home,2026-07-03,Chris Sale,656550,656550,Grant Holmes,OTHER_PITCHER,6.11,7.5,2.0,4.11,2,2,UNDER,UNDER
2251239,away,2026-07-03,Logan Webb,657277,657277,Logan Webb,SAME_STARTER,3.94,4.5,2.0,1.94,2,2,UNDER,UNDER
2251239,home,2026-07-03,Ryan Feltner,663372,663372,Ryan Feltner,SAME_STARTER,1.8,3.5,9.0,-7.2,9,9,UNDER,OVER
2251240,away,2026-07-03,Drew Rasmussen,607259,607259,Nick Martinez,OTHER_PITCHER,2.13,5.5,3.0,-0.8700000000000001,3,3,UNDER,UNDER
2251240,home,2026-07-03,Hunter Brown,681293,681293,Spencer Arrighetti,OTHER_PITCHER,2.76,5.5,4.0,-1.2400000000000002,4,4,UNDER,UNDER
2251241,away,2026-07-03,Jake Bennett,687562,687562,Jake Bennett,SAME_STARTER,3.32,4.5,6.0,-2.68,6,6,UNDER,OVER
2251241,home,2026-07-03,Reid Detmers,672282,672282,Reid Detmers,SAME_STARTER,4.58,6.5,5.0,-0.41999999999999993,5,5,UNDER,UNDER
2251242,away,2026-07-03,Tyler Phillips,663969,663969,Tyler Phillips,SAME_STARTER,1.95,4.5,2.0,-0.050000000000000044,2,2,UNDER,UNDER
2251242,home,2026-07-03,Jack Perkins,678022,678022,Jack Perkins,SAME_STARTER,5.3,5.5,8.0,-2.7,8,8,OVER,OVER
2251243,away,2026-07-03,Griffin Canning,650633,650633,Michael King,OTHER_PITCHER,3.23,4.5,5.0,-1.77,5,5,UNDER,OVER
2251243,home,2026-07-03,Yoshinobu Yamamoto,660271,660271,Shohei Ohtani,OTHER_PITCHER,4.07,6.5,9.0,-4.93,9,9,UNDER,OVER
2251244,away,2026-07-03,Shane Bieber,656302,656302,Dylan Cease,OTHER_PITCHER,8.89,5.5,9.0,-0.10999999999999943,9,9,UNDER,OVER
2251244,home,2026-07-03,Logan Gilbert,622491,622491,Luis Castillo,OTHER_PITCHER,2.89,5.5,4.0,-1.1099999999999999,4,4,UNDER,UNDER
2251245,away,2026-07-04,Braxton Ashcraft,677952,677952,Braxton Ashcraft,SAME_STARTER,4.34,6.5,7.0,-2.66,7,7,UNDER,OVER
2251245,home,2026-07-04,Zack Littell,641793,687223,Carson Palmquist,OTHER_PITCHER,2.06,3.5,3.0,-0.94,3,3,UNDER,UNDER
2251246,away,2026-07-04,Zebby Matthews,805673,805673,Zebby Matthews,SAME_STARTER,2.69,4.5,5.0,-2.31,5,5,UNDER,OVER
2251246,home,2026-07-04,Brendan Beck,694341,694341,Brendan Beck,SAME_STARTER,3.0,3.5,3.0,0.0,3,3,PASS,UNDER
2251247,away,2026-07-04,Jack Flaherty,656427,656427,Jack Flaherty,SAME_STARTER,3.69,5.5,5.0,-1.31,5,5,UNDER,UNDER
2251247,home,2026-07-04,Kumar Rocker,677958,615698,Cal Quantrill,OTHER_PITCHER,2.63,4.5,,,,2,UNDER,
2251248,away,2026-07-04,Shane Bieber,669456,669456,Shane Bieber,SAME_STARTER,3.56,4.5,3.0,0.56,3,3,UNDER,UNDER
2251248,home,2026-07-04,Logan Gilbert,669302,669302,Logan Gilbert,SAME_STARTER,4.29,5.5,7.0,-2.71,7,7,UNDER,OVER
2251249,away,2026-07-04,Brandon Young,687064,687064,Brandon Young,SAME_STARTER,2.28,4.5,5.0,-2.72,5,5,UNDER,OVER
2251249,home,2026-07-04,Hunter Greene,668881,668881,Hunter Greene,SAME_STARTER,5.06,6.5,7.0,-1.9400000000000004,7,7,UNDER,OVER
2251250,away,2026-07-04,Drew Rasmussen,656876,656876,Drew Rasmussen,SAME_STARTER,4.46,5.5,2.0,2.46,2,2,UNDER,UNDER
2251250,home,2026-07-04,Hunter Brown,686613,686613,Hunter Brown,SAME_STARTER,5.81,5.5,3.0,2.8099999999999996,3,3,PASS,UNDER
2251251,away,2026-07-04,Sean Burke,680732,680732,Sean Burke,SAME_STARTER,3.36,5.5,11.0,-7.640000000000001,11,11,UNDER,OVER
2251251,home,2026-07-04,Parker Messick,800048,800048,Parker Messick,SAME_STARTER,6.21,6.5,3.0,3.21,3,3,UNDER,UNDER
2251252,away,2026-07-04,Kyle Leahy,681517,681517,Kyle Leahy,SAME_STARTER,2.23,4.5,6.0,-3.77,6,6,UNDER,OVER
2251252,home,2026-07-04,Shota Imanaga,684007,684007,Shota Imanaga,SAME_STARTER,3.57,4.5,8.0,-4.43,8,8,UNDER,OVER
2251253,away,2026-07-04,Sean Manaea,640455,640455,Sean Manaea,SAME_STARTER,2.94,4.5,4.0,-1.06,4,4,UNDER,UNDER
2251253,home,2026-07-04,Chris Sale,519242,519242,Chris Sale,SAME_STARTER,6.48,7.5,3.0,3.4800000000000004,3,3,UNDER,UNDER
2251254,away,2026-07-04,Robbie Ray,592662,592662,Robbie Ray,SAME_STARTER,3.34,4.5,4.0,-0.6600000000000001,4,4,UNDER,UNDER
2251254,home,2026-07-04,Sean Sullivan,608372,807743,Sean Sullivan,SAME_STARTER,1.73,3.5,4.0,-2.27,4,4,UNDER,OVER
2251255,away,2026-07-04,Jesus Luzardo,666200,666200,Jesús Luzardo,SAME_STARTER,5.85,6.5,9.0,-3.1500000000000004,9,9,UNDER,OVER
2251255,home,2026-07-04,Michael Wacha,608379,608379,Michael Wacha,SAME_STARTER,2.59,4.5,7.0,-4.41,7,7,UNDER,OVER
2251256,away,2026-07-04,Sonny Gray,543243,543243,Sonny Gray,SAME_STARTER,3.43,6.5,7.0,-3.57,7,7,UNDER,OVER
2251256,home,2026-07-04,Sam Aldegheri,691951,691951,Sam Aldegheri,SAME_STARTER,1.27,3.5,2.0,-0.73,2,2,UNDER,UNDER
2251257,away,2026-07-04,Sandy Alcantara,645261,645261,Sandy Alcantara,SAME_STARTER,2.66,4.5,8.0,-5.34,8,8,UNDER,OVER
2251257,home,2026-07-04,Aaron Civale,650644,650644,Aaron Civale,SAME_STARTER,1.85,3.5,6.0,-4.15,6,6,UNDER,OVER
2251258,away,2026-07-04,Griffin Canning,656288,593974,Wandy Peralta,OTHER_PITCHER,3.07,4.5,,,,0,UNDER,
2251258,home,2026-07-04,Yoshinobu Yamamoto,808967,808967,Yoshinobu Yamamoto,SAME_STARTER,4.09,6.5,10.0,-5.91,10,10,UNDER,OVER
2251259,away,2026-07-05,Freddy Peralta,690997,690997,Nolan McLean,OTHER_PITCHER,3.41,4.5,5.0,-1.5899999999999999,5,5,UNDER,OVER
2251259,home,2026-07-05,Reynaldo Lopez,527048,527048,Martín Pérez,OTHER_PITCHER,3.8,4.5,1.0,2.8,1,1,UNDER,UNDER
2251260,away,2026-07-05,Kyle Bradish,680694,680694,Kyle Bradish,SAME_STARTER,3.81,6.5,5.0,-1.19,5,5,UNDER,UNDER
2251260,home,2026-07-05,Nick Lodolo,666157,666157,Nick Lodolo,SAME_STARTER,2.67,5.5,4.0,-1.33,4,4,UNDER,UNDER
2251261,away,2026-07-05,Bubba Chandler,696149,696149,Bubba Chandler,SAME_STARTER,1.86,4.5,0.0,1.86,0,0,UNDER,UNDER
2251261,home,2026-07-05,Miles Mikolas,676917,676917,Cade Cavalli,OTHER_PITCHER,2.67,3.5,3.0,-0.33000000000000007,3,3,UNDER,UNDER
2251262,away,2026-07-05,Joe Ryan,657746,657746,Joe Ryan,SAME_STARTER,5.42,6.5,9.0,-3.58,9,9,UNDER,OVER
2251262,home,2026-07-05,Cam Schlittler,677960,677960,Ryan Weathers,OTHER_PITCHER,5.71,6.5,6.0,-0.29000000000000004,6,6,UNDER,UNDER
2251263,away,2026-07-05,,,669684,Chris Murphy,NO_LIVE_ROW,,,,,,1,,
2251263,home,2026-07-05,Tanner Bibee,676440,676440,Tanner Bibee,SAME_STARTER,3.34,4.5,1.0,2.34,1,1,UNDER,UNDER
2251264,away,2026-07-05,Dustin May,669461,669461,Matthew Liberatore,OTHER_PITCHER,3.28,4.5,3.0,0.2799999999999998,3,3,UNDER,UNDER
2251264,home,2026-07-05,Javier Assad,665871,665871,Javier Assad,SAME_STARTER,1.67,3.5,2.0,-0.33000000000000007,2,2,UNDER,UNDER
2251265,away,2026-07-05,Cristopher Sanchez,605400,605400,Aaron Nola,OTHER_PITCHER,5.61,6.5,7.0,-1.3899999999999997,7,7,UNDER,OVER
2251265,home,2026-07-05,Noah Cameron,679883,679883,Luinder Avila,OTHER_PITCHER,3.13,4.5,4.0,-0.8700000000000001,4,4,UNDER,UNDER
2251266,away,2026-07-05,Griffin Jax,643377,669438,Mason Englert,OTHER_PITCHER,2.99,5.5,9.0,-6.01,9,9,UNDER,OVER
2251266,home,2026-07-05,Mike Burrows,663567,663567,Peter Lambert,OTHER_PITCHER,2.58,3.5,6.0,-3.42,6,6,UNDER,OVER
2251267,away,2026-07-05,Casey Mize,663554,663554,Casey Mize,SAME_STARTER,3.74,4.5,4.0,-0.2599999999999998,4,4,UNDER,UNDER
2251267,home,2026-07-05,Kumar Rocker,677958,677958,Kumar Rocker,SAME_STARTER,2.75,4.5,4.0,-1.25,4,4,UNDER,UNDER
2251268,away,2026-07-05,Landen Roupp,641816,641816,Tyler Mahle,OTHER_PITCHER,4.8,4.5,5.0,-0.20000000000000018,5,5,UNDER,OVER
2251268,home,2026-07-05,Kyle Freeland,685299,685299,Tanner Gordon,OTHER_PITCHER,2.73,4.5,7.0,-4.27,7,7,UNDER,OVER
2251269,away,2026-07-05,Eury Perez,691587,691587,Eury Pérez,SAME_STARTER,3.13,5.5,8.0,-4.87,8,8,UNDER,OVER
2251269,home,2026-07-05,Gage Jump,695611,695611,Gage Jump,SAME_STARTER,4.24,5.5,1.0,3.24,1,1,UNDER,UNDER
2251270,away,2026-07-05,Kevin Gausman,702056,702056,Trey Yesavage,OTHER_PITCHER,5.02,5.5,7.0,-1.9800000000000004,7,7,UNDER,OVER
2251270,home,2026-07-05,Emerson Hancock,676106,676106,Emerson Hancock,SAME_STARTER,3.39,4.5,5.0,-1.6099999999999999,5,5,UNDER,OVER
2251271,away,2026-07-05,Walker Buehler,676664,676664,JP Sears,OTHER_PITCHER,3.06,3.5,5.0,-1.94,5,5,UNDER,OVER
2251271,home,2026-07-05,Eric Lauer,686218,686218,Emmet Sheehan,OTHER_PITCHER,2.72,4.5,5.0,-2.28,5,5,UNDER,OVER
2251272,away,2026-07-05,Ranger Suarez,624133,624133,Ranger Suarez,SAME_STARTER,5.7,6.5,5.0,0.7000000000000002,5,5,UNDER,UNDER
2251272,home,2026-07-05,Ryan Johnson,696270,696270,Ryan Johnson,SAME_STARTER,3.26,4.5,6.0,-2.74,6,6,UNDER,OVER
2251273,away,2026-07-06,Cristopher Sanchez,650911,650911,Cristopher Sánchez,SAME_STARTER,5.93,6.5,1.0,4.93,1,1,UNDER,UNDER
2251273,home,2026-07-06,Seth Lugo,702070,702070,Noah Cameron,OTHER_PITCHER,3.17,4.5,7.0,-3.83,7,7,UNDER,OVER
2251274,away,2026-07-06,Will Warren,693645,693645,Cam Schlittler,OTHER_PITCHER,3.78,4.5,8.0,-4.220000000000001,8,8,UNDER,OVER
2251274,home,2026-07-06,Griffin Jax,643377,643377,Griffin Jax,SAME_STARTER,3.98,5.5,10.0,-6.02,10,10,UNDER,OVER
2251275,away,2026-07-06,Mike Burrows,681347,681347,Mike Burrows,SAME_STARTER,2.61,3.5,3.0,-0.3900000000000001,3,3,UNDER,UNDER
2251275,home,2026-07-06,Andrew Alvarez,571945,571945,Miles Mikolas,OTHER_PITCHER,4.96,4.5,3.0,1.96,3,3,PASS,UNDER
2251276,away,2026-07-06,Freddy Peralta,642547,642547,Freddy Peralta,SAME_STARTER,3.53,4.5,6.0,-2.47,6,6,UNDER,OVER
2251276,home,2026-07-06,Hurston Waldrep,625643,625643,Reynaldo López,OTHER_PITCHER,3.28,4.5,5.0,-1.7200000000000002,5,5,UNDER,OVER
2251277,away,2026-07-06,Jacob Misiorowski,675660,675660,Shane Drohan,OTHER_PITCHER,6.14,7.5,2.0,4.14,2,2,UNDER,UNDER
2251277,home,2026-07-06,Dustin May,669160,669160,Dustin May,SAME_STARTER,3.49,3.5,7.0,-3.51,7,7,PASS,OVER
2251278,away,2026-07-06,Kevin Gausman,592332,592332,Kevin Gausman,SAME_STARTER,4.24,5.5,8.0,-3.76,8,8,UNDER,OVER
2251278,home,2026-07-06,Trevor McDonald,694738,694738,Landen Roupp,OTHER_PITCHER,3.6,3.5,5.0,-1.4,5,5,UNDER,OVER
2251279,away,2026-07-06,Michael Lorenzen,607536,607536,Kyle Freeland,OTHER_PITCHER,2.07,3.5,2.0,0.06999999999999984,2,2,UNDER,UNDER
2251279,home,2026-07-06,Justin Wrobleski,641778,641778,Eric Lauer,OTHER_PITCHER,2.35,5.5,3.0,-0.6499999999999999,3,3,UNDER,UNDER
2251280,away,2026-07-07,Colin Rea,571510,571510,Matthew Boyd,OTHER_PITCHER,3.24,4.5,7.0,-3.76,7,7,UNDER,OVER
2251280,home,2026-07-07,Dean Kremer,669358,669358,Shane Baz,OTHER_PITCHER,5.76,5.5,3.0,2.76,3,3,UNDER,UNDER
2251281,away,2026-07-07,Jeffrey Springs,669372,669372,J.T. Ginn,OTHER_PITCHER,2.84,4.5,4.0,-1.1600000000000001,4,4,UNDER,UNDER
2251281,home,2026-07-07,Troy Melton,669373,669373,Tarik Skubal,OTHER_PITCHER,2.56,4.5,9.0,-6.4399999999999995,9,9,UNDER,OVER
2251282,away,2026-07-07,Grant Holmes,694462,694462,Hurston Waldrep,OTHER_PITCHER,2.63,4.5,2.0,0.6299999999999999,2,2,UNDER,UNDER
2251282,home,2026-07-07,Jared Jones,694973,694973,Paul Skenes,OTHER_PITCHER,2.9,4.5,4.0,-1.1,4,4,UNDER,UNDER
2251283,away,2026-07-07,George Kirby,693433,693433,Bryan Woo,OTHER_PITCHER,4.5,5.5,5.0,-0.5,5,5,UNDER,UNDER
2251283,home,2026-07-07,Max Meyer,676974,676974,Max Meyer,SAME_STARTER,4.6,6.5,4.0,0.5999999999999996,4,4,PASS,UNDER
2251284,away,2026-07-07,Gerrit Cole,701542,701542,Will Warren,OTHER_PITCHER,3.25,5.5,3.0,0.25,3,3,UNDER,UNDER
2251284,home,2026-07-07,Shane McClanahan,693855,693855,Ian Seymour,OTHER_PITCHER,3.82,5.5,12.0,-8.18,12,12,UNDER,OVER
2251285,away,2026-07-07,Spencer Arrighetti,837227,837227,Tatsuya Imai,OTHER_PITCHER,3.13,4.5,3.0,0.1299999999999999,3,3,UNDER,UNDER
2251285,home,2026-07-07,Foster Griffin,674841,674841,Andrew Alvarez,OTHER_PITCHER,3.8,5.5,3.0,0.7999999999999998,3,3,UNDER,UNDER
2251286,away,2026-07-07,Seth Lugo,607625,607625,Seth Lugo,SAME_STARTER,3.2,4.5,4.0,-0.7999999999999998,4,4,UNDER,UNDER
2251286,home,2026-07-07,Christian Scott,681035,672335,Cionel Pérez,OTHER_PITCHER,3.23,5.5,1.0,2.23,1,1,UNDER,UNDER
2251287,away,2026-07-07,Zack Wheeler,554430,554430,Zack Wheeler,SAME_STARTER,7.15,7.5,14.0,-6.85,14,14,UNDER,OVER
2251287,home,2026-07-07,Chase Burns,671096,671096,Andrew Abbott,OTHER_PITCHER,4.54,6.5,8.0,-3.46,8,8,UNDER,OVER
2251288,away,2026-07-07,Slade Cecconi,676282,676282,Joey Cantillo,OTHER_PITCHER,2.11,3.5,7.0,-4.890000000000001,7,7,UNDER,OVER
2251288,home,2026-07-07,Connor Prielipp,671737,671737,Taj Bradley,OTHER_PITCHER,3.41,5.5,10.0,-6.59,10,10,UNDER,OVER
2251289,away,2026-07-07,Jake Bennett,801139,801139,Payton Tolle,OTHER_PITCHER,3.3,4.5,6.0,-2.7,6,6,UNDER,OVER
2251289,home,2026-07-07,Davis Martin,702273,702273,Noah Schultz,OTHER_PITCHER,3.86,4.5,3.0,0.8599999999999999,3,3,UNDER,UNDER
2251290,away,2026-07-07,Kyle Harrison,694819,688107,Robert Gasser,OTHER_PITCHER,4.56,5.5,4.0,0.5599999999999996,4,4,UNDER,UNDER
2251290,home,2026-07-07,Michael McGreevy,690928,690928,Hunter Dobbins,OTHER_PITCHER,2.47,3.5,4.0,-1.5299999999999998,4,4,UNDER,OVER
2251291,away,2026-07-07,Walbert Urena,667755,667755,José Soriano,OTHER_PITCHER,3.07,4.5,4.0,-0.9300000000000002,4,4,UNDER,UNDER
2251291,home,2026-07-07,MacKenzie Gore,594798,594798,Jacob deGrom,OTHER_PITCHER,5.0,6.5,7.0,-2.0,7,7,UNDER,OVER
2251292,away,2026-07-07,Dylan Cease,693686,693686,Spencer Miles,OTHER_PITCHER,7.12,6.5,1.0,6.12,1,1,UNDER,UNDER
2251292,home,2026-07-07,Logan Webb,686790,686790,Trevor McDonald,OTHER_PITCHER,3.47,4.5,0.0,3.47,0,0,UNDER,UNDER
2251293,away,2026-07-07,Ryan Feltner,547179,547179,Michael Lorenzen,OTHER_PITCHER,2.4,4.5,5.0,-2.6,5,5,UNDER,OVER
2251293,home,2026-07-07,Roki Sasaki,680736,680736,Justin Wrobleski,OTHER_PITCHER,2.24,4.5,9.0,-6.76,9,9,UNDER,OVER
2251294,away,2026-07-08,Dylan Cease,656302,656302,Dylan Cease,SAME_STARTER,7.18,7.5,11.0,-3.8200000000000003,11,11,UNDER,OVER
2251294,home,2026-07-08,Logan Webb,657277,657277,Logan Webb,SAME_STARTER,3.07,4.5,2.0,1.0699999999999998,2,2,UNDER,UNDER
2251295,away,2026-07-08,Colin Rea,607067,607067,Colin Rea,SAME_STARTER,3.09,4.5,2.0,1.0899999999999999,2,2,UNDER,UNDER
2251295,home,2026-07-08,Trevor Rogers,665152,665152,Dean Kremer,OTHER_PITCHER,2.73,4.5,4.0,-1.27,4,4,UNDER,UNDER
2251296,away,2026-07-08,Jeffrey Springs,605488,605488,Jeffrey Springs,SAME_STARTER,3.12,4.5,4.0,-0.8799999999999999,4,4,UNDER,UNDER
2251296,home,2026-07-08,Framber Valdez,675512,675512,Troy Melton,OTHER_PITCHER,2.98,5.5,9.0,-6.02,9,9,UNDER,OVER
2251297,away,2026-07-08,Bryce Elder,656550,656550,Grant Holmes,OTHER_PITCHER,3.44,3.5,5.0,-1.56,5,5,OVER,OVER
2251297,home,2026-07-08,Mitch Keller,683003,683003,Jared Jones,OTHER_PITCHER,2.67,3.5,8.0,-5.33,8,8,UNDER,OVER
2251298,away,2026-07-08,Bryce Miller,669923,669923,George Kirby,OTHER_PITCHER,3.49,6.5,7.0,-3.51,7,7,UNDER,OVER
2251298,home,2026-07-08,Janson Junk,663969,663969,Tyler Phillips,OTHER_PITCHER,2.94,3.5,3.0,-0.06000000000000005,3,3,UNDER,UNDER
2251299,away,2026-07-08,Gerrit Cole,543037,543037,Gerrit Cole,SAME_STARTER,3.13,4.5,6.0,-2.87,6,6,UNDER,OVER
2251299,home,2026-07-08,Drew Rasmussen,663556,663556,Shane McClanahan,OTHER_PITCHER,4.56,5.5,5.0,-0.4400000000000004,5,5,UNDER,UNDER
2251300,away,2026-07-08,Spencer Arrighetti,681293,681293,Spencer Arrighetti,SAME_STARTER,2.97,4.5,2.0,0.9700000000000002,2,2,UNDER,UNDER
2251300,home,2026-07-08,Foster Griffin,656492,656492,Foster Griffin,SAME_STARTER,4.09,4.5,9.0,-4.91,9,9,UNDER,OVER
2251301,away,2026-07-08,Michael Wacha,608379,674444,Steven Cruz,OTHER_PITCHER,2.64,4.5,2.0,0.6400000000000001,2,2,UNDER,UNDER
2251301,home,2026-07-08,Sean Manaea,681035,681035,Christian Scott,OTHER_PITCHER,2.82,4.5,5.0,-2.18,5,5,UNDER,OVER
2251302,away,2026-07-08,Jesus Luzardo,666200,660604,Alan Rangel,OTHER_PITCHER,7.72,7.5,5.0,2.7199999999999998,5,5,PASS,UNDER
2251302,home,2026-07-08,Brady Singer,695505,695505,Chase Burns,OTHER_PITCHER,3.04,5.5,2.0,1.04,2,2,UNDER,UNDER
2251303,away,2026-07-08,Gavin Williams,677944,677944,Slade Cecconi,OTHER_PITCHER,4.88,5.5,4.0,0.8799999999999999,4,4,UNDER,UNDER
2251303,home,2026-07-08,Bailey Ober,687570,687570,Connor Prielipp,OTHER_PITCHER,2.1,3.5,6.0,-3.9,6,6,UNDER,OVER
2251304,away,2026-07-08,Patrick Sandoval,687562,687562,Jake Bennett,OTHER_PITCHER,3.51,4.5,4.0,-0.4900000000000002,4,4,UNDER,UNDER
2251304,home,2026-07-08,Davis Martin,663436,663436,Davis Martin,SAME_STARTER,3.76,4.5,2.0,1.7599999999999998,2,2,UNDER,UNDER
2251305,away,2026-07-08,Logan Henderson,690986,690986,Kyle Harrison,OTHER_PITCHER,5.46,4.5,2.0,3.46,2,2,OVER,UNDER
2251305,home,2026-07-08,Andre Pallante,700241,700241,Michael McGreevy,OTHER_PITCHER,2.16,3.5,6.0,-3.84,6,6,UNDER,OVER
2251306,away,2026-07-08,Reid Detmers,700712,700712,Walbert Ureña,OTHER_PITCHER,4.99,6.5,3.0,1.9900000000000002,3,3,UNDER,UNDER
2251306,home,2026-07-08,Nathan Eovaldi,669022,669022,MacKenzie Gore,OTHER_PITCHER,5.81,6.5,7.0,-1.1900000000000004,7,7,UNDER,OVER
2251307,away,2026-07-08,Ryan Feltner,663372,687312,Gabriel Hughes,OTHER_PITCHER,2.3,3.5,7.0,-4.7,7,7,UNDER,OVER
2251307,home,2026-07-08,Roki Sasaki,808963,808963,Roki Sasaki,SAME_STARTER,2.21,5.5,5.0,-2.79,5,5,UNDER,UNDER
2251308,away,2026-07-09,Chris Sale,693821,693821,Bryce Elder,OTHER_PITCHER,6.93,6.5,3.0,3.9299999999999997,3,3,PASS,UNDER
2251308,home,2026-07-09,Braxton Ashcraft,656605,656605,Mitch Keller,OTHER_PITCHER,4.37,6.5,3.0,1.37,3,3,UNDER,UNDER
2251309,away,2026-07-09,Luinder Avila,608379,608379,Michael Wacha,OTHER_PITCHER,3.68,4.5,5.0,-1.3199999999999998,5,5,UNDER,OVER
2251309,home,2026-07-09,Nolan McLean,640455,640455,Sean Manaea,OTHER_PITCHER,6.16,6.5,6.0,0.16000000000000014,6,6,UNDER,UNDER
2251310,away,2026-07-09,Ryan Weathers,677960,621112,Paul Blackburn,OTHER_PITCHER,5.16,5.5,3.0,2.16,3,3,PASS,UNDER
2251310,home,2026-07-09,Nick Martinez,656876,656876,Drew Rasmussen,OTHER_PITCHER,2.63,4.5,2.0,0.6299999999999999,2,2,UNDER,UNDER
2251311,away,2026-07-09,Parker Messick,668909,668909,Gavin Williams,OTHER_PITCHER,5.47,5.5,11.0,-5.53,11,11,UNDER,OVER
2251311,home,2026-07-09,Zebby Matthews,641927,641927,Bailey Ober,OTHER_PITCHER,2.7,5.5,5.0,-2.3,5,5,UNDER,UNDER
2251312,away,2026-07-09,Sonny Gray,663776,663776,Patrick Sandoval,OTHER_PITCHER,3.36,5.5,5.0,-1.6400000000000001,5,5,UNDER,UNDER
2251312,home,2026-07-09,Sean Burke,641743,641743,Anthony Kay,OTHER_PITCHER,3.62,5.5,4.0,-0.3799999999999999,4,4,UNDER,UNDER
2251313,away,2026-07-09,Shota Imanaga,656849,656849,David Peterson,OTHER_PITCHER,5.51,5.5,2.0,3.51,2,2,PASS,UNDER
2251313,home,2026-07-09,Brandon Young,669432,669432,Trevor Rogers,OTHER_PITCHER,1.98,4.5,4.0,-2.02,4,4,UNDER,UNDER
2251314,away,2026-07-09,Jacob Lopez,660761,660761,José Suarez,OTHER_PITCHER,1.88,1.5,2.0,-0.1200000000000001,2,2,OVER,OVER
2251314,home,2026-07-09,Jack Flaherty,664285,664285,Framber Valdez,OTHER_PITCHER,3.3,5.5,9.0,-5.7,9,9,UNDER,OVER
2251315,away,2026-07-09,Luis Castillo,682243,682243,Bryce Miller,OTHER_PITCHER,2.98,4.5,3.0,-0.020000000000000018,3,3,UNDER,UNDER
2251315,home,2026-07-09,Sandy Alcantara,676083,676083,Janson Junk,OTHER_PITCHER,3.03,5.5,5.0,-1.9700000000000002,5,5,UNDER,UNDER
2251316,away,2026-07-09,Aaron Nola,666200,666200,Jesús Luzardo,OTHER_PITCHER,4.99,5.5,11.0,-6.01,11,11,OVER,OVER
2251316,home,2026-07-09,Hunter Greene,663903,663903,Brady Singer,OTHER_PITCHER,6.09,6.5,5.0,1.0899999999999999,5,5,UNDER,UNDER
2251317,away,2026-07-09,Brandon Sproat,701656,701656,Logan Henderson,OTHER_PITCHER,3.29,4.5,4.0,-0.71,4,4,UNDER,UNDER
2251317,home,2026-07-09,Kyle Leahy,669467,669467,Andre Pallante,OTHER_PITCHER,2.36,3.5,2.0,0.3599999999999999,2,2,UNDER,UNDER
2251318,away,2026-07-09,Grayson Rodriguez,672282,672282,Reid Detmers,OTHER_PITCHER,2.46,4.5,6.0,-3.54,6,6,UNDER,OVER
2251318,home,2026-07-09,Nathan Eovaldi,543135,543135,Nathan Eovaldi,SAME_STARTER,6.11,7.5,10.0,-3.8899999999999997,10,10,UNDER,OVER
2251319,away,2026-07-09,Tanner Gordon,663372,663372,Ryan Feltner,OTHER_PITCHER,3.24,3.5,3.0,0.2400000000000002,3,3,UNDER,UNDER
2251319,home,2026-07-09,Robbie Ray,687931,687931,Carson Whisenhunt,OTHER_PITCHER,3.42,5.5,4.0,-0.5800000000000001,4,4,OVER,UNDER
2251320,away,2026-07-10,Cristopher Sanchez,605400,605400,Aaron Nola,OTHER_PITCHER,6.31,6.5,8.0,-1.6900000000000004,8,8,PASS,OVER
2251320,home,2026-07-10,Casey Mize,656427,656427,Jack Flaherty,OTHER_PITCHER,3.97,5.5,6.0,-2.03,6,6,UNDER,OVER
2251321,away,2026-07-11,Brandon Sproat,687075,687075,Brandon Sproat,SAME_STARTER,3.52,4.5,3.0,0.52,3,3,UNDER,UNDER
2251321,home,2026-07-11,Braxton Ashcraft,677952,677952,Braxton Ashcraft,SAME_STARTER,4.2,5.5,6.0,-1.7999999999999998,6,6,UNDER,OVER
2251322,away,2026-07-10,Cam Schlittler,677960,677960,Ryan Weathers,OTHER_PITCHER,5.61,5.5,6.0,-0.3899999999999997,6,6,UNDER,OVER
2251322,home,2026-07-10,Miles Mikolas,687223,687223,Carson Palmquist,OTHER_PITCHER,2.64,3.5,4.0,-1.3599999999999999,4,4,UNDER,OVER
2251323,away,2026-07-10,Noah Cameron,679883,679883,Luinder Avila,OTHER_PITCHER,3.65,4.5,3.0,0.6499999999999999,3,3,UNDER,UNDER
2251323,home,2026-07-10,Kyle Bradish,687064,687064,Brandon Young,OTHER_PITCHER,3.41,5.5,5.0,-1.5899999999999999,5,5,UNDER,UNDER
2251324,away,2026-07-10,Javier Assad,684007,684007,Shota Imanaga,OTHER_PITCHER,1.96,3.5,5.0,-3.04,5,5,UNDER,OVER
2251324,home,2026-07-10,Nick Lodolo,668881,668881,Hunter Greene,OTHER_PITCHER,2.17,4.5,12.0,-9.83,12,12,UNDER,OVER
2251325,away,2026-07-10,Sonny Gray,543243,543243,Sonny Gray,SAME_STARTER,3.0,5.5,3.0,0.0,3,3,UNDER,UNDER
2251325,home,2026-07-10,Freddy Peralta,690997,690997,Nolan McLean,OTHER_PITCHER,3.6,5.5,7.0,-3.4,7,7,UNDER,OVER
2251326,away,2026-07-10,Logan Gilbert,622491,622491,Luis Castillo,OTHER_PITCHER,4.0,5.5,4.0,0.0,4,4,UNDER,UNDER
2251326,home,2026-07-10,Griffin Jax,607259,607259,Nick Martinez,OTHER_PITCHER,3.61,5.5,1.0,2.61,1,1,UNDER,UNDER
2251327,away,2026-07-10,Tanner Bibee,800048,800048,Parker Messick,OTHER_PITCHER,2.81,4.5,1.0,1.81,1,1,UNDER,UNDER
2251327,home,2026-07-10,Eury Perez,645261,645261,Sandy Alcantara,OTHER_PITCHER,3.25,6.5,8.0,-4.75,8,8,UNDER,OVER
2251328,away,2026-07-10,Gage Jump,682052,682052,Jacob Lopez,OTHER_PITCHER,4.01,5.5,1.0,3.01,1,1,UNDER,UNDER
2251328,home,2026-07-10,Erick Fedde,680732,680732,Sean Burke,OTHER_PITCHER,2.37,3.5,9.0,-6.63,9,9,UNDER,OVER
2251329,away,2026-07-10,Peter Lambert,686613,686613,Hunter Brown,OTHER_PITCHER,3.38,4.5,4.0,-0.6200000000000001,4,4,UNDER,UNDER
2251329,home,2026-07-10,Kumar Rocker,615698,615698,Cal Quantrill,OTHER_PITCHER,2.49,4.5,1.0,1.4900000000000002,1,1,UNDER,UNDER
2251330,away,2026-07-10,Ryan Johnson,680570,680570,Grayson Rodriguez,OTHER_PITCHER,3.13,3.5,0.0,3.13,0,0,PASS,UNDER
2251330,home,2026-07-10,Joe Ryan,805673,805673,Zebby Matthews,OTHER_PITCHER,5.33,7.5,3.0,2.33,3,3,UNDER,UNDER
2251331,away,2026-07-10,Reynaldo Lopez,519242,519242,Chris Sale,OTHER_PITCHER,3.68,3.5,5.0,-1.3199999999999998,5,5,PASS,OVER
2251331,home,2026-07-10,Matthew Liberatore,681517,681517,Kyle Leahy,OTHER_PITCHER,2.34,4.5,2.0,0.33999999999999986,2,2,UNDER,UNDER
2251332,away,2026-07-10,Trey Yesavage,669456,669456,Shane Bieber,OTHER_PITCHER,2.75,4.5,4.0,-1.25,4,4,UNDER,UNDER
2251332,home,2026-07-10,Walker Buehler,676664,676664,JP Sears,OTHER_PITCHER,2.86,3.5,3.0,-0.14000000000000012,3,3,UNDER,UNDER
2251333,away,2026-07-10,Kyle Freeland,685299,685299,Tanner Gordon,OTHER_PITCHER,2.81,4.5,1.0,1.81,1,1,UNDER,UNDER
2251333,home,2026-07-10,Tyler Mahle,592662,592662,Robbie Ray,OTHER_PITCHER,3.11,5.5,4.0,-0.8900000000000001,4,4,UNDER,UNDER
2251334,away,2026-07-11,Jose Soriano,696270,696270,Ryan Johnson,OTHER_PITCHER,5.4,5.5,1.0,4.4,1,1,UNDER,UNDER
2251334,home,2026-07-11,Taj Bradley,657746,657746,Joe Ryan,OTHER_PITCHER,4.83,6.5,6.0,-1.17,6,6,UNDER,UNDER
2251335,away,2026-07-11,Michael Lorenzen,607536,607536,Kyle Freeland,OTHER_PITCHER,1.91,3.5,9.0,-7.09,9,9,UNDER,OVER
2251335,home,2026-07-11,Trevor McDonald,641816,641816,Tyler Mahle,OTHER_PITCHER,3.68,4.5,4.0,-0.31999999999999984,4,4,UNDER,UNDER
2251336,away,2026-07-11,Will Warren,693645,693645,Cam Schlittler,OTHER_PITCHER,4.08,4.5,6.0,-1.92,6,6,UNDER,OVER
2251336,home,2026-07-11,Cade Cavalli,571945,676571,PJ Poulin,OTHER_PITCHER,3.79,5.5,3.0,0.79,3,3,UNDER,UNDER
2251337,away,2026-07-11,Robert Gasser,687075,675660,Shane Drohan,OTHER_PITCHER,3.68,4.5,6.0,-2.32,6,6,PASS,OVER
2251337,home,2026-07-11,Paul Skenes,677952,696149,Bubba Chandler,OTHER_PITCHER,6.02,6.5,6.0,0.019999999999999574,6,6,UNDER,UNDER
2251338,away,2026-07-11,Payton Tolle,700842,700842,Eduardo Rivera,OTHER_PITCHER,2.9,5.5,3.0,-0.10000000000000009,3,3,UNDER,UNDER
2251338,home,2026-07-11,Freddy Peralta,642547,642547,Freddy Peralta,SAME_STARTER,3.85,5.5,6.0,-2.15,6,6,UNDER,OVER
2251339,away,2026-07-11,Emerson Hancock,669302,669302,Logan Gilbert,OTHER_PITCHER,3.42,4.5,5.0,-1.58,5,5,UNDER,OVER
2251339,home,2026-07-11,Griffin Jax,643377,643377,Griffin Jax,SAME_STARTER,3.63,5.5,3.0,0.6299999999999999,3,3,UNDER,UNDER
2251340,away,2026-07-11,J.T. Ginn,695611,695611,Gage Jump,OTHER_PITCHER,2.77,4.5,7.0,-4.23,7,7,UNDER,OVER
2251340,home,2026-07-11,Noah Schultz,607200,663542,Bryan Hudson,OTHER_PITCHER,2.63,4.5,0.0,2.63,0,0,UNDER,UNDER
2251341,away,2026-07-11,Joey Cantillo,676440,676440,Tanner Bibee,OTHER_PITCHER,3.22,4.5,3.0,0.2200000000000002,3,3,UNDER,UNDER
2251341,home,2026-07-11,Eury Perez,691587,691587,Eury Pérez,SAME_STARTER,3.45,6.5,6.0,-2.55,6,6,UNDER,UNDER
2251342,away,2026-07-11,Zack Wheeler,650911,650911,Cristopher Sánchez,OTHER_PITCHER,6.57,7.5,7.0,-0.4299999999999997,7,7,PASS,UNDER
2251342,home,2026-07-11,Tarik Skubal,663554,663554,Casey Mize,OTHER_PITCHER,7.96,7.5,5.0,2.96,5,5,PASS,UNDER
2251343,away,2026-07-11,Seth Lugo,702070,702070,Noah Cameron,OTHER_PITCHER,3.34,4.5,9.0,-5.66,9,9,UNDER,OVER
2251343,home,2026-07-11,Shane Baz,680694,680694,Kyle Bradish,OTHER_PITCHER,2.87,5.5,5.0,-2.13,5,5,UNDER,UNDER
2251344,away,2026-07-11,Cristian Javier,663567,663567,Peter Lambert,OTHER_PITCHER,1.17,3.5,7.0,-5.83,7,7,UNDER,OVER
2251344,home,2026-07-11,MacKenzie Gore,677958,677958,Kumar Rocker,OTHER_PITCHER,3.99,4.5,6.0,-2.01,6,6,UNDER,OVER
2251345,away,2026-07-11,Matthew Boyd,665871,665871,Javier Assad,OTHER_PITCHER,6.14,5.5,4.0,2.1399999999999997,4,4,UNDER,UNDER
2251345,home,2026-07-11,Andrew Abbott,666157,666157,Nick Lodolo,OTHER_PITCHER,3.06,4.5,4.0,-0.94,4,4,UNDER,UNDER
2251346,away,2026-07-11,JR Ritchie,625643,625643,Reynaldo López,OTHER_PITCHER,2.94,2.5,3.0,-0.06000000000000005,3,3,PASS,OVER
2251346,home,2026-07-11,Dustin May,669461,669461,Matthew Liberatore,OTHER_PITCHER,3.17,4.5,6.0,-2.83,6,6,UNDER,OVER
2251347,away,2026-07-11,Kevin Gausman,702056,702056,Trey Yesavage,OTHER_PITCHER,4.99,5.5,1.0,3.99,1,1,UNDER,UNDER
2251347,home,2026-07-11,German Marquez,621111,621111,Walker Buehler,OTHER_PITCHER,1.47,2.5,1.0,0.47,1,1,UNDER,UNDER
2251348,away,2026-07-12,Robert Gasser,688107,688107,Robert Gasser,SAME_STARTER,3.57,4.5,3.0,0.5699999999999998,3,3,UNDER,UNDER
2251348,home,2026-07-12,Paul Skenes,694973,694973,Paul Skenes,SAME_STARTER,6.22,6.5,7.0,-0.7800000000000002,7,7,UNDER,OVER
2251349,away,2026-07-12,Seth Lugo,607625,607625,Seth Lugo,SAME_STARTER,3.8,4.5,6.0,-2.2,6,6,UNDER,OVER
2251349,home,2026-07-12,Shane Baz,669358,669358,Shane Baz,SAME_STARTER,3.41,5.5,9.0,-5.59,9,9,UNDER,OVER
2251350,away,2026-07-12,Will Warren,701542,701542,Will Warren,SAME_STARTER,3.99,4.5,2.0,1.9900000000000002,2,2,PASS,UNDER
2251350,home,2026-07-12,Cade Cavalli,676917,676917,Cade Cavalli,SAME_STARTER,3.84,5.5,5.0,-1.1600000000000001,5,5,UNDER,UNDER
2251351,away,2026-07-12,Matthew Boyd,571510,571510,Matthew Boyd,SAME_STARTER,5.9,5.5,3.0,2.9000000000000004,3,3,UNDER,UNDER
2251351,home,2026-07-12,Andrew Abbott,671096,671096,Andrew Abbott,SAME_STARTER,2.99,4.5,3.0,-0.009999999999999787,3,3,UNDER,UNDER
2251352,away,2026-07-12,Payton Tolle,801139,801139,Payton Tolle,SAME_STARTER,3.09,4.5,7.0,-3.91,7,7,UNDER,OVER
2251352,home,2026-07-12,,,804267,Zac Thornton,NO_LIVE_ROW,,,,,,5,,
2251353,away,2026-07-12,Emerson Hancock,676106,676106,Emerson Hancock,SAME_STARTER,3.68,4.5,2.0,1.6800000000000002,2,2,UNDER,UNDER
2251353,home,2026-07-12,Ian Seymour,693855,693855,Ian Seymour,SAME_STARTER,5.15,5.5,3.0,2.1500000000000004,3,3,UNDER,UNDER
2251354,away,2026-07-12,Zack Wheeler,554430,554430,Zack Wheeler,SAME_STARTER,7.36,7.5,10.0,-2.6399999999999997,10,10,PASS,OVER
2251354,home,2026-07-12,Tarik Skubal,669373,669373,Tarik Skubal,SAME_STARTER,7.95,7.5,5.0,2.95,5,5,PASS,UNDER
2251355,away,2026-07-12,Joey Cantillo,676282,676282,Joey Cantillo,SAME_STARTER,4.05,5.5,9.0,-4.95,9,9,UNDER,OVER
2251355,home,2026-07-12,Tyler Phillips,663969,663969,Tyler Phillips,SAME_STARTER,1.95,3.5,1.0,0.95,1,1,UNDER,UNDER
2251356,away,2026-07-12,Jose Soriano,667755,667755,José Soriano,SAME_STARTER,4.69,5.5,0.0,4.69,0,0,UNDER,UNDER
2251356,home,2026-07-12,Taj Bradley,671737,671737,Taj Bradley,SAME_STARTER,4.7,6.5,6.0,-1.2999999999999998,6,6,UNDER,UNDER
2251357,away,2026-07-12,J.T. Ginn,669372,669372,J.T. Ginn,SAME_STARTER,3.3,4.5,7.0,-3.7,7,7,OVER,OVER
2251357,home,2026-07-12,Noah Schultz,702273,702273,Noah Schultz,SAME_STARTER,2.82,4.5,4.0,-1.1800000000000002,4,4,OVER,UNDER
2251358,away,2026-07-12,JR Ritchie,702275,664849,Danny Young,OTHER_PITCHER,3.1,3.5,1.0,2.1,1,1,UNDER,UNDER
2251358,home,2026-07-12,Dustin May,669160,669160,Dustin May,SAME_STARTER,3.41,4.5,4.0,-0.5899999999999999,4,4,UNDER,UNDER
2251359,away,2026-07-12,Cristian Javier,664299,664299,Cristian Javier,SAME_STARTER,1.5,3.5,4.0,-2.5,4,4,UNDER,OVER
2251359,home,2026-07-12,MacKenzie Gore,669022,669022,MacKenzie Gore,SAME_STARTER,3.83,4.5,4.0,-0.16999999999999993,4,4,OVER,UNDER
2251360,away,2026-07-12,Michael Lorenzen,547179,547179,Michael Lorenzen,SAME_STARTER,1.82,3.5,1.0,0.8200000000000001,1,1,UNDER,UNDER
2251360,home,2026-07-12,Trevor McDonald,686790,686790,Trevor McDonald,SAME_STARTER,3.39,4.5,4.0,-0.6099999999999999,4,4,PASS,UNDER
2251361,away,2026-07-12,Kevin Gausman,592332,592332,Kevin Gausman,SAME_STARTER,5.17,5.5,8.0,-2.83,8,8,UNDER,OVER
2251361,home,2026-07-12,German Marquez,608566,608566,Germán Márquez,SAME_STARTER,1.51,3.5,4.0,-2.49,4,4,UNDER,OVER
2251362,away,2026-07-16,Christian Scott,681035,681035,Christian Scott,SAME_STARTER,3.79,5.5,7.0,-3.21,7,7,UNDER,OVER
2251362,home,2026-07-16,Aaron Nola,605400,605400,Aaron Nola,SAME_STARTER,4.89,5.5,6.0,-1.1100000000000003,6,6,UNDER,OVER
2251363,away,2026-07-17,Emmet Sheehan,808963,808963,Roki Sasaki,OTHER_PITCHER,6.1,5.5,5.0,1.0999999999999996,5,5,PASS,UNDER
2251363,home,2026-07-17,Ryan Weathers,543037,543037,Gerrit Cole,OTHER_PITCHER,4.99,5.5,8.0,-3.01,8,8,UNDER,OVER
2251364,away,2026-07-17,Davis Martin,641743,641743,Anthony Kay,OTHER_PITCHER,3.09,3.5,5.0,-1.9100000000000001,5,5,UNDER,OVER
2251364,home,2026-07-17,Shane Bieber,693686,693686,Spencer Miles,OTHER_PITCHER,3.16,4.5,4.0,-0.8399999999999999,4,4,UNDER,UNDER
2251365,away,2026-07-18,Paul Skenes,683003,683003,Jared Jones,OTHER_PITCHER,6.48,6.5,9.0,-2.5199999999999996,0,9,PASS,UNDER
2251365,home,2026-07-18,Joey Cantillo,668909,668909,Gavin Williams,OTHER_PITCHER,4.27,5.5,11.0,-6.73,0,11,UNDER,UNDER
2251366,away,2026-07-17,Mason Englert,643377,669438,Mason Englert,SAME_STARTER,3.96,3.5,4.0,-0.040000000000000036,4,4,OVER,OVER
2251366,home,2026-07-17,Eduardo Rivera,687562,700842,Eduardo Rivera,SAME_STARTER,2.7,3.5,3.0,-0.2999999999999998,3,3,UNDER,UNDER
2251367,away,2026-07-17,MacKenzie Gore,615698,615698,Cal Quantrill,OTHER_PITCHER,3.43,5.5,3.0,0.43000000000000016,3,3,UNDER,UNDER
2251367,home,2026-07-17,Owen Murphy,519242,519242,Chris Sale,OTHER_PITCHER,3.0,3.5,6.0,-3.0,6,6,UNDER,OVER
2251368,away,2026-07-17,Max Meyer,645261,645261,Sandy Alcantara,OTHER_PITCHER,4.07,5.5,7.0,-2.9299999999999997,7,7,UNDER,OVER
2251368,home,2026-07-17,Logan Henderson,701656,701656,Logan Henderson,SAME_STARTER,4.62,5.5,4.0,0.6200000000000001,4,4,UNDER,UNDER
2251369,away,2026-07-17,Taj Bradley,641927,641927,Bailey Ober,OTHER_PITCHER,4.21,5.5,7.0,-2.79,7,7,UNDER,OVER
2251369,home,2026-07-17,Matthew Boyd,607067,607067,Colin Rea,OTHER_PITCHER,5.0,4.5,6.0,-1.0,6,6,PASS,OVER
2251370,away,2026-07-17,Trevor Rogers,665152,665152,Dean Kremer,OTHER_PITCHER,2.68,4.5,5.0,-2.32,5,5,UNDER,OVER
2251370,home,2026-07-17,Spencer Arrighetti,663567,663567,Peter Lambert,OTHER_PITCHER,3.47,5.5,10.0,-6.529999999999999,10,10,UNDER,OVER
2251371,away,2026-07-17,Michael King,650633,650633,Michael King,SAME_STARTER,2.92,4.5,4.0,-1.08,4,4,UNDER,UNDER
2251371,home,2026-07-17,Seth Lugo,607625,607625,Seth Lugo,SAME_STARTER,3.47,4.5,3.0,0.4700000000000002,3,3,UNDER,UNDER
2251372,away,2026-07-17,Rhett Lowder,663903,663903,Brady Singer,OTHER_PITCHER,2.81,2.5,6.0,-3.19,6,6,UNDER,OVER
2251372,home,2026-07-17,Tomoyuki Sugano,687312,687312,Gabriel Hughes,OTHER_PITCHER,1.99,3.5,6.0,-4.01,6,6,UNDER,OVER
2251373,away,2026-07-17,Tarik Skubal,675512,675512,Troy Melton,OTHER_PITCHER,9.23,8.5,9.0,0.23000000000000043,9,9,UNDER,OVER
2251373,home,2026-07-17,Grayson Rodriguez,672282,672282,Reid Detmers,OTHER_PITCHER,2.26,4.5,7.0,-4.74,7,7,UNDER,OVER
2251374,away,2026-07-17,Zack Littell,676917,676917,Cade Cavalli,OTHER_PITCHER,2.13,2.5,9.0,-6.87,9,9,UNDER,OVER
2251374,home,2026-07-17,J.T. Ginn,695611,695611,Gage Jump,OTHER_PITCHER,2.64,4.5,8.0,-5.359999999999999,8,8,UNDER,OVER
2251375,away,2026-07-17,Logan Webb,694738,694738,Landen Roupp,OTHER_PITCHER,4.02,5.5,2.0,2.0199999999999996,2,2,UNDER,UNDER
2251375,home,2026-07-17,Bryan Woo,682243,682243,Bryce Miller,OTHER_PITCHER,3.37,5.5,6.0,-2.63,6,6,UNDER,OVER
2251376,away,2026-07-18,Zebby Matthews,671737,671737,Taj Bradley,OTHER_PITCHER,2.39,4.5,6.0,-3.61,6,6,UNDER,OVER
2251376,home,2026-07-18,Shota Imanaga,571510,571510,Matthew Boyd,OTHER_PITCHER,4.89,5.5,4.0,0.8899999999999997,4,4,OVER,UNDER
2251377,away,2026-07-18,Sean Burke,663436,663436,Davis Martin,OTHER_PITCHER,3.11,5.5,5.0,-1.8900000000000001,5,5,UNDER,UNDER
2251377,home,2026-07-18,Trey Yesavage,669456,669456,Shane Bieber,OTHER_PITCHER,2.94,5.5,6.0,-3.06,6,6,UNDER,OVER
2251378,away,2026-07-18,Hunter Greene,695076,695076,Rhett Lowder,OTHER_PITCHER,7.14,6.5,2.0,5.14,2,2,PASS,UNDER
2251378,home,2026-07-18,Ryan Feltner,608372,608372,Tomoyuki Sugano,OTHER_PITCHER,2.7,4.5,3.0,-0.2999999999999998,3,3,UNDER,UNDER
2251379,away,2026-07-18,Nolan McLean,640455,640455,Sean Manaea,OTHER_PITCHER,6.6,6.5,7.0,-0.40000000000000036,7,7,UNDER,OVER
2251379,home,2026-07-18,Jesus Luzardo,666200,666200,Jesús Luzardo,SAME_STARTER,7.66,6.5,7.0,0.6600000000000001,7,7,UNDER,OVER
2251380,away,2026-07-18,Brandon Young,669432,669432,Trevor Rogers,OTHER_PITCHER,2.0,4.5,8.0,-6.0,8,8,UNDER,OVER
2251380,home,2026-07-18,Hunter Brown,681293,681293,Spencer Arrighetti,OTHER_PITCHER,6.31,6.5,6.0,0.3099999999999996,6,6,PASS,UNDER
2251381,away,2026-07-18,,,682254,Mason Montgomery,NO_LIVE_ROW,,,,,,1,,
2251381,home,2026-07-18,,,671106,Logan Allen,NO_LIVE_ROW,,,,,,3,,
2251382,away,2026-07-18,German Marquez,656288,656288,Griffin Canning,OTHER_PITCHER,1.74,3.5,4.0,-2.26,4,4,UNDER,OVER
2251382,home,2026-07-18,Noah Cameron,677976,677976,Randy Dobnak,OTHER_PITCHER,3.79,4.5,3.0,0.79,3,3,UNDER,UNDER
2251383,away,2026-07-18,Shane McClanahan,693855,693855,Ian Seymour,OTHER_PITCHER,3.37,4.5,4.0,-0.6299999999999999,4,4,UNDER,UNDER
2251383,home,2026-07-18,Sonny Gray,663776,663776,Patrick Sandoval,OTHER_PITCHER,2.62,4.5,5.0,-2.38,5,5,UNDER,OVER
2251384,away,2026-07-18,Nathan Eovaldi,669022,669022,MacKenzie Gore,OTHER_PITCHER,5.34,5.5,7.0,-1.6600000000000001,7,7,UNDER,OVER
2251384,home,2026-07-18,Grant Holmes,702566,702566,Owen Murphy,OTHER_PITCHER,2.51,4.5,2.0,0.5099999999999998,2,2,UNDER,UNDER
2251385,away,2026-07-18,Eury Perez,676974,676974,Max Meyer,OTHER_PITCHER,3.19,5.5,5.0,-1.81,5,5,UNDER,UNDER
2251385,home,2026-07-18,Robert Gasser,675660,675660,Shane Drohan,OTHER_PITCHER,3.41,4.5,9.0,-5.59,9,9,UNDER,OVER
2251386,away,2026-07-18,Robbie Ray,657277,657277,Logan Webb,OTHER_PITCHER,2.81,5.5,5.0,-2.19,5,5,UNDER,UNDER
2251386,home,2026-07-18,Logan Gilbert,693433,693433,Bryan Woo,OTHER_PITCHER,3.95,6.5,7.0,-3.05,7,7,UNDER,OVER
2251387,away,2026-07-19,Emmet Sheehan,686218,808967,Yoshinobu Yamamoto,OTHER_PITCHER,6.09,5.5,0.0,6.09,0,7,PASS,UNDER
2251387,home,2026-07-19,Ryan Weathers,677960,693645,Cam Schlittler,OTHER_PITCHER,5.31,6.5,0.0,5.31,0,8,UNDER,UNDER
2251388,away,2026-07-18,Foster Griffin,641793,641793,Zack Littell,OTHER_PITCHER,4.24,5.5,4.0,0.2400000000000002,4,4,UNDER,UNDER
2251388,home,2026-07-18,Jacob Lopez,669372,669372,J.T. Ginn,OTHER_PITCHER,1.75,3.5,7.0,-5.25,7,7,UNDER,OVER
2251389,away,2026-07-18,Casey Mize,669373,669373,Tarik Skubal,OTHER_PITCHER,4.07,5.5,9.0,-4.93,9,9,UNDER,OVER
2251389,home,2026-07-18,Ryan Johnson,680570,680570,Grayson Rodriguez,OTHER_PITCHER,3.13,4.5,3.0,0.1299999999999999,3,3,UNDER,UNDER
2251390,away,2026-07-19,Erick Fedde,680732,680732,Sean Burke,OTHER_PITCHER,2.03,3.5,5.0,-2.97,5,5,UNDER,OVER
2251390,home,2026-07-19,Dylan Cease,702056,702056,Trey Yesavage,OTHER_PITCHER,9.04,7.5,9.0,0.03999999999999915,9,9,PASS,OVER
2251391,away,2026-07-19,Nick Martinez,663556,663556,Shane McClanahan,OTHER_PITCHER,2.18,3.5,3.0,-0.8199999999999998,3,3,UNDER,UNDER
2251391,home,2026-07-19,Payton Tolle,543243,543243,Sonny Gray,OTHER_PITCHER,2.48,5.5,5.0,-2.52,5,5,UNDER,UNDER
2251392,away,2026-07-19,Freddy Peralta,690997,690997,Nolan McLean,OTHER_PITCHER,4.11,5.5,10.0,-5.89,10,10,OVER,OVER
2251392,home,2026-07-19,Cristopher Sanchez,660604,660604,Alan Rangel,OTHER_PITCHER,5.83,6.5,4.0,1.83,4,4,PASS,UNDER
2251393,away,2026-07-19,Jacob deGrom,543135,543135,Nathan Eovaldi,OTHER_PITCHER,5.98,6.5,2.0,3.9800000000000004,2,2,UNDER,UNDER
2251393,home,2026-07-19,Bryce Elder,656550,656550,Grant Holmes,OTHER_PITCHER,3.1,3.5,2.0,1.1,2,2,UNDER,UNDER
2251394,away,2026-07-19,Braxton Ashcraft,694973,694973,Paul Skenes,OTHER_PITCHER,4.68,6.5,8.0,-3.3200000000000003,8,8,UNDER,OVER
2251394,home,2026-07-19,Tanner Bibee,676282,676282,Joey Cantillo,OTHER_PITCHER,2.86,4.5,7.0,-4.140000000000001,7,7,OVER,OVER
2251395,away,2026-07-19,Shane Baz,680694,687064,Brandon Young,OTHER_PITCHER,3.28,5.5,7.0,-3.72,7,7,PASS,OVER
2251395,home,2026-07-19,Ronel Blanco,686613,686613,Hunter Brown,OTHER_PITCHER,4.24,3.5,4.0,0.2400000000000002,4,4,PASS,OVER
2251396,away,2026-07-19,JP Sears,608566,608566,Germán Márquez,OTHER_PITCHER,3.05,3.5,2.0,1.0499999999999998,2,2,UNDER,UNDER
2251396,home,2026-07-19,Michael Wacha,702070,702070,Noah Cameron,OTHER_PITCHER,2.89,4.5,1.0,1.8900000000000001,1,1,UNDER,UNDER
2251397,away,2026-07-19,Janson Junk,691587,691587,Eury Pérez,OTHER_PITCHER,2.77,3.5,9.0,-6.23,9,9,UNDER,OVER
2251397,home,2026-07-19,Jacob Misiorowski,688107,688107,Robert Gasser,OTHER_PITCHER,6.19,8.5,5.0,1.1900000000000004,5,5,UNDER,UNDER
2251398,away,2026-07-19,Joe Ryan,805673,805673,Zebby Matthews,OTHER_PITCHER,4.52,6.5,4.0,0.5199999999999996,4,4,UNDER,UNDER
2251398,home,2026-07-19,Jameson Taillon,684007,684007,Shota Imanaga,OTHER_PITCHER,2.83,4.5,4.0,-1.17,4,4,UNDER,UNDER
2251399,away,2026-07-19,Andrew Abbott,668881,668881,Hunter Greene,OTHER_PITCHER,3.06,4.5,7.0,-3.94,7,7,UNDER,OVER
2251399,home,2026-07-19,Kyle Freeland,663372,663372,Ryan Feltner,OTHER_PITCHER,3.84,4.5,3.0,0.8399999999999999,3,3,UNDER,UNDER
2251400,away,2026-07-19,Andrew Alvarez,656492,656492,Foster Griffin,OTHER_PITCHER,5.47,4.5,2.0,3.4699999999999998,2,2,PASS,UNDER
2251400,home,2026-07-19,Jeffrey Springs,682052,682052,Jacob Lopez,OTHER_PITCHER,3.47,3.5,6.0,-2.53,6,6,PASS,OVER
2251401,away,2026-07-19,Jack Flaherty,663554,663554,Casey Mize,OTHER_PITCHER,3.62,5.5,5.0,-1.38,5,5,UNDER,UNDER
2251401,home,2026-07-19,Jose Soriano,696270,696270,Ryan Johnson,OTHER_PITCHER,5.16,4.5,5.0,0.16000000000000014,5,5,OVER,OVER
2251402,away,2026-07-19,Trevor McDonald,592662,592662,Robbie Ray,OTHER_PITCHER,3.59,3.5,6.0,-2.41,6,6,PASS,OVER
2251402,home,2026-07-19,George Kirby,669302,669302,Logan Gilbert,OTHER_PITCHER,4.27,6.5,10.0,-5.73,10,10,UNDER,OVER
2251403,away,2026-07-19,,,694361,Will Klein,NO_LIVE_ROW,,,,,,1,,
2251403,home,2026-07-19,,,642232,Ryan Yarbrough,NO_LIVE_ROW,,,,,,1,,
2251404,away,2026-07-20,Kendry Rojas,657746,657746,Joe Ryan,OTHER_PITCHER,5.61,1.5,3.0,2.6100000000000003,3,3,OVER,OVER
2251404,home,2026-07-20,Parker Messick,676440,676440,Tanner Bibee,OTHER_PITCHER,5.04,4.5,5.0,0.040000000000000036,5,5,OVER,OVER
2251405,away,2026-07-20,Bubba Chandler,677952,677952,Braxton Ashcraft,OTHER_PITCHER,2.21,4.5,2.0,0.20999999999999996,2,2,UNDER,UNDER
2251405,home,2026-07-20,Will Warren,677960,677960,Ryan Weathers,OTHER_PITCHER,4.27,5.5,5.0,-0.7300000000000004,5,5,UNDER,UNDER
2251406,away,2026-07-20,Drew Rasmussen,607259,607259,Nick Martinez,OTHER_PITCHER,3.19,4.5,0.0,3.19,0,0,UNDER,UNDER
2251406,home,2026-07-20,Kevin Gausman,656302,656302,Dylan Cease,OTHER_PITCHER,4.57,5.5,7.0,-2.4299999999999997,7,7,UNDER,OVER
2251407,away,2026-07-20,Kyle Bradish,669358,669358,Shane Baz,OTHER_PITCHER,3.39,5.5,6.0,-2.61,6,6,UNDER,OVER
2251407,home,2026-07-20,Ranger Suarez,801139,801139,Payton Tolle,OTHER_PITCHER,5.71,5.5,9.0,-3.29,9,9,PASS,OVER
2251408,away,2026-07-20,Justin Wrobleski,686218,686218,Emmet Sheehan,OTHER_PITCHER,2.32,5.5,6.0,-3.68,6,6,UNDER,OVER
2251408,home,2026-07-20,Zack Wheeler,650911,650911,Cristopher Sánchez,OTHER_PITCHER,6.12,6.5,7.0,-0.8799999999999999,7,7,PASS,OVER
2251409,away,2026-07-20,Walker Buehler,676664,676664,JP Sears,OTHER_PITCHER,3.02,3.5,3.0,0.020000000000000018,3,3,UNDER,UNDER
2251409,home,2026-07-20,Reynaldo Lopez,693821,693821,Bryce Elder,OTHER_PITCHER,3.47,4.5,4.0,-0.5299999999999998,4,4,UNDER,UNDER
2251410,away,2026-07-20,Tyler Mahle,686790,686790,Trevor McDonald,OTHER_PITCHER,3.1,4.5,3.0,0.10000000000000009,3,3,UNDER,UNDER
2251410,home,2026-07-20,Luinder Avila,608379,608379,Michael Wacha,OTHER_PITCHER,3.18,3.5,5.0,-1.8199999999999998,5,5,PASS,OVER
2251411,away,2026-07-20,Freddy Peralta,642547,642547,Freddy Peralta,SAME_STARTER,3.82,5.5,6.0,-2.18,6,6,UNDER,OVER
2251411,home,2026-07-20,Brandon Sproat,694819,694819,Jacob Misiorowski,OTHER_PITCHER,3.34,4.5,6.0,-2.66,6,6,UNDER,OVER
2251412,away,2026-07-20,Framber Valdez,656427,656427,Jack Flaherty,OTHER_PITCHER,3.22,4.5,4.0,-0.7799999999999998,4,4,UNDER,UNDER
2251412,home,2026-07-20,Jameson Taillon,592791,592791,Jameson Taillon,SAME_STARTER,3.69,4.5,6.0,-2.31,6,6,OVER,OVER
2251413,away,2026-07-20,Noah Schultz,607200,607200,Erick Fedde,OTHER_PITCHER,2.75,4.5,6.0,-3.25,6,6,UNDER,OVER
2251413,home,2026-07-20,Kumar Rocker,594798,594798,Jacob deGrom,OTHER_PITCHER,2.85,4.5,6.0,-3.15,6,6,UNDER,OVER
2251414,away,2026-07-20,Janson Junk,676083,676083,Janson Junk,SAME_STARTER,2.75,3.5,3.0,-0.25,3,3,UNDER,UNDER
2251414,home,2026-07-20,Ronel Blanco,669854,669854,Ronel Blanco,SAME_STARTER,4.48,3.5,8.0,-3.5199999999999996,8,8,PASS,OVER
2251415,away,2026-07-20,Miles Mikolas,674841,674841,Andrew Alvarez,OTHER_PITCHER,2.2,2.5,2.0,0.20000000000000018,2,2,UNDER,UNDER
2251415,home,2026-07-20,Michael Lorenzen,607536,607536,Kyle Freeland,OTHER_PITCHER,1.77,3.5,4.0,-2.23,4,4,UNDER,OVER
2251416,away,2026-07-20,Chase Burns,671096,671096,Andrew Abbott,OTHER_PITCHER,4.21,6.5,6.0,-1.79,6,6,UNDER,UNDER
2251416,home,2026-07-20,Luis Castillo,669923,669923,George Kirby,OTHER_PITCHER,3.34,5.5,6.0,-2.66,6,6,UNDER,OVER
2251417,away,2026-07-20,Matthew Liberatore,681517,681517,Kyle Leahy,OTHER_PITCHER,3.19,5.0,4.0,-0.81,4,4,UNDER,UNDER
2251417,home,2026-07-20,Walbert Urena,667755,667755,José Soriano,OTHER_PITCHER,2.81,4.5,7.0,-4.1899999999999995,7,7,UNDER,OVER
2251418,away,2026-07-21,Bailey Ober,696070,696070,Kendry Rojas,OTHER_PITCHER,2.4,4.5,2.0,0.3999999999999999,2,2,UNDER,UNDER
2251418,home,2026-07-21,Slade Cecconi,800048,800048,Parker Messick,OTHER_PITCHER,2.07,3.5,6.0,-3.93,6,6,UNDER,OVER
2251419,away,2026-07-21,Eric Lauer,680736,680736,Justin Wrobleski,OTHER_PITCHER,2.59,3.5,7.0,-4.41,7,7,UNDER,OVER
2251419,home,2026-07-21,Aaron Nola,554430,554430,Zack Wheeler,OTHER_PITCHER,4.53,5.5,9.0,-4.47,9,9,UNDER,OVER
2251420,away,2026-07-22,Bubba Chandler,696149,696149,Bubba Chandler,SAME_STARTER,2.31,4.5,5.0,-2.69,0,5,UNDER,UNDER
2251420,home,2026-07-22,Max Fried,701542,608331,Max Fried,SAME_STARTER,4.8,4.5,0.0,4.8,0,7,PASS,UNDER
2251421,away,2026-07-21,Griffin Jax,656876,656876,Drew Rasmussen,OTHER_PITCHER,2.8,4.5,5.0,-2.2,5,5,UNDER,OVER
2251421,home,2026-07-21,Kevin Gausman,592332,592332,Kevin Gausman,SAME_STARTER,3.98,5.5,1.0,2.98,1,1,UNDER,UNDER
2251422,away,2026-07-22,Kyle Bradish,680694,665152,Dean Kremer,OTHER_PITCHER,3.12,5.5,0.0,3.12,0,5,UNDER,UNDER
2251422,home,2026-07-22,Eduardo Rivera,624133,687562,Jake Bennett,OTHER_PITCHER,2.38,3.5,0.0,2.38,0,4,UNDER,UNDER
2251423,away,2026-07-21,Michael King,621111,621111,Walker Buehler,OTHER_PITCHER,2.97,4.5,3.0,-0.029999999999999805,3,3,UNDER,UNDER
2251423,home,2026-07-21,Martin Perez,625643,625643,Reynaldo López,OTHER_PITCHER,2.82,3.5,6.0,-3.18,6,6,UNDER,OVER
2251424,away,2026-07-21,Landen Roupp,641816,641816,Tyler Mahle,OTHER_PITCHER,3.95,4.5,4.0,-0.04999999999999982,4,4,UNDER,UNDER
2251424,home,2026-07-21,Seth Lugo,679883,679883,Luinder Avila,OTHER_PITCHER,3.1,4.5,7.0,-3.9,7,7,UNDER,OVER
2251425,away,2026-07-21,Christian Scott,681035,804267,Zac Thornton,OTHER_PITCHER,3.35,5.5,2.0,1.35,2,2,UNDER,UNDER
2251425,home,2026-07-21,Logan Henderson,687075,687075,Brandon Sproat,OTHER_PITCHER,4.67,5.5,4.0,0.6699999999999999,4,4,UNDER,UNDER
2251426,away,2026-07-21,Keider Montero,664285,664285,Framber Valdez,OTHER_PITCHER,1.87,3.5,1.0,0.8700000000000001,1,1,UNDER,UNDER
2251426,home,2026-07-21,Colin Rea,656849,656849,David Peterson,OTHER_PITCHER,3.12,4.5,4.0,-0.8799999999999999,4,4,UNDER,UNDER
2251427,away,2026-07-21,Noah Schultz,702273,702273,Noah Schultz,SAME_STARTER,2.75,4.5,2.0,0.75,2,2,UNDER,UNDER
2251427,home,2026-07-21,Kumar Rocker,677958,677958,Kumar Rocker,SAME_STARTER,2.79,4.5,6.0,-3.21,6,6,UNDER,OVER
2251428,away,2026-07-21,Sandy Alcantara,663969,663969,Tyler Phillips,OTHER_PITCHER,2.92,4.5,2.0,0.9199999999999999,2,2,UNDER,UNDER
2251428,home,2026-07-21,Peter Lambert,837227,837227,Tatsuya Imai,OTHER_PITCHER,3.98,5.5,8.0,-4.02,8,8,UNDER,OVER
2251429,away,2026-07-21,Cade Cavalli,571945,687223,Carson Palmquist,OTHER_PITCHER,3.44,4.5,2.0,1.44,2,2,UNDER,UNDER
2251429,home,2026-07-21,Gabriel Hughes,547179,547179,Michael Lorenzen,OTHER_PITCHER,4.64,4.5,5.0,-0.3600000000000003,5,5,UNDER,OVER
2251430,away,2026-07-21,Hunter Dobbins,669461,669461,Matthew Liberatore,OTHER_PITCHER,5.06,4.5,7.0,-1.9400000000000004,7,7,OVER,OVER
2251430,home,2026-07-21,Reid Detmers,700712,700712,Walbert Ureña,OTHER_PITCHER,3.89,5.5,5.0,-1.1099999999999999,5,5,UNDER,UNDER
2251431,away,2026-07-21,Brady Singer,695505,695505,Chase Burns,OTHER_PITCHER,3.06,5.5,6.0,-2.94,6,6,UNDER,OVER
2251431,home,2026-07-21,Emerson Hancock,622491,622491,Luis Castillo,OTHER_PITCHER,4.51,5.5,3.0,1.5099999999999998,3,3,UNDER,UNDER
2251432,away,2026-07-22,,,656605,Mitch Keller,NO_LIVE_ROW,,,,,,6,,
2251432,home,2026-07-22,,,543037,Gerrit Cole,NO_LIVE_ROW,,,,,,11,,
2251433,away,2026-07-22,Landen Roupp,694738,694738,Landen Roupp,SAME_STARTER,3.98,5.5,7.0,-3.02,7,7,UNDER,OVER
2251433,home,2026-07-22,Randy Dobnak,607625,607625,Seth Lugo,OTHER_PITCHER,2.46,3.5,5.0,-2.54,5,5,UNDER,OVER
2251434,away,2026-07-22,Christian Scott,681035,681035,Christian Scott,SAME_STARTER,3.5,5.5,6.0,-2.5,6,6,UNDER,OVER
2251434,home,2026-07-22,Logan Henderson,701656,701656,Logan Henderson,SAME_STARTER,5.13,5.5,9.0,-3.87,9,9,UNDER,OVER
2251435,away,2026-07-22,Cade Cavalli,676917,676917,Cade Cavalli,SAME_STARTER,3.66,5.5,8.0,-4.34,8,8,UNDER,OVER
2251435,home,2026-07-22,Gabriel Hughes,687312,687312,Gabriel Hughes,SAME_STARTER,4.23,4.5,5.0,-0.7699999999999996,5,5,UNDER,OVER
2251436,away,2026-07-22,Brady Singer,663903,663903,Brady Singer,SAME_STARTER,3.04,5.5,6.0,-2.96,6,6,UNDER,OVER
2251436,home,2026-07-22,Emerson Hancock,676106,676106,Emerson Hancock,SAME_STARTER,4.19,5.5,3.0,1.1900000000000004,3,3,UNDER,UNDER
2251437,away,2026-07-22,Michael McGreevy,690928,690928,Hunter Dobbins,OTHER_PITCHER,3.03,3.5,5.0,-1.9700000000000002,5,5,UNDER,OVER
2251437,home,2026-07-22,Reid Detmers,672282,672282,Reid Detmers,SAME_STARTER,4.31,5.5,6.0,-1.6900000000000004,6,6,UNDER,OVER
2251438,away,2026-07-22,Taj Bradley,641927,641927,Bailey Ober,OTHER_PITCHER,4.62,5.5,2.0,2.62,2,2,UNDER,UNDER
2251438,home,2026-07-22,Gavin Williams,677944,677944,Slade Cecconi,OTHER_PITCHER,5.49,6.5,5.0,0.4900000000000002,5,5,UNDER,UNDER
2251439,away,2026-07-22,Eric Lauer,641778,641778,Eric Lauer,SAME_STARTER,2.71,3.5,5.0,-2.29,5,5,UNDER,OVER
2251439,home,2026-07-22,Aaron Nola,605400,605400,Aaron Nola,SAME_STARTER,4.67,5.5,4.0,0.6699999999999999,4,4,UNDER,UNDER
2251440,away,2026-07-22,Griffin Jax,643377,643377,Griffin Jax,SAME_STARTER,2.8,4.5,5.0,-2.2,5,5,UNDER,OVER
2251440,home,2026-07-22,Shane Bieber,669456,680755,Braydon Fisher,OTHER_PITCHER,2.85,4.5,1.0,1.85,1,1,PASS,UNDER
2251441,away,2026-07-22,,,680694,Kyle Bradish,NO_LIVE_ROW,,,,,,4,,
2251441,home,2026-07-22,,,700842,Eduardo Rivera,NO_LIVE_ROW,,,,,,1,,
2251442,away,2026-07-22,Griffin Canning,650633,650633,Michael King,OTHER_PITCHER,3.64,4.5,7.0,-3.36,7,7,UNDER,OVER
2251442,home,2026-07-22,Chris Sale,527048,527048,Martín Pérez,OTHER_PITCHER,6.28,6.5,3.0,3.2800000000000002,3,3,UNDER,UNDER
2251443,away,2026-07-22,Troy Melton,672456,672456,Keider Montero,OTHER_PITCHER,3.37,5.5,8.0,-4.63,8,8,UNDER,OVER
2251443,home,2026-07-22,Colin Rea,607067,607067,Colin Rea,SAME_STARTER,3.52,4.5,5.0,-1.48,5,5,UNDER,OVER
2251444,away,2026-07-22,Anthony Kay,641743,641743,Anthony Kay,SAME_STARTER,2.59,4.5,4.0,-1.4100000000000001,4,4,UNDER,UNDER
2251444,home,2026-07-22,Cal Quantrill,615698,641302,Tyler Alexander,OTHER_PITCHER,3.06,2.5,1.0,2.06,1,1,PASS,UNDER
2251445,away,2026-07-22,Sandy Alcantara,645261,645261,Sandy Alcantara,SAME_STARTER,2.72,4.5,3.0,-0.2799999999999998,3,3,UNDER,UNDER
2251445,home,2026-07-22,Peter Lambert,663567,663567,Peter Lambert,SAME_STARTER,3.57,5.5,3.0,0.5699999999999998,3,3,UNDER,UNDER
2251446,away,2026-07-23,German Marquez,656288,606996,Kyle Hart,OTHER_PITCHER,1.65,3.5,1.0,0.6499999999999999,1,1,UNDER,UNDER
2251446,home,2026-07-23,Grant Holmes,519242,519242,Chris Sale,OTHER_PITCHER,2.49,4.5,11.0,-8.51,11,11,UNDER,OVER
2251447,away,2026-07-23,Zebby Matthews,671737,671737,Taj Bradley,OTHER_PITCHER,2.75,4.5,5.0,-2.25,5,5,UNDER,OVER
2251447,home,2026-07-23,Joey Cantillo,668909,668909,Gavin Williams,OTHER_PITCHER,3.91,4.5,11.0,-7.09,11,11,UNDER,OVER
2251448,away,2026-07-23,Shane McClanahan,663556,668984,Casey Legumina,OTHER_PITCHER,3.22,5.5,2.0,1.2200000000000002,2,2,UNDER,UNDER
2251448,home,2026-07-23,Trey Yesavage,669456,669456,Shane Bieber,OTHER_PITCHER,2.52,5.5,3.0,-0.48,3,3,UNDER,UNDER
2251449,away,2026-07-23,Noah Cameron,677976,677976,Randy Dobnak,OTHER_PITCHER,3.22,5.5,3.0,0.2200000000000002,3,3,UNDER,UNDER
2251449,home,2026-07-23,Tarik Skubal,675512,675512,Troy Melton,OTHER_PITCHER,6.67,7.5,5.0,1.67,5,5,UNDER,UNDER
2251450,away,2026-07-24,Ryan Feltner,608372,608372,Tomoyuki Sugano,OTHER_PITCHER,2.48,4.5,5.0,-2.52,5,5,UNDER,OVER
2251450,home,2026-07-24,Robert Gasser,675660,675660,Shane Drohan,OTHER_PITCHER,3.33,5.5,6.0,-2.67,6,6,UNDER,OVER
2251451,away,2026-07-24,Michael Wacha,608379,694360,Beck Way,OTHER_PITCHER,3.0,5.5,0.0,3.0,0,0,PASS,UNDER
2251451,home,2026-07-24,Casey Mize,669373,669373,Tarik Skubal,OTHER_PITCHER,3.72,5.5,12.0,-8.28,12,12,UNDER,OVER
2251452,away,2026-07-24,Shota Imanaga,571510,571510,Matthew Boyd,OTHER_PITCHER,5.36,5.5,4.0,1.3600000000000003,4,4,PASS,UNDER
2251452,home,2026-07-24,Paul Skenes,683003,683003,Jared Jones,OTHER_PITCHER,5.94,6.5,5.0,0.9400000000000004,5,5,UNDER,UNDER
2251453,away,2026-07-24,Ryan Weathers,693645,693645,Cam Schlittler,OTHER_PITCHER,5.82,5.5,12.0,-6.18,12,12,UNDER,OVER
2251453,home,2026-07-24,Jesus Luzardo,666200,666200,Jesús Luzardo,SAME_STARTER,8.29,7.5,9.0,-0.7100000000000009,9,9,PASS,OVER
2251454,away,2026-07-24,Bryce Elder,656550,656550,Grant Holmes,OTHER_PITCHER,3.47,4.5,5.0,-1.5299999999999998,5,5,UNDER,OVER
2251454,home,2026-07-24,Brandon Young,669432,669432,Trevor Rogers,OTHER_PITCHER,2.05,4.5,6.0,-3.95,6,6,PASS,OVER
2251455,away,2026-07-24,Yoshinobu Yamamoto,808963,808963,Roki Sasaki,OTHER_PITCHER,4.01,6.5,9.0,-4.99,9,9,UNDER,OVER
2251455,home,2026-07-24,Nolan McLean,640455,640455,Sean Manaea,OTHER_PITCHER,6.33,6.5,3.0,3.33,3,3,PASS,UNDER
2251456,away,2026-07-24,Tanner Bibee,676282,676282,Joey Cantillo,OTHER_PITCHER,2.28,4.0,4.0,-1.7200000000000002,4,4,UNDER,PUSH
2251456,home,2026-07-24,Nick Martinez,663556,663556,Shane McClanahan,OTHER_PITCHER,1.88,3.5,3.0,-1.12,3,3,UNDER,UNDER
2251457,away,2026-07-24,Dylan Cease,702056,702056,Trey Yesavage,OTHER_PITCHER,7.92,7.5,9.0,-1.08,9,9,PASS,OVER
2251457,home,2026-07-24,Sonny Gray,663776,663776,Patrick Sandoval,OTHER_PITCHER,2.62,4.5,3.0,-0.3799999999999999,3,3,UNDER,UNDER
2251458,away,2026-07-24,JP Sears,608566,608566,Germán Márquez,OTHER_PITCHER,2.97,3.5,4.0,-1.0299999999999998,4,4,UNDER,OVER
2251458,home,2026-07-24,Eury Perez,687473,687473,Ryan Gusto,OTHER_PITCHER,3.35,5.5,4.0,-0.6499999999999999,4,4,UNDER,UNDER
2251459,away,2026-07-24,Hunter Brown,681293,681293,Spencer Arrighetti,OTHER_PITCHER,5.9,5.5,0.0,5.9,0,0,UNDER,UNDER
2251459,home,2026-07-24,Sean Burke,663436,663436,Davis Martin,OTHER_PITCHER,3.4,5.5,3.0,0.3999999999999999,3,3,UNDER,UNDER
2251460,away,2026-07-24,Bryan Woo,682243,682243,Bryce Miller,OTHER_PITCHER,3.66,5.5,0.0,3.66,0,0,UNDER,UNDER
2251460,home,2026-07-24,Nathan Eovaldi,669022,669022,MacKenzie Gore,OTHER_PITCHER,5.69,6.5,5.0,0.6900000000000004,5,5,UNDER,UNDER
2251461,away,2026-07-24,Mason Barnett,682052,682052,Jacob Lopez,OTHER_PITCHER,1.57,2.5,4.0,-2.4299999999999997,4,4,UNDER,OVER
2251461,home,2026-07-24,Zebby Matthews,805673,805673,Zebby Matthews,SAME_STARTER,2.4,4.5,1.0,1.4,1,1,UNDER,UNDER
2251462,away,2026-07-24,Hunter Greene,695076,695076,Rhett Lowder,OTHER_PITCHER,5.9,6.5,4.0,1.9000000000000004,4,4,UNDER,UNDER
2251462,home,2026-07-24,Andre Pallante,669160,669160,Dustin May,OTHER_PITCHER,2.19,4.5,8.0,-5.8100000000000005,8,8,UNDER,OVER
2251463,away,2026-07-24,Ryan Johnson,680570,680570,Grayson Rodriguez,OTHER_PITCHER,2.71,3.5,3.0,-0.29000000000000004,3,3,UNDER,UNDER
2251463,home,2026-07-24,Robbie Ray,657277,657277,Logan Webb,OTHER_PITCHER,3.75,5.5,4.0,-0.25,4,4,UNDER,UNDER
2252284,away,2026-03-26,,,668678,Zac Gallen,NO_LIVE_ROW,,,,,,2,,
2252284,home,2026-03-26,,,808967,Yoshinobu Yamamoto,NO_LIVE_ROW,,,,,,6,,
2252293,away,2026-03-27,Ryne Nelson,669194,669194,Ryne Nelson,SAME_STARTER,2.89,3.5,4.0,-1.1099999999999999,4,4,UNDER,OVER
2252293,home,2026-03-27,Emmet Sheehan,686218,686218,Emmet Sheehan,SAME_STARTER,5.51,5.5,6.0,-0.4900000000000002,6,6,UNDER,OVER
2252307,away,2026-03-28,Eduardo Rodriguez,593958,593958,Eduardo Rodriguez,SAME_STARTER,2.61,3.5,5.0,-2.39,5,5,UNDER,OVER
2252307,home,2026-03-28,Tyler Glasnow,607192,607192,Tyler Glasnow,SAME_STARTER,5.91,6.5,6.0,-0.08999999999999986,6,6,PASS,UNDER
2252334,away,2026-03-30,Justin Verlander,434378,434378,Justin Verlander,SAME_STARTER,2.59,3.5,1.0,1.5899999999999999,1,1,UNDER,UNDER
2252334,home,2026-03-30,Michael Soroka,647336,647336,Michael Soroka,SAME_STARTER,3.93,4.5,10.0,-6.07,10,10,UNDER,OVER
2252346,away,2026-03-31,,,663554,Casey Mize,NO_LIVE_ROW,,,,,,9,,
2252346,home,2026-03-31,,,694297,Brandon Pfaadt,NO_LIVE_ROW,,,,,,3,,
2252360,away,2026-04-01,Tarik Skubal,669373,669373,Tarik Skubal,SAME_STARTER,6.47,6.5,3.0,3.4699999999999998,3,3,UNDER,UNDER
2252360,home,2026-04-01,Zac Gallen,668678,668678,Zac Gallen,SAME_STARTER,4.91,5.5,2.0,2.91,2,2,PASS,UNDER
2252367,away,2026-04-02,Reynaldo Lopez,625643,625643,Reynaldo López,SAME_STARTER,3.71,4.5,3.0,0.71,3,3,UNDER,UNDER
2252367,home,2026-04-02,Ryne Nelson,669194,669194,Ryne Nelson,SAME_STARTER,3.75,4.5,3.0,0.75,3,3,UNDER,UNDER
2252381,away,2026-04-03,Grant Holmes,656550,656550,Grant Holmes,SAME_STARTER,6.81,4.5,4.0,2.8099999999999996,4,4,EDGE,UNDER
2252381,home,2026-04-03,Eduardo Rodriguez,593958,593958,Eduardo Rodriguez,SAME_STARTER,4.27,4.5,3.0,1.2699999999999996,3,3,NEUTRAL,UNDER
2252394,away,2026-04-04,Bryce Elder,693821,693821,Bryce Elder,SAME_STARTER,2.93,3.5,8.0,-5.07,8,8,UNDER,OVER
2252394,home,2026-04-04,Michael Soroka,647336,647336,Michael Soroka,SAME_STARTER,3.61,4.5,3.0,0.6099999999999999,3,3,UNDER,UNDER
2252411,away,2026-04-05,,,527048,Martín Pérez,NO_LIVE_ROW,,,,,,1,,
2252411,home,2026-04-05,Brandon Pfaadt,694297,694297,Brandon Pfaadt,SAME_STARTER,3.78,4.5,2.0,1.7799999999999998,2,2,UNDER,UNDER
2252434,away,2026-04-07,Ryne Nelson,669194,668678,Zac Gallen,OTHER_PITCHER,3.57,4.5,5.0,-1.4300000000000002,5,5,UNDER,OVER
2252434,home,2026-04-07,David Peterson,656849,642547,Freddy Peralta,OTHER_PITCHER,3.52,4.5,5.0,-1.48,5,5,UNDER,OVER
2252454,away,2026-04-08,Eduardo Rodriguez,593958,669194,Ryne Nelson,OTHER_PITCHER,3.48,4.5,5.0,-1.52,5,5,UNDER,OVER
2252454,home,2026-04-08,Nolan McLean,690997,656849,David Peterson,OTHER_PITCHER,6.35,5.5,6.0,0.34999999999999964,6,6,PASS,OVER
2252459,away,2026-04-09,Michael Soroka,647336,593958,Eduardo Rodriguez,OTHER_PITCHER,3.44,4.5,3.0,0.43999999999999995,3,3,UNDER,UNDER
2252459,home,2026-04-09,Clay Holmes,605280,690997,Nolan McLean,OTHER_PITCHER,3.58,4.5,8.0,-4.42,8,8,UNDER,OVER
2252463,away,2026-04-10,Brandon Pfaadt,694297,647336,Michael Soroka,OTHER_PITCHER,3.51,4.5,10.0,-6.49,10,10,UNDER,OVER
2252463,home,2026-04-10,Jesus Luzardo,666200,666200,Jesús Luzardo,SAME_STARTER,4.93,5.5,8.0,-3.0700000000000003,8,8,OVER,OVER
2252477,away,2026-04-11,Brandon Pfaadt,694297,694297,Brandon Pfaadt,SAME_STARTER,3.51,4.5,6.0,-2.49,6,6,UNDER,OVER
2252477,home,2026-04-11,Taijuan Walker,592836,592836,Taijuan Walker,SAME_STARTER,2.5,3.5,6.0,-3.5,6,6,OVER,OVER
2252493,away,2026-04-12,Zac Gallen,668678,668678,Zac Gallen,SAME_STARTER,,5.5,2.0,,2,2,,UNDER
2252493,home,2026-04-12,Andrew Painter,691725,647315,Zach Pop,OTHER_PITCHER,,4.5,1.0,,1,1,,UNDER
2252508,away,2026-04-13,Ryne Nelson,669194,669194,Ryne Nelson,SAME_STARTER,4.02,4.5,7.0,-2.9800000000000004,7,7,PASS,OVER
2252508,home,2026-04-13,Dean Kremer,665152,665152,Dean Kremer,SAME_STARTER,3.59,4.5,9.0,-5.41,9,9,OVER,OVER
2252517,away,2026-04-14,Eduardo Rodriguez,593958,518876,Merrill Kelly,OTHER_PITCHER,3.72,4.5,3.0,0.7200000000000002,3,3,UNDER,UNDER
2252517,home,2026-04-14,Kyle Bradish,680694,669432,Trevor Rogers,OTHER_PITCHER,5.19,4.5,6.0,-0.8099999999999996,6,6,PASS,OVER
2252532,away,2026-04-15,Eduardo Rodriguez,593958,593958,Eduardo Rodriguez,SAME_STARTER,4.55,5.5,3.0,1.5499999999999998,3,3,UNDER,UNDER
2252532,home,2026-04-15,Shane Baz,680694,680694,Kyle Bradish,OTHER_PITCHER,4.79,5.5,4.0,0.79,4,4,UNDER,UNDER
2252570,away,2026-04-17,Eric Lauer,641778,680755,Braydon Fisher,OTHER_PITCHER,2.46,3.5,0.0,2.46,0,0,UNDER,UNDER
2252570,home,2026-04-17,Michael Soroka,647336,647336,Michael Soroka,SAME_STARTER,3.75,5.5,5.0,-1.25,5,5,UNDER,UNDER
2252585,away,2026-04-18,,,453286,Max Scherzer,NO_LIVE_ROW,,,,,,1,,
2252585,home,2026-04-18,,,668678,Zac Gallen,NO_LIVE_ROW,,,,,,3,,
2252600,away,2026-04-19,Kevin Gausman,592332,592332,Kevin Gausman,SAME_STARTER,4.94,5.5,4.0,0.9400000000000004,4,4,OVER,UNDER
2252600,home,2026-04-19,Ryne Nelson,669194,669194,Ryne Nelson,SAME_STARTER,3.19,4.5,1.0,2.19,1,1,UNDER,UNDER
2252625,away,2026-04-21,,,680732,Sean Burke,NO_LIVE_ROW,,,,,,3,,
2252625,home,2026-04-21,,,518876,Merrill Kelly,NO_LIVE_ROW,,,,,,5,,
2252640,away,2026-04-22,Davis Martin,663436,641743,Anthony Kay,OTHER_PITCHER,2.93,3.5,,,,1,OVER,
2252640,home,2026-04-22,Michael Soroka,593958,593958,Eduardo Rodriguez,OTHER_PITCHER,3.52,5.5,4.0,-0.48,4,4,UNDER,UNDER
2252646,away,2026-04-23,Davis Martin,663436,663436,Davis Martin,SAME_STARTER,2.77,3.5,7.0,-4.23,7,7,UNDER,OVER
2252646,home,2026-04-23,Michael Soroka,647336,647336,Michael Soroka,SAME_STARTER,4.39,5.5,6.0,-1.6100000000000003,6,6,UNDER,OVER
2252672,away,2026-04-25,German Marquez,608566,608566,Germán Márquez,SAME_STARTER,,2.5,2.0,,2,2,,
2252672,home,2026-04-25,Zac Gallen,668678,668678,Zac Gallen,SAME_STARTER,,4.5,3.0,,3,3,,
2252691,away,2026-04-26,Randy Vasquez,650633,650633,Michael King,OTHER_PITCHER,3.87,3.5,8.0,-4.13,8,8,OVER,OVER
2252691,home,2026-04-26,Ryne Nelson,669194,669194,Ryne Nelson,SAME_STARTER,3.16,3.5,4.0,-0.8399999999999999,4,4,PASS,OVER
2252713,away,2026-04-28,Merrill Kelly,518876,518876,Merrill Kelly,SAME_STARTER,3.71,4.5,1.0,2.71,1,1,UNDER,UNDER
2252713,home,2026-04-28,Chad Patrick,694477,694477,Chad Patrick,SAME_STARTER,4.82,4.5,5.0,-0.17999999999999972,5,5,UNDER,OVER
2252731,away,2026-04-29,Michael Soroka,593958,593958,Eduardo Rodriguez,OTHER_PITCHER,4.06,5.5,4.0,0.05999999999999961,4,4,UNDER,UNDER
2252731,home,2026-04-29,Brandon Woodruff,687075,687075,Brandon Sproat,OTHER_PITCHER,7.02,4.5,5.0,2.0199999999999996,5,5,OVER,OVER
2252739,away,2026-04-30,Zac Gallen,647336,647336,Michael Soroka,OTHER_PITCHER,3.57,4.5,2.0,1.5699999999999998,2,2,UNDER,UNDER
2252739,home,2026-04-30,Jacob Misiorowski,605540,605540,Brandon Woodruff,OTHER_PITCHER,6.08,6.5,2.0,4.08,2,2,PASS,UNDER
2252742,away,2026-05-01,Zac Gallen,668678,668678,Zac Gallen,SAME_STARTER,3.5,4.5,3.0,0.5,3,3,UNDER,UNDER
2252742,home,2026-05-01,Colin Rea,607067,607067,Colin Rea,SAME_STARTER,3.54,4.5,6.0,-2.46,6,6,UNDER,OVER
2252759,away,2026-05-02,Ryne Nelson,669194,669194,Ryne Nelson,SAME_STARTER,,4.5,4.0,,4,4,,
2252759,home,2026-05-02,Shota Imanaga,684007,684007,Shota Imanaga,SAME_STARTER,,4.5,5.0,,5,5,,
2252780,away,2026-05-03,Merrill Kelly,518876,518876,Merrill Kelly,SAME_STARTER,3.64,3.5,5.0,-1.3599999999999999,5,5,PASS,OVER
2252780,home,2026-05-03,Matthew Boyd,571510,571510,Matthew Boyd,SAME_STARTER,2.83,4.5,5.0,-2.17,5,5,UNDER,OVER
2252811,away,2026-05-05,Bubba Chandler,696149,696149,Bubba Chandler,SAME_STARTER,5.64,4.5,4.0,1.6399999999999997,4,4,OVER,UNDER
2252811,home,2026-05-05,Eduardo Rodriguez,593958,593958,Eduardo Rodriguez,SAME_STARTER,4.01,4.5,7.0,-2.99,7,7,UNDER,OVER
2252828,away,2026-05-06,,,694973,Paul Skenes,NO_LIVE_ROW,,,,,,7,,
2252828,home,2026-05-06,,,647336,Michael Soroka,NO_LIVE_ROW,,,,,,6,,
2252833,away,2026-05-07,,,656605,Mitch Keller,NO_LIVE_ROW,,,,,,4,,
2252833,home,2026-05-07,,,668678,Zac Gallen,NO_LIVE_ROW,,,,,,5,,
2252849,away,2026-05-08,Clay Holmes,690997,690997,Nolan McLean,OTHER_PITCHER,3.13,3.5,6.0,-2.87,6,6,UNDER,OVER
2252849,home,2026-05-08,Merrill Kelly,669194,669194,Ryne Nelson,OTHER_PITCHER,3.77,4.5,7.0,-3.23,7,7,UNDER,OVER
2252864,away,2026-05-09,Clay Holmes,605280,605280,Clay Holmes,SAME_STARTER,3.13,3.5,6.0,-2.87,6,6,PASS,OVER
2252864,home,2026-05-09,Merrill Kelly,518876,518876,Merrill Kelly,SAME_STARTER,3.77,4.5,6.0,-2.23,6,6,UNDER,OVER
2252879,away,2026-05-10,,,623211,Huascar Brazobán,NO_LIVE_ROW,,,,,,0,,
2252879,home,2026-05-10,Michael Soroka,593958,593958,Eduardo Rodriguez,OTHER_PITCHER,4.23,5.5,4.0,0.23000000000000043,4,4,UNDER,UNDER
2252886,away,2026-05-11,Zac Gallen,647336,647336,Michael Soroka,OTHER_PITCHER,2.27,4.5,5.0,-2.73,5,5,UNDER,OVER
2252886,home,2026-05-11,MacKenzie Gore,543135,596001,Jakob Junis,OTHER_PITCHER,3.54,5.5,2.0,1.54,2,2,UNDER,UNDER
2252900,away,2026-05-12,Ryne Nelson,668678,668678,Zac Gallen,OTHER_PITCHER,2.99,4.5,4.0,-1.0099999999999998,4,4,UNDER,UNDER
2252900,home,2026-05-12,Kumar Rocker,669022,669022,MacKenzie Gore,OTHER_PITCHER,2.38,3.5,5.0,-2.62,5,5,UNDER,OVER
2252915,away,2026-05-13,Ryne Nelson,669194,669194,Ryne Nelson,SAME_STARTER,3.06,4.5,8.0,-4.9399999999999995,8,8,UNDER,OVER
2252915,home,2026-05-13,Kumar Rocker,677958,677958,Kumar Rocker,SAME_STARTER,2.17,3.5,3.0,-0.8300000000000001,3,3,UNDER,UNDER
2252941,away,2026-05-15,Eduardo Rodriguez,518876,518876,Merrill Kelly,OTHER_PITCHER,2.71,4.5,3.0,-0.29000000000000004,3,3,UNDER,UNDER
2252941,home,2026-05-15,Tomoyuki Sugano,607536,607536,Kyle Freeland,OTHER_PITCHER,1.6,2.5,3.0,-1.4,3,3,UNDER,OVER
2252947,away,2026-05-16,Michael Soroka,593958,593958,Eduardo Rodriguez,OTHER_PITCHER,4.6,5.5,6.0,-1.4000000000000004,6,6,PASS,OVER
2252947,home,2026-05-16,Michael Lorenzen,608372,608372,Tomoyuki Sugano,OTHER_PITCHER,1.95,3.5,1.0,0.95,1,1,UNDER,UNDER
2252971,away,2026-05-17,Zac Gallen,647336,647336,Michael Soroka,OTHER_PITCHER,2.66,3.5,8.0,-5.34,8,8,UNDER,OVER
2252971,home,2026-05-17,Jose Quintana,547179,547179,Michael Lorenzen,OTHER_PITCHER,1.0,3.5,5.0,-4.0,5,5,UNDER,OVER
2252987,away,2026-05-18,Landen Roupp,592662,592662,Robbie Ray,OTHER_PITCHER,4.95,4.5,1.0,3.95,1,1,OVER,UNDER
2252987,home,2026-05-18,Ryne Nelson,668678,668678,Zac Gallen,OTHER_PITCHER,2.78,4.5,5.0,-2.22,5,5,UNDER,OVER
2253002,away,2026-05-19,Landen Roupp,694738,694738,Landen Roupp,SAME_STARTER,5.1,4.5,3.0,2.0999999999999996,3,3,UNDER,UNDER
2253002,home,2026-05-19,Merrill Kelly,669194,669194,Ryne Nelson,OTHER_PITCHER,2.78,4.5,3.0,-0.2200000000000002,3,3,UNDER,UNDER
2253008,away,2026-05-20,Tyler Mahle,641816,641816,Tyler Mahle,SAME_STARTER,3.48,4.5,6.0,-2.52,6,6,UNDER,OVER
2253008,home,2026-05-20,Eduardo Rodriguez,518876,518876,Merrill Kelly,OTHER_PITCHER,2.21,5.5,4.0,-1.79,4,4,UNDER,UNDER
2253025,away,2026-05-21,Tomoyuki Sugano,608372,688642,Zach Agnos,OTHER_PITCHER,1.42,2.5,4.0,-2.58,4,4,UNDER,OVER
2253025,home,2026-05-21,Eduardo Rodriguez,593958,593958,Eduardo Rodriguez,SAME_STARTER,3.13,5.5,4.0,-0.8700000000000001,4,4,UNDER,UNDER
2253038,away,2026-05-22,Michael Lorenzen,608372,608372,Tomoyuki Sugano,OTHER_PITCHER,2.07,3.5,3.0,-0.9300000000000002,3,3,UNDER,UNDER
2253038,home,2026-05-22,Zac Gallen,647336,647336,Michael Soroka,OTHER_PITCHER,2.6,4.5,2.0,0.6000000000000001,2,2,UNDER,UNDER
2253055,away,2026-05-23,Jose Quintana,547179,547179,Michael Lorenzen,OTHER_PITCHER,1.05,2.5,5.0,-3.95,5,5,UNDER,OVER
2253055,home,2026-05-23,Ryne Nelson,668678,668678,Zac Gallen,OTHER_PITCHER,2.78,5.5,6.0,-3.22,6,6,UNDER,OVER
2253067,away,2026-05-24,Tanner Gordon,500779,500779,Jose Quintana,OTHER_PITCHER,2.9,3.5,0.0,2.9,0,0,UNDER,UNDER
2253067,home,2026-05-24,Merrill Kelly,669194,669194,Ryne Nelson,OTHER_PITCHER,1.98,4.5,3.0,-1.02,3,3,UNDER,UNDER
2253076,away,2026-05-25,Eduardo Rodriguez,518876,518876,Merrill Kelly,OTHER_PITCHER,2.13,4.5,4.0,-1.87,4,4,UNDER,UNDER
2253076,home,2026-05-25,Tyler Mahle,694738,694738,Landen Roupp,OTHER_PITCHER,3.44,4.5,7.0,-3.56,7,7,UNDER,OVER
2253097,away,2026-05-26,Michael Soroka,593958,593958,Eduardo Rodriguez,OTHER_PITCHER,3.85,5.5,6.0,-2.15,6,6,UNDER,OVER
2253097,home,2026-05-26,Trevor McDonald,641816,641816,Tyler Mahle,OTHER_PITCHER,4.6,4.5,3.0,1.5999999999999996,3,3,UNDER,UNDER
2253103,away,2026-05-27,Michael Soroka,647336,647336,Michael Soroka,SAME_STARTER,3.82,4.5,3.0,0.8199999999999998,3,3,UNDER,UNDER
2253103,home,2026-05-27,Trevor McDonald,686790,686790,Trevor McDonald,SAME_STARTER,4.6,4.5,6.0,-1.4000000000000004,6,6,UNDER,OVER
2253133,away,2026-05-29,Zac Gallen,668678,668678,Zac Gallen,SAME_STARTER,,4.5,2.0,,2,2,,
2253133,home,2026-05-29,,,669923,George Kirby,NO_LIVE_ROW,,,,,,4,,
2253148,away,2026-05-30,Merrill Kelly,669194,669194,Ryne Nelson,OTHER_PITCHER,2.0,4.5,3.0,-1.0,3,3,UNDER,UNDER
2253148,home,2026-05-30,Bryce Miller,693433,693433,Bryan Woo,OTHER_PITCHER,2.6,4.5,9.0,-6.4,9,9,UNDER,OVER
2253162,away,2026-05-31,Eduardo Rodriguez,518876,518876,Merrill Kelly,OTHER_PITCHER,2.43,3.5,2.0,0.43000000000000016,2,2,UNDER,UNDER
2253162,home,2026-05-31,Emerson Hancock,682243,682243,Bryce Miller,OTHER_PITCHER,4.04,4.5,6.0,-1.96,6,6,PASS,OVER
2253172,away,2026-06-01,Eric Lauer,686218,686218,Emmet Sheehan,OTHER_PITCHER,2.52,3.5,3.0,-0.48,3,3,UNDER,UNDER
2253172,home,2026-06-01,Michael Soroka,593958,593958,Eduardo Rodriguez,OTHER_PITCHER,3.8,4.5,3.0,0.7999999999999998,3,3,UNDER,UNDER
2253187,away,2026-06-02,Eric Lauer,641778,641778,Eric Lauer,SAME_STARTER,2.17,3.5,1.0,1.17,1,1,UNDER,UNDER
2253187,home,2026-06-02,Zac Gallen,647336,647336,Michael Soroka,OTHER_PITCHER,2.49,4.5,6.0,-3.51,6,6,UNDER,OVER
2253203,away,2026-06-03,Justin Wrobleski,660271,660271,Shohei Ohtani,OTHER_PITCHER,1.79,3.5,6.0,-4.21,6,6,UNDER,OVER
2253203,home,2026-06-03,Ryne Nelson,668678,668678,Zac Gallen,OTHER_PITCHER,2.24,4.5,1.0,1.2400000000000002,1,1,UNDER,UNDER
2253212,away,2026-06-04,Roki Sasaki,680736,680736,Justin Wrobleski,OTHER_PITCHER,2.09,5.5,4.0,-1.9100000000000001,4,4,UNDER,UNDER
2253212,home,2026-06-04,Merrill Kelly,669194,669194,Ryne Nelson,OTHER_PITCHER,1.71,3.5,3.0,-1.29,3,3,UNDER,UNDER
2253225,away,2026-06-05,Zack Littell,656492,656492,Foster Griffin,OTHER_PITCHER,1.77,3.5,4.0,-2.23,4,4,UNDER,OVER
2253225,home,2026-06-05,Eduardo Rodriguez,518876,518876,Merrill Kelly,OTHER_PITCHER,2.17,4.5,4.0,-1.83,4,4,UNDER,UNDER
2253234,away,2026-06-06,Zack Littell,641793,641793,Zack Littell,SAME_STARTER,1.82,3.5,4.0,-2.1799999999999997,4,4,UNDER,OVER
2253234,home,2026-06-06,Eduardo Rodriguez,593958,593958,Eduardo Rodriguez,SAME_STARTER,2.31,4.5,5.0,-2.69,5,5,UNDER,OVER
2253254,away,2026-06-07,Miles Mikolas,676917,676917,Cade Cavalli,OTHER_PITCHER,3.12,3.0,2.0,1.12,2,2,UNDER,UNDER
2253254,home,2026-06-07,Michael Soroka,647336,647336,Michael Soroka,SAME_STARTER,4.06,4.5,6.0,-1.9400000000000004,6,6,UNDER,OVER
2253270,away,2026-06-09,Ryne Nelson,668678,668678,Zac Gallen,OTHER_PITCHER,2.24,4.5,3.0,-0.7599999999999998,3,3,UNDER,UNDER
2253270,home,2026-06-09,Ryan Gusto,676974,676974,Max Meyer,OTHER_PITCHER,3.41,3.5,5.0,-1.5899999999999999,5,5,UNDER,OVER
2253288,away,2026-06-10,Merrill Kelly,669194,669194,Ryne Nelson,OTHER_PITCHER,1.65,4.5,2.0,-0.3500000000000001,2,2,UNDER,UNDER
2253288,home,2026-06-10,Ryan Gusto,687473,687473,Ryan Gusto,SAME_STARTER,3.86,3.5,4.0,-0.14000000000000012,4,4,UNDER,OVER
2253298,away,2026-06-11,Eduardo Rodriguez,518876,518876,Merrill Kelly,OTHER_PITCHER,2.42,5.5,1.0,1.42,1,1,UNDER,UNDER
2253298,home,2026-06-11,Sandy Alcantara,663969,663969,Tyler Phillips,OTHER_PITCHER,2.22,4.5,5.0,-2.78,5,5,UNDER,OVER
2253309,away,2026-06-12,Michael Soroka,593958,593958,Eduardo Rodriguez,OTHER_PITCHER,4.54,5.5,3.0,1.54,3,3,UNDER,UNDER
2253309,home,2026-06-12,Rhett Lowder,666157,666157,Nick Lodolo,OTHER_PITCHER,2.02,3.5,5.0,-2.98,5,5,UNDER,OVER
2253324,away,2026-06-13,Zac Gallen,647336,647336,Michael Soroka,OTHER_PITCHER,2.37,5.5,7.0,-4.63,7,7,UNDER,OVER
2253324,home,2026-06-13,Andrew Abbott,695076,695076,Rhett Lowder,OTHER_PITCHER,1.94,3.5,6.0,-4.0600000000000005,6,6,UNDER,OVER
2253338,away,2026-06-14,Ryne Nelson,668678,668678,Zac Gallen,OTHER_PITCHER,2.18,4.5,4.0,-1.8199999999999998,4,4,UNDER,UNDER
2253338,home,2026-06-14,Chase Burns,671096,671096,Andrew Abbott,OTHER_PITCHER,4.23,7.5,5.0,-0.7699999999999996,5,5,UNDER,UNDER
2253356,away,2026-06-15,Reid Detmers,700712,700712,Walbert Ureña,OTHER_PITCHER,4.71,5.5,3.0,1.71,3,3,UNDER,UNDER
2253356,home,2026-06-15,Merrill Kelly,669194,669194,Ryne Nelson,OTHER_PITCHER,1.78,4.5,5.0,-3.2199999999999998,5,5,UNDER,OVER
2253370,away,2026-06-16,Sam Aldegheri,672282,672282,Reid Detmers,OTHER_PITCHER,1.11,2.5,3.0,-1.89,3,3,UNDER,OVER
2253370,home,2026-06-16,Eduardo Rodriguez,518876,518876,Merrill Kelly,OTHER_PITCHER,2.66,4.5,4.0,-1.3399999999999999,4,4,UNDER,UNDER
2253380,away,2026-06-17,Sam Aldegheri,691951,691951,Sam Aldegheri,SAME_STARTER,1.11,2.5,1.0,0.1100000000000001,1,1,UNDER,UNDER
2253380,home,2026-06-17,Eduardo Rodriguez,593958,593958,Eduardo Rodriguez,SAME_STARTER,2.88,5.5,5.0,-2.12,5,5,UNDER,UNDER
2253408,away,2026-06-19,Taj Bradley,687570,687570,Connor Prielipp,OTHER_PITCHER,3.93,4.5,4.0,-0.06999999999999984,4,4,UNDER,UNDER
2253408,home,2026-06-19,Zac Gallen,647336,647336,Michael Soroka,OTHER_PITCHER,2.2,4.5,0.0,2.2,0,0,UNDER,UNDER
2253424,away,2026-06-20,Taj Bradley,671737,671737,Taj Bradley,SAME_STARTER,3.86,4.5,4.0,-0.14000000000000012,4,4,UNDER,UNDER
2253424,home,2026-06-20,Zac Gallen,668678,668678,Zac Gallen,SAME_STARTER,1.95,4.5,2.0,-0.050000000000000044,2,2,UNDER,UNDER
2253435,away,2026-06-21,Zebby Matthews,805673,702474,Mike Paredes,OTHER_PITCHER,2.32,4.5,,,,1,UNDER,
2253435,home,2026-06-21,Merrill Kelly,518876,703615,Jose Cabrera,OTHER_PITCHER,1.58,3.5,,,,3,UNDER,
2253449,away,2026-06-22,Eduardo Rodriguez,518876,518876,Merrill Kelly,OTHER_PITCHER,1.99,4.5,2.0,-0.010000000000000009,2,2,UNDER,UNDER
2253449,home,2026-06-22,Kyle Leahy,669467,669467,Andre Pallante,OTHER_PITCHER,2.38,3.5,2.0,0.3799999999999999,2,2,UNDER,UNDER
2253463,away,2026-06-23,Mitch Bratt,683352,593958,Eduardo Rodriguez,OTHER_PITCHER,3.08,3.5,5.0,-1.92,5,5,UNDER,OVER
2253463,home,2026-06-23,Matthew Liberatore,669461,681517,Kyle Leahy,OTHER_PITCHER,2.4,3.5,3.0,-0.6000000000000001,3,3,UNDER,UNDER
2253480,away,2026-06-24,Zac Gallen,683352,683352,Mitch Bratt,OTHER_PITCHER,1.96,3.5,3.0,-1.04,3,3,UNDER,UNDER
2253480,home,2026-06-24,Michael McGreevy,669461,669461,Matthew Liberatore,OTHER_PITCHER,2.39,2.5,3.0,-0.6099999999999999,3,3,UNDER,OVER
2253491,away,2026-07-23,Eduardo Rodriguez,668678,694297,Brandon Pfaadt,OTHER_PITCHER,1.78,4.5,0.0,1.78,0,1,UNDER,UNDER
2253491,home,2026-07-23,Dustin May,700241,700241,Michael McGreevy,OTHER_PITCHER,3.26,5.5,3.0,0.2599999999999998,0,3,UNDER,UNDER
2253497,away,2026-06-26,Zac Gallen,668678,668678,Zac Gallen,SAME_STARTER,1.81,3.5,0.0,1.81,0,0,UNDER,UNDER
2253497,home,2026-06-26,Nick Martinez,607259,607259,Nick Martinez,SAME_STARTER,2.19,3.5,3.0,-0.81,3,3,UNDER,UNDER
2253513,away,2026-06-27,Merrill Kelly,703615,703615,Jose Cabrera,OTHER_PITCHER,1.44,3.5,4.0,-2.56,4,4,UNDER,OVER
2253513,home,2026-06-27,Drew Rasmussen,656876,642121,Cole Sulser,OTHER_PITCHER,4.22,5.5,1.0,3.2199999999999998,1,1,UNDER,UNDER
2253527,away,2026-06-28,Eduardo Rodriguez,518876,518876,Merrill Kelly,OTHER_PITCHER,1.95,4.5,3.0,-1.05,3,3,UNDER,UNDER
2253527,home,2026-06-28,Drew Rasmussen,656876,656876,Drew Rasmussen,SAME_STARTER,4.14,5.5,5.0,-0.8600000000000003,5,5,UNDER,UNDER
2253549,away,2026-06-29,Landen Roupp,641816,641816,Tyler Mahle,OTHER_PITCHER,4.24,4.5,3.0,1.2400000000000002,3,3,UNDER,UNDER
2253549,home,2026-06-29,Brandon Pfaadt,593958,593958,Eduardo Rodriguez,OTHER_PITCHER,2.08,2.5,1.0,1.08,1,1,UNDER,UNDER
2253564,away,2026-06-30,Trevor McDonald,694738,694738,Landen Roupp,OTHER_PITCHER,3.78,3.5,4.0,-0.2200000000000002,4,4,PASS,OVER
2253564,home,2026-06-30,Zac Gallen,694297,694297,Brandon Pfaadt,OTHER_PITCHER,1.65,3.5,2.0,-0.3500000000000001,2,2,UNDER,UNDER
2253578,away,2026-07-01,Trevor McDonald,686790,686790,Trevor McDonald,SAME_STARTER,3.84,3.5,5.0,-1.1600000000000001,5,5,PASS,OVER
2253578,home,2026-07-01,Zac Gallen,668678,668678,Zac Gallen,SAME_STARTER,1.67,3.5,4.0,-2.33,4,4,UNDER,OVER
2253598,away,2026-07-03,Kyle Harrison,690986,690986,Kyle Harrison,SAME_STARTER,4.96,5.5,3.0,1.96,3,3,UNDER,UNDER
2253598,home,2026-07-03,Jose Cabrera,703615,703615,Jose Cabrera,SAME_STARTER,2.36,3.5,3.0,-0.6400000000000001,3,3,UNDER,UNDER
2253614,away,2026-07-04,Brandon Woodruff,605540,605540,Brandon Woodruff,SAME_STARTER,3.0,4.5,6.0,-3.0,6,6,OVER,OVER
2253614,home,2026-07-04,Merrill Kelly,518876,518876,Merrill Kelly,SAME_STARTER,1.53,3.5,6.0,-4.47,6,6,UNDER,OVER
2253626,away,2026-07-05,Brandon Sproat,687075,687075,Brandon Sproat,SAME_STARTER,2.99,4.5,4.0,-1.0099999999999998,4,4,UNDER,UNDER
2253626,home,2026-07-05,Brandon Pfaadt,593958,593958,Eduardo Rodriguez,OTHER_PITCHER,2.19,3.5,3.0,-0.81,3,3,UNDER,UNDER
2253636,away,2026-07-06,Zac Gallen,694297,694297,Brandon Pfaadt,OTHER_PITCHER,2.04,3.5,6.0,-3.96,6,6,UNDER,OVER
2253636,home,2026-07-06,German Marquez,621111,621111,Walker Buehler,OTHER_PITCHER,1.56,2.5,4.0,-2.44,4,4,UNDER,OVER
2253651,away,2026-07-07,Jose Cabrera,668678,668678,Zac Gallen,OTHER_PITCHER,2.33,3.5,5.0,-2.67,5,5,UNDER,OVER
2253651,home,2026-07-07,Michael King,608566,608566,Germán Márquez,OTHER_PITCHER,2.64,4.5,4.0,-1.3599999999999999,4,4,UNDER,UNDER
2253668,away,2026-07-08,Merrill Kelly,703615,703615,Jose Cabrera,OTHER_PITCHER,1.77,3.5,2.0,-0.22999999999999998,2,2,UNDER,UNDER
2253668,home,2026-07-08,Griffin Canning,650633,650633,Michael King,OTHER_PITCHER,3.3,3.5,4.0,-0.7000000000000002,4,4,UNDER,OVER
2253680,away,2026-07-09,Eduardo Rodriguez,518876,518876,Merrill Kelly,OTHER_PITCHER,2.01,4.5,6.0,-3.99,6,6,UNDER,OVER
2253680,home,2026-07-09,JP Sears,656288,656288,Griffin Canning,OTHER_PITCHER,3.0,3.5,5.0,-2.0,5,5,UNDER,OVER
2253695,away,2026-07-10,Brandon Pfaadt,593958,593958,Eduardo Rodriguez,OTHER_PITCHER,2.31,3.5,5.0,-2.69,5,5,UNDER,OVER
2253695,home,2026-07-10,Yoshinobu Yamamoto,660271,669165,Kyle Hurt,OTHER_PITCHER,3.67,5.5,,,,1,UNDER,
2253711,away,2026-07-11,Mitch Bratt,694297,694297,Brandon Pfaadt,OTHER_PITCHER,3.14,3.5,2.0,1.1400000000000001,2,2,UNDER,UNDER
2253711,home,2026-07-11,Emmet Sheehan,808967,808967,Yoshinobu Yamamoto,OTHER_PITCHER,4.79,5.5,6.0,-1.21,6,6,UNDER,OVER
2253725,away,2026-07-12,Mitch Bratt,683352,683352,Mitch Bratt,SAME_STARTER,3.0,3.5,0.0,3.0,0,0,UNDER,UNDER
2253725,home,2026-07-12,Emmet Sheehan,686218,686218,Emmet Sheehan,SAME_STARTER,4.84,4.5,7.0,-2.16,7,7,PASS,OVER
2253740,away,2026-07-17,Dustin May,700241,700241,Michael McGreevy,OTHER_PITCHER,3.07,3.5,5.0,-1.9300000000000002,5,5,UNDER,OVER
2253740,home,2026-07-17,Brandon Pfaadt,518876,518876,Merrill Kelly,OTHER_PITCHER,2.32,3.5,3.0,-0.6800000000000002,3,3,UNDER,UNDER
2253749,away,2026-07-18,Andre Pallante,669160,669160,Dustin May,OTHER_PITCHER,1.92,3.5,6.0,-4.08,6,6,UNDER,OVER
2253749,home,2026-07-18,Eduardo Rodriguez,694297,694297,Brandon Pfaadt,OTHER_PITCHER,1.75,3.5,3.0,-1.25,3,3,UNDER,UNDER
2253770,away,2026-07-19,Kyle Leahy,669467,669467,Andre Pallante,OTHER_PITCHER,2.24,4.5,3.0,-0.7599999999999998,3,3,UNDER,UNDER
2253770,home,2026-07-19,Mitch Bratt,593958,593958,Eduardo Rodriguez,OTHER_PITCHER,3.04,3.5,3.0,0.040000000000000036,3,3,UNDER,UNDER
2253784,away,2026-07-20,Jeffrey Springs,605488,605488,Jeffrey Springs,SAME_STARTER,2.54,3.5,2.0,0.54,2,2,UNDER,UNDER
2253784,home,2026-07-20,Kohl Drake,683352,683352,Mitch Bratt,OTHER_PITCHER,3.13,3.5,4.0,-0.8700000000000001,4,4,UNDER,OVER
2253800,away,2026-07-21,Gage Jump,678022,678022,Jack Perkins,OTHER_PITCHER,3.44,4.5,4.0,-0.56,4,4,UNDER,UNDER
2253800,home,2026-07-21,Merrill Kelly,684442,684442,Kohl Drake,OTHER_PITCHER,1.81,3.5,5.0,-3.19,5,5,UNDER,OVER
2253806,away,2026-07-22,Gage Jump,695611,695611,Gage Jump,SAME_STARTER,3.52,4.5,5.0,-1.48,5,5,OVER,OVER
2253806,home,2026-07-22,Brandon Pfaadt,518876,518876,Merrill Kelly,OTHER_PITCHER,2.46,3.5,3.0,-0.54,3,3,UNDER,UNDER
2253825,away,2026-07-24,Mitch Bratt,593958,593958,Eduardo Rodriguez,OTHER_PITCHER,1.39,3.5,4.0,-2.6100000000000003,4,4,UNDER,OVER
2253825,home,2026-07-24,Foster Griffin,687223,687223,Carson Palmquist,OTHER_PITCHER,3.3,4.5,1.0,2.3,1,1,UNDER,UNDER
3270003,away,2026-04-30,,,621121,Lance McCullers Jr.,NO_LIVE_ROW,,,,,,9,,
3270003,home,2026-04-30,,,687064,Brandon Young,NO_LIVE_ROW,,,,,,2,,
3270004,away,2026-04-30,,,605288,Adrian Houser,NO_LIVE_ROW,,,,,,2,,
3270004,home,2026-04-30,,,641835,Tim Mayza,NO_LIVE_ROW,,,,,,2,,
