gameId,gameDate,matchup,mlbGamePk,actualF5Away,actualF5Home,actualF5Total,lsF5,f5AwayRunLine,f5Total,modelF5AwayWinPct,modelF5HomeWinPct,modelF5AwayRLCoverPct,modelF5AwayScore,modelF5HomeScore,modelF5OverRate,stored_f5MlResult,derived_f5MlResult,f5Ml_status,stored_f5MlCorrect,derived_f5MlCorrect,stored_f5RlResult,derived_f5Rl_probConv,derived_f5Rl_marginConv,f5Rl_status,f5Rl_convDisagree,stored_f5RlCorrect,derived_f5RlCorrect_probConv,derived_f5RlCorrect_marginConv,stored_f5TotalResult,derived_f5TotalResult,f5Total_status,stored_f5TotalCorrect,derived_f5TotalCorrect,stored_brierF5Ml,derived_brierF5Ml_away,derived_brierF5Ml_home,brierF5Ml_status,stored_brierF5Total,derived_brierF5Total,brierF5Total_status,f5BacktestRunAt
2250006,2026-03-25,NYY@SF 2026-03-25,823244,7,0,7,7-0,-0.5,3.5,,,,,,,WIN,,stored-not-derivable,1,,WIN,,,stored-not-derivable,0,1,,,OVER,OVER,match,1,,,,,both-null,,,both-null,1775509155475
2250007,2026-03-26,PIT@NYM 2026-03-26,823649,4,9,13,4-9,-0.5,3.5,40.08,43.31,48.08,2.04,2.16,0.46,WIN,WIN,match,1,1,WIN,WIN,WIN,match-both-conv,0,1,1,1,OVER,OVER,match,0,0,0.160641,0.160641,0.321376,match-away-base,0.2916,0.2916,match,1784992359459
2250008,2026-03-26,CWS@MIL 2026-03-26,823812,1,8,9,1-8,0.5,4.5,39.98,44.78,47.17,2.39,2.6,0.56,WIN,WIN,match,1,1,WIN,WIN,LOSS,match-prob-conv,1,1,1,0,OVER,OVER,match,1,1,0.15984,0.15984,0.304925,match-away-base,0.1936,0.1936,match,1784992359459
2250009,2026-03-26,WSH@CHC 2026-03-26,824704,7,3,10,7-3,0.5,3.5,34.92,49.3,41.49,2.01,2.57,0.51,LOSS,LOSS,match,0,0,LOSS,LOSS,LOSS,match-both-conv,0,0,0,0,OVER,OVER,match,1,1,0.423541,0.423541,0.243049,match-away-base,0.2401,0.2401,match,1784992359459
2250010,2026-03-26,MIN@BAL 2026-03-26,824865,0,0,0,0-0,0.5,4.5,35.97,47.89,42.92,1.98,2.44,0.42,PUSH,PUSH,match,,,LOSS,LOSS,WIN,match-prob-conv,1,0,0,1,UNDER,UNDER,match,1,1,,,,both-null,0.1764,0.1764,match,1784992359459
2250011,2026-03-26,BOS@CIN 2026-03-26,824541,0,0,0,0-0,-0.5,3.5,45.71,37.91,54.75,2.31,2.01,0.41,PUSH,PUSH,match,,,LOSS,LOSS,WIN,match-prob-conv,1,0,0,1,UNDER,UNDER,match,1,1,,,,both-null,0.1681,0.1681,match,1784992359459
2250012,2026-03-26,LAA@HOU 2026-03-26,824218,0,0,0,0-0,0.5,4.5,38.62,45.03,46.08,2.06,2.31,0.42,PUSH,PUSH,match,,,LOSS,LOSS,WIN,match-prob-conv,1,0,0,1,UNDER,UNDER,match,1,1,,,,both-null,0.1764,0.1764,match,1784992359459
2250013,2026-03-26,DET@SD 2026-03-26,823325,8,0,8,8-0,-0.5,3.5,42.44,40,51.46,1.93,1.85,0.4,LOSS,LOSS,match,0,0,WIN,WIN,LOSS,match-prob-conv,1,1,1,0,OVER,OVER,match,0,0,0.331315,0.331315,0.16,match-away-base,0.36,0.36,match,1784992359459
2250014,2026-03-26,TB@STL 2026-03-26,823081,1,1,2,1-1,-0.5,4.5,44.41,39.78,52.83,2.42,2.23,0.45,PUSH,PUSH,match,,,LOSS,LOSS,WIN,match-prob-conv,1,0,0,1,UNDER,UNDER,match,1,1,,,,both-null,0.2025,0.2025,match,1784992359459
2250015,2026-03-26,TEX@PHI 2026-03-26,823486,0,5,5,0-5,0.5,4.5,40.22,43.52,48.08,2.13,2.25,0.42,WIN,WIN,match,1,1,WIN,WIN,LOSS,match-prob-conv,1,1,1,0,OVER,OVER,match,0,0,0.161765,0.161765,0.318999,match-away-base,0.3364,0.3364,match,1784992359459
2250016,2026-03-26,CLE@SEA 2026-03-26,823163,3,3,6,3-3,0.5,3.5,38.26,44.91,46.08,1.93,2.17,0.51,PUSH,PUSH,match,,,LOSS,LOSS,WIN,match-prob-conv,1,0,0,1,OVER,OVER,match,1,1,,,,both-null,0.2401,0.2401,match,1784992359459
2252284,2026-03-26,ARI@LAD 2026-03-26,823974,2,4,6,2-4,1.5,4.5,34.36,49.22,41.15,1.85,2.41,0.34,WIN,WIN,match,1,1,WIN,WIN,LOSS,match-prob-conv,1,1,1,0,OVER,OVER,match,0,0,0.118061,0.118061,0.257861,match-away-base,0.4356,0.4356,match,1784992359459
2250017,2026-03-27,NYY@SF 2026-03-27,823243,0,0,0,0-0,-0.5,4.5,48.13,35.64,57.45,2.42,1.94,0.41,PUSH,PUSH,match,,,LOSS,LOSS,WIN,match-prob-conv,1,0,0,1,UNDER,UNDER,match,1,1,,,,both-null,0.1681,0.1681,match,1784992359459
2250018,2026-03-27,ATH@TOR 2026-03-27,822839,1,2,3,1-2,0.5,4.5,39.3,45.46,46.3,2.37,2.63,0.5,WIN,WIN,match,1,1,WIN,WIN,LOSS,match-prob-conv,1,1,1,0,UNDER,UNDER,match,1,1,0.154449,0.154449,0.297461,match-away-base,0.25,0.25,match,1784992359459
2250019,2026-03-27,COL@MIA 2026-03-27,823893,1,2,3,1-2,0.5,4.5,39.61,44.07,47.39,2.09,2.26,0.42,WIN,WIN,match,1,1,WIN,WIN,LOSS,match-prob-conv,1,1,1,0,UNDER,UNDER,match,1,1,0.156895,0.156895,0.312816,match-away-base,0.1764,0.1764,match,1784992359459
2250020,2026-03-27,KC@ATL 2026-03-27,824946,0,4,4,0-4,0.5,3.5,36.72,46.45,44.14,1.88,2.23,0.45,WIN,WIN,match,1,1,WIN,WIN,LOSS,match-prob-conv,1,1,1,0,OVER,OVER,match,0,0,0.134836,0.134836,0.28676,match-away-base,0.3025,0.3025,match,1784992359459
2250021,2026-03-27,LAA@HOU 2026-03-27,824216,5,2,7,5-2,0.5,4.5,39.04,45.18,46.3,2.22,2.47,0.46,LOSS,LOSS,match,0,0,LOSS,LOSS,WIN,match-prob-conv,1,0,0,1,OVER,OVER,match,0,0,0.371612,0.371612,0.204123,match-away-base,0.2916,0.2916,match,1784992359459
2250022,2026-03-27,DET@SD 2026-03-27,823324,0,1,1,0-1,0.5,3.5,41.64,42.13,49.75,2.21,2.22,0.49,WIN,WIN,match,1,1,WIN,WIN,LOSS,match-prob-conv,1,1,1,0,UNDER,UNDER,match,1,1,0.173389,0.173389,0.334894,match-away-base,0.2401,0.2401,match,1784992359459
2250023,2026-03-27,CLE@SEA 2026-03-27,823162,1,3,4,1-3,0.5,3.5,40.45,43.01,48.54,2.08,2.18,0.47,WIN,WIN,match,1,1,WIN,WIN,LOSS,match-prob-conv,1,1,1,0,OVER,OVER,match,0,0,0.16362,0.16362,0.324786,match-away-base,0.2809,0.2809,match,1784992359459
2252293,2026-03-27,ARI@LAD 2026-03-27,823971,4,4,8,4-4,0.5,4.5,36.89,46.1,44.44,1.84,2.17,0.37,PUSH,PUSH,match,,,LOSS,LOSS,WIN,match-prob-conv,1,0,0,1,OVER,OVER,match,0,0,,,,both-null,0.3969,0.3969,match,1784992359459
2250024,2026-03-28,TB@STL 2026-03-28,823082,0,2,2,0-2,-0.5,3.5,43.12,41.65,50.98,2.54,2.49,0.57,WIN,WIN,match,1,1,LOSS,LOSS,WIN,match-prob-conv,1,0,0,1,UNDER,UNDER,match,0,0,0.185933,0.185933,0.340472,match-away-base,0.3249,0.3249,match,1784992359459
2250025,2026-03-28,WSH@CHC 2026-03-28,824701,2,6,8,2-6,0.5,4.5,34.34,49.69,40.82,1.94,2.53,0.43,WIN,WIN,match,1,1,WIN,WIN,WIN,match-both-conv,0,1,1,1,OVER,OVER,match,0,0,0.117924,0.117924,0.25311,match-away-base,0.3249,0.3249,match,1784992359459
2250026,2026-03-28,ATH@TOR 2026-03-28,822838,0,1,1,0-1,0.5,4.5,41.9,43.17,49.26,2.59,2.65,0.53,WIN,WIN,match,1,1,WIN,WIN,LOSS,match-prob-conv,1,1,1,0,UNDER,UNDER,match,0,0,0.175561,0.175561,0.322965,match-away-base,0.2809,0.2809,match,1784992359459
2250027,2026-03-28,MIN@BAL 2026-03-28,824862,3,1,4,3-1,0.5,4.5,37.07,47.09,44.05,2.09,2.49,0.51,LOSS,LOSS,match,0,0,LOSS,LOSS,WIN,match-prob-conv,1,0,0,1,UNDER,UNDER,match,0,0,0.396018,0.396018,0.221747,match-away-base,0.2601,0.2601,match,1784992359459
2250028,2026-03-28,TEX@PHI 2026-03-28,823488,3,0,3,3-0,0.5,4.5,43.4,41.47,51.22,2.57,2.49,0.57,LOSS,LOSS,match,0,0,WIN,WIN,WIN,match-both-conv,0,1,1,1,UNDER,UNDER,match,0,0,0.320356,0.320356,0.171976,match-away-base,0.3249,0.3249,match,1784992359459
2250029,2026-03-28,BOS@CIN 2026-03-28,824540,3,5,8,3-5,-0.5,3.5,39.87,44.5,47.17,2.29,2.48,0.54,WIN,WIN,match,1,1,WIN,WIN,WIN,match-both-conv,0,1,1,1,OVER,OVER,match,1,1,0.158962,0.158962,0.308025,match-away-base,0.2116,0.2116,match,1784992359459
2250030,2026-03-28,PIT@NYM 2026-03-28,823651,0,0,0,0-0,0.5,3.5,41.75,43.1,49.26,2.5,2.56,0.57,PUSH,PUSH,match,,,LOSS,LOSS,WIN,match-prob-conv,1,0,0,1,UNDER,UNDER,match,0,0,,,,both-null,0.3249,0.3249,match,1784992359459
2250031,2026-03-28,COL@MIA 2026-03-28,823892,3,3,6,3-3,0.5,4.5,35.13,48.77,41.84,1.96,2.49,0.5,PUSH,PUSH,match,,,LOSS,LOSS,LOSS,match-both-conv,0,0,0,0,OVER,OVER,match,0,0,,,,both-null,0.25,0.25,match,1784992359459
2250032,2026-03-28,LAA@HOU 2026-03-28,824213,6,3,9,6-3,0.5,4.5,41.54,42.47,49.5,2.25,2.28,0.38,LOSS,LOSS,match,0,0,LOSS,LOSS,WIN,match-prob-conv,1,0,0,1,OVER,OVER,match,0,0,0.341757,0.341757,0.18037,match-away-base,0.3844,0.3844,match,1784992359459
2250033,2026-03-28,CWS@MIL 2026-03-28,823811,1,4,5,1-4,0.5,4.5,35.61,49.73,41.67,2.37,2.99,0.54,WIN,WIN,match,1,1,WIN,WIN,WIN,match-both-conv,0,1,1,1,OVER,OVER,match,1,1,0.126807,0.126807,0.252707,match-away-base,0.2116,0.2116,match,1784992359459
2250034,2026-03-28,KC@ATL 2026-03-28,824945,0,0,0,0-0,0.5,4.5,40.07,44,47.62,2.22,2.37,0.45,PUSH,PUSH,match,,,LOSS,LOSS,WIN,match-prob-conv,1,0,0,1,UNDER,UNDER,match,1,1,,,,both-null,0.2025,0.2025,match,1784992359459
2250035,2026-03-28,NYY@SF 2026-03-28,823241,3,1,4,3-1,-0.5,4.5,40.43,42.76,48.54,2.02,2.1,0.38,LOSS,LOSS,match,0,0,LOSS,LOSS,LOSS,match-both-conv,0,0,0,0,UNDER,UNDER,match,1,1,0.354858,0.354858,0.182842,match-away-base,0.1444,0.1444,match,1784992359459
2250036,2026-03-28,DET@SD 2026-03-28,823323,0,3,3,0-3,-0.5,4.5,40.23,43.26,48.08,2.08,2.2,0.4,WIN,WIN,match,1,1,WIN,WIN,WIN,match-both-conv,0,1,1,1,UNDER,UNDER,match,1,1,0.161845,0.161845,0.321943,match-away-base,0.16,0.16,match,1784992359459
2250037,2026-03-28,CLE@SEA 2026-03-28,823161,0,2,2,0-2,0.5,3.5,37.66,44.83,45.66,1.78,2.03,0.41,WIN,WIN,match,1,1,WIN,WIN,LOSS,match-prob-conv,1,1,1,0,UNDER,UNDER,match,1,1,0.141828,0.141828,0.304373,match-away-base,0.1681,0.1681,match,1784992359459
2252307,2026-03-28,ARI@LAD 2026-03-28,823973,2,0,2,2-0,1.5,4.5,35,49.02,41.67,1.97,2.52,0.43,LOSS,LOSS,match,0,0,LOSS,LOSS,WIN,match-prob-conv,1,0,0,1,UNDER,UNDER,match,1,1,0.4225,0.4225,0.240296,match-away-base,0.1849,0.1849,match,1784992359459
2250038,2026-03-29,MIN@BAL 2026-03-29,824864,4,3,7,4-3,0.5,4.5,40.34,44.28,47.62,2.37,2.53,0.43,LOSS,LOSS,match,0,0,LOSS,LOSS,WIN,match-prob-conv,1,0,0,1,OVER,OVER,match,0,0,0.355932,0.355932,0.196072,match-away-base,0.3249,0.3249,match,1784992359459
2250039,2026-03-29,TEX@PHI 2026-03-29,823487,5,0,5,5-0,0.5,4.5,35.44,49.46,41.67,2.23,2.82,0.5,LOSS,LOSS,match,0,0,LOSS,LOSS,LOSS,match-both-conv,0,0,0,0,OVER,OVER,match,0,0,0.416799,0.416799,0.244629,match-away-base,0.25,0.25,match,1784992359459
2250040,2026-03-29,KC@ATL 2026-03-29,824944,3,0,3,3-0,0.5,4.5,37.42,47.34,44.05,2.27,2.69,0.49,LOSS,LOSS,match,0,0,LOSS,LOSS,WIN,match-prob-conv,1,0,0,1,UNDER,UNDER,match,1,1,0.391626,0.391626,0.224108,match-away-base,0.2401,0.2401,match,1784992359459
2250041,2026-03-29,ATH@TOR 2026-03-29,822837,2,5,7,2-5,0.5,4.5,43.22,41.95,50.74,2.67,2.61,0.47,WIN,WIN,match,1,1,LOSS,LOSS,LOSS,match-both-conv,0,0,0,0,OVER,OVER,match,0,0,0.186797,0.186797,0.33698,match-away-base,0.2809,0.2809,match,1784992359459
2250042,2026-03-29,BOS@CIN 2026-03-29,824538,2,0,2,2-0,-0.5,4.5,46.16,37.67,55.16,2.36,2.04,0.42,LOSS,LOSS,match,0,0,WIN,WIN,LOSS,match-prob-conv,1,1,1,0,UNDER,UNDER,match,1,1,0.289875,0.289875,0.141903,match-away-base,0.1764,0.1764,match,1784992359459
2250043,2026-03-29,PIT@NYM 2026-03-29,823647,2,2,4,2-2,0.5,4.5,34.86,49.14,41.49,1.97,2.53,0.5,PUSH,PUSH,match,,,LOSS,LOSS,LOSS,match-both-conv,0,0,0,0,UNDER,UNDER,match,1,1,,,,both-null,0.25,0.25,match,1784992359459
2250044,2026-03-29,COL@MIA 2026-03-29,823891,3,2,5,3-2,0.5,4.5,43.61,40.5,51.92,2.36,2.24,0.45,LOSS,LOSS,match,0,0,WIN,WIN,WIN,match-both-conv,0,1,1,1,OVER,OVER,match,0,0,0.317983,0.317983,0.164025,match-away-base,0.3025,0.3025,match,1784992359459
2250045,2026-03-29,LAA@HOU 2026-03-29,824215,6,6,12,6-6,0.5,4.5,35.2,50.08,41.32,2.34,2.99,0.48,PUSH,PUSH,match,,,LOSS,LOSS,LOSS,match-both-conv,0,0,0,0,OVER,OVER,match,0,0,,,,both-null,0.2704,0.2704,match,1784992359459
2250046,2026-03-29,CWS@MIL 2026-03-29,823810,7,2,9,7-2,0.5,4.5,34.86,50.32,40.98,2.29,2.96,0.59,LOSS,LOSS,match,0,0,LOSS,LOSS,LOSS,match-both-conv,0,0,0,0,OVER,OVER,match,1,1,0.424322,0.424322,0.25321,match-away-base,0.1681,0.1681,match,1784992359459
2250047,2026-03-29,TB@STL 2026-03-29,823079,6,4,10,6-4,-0.5,4.5,48.23,36.44,56.9,2.68,2.2,0.55,LOSS,LOSS,match,0,0,WIN,WIN,LOSS,match-prob-conv,1,1,1,0,OVER,OVER,match,1,1,0.268013,0.268013,0.132787,match-away-base,0.2025,0.2025,match,1784992359459
2250048,2026-03-29,WSH@CHC 2026-03-29,824700,3,2,5,3-2,1.5,5.5,33.95,50.52,40.16,2.04,2.71,0.41,LOSS,LOSS,match,0,0,LOSS,LOSS,WIN,match-prob-conv,1,0,0,1,UNDER,UNDER,match,1,1,0.43626,0.43626,0.255227,match-away-base,0.1681,0.1681,match,1784992359459
2250049,2026-03-29,CLE@SEA 2026-03-29,823160,0,6,6,0-6,0.5,4.5,40.84,42.85,48.78,2.14,2.22,0.48,WIN,WIN,match,1,1,WIN,WIN,LOSS,match-prob-conv,1,1,1,0,OVER,OVER,match,0,0,0.166791,0.166791,0.326612,match-away-base,0.2704,0.2704,match,1784992359459
2250050,2026-03-30,MIN@KC 2026-03-30,824135,1,2,3,1-2,0.5,5.5,42,40.92,50.74,2.01,1.96,0.25,WIN,WIN,match,1,1,LOSS,LOSS,LOSS,match-both-conv,0,0,0,0,UNDER,UNDER,match,1,1,0.1764,0.1764,0.349045,match-away-base,0.0625,0.0625,match,1784992359459
2250051,2026-03-30,TEX@BAL 2026-03-30,824863,4,2,6,4-2,0.5,5.5,42.24,42.07,50,2.36,2.35,0.4,LOSS,LOSS,match,0,0,LOSS,LOSS,WIN,match-prob-conv,1,0,0,1,OVER,OVER,match,0,0,0.333622,0.333622,0.176988,match-away-base,0.36,0.36,match,1784992359459
2250052,2026-03-30,PIT@CIN 2026-03-30,824539,0,2,2,0-2,0.5,4.5,40.66,43.03,48.54,2.14,2.23,0.42,WIN,WIN,match,1,1,WIN,WIN,LOSS,match-prob-conv,1,1,1,0,UNDER,UNDER,match,1,1,0.165324,0.165324,0.324558,match-away-base,0.1764,0.1764,match,1784992359459
2250053,2026-03-30,WSH@PHI 2026-03-30,823484,7,2,9,7-2,0.5,5.5,41.81,43.9,48.78,2.84,2.94,0.53,LOSS,LOSS,match,0,0,LOSS,LOSS,WIN,match-prob-conv,1,0,0,1,OVER,OVER,match,1,1,0.338608,0.338608,0.192721,match-away-base,0.2209,0.2209,match,1784992359459
2250054,2026-03-30,CWS@MIA 2026-03-30,823890,8,3,11,8-3,0.5,4.5,41.68,42.57,49.5,2.32,2.36,0.46,LOSS,LOSS,match,0,0,LOSS,LOSS,WIN,match-prob-conv,1,0,0,1,OVER,OVER,match,0,0,0.340122,0.340122,0.18122,match-away-base,0.2916,0.2916,match,1784992359459
2250055,2026-03-30,COL@TOR 2026-03-30,822834,2,1,3,2-1,1.5,4.5,35.59,50.15,41.49,2.5,3.16,0.57,LOSS,LOSS,match,0,0,LOSS,LOSS,WIN,match-prob-conv,1,0,0,1,UNDER,UNDER,match,0,0,0.414865,0.414865,0.251502,match-away-base,0.3249,0.3249,match,1784992359459
2250056,2026-03-30,ATH@ATL 2026-03-30,824943,0,3,3,0-3,0.5,4.5,43.09,41.15,51.22,2.38,2.3,0.4,WIN,WIN,match,1,1,LOSS,LOSS,LOSS,match-both-conv,0,0,0,0,UNDER,UNDER,match,1,1,0.185675,0.185675,0.346332,match-away-base,0.16,0.16,match,1784992359459
2250057,2026-03-30,LAA@CHC 2026-03-30,824702,0,6,6,0-6,0.5,5.5,39.6,44.65,46.95,2.24,2.45,0.34,WIN,WIN,match,1,1,WIN,WIN,LOSS,match-prob-conv,1,1,1,0,OVER,OVER,match,0,0,0.156816,0.156816,0.306362,match-away-base,0.4356,0.4356,match,1784992359459
2250058,2026-03-30,TB@MIL 2026-03-30,823809,1,0,1,1-0,0.5,4.5,40.04,45.03,47.17,2.48,2.69,0.52,LOSS,LOSS,match,0,0,LOSS,LOSS,WIN,match-prob-conv,1,0,0,1,UNDER,UNDER,match,0,0,0.35952,0.35952,0.20277,match-away-base,0.2704,0.2704,match,1784992359459
2250059,2026-03-30,NYM@STL 2026-03-30,823080,2,1,3,2-1,-0.5,4.5,43.86,40.28,52.15,2.38,2.23,0.39,LOSS,LOSS,match,0,0,WIN,WIN,LOSS,match-prob-conv,1,1,1,0,UNDER,UNDER,match,1,1,0.31517,0.31517,0.162248,match-away-base,0.1521,0.1521,match,1784992359459
2250060,2026-03-30,BOS@HOU 2026-03-30,824214,0,4,4,0-4,-0.5,4.5,49.2,36.18,57.63,2.98,2.4,0.54,WIN,WIN,match,1,1,LOSS,LOSS,LOSS,match-both-conv,0,0,0,0,UNDER,UNDER,match,0,0,0.242064,0.242064,0.407299,match-away-base,0.2916,0.2916,match,1784992359459
2250061,2026-03-30,SF@SD 2026-03-30,823320,3,0,3,3-0,-0.5,4.5,40.16,44.19,47.62,2.27,2.43,0.46,LOSS,LOSS,match,0,0,LOSS,LOSS,LOSS,match-both-conv,0,0,0,0,UNDER,UNDER,match,1,1,0.358083,0.358083,0.195276,match-away-base,0.2116,0.2116,match,1784992359459
2250062,2026-03-30,NYY@SEA 2026-03-30,823159,0,1,1,0-1,-0.5,4.5,39.7,44,47.39,2.11,2.28,0.49,WIN,WIN,match,1,1,WIN,WIN,WIN,match-both-conv,0,1,1,1,UNDER,UNDER,match,1,1,0.157609,0.157609,0.3136,match-away-base,0.2401,0.2401,match,1784992359459
2250063,2026-03-30,CLE@LAD 2026-03-30,823972,1,0,1,1-0,0.5,4.5,37.66,46.48,44.84,2.13,2.47,0.39,LOSS,LOSS,match,0,0,LOSS,LOSS,WIN,match-prob-conv,1,0,0,1,UNDER,UNDER,match,1,1,0.388628,0.388628,0.216039,match-away-base,0.1521,0.1521,match,1784992359459
2252334,2026-03-30,DET@ARI 2026-03-30,825108,0,8,8,0-8,0.5,5.5,39.64,45.65,46.51,2.56,2.83,0.48,WIN,WIN,match,1,1,WIN,WIN,LOSS,match-prob-conv,1,1,1,0,OVER,OVER,match,0,0,0.157133,0.157133,0.295392,match-away-base,0.2704,0.2704,match,1784992359459
2250064,2026-03-31,TEX@BAL 2026-03-31,824861,3,3,6,3-3,-0.5,4.5,52.62,32.61,61.69,3.02,2.17,0.52,PUSH,PUSH,match,,,LOSS,LOSS,LOSS,match-both-conv,0,0,0,0,OVER,OVER,match,1,1,,,,both-null,0.2304,0.2304,match,1784992359459
2250065,2026-03-31,PIT@CIN 2026-03-31,824537,6,1,7,6-1,-0.5,4.5,43.4,40.05,51.92,2.18,2.05,0.34,LOSS,LOSS,match,0,0,WIN,WIN,LOSS,match-prob-conv,1,1,1,0,OVER,OVER,match,0,0,0.320356,0.320356,0.1604,match-away-base,0.4356,0.4356,match,1784992359459
2250066,2026-03-31,WSH@PHI 2026-03-31,823485,0,3,3,0-3,0.5,5.5,35.98,49.7,42.02,2.49,3.11,0.45,WIN,WIN,match,1,1,WIN,WIN,WIN,match-both-conv,0,1,1,1,UNDER,UNDER,match,1,1,0.129456,0.129456,0.253009,match-away-base,0.2025,0.2025,match,1784992359459
2250067,2026-03-31,CWS@MIA 2026-03-31,823888,2,4,6,2-4,0.5,4.5,35.58,48.86,42.19,2.09,2.62,0.46,WIN,WIN,match,1,1,WIN,WIN,WIN,match-both-conv,0,1,1,1,OVER,OVER,match,0,0,0.126594,0.126594,0.26153,match-away-base,0.2916,0.2916,match,1784992359459
2250068,2026-03-31,COL@TOR 2026-03-31,822836,0,2,2,0-2,,4.5,41.31,44.35,48.31,2.8,2.94,0.58,WIN,WIN,match,1,1,WIN,,,stored-not-derivable,0,1,,,UNDER,UNDER,match,0,0,0.170652,0.170652,0.309692,match-away-base,0.3364,0.3364,match,1784992359459
2250069,2026-03-31,ATH@ATL 2026-03-31,824942,5,2,7,5-2,0.5,5.5,38.29,45.77,45.45,2.13,2.43,0.38,LOSS,LOSS,match,0,0,LOSS,LOSS,WIN,match-prob-conv,1,0,0,1,OVER,OVER,match,0,0,0.380812,0.380812,0.209489,match-away-base,0.3844,0.3844,match,1784992359459
2250070,2026-03-31,LAA@CHC 2026-03-31,824699,0,0,0,0-0,,,36.73,47.06,43.86,2.01,2.4,0.49,PUSH,PUSH,match,,,,,,both-null,0,,,,,,both-null,,,,,,both-null,,,both-null,1784992359459
2250071,2026-03-31,TB@MIL 2026-03-31,823807,2,3,5,2-3,,,38.02,46.68,44.84,2.3,2.65,0.56,WIN,WIN,match,1,1,,,,both-null,0,,,,,,both-null,,,0.144552,0.144552,0.284302,match-away-base,,,both-null,1784992359459
2250072,2026-03-31,NYM@STL 2026-03-31,823077,0,2,2,0-2,,,47.85,37.19,56.33,2.8,2.34,0.51,WIN,WIN,match,1,1,,,,both-null,0,,,,,,both-null,,,0.228962,0.228962,0.39451,match-away-base,,,both-null,1784992359459
2250073,2026-03-31,BOS@HOU 2026-03-31,824212,1,6,7,1-6,,,40.47,43.46,48.31,2.17,2.29,0.5,WIN,WIN,match,1,1,,,,both-null,0,,,,,,both-null,,,0.163782,0.163782,0.319677,match-away-base,,,both-null,1784992359459
2250074,2026-03-31,SF@SD 2026-03-31,823322,4,3,7,4-3,,,47.44,37.1,56.14,2.63,2.21,0.54,LOSS,LOSS,match,0,0,,,,both-null,0,,,,,,both-null,,,0.276255,0.276255,0.137641,match-away-base,,,both-null,1784992359459
2250075,2026-03-31,NYY@SEA 2026-03-31,823158,2,0,2,2-0,,,44.62,38.5,53.7,2.15,1.93,0.45,LOSS,LOSS,match,0,0,,,,both-null,0,,,,,,both-null,,,0.306694,0.306694,0.148225,match-away-base,,,both-null,1784992359459
2250076,2026-03-31,CLE@LAD 2026-03-31,823969,0,1,1,0-1,,,35.93,47.34,43.1,1.85,2.26,0.38,WIN,WIN,match,1,1,,,,both-null,0,,,,,,both-null,,,0.129096,0.129096,0.277308,match-away-base,,,both-null,1784992359459
2252346,2026-03-31,DET@ARI 2026-03-31,825107,5,1,6,5-1,,,41.96,43.7,49.02,2.79,2.87,0.46,LOSS,LOSS,match,0,0,,,,both-null,0,,,,,,both-null,,,0.336864,0.336864,0.190969,match-away-base,,,both-null,1784992359459
2250077,2026-04-01,ATH@ATL 2026-04-01,824940,1,5,6,1-5,0.5,4.5,38.26,45.44,45.66,2.04,2.31,0.48,WIN,WIN,match,1,1,WIN,WIN,LOSS,match-prob-conv,1,1,1,0,OVER,OVER,match,0,0,0.146383,0.146383,0.297679,match-away-base,0.2704,0.2704,match,1784992359459
2250078,2026-04-01,TEX@BAL 2026-04-01,824860,2,7,9,2-7,0.5,4.5,41,41.96,49.5,1.98,2.02,0.37,WIN,WIN,match,1,1,WIN,WIN,LOSS,match-prob-conv,1,1,1,0,OVER,OVER,match,0,0,0.1681,0.1681,0.336864,match-away-base,0.3969,0.3969,match,1784992359459
2250079,2026-04-01,PIT@CIN 2026-04-01,824536,3,1,4,3-1,-0.5,3.5,42.84,40.25,51.46,2.1,2.01,0.45,LOSS,LOSS,match,0,0,WIN,WIN,LOSS,match-prob-conv,1,1,1,0,OVER,OVER,match,0,0,0.326727,0.326727,0.162006,match-away-base,0.3025,0.3025,match,1784992359459
2250080,2026-04-01,WSH@PHI 2026-04-01,823483,1,1,2,1-1,1.5,4.5,31.11,54.16,36.5,2.11,3.12,0.52,PUSH,PUSH,match,,,LOSS,LOSS,WIN,match-prob-conv,1,0,0,1,UNDER,UNDER,match,0,0,,,,both-null,0.2704,0.2704,match,1784992359459
2250081,2026-04-01,COL@TOR 2026-04-01,822835,0,1,1,0-1,1.5,4.5,36,48.08,42.74,2.04,2.51,0.51,WIN,WIN,match,1,1,LOSS,LOSS,WIN,match-prob-conv,1,0,0,1,UNDER,UNDER,match,0,0,0.1296,0.1296,0.269569,match-away-base,0.2601,0.2601,match,1784992359459
2250082,2026-04-01,CWS@MIA 2026-04-01,823889,0,8,8,0-8,0.5,4.5,39.91,43.76,47.62,2.1,2.25,0.48,WIN,WIN,match,1,1,WIN,WIN,LOSS,match-prob-conv,1,1,1,0,OVER,OVER,match,0,0,0.159281,0.159281,0.316294,match-away-base,0.2704,0.2704,match,1784992359459
2250083,2026-04-01,NYM@STL 2026-04-01,823078,0,0,0,0-0,-0.5,4.5,47.15,37.13,55.95,2.53,2.14,0.52,PUSH,PUSH,match,,,LOSS,LOSS,WIN,match-prob-conv,1,0,0,1,UNDER,UNDER,match,0,0,,,,both-null,0.2704,0.2704,match,1784992359459
2250084,2026-04-01,TB@MIL 2026-04-01,823806,2,2,4,2-2,0.5,3.5,42.16,42.7,49.75,2.51,2.54,0.57,PUSH,PUSH,match,,,LOSS,LOSS,WIN,match-prob-conv,1,0,0,1,OVER,OVER,match,1,1,,,,both-null,0.1849,0.1849,match,1784992359459
2250085,2026-04-01,BOS@HOU 2026-04-01,824211,2,5,7,2-5,-0.5,3.5,44.37,39.43,53.05,2.33,2.14,0.5,WIN,WIN,match,1,1,LOSS,LOSS,WIN,match-prob-conv,1,0,0,1,OVER,OVER,match,0,0,0.19687,0.19687,0.366872,match-away-base,0.25,0.25,match,1784992359459
2250086,2026-04-01,LAA@CHC 2026-04-01,824698,0,5,5,0-5,0.5,3.5,37.74,46.34,44.84,2.11,2.46,0.58,WIN,WIN,match,1,1,WIN,WIN,LOSS,match-prob-conv,1,1,1,0,OVER,OVER,match,1,1,0.142431,0.142431,0.28794,match-away-base,0.1764,0.1764,match,1784992359459
2250087,2026-04-01,SF@SD 2026-04-01,823321,0,2,2,0-2,0.5,4.5,38.31,44.99,46.08,1.95,2.2,0.39,WIN,WIN,match,1,1,WIN,WIN,LOSS,match-prob-conv,1,1,1,0,UNDER,UNDER,match,1,1,0.146766,0.146766,0.30261,match-away-base,0.1521,0.1521,match,1784992359459
2250088,2026-04-01,NYY@SEA 2026-04-01,823157,1,0,1,1-0,0.5,3.5,45.43,38.45,54.13,2.36,2.09,0.49,LOSS,LOSS,match,0,0,WIN,WIN,WIN,match-both-conv,0,1,1,1,UNDER,UNDER,match,1,1,0.297788,0.297788,0.14784,match-away-base,0.2401,0.2401,match,1784992359459
2250089,2026-04-01,MIN@KC 2026-04-01,824136,1,5,6,1-5,-0.5,3.5,40.5,42.73,48.66,2.03,2.11,0.39,WIN,WIN,match,1,1,WIN,WIN,WIN,match-both-conv,0,1,1,1,OVER,OVER,match,0,0,0.164025,0.164025,0.327985,match-away-base,0.3721,0.3721,match,1784992359459
2250090,2026-04-01,CLE@LAD 2026-04-01,823970,2,0,2,2-0,1.5,4.5,33.57,49.39,40.49,1.71,2.27,0.36,LOSS,LOSS,match,0,0,LOSS,LOSS,WIN,match-prob-conv,1,0,0,1,UNDER,UNDER,match,1,1,0.441294,0.441294,0.243937,match-away-base,0.1296,0.1296,match,1784992359459
2252360,2026-04-01,DET@ARI 2026-04-01,825106,0,1,1,0-1,-0.5,3.5,45.79,39.15,53.92,2.71,2.42,0.58,WIN,WIN,match,1,1,LOSS,LOSS,WIN,match-prob-conv,1,0,0,1,UNDER,UNDER,match,0,0,0.209672,0.209672,0.370272,match-away-base,0.3364,0.3364,match,1784992359459
2250091,2026-04-02,MIN@KC 2026-04-02,824133,1,0,1,1-0,0.5,5.5,40.41,42.87,48.54,2.04,2.13,0.28,LOSS,LOSS,match,0,0,LOSS,LOSS,WIN,match-prob-conv,1,0,0,1,UNDER,UNDER,match,1,1,0.355097,0.355097,0.183784,match-away-base,0.0784,0.0784,match,1784992359459
2250093,2026-04-02,NYM@SF 2026-04-02,823242,2,6,8,2-6,-0.5,4.5,41.92,41.57,50.25,2.14,2.14,0.4,WIN,WIN,match,1,1,LOSS,LOSS,WIN,match-prob-conv,1,0,0,1,OVER,OVER,match,0,0,0.175729,0.175729,0.341406,match-away-base,0.36,0.36,match,1784992359459
2252367,2026-04-02,ATL@ARI 2026-04-02,825105,10,1,11,10-1,0.5,4.5,39.43,45.91,46.3,2.54,2.82,0.48,LOSS,LOSS,match,0,0,LOSS,LOSS,WIN,match-prob-conv,1,0,0,1,OVER,OVER,match,0,0,0.366872,0.366872,0.210773,match-away-base,0.2704,0.2704,match,1784992359459
2250092,2026-04-03,TOR@CWS 2026-04-03,824621,1,3,4,1-3,,,,,,,,,,,both-null,,,,,,both-null,0,,,,,,both-null,,,,,,both-null,,,both-null,
2250094,2026-04-03,LAD@WSH 2026-04-03,822758,11,4,15,11-4,-1.5,4.5,54.23,30.64,63.9,2.95,1.97,0.37,WIN,WIN,match,1,1,WIN,WIN,LOSS,match-prob-conv,1,1,1,0,OVER,OVER,match,0,0,0.209489,0.209489,0.093881,match-away-base,0.3969,0.3969,match,1784992359459
2250095,2026-04-03,STL@DET 2026-04-03,824299,0,3,3,0-3,0.5,4.5,40.96,43.57,48.54,2.36,2.47,0.48,WIN,WIN,match,1,1,WIN,WIN,LOSS,match-prob-conv,1,1,1,0,UNDER,UNDER,match,1,1,0.167772,0.167772,0.318434,match-away-base,0.2304,0.2304,match,1784992359459
2250096,2026-04-03,MIA@NYY 2026-04-03,823568,2,4,6,2-4,0.5,4.5,43.15,41.41,50.98,2.46,2.38,0.48,WIN,WIN,match,1,1,LOSS,LOSS,LOSS,match-both-conv,0,0,0,0,OVER,OVER,match,0,0,0.186192,0.186192,0.343279,match-away-base,0.2704,0.2704,match,1784992359459
2250097,2026-04-03,SD@BOS 2026-04-03,824786,2,2,4,2-2,0.5,4.5,43.55,41.38,51.22,2.61,2.52,0.51,PUSH,PUSH,match,,,WIN,WIN,WIN,match-both-conv,0,1,1,1,UNDER,UNDER,match,0,0,,,,both-null,0.2601,0.2601,match,1784992359459
2250098,2026-04-03,CIN@TEX 2026-04-03,822919,2,2,4,2-2,0.5,4.5,41.7,40.86,50.5,1.95,1.92,0.35,PUSH,PUSH,match,,,WIN,WIN,WIN,match-both-conv,0,1,1,1,UNDER,UNDER,match,1,1,,,,both-null,0.1225,0.1225,match,1784992359459
2250099,2026-04-03,CHC@CLE 2026-04-03,824458,1,1,2,1-1,0.5,3.5,44.72,38.26,53.92,2.12,1.89,0.44,PUSH,PUSH,match,,,WIN,WIN,WIN,match-both-conv,0,1,1,1,UNDER,UNDER,match,1,1,,,,both-null,0.1936,0.1936,match,1784992359459
2250100,2026-04-03,TB@MIN 2026-04-03,823732,3,3,6,3-3,0.5,4.5,42.22,43.03,49.5,2.66,2.69,0.6,PUSH,PUSH,match,,,LOSS,LOSS,WIN,match-prob-conv,1,0,0,1,OVER,OVER,match,1,1,,,,both-null,0.16,0.16,match,1784992359459
2250101,2026-04-03,PHI@COL 2026-04-03,824377,10,1,11,10-1,-0.5,5.5,48.99,37.33,56.71,3.39,2.82,0.52,LOSS,LOSS,match,0,0,WIN,WIN,WIN,match-both-conv,0,1,1,1,OVER,OVER,match,1,1,0.260202,0.260202,0.139353,match-away-base,0.2304,0.2304,match,1784992359459
2250102,2026-04-03,BAL@PIT 2026-04-03,823406,2,5,7,2-5,-0.5,4.5,46.38,36.49,55.95,2.16,1.81,0.36,WIN,WIN,match,1,1,LOSS,LOSS,WIN,match-prob-conv,1,0,0,1,OVER,OVER,match,0,0,0.21511,0.21511,0.403352,match-away-base,0.4096,0.4096,match,1784992359459
2250104,2026-04-03,SEA@LAA 2026-04-03,824056,0,0,0,0-0,-0.5,3.5,49.31,35.04,58.51,2.62,2.06,0.46,PUSH,PUSH,match,,,LOSS,LOSS,LOSS,match-both-conv,0,0,0,0,UNDER,UNDER,match,1,1,,,,both-null,0.2116,0.2116,match,1784992359459
2250105,2026-04-03,HOU@ATH 2026-04-03,825026,1,11,12,1-11,0.5,5.5,42.3,43.17,49.5,2.75,2.79,0.44,WIN,WIN,match,1,1,WIN,WIN,LOSS,match-prob-conv,1,1,1,0,OVER,OVER,match,0,0,0.178929,0.178929,0.322965,match-away-base,0.3136,0.3136,match,1784992359459
2250106,2026-04-03,NYM@SF 2026-04-03,823240,5,0,5,5-0,-0.5,3.5,44.4,38.46,53.49,2.08,1.87,0.43,LOSS,LOSS,match,0,0,WIN,WIN,LOSS,match-prob-conv,1,1,1,0,OVER,OVER,match,0,0,0.309136,0.309136,0.147917,match-away-base,0.3249,0.3249,match,1784992359459
2252381,2026-04-03,ATL@ARI 2026-04-03,825103,0,0,0,0-0,0.5,4.5,43.15,42.67,50.25,2.91,2.9,0.53,PUSH,PUSH,match,,,WIN,WIN,WIN,match-both-conv,0,1,1,1,UNDER,UNDER,match,0,0,,,,both-null,0.2809,0.2809,match,1784992359459
2250103,2026-04-04,MIL@KC 2026-04-04 G2,824134,2,2,4,2-2,,,43.86,39.63,52.61,2.21,2.06,0.35,PUSH,PUSH,match,,,,,,both-null,0,,,,,,both-null,,,,,,both-null,,,both-null,1784992359459
2250107,2026-04-04,STL@DET 2026-04-04,824295,6,8,14,6-8,0.5,4.5,37.9,46.69,44.84,2.27,2.63,0.55,WIN,WIN,match,1,1,WIN,WIN,LOSS,match-prob-conv,1,1,1,0,OVER,OVER,match,1,1,0.143641,0.143641,0.284196,match-away-base,0.2025,0.2025,match,1784992359459
2250108,2026-04-04,TOR@CWS 2026-04-04,824622,0,1,1,0-1,-0.5,4.5,45.17,38.5,53.92,2.31,2.06,0.42,WIN,WIN,match,1,1,LOSS,LOSS,WIN,match-prob-conv,1,0,0,1,UNDER,UNDER,match,1,1,0.204033,0.204033,0.378225,match-away-base,0.1764,0.1764,match,1784992359459
2250109,2026-04-04,LAD@WSH 2026-04-04,822757,9,2,11,9-2,-1.5,5.5,55.33,30.06,64.79,3.16,2.07,0.41,WIN,WIN,match,1,1,WIN,WIN,LOSS,match-prob-conv,1,1,1,0,OVER,OVER,match,0,0,0.199541,0.199541,0.09036,match-away-base,0.3481,0.3481,match,1784992359459
2250110,2026-04-04,HOU@ATH 2026-04-04,825027,7,0,7,7-0,0.5,4.5,39.44,45.98,46.08,2.6,2.89,0.44,LOSS,LOSS,match,0,0,LOSS,LOSS,WIN,match-prob-conv,1,0,0,1,OVER,OVER,match,0,0,0.366751,0.366751,0.211416,match-away-base,0.3136,0.3136,match,1784992359459
2250111,2026-04-04,BAL@PIT 2026-04-04,823404,2,1,3,2-1,-0.5,4.5,43.37,39.99,51.92,2.15,2.03,0.39,LOSS,LOSS,match,0,0,WIN,WIN,LOSS,match-prob-conv,1,1,1,0,UNDER,UNDER,match,1,1,0.320696,0.320696,0.15992,match-away-base,0.1521,0.1521,match,1784992359459
2250112,2026-04-04,SD@BOS 2026-04-04,824782,2,1,3,2-1,0.5,4.5,40.73,43.43,48.31,2.26,2.37,0.52,LOSS,LOSS,match,0,0,LOSS,LOSS,WIN,match-prob-conv,1,0,0,1,UNDER,UNDER,match,0,0,0.351293,0.351293,0.188616,match-away-base,0.2704,0.2704,match,1784992359459
2250113,2026-04-04,MIL@KC 2026-04-04 G1,824132,5,0,5,5-0,-0.5,4.5,43.87,39.65,52.61,2.22,2.06,0.4,LOSS,LOSS,match,0,0,WIN,WIN,LOSS,match-prob-conv,1,1,1,0,OVER,OVER,match,0,0,0.315058,0.315058,0.157212,match-away-base,0.36,0.36,match,1784992359459
2250114,2026-04-04,CIN@TEX 2026-04-04,822920,2,0,2,2-0,0.5,4.5,44.22,39.01,53.05,2.16,1.97,0.38,LOSS,LOSS,match,0,0,WIN,WIN,WIN,match-both-conv,0,1,1,1,UNDER,UNDER,match,1,1,0.311141,0.311141,0.152178,match-away-base,0.1444,0.1444,match,1784992359459
2250115,2026-04-04,MIA@NYY 2026-04-04,823569,4,2,6,4-2,0.5,3.5,36.28,48.8,42.55,2.32,2.86,0.58,LOSS,LOSS,match,0,0,LOSS,LOSS,LOSS,match-both-conv,0,0,0,0,OVER,OVER,match,1,1,0.406024,0.406024,0.238144,match-away-base,0.1764,0.1764,match,1784992359459
2250116,2026-04-04,TB@MIN 2026-04-04,823730,6,1,7,6-1,0.5,4.5,49.48,35.73,57.98,2.95,2.35,0.53,LOSS,LOSS,match,0,0,WIN,WIN,WIN,match-both-conv,0,1,1,1,OVER,OVER,match,1,1,0.255227,0.255227,0.127663,match-away-base,0.2209,0.2209,match,1784992359459
2250118,2026-04-04,PHI@COL 2026-04-04,824378,2,1,3,2-1,-1.5,5.5,46.66,38.68,54.75,2.88,2.53,0.43,LOSS,LOSS,match,0,0,LOSS,LOSS,WIN,match-prob-conv,1,0,0,1,UNDER,UNDER,match,1,1,0.284516,0.284516,0.149614,match-away-base,0.1849,0.1849,match,1784992359459
2250119,2026-04-04,NYM@SF 2026-04-04,823239,8,0,8,8-0,-0.5,4.5,47.1,36.82,56.14,2.41,2.02,0.49,LOSS,LOSS,match,0,0,WIN,WIN,LOSS,match-prob-conv,1,1,1,0,OVER,OVER,match,0,0,0.279841,0.279841,0.135571,match-away-base,0.2601,0.2601,match,1784992359459
2250120,2026-04-04,SEA@LAA 2026-04-04,824054,0,1,1,0-1,-0.5,5.5,53.42,32.63,62.12,3.43,2.45,0.48,LOSS,LOSS,match,0,0,LOSS,LOSS,LOSS,match-both-conv,0,0,0,0,UNDER,UNDER,match,1,1,0.28537,0.28537,0.453872,match-away-base,0.2304,0.2304,match,1784992359459
2252394,2026-04-04,ATL@ARI 2026-04-04,825104,1,2,3,1-2,0.5,5.5,39.88,45.49,46.73,2.6,2.86,0.43,WIN,WIN,match,1,1,WIN,WIN,LOSS,match-prob-conv,1,1,1,0,UNDER,UNDER,match,1,1,0.159041,0.159041,0.297134,match-away-base,0.1849,0.1849,match,1784992359459
2250117,2026-04-05,CHC@CLE 2026-04-05 G2,824460,1,0,1,1-0,-0.5,3.5,46.7,37.23,55.56,2.43,2.06,0.5,LOSS,LOSS,match,0,0,WIN,WIN,LOSS,match-prob-conv,1,1,1,0,UNDER,UNDER,match,1,1,0.284089,0.284089,0.138607,match-away-base,0.25,0.25,match,1784992359459
2250121,2026-04-05,LAD@WSH 2026-04-05,822756,1,6,7,1-6,-0.5,4.5,47.05,38.12,55.16,2.85,2.46,0.47,WIN,WIN,match,1,1,LOSS,LOSS,WIN,match-prob-conv,1,0,0,1,OVER,OVER,match,0,0,0.22137,0.22137,0.382913,match-away-base,0.2809,0.2809,match,1784992359459
2250122,2026-04-05,BAL@PIT 2026-04-05,823405,1,6,7,1-6,0.5,4.5,42.05,41.19,50.5,2.08,2.04,0.38,WIN,WIN,match,1,1,LOSS,LOSS,LOSS,match-both-conv,0,0,0,0,OVER,OVER,match,0,0,0.17682,0.17682,0.345862,match-away-base,0.3844,0.3844,match,1784992359459
2250123,2026-04-05,SD@BOS 2026-04-05,824781,6,4,10,6-4,0.5,4.5,42.3,42.55,49.75,2.5,2.52,0.44,LOSS,LOSS,match,0,0,LOSS,LOSS,WIN,match-prob-conv,1,0,0,1,OVER,OVER,match,0,0,0.332929,0.332929,0.18105,match-away-base,0.3136,0.3136,match,1784992359459
2250124,2026-04-05,MIA@NYY 2026-04-05,823566,2,4,6,2-4,1.5,4.5,34.8,49.52,41.32,2.04,2.63,0.46,WIN,WIN,match,1,1,WIN,WIN,LOSS,match-prob-conv,1,1,1,0,OVER,OVER,match,0,0,0.121104,0.121104,0.254823,match-away-base,0.2916,0.2916,match,1784992359459
2250125,2026-04-05,CHC@CLE 2026-04-05 G1,824459,0,0,0,0-0,-0.5,3.5,42.23,41.58,50.5,2.24,2.22,0.5,PUSH,PUSH,match,,,LOSS,LOSS,WIN,match-prob-conv,1,0,0,1,UNDER,UNDER,match,1,1,,,,both-null,0.25,0.25,match,1784992359459
2250126,2026-04-05,TB@MIN 2026-04-05,823729,1,1,2,1-1,0.5,4.5,40.27,44.46,47.62,2.39,2.56,0.49,PUSH,PUSH,match,,,LOSS,LOSS,WIN,match-prob-conv,1,0,0,1,UNDER,UNDER,match,1,1,,,,both-null,0.2401,0.2401,match,1784992359459
2250127,2026-04-05,TOR@CWS 2026-04-05,824620,0,3,3,0-3,-0.5,4.5,44.17,39.66,52.61,2.32,2.16,0.43,WIN,WIN,match,1,1,LOSS,LOSS,WIN,match-prob-conv,1,0,0,1,UNDER,UNDER,match,1,1,0.195099,0.195099,0.364092,match-away-base,0.1849,0.1849,match,1784992359459
2250128,2026-04-05,MIL@KC 2026-04-05,824131,4,2,6,4-2,0.5,4.5,42.59,40.74,51.22,2.14,2.07,0.46,LOSS,LOSS,match,0,0,WIN,WIN,WIN,match-both-conv,0,1,1,1,OVER,OVER,match,0,0,0.329591,0.329591,0.165975,match-away-base,0.2916,0.2916,match,1784992359459
2250129,2026-04-05,CIN@TEX 2026-04-05,822917,1,0,1,1-0,0.5,3.5,41.72,40.92,50.5,1.95,1.93,0.42,LOSS,LOSS,match,0,0,WIN,WIN,WIN,match-both-conv,0,1,1,1,UNDER,UNDER,match,1,1,0.339656,0.339656,0.167445,match-away-base,0.1764,0.1764,match,1784992359459
2250130,2026-04-05,PHI@COL 2026-04-05,824379,1,4,5,1-4,-0.5,6.5,49.48,37.41,56.9,3.76,3.13,0.53,WIN,WIN,match,1,1,LOSS,LOSS,LOSS,match-both-conv,0,0,0,0,UNDER,UNDER,match,0,0,0.244827,0.244827,0.391751,match-away-base,0.2809,0.2809,match,1784992359459
2250131,2026-04-05,HOU@ATH 2026-04-05,825025,3,5,8,3-5,-0.5,5.5,34.86,51.54,40.32,2.75,3.59,0.53,WIN,WIN,match,1,1,WIN,WIN,WIN,match-both-conv,0,1,1,1,OVER,OVER,match,1,1,0.121522,0.121522,0.234837,match-away-base,0.2209,0.2209,match,1784992359459
2250132,2026-04-05,NYM@SF 2026-04-05,823238,1,0,1,1-0,0.5,3.5,42.98,40.43,51.46,2.16,2.07,0.47,LOSS,LOSS,match,0,0,WIN,WIN,WIN,match-both-conv,0,1,1,1,UNDER,UNDER,match,1,1,0.325128,0.325128,0.163458,match-away-base,0.2209,0.2209,match,1784992359459
2250133,2026-04-05,SEA@LAA 2026-04-05,824053,5,6,11,5-6,-0.5,4.5,49.86,34.86,58.85,2.78,2.16,0.43,WIN,WIN,match,1,1,LOSS,LOSS,LOSS,match-both-conv,0,0,0,0,OVER,OVER,match,0,0,0.248602,0.248602,0.424322,match-away-base,0.3249,0.3249,match,1784992359459
2250134,2026-04-05,STL@DET 2026-04-05,824296,4,2,6,4-2,0.5,4.5,45.03,39.25,53.49,2.46,2.23,0.46,LOSS,LOSS,match,0,0,WIN,WIN,WIN,match-both-conv,0,1,1,1,OVER,OVER,match,0,0,0.30217,0.30217,0.154056,match-away-base,0.2916,0.2916,match,1784992359459
2252411,2026-04-05,ATL@ARI 2026-04-05,825102,3,3,6,3-3,0.5,5.5,45.91,39.34,53.92,2.81,2.52,0.48,PUSH,PUSH,match,,,WIN,WIN,WIN,match-both-conv,0,1,1,1,OVER,OVER,match,0,0,,,,both-null,0.2704,0.2704,match,1784992359459
2250135,2026-04-06,CHC@TB 2026-04-06,823002,2,4,6,2-4,0.5,4.5,45.06,39.05,53.49,2.42,2.18,0.45,WIN,WIN,match,1,1,LOSS,LOSS,LOSS,match-both-conv,0,0,0,0,OVER,OVER,match,0,0,0.20304,0.20304,0.37149,match-away-base,0.3025,0.3025,match,1784992359459
2250136,2026-04-06,KC@CLE 2026-04-06,824456,1,1,2,1-1,0.5,3.5,40.26,43.09,48.31,2.06,2.16,0.46,PUSH,PUSH,match,,,LOSS,LOSS,WIN,match-prob-conv,1,0,0,1,UNDER,UNDER,match,1,1,,,,both-null,0.2116,0.2116,match,1784992359459
2250137,2026-04-06,SD@PIT 2026-04-06,823401,3,0,3,3-0,0.5,4.5,36.06,47.59,43.1,1.94,2.38,0.41,LOSS,LOSS,match,0,0,LOSS,LOSS,WIN,match-prob-conv,1,0,0,1,UNDER,UNDER,match,1,1,0.408832,0.408832,0.226481,match-away-base,0.1681,0.1681,match,1784992359459
2250138,2026-04-06,CIN@MIA 2026-04-06,823886,1,0,1,1-0,0.5,4.5,40.69,43.39,48.31,2.24,2.35,0.45,LOSS,LOSS,match,0,0,LOSS,LOSS,WIN,match-prob-conv,1,0,0,1,UNDER,UNDER,match,1,1,0.351768,0.351768,0.188269,match-away-base,0.2025,0.2025,match,1784992359459
2250139,2026-04-06,STL@WSH 2026-04-06,822755,1,2,3,1-2,0.5,4.5,39.96,44.92,47.17,2.44,2.64,0.51,WIN,WIN,match,1,1,WIN,WIN,LOSS,match-prob-conv,1,1,1,0,UNDER,UNDER,match,0,0,0.15968,0.15968,0.303381,match-away-base,0.2601,0.2601,match,1784992359459
2250140,2026-04-06,MIL@BOS 2026-04-06,824783,5,5,10,5-5,-0.5,4.5,46.47,37.95,54.95,2.55,2.21,0.47,PUSH,PUSH,match,,,LOSS,LOSS,WIN,match-prob-conv,1,0,0,1,OVER,OVER,match,0,0,,,,both-null,0.2809,0.2809,match,1784992359459
2250141,2026-04-06,LAD@TOR 2026-04-06,822832,6,1,7,6-1,-0.5,4.5,50.13,35.75,58.33,3.24,2.57,0.53,WIN,WIN,match,1,1,WIN,WIN,WIN,match-both-conv,0,1,1,1,OVER,OVER,match,1,1,0.248702,0.248702,0.127806,match-away-base,0.2209,0.2209,match,1784992359459
2250142,2026-04-06,DET@MIN 2026-04-06,823728,3,5,8,3-5,0.5,3.5,42.49,42.29,50,2.51,2.51,0.57,WIN,WIN,match,1,1,WIN,WIN,LOSS,match-prob-conv,1,1,1,0,OVER,OVER,match,1,1,0.18054,0.18054,0.333044,match-away-base,0.1849,0.1849,match,1784992359459
2250143,2026-04-06,BAL@CWS 2026-04-06,824619,1,0,1,1-0,-0.5,4.5,41.43,42.46,49.5,2.23,2.27,0.43,LOSS,LOSS,match,0,0,LOSS,LOSS,LOSS,match-both-conv,0,0,0,0,UNDER,UNDER,match,1,1,0.343044,0.343044,0.180285,match-away-base,0.1849,0.1849,match,1784992359459
2250144,2026-04-06,SEA@TEX 2026-04-06,822918,1,1,2,1-1,0.5,3.5,41.52,40.31,50.74,1.81,1.77,0.31,PUSH,PUSH,match,,,WIN,WIN,WIN,match-both-conv,0,1,1,1,UNDER,UNDER,match,1,1,,,,both-null,0.0961,0.0961,match,1784992359459
2250145,2026-04-06,HOU@COL 2026-04-06,824376,3,8,11,3-8,-0.5,5.5,47.13,39.07,54.75,3.27,2.88,0.46,WIN,WIN,match,1,1,LOSS,LOSS,WIN,match-prob-conv,1,0,0,1,OVER,OVER,match,0,0,0.222124,0.222124,0.371246,match-away-base,0.2916,0.2916,match,1784992359459
2250146,2026-04-06,ATL@LAA 2026-04-06,824052,1,6,7,1-6,-0.5,3.5,48.73,35.75,57.63,2.64,2.12,0.53,WIN,WIN,match,1,1,LOSS,LOSS,LOSS,match-both-conv,0,0,0,0,OVER,OVER,match,1,1,0.237461,0.237461,0.412806,match-away-base,0.2209,0.2209,match,1784992359459
2250147,2026-04-06,PHI@SF 2026-04-06,823237,2,4,6,2-4,-0.5,4.5,43.99,39.34,52.83,2.17,2,0.39,WIN,WIN,match,1,1,LOSS,LOSS,WIN,match-prob-conv,1,0,0,1,OVER,OVER,match,0,0,0.193512,0.193512,0.367964,match-away-base,0.3721,0.3721,match,1784992359459
2250148,2026-04-07,KC@CLE 2026-04-07,824457,1,1,2,1-1,-0.5,3.5,42.84,40.08,51.69,2.04,1.94,0.5,PUSH,PUSH,match,,,LOSS,LOSS,WIN,match-prob-conv,1,0,0,1,UNDER,UNDER,match,1,1,,,,both-null,0.25,0.25,match,1784992359459
2250149,2026-04-07,SD@PIT 2026-04-07,823402,0,2,2,0-2,0.5,3.5,42.26,39.87,51.46,1.89,1.81,0.46,WIN,WIN,match,1,1,LOSS,LOSS,LOSS,match-both-conv,0,0,0,0,UNDER,UNDER,match,1,1,0.178591,0.178591,0.361562,match-away-base,0.2116,0.2116,match,1784992359459
2250150,2026-04-07,CHC@TB 2026-04-07,822999,4,0,4,4-0,0.5,4.5,44.37,39.81,52.61,2.41,2.23,0.45,LOSS,LOSS,match,0,0,WIN,WIN,WIN,match-both-conv,0,1,1,1,UNDER,UNDER,match,1,1,0.30947,0.30947,0.158484,match-away-base,0.2025,0.2025,match,1784992359459
2250151,2026-04-07,CIN@MIA 2026-04-07,823887,0,2,2,0-2,0.5,3.5,43.08,40.68,51.46,2.25,2.15,0.49,WIN,WIN,match,1,1,LOSS,LOSS,LOSS,match-both-conv,0,0,0,0,UNDER,UNDER,match,1,1,0.185589,0.185589,0.351886,match-away-base,0.2401,0.2401,match,1784992359459
2250152,2026-04-07,STL@WSH 2026-04-07,822754,2,4,6,2-4,-0.5,3.5,45.77,39.24,53.92,2.71,2.43,0.58,WIN,WIN,match,1,1,LOSS,LOSS,WIN,match-prob-conv,1,0,0,1,OVER,OVER,match,1,1,0.209489,0.209489,0.369178,match-away-base,0.1764,0.1764,match,1784992359459
2250153,2026-04-07,MIL@BOS 2026-04-07,824780,0,0,0,0-0,0.5,3.5,40.59,43.71,48.08,2.3,2.42,0.6,PUSH,PUSH,match,,,LOSS,LOSS,WIN,match-prob-conv,1,0,0,1,UNDER,UNDER,match,0,0,,,,both-null,0.36,0.36,match,1784992359459
2250154,2026-04-07,ATH@NYY 2026-04-07,823567,3,1,4,3-1,0.5,4.5,36.44,48.5,42.92,2.29,2.8,0.51,LOSS,LOSS,match,0,0,LOSS,LOSS,LOSS,match-both-conv,0,0,0,0,UNDER,UNDER,match,0,0,0.403987,0.403987,0.235225,match-away-base,0.2601,0.2601,match,1784992359459
2250155,2026-04-07,LAD@TOR 2026-04-07,822831,3,0,3,3-0,-0.5,3.5,47.16,36.88,56.14,2.47,2.06,0.51,LOSS,LOSS,match,0,0,WIN,WIN,LOSS,match-prob-conv,1,1,1,0,UNDER,UNDER,match,0,0,0.279207,0.279207,0.136013,match-away-base,0.2601,0.2601,match,1784992359459
2250156,2026-04-07,DET@MIN 2026-04-07,823727,0,4,4,0-4,-0.5,3.5,47.73,36.68,56.52,2.59,2.15,0.6,WIN,WIN,match,1,1,LOSS,LOSS,WIN,match-prob-conv,1,0,0,1,OVER,OVER,match,1,1,0.227815,0.227815,0.400942,match-away-base,0.16,0.16,match,1784992359459
2250157,2026-04-07,BAL@CWS 2026-04-07,824618,1,2,3,1-2,-0.5,3.5,46.15,36.51,55.75,2.1,1.76,0.48,WIN,WIN,match,1,1,LOSS,LOSS,WIN,match-prob-conv,1,0,0,1,UNDER,UNDER,match,1,1,0.212982,0.212982,0.403098,match-away-base,0.2304,0.2304,match,1784992359459
2250158,2026-04-07,SEA@TEX 2026-04-07,822916,2,3,5,2-3,-0.5,3.5,37.13,44.87,45.25,1.69,1.94,0.38,WIN,WIN,match,1,1,WIN,WIN,WIN,match-both-conv,0,1,1,1,OVER,OVER,match,0,0,0.137864,0.137864,0.303932,match-away-base,0.3844,0.3844,match,1784992359459
2250159,2026-04-07,HOU@COL 2026-04-07,824375,1,3,4,1-3,-0.5,5.5,46.36,39.75,53.92,3.21,2.89,0.45,WIN,WIN,match,1,1,LOSS,LOSS,WIN,match-prob-conv,1,0,0,1,UNDER,UNDER,match,1,1,0.214925,0.214925,0.363006,match-away-base,0.2025,0.2025,match,1784992359459
2250160,2026-04-07,ATL@LAA 2026-04-07,824051,4,2,6,4-2,-0.5,4.5,45.46,39.36,53.49,2.64,2.38,0.5,LOSS,LOSS,match,0,0,WIN,WIN,LOSS,match-prob-conv,1,1,1,0,OVER,OVER,match,0,0,0.297461,0.297461,0.154921,match-away-base,0.25,0.25,match,1784992359459
2250161,2026-04-07,PHI@SF 2026-04-07,823235,0,3,3,0-3,-0.5,3.5,50,32.8,60.32,2.25,1.65,0.42,WIN,WIN,match,1,1,LOSS,LOSS,LOSS,match-both-conv,0,0,0,0,UNDER,UNDER,match,1,1,0.25,0.25,0.451584,match-away-base,0.1764,0.1764,match,1784992359459
2252434,2026-04-07,ARI@NYM 2026-04-07,823648,3,2,5,3-2,0.5,3.5,38.74,45.75,45.87,2.26,2.54,0.54,LOSS,LOSS,match,0,0,LOSS,LOSS,WIN,match-prob-conv,1,0,0,1,OVER,OVER,match,1,1,0.375279,0.375279,0.209306,match-away-base,0.2116,0.2116,match,1784992359459
2250162,2026-04-08,SD@PIT 2026-04-08,823403,0,0,0,0-0,-0.5,3.5,43.36,40.02,51.92,2.17,2.05,0.46,PUSH,PUSH,match,,,LOSS,LOSS,WIN,match-prob-conv,1,0,0,1,UNDER,UNDER,match,1,1,,,,both-null,0.2116,0.2116,match,1784992359459
2250163,2026-04-08,KC@CLE 2026-04-08,824455,2,5,7,2-5,-0.5,3.5,40.14,42.59,48.54,1.93,2.01,0.43,WIN,WIN,match,1,1,WIN,WIN,WIN,match-both-conv,0,1,1,1,OVER,OVER,match,0,0,0.161122,0.161122,0.329591,match-away-base,0.3249,0.3249,match,1784992359459
2250164,2026-04-08,MIL@BOS 2026-04-08,824779,0,3,3,0-3,0.5,3.5,46.12,38.68,54.34,2.68,2.37,0.57,WIN,WIN,match,1,1,LOSS,LOSS,LOSS,match-both-conv,0,0,0,0,UNDER,UNDER,match,0,0,0.212705,0.212705,0.376014,match-away-base,0.3249,0.3249,match,1784992359459
2250165,2026-04-08,BAL@CWS 2026-04-08,824617,2,3,5,2-3,-0.5,3.5,50.48,33.23,60.32,2.48,1.83,0.48,LOSS,LOSS,match,0,0,LOSS,LOSS,LOSS,match-both-conv,0,0,0,0,OVER,OVER,match,0,0,0.254823,0.254823,0.445823,match-away-base,0.2704,0.2704,match,1784992359459
2250166,2026-04-08,SEA@TEX 2026-04-08,822915,0,3,3,0-3,-0.5,3.5,47.12,35.17,57.26,2.07,1.65,0.39,WIN,WIN,match,1,1,LOSS,LOSS,WIN,match-prob-conv,1,0,0,1,UNDER,UNDER,match,1,1,0.222029,0.222029,0.420293,match-away-base,0.1521,0.1521,match,1784992359459
2250167,2026-04-08,LAD@TOR 2026-04-08,822833,1,1,2,1-1,-0.5,3.5,48.02,36.89,56.52,2.77,2.31,0.57,PUSH,PUSH,match,,,LOSS,LOSS,WIN,match-prob-conv,1,0,0,1,UNDER,UNDER,match,0,0,,,,both-null,0.3249,0.3249,match,1784992359459
2250168,2026-04-08,HOU@COL 2026-04-08,824374,1,7,8,1-7,-0.5,6.5,46.13,39.98,53.49,3.19,2.9,0.45,WIN,WIN,match,1,1,LOSS,LOSS,WIN,match-prob-conv,1,0,0,1,OVER,OVER,match,0,0,0.212798,0.212798,0.36024,match-away-base,0.3025,0.3025,match,1784992359459
2250169,2026-04-08,PHI@SF 2026-04-08,823234,0,0,0,0-0,-0.5,4.5,41.25,41.96,49.5,2.05,2.08,0.38,PUSH,PUSH,match,,,WIN,WIN,WIN,match-both-conv,0,1,1,1,UNDER,UNDER,match,1,1,,,,both-null,0.1444,0.1444,match,1784992359459
2250170,2026-04-08,STL@WSH 2026-04-08,822753,3,1,4,3-1,-0.5,4.5,43.36,41.71,50.98,2.66,2.59,0.53,LOSS,LOSS,match,0,0,WIN,WIN,LOSS,match-prob-conv,1,1,1,0,UNDER,UNDER,match,0,0,0.320809,0.320809,0.173972,match-away-base,0.2809,0.2809,match,1784992359459
2250171,2026-04-08,ATL@LAA 2026-04-08,824050,7,2,9,7-2,-0.5,4.5,43.84,40.98,51.69,2.56,2.43,0.5,LOSS,LOSS,match,0,0,WIN,WIN,LOSS,match-prob-conv,1,1,1,0,OVER,OVER,match,0,0,0.315395,0.315395,0.167936,match-away-base,0.25,0.25,match,1784992359459
2250172,2026-04-08,CHC@TB 2026-04-08,823000,6,1,7,6-1,0.5,4.5,45.14,39.53,53.27,2.57,2.35,0.49,LOSS,LOSS,match,0,0,WIN,WIN,WIN,match-both-conv,0,1,1,1,OVER,OVER,match,0,0,0.300962,0.300962,0.156262,match-away-base,0.2601,0.2601,match,1784992359459
2250173,2026-04-08,CIN@MIA 2026-04-08,823885,4,6,10,4-6,0.5,4.5,39.66,44.07,47.39,2.1,2.27,0.42,WIN,WIN,match,1,1,WIN,WIN,LOSS,match-prob-conv,1,1,1,0,OVER,OVER,match,0,0,0.157292,0.157292,0.312816,match-away-base,0.3364,0.3364,match,1784992359459
2250174,2026-04-08,ATH@NYY 2026-04-08,823564,2,2,4,2-2,0.5,4.5,41.34,43.66,48.54,2.54,2.64,0.52,PUSH,PUSH,match,,,LOSS,LOSS,WIN,match-prob-conv,1,0,0,1,UNDER,UNDER,match,0,0,,,,both-null,0.2704,0.2704,match,1784992359459
2250175,2026-04-08,DET@MIN 2026-04-08,823726,0,7,7,0-7,-0.5,4.5,43.03,42.04,50.5,2.62,2.58,0.52,WIN,WIN,match,1,1,LOSS,LOSS,WIN,match-prob-conv,1,0,0,1,OVER,OVER,match,1,1,0.185158,0.185158,0.335936,match-away-base,0.2304,0.2304,match,1784992359459
2252454,2026-04-08,ARI@NYM 2026-04-08,823646,5,0,5,5-0,0.5,4.5,47.56,37.4,55.95,2.79,2.35,0.58,LOSS,LOSS,match,0,0,WIN,WIN,WIN,match-both-conv,0,1,1,1,OVER,OVER,match,1,1,0.274995,0.274995,0.139876,match-away-base,0.1764,0.1764,match,1784992359459
2250176,2026-04-09,CIN@MIA 2026-04-09,823884,1,4,5,1-4,0.5,4.5,44.53,40.06,52.61,2.54,2.36,0.48,WIN,WIN,match,1,1,LOSS,LOSS,LOSS,match-both-conv,0,0,0,0,OVER,OVER,match,0,0,0.198292,0.198292,0.35928,match-away-base,0.2704,0.2704,match,1784992359459
2250177,2026-04-09,ATH@NYY 2026-04-09,823565,0,0,0,0-0,0.5,4.5,40.84,44.34,47.85,2.58,2.73,0.53,PUSH,PUSH,match,,,LOSS,LOSS,WIN,match-prob-conv,1,0,0,1,UNDER,UNDER,match,0,0,,,,both-null,0.2809,0.2809,match,1784992359459
2250178,2026-04-09,DET@MIN 2026-04-09,823724,0,1,1,0-1,-0.5,4.5,47.77,37.57,55.95,2.93,2.49,0.55,WIN,WIN,match,1,1,LOSS,LOSS,WIN,match-prob-conv,1,0,0,1,UNDER,UNDER,match,0,0,0.228197,0.228197,0.38975,match-away-base,0.3025,0.3025,match,1784992359459
2250179,2026-04-09,CWS@KC 2026-04-09,824130,1,0,1,1-0,0.5,4.5,42.32,41.84,50.25,2.32,2.31,0.33,LOSS,LOSS,match,0,0,WIN,WIN,WIN,match-both-conv,0,1,1,1,UNDER,UNDER,match,1,1,0.332698,0.332698,0.175059,match-away-base,0.1089,0.1089,match,1784992359459
2250180,2026-04-09,COL@SD 2026-04-09,823319,1,1,2,1-1,0.5,4.5,33.35,51.08,39.53,1.99,2.7,0.53,PUSH,PUSH,match,,,LOSS,LOSS,LOSS,match-both-conv,0,0,0,0,UNDER,UNDER,match,0,0,,,,both-null,0.2809,0.2809,match,1784992359459
2252459,2026-04-09,ARI@NYM 2026-04-09,823645,0,1,1,0-1,0.5,3.5,38.28,46.25,45.25,2.25,2.58,0.61,WIN,WIN,match,1,1,WIN,WIN,LOSS,match-prob-conv,1,1,1,0,UNDER,UNDER,match,0,0,0.146536,0.146536,0.288906,match-away-base,0.3721,0.3721,match,1784992359459
2250181,2026-04-10,PIT@CHC 2026-04-10,824695,0,0,0,0-0,0.5,3.5,38.44,45.05,46.08,2.02,2.26,0.54,PUSH,PUSH,match,,,LOSS,LOSS,WIN,match-prob-conv,1,0,0,1,UNDER,UNDER,match,0,0,,,,both-null,0.2916,0.2916,match,1784992359459
2250182,2026-04-10,MIA@DET 2026-04-10,824297,0,2,2,0-2,0.5,4.5,42.64,42.23,50.25,2.53,2.51,0.5,WIN,WIN,match,1,1,LOSS,LOSS,LOSS,match-both-conv,0,0,0,0,UNDER,UNDER,match,1,1,0.181817,0.181817,0.333737,match-away-base,0.25,0.25,match,1784992359459
2250183,2026-04-10,LAA@CIN 2026-04-10,824534,4,1,5,4-1,0.5,4.5,32.41,53.03,37.88,2.22,3.13,0.54,LOSS,LOSS,match,0,0,LOSS,LOSS,LOSS,match-both-conv,0,0,0,0,OVER,OVER,match,1,1,0.456841,0.456841,0.281218,match-away-base,0.2116,0.2116,match,1784992359459
2250184,2026-04-10,MIN@TOR 2026-04-10,822829,4,6,10,4-6,0.5,4.5,43.7,41.19,51.46,2.61,2.5,0.45,WIN,WIN,match,1,1,LOSS,LOSS,LOSS,match-both-conv,0,0,0,0,OVER,OVER,match,0,0,0.190969,0.190969,0.345862,match-away-base,0.3025,0.3025,match,1784992359459
2250185,2026-04-10,ATH@NYM 2026-04-10,823643,1,0,1,1-0,0.5,4.5,38.25,46.66,45.05,2.36,2.72,0.51,LOSS,LOSS,match,0,0,LOSS,LOSS,WIN,match-prob-conv,1,0,0,1,UNDER,UNDER,match,0,0,0.381306,0.381306,0.217716,match-away-base,0.2601,0.2601,match,1784992359459
2250186,2026-04-10,NYY@TB 2026-04-10,822997,2,3,5,2-3,-0.5,4.5,43.98,40,52.38,2.37,2.21,0.44,WIN,WIN,match,1,1,LOSS,LOSS,WIN,match-prob-conv,1,0,0,1,OVER,OVER,match,0,0,0.193424,0.193424,0.36,match-away-base,0.3136,0.3136,match,1784992359459
2250187,2026-04-10,SF@BAL 2026-04-10,824858,3,1,4,3-1,0.5,4.5,39.98,44.94,47.17,2.44,2.65,0.51,LOSS,LOSS,match,0,0,LOSS,LOSS,WIN,match-prob-conv,1,0,0,1,UNDER,UNDER,match,0,0,0.36024,0.36024,0.20196,match-away-base,0.2601,0.2601,match,1784992359459
2250188,2026-04-10,CLE@ATL 2026-04-10,824941,2,1,3,2-1,0.5,4.5,41.37,42.54,49.26,2.21,2.27,0.43,LOSS,LOSS,match,0,0,LOSS,LOSS,WIN,match-prob-conv,1,0,0,1,UNDER,UNDER,match,1,1,0.343748,0.343748,0.180965,match-away-base,0.1849,0.1849,match,1784992359459
2250189,2026-04-10,CWS@KC 2026-04-10,824128,0,1,1,0-1,0.5,4.5,39,44.22,46.95,1.96,2.15,0.45,WIN,WIN,match,1,1,WIN,WIN,LOSS,match-prob-conv,1,1,1,0,UNDER,UNDER,match,1,1,0.1521,0.1521,0.311141,match-away-base,0.2025,0.2025,match,1784992359459
2250190,2026-04-10,WSH@MIL 2026-04-10,823808,2,3,5,2-3,0.5,4.5,31.86,53.53,37.31,2.18,3.13,0.53,WIN,WIN,match,1,1,WIN,WIN,WIN,match-both-conv,0,1,1,1,OVER,OVER,match,1,1,0.101506,0.101506,0.215946,match-away-base,0.2209,0.2209,match,1784992359459
2250191,2026-04-10,BOS@STL 2026-04-10,823076,2,3,5,2-3,-0.5,3.5,48.85,35.88,57.63,2.72,2.19,0.55,WIN,WIN,match,1,1,LOSS,LOSS,LOSS,match-both-conv,0,0,0,0,OVER,OVER,match,1,1,0.238632,0.238632,0.411137,match-away-base,0.2025,0.2025,match,1784992359459
2250192,2026-04-10,COL@SD 2026-04-10,823318,0,2,2,0-2,0.5,4.5,35.89,48.5,42.55,2.09,2.59,0.46,WIN,WIN,match,1,1,WIN,WIN,,match-prob-conv,0,1,1,,UNDER,UNDER,match,1,1,0.128809,0.128809,0.265225,match-away-base,0.2116,0.2116,match,1784992359459
2250193,2026-04-10,HOU@SEA 2026-04-10,823156,3,5,8,3-5,0.5,6.5,39.47,44.61,46.95,2.2,2.4,0.45,WIN,WIN,match,1,1,WIN,WIN,LOSS,match-prob-conv,1,1,1,0,OVER,OVER,match,0,0,0.155788,0.155788,0.306805,match-away-base,0.3025,0.3025,match,1784992359459
2250194,2026-04-10,TEX@LAD 2026-04-10,823968,4,3,7,4-3,-1.5,4.5,32.68,51.36,38.91,1.88,2.61,0.43,LOSS,LOSS,match,0,0,WIN,WIN,WIN,match-both-conv,0,1,1,1,OVER,OVER,match,0,0,0.453198,0.453198,0.263785,match-away-base,0.3249,0.3249,match,1784992359459
2252463,2026-04-10,ARI@PHI 2026-04-10,823482,5,4,9,5-4,0.5,4.5,39.93,44.91,47.17,2.43,2.64,0.5,LOSS,LOSS,match,0,0,LOSS,LOSS,WIN,match-prob-conv,1,0,0,1,OVER,OVER,match,0,0,0.36084,0.36084,0.201691,match-away-base,0.25,0.25,match,1784992359459
2250195,2026-04-11,MIA@DET 2026-04-11,824294,1,5,6,1-5,0.5,3.5,43.7,40.46,51.92,2.37,2.25,0.52,WIN,WIN,match,1,1,LOSS,LOSS,LOSS,match-both-conv,0,0,0,0,OVER,OVER,match,1,1,0.190969,0.190969,0.354501,match-away-base,0.2304,0.2304,match,1784992359459
2250196,2026-04-11,PIT@CHC 2026-04-11,824697,3,1,4,3-1,0.5,3.5,41.09,42.48,49.26,2.13,2.18,0.54,LOSS,LOSS,match,0,0,LOSS,LOSS,WIN,match-prob-conv,1,0,0,1,OVER,OVER,match,1,1,0.347039,0.347039,0.180455,match-away-base,0.2116,0.2116,match,1784992359459
2250197,2026-04-11,MIN@TOR 2026-04-11,822830,7,2,9,7-2,-4.5,4.5,42.04,43.04,49.5,2.6,2.64,0.53,LOSS,LOSS,match,0,0,LOSS,LOSS,LOSS,match-both-conv,0,0,0,0,OVER,OVER,match,1,1,0.335936,0.335936,0.185244,match-away-base,0.2209,0.2209,match,1784992359459
2250198,2026-04-11,LAA@CIN 2026-04-11,824535,3,5,8,3-5,5.5,4.5,39.2,45.17,46.51,2.26,2.51,0.41,WIN,WIN,match,1,1,LOSS,LOSS,WIN,match-prob-conv,1,0,0,1,OVER,OVER,match,0,0,0.153664,0.153664,0.300633,match-away-base,0.3481,0.3481,match,1784992359459
2250199,2026-04-11,ATH@NYM 2026-04-11,823644,7,3,10,7-3,-2.5,7.5,43.54,41.01,51.46,2.46,2.36,0.54,LOSS,LOSS,match,0,0,WIN,WIN,LOSS,match-prob-conv,1,1,1,0,OVER,OVER,match,1,1,0.318773,0.318773,0.168182,match-away-base,0.2116,0.2116,match,1784992359459
2250200,2026-04-11,CWS@KC 2026-04-11,824129,0,1,1,0-1,1.5,4.5,37.93,46,45.25,2.07,2.39,0.37,WIN,WIN,match,1,1,LOSS,LOSS,WIN,match-prob-conv,1,0,0,1,UNDER,UNDER,match,1,1,0.143868,0.143868,0.2916,match-away-base,0.1369,0.1369,match,1784992359459
2250201,2026-04-11,NYY@TB 2026-04-11,822996,1,1,2,1-1,-0.5,4.5,50.14,34.09,59.51,2.61,1.98,0.44,PUSH,PUSH,match,,,LOSS,LOSS,LOSS,match-both-conv,0,0,0,0,UNDER,UNDER,match,1,1,,,,both-null,0.1936,0.1936,match,1784992359459
2250202,2026-04-11,WSH@MIL 2026-04-11,823805,2,0,2,2-0,0.5,4.5,38.11,46.95,44.84,2.42,2.8,0.52,LOSS,LOSS,match,0,0,LOSS,LOSS,WIN,match-prob-conv,1,0,0,1,UNDER,UNDER,match,0,0,0.383037,0.383037,0.22043,match-away-base,0.2704,0.2704,match,1784992359459
2250203,2026-04-11,SF@BAL 2026-04-11,824857,2,4,6,2-4,-0.5,3.5,42.33,42.15,50,2.41,2.4,0.54,WIN,WIN,match,1,1,WIN,WIN,WIN,match-both-conv,0,1,1,1,OVER,OVER,match,1,1,0.179183,0.179183,0.334662,match-away-base,0.2116,0.2116,match,1784992359459
2250204,2026-04-11,BOS@STL 2026-04-11,823074,2,0,2,2-0,-0.5,4.5,40.59,43.77,48.08,2.3,2.43,0.46,LOSS,LOSS,match,0,0,LOSS,LOSS,LOSS,match-both-conv,0,0,0,0,UNDER,UNDER,match,1,1,0.352955,0.352955,0.191581,match-away-base,0.2116,0.2116,match,1784992359459
2250205,2026-04-11,CLE@ATL 2026-04-11,824939,1,0,1,1-0,0.5,4.5,35.32,48.46,42.19,1.94,2.44,0.42,LOSS,LOSS,match,0,0,LOSS,LOSS,,match-prob-conv,0,0,0,,UNDER,UNDER,match,1,1,0.41835,0.41835,0.234837,match-away-base,0.1764,0.1764,match,1784992359459
2250206,2026-04-11,COL@SD 2026-04-11,823316,4,6,10,4-6,0.5,4.5,42.2,42.39,50,2.44,2.45,0.48,WIN,WIN,match,1,1,WIN,WIN,LOSS,match-prob-conv,1,1,1,0,OVER,OVER,match,0,0,0.178084,0.178084,0.331891,match-away-base,0.2704,0.2704,match,1784992359459
2250207,2026-04-11,TEX@LAD 2026-04-11,823967,1,5,6,1-5,0.5,4.5,33.79,49.32,40.65,1.74,2.3,0.37,WIN,WIN,match,1,1,WIN,WIN,WIN,match-both-conv,0,1,1,1,OVER,OVER,match,0,0,0.114176,0.114176,0.256846,match-away-base,0.3969,0.3969,match,1784992359459
2250208,2026-04-11,HOU@SEA 2026-04-11,823155,7,7,14,7-7,0.5,4.5,30.53,54.32,35.97,1.94,2.93,0.55,PUSH,PUSH,match,,,LOSS,LOSS,LOSS,match-both-conv,0,0,0,0,OVER,OVER,match,1,1,,,,both-null,0.2025,0.2025,match,1784992359459
2252477,2026-04-11,ARI@PHI 2026-04-11,823480,2,4,6,2-4,0.5,4.5,45.01,40.93,52.38,3.06,2.87,0.55,WIN,WIN,match,1,1,LOSS,LOSS,LOSS,match-both-conv,0,0,0,0,OVER,OVER,match,1,1,0.20259,0.20259,0.348926,match-away-base,0.2025,0.2025,match,1784992359459
2250209,2026-04-12,SF@BAL 2026-04-12,824859,1,4,5,1-4,0.5,4.5,42.95,41.62,50.74,2.47,2.4,0.48,WIN,WIN,match,1,1,LOSS,LOSS,LOSS,match-both-conv,0,0,0,0,OVER,OVER,match,0,0,0.18447,0.18447,0.340822,match-away-base,0.2704,0.2704,match,1784992359459
2250210,2026-04-12,MIN@TOR 2026-04-12,822828,8,1,9,8-1,-0.5,4.5,45.23,40.47,52.83,2.97,2.76,0.64,LOSS,LOSS,match,0,0,WIN,WIN,LOSS,match-prob-conv,1,1,1,0,OVER,OVER,match,1,1,0.299975,0.299975,0.163782,match-away-base,0.1296,0.1296,match,1784992359459
2250211,2026-04-12,LAA@CIN 2026-04-12,824533,7,0,7,7-0,-0.5,4.5,39.47,44.56,46.95,2.19,2.39,0.44,LOSS,LOSS,match,0,0,LOSS,LOSS,LOSS,match-both-conv,0,0,0,0,OVER,OVER,match,0,0,0.366388,0.366388,0.198559,match-away-base,0.3136,0.3136,match,1784992359459
2250212,2026-04-12,ATH@NYM 2026-04-12,823642,1,0,1,1-0,0.5,3.5,36.55,48.08,43.1,2.2,2.67,0.55,LOSS,LOSS,match,0,0,LOSS,LOSS,WIN,match-prob-conv,1,0,0,1,UNDER,UNDER,match,0,0,0.40259,0.40259,0.231169,match-away-base,0.3025,0.3025,match,1784992359459
2250213,2026-04-12,MIA@DET 2026-04-12,824293,0,4,4,0-4,0.5,3.5,37.29,46.01,44.84,1.91,2.23,0.52,WIN,WIN,match,1,1,WIN,WIN,LOSS,match-prob-conv,1,1,1,0,OVER,OVER,match,1,1,0.139054,0.139054,0.291492,match-away-base,0.2304,0.2304,match,1784992359459
2250214,2026-04-12,NYY@TB 2026-04-12,822998,0,3,3,0-3,-0.5,3.5,45.62,38.67,54.13,2.47,2.19,0.52,WIN,WIN,match,1,1,LOSS,LOSS,WIN,match-prob-conv,1,0,0,1,UNDER,UNDER,match,0,0,0.208118,0.208118,0.376137,match-away-base,0.2704,0.2704,match,1784992359459
2250215,2026-04-12,CWS@KC 2026-04-12,824126,4,5,9,4-5,0.5,4.5,38.48,44.57,46.3,1.92,2.14,0.26,WIN,WIN,match,1,1,WIN,WIN,LOSS,match-prob-conv,1,1,1,0,OVER,OVER,match,0,0,0.148071,0.148071,0.307248,match-away-base,0.5476,0.5476,match,1784992359459
2250216,2026-04-12,WSH@MIL 2026-04-12,823804,2,3,5,2-3,0.5,4.5,37.08,47.65,43.75,2.24,2.68,0.49,WIN,WIN,match,1,1,WIN,WIN,LOSS,match-prob-conv,1,1,1,0,OVER,OVER,match,0,0,0.137493,0.137493,0.274052,match-away-base,0.2601,0.2601,match,1784992359459
2250217,2026-04-12,BOS@STL 2026-04-12,823075,7,1,8,7-1,-0.5,4.5,45.76,38.99,53.92,2.62,2.34,0.43,LOSS,LOSS,match,0,0,WIN,WIN,LOSS,match-prob-conv,1,1,1,0,OVER,OVER,match,0,0,0.294198,0.294198,0.152022,match-away-base,0.3249,0.3249,match,1784992359459
2250218,2026-04-12,PIT@CHC 2026-04-12,824696,6,3,9,6-3,0.5,6.5,39.91,42.83,48.31,1.92,2.02,0.17,LOSS,LOSS,match,0,0,LOSS,LOSS,WIN,match-prob-conv,1,0,0,1,OVER,OVER,match,0,0,0.361081,0.361081,0.183441,match-away-base,0.6889,0.6889,match,1784992359459
2250219,2026-04-12,COL@SD 2026-04-12,823317,2,4,6,2-4,0.5,4.5,36.01,47.1,43.29,1.83,2.24,0.44,WIN,WIN,match,1,1,WIN,WIN,LOSS,match-prob-conv,1,1,1,0,OVER,OVER,match,0,0,0.129672,0.129672,0.279841,match-away-base,0.3136,0.3136,match,1784992359459
2250220,2026-04-12,HOU@SEA 2026-04-12,823154,1,4,5,1-4,0.5,4.5,37.27,46.26,44.64,1.97,2.31,0.47,WIN,WIN,match,1,1,WIN,WIN,LOSS,match-prob-conv,1,1,1,0,OVER,OVER,match,0,0,0.138905,0.138905,0.288799,match-away-base,0.2809,0.2809,match,1784992359459
2250221,2026-04-12,TEX@LAD 2026-04-12,823966,2,1,3,2-1,-0.5,4.5,43.37,40.14,51.92,2.21,2.09,0.41,LOSS,LOSS,match,0,0,WIN,WIN,LOSS,match-prob-conv,1,1,1,0,UNDER,UNDER,match,1,1,0.320696,0.320696,0.161122,match-away-base,0.1681,0.1681,match,1784992359459
2250222,2026-04-12,CLE@ATL 2026-04-12,824938,0,9,9,0-9,0.5,3.5,36.94,46.21,44.44,1.88,2.21,0.45,WIN,WIN,match,1,1,WIN,WIN,LOSS,match-prob-conv,1,1,1,0,OVER,OVER,match,0,0,0.136456,0.136456,0.289336,match-away-base,0.3025,0.3025,match,1784992359459
2252493,2026-04-12,ARI@PHI 2026-04-12,823479,1,0,1,1-0,0.5,4.5,41.63,43.72,48.78,2.65,2.75,0.54,LOSS,LOSS,match,0,0,LOSS,LOSS,WIN,match-prob-conv,1,0,0,1,UNDER,UNDER,match,0,0,0.340706,0.340706,0.191144,match-away-base,0.2916,0.2916,match,1784992359459
2250223,2026-04-13,HOU@SEA 2026-04-13,823153,2,6,8,2-6,0.5,4.5,40.27,43.44,48.08,2.14,2.26,0.42,WIN,WIN,match,1,1,WIN,WIN,LOSS,match-prob-conv,1,1,1,0,OVER,OVER,match,0,0,0.162167,0.162167,0.319903,match-away-base,0.3364,0.3364,match,1784992359459
2250224,2026-04-13,WSH@PIT 2026-04-13,823400,1,5,6,1-5,1.5,3.5,35.54,47.74,42.74,1.85,2.3,0.46,WIN,WIN,match,1,1,WIN,WIN,LOSS,match-prob-conv,1,1,1,0,OVER,OVER,match,0,0,0.126309,0.126309,0.273111,match-away-base,0.2916,0.2916,match,1784992359459
2250225,2026-04-13,CHC@PHI 2026-04-13,823481,2,9,11,2-9,0.5,4.5,38.43,46.28,45.45,2.31,2.64,0.49,WIN,WIN,match,1,1,WIN,WIN,LOSS,match-prob-conv,1,1,1,0,OVER,OVER,match,0,0,0.147686,0.147686,0.288584,match-away-base,0.2601,0.2601,match,1784992359459
2250226,2026-04-13,LAA@NYY 2026-04-13,823563,4,7,11,4-7,0.5,4.5,37.35,47.8,43.86,2.41,2.86,0.41,WIN,WIN,match,1,1,WIN,WIN,LOSS,match-prob-conv,1,1,1,0,OVER,OVER,match,0,0,0.139502,0.139502,0.272484,match-away-base,0.3481,0.3481,match,1784992359459
2250227,2026-04-13,MIA@ATL 2026-04-13,824937,6,4,10,6-4,0.5,3.5,44.96,38.82,53.7,2.33,2.09,0.42,LOSS,LOSS,match,0,0,WIN,WIN,WIN,match-both-conv,0,1,1,1,OVER,OVER,match,0,0,0.30294,0.30294,0.150699,match-away-base,0.3364,0.3364,match,1784992359459
2250228,2026-04-13,BOS@MIN 2026-04-13,823725,3,13,16,3-13,-0.5,3.5,46.96,37.8,55.36,2.68,2.3,0.56,WIN,WIN,match,1,1,LOSS,LOSS,WIN,match-prob-conv,1,0,0,1,OVER,OVER,match,1,1,0.220524,0.220524,0.386884,match-away-base,0.1936,0.1936,match,1784992359459
2250229,2026-04-13,CLE@STL 2026-04-13,823073,4,1,5,4-1,-0.5,4.5,43.85,40.22,52.15,2.35,2.22,0.44,LOSS,LOSS,match,0,0,WIN,WIN,LOSS,match-prob-conv,1,1,1,0,OVER,OVER,match,0,0,0.315282,0.315282,0.161765,match-away-base,0.3136,0.3136,match,1784992359459
2250230,2026-04-13,TEX@ATH 2026-04-13,825024,4,0,4,4-0,-0.5,4.5,46.58,37.88,55.16,2.58,2.23,0.47,LOSS,LOSS,match,0,0,WIN,WIN,LOSS,match-prob-conv,1,1,1,0,UNDER,UNDER,match,1,1,0.28537,0.28537,0.143489,match-away-base,0.2209,0.2209,match,1784992359459
2250231,2026-04-13,NYM@LAD 2026-04-13,823964,0,4,4,0-4,0.5,4.5,36.16,48.42,42.74,2.17,2.68,0.48,WIN,WIN,match,1,1,WIN,WIN,WIN,match-both-conv,0,1,1,1,UNDER,UNDER,match,1,1,0.130755,0.130755,0.26605,match-away-base,0.2304,0.2304,match,1784992359459
2252508,2026-04-13,ARI@BAL 2026-04-13,824856,4,1,5,4-1,0.5,4.5,45.76,38.77,54.13,2.54,2.27,0.41,LOSS,LOSS,match,0,0,WIN,WIN,WIN,match-both-conv,0,1,1,1,OVER,OVER,match,0,0,0.294198,0.294198,0.150311,match-away-base,0.3481,0.3481,match,1784992359459
2250232,2026-04-14,KC@DET 2026-04-14,824292,1,0,1,1-0,0.5,3.5,40.37,43.78,48.08,2.24,2.38,0.45,LOSS,LOSS,match,0,0,LOSS,LOSS,WIN,match-prob-conv,1,0,0,1,UNDER,UNDER,match,1,1,0.355574,0.355574,0.191669,match-away-base,0.2025,0.2025,match,1784992359459
2250233,2026-04-14,WSH@PIT 2026-04-14,823398,5,4,9,5-4,0.5,5.5,39.94,43.76,47.62,2.13,2.27,0.3,LOSS,LOSS,match,0,0,LOSS,LOSS,WIN,match-prob-conv,1,0,0,1,OVER,OVER,match,0,0,0.36072,0.36072,0.191494,match-away-base,0.49,0.49,match,1784992359459
2250234,2026-04-14,SF@CIN 2026-04-14,824531,1,2,3,1-2,-0.5,5.5,41.8,42,50,2.23,2.23,0.37,WIN,WIN,match,1,1,WIN,WIN,WIN,match-both-conv,0,1,1,1,UNDER,UNDER,match,1,1,0.174724,0.174724,0.3364,match-away-base,0.1369,0.1369,match,1784992359459
2250235,2026-04-14,CHC@PHI 2026-04-14,823478,3,3,6,3-3,0.5,5.5,43.16,42.27,50.5,2.78,2.73,0.44,PUSH,PUSH,match,,,WIN,WIN,WIN,match-both-conv,0,1,1,1,OVER,OVER,match,0,0,,,,both-null,0.3136,0.3136,match,1784992359459
2250236,2026-04-14,LAA@NYY 2026-04-14,823562,4,0,4,4-0,0.5,5.5,39.35,45.82,46.3,2.48,2.76,0.41,LOSS,LOSS,match,0,0,LOSS,LOSS,WIN,match-prob-conv,1,0,0,1,UNDER,UNDER,match,1,1,0.367842,0.367842,0.209947,match-away-base,0.1681,0.1681,match,1784992359459
2250237,2026-04-14,MIA@ATL 2026-04-14,824935,4,3,7,4-3,0.5,4.5,39.13,45.3,46.3,2.26,2.51,0.47,LOSS,LOSS,match,0,0,LOSS,LOSS,WIN,match-prob-conv,1,0,0,1,OVER,OVER,match,0,0,0.370516,0.370516,0.205209,match-away-base,0.2809,0.2809,match,1784992359459
2250238,2026-04-14,BOS@MIN 2026-04-14,823723,0,5,5,0-5,-0.5,4.5,46.29,39.33,54.13,2.97,2.66,0.57,WIN,WIN,match,1,1,LOSS,LOSS,WIN,match-prob-conv,1,0,0,1,OVER,OVER,match,1,1,0.214276,0.214276,0.368085,match-away-base,0.1849,0.1849,match,1784992359459
2250239,2026-04-14,TB@CWS 2026-04-14,824616,4,3,7,4-3,-0.5,3.5,44.71,38.87,53.49,2.29,2.06,0.41,LOSS,LOSS,match,0,0,WIN,WIN,LOSS,match-prob-conv,1,1,1,0,OVER,OVER,match,0,0,0.305698,0.305698,0.151088,match-away-base,0.3481,0.3481,match,1784992359459
2250240,2026-04-14,TOR@MIL 2026-04-14,823802,1,3,4,1-3,0.5,3.5,44.31,40.36,52.38,2.56,2.4,0.56,WIN,WIN,match,1,1,LOSS,LOSS,LOSS,match-both-conv,0,0,0,0,OVER,OVER,match,1,1,0.196338,0.196338,0.355693,match-away-base,0.1936,0.1936,match,1784992359459
2250241,2026-04-14,CLE@STL 2026-04-14,823072,2,2,4,2-2,-0.5,4.5,45.17,38.88,53.7,2.41,2.16,0.38,PUSH,PUSH,match,,,LOSS,LOSS,WIN,match-prob-conv,1,0,0,1,UNDER,UNDER,match,1,1,,,,both-null,0.1444,0.1444,match,1784992359459
2250242,2026-04-14,COL@HOU 2026-04-14,824210,5,7,12,5-7,0.5,4.5,42.1,42.33,49.75,2.39,2.4,0.47,WIN,WIN,match,1,1,WIN,WIN,LOSS,match-prob-conv,1,1,1,0,OVER,OVER,match,0,0,0.177241,0.177241,0.332583,match-away-base,0.2809,0.2809,match,1784992359459
2250243,2026-04-14,SEA@SD 2026-04-14,823315,1,3,4,1-3,-0.5,3.5,47.53,35.75,57.08,2.28,1.85,0.45,WIN,WIN,match,1,1,LOSS,LOSS,WIN,match-prob-conv,1,0,0,1,OVER,OVER,match,0,0,0.22591,0.22591,0.412806,match-away-base,0.3025,0.3025,match,1784992359459
2250244,2026-04-14,TEX@ATH 2026-04-14,825022,1,2,3,1-2,-0.5,4.5,39.72,45.45,46.73,2.52,2.77,0.47,WIN,WIN,match,1,1,WIN,WIN,WIN,match-both-conv,0,1,1,1,UNDER,UNDER,match,1,1,0.157768,0.157768,0.29757,match-away-base,0.2209,0.2209,match,1784992359459
2250245,2026-04-14,NYM@LAD 2026-04-14,823965,1,1,2,1-1,0.5,3.5,37.78,45.21,45.45,1.87,2.13,0.43,PUSH,PUSH,match,,,LOSS,LOSS,WIN,match-prob-conv,1,0,0,1,UNDER,UNDER,match,1,1,,,,both-null,0.1849,0.1849,match,1784992359459
2252517,2026-04-14,ARI@BAL 2026-04-14,824853,4,2,6,4-2,0.5,4.5,38.07,46.06,45.25,2.14,2.46,0.39,LOSS,LOSS,match,0,0,LOSS,LOSS,WIN,match-prob-conv,1,0,0,1,OVER,OVER,match,0,0,0.383532,0.383532,0.212152,match-away-base,0.3721,0.3721,match,1784992359459
2250246,2026-04-15,CLE@STL 2026-04-15,823071,1,1,2,1-1,0.5,4.5,45.94,38.45,54.34,2.53,2.22,0.41,PUSH,PUSH,match,,,WIN,WIN,WIN,match-both-conv,0,1,1,1,UNDER,UNDER,match,1,1,,,,both-null,0.1681,0.1681,match,1784992359459
2250247,2026-04-15,BOS@MIN 2026-04-15,823722,7,1,8,7-1,-0.5,4.5,43.51,41.07,51.46,2.49,2.4,0.48,LOSS,LOSS,match,0,0,WIN,WIN,LOSS,match-prob-conv,1,1,1,0,OVER,OVER,match,0,0,0.319112,0.319112,0.168674,match-away-base,0.2704,0.2704,match,1784992359459
2250248,2026-04-15,KC@DET 2026-04-15,824291,1,1,2,1-1,1.5,4.5,37.49,47.31,44.25,2.28,2.69,0.49,PUSH,PUSH,match,,,LOSS,LOSS,WIN,match-prob-conv,1,0,0,1,UNDER,UNDER,match,1,1,,,,both-null,0.2401,0.2401,match,1784992359459
2250249,2026-04-15,WSH@PIT 2026-04-15,823399,0,2,2,0-2,0.5,3.5,37.49,46.37,44.64,2.04,2.38,0.31,WIN,WIN,match,1,1,WIN,WIN,LOSS,match-prob-conv,1,1,1,0,UNDER,UNDER,match,1,1,0.14055,0.14055,0.287618,match-away-base,0.0961,0.0961,match,1784992359459
2250250,2026-04-15,SF@CIN 2026-04-15,824532,2,8,10,2-8,5.5,10.5,43.72,40.21,52.15,2.32,2.19,0.38,WIN,WIN,match,1,1,LOSS,LOSS,LOSS,match-both-conv,0,0,0,0,UNDER,UNDER,match,1,1,0.191144,0.191144,0.357484,match-away-base,0.1444,0.1444,match,1784992359459
2250251,2026-04-15,CHC@PHI 2026-04-15,823477,5,1,6,5-1,0.5,4.5,38.51,46.53,45.25,2.43,2.77,0.46,LOSS,LOSS,match,0,0,LOSS,LOSS,WIN,match-prob-conv,1,0,0,1,OVER,OVER,match,0,0,0.378102,0.378102,0.216504,match-away-base,0.2916,0.2916,match,1784992359459
2250252,2026-04-15,LAA@NYY 2026-04-15,823561,4,3,7,4-3,2.5,6.5,28.34,58.1,32.79,2.29,3.73,0.44,LOSS,LOSS,match,0,0,LOSS,LOSS,WIN,match-prob-conv,1,0,0,1,OVER,OVER,match,0,0,0.513516,0.513516,0.337561,match-away-base,0.3136,0.3136,match,1784992359459
2250253,2026-04-15,MIA@ATL 2026-04-15,824936,0,2,2,0-2,0.5,4.5,40.01,44.41,47.39,2.3,2.48,0.41,WIN,WIN,match,1,1,WIN,WIN,LOSS,match-prob-conv,1,1,1,0,UNDER,UNDER,match,1,1,0.16008,0.16008,0.309025,match-away-base,0.1681,0.1681,match,1784992359459
2250254,2026-04-15,TB@CWS 2026-04-15,824615,3,0,3,3-0,0.5,4.5,47.47,36.65,56.52,2.51,2.08,0.44,LOSS,LOSS,match,0,0,WIN,WIN,WIN,match-both-conv,0,1,1,1,UNDER,UNDER,match,1,1,0.27594,0.27594,0.134322,match-away-base,0.1936,0.1936,match,1784992359459
2250255,2026-04-15,TOR@MIL 2026-04-15,823803,1,0,1,1-0,-0.5,4.5,41.9,43.2,49.26,2.59,2.66,0.59,LOSS,LOSS,match,0,0,LOSS,LOSS,LOSS,match-both-conv,0,0,0,0,UNDER,UNDER,match,0,0,0.337561,0.337561,0.186624,match-away-base,0.3481,0.3481,match,1784992359459
2250256,2026-04-15,COL@HOU 2026-04-15,824209,1,3,4,1-3,0.5,4.5,42.25,42.17,50,2.39,2.39,0.47,WIN,WIN,match,1,1,WIN,WIN,LOSS,match-prob-conv,1,1,1,0,UNDER,UNDER,match,1,1,0.178506,0.178506,0.334431,match-away-base,0.2209,0.2209,match,1784992359459
2250257,2026-04-15,SEA@SD 2026-04-15,823314,6,0,6,6-0,0.5,4.5,40.83,42.87,48.78,2.14,2.22,0.42,LOSS,LOSS,match,0,0,LOSS,LOSS,WIN,match-prob-conv,1,0,0,1,OVER,OVER,match,0,0,0.350109,0.350109,0.183784,match-away-base,0.3364,0.3364,match,1784992359459
2250258,2026-04-15,TEX@ATH 2026-04-15,825021,2,2,4,2-2,0.5,5.5,40.44,45.24,47.17,2.74,2.95,0.46,PUSH,PUSH,match,,,LOSS,LOSS,WIN,match-prob-conv,1,0,0,1,UNDER,UNDER,match,1,1,,,,both-null,0.2116,0.2116,match,1784992359459
2250259,2026-04-15,NYM@LAD 2026-04-15,823963,1,2,3,1-2,0.5,4.5,37.92,45.55,45.45,2,2.29,0.41,WIN,WIN,match,1,1,WIN,WIN,LOSS,match-prob-conv,1,1,1,0,UNDER,UNDER,match,1,1,0.143793,0.143793,0.29648,match-away-base,0.1681,0.1681,match,1784992359459
2252532,2026-04-15,ARI@BAL 2026-04-15,824855,3,4,7,3-4,0.5,4.5,39.03,45.52,46.08,2.28,2.54,0.36,WIN,WIN,match,1,1,WIN,WIN,LOSS,match-prob-conv,1,1,1,0,OVER,OVER,match,0,0,0.152334,0.152334,0.296807,match-away-base,0.4096,0.4096,match,1784992359459
2250260,2026-04-16,WSH@PIT 2026-04-16,823396,4,4,8,4-4,0.5,4.5,40.83,43.11,48.54,2.21,2.29,0.43,PUSH,PUSH,match,,,LOSS,LOSS,WIN,match-prob-conv,1,0,0,1,OVER,OVER,match,0,0,,,,both-null,0.3249,0.3249,match,1784992359459
2250261,2026-04-16,SF@CIN 2026-04-16,824530,0,0,0,0-0,0.5,4.5,39.26,44.97,46.51,2.23,2.46,0.46,PUSH,PUSH,match,,,LOSS,LOSS,WIN,match-prob-conv,1,0,0,1,UNDER,UNDER,match,1,1,,,,both-null,0.2116,0.2116,match,1784992359459
2250262,2026-04-16,KC@DET 2026-04-16,824289,1,6,7,1-6,-0.5,4.5,43.87,40.75,51.92,2.53,2.39,0.49,WIN,WIN,match,1,1,LOSS,LOSS,WIN,match-prob-conv,1,0,0,1,OVER,OVER,match,0,0,0.192458,0.192458,0.351056,match-away-base,0.2601,0.2601,match,1784992359459
2250263,2026-04-16,LAA@NYY 2026-04-16,823560,2,3,5,2-3,1.5,5.5,34.79,50.38,40.82,2.28,2.96,0.41,WIN,WIN,match,1,1,LOSS,LOSS,WIN,match-prob-conv,1,0,0,1,UNDER,UNDER,match,1,1,0.121034,0.121034,0.246214,match-away-base,0.1681,0.1681,match,1784992359459
2250264,2026-04-16,TOR@MIL 2026-04-16,823801,1,1,2,1-1,0.5,4.5,39.47,45.04,46.73,2.29,2.52,0.47,PUSH,PUSH,match,,,LOSS,LOSS,WIN,match-prob-conv,1,0,0,1,UNDER,UNDER,match,1,1,,,,both-null,0.2209,0.2209,match,1784992359459
2250265,2026-04-16,TB@CWS 2026-04-16,824614,1,1,2,1-1,-0.5,4.5,43.78,39.46,52.61,2.15,1.99,0.38,PUSH,PUSH,match,,,LOSS,LOSS,WIN,match-prob-conv,1,0,0,1,UNDER,UNDER,match,1,1,,,,both-null,0.1444,0.1444,match,1784992359459
2250266,2026-04-16,TEX@ATH 2026-04-16,825023,2,3,5,2-3,-0.5,4.5,40.49,44.49,47.62,2.47,2.64,0.51,WIN,WIN,match,1,1,WIN,WIN,WIN,match-both-conv,0,1,1,1,OVER,OVER,match,1,1,0.163944,0.163944,0.308136,match-away-base,0.2401,0.2401,match,1784992359459
2250267,2026-04-16,BAL@CLE 2026-04-16,824453,0,3,3,0-3,0.5,2.5,43.45,40.16,51.92,2.24,2.12,0.41,WIN,WIN,match,1,1,LOSS,LOSS,LOSS,match-both-conv,0,0,0,0,OVER,OVER,match,0,0,0.18879,0.18879,0.358083,match-away-base,0.3481,0.3481,match,1784992359459
2250268,2026-04-16,COL@HOU 2026-04-16,824208,3,2,5,3-2,0.5,4.5,35.58,49.03,42.02,2.13,2.68,0.47,LOSS,LOSS,match,0,0,LOSS,LOSS,LOSS,match-both-conv,0,0,0,0,OVER,OVER,match,0,0,0.414994,0.414994,0.240394,match-away-base,0.2809,0.2809,match,1784992359459
2250269,2026-04-16,SEA@SD 2026-04-16,823313,0,4,4,0-4,-0.5,4.5,46.43,37.36,55.36,2.36,2.02,0.42,WIN,WIN,match,1,1,LOSS,LOSS,WIN,match-prob-conv,1,0,0,1,UNDER,UNDER,match,1,1,0.215574,0.215574,0.392377,match-away-base,0.1764,0.1764,match,1784992359459
2250270,2026-04-17,NYM@CHC 2026-04-17,824693,3,7,10,3-7,0.5,5.5,43.82,40.52,51.92,2.45,2.32,0.35,WIN,WIN,match,1,1,LOSS,LOSS,LOSS,match-both-conv,0,0,0,0,OVER,OVER,match,0,0,0.192019,0.192019,0.353787,match-away-base,0.4225,0.4225,match,1784992359459
2250271,2026-04-17,BAL@CLE 2026-04-17,824454,0,0,0,0-0,0.5,4.5,41.52,41.84,49.75,2.09,2.11,0.39,PUSH,PUSH,match,,,LOSS,LOSS,WIN,match-prob-conv,1,0,0,1,UNDER,UNDER,match,1,1,,,,both-null,0.1521,0.1521,match,1784992359459
2250272,2026-04-17,ATL@PHI 2026-04-17,823476,7,0,7,7-0,-0.5,5.5,48.38,37.04,56.71,2.96,2.47,0.43,LOSS,LOSS,match,0,0,WIN,WIN,LOSS,match-prob-conv,1,1,1,0,OVER,OVER,match,0,0,0.266462,0.266462,0.137196,match-away-base,0.3249,0.3249,match,1784992359459
2250273,2026-04-17,SF@WSH 2026-04-17,822752,8,3,11,8-3,-0.5,4.5,43.22,41.43,50.98,2.5,2.42,0.49,LOSS,LOSS,match,0,0,WIN,WIN,LOSS,match-prob-conv,1,1,1,0,OVER,OVER,match,0,0,0.322397,0.322397,0.171644,match-away-base,0.2601,0.2601,match,1784992359459
2250274,2026-04-17,TB@PIT 2026-04-17,823397,0,1,1,0-1,0.5,4.5,40,43.63,47.85,2.1,2.24,0.41,WIN,WIN,match,1,1,WIN,WIN,LOSS,match-prob-conv,1,1,1,0,UNDER,UNDER,match,1,1,0.16,0.16,0.317758,match-away-base,0.1681,0.1681,match,1784992359459
2250275,2026-04-17,KC@NYY 2026-04-17,823559,0,2,2,0-2,0.5,4.5,36.56,48.75,42.92,2.41,2.94,0.54,WIN,WIN,match,1,1,WIN,WIN,WIN,match-both-conv,0,1,1,1,UNDER,UNDER,match,0,0,0.133663,0.133663,0.262656,match-away-base,0.2916,0.2916,match,1784992359459
2250276,2026-04-17,MIL@MIA 2026-04-17,823883,3,1,4,3-1,0.5,4.5,43.11,40.94,51.22,2.31,2.23,0.44,LOSS,LOSS,match,0,0,WIN,WIN,WIN,match-both-conv,0,1,1,1,UNDER,UNDER,match,1,1,0.323647,0.323647,0.167608,match-away-base,0.1936,0.1936,match,1784992359459
2250277,2026-04-17,DET@BOS 2026-04-17,824778,0,0,0,0-0,0.5,4.5,44.04,40.92,51.92,2.64,2.51,0.58,PUSH,PUSH,match,,,WIN,WIN,WIN,match-both-conv,0,1,1,1,UNDER,UNDER,match,0,0,,,,both-null,0.3364,0.3364,match,1784992359459
2250278,2026-04-17,STL@HOU 2026-04-17,824207,4,3,7,4-3,0.5,4.5,44.47,39.9,52.61,2.47,2.29,0.41,LOSS,LOSS,match,0,0,WIN,WIN,WIN,match-both-conv,0,1,1,1,OVER,OVER,match,0,0,0.308358,0.308358,0.159201,match-away-base,0.3481,0.3481,match,1784992359459
2250279,2026-04-17,CIN@MIN 2026-04-17,823720,2,1,3,2-1,0.5,4.5,42.52,42.47,50,2.58,2.58,0.52,LOSS,LOSS,match,0,0,LOSS,LOSS,WIN,match-prob-conv,1,0,0,1,UNDER,UNDER,match,0,0,0.330395,0.330395,0.18037,match-away-base,0.2704,0.2704,match,1784992359459
2250280,2026-04-17,LAD@COL 2026-04-17,824373,7,1,8,7-1,-1.5,4.5,57.44,29.16,66.33,3.81,2.41,0.51,WIN,WIN,match,1,1,WIN,WIN,LOSS,match-prob-conv,1,1,1,0,OVER,OVER,match,1,1,0.181135,0.181135,0.085031,match-away-base,0.2401,0.2401,match,1784992359459
2250281,2026-04-17,SD@LAA 2026-04-17,824048,0,8,8,0-8,0.5,4.5,45.12,39.64,53.27,2.6,2.37,0.49,WIN,WIN,match,1,1,LOSS,LOSS,LOSS,match-both-conv,0,0,0,0,OVER,OVER,match,0,0,0.203581,0.203581,0.364333,match-away-base,0.2601,0.2601,match,1784992359459
2250282,2026-04-17,TEX@SEA 2026-04-17,823152,2,0,2,2-0,0.5,3.5,40.45,42.36,48.78,1.93,2,0.49,LOSS,LOSS,match,0,0,LOSS,LOSS,WIN,match-prob-conv,1,0,0,1,UNDER,UNDER,match,1,1,0.35462,0.35462,0.179437,match-away-base,0.2401,0.2401,match,1784992359459
2250283,2026-04-17,CWS@ATH 2026-04-17,825019,5,1,6,5-1,0.5,5.5,40.89,44.43,47.85,2.64,2.79,0.49,LOSS,LOSS,match,0,0,LOSS,LOSS,WIN,match-prob-conv,1,0,0,1,OVER,OVER,match,0,0,0.349399,0.349399,0.197402,match-away-base,0.2601,0.2601,match,1784992359459
2252570,2026-04-17,TOR@ARI 2026-04-17,825101,1,3,4,1-3,0.5,4.5,44.91,40,52.83,2.66,2.45,0.51,WIN,WIN,match,1,1,LOSS,LOSS,LOSS,match-both-conv,0,0,0,0,UNDER,UNDER,match,0,0,0.201691,0.201691,0.36,match-away-base,0.2601,0.2601,match,1784992359459
2250284,2026-04-18,KC@NYY 2026-04-18,823558,0,7,7,0-7,,,41.4,43.92,48.54,2.63,2.75,0.54,WIN,WIN,match,1,1,,,,both-null,0,,,,,,both-null,,,0.171396,0.171396,0.314497,match-away-base,,,both-null,1784992359459
2250285,2026-04-18,CIN@MIN 2026-04-18,823721,2,4,6,2-4,,,44.63,40.47,52.38,2.69,2.51,0.59,WIN,WIN,match,1,1,,,,both-null,0,,,,,,both-null,,,0.199184,0.199184,0.354382,match-away-base,,,both-null,1784992359459
2250286,2026-04-18,NYM@CHC 2026-04-18,824694,1,1,2,1-1,,,43.1,40.49,51.46,2.2,2.11,0.41,PUSH,PUSH,match,,,,,,both-null,0,,,,,,both-null,,,,,,both-null,,,both-null,1784992359459
2250287,2026-04-18,SF@WSH 2026-04-18,822751,3,5,8,3-5,,,46.61,38.43,54.75,2.76,2.41,0.4,WIN,WIN,match,1,1,,,,both-null,0,,,,,,both-null,,,0.217249,0.217249,0.379086,match-away-base,,,both-null,1784992359459
2250288,2026-04-18,TB@PIT 2026-04-18,823394,5,4,9,5-4,,,40.57,42.69,48.78,2.03,2.11,0.46,LOSS,LOSS,match,0,0,,,,both-null,0,,,,,,both-null,,,0.353192,0.353192,0.182244,match-away-base,,,both-null,1784992359459
2250289,2026-04-18,CWS@ATH 2026-04-18,825020,5,3,8,5-3,,,36.16,49.55,42.19,2.53,3.15,0.46,LOSS,LOSS,match,0,0,,,,both-null,0,,,,,,both-null,,,0.407555,0.407555,0.24552,match-away-base,,,both-null,1784992359459
2250290,2026-04-18,DET@BOS 2026-04-18,824775,4,1,5,4-1,,,46.22,38,54.95,2.47,2.14,0.52,LOSS,LOSS,match,0,0,,,,both-null,0,,,,,,both-null,,,0.289229,0.289229,0.1444,match-away-base,,,both-null,1784992359459
2250291,2026-04-18,MIL@MIA 2026-04-18,823882,3,1,4,3-1,,,45.23,38.51,53.92,2.31,2.06,0.49,LOSS,LOSS,match,0,0,,,,both-null,0,,,,,,both-null,,,0.299975,0.299975,0.148302,match-away-base,,,both-null,1784992359459
2250292,2026-04-18,BAL@CLE 2026-04-18,824451,1,3,4,1-3,,,41.52,41.77,49.75,2.08,2.08,0.46,WIN,WIN,match,1,1,,,,both-null,0,,,,,,both-null,,,0.172391,0.172391,0.339073,match-away-base,,,both-null,1784992359459
2250293,2026-04-18,STL@HOU 2026-04-18,824206,4,1,5,4-1,,,47.01,38.53,54.95,2.99,2.61,0.57,LOSS,LOSS,match,0,0,,,,both-null,0,,,,,,both-null,,,0.280794,0.280794,0.148456,match-away-base,,,both-null,1784992359459
2250294,2026-04-18,TEX@SEA 2026-04-18,823151,0,3,3,0-3,,,44.9,37.94,54.13,2.11,1.86,0.43,WIN,WIN,match,1,1,,,,both-null,0,,,,,,both-null,,,0.201601,0.201601,0.385144,match-away-base,,,both-null,1784992359459
2250295,2026-04-18,ATL@PHI 2026-04-18,823474,3,1,4,3-1,,,44.72,39.97,52.83,2.59,2.39,0.56,LOSS,LOSS,match,0,0,,,,both-null,0,,,,,,both-null,,,0.305588,0.305588,0.15976,match-away-base,,,both-null,1784992359459
2250296,2026-04-18,LAD@COL 2026-04-18,824372,3,2,5,3-2,,,56.34,29.8,65.4,3.54,2.29,0.42,WIN,WIN,match,1,1,,,,both-null,0,,,,,,both-null,,,0.19062,0.19062,0.088804,match-away-base,,,both-null,1784992359459
2250297,2026-04-18,SD@LAA 2026-04-18,824049,0,0,0,0-0,,,45.75,38.96,53.92,2.62,2.34,0.37,PUSH,PUSH,match,,,,,,both-null,0,,,,,,both-null,,,,,,both-null,,,both-null,1784992359459
2252585,2026-04-18,TOR@ARI 2026-04-18,825098,1,2,3,1-2,,,37.06,49.15,42.92,2.79,3.39,0.63,WIN,WIN,match,1,1,,,,both-null,0,,,,,,both-null,,,0.137344,0.137344,0.258572,match-away-base,,,both-null,1784992359459
2250298,2026-04-19,DET@BOS 2026-04-19,824777,5,1,6,5-1,0.5,3.5,39.28,45.38,46.3,2.35,2.61,0.56,LOSS,LOSS,match,0,0,LOSS,LOSS,WIN,match-prob-conv,1,0,0,1,OVER,OVER,match,1,1,0.368692,0.368692,0.205934,match-away-base,0.1936,0.1936,match,1784992359459
2250299,2026-04-19,SF@WSH 2026-04-19,822750,0,3,3,0-3,-0.5,4.5,47.12,37.88,55.36,2.77,2.38,0.51,WIN,WIN,match,1,1,LOSS,LOSS,WIN,match-prob-conv,1,0,0,1,UNDER,UNDER,match,0,0,0.222029,0.222029,0.385889,match-away-base,0.2601,0.2601,match,1784992359459
2250300,2026-04-19,TB@PIT 2026-04-19,823393,2,4,6,2-4,-0.5,4.5,44.24,39.77,52.61,2.36,2.19,0.44,WIN,WIN,match,1,1,LOSS,LOSS,WIN,match-prob-conv,1,0,0,1,OVER,OVER,match,0,0,0.195718,0.195718,0.362765,match-away-base,0.3136,0.3136,match,1784992359459
2250301,2026-04-19,KC@NYY 2026-04-19,823556,0,7,7,0-7,0.5,4.5,38.68,46.76,45.25,2.57,2.93,0.56,WIN,WIN,match,1,1,WIN,WIN,LOSS,match-prob-conv,1,1,1,0,OVER,OVER,match,1,1,0.149614,0.149614,0.28345,match-away-base,0.1936,0.1936,match,1784992359459
2250302,2026-04-19,BAL@CLE 2026-04-19,824452,4,6,10,4-6,0.5,3.5,43.85,38.49,53.27,1.95,1.77,0.46,WIN,WIN,match,1,1,LOSS,LOSS,LOSS,match-both-conv,0,0,0,0,OVER,OVER,match,0,0,0.192282,0.192282,0.378348,match-away-base,0.2916,0.2916,match,1784992359459
2250303,2026-04-19,MIL@MIA 2026-04-19,823881,0,3,3,0-3,-0.5,3.5,40.93,42.89,48.78,2.19,2.27,0.5,WIN,WIN,match,1,1,WIN,WIN,WIN,match-both-conv,0,1,1,1,UNDER,UNDER,match,1,1,0.167526,0.167526,0.326155,match-away-base,0.25,0.25,match,1784992359459
2250304,2026-04-19,STL@HOU 2026-04-19,824205,4,1,5,4-1,0.5,4.5,39.42,45.51,46.51,2.43,2.69,0.45,LOSS,LOSS,match,0,0,LOSS,LOSS,WIN,match-prob-conv,1,0,0,1,OVER,OVER,match,0,0,0.366994,0.366994,0.207116,match-away-base,0.3025,0.3025,match,1784992359459
2250305,2026-04-19,CIN@MIN 2026-04-19,823718,1,3,4,1-3,0.5,4.5,44.73,40.12,52.61,2.63,2.44,0.51,WIN,WIN,match,1,1,LOSS,LOSS,LOSS,match-both-conv,0,0,0,0,UNDER,UNDER,match,0,0,0.200077,0.200077,0.358561,match-away-base,0.2601,0.2601,match,1784992359459
2250306,2026-04-19,NYM@CHC 2026-04-19,824691,1,0,1,1-0,0.5,4.5,38.71,45.91,45.66,2.3,2.59,0.48,LOSS,LOSS,match,0,0,LOSS,LOSS,WIN,match-prob-conv,1,0,0,1,UNDER,UNDER,match,1,1,0.375646,0.375646,0.210773,match-away-base,0.2304,0.2304,match,1784992359459
2250307,2026-04-19,LAD@COL 2026-04-19,824371,3,3,6,3-3,-0.5,6.5,49.62,36.68,57.45,3.46,2.83,0.42,PUSH,PUSH,match,,,LOSS,LOSS,LOSS,match-both-conv,0,0,0,0,UNDER,UNDER,match,1,1,,,,both-null,0.1764,0.1764,match,1784992359459
2250308,2026-04-19,CWS@ATH 2026-04-19,825018,7,1,8,7-1,0.5,4.5,39.78,45.57,46.51,2.59,2.85,0.43,LOSS,LOSS,match,0,0,LOSS,LOSS,WIN,match-prob-conv,1,0,0,1,OVER,OVER,match,0,0,0.362645,0.362645,0.207662,match-away-base,0.3249,0.3249,match,1784992359459
2250309,2026-04-19,SD@LAA 2026-04-19,824047,1,0,1,1-0,-0.5,4.5,43.38,41.45,51.22,2.55,2.47,0.44,LOSS,LOSS,match,0,0,WIN,WIN,LOSS,match-prob-conv,1,1,1,0,UNDER,UNDER,match,1,1,0.320582,0.320582,0.17181,match-away-base,0.1936,0.1936,match,1784992359459
2250310,2026-04-19,TEX@SEA 2026-04-19,823150,0,5,5,0-5,0.5,3.5,35.05,48.12,42.19,1.79,2.26,0.44,WIN,WIN,match,1,1,WIN,WIN,LOSS,match-prob-conv,1,1,1,0,OVER,OVER,match,0,0,0.12285,0.12285,0.269153,match-away-base,0.3136,0.3136,match,1784992359459
2250311,2026-04-19,ATL@PHI 2026-04-19,823475,4,2,6,4-2,0.5,4.5,40.1,45.07,47.17,2.53,2.74,0.53,LOSS,LOSS,match,0,0,LOSS,LOSS,WIN,match-prob-conv,1,0,0,1,OVER,OVER,match,1,1,0.358801,0.358801,0.20313,match-away-base,0.2209,0.2209,match,1784992359459
2252600,2026-04-19,TOR@ARI 2026-04-19,825100,10,1,11,10-1,-0.5,4.5,42.06,42.99,49.5,2.57,2.61,0.52,LOSS,LOSS,match,0,0,LOSS,LOSS,LOSS,match-both-conv,0,0,0,0,OVER,OVER,match,1,1,0.335704,0.335704,0.184814,match-away-base,0.2304,0.2304,match,1784992359459
2250312,2026-04-20,DET@BOS 2026-04-20,824776,2,2,4,2-2,0.5,4.5,43.81,41.09,51.69,2.58,2.47,0.5,PUSH,PUSH,match,,,WIN,WIN,WIN,match-both-conv,0,1,1,1,UNDER,UNDER,match,1,1,,,,both-null,0.25,0.25,match,1784992359459
2250313,2026-04-20,HOU@CLE 2026-04-20,824450,7,2,9,7-2,0.5,4.5,41.22,41.66,49.75,1.99,2.01,0.37,LOSS,LOSS,match,0,0,LOSS,LOSS,WIN,match-prob-conv,1,0,0,1,OVER,OVER,match,0,0,0.345509,0.345509,0.173556,match-away-base,0.3969,0.3969,match,1784992359459
2250314,2026-04-20,CIN@TB 2026-04-20,822994,3,1,4,3-1,-0.5,5.5,42,42.28,49.75,2.35,2.36,0.53,LOSS,LOSS,match,0,0,LOSS,LOSS,LOSS,match-both-conv,0,0,0,0,UNDER,UNDER,match,0,0,0.3364,0.3364,0.17876,match-away-base,0.2809,0.2809,match,1784992359459
2250315,2026-04-20,STL@MIA 2026-04-20,823879,1,2,3,1-2,0.5,4.5,42.3,42.39,50,2.47,2.48,0.49,WIN,WIN,match,1,1,WIN,WIN,LOSS,match-prob-conv,1,1,1,0,UNDER,UNDER,match,1,1,0.178929,0.178929,0.331891,match-away-base,0.2401,0.2401,match,1784992359459
2250316,2026-04-20,ATL@WSH 2026-04-20,822749,2,3,5,2-3,2.5,3.5,48.17,37.15,56.52,2.93,2.45,0.54,WIN,WIN,match,1,1,WIN,WIN,WIN,match-both-conv,0,1,1,1,OVER,OVER,match,1,1,0.232035,0.232035,0.395012,match-away-base,0.2116,0.2116,match,1784992359459
2250317,2026-04-20,BAL@KC 2026-04-20,824125,0,1,1,0-1,-0.5,4.5,50.58,33.21,60.32,2.51,1.85,0.42,LOSS,LOSS,match,0,0,LOSS,LOSS,LOSS,match-both-conv,0,0,0,0,UNDER,UNDER,match,1,1,0.255834,0.255834,0.44609,match-away-base,0.1764,0.1764,match,1784992359459
2250318,2026-04-20,PHI@CHC 2026-04-20,824692,1,5,6,1-5,-0.5,4.5,41.73,42.55,49.5,2.33,2.36,0.46,WIN,WIN,match,1,1,WIN,WIN,WIN,match-both-conv,0,1,1,1,OVER,OVER,match,0,0,0.174139,0.174139,0.33005,match-away-base,0.2916,0.2916,match,1784992359459
2250319,2026-04-20,LAD@COL 2026-04-20,824370,5,1,6,5-1,-1.5,6.5,47.56,38.56,55.16,3.26,2.82,0.4,LOSS,LOSS,match,0,0,WIN,WIN,LOSS,match-prob-conv,1,1,1,0,UNDER,UNDER,match,1,1,0.274995,0.274995,0.148687,match-away-base,0.16,0.16,match,1784992359459
2250320,2026-04-20,TOR@LAA 2026-04-20,824046,2,2,4,2-2,-0.5,3.5,45.12,39.81,53.05,2.65,2.42,0.57,PUSH,PUSH,match,,,LOSS,LOSS,WIN,match-prob-conv,1,0,0,1,OVER,OVER,match,1,1,,,,both-null,0.1849,0.1849,match,1784992359459
2250321,2026-04-20,ATH@SEA 2026-04-20,823149,1,3,4,1-3,0.5,4.5,40.28,43.73,47.85,2.21,2.35,0.44,WIN,WIN,match,1,1,WIN,WIN,LOSS,match-prob-conv,1,1,1,0,UNDER,UNDER,match,1,1,0.162248,0.162248,0.316631,match-away-base,0.1936,0.1936,match,1784992359459
2250322,2026-04-21,HOU@CLE 2026-04-21,824448,3,2,5,3-2,,,44.72,38.73,53.59,2.22,2,0.4,LOSS,LOSS,match,0,0,,,,both-null,0,,,,,,both-null,,,0.305588,0.305588,0.150001,match-away-base,,,both-null,1784992359459
2250323,2026-04-21,CIN@TB 2026-04-21,822995,5,0,5,5-0,,,38.92,44.7,46.51,2.08,2.3,0.49,LOSS,LOSS,match,0,0,,,,both-null,0,,,,,,both-null,,,0.373077,0.373077,0.199809,match-away-base,,,both-null,1784992359459
2250324,2026-04-21,STL@MIA 2026-04-21,823880,5,1,6,5-1,,,40.31,44.53,47.62,2.44,2.61,0.5,LOSS,LOSS,match,0,0,,,,both-null,0,,,,,,both-null,,,0.35629,0.35629,0.198292,match-away-base,,,both-null,1784992359459
2250325,2026-04-21,MIL@DET 2026-04-21,824290,3,1,4,3-1,,,43.48,41.5,51.22,2.62,2.54,0.52,LOSS,LOSS,match,0,0,,,,both-null,0,,,,,,both-null,,,0.319451,0.319451,0.172225,match-away-base,,,both-null,1784992359459
2250326,2026-04-21,ATL@WSH 2026-04-21,822747,3,5,8,3-5,,,44.07,40.91,51.92,2.62,2.49,0.51,WIN,WIN,match,1,1,,,,both-null,0,,,,,,both-null,,,0.194216,0.194216,0.349163,match-away-base,,,both-null,1784992359459
2250327,2026-04-21,NYY@BOS 2026-04-21,824773,1,0,1,1-0,,,42.3,41.5,50.5,2.23,2.2,0.43,LOSS,LOSS,match,0,0,,,,both-null,0,,,,,,both-null,,,0.332929,0.332929,0.172225,match-away-base,,,both-null,1784992359459
2250328,2026-04-21,MIN@NYM 2026-04-21,823640,0,3,3,0-3,,,35.98,48.46,42.55,2.13,2.64,0.53,WIN,WIN,match,1,1,,,,both-null,0,,,,,,both-null,,,0.129456,0.129456,0.265637,match-away-base,,,both-null,1784992359459
2250329,2026-04-21,BAL@KC 2026-04-21,824127,3,3,6,3-3,,,40.08,42.95,48.31,1.98,2.08,0.26,PUSH,PUSH,match,,,,,,both-null,0,,,,,,both-null,,,,,,both-null,,,both-null,1784992359459
2250330,2026-04-21,PHI@CHC 2026-04-21,824690,0,1,1,0-1,,,42.93,41.06,51.22,2.31,2.24,0.44,WIN,WIN,match,1,1,,,,both-null,0,,,,,,both-null,,,0.184298,0.184298,0.347392,match-away-base,,,both-null,1784992359459
2250331,2026-04-21,PIT@TEX 2026-04-21,822914,1,5,6,1-5,,,,,,,,,,,both-null,,,,,,both-null,0,,,,,,both-null,,,,,,both-null,,,both-null,
2250332,2026-04-21,SD@COL 2026-04-21,824369,0,0,0,0-0,,,,,,,,,,,both-null,,,,,,both-null,0,,,,,,both-null,,,,,,both-null,,,both-null,
2250333,2026-04-21,TOR@LAA 2026-04-21,824045,0,1,1,0-1,,,53.16,33.01,61.69,3.48,2.51,0.49,LOSS,LOSS,match,0,0,,,,both-null,0,,,,,,both-null,,,0.282599,0.282599,0.448766,match-away-base,,,both-null,1784992359459
2250334,2026-04-21,ATH@SEA 2026-04-21,823148,2,2,4,2-2,,,38.79,44.42,46.61,1.95,2.16,0.45,PUSH,PUSH,match,,,,,,both-null,0,,,,,,both-null,,,,,,both-null,,,both-null,1784992359459
2250335,2026-04-21,LAD@SF 2026-04-21,823236,1,3,4,1-3,,,47.46,36.28,56.68,2.4,1.98,0.48,WIN,WIN,match,1,1,,,,both-null,0,,,,,,both-null,,,0.225245,0.225245,0.406024,match-away-base,,,both-null,1784992359459
2252625,2026-04-21,CWS@ARI 2026-04-21,825099,8,2,10,8-2,,,35.35,50.32,41.32,2.46,3.14,0.45,LOSS,LOSS,match,0,0,,,,both-null,0,,,,,,both-null,,,0.417962,0.417962,0.25321,match-away-base,,,both-null,1784992359459
2250336,2026-04-22,STL@MIA 2026-04-22,823878,0,4,4,0-4,0.5,4.5,41.52,42.14,49.63,2.16,2.19,0.41,WIN,WIN,match,1,1,WIN,WIN,LOSS,match-prob-conv,1,1,1,0,UNDER,UNDER,match,1,1,0.172391,0.172391,0.334778,match-away-base,0.1681,0.1681,match,1784992359459
2250337,2026-04-22,HOU@CLE 2026-04-22,824449,2,0,2,2-0,0.5,4.5,39.72,43.35,47.82,1.96,2.09,0.37,LOSS,LOSS,match,0,0,LOSS,LOSS,WIN,match-prob-conv,1,0,0,1,UNDER,UNDER,match,1,1,0.363368,0.363368,0.187922,match-away-base,0.1369,0.1369,match,1784992359459
2250338,2026-04-22,CIN@TB 2026-04-22,822993,1,5,6,1-5,0.5,4.5,43.06,41.32,51.03,2.43,2.36,0.47,WIN,WIN,match,1,1,LOSS,LOSS,LOSS,match-both-conv,0,0,0,0,OVER,OVER,match,0,0,0.185416,0.185416,0.344334,match-away-base,0.2809,0.2809,match,1784992359459
2250339,2026-04-22,BAL@KC 2026-04-22,824123,2,3,5,2-3,0.5,5.5,43.49,40.3,51.9,2.26,2.15,0.31,WIN,WIN,match,1,1,LOSS,LOSS,LOSS,match-both-conv,0,0,0,0,UNDER,UNDER,match,1,1,0.189138,0.189138,0.356409,match-away-base,0.0961,0.0961,match,1784992359459
2250340,2026-04-22,TOR@LAA 2026-04-22,824044,0,3,3,0-3,0.5,3.5,43.42,40.38,51.81,2.28,2.16,0.43,WIN,WIN,match,1,1,LOSS,LOSS,LOSS,match-both-conv,0,0,0,0,UNDER,UNDER,match,1,1,0.18853,0.18853,0.355454,match-away-base,0.1849,0.1849,match,1784992359459
2250341,2026-04-22,ATH@SEA 2026-04-22,823147,3,2,5,3-2,0.5,4.5,37.23,46.35,44.54,1.98,2.32,0.48,LOSS,LOSS,match,0,0,LOSS,LOSS,WIN,match-prob-conv,1,0,0,1,OVER,OVER,match,0,0,0.394007,0.394007,0.214832,match-away-base,0.2704,0.2704,match,1784992359459
2250342,2026-04-22,MIL@DET 2026-04-22,824286,1,4,5,1-4,0.5,4.5,47.34,36.63,56.38,2.44,2.03,0.43,WIN,WIN,match,1,1,LOSS,LOSS,LOSS,match-both-conv,0,0,0,0,OVER,OVER,match,0,0,0.224108,0.224108,0.401576,match-away-base,0.3249,0.3249,match,1784992359459
2250343,2026-04-22,ATL@WSH 2026-04-22,822748,8,4,12,8-4,-0.5,4.5,35.2,51.71,40.5,2.96,3.82,0.63,LOSS,LOSS,match,0,0,LOSS,LOSS,LOSS,match-both-conv,0,0,0,0,OVER,OVER,match,1,1,0.419904,0.419904,0.267392,match-away-base,0.1369,0.1369,match,1784992359459
2250344,2026-04-22,NYY@BOS 2026-04-22,824774,4,0,4,4-0,-0.5,3.5,47.95,36,57.12,2.46,2,0.43,LOSS,LOSS,match,0,0,WIN,WIN,LOSS,match-prob-conv,1,1,1,0,OVER,OVER,match,0,0,0.27092,0.27092,0.1296,match-away-base,0.3249,0.3249,match,1784992359459
2250345,2026-04-22,MIN@NYM 2026-04-22,823641,1,2,3,1-2,0.5,4.5,38.48,46,45.55,2.25,2.55,0.54,WIN,WIN,match,1,1,WIN,WIN,LOSS,match-prob-conv,1,1,1,0,UNDER,UNDER,match,0,0,0.148071,0.148071,0.2916,match-away-base,0.2916,0.2916,match,1784992359459
2250346,2026-04-22,PHI@CHC 2026-04-22,824688,2,6,8,2-6,0.5,4.5,41.63,42.29,49.61,2.23,2.25,0.43,WIN,WIN,match,1,1,WIN,WIN,LOSS,match-prob-conv,1,1,1,0,OVER,OVER,match,0,0,0.173306,0.173306,0.333044,match-away-base,0.3249,0.3249,match,1784992359459
2250347,2026-04-22,PIT@TEX 2026-04-22,822913,4,2,6,4-2,-0.5,4.5,40.23,42.02,48.91,1.83,1.89,0.39,LOSS,LOSS,match,0,0,LOSS,LOSS,LOSS,match-both-conv,0,0,0,0,OVER,OVER,match,0,0,0.357245,0.357245,0.176568,match-away-base,0.3721,0.3721,match,1784992359459
2250348,2026-04-22,SD@COL 2026-04-22,824367,1,5,6,1-5,-0.5,6.5,49.29,36.44,57.5,3.13,2.54,0.35,WIN,WIN,match,1,1,LOSS,LOSS,LOSS,match-both-conv,0,0,0,0,UNDER,UNDER,match,1,1,0.24295,0.24295,0.403987,match-away-base,0.1225,0.1225,match,1784992359459
2250349,2026-04-22,LAD@SF 2026-04-22,823231,0,0,0,0-0,-0.5,4.5,43.92,38.37,53.38,1.96,1.77,0.33,PUSH,PUSH,match,,,LOSS,LOSS,WIN,match-prob-conv,1,0,0,1,UNDER,UNDER,match,1,1,,,,both-null,0.1089,0.1089,match,1784992359459
2252640,2026-04-22,CWS@ARI 2026-04-22,825097,4,8,12,4-8,0.5,5.5,38.21,47.78,44.44,2.75,3.2,0.55,WIN,WIN,match,1,1,WIN,WIN,LOSS,match-prob-conv,1,1,1,0,OVER,OVER,match,1,1,0.146,0.146,0.272693,match-away-base,0.2025,0.2025,match,1784992359459
2250350,2026-04-23,ATL@WSH 2026-04-23,822745,2,2,4,2-2,,,46.1,40.11,53.48,3.25,2.96,0.57,PUSH,PUSH,match,,,,,,both-null,0,,,,,,both-null,,,,,,both-null,,,both-null,1784992359459
2250351,2026-04-23,MIL@DET 2026-04-23,824288,1,2,3,1-2,,,40.22,43.22,48.2,2.06,2.17,0.47,WIN,WIN,match,1,1,,,,both-null,0,,,,,,both-null,,,0.161765,0.161765,0.322397,match-away-base,,,both-null,1784992359459
2250352,2026-04-23,PHI@CHC 2026-04-23,824689,2,5,7,2-5,,,47.45,36.37,56.61,2.41,1.99,0.3,WIN,WIN,match,1,1,,,,both-null,0,,,,,,both-null,,,0.22515,0.22515,0.404878,match-away-base,,,both-null,1784992359459
2250353,2026-04-23,SD@COL 2026-04-23,824368,4,6,10,4-6,,,48.06,37.38,56.25,2.95,2.48,0.38,WIN,WIN,match,1,1,,,,both-null,0,,,,,,both-null,,,0.230976,0.230976,0.392126,match-away-base,,,both-null,1784992359459
2250354,2026-04-23,LAD@SF 2026-04-23,823233,3,0,3,3-0,,,46.1,36.47,55.83,2.09,1.76,0.41,LOSS,LOSS,match,0,0,,,,both-null,0,,,,,,both-null,,,0.290521,0.290521,0.133006,match-away-base,,,both-null,1784992359459
2250355,2026-04-23,NYY@BOS 2026-04-23,824770,1,2,3,1-2,,,53.09,31.9,62.46,2.96,2.07,0.5,LOSS,LOSS,match,0,0,,,,both-null,0,,,,,,both-null,,,0.281855,0.281855,0.463761,match-away-base,,,both-null,1784992359459
2250356,2026-04-23,MIN@NYM 2026-04-23,823639,2,7,9,2-7,,,40.32,43.93,47.86,2.27,2.41,0.52,WIN,WIN,match,1,1,,,,both-null,0,,,,,,both-null,,,0.16257,0.16257,0.314384,match-away-base,,,both-null,1784992359459
2250357,2026-04-23,PIT@TEX 2026-04-23,822912,1,6,7,1-6,,,39.19,42.04,48.25,1.64,1.73,0.34,WIN,WIN,match,1,1,,,,both-null,0,,,,,,both-null,,,0.153586,0.153586,0.335936,match-away-base,,,both-null,1784992359459
2252646,2026-04-23,CWS@ARI 2026-04-23,825096,1,1,2,1-1,,,37.01,48.47,43.29,2.49,3.01,0.56,PUSH,PUSH,match,,,,,,both-null,0,,,,,,both-null,,,,,,both-null,,,both-null,1784992359459
2250358,2026-04-24,DET@CIN 2026-04-24,824529,5,2,7,5-2,-3.5,5.5,43.04,40.91,51.27,2.29,2.21,0.43,LOSS,LOSS,match,0,0,LOSS,LOSS,WIN,match-prob-conv,1,0,0,1,OVER,OVER,match,0,0,0.324444,0.324444,0.167363,match-away-base,0.3249,0.3249,match,1784992359459
2250359,2026-04-24,BOS@BAL 2026-04-24,824854,2,9,11,2-9,0.5,4.5,46.49,38.64,54.61,2.77,2.44,0.52,WIN,WIN,match,1,1,LOSS,LOSS,LOSS,match-both-conv,0,0,0,0,OVER,OVER,match,1,1,0.216132,0.216132,0.376505,match-away-base,0.2304,0.2304,match,1784992359459
2250360,2026-04-24,CLE@TOR 2026-04-24,822827,7,4,11,7-4,-2.5,9.5,46.72,38.37,54.91,2.81,2.45,0.53,LOSS,LOSS,match,0,0,WIN,WIN,LOSS,match-prob-conv,1,1,1,0,OVER,OVER,match,1,1,0.283876,0.283876,0.147226,match-away-base,0.2209,0.2209,match,1784992359459
2250361,2026-04-24,COL@NYM 2026-04-24,823638,1,1,2,1-1,1.5,2.5,33.7,50.48,40.03,1.96,2.62,0.51,PUSH,PUSH,match,,,LOSS,LOSS,WIN,match-prob-conv,1,0,0,1,UNDER,UNDER,match,0,0,,,,both-null,0.2601,0.2601,match,1784992359459
2250362,2026-04-24,MIN@TB 2026-04-24,822992,1,3,4,1-3,0.5,3.5,40.02,44.06,47.6,2.22,2.38,0.51,WIN,WIN,match,1,1,WIN,WIN,LOSS,match-prob-conv,1,1,1,0,OVER,OVER,match,1,1,0.16016,0.16016,0.312928,match-away-base,0.2401,0.2401,match,1784992359459
2250363,2026-04-24,PHI@ATL 2026-04-24,824932,3,2,5,3-2,-1.5,5.5,44.51,39.81,52.79,2.45,2.26,0.4,LOSS,LOSS,match,0,0,LOSS,LOSS,WIN,match-prob-conv,1,0,0,1,UNDER,UNDER,match,1,1,0.307914,0.307914,0.158484,match-away-base,0.16,0.16,match,1784992359459
2250364,2026-04-24,LAA@KC 2026-04-24,824124,0,5,5,0-5,0.5,3.5,40.34,43.3,48.23,2.13,2.24,0.42,WIN,WIN,match,1,1,WIN,WIN,LOSS,match-prob-conv,1,1,1,0,OVER,OVER,match,0,0,0.162732,0.162732,0.321489,match-away-base,0.3364,0.3364,match,1784992359459
2250365,2026-04-24,WSH@CWS 2026-04-24,824611,3,1,4,3-1,0.5,4.5,42.4,41.49,50.54,2.26,2.22,0.37,LOSS,LOSS,match,0,0,WIN,WIN,WIN,match-both-conv,0,1,1,1,UNDER,UNDER,match,1,1,0.331776,0.331776,0.172142,match-away-base,0.1369,0.1369,match,1784992359459
2250366,2026-04-24,PIT@MIL 2026-04-24,823800,3,0,3,3-0,-0.5,3.5,39.99,43.16,48.1,1.99,2.1,0.45,LOSS,LOSS,match,0,0,LOSS,LOSS,LOSS,match-both-conv,0,0,0,0,UNDER,UNDER,match,1,1,0.36012,0.36012,0.186279,match-away-base,0.2025,0.2025,match,1784992359459
2250367,2026-04-24,ATH@TEX 2026-04-24,822909,6,1,7,6-1,0.5,4.5,36.98,45.05,45.08,1.68,1.94,0.31,LOSS,LOSS,match,0,0,LOSS,LOSS,WIN,match-prob-conv,1,0,0,1,OVER,OVER,match,0,0,0.397152,0.397152,0.20295,match-away-base,0.4761,0.4761,match,1784992359459
2250368,2026-04-24,NYY@HOU 2026-04-24,824204,5,2,7,5-2,-0.5,4.5,53.46,32.89,61.91,3.55,2.56,0.56,WIN,WIN,match,1,1,WIN,WIN,WIN,match-both-conv,0,1,1,1,OVER,OVER,match,1,1,0.216597,0.216597,0.108175,match-away-base,0.1936,0.1936,match,1784992359459
2250369,2026-04-24,SEA@STL 2026-04-24,823069,2,2,4,2-2,-0.5,4.5,46.85,37.81,55.34,2.65,2.28,0.49,PUSH,PUSH,match,,,LOSS,LOSS,WIN,match-prob-conv,1,0,0,1,UNDER,UNDER,match,1,1,,,,both-null,0.2401,0.2401,match,1784992359459
2250370,2026-04-24,CHC@LAD 2026-04-24,823962,0,4,4,0-4,0.5,4.5,36.82,46.3,44.3,1.87,2.21,0.32,WIN,WIN,match,1,1,WIN,WIN,LOSS,match-prob-conv,1,1,1,0,UNDER,UNDER,match,1,1,0.135571,0.135571,0.288369,match-away-base,0.1024,0.1024,match,1784992359459
2250371,2026-04-24,MIA@SF 2026-04-24,823232,8,3,11,8-3,-0.5,4.5,41.85,40.86,50.6,1.96,1.92,0.42,LOSS,LOSS,match,0,0,WIN,WIN,LOSS,match-prob-conv,1,1,1,0,OVER,OVER,match,0,0,0.338142,0.338142,0.166954,match-away-base,0.3364,0.3364,match,1784992359459
2250372,2026-04-25,SEA@STL 2026-04-25,823070,6,7,13,6-7,,,49.73,34.34,59.16,2.55,1.95,0.43,WIN,WIN,match,1,1,,,,both-null,0,,,,,,both-null,,,0.247307,0.247307,0.431124,match-away-base,,,both-null,1784992359459
2250373,2026-04-25,CLE@TOR 2026-04-25,822826,1,1,2,1-1,,,39.7,44.5,47.15,2.23,2.42,0.45,PUSH,PUSH,match,,,,,,both-null,0,,,,,,both-null,,,,,,both-null,,,both-null,1784992359459
2250374,2026-04-25,BOS@BAL 2026-04-25,824851,7,0,7,7-0,,,,,,,,,,,both-null,,,,,,both-null,0,,,,,,both-null,,,,,,both-null,,,both-null,
2250375,2026-04-25,MIA@SF 2026-04-25,823229,1,1,2,1-1,,,40.3,42.41,48.72,1.92,2,0.42,PUSH,PUSH,match,,,,,,both-null,0,,,,,,both-null,,,,,,both-null,,,both-null,1784992359459
2250377,2026-04-25,MIN@TB 2026-04-25,822989,0,2,2,0-2,,,40.85,43.48,48.44,2.32,2.43,0.47,WIN,WIN,match,1,1,,,,both-null,0,,,,,,both-null,,,0.166872,0.166872,0.319451,match-away-base,,,both-null,1784992359459
2250378,2026-04-25,WSH@CWS 2026-04-25,824613,2,0,2,2-0,,,40.49,43.69,48.09,2.26,2.39,0.39,LOSS,LOSS,match,0,0,,,,both-null,0,,,,,,both-null,,,0.354144,0.354144,0.190882,match-away-base,,,both-null,1784992359459
2250379,2026-04-25,ATH@TEX 2026-04-25,822910,3,2,5,3-2,,,44.14,38.82,53.21,2.09,1.9,0.43,LOSS,LOSS,match,0,0,,,,both-null,0,,,,,,both-null,,,0.312034,0.312034,0.150699,match-away-base,,,both-null,1784992359459
2250380,2026-04-25,LAA@KC 2026-04-25,824121,1,4,5,1-4,,,39.55,44.62,46.99,2.2,2.41,0.45,WIN,WIN,match,1,1,,,,both-null,0,,,,,,both-null,,,0.15642,0.15642,0.306694,match-away-base,,,both-null,1784992359459
2250381,2026-04-25,NYY@HOU 2026-04-25,824203,2,1,3,2-1,,,42.75,42.6,50.08,2.71,2.71,0.49,LOSS,LOSS,match,0,0,,,,both-null,0,,,,,,both-null,,,0.327756,0.327756,0.181476,match-away-base,,,both-null,1784992359459
2250382,2026-04-25,PIT@MIL 2026-04-25,823799,2,2,4,2-2,,,38.33,45.73,45.6,2.14,2.44,0.44,PUSH,PUSH,match,,,,,,both-null,0,,,,,,both-null,,,,,,both-null,,,both-null,1784992359459
2250383,2026-04-25,DET@CIN 2026-04-25,824527,2,6,8,2-6,,,40.95,42.84,48.87,2.19,2.26,0.37,WIN,WIN,match,1,1,,,,both-null,0,,,,,,both-null,,,0.16769,0.16769,0.326727,match-away-base,,,both-null,1784992359459
2250384,2026-04-25,CHC@LAD 2026-04-25,823960,4,8,12,4-8,,,42.11,42.21,49.94,2.39,2.39,0.35,WIN,WIN,match,1,1,,,,both-null,0,,,,,,both-null,,,0.177325,0.177325,0.333968,match-away-base,,,both-null,1784992359459
2250385,2026-04-25,PHI@ATL 2026-04-25,824933,3,2,5,3-2,,,45.93,38.13,54.64,2.43,2.13,0.44,LOSS,LOSS,match,0,0,,,,both-null,0,,,,,,both-null,,,0.292356,0.292356,0.14539,match-away-base,,,both-null,1784992359459
2252672,2026-04-25,SD@ARI 2026-04-25,825093,1,4,5,1-4,,,41.81,43.77,48.86,2.75,2.84,0.19,WIN,WIN,match,1,1,,,,both-null,0,,,,,,both-null,,,0.174808,0.174808,0.316181,match-away-base,,,both-null,1784992359459
2250376,2026-04-26,COL@NYM 2026-04-26 G2,823637,3,0,3,3-0,,,39.97,43.89,47.66,2.17,2.32,0.43,LOSS,LOSS,match,0,0,,,,both-null,0,,,,,,both-null,,,0.36036,0.36036,0.192633,match-away-base,,,both-null,1784992359459
2250386,2026-04-26,BOS@BAL 2026-04-26,824852,3,1,4,3-1,0.5,3.5,42.58,41.14,50.86,2.23,2.17,0.49,LOSS,LOSS,match,0,0,WIN,WIN,WIN,match-both-conv,0,1,1,1,OVER,OVER,match,0,0,0.329706,0.329706,0.16925,match-away-base,0.2601,0.2601,match,1784992359459
2250387,2026-04-26,PHI@ATL 2026-04-26,824934,0,6,6,0-6,0.5,4.5,37.87,45.93,45.19,2.06,2.37,0.42,WIN,WIN,match,1,1,WIN,WIN,LOSS,match-prob-conv,1,1,1,0,OVER,OVER,match,0,0,0.143414,0.143414,0.292356,match-away-base,0.3364,0.3364,match,1784992359459
2250388,2026-04-26,CLE@TOR 2026-04-26,822824,2,2,4,2-2,0.5,4.5,40.88,43.87,48.23,2.44,2.57,0.5,PUSH,PUSH,match,,,LOSS,LOSS,WIN,match-prob-conv,1,0,0,1,UNDER,UNDER,match,1,1,,,,both-null,0.25,0.25,match,1784992359459
2250389,2026-04-26,DET@CIN 2026-04-26,824528,2,3,5,2-3,0.5,4.5,39.75,44.64,47.1,2.27,2.47,0.41,WIN,WIN,match,1,1,WIN,WIN,LOSS,match-prob-conv,1,1,1,0,OVER,OVER,match,0,0,0.158006,0.158006,0.306473,match-away-base,0.3481,0.3481,match,1784992359459
2250390,2026-04-26,COL@NYM 2026-04-26 G1,823635,1,1,2,1-1,0.5,4.5,36.74,46.77,43.99,1.94,2.32,0.47,PUSH,PUSH,match,,,LOSS,LOSS,WIN,match-prob-conv,1,0,0,1,UNDER,UNDER,match,1,1,,,,both-null,0.2209,0.2209,match,1784992359459
2250391,2026-04-26,MIN@TB 2026-04-26,822991,0,4,4,0-4,0.5,4.5,43.79,40.12,52.19,2.31,2.17,0.43,WIN,WIN,match,1,1,LOSS,LOSS,LOSS,match-both-conv,0,0,0,0,UNDER,UNDER,match,1,1,0.191756,0.191756,0.358561,match-away-base,0.1849,0.1849,match,1784992359459
2250392,2026-04-26,WSH@CWS 2026-04-26,824612,0,0,0,0-0,0.5,4.5,43.35,40.45,51.73,2.27,2.16,0.49,PUSH,PUSH,match,,,WIN,WIN,WIN,match-both-conv,0,1,1,1,UNDER,UNDER,match,1,1,,,,both-null,0.2401,0.2401,match,1784992359459
2250393,2026-04-26,NYY@HOU 2026-04-26,824202,0,7,7,0-7,-0.5,5.5,51.02,34.6,59.59,3.13,2.4,0.44,LOSS,LOSS,match,0,0,LOSS,LOSS,LOSS,match-both-conv,0,0,0,0,OVER,OVER,match,0,0,0.260304,0.260304,0.427716,match-away-base,0.3136,0.3136,match,1784992359459
2250394,2026-04-26,PIT@MIL 2026-04-26,823797,0,5,5,0-5,0.5,4.5,40.26,44.05,47.75,2.27,2.43,0.53,WIN,WIN,match,1,1,WIN,WIN,LOSS,match-prob-conv,1,1,1,0,OVER,OVER,match,1,1,0.162087,0.162087,0.31304,match-away-base,0.2209,0.2209,match,1784992359459
2250395,2026-04-26,SEA@STL 2026-04-26,823068,1,1,2,1-1,-0.5,4.5,45.31,39.39,53.5,2.57,2.33,0.49,PUSH,PUSH,match,,,LOSS,LOSS,WIN,match-prob-conv,1,0,0,1,UNDER,UNDER,match,1,1,,,,both-null,0.2401,0.2401,match,1784992359459
2250396,2026-04-26,ATH@TEX 2026-04-26,822911,2,0,2,2-0,0.5,4.5,43.98,39.53,52.67,2.22,2.05,0.4,LOSS,LOSS,match,0,0,WIN,WIN,WIN,match-both-conv,0,1,1,1,UNDER,UNDER,match,1,1,0.313824,0.313824,0.156262,match-away-base,0.16,0.16,match,1784992359459
2250397,2026-04-26,MIA@SF 2026-04-26,823230,3,1,4,3-1,0.5,3.5,41.01,42.6,49.05,2.13,2.19,0.48,LOSS,LOSS,match,0,0,LOSS,LOSS,WIN,match-prob-conv,1,0,0,1,OVER,OVER,match,0,0,0.347982,0.347982,0.181476,match-away-base,0.2704,0.2704,match,1784992359459
2250398,2026-04-26,CHC@LAD 2026-04-26,823959,0,3,3,0-3,0.5,4.5,40.46,43.78,48.03,2.29,2.41,0.4,WIN,WIN,match,1,1,WIN,WIN,LOSS,match-prob-conv,1,1,1,0,UNDER,UNDER,match,1,1,0.163701,0.163701,0.316069,match-away-base,0.16,0.16,match,1784992359459
2250399,2026-04-26,LAA@KC 2026-04-26,824122,6,1,7,6-1,0.5,4.5,46.38,38.27,54.79,2.6,2.27,0.48,LOSS,LOSS,match,0,0,WIN,WIN,WIN,match-both-conv,0,1,1,1,OVER,OVER,match,0,0,0.28751,0.28751,0.146459,match-away-base,0.2704,0.2704,match,1784992359459
2252691,2026-04-26,SD@ARI 2026-04-26,825094,6,1,7,6-1,-0.5,8.5,38.12,47.46,44.55,2.59,3.01,0.19,LOSS,LOSS,match,0,0,LOSS,LOSS,LOSS,match-both-conv,0,0,0,0,UNDER,UNDER,match,1,1,0.382913,0.382913,0.225245,match-away-base,0.0361,0.0361,match,1784992359459
2250400,2026-04-27,TB@CLE 2026-04-27,824446,0,2,2,0-2,,,45.2,37.57,54.61,2.11,1.84,0.36,WIN,WIN,match,1,1,,,,both-null,0,,,,,,both-null,,,0.204304,0.204304,0.38975,match-away-base,,,both-null,1784992359459
2250401,2026-04-27,STL@PIT 2026-04-27,823395,0,2,2,0-2,,,38.45,45.67,45.71,2.14,2.42,0.44,WIN,WIN,match,1,1,,,,both-null,0,,,,,,both-null,,,0.14784,0.14784,0.295175,match-away-base,,,both-null,1784992359459
2250402,2026-04-27,BOS@TOR 2026-04-27,822825,3,0,3,3-0,,,41.44,43.6,48.73,2.54,2.63,0.58,LOSS,LOSS,match,0,0,,,,both-null,0,,,,,,both-null,,,0.342927,0.342927,0.190096,match-away-base,,,both-null,1784992359459
2250403,2026-04-27,SEA@MIN 2026-04-27,823719,2,7,9,2-7,,,47.38,37.29,55.95,2.64,2.23,0.42,WIN,WIN,match,1,1,,,,both-null,0,,,,,,both-null,,,0.224486,0.224486,0.393254,match-away-base,,,both-null,1784992359459
2250404,2026-04-27,LAA@CWS 2026-04-27,824609,4,1,5,4-1,,,38.24,46.48,45.13,2.33,2.67,0.44,LOSS,LOSS,match,0,0,,,,both-null,0,,,,,,both-null,,,0.38143,0.38143,0.216039,match-away-base,,,both-null,1784992359459
2250405,2026-04-27,NYY@TEX 2026-04-27,822906,4,0,4,4-0,,,46.54,34.64,57.33,1.85,1.48,0.27,LOSS,LOSS,match,0,0,,,,both-null,0,,,,,,both-null,,,0.285797,0.285797,0.119993,match-away-base,,,both-null,1784992359459
2250406,2026-04-27,CHC@SD 2026-04-27,823311,5,6,11,5-6,,,43.29,40.35,51.76,2.22,2.11,0.48,WIN,WIN,match,1,1,,,,both-null,0,,,,,,both-null,,,0.187402,0.187402,0.355812,match-away-base,,,both-null,1784992359459
2250407,2026-04-27,MIA@LAD 2026-04-27,823961,4,2,6,4-2,,,30.84,53.49,36.57,1.84,2.74,0.44,LOSS,LOSS,match,0,0,,,,both-null,0,,,,,,both-null,,,0.478311,0.478311,0.286118,match-away-base,,,both-null,1784992359459
2250408,2026-04-28,TB@CLE 2026-04-28,824447,1,0,1,1-0,0.5,0.5,40.65,42.34,48.98,1.99,2.05,0.44,LOSS,LOSS,match,0,0,LOSS,LOSS,WIN,match-prob-conv,1,0,0,1,OVER,OVER,match,0,0,0.352242,0.352242,0.179268,match-away-base,0.3136,0.3136,match,1784992359459
2250409,2026-04-28,HOU@BAL 2026-04-28,824849,1,4,5,1-4,0.5,4.5,39.3,45.99,46.08,2.53,2.82,0.48,WIN,WIN,match,1,1,WIN,WIN,LOSS,match-prob-conv,1,1,1,0,OVER,OVER,match,0,0,0.154449,0.154449,0.291708,match-away-base,0.2704,0.2704,match,1784992359459
2250410,2026-04-28,COL@CIN 2026-04-28,824526,2,4,6,2-4,0.5,5.5,35.17,49.79,41.4,2.22,2.84,0.44,WIN,WIN,match,1,1,WIN,WIN,WIN,match-both-conv,0,1,1,1,OVER,OVER,match,0,0,0.123693,0.123693,0.252104,match-away-base,0.3136,0.3136,match,1784992359459
2250411,2026-04-28,STL@PIT 2026-04-28,823390,6,0,6,6-0,0.5,4.5,42.7,40.8,51.13,2.17,2.1,0.4,LOSS,LOSS,match,0,0,WIN,WIN,WIN,match-both-conv,0,1,1,1,OVER,OVER,match,0,0,0.328329,0.328329,0.166464,match-away-base,0.36,0.36,match,1784992359459
2250412,2026-04-28,SF@PHI 2026-04-28,823473,0,1,1,0-1,0.5,1.5,37.75,46.3,44.91,2.12,2.46,0.44,WIN,WIN,match,1,1,WIN,WIN,LOSS,match-prob-conv,1,1,1,0,UNDER,UNDER,match,1,1,0.142506,0.142506,0.288369,match-away-base,0.1936,0.1936,match,1784992359459
2250413,2026-04-28,BOS@TOR 2026-04-28,822823,0,3,3,0-3,-0.5,4.5,36.86,48.8,43.03,2.54,3.08,0.63,WIN,WIN,match,1,1,WIN,WIN,WIN,match-both-conv,0,1,1,1,UNDER,UNDER,match,0,0,0.135866,0.135866,0.262144,match-away-base,0.3969,0.3969,match,1784992359459
2250414,2026-04-28,WSH@NYM 2026-04-28,823636,0,8,8,0-8,1.5,4.5,38.82,45.27,46.16,2.16,2.42,0.44,WIN,WIN,match,1,1,WIN,WIN,LOSS,match-prob-conv,1,1,1,0,OVER,OVER,match,0,0,0.150699,0.150699,0.299537,match-away-base,0.3136,0.3136,match,1784992359459
2250415,2026-04-28,DET@ATL 2026-04-28,824931,0,2,2,0-2,0.5,4.5,39.99,43.96,47.63,2.18,2.34,0.44,WIN,WIN,match,1,1,WIN,WIN,LOSS,match-prob-conv,1,1,1,0,UNDER,UNDER,match,1,1,0.15992,0.15992,0.314048,match-away-base,0.1936,0.1936,match,1784992359459
2250416,2026-04-28,SEA@MIN 2026-04-28,823716,0,1,1,0-1,-0.5,3.5,45.81,38.64,54.25,2.56,2.26,0.54,WIN,WIN,match,1,1,LOSS,LOSS,WIN,match-prob-conv,1,0,0,1,UNDER,UNDER,match,0,0,0.209856,0.209856,0.376505,match-away-base,0.2916,0.2916,match,1784992359459
2250417,2026-04-28,LAA@CWS 2026-04-28,824610,1,3,4,1-3,-0.5,3.5,42.15,41.17,50.59,2.12,2.09,0.46,WIN,WIN,match,1,1,LOSS,LOSS,WIN,match-prob-conv,1,0,0,1,OVER,OVER,match,0,0,0.177662,0.177662,0.346097,match-away-base,0.2916,0.2916,match,1784992359459
2250418,2026-04-28,NYY@TEX 2026-04-28,822908,1,0,1,1-0,-0.5,3.5,41.77,39.2,51.59,1.68,1.6,0.33,LOSS,LOSS,match,0,0,WIN,WIN,LOSS,match-prob-conv,1,1,1,0,UNDER,UNDER,match,1,1,0.339073,0.339073,0.153664,match-away-base,0.1089,0.1089,match,1784992359459
2250419,2026-04-28,KC@ATH 2026-04-28,825017,0,1,1,0-1,-0.5,4.5,44.31,41.62,51.57,3.04,2.91,0.49,WIN,WIN,match,1,1,LOSS,LOSS,WIN,match-prob-conv,1,0,0,1,UNDER,UNDER,match,1,1,0.196338,0.196338,0.340822,match-away-base,0.2401,0.2401,match,1784992359459
2250420,2026-04-28,CHC@SD 2026-04-28,823310,2,2,4,2-2,-0.5,4.5,43.12,41.06,51.22,2.36,2.28,0.45,PUSH,PUSH,match,,,LOSS,LOSS,WIN,match-prob-conv,1,0,0,1,UNDER,UNDER,match,1,1,,,,both-null,0.2025,0.2025,match,1784992359459
2250421,2026-04-28,MIA@LAD 2026-04-28,823956,2,0,2,2-0,1.5,4.5,37.24,46.55,44.45,2.02,2.38,0.49,LOSS,LOSS,match,0,0,LOSS,LOSS,WIN,match-prob-conv,1,0,0,1,UNDER,UNDER,match,1,1,0.393882,0.393882,0.21669,match-away-base,0.2401,0.2401,match,1784992359459
2252713,2026-04-28,ARI@MIL 2026-04-28,823798,2,5,7,2-5,0.5,4.5,41.73,42.68,49.44,2.35,2.39,0.46,WIN,WIN,match,1,1,WIN,WIN,LOSS,match-prob-conv,1,1,1,0,OVER,OVER,match,0,0,0.174139,0.174139,0.328558,match-away-base,0.2916,0.2916,match,1784992359459
2250422,2026-04-29,TB@CLE 2026-04-29,824445,0,3,3,0-3,,,41.96,40.4,50.95,1.91,1.86,0.47,WIN,WIN,match,1,1,,,,both-null,0,,,,,,both-null,,,0.176064,0.176064,0.355216,match-away-base,,,both-null,1784992359459
2250423,2026-04-29,LAA@CWS 2026-04-29,824608,1,1,2,1-1,,,45.33,38.9,53.81,2.48,2.22,0.46,PUSH,PUSH,match,,,,,,both-null,0,,,,,,both-null,,,,,,both-null,,,both-null,1784992359459
2250424,2026-04-29,SEA@MIN 2026-04-29,823717,1,2,3,1-2,,,44.74,40.33,52.59,2.71,2.52,0.53,WIN,WIN,match,1,1,,,,both-null,0,,,,,,both-null,,,0.200167,0.200167,0.356051,match-away-base,,,both-null,1784992359459
2250425,2026-04-29,NYY@TEX 2026-04-29,822907,0,2,2,0-2,,,38.73,41.93,48.01,1.55,1.65,0.25,WIN,WIN,match,1,1,,,,both-null,0,,,,,,both-null,,,0.150001,0.150001,0.337212,match-away-base,,,both-null,1784992359459
2250426,2026-04-29,BOS@TOR 2026-04-29,822821,1,7,8,1-7,,,42.77,42.08,50.41,2.54,2.5,0.5,WIN,WIN,match,1,1,,,,both-null,0,,,,,,both-null,,,0.182927,0.182927,0.335473,match-away-base,,,both-null,1784992359459
2250427,2026-04-29,MIA@LAD 2026-04-29,823958,2,1,3,2-1,,,36.07,47.86,42.98,1.99,2.45,0.43,LOSS,LOSS,match,0,0,,,,both-null,0,,,,,,both-null,,,0.408704,0.408704,0.229058,match-away-base,,,both-null,1784992359459
2250428,2026-04-29,CHC@SD 2026-04-29,823312,3,3,6,3-3,,,45.08,38.76,53.77,2.36,2.12,0.37,PUSH,PUSH,match,,,,,,both-null,0,,,,,,both-null,,,,,,both-null,,,both-null,1784992359459
2250430,2026-04-29,COL@CIN 2026-04-29,824525,5,0,5,5-0,,,34.78,50.08,40.98,2.17,2.81,0.38,LOSS,LOSS,match,0,0,,,,both-null,0,,,,,,both-null,,,0.425365,0.425365,0.250801,match-away-base,,,both-null,1784992359459
2250431,2026-04-29,STL@PIT 2026-04-29,823392,3,1,4,3-1,,,37.17,46.32,44.52,1.94,2.28,0.4,LOSS,LOSS,match,0,0,,,,both-null,0,,,,,,both-null,,,0.394761,0.394761,0.214554,match-away-base,,,both-null,1784992359459
2250433,2026-04-29,WSH@NYM 2026-04-29,823633,9,2,11,9-2,,,39.05,45.58,46.14,2.31,2.58,0.55,LOSS,LOSS,match,0,0,,,,both-null,0,,,,,,both-null,,,0.37149,0.37149,0.207754,match-away-base,,,both-null,1784992359459
2250434,2026-04-29,DET@ATL 2026-04-29,824930,3,2,5,3-2,,,46.97,36.69,56.14,2.38,1.99,0.42,LOSS,LOSS,match,0,0,,,,both-null,0,,,,,,both-null,,,0.281218,0.281218,0.134616,match-away-base,,,both-null,1784992359459
2250435,2026-04-29,KC@ATH 2026-04-29,825015,1,4,5,1-4,,,40.54,45.6,47.06,2.92,3.17,0.45,WIN,WIN,match,1,1,,,,both-null,0,,,,,,both-null,,,0.164349,0.164349,0.295936,match-away-base,,,both-null,1784992359459
2252731,2026-04-29,ARI@MIL 2026-04-29,823796,4,2,6,4-2,,,39.88,44.4,47.32,2.27,2.45,0.46,LOSS,LOSS,match,0,0,,,,both-null,0,,,,,,both-null,,,0.361441,0.361441,0.197136,match-away-base,,,both-null,1784992359459
2250436,2026-04-30,DET@ATL 2026-04-30,824929,0,2,2,0-2,0.5,4.5,41.37,42.75,49.18,2.31,2.36,0.45,WIN,WIN,match,1,1,WIN,WIN,LOSS,match-prob-conv,1,1,1,0,UNDER,UNDER,match,1,1,0.171148,0.171148,0.327756,match-away-base,0.2025,0.2025,match,1784992359459
2250437,2026-04-30,HOU@BAL 2026-04-30,824848,0,5,5,0-5,0.5,4.5,38.27,47.86,44.43,2.81,3.27,0.5,WIN,WIN,match,1,1,WIN,WIN,LOSS,match-prob-conv,1,1,1,0,OVER,OVER,match,0,0,0.146459,0.146459,0.271858,match-away-base,0.25,0.25,match,1784992359459
2250438,2026-04-30,STL@PIT 2026-04-30,823391,5,3,8,5-3,1.5,3.5,38.23,45.05,45.91,1.96,2.21,0.46,LOSS,LOSS,match,0,0,LOSS,LOSS,WIN,match-prob-conv,1,0,0,1,OVER,OVER,match,0,0,0.381553,0.381553,0.20295,match-away-base,0.2916,0.2916,match,1784992359459
2250439,2026-04-30,COL@CIN 2026-04-30,824524,2,3,5,2-3,0.5,4.5,37.98,46.54,44.93,2.22,2.57,0.41,WIN,WIN,match,1,1,WIN,WIN,LOSS,match-prob-conv,1,1,1,0,OVER,OVER,match,0,0,0.144248,0.144248,0.285797,match-away-base,0.3481,0.3481,match,1784992359459
2250440,2026-04-30,SF@PHI 2026-04-30,823472,2,1,3,2-1,0.5,3.5,40.88,43.91,48.21,2.45,2.58,0.5,LOSS,LOSS,match,0,0,LOSS,LOSS,WIN,match-prob-conv,1,0,0,1,UNDER,UNDER,match,1,1,0.349517,0.349517,0.192809,match-away-base,0.25,0.25,match,1784992359459
2250441,2026-04-30,WSH@NYM 2026-04-30,823634,3,3,6,3-3,0.5,4.5,34.65,49.48,41.18,1.99,2.58,0.51,PUSH,PUSH,match,,,LOSS,LOSS,LOSS,match-both-conv,0,0,0,0,OVER,OVER,match,1,1,,,,both-null,0.2401,0.2401,match,1784992359459
2250442,2026-04-30,KC@ATH 2026-04-30,825016,2,5,7,2-5,3.5,7.5,42.1,43.38,49.25,2.73,2.8,0.44,WIN,WIN,match,1,1,LOSS,LOSS,WIN,match-prob-conv,1,0,0,1,UNDER,UNDER,match,1,1,0.177241,0.177241,0.320582,match-away-base,0.1936,0.1936,match,1784992359459
2250443,2026-04-30,TOR@MIN 2026-04-30,823714,1,2,3,1-2,-0.5,4.5,47.84,36.98,56.4,2.73,2.28,0.5,WIN,WIN,match,1,1,LOSS,LOSS,WIN,match-prob-conv,1,0,0,1,UNDER,UNDER,match,1,1,0.228867,0.228867,0.397152,match-away-base,0.25,0.25,match,1784992359459
2252739,2026-04-30,ARI@MIL 2026-04-30,823795,1,8,9,1-8,0.5,3.5,40.34,43.45,48.14,2.15,2.26,0.49,WIN,WIN,match,1,1,WIN,WIN,LOSS,match-prob-conv,1,1,1,0,OVER,OVER,match,0,0,0.162732,0.162732,0.31979,match-away-base,0.2601,0.2601,match,1784992359459
3270003,2026-04-30,HOU@BAL 2026-04-30 G2,824850,11,3,,11-3,-5.5,5.5,38.21,47.9,44.37,2.79,3.26,0.61,LOSS,LOSS,match,0,0,LOSS,LOSS,LOSS,match-both-conv,0,0,0,0,OVER,OVER,match,1,1,0.3818,0.3818,0.229441,match-away-base,0.1521,0.1521,match,1784992359459
3270004,2026-04-30,SF@PHI 2026-04-30 G2,823471,2,4,,2-4,0.5,4.5,40.86,43.96,48.17,2.44,2.57,0.57,WIN,WIN,match,1,1,WIN,WIN,LOSS,match-prob-conv,1,1,1,0,OVER,OVER,match,1,1,0.166954,0.166954,0.314048,match-away-base,0.1849,0.1849,match,1784992359459
2250444,2026-05-01,TEX@DET 2026-05-01,824287,4,4,8,4-4,-0.5,4.5,38.99,45.48,46.16,2.28,2.54,0.48,PUSH,PUSH,match,,,WIN,WIN,WIN,match-both-conv,0,1,1,1,OVER,OVER,match,0,0,,,,both-null,0.2704,0.2704,match,1784992359459
2250445,2026-05-01,CIN@PIT 2026-05-01,823389,0,8,8,0-8,0.5,4.5,44.32,39.72,52.74,2.38,2.2,0.44,WIN,WIN,match,1,1,LOSS,LOSS,LOSS,match-both-conv,0,0,0,0,OVER,OVER,match,0,0,0.196426,0.196426,0.363368,match-away-base,0.3136,0.3136,match,1784992359459
2250446,2026-05-01,MIL@WSH 2026-05-01,822744,4,0,4,4-0,-2.5,2.5,50.48,35.86,58.47,3.47,2.75,0.63,WIN,WIN,match,1,1,WIN,WIN,LOSS,match-prob-conv,1,1,1,0,OVER,OVER,match,1,1,0.245223,0.245223,0.128594,match-away-base,0.1369,0.1369,match,1784992359459
2250447,2026-05-01,BAL@NYY 2026-05-01,823557,1,5,6,1-5,4.5,4.5,37.1,48.87,43.15,2.67,3.23,0.6,WIN,WIN,match,1,1,LOSS,LOSS,WIN,match-prob-conv,1,0,0,1,OVER,OVER,match,1,1,0.137641,0.137641,0.261428,match-away-base,0.16,0.16,match,1784992359459
2250448,2026-05-01,HOU@BOS 2026-05-01,824772,1,3,4,1-3,-0.5,3.5,41.28,42.4,49.33,2.16,2.21,0.36,WIN,WIN,match,1,1,WIN,WIN,WIN,match-both-conv,0,1,1,1,OVER,OVER,match,0,0,0.170404,0.170404,0.331776,match-away-base,0.4096,0.4096,match,1784992359459
2250449,2026-05-01,SF@TB 2026-05-01,822990,0,2,2,0-2,1.5,4.5,42.44,41.69,50.44,2.32,2.3,0.52,WIN,WIN,match,1,1,LOSS,LOSS,LOSS,match-both-conv,0,0,0,0,UNDER,UNDER,match,0,0,0.180115,0.180115,0.340006,match-away-base,0.2704,0.2704,match,1784992359459
2250450,2026-05-01,PHI@MIA 2026-05-01,823877,2,1,3,2-1,-0.5,4.5,44.48,39.7,52.84,2.43,2.23,0.45,LOSS,LOSS,match,0,0,WIN,WIN,LOSS,match-prob-conv,1,1,1,0,UNDER,UNDER,match,1,1,0.308247,0.308247,0.157609,match-away-base,0.2025,0.2025,match,1784992359459
2250451,2026-05-01,TOR@MIN 2026-05-01,823713,6,2,8,6-2,0.5,4.5,44.19,40.96,51.9,2.7,2.57,0.53,LOSS,LOSS,match,0,0,WIN,WIN,WIN,match-both-conv,0,1,1,1,OVER,OVER,match,1,1,0.311476,0.311476,0.167772,match-away-base,0.2209,0.2209,match,1784992359459
2250452,2026-05-01,LAD@STL 2026-05-01,823066,1,4,5,1-4,-0.5,4.5,52.13,32.09,61.9,2.66,1.87,0.44,LOSS,LOSS,match,0,0,LOSS,LOSS,LOSS,match-both-conv,0,0,0,0,OVER,OVER,match,0,0,0.271754,0.271754,0.461177,match-away-base,0.3136,0.3136,match,1784992359459
2250453,2026-05-01,ATL@COL 2026-05-01,824366,1,6,7,1-6,-0.5,5.5,45.03,40.49,52.65,2.87,2.66,0.39,WIN,WIN,match,1,1,LOSS,LOSS,WIN,match-prob-conv,1,0,0,1,OVER,OVER,match,0,0,0.20277,0.20277,0.354144,match-away-base,0.3721,0.3721,match,1784992359459
2250454,2026-05-01,NYM@LAA 2026-05-01,824041,0,3,3,0-3,0.5,4.5,47.35,36.95,56.17,2.55,2.14,0.4,WIN,WIN,match,1,1,LOSS,LOSS,LOSS,match-both-conv,0,0,0,0,UNDER,UNDER,match,1,1,0.224202,0.224202,0.39753,match-away-base,0.16,0.16,match,1784992359459
2250455,2026-05-01,CLE@ATH 2026-05-01,825012,5,4,9,5-4,0.5,5.5,45.39,40.08,53.11,2.86,2.63,0.44,LOSS,LOSS,match,0,0,WIN,WIN,WIN,match-both-conv,0,1,1,1,OVER,OVER,match,0,0,0.298225,0.298225,0.160641,match-away-base,0.3136,0.3136,match,1784992359459
2250456,2026-05-01,CWS@SD 2026-05-01,823309,7,0,7,7-0,0.5,4.5,38.09,45.98,45.31,2.14,2.44,0.44,LOSS,LOSS,match,0,0,LOSS,LOSS,WIN,match-prob-conv,1,0,0,1,OVER,OVER,match,0,0,0.383285,0.383285,0.211416,match-away-base,0.3136,0.3136,match,1784992359459
2250457,2026-05-01,KC@SEA 2026-05-01,823146,4,3,7,4-3,0.5,3.5,36.59,46.24,44.18,1.79,2.13,0.42,LOSS,LOSS,match,0,0,LOSS,LOSS,WIN,match-prob-conv,1,0,0,1,OVER,OVER,match,0,0,0.402083,0.402083,0.213814,match-away-base,0.3364,0.3364,match,1784992359459
2252742,2026-05-01,ARI@CHC 2026-05-01,824686,1,6,7,1-6,0.5,3.5,42.41,41.99,50.25,2.38,2.36,0.53,WIN,WIN,match,1,1,LOSS,LOSS,LOSS,match-both-conv,0,0,0,0,OVER,OVER,match,1,1,0.179861,0.179861,0.336516,match-away-base,0.2209,0.2209,match,1784992359459
2250458,2026-05-02,BAL@NYY 2026-05-02,823554,1,6,7,1-6,,,38.83,46.71,45.39,2.59,2.95,0.56,WIN,WIN,match,1,1,,,,both-null,0,,,,,,both-null,,,0.150777,0.150777,0.283982,match-away-base,,,both-null,1784992359459
2250459,2026-05-02,TOR@MIN 2026-05-02,823715,2,4,6,2-4,,,45.2,39.76,53.2,2.68,2.45,0.51,WIN,WIN,match,1,1,,,,both-null,0,,,,,,both-null,,,0.204304,0.204304,0.362886,match-away-base,,,both-null,1784992359459
2250460,2026-05-02,CLE@ATH 2026-05-02,825014,5,4,9,5-4,,,40.53,44.76,47.52,2.58,2.77,0.42,LOSS,LOSS,match,0,0,,,,both-null,0,,,,,,both-null,,,0.353668,0.353668,0.200346,match-away-base,,,both-null,1784992359459
2250461,2026-05-02,CIN@PIT 2026-05-02,823388,4,15,19,4-15,,,42.08,42.05,50.02,2.31,2.31,0.45,WIN,WIN,match,1,1,,,,both-null,0,,,,,,both-null,,,0.177073,0.177073,0.33582,match-away-base,,,both-null,1784992359459
2250462,2026-05-02,MIL@WSH 2026-05-02,822746,3,1,4,3-1,,,46.39,39.24,54.17,2.99,2.67,0.64,LOSS,LOSS,match,0,0,,,,both-null,0,,,,,,both-null,,,0.287403,0.287403,0.153978,match-away-base,,,both-null,1784992359459
2250463,2026-05-02,HOU@BOS 2026-05-02,824771,6,1,7,6-1,,,38.64,44.8,46.31,2,2.23,0.34,LOSS,LOSS,match,0,0,,,,both-null,0,,,,,,both-null,,,0.376505,0.376505,0.200704,match-away-base,,,both-null,1784992359459
2250464,2026-05-02,PHI@MIA 2026-05-02,823876,0,3,3,0-3,,,47.67,36.96,56.33,2.67,2.23,0.48,WIN,WIN,match,1,1,,,,both-null,0,,,,,,both-null,,,0.227243,0.227243,0.397404,match-away-base,,,both-null,1784992359459
2250465,2026-05-02,SF@TB 2026-05-02,822988,0,4,4,0-4,,,39.92,44.56,47.25,2.32,2.51,0.54,WIN,WIN,match,1,1,,,,both-null,0,,,,,,both-null,,,0.159361,0.159361,0.307359,match-away-base,,,both-null,1784992359459
2250466,2026-05-02,LAD@STL 2026-05-02,823067,0,3,3,0-3,,,46.63,38.18,54.98,2.67,2.32,0.44,WIN,WIN,match,1,1,,,,both-null,0,,,,,,both-null,,,0.217436,0.217436,0.382171,match-away-base,,,both-null,1784992359459
2250467,2026-05-02,TEX@DET 2026-05-02,824284,1,5,6,1-5,,,41.3,43.18,48.89,2.37,2.45,0.48,WIN,WIN,match,1,1,,,,both-null,0,,,,,,both-null,,,0.170569,0.170569,0.322851,match-away-base,,,both-null,1784992359459
2250468,2026-05-02,ATL@COL 2026-05-02,824365,8,1,9,8-1,,,,,,,,,,,both-null,,,,,,both-null,0,,,,,,both-null,,,,,,both-null,,,both-null,
2250469,2026-05-02,CWS@SD 2026-05-02,823308,0,0,0,0-0,,,37.55,47.08,44.37,2.25,2.65,0.55,PUSH,PUSH,match,,,,,,both-null,0,,,,,,both-null,,,,,,both-null,,,both-null,1784992359459
2250470,2026-05-02,NYM@LAA 2026-05-02,824042,1,3,4,1-3,,,48.29,35.4,57.71,2.4,1.91,0.41,WIN,WIN,match,1,1,,,,both-null,0,,,,,,both-null,,,0.233192,0.233192,0.417316,match-away-base,,,both-null,1784992359459
2250471,2026-05-02,KC@SEA 2026-05-02,823144,1,2,3,1-2,,,36.46,47.93,43.2,2.14,2.6,0.53,WIN,WIN,match,1,1,,,,both-null,0,,,,,,both-null,,,0.132933,0.132933,0.271128,match-away-base,,,both-null,1784992359459
2252759,2026-05-02,ARI@CHC 2026-05-02,824685,0,1,1,0-1,,,44.41,39.68,52.81,2.38,2.2,0.51,WIN,WIN,match,1,1,,,,both-null,0,,,,,,both-null,,,0.197225,0.197225,0.36385,match-away-base,,,both-null,1784992359459
2250472,2026-05-03,TOR@MIN 2026-05-03,823711,0,4,4,0-4,0.5,4.5,44.23,40.7,52.08,2.62,2.47,0.51,WIN,WIN,match,1,1,LOSS,LOSS,LOSS,match-both-conv,0,0,0,0,UNDER,UNDER,match,0,0,0.195629,0.195629,0.351649,match-away-base,0.2601,0.2601,match,1784992359459
2250473,2026-05-03,HOU@BOS 2026-05-03,824769,0,1,1,0-1,0.5,4.5,42.17,41.65,50.31,2.22,2.2,0.42,WIN,WIN,match,1,1,LOSS,LOSS,LOSS,match-both-conv,0,0,0,0,UNDER,UNDER,match,1,1,0.177831,0.177831,0.340472,match-away-base,0.1764,0.1764,match,1784992359459
2250474,2026-05-03,CIN@PIT 2026-05-03,823387,0,0,0,0-0,0.5,3.5,43.1,41.32,51.06,2.43,2.36,0.54,PUSH,PUSH,match,,,WIN,WIN,WIN,match-both-conv,0,1,1,1,UNDER,UNDER,match,0,0,,,,both-null,0.2916,0.2916,match,1784992359459
2250475,2026-05-03,BAL@NYY 2026-05-03,823555,3,3,6,3-3,1.5,4.5,34.22,50.93,40.19,2.23,2.95,0.46,PUSH,PUSH,match,,,LOSS,LOSS,WIN,match-prob-conv,1,0,0,1,OVER,OVER,match,0,0,,,,both-null,0.2916,0.2916,match,1784992359459
2250476,2026-05-03,MIL@WSH 2026-05-03,822742,1,2,3,1-2,-0.5,4.5,44.47,41.04,52,2.84,2.68,0.56,WIN,WIN,match,1,1,LOSS,LOSS,WIN,match-prob-conv,1,0,0,1,UNDER,UNDER,match,0,0,0.197758,0.197758,0.347628,match-away-base,0.3136,0.3136,match,1784992359459
2250477,2026-05-03,SF@TB 2026-05-03,822987,1,0,1,1-0,0.5,4.5,39.4,44.07,47.2,2.02,2.19,0.4,LOSS,LOSS,match,0,0,LOSS,LOSS,WIN,match-prob-conv,1,0,0,1,UNDER,UNDER,match,1,1,0.367236,0.367236,0.194216,match-away-base,0.16,0.16,match,1784992359459
2250478,2026-05-03,PHI@MIA 2026-05-03,823875,7,0,7,7-0,-0.5,4.5,50.88,33.26,60.47,2.63,1.94,0.44,WIN,WIN,match,1,1,WIN,WIN,WIN,match-both-conv,0,1,1,1,OVER,OVER,match,0,0,0.241277,0.241277,0.110623,match-away-base,0.3136,0.3136,match,1784992359459
2250479,2026-05-03,LAD@STL 2026-05-03,823065,3,0,3,3-0,-0.5,5.5,49.22,35.68,57.97,2.8,2.23,0.38,LOSS,LOSS,match,0,0,WIN,WIN,WIN,match-both-conv,0,1,1,1,UNDER,UNDER,match,1,1,0.257861,0.257861,0.127306,match-away-base,0.1444,0.1444,match,1784992359459
2250480,2026-05-03,ATL@COL 2026-05-03,824364,6,5,11,6-5,-0.5,5.5,45.29,40.34,52.89,2.93,2.71,0.4,LOSS,LOSS,match,0,0,WIN,WIN,LOSS,match-prob-conv,1,1,1,0,OVER,OVER,match,0,0,0.299318,0.299318,0.162732,match-away-base,0.36,0.36,match,1784992359459
2250481,2026-05-03,CLE@ATH 2026-05-03,825013,1,4,5,1-4,-0.5,5.5,40.93,45.12,47.57,2.92,3.12,0.5,WIN,WIN,match,1,1,WIN,WIN,WIN,match-both-conv,0,1,1,1,UNDER,UNDER,match,1,1,0.167526,0.167526,0.301181,match-away-base,0.25,0.25,match,1784992359459
2250482,2026-05-03,NYM@LAA 2026-05-03,824043,2,1,3,2-1,-0.5,4.5,55.51,29.91,64.98,3.18,2.06,0.47,WIN,WIN,match,1,1,WIN,WIN,WIN,match-both-conv,0,1,1,1,UNDER,UNDER,match,1,1,0.197936,0.197936,0.089461,match-away-base,0.2209,0.2209,match,1784992359459
2250483,2026-05-03,KC@SEA 2026-05-03,823145,3,1,4,3-1,-0.5,4.5,38.99,43.84,47.07,1.89,2.06,0.36,LOSS,LOSS,match,0,0,LOSS,LOSS,LOSS,match-both-conv,0,0,0,0,UNDER,UNDER,match,1,1,0.372222,0.372222,0.192195,match-away-base,0.1296,0.1296,match,1784992359459
2250484,2026-05-03,CWS@SD 2026-05-03,823307,1,3,4,1-3,0.5,4.5,36.95,47.21,43.9,2.12,2.52,0.45,WIN,WIN,match,1,1,WIN,WIN,LOSS,match-prob-conv,1,1,1,0,UNDER,UNDER,match,1,1,0.13653,0.13653,0.278678,match-away-base,0.2025,0.2025,match,1784992359459
2250485,2026-05-03,TEX@DET 2026-05-03,824285,0,2,2,0-2,0.5,4.5,41.07,42.71,49.02,2.18,2.24,0.42,WIN,WIN,match,1,1,WIN,WIN,LOSS,match-prob-conv,1,1,1,0,UNDER,UNDER,match,1,1,0.168674,0.168674,0.328214,match-away-base,0.1764,0.1764,match,1784992359459
2252780,2026-05-03,ARI@CHC 2026-05-03,824687,2,6,8,2-6,0.5,6.5,40.99,43.13,48.73,2.24,2.33,0.23,WIN,WIN,match,1,1,WIN,WIN,LOSS,match-prob-conv,1,1,1,0,OVER,OVER,match,0,0,0.168018,0.168018,0.32342,match-away-base,0.5929,0.5929,match,1784992359459
2250486,2026-05-04,BOS@DET 2026-05-04,824283,0,0,0,0-0,,,31.96,52.87,37.68,2.01,2.88,0.55,PUSH,PUSH,match,,,,,,both-null,0,,,,,,both-null,,,,,,both-null,,,both-null,1784992359459
2250487,2026-05-04,TOR@TB 2026-05-04,822984,1,3,4,1-3,,,44.53,39.83,52.79,2.46,2.27,0.53,WIN,WIN,match,1,1,,,,both-null,0,,,,,,both-null,,,0.198292,0.198292,0.362043,match-away-base,,,both-null,1784992359459
2250488,2026-05-04,PHI@MIA 2026-05-04,823874,1,0,1,1-0,,,42.19,41.9,50.18,2.31,2.3,0.45,LOSS,LOSS,match,0,0,,,,both-null,0,,,,,,both-null,,,0.3342,0.3342,0.175561,match-away-base,,,both-null,1784992359459
2250489,2026-05-04,BAL@NYY 2026-05-04,823552,0,3,3,0-3,,,37.6,47.56,44.15,2.42,2.85,0.53,WIN,WIN,match,1,1,,,,both-null,0,,,,,,both-null,,,0.141376,0.141376,0.274995,match-away-base,,,both-null,1784992359459
2250490,2026-05-04,CIN@CHC 2026-05-04,824684,3,3,6,3-3,,,42.39,41.69,50.41,2.32,2.29,0.24,PUSH,PUSH,match,,,,,,both-null,0,,,,,,both-null,,,,,,both-null,,,both-null,1784992359459
2250491,2026-05-04,CLE@KC 2026-05-04,824120,2,4,6,2-4,,,43.84,40.21,52.16,2.35,2.21,0.44,WIN,WIN,match,1,1,,,,both-null,0,,,,,,both-null,,,0.192195,0.192195,0.357484,match-away-base,,,both-null,1784992359459
2250492,2026-05-04,MIL@STL 2026-05-04,823064,0,4,4,0-4,,,42.91,41.06,51.1,2.29,2.21,0.43,WIN,WIN,match,1,1,,,,both-null,0,,,,,,both-null,,,0.184127,0.184127,0.347392,match-away-base,,,both-null,1784992359459
2250493,2026-05-04,LAD@HOU 2026-05-04,824201,8,3,11,8-3,,,47.03,37.95,55.35,2.77,2.39,0.46,LOSS,LOSS,match,0,0,,,,both-null,0,,,,,,both-null,,,0.280582,0.280582,0.14402,match-away-base,,,both-null,1784992359459
2250494,2026-05-04,NYM@COL 2026-05-04,824363,0,0,0,0-0,,,,,,,,,,,both-null,,,,,,both-null,0,,,,,,both-null,,,,,,both-null,,,both-null,
2250495,2026-05-04,CWS@LAA 2026-05-04,824039,5,0,5,5-0,,,39.95,43.43,47.91,2.06,2.19,0.4,LOSS,LOSS,match,0,0,,,,both-null,0,,,,,,both-null,,,0.3606,0.3606,0.188616,match-away-base,,,both-null,1784992359459
2250496,2026-05-04,ATL@SEA 2026-05-04,823143,1,0,1,1-0,,,37.28,46.19,44.66,1.95,2.28,0.47,LOSS,LOSS,match,0,0,,,,both-null,0,,,,,,both-null,,,0.39338,0.39338,0.213352,match-away-base,,,both-null,1784992359459
2250497,2026-05-04,SD@SF 2026-05-04,823228,1,2,3,1-2,,,42.38,40.71,51.01,2.07,2,0.38,WIN,WIN,match,1,1,,,,both-null,0,,,,,,both-null,,,0.179606,0.179606,0.35153,match-away-base,,,both-null,1784992359459
2250498,2026-05-05,BOS@DET 2026-05-05,824281,10,3,13,10-3,0.5,4.5,43.16,41.08,51.23,2.4,2.32,0.46,LOSS,LOSS,match,0,0,WIN,WIN,WIN,match-both-conv,0,1,1,1,OVER,OVER,match,0,0,0.323079,0.323079,0.168757,match-away-base,0.2916,0.2916,match,1784992359459
2250499,2026-05-05,TOR@TB 2026-05-05,822986,3,2,5,3-2,0.5,3.5,44.01,39.74,52.55,2.28,2.12,0.49,LOSS,LOSS,match,0,0,WIN,WIN,WIN,match-both-conv,0,1,1,1,OVER,OVER,match,0,0,0.313488,0.313488,0.157927,match-away-base,0.2601,0.2601,match,1784992359459
2250500,2026-05-05,ATH@PHI 2026-05-05,823469,0,1,1,0-1,0.5,4.5,36.76,47.61,43.57,2.15,2.59,0.41,WIN,WIN,match,1,1,WIN,WIN,LOSS,match-prob-conv,1,1,1,0,UNDER,UNDER,match,1,1,0.13513,0.13513,0.274471,match-away-base,0.1681,0.1681,match,1784992359459
2250501,2026-05-05,BAL@MIA 2026-05-05,823873,7,4,11,7-4,0.5,4.5,40.8,43.06,48.65,2.18,2.26,0.43,LOSS,LOSS,match,0,0,LOSS,LOSS,WIN,match-prob-conv,1,0,0,1,OVER,OVER,match,0,0,0.350464,0.350464,0.185416,match-away-base,0.3249,0.3249,match,1784992359459
2250502,2026-05-05,MIN@WSH 2026-05-05,822743,6,2,8,6-2,-0.5,4.5,44.85,40.89,52.31,2.96,2.78,0.46,LOSS,LOSS,match,0,0,WIN,WIN,LOSS,match-prob-conv,1,1,1,0,OVER,OVER,match,0,0,0.304152,0.304152,0.167199,match-away-base,0.2916,0.2916,match,1784992359459
2250503,2026-05-05,TEX@NYY 2026-05-05,823553,3,3,6,3-3,-0.5,4.5,41.37,43.47,48.76,2.47,2.56,0.44,PUSH,PUSH,match,,,WIN,WIN,WIN,match-both-conv,0,1,1,1,OVER,OVER,match,0,0,,,,both-null,0.3136,0.3136,match,1784992359459
2250504,2026-05-05,CIN@CHC 2026-05-05,824682,1,0,1,1-0,0.5,4.5,38.69,45.18,46.14,2.1,2.34,0.43,LOSS,LOSS,match,0,0,LOSS,LOSS,WIN,match-prob-conv,1,0,0,1,UNDER,UNDER,match,1,1,0.375892,0.375892,0.204123,match-away-base,0.1849,0.1849,match,1784992359459
2250505,2026-05-05,CLE@KC 2026-05-05,824119,3,4,7,3-4,-0.5,4.5,40.13,43.39,48.05,2.07,2.19,0.47,WIN,WIN,match,1,1,WIN,WIN,WIN,match-both-conv,0,1,1,1,OVER,OVER,match,0,0,0.161042,0.161042,0.320469,match-away-base,0.2809,0.2809,match,1784992359459
2250507,2026-05-05,LAD@HOU 2026-05-05,824200,0,2,2,0-2,-0.5,4.5,50.47,34.55,59.37,2.9,2.22,0.51,LOSS,LOSS,match,0,0,LOSS,LOSS,LOSS,match-both-conv,0,0,0,0,UNDER,UNDER,match,0,0,0.254722,0.254722,0.42837,match-away-base,0.2601,0.2601,match,1784992359459
2250509,2026-05-05,CWS@LAA 2026-05-05,824040,2,4,6,2-4,0.5,5.5,47.6,37.62,55.86,2.88,2.44,0.48,WIN,WIN,match,1,1,LOSS,LOSS,LOSS,match-both-conv,0,0,0,0,OVER,OVER,match,0,0,0.226576,0.226576,0.389126,match-away-base,0.2704,0.2704,match,1784992359459
2250510,2026-05-05,ATL@SEA 2026-05-05,823142,2,2,4,2-2,0.5,4.5,40.09,43.56,47.93,2.11,2.24,0.48,PUSH,PUSH,match,,,LOSS,LOSS,WIN,match-prob-conv,1,0,0,1,UNDER,UNDER,match,1,1,,,,both-null,0.2304,0.2304,match,1784992359459
2250511,2026-05-05,SD@SF 2026-05-05,823227,7,4,11,7-4,0.5,4.5,40.3,42.92,48.43,2.02,2.11,0.45,LOSS,LOSS,match,0,0,LOSS,LOSS,WIN,match-prob-conv,1,0,0,1,OVER,OVER,match,0,0,0.356409,0.356409,0.184213,match-away-base,0.3025,0.3025,match,1784992359459
2252811,2026-05-05,PIT@ARI 2026-05-05,825092,0,2,2,0-2,0.5,4.5,44.77,40.26,52.65,2.69,2.5,0.46,WIN,WIN,match,1,1,LOSS,LOSS,LOSS,match-both-conv,0,0,0,0,UNDER,UNDER,match,1,1,0.200435,0.200435,0.356887,match-away-base,0.2116,0.2116,match,1784992359459
2250512,2026-05-06,TOR@TB 2026-05-06,822985,0,2,2,0-2,,,43.47,40.78,51.6,2.37,2.27,0.52,WIN,WIN,match,1,1,,,,both-null,0,,,,,,both-null,,,0.188964,0.188964,0.350701,match-away-base,,,both-null,1784992359459
2250513,2026-05-06,MIL@STL 2026-05-06,823063,5,0,5,5-0,,,,,,,,,,,both-null,,,,,,both-null,0,,,,,,both-null,,,,,,both-null,,,both-null,
2250514,2026-05-06,LAD@HOU 2026-05-06,824198,10,1,11,10-1,,,58.23,27.93,67.59,3.59,2.17,0.52,WIN,WIN,match,1,1,,,,both-null,0,,,,,,both-null,,,0.174473,0.174473,0.078008,match-away-base,,,both-null,1784992359459
2250515,2026-05-06,NYM@COL 2026-05-06,824361,4,0,4,4-0,,,,,,,,,,,both-null,,,,,,both-null,0,,,,,,both-null,,,,,,both-null,,,both-null,
2250516,2026-05-06,SD@SF 2026-05-06,823226,1,1,2,1-1,,,41.05,41.87,49.51,2,2.02,0.37,PUSH,PUSH,match,,,,,,both-null,0,,,,,,both-null,,,,,,both-null,,,both-null,1784992359459
2250517,2026-05-06,CWS@LAA 2026-05-06,824036,1,7,8,1-7,,,42.03,41.76,50.16,2.23,2.22,0.43,WIN,WIN,match,1,1,,,,both-null,0,,,,,,both-null,,,0.176652,0.176652,0.33919,match-away-base,,,both-null,1784992359459
2250518,2026-05-06,ATL@SEA 2026-05-06,823141,0,1,1,0-1,,,35.38,47.8,42.53,1.81,2.26,0.38,WIN,WIN,match,1,1,,,,both-null,0,,,,,,both-null,,,0.125174,0.125174,0.272484,match-away-base,,,both-null,1784992359459
2250519,2026-05-06,BOS@DET 2026-05-06,824282,4,0,4,4-0,,,,,,,,,,,both-null,,,,,,both-null,0,,,,,,both-null,,,,,,both-null,,,both-null,
2250520,2026-05-06,ATH@PHI 2026-05-06,823470,2,1,3,2-1,,,38.86,45.75,45.93,2.31,2.6,0.49,LOSS,LOSS,match,0,0,,,,both-null,0,,,,,,both-null,,,0.37381,0.37381,0.209306,match-away-base,,,both-null,1784992359459
2250521,2026-05-06,BAL@MIA 2026-05-06,823872,5,3,8,5-3,,,39.21,45.12,46.5,2.25,2.49,0.46,LOSS,LOSS,match,0,0,,,,both-null,0,,,,,,both-null,,,0.369542,0.369542,0.203581,match-away-base,,,both-null,1784992359459
2250522,2026-05-06,MIN@WSH 2026-05-06,822740,2,3,5,2-3,,,43.77,41.88,51.1,2.88,2.79,0.46,WIN,WIN,match,1,1,,,,both-null,0,,,,,,both-null,,,0.191581,0.191581,0.337793,match-away-base,,,both-null,1784992359459
2250523,2026-05-06,TEX@NYY 2026-05-06,823550,6,0,6,6-0,,,45.98,38.75,54.27,2.65,2.35,0.5,LOSS,LOSS,match,0,0,,,,both-null,0,,,,,,both-null,,,0.291816,0.291816,0.150156,match-away-base,,,both-null,1784992359459
2250524,2026-05-06,CIN@CHC 2026-05-06,824683,2,4,6,2-4,,,41.27,42.93,49.01,2.27,2.34,0.45,WIN,WIN,match,1,1,,,,both-null,0,,,,,,both-null,,,0.170321,0.170321,0.325698,match-away-base,,,both-null,1784992359459
2250525,2026-05-06,CLE@KC 2026-05-06,824118,2,1,3,2-1,,,43.22,40.18,51.83,2.17,2.06,0.47,LOSS,LOSS,match,0,0,,,,both-null,0,,,,,,both-null,,,0.322397,0.322397,0.161443,match-away-base,,,both-null,1784992359459
2252828,2026-05-06,PIT@ARI 2026-05-06,825091,1,0,1,1-0,,,42.05,42.45,49.76,2.4,2.41,0.47,LOSS,LOSS,match,0,0,,,,both-null,0,,,,,,both-null,,,0.33582,0.33582,0.1802,match-away-base,,,both-null,1784992359459
2250508,2026-05-07,NYM@COL 2026-05-07,824362,2,1,3,2-1,-0.5,4.5,52.27,33.58,60.88,3.28,2.42,0.46,WIN,WIN,match,1,1,WIN,WIN,WIN,match-both-conv,0,1,1,1,UNDER,UNDER,match,1,1,0.227815,0.227815,0.112762,match-away-base,0.2116,0.2116,match,1784992359459
2250526,2026-05-07,TEX@NYY 2026-05-07,823551,2,1,3,2-1,,,,,,,,,,,both-null,,,,,,both-null,0,,,,,,both-null,,,,,,both-null,,,both-null,
2250527,2026-05-07,MIN@WSH 2026-05-07,822741,3,5,8,3-5,,,,,,,,,,,both-null,,,,,,both-null,0,,,,,,both-null,,,,,,both-null,,,both-null,
2250528,2026-05-07,CLE@KC 2026-05-07,824117,4,1,5,4-1,,,,,,,,,,,both-null,,,,,,both-null,0,,,,,,both-null,,,,,,both-null,,,both-null,
2250529,2026-05-07,CIN@CHC 2026-05-07,824681,0,8,8,0-8,,,,,,,,,,,both-null,,,,,,both-null,0,,,,,,both-null,,,,,,both-null,,,both-null,
2250530,2026-05-07,ATH@PHI 2026-05-07,823467,10,1,11,10-1,,,,,,,,,,,both-null,,,,,,both-null,0,,,,,,both-null,,,,,,both-null,,,both-null,
2250531,2026-05-07,BAL@MIA 2026-05-07,823870,2,3,5,2-3,,,,,,,,,,,both-null,,,,,,both-null,0,,,,,,both-null,,,,,,both-null,,,both-null,
2250532,2026-05-07,TB@BOS 2026-05-07,824767,3,3,6,3-3,,,,,,,,,,,both-null,,,,,,both-null,0,,,,,,both-null,,,,,,both-null,,,both-null,
2250533,2026-05-07,STL@SD 2026-05-07,823306,1,1,2,1-1,,,,,,,,,,,both-null,,,,,,both-null,0,,,,,,both-null,,,,,,both-null,,,both-null,
2252833,2026-05-07,PIT@ARI 2026-05-07,825090,3,2,5,3-2,,,,,,,,,,,both-null,,,,,,both-null,0,,,,,,both-null,,,,,,both-null,,,both-null,
2250534,2026-05-08,HOU@CIN 2026-05-08,824522,2,0,2,2-0,0.5,4.5,42.35,42.23,50.07,2.44,2.43,0.42,LOSS,LOSS,match,0,0,WIN,WIN,WIN,match-both-conv,0,1,1,1,UNDER,UNDER,match,1,1,0.332352,0.332352,0.178337,match-away-base,0.1764,0.1764,match,1784992359459
2250535,2026-05-08,COL@PHI 2026-05-08,823466,6,0,6,6-0,0.5,2.5,32.59,52.56,38.27,2.15,3.01,0.58,LOSS,LOSS,match,0,0,LOSS,LOSS,LOSS,match-both-conv,0,0,0,0,OVER,OVER,match,1,1,0.454411,0.454411,0.276255,match-away-base,0.1764,0.1764,match,1784992359459
2250536,2026-05-08,ATH@BAL 2026-05-08,824846,3,1,4,3-1,0.5,5.5,40.78,43.71,48.26,2.34,2.46,0.35,LOSS,LOSS,match,0,0,LOSS,LOSS,WIN,match-prob-conv,1,0,0,1,UNDER,UNDER,match,1,1,0.350701,0.350701,0.191056,match-away-base,0.1225,0.1225,match,1784992359459
2250537,2026-05-08,LAA@TOR 2026-05-08,822822,0,2,2,0-2,0.5,2.5,39.11,45.49,46.23,2.31,2.57,0.55,WIN,WIN,match,1,1,WIN,WIN,LOSS,match-prob-conv,1,1,1,0,UNDER,UNDER,match,0,0,0.152959,0.152959,0.297134,match-away-base,0.3025,0.3025,match,1784992359459
2250538,2026-05-08,TB@BOS 2026-05-08,824768,0,2,2,0-2,0.5,4.5,37.91,45.14,45.64,1.89,2.15,0.37,WIN,WIN,match,1,1,WIN,WIN,LOSS,match-prob-conv,1,1,1,0,UNDER,UNDER,match,1,1,0.143717,0.143717,0.300962,match-away-base,0.1369,0.1369,match,1784992359459
2250539,2026-05-08,WSH@MIA 2026-05-08,823871,3,2,5,3-2,-0.5,4.5,40.78,43.41,48.44,2.28,2.38,0.45,LOSS,LOSS,match,0,0,LOSS,LOSS,LOSS,match-both-conv,0,0,0,0,OVER,OVER,match,0,0,0.350701,0.350701,0.188443,match-away-base,0.3025,0.3025,match,1784992359459
2250540,2026-05-08,MIN@CLE 2026-05-08,824443,0,4,4,0-4,0.5,4.5,42.78,40.25,51.52,2.07,1.98,0.44,WIN,WIN,match,1,1,LOSS,LOSS,LOSS,match-both-conv,0,0,0,0,UNDER,UNDER,match,1,1,0.183013,0.183013,0.357006,match-away-base,0.1936,0.1936,match,1784992359459
2250541,2026-05-08,DET@KC 2026-05-08,824116,1,1,2,1-1,0.5,4.5,40.8,43.66,48.31,2.34,2.46,0.47,PUSH,PUSH,match,,,LOSS,LOSS,WIN,match-prob-conv,1,0,0,1,UNDER,UNDER,match,1,1,,,,both-null,0.2209,0.2209,match,1784992359459
2250542,2026-05-08,SEA@CWS 2026-05-08,824607,6,5,11,6-5,-0.5,4.5,48.21,35.98,57.27,2.56,2.07,0.45,LOSS,LOSS,match,0,0,WIN,WIN,LOSS,match-prob-conv,1,1,1,0,OVER,OVER,match,0,0,0.26822,0.26822,0.129456,match-away-base,0.3025,0.3025,match,1784992359459
2250543,2026-05-08,NYY@MIL 2026-05-08,823794,0,5,5,0-5,-0.5,3.5,46.52,37.87,55.12,2.54,2.2,0.53,WIN,WIN,match,1,1,LOSS,LOSS,WIN,match-prob-conv,1,0,0,1,OVER,OVER,match,1,1,0.216411,0.216411,0.386014,match-away-base,0.2209,0.2209,match,1784992359459
2250544,2026-05-08,CHC@TEX 2026-05-08,822904,3,1,4,3-1,-0.5,4.5,42.06,40.45,50.98,1.95,1.9,0.35,LOSS,LOSS,match,0,0,WIN,WIN,LOSS,match-prob-conv,1,1,1,0,UNDER,UNDER,match,1,1,0.335704,0.335704,0.16362,match-away-base,0.1225,0.1225,match,1784992359459
2250545,2026-05-08,STL@SD 2026-05-08,823303,6,0,6,6-0,0.5,4.5,39.24,44.6,46.8,2.12,2.33,0.43,LOSS,LOSS,match,0,0,LOSS,LOSS,WIN,match-prob-conv,1,0,0,1,OVER,OVER,match,0,0,0.369178,0.369178,0.198916,match-away-base,0.3249,0.3249,match,1784992359459
2250546,2026-05-08,ATL@LAD 2026-05-08,823957,1,2,3,1-2,-0.5,3.5,37.65,45.09,45.51,1.83,2.09,0.36,WIN,WIN,match,1,1,WIN,WIN,WIN,match-both-conv,0,1,1,1,UNDER,UNDER,match,1,1,0.141752,0.141752,0.301511,match-away-base,0.1296,0.1296,match,1784992359459
2250547,2026-05-08,PIT@SF 2026-05-08,823225,1,2,3,1-2,0.5,4.5,40.66,42.42,48.94,2,2.06,0.44,WIN,WIN,match,1,1,WIN,WIN,LOSS,match-prob-conv,1,1,1,0,UNDER,UNDER,match,1,1,0.165324,0.165324,0.331546,match-away-base,0.1936,0.1936,match,1784992359459
2252849,2026-05-08,NYM@ARI 2026-05-08,825088,1,1,2,1-1,-0.5,4.5,43.54,41.13,51.43,2.52,2.43,0.49,PUSH,PUSH,match,,,LOSS,LOSS,WIN,match-prob-conv,1,0,0,1,UNDER,UNDER,match,1,1,,,,both-null,0.2401,0.2401,match,1784992359459
2250548,2026-05-09,LAA@TOR 2026-05-09,822820,0,8,8,0-8,0.5,4.5,31.23,54.72,36.34,2.32,3.41,0.58,WIN,WIN,match,1,1,WIN,WIN,WIN,match-both-conv,0,1,1,1,OVER,OVER,match,1,1,0.097531,0.097531,0.205028,match-away-base,0.1764,0.1764,match,1784992359459
2250549,2026-05-09,ATH@BAL 2026-05-09,824847,5,0,5,5-0,0.5,5.5,41.85,43.5,49.03,2.67,2.73,0.49,LOSS,LOSS,match,0,0,LOSS,LOSS,WIN,match-prob-conv,1,0,0,1,UNDER,UNDER,match,1,1,0.338142,0.338142,0.189225,match-away-base,0.2401,0.2401,match,1784992359459
2250550,2026-05-09,HOU@CIN 2026-05-09,824523,1,3,4,1-3,0.5,4.5,41.55,43.04,49.12,2.41,2.47,0.48,WIN,WIN,match,1,1,WIN,WIN,LOSS,match-prob-conv,1,1,1,0,UNDER,UNDER,match,1,1,0.17264,0.17264,0.324444,match-away-base,0.2304,0.2304,match,1784992359459
2250552,2026-05-09,WSH@MIA 2026-05-09,823869,4,2,6,4-2,0.5,4.5,40.92,42.95,48.79,2.2,2.28,0.43,LOSS,LOSS,match,0,0,LOSS,LOSS,WIN,match-prob-conv,1,0,0,1,OVER,OVER,match,0,0,0.349045,0.349045,0.18447,match-away-base,0.3249,0.3249,match,1784992359459
2250553,2026-05-09,COL@PHI 2026-05-09,823468,3,7,10,3-7,3.5,4.5,38.66,46.24,45.53,2.38,2.7,0.51,WIN,WIN,match,1,1,WIN,WIN,LOSS,match-prob-conv,1,1,1,0,OVER,OVER,match,1,1,0.14946,0.14946,0.289014,match-away-base,0.2401,0.2401,match,1784992359459
2250554,2026-05-09,MIN@CLE 2026-05-09,824444,1,1,2,1-1,-0.5,4.5,40.56,41.81,49.24,1.86,1.9,0.4,PUSH,PUSH,match,,,WIN,WIN,WIN,match-both-conv,0,1,1,1,UNDER,UNDER,match,1,1,,,,both-null,0.16,0.16,match,1784992359459
2250555,2026-05-09,CHC@TEX 2026-05-09,822905,0,5,5,0-5,-0.5,5.5,40.99,40.6,50.24,1.75,1.73,0.29,WIN,WIN,match,1,1,LOSS,LOSS,WIN,match-prob-conv,1,0,0,1,UNDER,UNDER,match,1,1,0.168018,0.168018,0.352836,match-away-base,0.0841,0.0841,match,1784992359459
2250556,2026-05-09,DET@KC 2026-05-09,824115,0,5,5,0-5,0.5,5.5,43.84,40.39,52.05,2.4,2.26,0.4,WIN,WIN,match,1,1,LOSS,LOSS,LOSS,match-both-conv,0,0,0,0,UNDER,UNDER,match,1,1,0.192195,0.192195,0.355335,match-away-base,0.16,0.16,match,1784992359459
2250557,2026-05-09,SEA@CWS 2026-05-09,824606,1,5,6,1-5,1.5,5.5,51.03,32.71,60.94,2.5,1.81,0.35,LOSS,LOSS,match,0,0,LOSS,LOSS,LOSS,match-both-conv,0,0,0,0,OVER,OVER,match,0,0,0.260406,0.260406,0.452794,match-away-base,0.4225,0.4225,match,1784992359459
2250558,2026-05-09,NYY@MIL 2026-05-09,823792,2,0,2,2-0,-0.5,2.5,46.97,37.81,55.41,2.68,2.3,0.56,LOSS,LOSS,match,0,0,WIN,WIN,LOSS,match-prob-conv,1,1,1,0,UNDER,UNDER,match,0,0,0.281218,0.281218,0.14296,match-away-base,0.3136,0.3136,match,1784992359459
2250559,2026-05-09,STL@SD 2026-05-09,823304,1,3,4,1-3,0.5,4.5,37.32,46.78,44.38,2.09,2.46,0.44,WIN,WIN,match,1,1,WIN,WIN,LOSS,match-prob-conv,1,1,1,0,UNDER,UNDER,match,1,1,0.139278,0.139278,0.283237,match-away-base,0.1936,0.1936,match,1784992359459
2250560,2026-05-09,PIT@SF 2026-05-09,823224,2,1,3,2-1,-0.5,3.5,43.07,40.08,51.8,2.1,2,0.45,LOSS,LOSS,match,0,0,WIN,WIN,LOSS,match-prob-conv,1,1,1,0,UNDER,UNDER,match,1,1,0.324102,0.324102,0.160641,match-away-base,0.2025,0.2025,match,1784992359459
2250561,2026-05-09,ATL@LAD 2026-05-09,823955,6,0,6,6-0,0.5,4.5,36.25,47.92,43.07,2.06,2.52,0.44,LOSS,LOSS,match,0,0,LOSS,LOSS,WIN,match-prob-conv,1,0,0,1,OVER,OVER,match,0,0,0.406406,0.406406,0.229633,match-away-base,0.3136,0.3136,match,1784992359459
2252864,2026-05-09,NYM@ARI 2026-05-09,825089,1,2,3,1-2,-0.5,5.5,43.92,41.31,51.53,2.75,2.64,0.54,WIN,WIN,match,1,1,LOSS,LOSS,WIN,match-prob-conv,1,0,0,1,UNDER,UNDER,match,0,0,0.192897,0.192897,0.344452,match-away-base,0.2916,0.2916,match,1784992359459
2250562,2026-05-10,WSH@MIA 2026-05-10,823868,2,2,4,2-2,0.5,4.5,38.19,46.19,45.26,2.22,2.55,0.47,PUSH,PUSH,match,,,LOSS,LOSS,WIN,match-prob-conv,1,0,0,1,UNDER,UNDER,match,1,1,,,,both-null,0.2209,0.2209,match,1784992359459
2250563,2026-05-10,ATH@BAL 2026-05-10,824845,1,1,2,1-1,-0.5,5.5,43.44,41.55,51.11,2.63,2.55,0.4,PUSH,PUSH,match,,,LOSS,LOSS,WIN,match-prob-conv,1,0,0,1,UNDER,UNDER,match,1,1,,,,both-null,0.16,0.16,match,1784992359459
2250564,2026-05-10,TB@BOS 2026-05-10,824765,3,0,3,3-0,0.5,4.5,44.76,39.35,53.22,2.39,2.18,0.44,LOSS,LOSS,match,0,0,WIN,WIN,WIN,match-both-conv,0,1,1,1,UNDER,UNDER,match,1,1,0.305146,0.305146,0.154842,match-away-base,0.1936,0.1936,match,1784992359459
2250565,2026-05-10,COL@PHI 2026-05-10,823463,0,5,5,0-5,1.5,4.5,33.28,52.2,38.93,2.28,3.12,0.54,WIN,WIN,match,1,1,WIN,WIN,LOSS,match-prob-conv,1,1,1,0,OVER,OVER,match,1,1,0.110756,0.110756,0.228484,match-away-base,0.2116,0.2116,match,1784992359459
2250566,2026-05-10,LAA@TOR 2026-05-10,822819,4,1,5,4-1,-0.5,4.5,41.25,43.42,48.72,2.41,2.51,0.49,LOSS,LOSS,match,0,0,LOSS,LOSS,LOSS,match-both-conv,0,0,0,0,OVER,OVER,match,0,0,0.345156,0.345156,0.18853,match-away-base,0.2601,0.2601,match,1784992359459
2250567,2026-05-10,HOU@CIN 2026-05-10,824520,0,4,4,0-4,0.5,4.5,39.94,45.01,47.02,2.44,2.67,0.39,WIN,WIN,match,1,1,WIN,WIN,LOSS,match-prob-conv,1,1,1,0,UNDER,UNDER,match,1,1,0.15952,0.15952,0.30239,match-away-base,0.1521,0.1521,match,1784992359459
2250568,2026-05-10,MIN@CLE 2026-05-10,824440,5,2,7,5-2,0.5,3.5,39.36,43.11,47.73,1.85,1.98,0.41,LOSS,LOSS,match,0,0,LOSS,LOSS,WIN,match-prob-conv,1,0,0,1,OVER,OVER,match,0,0,0.367721,0.367721,0.185847,match-away-base,0.3481,0.3481,match,1784992359459
2250569,2026-05-10,SEA@CWS 2026-05-10,824605,1,0,1,1-0,-0.5,4.5,47.88,35.77,57.24,2.38,1.93,0.48,LOSS,LOSS,match,0,0,WIN,WIN,LOSS,match-prob-conv,1,1,1,0,UNDER,UNDER,match,1,1,0.271649,0.271649,0.127949,match-away-base,0.2304,0.2304,match,1784992359459
2250570,2026-05-10,NYY@MIL 2026-05-10,823793,2,3,5,2-3,0.5,4.5,39.9,44.01,47.55,2.17,2.33,0.43,WIN,WIN,match,1,1,WIN,WIN,LOSS,match-prob-conv,1,1,1,0,OVER,OVER,match,0,0,0.159201,0.159201,0.313488,match-away-base,0.3249,0.3249,match,1784992359459
2250571,2026-05-10,CHC@TEX 2026-05-10,822902,0,1,1,0-1,0.5,4.5,40.42,40.25,50.11,1.6,1.6,0.26,WIN,WIN,match,1,1,LOSS,LOSS,LOSS,match-both-conv,0,0,0,0,UNDER,UNDER,match,1,1,0.163378,0.163378,0.357006,match-away-base,0.0676,0.0676,match,1784992359459
2250572,2026-05-10,PIT@SF 2026-05-10,823221,3,2,5,3-2,0.5,4.5,41.75,40.44,50.8,1.87,1.82,0.32,LOSS,LOSS,match,0,0,WIN,WIN,WIN,match-both-conv,0,1,1,1,OVER,OVER,match,0,0,0.339306,0.339306,0.163539,match-away-base,0.4624,0.4624,match,1784992359459
2250573,2026-05-10,STL@SD 2026-05-10,823305,2,0,2,2-0,0.5,4.5,43.04,40.48,51.54,2.19,2.1,0.41,LOSS,LOSS,match,0,0,WIN,WIN,WIN,match-both-conv,0,1,1,1,UNDER,UNDER,match,1,1,0.324444,0.324444,0.163863,match-away-base,0.1681,0.1681,match,1784992359459
2250574,2026-05-10,ATL@LAD 2026-05-10,823954,4,0,4,4-0,0.5,5.5,38.85,45.39,46.12,2.21,2.47,0.34,LOSS,LOSS,match,0,0,LOSS,LOSS,WIN,match-prob-conv,1,0,0,1,UNDER,UNDER,match,1,1,0.373932,0.373932,0.206025,match-away-base,0.1156,0.1156,match,1784992359459
2250575,2026-05-10,DET@KC 2026-05-10,824113,3,3,6,3-3,-2.5,6.5,41.7,42.38,49.6,2.27,2.3,0.44,PUSH,PUSH,match,,,WIN,WIN,WIN,match-both-conv,0,1,1,1,UNDER,UNDER,match,1,1,,,,both-null,0.1936,0.1936,match,1784992359459
2252879,2026-05-10,NYM@ARI 2026-05-10,825085,0,2,2,0-2,-0.5,4.5,40.21,45.44,46.95,2.72,2.95,0.57,WIN,WIN,match,1,1,WIN,WIN,WIN,match-both-conv,0,1,1,1,UNDER,UNDER,match,0,0,0.161684,0.161684,0.297679,match-away-base,0.3249,0.3249,match,1784992359459
2250576,2026-05-11,LAA@CLE 2026-05-11,824441,0,7,7,0-7,0.5,7.5,44.44,38.26,53.73,2.04,1.83,0.35,WIN,WIN,match,1,1,LOSS,LOSS,LOSS,match-both-conv,0,0,0,0,UNDER,UNDER,match,1,1,0.197491,0.197491,0.381183,match-away-base,0.1225,0.1225,match,1784992359459
2250577,2026-05-11,NYY@BAL 2026-05-11,824844,2,0,2,2-0,-0.5,4.5,49.16,35.9,57.8,2.86,2.29,0.52,LOSS,LOSS,match,0,0,WIN,WIN,WIN,match-both-conv,0,1,1,1,UNDER,UNDER,match,0,0,0.258471,0.258471,0.128881,match-away-base,0.2704,0.2704,match,1784992359459
2250578,2026-05-11,TB@TOR 2026-05-11,822818,7,3,10,7-3,-3.5,3.5,42.01,41.77,50.14,2.21,2.2,0.49,LOSS,LOSS,match,0,0,WIN,WIN,LOSS,match-prob-conv,1,1,1,0,OVER,OVER,match,0,0,0.336284,0.336284,0.174473,match-away-base,0.2601,0.2601,match,1784992359459
2250579,2026-05-11,SEA@HOU 2026-05-11,824199,3,1,4,3-1,-0.5,4.5,41.32,42.82,49.11,2.29,2.35,0.45,LOSS,LOSS,match,0,0,LOSS,LOSS,LOSS,match-both-conv,0,0,0,0,UNDER,UNDER,match,1,1,0.344334,0.344334,0.183355,match-away-base,0.2025,0.2025,match,1784992359459
2250580,2026-05-11,SF@LAD 2026-05-11,823953,1,2,3,1-2,0.5,5.5,47.84,36.46,56.75,2.57,2.12,0.34,WIN,WIN,match,1,1,LOSS,LOSS,LOSS,match-both-conv,0,0,0,0,UNDER,UNDER,match,1,1,0.228867,0.228867,0.403733,match-away-base,0.1156,0.1156,match,1784992359459
2252886,2026-05-11,ARI@TEX 2026-05-11,822901,1,0,1,1-0,-0.5,4.5,35.96,45.11,44.36,1.51,1.8,0.27,LOSS,LOSS,match,0,0,LOSS,LOSS,LOSS,match-both-conv,0,0,0,0,UNDER,UNDER,match,1,1,0.410112,0.410112,0.203491,match-away-base,0.0729,0.0729,match,1784992359459
2250581,2026-05-12,LAA@CLE 2026-05-12,824442,0,2,2,0-2,,,45.82,37.39,55.07,2.22,1.91,0.38,WIN,WIN,match,1,1,,,,both-null,0,,,,,,both-null,,,0.209947,0.209947,0.392001,match-away-base,,,both-null,1784992359459
2250582,2026-05-12,NYY@BAL 2026-05-12,824843,6,0,6,6-0,,,48.36,36.59,56.92,2.8,2.3,0.51,LOSS,LOSS,match,0,0,,,,both-null,0,,,,,,both-null,,,0.266669,0.266669,0.133883,match-away-base,,,both-null,1784992359459
2250583,2026-05-12,WSH@CIN 2026-05-12,824521,7,2,9,7-2,,,41.46,43.97,48.53,2.68,2.79,0.43,LOSS,LOSS,match,0,0,,,,both-null,0,,,,,,both-null,,,0.342693,0.342693,0.193336,match-away-base,,,both-null,1784992359459
2250584,2026-05-12,COL@PIT 2026-05-12,823385,0,2,2,0-2,,,26.95,58.09,31.7,1.78,3.07,0.54,WIN,WIN,match,1,1,,,,both-null,0,,,,,,both-null,,,0.07263,0.07263,0.175645,match-away-base,,,both-null,1784992359459
2250585,2026-05-12,PHI@BOS 2026-05-12,824764,2,0,2,2-0,,,56.64,27.46,67.35,2.72,1.6,0.41,WIN,WIN,match,1,1,,,,both-null,0,,,,,,both-null,,,0.188009,0.188009,0.075405,match-away-base,,,both-null,1784992359459
2250586,2026-05-12,TB@TOR 2026-05-12,822817,3,0,3,3-0,,,43.54,39.62,52.36,2.12,1.99,0.38,LOSS,LOSS,match,0,0,,,,both-null,0,,,,,,both-null,,,0.318773,0.318773,0.156974,match-away-base,,,both-null,1784992359459
2250587,2026-05-12,DET@NYM 2026-05-12,823632,2,3,5,2-3,,,38.57,45.21,46.04,2.08,2.34,0.49,WIN,WIN,match,1,1,,,,both-null,0,,,,,,both-null,,,0.148764,0.148764,0.300194,match-away-base,,,both-null,1784992359459
2250588,2026-05-12,CHC@ATL 2026-05-12,824927,2,5,7,2-5,,,38.9,45.84,45.9,2.34,2.63,0.49,WIN,WIN,match,1,1,,,,both-null,0,,,,,,both-null,,,0.151321,0.151321,0.293331,match-away-base,,,both-null,1784992359459
2250589,2026-05-12,KC@CWS 2026-05-12,824604,2,5,7,2-5,,,43.17,39.94,51.94,2.11,1.99,0.38,WIN,WIN,match,1,1,,,,both-null,0,,,,,,both-null,,,0.186365,0.186365,0.36072,match-away-base,,,both-null,1784992359459
2250590,2026-05-12,MIA@MIN 2026-05-12,823712,0,3,3,0-3,,,41.01,43.57,48.49,2.38,2.5,0.42,WIN,WIN,match,1,1,,,,both-null,0,,,,,,both-null,,,0.168182,0.168182,0.318434,match-away-base,,,both-null,1784992359459
2250591,2026-05-12,SD@MIL 2026-05-12,823790,2,6,8,2-6,,,38.29,46.8,45,2.4,2.77,0.52,WIN,WIN,match,1,1,,,,both-null,0,,,,,,both-null,,,0.146612,0.146612,0.283024,match-away-base,,,both-null,1784992359459
2250592,2026-05-12,SEA@HOU 2026-05-12,824197,7,2,9,7-2,,,46.39,38.59,54.59,2.74,2.41,0.52,LOSS,LOSS,match,0,0,,,,both-null,0,,,,,,both-null,,,0.287403,0.287403,0.148919,match-away-base,,,both-null,1784992359459
2250593,2026-05-12,STL@ATH 2026-05-12,825011,4,3,7,4-3,,,39.7,46.28,46.17,2.8,3.12,0.43,LOSS,LOSS,match,0,0,,,,both-null,0,,,,,,both-null,,,0.363609,0.363609,0.214184,match-away-base,,,both-null,1784992359459
2250594,2026-05-12,SF@LAD 2026-05-12,823951,3,2,5,3-2,,,31.24,53.28,36.96,1.9,2.79,0.4,LOSS,LOSS,match,0,0,,,,both-null,0,,,,,,both-null,,,0.472794,0.472794,0.283876,match-away-base,,,both-null,1784992359459
2252900,2026-05-12,ARI@TEX 2026-05-12,822903,1,7,8,1-7,,,40.19,41.81,49.02,1.79,1.85,0.32,WIN,WIN,match,1,1,,,,both-null,0,,,,,,both-null,,,0.161524,0.161524,0.338608,match-away-base,,,both-null,1784992359459
2250595,2026-05-13,LAA@CLE 2026-05-13,824438,2,3,5,2-3,0.5,3.5,37.88,44.1,46.2,1.72,1.92,0.38,WIN,WIN,match,1,1,WIN,WIN,LOSS,match-prob-conv,1,1,1,0,OVER,OVER,match,0,0,0.143489,0.143489,0.312481,match-away-base,0.3844,0.3844,match,1784992359459
2250596,2026-05-13,NYY@BAL 2026-05-13,824841,0,5,5,0-5,-0.5,4.5,53.22,31.81,62.59,2.95,2.04,0.44,LOSS,LOSS,match,0,0,LOSS,LOSS,LOSS,match-both-conv,0,0,0,0,OVER,OVER,match,0,0,0.283237,0.283237,0.464988,match-away-base,0.3136,0.3136,match,1784992359459
2250597,2026-05-13,WSH@CIN 2026-05-13,824519,6,6,12,6-6,0.5,4.5,42.56,41.9,50.39,2.42,2.39,0.41,PUSH,PUSH,match,,,WIN,WIN,WIN,match-both-conv,0,1,1,1,OVER,OVER,match,0,0,,,,both-null,0.3481,0.3481,match,1784992359459
2250598,2026-05-13,COL@PIT 2026-05-13,823386,6,3,9,6-3,0.5,4.5,37.75,45.98,45.08,2.02,2.33,0.41,LOSS,LOSS,match,0,0,LOSS,LOSS,WIN,match-prob-conv,1,0,0,1,OVER,OVER,match,0,0,0.387506,0.387506,0.211416,match-away-base,0.3481,0.3481,match,1784992359459
2250599,2026-05-13,PHI@BOS 2026-05-13,824763,1,1,2,1-1,0.5,4.5,37.81,45.66,45.29,1.99,2.28,0.35,PUSH,PUSH,match,,,LOSS,LOSS,WIN,match-prob-conv,1,0,0,1,UNDER,UNDER,match,1,1,,,,both-null,0.1225,0.1225,match,1784992359459
2250600,2026-05-13,TB@TOR 2026-05-13,822815,0,0,0,0-0,0.5,3.5,41.01,42.9,48.87,2.21,2.28,0.5,PUSH,PUSH,match,,,LOSS,LOSS,WIN,match-prob-conv,1,0,0,1,UNDER,UNDER,match,1,1,,,,both-null,0.25,0.25,match,1784992359459
2250601,2026-05-13,DET@NYM 2026-05-13,823631,2,1,3,2-1,-0.5,4.5,39.7,43.65,47.63,2.02,2.17,0.39,LOSS,LOSS,match,0,0,LOSS,LOSS,LOSS,match-both-conv,0,0,0,0,UNDER,UNDER,match,1,1,0.363609,0.363609,0.190532,match-away-base,0.1521,0.1521,match,1784992359459
2250602,2026-05-13,CHC@ATL 2026-05-13,824928,1,1,2,1-1,-0.5,4.5,49.05,34.85,58.46,2.49,1.94,0.42,PUSH,PUSH,match,,,LOSS,LOSS,LOSS,match-both-conv,0,0,0,0,UNDER,UNDER,match,1,1,,,,both-null,0.1764,0.1764,match,1784992359459
2250603,2026-05-13,KC@CWS 2026-05-13,824603,3,5,8,3-5,-0.5,4.5,40.46,42.66,48.68,2.02,2.1,0.38,WIN,WIN,match,1,1,WIN,WIN,WIN,match-both-conv,0,1,1,1,OVER,OVER,match,0,0,0.163701,0.163701,0.328788,match-away-base,0.3844,0.3844,match,1784992359459
2250604,2026-05-13,MIA@MIN 2026-05-13,823710,8,4,12,8-4,-0.5,4.5,52.31,32.66,61.57,2.93,2.1,0.5,WIN,WIN,match,1,1,WIN,WIN,WIN,match-both-conv,0,1,1,1,OVER,OVER,match,0,0,0.227434,0.227434,0.106668,match-away-base,0.25,0.25,match,1784992359459
2250605,2026-05-13,SD@MIL 2026-05-13,823791,0,1,1,0-1,0.5,3.5,38.66,43.92,46.81,1.83,2.01,0.41,WIN,WIN,match,1,1,WIN,WIN,LOSS,match-prob-conv,1,1,1,0,UNDER,UNDER,match,1,1,0.14946,0.14946,0.314497,match-away-base,0.1681,0.1681,match,1784992359459
2250606,2026-05-13,SEA@HOU 2026-05-13,824195,1,0,1,1-0,-0.5,4.5,44.19,41.23,51.73,2.82,2.68,0.5,LOSS,LOSS,match,0,0,WIN,WIN,LOSS,match-prob-conv,1,1,1,0,UNDER,UNDER,match,1,1,0.311476,0.311476,0.169991,match-away-base,0.25,0.25,match,1784992359459
2250607,2026-05-13,STL@ATH 2026-05-13,825010,1,4,5,1-4,0.5,5.5,40.54,44.85,47.47,2.64,2.84,0.43,WIN,WIN,match,1,1,WIN,WIN,LOSS,match-prob-conv,1,1,1,0,UNDER,UNDER,match,1,1,0.164349,0.164349,0.304152,match-away-base,0.1849,0.1849,match,1784992359459
2250608,2026-05-13,SF@LAD 2026-05-13,823952,0,4,4,0-4,0.5,3.5,33.07,49.47,40.07,1.61,2.17,0.34,WIN,WIN,match,1,1,WIN,WIN,WIN,match-both-conv,0,1,1,1,OVER,OVER,match,0,0,0.109362,0.109362,0.255328,match-away-base,0.4356,0.4356,match,1784992359459
2252915,2026-05-13,ARI@TEX 2026-05-13,822900,0,3,3,0-3,-0.5,4.5,41.01,40.54,50.29,1.74,1.73,0.29,WIN,WIN,match,1,1,LOSS,LOSS,WIN,match-prob-conv,1,0,0,1,UNDER,UNDER,match,1,1,0.168182,0.168182,0.353549,match-away-base,0.0841,0.0841,match,1784992359459
2250609,2026-05-14,COL@PIT 2026-05-14,823383,2,7,9,2-7,0.5,3.5,41.27,42.35,49.36,2.15,2.2,0.48,WIN,WIN,match,1,1,WIN,WIN,LOSS,match-prob-conv,1,1,1,0,OVER,OVER,match,0,0,0.170321,0.170321,0.332352,match-away-base,0.2704,0.2704,match,1784992359459
2250610,2026-05-14,WSH@CIN 2026-05-14,824517,0,9,9,0-9,0.5,4.5,41.06,41.99,49.44,2.02,2.06,0.38,WIN,WIN,match,1,1,WIN,WIN,LOSS,match-prob-conv,1,1,1,0,OVER,OVER,match,0,0,0.168592,0.168592,0.336516,match-away-base,0.3844,0.3844,match,1784992359459
2250611,2026-05-14,DET@NYM 2026-05-14,823630,3,6,9,3-6,0.5,3.5,40.72,41.7,49.4,1.88,1.91,0.41,WIN,WIN,match,1,1,WIN,WIN,LOSS,match-prob-conv,1,1,1,0,OVER,OVER,match,0,0,0.165812,0.165812,0.339889,match-away-base,0.3481,0.3481,match,1784992359459
2250612,2026-05-14,MIA@MIN 2026-05-14,823709,0,6,6,0-6,-0.5,4.5,46.79,38.32,54.98,2.8,2.43,0.53,WIN,WIN,match,1,1,LOSS,LOSS,WIN,match-prob-conv,1,0,0,1,OVER,OVER,match,1,1,0.21893,0.21893,0.380442,match-away-base,0.2209,0.2209,match,1784992359459
2250613,2026-05-14,SD@MIL 2026-05-14,823789,0,7,7,0-7,0.5,4.5,37.1,46.39,44.44,1.96,2.32,0.4,WIN,WIN,match,1,1,WIN,WIN,LOSS,match-prob-conv,1,1,1,0,OVER,OVER,match,0,0,0.137641,0.137641,0.287403,match-away-base,0.36,0.36,match,1784992359459
2250614,2026-05-14,SEA@HOU 2026-05-14,824196,5,1,6,5-1,-0.5,4.5,41.58,44,48.59,2.78,2.89,0.52,LOSS,LOSS,match,0,0,LOSS,LOSS,LOSS,match-both-conv,0,0,0,0,OVER,OVER,match,1,1,0.34129,0.34129,0.1936,match-away-base,0.2304,0.2304,match,1784992359459
2250615,2026-05-14,STL@ATH 2026-05-14,825008,1,1,2,1-1,0.5,5.5,51.78,33.96,60.4,3.23,2.41,0.45,PUSH,PUSH,match,,,WIN,WIN,WIN,match-both-conv,0,1,1,1,UNDER,UNDER,match,1,1,,,,both-null,0.2025,0.2025,match,1784992359459
2250616,2026-05-14,PHI@BOS 2026-05-14,824762,0,0,0,0-0,0.5,3.5,32.71,49.53,39.78,1.55,2.12,0.39,PUSH,PUSH,match,,,LOSS,LOSS,LOSS,match-both-conv,0,0,0,0,UNDER,UNDER,match,1,1,,,,both-null,0.1521,0.1521,match,1784992359459
2250617,2026-05-14,CHC@ATL 2026-05-14,824926,0,0,0,0-0,0.5,1.5,42.75,39.75,51.82,1.96,1.86,0.41,PUSH,PUSH,match,,,WIN,WIN,WIN,match-both-conv,0,1,1,1,UNDER,UNDER,match,1,1,,,,both-null,0.1681,0.1681,match,1784992359459
2250618,2026-05-14,KC@CWS 2026-05-14,824602,1,5,6,1-5,-0.5,4.5,45.18,38.58,53.94,2.32,2.07,0.42,WIN,WIN,match,1,1,LOSS,LOSS,WIN,match-prob-conv,1,0,0,1,OVER,OVER,match,0,0,0.204123,0.204123,0.377242,match-away-base,0.3364,0.3364,match,1784992359459
2250619,2026-05-14,SF@LAD 2026-05-14,823950,2,2,4,2-2,0.5,4.5,41.67,41.71,49.98,2.1,2.09,0.39,PUSH,PUSH,match,,,LOSS,LOSS,WIN,match-prob-conv,1,0,0,1,UNDER,UNDER,match,1,1,,,,both-null,0.1521,0.1521,match,1784992359459
2250620,2026-05-15,PHI@PIT 2026-05-15,823384,3,7,10,3-7,0.5,4.5,35.26,49.1,41.8,2.07,2.63,0.46,WIN,WIN,match,1,1,WIN,WIN,WIN,match-both-conv,0,1,1,1,OVER,OVER,match,0,0,0.124327,0.124327,0.259081,match-away-base,0.2916,0.2916,match,1784992359459
2250621,2026-05-15,BAL@WSH 2026-05-15,822739,0,1,1,0-1,-0.5,1.5,46.98,39.27,54.47,3.33,2.94,0.58,WIN,WIN,match,1,1,LOSS,LOSS,WIN,match-prob-conv,1,0,0,1,UNDER,UNDER,match,0,0,0.220712,0.220712,0.368813,match-away-base,0.3364,0.3364,match,1784992359459
2250622,2026-05-15,TOR@DET 2026-05-15,824280,2,1,3,2-1,-0.5,4.5,42.13,41.38,50.45,2.14,2.12,0.4,LOSS,LOSS,match,0,0,WIN,WIN,LOSS,match-prob-conv,1,1,1,0,UNDER,UNDER,match,1,1,0.334894,0.334894,0.17123,match-away-base,0.16,0.16,match,1784992359459
2250623,2026-05-15,CIN@CLE 2026-05-15,824439,3,0,3,3-0,-1.5,4.5,38.44,44.65,46.27,1.92,2.14,0.38,LOSS,LOSS,match,0,0,LOSS,LOSS,LOSS,match-both-conv,0,0,0,0,UNDER,UNDER,match,1,1,0.378963,0.378963,0.199362,match-away-base,0.1444,0.1444,match,1784992359459
2250624,2026-05-15,MIA@TB 2026-05-15,822983,1,6,7,1-6,0.5,6.5,42.16,40.99,50.7,2.09,2.05,0.38,WIN,WIN,match,1,1,LOSS,LOSS,LOSS,match-both-conv,0,0,0,0,OVER,OVER,match,0,0,0.177747,0.177747,0.348218,match-away-base,0.3844,0.3844,match,1784992359459
2250625,2026-05-15,BOS@ATL 2026-05-15,824925,0,2,2,0-2,0.5,3.5,41.99,41.33,50.4,2.1,2.08,0.39,WIN,WIN,match,1,1,LOSS,LOSS,LOSS,match-both-conv,0,0,0,0,UNDER,UNDER,match,1,1,0.176316,0.176316,0.344217,match-away-base,0.1521,0.1521,match,1784992359459
2250626,2026-05-15,NYY@NYM 2026-05-15,823629,4,0,4,4-0,-0.5,3.5,45.47,36.87,55.22,2.03,1.73,0.4,LOSS,LOSS,match,0,0,WIN,WIN,LOSS,match-prob-conv,1,1,1,0,OVER,OVER,match,0,0,0.297352,0.297352,0.13594,match-away-base,0.36,0.36,match,1784992359459
2250627,2026-05-15,CHC@CWS 2026-05-15,824601,4,3,7,4-3,-0.5,4.5,40.7,43.01,48.62,2.13,2.22,0.41,LOSS,LOSS,match,0,0,LOSS,LOSS,LOSS,match-both-conv,0,0,0,0,OVER,OVER,match,0,0,0.351649,0.351649,0.184986,match-away-base,0.3481,0.3481,match,1784992359459
2250628,2026-05-15,TEX@HOU 2026-05-15,824194,0,1,1,0-1,-0.5,4.5,40.9,44.19,48.07,2.54,2.68,0.52,WIN,WIN,match,1,1,WIN,WIN,WIN,match-both-conv,0,1,1,1,UNDER,UNDER,match,0,0,0.167281,0.167281,0.311476,match-away-base,0.2704,0.2704,match,1784992359459
2250629,2026-05-15,MIL@MIN 2026-05-15,823707,1,0,1,1-0,-0.5,4.5,42.09,42.14,49.97,2.35,2.35,0.4,LOSS,LOSS,match,0,0,LOSS,LOSS,LOSS,match-both-conv,0,0,0,0,UNDER,UNDER,match,1,1,0.335357,0.335357,0.177578,match-away-base,0.16,0.16,match,1784992359459
2250630,2026-05-15,KC@STL 2026-05-15,823061,2,3,5,2-3,-0.5,4.5,46.28,37.49,55.25,2.36,2.03,0.42,WIN,WIN,match,1,1,LOSS,LOSS,WIN,match-prob-conv,1,0,0,1,OVER,OVER,match,0,0,0.214184,0.214184,0.39075,match-away-base,0.3364,0.3364,match,1784992359459
2250631,2026-05-15,LAD@LAA 2026-05-15,824037,4,0,4,4-0,-0.5,5.5,46.31,37.29,55.39,2.3,1.96,0.29,LOSS,LOSS,match,0,0,WIN,WIN,LOSS,match-prob-conv,1,1,1,0,UNDER,UNDER,match,1,1,0.288262,0.288262,0.139054,match-away-base,0.0841,0.0841,match,1784992359459
2250632,2026-05-15,SD@SEA 2026-05-15,823140,1,0,1,1-0,0.5,4.5,38.71,43.81,46.91,1.83,2.01,0.41,LOSS,LOSS,match,0,0,LOSS,LOSS,WIN,match-prob-conv,1,0,0,1,UNDER,UNDER,match,1,1,0.375646,0.375646,0.191932,match-away-base,0.1681,0.1681,match,1784992359459
2250633,2026-05-15,SF@ATH 2026-05-15,825009,2,5,7,2-5,0.5,5.5,38.51,47.48,44.78,2.76,3.19,0.49,WIN,WIN,match,1,1,WIN,WIN,LOSS,match-prob-conv,1,1,1,0,OVER,OVER,match,0,0,0.148302,0.148302,0.275835,match-away-base,0.2601,0.2601,match,1784992359459
2252941,2026-05-15,ARI@COL 2026-05-15,824360,7,1,8,7-1,-0.5,6.5,40.57,46.11,46.8,3.23,3.51,0.46,LOSS,LOSS,match,0,0,LOSS,LOSS,LOSS,match-both-conv,0,0,0,0,OVER,OVER,match,0,0,0.353192,0.353192,0.212613,match-away-base,0.2916,0.2916,match,1784992359459
2250634,2026-05-16,TOR@DET 2026-05-16,824278,0,0,0,0-0,0.5,4.5,38.08,45.07,45.79,1.92,2.17,0.38,PUSH,PUSH,match,,,LOSS,LOSS,WIN,match-prob-conv,1,0,0,1,UNDER,UNDER,match,1,1,,,,both-null,0.1444,0.1444,match,1784992359459
2250635,2026-05-16,KC@STL 2026-05-16,823060,1,3,4,1-3,0.5,5.5,40.65,44.41,47.79,2.53,2.69,0.46,WIN,WIN,match,1,1,WIN,WIN,LOSS,match-prob-conv,1,1,1,0,UNDER,UNDER,match,1,1,0.165242,0.165242,0.309025,match-away-base,0.2116,0.2116,match,1784992359459
2250636,2026-05-16,BAL@WSH 2026-05-16,822737,0,4,4,0-4,0.5,5.5,41.92,44.24,48.66,3.01,3.12,0.51,WIN,WIN,match,1,1,WIN,WIN,LOSS,match-prob-conv,1,1,1,0,UNDER,UNDER,match,0,0,0.175729,0.175729,0.310918,match-away-base,0.2601,0.2601,match,1784992359459
2250637,2026-05-16,PHI@PIT 2026-05-16,823382,5,0,5,5-0,-0.5,4.5,41.47,42.97,49.11,2.38,2.44,0.54,LOSS,LOSS,match,0,0,LOSS,LOSS,LOSS,match-both-conv,0,0,0,0,OVER,OVER,match,1,1,0.342576,0.342576,0.184642,match-away-base,0.2116,0.2116,match,1784992359459
2250638,2026-05-16,MIA@TB 2026-05-16,822981,0,1,1,0-1,0.5,4.5,37.57,45.96,44.98,1.98,2.3,0.47,WIN,WIN,match,1,1,WIN,WIN,LOSS,match-prob-conv,1,1,1,0,UNDER,UNDER,match,1,1,0.14115,0.14115,0.292032,match-away-base,0.2209,0.2209,match,1784992359459
2250639,2026-05-16,CIN@CLE 2026-05-16,824435,4,2,6,4-2,1.5,4.5,38.89,43.93,46.96,1.88,2.05,0.36,LOSS,LOSS,match,0,0,LOSS,LOSS,WIN,match-prob-conv,1,0,0,1,OVER,OVER,match,0,0,0.373443,0.373443,0.192984,match-away-base,0.4096,0.4096,match,1784992359459
2250640,2026-05-16,TEX@HOU 2026-05-16,824193,0,4,4,0-4,-0.5,3.5,41.78,41.88,49.94,2.18,2.18,0.48,WIN,WIN,match,1,1,WIN,WIN,WIN,match-both-conv,0,1,1,1,OVER,OVER,match,0,0,0.174557,0.174557,0.337793,match-away-base,0.2704,0.2704,match,1784992359459
2250641,2026-05-16,CHC@CWS 2026-05-16,824600,0,7,7,0-7,0.5,6.5,38.91,44.14,46.86,1.94,2.12,0.37,WIN,WIN,match,1,1,WIN,WIN,LOSS,match-prob-conv,1,1,1,0,OVER,OVER,match,0,0,0.151399,0.151399,0.312034,match-away-base,0.3969,0.3969,match,1784992359459
2250642,2026-05-16,MIL@MIN 2026-05-16,823706,1,1,2,1-1,0.5,2.5,42.55,40.9,50.99,2.14,2.09,0.4,PUSH,PUSH,match,,,WIN,WIN,WIN,match-both-conv,0,1,1,1,UNDER,UNDER,match,1,1,,,,both-null,0.16,0.16,match,1784992359459
2250643,2026-05-16,SD@SEA 2026-05-16,823139,5,2,7,5-2,0.5,3.5,40.8,41.93,49.32,1.93,1.97,0.42,LOSS,LOSS,match,0,0,LOSS,LOSS,WIN,match-prob-conv,1,0,0,1,OVER,OVER,match,0,0,0.350464,0.350464,0.175812,match-away-base,0.3364,0.3364,match,1784992359459
2250644,2026-05-16,BOS@ATL 2026-05-16,824924,1,2,3,1-2,0.5,4.5,39.85,41.76,48.82,1.73,1.79,0.36,WIN,WIN,match,1,1,WIN,WIN,LOSS,match-prob-conv,1,1,1,0,UNDER,UNDER,match,1,1,0.158802,0.158802,0.33919,match-away-base,0.1296,0.1296,match,1784992359459
2250645,2026-05-16,NYY@NYM 2026-05-16,823627,2,5,7,2-5,-0.5,3.5,51.79,32.77,61.24,2.76,1.99,0.47,LOSS,LOSS,match,0,0,LOSS,LOSS,LOSS,match-both-conv,0,0,0,0,OVER,OVER,match,0,0,0.26822,0.26822,0.451987,match-away-base,0.2809,0.2809,match,1784992359459
2250646,2026-05-16,LAD@LAA 2026-05-16,824038,1,0,1,1-0,-0.5,4.5,48.55,34.57,58.41,2.27,1.77,0.37,LOSS,LOSS,match,0,0,WIN,WIN,,match-prob-conv,0,1,1,,UNDER,UNDER,match,1,1,0.26471,0.26471,0.119508,match-away-base,0.1369,0.1369,match,1784992359459
2250647,2026-05-16,SF@ATH 2026-05-16,825007,5,1,6,5-1,0.5,5.5,42.6,42.57,50.02,2.64,2.64,0.41,LOSS,LOSS,match,0,0,WIN,WIN,WIN,match-both-conv,0,1,1,1,OVER,OVER,match,0,0,0.329476,0.329476,0.18122,match-away-base,0.3481,0.3481,match,1784992359459
2252947,2026-05-16,ARI@COL 2026-05-16,824359,2,3,5,2-3,-0.5,6.5,43.23,42.19,50.61,2.76,2.72,0.33,WIN,WIN,match,1,1,LOSS,LOSS,WIN,match-prob-conv,1,0,0,1,UNDER,UNDER,match,1,1,0.186883,0.186883,0.3342,match-away-base,0.1089,0.1089,match,1784992359459
2250648,2026-05-17,MIA@TB 2026-05-17,822982,2,5,7,2-5,0.5,3.5,38.11,45.44,45.62,2.01,2.29,0.48,WIN,WIN,match,1,1,WIN,WIN,LOSS,match-prob-conv,1,1,1,0,OVER,OVER,match,0,0,0.145237,0.145237,0.297679,match-away-base,0.2704,0.2704,match,1784992359459
2250649,2026-05-17,BAL@WSH 2026-05-17,822738,6,2,8,6-2,-0.5,5.5,47.43,38.52,55.18,3.17,2.75,0.48,LOSS,LOSS,match,0,0,WIN,WIN,LOSS,match-prob-conv,1,1,1,0,OVER,OVER,match,0,0,0.27636,0.27636,0.148379,match-away-base,0.2704,0.2704,match,1784992359459
2250650,2026-05-17,PHI@PIT 2026-05-17,823381,2,0,2,2-0,0.5,3.5,37.74,44.68,45.79,1.76,2,0.4,LOSS,LOSS,match,0,0,LOSS,LOSS,WIN,match-prob-conv,1,0,0,1,UNDER,UNDER,match,1,1,0.387631,0.387631,0.19963,match-away-base,0.16,0.16,match,1784992359459
2250651,2026-05-17,BOS@ATL 2026-05-17,824923,0,7,7,0-7,0.5,4.5,30.88,54.32,36.25,2.04,3.04,0.51,WIN,WIN,match,1,1,WIN,WIN,WIN,match-both-conv,0,1,1,1,OVER,OVER,match,1,1,0.095357,0.095357,0.208666,match-away-base,0.2401,0.2401,match,1784992359459
2250652,2026-05-17,CIN@CLE 2026-05-17,824436,2,6,8,2-6,0.5,4.5,36.39,47.18,43.54,1.93,2.33,0.4,WIN,WIN,match,1,1,WIN,WIN,LOSS,match-prob-conv,1,1,1,0,OVER,OVER,match,0,0,0.132423,0.132423,0.278995,match-away-base,0.36,0.36,match,1784992359459
2250653,2026-05-17,TOR@DET 2026-05-17,824279,4,0,4,4-0,-0.5,4.5,47.08,37.06,55.95,2.49,2.09,0.45,LOSS,LOSS,match,0,0,WIN,WIN,LOSS,match-prob-conv,1,1,1,0,UNDER,UNDER,match,1,1,0.280053,0.280053,0.137344,match-away-base,0.2025,0.2025,match,1784992359459
2250654,2026-05-17,NYY@NYM 2026-05-17,823628,1,1,2,1-1,0.5,4.5,46.07,37.5,55.12,2.3,1.98,0.4,PUSH,PUSH,match,,,WIN,WIN,WIN,match-both-conv,0,1,1,1,UNDER,UNDER,match,1,1,,,,both-null,0.16,0.16,match,1784992359459
2250655,2026-05-17,TEX@HOU 2026-05-17,824192,2,0,2,2-0,-0.5,4.5,39.36,44.68,46.84,2.16,2.37,0.44,LOSS,LOSS,match,0,0,LOSS,LOSS,LOSS,match-both-conv,0,0,0,0,UNDER,UNDER,match,1,1,0.367721,0.367721,0.19963,match-away-base,0.1936,0.1936,match,1784992359459
2250656,2026-05-17,CHC@CWS 2026-05-17,824599,4,4,8,4-4,-0.5,4.5,41.5,42.83,49.21,2.34,2.39,0.46,PUSH,PUSH,match,,,WIN,WIN,WIN,match-both-conv,0,1,1,1,OVER,OVER,match,0,0,,,,both-null,0.2916,0.2916,match,1784992359459
2250657,2026-05-17,MIL@MIN 2026-05-17,823708,3,4,7,3-4,-0.5,4.5,41.26,42.59,49.21,2.2,2.25,0.49,WIN,WIN,match,1,1,WIN,WIN,WIN,match-both-conv,0,1,1,1,OVER,OVER,match,0,0,0.170239,0.170239,0.329591,match-away-base,0.2601,0.2601,match,1784992359459
2250658,2026-05-17,KC@STL 2026-05-17,823058,2,0,2,2-0,0.5,4.5,42.86,41.26,50.95,2.32,2.25,0.33,LOSS,LOSS,match,0,0,WIN,WIN,WIN,match-both-conv,0,1,1,1,UNDER,UNDER,match,1,1,0.326498,0.326498,0.170239,match-away-base,0.1089,0.1089,match,1784992359459
2250659,2026-05-17,SF@ATH 2026-05-17,825006,2,1,3,2-1,0.5,5.5,36.92,48.98,42.98,2.65,3.21,0.48,LOSS,LOSS,match,0,0,LOSS,LOSS,LOSS,match-both-conv,0,0,0,0,UNDER,UNDER,match,1,1,0.397909,0.397909,0.239904,match-away-base,0.2304,0.2304,match,1784992359459
2250660,2026-05-17,LAD@LAA 2026-05-17,824034,7,1,8,7-1,-0.5,5.5,41.4,42.85,49.14,2.32,2.38,0.34,LOSS,LOSS,match,0,0,LOSS,LOSS,LOSS,match-both-conv,0,0,0,0,OVER,OVER,match,0,0,0.343396,0.343396,0.183612,match-away-base,0.4356,0.4356,match,1784992359459
2250661,2026-05-17,SD@SEA 2026-05-17,823138,2,0,2,2-0,-0.5,2.5,39.51,42.76,48.03,1.82,1.93,0.4,LOSS,LOSS,match,0,0,LOSS,LOSS,LOSS,match-both-conv,0,0,0,0,UNDER,UNDER,match,1,1,0.365904,0.365904,0.182842,match-away-base,0.16,0.16,match,1784992359459
2252971,2026-05-17,ARI@COL 2026-05-17,824358,7,2,9,7-2,-2.5,5.5,48.08,37.94,55.9,3.24,2.76,0.44,LOSS,LOSS,match,0,0,WIN,WIN,LOSS,match-prob-conv,1,1,1,0,OVER,OVER,match,0,0,0.269569,0.269569,0.143944,match-away-base,0.3136,0.3136,match,1784992359459
2250662,2026-05-18,CLE@DET 2026-05-18,824277,4,1,5,4-1,0.5,4.5,40.13,44.43,47.46,2.35,2.52,0.48,LOSS,LOSS,match,0,0,LOSS,LOSS,WIN,match-prob-conv,1,0,0,1,OVER,OVER,match,0,0,0.358442,0.358442,0.197402,match-away-base,0.2704,0.2704,match,1784992359459
2250663,2026-05-18,BAL@TB 2026-05-18,822980,4,12,16,4-12,0.5,6.5,34.43,49.2,41.17,1.87,2.42,0.47,WIN,WIN,match,1,1,WIN,WIN,WIN,match-both-conv,0,1,1,1,OVER,OVER,match,0,0,0.118542,0.118542,0.258064,match-away-base,0.2809,0.2809,match,1784992359459
2250664,2026-05-18,CIN@PHI 2026-05-18,823465,2,2,4,2-2,0.5,5.5,47.61,37.83,55.72,2.94,2.51,0.43,PUSH,PUSH,match,,,WIN,WIN,WIN,match-both-conv,0,1,1,1,UNDER,UNDER,match,1,1,,,,both-null,0.1849,0.1849,match,1784992359459
2250665,2026-05-18,ATL@MIA 2026-05-18,823867,0,12,12,0-12,0.5,4.5,40.8,42.92,48.73,2.15,2.23,0.42,WIN,WIN,match,1,1,WIN,WIN,LOSS,match-prob-conv,1,1,1,0,OVER,OVER,match,0,0,0.166464,0.166464,0.325813,match-away-base,0.3364,0.3364,match,1784992359459
2250666,2026-05-18,NYM@WSH 2026-05-18,822734,4,3,7,4-3,-1.5,4.5,44.57,40.9,52.14,2.85,2.69,0.44,LOSS,LOSS,match,0,0,LOSS,LOSS,WIN,match-prob-conv,1,0,0,1,OVER,OVER,match,0,0,0.307248,0.307248,0.167281,match-away-base,0.3136,0.3136,match,1784992359459
2250667,2026-05-18,TOR@NYY 2026-05-18,823549,4,3,7,4-3,0.5,4.5,35.76,49.23,42.07,2.26,2.83,0.51,LOSS,LOSS,match,0,0,LOSS,LOSS,LOSS,match-both-conv,0,0,0,0,OVER,OVER,match,1,1,0.412678,0.412678,0.242359,match-away-base,0.2401,0.2401,match,1784992359459
2250668,2026-05-18,BOS@KC 2026-05-18,824114,0,0,0,0-0,-0.5,4.5,44.21,39.64,52.73,2.33,2.16,0.37,PUSH,PUSH,match,,,LOSS,LOSS,WIN,match-prob-conv,1,0,0,1,UNDER,UNDER,match,1,1,,,,both-null,0.1369,0.1369,match,1784992359459
2250669,2026-05-18,HOU@MIN 2026-05-18,823705,0,3,3,0-3,0.5,5.5,43.17,42.87,50.17,3.02,3.01,0.5,WIN,WIN,match,1,1,LOSS,LOSS,LOSS,match-both-conv,0,0,0,0,UNDER,UNDER,match,1,1,0.186365,0.186365,0.326384,match-away-base,0.25,0.25,match,1784992359459
2250670,2026-05-18,MIL@CHC 2026-05-18,824680,8,3,11,8-3,0.5,5.5,33.23,50.65,39.61,1.85,2.52,0.26,LOSS,LOSS,match,0,0,LOSS,LOSS,LOSS,match-both-conv,0,0,0,0,OVER,OVER,match,0,0,0.445823,0.445823,0.256542,match-away-base,0.5476,0.5476,match,1784992359459
2250671,2026-05-18,TEX@COL 2026-05-18,824357,2,6,8,2-6,-0.5,4.5,42.73,41.82,50.53,2.45,2.42,0.36,WIN,WIN,match,1,1,LOSS,LOSS,WIN,match-prob-conv,1,0,0,1,OVER,OVER,match,0,0,0.182585,0.182585,0.338491,match-away-base,0.4096,0.4096,match,1784992359459
2250672,2026-05-18,ATH@LAA 2026-05-18,824035,0,0,0,0-0,-0.5,4.5,44.94,38.73,53.71,2.3,2.06,0.36,PUSH,PUSH,match,,,LOSS,LOSS,WIN,match-prob-conv,1,0,0,1,UNDER,UNDER,match,1,1,,,,both-null,0.1296,0.1296,match,1784992359459
2250673,2026-05-18,LAD@SD 2026-05-18,823301,0,1,1,0-1,-0.5,4.5,42.49,40.21,51.38,1.98,1.91,0.42,WIN,WIN,match,1,1,LOSS,LOSS,WIN,match-prob-conv,1,0,0,1,UNDER,UNDER,match,1,1,0.18054,0.18054,0.357484,match-away-base,0.1764,0.1764,match,1784992359459
2250674,2026-05-18,CWS@SEA 2026-05-18,823137,0,2,2,0-2,0.5,3.5,39.91,42.3,48.55,1.83,1.91,0.4,WIN,WIN,match,1,1,WIN,WIN,LOSS,match-prob-conv,1,1,1,0,UNDER,UNDER,match,1,1,0.159281,0.159281,0.332929,match-away-base,0.16,0.16,match,1784992359459
2252987,2026-05-18,SF@ARI 2026-05-18,825087,2,12,14,2-12,0.5,4.5,44.07,40.48,52.12,2.5,2.36,0.42,WIN,WIN,match,1,1,LOSS,LOSS,LOSS,match-both-conv,0,0,0,0,OVER,OVER,match,0,0,0.194216,0.194216,0.354263,match-away-base,0.3364,0.3364,match,1784992359459
2250675,2026-05-19,ATL@MIA 2026-05-19,823865,3,4,7,3-4,,,42.78,40.88,51.14,2.25,2.18,0.42,WIN,WIN,match,1,1,,,,both-null,0,,,,,,both-null,,,0.183013,0.183013,0.349517,match-away-base,,,both-null,1784992359459
2250676,2026-05-19,CLE@DET 2026-05-19,824276,3,3,6,3-3,,,41.48,40.98,50.3,1.91,1.89,0.34,PUSH,PUSH,match,,,,,,both-null,0,,,,,,both-null,,,,,,both-null,,,both-null,1784992359459
2250677,2026-05-19,BAL@TB 2026-05-19,822979,1,1,2,1-1,,,39.42,44.9,46.75,2.25,2.47,0.53,PUSH,PUSH,match,,,,,,both-null,0,,,,,,both-null,,,,,,both-null,,,both-null,1784992359459
2250678,2026-05-19,CIN@PHI 2026-05-19,823464,2,1,3,2-1,,,45.94,38.35,54.5,2.51,2.2,0.46,LOSS,LOSS,match,0,0,,,,both-null,0,,,,,,both-null,,,0.292248,0.292248,0.147072,match-away-base,,,both-null,1784992359459
2250679,2026-05-19,NYM@WSH 2026-05-19,822736,5,9,14,5-9,,,41.74,42.75,49.41,2.43,2.47,0.48,WIN,WIN,match,1,1,,,,both-null,0,,,,,,both-null,,,0.174223,0.174223,0.327756,match-away-base,,,both-null,1784992359459
2250680,2026-05-19,TOR@NYY 2026-05-19,823548,3,5,8,3-5,,,41.68,42.87,49.3,2.41,2.46,0.48,WIN,WIN,match,1,1,,,,both-null,0,,,,,,both-null,,,0.173722,0.173722,0.326384,match-away-base,,,both-null,1784992359459
2250681,2026-05-19,BOS@KC 2026-05-19,824112,2,1,3,2-1,,,46.44,36.19,56.21,2.11,1.75,0.41,LOSS,LOSS,match,0,0,,,,both-null,0,,,,,,both-null,,,0.286867,0.286867,0.130972,match-away-base,,,both-null,1784992359459
2250682,2026-05-19,HOU@MIN 2026-05-19,823704,2,0,2,2-0,,,44.8,40.63,52.44,2.84,2.65,0.55,LOSS,LOSS,match,0,0,,,,both-null,0,,,,,,both-null,,,0.304704,0.304704,0.16508,match-away-base,,,both-null,1784992359459
2250683,2026-05-19,MIL@CHC 2026-05-19,824677,3,0,3,3-0,,,39.59,42.78,48.06,1.83,1.94,0.33,LOSS,LOSS,match,0,0,,,,both-null,0,,,,,,both-null,,,0.364937,0.364937,0.183013,match-away-base,,,both-null,1784992359459
2250684,2026-05-19,PIT@STL 2026-05-19,823059,4,3,7,4-3,,,46.34,37.03,55.58,2.26,1.92,0.39,LOSS,LOSS,match,0,0,,,,both-null,0,,,,,,both-null,,,0.28794,0.28794,0.137122,match-away-base,,,both-null,1784992359459
2250685,2026-05-19,TEX@COL 2026-05-19,824356,8,0,8,8-0,,,46.3,39.73,53.82,3.12,2.81,0.43,LOSS,LOSS,match,0,0,,,,both-null,0,,,,,,both-null,,,0.288369,0.288369,0.157847,match-away-base,,,both-null,1784992359459
2250686,2026-05-19,ATH@LAA 2026-05-19,824033,6,4,10,6-4,,,36.46,47.78,43.28,2.12,2.57,0.4,LOSS,LOSS,match,0,0,,,,both-null,0,,,,,,both-null,,,0.403733,0.403733,0.228293,match-away-base,,,both-null,1784992359459
2250687,2026-05-19,LAD@SD 2026-05-19,823302,3,4,7,3-4,,,55.89,29.4,65.53,3.13,1.99,0.51,LOSS,LOSS,match,0,0,,,,both-null,0,,,,,,both-null,,,0.312369,0.312369,0.498436,match-away-base,,,both-null,1784992359459
2250688,2026-05-19,CWS@SEA 2026-05-19,823136,0,1,1,0-1,,,42.66,41.05,50.96,2.23,2.17,0.49,WIN,WIN,match,1,1,,,,both-null,0,,,,,,both-null,,,0.181988,0.181988,0.34751,match-away-base,,,both-null,1784992359459
2253002,2026-05-19,SF@ARI 2026-05-19,825086,3,1,4,3-1,,,43.35,40.52,51.69,2.3,2.19,0.43,LOSS,LOSS,match,0,0,,,,both-null,0,,,,,,both-null,,,0.320922,0.320922,0.164187,match-away-base,,,both-null,1784992359459
2250689,2026-05-20,CIN@PHI 2026-05-20,823462,4,1,5,4-1,,,44.79,40.54,52.49,2.81,2.62,0.43,LOSS,LOSS,match,0,0,,,,both-null,0,,,,,,both-null,,,0.304814,0.304814,0.164349,match-away-base,,,both-null,1784992359459
2250690,2026-05-20,BAL@TB 2026-05-20,822977,1,1,2,1-1,,,37.31,46.94,44.28,2.12,2.51,0.45,PUSH,PUSH,match,,,,,,both-null,0,,,,,,both-null,,,,,,both-null,,,both-null,1784992359459
2250691,2026-05-20,HOU@MIN 2026-05-20,823703,1,4,5,1-4,,,36.58,47.93,43.29,2.18,2.64,0.47,WIN,WIN,match,1,1,,,,both-null,0,,,,,,both-null,,,0.13381,0.13381,0.271128,match-away-base,,,both-null,1784992359459
2250692,2026-05-20,TEX@COL 2026-05-20,824355,3,4,7,3-4,,,45.41,40.22,53.03,2.96,2.71,0.4,WIN,WIN,match,1,1,,,,both-null,0,,,,,,both-null,,,0.206207,0.206207,0.357365,match-away-base,,,both-null,1784992359459
2250693,2026-05-20,CWS@SEA 2026-05-20,823134,2,2,4,2-2,,,37.49,45.39,45.23,1.83,2.11,0.43,PUSH,PUSH,match,,,,,,both-null,0,,,,,,both-null,,,,,,both-null,,,both-null,1784992359459
2250694,2026-05-20,CLE@DET 2026-05-20,824273,0,0,0,0-0,,,40.92,42.35,49.14,2.05,2.11,0.46,PUSH,PUSH,match,,,,,,both-null,0,,,,,,both-null,,,,,,both-null,,,both-null,1784992359459
2250695,2026-05-20,ATL@MIA 2026-05-20,823866,3,1,4,3-1,,,48.48,34.95,58.11,2.35,1.84,0.46,LOSS,LOSS,match,0,0,,,,both-null,0,,,,,,both-null,,,0.265431,0.265431,0.12215,match-away-base,,,both-null,1784992359459
2250696,2026-05-20,NYM@WSH 2026-05-20,822735,2,4,6,2-4,,,48.45,37.42,56.42,3.19,2.67,0.48,WIN,WIN,match,1,1,,,,both-null,0,,,,,,both-null,,,0.23474,0.23474,0.391626,match-away-base,,,both-null,1784992359459
2250697,2026-05-20,TOR@NYY 2026-05-20,823547,0,0,0,0-0,,,34.45,49.57,41,1.95,2.54,0.43,PUSH,PUSH,match,,,,,,both-null,0,,,,,,both-null,,,,,,both-null,,,both-null,1784992359459
2250698,2026-05-20,BOS@KC 2026-05-20,824111,2,3,5,2-3,,,40.06,42.59,48.47,1.9,1.99,0.35,WIN,WIN,match,1,1,,,,both-null,0,,,,,,both-null,,,0.16048,0.16048,0.329591,match-away-base,,,both-null,1784992359459
2250699,2026-05-20,MIL@CHC 2026-05-20,824678,4,0,4,4-0,,,44.72,39.32,53.21,2.39,2.18,0.58,LOSS,LOSS,match,0,0,,,,both-null,0,,,,,,both-null,,,0.305588,0.305588,0.154606,match-away-base,,,both-null,1784992359459
2250700,2026-05-20,PIT@STL 2026-05-20,823057,2,0,2,2-0,,,35.8,47.5,42.97,1.85,2.28,0.45,LOSS,LOSS,match,0,0,,,,both-null,0,,,,,,both-null,,,0.412164,0.412164,0.225625,match-away-base,,,both-null,1784992359459
2250701,2026-05-20,LAD@SD 2026-05-20,823299,3,0,3,3-0,,,47.31,34.49,57.84,1.98,1.56,0.37,LOSS,LOSS,match,0,0,,,,both-null,0,,,,,,both-null,,,0.277624,0.277624,0.118956,match-away-base,,,both-null,1784992359459
2250702,2026-05-20,ATH@LAA 2026-05-20,824032,3,5,8,3-5,,,44.94,38.99,53.54,2.34,2.11,0.31,WIN,WIN,match,1,1,,,,both-null,0,,,,,,both-null,,,0.20196,0.20196,0.372222,match-away-base,,,both-null,1784992359459
2253008,2026-05-20,SF@ARI 2026-05-20,825084,3,6,9,3-6,,,41.65,43.21,49.08,2.52,2.59,0.45,WIN,WIN,match,1,1,,,,both-null,0,,,,,,both-null,,,0.173472,0.173472,0.32251,match-away-base,,,both-null,1784992359459
2250703,2026-05-21,CLE@DET 2026-05-21,824274,2,0,2,2-0,,,36.41,46.39,43.97,1.8,2.15,0.43,LOSS,LOSS,match,0,0,,,,both-null,0,,,,,,both-null,,,0.404369,0.404369,0.215203,match-away-base,,,both-null,1784992359459
2250704,2026-05-21,PIT@STL 2026-05-21,823056,2,1,3,2-1,,,46.76,36.83,55.94,2.32,1.95,0.47,LOSS,LOSS,match,0,0,,,,both-null,0,,,,,,both-null,,,0.28345,0.28345,0.135645,match-away-base,,,both-null,1784992359459
2250705,2026-05-21,NYM@WSH 2026-05-21,822733,2,1,3,2-1,,,38.88,47.32,45.1,2.88,3.29,0.68,LOSS,LOSS,match,0,0,,,,both-null,0,,,,,,both-null,,,0.373565,0.373565,0.223918,match-away-base,,,both-null,1784992359459
2250706,2026-05-21,ATL@MIA 2026-05-21,823864,5,2,7,5-2,,,47.14,36.65,56.26,2.39,1.99,0.49,LOSS,LOSS,match,0,0,,,,both-null,0,,,,,,both-null,,,0.279418,0.279418,0.134322,match-away-base,,,both-null,1784992359459
2250707,2026-05-21,TOR@NYY 2026-05-21,823545,1,0,1,1-0,,,39.46,44.42,47.05,2.14,2.34,0.43,LOSS,LOSS,match,0,0,,,,both-null,0,,,,,,both-null,,,0.366509,0.366509,0.197314,match-away-base,,,both-null,1784992359459
2250708,2026-05-21,ATH@LAA 2026-05-21,824031,0,2,2,0-2,,,41.78,41.88,49.94,2.18,2.18,0.42,WIN,WIN,match,1,1,,,,both-null,0,,,,,,both-null,,,0.174557,0.174557,0.337793,match-away-base,,,both-null,1784992359459
2253025,2026-05-21,COL@ARI 2026-05-21,825083,0,0,0,0-0,,,34.84,49.83,41.14,2.14,2.75,0.37,PUSH,PUSH,match,,,,,,both-null,0,,,,,,both-null,,,,,,both-null,,,both-null,1784992359459
2250709,2026-05-22,HOU@CHC 2026-05-22,824679,4,0,4,4-0,0.5,3.5,41.97,42.21,49.86,2.31,2.32,0.52,LOSS,LOSS,match,0,0,LOSS,LOSS,WIN,match-prob-conv,1,0,0,1,OVER,OVER,match,1,1,0.336748,0.336748,0.178168,match-away-base,0.2304,0.2304,match,1784992359459
2250711,2026-05-22,CLE@PHI 2026-05-22,823461,0,0,0,0-0,0.5,3.5,42.06,42.32,49.85,2.37,2.39,0.53,PUSH,PUSH,match,,,LOSS,LOSS,WIN,match-prob-conv,1,0,0,1,UNDER,UNDER,match,0,0,,,,both-null,0.2809,0.2809,match,1784992359459
2250712,2026-05-22,TB@NYY 2026-05-22,823546,0,1,1,0-1,0.5,4.5,46.5,38.01,55.02,2.59,2.25,0.48,WIN,WIN,match,1,1,LOSS,LOSS,LOSS,match-both-conv,0,0,0,0,UNDER,UNDER,match,1,1,0.216225,0.216225,0.384276,match-away-base,0.2304,0.2304,match,1784992359459
2250713,2026-05-22,PIT@TOR 2026-05-22,822816,1,3,4,1-3,0.5,4.5,39.7,44.59,47.1,2.24,2.44,0.46,WIN,WIN,match,1,1,WIN,WIN,LOSS,match-prob-conv,1,1,1,0,UNDER,UNDER,match,1,1,0.157609,0.157609,0.307027,match-away-base,0.2116,0.2116,match,1784992359459
2250714,2026-05-22,MIN@BOS 2026-05-22,824761,3,6,9,3-6,0.5,3.5,37.58,43.27,46.48,1.55,1.72,0.33,WIN,WIN,match,1,1,WIN,WIN,LOSS,match-prob-conv,1,1,1,0,OVER,OVER,match,0,0,0.141226,0.141226,0.321829,match-away-base,0.4489,0.4489,match,1784992359459
2250715,2026-05-22,NYM@MIA 2026-05-22,823863,1,2,3,1-2,0.5,4.5,44.2,39.27,52.95,2.21,2.03,0.4,WIN,WIN,match,1,1,LOSS,LOSS,LOSS,match-both-conv,0,0,0,0,UNDER,UNDER,match,1,1,0.195364,0.195364,0.368813,match-away-base,0.16,0.16,match,1784992359459
2250716,2026-05-22,DET@BAL 2026-05-22,824842,4,6,10,4-6,0.5,4.5,42.32,43.06,49.57,2.69,2.72,0.55,WIN,WIN,match,1,1,WIN,WIN,LOSS,match-prob-conv,1,1,1,0,OVER,OVER,match,1,1,0.179098,0.179098,0.324216,match-away-base,0.2025,0.2025,match,1784992359459
2250717,2026-05-22,WSH@ATL 2026-05-22,824922,0,0,0,0-0,0.5,4.5,29.32,55,34.77,1.77,2.78,0.38,PUSH,PUSH,match,,,LOSS,LOSS,LOSS,match-both-conv,0,0,0,0,UNDER,UNDER,match,1,1,,,,both-null,0.1444,0.1444,match,1784992359459
2250718,2026-05-22,SEA@KC 2026-05-22,824110,0,0,0,0-0,-0.5,3.5,43.96,39.81,52.48,2.28,2.12,0.42,PUSH,PUSH,match,,,LOSS,LOSS,WIN,match-prob-conv,1,0,0,1,UNDER,UNDER,match,1,1,,,,both-null,0.1764,0.1764,match,1784992359459
2250719,2026-05-22,LAD@MIL 2026-05-22,823788,0,5,5,0-5,0.5,4.5,45.52,37.47,54.85,2.15,1.86,0.37,WIN,WIN,match,1,1,LOSS,LOSS,LOSS,match-both-conv,0,0,0,0,OVER,OVER,match,0,0,0.207207,0.207207,0.391,match-away-base,0.3969,0.3969,match,1784992359459
2250720,2026-05-22,TEX@LAA 2026-05-22,824029,3,6,9,3-6,-0.5,3.5,47.02,36.26,56.46,2.26,1.87,0.45,WIN,WIN,match,1,1,LOSS,LOSS,WIN,match-prob-conv,1,0,0,1,OVER,OVER,match,0,0,0.221088,0.221088,0.406279,match-away-base,0.3025,0.3025,match,1784992359459
2250721,2026-05-22,ATH@SD 2026-05-22,823298,3,3,6,3-3,0.5,4.5,45.6,37.43,54.92,2.15,1.86,0.37,PUSH,PUSH,match,,,WIN,WIN,WIN,match-both-conv,0,1,1,1,OVER,OVER,match,0,0,,,,both-null,0.3969,0.3969,match,1784992359459
2250722,2026-05-22,CWS@SF 2026-05-22,823223,9,3,12,9-3,-0.5,3.5,41.52,40.34,50.72,1.8,1.76,0.37,LOSS,LOSS,match,0,0,WIN,WIN,LOSS,match-prob-conv,1,1,1,0,OVER,OVER,match,0,0,0.341991,0.341991,0.162732,match-away-base,0.3969,0.3969,match,1784992359459
2253038,2026-05-22,COL@ARI 2026-05-22,825082,1,2,3,1-2,0.5,5.5,42.48,41.94,50.32,2.42,2.4,0.42,WIN,WIN,match,1,1,LOSS,LOSS,LOSS,match-both-conv,0,0,0,0,UNDER,UNDER,match,1,1,0.180455,0.180455,0.337096,match-away-base,0.1764,0.1764,match,1784992359459
2250710,2026-05-23,STL@CIN 2026-05-23 G1,824518,3,1,4,3-1,0.5,4.5,47.15,38.43,55.09,2.99,2.6,0.45,LOSS,LOSS,match,0,0,WIN,WIN,WIN,match-both-conv,0,1,1,1,UNDER,UNDER,match,1,1,0.279312,0.279312,0.147686,match-away-base,0.2025,0.2025,match,1784992359459
2250724,2026-05-23,HOU@CHC 2026-05-23,824674,3,0,3,3-0,0.5,3.5,46.53,37.73,55.22,2.49,2.14,0.52,LOSS,LOSS,match,0,0,WIN,WIN,WIN,match-both-conv,0,1,1,1,UNDER,UNDER,match,0,0,0.285904,0.285904,0.142355,match-away-base,0.2704,0.2704,match,1784992359459
2250725,2026-05-23,PIT@TOR 2026-05-23,822814,0,1,1,0-1,0.5,1.5,50.85,32.82,60.78,2.47,1.79,0.47,LOSS,LOSS,match,0,0,LOSS,LOSS,LOSS,match-both-conv,0,0,0,0,UNDER,UNDER,match,1,1,0.258572,0.258572,0.451315,match-away-base,0.2209,0.2209,match,1784992359459
2250727,2026-05-23,CLE@PHI 2026-05-23,823458,0,2,2,0-2,0.5,3.5,33.12,51.02,39.36,1.91,2.61,0.5,WIN,WIN,match,1,1,WIN,WIN,WIN,match-both-conv,0,1,1,1,UNDER,UNDER,match,1,1,0.109693,0.109693,0.239904,match-away-base,0.25,0.25,match,1784992359459
2250728,2026-05-23,CWS@SF 2026-05-23,823222,3,9,12,3-9,0.5,4.5,46.11,37.24,55.32,2.26,1.93,0.34,WIN,WIN,match,1,1,LOSS,LOSS,LOSS,match-both-conv,0,0,0,0,OVER,OVER,match,0,0,0.212613,0.212613,0.393882,match-away-base,0.4356,0.4356,match,1784992359459
2250729,2026-05-23,SEA@KC 2026-05-23,824109,0,4,4,0-4,-0.5,4.5,41.7,41.54,50.1,2.08,2.08,0.39,WIN,WIN,match,1,1,LOSS,LOSS,WIN,match-prob-conv,1,0,0,1,UNDER,UNDER,match,1,1,0.173889,0.173889,0.341757,match-away-base,0.1521,0.1521,match,1784992359459
2250730,2026-05-23,MIN@BOS 2026-05-23,824760,4,1,5,4-1,-1.5,5.5,41.73,40.52,50.74,1.88,1.84,0.4,LOSS,LOSS,match,0,0,WIN,WIN,LOSS,match-prob-conv,1,1,1,0,UNDER,UNDER,match,1,1,0.339539,0.339539,0.164187,match-away-base,0.16,0.16,match,1784992359459
2250731,2026-05-23,WSH@ATL 2026-05-23,824920,2,0,2,2-0,0.5,4.5,36.34,47.87,43.16,2.07,2.54,0.39,LOSS,LOSS,match,0,0,LOSS,LOSS,WIN,match-prob-conv,1,0,0,1,UNDER,UNDER,match,1,1,0.40526,0.40526,0.229154,match-away-base,0.1521,0.1521,match,1784992359459
2250732,2026-05-23,NYM@MIA 2026-05-23,823862,0,4,4,0-4,0.5,3.5,39.19,43.99,47.12,1.96,2.14,0.38,WIN,WIN,match,1,1,WIN,WIN,LOSS,match-prob-conv,1,1,1,0,OVER,OVER,match,0,0,0.153586,0.153586,0.313712,match-away-base,0.3844,0.3844,match,1784992359459
2250733,2026-05-23,STL@CIN 2026-05-23 G2,824516,3,1,6,1-5,0.5,5.5,48.97,36.55,57.26,3.02,2.46,0.43,LOSS,LOSS,match,0,0,WIN,WIN,WIN,match-both-conv,0,1,1,1,OVER,UNDER,MISMATCH,0,1,0.260406,0.260406,0.13359,match-away-base,0.3249,0.1849,MISMATCH,1784992359459
2250734,2026-05-23,LAD@MIL 2026-05-23,823787,4,3,7,4-3,-0.5,4.5,40.94,43.5,48.49,2.35,2.45,0.41,LOSS,LOSS,match,0,0,LOSS,LOSS,LOSS,match-both-conv,0,0,0,0,OVER,OVER,match,0,0,0.348808,0.348808,0.189225,match-away-base,0.3481,0.3481,match,1784992359459
2250735,2026-05-23,ATH@SD 2026-05-23,823300,0,2,2,0-2,-0.5,4.5,44.06,38.46,53.4,2.01,1.82,0.41,WIN,WIN,match,1,1,LOSS,LOSS,WIN,match-prob-conv,1,0,0,1,UNDER,UNDER,match,1,1,0.194128,0.194128,0.378717,match-away-base,0.1681,0.1681,match,1784992359459
2250736,2026-05-23,TEX@LAA 2026-05-23,824030,1,3,4,1-3,-0.5,3.5,44.82,38.76,53.62,2.26,2.03,0.41,WIN,WIN,match,1,1,LOSS,LOSS,WIN,match-prob-conv,1,0,0,1,OVER,OVER,match,0,0,0.200883,0.200883,0.375034,match-away-base,0.3481,0.3481,match,1784992359459
2253055,2026-05-23,COL@ARI 2026-05-23,825080,2,5,7,2-5,0.5,5.5,37.03,48.45,43.32,2.48,2.99,0.43,WIN,WIN,match,1,1,WIN,WIN,WIN,match-both-conv,0,1,1,1,OVER,OVER,match,0,0,0.137122,0.137122,0.26574,match-away-base,0.3249,0.3249,match,1784992359459
2250726,2026-05-24,DET@BAL 2026-05-24 G2,824840,4,1,5,4-1,0.5,4.5,52.52,32.48,61.79,2.94,2.09,0.5,WIN,WIN,match,1,1,WIN,WIN,WIN,match-both-conv,0,1,1,1,OVER,OVER,match,0,0,0.225435,0.225435,0.105495,match-away-base,0.25,0.25,match,1784992359459
2250737,2026-05-24,PIT@TOR 2026-05-24,822813,2,1,3,2-1,0.5,3.5,43.44,40.12,51.98,2.21,2.09,0.47,LOSS,LOSS,match,0,0,WIN,WIN,WIN,match-both-conv,0,1,1,1,UNDER,UNDER,match,1,1,0.319903,0.319903,0.160961,match-away-base,0.2209,0.2209,match,1784992359459
2250738,2026-05-24,DET@BAL 2026-05-24 G1,824839,4,1,2,2-0,0.5,4.5,52.87,32.26,62.1,2.99,2.12,0.51,WIN,WIN,match,1,1,WIN,WIN,WIN,match-both-conv,0,1,1,1,UNDER,OVER,MISMATCH,0,1,0.222124,0.222124,0.104071,match-away-base,0.2601,0.2401,MISMATCH,1784992359459
2250739,2026-05-24,MIN@BOS 2026-05-24,824759,3,4,7,3-4,0.5,3.5,43.83,38.26,53.39,1.91,1.73,0.38,WIN,WIN,match,1,1,LOSS,LOSS,LOSS,match-both-conv,0,0,0,0,OVER,OVER,match,0,0,0.192107,0.192107,0.381183,match-away-base,0.3844,0.3844,match,1784992359459
2250740,2026-05-24,CLE@PHI 2026-05-24,823459,1,0,1,1-0,-0.5,3.5,48.18,36.16,57.13,2.59,2.11,0.53,LOSS,LOSS,match,0,0,WIN,WIN,LOSS,match-prob-conv,1,1,1,0,UNDER,UNDER,match,0,0,0.268531,0.268531,0.130755,match-away-base,0.2809,0.2809,match,1784992359459
2250741,2026-05-24,TB@NYY 2026-05-24,823544,0,0,0,0-0,0.5,3.5,39.64,44.35,47.2,2.17,2.35,0.5,PUSH,PUSH,match,,,LOSS,LOSS,WIN,match-prob-conv,1,0,0,1,UNDER,UNDER,match,1,1,,,,both-null,0.25,0.25,match,1784992359459
2250743,2026-05-24,NYM@MIA 2026-05-24,823861,0,0,0,0-0,0.5,4.5,38.75,44.53,46.53,1.96,2.17,0.45,PUSH,PUSH,match,,,LOSS,LOSS,WIN,match-prob-conv,1,0,0,1,UNDER,UNDER,match,1,1,,,,both-null,0.2025,0.2025,match,1784992359459
2250744,2026-05-24,SEA@KC 2026-05-24,824108,1,4,5,1-4,-0.5,4.5,48.37,35.41,57.73,2.43,1.94,0.42,WIN,WIN,match,1,1,LOSS,LOSS,WIN,match-prob-conv,1,0,0,1,OVER,OVER,match,0,0,0.233966,0.233966,0.417187,match-away-base,0.3364,0.3364,match,1784992359459
2250745,2026-05-24,LAD@MIL 2026-05-24,823786,5,1,6,5-1,-0.5,4.5,48.11,36.38,56.94,2.63,2.16,0.47,LOSS,LOSS,match,0,0,WIN,WIN,LOSS,match-prob-conv,1,1,1,0,OVER,OVER,match,0,0,0.269257,0.269257,0.13235,match-away-base,0.2809,0.2809,match,1784992359459
2250746,2026-05-24,HOU@CHC 2026-05-24,824676,7,3,10,7-3,0.5,3.5,41.84,41.02,50.49,2,1.97,0.36,LOSS,LOSS,match,0,0,WIN,WIN,WIN,match-both-conv,0,1,1,1,OVER,OVER,match,0,0,0.338259,0.338259,0.168264,match-away-base,0.4096,0.4096,match,1784992359459
2250747,2026-05-24,CWS@SF 2026-05-24,823220,4,8,12,4-8,0.5,6.5,48.01,35.91,57.21,2.44,1.98,0.42,WIN,WIN,match,1,1,LOSS,LOSS,LOSS,match-both-conv,0,0,0,0,OVER,OVER,match,0,0,0.230496,0.230496,0.410753,match-away-base,0.3364,0.3364,match,1784992359459
2250748,2026-05-24,ATH@SD 2026-05-24,823297,4,0,4,4-0,-2.5,4.5,37.2,45.67,44.89,1.84,2.14,0.36,LOSS,LOSS,match,0,0,LOSS,LOSS,LOSS,match-both-conv,0,0,0,0,UNDER,UNDER,match,1,1,0.394384,0.394384,0.208575,match-away-base,0.1296,0.1296,match,1784992359459
2250749,2026-05-24,WSH@ATL 2026-05-24,824921,1,0,1,1-0,0.5,1.5,40.93,42.33,49.16,2.06,2.11,0.39,LOSS,LOSS,match,0,0,LOSS,LOSS,WIN,match-prob-conv,1,0,0,1,UNDER,UNDER,match,1,1,0.348926,0.348926,0.179183,match-away-base,0.1521,0.1521,match,1784992359459
2250750,2026-05-24,TEX@LAA 2026-05-24,824028,1,1,2,1-1,0.5,4.5,39.66,44.46,47.15,2.21,2.4,0.51,PUSH,PUSH,match,,,LOSS,LOSS,WIN,match-prob-conv,1,0,0,1,UNDER,UNDER,match,0,0,,,,both-null,0.2601,0.2601,match,1784992359459
2253067,2026-05-24,COL@ARI 2026-05-24,825081,0,7,7,0-7,0.5,7.5,38.01,46.5,44.97,2.26,2.61,0.36,WIN,WIN,match,1,1,WIN,WIN,LOSS,match-prob-conv,1,1,1,0,UNDER,UNDER,match,1,1,0.144476,0.144476,0.286225,match-away-base,0.1296,0.1296,match,1784992359459
2250751,2026-05-25,TB@BAL 2026-05-25,824838,0,0,0,0-0,-0.5,3.5,48.36,35.51,57.66,2.46,1.96,0.49,PUSH,PUSH,match,,,LOSS,LOSS,,match-prob-conv,0,0,0,,UNDER,UNDER,match,1,1,,,,both-null,0.2401,0.2401,match,1784992359459
2250752,2026-05-25,MIN@CWS 2026-05-25,824598,1,3,4,1-3,-0.5,4.5,49.64,34.02,59.34,2.42,1.83,0.4,WIN,WIN,match,1,1,LOSS,LOSS,LOSS,match-both-conv,0,0,0,0,UNDER,UNDER,match,1,1,0.246413,0.246413,0.435336,match-away-base,0.16,0.16,match,1784992359459
2250753,2026-05-25,STL@MIL 2026-05-25,823784,0,3,3,0-3,0.5,3.5,33.14,50.31,39.72,1.76,2.39,0.45,WIN,WIN,match,1,1,WIN,WIN,WIN,match-both-conv,0,1,1,1,UNDER,UNDER,match,1,1,0.109826,0.109826,0.24691,match-away-base,0.2025,0.2025,match,1784992359459
2250754,2026-05-25,NYY@KC 2026-05-25,824107,2,1,3,2-1,-0.5,4.5,41.9,41.55,50.21,2.13,2.11,0.4,LOSS,LOSS,match,0,0,WIN,WIN,LOSS,match-prob-conv,1,1,1,0,UNDER,UNDER,match,1,1,0.337561,0.337561,0.17264,match-away-base,0.16,0.16,match,1784992359459
2250755,2026-05-25,CIN@NYM 2026-05-25,823625,7,0,7,7-0,0.5,3.5,36.46,47.8,43.27,2.09,2.55,0.52,LOSS,LOSS,match,0,0,LOSS,LOSS,WIN,match-prob-conv,1,0,0,1,OVER,OVER,match,1,1,0.403733,0.403733,0.228484,match-away-base,0.2304,0.2304,match,1784992359459
2250756,2026-05-25,WSH@CLE 2026-05-25,824437,8,2,10,8-2,0.5,4.5,36.44,46.97,43.68,1.91,2.3,0.39,LOSS,LOSS,match,0,0,LOSS,LOSS,WIN,match-prob-conv,1,0,0,1,OVER,OVER,match,0,0,0.403987,0.403987,0.220618,match-away-base,0.3721,0.3721,match,1784992359459
2250757,2026-05-25,CHC@PIT 2026-05-25,823380,1,1,2,1-1,-0.5,4.5,47.06,36.88,56.06,2.44,2.05,0.43,PUSH,PUSH,match,,,LOSS,LOSS,WIN,match-prob-conv,1,0,0,1,UNDER,UNDER,match,1,1,,,,both-null,0.1849,0.1849,match,1784992359459
2250758,2026-05-25,PHI@SD 2026-05-25,823296,1,0,1,1-0,-0.5,1.5,50.49,33.07,60.43,2.43,1.78,0.46,WIN,WIN,match,1,1,WIN,WIN,WIN,match-both-conv,0,1,1,1,UNDER,UNDER,match,1,1,0.245124,0.245124,0.109362,match-away-base,0.2116,0.2116,match,1784992359459
2250759,2026-05-25,HOU@TEX 2026-05-25,822899,4,0,4,4-0,-0.5,2.5,36.36,46.46,43.9,1.78,2.14,0.36,LOSS,LOSS,match,0,0,LOSS,LOSS,LOSS,match-both-conv,0,0,0,0,OVER,OVER,match,0,0,0.405005,0.405005,0.215853,match-away-base,0.4096,0.4096,match,1784992359459
2250760,2026-05-25,MIA@TOR 2026-05-25,822812,2,1,3,2-1,0.5,4.5,36.94,46.79,44.11,1.99,2.37,0.48,LOSS,LOSS,match,0,0,LOSS,LOSS,WIN,match-prob-conv,1,0,0,1,UNDER,UNDER,match,1,1,0.397656,0.397656,0.21893,match-away-base,0.2304,0.2304,match,1784992359459
2250761,2026-05-25,COL@LAD 2026-05-25,823948,2,1,3,2-1,1.5,4.5,33.92,50.82,40.03,2.1,2.8,0.48,LOSS,LOSS,match,0,0,LOSS,LOSS,WIN,match-prob-conv,1,0,0,1,UNDER,UNDER,match,1,1,0.436657,0.436657,0.258267,match-away-base,0.2304,0.2304,match,1784992359459
2250762,2026-05-25,SEA@ATH 2026-05-25,825005,7,0,7,7-0,-0.5,5.5,40.18,45.84,46.71,2.88,3.16,0.44,LOSS,LOSS,match,0,0,LOSS,LOSS,LOSS,match-both-conv,0,0,0,0,OVER,OVER,match,0,0,0.357843,0.357843,0.210131,match-away-base,0.3136,0.3136,match,1784992359459
2253076,2026-05-25,ARI@SF 2026-05-25,823219,4,2,6,4-2,0.5,4.5,38.42,44.93,46.1,1.99,2.23,0.46,LOSS,LOSS,match,0,0,LOSS,LOSS,WIN,match-prob-conv,1,0,0,1,OVER,OVER,match,0,0,0.37921,0.37921,0.20187,match-away-base,0.2916,0.2916,match,1784992359459
2250763,2026-05-26,WSH@CLE 2026-05-26,824434,4,1,5,4-1,0.5,3.5,41.76,41.47,50.17,2.08,2.06,0.45,LOSS,LOSS,match,0,0,WIN,WIN,WIN,match-both-conv,0,1,1,1,OVER,OVER,match,0,0,0.33919,0.33919,0.171976,match-away-base,0.3025,0.3025,match,1784992359459
2250764,2026-05-26,TB@BAL 2026-05-26,824837,1,6,7,1-6,-0.5,4.5,44.49,40.24,52.51,2.59,2.41,0.44,WIN,WIN,match,1,1,LOSS,LOSS,WIN,match-prob-conv,1,0,0,1,OVER,OVER,match,0,0,0.197936,0.197936,0.357126,match-away-base,0.3136,0.3136,match,1784992359459
2250765,2026-05-26,LAA@DET 2026-05-26,824275,4,5,9,4-5,0.5,4.5,37.47,45.41,45.21,1.86,2.15,0.37,WIN,WIN,match,1,1,WIN,WIN,LOSS,match-prob-conv,1,1,1,0,OVER,OVER,match,0,0,0.1404,0.1404,0.298007,match-away-base,0.3969,0.3969,match,1784992359459
2250766,2026-05-26,CHC@PIT 2026-05-26,823379,1,8,9,1-8,0.5,4.5,39.93,44.05,47.55,2.17,2.33,0.43,WIN,WIN,match,1,1,WIN,WIN,LOSS,match-prob-conv,1,1,1,0,OVER,OVER,match,0,0,0.15944,0.15944,0.31304,match-away-base,0.3249,0.3249,match,1784992359459
2250767,2026-05-26,ATL@BOS 2026-05-26,824758,2,2,4,2-2,-0.5,4.5,40.63,41.11,49.7,1.77,1.78,0.3,PUSH,PUSH,match,,,WIN,WIN,WIN,match-both-conv,0,1,1,1,UNDER,UNDER,match,1,1,,,,both-null,0.09,0.09,match,1784992359459
2250768,2026-05-26,MIA@TOR 2026-05-26,822811,1,2,3,1-2,0.5,3.5,37.8,45.96,45.13,2.04,2.35,0.49,WIN,WIN,match,1,1,WIN,WIN,LOSS,match-prob-conv,1,1,1,0,UNDER,UNDER,match,1,1,0.142884,0.142884,0.292032,match-away-base,0.2401,0.2401,match,1784992359459
2250769,2026-05-26,CIN@NYM 2026-05-26,823624,5,0,5,5-0,-0.5,3.5,51.92,32.43,61.55,2.71,1.93,0.52,WIN,WIN,match,1,1,WIN,WIN,WIN,match-both-conv,0,1,1,1,OVER,OVER,match,1,1,0.231169,0.231169,0.10517,match-away-base,0.2304,0.2304,match,1784992359459
2250770,2026-05-26,MIN@CWS 2026-05-26,824597,2,0,2,2-0,-0.5,3.5,47.56,35.77,57.08,2.3,1.86,0.46,LOSS,LOSS,match,0,0,WIN,WIN,LOSS,match-prob-conv,1,1,1,0,UNDER,UNDER,match,1,1,0.274995,0.274995,0.127949,match-away-base,0.2116,0.2116,match,1784992359459
2250771,2026-05-26,NYY@KC 2026-05-26,824106,10,1,11,10-1,-0.5,4.5,52.01,31.79,62.07,2.54,1.77,0.35,WIN,WIN,match,1,1,WIN,WIN,WIN,match-both-conv,0,1,1,1,OVER,OVER,match,0,0,0.230304,0.230304,0.10106,match-away-base,0.4225,0.4225,match,1784992359459
2250772,2026-05-26,STL@MIL 2026-05-26,823785,0,6,6,0-6,0.5,4.5,39.76,43.02,48.03,1.92,2.04,0.36,WIN,WIN,match,1,1,WIN,WIN,LOSS,match-prob-conv,1,1,1,0,OVER,OVER,match,0,0,0.158086,0.158086,0.324672,match-away-base,0.4096,0.4096,match,1784992359459
2250773,2026-05-26,HOU@TEX 2026-05-26,822898,4,9,13,4-9,0.5,4.5,37.44,45.4,45.2,1.83,2.11,0.36,WIN,WIN,match,1,1,WIN,WIN,LOSS,match-prob-conv,1,1,1,0,OVER,OVER,match,0,0,0.140175,0.140175,0.298116,match-away-base,0.4096,0.4096,match,1784992359459
2250774,2026-05-26,SEA@ATH 2026-05-26,825004,4,0,4,4-0,0.5,5.5,45.58,39.85,53.35,2.87,2.61,0.44,LOSS,LOSS,match,0,0,WIN,WIN,WIN,match-both-conv,0,1,1,1,UNDER,UNDER,match,1,1,0.296154,0.296154,0.158802,match-away-base,0.1936,0.1936,match,1784992359459
2250775,2026-05-26,PHI@SD 2026-05-26,823294,4,2,6,4-2,0.5,4.5,36.89,46.25,44.37,1.86,2.2,0.44,LOSS,LOSS,match,0,0,LOSS,LOSS,WIN,match-prob-conv,1,0,0,1,OVER,OVER,match,0,0,0.398287,0.398287,0.213906,match-away-base,0.3136,0.3136,match,1784992359459
2250776,2026-05-26,COL@LAD 2026-05-26,823949,1,10,11,1-10,0.5,5.5,32.67,52.66,38.29,2.18,3.05,0.46,WIN,WIN,match,1,1,WIN,WIN,WIN,match-both-conv,0,1,1,1,OVER,OVER,match,0,0,0.106733,0.106733,0.224108,match-away-base,0.2916,0.2916,match,1784992359459
2253097,2026-05-26,ARI@SF 2026-05-26,823216,3,2,5,3-2,-0.5,4.5,47.48,36.32,56.66,2.41,1.99,0.42,LOSS,LOSS,match,0,0,WIN,WIN,LOSS,match-prob-conv,1,1,1,0,OVER,OVER,match,0,0,0.275835,0.275835,0.131914,match-away-base,0.3364,0.3364,match,1784992359459
2250777,2026-05-27,MIA@TOR 2026-05-27,822809,1,1,2,1-1,0.5,3.5,40.16,43.55,47.97,2.14,2.27,0.49,PUSH,PUSH,match,,,LOSS,LOSS,WIN,match-prob-conv,1,0,0,1,UNDER,UNDER,match,1,1,,,,both-null,0.2401,0.2401,match,1784992359459
2250778,2026-05-27,WSH@CLE 2026-05-27,824432,1,3,4,1-3,0.5,4.5,38.12,45.44,45.62,2.01,2.28,0.41,WIN,WIN,match,1,1,WIN,WIN,LOSS,match-prob-conv,1,1,1,0,UNDER,UNDER,match,1,1,0.145313,0.145313,0.297679,match-away-base,0.1681,0.1681,match,1784992359459
2250779,2026-05-27,STL@MIL 2026-05-27,823783,1,0,1,1-0,0.5,1.5,36.94,46.9,44.06,2.02,2.4,0.42,LOSS,LOSS,match,0,0,LOSS,LOSS,WIN,match-prob-conv,1,0,0,1,UNDER,UNDER,match,1,1,0.397656,0.397656,0.219961,match-away-base,0.1764,0.1764,match,1784992359459
2250780,2026-05-27,SEA@ATH 2026-05-27,825003,5,0,5,5-0,-2.5,4.5,41.1,43.88,48.37,2.52,2.65,0.46,LOSS,LOSS,match,0,0,LOSS,LOSS,LOSS,match-both-conv,0,0,0,0,OVER,OVER,match,0,0,0.346921,0.346921,0.192545,match-away-base,0.2916,0.2916,match,1784992359459
2250781,2026-05-27,PHI@SD 2026-05-27,823295,0,0,0,0-0,-0.5,3.5,46.2,35.54,56.52,1.95,1.6,0.37,PUSH,PUSH,match,,,LOSS,LOSS,WIN,match-prob-conv,1,0,0,1,UNDER,UNDER,match,1,1,,,,both-null,0.1369,0.1369,match,1784992359459
2250782,2026-05-27,TB@BAL 2026-05-27,824836,0,8,8,0-8,-0.5,4.5,46.72,37.95,55.18,2.64,2.27,0.43,WIN,WIN,match,1,1,LOSS,LOSS,WIN,match-prob-conv,1,0,0,1,OVER,OVER,match,0,0,0.218276,0.218276,0.38502,match-away-base,0.3249,0.3249,match,1784992359459
2250783,2026-05-27,LAA@DET 2026-05-27,824270,0,3,3,0-3,-0.5,3.5,45.84,38.11,54.6,2.39,2.09,0.5,WIN,WIN,match,1,1,LOSS,LOSS,WIN,match-prob-conv,1,0,0,1,UNDER,UNDER,match,1,1,0.210131,0.210131,0.383037,match-away-base,0.25,0.25,match,1784992359459
2250784,2026-05-27,CHC@PIT 2026-05-27,823376,4,4,8,4-4,0.5,4.5,41.82,43.19,49.19,2.54,2.6,0.45,PUSH,PUSH,match,,,LOSS,LOSS,WIN,match-prob-conv,1,0,0,1,OVER,OVER,match,0,0,,,,both-null,0.3025,0.3025,match,1784992359459
2250785,2026-05-27,ATL@BOS 2026-05-27,824756,0,6,6,0-6,0.5,4.5,39.62,41.37,48.92,1.62,1.68,0.27,WIN,WIN,match,1,1,WIN,WIN,LOSS,match-prob-conv,1,1,1,0,OVER,OVER,match,0,0,0.156974,0.156974,0.343748,match-away-base,0.5329,0.5329,match,1784992359459
2250786,2026-05-27,CIN@NYM 2026-05-27,823626,1,3,4,1-3,0.5,4.5,36.44,46.94,43.71,1.9,2.29,0.39,WIN,WIN,match,1,1,WIN,WIN,LOSS,match-prob-conv,1,1,1,0,UNDER,UNDER,match,1,1,0.132787,0.132787,0.281536,match-away-base,0.1521,0.1521,match,1784992359459
2250787,2026-05-27,MIN@CWS 2026-05-27,824596,1,8,9,1-8,0.5,4.5,40.56,42.29,48.95,1.97,2.02,0.43,WIN,WIN,match,1,1,WIN,WIN,LOSS,match-prob-conv,1,1,1,0,OVER,OVER,match,0,0,0.164511,0.164511,0.333044,match-away-base,0.3249,0.3249,match,1784992359459
2250788,2026-05-27,NYY@KC 2026-05-27,824104,2,0,2,2-0,-0.5,4.5,48.3,36.23,57.14,2.65,2.16,0.41,LOSS,LOSS,match,0,0,WIN,WIN,LOSS,match-prob-conv,1,1,1,0,UNDER,UNDER,match,1,1,0.267289,0.267289,0.131261,match-away-base,0.1681,0.1681,match,1784992359459
2250789,2026-05-27,HOU@TEX 2026-05-27,822897,2,2,4,2-2,0.5,3.5,39.33,42.15,48.27,1.68,1.77,0.36,PUSH,PUSH,match,,,LOSS,LOSS,WIN,match-prob-conv,1,0,0,1,OVER,OVER,match,0,0,,,,both-null,0.4096,0.4096,match,1784992359459
2250790,2026-05-27,COL@LAD 2026-05-27,823947,1,3,4,1-3,1.5,4.5,31.47,51.83,37.78,1.67,2.41,0.38,WIN,WIN,match,1,1,WIN,WIN,LOSS,match-prob-conv,1,1,1,0,UNDER,UNDER,match,1,1,0.099036,0.099036,0.232035,match-away-base,0.1444,0.1444,match,1784992359459
2253103,2026-05-27,ARI@SF 2026-05-27,823217,0,2,2,0-2,-0.5,3.5,39.77,43.16,47.96,1.94,2.06,0.43,WIN,WIN,match,1,1,WIN,WIN,WIN,match-both-conv,0,1,1,1,UNDER,UNDER,match,1,1,0.158165,0.158165,0.323079,match-away-base,0.1849,0.1849,match,1784992359459
2250791,2026-05-28,LAA@DET 2026-05-28,824272,3,1,4,3-1,,,45.51,38.54,54.15,2.42,2.15,0.38,LOSS,LOSS,match,0,0,,,,both-null,0,,,,,,both-null,,,0.296916,0.296916,0.148533,match-away-base,,,both-null,1784992359459
2250792,2026-05-28,MIN@CWS 2026-05-28,824595,1,6,7,1-6,,,40.04,42.84,48.31,1.95,2.05,0.44,WIN,WIN,match,1,1,,,,both-null,0,,,,,,both-null,,,0.16032,0.16032,0.326727,match-away-base,,,both-null,1784992359459
2250793,2026-05-28,ATL@BOS 2026-05-28,824757,2,2,4,2-2,,,39.53,41.66,48.68,1.64,1.7,0.34,PUSH,PUSH,match,,,,,,both-null,0,,,,,,both-null,,,,,,both-null,,,both-null,1784992359459
2250794,2026-05-28,TOR@BAL 2026-05-28,824834,1,1,2,1-1,,,45.91,39.11,54,2.74,2.45,0.52,PUSH,PUSH,match,,,,,,both-null,0,,,,,,both-null,,,,,,both-null,,,both-null,1784992359459
2250795,2026-05-28,CHC@PIT 2026-05-28,823378,1,0,1,1-0,,,35.21,48.93,41.85,2.02,2.56,0.51,LOSS,LOSS,match,0,0,,,,both-null,0,,,,,,both-null,,,0.419774,0.419774,0.239414,match-away-base,,,both-null,1784992359459
2250796,2026-05-28,HOU@TEX 2026-05-28,822896,5,1,6,5-1,,,39.3,42.67,47.95,1.74,1.85,0.38,LOSS,LOSS,match,0,0,,,,both-null,0,,,,,,both-null,,,0.368449,0.368449,0.182073,match-away-base,,,both-null,1784992359459
2250797,2026-05-29,ATL@CIN 2026-05-29,824515,4,3,7,4-3,,,52.57,33.47,61.1,3.36,2.47,0.47,WIN,WIN,match,1,1,,,,both-null,0,,,,,,both-null,,,0.22496,0.22496,0.112024,match-away-base,,,both-null,1784992359459
2250798,2026-05-29,SD@WSH 2026-05-29,822732,4,5,9,4-5,,,47.73,37.43,56.05,2.85,2.41,0.41,WIN,WIN,match,1,1,,,,both-null,0,,,,,,both-null,,,0.227815,0.227815,0.3915,match-away-base,,,both-null,1784992359459
2250799,2026-05-29,MIN@PIT 2026-05-29,823377,5,4,9,5-4,,,43.17,40.9,51.35,2.34,2.25,0.45,LOSS,LOSS,match,0,0,,,,both-null,0,,,,,,both-null,,,0.322965,0.322965,0.167281,match-away-base,,,both-null,1784992359459
2250800,2026-05-29,TOR@BAL 2026-05-29,824835,0,5,5,0-5,,,46.6,38.31,54.88,2.71,2.36,0.45,WIN,WIN,match,1,1,,,,both-null,0,,,,,,both-null,,,0.217156,0.217156,0.380566,match-away-base,,,both-null,1784992359459
2250801,2026-05-29,BOS@CLE 2026-05-29,824433,3,4,7,3-4,,,43.55,39.63,52.36,2.12,1.98,0.38,WIN,WIN,match,1,1,,,,both-null,0,,,,,,both-null,,,0.18966,0.18966,0.364454,match-away-base,,,both-null,1784992359459
2250802,2026-05-29,LAA@TB 2026-05-29,822978,2,1,3,2-1,,,38.98,44.24,46.84,1.97,2.17,0.38,LOSS,LOSS,match,0,0,,,,both-null,0,,,,,,both-null,,,0.372344,0.372344,0.195718,match-away-base,,,both-null,1784992359459
2250803,2026-05-29,MIA@NYM 2026-05-29,823623,4,6,10,4-6,,,45.64,37.5,54.9,2.18,1.89,0.44,WIN,WIN,match,1,1,,,,both-null,0,,,,,,both-null,,,0.208301,0.208301,0.390625,match-away-base,,,both-null,1784992359459
2250804,2026-05-29,CHC@STL 2026-05-29,823055,4,5,9,4-5,,,43.9,39.76,52.48,2.24,2.09,0.48,WIN,WIN,match,1,1,,,,both-null,0,,,,,,both-null,,,0.192721,0.192721,0.362886,match-away-base,,,both-null,1784992359459
2250805,2026-05-29,DET@CWS 2026-05-29,824594,2,1,3,2-1,,,49.4,34.22,59.08,2.44,1.86,0.41,LOSS,LOSS,match,0,0,,,,both-null,0,,,,,,both-null,,,0.256036,0.256036,0.117101,match-away-base,,,both-null,1784992359459
2250806,2026-05-29,KC@TEX 2026-05-29,822894,0,6,6,0-6,,,42.32,38.25,52.52,1.64,1.52,0.31,WIN,WIN,match,1,1,,,,both-null,0,,,,,,both-null,,,0.179098,0.179098,0.381306,match-away-base,,,both-null,1784992359459
2250807,2026-05-29,MIL@HOU 2026-05-29,824191,3,4,7,3-4,,,46.07,37.02,55.45,2.21,1.88,0.38,WIN,WIN,match,1,1,,,,both-null,0,,,,,,both-null,,,0.212244,0.212244,0.396648,match-away-base,,,both-null,1784992359459
2250808,2026-05-29,SF@COL 2026-05-29,824353,3,1,4,3-1,,,49.22,37.18,56.97,3.46,2.86,0.47,LOSS,LOSS,match,0,0,,,,both-null,0,,,,,,both-null,,,0.257861,0.257861,0.138235,match-away-base,,,both-null,1784992359459
2250809,2026-05-29,NYY@ATH 2026-05-29,825002,7,1,8,7-1,,,48.9,36.49,57.27,2.98,2.44,0.43,LOSS,LOSS,match,0,0,,,,both-null,0,,,,,,both-null,,,0.261121,0.261121,0.133152,match-away-base,,,both-null,1784992359459
2250810,2026-05-29,PHI@LAD 2026-05-29,823946,0,4,4,0-4,,,43.31,39.24,52.46,2,1.87,0.35,WIN,WIN,match,1,1,,,,both-null,0,,,,,,both-null,,,0.187576,0.187576,0.369178,match-away-base,,,both-null,1784992359459
2253133,2026-05-29,ARI@SEA 2026-05-29,823135,1,5,6,1-5,,,37.75,45.51,45.34,1.93,2.21,0.45,WIN,WIN,match,1,1,,,,both-null,0,,,,,,both-null,,,0.142506,0.142506,0.296916,match-away-base,,,both-null,1784992359459
2250811,2026-05-30,DET@CWS 2026-05-30,824593,1,2,3,1-2,,,39.88,44.44,47.3,2.25,2.43,0.46,WIN,WIN,match,1,1,,,,both-null,0,,,,,,both-null,,,0.159041,0.159041,0.308691,match-away-base,,,both-null,1784992359459
2250812,2026-05-30,SD@WSH 2026-05-30,822731,3,1,4,3-1,,,41.25,43.37,48.74,2.41,2.5,0.55,LOSS,LOSS,match,0,0,,,,both-null,0,,,,,,both-null,,,0.345156,0.345156,0.188096,match-away-base,,,both-null,1784992359459
2250813,2026-05-30,KC@TEX 2026-05-30,822893,0,3,3,0-3,,,43.85,37.59,53.84,1.83,1.63,0.29,WIN,WIN,match,1,1,,,,both-null,0,,,,,,both-null,,,0.192282,0.192282,0.389501,match-away-base,,,both-null,1784992359459
2250814,2026-05-30,TOR@BAL 2026-05-30,824833,2,1,3,2-1,,,45.96,38.19,54.61,2.45,2.14,0.51,LOSS,LOSS,match,0,0,,,,both-null,0,,,,,,both-null,,,0.292032,0.292032,0.145848,match-away-base,,,both-null,1784992359459
2250815,2026-05-30,MIN@PIT 2026-05-30,823375,7,8,15,7-8,,,39.39,44.29,47.07,2.07,2.25,0.41,WIN,WIN,match,1,1,,,,both-null,0,,,,,,both-null,,,0.155157,0.155157,0.31036,match-away-base,,,both-null,1784992359459
2250816,2026-05-30,BOS@CLE 2026-05-30,824431,1,1,2,1-1,,,40.9,41.41,49.69,1.86,1.87,0.4,PUSH,PUSH,match,,,,,,both-null,0,,,,,,both-null,,,,,,both-null,,,both-null,1784992359459
2250817,2026-05-30,LAA@TB 2026-05-30,822975,6,3,9,6-3,,,40.16,43.01,48.29,2,2.11,0.45,LOSS,LOSS,match,0,0,,,,both-null,0,,,,,,both-null,,,0.358083,0.358083,0.184986,match-away-base,,,both-null,1784992359459
2250818,2026-05-30,MIA@NYM 2026-05-30,823622,1,3,4,1-3,,,43.94,39.4,52.72,2.19,2.01,0.46,WIN,WIN,match,1,1,,,,both-null,0,,,,,,both-null,,,0.193072,0.193072,0.367236,match-away-base,,,both-null,1784992359459
2250819,2026-05-30,MIL@HOU 2026-05-30,824190,2,6,8,2-6,,,38.08,46.5,45.02,2.27,2.62,0.48,WIN,WIN,match,1,1,,,,both-null,0,,,,,,both-null,,,0.145009,0.145009,0.286225,match-away-base,,,both-null,1784992359459
2250820,2026-05-30,CHC@STL 2026-05-30,823054,1,1,2,1-1,,,51.27,32.56,61.16,2.54,1.83,0.42,PUSH,PUSH,match,,,,,,both-null,0,,,,,,both-null,,,,,,both-null,,,both-null,1784992359459
2250821,2026-05-30,ATL@CIN 2026-05-30,824513,3,2,5,3-2,,,54.99,30.95,63.99,3.41,2.29,0.46,WIN,WIN,match,1,1,,,,both-null,0,,,,,,both-null,,,0.20259,0.20259,0.09579,match-away-base,,,both-null,1784992359459
2250822,2026-05-30,SF@COL 2026-05-30,824352,0,5,5,0-5,,,44.15,41.7,51.42,3,2.88,0.43,WIN,WIN,match,1,1,,,,both-null,0,,,,,,both-null,,,0.194922,0.194922,0.339889,match-away-base,,,both-null,1784992359459
2250823,2026-05-30,NYY@ATH 2026-05-30,825000,1,2,3,1-2,,,46.39,38.43,54.69,2.67,2.34,0.38,WIN,WIN,match,1,1,,,,both-null,0,,,,,,both-null,,,0.215203,0.215203,0.379086,match-away-base,,,both-null,1784992359459
2250824,2026-05-30,PHI@LAD 2026-05-30,823945,1,2,3,1-2,,,41.65,42.71,49.37,2.34,2.38,0.46,WIN,WIN,match,1,1,,,,both-null,0,,,,,,both-null,,,0.173472,0.173472,0.328214,match-away-base,,,both-null,1784992359459
2253148,2026-05-30,ARI@SEA 2026-05-30,823132,0,4,4,0-4,,,38.37,43.77,46.72,1.76,1.95,0.39,WIN,WIN,match,1,1,,,,both-null,0,,,,,,both-null,,,0.147226,0.147226,0.316181,match-away-base,,,both-null,1784992359459
2250825,2026-05-31,TOR@BAL 2026-05-31,824832,0,6,6,0-6,0.5,4.5,44.76,39.18,53.33,2.37,2.16,0.44,WIN,WIN,match,1,1,LOSS,LOSS,LOSS,match-both-conv,0,0,0,0,OVER,OVER,match,0,0,0.200346,0.200346,0.369907,match-away-base,0.3136,0.3136,match,1784992359459
2250826,2026-05-31,SD@WSH 2026-05-31,822729,0,3,3,0-3,0.5,5.5,42.2,44.06,48.92,3.07,3.16,0.57,WIN,WIN,match,1,1,WIN,WIN,LOSS,match-prob-conv,1,1,1,0,UNDER,UNDER,match,0,0,0.178084,0.178084,0.312928,match-away-base,0.3249,0.3249,match,1784992359459
2250827,2026-05-31,MIN@PIT 2026-05-31,823373,0,9,9,0-9,0.5,3.5,42.33,40.79,50.92,2.07,2.02,0.45,WIN,WIN,match,1,1,LOSS,LOSS,LOSS,match-both-conv,0,0,0,0,OVER,OVER,match,0,0,0.179183,0.179183,0.350582,match-away-base,0.3025,0.3025,match,1784992359459
2250828,2026-05-31,BOS@CLE 2026-05-31,824430,3,4,7,3-4,0.5,3.5,43.1,39.51,52.17,1.98,1.86,0.41,WIN,WIN,match,1,1,LOSS,LOSS,LOSS,match-both-conv,0,0,0,0,OVER,OVER,match,0,0,0.185761,0.185761,0.365904,match-away-base,0.3481,0.3481,match,1784992359459
2250829,2026-05-31,LAA@TB 2026-05-31,822976,1,3,4,1-3,0.5,4.5,32.95,51.13,39.19,1.89,2.6,0.43,WIN,WIN,match,1,1,WIN,WIN,WIN,match-both-conv,0,1,1,1,UNDER,UNDER,match,1,1,0.10857,0.10857,0.238828,match-away-base,0.1849,0.1849,match,1784992359459
2250830,2026-05-31,ATL@CIN 2026-05-31,824512,2,4,6,2-4,-0.5,4.5,47.35,37.35,55.9,2.67,2.26,0.49,WIN,WIN,match,1,1,LOSS,LOSS,WIN,match-prob-conv,1,0,0,1,OVER,OVER,match,0,0,0.224202,0.224202,0.392502,match-away-base,0.2601,0.2601,match,1784992359459
2250831,2026-05-31,MIA@NYM 2026-05-31,823621,1,5,6,1-5,0.5,4.5,39.35,44.7,46.82,2.17,2.38,0.51,WIN,WIN,match,1,1,WIN,WIN,LOSS,match-prob-conv,1,1,1,0,OVER,OVER,match,1,1,0.154842,0.154842,0.305809,match-away-base,0.2401,0.2401,match,1784992359459
2250832,2026-05-31,DET@CWS 2026-05-31,824592,1,0,1,1-0,0.5,4.5,43.12,40.3,51.69,2.15,2.05,0.46,LOSS,LOSS,match,0,0,WIN,WIN,WIN,match-both-conv,0,1,1,1,UNDER,UNDER,match,1,1,0.323533,0.323533,0.162409,match-away-base,0.2116,0.2116,match,1784992359459
2250833,2026-05-31,MIL@HOU 2026-05-31,824187,2,0,2,2-0,-0.5,3.5,51.85,31.83,61.96,2.5,1.75,0.47,WIN,WIN,match,1,1,WIN,WIN,WIN,match-both-conv,0,1,1,1,UNDER,UNDER,match,1,1,0.231842,0.231842,0.101315,match-away-base,0.2209,0.2209,match,1784992359459
2250834,2026-05-31,KC@TEX 2026-05-31,822895,0,6,6,0-6,0.5,3.5,43.8,37.66,53.77,1.82,1.62,0.35,WIN,WIN,match,1,1,LOSS,LOSS,LOSS,match-both-conv,0,0,0,0,OVER,OVER,match,0,0,0.191844,0.191844,0.388628,match-away-base,0.4225,0.4225,match,1784992359459
2250835,2026-05-31,SF@COL 2026-05-31,824354,11,5,16,11-5,-0.5,6.5,46.67,39.21,54.34,3.11,2.76,0.43,LOSS,LOSS,match,0,0,WIN,WIN,LOSS,match-prob-conv,1,1,1,0,OVER,OVER,match,0,0,0.284409,0.284409,0.153742,match-away-base,0.3249,0.3249,match,1784992359459
2250836,2026-05-31,NYY@ATH 2026-05-31,825001,13,3,16,13-3,-0.5,5.5,53.44,33.08,61.77,3.66,2.65,0.53,WIN,WIN,match,1,1,WIN,WIN,WIN,match-both-conv,0,1,1,1,OVER,OVER,match,1,1,0.216783,0.216783,0.109429,match-away-base,0.2209,0.2209,match,1784992359459
2250837,2026-05-31,PHI@LAD 2026-05-31,823944,0,6,6,0-6,1.5,4.5,33.22,51.18,39.36,1.97,2.68,0.39,WIN,WIN,match,1,1,WIN,WIN,LOSS,match-prob-conv,1,1,1,0,OVER,OVER,match,0,0,0.110357,0.110357,0.238339,match-away-base,0.3721,0.3721,match,1784992359459
2250838,2026-05-31,CHC@STL 2026-05-31,823053,0,5,5,0-5,0.5,4.5,45.84,38.62,54.27,2.55,2.26,0.47,WIN,WIN,match,1,1,LOSS,LOSS,LOSS,match-both-conv,0,0,0,0,OVER,OVER,match,0,0,0.210131,0.210131,0.37675,match-away-base,0.2809,0.2809,match,1784992359459
2253162,2026-05-31,ARI@SEA 2026-05-31,823133,0,1,1,0-1,0.5,4.5,36.62,46.41,44.11,1.84,2.19,0.44,WIN,WIN,match,1,1,WIN,WIN,LOSS,match-prob-conv,1,1,1,0,UNDER,UNDER,match,1,1,0.134102,0.134102,0.287189,match-away-base,0.1936,0.1936,match,1784992359459
2250839,2026-06-01,DET@TB 2026-06-01,822974,7,2,9,7-2,0.5,4.5,47.01,36.03,56.61,2.22,1.82,0.37,LOSS,LOSS,match,0,0,WIN,WIN,WIN,match-both-conv,0,1,1,1,OVER,OVER,match,0,0,0.280794,0.280794,0.129816,match-away-base,0.3969,0.3969,match,1784992359459
2250840,2026-06-01,MIA@WSH 2026-06-01,822730,1,3,4,1-3,0.5,4.5,40.36,45.27,47.13,2.73,2.95,0.58,WIN,WIN,match,1,1,WIN,WIN,LOSS,match-prob-conv,1,1,1,0,UNDER,UNDER,match,0,0,0.162893,0.162893,0.299537,match-away-base,0.3364,0.3364,match,1784992359459
2250841,2026-06-01,KC@CIN 2026-06-01,824510,6,1,7,6-1,0.5,5.5,37.94,47.22,44.55,2.43,2.83,0.41,LOSS,LOSS,match,0,0,LOSS,LOSS,WIN,match-prob-conv,1,0,0,1,OVER,OVER,match,0,0,0.385144,0.385144,0.222973,match-away-base,0.3481,0.3481,match,1784992359459
2250842,2026-06-01,CWS@MIN 2026-06-01,823702,4,9,13,4-9,0.5,4.5,36.72,46.85,43.94,1.96,2.35,0.41,WIN,WIN,match,1,1,WIN,WIN,LOSS,match-prob-conv,1,1,1,0,OVER,OVER,match,0,0,0.134836,0.134836,0.282492,match-away-base,0.3481,0.3481,match,1784992359459
2250843,2026-06-01,SF@MIL 2026-06-01,823781,2,8,10,2-8,0.5,3.5,38.28,44.97,45.98,1.96,2.2,0.46,WIN,WIN,match,1,1,WIN,WIN,LOSS,match-prob-conv,1,1,1,0,OVER,OVER,match,0,0,0.146536,0.146536,0.30283,match-away-base,0.2916,0.2916,match,1784992359459
2250844,2026-06-01,TEX@STL 2026-06-01,823050,2,0,2,2-0,-0.5,3.5,41.62,41.77,49.91,2.12,2.12,0.4,LOSS,LOSS,match,0,0,LOSS,LOSS,LOSS,match-both-conv,0,0,0,0,UNDER,UNDER,match,1,1,0.340822,0.340822,0.174473,match-away-base,0.16,0.16,match,1784992359459
2250845,2026-06-01,COL@LAA 2026-06-01,824027,3,6,9,3-6,0.5,4.5,32.1,53.08,37.68,2.13,3.02,0.52,WIN,WIN,match,1,1,WIN,WIN,WIN,match-both-conv,0,1,1,1,OVER,OVER,match,1,1,0.103041,0.103041,0.220149,match-away-base,0.2304,0.2304,match,1784992359459
2250846,2026-06-01,NYM@SEA 2026-06-01,823131,1,1,2,1-1,0.5,3.5,39.2,42.61,47.92,1.72,1.84,0.37,PUSH,PUSH,match,,,LOSS,LOSS,WIN,match-prob-conv,1,0,0,1,UNDER,UNDER,match,1,1,,,,both-null,0.1369,0.1369,match,1784992359459
2253172,2026-06-01,LAD@ARI 2026-06-01,825078,1,0,1,1-0,-0.5,4.5,42.38,41.82,50.33,2.34,2.31,0.39,LOSS,LOSS,match,0,0,WIN,WIN,LOSS,match-prob-conv,1,1,1,0,UNDER,UNDER,match,1,1,0.332006,0.332006,0.174891,match-away-base,0.1521,0.1521,match,1784992359459
2250847,2026-06-02,DET@TB 2026-06-02,822971,5,0,5,5-0,0.5,4.5,38.26,46.42,45.18,2.3,2.63,0.49,LOSS,LOSS,match,0,0,LOSS,LOSS,WIN,match-prob-conv,1,0,0,1,OVER,OVER,match,0,0,0.381183,0.381183,0.215482,match-away-base,0.2601,0.2601,match,1784992359459
2250848,2026-06-02,SD@PHI 2026-06-02,823460,2,2,4,2-2,0.5,4.5,44.56,39.6,52.94,2.42,2.23,0.45,PUSH,PUSH,match,,,WIN,WIN,WIN,match-both-conv,0,1,1,1,UNDER,UNDER,match,1,1,,,,both-null,0.2025,0.2025,match,1784992359459
2250849,2026-06-02,BAL@BOS 2026-06-02,824754,4,2,6,4-2,0.5,4.5,39.29,43.75,47.32,1.94,2.1,0.37,LOSS,LOSS,match,0,0,LOSS,LOSS,WIN,match-prob-conv,1,0,0,1,OVER,OVER,match,0,0,0.36857,0.36857,0.191406,match-away-base,0.3969,0.3969,match,1784992359459
2250850,2026-06-02,MIA@WSH 2026-06-02,822728,4,0,4,4-0,0.5,4.5,44.48,41.29,51.86,2.98,2.83,0.53,LOSS,LOSS,match,0,0,WIN,WIN,WIN,match-both-conv,0,1,1,1,UNDER,UNDER,match,0,0,0.308247,0.308247,0.170486,match-away-base,0.2809,0.2809,match,1784992359459
2250851,2026-06-02,CLE@NYY 2026-06-02,823541,5,4,9,5-4,0.5,3.5,32.55,51.67,38.65,1.9,2.65,0.51,LOSS,LOSS,match,0,0,LOSS,LOSS,LOSS,match-both-conv,0,0,0,0,OVER,OVER,match,1,1,0.45495,0.45495,0.266979,match-away-base,0.2401,0.2401,match,1784992359459
2250852,2026-06-02,KC@CIN 2026-06-02,824511,3,1,4,3-1,0.5,4.5,38.01,46.86,44.79,2.33,2.71,0.44,LOSS,LOSS,match,0,0,LOSS,LOSS,WIN,match-prob-conv,1,0,0,1,UNDER,UNDER,match,1,1,0.384276,0.384276,0.219586,match-away-base,0.1936,0.1936,match,1784992359459
2250853,2026-06-02,TOR@ATL 2026-06-02,824918,2,3,5,2-3,0.5,4.5,38.07,44.64,46.03,1.84,2.07,0.42,WIN,WIN,match,1,1,WIN,WIN,LOSS,match-prob-conv,1,1,1,0,OVER,OVER,match,0,0,0.144932,0.144932,0.306473,match-away-base,0.3364,0.3364,match,1784992359459
2250854,2026-06-02,CWS@MIN 2026-06-02,823700,3,6,9,3-6,-0.5,4.5,50.73,33.77,60.03,2.71,2.03,0.46,LOSS,LOSS,match,0,0,LOSS,LOSS,LOSS,match-both-conv,0,0,0,0,OVER,OVER,match,0,0,0.257353,0.257353,0.438641,match-away-base,0.2916,0.2916,match,1784992359459
2250855,2026-06-02,SF@MIL 2026-06-02,823782,0,3,3,0-3,0.5,3.5,37.77,44.81,45.73,1.8,2.05,0.41,WIN,WIN,match,1,1,WIN,WIN,LOSS,match-prob-conv,1,1,1,0,UNDER,UNDER,match,1,1,0.142657,0.142657,0.304594,match-away-base,0.1681,0.1681,match,1784992359459
2250856,2026-06-02,TEX@STL 2026-06-02,823052,2,2,4,2-2,-0.5,3.5,43.63,39.74,52.34,2.17,2.03,0.46,PUSH,PUSH,match,,,LOSS,LOSS,WIN,match-prob-conv,1,0,0,1,OVER,OVER,match,0,0,,,,both-null,0.2916,0.2916,match,1784992359459
2250857,2026-06-02,ATH@CHC 2026-06-02,824675,2,1,3,2-1,0.5,4.5,43.3,41.09,51.31,2.44,2.35,0.54,LOSS,LOSS,match,0,0,WIN,WIN,WIN,match-both-conv,0,1,1,1,UNDER,UNDER,match,0,0,0.321489,0.321489,0.168839,match-away-base,0.2916,0.2916,match,1784992359459
2250858,2026-06-02,PIT@HOU 2026-06-02,824189,2,4,6,2-4,0.5,4.5,43.73,41.13,51.53,2.58,2.47,0.44,WIN,WIN,match,1,1,LOSS,LOSS,LOSS,match-both-conv,0,0,0,0,OVER,OVER,match,0,0,0.191231,0.191231,0.346568,match-away-base,0.3136,0.3136,match,1784992359459
2250859,2026-06-02,COL@LAA 2026-06-02,824026,8,2,10,8-2,0.5,4.5,41.41,42.49,49.36,2.23,2.27,0.43,LOSS,LOSS,match,0,0,LOSS,LOSS,WIN,match-prob-conv,1,0,0,1,OVER,OVER,match,0,0,0.343279,0.343279,0.18054,match-away-base,0.3249,0.3249,match,1784992359459
2250860,2026-06-02,NYM@SEA 2026-06-02,823129,2,7,9,2-7,0.5,4.5,31.34,52.6,37.33,1.78,2.6,0.49,WIN,WIN,match,1,1,WIN,WIN,WIN,match-both-conv,0,1,1,1,OVER,OVER,match,0,0,0.09822,0.09822,0.224676,match-away-base,0.2601,0.2601,match,1784992359459
2253187,2026-06-02,LAD@ARI 2026-06-02,825079,4,2,6,4-2,0.5,5.5,41.86,42.72,49.49,2.43,2.47,0.37,LOSS,LOSS,match,0,0,LOSS,LOSS,WIN,match-prob-conv,1,0,0,1,OVER,OVER,match,0,0,0.338026,0.338026,0.1825,match-away-base,0.3969,0.3969,match,1784992359459
2250861,2026-06-03,MIA@WSH 2026-06-03,822727,1,1,2,1-1,,,41.54,42.8,49.26,2.36,2.41,0.47,PUSH,PUSH,match,,,,,,both-null,0,,,,,,both-null,,,,,,both-null,,,both-null,1784992359459
2250862,2026-06-03,DET@TB 2026-06-03,822973,6,2,8,6-2,,,43.92,39.09,52.91,2.09,1.92,0.37,LOSS,LOSS,match,0,0,,,,both-null,0,,,,,,both-null,,,0.314497,0.314497,0.152803,match-away-base,,,both-null,1784992359459
2250863,2026-06-03,CWS@MIN 2026-06-03,823701,4,0,4,4-0,,,37.63,47.14,44.39,2.3,2.7,0.5,LOSS,LOSS,match,0,0,,,,both-null,0,,,,,,both-null,,,0.389002,0.389002,0.222218,match-away-base,,,both-null,1784992359459
2250864,2026-06-03,NYM@SEA 2026-06-03,823130,6,1,7,6-1,,,38.87,43.94,46.94,1.87,2.05,0.42,LOSS,LOSS,match,0,0,,,,both-null,0,,,,,,both-null,,,0.373688,0.373688,0.193072,match-away-base,,,both-null,1784992359459
2250865,2026-06-03,SD@PHI 2026-06-03,823456,0,1,1,0-1,,,38.63,44.78,46.31,1.99,2.22,0.46,WIN,WIN,match,1,1,,,,both-null,0,,,,,,both-null,,,0.149228,0.149228,0.304925,match-away-base,,,both-null,1784992359459
2250866,2026-06-03,BAL@BOS 2026-06-03,824755,0,8,8,0-8,,,33.63,49.31,40.55,1.7,2.26,0.31,WIN,WIN,match,1,1,,,,both-null,0,,,,,,both-null,,,0.113098,0.113098,0.256948,match-away-base,,,both-null,1784992359459
2250867,2026-06-03,CLE@NYY 2026-06-03,823540,3,2,5,3-2,,,32.73,50.78,39.19,1.76,2.43,0.46,LOSS,LOSS,match,0,0,,,,both-null,0,,,,,,both-null,,,0.452525,0.452525,0.257861,match-away-base,,,both-null,1784992359459
2250868,2026-06-03,KC@CIN 2026-06-03,824509,2,2,4,2-2,,,39.77,43.55,47.73,2.03,2.16,0.39,PUSH,PUSH,match,,,,,,both-null,0,,,,,,both-null,,,,,,both-null,,,both-null,1784992359459
2250869,2026-06-03,TOR@ATL 2026-06-03,824917,2,4,6,2-4,,,41.2,42.18,49.42,2.09,2.12,0.4,WIN,WIN,match,1,1,,,,both-null,0,,,,,,both-null,,,0.169744,0.169744,0.334315,match-away-base,,,both-null,1784992359459
2250870,2026-06-03,SF@MIL 2026-06-03,823780,1,0,1,1-0,,,34.32,49.3,41.04,1.86,2.42,0.4,LOSS,LOSS,match,0,0,,,,both-null,0,,,,,,both-null,,,0.431386,0.431386,0.243049,match-away-base,,,both-null,1784992359459
2250871,2026-06-03,TEX@STL 2026-06-03,823051,1,4,5,1-4,,,45.61,38.01,54.54,2.29,2.01,0.41,WIN,WIN,match,1,1,,,,both-null,0,,,,,,both-null,,,0.208027,0.208027,0.384276,match-away-base,,,both-null,1784992359459
2250872,2026-06-03,ATH@CHC 2026-06-03,824671,2,4,6,2-4,,,43.87,40.02,52.3,2.31,2.16,0.37,WIN,WIN,match,1,1,,,,both-null,0,,,,,,both-null,,,0.192458,0.192458,0.35976,match-away-base,,,both-null,1784992359459
2250873,2026-06-03,PIT@HOU 2026-06-03,824188,4,3,7,4-3,,,43.44,39.62,52.3,2.1,1.96,0.44,LOSS,LOSS,match,0,0,,,,both-null,0,,,,,,both-null,,,0.319903,0.319903,0.156974,match-away-base,,,both-null,1784992359459
2250874,2026-06-03,COL@LAA 2026-06-03,824024,3,9,12,3-9,,,34.24,50.74,40.29,2.18,2.89,0.5,WIN,WIN,match,1,1,,,,both-null,0,,,,,,both-null,,,0.117238,0.117238,0.242655,match-away-base,,,both-null,1784992359459
2253203,2026-06-03,LAD@ARI 2026-06-03,825077,5,0,5,5-0,,,55.81,28.79,65.97,2.89,1.8,0.4,WIN,WIN,match,1,1,,,,both-null,0,,,,,,both-null,,,0.195276,0.195276,0.082886,match-away-base,,,both-null,1784992359459
2250875,2026-06-04,SD@PHI 2026-06-04,823457,0,3,3,0-3,,,35.39,47.88,42.5,1.83,2.29,0.38,WIN,WIN,match,1,1,,,,both-null,0,,,,,,both-null,,,0.125245,0.125245,0.271649,match-away-base,,,both-null,1784992359459
2250876,2026-06-04,BAL@BOS 2026-06-04,824753,8,0,8,8-0,,,45.78,39.47,53.7,2.81,2.54,0.37,LOSS,LOSS,match,0,0,,,,both-null,0,,,,,,both-null,,,0.293981,0.293981,0.155788,match-away-base,,,both-null,1784992359459
2250877,2026-06-04,CLE@NYY 2026-06-04,823542,1,1,2,1-1,,,35.03,49.76,41.31,2.19,2.81,0.5,PUSH,PUSH,match,,,,,,both-null,0,,,,,,both-null,,,,,,both-null,,,both-null,1784992359459
2250878,2026-06-04,SF@MIL 2026-06-04,823779,6,3,9,6-3,,,33,50.72,39.42,1.83,2.5,0.35,LOSS,LOSS,match,0,0,,,,both-null,0,,,,,,both-null,,,0.4489,0.4489,0.257252,match-away-base,,,both-null,1784992359459
2250879,2026-06-04,TOR@ATL 2026-06-04,824919,3,1,4,3-1,,,35.01,47.43,42.46,1.67,2.1,0.4,LOSS,LOSS,match,0,0,,,,both-null,0,,,,,,both-null,,,0.42237,0.42237,0.22496,match-away-base,,,both-null,1784992359459
2250880,2026-06-04,KC@MIN 2026-06-04,823698,3,5,8,3-5,,,42.32,42.37,49.97,2.47,2.47,0.43,WIN,WIN,match,1,1,,,,both-null,0,,,,,,both-null,,,0.179098,0.179098,0.332122,match-away-base,,,both-null,1784992359459
2250881,2026-06-04,ATH@CHC 2026-06-04,824672,1,0,1,1-0,,,42.84,40.38,51.48,2.12,2.03,0.27,LOSS,LOSS,match,0,0,,,,both-null,0,,,,,,both-null,,,0.326727,0.326727,0.163054,match-away-base,,,both-null,1784992359459
2250882,2026-06-04,PIT@HOU 2026-06-04,824185,1,0,1,1-0,,,40.61,43.69,48.17,2.29,2.42,0.46,LOSS,LOSS,match,0,0,,,,both-null,0,,,,,,both-null,,,0.352717,0.352717,0.190882,match-away-base,,,both-null,1784992359459
2253212,2026-06-04,LAD@ARI 2026-06-04,825076,2,0,2,2-0,,,46.55,37.91,55.12,2.58,2.23,0.36,LOSS,LOSS,match,0,0,,,,both-null,0,,,,,,both-null,,,0.28569,0.28569,0.143717,match-away-base,,,both-null,1784992359459
2250883,2026-06-05,SF@CHC 2026-06-05,824673,9,0,9,9-0,,,31.61,51.82,37.88,1.7,2.45,0.19,LOSS,LOSS,match,0,0,,,,both-null,0,,,,,,both-null,,,0.467719,0.467719,0.268531,match-away-base,,,both-null,1784992359459
2250884,2026-06-05,SEA@DET 2026-06-05,824271,1,3,4,1-3,,,45.79,36.87,55.4,2.11,1.79,0.35,WIN,WIN,match,1,1,,,,both-null,0,,,,,,both-null,,,0.209672,0.209672,0.39854,match-away-base,,,both-null,1784992359459
2250885,2026-06-05,CWS@PHI 2026-06-05,823455,4,6,10,4-6,,,41.73,42.52,49.53,2.33,2.36,0.46,WIN,WIN,match,1,1,,,,both-null,0,,,,,,both-null,,,0.174139,0.174139,0.330395,match-away-base,,,both-null,1784992359459
2250886,2026-06-05,BOS@NYY 2026-06-05,823538,5,3,8,5-3,,,40.32,44,47.82,2.27,2.42,0.46,LOSS,LOSS,match,0,0,,,,both-null,0,,,,,,both-null,,,0.35617,0.35617,0.1936,match-away-base,,,both-null,1784992359459
2250887,2026-06-05,BAL@TOR 2026-06-05,822810,1,3,4,1-3,,,39.76,44.03,47.45,2.12,2.29,0.42,WIN,WIN,match,1,1,,,,both-null,0,,,,,,both-null,,,0.158086,0.158086,0.313264,match-away-base,,,both-null,1784992359459
2250888,2026-06-05,TB@MIA 2026-06-05,823860,4,0,4,4-0,,,42.29,41.16,50.68,2.14,2.1,0.47,LOSS,LOSS,match,0,0,,,,both-null,0,,,,,,both-null,,,0.333044,0.333044,0.169415,match-away-base,,,both-null,1784992359459
2250889,2026-06-05,PIT@ATL 2026-06-05,824914,3,6,9,3-6,,,41.36,42.09,49.57,2.11,2.14,0.4,WIN,WIN,match,1,1,,,,both-null,0,,,,,,both-null,,,0.171065,0.171065,0.335357,match-away-base,,,both-null,1784992359459
2250890,2026-06-05,ATH@HOU 2026-06-05,824186,0,5,5,0-5,,,43.27,40.49,51.66,2.25,2.14,0.36,WIN,WIN,match,1,1,,,,both-null,0,,,,,,both-null,,,0.187229,0.187229,0.354144,match-away-base,,,both-null,1784992359459
2250891,2026-06-05,CIN@STL 2026-06-05,823049,3,4,7,3-4,,,37.89,47.18,44.54,2.39,2.8,0.46,WIN,WIN,match,1,1,,,,both-null,0,,,,,,both-null,,,0.143565,0.143565,0.278995,match-away-base,,,both-null,1784992359459
2250892,2026-06-05,CLE@TEX 2026-06-05,822892,2,0,2,2-0,,,45.21,36.24,55.51,1.85,1.56,0.35,LOSS,LOSS,match,0,0,,,,both-null,0,,,,,,both-null,,,0.300194,0.300194,0.131334,match-away-base,,,both-null,1784992359459
2250893,2026-06-05,KC@MIN 2026-06-05,823699,2,1,3,2-1,,,40.42,43.72,48.04,2.25,2.38,0.45,LOSS,LOSS,match,0,0,,,,both-null,0,,,,,,both-null,,,0.354978,0.354978,0.191144,match-away-base,,,both-null,1784992359459
2250894,2026-06-05,MIL@COL 2026-06-05,824350,1,3,4,1-3,,,43.97,42.44,50.89,3.22,3.15,0.43,WIN,WIN,match,1,1,,,,both-null,0,,,,,,both-null,,,0.193336,0.193336,0.331315,match-away-base,,,both-null,1784992359459
2250895,2026-06-05,NYM@SD 2026-06-05,823293,4,0,4,4-0,,,38.45,43.56,46.88,1.73,1.9,0.38,LOSS,LOSS,match,0,0,,,,both-null,0,,,,,,both-null,,,0.37884,0.37884,0.189747,match-away-base,,,both-null,1784992359459
2250896,2026-06-05,LAA@LAD 2026-06-05,823943,0,0,0,0-0,,,40.75,43.3,48.49,2.24,2.34,0.44,PUSH,PUSH,match,,,,,,both-null,0,,,,,,both-null,,,,,,both-null,,,both-null,1784992359459
2253225,2026-06-05,WSH@ARI 2026-06-05,825073,7,1,8,7-1,,,41.5,43.26,48.96,2.48,2.55,0.44,LOSS,LOSS,match,0,0,,,,both-null,0,,,,,,both-null,,,0.342225,0.342225,0.187143,match-away-base,,,both-null,1784992359459
2250897,2026-06-06,SEA@DET 2026-06-06,824269,4,0,4,4-0,,,44.03,38.35,53.45,1.98,1.79,0.33,LOSS,LOSS,match,0,0,,,,both-null,0,,,,,,both-null,,,0.313264,0.313264,0.147072,match-away-base,,,both-null,1784992359459
2250898,2026-06-06,KC@MIN 2026-06-06,823697,1,1,2,1-1,,,35.46,48.91,42.03,2.07,2.61,0.46,PUSH,PUSH,match,,,,,,both-null,0,,,,,,both-null,,,,,,both-null,,,both-null,1784992359459
2250899,2026-06-06,CIN@STL 2026-06-06,823048,5,4,9,5-4,,,43.85,40.91,51.73,2.55,2.44,0.38,LOSS,LOSS,match,0,0,,,,both-null,0,,,,,,both-null,,,0.315282,0.315282,0.167363,match-away-base,,,both-null,1784992359459
2250900,2026-06-06,SF@CHC 2026-06-06,824669,0,0,0,0-0,,,33.59,49.81,40.28,1.79,2.38,0.39,PUSH,PUSH,match,,,,,,both-null,0,,,,,,both-null,,,,,,both-null,,,both-null,1784992359459
2250901,2026-06-06,BAL@TOR 2026-06-06,822808,1,6,7,1-6,,,42.6,41.34,50.75,2.26,2.22,0.43,WIN,WIN,match,1,1,,,,both-null,0,,,,,,both-null,,,0.181476,0.181476,0.3441,match-away-base,,,both-null,1784992359459
2250902,2026-06-06,CWS@PHI 2026-06-06,823454,6,1,7,6-1,,,47.25,37.27,55.9,2.62,2.21,0.36,LOSS,LOSS,match,0,0,,,,both-null,0,,,,,,both-null,,,0.278256,0.278256,0.138905,match-away-base,,,both-null,1784992359459
2250903,2026-06-06,ATH@HOU 2026-06-06,824184,2,13,15,2-13,,,46.27,38.52,54.57,2.66,2.34,0.38,WIN,WIN,match,1,1,,,,both-null,0,,,,,,both-null,,,0.214091,0.214091,0.377979,match-away-base,,,both-null,1784992359459
2250904,2026-06-06,PIT@ATL 2026-06-06,824915,3,6,9,3-6,,,42.59,40.43,51.3,2.06,1.98,0.37,WIN,WIN,match,1,1,,,,both-null,0,,,,,,both-null,,,0.181391,0.181391,0.354858,match-away-base,,,both-null,1784992359459
2250905,2026-06-06,TB@MIA 2026-06-06,823859,0,2,2,0-2,,,42.78,39.76,51.83,1.97,1.86,0.34,WIN,WIN,match,1,1,,,,both-null,0,,,,,,both-null,,,0.183013,0.183013,0.362886,match-away-base,,,both-null,1784992359459
2250906,2026-06-06,CLE@TEX 2026-06-06,822891,5,0,5,5-0,,,38.89,42.59,47.73,1.66,1.78,0.35,LOSS,LOSS,match,0,0,,,,both-null,0,,,,,,both-null,,,0.373443,0.373443,0.181391,match-away-base,,,both-null,1784992359459
2250908,2026-06-06,MIL@COL 2026-06-06,824351,2,1,3,2-1,,,54.78,30.72,64.07,3.23,2.16,0.37,WIN,WIN,match,1,1,,,,both-null,0,,,,,,both-null,,,0.204485,0.204485,0.094372,match-away-base,,,both-null,1784992359459
2250909,2026-06-06,LAA@LAD 2026-06-06,823942,1,9,10,1-9,,,31.05,53.52,36.72,1.89,2.79,0.46,WIN,WIN,match,1,1,,,,both-null,0,,,,,,both-null,,,0.09641,0.09641,0.216039,match-away-base,,,both-null,1784992359459
2250910,2026-06-06,NYM@SD 2026-06-06,823292,1,1,2,1-1,,,46.63,36.26,56.25,2.16,1.79,0.36,PUSH,PUSH,match,,,,,,both-null,0,,,,,,both-null,,,,,,both-null,,,both-null,1784992359459
2253234,2026-06-06,WSH@ARI 2026-06-06,825075,2,1,3,2-1,,,39.04,45.47,46.19,2.29,2.54,0.42,LOSS,LOSS,match,0,0,,,,both-null,0,,,,,,both-null,,,0.371612,0.371612,0.206752,match-away-base,,,both-null,1784992359459
2250911,2026-06-07,PIT@ATL 2026-06-07,824916,2,0,2,2-0,,,35.93,47.82,42.9,1.96,2.41,0.36,LOSS,LOSS,match,0,0,,,,both-null,0,,,,,,both-null,,,0.410496,0.410496,0.228675,match-away-base,,,both-null,1784992359459
2250912,2026-06-07,CWS@PHI 2026-06-07,823453,5,7,12,5-7,,,43.35,41.34,51.18,2.51,2.43,0.37,WIN,WIN,match,1,1,,,,both-null,0,,,,,,both-null,,,0.187922,0.187922,0.3441,match-away-base,,,both-null,1784992359459
2250913,2026-06-07,BOS@NYY 2026-06-07,823537,0,1,1,0-1,,,33.77,50.26,40.19,1.91,2.54,0.43,WIN,WIN,match,1,1,,,,both-null,0,,,,,,both-null,,,0.114041,0.114041,0.247407,match-away-base,,,both-null,1784992359459
2250914,2026-06-07,BAL@TOR 2026-06-07,822807,4,0,4,4-0,,,41.73,42.37,49.62,2.29,2.31,0.45,LOSS,LOSS,match,0,0,,,,both-null,0,,,,,,both-null,,,0.339539,0.339539,0.179522,match-away-base,,,both-null,1784992359459
2250915,2026-06-07,SEA@DET 2026-06-07,824268,1,1,2,1-1,,,46.24,38.26,54.72,2.58,2.25,0.48,PUSH,PUSH,match,,,,,,both-null,0,,,,,,both-null,,,,,,both-null,,,both-null,1784992359459
2250916,2026-06-07,TB@MIA 2026-06-07,823857,1,0,1,1-0,,,41.39,42.97,49.07,2.32,2.4,0.46,LOSS,LOSS,match,0,0,,,,both-null,0,,,,,,both-null,,,0.343513,0.343513,0.184642,match-away-base,,,both-null,1784992359459
2250917,2026-06-07,ATH@HOU 2026-06-07,824183,5,0,5,5-0,,,46.17,38.6,54.46,2.67,2.35,0.44,LOSS,LOSS,match,0,0,,,,both-null,0,,,,,,both-null,,,0.289767,0.289767,0.148996,match-away-base,,,both-null,1784992359459
2250918,2026-06-07,KC@MIN 2026-06-07,823696,5,1,6,5-1,,,43.94,40.33,52.14,2.42,2.28,0.4,LOSS,LOSS,match,0,0,,,,both-null,0,,,,,,both-null,,,0.314272,0.314272,0.162651,match-away-base,,,both-null,1784992359459
2250919,2026-06-07,CIN@STL 2026-06-07,823047,2,3,5,2-3,,,38.67,45.16,46.13,2.09,2.34,0.37,WIN,WIN,match,1,1,,,,both-null,0,,,,,,both-null,,,0.149537,0.149537,0.300743,match-away-base,,,both-null,1784992359459
2250920,2026-06-07,CLE@TEX 2026-06-07,822890,0,7,7,0-7,,,38.79,42.66,47.62,1.65,1.78,0.35,WIN,WIN,match,1,1,,,,both-null,0,,,,,,both-null,,,0.150466,0.150466,0.328788,match-away-base,,,both-null,1784992359459
2250921,2026-06-07,MIL@COL 2026-06-07,824349,1,3,4,1-3,,,54.75,31.52,63.46,3.61,2.48,0.35,LOSS,LOSS,match,0,0,,,,both-null,0,,,,,,both-null,,,0.299756,0.299756,0.468951,match-away-base,,,both-null,1784992359459
2250922,2026-06-07,LAA@LAD 2026-06-07,823941,6,1,7,6-1,,,37.73,46.05,45.04,2.04,2.37,0.42,LOSS,LOSS,match,0,0,,,,both-null,0,,,,,,both-null,,,0.387755,0.387755,0.21206,match-away-base,,,both-null,1784992359459
2250923,2026-06-07,NYM@SD 2026-06-07,823291,4,2,6,4-2,,,43.08,38.67,52.7,1.84,1.7,0.37,LOSS,LOSS,match,0,0,,,,both-null,0,,,,,,both-null,,,0.323989,0.323989,0.149537,match-away-base,,,both-null,1784992359459
2250924,2026-06-07,SF@CHC 2026-06-07,824670,1,1,2,1-1,,,44.61,39.39,53.11,2.38,2.17,0.44,PUSH,PUSH,match,,,,,,both-null,0,,,,,,both-null,,,,,,both-null,,,both-null,1784992359459
2253254,2026-06-07,WSH@ARI 2026-06-07,825074,1,4,5,1-4,,,40.39,43.7,48.03,2.22,2.35,0.44,WIN,WIN,match,1,1,,,,both-null,0,,,,,,both-null,,,0.163135,0.163135,0.316969,match-away-base,,,both-null,1784992359459
2250925,2026-06-08,SEA@BAL 2026-06-08,824829,5,1,6,5-1,,,48.39,36.19,57.21,2.64,2.15,0.35,LOSS,LOSS,match,0,0,,,,both-null,0,,,,,,both-null,,,0.266359,0.266359,0.130972,match-away-base,,,both-null,1784992359459
2250926,2026-06-08,BOS@TB 2026-06-08,822972,1,2,3,1-2,,,44.39,39.14,53.14,2.24,2.04,0.4,WIN,WIN,match,1,1,,,,both-null,0,,,,,,both-null,,,0.197047,0.197047,0.370394,match-away-base,,,both-null,1784992359459
2250927,2026-06-08,NYY@CLE 2026-06-08,824427,4,3,7,4-3,,,42.54,40.5,51.23,2.06,1.99,0.44,LOSS,LOSS,match,0,0,,,,both-null,0,,,,,,both-null,,,0.330165,0.330165,0.164025,match-away-base,,,both-null,1784992359459
2250928,2026-06-08,PHI@TOR 2026-06-08,822806,5,2,7,5-2,,,48.61,35.03,58.12,2.4,1.89,0.47,LOSS,LOSS,match,0,0,,,,both-null,0,,,,,,both-null,,,0.264093,0.264093,0.12271,match-away-base,,,both-null,1784992359459
2250929,2026-06-08,HOU@LAA 2026-06-08,824025,1,3,4,1-3,,,55.94,29.44,65.52,3.17,2.02,0.46,LOSS,LOSS,match,0,0,,,,both-null,0,,,,,,both-null,,,0.312928,0.312928,0.497871,match-away-base,,,both-null,1784992359459
2250930,2026-06-08,CIN@SD 2026-06-08,823289,1,1,2,1-1,,,40.58,41.63,49.36,1.83,1.87,0.32,PUSH,PUSH,match,,,,,,both-null,0,,,,,,both-null,,,,,,both-null,,,both-null,1784992359459
2250931,2026-06-08,WSH@SF 2026-06-08,823218,0,0,0,0-0,,,37.33,46.83,44.36,2.08,2.46,0.44,PUSH,PUSH,match,,,,,,both-null,0,,,,,,both-null,,,,,,both-null,,,both-null,1784992359459
2250932,2026-06-08,MIL@ATH 2026-06-08,824998,5,8,13,5-8,,,47.29,37.7,55.64,2.75,2.34,0.34,WIN,WIN,match,1,1,,,,both-null,0,,,,,,both-null,,,0.223634,0.223634,0.388129,match-away-base,,,both-null,1784992359459
2250933,2026-06-09,SEA@BAL 2026-06-09,824830,3,1,4,3-1,,,44.07,40.23,52.28,2.43,2.27,0.46,LOSS,LOSS,match,0,0,,,,both-null,0,,,,,,both-null,,,0.312816,0.312816,0.161845,match-away-base,,,both-null,1784992359459
2250934,2026-06-09,LAD@PIT 2026-06-09,823374,1,2,3,1-2,,,42.09,42.68,49.65,2.49,2.52,0.5,WIN,WIN,match,1,1,,,,both-null,0,,,,,,both-null,,,0.177157,0.177157,0.328558,match-away-base,,,both-null,1784992359459
2250935,2026-06-09,BOS@TB 2026-06-09,822969,1,3,4,1-3,,,43.62,39.55,52.45,2.13,1.98,0.45,WIN,WIN,match,1,1,,,,both-null,0,,,,,,both-null,,,0.19027,0.19027,0.36542,match-away-base,,,both-null,1784992359459
2250936,2026-06-09,MIN@DET 2026-06-09,824267,4,5,9,4-5,,,36.5,47.08,43.67,1.94,2.33,0.4,WIN,WIN,match,1,1,,,,both-null,0,,,,,,both-null,,,0.133225,0.133225,0.280053,match-away-base,,,both-null,1784992359459
2250937,2026-06-09,NYY@CLE 2026-06-09,824429,2,2,4,2-2,,,49.51,33.78,59.44,2.36,1.78,0.38,PUSH,PUSH,match,,,,,,both-null,0,,,,,,both-null,,,,,,both-null,,,both-null,1784992359459
2250938,2026-06-09,PHI@TOR 2026-06-09,822805,1,0,1,1-0,,,43.43,39.09,52.63,1.99,1.84,0.41,LOSS,LOSS,match,0,0,,,,both-null,0,,,,,,both-null,,,0.320016,0.320016,0.152803,match-away-base,,,both-null,1784992359459
2250939,2026-06-09,STL@NYM 2026-06-09,823620,6,0,6,6-0,,,44.35,39.53,52.88,2.32,2.14,0.43,LOSS,LOSS,match,0,0,,,,both-null,0,,,,,,both-null,,,0.309692,0.309692,0.156262,match-away-base,,,both-null,1784992359459
2250940,2026-06-09,TEX@KC 2026-06-09,824105,2,1,3,2-1,,,40,43.44,47.94,2.05,2.18,0.29,LOSS,LOSS,match,0,0,,,,both-null,0,,,,,,both-null,,,0.36,0.36,0.188703,match-away-base,,,both-null,1784992359459
2250941,2026-06-09,ATL@CWS 2026-06-09,824591,4,3,7,4-3,,,43.58,40.85,51.62,2.46,2.36,0.42,LOSS,LOSS,match,0,0,,,,both-null,0,,,,,,both-null,,,0.318322,0.318322,0.166872,match-away-base,,,both-null,1784992359459
2250942,2026-06-09,CHC@COL 2026-06-09,824347,1,7,8,1-7,,,43.13,43.17,49.97,3.12,3.13,0.37,WIN,WIN,match,1,1,,,,both-null,0,,,,,,both-null,,,0.18602,0.18602,0.322965,match-away-base,,,both-null,1784992359459
2250943,2026-06-09,HOU@LAA 2026-06-09,824023,0,7,7,0-7,,,41.92,42.04,49.93,2.26,2.26,0.43,WIN,WIN,match,1,1,,,,both-null,0,,,,,,both-null,,,0.175729,0.175729,0.335936,match-away-base,,,both-null,1784992359459
2250944,2026-06-09,CIN@SD 2026-06-09,823290,2,2,4,2-2,,,46.41,36.01,56.31,2.07,1.71,0.4,PUSH,PUSH,match,,,,,,both-null,0,,,,,,both-null,,,,,,both-null,,,both-null,1784992359459
2250945,2026-06-09,WSH@SF 2026-06-09,823214,3,2,5,3-2,,,46.29,37.83,55.03,2.46,2.12,0.44,LOSS,LOSS,match,0,0,,,,both-null,0,,,,,,both-null,,,0.288476,0.288476,0.143111,match-away-base,,,both-null,1784992359459
2250946,2026-06-09,MIL@ATH 2026-06-09,824999,3,6,9,3-6,,,35.62,50.65,41.29,2.69,3.42,0.31,WIN,WIN,match,1,1,,,,both-null,0,,,,,,both-null,,,0.126878,0.126878,0.243542,match-away-base,,,both-null,1784992359459
2253270,2026-06-09,ARI@MIA 2026-06-09,823858,2,3,5,2-3,,,34.23,49.49,40.89,1.89,2.46,0.41,WIN,WIN,match,1,1,,,,both-null,0,,,,,,both-null,,,0.117169,0.117169,0.255126,match-away-base,,,both-null,1784992359459
2250947,2026-06-10,BOS@TB 2026-06-10,822970,0,4,4,0-4,,,36.14,47.25,43.34,1.89,2.3,0.46,WIN,WIN,match,1,1,,,,both-null,0,,,,,,both-null,,,0.13061,0.13061,0.278256,match-away-base,,,both-null,1784992359459
2250948,2026-06-10,NYY@CLE 2026-06-10,824428,3,3,6,3-3,,,43.88,39.03,52.93,2.08,1.91,0.43,PUSH,PUSH,match,,,,,,both-null,0,,,,,,both-null,,,,,,both-null,,,both-null,1784992359459
2250949,2026-06-10,WSH@SF 2026-06-10,823215,2,0,2,2-0,,,47.68,36.15,56.88,2.45,2,0.43,LOSS,LOSS,match,0,0,,,,both-null,0,,,,,,both-null,,,0.273738,0.273738,0.130682,match-away-base,,,both-null,1784992359459
2250950,2026-06-10,CIN@SD 2026-06-10,823287,2,2,4,2-2,,,34.44,49.03,41.26,1.83,2.37,0.39,PUSH,PUSH,match,,,,,,both-null,0,,,,,,both-null,,,,,,both-null,,,both-null,1784992359459
2250951,2026-06-10,SEA@BAL 2026-06-10,824831,0,0,0,0-0,,,42.07,42.84,49.54,2.55,2.59,0.45,PUSH,PUSH,match,,,,,,both-null,0,,,,,,both-null,,,,,,both-null,,,both-null,1784992359459
2250952,2026-06-10,LAD@PIT 2026-06-10,823372,2,1,3,2-1,,,53.52,30.85,63.43,2.76,1.86,0.45,WIN,WIN,match,1,1,,,,both-null,0,,,,,,both-null,,,0.216039,0.216039,0.095172,match-away-base,,,both-null,1784992359459
2250953,2026-06-10,MIN@DET 2026-06-10,824266,4,3,7,4-3,,,40.52,43.05,48.48,2.11,2.2,0.35,LOSS,LOSS,match,0,0,,,,both-null,0,,,,,,both-null,,,0.353787,0.353787,0.18533,match-away-base,,,both-null,1784992359459
2250954,2026-06-10,PHI@TOR 2026-06-10,822804,6,0,6,6-0,,,49.94,34.78,58.95,2.77,2.14,0.49,LOSS,LOSS,match,0,0,,,,both-null,0,,,,,,both-null,,,0.2506,0.2506,0.120965,match-away-base,,,both-null,1784992359459
2250955,2026-06-10,STL@NYM 2026-06-10,823618,8,2,10,8-2,,,38.46,45.02,46.07,1.99,2.23,0.4,LOSS,LOSS,match,0,0,,,,both-null,0,,,,,,both-null,,,0.378717,0.378717,0.20268,match-away-base,,,both-null,1784992359459
2250956,2026-06-10,TEX@KC 2026-06-10,824103,2,2,4,2-2,,,44.67,38.94,53.43,2.26,2.05,0.29,PUSH,PUSH,match,,,,,,both-null,0,,,,,,both-null,,,,,,both-null,,,both-null,1784992359459
2250957,2026-06-10,ATL@CWS 2026-06-10,824590,0,2,2,0-2,,,42.71,40.78,51.16,2.17,2.1,0.47,WIN,WIN,match,1,1,,,,both-null,0,,,,,,both-null,,,0.182414,0.182414,0.350701,match-away-base,,,both-null,1784992359459
2250958,2026-06-10,CHC@COL 2026-06-10,824348,1,0,1,1-0,,,55.74,31.19,64.12,3.98,2.7,0.46,WIN,WIN,match,1,1,,,,both-null,0,,,,,,both-null,,,0.195895,0.195895,0.097282,match-away-base,,,both-null,1784992359459
2250959,2026-06-10,MIL@ATH 2026-06-10,824996,3,0,3,3-0,,,40,46.1,46.45,2.92,3.21,0.27,LOSS,LOSS,match,0,0,,,,both-null,0,,,,,,both-null,,,0.36,0.36,0.212521,match-away-base,,,both-null,1784992359459
2250960,2026-06-10,HOU@LAA 2026-06-10,824022,0,2,2,0-2,,,42.7,41.06,50.98,2.23,2.17,0.42,WIN,WIN,match,1,1,,,,both-null,0,,,,,,both-null,,,0.182329,0.182329,0.347392,match-away-base,,,both-null,1784992359459
2253288,2026-06-10,ARI@MIA 2026-06-10,823856,0,8,8,0-8,,,44.09,39.78,52.57,2.31,2.14,0.43,WIN,WIN,match,1,1,,,,both-null,0,,,,,,both-null,,,0.194393,0.194393,0.362645,match-away-base,,,both-null,1784992359459
2250961,2026-06-11,STL@NYM 2026-06-11,823619,4,4,8,4-4,,,42.99,40.62,51.42,2.21,2.12,0.36,PUSH,PUSH,match,,,,,,both-null,0,,,,,,both-null,,,,,,both-null,,,both-null,1784992359459
2250962,2026-06-11,MIN@DET 2026-06-11,824265,0,5,5,0-5,,,41.1,41.93,49.5,2.02,2.05,0.32,WIN,WIN,match,1,1,,,,both-null,0,,,,,,both-null,,,0.168921,0.168921,0.337212,match-away-base,,,both-null,1784992359459
2250963,2026-06-11,TEX@KC 2026-06-11,824101,3,2,5,3-2,,,41.52,42.1,49.66,2.16,2.18,0.3,LOSS,LOSS,match,0,0,,,,both-null,0,,,,,,both-null,,,0.341991,0.341991,0.177241,match-away-base,,,both-null,1784992359459
2250964,2026-06-11,CHC@COL 2026-06-11,824346,6,2,8,6-2,,,39.46,46.81,45.74,2.96,3.32,0.47,LOSS,LOSS,match,0,0,,,,both-null,0,,,,,,both-null,,,0.366509,0.366509,0.219118,match-away-base,,,both-null,1784992359459
2250965,2026-06-11,LAD@PIT 2026-06-11,823371,5,4,9,5-4,,,50.78,33.97,59.92,2.77,2.09,0.36,WIN,WIN,match,1,1,,,,both-null,0,,,,,,both-null,,,0.242261,0.242261,0.115396,match-away-base,,,both-null,1784992359459
2250966,2026-06-11,SEA@BAL 2026-06-11,824827,5,7,12,5-7,,,46.77,37.78,55.31,2.61,2.24,0.48,WIN,WIN,match,1,1,,,,both-null,0,,,,,,both-null,,,0.218743,0.218743,0.387133,match-away-base,,,both-null,1784992359459
2253298,2026-06-11,ARI@MIA 2026-06-11,823855,0,2,2,0-2,,,38.36,45.35,45.82,2.08,2.34,0.42,WIN,WIN,match,1,1,,,,both-null,0,,,,,,both-null,,,0.147149,0.147149,0.298662,match-away-base,,,both-null,1784992359459
2250968,2026-06-12,MIA@PIT 2026-06-12,823370,2,2,4,2-2,,,38.92,45.49,46.11,2.24,2.5,0.47,PUSH,PUSH,match,,,,,,both-null,0,,,,,,both-null,,,,,,both-null,,,both-null,1784992359459
2250969,2026-06-12,SEA@WSH 2026-06-12,822726,8,1,9,8-1,,,52.2,33.05,61.23,3.01,2.19,0.4,WIN,WIN,match,1,1,,,,both-null,0,,,,,,both-null,,,0.228484,0.228484,0.10923,match-away-base,,,both-null,1784992359459
2250970,2026-06-12,SD@BAL 2026-06-12,824826,3,7,10,3-7,,,37.36,47.52,44.02,2.31,2.74,0.5,WIN,WIN,match,1,1,,,,both-null,0,,,,,,both-null,,,0.139577,0.139577,0.275415,match-away-base,,,both-null,1784992359459
2250971,2026-06-12,DET@CLE 2026-06-12,824425,1,2,3,1-2,,,38.65,44.96,46.23,2.04,2.28,0.41,WIN,WIN,match,1,1,,,,both-null,0,,,,,,both-null,,,0.149382,0.149382,0.30294,match-away-base,,,both-null,1784992359459
2250972,2026-06-12,TEX@BOS 2026-06-12,824752,1,6,7,1-6,,,41.28,41.91,49.62,2.06,2.08,0.38,WIN,WIN,match,1,1,,,,both-null,0,,,,,,both-null,,,0.170404,0.170404,0.337445,match-away-base,,,both-null,1784992359459
2250973,2026-06-12,ATL@NYM 2026-06-12,823617,3,7,10,3-7,,,43.29,40.56,51.63,2.28,2.18,0.43,WIN,WIN,match,1,1,,,,both-null,0,,,,,,both-null,,,0.187402,0.187402,0.353311,match-away-base,,,both-null,1784992359459
2250974,2026-06-12,NYY@TOR 2026-06-12,822803,3,7,10,3-7,,,46.42,36.99,55.65,2.29,1.94,0.4,WIN,WIN,match,1,1,,,,both-null,0,,,,,,both-null,,,0.215482,0.215482,0.397026,match-away-base,,,both-null,1784992359459
2250975,2026-06-12,LAD@CWS 2026-06-12,824588,2,8,10,2-8,,,46.03,38.09,54.72,2.46,2.15,0.39,WIN,WIN,match,1,1,,,,both-null,0,,,,,,both-null,,,0.211876,0.211876,0.383285,match-away-base,,,both-null,1784992359459
2250976,2026-06-12,PHI@MIL 2026-06-12,823778,0,5,5,0-5,,,32.03,51.91,38.16,1.82,2.59,0.49,WIN,WIN,match,1,1,,,,both-null,0,,,,,,both-null,,,0.102592,0.102592,0.231265,match-away-base,,,both-null,1784992359459
2250977,2026-06-12,HOU@KC 2026-06-12,824102,9,5,14,9-5,,,44.7,39.38,53.16,2.41,2.2,0.39,LOSS,LOSS,match,0,0,,,,both-null,0,,,,,,both-null,,,0.305809,0.305809,0.155078,match-away-base,,,both-null,1784992359459
2250978,2026-06-12,STL@MIN 2026-06-12,823695,3,2,5,3-2,,,36.2,48.26,42.86,2.13,2.63,0.47,LOSS,LOSS,match,0,0,,,,both-null,0,,,,,,both-null,,,0.407044,0.407044,0.232903,match-away-base,,,both-null,1784992359459
2250979,2026-06-12,TB@LAA 2026-06-12,824020,2,4,6,2-4,,,44.6,39.17,53.24,2.3,2.1,0.42,WIN,WIN,match,1,1,,,,both-null,0,,,,,,both-null,,,0.198916,0.198916,0.370029,match-away-base,,,both-null,1784992359459
2250980,2026-06-12,COL@ATH 2026-06-12,824997,0,2,2,0-2,,,33.45,52.61,38.87,2.49,3.4,0.29,WIN,WIN,match,1,1,,,,both-null,0,,,,,,both-null,,,0.11189,0.11189,0.224581,match-away-base,,,both-null,1784992359459
2250981,2026-06-12,CHC@SF 2026-06-12,823211,5,0,5,5-0,,,44.3,39.52,52.85,2.31,2.13,0.43,LOSS,LOSS,match,0,0,,,,both-null,0,,,,,,both-null,,,0.310249,0.310249,0.156183,match-away-base,,,both-null,1784992359459
2253309,2026-06-12,ARI@CIN 2026-06-12,824507,1,2,3,1-2,,,49.44,35.85,57.96,2.94,2.36,0.41,WIN,WIN,match,1,1,,,,both-null,0,,,,,,both-null,,,0.244431,0.244431,0.411522,match-away-base,,,both-null,1784992359459
2250982,2026-06-13,STL@MIN 2026-06-13,823694,4,4,8,4-4,,,42.09,42.82,49.57,2.54,2.57,0.45,PUSH,PUSH,match,,,,,,both-null,0,,,,,,both-null,,,,,,both-null,,,both-null,1784992359459
2250983,2026-06-13,NYY@TOR 2026-06-13,822802,1,1,2,1-1,,,46.52,36.95,55.73,2.29,1.94,0.47,PUSH,PUSH,match,,,,,,both-null,0,,,,,,both-null,,,,,,both-null,,,both-null,1784992359459
2250984,2026-06-13,SD@BAL 2026-06-13,824828,6,2,8,6-2,,,40.85,43.99,48.15,2.46,2.6,0.39,LOSS,LOSS,match,0,0,,,,both-null,0,,,,,,both-null,,,0.349872,0.349872,0.193512,match-away-base,,,both-null,1784992359459
2250985,2026-06-13,SEA@WSH 2026-06-13,822725,3,5,8,3-5,,,45.15,40.31,52.83,2.9,2.68,0.51,WIN,WIN,match,1,1,,,,both-null,0,,,,,,both-null,,,0.203852,0.203852,0.35629,match-away-base,,,both-null,1784992359459
2250986,2026-06-13,MIA@PIT 2026-06-13,823369,1,2,3,1-2,,,47.68,36.69,56.52,2.59,2.15,0.4,WIN,WIN,match,1,1,,,,both-null,0,,,,,,both-null,,,0.227338,0.227338,0.400816,match-away-base,,,both-null,1784992359459
2250987,2026-06-13,DET@CLE 2026-06-13,824426,1,3,4,1-3,,,49.2,34.3,58.92,2.4,1.84,0.4,WIN,WIN,match,1,1,,,,both-null,0,,,,,,both-null,,,0.242064,0.242064,0.431649,match-away-base,,,both-null,1784992359459
2250988,2026-06-13,TEX@BOS 2026-06-13,824749,2,2,4,2-2,,,42.23,40.52,51.03,2,1.94,0.43,PUSH,PUSH,match,,,,,,both-null,0,,,,,,both-null,,,,,,both-null,,,both-null,1784992359459
2250989,2026-06-13,ATL@NYM 2026-06-13,823616,2,0,2,2-0,,,47.71,36.41,56.72,2.49,2.05,0.44,LOSS,LOSS,match,0,0,,,,both-null,0,,,,,,both-null,,,0.273424,0.273424,0.132569,match-away-base,,,both-null,1784992359459
2250990,2026-06-13,LAD@CWS 2026-06-13,824587,4,0,4,4-0,,,49.18,34.49,58.78,2.41,1.86,0.4,LOSS,LOSS,match,0,0,,,,both-null,0,,,,,,both-null,,,0.258267,0.258267,0.118956,match-away-base,,,both-null,1784992359459
2250991,2026-06-13,HOU@KC 2026-06-13,824100,4,4,8,4-4,,,36.72,47.44,43.63,2.08,2.5,0.33,PUSH,PUSH,match,,,,,,both-null,0,,,,,,both-null,,,,,,both-null,,,both-null,1784992359459
2250992,2026-06-13,PHI@MIL 2026-06-13,823776,3,3,6,3-3,,,36.49,47.66,43.36,2.08,2.52,0.45,PUSH,PUSH,match,,,,,,both-null,0,,,,,,both-null,,,,,,both-null,,,both-null,1784992359459
2250993,2026-06-13,COL@ATH 2026-06-13,824995,5,4,9,5-4,,,43.31,44.03,49.58,3.8,3.84,0.41,LOSS,LOSS,match,0,0,,,,both-null,0,,,,,,both-null,,,0.321376,0.321376,0.193864,match-away-base,,,both-null,1784992359459
2250994,2026-06-13,CHC@SF 2026-06-13,823213,6,1,7,6-1,,,47.52,35.27,57.4,2.17,1.73,0.35,LOSS,LOSS,match,0,0,,,,both-null,0,,,,,,both-null,,,0.275415,0.275415,0.124397,match-away-base,,,both-null,1784992359459
2250995,2026-06-13,TB@LAA 2026-06-13,824019,0,1,1,0-1,,,41.73,42.64,49.46,2.36,2.4,0.47,WIN,WIN,match,1,1,,,,both-null,0,,,,,,both-null,,,0.174139,0.174139,0.329017,match-away-base,,,both-null,1784992359459
2253324,2026-06-13,ARI@CIN 2026-06-13,824508,1,1,2,1-1,,,46.63,37.72,55.28,2.54,2.18,0.4,PUSH,PUSH,match,,,,,,both-null,0,,,,,,both-null,,,,,,both-null,,,both-null,1784992359459
2250996,2026-06-14,MIA@PIT 2026-06-14,823368,2,1,3,2-1,,,42.72,41.05,51,2.23,2.17,0.49,LOSS,LOSS,match,0,0,,,,both-null,0,,,,,,both-null,,,0.3281,0.3281,0.16851,match-away-base,,,both-null,1784992359459
2250997,2026-06-14,SD@BAL 2026-06-14,824823,2,1,3,2-1,,,41.68,43.03,49.2,2.47,2.53,0.38,LOSS,LOSS,match,0,0,,,,both-null,0,,,,,,both-null,,,0.340122,0.340122,0.185158,match-away-base,,,both-null,1784992359459
2250998,2026-06-14,SEA@WSH 2026-06-14,822722,1,6,7,1-6,,,53.86,31.92,62.79,3.28,2.28,0.44,LOSS,LOSS,match,0,0,,,,both-null,0,,,,,,both-null,,,0.29009,0.29009,0.463489,match-away-base,,,both-null,1784992359459
2250999,2026-06-14,NYY@TOR 2026-06-14,822801,2,2,4,2-2,,,48.51,36.21,57.26,2.72,2.21,0.49,PUSH,PUSH,match,,,,,,both-null,0,,,,,,both-null,,,,,,both-null,,,both-null,1784992359459
2251001,2026-06-14,ATL@NYM 2026-06-14,823615,1,6,7,1-6,,,47.58,36.48,56.6,2.49,2.06,0.44,WIN,WIN,match,1,1,,,,both-null,0,,,,,,both-null,,,0.226386,0.226386,0.403479,match-away-base,,,both-null,1784992359459
2251002,2026-06-14,HOU@KC 2026-06-14,824099,0,4,4,0-4,,,43.46,39.5,52.39,2.08,1.93,0.37,WIN,WIN,match,1,1,,,,both-null,0,,,,,,both-null,,,0.188877,0.188877,0.366025,match-away-base,,,both-null,1784992359459
2251003,2026-06-14,STL@MIN 2026-06-14,823693,1,2,3,1-2,,,44.83,39.8,52.97,2.56,2.35,0.49,WIN,WIN,match,1,1,,,,both-null,0,,,,,,both-null,,,0.200973,0.200973,0.362404,match-away-base,,,both-null,1784992359459
2251004,2026-06-14,LAD@CWS 2026-06-14,824586,1,0,1,1-0,,,49.2,35.28,58.24,2.67,2.11,0.35,LOSS,LOSS,match,0,0,,,,both-null,0,,,,,,both-null,,,0.258064,0.258064,0.124468,match-away-base,,,both-null,1784992359459
2251005,2026-06-14,PHI@MIL 2026-06-14,823777,0,4,4,0-4,,,37.9,45.82,45.27,2.03,2.33,0.48,WIN,WIN,match,1,1,,,,both-null,0,,,,,,both-null,,,0.143641,0.143641,0.293547,match-away-base,,,both-null,1784992359459
2251006,2026-06-14,COL@ATH 2026-06-14,824994,14,8,22,14-8,,,38.95,46.65,45.5,2.62,2.97,0.22,LOSS,LOSS,match,0,0,,,,both-null,0,,,,,,both-null,,,0.37271,0.37271,0.217622,match-away-base,,,both-null,1784992359459
2251007,2026-06-14,CHC@SF 2026-06-14,823212,0,3,3,0-3,,,39.22,44.54,46.82,2.1,2.31,0.42,WIN,WIN,match,1,1,,,,both-null,0,,,,,,both-null,,,0.153821,0.153821,0.307581,match-away-base,,,both-null,1784992359459
2251008,2026-06-14,TB@LAA 2026-06-14,824021,3,3,6,3-3,,,50.26,35.09,58.88,2.99,2.32,0.48,PUSH,PUSH,match,,,,,,both-null,0,,,,,,both-null,,,,,,both-null,,,both-null,1784992359459
2251009,2026-06-14,TEX@BOS 2026-06-14,824751,6,2,8,6-2,,,41.33,41.95,49.63,2.08,2.1,0.33,LOSS,LOSS,match,0,0,,,,both-null,0,,,,,,both-null,,,0.344217,0.344217,0.17598,match-away-base,,,both-null,1784992359459
2253338,2026-06-14,ARI@CIN 2026-06-14,824506,1,2,3,1-2,,,41.7,43.3,49.06,2.54,2.61,0.4,WIN,WIN,match,1,1,,,,both-null,0,,,,,,both-null,,,0.173889,0.173889,0.321489,match-away-base,,,both-null,1784992359459
2251010,2026-06-15,MIA@PHI 2026-06-15,823452,0,5,5,0-5,,,34.28,49.4,40.96,1.86,2.43,0.41,WIN,WIN,match,1,1,,,,both-null,0,,,,,,both-null,,,0.117512,0.117512,0.256036,match-away-base,,,both-null,1784992359459
2251011,2026-06-15,KC@WSH 2026-06-15,822724,3,7,10,3-7,,,37.27,48.46,43.47,2.59,3.11,0.52,WIN,WIN,match,1,1,,,,both-null,0,,,,,,both-null,,,0.138905,0.138905,0.265637,match-away-base,,,both-null,1784992359459
2251012,2026-06-15,NYM@CIN 2026-06-15,824505,0,9,9,0-9,,,39.85,43.6,47.76,2.03,2.17,0.39,WIN,WIN,match,1,1,,,,both-null,0,,,,,,both-null,,,0.158802,0.158802,0.318096,match-away-base,,,both-null,1784992359459
2251013,2026-06-15,SD@STL 2026-06-15,823046,0,3,3,0-3,,,39.06,44.53,46.72,2.05,2.25,0.41,WIN,WIN,match,1,1,,,,both-null,0,,,,,,both-null,,,0.152568,0.152568,0.307692,match-away-base,,,both-null,1784992359459
2251014,2026-06-15,COL@CHC 2026-06-15,824666,0,1,1,0-1,,,31.83,53.11,37.48,2.04,2.93,0.37,WIN,WIN,match,1,1,,,,both-null,0,,,,,,both-null,,,0.101315,0.101315,0.219867,match-away-base,,,both-null,1784992359459
2251015,2026-06-15,MIN@TEX 2026-06-15,822887,3,2,5,3-2,,,45.5,36.08,55.78,1.9,1.59,0.29,LOSS,LOSS,match,0,0,,,,both-null,0,,,,,,both-null,,,0.297025,0.297025,0.130177,match-away-base,,,both-null,1784992359459
2251016,2026-06-15,DET@HOU 2026-06-15,824181,6,3,9,6-3,,,44.81,38.87,53.55,2.3,2.07,0.36,LOSS,LOSS,match,0,0,,,,both-null,0,,,,,,both-null,,,0.304594,0.304594,0.151088,match-away-base,,,both-null,1784992359459
2251017,2026-06-15,PIT@ATH 2026-06-15,824993,1,6,7,1-6,,,38.16,47.56,44.51,2.63,3.06,0.41,WIN,WIN,match,1,1,,,,both-null,0,,,,,,both-null,,,0.145619,0.145619,0.274995,match-away-base,,,both-null,1784992359459
2251018,2026-06-15,TB@LAD 2026-06-15,823938,3,3,6,3-3,,,40.63,43.74,48.16,2.32,2.44,0.41,PUSH,PUSH,match,,,,,,both-null,0,,,,,,both-null,,,,,,both-null,,,both-null,1784992359459
2253356,2026-06-15,LAA@ARI 2026-06-15,825071,2,2,4,2-2,,,44.21,39.99,52.51,2.41,2.25,0.4,PUSH,PUSH,match,,,,,,both-null,0,,,,,,both-null,,,,,,both-null,,,both-null,1784992359459
2251019,2026-06-16,MIA@PHI 2026-06-16,823451,0,8,8,0-8,,,44.3,39.36,52.95,2.26,2.08,0.41,WIN,WIN,match,1,1,,,,both-null,0,,,,,,both-null,,,0.196249,0.196249,0.367721,match-away-base,,,both-null,1784992359459
2251020,2026-06-16,KC@WSH 2026-06-16,822723,1,3,4,1-3,,,39.7,45.23,46.75,2.42,2.66,0.51,WIN,WIN,match,1,1,,,,both-null,0,,,,,,both-null,,,0.157609,0.157609,0.299975,match-away-base,,,both-null,1784992359459
2251021,2026-06-16,TOR@BOS 2026-06-16,824750,3,0,3,3-0,,,40.93,41.26,49.8,1.85,1.86,0.39,LOSS,LOSS,match,0,0,,,,both-null,0,,,,,,both-null,,,0.348926,0.348926,0.170239,match-away-base,,,both-null,1784992359459
2251022,2026-06-16,CWS@NYY 2026-06-16,823535,1,11,12,1-11,,,37.99,45.68,45.4,2.03,2.32,0.48,WIN,WIN,match,1,1,,,,both-null,0,,,,,,both-null,,,0.144324,0.144324,0.295066,match-away-base,,,both-null,1784992359459
2251023,2026-06-16,NYM@CIN 2026-06-16,824504,1,5,6,1-5,,,40.66,45.16,47.38,2.8,3.02,0.47,WIN,WIN,match,1,1,,,,both-null,0,,,,,,both-null,,,0.165324,0.165324,0.300743,match-away-base,,,both-null,1784992359459
2251024,2026-06-16,SF@ATL 2026-06-16,824912,5,2,7,5-2,,,36.86,47.25,43.82,2.07,2.48,0.38,LOSS,LOSS,match,0,0,,,,both-null,0,,,,,,both-null,,,0.398666,0.398666,0.223256,match-away-base,,,both-null,1784992359459
2251025,2026-06-16,CLE@MIL 2026-06-16,823775,0,1,1,0-1,,,43.4,41.43,51.16,2.56,2.48,0.5,WIN,WIN,match,1,1,,,,both-null,0,,,,,,both-null,,,0.188356,0.188356,0.343044,match-away-base,,,both-null,1784992359459
2251026,2026-06-16,SD@STL 2026-06-16,823045,1,3,4,1-3,,,42.34,40.96,50.83,2.11,2.06,0.39,WIN,WIN,match,1,1,,,,both-null,0,,,,,,both-null,,,0.179268,0.179268,0.348572,match-away-base,,,both-null,1784992359459
2251027,2026-06-16,COL@CHC 2026-06-16,824667,5,2,7,5-2,,,45.74,38.64,54.21,2.51,2.23,0.35,LOSS,LOSS,match,0,0,,,,both-null,0,,,,,,both-null,,,0.294415,0.294415,0.149305,match-away-base,,,both-null,1784992359459
2251028,2026-06-16,MIN@TEX 2026-06-16,822888,10,2,12,10-2,,,40.55,41.74,49.28,1.85,1.89,0.33,LOSS,LOSS,match,0,0,,,,both-null,0,,,,,,both-null,,,0.35343,0.35343,0.174223,match-away-base,,,both-null,1784992359459
2251029,2026-06-16,DET@HOU 2026-06-16,824182,1,1,2,1-1,,,35.02,48.71,41.83,1.92,2.44,0.48,PUSH,PUSH,match,,,,,,both-null,0,,,,,,both-null,,,,,,both-null,,,both-null,1784992359459
2251030,2026-06-16,PIT@ATH 2026-06-16,824991,1,4,5,1-4,,,41.88,44.04,48.74,2.9,3.01,0.43,WIN,WIN,match,1,1,,,,both-null,0,,,,,,both-null,,,0.175393,0.175393,0.313152,match-away-base,,,both-null,1784992359459
2251031,2026-06-16,BAL@SEA 2026-06-16,823128,1,1,2,1-1,,,40.47,42.14,48.99,1.9,1.96,0.41,PUSH,PUSH,match,,,,,,both-null,0,,,,,,both-null,,,,,,both-null,,,both-null,1784992359459
2251032,2026-06-16,TB@LAD 2026-06-16,823939,0,0,0,0-0,,,40.01,43.21,48.08,2,2.12,0.38,PUSH,PUSH,match,,,,,,both-null,0,,,,,,both-null,,,,,,both-null,,,both-null,1784992359459
2253370,2026-06-16,LAA@ARI 2026-06-16,825070,5,0,5,5-0,,,46.33,38.07,54.89,2.53,2.2,0.46,LOSS,LOSS,match,0,0,,,,both-null,0,,,,,,both-null,,,0.288047,0.288047,0.144932,match-away-base,,,both-null,1784992359459
2251033,2026-06-17,NYM@CIN 2026-06-17,824503,7,1,8,7-1,,,46.53,38,55.05,2.58,2.23,0.41,LOSS,LOSS,match,0,0,,,,both-null,0,,,,,,both-null,,,0.285904,0.285904,0.1444,match-away-base,,,both-null,1784992359459
2251034,2026-06-17,KC@WSH 2026-06-17,822721,4,0,4,4-0,,,38.33,47.89,44.45,2.84,3.3,0.51,LOSS,LOSS,match,0,0,,,,both-null,0,,,,,,both-null,,,0.380319,0.380319,0.229345,match-away-base,,,both-null,1784992359459
2251035,2026-06-17,MIA@PHI 2026-06-17,823450,6,4,10,6-4,,,47.75,37.14,56.25,2.76,2.31,0.39,LOSS,LOSS,match,0,0,,,,both-null,0,,,,,,both-null,,,0.273006,0.273006,0.137938,match-away-base,,,both-null,1784992359459
2251036,2026-06-17,DET@HOU 2026-06-17,824178,0,3,3,0-3,,,45.14,38.06,54.26,2.2,1.95,0.39,WIN,WIN,match,1,1,,,,both-null,0,,,,,,both-null,,,0.203762,0.203762,0.383656,match-away-base,,,both-null,1784992359459
2251037,2026-06-17,SD@STL 2026-06-17,823044,3,1,4,3-1,,,41.57,42.93,49.19,2.38,2.44,0.31,LOSS,LOSS,match,0,0,,,,both-null,0,,,,,,both-null,,,0.341406,0.341406,0.184298,match-away-base,,,both-null,1784992359459
2251038,2026-06-17,TB@LAD 2026-06-17,823940,4,3,7,4-3,,,34.84,48.34,41.88,1.79,2.28,0.44,LOSS,LOSS,match,0,0,,,,both-null,0,,,,,,both-null,,,0.424583,0.424583,0.233676,match-away-base,,,both-null,1784992359459
2251039,2026-06-17,TOR@BOS 2026-06-17,824746,2,0,2,2-0,,,37.56,47,44.42,2.23,2.61,0.36,LOSS,LOSS,match,0,0,,,,both-null,0,,,,,,both-null,,,0.389875,0.389875,0.2209,match-away-base,,,both-null,1784992359459
2251040,2026-06-17,CWS@NYY 2026-06-17,823536,3,9,12,3-9,,,34.84,49.96,41.08,2.17,2.8,0.49,WIN,WIN,match,1,1,,,,both-null,0,,,,,,both-null,,,0.121383,0.121383,0.2504,match-away-base,,,both-null,1784992359459
2251041,2026-06-17,SF@ATL 2026-06-17,824913,5,0,5,5-0,,,38.68,44.94,46.26,2.05,2.28,0.35,LOSS,LOSS,match,0,0,,,,both-null,0,,,,,,both-null,,,0.376014,0.376014,0.20196,match-away-base,,,both-null,1784992359459
2251042,2026-06-17,CLE@MIL 2026-06-17,823774,4,7,11,4-7,,,44.4,39.45,52.95,2.32,2.13,0.5,WIN,WIN,match,1,1,,,,both-null,0,,,,,,both-null,,,0.197136,0.197136,0.36663,match-away-base,,,both-null,1784992359459
2251043,2026-06-17,COL@CHC 2026-06-17,824668,2,8,10,2-8,,,35.35,48.88,41.97,2.03,2.57,0.33,WIN,WIN,match,1,1,,,,both-null,0,,,,,,both-null,,,0.124962,0.124962,0.261325,match-away-base,,,both-null,1784992359459
2251044,2026-06-17,PIT@ATH 2026-06-17,824992,7,0,7,7-0,,,48.64,37.31,56.59,3.21,2.68,0.48,LOSS,LOSS,match,0,0,,,,both-null,0,,,,,,both-null,,,0.263785,0.263785,0.139204,match-away-base,,,both-null,1784992359459
2251045,2026-06-17,BAL@SEA 2026-06-17,823127,2,1,3,2-1,,,40.4,43.25,48.29,2.11,2.22,0.48,LOSS,LOSS,match,0,0,,,,both-null,0,,,,,,both-null,,,0.355216,0.355216,0.187056,match-away-base,,,both-null,1784992359459
2253380,2026-06-17,LAA@ARI 2026-06-17,825072,1,8,9,1-8,,,39.41,44.91,46.74,2.24,2.47,0.4,WIN,WIN,match,1,1,,,,both-null,0,,,,,,both-null,,,0.155315,0.155315,0.303491,match-away-base,,,both-null,1784992359459
2251046,2026-06-18,TOR@BOS 2026-06-18,824748,2,0,2,2-0,,,43.93,38.93,53.02,2.1,1.92,0.37,LOSS,LOSS,match,0,0,,,,both-null,0,,,,,,both-null,,,0.314384,0.314384,0.151554,match-away-base,,,both-null,1784992359459
2251047,2026-06-18,CLE@MIL 2026-06-18,823772,1,2,3,1-2,,,43.14,40.23,51.75,2.17,2.07,0.47,WIN,WIN,match,1,1,,,,both-null,0,,,,,,both-null,,,0.186106,0.186106,0.357245,match-away-base,,,both-null,1784992359459
2251048,2026-06-18,MIN@TEX 2026-06-18,822889,6,0,6,6-0,,,46.28,35.97,56.27,2.03,1.68,0.39,LOSS,LOSS,match,0,0,,,,both-null,0,,,,,,both-null,,,0.288584,0.288584,0.129384,match-away-base,,,both-null,1784992359459
2251049,2026-06-18,BAL@SEA 2026-06-18,823125,0,3,3,0-3,,,39.52,43.23,47.76,1.9,2.03,0.43,WIN,WIN,match,1,1,,,,both-null,0,,,,,,both-null,,,0.156183,0.156183,0.322283,match-away-base,,,both-null,1784992359459
2251050,2026-06-18,NYM@PHI 2026-06-18,823448,3,3,6,3-3,,,42.72,41.91,50.47,2.48,2.45,0.37,PUSH,PUSH,match,,,,,,both-null,0,,,,,,both-null,,,,,,both-null,,,both-null,1784992359459
2251051,2026-06-18,CWS@NYY 2026-06-18,823533,1,1,2,1-1,,,41,44.15,48.15,2.57,2.7,0.41,PUSH,PUSH,match,,,,,,both-null,0,,,,,,both-null,,,,,,both-null,,,both-null,1784992359459
2251053,2026-06-18,STL@KC 2026-06-18,824098,4,11,15,4-11,,,39.41,44.6,46.91,2.15,2.35,0.37,WIN,WIN,match,1,1,,,,both-null,0,,,,,,both-null,,,0.155315,0.155315,0.306916,match-away-base,,,both-null,1784992359459
2251054,2026-06-18,LAA@ATH 2026-06-18,824989,0,5,5,0-5,,,38.52,46.22,45.45,2.34,2.66,0.38,WIN,WIN,match,1,1,,,,both-null,0,,,,,,both-null,,,0.148379,0.148379,0.289229,match-away-base,,,both-null,1784992359459
2251055,2026-06-19,TOR@CHC 2026-06-19,824663,1,7,8,1-7,,,37.23,45.86,44.81,1.88,2.19,0.44,WIN,WIN,match,1,1,,,,both-null,0,,,,,,both-null,,,0.138607,0.138607,0.293114,match-away-base,,,both-null,1784992359459
2251056,2026-06-19,CWS@DET 2026-06-19,824264,2,2,4,2-2,,,35.88,47.74,42.91,1.92,2.37,0.41,PUSH,PUSH,match,,,,,,both-null,0,,,,,,both-null,,,,,,both-null,,,both-null,1784992359459
2251057,2026-06-19,CIN@NYY 2026-06-19,823534,0,4,4,0-4,,,32.15,52.73,37.87,2.03,2.89,0.49,WIN,WIN,match,1,1,,,,both-null,0,,,,,,both-null,,,0.103362,0.103362,0.223445,match-away-base,,,both-null,1784992359459
2251058,2026-06-19,WSH@TB 2026-06-19,822966,2,4,6,2-4,,,42.11,42.11,50,2.34,2.34,0.46,WIN,WIN,match,1,1,,,,both-null,0,,,,,,both-null,,,0.177325,0.177325,0.335125,match-away-base,,,both-null,1784992359459
2251059,2026-06-19,SF@MIA 2026-06-19,823853,1,2,3,1-2,,,33.07,49.7,39.95,1.65,2.23,0.35,WIN,WIN,match,1,1,,,,both-null,0,,,,,,both-null,,,0.109362,0.109362,0.253009,match-away-base,,,both-null,1784992359459
2251060,2026-06-19,MIL@ATL 2026-06-19,824910,1,0,1,1-0,,,42.93,39.26,52.23,1.92,1.8,0.39,LOSS,LOSS,match,0,0,,,,both-null,0,,,,,,both-null,,,0.325698,0.325698,0.154135,match-away-base,,,both-null,1784992359459
2251061,2026-06-19,SD@TEX 2026-06-19,822886,6,7,13,6-7,,,37.16,44.85,45.31,1.69,1.94,0.38,WIN,WIN,match,1,1,,,,both-null,0,,,,,,both-null,,,0.138087,0.138087,0.304152,match-away-base,,,both-null,1784992359459
2251062,2026-06-19,CLE@HOU 2026-06-19,824179,3,2,5,3-2,,,44.8,39.41,53.2,2.44,2.22,0.45,LOSS,LOSS,match,0,0,,,,both-null,0,,,,,,both-null,,,0.304704,0.304704,0.155315,match-away-base,,,both-null,1784992359459
2251063,2026-06-19,STL@KC 2026-06-19,824097,2,5,7,2-5,,,42.95,41.08,51.12,2.31,2.23,0.38,WIN,WIN,match,1,1,,,,both-null,0,,,,,,both-null,,,0.18447,0.18447,0.347157,match-away-base,,,both-null,1784992359459
2251064,2026-06-19,PIT@COL 2026-06-19,824345,0,2,2,0-2,,,49.4,37.34,56.95,3.69,3.07,0.47,WIN,WIN,match,1,1,,,,both-null,0,,,,,,both-null,,,0.244036,0.244036,0.392628,match-away-base,,,both-null,1784992359459
2251065,2026-06-19,LAA@ATH 2026-06-19,824990,10,4,14,10-4,,,45.01,40.82,52.44,3,2.81,0.47,LOSS,LOSS,match,0,0,,,,both-null,0,,,,,,both-null,,,0.30239,0.30239,0.166627,match-away-base,,,both-null,1784992359459
2251066,2026-06-19,BAL@LAD 2026-06-19,823936,0,3,3,0-3,,,36.7,48.26,43.2,2.31,2.8,0.39,WIN,WIN,match,1,1,,,,both-null,0,,,,,,both-null,,,0.134689,0.134689,0.267703,match-away-base,,,both-null,1784992359459
2251067,2026-06-19,BOS@SEA 2026-06-19,823124,1,0,1,1-0,,,35.26,45.94,43.42,1.5,1.83,0.4,LOSS,LOSS,match,0,0,,,,both-null,0,,,,,,both-null,,,0.419127,0.419127,0.211048,match-away-base,,,both-null,1784992359459
2253408,2026-06-19,MIN@ARI 2026-06-19,825069,3,5,8,3-5,,,34.91,49.62,41.3,2.09,2.69,0.47,WIN,WIN,match,1,1,,,,both-null,0,,,,,,both-null,,,0.121871,0.121871,0.253814,match-away-base,,,both-null,1784992359459
2251068,2026-06-20,CWS@DET 2026-06-20,824263,1,1,2,1-1,,,37.45,45.61,45.09,1.89,2.18,0.38,PUSH,PUSH,match,,,,,,both-null,0,,,,,,both-null,,,,,,both-null,,,both-null,1784992359459
2251069,2026-06-20,CIN@NYY 2026-06-20,823532,6,1,7,6-1,,,38.07,46.74,44.89,2.34,2.71,0.38,LOSS,LOSS,match,0,0,,,,both-null,0,,,,,,both-null,,,0.383532,0.383532,0.218463,match-away-base,,,both-null,1784992359459
2251070,2026-06-20,TOR@CHC 2026-06-20,824665,0,3,3,0-3,,,40.91,43.69,48.36,2.39,2.51,0.43,WIN,WIN,match,1,1,,,,both-null,0,,,,,,both-null,,,0.167363,0.167363,0.317082,match-away-base,,,both-null,1784992359459
2251071,2026-06-20,SD@TEX 2026-06-20,822885,1,0,1,1-0,,,41.54,40.73,50.49,1.88,1.85,0.4,LOSS,LOSS,match,0,0,,,,both-null,0,,,,,,both-null,,,0.341757,0.341757,0.165893,match-away-base,,,both-null,1784992359459
2251072,2026-06-20,WSH@TB 2026-06-20,822967,3,2,5,3-2,,,40.92,43.25,48.61,2.25,2.35,0.45,LOSS,LOSS,match,0,0,,,,both-null,0,,,,,,both-null,,,0.349045,0.349045,0.187056,match-away-base,,,both-null,1784992359459
2251073,2026-06-20,SF@MIA 2026-06-20,823854,2,6,8,2-6,,,37.08,46.26,44.49,1.92,2.25,0.39,WIN,WIN,match,1,1,,,,both-null,0,,,,,,both-null,,,0.137493,0.137493,0.288799,match-away-base,,,both-null,1784992359459
2251074,2026-06-20,MIL@ATL 2026-06-20,824909,0,1,1,0-1,,,41.7,40.87,50.5,1.95,1.92,0.42,WIN,WIN,match,1,1,,,,both-null,0,,,,,,both-null,,,0.173889,0.173889,0.349636,match-away-base,,,both-null,1784992359459
2251075,2026-06-20,CLE@HOU 2026-06-20,824180,6,1,7,6-1,,,38.66,45.9,45.72,2.28,2.58,0.48,LOSS,LOSS,match,0,0,,,,both-null,0,,,,,,both-null,,,0.37626,0.37626,0.210681,match-away-base,,,both-null,1784992359459
2251076,2026-06-20,NYM@PHI 2026-06-20,823447,1,13,14,1-13,,,42.1,42.16,49.96,2.35,2.35,0.53,WIN,WIN,match,1,1,,,,both-null,0,,,,,,both-null,,,0.177241,0.177241,0.334547,match-away-base,,,both-null,1784992359459
2251077,2026-06-20,PIT@COL 2026-06-20,824342,1,2,3,1-2,,,48.85,37.07,56.85,3.24,2.69,0.49,WIN,WIN,match,1,1,,,,both-null,0,,,,,,both-null,,,0.238632,0.238632,0.396018,match-away-base,,,both-null,1784992359459
2251078,2026-06-20,LAA@ATH 2026-06-20,824988,2,0,2,2-0,,,39.91,45.56,46.69,2.62,2.87,0.44,LOSS,LOSS,match,0,0,,,,both-null,0,,,,,,both-null,,,0.361081,0.361081,0.207571,match-away-base,,,both-null,1784992359459
2251079,2026-06-20,BAL@LAD 2026-06-20,823937,3,0,3,3-0,,,38.28,45.69,45.59,2.12,2.41,0.44,LOSS,LOSS,match,0,0,,,,both-null,0,,,,,,both-null,,,0.380936,0.380936,0.208758,match-away-base,,,both-null,1784992359459
2251080,2026-06-20,BOS@SEA 2026-06-20,823126,2,1,3,2-1,,,37.71,44.27,46,1.71,1.92,0.38,LOSS,LOSS,match,0,0,,,,both-null,0,,,,,,both-null,,,0.388004,0.388004,0.195983,match-away-base,,,both-null,1784992359459
2253424,2026-06-20,MIN@ARI 2026-06-20,825068,16,2,18,16-2,,,46.21,38.94,54.27,2.78,2.46,0.47,LOSS,LOSS,match,0,0,,,,both-null,0,,,,,,both-null,,,0.289336,0.289336,0.151632,match-away-base,,,both-null,1784992359459
2251081,2026-06-21,CIN@NYY 2026-06-21,823531,3,1,4,3-1,,,46.32,38.53,54.59,2.69,2.36,0.5,LOSS,LOSS,match,0,0,,,,both-null,0,,,,,,both-null,,,0.288154,0.288154,0.148456,match-away-base,,,both-null,1784992359459
2251082,2026-06-21,MIL@ATL 2026-06-21,824908,8,2,10,8-2,,,44.74,39.16,53.32,2.35,2.13,0.37,LOSS,LOSS,match,0,0,,,,both-null,0,,,,,,both-null,,,0.305367,0.305367,0.153351,match-away-base,,,both-null,1784992359459
2251083,2026-06-21,WSH@TB 2026-06-21,822968,2,1,3,2-1,,,40.88,43.08,48.69,2.21,2.29,0.43,LOSS,LOSS,match,0,0,,,,both-null,0,,,,,,both-null,,,0.349517,0.349517,0.185589,match-away-base,,,both-null,1784992359459
2251084,2026-06-21,CWS@DET 2026-06-21,824260,0,1,1,0-1,,,37.25,45.98,44.75,1.89,2.21,0.38,WIN,WIN,match,1,1,,,,both-null,0,,,,,,both-null,,,0.138756,0.138756,0.291816,match-away-base,,,both-null,1784992359459
2251085,2026-06-21,SF@MIA 2026-06-21,823852,1,2,3,1-2,,,49.06,35.09,58.3,2.56,2.01,0.44,WIN,WIN,match,1,1,,,,both-null,0,,,,,,both-null,,,0.240688,0.240688,0.421331,match-away-base,,,both-null,1784992359459
2251086,2026-06-21,CLE@HOU 2026-06-21,824177,1,2,3,1-2,,,41.28,43.26,48.83,2.39,2.47,0.48,WIN,WIN,match,1,1,,,,both-null,0,,,,,,both-null,,,0.170404,0.170404,0.321943,match-away-base,,,both-null,1784992359459
2251087,2026-06-21,STL@KC 2026-06-21,824095,12,7,19,12-7,,,42.38,40.71,51.01,2.08,2.02,0.32,LOSS,LOSS,match,0,0,,,,both-null,0,,,,,,both-null,,,0.332006,0.332006,0.16573,match-away-base,,,both-null,1784992359459
2251089,2026-06-21,SD@TEX 2026-06-21,822883,3,4,7,3-4,,,39.53,43.21,47.78,1.89,2.02,0.42,WIN,WIN,match,1,1,,,,both-null,0,,,,,,both-null,,,0.156262,0.156262,0.32251,match-away-base,,,both-null,1784992359459
2251090,2026-06-21,PIT@COL 2026-06-21,824343,3,1,4,3-1,,,46.17,40.98,52.98,3.8,3.52,0.52,LOSS,LOSS,match,0,0,,,,both-null,0,,,,,,both-null,,,0.289767,0.289767,0.167936,match-away-base,,,both-null,1784992359459
2251091,2026-06-21,LAA@ATH 2026-06-21,824987,4,5,9,4-5,,,48.84,36.55,57.2,2.97,2.43,0.48,WIN,WIN,match,1,1,,,,both-null,0,,,,,,both-null,,,0.238535,0.238535,0.40259,match-away-base,,,both-null,1784992359459
2251092,2026-06-21,BAL@LAD 2026-06-21,823934,6,1,7,6-1,,,40.52,43.54,48.21,2.24,2.36,0.39,LOSS,LOSS,match,0,0,,,,both-null,0,,,,,,both-null,,,0.353787,0.353787,0.189573,match-away-base,,,both-null,1784992359459
2251093,2026-06-21,BOS@SEA 2026-06-21,823123,1,2,3,1-2,,,39.87,41.17,49.2,1.65,1.69,0.4,WIN,WIN,match,1,1,,,,both-null,0,,,,,,both-null,,,0.158962,0.158962,0.346097,match-away-base,,,both-null,1784992359459
2251094,2026-06-21,NYM@PHI 2026-06-21,823449,1,6,7,1-6,,,31.75,52.59,37.64,1.89,2.72,0.45,WIN,WIN,match,1,1,,,,both-null,0,,,,,,both-null,,,0.100806,0.100806,0.224771,match-away-base,,,both-null,1784992359459
2253435,2026-06-21,MIN@ARI 2026-06-21,825067,0,2,2,0-2,,,47.02,37.1,55.9,2.48,2.09,0.44,WIN,WIN,match,1,1,,,,both-null,0,,,,,,both-null,,,0.221088,0.221088,0.395641,match-away-base,,,both-null,1784992359459
2251095,2026-06-22,KC@TB 2026-06-22,822964,2,1,3,2-1,,,35.76,47.73,42.83,1.89,2.34,0.47,LOSS,LOSS,match,0,0,,,,both-null,0,,,,,,both-null,,,0.412678,0.412678,0.227815,match-away-base,,,both-null,1784992359459
2251096,2026-06-22,TEX@MIA 2026-06-22,823851,2,1,3,2-1,,,40.12,43.77,47.83,2.15,2.3,0.43,LOSS,LOSS,match,0,0,,,,both-null,0,,,,,,both-null,,,0.358561,0.358561,0.191581,match-away-base,,,both-null,1784992359459
2251097,2026-06-22,NYY@DET 2026-06-22,824261,1,5,6,1-5,,,49.13,34.32,58.88,2.38,1.83,0.39,WIN,WIN,match,1,1,,,,both-null,0,,,,,,both-null,,,0.241376,0.241376,0.431386,match-away-base,,,both-null,1784992359459
2251098,2026-06-22,PHI@WSH 2026-06-22,822720,0,2,2,0-2,,,40.25,44.66,47.41,2.46,2.65,0.39,WIN,WIN,match,1,1,,,,both-null,0,,,,,,both-null,,,0.162006,0.162006,0.306252,match-away-base,,,both-null,1784992359459
2251099,2026-06-22,HOU@TOR 2026-06-22,822800,1,2,3,1-2,,,45.14,37.86,54.39,2.15,1.89,0.44,WIN,WIN,match,1,1,,,,both-null,0,,,,,,both-null,,,0.203762,0.203762,0.386138,match-away-base,,,both-null,1784992359459
2251101,2026-06-22,MIL@CIN 2026-06-22,824502,0,0,0,0-0,,,52.27,32.8,61.44,2.93,2.11,0.38,PUSH,PUSH,match,,,,,,both-null,0,,,,,,both-null,,,,,,both-null,,,both-null,1784992359459
2251102,2026-06-22,LAD@MIN 2026-06-22,823692,1,1,2,1-1,,,46.1,39.2,54.05,2.86,2.55,0.49,PUSH,PUSH,match,,,,,,both-null,0,,,,,,both-null,,,,,,both-null,,,both-null,1784992359459
2251103,2026-06-22,CLE@CWS 2026-06-22,824585,0,2,2,0-2,,,46.73,37.05,55.78,2.38,2.01,0.49,WIN,WIN,match,1,1,,,,both-null,0,,,,,,both-null,,,0.218369,0.218369,0.39627,match-away-base,,,both-null,1784992359459
2251104,2026-06-22,BOS@COL 2026-06-22,824344,0,0,0,0-0,,,43.28,42.15,50.66,2.79,2.74,0.34,PUSH,PUSH,match,,,,,,both-null,0,,,,,,both-null,,,,,,both-null,,,both-null,1784992359459
2251105,2026-06-22,BAL@LAA 2026-06-22,824016,5,0,5,5-0,,,44.02,40.76,51.92,2.57,2.44,0.44,LOSS,LOSS,match,0,0,,,,both-null,0,,,,,,both-null,,,0.313376,0.313376,0.166138,match-away-base,,,both-null,1784992359459
2251106,2026-06-22,ATL@SD 2026-06-22,823288,0,1,1,0-1,,,40.41,42.57,48.7,1.98,2.06,0.44,WIN,WIN,match,1,1,,,,both-null,0,,,,,,both-null,,,0.163297,0.163297,0.32982,match-away-base,,,both-null,1784992359459
2253449,2026-06-22,ARI@STL 2026-06-22,823040,0,3,3,0-3,,,35.78,48.2,42.61,2,2.48,0.43,WIN,WIN,match,1,1,,,,both-null,0,,,,,,both-null,,,0.128021,0.128021,0.268324,match-away-base,,,both-null,1784992359459
2251107,2026-06-23,SEA@PIT 2026-06-23,823365,1,2,3,1-2,,,42.63,42.41,50.13,2.62,2.61,0.53,WIN,WIN,match,1,1,,,,both-null,0,,,,,,both-null,,,0.181732,0.181732,0.331661,match-away-base,,,both-null,1784992359459
2251108,2026-06-23,KC@TB 2026-06-23,822963,6,1,7,6-1,,,36.44,48.09,43.11,2.17,2.64,0.47,LOSS,LOSS,match,0,0,,,,both-null,0,,,,,,both-null,,,0.403987,0.403987,0.231265,match-away-base,,,both-null,1784992359459
2251109,2026-06-23,TEX@MIA 2026-06-23,823849,1,6,7,1-6,,,38.87,45.04,46.32,2.14,2.38,0.44,WIN,WIN,match,1,1,,,,both-null,0,,,,,,both-null,,,0.151088,0.151088,0.30206,match-away-base,,,both-null,1784992359459
2251110,2026-06-23,NYY@DET 2026-06-23,824262,1,2,3,1-2,,,40.57,42.32,48.95,1.97,2.03,0.43,WIN,WIN,match,1,1,,,,both-null,0,,,,,,both-null,,,0.164592,0.164592,0.332698,match-away-base,,,both-null,1784992359459
2251111,2026-06-23,PHI@WSH 2026-06-23,822718,2,5,7,2-5,,,45.48,40.26,53.05,2.98,2.74,0.58,WIN,WIN,match,1,1,,,,both-null,0,,,,,,both-null,,,0.206843,0.206843,0.356887,match-away-base,,,both-null,1784992359459
2251112,2026-06-23,HOU@TOR 2026-06-23,822799,4,2,6,4-2,,,42.91,40.6,51.39,2.18,2.1,0.4,LOSS,LOSS,match,0,0,,,,both-null,0,,,,,,both-null,,,0.325927,0.325927,0.164836,match-away-base,,,both-null,1784992359459
2251113,2026-06-23,CHC@NYM 2026-06-23,823614,7,2,9,7-2,,,50.22,35.54,58.56,3.18,2.51,0.58,WIN,WIN,match,1,1,,,,both-null,0,,,,,,both-null,,,0.247805,0.247805,0.126309,match-away-base,,,both-null,1784992359459
2251114,2026-06-23,MIL@CIN 2026-06-23,824501,0,0,0,0-0,,,45.61,39.66,53.49,2.81,2.55,0.42,PUSH,PUSH,match,,,,,,both-null,0,,,,,,both-null,,,,,,both-null,,,both-null,1784992359459
2251115,2026-06-23,LAD@MIN 2026-06-23,823690,5,2,7,5-2,,,46.8,37.24,55.69,2.46,2.08,0.44,LOSS,LOSS,match,0,0,,,,both-null,0,,,,,,both-null,,,0.283024,0.283024,0.138682,match-away-base,,,both-null,1784992359459
2251116,2026-06-23,CLE@CWS 2026-06-23,824584,1,1,2,1-1,,,43.41,39.79,52.18,2.14,2,0.45,PUSH,PUSH,match,,,,,,both-null,0,,,,,,both-null,,,,,,both-null,,,both-null,1784992359459
2251117,2026-06-23,BOS@COL 2026-06-23,824340,3,1,4,3-1,,,46.51,39.53,54.06,3.16,2.83,0.44,LOSS,LOSS,match,0,0,,,,both-null,0,,,,,,both-null,,,0.286118,0.286118,0.156262,match-away-base,,,both-null,1784992359459
2251118,2026-06-23,BAL@LAA 2026-06-23,824017,0,5,5,0-5,,,55.52,30.41,64.61,3.44,2.28,0.58,LOSS,LOSS,match,0,0,,,,both-null,0,,,,,,both-null,,,0.308247,0.308247,0.484277,match-away-base,,,both-null,1784992359459
2251119,2026-06-23,ATL@SD 2026-06-23,823286,6,5,11,6-5,,,43.54,39.91,52.17,2.17,2.04,0.39,LOSS,LOSS,match,0,0,,,,both-null,0,,,,,,both-null,,,0.318773,0.318773,0.159281,match-away-base,,,both-null,1784992359459
2251120,2026-06-23,ATH@SF 2026-06-23,823210,1,2,3,1-2,,,40.41,44.43,47.63,2.43,2.6,0.5,WIN,WIN,match,1,1,,,,both-null,0,,,,,,both-null,,,0.163297,0.163297,0.308802,match-away-base,,,both-null,1784992359459
2253463,2026-06-23,ARI@STL 2026-06-23,823043,0,0,0,0-0,,,44.89,39.21,53.38,2.4,2.17,0.44,PUSH,PUSH,match,,,,,,both-null,0,,,,,,both-null,,,,,,both-null,,,both-null,1784992359459
2251100,2026-06-24,CHC@NYM 2026-06-24 G1,823613,3,3,6,3-3,,,53.35,32.04,62.48,3.12,2.18,0.53,PUSH,PUSH,match,,,,,,both-null,0,,,,,,both-null,,,,,,both-null,,,both-null,1784992359459
2251121,2026-06-24,TEX@MIA 2026-06-24,823850,1,2,3,1-2,,,42.89,40.29,51.56,2.11,2.01,0.45,WIN,WIN,match,1,1,,,,both-null,0,,,,,,both-null,,,0.183955,0.183955,0.356528,match-away-base,,,both-null,1784992359459
2251122,2026-06-24,CLE@CWS 2026-06-24,824583,0,0,0,0-0,,,44.89,38.97,53.53,2.34,2.11,0.43,PUSH,PUSH,match,,,,,,both-null,0,,,,,,both-null,,,,,,both-null,,,both-null,1784992359459
2251123,2026-06-24,BOS@COL 2026-06-24,824341,6,3,9,6-3,,,53.08,33.05,61.63,3.46,2.51,0.44,WIN,WIN,match,1,1,,,,both-null,0,,,,,,both-null,,,0.220149,0.220149,0.10923,match-away-base,,,both-null,1784992359459
2251124,2026-06-24,BAL@LAA 2026-06-24,824018,5,2,7,5-2,,,40.41,44.41,47.65,2.46,2.64,0.39,LOSS,LOSS,match,0,0,,,,both-null,0,,,,,,both-null,,,0.355097,0.355097,0.197225,match-away-base,,,both-null,1784992359459
2251125,2026-06-24,SEA@PIT 2026-06-24,823367,1,5,6,1-5,,,42.5,41.59,50.54,2.32,2.28,0.52,WIN,WIN,match,1,1,,,,both-null,0,,,,,,both-null,,,0.180625,0.180625,0.341173,match-away-base,,,both-null,1784992359459
2251126,2026-06-24,KC@TB 2026-06-24,822965,2,5,7,2-5,,,44.55,39.31,53.12,2.34,2.14,0.5,WIN,WIN,match,1,1,,,,both-null,0,,,,,,both-null,,,0.19847,0.19847,0.368328,match-away-base,,,both-null,1784992359459
2251127,2026-06-24,NYY@DET 2026-06-24,824259,2,2,4,2-2,,,42.43,40.82,50.97,2.12,2.06,0.46,PUSH,PUSH,match,,,,,,both-null,0,,,,,,both-null,,,,,,both-null,,,both-null,1784992359459
2251128,2026-06-24,PHI@WSH 2026-06-24,822719,3,2,5,3-2,,,44.52,41.22,51.92,2.96,2.81,0.47,LOSS,LOSS,match,0,0,,,,both-null,0,,,,,,both-null,,,0.307803,0.307803,0.169909,match-away-base,,,both-null,1784992359459
2251129,2026-06-24,HOU@TOR 2026-06-24,822798,1,1,2,1-1,,,35.69,49.06,42.11,2.21,2.76,0.49,PUSH,PUSH,match,,,,,,both-null,0,,,,,,both-null,,,,,,both-null,,,both-null,1784992359459
2251130,2026-06-24,CHC@NYM 2026-06-24 G2,823611,4,4,8,4-4,,,46.71,37.86,55.23,2.61,2.25,0.48,PUSH,PUSH,match,,,,,,both-null,0,,,,,,both-null,,,,,,both-null,,,both-null,1784992359459
2251131,2026-06-24,MIL@CIN 2026-06-24,824500,3,0,3,3-0,,,47.72,37.3,56.13,2.79,2.34,0.45,LOSS,LOSS,match,0,0,,,,both-null,0,,,,,,both-null,,,0.27332,0.27332,0.139129,match-away-base,,,both-null,1784992359459
2251132,2026-06-24,LAD@MIN 2026-06-24,823691,4,3,7,4-3,,,48.31,35.56,57.6,2.45,1.96,0.49,LOSS,LOSS,match,0,0,,,,both-null,0,,,,,,both-null,,,0.267186,0.267186,0.126451,match-away-base,,,both-null,1784992359459
2251133,2026-06-24,ATL@SD 2026-06-24,823284,0,3,3,0-3,,,46.58,35.67,56.63,2.04,1.67,0.39,WIN,WIN,match,1,1,,,,both-null,0,,,,,,both-null,,,0.21697,0.21697,0.413835,match-away-base,,,both-null,1784992359459
2251134,2026-06-24,ATH@SF 2026-06-24,823208,0,0,0,0-0,,,51.37,32.47,61.27,2.53,1.81,0.48,PUSH,PUSH,match,,,,,,both-null,0,,,,,,both-null,,,,,,both-null,,,both-null,1784992359459
2253480,2026-06-24,ARI@STL 2026-06-24,823041,6,2,8,6-2,,,45.47,38.67,54.04,2.43,2.16,0.39,LOSS,LOSS,match,0,0,,,,both-null,0,,,,,,both-null,,,0.297352,0.297352,0.149537,match-away-base,,,both-null,1784992359459
2251135,2026-06-25,KC@TB 2026-06-25,822961,0,7,7,0-7,,,38.93,44.93,46.42,2.11,2.34,0.43,WIN,WIN,match,1,1,,,,both-null,0,,,,,,both-null,,,0.151554,0.151554,0.30327,match-away-base,,,both-null,1784992359459
2251136,2026-06-25,SEA@PIT 2026-06-25,823366,1,3,4,1-3,,,49.58,34.23,59.16,2.47,1.89,0.42,WIN,WIN,match,1,1,,,,both-null,0,,,,,,both-null,,,0.245818,0.245818,0.432569,match-away-base,,,both-null,1784992359459
2251137,2026-06-25,ATH@SF 2026-06-25,823209,2,1,3,2-1,,,40.32,43.89,47.88,2.26,2.41,0.45,LOSS,LOSS,match,0,0,,,,both-null,0,,,,,,both-null,,,0.35617,0.35617,0.192633,match-away-base,,,both-null,1784992359459
2251138,2026-06-25,HOU@DET 2026-06-25,824258,0,0,0,0-0,,,35.51,47.64,42.7,1.83,2.27,0.32,PUSH,PUSH,match,,,,,,both-null,0,,,,,,both-null,,,,,,both-null,,,both-null,1784992359459
2251139,2026-06-25,PHI@WSH 2026-06-25,822717,0,5,5,0-5,,,45.12,40.55,52.67,2.92,2.71,0.57,WIN,WIN,match,1,1,,,,both-null,0,,,,,,both-null,,,0.203581,0.203581,0.35343,match-away-base,,,both-null,1784992359459
2251140,2026-06-25,TEX@TOR 2026-06-25,822797,6,3,9,6-3,,,42.19,41.84,50.2,2.29,2.27,0.51,LOSS,LOSS,match,0,0,,,,both-null,0,,,,,,both-null,,,0.3342,0.3342,0.175059,match-away-base,,,both-null,1784992359459
2251141,2026-06-25,CHC@NYM 2026-06-25,823612,0,0,0,0-0,,,45.12,39.7,53.2,2.63,2.4,0.5,PUSH,PUSH,match,,,,,,both-null,0,,,,,,both-null,,,,,,both-null,,,both-null,1784992359459
2251142,2026-06-25,NYY@BOS 2026-06-25,824747,2,4,6,2-4,,,50.37,32.9,60.49,2.35,1.71,0.44,LOSS,LOSS,match,0,0,,,,both-null,0,,,,,,both-null,,,0.253714,0.253714,0.450241,match-away-base,,,both-null,1784992359459
2251143,2026-06-26,HOU@DET 2026-06-26,824255,0,8,8,0-8,,,38.5,44.62,46.31,1.92,2.14,0.38,WIN,WIN,match,1,1,,,,both-null,0,,,,,,both-null,,,0.148225,0.148225,0.306694,match-away-base,,,both-null,1784992359459
2251144,2026-06-26,CIN@PIT 2026-06-26,823363,4,2,6,4-2,,,37.52,46.5,44.65,2.09,2.43,0.5,LOSS,LOSS,match,0,0,,,,both-null,0,,,,,,both-null,,,0.390375,0.390375,0.216225,match-away-base,,,both-null,1784992359459
2251145,2026-06-26,WSH@BAL 2026-06-26,824824,1,2,3,1-2,,,43.15,41.6,50.91,2.53,2.47,0.44,WIN,WIN,match,1,1,,,,both-null,0,,,,,,both-null,,,0.186192,0.186192,0.341056,match-away-base,,,both-null,1784992359459
2251146,2026-06-26,TEX@TOR 2026-06-26,822796,5,0,5,5-0,,,44.02,40.77,51.92,2.57,2.44,0.5,LOSS,LOSS,match,0,0,,,,both-null,0,,,,,,both-null,,,0.313376,0.313376,0.166219,match-away-base,,,both-null,1784992359459
2251147,2026-06-26,SEA@CLE 2026-06-26,824423,1,1,2,1-1,,,41.23,41.81,49.65,2.02,2.04,0.44,PUSH,PUSH,match,,,,,,both-null,0,,,,,,both-null,,,,,,both-null,,,both-null,1784992359459
2251148,2026-06-26,PHI@NYM 2026-06-26,823610,1,1,2,1-1,,,47.36,36.17,56.7,2.33,1.91,0.4,PUSH,PUSH,match,,,,,,both-null,0,,,,,,both-null,,,,,,both-null,,,both-null,1784992359459
2251149,2026-06-26,NYY@BOS 2026-06-26,824743,0,4,4,0-4,,,42.46,41.01,50.86,2.15,2.09,0.4,WIN,WIN,match,1,1,,,,both-null,0,,,,,,both-null,,,0.180285,0.180285,0.347982,match-away-base,,,both-null,1784992359459
2251150,2026-06-26,KC@CWS 2026-06-26,824582,1,13,14,1-13,,,42.73,41.97,50.45,2.49,2.46,0.49,WIN,WIN,match,1,1,,,,both-null,0,,,,,,both-null,,,0.182585,0.182585,0.336748,match-away-base,,,both-null,1784992359459
2251151,2026-06-26,CHC@MIL 2026-06-26,823773,1,0,1,1-0,,,34.96,48.82,41.73,1.92,2.45,0.48,LOSS,LOSS,match,0,0,,,,both-null,0,,,,,,both-null,,,0.42302,0.42302,0.238339,match-away-base,,,both-null,1784992359459
2251152,2026-06-26,COL@MIN 2026-06-26,823688,0,7,7,0-7,,,42.06,43.06,49.41,2.61,2.65,0.47,WIN,WIN,match,1,1,,,,both-null,0,,,,,,both-null,,,0.176904,0.176904,0.324216,match-away-base,,,both-null,1784992359459
2251153,2026-06-26,MIA@STL 2026-06-26,823039,0,0,0,0-0,,,43.4,39.88,52.11,2.15,2.02,0.39,PUSH,PUSH,match,,,,,,both-null,0,,,,,,both-null,,,,,,both-null,,,both-null,1784992359459
2251154,2026-06-26,ATH@LAA 2026-06-26,824014,7,3,10,7-3,,,42.69,41.29,50.84,2.27,2.21,0.43,LOSS,LOSS,match,0,0,,,,both-null,0,,,,,,both-null,,,0.328444,0.328444,0.170486,match-away-base,,,both-null,1784992359459
2251155,2026-06-26,LAD@SD 2026-06-26,823285,1,3,4,1-3,,,43.55,39.48,52.45,2.1,1.96,0.44,WIN,WIN,match,1,1,,,,both-null,0,,,,,,both-null,,,0.18966,0.18966,0.366267,match-away-base,,,both-null,1784992359459
2251156,2026-06-26,ATL@SF 2026-06-26,823206,3,1,4,3-1,,,43.24,40.55,51.61,2.27,2.16,0.49,LOSS,LOSS,match,0,0,,,,both-null,0,,,,,,both-null,,,0.32217,0.32217,0.16443,match-away-base,,,both-null,1784992359459
2253497,2026-06-26,ARI@TB 2026-06-26,822962,1,3,4,1-3,,,34.17,50.62,40.3,2.14,2.83,0.49,WIN,WIN,match,1,1,,,,both-null,0,,,,,,both-null,,,0.116759,0.116759,0.243838,match-away-base,,,both-null,1784992359459
2251157,2026-06-27,HOU@DET 2026-06-27,824257,4,6,10,4-6,,,40.43,43.38,48.24,2.16,2.27,0.42,WIN,WIN,match,1,1,,,,both-null,0,,,,,,both-null,,,0.163458,0.163458,0.320582,match-away-base,,,both-null,1784992359459
2251158,2026-06-27,NYY@BOS 2026-06-27,824745,1,4,5,1-4,,,44.42,38.94,53.29,2.2,1.99,0.39,WIN,WIN,match,1,1,,,,both-null,0,,,,,,both-null,,,0.197314,0.197314,0.372832,match-away-base,,,both-null,1784992359459
2251159,2026-06-27,TEX@TOR 2026-06-27,822794,6,2,8,6-2,,,39.45,44.38,47.06,2.13,2.32,0.43,LOSS,LOSS,match,0,0,,,,both-null,0,,,,,,both-null,,,0.36663,0.36663,0.196958,match-away-base,,,both-null,1784992359459
2251160,2026-06-27,CIN@PIT 2026-06-27,823364,4,4,8,4-4,,,46.69,38.13,55.05,2.66,2.31,0.49,PUSH,PUSH,match,,,,,,both-null,0,,,,,,both-null,,,,,,both-null,,,both-null,1784992359459
2251161,2026-06-27,PHI@NYM 2026-06-27,823609,2,0,2,2-0,,,42.15,41.94,50.12,2.28,2.27,0.38,LOSS,LOSS,match,0,0,,,,both-null,0,,,,,,both-null,,,0.334662,0.334662,0.175896,match-away-base,,,both-null,1784992359459
2251162,2026-06-27,KC@CWS 2026-06-27,824581,0,0,0,0-0,,,42.28,41.56,50.43,2.24,2.21,0.43,PUSH,PUSH,match,,,,,,both-null,0,,,,,,both-null,,,,,,both-null,,,both-null,1784992359459
2251163,2026-06-27,WSH@BAL 2026-06-27,824825,2,1,3,2-1,,,42.74,41.18,50.93,2.29,2.23,0.38,LOSS,LOSS,match,0,0,,,,both-null,0,,,,,,both-null,,,0.327871,0.327871,0.169579,match-away-base,,,both-null,1784992359459
2251164,2026-06-27,SEA@CLE 2026-06-27,824421,0,4,4,0-4,,,46.97,35.91,56.67,2.17,1.78,0.43,WIN,WIN,match,1,1,,,,both-null,0,,,,,,both-null,,,0.220618,0.220618,0.410753,match-away-base,,,both-null,1784992359459
2251165,2026-06-27,COL@MIN 2026-06-27,823689,3,1,4,3-1,,,33.39,52.31,38.96,2.36,3.22,0.45,LOSS,LOSS,match,0,0,,,,both-null,0,,,,,,both-null,,,0.443689,0.443689,0.273634,match-away-base,,,both-null,1784992359459
2251166,2026-06-27,CHC@MIL 2026-06-27,823770,2,2,4,2-2,,,36.18,48.34,42.8,2.13,2.62,0.47,PUSH,PUSH,match,,,,,,both-null,0,,,,,,both-null,,,,,,both-null,,,both-null,1784992359459
2251167,2026-06-27,MIA@STL 2026-06-27,823038,4,0,4,4-0,,,38.12,45.64,45.51,2.06,2.35,0.42,LOSS,LOSS,match,0,0,,,,both-null,0,,,,,,both-null,,,0.382913,0.382913,0.208301,match-away-base,,,both-null,1784992359459
2251168,2026-06-27,LAD@SD 2026-06-27,823283,1,1,2,1-1,,,50.22,33.33,60.11,2.41,1.79,0.39,PUSH,PUSH,match,,,,,,both-null,0,,,,,,both-null,,,,,,both-null,,,both-null,1784992359459
2251169,2026-06-27,ATL@SF 2026-06-27,823207,0,5,5,0-5,,,37.75,45.48,45.35,1.93,2.21,0.38,WIN,WIN,match,1,1,,,,both-null,0,,,,,,both-null,,,0.142506,0.142506,0.297243,match-away-base,,,both-null,1784992359459
2251170,2026-06-27,ATH@LAA 2026-06-27,824015,1,2,3,1-2,,,37.86,46.22,45.03,2.1,2.43,0.44,WIN,WIN,match,1,1,,,,both-null,0,,,,,,both-null,,,0.143338,0.143338,0.289229,match-away-base,,,both-null,1784992359459
2253513,2026-06-27,ARI@TB 2026-06-27,822960,1,3,4,1-3,,,39.46,44.31,47.1,2.12,2.3,0.42,WIN,WIN,match,1,1,,,,both-null,0,,,,,,both-null,,,0.155709,0.155709,0.310138,match-away-base,,,both-null,1784992359459
2251171,2026-06-28,WSH@BAL 2026-06-28,824821,5,2,7,5-2,,,39.11,46.03,45.93,2.49,2.8,0.47,LOSS,LOSS,match,0,0,,,,both-null,0,,,,,,both-null,,,0.370759,0.370759,0.211876,match-away-base,,,both-null,1784992359459
2251172,2026-06-28,CIN@PIT 2026-06-28,823362,4,5,9,4-5,,,40.61,44.58,47.67,2.56,2.73,0.53,WIN,WIN,match,1,1,,,,both-null,0,,,,,,both-null,,,0.164917,0.164917,0.307138,match-away-base,,,both-null,1784992359459
2251173,2026-06-28,TEX@TOR 2026-06-28,822795,1,0,1,1-0,,,37.45,46.62,44.54,2.12,2.47,0.45,LOSS,LOSS,match,0,0,,,,both-null,0,,,,,,both-null,,,0.39125,0.39125,0.217342,match-away-base,,,both-null,1784992359459
2251174,2026-06-28,HOU@DET 2026-06-28,824256,0,3,3,0-3,,,49.36,34.48,58.87,2.48,1.91,0.42,WIN,WIN,match,1,1,,,,both-null,0,,,,,,both-null,,,0.243641,0.243641,0.429287,match-away-base,,,both-null,1784992359459
2251175,2026-06-28,SEA@CLE 2026-06-28,824422,3,1,4,3-1,,,44.63,37.83,54.12,2.03,1.79,0.41,LOSS,LOSS,match,0,0,,,,both-null,0,,,,,,both-null,,,0.306584,0.306584,0.143111,match-away-base,,,both-null,1784992359459
2251176,2026-06-28,PHI@NYM 2026-06-28,823608,3,1,4,3-1,,,42.48,41.61,50.52,2.3,2.27,0.44,LOSS,LOSS,match,0,0,,,,both-null,0,,,,,,both-null,,,0.330855,0.330855,0.173139,match-away-base,,,both-null,1784992359459
2251177,2026-06-28,COL@MIN 2026-06-28,823686,1,2,3,1-2,,,42.61,42.3,50.18,2.57,2.55,0.45,WIN,WIN,match,1,1,,,,both-null,0,,,,,,both-null,,,0.181561,0.181561,0.332929,match-away-base,,,both-null,1784992359459
2251178,2026-06-28,KC@CWS 2026-06-28,824580,5,4,9,5-4,,,41.87,42.49,49.64,2.34,2.37,0.4,LOSS,LOSS,match,0,0,,,,both-null,0,,,,,,both-null,,,0.33791,0.33791,0.18054,match-away-base,,,both-null,1784992359459
2251179,2026-06-28,CHC@MIL 2026-06-28,823769,0,1,1,0-1,,,39.61,43.1,47.89,1.9,2.03,0.36,WIN,WIN,match,1,1,,,,both-null,0,,,,,,both-null,,,0.156895,0.156895,0.323761,match-away-base,,,both-null,1784992359459
2251180,2026-06-28,MIA@STL 2026-06-28,823037,1,2,3,1-2,,,44.84,39.03,53.47,2.35,2.12,0.31,WIN,WIN,match,1,1,,,,both-null,0,,,,,,both-null,,,0.201063,0.201063,0.371734,match-away-base,,,both-null,1784992359459
2251181,2026-06-28,ATH@LAA 2026-06-28,824011,1,4,5,1-4,,,42.03,43.43,49.18,2.73,2.78,0.44,WIN,WIN,match,1,1,,,,both-null,0,,,,,,both-null,,,0.176652,0.176652,0.320016,match-away-base,,,both-null,1784992359459
2251182,2026-06-28,ATL@SF 2026-06-28,823204,0,0,0,0-0,,,43.52,39.37,52.5,2.06,1.91,0.43,PUSH,PUSH,match,,,,,,both-null,0,,,,,,both-null,,,,,,both-null,,,both-null,1784992359459
2251183,2026-06-28,LAD@SD 2026-06-28,823281,4,1,5,4-1,,,42.46,40.57,51.13,2.07,2,0.38,LOSS,LOSS,match,0,0,,,,both-null,0,,,,,,both-null,,,0.331085,0.331085,0.164592,match-away-base,,,both-null,1784992359459
2251184,2026-06-28,NYY@BOS 2026-06-28,824744,0,2,2,0-2,,,43.62,39.77,52.31,2.19,2.05,0.4,WIN,WIN,match,1,1,,,,both-null,0,,,,,,both-null,,,0.19027,0.19027,0.362765,match-away-base,,,both-null,1784992359459
2253527,2026-06-28,ARI@TB 2026-06-28,822959,0,4,4,0-4,,,31.11,53.11,36.94,1.84,2.7,0.51,WIN,WIN,match,1,1,,,,both-null,0,,,,,,both-null,,,0.096783,0.096783,0.219867,match-away-base,,,both-null,1784992359459
2251185,2026-06-29,CWS@BAL 2026-06-29,824822,2,2,4,2-2,,,42.74,41.93,50.48,2.49,2.46,0.43,PUSH,PUSH,match,,,,,,both-null,0,,,,,,both-null,,,,,,both-null,,,both-null,1784992359459
2251186,2026-06-29,PIT@PHI 2026-06-29,823444,8,5,13,8-5,,,48.12,36.76,56.69,2.77,2.3,0.51,LOSS,LOSS,match,0,0,,,,both-null,0,,,,,,both-null,,,0.269153,0.269153,0.13513,match-away-base,,,both-null,1784992359459
2251187,2026-06-29,DET@NYY 2026-06-29,823529,7,0,7,7-0,,,42.2,41.86,50.2,2.27,2.26,0.51,LOSS,LOSS,match,0,0,,,,both-null,0,,,,,,both-null,,,0.334084,0.334084,0.175226,match-away-base,,,both-null,1784992359459
2251188,2026-06-29,NYM@TOR 2026-06-29,822792,0,2,2,0-2,,,41.67,41.45,50.14,2.05,2.04,0.38,WIN,WIN,match,1,1,,,,both-null,0,,,,,,both-null,,,0.173639,0.173639,0.34281,match-away-base,,,both-null,1784992359459
2251189,2026-06-29,WSH@BOS 2026-06-29,824741,1,6,7,1-6,,,38.69,44.91,46.28,2.04,2.27,0.41,WIN,WIN,match,1,1,,,,both-null,0,,,,,,both-null,,,0.149692,0.149692,0.303491,match-away-base,,,both-null,1784992359459
2251190,2026-06-29,TEX@CLE 2026-06-29,824420,1,2,3,1-2,,,40.23,41.91,48.97,1.81,1.87,0.39,WIN,WIN,match,1,1,,,,both-null,0,,,,,,both-null,,,0.161845,0.161845,0.337445,match-away-base,,,both-null,1784992359459
2251191,2026-06-29,CIN@MIL 2026-06-29,823771,3,0,3,3-0,,,40.19,44.59,47.4,2.41,2.59,0.5,LOSS,LOSS,match,0,0,,,,both-null,0,,,,,,both-null,,,0.357724,0.357724,0.198827,match-away-base,,,both-null,1784992359459
2251192,2026-06-29,SD@CHC 2026-06-29,824662,2,2,4,2-2,,,35.66,48.42,42.41,2.01,2.51,0.19,PUSH,PUSH,match,,,,,,both-null,0,,,,,,both-null,,,,,,both-null,,,both-null,1784992359459
2251193,2026-06-29,MIN@HOU 2026-06-29,824176,2,1,3,2-1,,,38.36,45.92,45.52,2.17,2.47,0.39,LOSS,LOSS,match,0,0,,,,both-null,0,,,,,,both-null,,,0.379949,0.379949,0.210865,match-away-base,,,both-null,1784992359459
2251194,2026-06-29,MIA@COL 2026-06-29,824339,6,5,11,6-5,,,53.14,33.45,61.37,3.71,2.72,0.49,WIN,WIN,match,1,1,,,,both-null,0,,,,,,both-null,,,0.219586,0.219586,0.11189,match-away-base,,,both-null,1784992359459
2251195,2026-06-29,LAD@ATH 2026-06-29,824986,5,3,8,5-3,,,37.03,48.04,43.53,2.35,2.82,0.35,LOSS,LOSS,match,0,0,,,,both-null,0,,,,,,both-null,,,0.396522,0.396522,0.230784,match-away-base,,,both-null,1784992359459
2251196,2026-06-29,LAA@SEA 2026-06-29,823121,2,3,5,2-3,,,36.18,47.83,43.07,2.02,2.48,0.43,WIN,WIN,match,1,1,,,,both-null,0,,,,,,both-null,,,0.130899,0.130899,0.272171,match-away-base,,,both-null,1784992359459
2253549,2026-06-29,SF@ARI 2026-06-29,825065,1,4,5,1-4,,,40.45,44.27,47.75,2.4,2.55,0.49,WIN,WIN,match,1,1,,,,both-null,0,,,,,,both-null,,,0.16362,0.16362,0.310583,match-away-base,,,both-null,1784992359459
2251197,2026-06-30,CWS@BAL 2026-06-30,824819,9,3,12,9-3,,,42.99,42.47,50.3,2.76,2.74,0.39,LOSS,LOSS,match,0,0,,,,both-null,0,,,,,,both-null,,,0.325014,0.325014,0.18037,match-away-base,,,both-null,1784992359459
2251198,2026-06-30,TEX@CLE 2026-06-30,824418,2,2,4,2-2,,,41.12,41.15,49.98,1.87,1.88,0.4,PUSH,PUSH,match,,,,,,both-null,0,,,,,,both-null,,,,,,both-null,,,both-null,1784992359459
2251199,2026-06-30,PIT@PHI 2026-06-30,823445,0,2,2,0-2,,,43.17,41.77,50.82,2.58,2.53,0.51,WIN,WIN,match,1,1,,,,both-null,0,,,,,,both-null,,,0.186365,0.186365,0.339073,match-away-base,,,both-null,1784992359459
2251200,2026-06-30,DET@NYY 2026-06-30,823528,6,1,7,6-1,,,37.33,46.36,44.61,1.99,2.33,0.48,LOSS,LOSS,match,0,0,,,,both-null,0,,,,,,both-null,,,0.392753,0.392753,0.214925,match-away-base,,,both-null,1784992359459
2251201,2026-06-30,NYM@TOR 2026-06-30,822793,1,0,1,1-0,,,45.36,38.34,54.19,2.32,2.06,0.42,LOSS,LOSS,match,0,0,,,,both-null,0,,,,,,both-null,,,0.298553,0.298553,0.146996,match-away-base,,,both-null,1784992359459
2251202,2026-06-30,WSH@BOS 2026-06-30,824742,1,1,2,1-1,,,42.14,41.8,50.2,2.27,2.27,0.32,PUSH,PUSH,match,,,,,,both-null,0,,,,,,both-null,,,,,,both-null,,,both-null,1784992359459
2251203,2026-06-30,STL@ATL 2026-06-30,824907,4,1,5,4-1,,,37.82,45.67,45.3,1.98,2.27,0.29,LOSS,LOSS,match,0,0,,,,both-null,0,,,,,,both-null,,,0.386635,0.386635,0.208575,match-away-base,,,both-null,1784992359459
2251204,2026-06-30,TB@KC 2026-06-30,824096,8,3,11,8-3,,,41.4,42.88,49.13,2.31,2.37,0.29,LOSS,LOSS,match,0,0,,,,both-null,0,,,,,,both-null,,,0.343396,0.343396,0.183869,match-away-base,,,both-null,1784992359459
2251205,2026-06-30,CIN@MIL 2026-06-30,823768,1,6,7,1-6,,,37.84,46.59,44.82,2.2,2.55,0.47,WIN,WIN,match,1,1,,,,both-null,0,,,,,,both-null,,,0.143187,0.143187,0.285263,match-away-base,,,both-null,1784992359459
2251206,2026-06-30,SD@CHC 2026-06-30,824661,3,8,11,3-8,,,38.37,45.93,45.52,2.19,2.48,0.24,WIN,WIN,match,1,1,,,,both-null,0,,,,,,both-null,,,0.147226,0.147226,0.292356,match-away-base,,,both-null,1784992359459
2251207,2026-06-30,MIN@HOU 2026-06-30,824175,4,6,10,4-6,,,47.45,37.2,56.05,2.66,2.24,0.49,WIN,WIN,match,1,1,,,,both-null,0,,,,,,both-null,,,0.22515,0.22515,0.394384,match-away-base,,,both-null,1784992359459
2251208,2026-06-30,MIA@COL 2026-06-30,824338,5,1,6,5-1,,,48.57,37.43,56.47,3.25,2.72,0.38,LOSS,LOSS,match,0,0,,,,both-null,0,,,,,,both-null,,,0.264504,0.264504,0.1401,match-away-base,,,both-null,1784992359459
2251209,2026-06-30,LAD@ATH 2026-06-30,824984,5,1,6,5-1,,,51.74,34.06,60.3,3.26,2.45,0.41,WIN,WIN,match,1,1,,,,both-null,0,,,,,,both-null,,,0.232903,0.232903,0.116008,match-away-base,,,both-null,1784992359459
2251210,2026-06-30,LAA@SEA 2026-06-30,823122,0,0,0,0-0,,,37.34,45.26,45.2,1.79,2.07,0.41,PUSH,PUSH,match,,,,,,both-null,0,,,,,,both-null,,,,,,both-null,,,both-null,1784992359459
2253564,2026-06-30,SF@ARI 2026-06-30,825066,0,6,6,0-6,,,45.42,39.35,53.58,2.63,2.38,0.38,WIN,WIN,match,1,1,,,,both-null,0,,,,,,both-null,,,0.206298,0.206298,0.367842,match-away-base,,,both-null,1784992359459
2251211,2026-07-01,CWS@BAL 2026-07-01,824818,1,4,5,1-4,,,39.54,44.97,46.79,2.3,2.53,0.36,WIN,WIN,match,1,1,,,,both-null,0,,,,,,both-null,,,0.156341,0.156341,0.30283,match-away-base,,,both-null,1784992359459
2251212,2026-07-01,TEX@CLE 2026-07-01,824419,1,5,6,1-5,,,42.36,40.65,51.03,2.06,2,0.44,WIN,WIN,match,1,1,,,,both-null,0,,,,,,both-null,,,0.179437,0.179437,0.352242,match-away-base,,,both-null,1784992359459
2251213,2026-07-01,WSH@BOS 2026-07-01,824740,7,0,7,7-0,,,36.66,47.07,43.78,1.99,2.38,0.3,LOSS,LOSS,match,0,0,,,,both-null,0,,,,,,both-null,,,0.401196,0.401196,0.221558,match-away-base,,,both-null,1784992359459
2251214,2026-07-01,DET@NYY 2026-07-01,823530,1,0,1,1-0,,,47.95,36.17,57,2.51,2.05,0.32,LOSS,LOSS,match,0,0,,,,both-null,0,,,,,,both-null,,,0.27092,0.27092,0.130827,match-away-base,,,both-null,1784992359459
2251215,2026-07-01,SD@CHC 2026-07-01,824660,2,13,15,2-13,,,42.85,41.2,50.98,2.3,2.24,0.23,WIN,WIN,match,1,1,,,,both-null,0,,,,,,both-null,,,0.183612,0.183612,0.345744,match-away-base,,,both-null,1784992359459
2251216,2026-07-01,NYM@TOR 2026-07-01,822791,0,5,5,0-5,,,36.89,46.97,43.99,2.02,2.41,0.37,WIN,WIN,match,1,1,,,,both-null,0,,,,,,both-null,,,0.136087,0.136087,0.281218,match-away-base,,,both-null,1784992359459
2251217,2026-07-01,PIT@PHI 2026-07-01,823446,4,8,12,4-8,,,38.68,45,46.23,2.05,2.29,0.41,WIN,WIN,match,1,1,,,,both-null,0,,,,,,both-null,,,0.149614,0.149614,0.3025,match-away-base,,,both-null,1784992359459
2251218,2026-07-01,STL@ATL 2026-07-01,824905,1,2,3,1-2,,,43.77,39.83,52.35,2.24,2.08,0.35,WIN,WIN,match,1,1,,,,both-null,0,,,,,,both-null,,,0.191581,0.191581,0.362043,match-away-base,,,both-null,1784992359459
2251219,2026-07-01,TB@KC 2026-07-01,824094,2,0,2,2-0,,,45.32,39.1,53.68,2.52,2.28,0.36,LOSS,LOSS,match,0,0,,,,both-null,0,,,,,,both-null,,,0.29899,0.29899,0.152881,match-away-base,,,both-null,1784992359459
2251220,2026-07-01,MIN@HOU 2026-07-01,824174,7,1,8,7-1,,,42.31,42.16,50.09,2.41,2.41,0.47,LOSS,LOSS,match,0,0,,,,both-null,0,,,,,,both-null,,,0.332814,0.332814,0.177747,match-away-base,,,both-null,1784992359459
2251221,2026-07-01,CIN@MIL 2026-07-01,823767,2,2,4,2-2,,,40.96,43.15,48.7,2.24,2.33,0.44,PUSH,PUSH,match,,,,,,both-null,0,,,,,,both-null,,,,,,both-null,,,both-null,1784992359459
2251222,2026-07-01,MIA@COL 2026-07-01,824337,2,5,7,2-5,,,51.47,34.55,59.84,3.35,2.56,0.43,LOSS,LOSS,match,0,0,,,,both-null,0,,,,,,both-null,,,0.264916,0.264916,0.42837,match-away-base,,,both-null,1784992359459
2251223,2026-07-01,LAD@ATH 2026-07-01,824985,1,6,7,1-6,,,45.66,40.33,53.1,3.12,2.86,0.55,WIN,WIN,match,1,1,,,,both-null,0,,,,,,both-null,,,0.208484,0.208484,0.356051,match-away-base,,,both-null,1784992359459
2253578,2026-07-01,SF@ARI 2026-07-01,825064,3,0,3,3-0,,,46.54,38.73,54.58,2.84,2.5,0.42,LOSS,LOSS,match,0,0,,,,both-null,0,,,,,,both-null,,,0.285797,0.285797,0.150001,match-away-base,,,both-null,1784992359459
2251224,2026-07-02,PIT@PHI 2026-07-02,823442,1,1,2,1-1,,,41.02,44.29,48.08,2.63,2.77,0.43,PUSH,PUSH,match,,,,,,both-null,0,,,,,,both-null,,,,,,both-null,,,both-null,1784992359459
2251225,2026-07-02,CIN@MIL 2026-07-02,823765,5,1,6,5-1,,,35.23,48.01,42.33,1.81,2.28,0.45,LOSS,LOSS,match,0,0,,,,both-null,0,,,,,,both-null,,,0.419515,0.419515,0.230496,match-away-base,,,both-null,1784992359459
2251226,2026-07-02,MIA@COL 2026-07-02,824335,4,5,9,4-5,,,48.15,38.56,55.53,3.57,3.09,0.46,WIN,WIN,match,1,1,,,,both-null,0,,,,,,both-null,,,0.231842,0.231842,0.377487,match-away-base,,,both-null,1784992359459
2251227,2026-07-02,CWS@CLE 2026-07-02,824416,3,2,5,3-2,,,42.09,41.2,50.53,2.13,2.09,0.4,LOSS,LOSS,match,0,0,,,,both-null,0,,,,,,both-null,,,0.335357,0.335357,0.169744,match-away-base,,,both-null,1784992359459
2251228,2026-07-02,STL@ATL 2026-07-02,824906,3,5,8,3-5,,,38.3,44.93,46.02,1.93,2.17,0.32,WIN,WIN,match,1,1,,,,both-null,0,,,,,,both-null,,,0.146689,0.146689,0.30327,match-away-base,,,both-null,1784992359459
2251229,2026-07-02,TB@KC 2026-07-02,824093,5,1,6,5-1,,,48.16,36.05,57.19,2.57,2.08,0.29,LOSS,LOSS,match,0,0,,,,both-null,0,,,,,,both-null,,,0.268739,0.268739,0.12996,match-away-base,,,both-null,1784992359459
2251230,2026-07-02,DET@TEX 2026-07-02,822884,3,5,8,3-5,,,41.63,41.16,50.28,1.98,1.96,0.42,WIN,WIN,match,1,1,,,,both-null,0,,,,,,both-null,,,0.173306,0.173306,0.346215,match-away-base,,,both-null,1784992359459
2251231,2026-07-02,LAA@SEA 2026-07-02,823119,0,0,0,0-0,,,35.17,46.53,43.05,1.57,1.94,0.36,PUSH,PUSH,match,,,,,,both-null,0,,,,,,both-null,,,,,,both-null,,,both-null,1784992359459
2251232,2026-07-02,SD@LAD 2026-07-02,823935,6,10,16,6-10,,,36.27,48.68,42.7,2.28,2.8,0.45,WIN,WIN,match,1,1,,,,both-null,0,,,,,,both-null,,,0.131551,0.131551,0.263374,match-away-base,,,both-null,1784992359459
2251233,2026-07-03,STL@CHC 2026-07-03,824659,14,0,14,14-0,,,47.41,37.63,55.75,2.76,2.35,0.34,LOSS,LOSS,match,0,0,,,,both-null,0,,,,,,both-null,,,0.276571,0.276571,0.141602,match-away-base,,,both-null,1784992359459
2251234,2026-07-03,PIT@WSH 2026-07-03,822714,1,5,6,1-5,,,37.98,47.2,44.59,2.43,2.83,0.41,WIN,WIN,match,1,1,,,,both-null,0,,,,,,both-null,,,0.144248,0.144248,0.278784,match-away-base,,,both-null,1784992359459
2251235,2026-07-03,MIN@NYY 2026-07-03,823527,2,3,5,2-3,,,42.75,42.33,50.25,2.6,2.58,0.4,WIN,WIN,match,1,1,,,,both-null,0,,,,,,both-null,,,0.182756,0.182756,0.332583,match-away-base,,,both-null,1784992359459
2251236,2026-07-03,BAL@CIN 2026-07-03,824498,3,0,3,3-0,,,46.44,38.44,54.72,2.7,2.36,0.39,LOSS,LOSS,match,0,0,,,,both-null,0,,,,,,both-null,,,0.286867,0.286867,0.147763,match-away-base,,,both-null,1784992359459
2251237,2026-07-03,CWS@CLE 2026-07-03,824417,3,1,4,3-1,,,40.15,43.55,47.97,2.13,2.25,0.42,LOSS,LOSS,match,0,0,,,,both-null,0,,,,,,both-null,,,0.358202,0.358202,0.18966,match-away-base,,,both-null,1784992359459
2251238,2026-07-03,NYM@ATL 2026-07-03,824904,2,4,6,2-4,,,43.17,40.3,51.72,2.18,2.07,0.29,WIN,WIN,match,1,1,,,,both-null,0,,,,,,both-null,,,0.186365,0.186365,0.356409,match-away-base,,,both-null,1784992359459
2251239,2026-07-03,SF@COL 2026-07-03,824336,2,14,16,2-14,,,50,35.72,58.33,3.16,2.5,0.4,WIN,WIN,match,1,1,,,,both-null,0,,,,,,both-null,,,0.25,0.25,0.413192,match-away-base,,,both-null,1784992359459
2251240,2026-07-03,TB@HOU 2026-07-03,824173,0,0,0,0-0,,,44.02,40.26,52.23,2.43,2.28,0.46,PUSH,PUSH,match,,,,,,both-null,0,,,,,,both-null,,,,,,both-null,,,both-null,1784992359459
2251241,2026-07-03,BOS@LAA 2026-07-03,824013,5,0,5,5-0,,,40.67,42.6,48.84,2.05,2.12,0.39,LOSS,LOSS,match,0,0,,,,both-null,0,,,,,,both-null,,,0.352005,0.352005,0.181476,match-away-base,,,both-null,1784992359459
2251242,2026-07-03,MIA@ATH 2026-07-03,824982,7,5,12,7-5,,,44.23,41.43,51.63,2.89,2.76,0.4,LOSS,LOSS,match,0,0,,,,both-null,0,,,,,,both-null,,,0.311029,0.311029,0.171644,match-away-base,,,both-null,1784992359459
2251243,2026-07-03,SD@LAD 2026-07-03,823933,2,0,2,2-0,,,33.96,49.49,40.7,1.8,2.38,0.39,LOSS,LOSS,match,0,0,,,,both-null,0,,,,,,both-null,,,0.436128,0.436128,0.244926,match-away-base,,,both-null,1784992359459
2251244,2026-07-03,TOR@SEA 2026-07-03,823120,2,0,2,2-0,,,42.77,39.44,52.03,1.92,1.81,0.4,LOSS,LOSS,match,0,0,,,,both-null,0,,,,,,both-null,,,0.327527,0.327527,0.155551,match-away-base,,,both-null,1784992359459
2253598,2026-07-03,MIL@ARI 2026-07-03,825062,3,3,6,3-3,,,43.63,40.95,51.59,2.49,2.38,0.48,PUSH,PUSH,match,,,,,,both-null,0,,,,,,both-null,,,,,,both-null,,,both-null,1784992359459
2251245,2026-07-04,PIT@WSH 2026-07-04,822716,5,1,6,5-1,,,49.85,35.98,58.08,3.2,2.55,0.47,LOSS,LOSS,match,0,0,,,,both-null,0,,,,,,both-null,,,0.251502,0.251502,0.129456,match-away-base,,,both-null,1784992359459
2251246,2026-07-04,MIN@NYY 2026-07-04,823526,6,4,10,6-4,,,39.62,44.86,46.89,2.3,2.51,0.36,LOSS,LOSS,match,0,0,,,,both-null,0,,,,,,both-null,,,0.364574,0.364574,0.201242,match-away-base,,,both-null,1784992359459
2251247,2026-07-04,DET@TEX 2026-07-04,822882,3,0,3,3-0,,,40.96,42.18,49.27,2.03,2.07,0.38,LOSS,LOSS,match,0,0,,,,both-null,0,,,,,,both-null,,,0.348572,0.348572,0.177915,match-away-base,,,both-null,1784992359459
2251248,2026-07-04,TOR@SEA 2026-07-04,823118,0,7,7,0-7,,,41.04,40.75,50.18,1.79,1.78,0.37,WIN,WIN,match,1,1,,,,both-null,0,,,,,,both-null,,,0.168428,0.168428,0.351056,match-away-base,,,both-null,1784992359459
2251249,2026-07-04,BAL@CIN 2026-07-04,824499,8,4,12,8-4,,,39.65,43.7,47.57,2.04,2.19,0.34,LOSS,LOSS,match,0,0,,,,both-null,0,,,,,,both-null,,,0.364212,0.364212,0.190969,match-away-base,,,both-null,1784992359459
2251250,2026-07-04,TB@HOU 2026-07-04,824171,7,5,12,7-5,,,44.57,38.42,53.71,2.13,1.91,0.44,LOSS,LOSS,match,0,0,,,,both-null,0,,,,,,both-null,,,0.307248,0.307248,0.14761,match-away-base,,,both-null,1784992359459
2251251,2026-07-04,CWS@CLE 2026-07-04,824415,1,1,2,1-1,,,39.53,43.2,47.78,1.89,2.02,0.42,PUSH,PUSH,match,,,,,,both-null,0,,,,,,both-null,,,,,,both-null,,,both-null,1784992359459
2251252,2026-07-04,STL@CHC 2026-07-04,824658,2,0,2,2-0,,,38.14,46.39,45.12,2.23,2.56,0.47,LOSS,LOSS,match,0,0,,,,both-null,0,,,,,,both-null,,,0.382666,0.382666,0.215203,match-away-base,,,both-null,1784992359459
2251253,2026-07-04,NYM@ATL 2026-07-04,824903,1,6,7,1-6,,,40.24,42.98,48.35,2.03,2.13,0.39,WIN,WIN,match,1,1,,,,both-null,0,,,,,,both-null,,,0.161926,0.161926,0.325128,match-away-base,,,both-null,1784992359459
2251254,2026-07-04,SF@COL 2026-07-04,824334,6,3,9,6-3,,,49.56,36.26,57.75,3.16,2.55,0.36,LOSS,LOSS,match,0,0,,,,both-null,0,,,,,,both-null,,,0.254419,0.254419,0.131479,match-away-base,,,both-null,1784992359459
2251255,2026-07-04,PHI@KC 2026-07-04,824092,3,1,4,3-1,,,43.31,40.55,51.65,2.26,2.16,0.37,LOSS,LOSS,match,0,0,,,,both-null,0,,,,,,both-null,,,0.321376,0.321376,0.16443,match-away-base,,,both-null,1784992359459
2251256,2026-07-04,BOS@LAA 2026-07-04,824012,7,1,8,7-1,,,48.44,35.92,57.42,2.58,2.09,0.46,LOSS,LOSS,match,0,0,,,,both-null,0,,,,,,both-null,,,0.265843,0.265843,0.129025,match-away-base,,,both-null,1784992359459
2251257,2026-07-04,MIA@ATH 2026-07-04,824983,4,0,4,4-0,,,49.52,36.66,57.46,3.39,2.76,0.46,LOSS,LOSS,match,0,0,,,,both-null,0,,,,,,both-null,,,0.254823,0.254823,0.134396,match-away-base,,,both-null,1784992359459
2251258,2026-07-04,SD@LAD 2026-07-04,823932,0,1,1,0-1,,,31.91,53.14,37.52,2.09,2.99,0.51,WIN,WIN,match,1,1,,,,both-null,0,,,,,,both-null,,,0.101825,0.101825,0.219586,match-away-base,,,both-null,1784992359459
2253614,2026-07-04,MIL@ARI 2026-07-04,825063,2,3,5,2-3,,,55.57,29.39,65.4,3,1.91,0.43,LOSS,LOSS,match,0,0,,,,both-null,0,,,,,,both-null,,,0.308802,0.308802,0.498577,match-away-base,,,both-null,1784992359459
2251259,2026-07-05,NYM@ATL 2026-07-05,824902,5,3,8,5-3,,,43.37,39.74,52.18,2.09,1.96,0.37,LOSS,LOSS,match,0,0,,,,both-null,0,,,,,,both-null,,,0.320696,0.320696,0.157927,match-away-base,,,both-null,1784992359459
2251260,2026-07-05,BAL@CIN 2026-07-05,824497,0,2,2,0-2,,,46.34,38,54.94,2.51,2.18,0.34,WIN,WIN,match,1,1,,,,both-null,0,,,,,,both-null,,,0.21474,0.21474,0.3844,match-away-base,,,both-null,1784992359459
2251261,2026-07-05,PIT@WSH 2026-07-05,822715,4,4,8,4-4,,,44.24,41.56,51.56,2.97,2.84,0.47,PUSH,PUSH,match,,,,,,both-null,0,,,,,,both-null,,,,,,both-null,,,both-null,1784992359459
2251262,2026-07-05,MIN@NYY 2026-07-05,823525,4,0,4,4-0,,,40.89,43.56,48.42,2.33,2.44,0.47,LOSS,LOSS,match,0,0,,,,both-null,0,,,,,,both-null,,,0.349399,0.349399,0.189747,match-away-base,,,both-null,1784992359459
2251263,2026-07-05,CWS@CLE 2026-07-05,824413,6,6,12,6-6,,,35.91,47.47,43.07,1.87,2.3,0.39,PUSH,PUSH,match,,,,,,both-null,0,,,,,,both-null,,,,,,both-null,,,both-null,1784992359459
2251264,2026-07-05,STL@CHC 2026-07-05,824656,0,2,2,0-2,,,36.04,48.6,42.58,2.16,2.68,0.48,WIN,WIN,match,1,1,,,,both-null,0,,,,,,both-null,,,0.129888,0.129888,0.264196,match-away-base,,,both-null,1784992359459
2251265,2026-07-05,PHI@KC 2026-07-05,824091,1,3,4,1-3,,,42.63,42.32,50.18,2.57,2.56,0.39,WIN,WIN,match,1,1,,,,both-null,0,,,,,,both-null,,,0.181732,0.181732,0.332698,match-away-base,,,both-null,1784992359459
2251266,2026-07-05,TB@HOU 2026-07-05,824172,0,1,1,0-1,,,37.74,46.67,44.71,2.2,2.56,0.41,WIN,WIN,match,1,1,,,,both-null,0,,,,,,both-null,,,0.142431,0.142431,0.284409,match-away-base,,,both-null,1784992359459
2251267,2026-07-05,DET@TEX 2026-07-05,822879,6,2,8,6-2,,,46.27,35.95,56.27,2.02,1.67,0.39,LOSS,LOSS,match,0,0,,,,both-null,0,,,,,,both-null,,,0.288691,0.288691,0.12924,match-away-base,,,both-null,1784992359459
2251268,2026-07-05,SF@COL 2026-07-05,824333,5,4,9,5-4,,,45.51,41.27,52.44,3.55,3.33,0.43,LOSS,LOSS,match,0,0,,,,both-null,0,,,,,,both-null,,,0.296916,0.296916,0.170321,match-away-base,,,both-null,1784992359459
2251269,2026-07-05,MIA@ATH 2026-07-05,824980,6,0,6,6-0,,,41.15,43.88,48.4,2.52,2.64,0.4,LOSS,LOSS,match,0,0,,,,both-null,0,,,,,,both-null,,,0.346332,0.346332,0.192545,match-away-base,,,both-null,1784992359459
2251270,2026-07-05,TOR@SEA 2026-07-05,823117,0,3,3,0-3,,,42,39.51,51.53,1.77,1.69,0.36,WIN,WIN,match,1,1,,,,both-null,0,,,,,,both-null,,,0.1764,0.1764,0.365904,match-away-base,,,both-null,1784992359459
2251271,2026-07-05,SD@LAD 2026-07-05,823931,1,0,1,1-0,,,34.66,50.67,40.61,2.3,3,0.42,LOSS,LOSS,match,0,0,,,,both-null,0,,,,,,both-null,,,0.426932,0.426932,0.256745,match-away-base,,,both-null,1784992359459
2251272,2026-07-05,BOS@LAA 2026-07-05,824010,5,3,8,5-3,,,47.91,36.26,56.92,2.55,2.09,0.45,LOSS,LOSS,match,0,0,,,,both-null,0,,,,,,both-null,,,0.271337,0.271337,0.131479,match-away-base,,,both-null,1784992359459
2253626,2026-07-05,MIL@ARI 2026-07-05,825061,0,1,1,0-1,,,45.08,39.47,53.32,2.56,2.33,0.42,WIN,WIN,match,1,1,,,,both-null,0,,,,,,both-null,,,0.203221,0.203221,0.366388,match-away-base,,,both-null,1784992359459
2251273,2026-07-06,PHI@KC 2026-07-06,824089,1,10,11,1-10,,,45.31,39.08,53.69,2.51,2.26,0.47,WIN,WIN,match,1,1,,,,both-null,0,,,,,,both-null,,,0.2053,0.2053,0.371125,match-away-base,,,both-null,1784992359459
2251274,2026-07-06,NYY@TB 2026-07-06,822958,3,1,4,3-1,,,45.82,37.93,54.71,2.34,2.04,0.49,LOSS,LOSS,match,0,0,,,,both-null,0,,,,,,both-null,,,0.293547,0.293547,0.143868,match-away-base,,,both-null,1784992359459
2251275,2026-07-06,HOU@WSH 2026-07-06,822712,6,12,18,6-12,,,41.64,44.39,48.41,2.96,3.1,0.5,WIN,WIN,match,1,1,,,,both-null,0,,,,,,both-null,,,0.173389,0.173389,0.309247,match-away-base,,,both-null,1784992359459
2251276,2026-07-06,NYM@ATL 2026-07-06,824900,1,3,4,1-3,,,38.77,45.33,46.1,2.17,2.42,0.39,WIN,WIN,match,1,1,,,,both-null,0,,,,,,both-null,,,0.150311,0.150311,0.298881,match-away-base,,,both-null,1784992359459
2251277,2026-07-06,MIL@STL 2026-07-06,823036,0,2,2,0-2,,,44.36,39.25,53.05,2.27,2.08,0.41,WIN,WIN,match,1,1,,,,both-null,0,,,,,,both-null,,,0.196781,0.196781,0.369056,match-away-base,,,both-null,1784992359459
2251278,2026-07-06,TOR@SF 2026-07-06,823205,0,3,3,0-3,,,41.14,42.31,49.3,2.11,2.15,0.4,WIN,WIN,match,1,1,,,,both-null,0,,,,,,both-null,,,0.16925,0.16925,0.332814,match-away-base,,,both-null,1784992359459
2251279,2026-07-06,COL@LAD 2026-07-06,823930,2,6,8,2-6,,,36.16,48.92,42.5,2.31,2.86,0.35,WIN,WIN,match,1,1,,,,both-null,0,,,,,,both-null,,,0.130755,0.130755,0.260917,match-away-base,,,both-null,1784992359459
2253636,2026-07-06,ARI@SD 2026-07-06,823282,7,0,7,7-0,,,40.96,42.2,49.26,2.03,2.07,0.38,LOSS,LOSS,match,0,0,,,,both-null,0,,,,,,both-null,,,0.348572,0.348572,0.178084,match-away-base,,,both-null,1784992359459
2250506,2026-07-07,MIL@STL 2026-07-07 G1,823062,2,3,5,2-3,0.5,4.5,47.93,36.4,56.84,2.58,2.11,0.53,WIN,WIN,match,1,1,LOSS,LOSS,LOSS,match-both-conv,0,0,0,0,OVER,OVER,match,1,1,0.229728,0.229728,0.404496,match-away-base,0.2209,0.2209,match,1784992359459
2251280,2026-07-07,CHC@BAL 2026-07-07,824820,3,0,3,3-0,,,42.83,42.02,50.48,2.54,2.52,0.39,LOSS,LOSS,match,0,0,,,,both-null,0,,,,,,both-null,,,0.326841,0.326841,0.176568,match-away-base,,,both-null,1784992359459
2251281,2026-07-07,ATH@DET 2026-07-07,824254,1,2,3,1-2,,,38.83,44.48,46.61,1.99,2.19,0.39,WIN,WIN,match,1,1,,,,both-null,0,,,,,,both-null,,,0.150777,0.150777,0.308247,match-away-base,,,both-null,1784992359459
2251282,2026-07-07,ATL@PIT 2026-07-07,823361,2,7,9,2-7,,,42.57,41.65,50.55,2.35,2.31,0.52,WIN,WIN,match,1,1,,,,both-null,0,,,,,,both-null,,,0.18122,0.18122,0.340472,match-away-base,,,both-null,1784992359459
2251283,2026-07-07,SEA@MIA 2026-07-07,823847,2,4,6,2-4,,,40.15,42.85,48.37,1.98,2.08,0.37,WIN,WIN,match,1,1,,,,both-null,0,,,,,,both-null,,,0.161202,0.161202,0.326612,match-away-base,,,both-null,1784992359459
2251284,2026-07-07,NYY@TB 2026-07-07,822956,3,6,9,3-6,,,37.87,46,45.15,2.09,2.4,0.5,WIN,WIN,match,1,1,,,,both-null,0,,,,,,both-null,,,0.143414,0.143414,0.2916,match-away-base,,,both-null,1784992359459
2251285,2026-07-07,HOU@WSH 2026-07-07,822713,4,2,6,4-2,,,38.91,46.95,45.32,2.74,3.11,0.48,LOSS,LOSS,match,0,0,,,,both-null,0,,,,,,both-null,,,0.373199,0.373199,0.22043,match-away-base,,,both-null,1784992359459
2251286,2026-07-07,KC@NYM 2026-07-07,823607,9,9,18,9-9,,,48,37.34,56.24,2.9,2.43,0.54,PUSH,PUSH,match,,,,,,both-null,0,,,,,,both-null,,,,,,both-null,,,both-null,1784992359459
2251287,2026-07-07,PHI@CIN 2026-07-07,824495,3,0,3,3-0,,,47.99,35.66,57.37,2.39,1.93,0.41,LOSS,LOSS,match,0,0,,,,both-null,0,,,,,,both-null,,,0.270504,0.270504,0.127164,match-away-base,,,both-null,1784992359459
2251288,2026-07-07,CLE@MIN 2026-07-07,823687,1,2,3,1-2,,,42.79,41.61,50.7,2.4,2.36,0.47,WIN,WIN,match,1,1,,,,both-null,0,,,,,,both-null,,,0.183098,0.183098,0.340939,match-away-base,,,both-null,1784992359459
2251289,2026-07-07,BOS@CWS 2026-07-07,824579,4,0,4,4-0,,,45.74,38.21,54.49,2.4,2.11,0.43,LOSS,LOSS,match,0,0,,,,both-null,0,,,,,,both-null,,,0.294415,0.294415,0.146,match-away-base,,,both-null,1784992359459
2251290,2026-07-07,MIL@STL 2026-07-07 G2,823035,2,3,3,3-0,,,49.17,34.05,59.09,2.33,1.77,0.45,WIN,WIN,match,1,1,,,,both-null,0,,,,,,both-null,,,0.241769,0.241769,0.43494,match-away-base,,,both-null,1784992359459
2251291,2026-07-07,LAA@TEX 2026-07-07,822881,2,2,4,2-2,,,37.23,45.06,45.24,1.73,1.99,0.39,PUSH,PUSH,match,,,,,,both-null,0,,,,,,both-null,,,,,,both-null,,,both-null,1784992359459
2251292,2026-07-07,TOR@SF 2026-07-07,823203,8,3,11,8-3,,,43.75,38.8,52.99,2.02,1.85,0.42,LOSS,LOSS,match,0,0,,,,both-null,0,,,,,,both-null,,,0.316406,0.316406,0.150544,match-away-base,,,both-null,1784992359459
2251293,2026-07-07,COL@LAD 2026-07-07,823929,0,2,2,0-2,,,29.6,55.51,34.78,1.95,3.05,0.44,WIN,WIN,match,1,1,,,,both-null,0,,,,,,both-null,,,0.087616,0.087616,0.197936,match-away-base,,,both-null,1784992359459
2253651,2026-07-07,ARI@SD 2026-07-07,823280,1,4,5,1-4,,,37.48,45.96,44.92,1.97,2.28,0.34,WIN,WIN,match,1,1,,,,both-null,0,,,,,,both-null,,,0.140475,0.140475,0.292032,match-away-base,,,both-null,1784992359459
2251294,2026-07-08,TOR@SF 2026-07-08,823202,5,0,5,5-0,,,42.96,39.5,52.1,1.96,1.84,0.41,LOSS,LOSS,match,0,0,,,,both-null,0,,,,,,both-null,,,0.325356,0.325356,0.156025,match-away-base,,,both-null,1784992359459
2251295,2026-07-08,CHC@BAL 2026-07-08,824815,4,3,7,4-3,,,37.88,46.8,44.73,2.27,2.63,0.43,LOSS,LOSS,match,0,0,,,,both-null,0,,,,,,both-null,,,0.385889,0.385889,0.219024,match-away-base,,,both-null,1784992359459
2251296,2026-07-08,ATH@DET 2026-07-08,824253,1,6,7,1-6,,,31.44,52.18,37.6,1.73,2.5,0.28,WIN,WIN,match,1,1,,,,both-null,0,,,,,,both-null,,,0.098847,0.098847,0.228675,match-away-base,,,both-null,1784992359459
2251297,2026-07-08,ATL@PIT 2026-07-08,823360,0,0,0,0-0,,,42.48,42.92,49.75,2.7,2.72,0.43,PUSH,PUSH,match,,,,,,both-null,0,,,,,,both-null,,,,,,both-null,,,both-null,1784992359459
2251298,2026-07-08,SEA@MIA 2026-07-08,823848,0,2,2,0-2,,,42.41,41.72,50.41,2.32,2.3,0.45,WIN,WIN,match,1,1,,,,both-null,0,,,,,,both-null,,,0.179861,0.179861,0.339656,match-away-base,,,both-null,1784992359459
2251299,2026-07-08,NYY@TB 2026-07-08,822957,0,2,2,0-2,,,40.89,43.25,48.6,2.25,2.35,0.51,WIN,WIN,match,1,1,,,,both-null,0,,,,,,both-null,,,0.167199,0.167199,0.322056,match-away-base,,,both-null,1784992359459
2251300,2026-07-08,HOU@WSH 2026-07-08,822710,1,8,9,1-8,,,39.03,46.14,45.82,2.47,2.78,0.41,WIN,WIN,match,1,1,,,,both-null,0,,,,,,both-null,,,0.152334,0.152334,0.29009,match-away-base,,,both-null,1784992359459
2251301,2026-07-08,KC@NYM 2026-07-08,823605,0,1,1,0-1,,,40.4,44.19,47.76,2.36,2.51,0.42,WIN,WIN,match,1,1,,,,both-null,0,,,,,,both-null,,,0.163216,0.163216,0.311476,match-away-base,,,both-null,1784992359459
2251302,2026-07-08,PHI@CIN 2026-07-08,824496,3,7,10,3-7,,,41.79,42.12,49.81,2.24,2.26,0.32,WIN,WIN,match,1,1,,,,both-null,0,,,,,,both-null,,,0.17464,0.17464,0.335009,match-away-base,,,both-null,1784992359459
2251303,2026-07-08,CLE@MIN 2026-07-08,823684,3,3,6,3-3,,,39.97,44.86,47.12,2.44,2.65,0.51,PUSH,PUSH,match,,,,,,both-null,0,,,,,,both-null,,,,,,both-null,,,both-null,1784992359459
2251304,2026-07-08,BOS@CWS 2026-07-08,824578,5,0,5,5-0,,,44.6,38.74,53.52,2.21,1.99,0.39,LOSS,LOSS,match,0,0,,,,both-null,0,,,,,,both-null,,,0.306916,0.306916,0.150079,match-away-base,,,both-null,1784992359459
2251305,2026-07-08,MIL@STL 2026-07-08,823032,0,3,3,0-3,,,42.73,40.58,51.29,2.12,2.05,0.39,WIN,WIN,match,1,1,,,,both-null,0,,,,,,both-null,,,0.182585,0.182585,0.353074,match-away-base,,,both-null,1784992359459
2251306,2026-07-08,LAA@TEX 2026-07-08,822880,7,0,7,7-0,,,42.65,39.74,51.76,1.94,1.83,0.4,LOSS,LOSS,match,0,0,,,,both-null,0,,,,,,both-null,,,0.328902,0.328902,0.157927,match-away-base,,,both-null,1784992359459
2251307,2026-07-08,COL@LAD 2026-07-08,823928,3,3,6,3-3,,,42.4,42.75,49.8,2.62,2.64,0.41,PUSH,PUSH,match,,,,,,both-null,0,,,,,,both-null,,,,,,both-null,,,both-null,1784992359459
2253668,2026-07-08,ARI@SD 2026-07-08,823279,1,4,5,1-4,,,36.18,46.81,43.59,1.81,2.19,0.37,WIN,WIN,match,1,1,,,,both-null,0,,,,,,both-null,,,0.130899,0.130899,0.282918,match-away-base,,,both-null,1784992359459
2251308,2026-07-09,ATL@PIT 2026-07-09,823359,6,4,10,6-4,,,41.77,43.35,49.07,2.6,2.67,0.47,LOSS,LOSS,match,0,0,,,,both-null,0,,,,,,both-null,,,0.339073,0.339073,0.187922,match-away-base,,,both-null,1784992359459
2251309,2026-07-09,KC@NYM 2026-07-09,823606,2,6,8,2-6,,,42.86,41.33,50.91,2.36,2.29,0.39,WIN,WIN,match,1,1,,,,both-null,0,,,,,,both-null,,,0.183698,0.183698,0.344217,match-away-base,,,both-null,1784992359459
2251310,2026-07-09,NYY@TB 2026-07-09,822954,7,3,10,7-3,,,40.93,42.23,49.22,2.02,2.07,0.45,LOSS,LOSS,match,0,0,,,,both-null,0,,,,,,both-null,,,0.348926,0.348926,0.178337,match-away-base,,,both-null,1784992359459
2251311,2026-07-09,CLE@MIN 2026-07-09,823683,1,1,2,1-1,,,40.93,43.79,48.32,2.44,2.56,0.5,PUSH,PUSH,match,,,,,,both-null,0,,,,,,both-null,,,,,,both-null,,,both-null,1784992359459
2251312,2026-07-09,BOS@CWS 2026-07-09,824577,2,1,3,2-1,,,44.3,39.93,52.6,2.43,2.26,0.4,LOSS,LOSS,match,0,0,,,,both-null,0,,,,,,both-null,,,0.310249,0.310249,0.15944,match-away-base,,,both-null,1784992359459
2251313,2026-07-09,CHC@BAL 2026-07-09,824816,0,1,1,0-1,,,35.09,50.51,40.99,2.43,3.12,0.44,WIN,WIN,match,1,1,,,,both-null,0,,,,,,both-null,,,0.123131,0.123131,0.244926,match-away-base,,,both-null,1784992359459
2251314,2026-07-09,ATH@DET 2026-07-09,824251,1,3,4,1-3,,,42.23,42.19,50.03,2.39,2.39,0.41,WIN,WIN,match,1,1,,,,both-null,0,,,,,,both-null,,,0.178337,0.178337,0.3342,match-away-base,,,both-null,1784992359459
2251315,2026-07-09,SEA@MIA 2026-07-09,823846,2,6,8,2-6,,,49.34,33.81,59.34,2.32,1.76,0.38,WIN,WIN,match,1,1,,,,both-null,0,,,,,,both-null,,,0.243444,0.243444,0.438112,match-away-base,,,both-null,1784992359459
2251316,2026-07-09,PHI@CIN 2026-07-09,824494,0,0,0,0-0,,,46.41,38.12,54.9,2.58,2.24,0.36,PUSH,PUSH,match,,,,,,both-null,0,,,,,,both-null,,,,,,both-null,,,both-null,1784992359459
2251317,2026-07-09,MIL@STL 2026-07-09,823034,6,1,7,6-1,,,46.08,36.99,55.47,2.19,1.87,0.37,LOSS,LOSS,match,0,0,,,,both-null,0,,,,,,both-null,,,0.290737,0.290737,0.136826,match-away-base,,,both-null,1784992359459
2251318,2026-07-09,LAA@TEX 2026-07-09,822877,1,5,6,1-5,,,42.53,39.75,51.69,1.91,1.82,0.4,WIN,WIN,match,1,1,,,,both-null,0,,,,,,both-null,,,0.18088,0.18088,0.363006,match-away-base,,,both-null,1784992359459
2251319,2026-07-09,COL@SF 2026-07-09,823201,2,4,6,2-4,,,42.5,41.23,50.76,2.22,2.18,0.42,WIN,WIN,match,1,1,,,,both-null,0,,,,,,both-null,,,0.180625,0.180625,0.345391,match-away-base,,,both-null,1784992359459
2253680,2026-07-09,ARI@SD 2026-07-09,823277,2,1,3,2-1,,,40.16,43.63,47.93,2.15,2.28,0.37,LOSS,LOSS,match,0,0,,,,both-null,0,,,,,,both-null,,,0.358083,0.358083,0.190358,match-away-base,,,both-null,1784992359459
2251320,2026-07-10,PHI@DET 2026-07-10,824252,2,2,4,2-2,0.5,4.5,40.1,44.1,47.62,2.24,2.4,0.39,PUSH,PUSH,match,,,LOSS,LOSS,WIN,match-prob-conv,1,0,0,1,UNDER,UNDER,match,1,1,,,,both-null,0.1521,0.1521,match,1784992359459
2251322,2026-07-10,NYY@WSH 2026-07-10,822709,2,1,3,2-1,-0.5,5.5,46.45,39.75,53.89,3.21,2.9,0.51,LOSS,LOSS,match,0,0,WIN,WIN,LOSS,match-prob-conv,1,1,1,0,UNDER,UNDER,match,0,0,0.28676,0.28676,0.158006,match-away-base,0.2601,0.2601,match,1784992359459
2251323,2026-07-10,KC@BAL 2026-07-10,824817,2,3,5,2-3,2.5,5.5,38.93,46.02,45.83,2.43,2.73,0.35,WIN,WIN,match,1,1,LOSS,LOSS,WIN,match-prob-conv,1,0,0,1,UNDER,UNDER,match,1,1,0.151554,0.151554,0.291384,match-away-base,0.1225,0.1225,match,1784992359459
2251324,2026-07-10,CHC@CIN 2026-07-10,824493,0,1,1,0-1,0.5,4.5,38.76,44.92,46.32,2.07,2.3,0.3,WIN,WIN,match,1,1,WIN,WIN,LOSS,match-prob-conv,1,1,1,0,UNDER,UNDER,match,1,1,0.150234,0.150234,0.303381,match-away-base,0.09,0.09,match,1784992359459
2251325,2026-07-10,BOS@NYM 2026-07-10,823604,2,1,3,2-1,0.5,4.5,40.74,42.61,48.88,2.07,2.13,0.46,LOSS,LOSS,match,0,0,LOSS,LOSS,WIN,match-prob-conv,1,0,0,1,UNDER,UNDER,match,1,1,0.351175,0.351175,0.181561,match-away-base,0.2116,0.2116,match,1784992359459
2251326,2026-07-10,SEA@TB 2026-07-10,822955,1,4,5,1-4,0.5,4.5,39.5,44.2,47.19,2.1,2.27,0.42,WIN,WIN,match,1,1,WIN,WIN,LOSS,match-prob-conv,1,1,1,0,OVER,OVER,match,0,0,0.156025,0.156025,0.311364,match-away-base,0.3364,0.3364,match,1784992359459
2251327,2026-07-10,CLE@MIA 2026-07-10,823845,3,0,3,3-0,0.5,3.5,42.8,40.09,51.64,2.04,1.95,0.43,LOSS,LOSS,match,0,0,WIN,WIN,WIN,match-both-conv,0,1,1,1,UNDER,UNDER,match,1,1,0.327184,0.327184,0.160721,match-away-base,0.1849,0.1849,match,1784992359459
2251328,2026-07-10,ATH@CWS 2026-07-10,824575,0,4,4,0-4,0.5,4.5,36.46,48.21,43.06,2.18,2.67,0.42,WIN,WIN,match,1,1,WIN,WIN,LOSS,match-prob-conv,1,1,1,0,UNDER,UNDER,match,1,1,0.132933,0.132933,0.26822,match-away-base,0.1764,0.1764,match,1784992359459
2251329,2026-07-10,HOU@TEX 2026-07-10,822878,0,3,3,0-3,-0.5,4.5,40.01,42.12,48.71,1.81,1.88,0.32,WIN,WIN,match,1,1,WIN,WIN,WIN,match-both-conv,0,1,1,1,UNDER,UNDER,match,1,1,0.16008,0.16008,0.335009,match-away-base,0.1024,0.1024,match,1784992359459
2251330,2026-07-10,LAA@MIN 2026-07-10,823685,4,1,5,4-1,0.5,5.5,40.8,43.8,48.23,2.41,2.53,0.37,LOSS,LOSS,match,0,0,LOSS,LOSS,WIN,match-prob-conv,1,0,0,1,UNDER,UNDER,match,1,1,0.350464,0.350464,0.191844,match-away-base,0.1369,0.1369,match,1784992359459
2251331,2026-07-10,ATL@STL 2026-07-10,823033,1,0,1,1-0,-0.5,4.5,44.23,39.49,52.83,2.28,2.09,0.42,LOSS,LOSS,match,0,0,WIN,WIN,LOSS,match-prob-conv,1,1,1,0,UNDER,UNDER,match,1,1,0.311029,0.311029,0.155946,match-away-base,0.1764,0.1764,match,1784992359459
2251332,2026-07-10,TOR@SD 2026-07-10,823278,5,2,7,5-2,0.5,4.5,33.07,51.23,39.23,1.94,2.65,0.44,LOSS,LOSS,match,0,0,LOSS,LOSS,LOSS,match-both-conv,0,0,0,0,OVER,OVER,match,0,0,0.447962,0.447962,0.262451,match-away-base,0.3136,0.3136,match,1784992359459
2251333,2026-07-10,COL@SF 2026-07-10,823200,1,1,2,1-1,0.5,4.5,32.35,51.86,38.42,1.89,2.65,0.44,PUSH,PUSH,match,,,LOSS,LOSS,LOSS,match-both-conv,0,0,0,0,UNDER,UNDER,match,1,1,,,,both-null,0.1936,0.1936,match,1784992359459
2253695,2026-07-10,ARI@LAD 2026-07-10,823927,6,2,8,6-2,0.5,5.5,34.23,49.6,40.83,1.9,2.49,0.42,LOSS,LOSS,match,0,0,LOSS,LOSS,LOSS,match-both-conv,0,0,0,0,OVER,OVER,match,0,0,0.432569,0.432569,0.246016,match-away-base,0.3364,0.3364,match,1784992359459
2251321,2026-07-11,MIL@PIT 2026-07-11 G1,823357,5,3,8,5-3,0.5,4.5,40.01,44.7,47.23,2.39,2.58,0.49,LOSS,LOSS,match,0,0,LOSS,LOSS,WIN,match-prob-conv,1,0,0,1,OVER,OVER,match,0,0,0.35988,0.35988,0.199809,match-away-base,0.2601,0.2601,match,1784992359459
2251334,2026-07-11,LAA@MIN 2026-07-11,823682,2,3,5,2-3,0.5,4.5,33.38,51.94,39.13,2.21,3.02,0.52,WIN,WIN,match,1,1,WIN,WIN,WIN,match-both-conv,0,1,1,1,OVER,OVER,match,1,1,0.111422,0.111422,0.230976,match-away-base,0.2304,0.2304,match,1784992359459
2251335,2026-07-11,COL@SF 2026-07-11,823198,1,1,2,1-1,0.5,4.5,41.23,43.44,48.7,2.42,2.51,0.49,PUSH,PUSH,match,,,LOSS,LOSS,WIN,match-prob-conv,1,0,0,1,UNDER,UNDER,match,1,1,,,,both-null,0.2401,0.2401,match,1784992359459
2251336,2026-07-11,NYY@WSH 2026-07-11,822711,0,2,2,0-2,-0.5,4.5,51.83,33.68,60.61,3.15,2.34,0.5,LOSS,LOSS,match,0,0,LOSS,LOSS,LOSS,match-both-conv,0,0,0,0,UNDER,UNDER,match,1,1,0.268635,0.268635,0.439834,match-away-base,0.25,0.25,match,1784992359459
2251337,2026-07-11,MIL@PIT 2026-07-11 G2,823356,2,2,4,2-2,0.5,4.5,47.45,37.4,55.92,2.71,2.29,0.5,PUSH,PUSH,match,,,WIN,WIN,WIN,match-both-conv,0,1,1,1,UNDER,UNDER,match,1,1,,,,both-null,0.25,0.25,match,1784992359459
2251338,2026-07-11,BOS@NYM 2026-07-11,823603,2,0,2,2-0,0.5,4.5,36.23,49.42,42.3,2.49,3.09,0.57,LOSS,LOSS,match,0,0,LOSS,LOSS,LOSS,match-both-conv,0,0,0,0,UNDER,UNDER,match,0,0,0.406661,0.406661,0.244234,match-away-base,0.3249,0.3249,match,1784992359459
2251339,2026-07-11,SEA@TB 2026-07-11,822953,1,2,3,1-2,0.5,3.5,45.38,37.93,54.47,2.21,1.94,0.46,WIN,WIN,match,1,1,LOSS,LOSS,LOSS,match-both-conv,0,0,0,0,UNDER,UNDER,match,1,1,0.205934,0.205934,0.385268,match-away-base,0.2116,0.2116,match,1784992359459
2251340,2026-07-11,ATH@CWS 2026-07-11,824576,0,0,0,0-0,0.5,4.5,44.27,40.07,52.49,2.45,2.27,0.46,PUSH,PUSH,match,,,WIN,WIN,WIN,match-both-conv,0,1,1,1,UNDER,UNDER,match,1,1,,,,both-null,0.2116,0.2116,match,1784992359459
2251341,2026-07-11,CLE@MIA 2026-07-11,823844,2,0,2,2-0,0.5,4.5,37.64,45.08,45.5,1.82,2.09,0.35,LOSS,LOSS,match,0,0,LOSS,LOSS,WIN,match-prob-conv,1,0,0,1,UNDER,UNDER,match,1,1,0.388877,0.388877,0.203221,match-away-base,0.1225,0.1225,match,1784992359459
2251342,2026-07-11,PHI@DET 2026-07-11,824249,4,1,5,4-1,-4.5,3.5,37.79,45.28,45.49,1.91,2.18,0.45,LOSS,LOSS,match,0,0,WIN,WIN,WIN,match-both-conv,0,1,1,1,OVER,OVER,match,0,0,0.387008,0.387008,0.205028,match-away-base,0.3025,0.3025,match,1784992359459
2251343,2026-07-11,KC@BAL 2026-07-11,824813,0,4,4,0-4,1.5,4.5,37.46,47.58,44.05,2.36,2.8,0.46,WIN,WIN,match,1,1,WIN,WIN,LOSS,match-prob-conv,1,1,1,0,UNDER,UNDER,match,1,1,0.140325,0.140325,0.274786,match-away-base,0.2116,0.2116,match,1784992359459
2251344,2026-07-11,HOU@TEX 2026-07-11,822875,7,1,8,7-1,-5.5,8.5,46.55,36.24,56.23,2.15,1.79,0.3,LOSS,LOSS,match,0,0,WIN,WIN,LOSS,match-prob-conv,1,1,1,0,UNDER,UNDER,match,1,1,0.28569,0.28569,0.131334,match-away-base,0.09,0.09,match,1784992359459
2251345,2026-07-11,CHC@CIN 2026-07-11,824492,1,2,3,1-2,1.5,3.5,51.62,33.22,60.85,2.84,2.07,0.37,LOSS,LOSS,match,0,0,WIN,WIN,WIN,match-both-conv,0,1,1,1,UNDER,UNDER,match,1,1,0.266462,0.266462,0.445957,match-away-base,0.1369,0.1369,match,1784992359459
2251346,2026-07-11,ATL@STL 2026-07-11,823030,0,4,4,0-4,3.5,5.5,43.25,40.46,51.66,2.25,2.14,0.36,WIN,WIN,match,1,1,LOSS,LOSS,LOSS,match-both-conv,0,0,0,0,UNDER,UNDER,match,1,1,0.187056,0.187056,0.354501,match-away-base,0.1296,0.1296,match,1784992359459
2251347,2026-07-11,TOR@SD 2026-07-11,823276,4,7,11,4-7,-0.5,4.5,47.33,35.25,57.31,2.11,1.69,0.34,WIN,WIN,match,1,1,LOSS,LOSS,WIN,match-prob-conv,1,0,0,1,OVER,OVER,match,0,0,0.224013,0.224013,0.419256,match-away-base,0.4356,0.4356,match,1784992359459
2253711,2026-07-11,ARI@LAD 2026-07-11,823926,1,0,1,1-0,1.5,4.5,35.43,48.8,42.06,2.06,2.59,0.39,LOSS,LOSS,match,0,0,LOSS,LOSS,WIN,match-prob-conv,1,0,0,1,UNDER,UNDER,match,1,1,0.416928,0.416928,0.238144,match-away-base,0.1521,0.1521,match,1784992359459
2251348,2026-07-12,MIL@PIT 2026-07-12,823358,2,14,16,2-14,0.5,4.5,46.23,37.87,54.97,2.44,2.11,0.51,WIN,WIN,match,1,1,LOSS,LOSS,LOSS,match-both-conv,0,0,0,0,OVER,OVER,match,1,1,0.213721,0.213721,0.386014,match-away-base,0.2401,0.2401,match,1784992359459
2251349,2026-07-12,KC@BAL 2026-07-12,824814,2,2,4,2-2,0.5,5.5,39.12,45.87,46.03,2.44,2.72,0.4,PUSH,PUSH,match,,,LOSS,LOSS,WIN,match-prob-conv,1,0,0,1,UNDER,UNDER,match,1,1,,,,both-null,0.16,0.16,match,1784992359459
2251350,2026-07-12,NYY@WSH 2026-07-12,822708,2,1,3,2-1,0.5,4.5,43.11,42.77,50.2,2.97,2.95,0.6,LOSS,LOSS,match,0,0,WIN,WIN,WIN,match-both-conv,0,1,1,1,UNDER,UNDER,match,0,0,0.323647,0.323647,0.182927,match-away-base,0.36,0.36,match,1784992359459
2251351,2026-07-12,CHC@CIN 2026-07-12,824491,4,4,8,4-4,-0.5,4.5,44.38,40.45,52.32,2.61,2.45,0.39,PUSH,PUSH,match,,,LOSS,LOSS,WIN,match-prob-conv,1,0,0,1,OVER,OVER,match,0,0,,,,both-null,0.3721,0.3721,match,1784992359459
2251352,2026-07-12,BOS@NYM 2026-07-12,823602,0,1,1,0-1,-0.5,4.5,42.62,41.02,50.96,2.2,2.13,0.41,WIN,WIN,match,1,1,LOSS,LOSS,WIN,match-prob-conv,1,0,0,1,UNDER,UNDER,match,1,1,0.181646,0.181646,0.347864,match-away-base,0.1681,0.1681,match,1784992359459
2251353,2026-07-12,SEA@TB 2026-07-12,822951,7,0,7,7-0,0.5,4.5,38.69,44.28,46.63,1.9,2.11,0.37,LOSS,LOSS,match,0,0,LOSS,LOSS,WIN,match-prob-conv,1,0,0,1,OVER,OVER,match,0,0,0.375892,0.375892,0.196072,match-away-base,0.3969,0.3969,match,1784992359459
2251354,2026-07-12,PHI@DET 2026-07-12,824250,1,0,1,1-0,0.5,3.5,42.08,40.18,51.16,1.9,1.83,0.4,LOSS,LOSS,match,0,0,WIN,WIN,WIN,match-both-conv,0,1,1,1,UNDER,UNDER,match,1,1,0.335473,0.335473,0.161443,match-away-base,0.16,0.16,match,1784992359459
2251355,2026-07-12,CLE@MIA 2026-07-12,823842,3,1,4,3-1,-0.5,4.5,42.31,41.16,50.69,2.15,2.11,0.4,LOSS,LOSS,match,0,0,WIN,WIN,LOSS,match-prob-conv,1,1,1,0,UNDER,UNDER,match,1,1,0.332814,0.332814,0.169415,match-away-base,0.16,0.16,match,1784992359459
2251356,2026-07-12,LAA@MIN 2026-07-12,823681,1,3,4,1-3,0.5,4.5,39.15,45.24,46.39,2.23,2.48,0.4,WIN,WIN,match,1,1,WIN,WIN,LOSS,match-prob-conv,1,1,1,0,UNDER,UNDER,match,1,1,0.153272,0.153272,0.299866,match-away-base,0.16,0.16,match,1784992359459
2251357,2026-07-12,ATH@CWS 2026-07-12,824574,1,9,10,1-9,0.5,4.5,44.8,39.12,53.39,2.37,2.15,0.44,WIN,WIN,match,1,1,LOSS,LOSS,LOSS,match-both-conv,0,0,0,0,OVER,OVER,match,0,0,0.200704,0.200704,0.370637,match-away-base,0.3136,0.3136,match,1784992359459
2251358,2026-07-12,ATL@STL 2026-07-12,823029,2,1,3,2-1,0.5,4.5,40.17,43.73,47.88,2.16,2.3,0.43,LOSS,LOSS,match,0,0,LOSS,LOSS,WIN,match-prob-conv,1,0,0,1,UNDER,UNDER,match,1,1,0.357963,0.357963,0.191231,match-away-base,0.1849,0.1849,match,1784992359459
2251359,2026-07-12,HOU@TEX 2026-07-12,822876,1,4,5,1-4,0.5,4.5,33.94,50.54,40.18,2.02,2.69,0.46,WIN,WIN,match,1,1,WIN,WIN,WIN,match-both-conv,0,1,1,1,OVER,OVER,match,0,0,0.115192,0.115192,0.244629,match-away-base,0.2916,0.2916,match,1784992359459
2251360,2026-07-12,COL@SF 2026-07-12,823199,1,1,2,1-1,0.5,4.5,40.06,44.64,47.3,2.38,2.57,0.49,PUSH,PUSH,match,,,LOSS,LOSS,WIN,match-prob-conv,1,0,0,1,UNDER,UNDER,match,1,1,,,,both-null,0.2401,0.2401,match,1784992359459
2251361,2026-07-12,TOR@SD 2026-07-12,823274,3,3,6,3-3,-0.5,4.5,42.16,40.97,50.72,2.07,2.02,0.38,PUSH,PUSH,match,,,LOSS,LOSS,WIN,match-prob-conv,1,0,0,1,OVER,OVER,match,0,0,,,,both-null,0.3844,0.3844,match,1784992359459
2253725,2026-07-12,ARI@LAD 2026-07-12,823925,2,3,5,2-3,0.5,5.5,39.74,44.78,47.02,2.31,2.52,0.36,WIN,WIN,match,1,1,WIN,WIN,LOSS,match-prob-conv,1,1,1,0,UNDER,UNDER,match,1,1,0.157927,0.157927,0.304925,match-away-base,0.1296,0.1296,match,1784992359459
4110001,2026-07-14,AL@NL 2026-07-14,,,,,,0.5,4.5,45.16,39.02,53.65,2.44,2.2,0.45,,,both-null,,,,,,both-null,0,,,,,,both-null,,,,,,both-null,,,both-null,
2251362,2026-07-16,NYM@PHI 2026-07-16,823440,1,0,1,1-0,-0.5,1.5,44.84,39.95,52.88,2.61,2.4,0.38,LOSS,LOSS,match,0,0,WIN,WIN,LOSS,match-prob-conv,1,1,1,0,UNDER,UNDER,match,1,1,0.304263,0.304263,0.1596,match-away-base,0.1444,0.1444,match,1784992359459
2250551,2026-07-17,TB@BOS 2026-07-17 G1,824766,0,3,3,0-3,0.5,4.5,35.48,47.1,42.97,1.7,2.1,0.41,WIN,WIN,match,1,1,WIN,WIN,LOSS,match-prob-conv,1,1,1,0,UNDER,UNDER,match,1,1,0.125883,0.125883,0.279841,match-away-base,0.1681,0.1681,match,1784992359459
2251363,2026-07-17,LAD@NYY 2026-07-17,823524,0,1,1,0-1,0.5,2.5,39.58,45.98,46.26,2.64,2.93,0.5,WIN,WIN,match,1,1,WIN,WIN,LOSS,match-prob-conv,1,1,1,0,UNDER,UNDER,match,1,1,0.156658,0.156658,0.291816,match-away-base,0.25,0.25,match,1784992359459
2251364,2026-07-17,CWS@TOR 2026-07-17,822789,8,3,11,8-3,0.5,8.5,42,42.06,49.96,2.27,2.28,0.44,LOSS,LOSS,match,0,0,LOSS,LOSS,WIN,match-prob-conv,1,0,0,1,OVER,OVER,match,0,0,0.3364,0.3364,0.176904,match-away-base,0.3136,0.3136,match,1784992359459
2251366,2026-07-17,TB@BOS 2026-07-17 G2,824737,3,5,8,3-5,0.5,4.5,41.21,42.66,49.14,2.2,2.25,0.37,WIN,WIN,match,1,1,WIN,WIN,LOSS,match-prob-conv,1,1,1,0,OVER,OVER,match,0,0,0.169826,0.169826,0.328788,match-away-base,0.3969,0.3969,match,1784992359459
2251367,2026-07-17,TEX@ATL 2026-07-17,824901,0,8,8,0-8,0.5,4.5,43.25,40.01,51.94,2.14,2.02,0.39,WIN,WIN,match,1,1,LOSS,LOSS,LOSS,match-both-conv,0,0,0,0,OVER,OVER,match,0,0,0.187056,0.187056,0.35988,match-away-base,0.3721,0.3721,match,1784992359459
2251368,2026-07-17,MIA@MIL 2026-07-17,823766,1,1,2,1-1,0.5,3.5,37.22,45.91,44.77,1.89,2.2,0.38,PUSH,PUSH,match,,,LOSS,LOSS,WIN,match-prob-conv,1,0,0,1,UNDER,UNDER,match,1,1,,,,both-null,0.1444,0.1444,match,1784992359459
2251369,2026-07-17,MIN@CHC 2026-07-17,824655,4,1,5,4-1,0.5,6.5,44.75,40.1,52.74,2.62,2.42,0.33,LOSS,LOSS,match,0,0,WIN,WIN,WIN,match-both-conv,0,1,1,1,UNDER,UNDER,match,1,1,0.305256,0.305256,0.160801,match-away-base,0.1089,0.1089,match,1784992359459
2251370,2026-07-17,BAL@HOU 2026-07-17,824170,1,2,3,1-2,0.5,4.5,39.36,44.41,46.99,2.11,2.3,0.42,WIN,WIN,match,1,1,WIN,WIN,LOSS,match-prob-conv,1,1,1,0,UNDER,UNDER,match,1,1,0.154921,0.154921,0.309025,match-away-base,0.1764,0.1764,match,1784992359459
2251371,2026-07-17,SD@KC 2026-07-17,824090,2,1,3,2-1,-0.5,5.5,47.63,36.54,56.59,2.5,2.06,0.32,LOSS,LOSS,match,0,0,WIN,WIN,LOSS,match-prob-conv,1,1,1,0,UNDER,UNDER,match,1,1,0.274262,0.274262,0.133517,match-away-base,0.1024,0.1024,match,1784992359459
2251372,2026-07-17,CIN@COL 2026-07-17,824332,1,1,2,1-1,0.5,6.5,43.54,42.98,50.32,3.27,3.25,0.44,PUSH,PUSH,match,,,WIN,WIN,WIN,match-both-conv,0,1,1,1,UNDER,UNDER,match,1,1,,,,both-null,0.1936,0.1936,match,1784992359459
2251373,2026-07-17,DET@LAA 2026-07-17,824009,0,1,1,0-1,-0.5,4.5,48.94,34.27,58.81,2.31,1.78,0.38,WIN,WIN,match,1,1,LOSS,LOSS,LOSS,match-both-conv,0,0,0,0,UNDER,UNDER,match,1,1,0.239512,0.239512,0.432043,match-away-base,0.1444,0.1444,match,1784992359459
2251374,2026-07-17,WSH@ATH 2026-07-17,824981,8,2,10,8-2,-0.5,5.5,44.49,41.54,51.71,3.08,2.95,0.5,LOSS,LOSS,match,0,0,WIN,WIN,LOSS,match-prob-conv,1,1,1,0,OVER,OVER,match,0,0,0.308136,0.308136,0.172557,match-away-base,0.25,0.25,match,1784992359459
2251375,2026-07-17,SF@SEA 2026-07-17,823115,2,0,2,2-0,0.5,3.5,37.84,44.04,46.22,1.69,1.89,0.37,LOSS,LOSS,match,0,0,LOSS,LOSS,WIN,match-prob-conv,1,0,0,1,UNDER,UNDER,match,1,1,0.386387,0.386387,0.193952,match-away-base,0.1369,0.1369,match,1784992359459
2253740,2026-07-17,STL@ARI 2026-07-17,825060,3,2,5,3-2,-0.5,4.5,46.58,38.28,54.89,2.7,2.35,0.38,LOSS,LOSS,match,0,0,WIN,WIN,LOSS,match-prob-conv,1,1,1,0,OVER,OVER,match,0,0,0.28537,0.28537,0.146536,match-away-base,0.3844,0.3844,match,1784992359459
2251365,2026-07-18,PIT@CLE 2026-07-18 G1,824414,2,1,3,2-1,0.5,4.5,44.56,38.67,53.54,2.17,1.95,0.45,LOSS,LOSS,match,0,0,WIN,WIN,WIN,match-both-conv,0,1,1,1,UNDER,UNDER,match,1,1,0.307359,0.307359,0.149537,match-away-base,0.2025,0.2025,match,1784992359459
2251376,2026-07-18,MIN@CHC 2026-07-18,824657,1,5,6,1-5,0.5,4.5,42,41.95,50.03,2.26,2.26,0.32,WIN,WIN,match,1,1,LOSS,LOSS,LOSS,match-both-conv,0,0,0,0,OVER,OVER,match,0,0,0.1764,0.1764,0.33698,match-away-base,0.4624,0.4624,match,1784992359459
2251377,2026-07-18,CWS@TOR 2026-07-18,822790,0,1,1,0-1,-0.5,4.5,50.59,34.99,59.12,3.11,2.41,0.56,LOSS,LOSS,match,0,0,LOSS,LOSS,LOSS,match-both-conv,0,0,0,0,UNDER,UNDER,match,0,0,0.255935,0.255935,0.42263,match-away-base,0.3136,0.3136,match,1784992359459
2251378,2026-07-18,CIN@COL 2026-07-18,824331,2,8,10,2-8,-0.5,6.5,40.23,46.16,46.56,3.09,3.4,0.39,WIN,WIN,match,1,1,WIN,WIN,WIN,match-both-conv,0,1,1,1,OVER,OVER,match,0,0,0.161845,0.161845,0.289875,match-away-base,0.3721,0.3721,match,1784992359459
2251379,2026-07-18,NYM@PHI 2026-07-18,823441,1,4,5,1-4,0.5,4.5,39.07,45.08,46.43,2.2,2.43,0.45,WIN,WIN,match,1,1,WIN,WIN,LOSS,match-prob-conv,1,1,1,0,OVER,OVER,match,0,0,0.152646,0.152646,0.301621,match-away-base,0.3025,0.3025,match,1784992359459
2251380,2026-07-18,BAL@HOU 2026-07-18,824169,1,0,1,1-0,-0.5,4.5,45.58,38.33,54.32,2.39,2.11,0.43,LOSS,LOSS,match,0,0,WIN,WIN,LOSS,match-prob-conv,1,1,1,0,UNDER,UNDER,match,1,1,0.296154,0.296154,0.146919,match-away-base,0.1849,0.1849,match,1784992359459
2251381,2026-07-18,PIT@CLE 2026-07-18 G2,824412,3,0,3,3-0,0.5,4.5,42.43,40.43,51.21,2.02,1.95,0.36,LOSS,LOSS,match,0,0,WIN,WIN,WIN,match-both-conv,0,1,1,1,UNDER,UNDER,match,1,1,0.33143,0.33143,0.163458,match-away-base,0.1296,0.1296,match,1784992359459
2251382,2026-07-18,SD@KC 2026-07-18,824088,1,4,5,1-4,-0.5,6.5,41.33,43.62,48.65,2.51,2.61,0.34,WIN,WIN,match,1,1,WIN,WIN,WIN,match-both-conv,0,1,1,1,UNDER,UNDER,match,1,1,0.170817,0.170817,0.31787,match-away-base,0.1156,0.1156,match,1784992359459
2251383,2026-07-18,TB@BOS 2026-07-18,824738,5,3,8,5-3,0.5,5.5,40.76,42.64,48.88,2.07,2.13,0.28,LOSS,LOSS,match,0,0,LOSS,LOSS,WIN,match-prob-conv,1,0,0,1,OVER,OVER,match,0,0,0.350938,0.350938,0.181817,match-away-base,0.5184,0.5184,match,1784992359459
2251384,2026-07-18,TEX@ATL 2026-07-18,824899,3,5,8,3-5,-0.5,4.5,41.22,42.5,49.24,2.17,2.21,0.36,WIN,WIN,match,1,1,WIN,WIN,WIN,match-both-conv,0,1,1,1,OVER,OVER,match,0,0,0.169909,0.169909,0.330625,match-away-base,0.4096,0.4096,match,1784992359459
2251385,2026-07-18,MIA@MIL 2026-07-18,823763,3,2,5,3-2,0.5,4.5,41.38,41.79,49.76,2.05,2.07,0.38,LOSS,LOSS,match,0,0,LOSS,LOSS,WIN,match-prob-conv,1,0,0,1,OVER,OVER,match,0,0,0.34363,0.34363,0.17464,match-away-base,0.3844,0.3844,match,1784992359459
2251386,2026-07-18,SF@SEA 2026-07-18,823116,1,0,1,1-0,0.5,3.5,41.41,40.73,50.42,1.86,1.83,0.46,LOSS,LOSS,match,0,0,WIN,WIN,WIN,match-both-conv,0,1,1,1,UNDER,UNDER,match,1,1,0.343279,0.343279,0.165893,match-away-base,0.2116,0.2116,match,1784992359459
2251388,2026-07-18,WSH@ATH 2026-07-18,824979,0,6,6,0-6,0.5,6.5,41.53,44.78,48.12,3.06,3.23,0.42,WIN,WIN,match,1,1,WIN,WIN,LOSS,match-prob-conv,1,1,1,0,UNDER,UNDER,match,1,1,0.172474,0.172474,0.304925,match-away-base,0.1764,0.1764,match,1784992359459
2251389,2026-07-18,DET@LAA 2026-07-18,824008,7,0,7,7-0,-0.5,4.5,45.27,38.46,54.07,2.31,2.06,0.42,LOSS,LOSS,match,0,0,WIN,WIN,LOSS,match-prob-conv,1,1,1,0,OVER,OVER,match,0,0,0.299537,0.299537,0.147917,match-away-base,0.3364,0.3364,match,1784992359459
2253749,2026-07-18,STL@ARI 2026-07-18,825059,0,5,5,0-5,-0.5,4.5,43.01,41.36,50.98,2.41,2.34,0.47,WIN,WIN,match,1,1,LOSS,LOSS,WIN,match-prob-conv,1,0,0,1,OVER,OVER,match,0,0,0.184986,0.184986,0.343865,match-away-base,0.2809,0.2809,match,1784992359459
2251387,2026-07-19,LAD@NYY 2026-07-19 G1,823523,3,1,4,3-1,-0.5,3.5,40.05,43.9,47.71,2.18,2.33,0.44,LOSS,LOSS,match,0,0,LOSS,LOSS,LOSS,match-both-conv,0,0,0,0,OVER,OVER,match,0,0,0.3594,0.3594,0.192721,match-away-base,0.3136,0.3136,match,1784992359459
2251390,2026-07-19,CWS@TOR 2026-07-19,822786,1,0,1,1-0,-0.5,4.5,38.51,45.04,46.09,2.03,2.26,0.41,LOSS,LOSS,match,0,0,LOSS,LOSS,LOSS,match-both-conv,0,0,0,0,UNDER,UNDER,match,1,1,0.378102,0.378102,0.20286,match-away-base,0.1681,0.1681,match,1784992359459
2251391,2026-07-19,TB@BOS 2026-07-19,824739,1,6,7,1-6,0.5,4.5,40.98,42.13,49.31,2.03,2.07,0.38,WIN,WIN,match,1,1,WIN,WIN,LOSS,match-prob-conv,1,1,1,0,OVER,OVER,match,0,0,0.167936,0.167936,0.334894,match-away-base,0.3844,0.3844,match,1784992359459
2251392,2026-07-19,NYM@PHI 2026-07-19,823439,5,0,5,5-0,-0.5,4.5,46.13,38.06,54.79,2.45,2.14,0.39,LOSS,LOSS,match,0,0,WIN,WIN,LOSS,match-prob-conv,1,1,1,0,OVER,OVER,match,0,0,0.290198,0.290198,0.144856,match-away-base,0.3721,0.3721,match,1784992359459
2251393,2026-07-19,TEX@ATL 2026-07-19,824897,3,4,7,3-4,-0.5,4.5,40.53,43.61,48.17,2.24,2.36,0.45,WIN,WIN,match,1,1,WIN,WIN,WIN,match-both-conv,0,1,1,1,OVER,OVER,match,0,0,0.164268,0.164268,0.317983,match-away-base,0.3025,0.3025,match,1784992359459
2251394,2026-07-19,PIT@CLE 2026-07-19,824411,2,1,3,2-1,0.5,3.5,42.59,40.19,51.45,2,1.92,0.42,LOSS,LOSS,match,0,0,WIN,WIN,WIN,match-both-conv,0,1,1,1,UNDER,UNDER,match,1,1,0.329591,0.329591,0.161524,match-away-base,0.1764,0.1764,match,1784992359459
2251395,2026-07-19,BAL@HOU 2026-07-19,824168,4,1,5,4-1,0.5,4.5,41.04,43.39,48.61,2.34,2.43,0.47,LOSS,LOSS,match,0,0,LOSS,LOSS,WIN,match-prob-conv,1,0,0,1,OVER,OVER,match,0,0,0.347628,0.347628,0.188269,match-away-base,0.2809,0.2809,match,1784992359459
2251396,2026-07-19,SD@KC 2026-07-19,824086,7,2,9,7-2,0.5,5.5,42.89,41.88,50.6,2.54,2.5,0.38,LOSS,LOSS,match,0,0,WIN,WIN,WIN,match-both-conv,0,1,1,1,OVER,OVER,match,0,0,0.326155,0.326155,0.175393,match-away-base,0.3844,0.3844,match,1784992359459
2251397,2026-07-19,MIA@MIL 2026-07-19,823764,1,0,1,1-0,0.5,4.5,43.53,39.89,52.18,2.18,2.04,0.4,LOSS,LOSS,match,0,0,WIN,WIN,WIN,match-both-conv,0,1,1,1,UNDER,UNDER,match,1,1,0.318886,0.318886,0.159121,match-away-base,0.16,0.16,match,1784992359459
2251398,2026-07-19,MIN@CHC 2026-07-19,824653,0,10,10,0-10,0.5,4.5,39.21,44.9,46.62,2.17,2.4,0.44,WIN,WIN,match,1,1,WIN,WIN,LOSS,match-prob-conv,1,1,1,0,OVER,OVER,match,0,0,0.153742,0.153742,0.303601,match-away-base,0.3136,0.3136,match,1784992359459
2251399,2026-07-19,CIN@COL 2026-07-19,824330,9,1,10,9-1,-0.5,5.5,38.99,47.53,45.06,3.05,3.48,0.5,LOSS,LOSS,match,0,0,LOSS,LOSS,LOSS,match-both-conv,0,0,0,0,OVER,OVER,match,0,0,0.372222,0.372222,0.22591,match-away-base,0.25,0.25,match,1784992359459
2251400,2026-07-19,WSH@ATH 2026-07-19,824978,5,1,6,5-1,-0.5,5.5,55.06,31.66,63.49,3.84,2.66,0.49,WIN,WIN,match,1,1,WIN,WIN,WIN,match-both-conv,0,1,1,1,OVER,OVER,match,0,0,0.20196,0.20196,0.100236,match-away-base,0.2601,0.2601,match,1784992359459
2251401,2026-07-19,DET@LAA 2026-07-19,824007,1,2,3,1-2,-0.5,5.5,49.55,34.63,58.86,2.58,2,0.39,WIN,WIN,match,1,1,LOSS,LOSS,LOSS,match-both-conv,0,0,0,0,UNDER,UNDER,match,1,1,0.24552,0.24552,0.427324,match-away-base,0.1521,0.1521,match,1784992359459
2251402,2026-07-19,SF@SEA 2026-07-19,823113,3,3,6,3-3,0.5,3.5,39.95,41.37,49.13,1.68,1.73,0.35,PUSH,PUSH,match,,,LOSS,LOSS,WIN,match-prob-conv,1,0,0,1,OVER,OVER,match,0,0,,,,both-null,0.4225,0.4225,match,1784992359459
2251403,2026-07-19,LAD@NYY 2026-07-19 G2,823521,0,1,1,0-1,1.5,3.5,40.07,43.85,47.75,2.18,2.33,0.5,WIN,WIN,match,1,1,LOSS,LOSS,WIN,match-prob-conv,1,0,0,1,UNDER,UNDER,match,1,1,0.16056,0.16056,0.315282,match-away-base,0.25,0.25,match,1784992359459
2253770,2026-07-19,STL@ARI 2026-07-19,825057,7,0,7,7-0,0.5,4.5,42.08,42.22,49.92,2.35,2.36,0.4,LOSS,LOSS,match,0,0,LOSS,LOSS,WIN,match-prob-conv,1,0,0,1,OVER,OVER,match,0,0,0.335473,0.335473,0.178253,match-away-base,0.36,0.36,match,1784992359459
2251404,2026-07-20,MIN@CLE 2026-07-20,824410,2,9,11,2-9,-0.5,10.5,43.41,39.31,52.48,2.04,1.89,0.42,WIN,WIN,match,1,1,LOSS,LOSS,WIN,match-prob-conv,1,0,0,1,OVER,OVER,match,0,0,0.188443,0.188443,0.368328,match-away-base,0.3364,0.3364,match,1784992359459
2251405,2026-07-20,PIT@NYY 2026-07-20,823522,5,8,13,5-8,0.5,11.5,41.8,42.5,49.59,2.35,2.37,0.46,WIN,WIN,match,1,1,WIN,WIN,LOSS,match-prob-conv,1,1,1,0,OVER,OVER,match,0,0,0.174724,0.174724,0.330625,match-away-base,0.2916,0.2916,match,1784992359459
2251406,2026-07-20,TB@TOR 2026-07-20,822788,4,1,5,4-1,-1.5,3.5,40.51,42.84,48.6,2.07,2.15,0.46,LOSS,LOSS,match,0,0,LOSS,LOSS,LOSS,match-both-conv,0,0,0,0,OVER,OVER,match,0,0,0.353906,0.353906,0.183527,match-away-base,0.2916,0.2916,match,1784992359459
2251407,2026-07-20,BAL@BOS 2026-07-20,824736,2,3,5,2-3,0.5,5.5,38.18,44.96,45.93,1.92,2.16,0.38,WIN,WIN,match,1,1,WIN,WIN,LOSS,match-prob-conv,1,1,1,0,UNDER,UNDER,match,1,1,0.145771,0.145771,0.30294,match-away-base,0.1444,0.1444,match,1784992359459
2251408,2026-07-20,LAD@PHI 2026-07-20,823436,1,4,5,1-4,4.5,4.5,45.15,39.79,53.16,2.67,2.44,0.51,WIN,WIN,match,1,1,WIN,WIN,WIN,match-both-conv,0,1,1,1,OVER,OVER,match,1,1,0.203852,0.203852,0.362524,match-away-base,0.2401,0.2401,match,1784992359459
2251409,2026-07-20,SD@ATL 2026-07-20,824898,1,2,3,1-2,0.5,5.5,42.34,41.81,50.32,2.32,2.3,0.39,WIN,WIN,match,1,1,LOSS,LOSS,LOSS,match-both-conv,0,0,0,0,UNDER,UNDER,match,1,1,0.179268,0.179268,0.338608,match-away-base,0.1521,0.1521,match,1784992359459
2251410,2026-07-20,SF@KC 2026-07-20,824087,1,3,4,1-3,0.5,3.5,42.17,42.05,50.08,2.33,2.32,0.33,WIN,WIN,match,1,1,LOSS,LOSS,LOSS,match-both-conv,0,0,0,0,OVER,OVER,match,0,0,0.177831,0.177831,0.33582,match-away-base,0.4489,0.4489,match,1784992359459
2251411,2026-07-20,NYM@MIL 2026-07-20,823762,1,5,6,1-5,2.5,3.5,31.65,52.27,37.72,1.79,2.57,0.48,WIN,WIN,match,1,1,WIN,WIN,LOSS,match-prob-conv,1,1,1,0,OVER,OVER,match,0,0,0.100172,0.100172,0.227815,match-away-base,0.2704,0.2704,match,1784992359459
2251412,2026-07-20,DET@CHC 2026-07-20,824654,4,3,7,4-3,0.5,6.5,45.29,39.58,53.36,2.66,2.42,0.29,LOSS,LOSS,match,0,0,WIN,WIN,WIN,match-both-conv,0,1,1,1,OVER,OVER,match,0,0,0.299318,0.299318,0.156658,match-away-base,0.5041,0.5041,match,1784992359459
2251413,2026-07-20,CWS@TEX 2026-07-20,822874,5,2,7,5-2,0.5,4.5,36.87,46.27,44.35,1.86,2.2,0.44,LOSS,LOSS,match,0,0,LOSS,LOSS,WIN,match-prob-conv,1,0,0,1,OVER,OVER,match,0,0,0.39854,0.39854,0.214091,match-away-base,0.3136,0.3136,match,1784992359459
2251414,2026-07-20,MIA@HOU 2026-07-20,824167,4,7,11,4-7,0.5,4.5,38.77,45.44,46.04,2.19,2.45,0.45,WIN,WIN,match,1,1,WIN,WIN,LOSS,match-prob-conv,1,1,1,0,OVER,OVER,match,0,0,0.150311,0.150311,0.297679,match-away-base,0.3025,0.3025,match,1784992359459
2251415,2026-07-20,WSH@COL 2026-07-20,824328,3,3,6,3-3,-0.5,6.5,50.02,36.75,57.65,3.71,3.02,0.46,PUSH,PUSH,match,,,LOSS,LOSS,LOSS,match-both-conv,0,0,0,0,UNDER,UNDER,match,1,1,,,,both-null,0.2116,0.2116,match,1784992359459
2251416,2026-07-20,CIN@SEA 2026-07-20,823112,0,1,1,0-1,0.5,3.5,40.72,41.86,49.31,1.9,1.94,0.41,WIN,WIN,match,1,1,WIN,WIN,LOSS,match-prob-conv,1,1,1,0,UNDER,UNDER,match,1,1,0.165812,0.165812,0.338026,match-away-base,0.1681,0.1681,match,1784992359459
2251417,2026-07-20,STL@LAA 2026-07-20,824006,2,1,3,2-1,0.5,4.5,42.45,41.43,50.6,2.26,2.22,0.43,LOSS,LOSS,match,0,0,WIN,WIN,WIN,match-both-conv,0,1,1,1,UNDER,UNDER,match,1,1,0.3312,0.3312,0.171644,match-away-base,0.1849,0.1849,match,1784992359459
2253784,2026-07-20,ATH@ARI 2026-07-20,825058,2,0,2,2-0,0.5,5.5,36.32,49.05,42.55,2.41,2.98,0.48,LOSS,LOSS,match,0,0,LOSS,LOSS,LOSS,match-both-conv,0,0,0,0,UNDER,UNDER,match,1,1,0.405514,0.405514,0.24059,match-away-base,0.2304,0.2304,match,1784992359459
2251418,2026-07-21,MIN@CLE 2026-07-21,824409,2,2,4,2-2,0.5,4.5,37.46,45.11,45.36,1.78,2.05,0.34,PUSH,PUSH,match,,,LOSS,LOSS,WIN,match-prob-conv,1,0,0,1,UNDER,UNDER,match,1,1,,,,both-null,0.1156,0.1156,match,1784992359459
2251419,2026-07-21,LAD@PHI 2026-07-21,823437,2,1,3,2-1,0.5,4.5,42.69,40.97,51.03,2.22,2.16,0.36,LOSS,LOSS,match,0,0,WIN,WIN,WIN,match-both-conv,0,1,1,1,UNDER,UNDER,match,1,1,0.328444,0.328444,0.167854,match-away-base,0.1296,0.1296,match,1784992359459
2251421,2026-07-21,TB@TOR 2026-07-21,822787,8,0,8,8-0,-0.5,4.5,47.01,37.23,55.8,2.53,2.14,0.52,LOSS,LOSS,match,0,0,WIN,WIN,LOSS,match-prob-conv,1,1,1,0,OVER,OVER,match,1,1,0.280794,0.280794,0.138607,match-away-base,0.2304,0.2304,match,1784992359459
2251423,2026-07-21,SD@ATL 2026-07-21,824895,5,2,7,5-2,1.5,5.5,38.01,46.46,44.99,2.22,2.56,0.41,LOSS,LOSS,match,0,0,LOSS,LOSS,WIN,match-prob-conv,1,0,0,1,OVER,OVER,match,0,0,0.384276,0.384276,0.215853,match-away-base,0.3481,0.3481,match,1784992359459
2251424,2026-07-21,SF@KC 2026-07-21,824085,2,1,3,2-1,0.5,3.5,42.64,42,50.38,2.45,2.43,0.36,LOSS,LOSS,match,0,0,WIN,WIN,WIN,match-both-conv,0,1,1,1,UNDER,UNDER,match,1,1,0.329017,0.329017,0.1764,match-away-base,0.1296,0.1296,match,1784992359459
2251425,2026-07-21,NYM@MIL 2026-07-21,823760,3,0,3,3-0,0.5,4.5,40.57,43.34,48.34,2.18,2.29,0.43,LOSS,LOSS,match,0,0,LOSS,LOSS,WIN,match-prob-conv,1,0,0,1,UNDER,UNDER,match,1,1,0.353192,0.353192,0.187836,match-away-base,0.1849,0.1849,match,1784992359459
2251426,2026-07-21,DET@CHC 2026-07-21,824652,0,9,9,0-9,0.5,3.5,47.25,38.04,55.39,2.9,2.5,0.54,WIN,WIN,match,1,1,LOSS,LOSS,LOSS,match-both-conv,0,0,0,0,OVER,OVER,match,1,1,0.223256,0.223256,0.383904,match-away-base,0.2116,0.2116,match,1784992359459
2251427,2026-07-21,CWS@TEX 2026-07-21,822871,0,9,9,0-9,0.5,4.5,42.63,41.07,50.93,2.23,2.17,0.42,WIN,WIN,match,1,1,LOSS,LOSS,LOSS,match-both-conv,0,0,0,0,OVER,OVER,match,0,0,0.181732,0.181732,0.347274,match-away-base,0.3364,0.3364,match,1784992359459
2251428,2026-07-21,MIA@HOU 2026-07-21,824165,1,5,6,1-5,0.5,5.5,46.23,38.39,54.63,2.61,2.29,0.43,WIN,WIN,match,1,1,LOSS,LOSS,LOSS,match-both-conv,0,0,0,0,OVER,OVER,match,0,0,0.213721,0.213721,0.379579,match-away-base,0.3249,0.3249,match,1784992359459
2251429,2026-07-21,WSH@COL 2026-07-21,824329,6,6,12,6-6,-0.5,7.5,46.15,40.65,53.17,3.58,3.28,0.43,PUSH,PUSH,match,,,LOSS,LOSS,WIN,match-prob-conv,1,0,0,1,OVER,OVER,match,0,0,,,,both-null,0.3249,0.3249,match,1784992359459
2251430,2026-07-21,STL@LAA 2026-07-21,824005,1,5,6,1-5,0.5,5.5,37.79,46.35,44.91,2.12,2.45,0.39,WIN,WIN,match,1,1,WIN,WIN,LOSS,match-prob-conv,1,1,1,0,OVER,OVER,match,0,0,0.142808,0.142808,0.287832,match-away-base,0.3721,0.3721,match,1784992359459
2251431,2026-07-21,CIN@SEA 2026-07-21,823114,3,0,3,3-0,-0.5,3.5,42.25,40.11,51.3,1.92,1.86,0.4,LOSS,LOSS,match,0,0,WIN,WIN,LOSS,match-prob-conv,1,1,1,0,UNDER,UNDER,match,1,1,0.333506,0.333506,0.160881,match-away-base,0.16,0.16,match,1784992359459
2253800,2026-07-21,ATH@ARI 2026-07-21,825056,1,3,4,1-3,0.5,5.5,40.37,44.35,47.65,2.42,2.58,0.38,WIN,WIN,match,1,1,WIN,WIN,LOSS,match-prob-conv,1,1,1,0,UNDER,UNDER,match,1,1,0.162974,0.162974,0.309692,match-away-base,0.1444,0.1444,match,1784992359459
2251420,2026-07-22,PIT@NYY 2026-07-22 G2,823519,0,0,0,0-0,1.5,5.5,41.16,43.64,48.54,2.49,2.58,0.51,PUSH,PUSH,match,,,LOSS,LOSS,WIN,match-prob-conv,1,0,0,1,UNDER,UNDER,match,0,0,,,,both-null,0.2601,0.2601,match,1784992359459
2251422,2026-07-22,BAL@BOS 2026-07-22 G1,824735,2,6,8,2-6,0.5,5.5,37.2,45.48,44.99,1.8,2.1,0.24,WIN,WIN,match,1,1,WIN,WIN,LOSS,match-prob-conv,1,1,1,0,OVER,OVER,match,0,0,0.138384,0.138384,0.297243,match-away-base,0.5776,0.5776,match,1784992359459
2251432,2026-07-22,PIT@NYY 2026-07-22 G1,823518,2,0,2,2-0,0.5,5.5,41.18,43.6,48.57,2.49,2.59,0.39,LOSS,LOSS,match,0,0,LOSS,LOSS,WIN,match-prob-conv,1,0,0,1,UNDER,UNDER,match,1,1,0.345979,0.345979,0.190096,match-away-base,0.1521,0.1521,match,1784992359459
2251433,2026-07-22,SF@KC 2026-07-22,824083,0,0,0,0-0,-0.5,4.5,46.75,37.66,55.38,2.56,2.19,0.41,PUSH,PUSH,match,,,LOSS,LOSS,WIN,match-prob-conv,1,0,0,1,UNDER,UNDER,match,1,1,,,,both-null,0.1681,0.1681,match,1784992359459
2251434,2026-07-22,NYM@MIL 2026-07-22,823761,2,3,5,2-3,0.5,4.5,36.2,46.85,43.59,1.81,2.19,0.43,WIN,WIN,match,1,1,WIN,WIN,LOSS,match-prob-conv,1,1,1,0,OVER,OVER,match,0,0,0.131044,0.131044,0.282492,match-away-base,0.3249,0.3249,match,1784992359459
2251435,2026-07-22,WSH@COL 2026-07-22,824327,1,0,1,1-0,-0.5,6.5,40.46,45.18,47.24,2.74,2.95,0.35,LOSS,LOSS,match,0,0,LOSS,LOSS,LOSS,match-both-conv,0,0,0,0,UNDER,UNDER,match,1,1,0.354501,0.354501,0.204123,match-away-base,0.1225,0.1225,match,1784992359459
2251436,2026-07-22,CIN@SEA 2026-07-22,823110,2,3,5,2-3,0.5,4.5,36.45,45.85,44.29,1.71,2.03,0.33,WIN,WIN,match,1,1,WIN,WIN,LOSS,match-prob-conv,1,1,1,0,OVER,OVER,match,0,0,0.13286,0.13286,0.293222,match-away-base,0.4489,0.4489,match,1784992359459
2251437,2026-07-22,STL@LAA 2026-07-22,824004,0,0,0,0-0,0.5,4.5,44.26,39.33,52.95,2.24,2.06,0.35,PUSH,PUSH,match,,,WIN,WIN,WIN,match-both-conv,0,1,1,1,UNDER,UNDER,match,1,1,,,,both-null,0.1225,0.1225,match,1784992359459
2251438,2026-07-22,MIN@CLE 2026-07-22,824408,7,4,11,7-4,0.5,10.5,43.38,40.46,51.75,2.28,2.17,0.43,LOSS,LOSS,match,0,0,WIN,WIN,WIN,match-both-conv,0,1,1,1,OVER,OVER,match,0,0,0.320582,0.320582,0.163701,match-away-base,0.3249,0.3249,match,1784992359459
2251439,2026-07-22,LAD@PHI 2026-07-22,823438,3,3,6,3-3,-0.5,3.5,47.25,38.1,55.36,2.91,2.5,0.43,PUSH,PUSH,match,,,LOSS,LOSS,WIN,match-prob-conv,1,0,0,1,OVER,OVER,match,0,0,,,,both-null,0.3249,0.3249,match,1784992359459
2251440,2026-07-22,TB@TOR 2026-07-22,822784,1,1,2,1-1,0.5,3.5,43.61,40.7,51.72,2.41,2.3,0.46,PUSH,PUSH,match,,,WIN,WIN,WIN,match-both-conv,0,1,1,1,UNDER,UNDER,match,1,1,,,,both-null,0.2116,0.2116,match,1784992359459
2251441,2026-07-22,BAL@BOS 2026-07-22 G2,824732,4,1,5,4-1,0.5,4.5,37.2,45.48,44.99,1.8,2.1,0.35,LOSS,LOSS,match,0,0,LOSS,LOSS,WIN,match-prob-conv,1,0,0,1,OVER,OVER,match,0,0,0.394384,0.394384,0.206843,match-away-base,0.4225,0.4225,match,1784992359459
2251442,2026-07-22,SD@ATL 2026-07-22,824896,0,1,1,0-1,1.5,4.5,42.13,41.1,50.62,2.1,2.06,0.39,WIN,WIN,match,1,1,WIN,WIN,WIN,match-both-conv,0,1,1,1,UNDER,UNDER,match,1,1,0.177494,0.177494,0.346921,match-away-base,0.1521,0.1521,match,1784992359459
2251443,2026-07-22,DET@CHC 2026-07-22,824650,4,1,5,4-1,0.5,4.5,46.77,37.07,55.78,2.4,2.03,0.42,LOSS,LOSS,match,0,0,WIN,WIN,WIN,match-both-conv,0,1,1,1,OVER,OVER,match,0,0,0.283343,0.283343,0.137418,match-away-base,0.3364,0.3364,match,1784992359459
2251444,2026-07-22,CWS@TEX 2026-07-22,822873,3,2,5,3-2,-0.5,4.5,41.18,42.16,49.41,2.08,2.12,0.39,LOSS,LOSS,match,0,0,LOSS,LOSS,LOSS,match-both-conv,0,0,0,0,OVER,OVER,match,0,0,0.345979,0.345979,0.177747,match-away-base,0.3721,0.3721,match,1784992359459
2251445,2026-07-22,MIA@HOU 2026-07-22,824166,2,2,4,2-2,0.5,4.5,40.16,43.24,48.15,2.06,2.18,0.4,PUSH,PUSH,match,,,LOSS,LOSS,WIN,match-prob-conv,1,0,0,1,UNDER,UNDER,match,1,1,,,,both-null,0.16,0.16,match,1784992359459
2253806,2026-07-22,ATH@ARI 2026-07-22,825055,2,9,11,2-9,0.5,4.5,41.69,43.77,48.79,2.7,2.79,0.5,WIN,WIN,match,1,1,WIN,WIN,LOSS,match-prob-conv,1,1,1,0,OVER,OVER,match,0,0,0.173806,0.173806,0.316181,match-away-base,0.25,0.25,match,1784992359459
2251446,2026-07-23,SD@ATL 2026-07-23,824893,3,5,8,3-5,1.5,4.5,32.72,51.62,38.8,1.94,2.69,0.45,WIN,WIN,match,1,1,WIN,WIN,LOSS,match-prob-conv,1,1,1,0,OVER,OVER,match,0,0,0.10706,0.10706,0.234062,match-away-base,0.3025,0.3025,match,1784992359459
2251447,2026-07-23,MIN@CLE 2026-07-23,824406,0,1,1,0-1,0.5,3.5,43.06,40.07,51.8,2.1,1.99,0.45,WIN,WIN,match,1,1,LOSS,LOSS,LOSS,match-both-conv,0,0,0,0,UNDER,UNDER,match,1,1,0.185416,0.185416,0.35916,match-away-base,0.2025,0.2025,match,1784992359459
2251448,2026-07-23,TB@TOR 2026-07-23,822785,1,2,3,1-2,-0.5,4.5,51.53,33.28,60.76,2.85,2.09,0.49,LOSS,LOSS,match,0,0,LOSS,LOSS,LOSS,match-both-conv,0,0,0,0,UNDER,UNDER,match,1,1,0.265534,0.265534,0.445156,match-away-base,0.2401,0.2401,match,1784992359459
2251449,2026-07-23,KC@DET 2026-07-23,824247,0,0,0,0-0,0.5,0.5,34.66,47.93,41.97,1.68,2.13,0.34,PUSH,PUSH,match,,,LOSS,LOSS,WIN,match-prob-conv,1,0,0,1,UNDER,UNDER,match,1,1,,,,both-null,0.1156,0.1156,match,1784992359459
2253491,2026-07-23,ARI@STL 2026-07-23,823042,4,2,6,4-2,-0.5,5.5,39.35,43.57,47.46,1.92,2.07,0.37,LOSS,LOSS,match,0,0,LOSS,LOSS,LOSS,match-both-conv,0,0,0,0,OVER,OVER,match,0,0,0.367842,0.367842,0.189834,match-away-base,0.3969,0.3969,match,1784992359459
2251450,2026-07-24,COL@MIL 2026-07-24,823759,4,1,5,4-1,1.5,4.5,35.9,48.03,42.77,1.99,2.46,0.43,LOSS,LOSS,match,0,0,LOSS,LOSS,WIN,match-prob-conv,1,0,0,1,OVER,OVER,match,0,0,0.410881,0.410881,0.230688,match-away-base,0.3249,0.3249,match,1784992359459
2251451,2026-07-24,KC@DET 2026-07-24,824248,1,2,3,1-2,1.5,3.5,32.58,51.27,38.86,1.82,2.53,0.41,WIN,WIN,match,1,1,LOSS,LOSS,WIN,match-prob-conv,1,0,0,1,UNDER,UNDER,match,1,1,0.106146,0.106146,0.237461,match-away-base,0.1681,0.1681,match,1784992359459
2251452,2026-07-24,CHC@PIT 2026-07-24,823352,0,1,1,0-1,0.5,0.5,41.14,42.9,48.95,2.26,2.33,0.45,WIN,WIN,match,1,1,WIN,WIN,LOSS,match-prob-conv,1,1,1,0,OVER,OVER,match,0,0,0.16925,0.16925,0.326041,match-away-base,0.3025,0.3025,match,1784992359459
2251453,2026-07-24,NYY@PHI 2026-07-24,823434,1,0,1,1-0,0.5,3.5,43.27,40.44,51.69,2.25,2.15,0.42,LOSS,LOSS,match,0,0,WIN,WIN,WIN,match-both-conv,0,1,1,1,UNDER,UNDER,match,1,1,0.321829,0.321829,0.163539,match-away-base,0.1764,0.1764,match,1784992359459
2251454,2026-07-24,ATL@BAL 2026-07-24,824812,2,3,5,2-3,2.5,4.5,38.26,46.14,45.33,2.2,2.52,0.4,WIN,WIN,match,1,1,LOSS,LOSS,WIN,match-prob-conv,1,0,0,1,OVER,OVER,match,0,0,0.146383,0.146383,0.29009,match-away-base,0.36,0.36,match,1784992359459
2251455,2026-07-24,LAD@NYM 2026-07-24,823601,1,1,2,1-1,-0.5,2.5,43.2,41.78,50.84,2.6,2.53,0.45,PUSH,PUSH,match,,,LOSS,LOSS,WIN,match-prob-conv,1,0,0,1,UNDER,UNDER,match,1,1,,,,both-null,0.2025,0.2025,match,1784992359459
2251456,2026-07-24,CLE@TB 2026-07-24,822952,1,5,6,1-5,0.5,4.5,38.53,44.91,46.18,2,2.23,0.47,WIN,WIN,match,1,1,WIN,WIN,LOSS,match-prob-conv,1,1,1,0,OVER,OVER,match,0,0,0.148456,0.148456,0.303491,match-away-base,0.2809,0.2809,match,1784992359459
2251457,2026-07-24,TOR@BOS 2026-07-24,824733,0,3,3,0-3,0.5,4.5,43.66,38.99,52.82,2.04,1.87,0.35,WIN,WIN,match,1,1,LOSS,LOSS,LOSS,match-both-conv,0,0,0,0,UNDER,UNDER,match,1,1,0.19062,0.19062,0.372222,match-away-base,0.1225,0.1225,match,1784992359459
2251458,2026-07-24,SD@MIA 2026-07-24,823843,2,2,4,2-2,1.5,3.5,38.51,45.77,45.69,2.2,2.48,0.4,PUSH,PUSH,match,,,LOSS,LOSS,WIN,match-prob-conv,1,0,0,1,OVER,OVER,match,0,0,,,,both-null,0.36,0.36,match,1784992359459
2251459,2026-07-24,HOU@CWS 2026-07-24,824573,0,5,5,0-5,2.5,5.5,42.19,41.64,50.33,2.22,2.19,0.42,WIN,WIN,match,1,1,LOSS,LOSS,LOSS,match-both-conv,0,0,0,0,UNDER,UNDER,match,1,1,0.178,0.178,0.340589,match-away-base,0.1764,0.1764,match,1784992359459
2251460,2026-07-24,SEA@TEX 2026-07-24,822872,3,3,6,3-3,-0.5,3.5,43.69,38.79,52.97,1.98,1.81,0.41,PUSH,PUSH,match,,,LOSS,LOSS,WIN,match-prob-conv,1,0,0,1,OVER,OVER,match,0,0,,,,both-null,0.3481,0.3481,match,1784992359459
2251461,2026-07-24,ATH@MIN 2026-07-24,823680,1,0,1,1-0,0.5,5.5,41.26,44.31,48.22,2.73,2.86,0.45,LOSS,LOSS,match,0,0,LOSS,LOSS,WIN,match-prob-conv,1,0,0,1,UNDER,UNDER,match,1,1,0.345039,0.345039,0.196338,match-away-base,0.2025,0.2025,match,1784992359459
2251462,2026-07-24,CIN@STL 2026-07-24,823031,1,2,3,1-2,0.5,4.5,39.96,44.57,47.27,2.33,2.52,0.48,WIN,WIN,match,1,1,WIN,WIN,LOSS,match-prob-conv,1,1,1,0,UNDER,UNDER,match,1,1,0.15968,0.15968,0.307248,match-away-base,0.2304,0.2304,match,1784992359459
2251463,2026-07-24,LAA@SF 2026-07-24,823196,4,5,9,4-5,0.5,4.5,39.19,43.76,47.25,1.93,2.09,0.37,WIN,WIN,match,1,1,WIN,WIN,LOSS,match-prob-conv,1,1,1,0,OVER,OVER,match,0,0,0.153586,0.153586,0.316294,match-away-base,0.3969,0.3969,match,1784992359459
2253825,2026-07-24,ARI@WSH 2026-07-24,822707,2,2,4,2-2,-1.5,5.5,45.74,39.91,53.4,2.98,2.71,0.46,PUSH,PUSH,match,,,LOSS,LOSS,WIN,match-prob-conv,1,0,0,1,UNDER,UNDER,match,1,1,,,,both-null,0.2116,0.2116,match,1784992359459
