gameId,gameDate,month,awayTeam,homeTeam,mlbGamePk,actualAway,actualHome,fg_actual_source,actualF5Away,actualF5Home,f5_actual_source,book_f5Total,book_f5AwayRunLine,book_f5AwayML,book_bookTotal,live_pushPct,live_pushRaw,live_awayWinPct,live_homeWinPct,live_awayRlCoverPct,p1_pF5AwayMl,p1_projF5Total,p1_pF5Over,p1_pF5AwayRl,p1_projTotal,p1_projAwayScore,p1_projHomeScore,p1_pAwayMl,p1_pOver,p2_pF5AwayMl,p2_projF5Total,p2_pF5Over,p2_pF5AwayRl,p2_projTotal,calib_month,calib_seed,calib_league_env_mult,calib_T_f5,calib_f5_total_sd
2250006,2026-03-25,2026-03,NYY,SF,823244,7,0,games,7,0,games,3.5,-0.5,-112,7.0,,,,,,0.45800,4.159,0.45620,0.62980,7.750,3.900,3.850,0.47580,0.51410,0.45800,4.159,0.45620,0.62980,7.750,2026-03,True,1.0,1.0,2.9
2250007,2026-03-26,2026-03,PIT,NYM,823649,7,11,games,4,9,games,3.5,-0.5,-128,7.0,0.1661,0.1763,40.08,43.31,48.08,0.43160,4.208,0.46280,0.60280,7.900,3.900,4.000,0.46150,0.52790,0.43160,4.208,0.46280,0.60280,7.900,2026-03,True,1.0,1.0,2.9
2250008,2026-03-26,2026-03,CWS,MIL,823812,2,14,games,1,8,games,4.5,0.5,+140,7.5,0.1524,0.1535,39.98,44.78,47.17,0.39920,4.371,0.48510,0.56660,8.220,3.840,4.390,0.41940,0.50160,0.39920,4.371,0.48510,0.56660,8.220,2026-03,True,1.0,1.0,2.9
2250009,2026-03-26,2026-03,WSH,CHC,824704,10,4,games,7,3,games,3.5,0.5,+150,7.0,0.1577,0.1624,34.92,49.30,41.49,0.37280,4.669,0.52300,0.53240,8.760,3.820,4.940,0.37270,0.60110,0.37280,4.669,0.52300,0.53240,8.760,2026-03,True,1.0,1.0,2.9
2250010,2026-03-26,2026-03,MIN,BAL,824865,1,2,games,0,0,games,4.5,0.5,+102,8.5,0.1614,0.1685,35.97,47.89,42.92,0.37160,4.268,0.40260,0.54220,8.020,3.510,4.510,0.37720,0.40510,0.37160,4.268,0.40260,0.54220,8.020,2026-03,True,1.0,1.0,2.9
2250011,2026-03-26,2026-03,BOS,CIN,824541,3,0,games,0,0,games,3.5,-0.5,-180,8.0,0.1638,0.1725,45.71,37.91,54.75,0.44020,4.634,0.45170,0.60150,8.620,4.240,4.380,0.45810,0.49730,0.44020,4.634,0.45170,0.60150,8.620,2026-03,True,1.0,1.0,2.9
2250012,2026-03-26,2026-03,LAA,HOU,824218,3,0,games,0,0,games,4.5,0.5,+142,8.0,0.1635,0.1720,38.62,45.03,46.08,0.36210,4.390,0.41930,0.52860,8.300,3.540,4.770,0.35920,0.46930,0.36210,4.390,0.41930,0.52860,8.300,2026-03,True,1.0,1.0,2.9
2250013,2026-03-26,2026-03,DET,SD,823325,8,2,games,8,0,games,3.5,-0.5,-148,7.0,0.1757,0.1923,42.44,40.00,51.46,0.43430,3.574,0.37290,0.62500,6.760,3.370,3.390,0.46900,0.41710,0.43430,3.574,0.37290,0.62500,6.760,2026-03,True,1.0,1.0,2.9
2250014,2026-03-26,2026-03,TB,STL,823081,7,9,games,1,1,games,4.5,-0.5,-142,8.0,0.1580,0.1629,44.41,39.78,52.83,0.44260,4.120,0.38230,0.61620,7.810,3.880,3.920,0.46670,0.42480,0.44260,4.120,0.38230,0.61620,7.810,2026-03,True,1.0,1.0,2.9
2250015,2026-03-26,2026-03,TEX,PHI,823486,3,5,games,0,5,games,4.5,0.5,+124,8.0,0.1625,0.1704,40.22,43.52,48.08,0.44230,4.362,0.41630,0.60930,8.160,4.070,4.090,0.46780,0.45710,0.44230,4.362,0.41630,0.60930,8.160,2026-03,True,1.0,1.0,2.9
2250016,2026-03-26,2026-03,CLE,SEA,823163,6,4,games,3,3,games,3.5,0.5,+162,6.5,0.1683,0.1801,38.26,44.91,46.08,0.38370,3.846,0.47980,0.56650,7.300,3.310,3.990,0.40080,0.52610,0.38370,3.846,0.47980,0.56650,7.300,2026-03,True,1.0,1.0,2.9
2250017,2026-03-27,2026-03,NYY,SF,823243,3,0,games,0,0,games,4.5,-0.5,-145,8.5,0.1623,0.1701,48.13,35.64,57.45,0.42840,4.306,0.40850,0.59780,8.050,3.840,4.210,0.43510,0.40710,0.42840,4.306,0.40850,0.59780,8.050,2026-03,True,1.0,1.0,2.9
2250018,2026-03-27,2026-03,ATH,TOR,822839,2,3,games,1,2,games,4.5,0.5,+134,8.5,0.1524,0.1535,39.30,45.46,46.30,0.37840,4.543,0.43960,0.54120,8.530,3.780,4.750,0.38390,0.44990,0.37840,4.543,0.43960,0.54120,8.530,2026-03,True,1.0,1.0,2.9
2250019,2026-03-27,2026-03,COL,MIA,823893,1,2,games,1,2,games,4.5,0.5,+148,8.0,0.1632,0.1715,39.61,44.07,47.39,0.43900,4.716,0.46150,0.59840,8.880,4.380,4.500,0.45990,0.51860,0.43900,4.716,0.46150,0.59840,8.880,2026-03,True,1.0,1.0,2.9
2250020,2026-03-27,2026-03,KC,ATL,824946,0,6,games,0,4,games,3.5,0.5,+114,7.5,0.1682,0.1799,36.72,46.45,44.14,0.39430,4.223,0.46420,0.56590,8.000,3.640,4.360,0.40350,0.48170,0.39430,4.223,0.46420,0.56590,8.000,2026-03,True,1.0,1.0,2.9
2250021,2026-03-27,2026-03,LAA,HOU,824216,6,2,games,5,2,games,4.5,0.5,+128,8.5,0.1578,0.1625,39.04,45.18,46.30,0.39710,4.629,0.45010,0.55750,8.720,3.970,4.750,0.40110,0.46670,0.39710,4.629,0.45010,0.55750,8.720,2026-03,True,1.0,1.0,2.9
2250022,2026-03-27,2026-03,DET,SD,823324,5,2,games,0,1,games,3.5,0.5,-104,7.5,0.1623,0.1700,41.64,42.13,49.75,0.43280,4.013,0.43650,0.61010,7.530,3.710,3.830,0.45810,0.43820,0.43280,4.013,0.43650,0.61010,7.530,2026-03,True,1.0,1.0,2.9
2250023,2026-03-27,2026-03,CLE,SEA,823162,1,5,games,1,3,games,3.5,0.5,+140,7.0,0.1654,0.1753,40.45,43.01,48.54,0.40900,3.897,0.42020,0.58960,7.390,3.500,3.890,0.43050,0.48020,0.40900,3.897,0.42020,0.58960,7.390,2026-03,True,1.0,1.0,2.9
2250024,2026-03-28,2026-03,TB,STL,823082,5,6,games,0,2,games,3.5,-0.5,-118,7.5,0.1523,0.1534,43.12,41.65,50.98,0.42420,4.266,0.47050,0.59370,8.060,3.870,4.190,0.44060,0.48690,0.42420,4.266,0.47050,0.59370,8.060,2026-03,True,1.0,1.0,2.9
2250025,2026-03-28,2026-03,WSH,CHC,824701,2,10,games,2,6,games,4.5,0.5,+176,8.5,0.1597,0.1657,34.34,49.69,40.82,0.36500,4.403,0.42070,0.53220,8.300,3.590,4.720,0.36740,0.43000,0.36500,4.403,0.42070,0.53220,8.300,2026-03,True,1.0,1.0,2.9
2250026,2026-03-28,2026-03,ATH,TOR,822838,7,8,games,0,1,games,4.5,0.5,+150,8.0,0.1494,0.1485,41.90,43.17,49.26,0.42940,4.649,0.45350,0.59050,8.700,4.230,4.470,0.44810,0.50540,0.42940,4.649,0.45350,0.59050,8.700,2026-03,True,1.0,1.0,2.9
2250027,2026-03-28,2026-03,MIN,BAL,824862,4,1,games,3,1,games,4.5,0.5,+136,7.5,0.1585,0.1637,37.07,47.09,44.05,0.37750,4.589,0.51270,0.53940,8.590,3.790,4.790,0.38110,0.53370,0.37750,4.589,0.51270,0.53940,8.590,2026-03,True,1.0,1.0,2.9
2250028,2026-03-28,2026-03,TEX,PHI,823488,5,4,games,3,0,games,4.5,0.5,+110,7.5,0.1513,0.1517,43.40,41.47,51.22,0.45330,4.817,0.54140,0.60940,8.970,4.520,4.450,0.47630,0.56570,0.45330,4.817,0.54140,0.60940,8.970,2026-03,True,1.0,1.0,2.9
2250029,2026-03-28,2026-03,BOS,CIN,824540,5,6,games,3,5,games,3.5,-0.5,-142,7.5,0.1562,0.1599,39.87,44.50,47.17,0.41610,4.486,0.49990,0.58050,8.380,3.970,4.410,0.42940,0.51620,0.41610,4.486,0.49990,0.58050,8.380,2026-03,True,1.0,1.0,2.9
2250030,2026-03-28,2026-03,PIT,NYM,823651,2,4,games,0,0,games,3.5,0.5,+132,7.5,0.1515,0.1520,41.75,43.10,49.26,0.40090,4.581,0.51280,0.56240,8.600,3.990,4.610,0.41470,0.53510,0.40090,4.581,0.51280,0.56240,8.600,2026-03,True,1.0,1.0,2.9
2250031,2026-03-28,2026-03,COL,MIA,823892,3,4,games,3,3,games,4.5,0.5,+158,7.5,0.1610,0.1678,35.13,48.77,41.84,0.40670,4.452,0.49510,0.57190,8.430,3.950,4.480,0.42130,0.51950,0.40670,4.452,0.49510,0.57190,8.430,2026-03,True,1.0,1.0,2.9
2250032,2026-03-28,2026-03,LAA,HOU,824213,9,11,games,6,3,games,4.5,0.5,+106,9.0,0.1599,0.1660,41.54,42.47,49.50,0.41160,4.488,0.37480,0.57610,8.450,3.940,4.500,0.41950,0.39720,0.41160,4.488,0.37480,0.57610,8.450,2026-03,True,1.0,1.0,2.9
2250033,2026-03-28,2026-03,CWS,MIL,823811,1,6,games,1,4,games,4.5,0.5,+140,8.0,0.1466,0.1439,35.61,49.73,41.67,0.37170,4.595,0.44600,0.53210,8.630,3.810,4.810,0.38170,0.49750,0.37170,4.595,0.44600,0.53210,8.630,2026-03,True,1.0,1.0,2.9
2250034,2026-03-28,2026-03,KC,ATL,824945,2,6,games,0,0,games,4.5,0.5,+120,8.5,0.1593,0.1651,40.07,44.00,47.62,0.49630,5.300,0.53300,0.64280,9.850,5.230,4.620,0.51880,0.55830,0.49630,5.300,0.53300,0.64280,9.850,2026-03,True,1.0,1.0,2.9
2250035,2026-03-28,2026-03,NYY,SF,823241,3,1,games,3,1,games,4.5,-0.5,-130,8.5,0.1681,0.1797,40.43,42.76,48.54,0.38770,4.369,0.41670,0.55430,8.180,3.620,4.560,0.38250,0.41950,0.38770,4.369,0.41670,0.55430,8.180,2026-03,True,1.0,1.0,2.9
2250036,2026-03-28,2026-03,DET,SD,823323,0,3,games,0,3,games,4.5,-0.5,-120,8.0,0.1651,0.1747,40.23,43.26,48.08,0.41940,4.286,0.40540,0.58850,8.020,3.830,4.190,0.43560,0.44440,0.41940,4.286,0.40540,0.58850,8.020,2026-03,True,1.0,1.0,2.9
2250037,2026-03-28,2026-03,CLE,SEA,823161,6,5,games,0,2,games,3.5,0.5,+152,7.0,0.1751,0.1914,37.66,44.83,45.66,0.38810,3.557,0.37050,0.58080,6.800,3.130,3.680,0.41220,0.42190,0.38810,3.557,0.37050,0.58080,6.800,2026-03,True,1.0,1.0,2.9
2250038,2026-03-29,2026-03,MIN,BAL,824864,6,8,games,4,3,games,4.5,0.5,+124,9.0,0.1538,0.1558,40.34,44.28,47.62,0.41740,5.137,0.45550,0.56760,9.550,4.500,5.050,0.42560,0.48960,0.41740,5.137,0.45550,0.56760,9.550,2026-03,True,1.0,1.0,2.9
2250039,2026-03-29,2026-03,TEX,PHI,823487,8,3,games,5,0,games,4.5,0.5,+122,8.0,0.1510,0.1512,35.44,49.46,41.67,0.40590,4.967,0.49380,0.55940,9.250,4.300,4.960,0.41490,0.54950,0.40590,4.967,0.49380,0.55940,9.250,2026-03,True,1.0,1.0,2.9
2250040,2026-03-29,2026-03,KC,ATL,824944,4,1,games,3,0,games,4.5,0.5,+116,8.0,0.1523,0.1534,37.42,47.34,44.05,0.40000,4.758,0.46740,0.55790,8.960,4.090,4.880,0.40270,0.52600,0.40000,4.758,0.46740,0.55790,8.960,2026-03,True,1.0,1.0,2.9
2250041,2026-03-29,2026-03,ATH,TOR,822837,2,5,games,2,5,games,4.5,0.5,+118,9.0,0.1483,0.1467,43.22,41.95,50.74,0.40580,4.463,0.37090,0.57080,8.380,3.920,4.460,0.42080,0.39170,0.40580,4.463,0.37090,0.57080,8.380,2026-03,True,1.0,1.0,2.9
2250042,2026-03-29,2026-03,BOS,CIN,824538,2,3,games,2,0,games,4.5,-0.5,-140,8.5,0.1617,0.1691,46.16,37.67,55.16,0.44220,4.508,0.43470,0.60540,8.400,4.160,4.240,0.46230,0.43880,0.44220,4.508,0.43470,0.60540,8.400,2026-03,True,1.0,1.0,2.9
2250043,2026-03-29,2026-03,PIT,NYM,823647,4,3,games,2,2,games,4.5,0.5,+146,7.5,0.1601,0.1663,34.86,49.14,41.49,0.37450,4.423,0.49160,0.54100,8.320,3.690,4.630,0.38450,0.51100,0.37450,4.423,0.49160,0.54100,8.320,2026-03,True,1.0,1.0,2.9
2250044,2026-03-29,2026-03,COL,MIA,823891,3,4,games,3,2,games,4.5,0.5,+138,8.0,0.1589,0.1644,43.61,40.50,51.92,0.48030,4.781,0.46990,0.63650,8.960,4.730,4.230,0.51270,0.52640,0.48030,4.781,0.46990,0.63650,8.960,2026-03,True,1.0,1.0,2.9
2250045,2026-03-29,2026-03,LAA,HOU,824215,7,9,games,6,6,games,4.5,0.5,+138,9.0,0.1471,0.1448,35.20,50.08,41.32,0.35290,5.165,0.45820,0.50240,9.700,4.030,5.670,0.33820,0.50000,0.35290,5.165,0.45820,0.50240,9.700,2026-03,True,1.0,1.0,2.9
2250046,2026-03-29,2026-03,CWS,MIL,823810,7,9,games,7,2,games,4.5,0.5,+130,7.5,0.1482,0.1465,34.86,50.32,40.98,0.39620,4.241,0.46760,0.56660,8.000,3.720,4.280,0.41740,0.48220,0.39620,4.241,0.46760,0.56660,8.000,2026-03,True,1.0,1.0,2.9
2250047,2026-03-29,2026-03,TB,STL,823079,11,7,games,6,4,games,4.5,-0.5,-116,7.5,0.1533,0.1550,48.23,36.44,56.90,0.46210,4.298,0.47490,0.63020,8.100,4.150,3.950,0.48890,0.49160,0.46210,4.298,0.47490,0.63020,8.100,2026-03,True,1.0,1.0,2.9
2250048,2026-03-29,2026-03,WSH,CHC,824700,6,3,games,3,2,games,5.5,1.5,+182,9.0,0.1552,0.1583,33.95,50.52,40.16,0.36960,4.690,0.39910,0.52850,8.790,3.800,4.990,0.36650,0.42760,0.36960,4.690,0.39910,0.52850,8.790,2026-03,True,1.0,1.0,2.9
2250049,2026-03-29,2026-03,CLE,SEA,823160,0,8,games,0,6,games,4.5,0.5,+112,7.5,0.1631,0.1713,40.84,42.85,48.78,0.42720,4.077,0.44500,0.60260,7.700,3.750,3.950,0.45110,0.45430,0.42720,4.077,0.44500,0.60260,7.700,2026-03,True,1.0,1.0,2.9
2250050,2026-03-30,2026-03,MIN,KC,824135,1,3,games,1,2,games,5.5,0.5,+126,10.0,0.1708,0.1842,42.00,40.92,50.74,0.38690,4.475,0.31490,0.55160,8.430,3.770,4.660,0.39440,0.31860,0.38690,4.475,0.31490,0.55160,8.430,2026-03,True,1.0,1.0,2.9
2250051,2026-03-30,2026-03,TEX,BAL,824863,5,2,games,4,2,games,5.5,0.5,+102,9.0,0.1569,0.1610,42.24,42.07,50.00,0.42610,4.909,0.42660,0.57990,9.160,4.400,4.760,0.43940,0.45830,0.42610,4.909,0.42660,0.57990,9.160,2026-03,True,1.0,1.0,2.9
2250052,2026-03-30,2026-03,PIT,CIN,824539,0,2,games,0,2,games,4.5,0.5,+108,8.5,0.1631,0.1714,40.66,43.03,48.54,0.44110,4.532,0.43890,0.60360,8.510,4.240,4.270,0.46740,0.44780,0.44110,4.532,0.43890,0.60360,8.510,2026-03,True,1.0,1.0,2.9
2250053,2026-03-30,2026-03,WSH,PHI,823484,13,2,games,7,2,games,5.5,0.5,+122,9.0,0.1429,0.1377,41.81,43.90,48.78,0.42270,5.063,0.44560,0.57440,9.440,4.500,4.930,0.43420,0.48100,0.42270,5.063,0.44560,0.57440,9.440,2026-03,True,1.0,1.0,2.9
2250054,2026-03-30,2026-03,CWS,MIA,823890,9,4,games,8,3,games,4.5,0.5,+106,8.0,0.1575,0.1620,41.68,42.57,49.50,0.42490,4.423,0.42370,0.59030,8.380,4.060,4.320,0.44640,0.47640,0.42490,4.423,0.42370,0.59030,8.380,2026-03,True,1.0,1.0,2.9
2250055,2026-03-30,2026-03,COL,TOR,822834,14,5,games,2,1,games,4.5,1.5,+200,8.0,0.1425,0.1371,35.59,50.15,41.49,0.41800,5.160,0.51640,0.56840,9.660,4.590,5.070,0.43190,0.58190,0.41800,5.160,0.51640,0.56840,9.660,2026-03,True,1.0,1.0,2.9
2250056,2026-03-30,2026-03,ATH,ATL,824943,0,4,games,0,3,games,4.5,0.5,-100,9.0,0.1576,0.1622,43.09,41.15,51.22,0.43680,4.708,0.40190,0.59660,8.830,4.290,4.540,0.44790,0.43100,0.43680,4.708,0.40190,0.59660,8.830,2026-03,True,1.0,1.0,2.9
2250057,2026-03-30,2026-03,LAA,CHC,824702,2,7,games,0,6,games,5.5,0.5,+146,10.0,0.1574,0.1619,39.60,44.65,46.95,0.33030,5.394,0.42510,0.47360,10.070,4.000,6.070,0.31510,0.44930,0.33030,5.394,0.42510,0.47360,10.070,2026-03,True,1.0,1.0,2.9
2250058,2026-03-30,2026-03,TB,MIL,823809,3,2,games,1,0,games,4.5,0.5,+122,8.0,0.1494,0.1484,40.04,45.03,47.17,0.40110,4.460,0.42830,0.56550,8.350,3.880,4.460,0.41710,0.47410,0.40110,4.460,0.42830,0.56550,8.350,2026-03,True,1.0,1.0,2.9
2250059,2026-03-30,2026-03,NYM,STL,823080,4,2,games,2,1,games,4.5,-0.5,-148,9.0,0.1586,0.1639,43.86,40.28,52.15,0.41260,4.206,0.33890,0.58380,7.920,3.700,4.220,0.42130,0.35240,0.41260,4.206,0.33890,0.58380,7.920,2026-03,True,1.0,1.0,2.9
2250060,2026-03-30,2026-03,BOS,HOU,824214,1,8,games,0,4,games,4.5,-0.5,-132,8.5,0.1462,0.1431,49.20,36.18,57.63,0.49840,5.074,0.50590,0.64820,9.380,4.980,4.400,0.51860,0.52210,0.49840,5.074,0.50590,0.64820,9.380,2026-03,True,1.0,1.0,2.9
2250061,2026-03-30,2026-03,SF,SD,823320,3,2,games,3,0,games,4.5,-0.5,-128,8.5,0.1565,0.1603,40.16,44.19,47.62,0.43530,4.662,0.45500,0.59490,8.710,4.270,4.440,0.45570,0.46550,0.43530,4.662,0.45500,0.59490,8.710,2026-03,True,1.0,1.0,2.9
2250062,2026-03-30,2026-03,NYY,SEA,823159,1,2,games,0,1,games,4.5,-0.5,-116,7.5,0.1630,0.1712,39.70,44.00,47.39,0.42600,3.933,0.42510,0.60400,7.360,3.540,3.820,0.44260,0.42170,0.42600,3.933,0.42510,0.60400,7.360,2026-03,True,1.0,1.0,2.9
2250063,2026-03-30,2026-03,CLE,LAD,823972,4,2,games,1,0,games,4.5,0.5,+120,9.0,0.1586,0.1639,37.66,46.48,44.84,0.41920,4.824,0.41650,0.57530,8.970,4.270,4.700,0.43270,0.44180,0.41920,4.824,0.41650,0.57530,8.970,2026-03,True,1.0,1.0,2.9
2250064,2026-03-31,2026-03,TEX,BAL,824861,8,5,games,3,3,games,4.5,-0.5,-150,8.5,0.1477,0.1458,52.62,32.61,61.69,0.49240,5.006,0.49820,0.64340,9.290,4.960,4.330,0.52190,0.51440,0.49240,5.006,0.49820,0.64340,9.290,2026-03,True,1.0,1.0,2.9
2250065,2026-03-31,2026-03,PIT,CIN,824537,8,3,games,6,1,games,4.5,-0.5,-130,9.0,0.1655,0.1753,43.40,40.05,51.92,0.44520,4.219,0.33980,0.61560,7.950,4.010,3.940,0.47630,0.35390,0.44520,4.219,0.33980,0.61560,7.950,2026-03,True,1.0,1.0,2.9
2250066,2026-03-31,2026-03,WSH,PHI,823485,2,3,games,0,3,games,5.5,0.5,+138,9.5,0.1432,0.1382,35.98,49.70,42.02,0.40190,5.017,0.38050,0.55370,9.370,4.320,5.050,0.40990,0.42940,0.40190,5.017,0.38050,0.55370,9.370,2026-03,True,1.0,1.0,2.9
2250067,2026-03-31,2026-03,CWS,MIA,823888,2,9,games,2,4,games,4.5,0.5,+130,8.5,0.1556,0.1589,35.58,48.86,42.19,0.37750,4.393,0.41990,0.54420,8.330,3.700,4.630,0.38520,0.43220,0.37750,4.393,0.41990,0.54420,8.330,2026-03,True,1.0,1.0,2.9
2250068,2026-03-31,2026-03,COL,TOR,822836,1,5,games,0,2,games,4.5,,+176,8.0,0.1434,0.1385,41.31,44.35,48.31,0.43260,5.303,0.53420,0.58000,9.900,4.820,5.080,0.44910,0.59910,0.43260,5.303,0.53420,0.58000,9.900,2026-03,True,1.0,1.0,2.9
2250069,2026-03-31,2026-03,ATH,ATL,824942,5,2,games,5,2,games,5.5,0.5,+116,9.0,0.1594,0.1653,38.29,45.77,45.45,0.36550,4.607,0.38850,0.52620,8.690,3.720,4.980,0.35960,0.41900,0.36550,4.607,0.38850,0.52620,8.690,2026-03,True,1.0,1.0,2.9
2250070,2026-03-31,2026-03,LAA,CHC,824699,2,0,games,0,0,games,,,,7.0,0.1621,0.1697,36.73,47.06,43.86,0.38910,4.465,0.49690,0.55370,8.390,3.770,4.610,0.39430,0.57030,0.38910,4.465,0.49690,0.55370,8.390,2026-03,True,1.0,1.0,2.9
2250071,2026-03-31,2026-03,TB,MIL,823807,2,6,games,2,3,games,,,,7.5,0.1530,0.1545,38.02,46.68,44.84,0.38390,4.159,0.45640,0.55770,7.810,3.530,4.280,0.39860,0.46480,0.38390,4.159,0.45640,0.55770,7.810,2026-03,True,1.0,1.0,2.9
2250072,2026-03-31,2026-03,NYM,STL,823077,0,3,games,0,2,games,,,,8.5,0.1496,0.1489,47.85,37.19,56.33,0.45870,4.529,0.43710,0.62120,8.470,4.250,4.210,0.47220,0.44400,0.45870,4.529,0.43710,0.62120,8.470,2026-03,True,1.0,1.0,2.9
2250073,2026-03-31,2026-03,BOS,HOU,824212,2,9,games,1,6,games,,,,7.5,0.1607,0.1674,40.47,43.46,48.31,0.38660,4.399,0.48860,0.55420,8.270,3.670,4.600,0.38650,0.50630,0.38660,4.399,0.48860,0.55420,8.270,2026-03,True,1.0,1.0,2.9
2250074,2026-03-31,2026-03,SF,SD,823322,9,3,games,4,3,games,,,,7.5,0.1546,0.1571,47.44,37.10,56.14,0.48980,4.626,0.51700,0.64910,8.630,4.630,4.000,0.52470,0.53740,0.48980,4.626,0.51700,0.64910,8.630,2026-03,True,1.0,1.0,2.9
2250075,2026-03-31,2026-03,NYY,SEA,823158,5,0,games,2,0,games,,,,7.0,0.1688,0.1809,44.62,38.50,53.70,0.43710,3.660,0.38580,0.62450,6.880,3.410,3.480,0.46220,0.42990,0.43710,3.660,0.38580,0.62450,6.880,2026-03,True,1.0,1.0,2.9
2250076,2026-03-31,2026-03,CLE,LAD,823969,1,4,games,0,1,games,,,,8.0,0.1673,0.1784,35.93,47.34,43.10,0.36410,4.606,0.44690,0.52540,8.610,3.730,4.880,0.36810,0.49620,0.36410,4.606,0.44690,0.52540,8.610,2026-03,True,1.0,1.0,2.9
2250077,2026-04-01,2026-04,ATH,ATL,824940,1,5,games,1,5,games,4.5,0.5,+182,7.5,0.1630,0.1713,38.26,45.44,45.66,0.36410,4.492,0.50070,0.52840,8.480,3.630,4.850,0.36230,0.52500,0.36410,4.492,0.50070,0.52840,8.480,2026-04,True,1.0,1.0,2.9
2250078,2026-04-01,2026-04,TEX,BAL,824860,3,8,games,2,7,games,4.5,0.5,-110,8.5,0.1705,0.1837,41.00,41.96,49.50,0.41790,4.101,0.38080,0.59200,7.710,3.710,4.010,0.44070,0.37740,0.41790,4.101,0.38080,0.59200,7.710,2026-04,True,1.0,1.0,2.9
2250079,2026-04-01,2026-04,PIT,CIN,824536,8,3,games,3,1,games,3.5,-0.5,-172,7.5,0.1691,0.1813,42.84,40.25,51.46,0.43110,4.014,0.43650,0.60870,7.590,3.770,3.820,0.46450,0.44340,0.43110,4.014,0.43650,0.60870,7.590,2026-04,True,1.0,1.0,2.9
2250080,2026-04-01,2026-04,WSH,PHI,823483,5,6,games,1,1,games,4.5,1.5,+210,8.0,0.1473,0.1450,31.11,54.16,36.50,0.35260,5.026,0.50030,0.50350,9.390,3.960,5.430,0.35020,0.55920,0.35260,5.026,0.50030,0.50350,9.390,2026-04,True,1.0,1.0,2.9
2250081,2026-04-01,2026-04,COL,TOR,822835,2,1,games,0,1,games,4.5,1.5,+205,7.5,0.1592,0.1648,36.00,48.08,42.74,0.39750,4.696,0.52660,0.55720,8.820,4.080,4.740,0.41310,0.55420,0.39750,4.696,0.52660,0.55720,8.820,2026-04,True,1.0,1.0,2.9
2250082,2026-04-01,2026-04,CWS,MIA,823889,0,10,games,0,8,games,4.5,0.5,+116,7.5,0.1632,0.1716,39.91,43.76,47.62,0.42620,4.238,0.46710,0.59680,8.030,3.930,4.100,0.45520,0.48600,0.42620,4.238,0.46710,0.59680,8.030,2026-04,True,1.0,1.0,2.9
2250083,2026-04-01,2026-04,NYM,STL,823078,1,2,games,0,0,games,4.5,-0.5,-168,7.5,0.1573,0.1616,47.15,37.13,55.95,0.45730,4.151,0.45520,0.62960,7.780,3.950,3.830,0.48130,0.46220,0.45730,4.151,0.45520,0.62960,7.780,2026-04,True,1.0,1.0,2.9
2250084,2026-04-01,2026-04,TB,MIL,823806,2,8,games,2,2,games,3.5,0.5,+112,7.0,0.1514,0.1519,42.16,42.70,49.75,0.43300,4.280,0.47290,0.60180,8.000,3.960,4.040,0.46260,0.53730,0.43300,4.280,0.47290,0.60180,8.000,2026-04,True,1.0,1.0,2.9
2250085,2026-04-01,2026-04,BOS,HOU,824211,4,6,games,2,5,games,3.5,-0.5,-168,7.0,0.1620,0.1695,44.37,39.43,53.05,0.45220,4.381,0.48650,0.61940,8.180,4.100,4.080,0.47190,0.55290,0.45220,4.381,0.48650,0.61940,8.180,2026-04,True,1.0,1.0,2.9
2250086,2026-04-01,2026-04,LAA,CHC,824698,2,6,games,0,5,games,3.5,0.5,+120,6.0,0.1592,0.1649,37.74,46.34,44.84,0.37150,4.575,0.57810,0.53330,8.570,3.750,4.820,0.37400,0.67840,0.37150,4.575,0.57810,0.53330,8.570,2026-04,True,1.0,1.0,2.9
2250087,2026-04-01,2026-04,SF,SD,823321,1,7,games,0,2,games,4.5,0.5,+126,8.0,0.1671,0.1780,38.31,44.99,46.08,0.38600,3.923,0.35520,0.56610,7.420,3.380,4.040,0.40480,0.38800,0.38600,3.923,0.35520,0.56610,7.420,2026-04,True,1.0,1.0,2.9
2250088,2026-04-01,2026-04,NYY,SEA,823157,5,3,games,1,0,games,3.5,0.5,-106,7.0,0.1612,0.1682,45.43,38.45,54.13,0.43570,3.933,0.42550,0.61560,7.350,3.610,3.740,0.45740,0.47640,0.43570,3.933,0.42550,0.61560,7.350,2026-04,True,1.0,1.0,2.9
2250089,2026-04-01,2026-04,MIN,KC,824136,9,13,games,1,5,games,3.5,-0.5,-124,8.0,0.1677,0.1790,40.50,42.73,48.66,0.40730,4.251,0.40110,0.57810,8.010,3.760,4.260,0.42400,0.44340,0.40730,4.251,0.40110,0.57810,8.010,2026-04,True,1.0,1.0,2.9
2250090,2026-04-01,2026-04,CLE,LAD,823970,4,1,games,2,0,games,4.5,1.5,+215,8.0,0.1704,0.1835,33.57,49.39,40.49,0.35980,4.434,0.42520,0.52500,8.290,3.570,4.720,0.36620,0.46850,0.35980,4.434,0.42520,0.52500,8.290,2026-04,True,1.0,1.0,2.9
2250091,2026-04-02,2026-04,MIN,KC,824133,5,1,games,1,0,games,5.5,0.5,+130,9.5,0.1672,0.1782,40.41,42.87,48.54,0.39120,4.519,0.32040,0.55560,8.500,3.850,4.650,0.40030,0.35780,0.39120,4.519,0.32040,0.55560,8.500,2026-04,True,1.0,1.0,2.9
2250092,2026-04-03,2026-04,TOR,CWS,824621,4,5,games,1,3,games,,,,,,,,,,0.44060,4.480,0.43100,0.60420,8.430,4.150,4.290,0.45830,0.44210,0.44060,4.480,0.43100,0.60420,8.430,2026-04,True,1.0,1.0,2.9
2250093,2026-04-02,2026-04,NYM,SF,823242,2,7,games,2,6,games,4.5,-0.5,-128,8.0,0.1651,0.1747,41.92,41.57,50.25,0.41530,4.259,0.40170,0.58560,7.990,3.760,4.230,0.42540,0.44100,0.41530,4.259,0.40170,0.58560,7.990,2026-04,True,1.0,1.0,2.9
2250094,2026-04-03,2026-04,LAD,WSH,822758,13,6,games,11,4,games,4.5,-1.5,-260,9.5,0.1514,0.1518,54.23,30.64,63.90,0.52120,5.299,0.41360,0.66600,9.700,5.350,4.350,0.54810,0.45720,0.52120,5.299,0.41360,0.66600,9.700,2026-04,True,1.0,1.0,2.9
2250095,2026-04-03,2026-04,STL,DET,824299,0,4,games,0,3,games,4.5,0.5,+150,8.0,0.1546,0.1573,40.96,43.57,48.54,0.40320,4.406,0.42030,0.56850,8.290,3.870,4.420,0.41950,0.46880,0.40320,4.406,0.42030,0.56850,8.290,2026-04,True,1.0,1.0,2.9
2250096,2026-04-03,2026-04,MIA,NYY,823568,2,8,games,2,4,games,4.5,0.5,+116,8.0,0.1545,0.1570,43.15,41.41,50.98,0.43110,4.643,0.45250,0.59110,8.620,4.230,4.390,0.45640,0.49840,0.43110,4.643,0.45250,0.59110,8.620,2026-04,True,1.0,1.0,2.9
2250097,2026-04-03,2026-04,SD,BOS,824786,2,5,games,2,2,games,4.5,0.5,+102,8.5,0.1507,0.1507,43.55,41.38,51.22,0.42710,4.346,0.41370,0.59530,8.120,3.930,4.190,0.44600,0.41390,0.42710,4.346,0.41370,0.59530,8.120,2026-04,True,1.0,1.0,2.9
2250098,2026-04-03,2026-04,CIN,TEX,822919,5,3,games,2,2,games,4.5,0.5,+134,8.0,0.1743,0.1901,41.70,40.86,50.50,0.45300,4.272,0.40360,0.62210,8.000,4.060,3.940,0.48160,0.44210,0.45300,4.272,0.40360,0.62210,8.000,2026-04,True,1.0,1.0,2.9
2250099,2026-04-03,2026-04,CHC,CLE,824458,1,4,games,1,1,games,3.5,0.5,-106,7.5,0.1702,0.1832,44.72,38.26,53.92,0.44480,4.023,0.43800,0.62060,7.570,3.780,3.790,0.46810,0.44140,0.44480,4.023,0.43800,0.62060,7.570,2026-04,True,1.0,1.0,2.9
2250100,2026-04-03,2026-04,TB,MIN,823732,4,10,games,3,3,games,4.5,0.5,-104,7.5,0.1475,0.1454,42.22,43.03,49.50,0.43390,4.946,0.55700,0.58780,9.230,4.510,4.730,0.45160,0.58700,0.43390,4.946,0.55700,0.58780,9.230,2026-04,True,1.0,1.0,2.9
2250101,2026-04-03,2026-04,PHI,COL,824377,10,1,games,10,1,games,5.5,-0.5,-188,10.0,0.1368,0.1275,48.99,37.33,56.71,0.41520,6.508,0.54680,0.54450,11.950,5.630,6.320,0.42540,0.58340,0.41520,6.508,0.54680,0.54450,11.950,2026-04,True,1.0,1.0,2.9
2250102,2026-04-03,2026-04,BAL,PIT,823406,4,5,games,2,5,games,4.5,-0.5,-118,8.5,0.1714,0.1851,46.38,36.49,55.95,0.46370,4.647,0.45350,0.62360,8.700,4.450,4.250,0.48650,0.46510,0.46370,4.647,0.45350,0.62360,8.700,2026-04,True,1.0,1.0,2.9
2250103,2026-04-04,2026-04,MIL,KC,824134,2,8,games,2,2,games,,,,9.0,0.1651,0.1747,43.86,39.63,52.61,0.48130,4.530,0.37960,0.64340,8.400,4.410,3.990,0.50820,0.39480,0.48130,4.530,0.37960,0.64340,8.400,2026-04,True,1.0,1.0,2.9
2250104,2026-04-03,2026-04,SEA,LAA,824056,3,1,games,0,0,games,3.5,-0.5,-160,8.0,0.1565,0.1603,49.31,35.04,58.51,0.45210,4.190,0.39250,0.62380,7.870,4.020,3.860,0.48470,0.43000,0.45210,4.190,0.39250,0.62380,7.870,2026-04,True,1.0,1.0,2.9
2250105,2026-04-03,2026-04,HOU,ATH,825026,4,11,games,1,11,games,5.5,0.5,-110,9.5,0.1453,0.1417,42.30,43.17,49.50,0.43130,5.742,0.46540,0.57150,10.640,5.110,5.530,0.44070,0.52810,0.43130,5.742,0.46540,0.57150,10.640,2026-04,True,1.0,1.0,2.9
2250106,2026-04-03,2026-04,NYM,SF,823240,10,3,games,5,0,games,3.5,-0.5,-140,7.5,0.1714,0.1852,44.40,38.46,53.49,0.42480,3.984,0.43210,0.60260,7.490,3.610,3.880,0.44290,0.43510,0.42480,3.984,0.43210,0.60260,7.490,2026-04,True,1.0,1.0,2.9
2250107,2026-04-04,2026-04,STL,DET,824295,6,11,games,6,8,games,4.5,0.5,+116,7.5,0.1541,0.1563,37.90,46.69,44.84,0.39250,4.508,0.50310,0.55670,8.460,3.890,4.580,0.40830,0.52130,0.39250,4.508,0.50310,0.55670,8.460,2026-04,True,1.0,1.0,2.9
2250108,2026-04-04,2026-04,TOR,CWS,824622,3,6,games,0,1,games,4.5,-0.5,-140,8.5,0.1633,0.1717,45.17,38.50,53.92,0.46900,4.210,0.39530,0.63950,7.930,4.120,3.810,0.49830,0.39680,0.46900,4.210,0.39530,0.63950,7.930,2026-04,True,1.0,1.0,2.9
2250109,2026-04-04,2026-04,LAD,WSH,822757,10,5,games,9,2,games,5.5,-1.5,-290,9.5,0.1462,0.1431,55.33,30.06,64.79,0.52860,5.601,0.44820,0.66920,10.240,5.670,4.570,0.55410,0.49830,0.52860,5.601,0.44820,0.66920,10.240,2026-04,True,1.0,1.0,2.9
2250110,2026-04-04,2026-04,HOU,ATH,825027,11,0,games,7,0,games,4.5,0.5,+104,10.0,0.1459,0.1426,39.44,45.98,46.08,0.42230,5.772,0.46770,0.56160,10.690,5.060,5.630,0.42970,0.49750,0.42230,5.772,0.46770,0.56160,10.690,2026-04,True,1.0,1.0,2.9
2250111,2026-04-04,2026-04,BAL,PIT,823404,2,3,games,2,1,games,4.5,-0.5,-114,8.5,0.1664,0.1768,43.37,39.99,51.92,0.41870,5.097,0.50910,0.57020,9.530,4.490,5.040,0.42460,0.53380,0.41870,5.097,0.50910,0.57020,9.530,2026-04,True,1.0,1.0,2.9
2250112,2026-04-04,2026-04,SD,BOS,824782,3,2,games,2,1,games,4.5,0.5,+134,7.5,0.1584,0.1635,40.73,43.43,48.31,0.37250,4.117,0.45070,0.54760,7.740,3.410,4.330,0.38180,0.45740,0.37250,4.117,0.45070,0.54760,7.740,2026-04,True,1.0,1.0,2.9
2250113,2026-04-04,2026-04,MIL,KC,824132,5,2,games,5,0,games,4.5,-0.5,-118,8.0,0.1649,0.1743,43.87,39.65,52.61,0.36300,4.148,0.38700,0.53600,7.800,3.330,4.470,0.36180,0.42370,0.36300,4.148,0.38700,0.53600,7.800,2026-04,True,1.0,1.0,2.9
2250114,2026-04-04,2026-04,CIN,TEX,822920,2,0,games,2,0,games,4.5,0.5,+116,8.5,0.1676,0.1789,44.22,39.01,53.05,0.44250,4.336,0.41180,0.61030,8.120,4.050,4.080,0.46770,0.41430,0.44250,4.336,0.41180,0.61030,8.120,2026-04,True,1.0,1.0,2.9
2250115,2026-04-04,2026-04,MIA,NYY,823569,7,9,games,4,2,games,3.5,0.5,+148,7.5,0.1492,0.1482,36.28,48.80,42.55,0.36930,4.978,0.56020,0.52200,9.230,4.040,5.190,0.37440,0.58590,0.36930,4.978,0.56020,0.52200,9.230,2026-04,True,1.0,1.0,2.9
2250116,2026-04-04,2026-04,TB,MIN,823730,7,1,games,6,1,games,4.5,0.5,-106,8.0,0.1479,0.1460,49.48,35.73,57.98,0.49630,4.819,0.47420,0.65170,8.960,4.830,4.130,0.52990,0.52600,0.49630,4.819,0.47420,0.65170,8.960,2026-04,True,1.0,1.0,2.9
2250117,2026-04-05,2026-04,CHC,CLE,824460,5,6,games,1,0,games,3.5,-0.5,-150,7.5,0.1607,0.1674,46.70,37.23,55.56,0.46320,4.084,0.44610,0.63680,7.640,3.930,3.710,0.49190,0.44860,0.46320,4.084,0.44610,0.63680,7.640,2026-04,True,1.0,1.0,2.9
2250118,2026-04-04,2026-04,PHI,COL,824378,2,1,games,2,1,games,5.5,-1.5,-225,10.0,0.1465,0.1438,46.66,38.68,54.75,0.42140,5.606,0.45050,0.56370,10.360,4.970,5.390,0.44010,0.47280,0.42140,5.606,0.45050,0.56370,10.360,2026-04,True,1.0,1.0,2.9
2250119,2026-04-04,2026-04,NYM,SF,823239,9,0,games,8,0,games,4.5,-0.5,-112,7.5,0.1609,0.1677,47.10,36.82,56.14,0.44420,4.591,0.51390,0.60550,8.550,4.210,4.340,0.45760,0.53140,0.44420,4.591,0.51390,0.60550,8.550,2026-04,True,1.0,1.0,2.9
2250120,2026-04-04,2026-04,SEA,LAA,824054,0,1,games,0,1,games,5.5,-0.5,-150,9.5,0.1395,0.1321,53.42,32.63,62.12,0.48050,5.219,0.40440,0.62830,9.690,5.070,4.620,0.50530,0.45390,0.48050,5.219,0.40440,0.62830,9.690,2026-04,True,1.0,1.0,2.9
2250121,2026-04-05,2026-04,LAD,WSH,822756,8,6,games,1,6,games,4.5,-0.5,-152,9.0,0.1483,0.1466,47.05,38.12,55.16,0.43270,5.598,0.50740,0.57560,10.300,4.920,5.390,0.43400,0.54720,0.43270,5.598,0.50740,0.57560,10.300,2026-04,True,1.0,1.0,2.9
2250122,2026-04-05,2026-04,BAL,PIT,823405,2,8,games,1,6,games,4.5,0.5,-104,8.0,0.1675,0.1787,42.05,41.19,50.50,0.40510,4.767,0.46780,0.56370,8.950,4.130,4.820,0.41100,0.52530,0.40510,4.767,0.46780,0.56370,8.950,2026-04,True,1.0,1.0,2.9
2250123,2026-04-05,2026-04,SD,BOS,824781,8,6,games,6,4,games,4.5,0.5,+158,9.0,0.1515,0.1520,42.30,42.55,49.75,0.36950,4.466,0.37110,0.53370,8.370,3.640,4.730,0.37210,0.39110,0.36950,4.466,0.37110,0.53370,8.370,2026-04,True,1.0,1.0,2.9
2250124,2026-04-05,2026-04,MIA,NYY,823566,7,6,games,2,4,games,4.5,1.5,+240,8.5,0.1568,0.1608,34.80,49.52,41.32,0.31210,3.758,0.33260,0.49700,7.110,2.800,4.310,0.31780,0.31900,0.31210,3.758,0.33260,0.49700,7.110,2026-04,True,1.0,1.0,2.9
2250125,2026-04-05,2026-04,CHC,CLE,824459,1,0,games,0,0,games,3.5,-0.5,-150,7.5,0.1619,0.1694,42.23,41.58,50.50,0.42500,4.137,0.45320,0.59770,7.760,3.730,4.030,0.44110,0.46080,0.42500,4.137,0.45320,0.59770,7.760,2026-04,True,1.0,1.0,2.9
2250126,2026-04-05,2026-04,TB,MIN,823729,4,1,games,1,1,games,4.5,0.5,+112,8.0,0.1528,0.1542,40.27,44.46,47.62,0.42030,4.809,0.47480,0.57820,9.010,4.300,4.710,0.43540,0.53000,0.42030,4.809,0.47480,0.57820,9.010,2026-04,True,1.0,1.0,2.9
2250127,2026-04-05,2026-04,TOR,CWS,824620,0,3,games,0,3,games,4.5,-0.5,-148,8.0,0.1617,0.1690,44.17,39.66,52.61,0.46450,4.195,0.39260,0.63560,7.910,4.070,3.840,0.49150,0.43450,0.46450,4.195,0.39260,0.63560,7.910,2026-04,True,1.0,1.0,2.9
2250128,2026-04-05,2026-04,MIL,KC,824131,8,5,games,4,2,games,4.5,0.5,+108,7.5,0.1667,0.1774,42.59,40.74,51.22,0.38970,4.453,0.49650,0.55470,8.320,3.740,4.580,0.39250,0.51020,0.38970,4.453,0.49650,0.55470,8.320,2026-04,True,1.0,1.0,2.9
2250129,2026-04-05,2026-04,CIN,TEX,822917,2,1,games,1,0,games,3.5,0.5,-108,7.5,0.1737,0.1890,41.72,40.92,50.50,0.40790,4.079,0.44510,0.58240,7.680,3.610,4.070,0.42560,0.45310,0.40790,4.079,0.44510,0.58240,7.680,2026-04,True,1.0,1.0,2.9
2250130,2026-04-05,2026-04,PHI,COL,824379,1,4,games,1,4,games,6.5,-0.5,-132,11.0,0.1311,0.1180,49.48,37.41,56.90,0.42640,6.670,0.51070,0.55400,12.240,5.870,6.360,0.44180,0.53160,0.42640,6.670,0.51070,0.55400,12.240,2026-04,True,1.0,1.0,2.9
2250131,2026-04-05,2026-04,HOU,ATH,825025,10,12,games,3,5,games,5.5,-0.5,-140,10.0,0.1360,0.1262,34.86,51.54,40.32,0.37010,6.578,0.55310,0.49690,12.200,5.240,6.950,0.35880,0.59830,0.37010,6.578,0.55310,0.49690,12.200,2026-04,True,1.0,1.0,2.9
2250132,2026-04-05,2026-04,NYM,SF,823238,5,2,games,1,0,games,3.5,0.5,+104,7.0,0.1658,0.1759,42.98,40.43,51.46,0.45620,4.601,0.51360,0.61670,8.570,4.310,4.260,0.47420,0.58580,0.45620,4.601,0.51360,0.61670,8.570,2026-04,True,1.0,1.0,2.9
2250133,2026-04-05,2026-04,SEA,LAA,824053,7,8,games,5,6,games,4.5,-0.5,-166,9.0,0.1528,0.1541,49.86,34.86,58.85,0.44500,4.551,0.38170,0.60710,8.530,4.270,4.260,0.47040,0.40470,0.44500,4.551,0.38170,0.60710,8.530,2026-04,True,1.0,1.0,2.9
2250134,2026-04-05,2026-04,STL,DET,824296,5,3,games,4,2,games,4.5,0.5,+106,8.0,0.1572,0.1615,45.03,39.25,53.49,0.44250,4.325,0.41120,0.61000,8.120,4.070,4.050,0.47260,0.45360,0.44250,4.325,0.41120,0.61000,8.120,2026-04,True,1.0,1.0,2.9
2250135,2026-04-06,2026-04,CHC,TB,823002,4,6,games,2,4,games,4.5,0.5,+114,8.0,0.1589,0.1644,45.06,39.05,53.49,0.44870,4.628,0.45000,0.60940,8.620,4.280,4.340,0.46400,0.49810,0.44870,4.628,0.45000,0.60940,8.620,2026-04,True,1.0,1.0,2.9
2250136,2026-04-06,2026-04,KC,CLE,824456,4,2,games,1,1,games,3.5,0.5,-104,7.0,0.1665,0.1771,40.26,43.09,48.31,0.42610,4.127,0.45260,0.59990,7.810,3.790,4.020,0.44910,0.51940,0.42610,4.127,0.45260,0.59990,7.810,2026-04,True,1.0,1.0,2.9
2250137,2026-04-06,2026-04,SD,PIT,823401,5,0,games,3,0,games,4.5,0.5,+118,8.5,0.1635,0.1720,36.06,47.59,43.10,0.32810,5.021,0.49890,0.47810,9.430,3.730,5.700,0.31020,0.52350,0.32810,5.021,0.49890,0.47810,9.430,2026-04,True,1.0,1.0,2.9
2250138,2026-04-06,2026-04,CIN,MIA,823886,2,0,games,1,0,games,4.5,0.5,+110,8.5,0.1593,0.1650,40.69,43.39,48.31,0.41530,4.272,0.40320,0.58490,8.030,3.810,4.220,0.43180,0.40560,0.41530,4.272,0.40320,0.58490,8.030,2026-04,True,1.0,1.0,2.9
2250139,2026-04-06,2026-04,STL,WSH,822755,6,9,games,1,2,games,4.5,0.5,-108,8.0,0.1512,0.1515,39.96,44.92,47.17,0.40070,5.335,0.53650,0.54790,9.990,4.580,5.400,0.40530,0.60540,0.40070,5.335,0.53650,0.54790,9.990,2026-04,True,1.0,1.0,2.9
2250140,2026-04-06,2026-04,MIL,BOS,824783,8,6,games,5,5,games,4.5,-0.5,-128,8.0,0.1558,0.1592,46.47,37.95,54.95,0.45470,4.110,0.38110,0.62820,7.660,3.880,3.770,0.48070,0.41090,0.45470,4.110,0.38110,0.62820,7.660,2026-04,True,1.0,1.0,2.9
2250141,2026-04-06,2026-04,LAD,TOR,822832,14,2,games,6,1,games,4.5,-0.5,-135,9.0,0.1412,0.1349,50.13,35.75,58.33,0.48300,4.932,0.42940,0.63650,9.060,4.750,4.310,0.50800,0.45050,0.48300,4.932,0.42940,0.63650,9.060,2026-04,True,1.0,1.0,2.9
2250142,2026-04-06,2026-04,DET,MIN,823728,3,7,games,3,5,games,3.5,0.5,+110,7.0,0.1522,0.1532,42.49,42.29,50.00,0.39160,4.635,0.51880,0.55160,8.680,3.920,4.760,0.39640,0.59380,0.39160,4.635,0.51880,0.55160,8.680,2026-04,True,1.0,1.0,2.9
2250143,2026-04-06,2026-04,BAL,CWS,824619,2,1,games,1,0,games,4.5,-0.5,-135,8.5,0.1610,0.1679,41.43,42.46,49.50,0.41000,4.637,0.45230,0.57040,8.740,4.060,4.680,0.41560,0.46900,0.41000,4.637,0.45230,0.57040,8.740,2026-04,True,1.0,1.0,2.9
2250144,2026-04-06,2026-04,SEA,TEX,822918,1,2,games,1,1,games,3.5,0.5,-106,8.0,0.1818,0.2025,41.52,40.31,50.74,0.36320,4.026,0.37010,0.53970,7.620,3.300,4.320,0.37180,0.40760,0.36320,4.026,0.37010,0.53970,7.620,2026-04,True,1.0,1.0,2.9
2250145,2026-04-06,2026-04,HOU,COL,824376,7,9,games,3,8,games,5.5,-0.5,-148,10.5,0.1380,0.1295,47.13,39.07,54.75,0.36930,7.329,0.57170,0.48760,13.460,5.870,7.590,0.36860,0.64140,0.36930,7.329,0.57170,0.48760,13.460,2026-04,True,1.0,1.0,2.9
2250146,2026-04-06,2026-04,ATL,LAA,824052,2,6,games,1,6,games,3.5,-0.5,-172,7.5,0.1552,0.1582,48.73,35.75,57.63,0.44020,3.466,0.35700,0.63520,6.620,3.360,3.250,0.48210,0.34820,0.44020,3.466,0.35700,0.63520,6.620,2026-04,True,1.0,1.0,2.9
2250147,2026-04-06,2026-04,PHI,SF,823237,6,4,games,2,4,games,4.5,-0.5,-118,8.0,0.1667,0.1774,43.99,39.34,52.83,0.41550,4.457,0.42760,0.58040,8.360,3.930,4.430,0.42500,0.47470,0.41550,4.457,0.42760,0.58040,8.360,2026-04,True,1.0,1.0,2.9
2250148,2026-04-07,2026-04,KC,CLE,824457,1,2,games,1,1,games,3.5,-0.5,-112,6.0,0.1708,0.1842,42.84,40.08,51.69,0.40380,3.658,0.45300,0.59300,6.980,3.290,3.690,0.42720,0.54130,0.40380,3.658,0.45300,0.59300,6.980,2026-04,True,1.0,1.0,2.9
2250149,2026-04-07,2026-04,SD,PIT,823402,1,7,games,0,2,games,3.5,0.5,+136,6.0,0.1787,0.1974,42.26,39.87,51.46,0.40560,4.095,0.51530,0.58000,7.730,3.600,4.130,0.41790,0.61080,0.40560,4.095,0.51530,0.58000,7.730,2026-04,True,1.0,1.0,2.9
2250150,2026-04-07,2026-04,CHC,TB,822999,9,2,games,4,0,games,4.5,0.5,-111,8.5,0.1582,0.1632,44.37,39.81,52.61,0.41980,4.456,0.42700,0.58500,8.340,3.950,4.390,0.42950,0.43280,0.41980,4.456,0.42700,0.58500,8.340,2026-04,True,1.0,1.0,2.9
2250151,2026-04-07,2026-04,CIN,MIA,823887,6,3,games,0,2,games,3.5,0.5,+106,7.5,0.1623,0.1701,43.08,40.68,51.46,0.32110,3.727,0.39490,0.50630,7.110,2.810,4.300,0.32040,0.39650,0.32110,3.727,0.39490,0.50630,7.110,2026-04,True,1.0,1.0,2.9
2250152,2026-04-07,2026-04,STL,WSH,822754,7,6,games,2,4,games,3.5,-0.5,-113,7.0,0.1499,0.1494,45.77,39.24,53.92,0.46010,5.451,0.61340,0.60410,10.150,5.130,5.020,0.47890,0.69980,0.46010,5.451,0.61340,0.60410,10.150,2026-04,True,1.0,1.0,2.9
2250153,2026-04-07,2026-04,MIL,BOS,824780,2,3,games,0,0,games,3.5,0.5,+154,6.0,0.1570,0.1612,40.59,43.71,48.08,0.40710,3.808,0.47420,0.58980,7.150,3.360,3.790,0.42390,0.55810,0.40710,3.808,0.47420,0.58980,7.150,2026-04,True,1.0,1.0,2.9
2250154,2026-04-07,2026-04,ATH,NYY,823567,3,5,games,3,1,games,4.5,0.5,+172,8.5,0.1506,0.1505,36.44,48.50,42.92,0.27840,4.016,0.36790,0.45120,7.550,2.720,4.830,0.26990,0.35980,0.27840,4.016,0.36790,0.45120,7.550,2026-04,True,1.0,1.0,2.9
2250155,2026-04-07,2026-04,LAD,TOR,822831,4,1,games,3,0,games,3.5,-0.5,-152,7.5,0.1596,0.1656,47.16,36.88,56.14,0.34190,3.741,0.39650,0.52850,7.060,2.930,4.140,0.34750,0.39270,0.34190,3.741,0.39650,0.52850,7.060,2026-04,True,1.0,1.0,2.9
2250156,2026-04-07,2026-04,DET,MIN,823727,2,4,games,0,4,games,3.5,-0.5,-192,6.5,0.1559,0.1593,47.73,36.68,56.52,0.45690,3.951,0.49530,0.63530,7.420,3.820,3.610,0.48920,0.53880,0.45690,3.951,0.49530,0.63530,7.420,2026-04,True,1.0,1.0,2.9
2250157,2026-04-07,2026-04,BAL,CWS,824618,4,2,games,1,2,games,3.5,-0.5,-150,6.5,0.1735,0.1887,46.15,36.51,55.75,0.46230,3.801,0.47300,0.64470,7.220,3.750,3.470,0.49540,0.51980,0.46230,3.801,0.47300,0.64470,7.220,2026-04,True,1.0,1.0,2.9
2250158,2026-04-07,2026-04,SEA,TEX,822916,2,3,games,2,3,games,3.5,-0.5,-116,7.5,0.1801,0.1997,37.13,44.87,45.25,0.38820,3.547,0.37010,0.58200,6.770,3.110,3.660,0.41170,0.36250,0.38820,3.547,0.37010,0.58200,6.770,2026-04,True,1.0,1.0,2.9
2250159,2026-04-07,2026-04,HOU,COL,824375,1,5,games,1,3,games,5.5,-0.5,-170,11.0,0.1389,0.1310,46.36,39.75,53.92,0.36850,7.058,0.54780,0.48870,13.000,5.660,7.340,0.36890,0.57770,0.36850,7.058,0.54780,0.48870,13.000,2026-04,True,1.0,1.0,2.9
2250160,2026-04-07,2026-04,ATL,LAA,824051,7,2,games,4,2,games,4.5,-0.5,-128,8.5,0.1518,0.1526,45.46,39.36,53.49,0.48080,4.313,0.40880,0.64840,8.080,4.310,3.770,0.51920,0.41040,0.48080,4.313,0.40880,0.64840,8.080,2026-04,True,1.0,1.0,2.9
2250161,2026-04-07,2026-04,PHI,SF,823235,0,6,games,0,3,games,3.5,-0.5,-148,7.5,0.1720,0.1862,50.00,32.80,60.32,0.45710,3.808,0.40660,0.63960,7.180,3.680,3.490,0.48890,0.40470,0.45710,3.808,0.40660,0.63960,7.180,2026-04,True,1.0,1.0,2.9
2250162,2026-04-08,2026-04,SD,PIT,823403,8,2,games,0,0,games,3.5,-0.5,-128,7.0,0.1662,0.1765,43.36,40.02,51.92,0.39680,4.377,0.48580,0.56410,8.250,3.770,4.480,0.40440,0.55890,0.39680,4.377,0.48580,0.56410,8.250,2026-04,True,1.0,1.0,2.9
2250163,2026-04-08,2026-04,KC,CLE,824455,2,10,games,2,5,games,3.5,-0.5,-148,7.0,0.1727,0.1874,40.14,42.59,48.54,0.37900,4.282,0.47270,0.54940,8.120,3.610,4.510,0.38690,0.54530,0.37900,4.282,0.47270,0.54940,8.120,2026-04,True,1.0,1.0,2.9
2250164,2026-04-08,2026-04,MIL,BOS,824779,0,5,games,0,3,games,3.5,0.5,+124,7.0,0.1519,0.1527,46.12,38.68,54.34,0.39240,4.557,0.50910,0.55530,8.490,3.830,4.660,0.39510,0.57820,0.39240,4.557,0.50910,0.55530,8.490,2026-04,True,1.0,1.0,2.9
2250165,2026-04-08,2026-04,BAL,CWS,824617,5,3,games,2,3,games,3.5,-0.5,-168,7.5,0.1629,0.1710,50.48,33.23,60.32,0.45750,4.090,0.44670,0.63080,7.720,3.940,3.780,0.48460,0.45540,0.45750,4.090,0.44670,0.63080,7.720,2026-04,True,1.0,1.0,2.9
2250166,2026-04-08,2026-04,SEA,TEX,822915,0,3,games,0,3,games,3.5,-0.5,-124,7.5,0.1771,0.1948,47.12,35.17,57.26,0.47000,3.205,0.31940,0.67460,6.140,3.320,2.820,0.52630,0.29880,0.47000,3.205,0.31940,0.67460,6.140,2026-04,True,1.0,1.0,2.9
2250167,2026-04-08,2026-04,LAD,TOR,822833,3,4,games,1,1,games,3.5,-0.5,-156,7.5,0.1508,0.1509,48.02,36.89,56.52,0.47540,4.748,0.53340,0.63290,8.760,4.550,4.210,0.49880,0.54840,0.47540,4.748,0.53340,0.63290,8.760,2026-04,True,1.0,1.0,2.9
2250168,2026-04-08,2026-04,HOU,COL,824374,1,9,games,1,7,games,6.5,-0.5,-130,11.0,0.1389,0.1311,46.13,39.98,53.49,0.44450,6.231,0.46490,0.57730,11.470,5.680,5.790,0.46730,0.47910,0.44450,6.231,0.46490,0.57730,11.470,2026-04,True,1.0,1.0,2.9
2250169,2026-04-08,2026-04,PHI,SF,823234,0,5,games,0,0,games,4.5,-0.5,-130,8.5,0.1679,0.1794,41.25,41.96,49.50,0.39990,4.148,0.38660,0.57330,7.820,3.590,4.230,0.40950,0.38640,0.39990,4.148,0.38660,0.57330,7.820,2026-04,True,1.0,1.0,2.9
2250170,2026-04-08,2026-04,STL,WSH,822753,6,1,games,3,1,games,4.5,-0.5,-122,8.5,0.1494,0.1485,43.36,41.71,50.98,0.50160,4.917,0.48700,0.65500,9.170,4.990,4.180,0.53900,0.50400,0.50160,4.917,0.48700,0.65500,9.170,2026-04,True,1.0,1.0,2.9
2250171,2026-04-08,2026-04,ATL,LAA,824050,8,2,games,7,2,games,4.5,-0.5,-112,8.5,0.1518,0.1526,43.84,40.98,51.69,0.43490,3.944,0.35880,0.61370,7.440,3.710,3.740,0.46640,0.35180,0.43490,3.944,0.35880,0.61370,7.440,2026-04,True,1.0,1.0,2.9
2250172,2026-04-08,2026-04,CHC,TB,823000,6,2,games,6,1,games,4.5,0.5,-112,8.0,0.1532,0.1549,45.14,39.53,53.27,0.35850,4.166,0.38830,0.53080,7.860,3.330,4.530,0.35630,0.42930,0.35850,4.166,0.38830,0.53080,7.860,2026-04,True,1.0,1.0,2.9
2250173,2026-04-08,2026-04,CIN,MIA,823885,4,7,games,4,6,games,4.5,0.5,+112,8.0,0.1627,0.1707,39.66,44.07,47.39,0.43800,4.388,0.41900,0.60520,8.230,4.050,4.170,0.45980,0.46310,0.43800,4.388,0.41900,0.60520,8.230,2026-04,True,1.0,1.0,2.9
2250174,2026-04-08,2026-04,ATH,NYY,823564,3,2,games,2,2,games,4.5,0.5,+140,8.0,0.1500,0.1496,41.34,43.66,48.54,0.38200,4.655,0.45380,0.54160,8.660,3.880,4.770,0.39200,0.50100,0.38200,4.655,0.45380,0.54160,8.660,2026-04,True,1.0,1.0,2.9
2250175,2026-04-08,2026-04,DET,MIN,823726,6,8,games,0,7,games,4.5,-0.5,-164,8.0,0.1492,0.1483,43.03,42.04,50.50,0.48960,4.645,0.45210,0.64810,8.620,4.600,4.010,0.52160,0.49700,0.48960,4.645,0.45210,0.64810,8.620,2026-04,True,1.0,1.0,2.9
2250176,2026-04-09,2026-04,CIN,MIA,823884,1,8,games,1,4,games,4.5,0.5,+102,8.5,0.1541,0.1564,44.53,40.06,52.61,0.50070,4.252,0.40050,0.66810,7.940,4.360,3.580,0.54310,0.39680,0.50070,4.252,0.40050,0.66810,7.940,2026-04,True,1.0,1.0,2.9
2250177,2026-04-09,2026-04,ATH,NYY,823565,1,0,games,0,0,games,4.5,0.5,+154,8.0,0.1482,0.1465,40.84,44.34,47.85,0.46480,4.372,0.41680,0.63040,8.120,4.220,3.900,0.49940,0.45290,0.46480,4.372,0.41680,0.63040,8.120,2026-04,True,1.0,1.0,2.9
2250178,2026-04-09,2026-04,DET,MIN,823724,1,3,games,0,1,games,4.5,-0.5,-135,8.0,0.1466,0.1439,47.77,37.57,55.95,0.45920,5.206,0.52190,0.60740,9.650,4.860,4.790,0.47560,0.58130,0.45920,5.206,0.52190,0.60740,9.650,2026-04,True,1.0,1.0,2.9
2250179,2026-04-09,2026-04,CWS,KC,824130,2,0,games,1,0,games,4.5,0.5,+140,9.5,0.1584,0.1635,42.32,41.84,50.25,0.36090,4.230,0.28400,0.53140,8.050,3.490,4.560,0.37260,0.31980,0.36090,4.230,0.28400,0.53140,8.050,2026-04,True,1.0,1.0,2.9
2250180,2026-04-09,2026-04,COL,SD,823319,3,7,games,1,1,games,4.5,0.5,+108,7.5,0.1557,0.1591,33.35,51.08,39.53,0.39240,3.829,0.41020,0.57550,7.280,3.380,3.900,0.41790,0.41300,0.39240,3.829,0.41020,0.57550,7.280,2026-04,True,1.0,1.0,2.9
2250181,2026-04-10,2026-04,PIT,CHC,824695,2,0,games,0,0,games,3.5,0.5,+120,6.5,0.1651,0.1748,38.44,45.05,46.08,0.39340,4.364,0.55200,0.56090,8.210,3.760,4.440,0.40660,0.60850,0.39340,4.364,0.55200,0.56090,8.210,2026-04,True,1.0,1.0,2.9
2250182,2026-04-10,2026-04,MIA,DET,824297,0,2,games,0,2,games,4.5,0.5,+114,8.5,0.1513,0.1517,42.64,42.23,50.25,0.40560,4.531,0.43800,0.56880,8.500,3.990,4.510,0.42300,0.44880,0.40560,4.531,0.43800,0.56880,8.500,2026-04,True,1.0,1.0,2.9
2250183,2026-04-10,2026-04,LAA,CIN,824534,10,2,games,4,1,games,4.5,0.5,+156,8.5,0.1456,0.1422,32.41,53.03,37.88,0.30220,4.616,0.44780,0.46020,8.680,3.300,5.380,0.29130,0.46110,0.30220,4.616,0.44780,0.46020,8.680,2026-04,True,1.0,1.0,2.9
2250184,2026-04-10,2026-04,MIN,TOR,822829,4,10,games,4,6,games,4.5,0.5,+104,9.0,0.1511,0.1514,43.70,41.19,51.46,0.43070,4.636,0.39230,0.59180,8.650,4.220,4.430,0.45130,0.41540,0.43070,4.636,0.39230,0.59180,8.650,2026-04,True,1.0,1.0,2.9
2250185,2026-04-10,2026-04,ATH,NYM,823643,4,0,games,1,0,games,4.5,0.5,+124,8.0,0.1510,0.1511,38.25,46.66,45.05,0.33600,4.436,0.42490,0.50030,8.330,3.420,4.910,0.33680,0.47180,0.33600,4.436,0.42490,0.50030,8.330,2026-04,True,1.0,1.0,2.9
2250186,2026-04-10,2026-04,NYY,TB,822997,3,5,games,2,3,games,4.5,-0.5,-118,8.0,0.1603,0.1666,43.98,40.00,52.38,0.39300,4.475,0.43020,0.55660,8.360,3.750,4.610,0.39280,0.47450,0.39300,4.475,0.43020,0.55660,8.360,2026-04,True,1.0,1.0,2.9
2250187,2026-04-10,2026-04,SF,BAL,824858,6,3,games,3,1,games,4.5,0.5,-104,8.5,0.1508,0.1509,39.98,44.94,47.17,0.43730,4.689,0.45930,0.59680,8.760,4.310,4.440,0.45890,0.47000,0.43730,4.689,0.45930,0.59680,8.760,2026-04,True,1.0,1.0,2.9
2250188,2026-04-10,2026-04,CLE,ATL,824941,5,11,games,2,1,games,4.5,0.5,+108,8.5,0.1609,0.1678,41.37,42.54,49.26,0.35740,4.067,0.37660,0.53410,7.730,3.300,4.440,0.36210,0.37750,0.35740,4.067,0.37660,0.53410,7.730,2026-04,True,1.0,1.0,2.9
2250189,2026-04-10,2026-04,CWS,KC,824128,0,2,games,0,1,games,4.5,0.5,+154,7.5,0.1678,0.1793,39.00,44.22,46.95,0.39540,4.168,0.45770,0.56780,7.930,3.680,4.260,0.41570,0.47530,0.39540,4.168,0.45770,0.56780,7.930,2026-04,True,1.0,1.0,2.9
2250190,2026-04-10,2026-04,WSH,MIL,823808,7,3,games,2,3,games,4.5,0.5,+168,8.5,0.1461,0.1431,31.86,53.53,37.31,0.34930,4.668,0.45550,0.50780,8.720,3.670,5.050,0.34950,0.46640,0.34930,4.668,0.45550,0.50780,8.720,2026-04,True,1.0,1.0,2.9
2250191,2026-04-10,2026-04,BOS,STL,823076,2,3,games,2,3,games,3.5,-0.5,-140,7.0,0.1526,0.1539,48.85,35.88,57.63,0.46890,4.227,0.46550,0.63930,7.920,4.100,3.820,0.49620,0.53000,0.46890,4.227,0.46550,0.63930,7.920,2026-04,True,1.0,1.0,2.9
2250192,2026-04-10,2026-04,COL,SD,823318,2,5,games,0,2,games,4.5,0.5,+134,8.0,0.1561,0.1596,35.89,48.50,42.55,0.51350,4.266,0.40210,0.68080,7.980,4.510,3.480,0.56560,0.44090,0.51350,4.266,0.40210,0.68080,7.980,2026-04,True,1.0,1.0,2.9
2250193,2026-04-10,2026-04,HOU,SEA,823156,6,9,games,3,5,games,6.5,0.5,+142,8.0,0.1593,0.1650,39.47,44.61,46.95,0.31490,3.452,0.29050,0.51110,6.610,2.600,4.010,0.32060,0.31000,0.31490,3.452,0.29050,0.51110,6.610,2026-04,True,1.0,1.0,2.9
2250194,2026-04-10,2026-04,TEX,LAD,823968,7,8,games,4,3,games,4.5,-1.5,-720,8.5,0.1597,0.1656,32.68,51.36,38.91,0.31350,4.739,0.46430,0.46920,8.850,3.450,5.390,0.30560,0.47530,0.31350,4.739,0.46430,0.46920,8.850,2026-04,True,1.0,1.0,2.9
2250195,2026-04-11,2026-04,MIA,DET,824294,1,6,games,1,5,games,3.5,0.5,+106,7.0,0.1583,0.1634,43.70,40.46,51.92,0.44860,4.451,0.49510,0.61360,8.330,4.210,4.120,0.47780,0.56530,0.44860,4.451,0.49510,0.61360,8.330,2026-04,True,1.0,1.0,2.9
2250196,2026-04-11,2026-04,PIT,CHC,824697,4,3,games,3,1,games,3.5,0.5,+114,6.5,0.1643,0.1733,41.09,42.48,49.26,0.38070,3.707,0.46020,0.56930,7.060,3.200,3.860,0.40170,0.50330,0.38070,3.707,0.46020,0.56930,7.060,2026-04,True,1.0,1.0,2.9
2250197,2026-04-11,2026-04,MIN,TOR,822830,7,4,games,7,2,games,4.5,-4.5,-122,8.0,0.1492,0.1482,42.04,43.04,49.50,0.39310,4.473,0.43020,0.55800,8.380,3.840,4.540,0.40620,0.47650,0.39310,4.473,0.43020,0.55800,8.380,2026-04,True,1.0,1.0,2.9
2250198,2026-04-11,2026-04,LAA,CIN,824535,3,7,games,3,5,games,4.5,5.5,+1400,9.0,0.1564,0.1601,39.20,45.17,46.51,0.41530,4.578,0.38540,0.57700,8.560,4.070,4.490,0.43200,0.40860,0.41530,4.578,0.38540,0.57700,8.560,2026-04,True,1.0,1.0,2.9
2250199,2026-04-11,2026-04,ATH,NYM,823644,11,6,games,7,3,games,7.5,-2.5,+142,7.5,0.1545,0.1570,43.54,41.01,51.46,0.38980,4.627,0.51780,0.55140,8.640,3.930,4.710,0.40100,0.53860,0.38980,4.627,0.51780,0.55140,8.640,2026-04,True,1.0,1.0,2.9
2250200,2026-04-11,2026-04,CWS,KC,824129,0,2,games,0,1,games,4.5,1.5,+360,9.0,0.1608,0.1675,37.93,46.00,45.25,0.33410,3.965,0.30730,0.51220,7.590,3.120,4.470,0.34090,0.32320,0.33410,3.965,0.30730,0.51220,7.590,2026-04,True,1.0,1.0,2.9
2250201,2026-04-11,2026-04,NYY,TB,822996,4,5,games,1,1,games,4.5,-0.5,-184,8.0,0.1578,0.1625,50.14,34.09,59.51,0.45250,3.623,0.31370,0.64100,6.820,3.470,3.350,0.48230,0.33030,0.45250,3.623,0.31370,0.64100,6.820,2026-04,True,1.0,1.0,2.9
2250202,2026-04-11,2026-04,WSH,MIL,823805,3,1,games,2,0,games,4.5,0.5,+126,8.0,0.1494,0.1485,38.11,46.95,44.84,0.38470,4.189,0.39140,0.55700,7.870,3.570,4.300,0.40090,0.43010,0.38470,4.189,0.39140,0.55700,7.870,2026-04,True,1.0,1.0,2.9
2250203,2026-04-11,2026-04,SF,BAL,824857,2,6,games,2,4,games,3.5,-0.5,-140,7.5,0.1551,0.1581,42.33,42.15,50.00,0.42200,5.018,0.56480,0.57470,9.350,4.470,4.870,0.43630,0.59660,0.42200,5.018,0.56480,0.57470,9.350,2026-04,True,1.0,1.0,2.9
2250204,2026-04-11,2026-04,BOS,STL,823074,7,1,games,2,0,games,4.5,-0.5,-130,8.0,0.1563,0.1601,40.59,43.77,48.08,0.48500,4.712,0.46170,0.64280,8.770,4.610,4.170,0.50760,0.51050,0.48500,4.712,0.46170,0.64280,8.770,2026-04,True,1.0,1.0,2.9
2250205,2026-04-11,2026-04,CLE,ATL,824939,6,0,games,1,0,games,4.5,0.5,-112,8.0,0.1621,0.1698,35.32,48.46,42.19,0.43850,3.927,0.35630,0.61790,7.440,3.720,3.730,0.46880,0.39120,0.43850,3.927,0.35630,0.61790,7.440,2026-04,True,1.0,1.0,2.9
2250206,2026-04-11,2026-04,COL,SD,823316,5,9,games,4,6,games,4.5,0.5,+112,8.5,0.1541,0.1564,42.20,42.39,50.00,0.47540,4.984,0.49460,0.62770,9.280,4.870,4.410,0.50790,0.51490,0.47540,4.984,0.49460,0.62770,9.280,2026-04,True,1.0,1.0,2.9
2250207,2026-04-11,2026-04,TEX,LAD,823967,3,6,games,1,5,games,4.5,0.5,+140,8.0,0.1689,0.1811,33.79,49.32,40.65,0.38810,4.188,0.39170,0.55980,7.830,3.570,4.260,0.40350,0.42690,0.38810,4.188,0.39170,0.55980,7.830,2026-04,True,1.0,1.0,2.9
2250208,2026-04-11,2026-04,HOU,SEA,823155,7,8,games,7,7,games,4.5,0.5,+108,7.5,0.1516,0.1521,30.53,54.32,35.97,0.42890,3.794,0.40450,0.61270,7.180,3.540,3.640,0.45920,0.40340,0.42890,3.794,0.40450,0.61270,7.180,2026-04,True,1.0,1.0,2.9
2250209,2026-04-12,2026-04,SF,BAL,824859,2,6,games,1,4,games,4.5,0.5,+106,8.5,0.1543,0.1567,42.95,41.62,50.74,0.40840,5.295,0.53260,0.55560,9.840,4.580,5.260,0.41490,0.55850,0.40840,5.295,0.53260,0.55560,9.840,2026-04,True,1.0,1.0,2.9
2250210,2026-04-12,2026-04,MIN,TOR,822828,8,2,games,8,1,games,4.5,-0.5,-112,7.5,0.1430,0.1378,45.23,40.47,52.83,0.47840,4.678,0.52430,0.63740,8.710,4.590,4.120,0.51150,0.54470,0.47840,4.678,0.52430,0.63740,8.710,2026-04,True,1.0,1.0,2.9
2250211,2026-04-12,2026-04,LAA,CIN,824533,9,6,games,7,0,games,4.5,-0.5,-128,8.5,0.1597,0.1657,39.47,44.56,46.95,0.51560,4.053,0.37350,0.68630,7.580,4.300,3.270,0.56920,0.36390,0.51560,4.053,0.37350,0.68630,7.580,2026-04,True,1.0,1.0,2.9
2250212,2026-04-12,2026-04,ATH,NYM,823642,1,0,games,1,0,games,3.5,0.5,+150,7.0,0.1537,0.1557,36.55,48.08,43.10,0.41790,4.443,0.49450,0.58310,8.300,3.980,4.320,0.43920,0.56410,0.41790,4.443,0.49450,0.58310,8.300,2026-04,True,1.0,1.0,2.9
2250213,2026-04-12,2026-04,MIA,DET,824293,2,8,games,0,4,games,3.5,0.5,+154,6.5,0.1669,0.1778,37.29,46.01,44.84,0.46230,3.381,0.40960,0.65970,6.440,3.430,3.010,0.51790,0.43850,0.46230,3.381,0.40960,0.65970,6.440,2026-04,True,1.0,1.0,2.9
2250214,2026-04-12,2026-04,NYY,TB,822998,4,5,games,0,3,games,3.5,-0.5,-122,7.5,0.1571,0.1614,45.62,38.67,54.13,0.47650,3.726,0.39530,0.66040,6.990,3.700,3.290,0.51130,0.38520,0.47650,3.726,0.39530,0.66040,6.990,2026-04,True,1.0,1.0,2.9
2250215,2026-04-12,2026-04,CWS,KC,824126,6,5,games,4,5,games,4.5,0.5,+138,9.5,0.1695,0.1820,38.48,44.57,46.30,0.36470,4.396,0.30460,0.53100,8.340,3.610,4.730,0.37100,0.34420,0.36470,4.396,0.30460,0.53100,8.340,2026-04,True,1.0,1.0,2.9
2250216,2026-04-12,2026-04,WSH,MIL,823804,8,6,games,2,3,games,4.5,0.5,+152,8.0,0.1526,0.1539,37.08,47.65,43.75,0.39420,4.851,0.47840,0.54980,9.020,4.130,4.900,0.40450,0.53210,0.39420,4.851,0.47840,0.54980,9.020,2026-04,True,1.0,1.0,2.9
2250217,2026-04-12,2026-04,BOS,STL,823075,9,3,games,7,1,games,4.5,-0.5,-114,9.0,0.1526,0.1538,45.76,38.99,53.92,0.40560,4.097,0.32420,0.58100,7.730,3.590,4.130,0.41860,0.33520,0.40560,4.097,0.32420,0.58100,7.730,2026-04,True,1.0,1.0,2.9
2250218,2026-04-12,2026-04,PIT,CHC,824696,6,7,games,6,3,games,6.5,0.5,-100,12.0,0.1726,0.1872,39.91,42.83,48.31,0.45320,4.341,0.20860,0.62040,8.140,4.150,4.000,0.49130,0.17850,0.45320,4.341,0.20860,0.62040,8.140,2026-04,True,1.0,1.0,2.9
2250219,2026-04-12,2026-04,COL,SD,823317,2,7,games,2,4,games,4.5,0.5,+172,7.5,0.1689,0.1810,36.01,47.10,43.29,0.47300,4.043,0.44020,0.64780,7.630,4.060,3.560,0.51860,0.44690,0.47300,4.043,0.44020,0.64780,7.630,2026-04,True,1.0,1.0,2.9
2250220,2026-04-12,2026-04,HOU,SEA,823154,1,6,games,1,4,games,4.5,0.5,+156,7.5,0.1647,0.1740,37.27,46.26,44.64,0.35610,4.548,0.50810,0.51940,8.530,3.620,4.920,0.35540,0.52910,0.35610,4.548,0.50810,0.51940,8.530,2026-04,True,1.0,1.0,2.9
2250221,2026-04-12,2026-04,TEX,LAD,823966,5,2,games,2,1,games,4.5,-0.5,-120,8.5,0.1649,0.1743,43.37,40.14,51.92,0.44940,4.614,0.44830,0.61020,8.560,4.320,4.240,0.47730,0.45290,0.44940,4.614,0.44830,0.61020,8.560,2026-04,True,1.0,1.0,2.9
2250222,2026-04-12,2026-04,CLE,ATL,824938,1,13,games,0,9,games,3.5,0.5,+168,7.0,0.1685,0.1804,36.94,46.21,44.44,0.33770,4.505,0.50190,0.50030,8.530,3.470,5.070,0.32930,0.58120,0.33770,4.505,0.50190,0.50030,8.530,2026-04,True,1.0,1.0,2.9
2250223,2026-04-13,2026-04,HOU,SEA,823153,2,6,games,2,6,games,4.5,0.5,+144,8.0,0.1629,0.1710,40.27,43.44,48.08,0.32570,4.150,0.38700,0.49800,7.850,3.130,4.720,0.32190,0.42840,0.32570,4.150,0.38700,0.49800,7.850,2026-04,True,1.0,1.0,2.9
2250224,2026-04-13,2026-04,WSH,PIT,823400,5,16,games,1,5,games,3.5,1.5,+196,7.5,0.1672,0.1781,35.54,47.74,42.74,0.40300,4.877,0.54900,0.55880,9.180,4.230,4.940,0.41050,0.58380,0.40300,4.877,0.54900,0.55880,9.180,2026-04,True,1.0,1.0,2.9
2250225,2026-04-13,2026-04,CHC,PHI,823481,7,13,games,2,9,games,4.5,0.5,+162,8.5,0.1529,0.1544,38.43,46.28,45.45,0.43260,5.010,0.49960,0.58530,9.250,4.480,4.770,0.44520,0.51060,0.43260,5.010,0.49960,0.58530,9.250,2026-04,True,1.0,1.0,2.9
2250226,2026-04-13,2026-04,LAA,NYY,823563,10,11,games,4,7,games,4.5,0.5,+142,9.5,0.1485,0.1470,37.35,47.80,43.86,0.35020,5.313,0.41590,0.49530,9.840,4.140,5.700,0.34860,0.46710,0.35020,5.313,0.41590,0.49530,9.840,2026-04,True,1.0,1.0,2.9
2250227,2026-04-13,2026-04,MIA,ATL,824937,10,4,games,6,4,games,3.5,0.5,+144,8.0,0.1622,0.1698,44.96,38.82,53.70,0.34060,4.687,0.45750,0.49890,8.840,3.600,5.240,0.32940,0.51500,0.34060,4.687,0.45750,0.49890,8.840,2026-04,True,1.0,1.0,2.9
2250228,2026-04-13,2026-04,BOS,MIN,823725,6,13,games,3,13,games,3.5,-0.5,-196,7.5,0.1523,0.1534,46.96,37.80,55.36,0.46250,4.531,0.50620,0.62500,8.430,4.310,4.120,0.48660,0.52100,0.46250,4.531,0.50620,0.62500,8.430,2026-04,True,1.0,1.0,2.9
2250229,2026-04-13,2026-04,CLE,STL,823073,9,3,games,4,1,games,4.5,-0.5,-120,8.0,0.1593,0.1650,43.85,40.22,52.15,0.48310,4.247,0.40070,0.65110,7.990,4.260,3.720,0.52040,0.44090,0.48310,4.247,0.40070,0.65110,7.990,2026-04,True,1.0,1.0,2.9
2250230,2026-04-13,2026-04,TEX,ATH,825024,8,1,games,4,0,games,4.5,-0.5,-132,8.5,0.1554,0.1586,46.58,37.88,55.16,0.37230,6.709,0.67680,0.49720,12.430,5.370,7.060,0.35940,0.72170,0.37230,6.709,0.67680,0.49720,12.430,2026-04,True,1.0,1.0,2.9
2250231,2026-04-13,2026-04,NYM,LAD,823964,0,4,games,0,4,games,4.5,0.5,+118,8.5,0.1543,0.1566,36.16,48.42,42.74,0.35850,5.239,0.52540,0.50580,9.650,4.090,5.570,0.35180,0.54360,0.35850,5.239,0.52540,0.50580,9.650,2026-04,True,1.0,1.0,2.9
2250232,2026-04-14,2026-04,KC,DET,824292,1,2,games,1,0,games,3.5,0.5,-106,8.0,0.1585,0.1637,40.37,43.78,48.08,0.38630,4.849,0.47900,0.54190,9.080,4.090,4.990,0.39370,0.53640,0.38630,4.849,0.47900,0.54190,9.080,2026-04,True,1.0,1.0,2.9
2250233,2026-04-14,2026-04,WSH,PIT,823398,5,4,games,5,4,games,5.5,0.5,+142,9.5,0.1631,0.1713,39.94,43.76,47.62,0.36530,4.289,0.29150,0.53420,8.150,3.520,4.630,0.37060,0.32670,0.36530,4.289,0.29150,0.53420,8.150,2026-04,True,1.0,1.0,2.9
2250234,2026-04-14,2026-04,SF,CIN,824531,1,2,games,1,2,games,5.5,-0.5,-112,9.0,0.1620,0.1696,41.80,42.00,50.00,0.53020,5.144,0.45440,0.67810,9.500,5.380,4.120,0.57250,0.48500,0.53020,5.144,0.45440,0.67810,9.500,2026-04,True,1.0,1.0,2.9
2250235,2026-04-14,2026-04,CHC,PHI,823478,10,4,games,3,3,games,5.5,0.5,+116,10.0,0.1457,0.1423,43.16,42.27,50.50,0.39280,5.044,0.38390,0.54440,9.340,4.210,5.130,0.39710,0.39250,0.39280,5.044,0.38390,0.54440,9.340,2026-04,True,1.0,1.0,2.9
2250236,2026-04-14,2026-04,LAA,NYY,823562,7,1,games,4,0,games,5.5,0.5,+126,9.5,0.1484,0.1468,39.35,45.82,46.30,0.41770,4.868,0.36280,0.57320,9.030,4.310,4.720,0.43680,0.40080,0.41770,4.868,0.36280,0.57320,9.030,2026-04,True,1.0,1.0,2.9
2250237,2026-04-14,2026-04,MIA,ATL,824935,5,6,games,4,3,games,4.5,0.5,+118,8.5,0.1558,0.1591,39.13,45.30,46.30,0.34980,4.472,0.42940,0.51400,8.440,3.520,4.920,0.34600,0.44150,0.34980,4.472,0.42940,0.51400,8.440,2026-04,True,1.0,1.0,2.9
2250238,2026-04-14,2026-04,BOS,MIN,823723,0,6,games,0,5,games,4.5,-0.5,-122,8.0,0.1438,0.1392,46.29,39.33,54.13,0.53400,5.218,0.52290,0.68070,9.590,5.410,4.180,0.57090,0.57520,0.53400,5.218,0.52290,0.68070,9.590,2026-04,True,1.0,1.0,2.9
2250239,2026-04-14,2026-04,TB,CWS,824616,8,5,games,4,3,games,3.5,-0.5,-138,8.0,0.1643,0.1734,44.71,38.87,53.49,0.42080,4.267,0.40400,0.59050,8.090,3.880,4.210,0.43850,0.45060,0.42080,4.267,0.40400,0.59050,8.090,2026-04,True,1.0,1.0,2.9
2250240,2026-04-14,2026-04,TOR,MIL,823802,9,7,games,1,3,games,3.5,0.5,-106,7.0,0.1533,0.1551,44.31,40.36,52.38,0.46000,3.591,0.37580,0.64980,6.770,3.570,3.200,0.50850,0.41830,0.46000,3.591,0.37580,0.64980,6.770,2026-04,True,1.0,1.0,2.9
2250241,2026-04-14,2026-04,CLE,STL,823072,5,6,games,2,2,games,4.5,-0.5,-124,9.0,0.1595,0.1654,45.17,38.88,53.70,0.36770,3.759,0.28000,0.55360,7.200,3.160,4.040,0.38100,0.28810,0.36770,3.759,0.28000,0.55360,7.200,2026-04,True,1.0,1.0,2.9
2250242,2026-04-14,2026-04,COL,HOU,824210,6,7,games,5,7,games,4.5,0.5,+136,8.5,0.1557,0.1591,42.10,42.33,49.75,0.36940,5.721,0.58000,0.50870,10.700,4.620,6.090,0.36100,0.61810,0.36940,5.721,0.58000,0.50870,10.700,2026-04,True,1.0,1.0,2.9
2250243,2026-04-14,2026-04,SEA,SD,823315,1,4,games,1,3,games,3.5,-0.5,-138,7.0,0.1672,0.1782,47.53,35.75,57.08,0.45820,3.488,0.36050,0.65140,6.630,3.470,3.160,0.50410,0.40300,0.45820,3.488,0.36050,0.65140,6.630,2026-04,True,1.0,1.0,2.9
2250244,2026-04-14,2026-04,TEX,ATH,825022,1,2,games,1,2,games,4.5,-0.5,-128,9.0,0.1483,0.1467,39.72,45.45,46.73,0.40060,4.548,0.38230,0.56240,8.550,3.950,4.590,0.41280,0.40640,0.40060,4.548,0.38230,0.56240,8.550,2026-04,True,1.0,1.0,2.9
2250245,2026-04-14,2026-04,NYM,LAD,823965,1,2,games,1,1,games,3.5,0.5,+154,7.5,0.1701,0.1831,37.78,45.21,45.45,0.42270,4.020,0.43770,0.60030,7.490,3.630,3.860,0.44720,0.43390,0.42270,4.020,0.43770,0.60030,7.490,2026-04,True,1.0,1.0,2.9
2250246,2026-04-15,2026-04,CLE,STL,823071,3,5,games,1,1,games,4.5,0.5,-104,9.0,0.1561,0.1598,45.94,38.45,54.34,0.48840,4.893,0.42440,0.64290,9.150,4.850,4.290,0.51740,0.45690,0.48840,4.893,0.42440,0.64290,9.150,2026-04,True,1.0,1.0,2.9
2250247,2026-04-15,2026-04,BOS,MIN,823722,9,5,games,7,1,games,4.5,-0.5,-128,8.0,0.1542,0.1565,43.51,41.07,51.46,0.43220,4.975,0.49450,0.58590,9.240,4.460,4.780,0.44260,0.54820,0.43220,4.975,0.49450,0.58590,9.240,2026-04,True,1.0,1.0,2.9
2250248,2026-04-15,2026-04,KC,DET,824291,1,2,games,1,1,games,4.5,1.5,+106,8.5,0.1521,0.1530,37.49,47.31,44.25,0.47810,4.247,0.39960,0.64660,7.960,4.240,3.720,0.51950,0.39960,0.47810,4.247,0.39960,0.64660,7.960,2026-04,True,1.0,1.0,2.9
2250249,2026-04-15,2026-04,WSH,PIT,823399,0,2,games,0,2,games,3.5,0.5,+900,9.5,0.1615,0.1686,37.49,46.37,44.64,0.43260,5.690,0.45830,0.57330,10.620,5.100,5.520,0.44000,0.52610,0.43260,5.690,0.45830,0.57330,10.620,2026-04,True,1.0,1.0,2.9
2250250,2026-04-15,2026-04,SF,CIN,824532,3,8,games,2,8,games,10.5,5.5,-116,9.0,0.1607,0.1674,43.72,40.21,52.15,0.38330,4.808,0.41410,0.53990,8.990,4.030,4.960,0.39030,0.44380,0.38330,4.808,0.41410,0.53990,8.990,2026-04,True,1.0,1.0,2.9
2250251,2026-04-15,2026-04,CHC,PHI,823477,11,2,games,5,1,games,4.5,0.5,-1000,9.0,0.1497,0.1490,38.51,46.53,45.25,0.48630,4.569,0.38450,0.64690,8.440,4.500,3.940,0.52100,0.39680,0.48630,4.569,0.38450,0.64690,8.440,2026-04,True,1.0,1.0,2.9
2250252,2026-04-15,2026-04,LAA,NYY,823561,4,5,games,4,3,games,6.5,2.5,+148,10.5,0.1357,0.1257,28.34,58.10,32.79,0.42210,4.852,0.31130,0.57870,9.000,4.330,4.670,0.44430,0.33270,0.42210,4.852,0.31130,0.57870,9.000,2026-04,True,1.0,1.0,2.9
2250253,2026-04-15,2026-04,MIA,ATL,824936,3,6,games,0,2,games,4.5,0.5,+870,9.0,0.1558,0.1592,40.01,44.41,47.39,0.30490,4.813,0.41490,0.45860,9.080,3.430,5.650,0.28590,0.45010,0.30490,4.813,0.41490,0.45860,9.080,2026-04,True,1.0,1.0,2.9
2250254,2026-04-15,2026-04,TB,CWS,824615,8,3,games,3,0,games,4.5,0.5,-104,8.5,0.1589,0.1643,47.47,36.65,56.52,0.42190,4.014,0.36740,0.59860,7.650,3.680,3.960,0.44340,0.36970,0.42190,4.014,0.36740,0.59860,7.650,2026-04,True,1.0,1.0,2.9
2250255,2026-04-15,2026-04,TOR,MIL,823803,1,2,games,1,0,games,4.5,-0.5,-225,7.5,0.1490,0.1478,41.90,43.20,49.26,0.41430,4.557,0.50930,0.57620,8.480,4.030,4.450,0.43130,0.52550,0.41430,4.557,0.50930,0.57620,8.480,2026-04,True,1.0,1.0,2.9
2250256,2026-04-15,2026-04,COL,HOU,824209,1,3,games,1,3,games,4.5,0.5,+140,8.5,0.1558,0.1592,42.25,42.17,50.00,0.46400,4.968,0.49340,0.61710,9.300,4.750,4.540,0.48730,0.51510,0.46400,4.968,0.49340,0.61710,9.300,2026-04,True,1.0,1.0,2.9
2250257,2026-04-15,2026-04,SEA,SD,823314,6,7,games,6,0,games,4.5,0.5,-110,8.0,0.1631,0.1713,40.83,42.87,48.78,0.44480,3.427,0.28600,0.64110,6.520,3.340,3.180,0.48840,0.30110,0.44480,3.427,0.28600,0.64110,6.520,2026-04,True,1.0,1.0,2.9
2250258,2026-04-15,2026-04,TEX,ATH,825021,5,6,games,2,2,games,5.5,0.5,-106,10.0,0.1433,0.1383,40.44,45.24,47.17,0.35650,5.487,0.43650,0.49930,10.230,4.310,5.920,0.34980,0.46230,0.35650,5.487,0.43650,0.49930,10.230,2026-04,True,1.0,1.0,2.9
2250259,2026-04-15,2026-04,NYM,LAD,823963,2,8,games,1,2,games,4.5,0.5,+158,7.5,0.1653,0.1751,37.92,45.55,45.45,0.35550,3.941,0.42550,0.53440,7.380,3.150,4.230,0.36340,0.42310,0.35550,3.941,0.42550,0.53440,7.380,2026-04,True,1.0,1.0,2.9
2250260,2026-04-16,2026-04,WSH,PIT,823396,8,7,games,4,4,games,4.5,0.5,+126,8.5,0.1607,0.1673,40.83,43.11,48.54,0.40700,4.118,0.38250,0.58100,7.820,3.670,4.150,0.42410,0.38680,0.40700,4.118,0.38250,0.58100,7.820,2026-04,True,1.0,1.0,2.9
2250261,2026-04-16,2026-04,SF,CIN,824530,3,0,games,0,0,games,4.5,0.5,+110,8.0,0.1577,0.1624,39.26,44.97,46.51,0.45200,4.480,0.43100,0.61550,8.380,4.250,4.130,0.48080,0.47660,0.45200,4.480,0.43100,0.61550,8.380,2026-04,True,1.0,1.0,2.9
2250262,2026-04-16,2026-04,KC,DET,824289,9,10,games,1,6,games,4.5,-0.5,-135,8.5,0.1539,0.1560,43.87,40.75,51.92,0.37980,3.403,0.28330,0.57900,6.520,2.970,3.540,0.40800,0.26450,0.37980,3.403,0.28330,0.57900,6.520,2026-04,True,1.0,1.0,2.9
2250263,2026-04-16,2026-04,LAA,NYY,823560,11,4,games,2,3,games,5.5,1.5,+220,10.0,0.1483,0.1467,34.79,50.38,40.82,0.32540,4.441,0.31000,0.48940,8.300,3.340,4.960,0.32720,0.30790,0.32540,4.441,0.31000,0.48940,8.300,2026-04,True,1.0,1.0,2.9
2250264,2026-04-16,2026-04,TOR,MIL,823801,1,2,games,1,1,games,4.5,0.5,+102,8.5,0.1549,0.1577,39.47,45.04,46.73,0.53160,5.434,0.54790,0.67500,9.940,5.620,4.320,0.57170,0.56450,0.53160,5.434,0.54790,0.67500,9.940,2026-04,True,1.0,1.0,2.9
2250265,2026-04-16,2026-04,TB,CWS,824614,5,3,games,1,1,games,4.5,-0.5,-132,8.5,0.1676,0.1788,43.78,39.46,52.61,0.47280,3.974,0.36230,0.64930,7.550,3.980,3.570,0.51090,0.36210,0.47280,3.974,0.36230,0.64930,7.550,2026-04,True,1.0,1.0,2.9
2250266,2026-04-16,2026-04,TEX,ATH,825023,9,6,games,2,3,games,4.5,-0.5,-124,8.5,0.1502,0.1499,40.49,44.49,47.62,0.51070,6.774,0.68100,0.63710,12.440,6.690,5.750,0.53260,0.72300,0.51070,6.774,0.68100,0.63710,12.440,2026-04,True,1.0,1.0,2.9
2250267,2026-04-16,2026-04,BAL,CLE,824453,2,4,games,0,3,games,2.5,0.5,+114,8.0,0.1639,0.1727,43.45,40.16,51.92,0.33300,4.097,0.37960,0.50720,7.780,3.150,4.630,0.33010,0.42150,0.33300,4.097,0.37960,0.50720,7.780,2026-04,True,1.0,1.0,2.9
2250268,2026-04-16,2026-04,COL,HOU,824208,3,2,games,3,2,games,4.5,0.5,+132,8.5,0.1539,0.1560,35.58,49.03,42.02,0.44480,4.828,0.47660,0.60050,9.050,4.500,4.550,0.46460,0.49480,0.44480,4.828,0.47660,0.60050,9.050,2026-04,True,1.0,1.0,2.9
2250269,2026-04-16,2026-04,SEA,SD,823313,2,5,games,0,4,games,4.5,-0.5,-138,8.5,0.1621,0.1697,46.43,37.36,55.36,0.36190,4.600,0.44650,0.52330,8.600,3.700,4.910,0.36370,0.45640,0.36190,4.600,0.44650,0.52330,8.600,2026-04,True,1.0,1.0,2.9
2250270,2026-04-17,2026-04,NYM,CHC,824693,4,12,games,3,7,games,5.5,0.5,+130,10.0,0.1566,0.1605,43.82,40.52,51.92,0.33680,4.847,0.35980,0.49080,9.020,3.630,5.380,0.32640,0.36650,0.33680,4.847,0.35980,0.49080,9.020,2026-04,True,1.0,1.0,2.9
2250271,2026-04-17,2026-04,BAL,CLE,824454,6,4,games,0,0,games,4.5,0.5,+110,8.0,0.1664,0.1769,41.52,41.84,49.75,0.39450,5.548,0.56130,0.53670,10.330,4.640,5.690,0.38980,0.62970,0.39450,5.548,0.56130,0.53670,10.330,2026-04,True,1.0,1.0,2.9
2250272,2026-04-17,2026-04,ATL,PHI,823476,9,0,games,7,0,games,5.5,-0.5,-118,9.5,0.1458,0.1425,48.38,37.04,56.71,0.58300,5.617,0.45020,0.72100,10.280,6.220,4.060,0.63160,0.49940,0.58300,5.617,0.45020,0.72100,10.280,2026-04,True,1.0,1.0,2.9
2250273,2026-04-17,2026-04,SF,WSH,822752,10,5,games,8,3,games,4.5,-0.5,-166,8.5,0.1535,0.1554,43.22,41.43,50.98,0.47250,5.767,0.58520,0.61210,10.710,5.500,5.210,0.49140,0.62000,0.47250,5.767,0.58520,0.61210,10.710,2026-04,True,1.0,1.0,2.9
2250274,2026-04-17,2026-04,TB,PIT,823397,1,5,games,0,1,games,4.5,0.5,+114,8.5,0.1637,0.1724,40.00,43.63,47.85,0.47310,4.766,0.46830,0.62960,8.930,4.640,4.290,0.49900,0.48490,0.47310,4.766,0.46830,0.62960,8.930,2026-04,True,1.0,1.0,2.9
2250275,2026-04-17,2026-04,KC,NYY,823559,2,4,games,0,2,games,4.5,0.5,+146,8.0,0.1470,0.1445,36.56,48.75,42.92,0.42230,3.753,0.33240,0.60770,7.070,3.490,3.590,0.45990,0.35510,0.42230,3.753,0.33240,0.60770,7.070,2026-04,True,1.0,1.0,2.9
2250276,2026-04-17,2026-04,MIL,MIA,823883,7,5,games,3,1,games,4.5,0.5,-110,8.0,0.1595,0.1653,43.11,40.94,51.22,0.43930,4.562,0.44200,0.60120,8.500,4.170,4.320,0.45620,0.48710,0.43930,4.562,0.44200,0.60120,8.500,2026-04,True,1.0,1.0,2.9
2250277,2026-04-17,2026-04,DET,BOS,824778,0,1,games,0,0,games,4.5,0.5,+106,7.5,0.1504,0.1502,44.04,40.92,51.92,0.42350,4.685,0.52530,0.58290,8.730,4.180,4.550,0.43790,0.54670,0.42350,4.685,0.52530,0.58290,8.730,2026-04,True,1.0,1.0,2.9
2250278,2026-04-17,2026-04,STL,HOU,824207,9,4,games,4,3,games,4.5,0.5,-102,9.0,0.1563,0.1601,44.47,39.90,52.61,0.37710,5.016,0.43960,0.52940,9.420,4.130,5.290,0.37430,0.47890,0.37710,5.016,0.43960,0.52940,9.420,2026-04,True,1.0,1.0,2.9
2250279,2026-04-17,2026-04,CIN,MIN,823720,2,1,games,2,1,games,4.5,0.5,+156,8.5,0.1502,0.1498,42.52,42.47,50.00,0.37050,4.427,0.42400,0.53610,8.310,3.610,4.700,0.37160,0.43060,0.37050,4.427,0.42400,0.53610,8.310,2026-04,True,1.0,1.0,2.9
2250280,2026-04-17,2026-04,LAD,COL,824373,7,1,games,7,1,games,4.5,-1.5,-290,9.5,0.1340,0.1228,57.44,29.16,66.33,0.41940,5.287,0.41190,0.56690,9.720,4.630,5.090,0.43430,0.45720,0.41940,5.287,0.41190,0.56690,9.720,2026-04,True,1.0,1.0,2.9
2250281,2026-04-17,2026-04,SD,LAA,824048,0,8,games,0,8,games,4.5,0.5,+140,8.0,0.1524,0.1536,45.12,39.64,53.27,0.26880,4.614,0.44710,0.42310,8.690,3.010,5.680,0.24500,0.50070,0.26880,4.614,0.44710,0.42310,8.690,2026-04,True,1.0,1.0,2.9
2250282,2026-04-17,2026-04,TEX,SEA,823152,5,0,games,2,0,games,3.5,0.5,-102,6.5,0.1719,0.1860,40.45,42.36,48.78,0.41580,3.616,0.44600,0.60600,6.880,3.330,3.550,0.44580,0.48530,0.41580,3.616,0.44600,0.60600,6.880,2026-04,True,1.0,1.0,2.9
2250283,2026-04-17,2026-04,CWS,ATH,825019,9,2,games,5,1,games,5.5,0.5,+116,9.0,0.1468,0.1442,40.89,44.43,47.85,0.39190,5.065,0.44520,0.54320,9.520,4.350,5.180,0.40190,0.48630,0.39190,5.065,0.44520,0.54320,9.520,2026-04,True,1.0,1.0,2.9
2250284,2026-04-18,2026-04,KC,NYY,823558,4,13,games,0,7,games,,,,8.0,0.1468,0.1442,41.40,43.92,48.54,0.40260,4.758,0.46720,0.56020,8.850,4.120,4.730,0.41680,0.51690,0.40260,4.758,0.46720,0.56020,8.850,2026-04,True,1.0,1.0,2.9
2250285,2026-04-18,2026-04,CIN,MIN,823721,5,4,games,2,4,games,,,,8.0,0.1490,0.1479,44.63,40.47,52.38,0.36400,4.924,0.48720,0.51750,9.200,3.930,5.270,0.35870,0.54530,0.36400,4.924,0.48720,0.51750,9.200,2026-04,True,1.0,1.0,2.9
2250286,2026-04-18,2026-04,NYM,CHC,824694,2,4,games,1,1,games,,,,8.5,0.1641,0.1730,43.10,40.49,51.46,0.46140,4.621,0.44890,0.62140,8.560,4.350,4.210,0.48130,0.45190,0.46140,4.621,0.44890,0.62140,8.560,2026-04,True,1.0,1.0,2.9
2250287,2026-04-18,2026-04,SF,WSH,822751,7,6,games,3,5,games,,,,9.5,0.1496,0.1489,46.61,38.43,54.75,0.44380,5.949,0.48800,0.58160,11.050,5.420,5.630,0.45610,0.55720,0.44380,5.949,0.48800,0.58160,11.050,2026-04,True,1.0,1.0,2.9
2250288,2026-04-18,2026-04,TB,PIT,823394,8,7,games,5,4,games,,,,7.5,0.1674,0.1786,40.57,42.69,48.78,0.46280,3.991,0.43330,0.63840,7.570,3.930,3.640,0.49950,0.44100,0.46280,3.991,0.43330,0.63840,7.570,2026-04,True,1.0,1.0,2.9
2250289,2026-04-18,2026-04,CWS,ATH,825020,6,7,games,5,3,games,,,,9.0,0.1429,0.1377,36.16,49.55,42.19,0.47190,5.660,0.51450,0.61260,10.550,5.450,5.110,0.49530,0.56600,0.47190,5.660,0.51450,0.61260,10.550,2026-04,True,1.0,1.0,2.9
2250290,2026-04-18,2026-04,DET,BOS,824775,4,1,games,4,1,games,,,,7.0,0.1578,0.1625,46.22,38.00,54.95,0.51750,4.728,0.52970,0.67370,8.740,4.870,3.860,0.55720,0.59830,0.51750,4.728,0.52970,0.67370,8.740,2026-04,True,1.0,1.0,2.9
2250291,2026-04-18,2026-04,MIL,MIA,823882,5,2,games,3,1,games,,,,7.5,0.1625,0.1704,45.23,38.51,53.92,0.39430,4.031,0.43840,0.57060,7.580,3.450,4.120,0.40460,0.44210,0.39430,4.031,0.43840,0.57060,7.580,2026-04,True,1.0,1.0,2.9
2250292,2026-04-18,2026-04,BAL,CLE,824451,2,4,games,1,3,games,,,,7.0,0.1671,0.1781,41.52,41.77,49.75,0.39270,4.026,0.43760,0.56890,7.610,3.470,4.140,0.40590,0.50160,0.39270,4.026,0.43760,0.56890,7.610,2026-04,True,1.0,1.0,2.9
2250293,2026-04-18,2026-04,STL,HOU,824206,7,5,games,4,1,games,,,,9.0,0.1447,0.1406,47.01,38.53,54.95,0.39140,4.828,0.41660,0.54790,9.060,4.090,4.970,0.39480,0.45040,0.39140,4.828,0.41660,0.54790,9.060,2026-04,True,1.0,1.0,2.9
2250294,2026-04-18,2026-04,TEX,SEA,823151,3,7,games,0,3,games,,,,7.0,0.1716,0.1856,44.90,37.94,54.13,0.33980,3.924,0.42330,0.51870,7.440,3.080,4.370,0.34410,0.48530,0.33980,3.924,0.42330,0.51870,7.440,2026-04,True,1.0,1.0,2.9
2250295,2026-04-18,2026-04,ATL,PHI,823474,3,1,games,3,1,games,,,,7.0,0.1531,0.1547,44.72,39.97,52.83,0.43330,4.735,0.53080,0.59150,8.810,4.310,4.500,0.45390,0.60420,0.43330,4.735,0.53080,0.59150,8.810,2026-04,True,1.0,1.0,2.9
2250296,2026-04-18,2026-04,LAD,COL,824372,3,4,games,3,2,games,,,,10.5,0.1386,0.1306,56.34,29.80,65.40,0.46090,7.518,0.59050,0.58020,13.650,6.830,6.820,0.47410,0.65300,0.46090,7.518,0.59050,0.58020,13.650,2026-04,True,1.0,1.0,2.9
2250297,2026-04-18,2026-04,SD,LAA,824049,4,1,games,0,0,games,,,,9.0,0.1529,0.1543,45.75,38.96,53.92,0.42660,5.500,0.49640,0.57080,10.180,4.860,5.330,0.43200,0.53870,0.42660,5.500,0.49640,0.57080,10.180,2026-04,True,1.0,1.0,2.9
2250298,2026-04-19,2026-04,DET,BOS,824777,6,2,games,5,1,games,3.5,0.5,+122,7.0,0.1534,0.1552,39.28,45.38,46.30,0.44770,4.875,0.54790,0.60290,9.050,4.490,4.560,0.46440,0.62380,0.44770,4.875,0.54790,0.60290,9.050,2026-04,True,1.0,1.0,2.9
2250299,2026-04-19,2026-04,SF,WSH,822750,0,3,games,0,3,games,4.5,-0.5,-142,8.5,0.1500,0.1495,47.12,37.88,55.36,0.46970,5.078,0.50690,0.62060,9.480,4.880,4.590,0.49460,0.52840,0.46970,5.078,0.50690,0.62060,9.480,2026-04,True,1.0,1.0,2.9
2250300,2026-04-19,2026-04,TB,PIT,823393,3,6,games,2,4,games,4.5,-0.5,-114,8.0,0.1599,0.1661,44.24,39.77,52.61,0.45770,4.162,0.38950,0.62940,7.870,4.030,3.840,0.48750,0.43140,0.45770,4.162,0.38950,0.62940,7.870,2026-04,True,1.0,1.0,2.9
2250301,2026-04-19,2026-04,KC,NYY,823556,0,7,games,0,7,games,4.5,0.5,+110,8.0,0.1456,0.1421,38.68,46.76,45.25,0.41600,4.952,0.49130,0.57000,9.180,4.370,4.800,0.43380,0.54390,0.41600,4.952,0.49130,0.57000,9.180,2026-04,True,1.0,1.0,2.9
2250302,2026-04-19,2026-04,BAL,CLE,824452,4,8,games,4,6,games,3.5,0.5,-104,6.5,0.1766,0.1939,43.85,38.49,53.27,0.41630,3.965,0.49720,0.59530,7.500,3.580,3.920,0.43550,0.54560,0.41630,3.965,0.49720,0.59530,7.500,2026-04,True,1.0,1.0,2.9
2250303,2026-04-19,2026-04,MIL,MIA,823881,3,5,games,0,3,games,3.5,-0.5,-118,7.5,0.1618,0.1692,40.93,42.89,48.78,0.50650,4.559,0.50850,0.66630,8.430,4.610,3.820,0.54060,0.52080,0.50650,4.559,0.50850,0.66630,8.430,2026-04,True,1.0,1.0,2.9
2250304,2026-04-19,2026-04,STL,HOU,824205,7,5,games,4,1,games,4.5,0.5,+112,9.0,0.1507,0.1507,39.42,45.51,46.51,0.45590,5.528,0.50010,0.59930,10.280,5.130,5.150,0.46800,0.54630,0.45590,5.528,0.50010,0.59930,10.280,2026-04,True,1.0,1.0,2.9
2250305,2026-04-19,2026-04,CIN,MIN,823718,7,4,games,1,3,games,4.5,0.5,-102,8.0,0.1515,0.1521,44.73,40.12,52.61,0.36420,5.339,0.53730,0.50920,9.940,4.230,5.710,0.35400,0.60140,0.36420,5.339,0.53730,0.50920,9.940,2026-04,True,1.0,1.0,2.9
2250306,2026-04-19,2026-04,NYM,CHC,824691,1,2,games,1,0,games,4.5,0.5,+116,8.0,0.1538,0.1558,38.71,45.91,45.66,0.47740,5.140,0.51460,0.62700,9.460,4.900,4.560,0.49850,0.56680,0.47740,5.140,0.51460,0.62700,9.460,2026-04,True,1.0,1.0,2.9
2250307,2026-04-19,2026-04,LAD,COL,824371,6,9,games,3,3,games,6.5,-0.5,-172,11.5,0.1369,0.1278,49.62,36.68,57.45,0.46660,8.176,0.59680,0.58030,14.830,7.450,7.380,0.48170,0.64580,0.46660,8.176,0.59680,0.58030,14.830,2026-04,True,1.0,1.0,2.9
2250308,2026-04-19,2026-04,CWS,ATH,825018,7,4,games,7,1,games,4.5,0.5,+124,9.5,0.1465,0.1437,39.78,45.57,46.51,0.32460,4.998,0.37800,0.47500,9.420,3.770,5.650,0.31910,0.43310,0.32460,4.998,0.37800,0.47500,9.420,2026-04,True,1.0,1.0,2.9
2250309,2026-04-19,2026-04,SD,LAA,824047,2,1,games,1,0,games,4.5,-0.5,-150,9.0,0.1517,0.1523,43.38,41.45,51.22,0.46390,4.314,0.35170,0.63170,8.050,4.150,3.900,0.49410,0.36330,0.46390,4.314,0.35170,0.63170,8.050,2026-04,True,1.0,1.0,2.9
2250310,2026-04-19,2026-04,TEX,SEA,823150,2,5,games,0,5,games,3.5,0.5,+108,7.5,0.1683,0.1800,35.05,48.12,42.19,0.38980,3.360,0.34210,0.59080,6.450,2.990,3.460,0.41860,0.32960,0.38980,3.360,0.34210,0.59080,6.450,2026-04,True,1.0,1.0,2.9
2250311,2026-04-19,2026-04,ATL,PHI,823475,4,2,games,4,2,games,4.5,0.5,+430,8.0,0.1483,0.1468,40.10,45.07,47.17,0.46280,4.776,0.46940,0.61980,8.880,4.560,4.320,0.48990,0.51920,0.46280,4.776,0.46940,0.61980,8.880,2026-04,True,1.0,1.0,2.9
2250312,2026-04-20,2026-04,DET,BOS,824776,6,8,games,2,2,games,4.5,0.5,+108,8.0,0.1510,0.1512,43.81,41.09,51.69,0.43410,4.500,0.43390,0.59830,8.380,4.100,4.280,0.45280,0.47600,0.43410,4.500,0.43390,0.59830,8.380,2026-04,True,1.0,1.0,2.9
2250313,2026-04-20,2026-04,HOU,CLE,824450,9,2,games,7,2,games,4.5,0.5,+102,7.5,0.1712,0.1849,41.22,41.66,49.75,0.42360,4.484,0.49980,0.58810,8.410,4.030,4.380,0.43780,0.51960,0.42360,4.484,0.49980,0.58810,8.410,2026-04,True,1.0,1.0,2.9
2250314,2026-04-20,2026-04,CIN,TB,822994,6,1,games,3,1,games,5.5,-0.5,+102,8.0,0.1572,0.1616,42.00,42.28,49.75,0.46270,4.564,0.44280,0.62450,8.530,4.350,4.180,0.48510,0.48950,0.46270,4.564,0.44280,0.62450,8.530,2026-04,True,1.0,1.0,2.9
2250315,2026-04-20,2026-04,STL,MIA,823879,3,5,games,1,2,games,4.5,0.5,+142,8.5,0.1531,0.1547,42.30,42.39,50.00,0.47150,4.077,0.37730,0.64560,7.690,4.060,3.630,0.51240,0.37520,0.47150,4.077,0.37730,0.64560,7.690,2026-04,True,1.0,1.0,2.9
2250316,2026-04-20,2026-04,ATL,WSH,822749,9,4,games,2,3,games,3.5,2.5,-148,8.0,0.1468,0.1442,48.17,37.15,56.52,0.53010,5.326,0.53430,0.67520,9.850,5.540,4.300,0.56840,0.59500,0.53010,5.326,0.53430,0.67520,9.850,2026-04,True,1.0,1.0,2.9
2250317,2026-04-20,2026-04,BAL,KC,824125,7,5,games,0,1,games,4.5,-0.5,-120,9.0,0.1620,0.1696,50.58,33.21,60.32,0.35120,4.549,0.38120,0.51340,8.570,3.590,4.980,0.34730,0.40800,0.35120,4.549,0.38120,0.51340,8.570,2026-04,True,1.0,1.0,2.9
2250318,2026-04-20,2026-04,PHI,CHC,824692,1,5,games,1,5,games,4.5,-0.5,-120,7.5,0.1572,0.1616,41.73,42.55,49.50,0.39400,4.490,0.50040,0.55900,8.370,3.800,4.570,0.40070,0.51630,0.39400,4.490,0.50040,0.55900,8.370,2026-04,True,1.0,1.0,2.9
2250319,2026-04-20,2026-04,LAD,COL,824370,12,3,games,5,1,games,6.5,-1.5,-198,12.0,0.1388,0.1309,47.56,38.56,55.16,0.52260,5.309,0.31280,0.66750,9.720,5.440,4.280,0.55580,0.28680,0.52260,5.309,0.31280,0.66750,9.720,2026-04,True,1.0,1.0,2.9
2250320,2026-04-20,2026-04,TOR,LAA,824046,5,2,games,2,2,games,3.5,-0.5,-118,7.5,0.1507,0.1508,45.12,39.81,53.05,0.40830,4.050,0.44170,0.58420,7.630,3.620,4.020,0.43070,0.44950,0.40830,4.050,0.44170,0.58420,7.630,2026-04,True,1.0,1.0,2.9
2250321,2026-04-20,2026-04,ATH,SEA,823149,6,4,games,1,3,games,4.5,0.5,+114,8.0,0.1599,0.1661,40.28,43.73,47.85,0.37220,3.245,0.26140,0.57890,6.260,2.810,3.450,0.39910,0.27530,0.37220,3.245,0.26140,0.57890,6.260,2026-04,True,1.0,1.0,2.9
2250322,2026-04-21,2026-04,HOU,CLE,824448,5,8,games,3,2,games,,,,8.5,0.1655,0.1754,44.72,38.73,53.59,0.26210,4.543,0.43840,0.41880,8.600,2.910,5.690,0.23510,0.45300,0.26210,4.543,0.43840,0.41880,8.600,2026-04,True,1.0,1.0,2.9
2250323,2026-04-21,2026-04,CIN,TB,822995,12,6,games,5,0,games,,,,7.5,0.1638,0.1725,38.92,44.70,46.51,0.43330,4.325,0.47850,0.60200,8.130,3.960,4.170,0.45040,0.49370,0.43330,4.325,0.47850,0.60200,8.130,2026-04,True,1.0,1.0,2.9
2250324,2026-04-21,2026-04,STL,MIA,823880,5,3,games,5,1,games,,,,8.5,0.1517,0.1523,40.31,44.53,47.62,0.42270,5.040,0.50240,0.57540,9.440,4.520,4.930,0.43640,0.52660,0.42270,5.040,0.50240,0.57540,9.440,2026-04,True,1.0,1.0,2.9
2250325,2026-04-21,2026-04,MIL,DET,824290,12,4,games,3,1,games,,,,8.0,0.1502,0.1498,43.48,41.50,51.22,0.39580,3.897,0.35250,0.57730,7.310,3.360,3.950,0.41100,0.37770,0.39580,3.897,0.35250,0.57730,7.310,2026-04,True,1.0,1.0,2.9
2250326,2026-04-21,2026-04,ATL,WSH,822747,4,11,games,3,5,games,,,,8.5,0.1502,0.1499,44.07,40.91,51.92,0.45160,5.000,0.49670,0.60460,9.310,4.680,4.640,0.47320,0.51600,0.45160,5.000,0.49670,0.60460,9.310,2026-04,True,1.0,1.0,2.9
2250327,2026-04-21,2026-04,NYY,BOS,824773,4,0,games,1,0,games,,,,8.5,0.1619,0.1694,42.30,41.50,50.50,0.40500,4.286,0.40560,0.57400,7.980,3.680,4.290,0.41250,0.40020,0.40500,4.286,0.40560,0.57400,7.980,2026-04,True,1.0,1.0,2.9
2250328,2026-04-21,2026-04,MIN,NYM,823640,5,3,games,0,3,games,,,,7.5,0.1555,0.1587,35.98,48.46,42.55,0.29340,4.560,0.50740,0.45210,8.540,3.180,5.370,0.28080,0.52840,0.29340,4.560,0.50740,0.45210,8.540,2026-04,True,1.0,1.0,2.9
2250329,2026-04-21,2026-04,BAL,KC,824127,5,6,games,3,3,games,,,,9.0,0.1698,0.1825,40.08,42.95,48.31,0.36150,4.710,0.40240,0.52010,8.850,3.770,5.070,0.35850,0.43130,0.36150,4.710,0.40240,0.52010,8.850,2026-04,True,1.0,1.0,2.9
2250330,2026-04-21,2026-04,PHI,CHC,824690,4,7,games,0,1,games,,,,8.5,0.1600,0.1663,42.93,41.06,51.22,0.31310,4.659,0.45440,0.47040,8.720,3.350,5.370,0.29650,0.46440,0.31310,4.659,0.45440,0.47040,8.720,2026-04,True,1.0,1.0,2.9
2250331,2026-04-21,2026-04,PIT,TEX,822914,1,5,games,1,5,games,,,,8.0,,,,,,0.44230,4.281,0.40470,0.61110,8.070,4.050,4.020,0.47230,0.44910,0.44230,4.281,0.40470,0.61110,8.070,2026-04,True,1.0,1.0,2.9
2250332,2026-04-21,2026-04,SD,COL,824369,1,0,games,0,0,games,,,,11.0,,,,,,0.36940,5.461,0.38110,0.51310,10.120,4.430,5.690,0.37780,0.38090,0.36940,5.461,0.38110,0.51310,10.120,2026-04,True,1.0,1.0,2.9
2250333,2026-04-21,2026-04,TOR,LAA,824045,4,2,games,0,1,games,,,,9.0,0.1383,0.1300,53.16,33.01,61.69,0.38550,4.494,0.37430,0.54940,8.440,3.800,4.640,0.39400,0.39770,0.38550,4.494,0.37430,0.54940,8.440,2026-04,True,1.0,1.0,2.9
2250334,2026-04-21,2026-04,ATH,SEA,823148,5,2,games,2,2,games,,,,8.0,0.1679,0.1794,38.79,44.42,46.61,0.42260,4.590,0.44510,0.58410,8.600,4.130,4.480,0.43880,0.49540,0.42260,4.590,0.44510,0.58410,8.600,2026-04,True,1.0,1.0,2.9
2250335,2026-04-21,2026-04,LAD,SF,823236,1,3,games,1,3,games,,,,7.5,0.1626,0.1706,47.46,36.28,56.68,0.42860,3.753,0.39890,0.61420,7.070,3.450,3.630,0.45040,0.39320,0.42860,3.753,0.39890,0.61420,7.070,2026-04,True,1.0,1.0,2.9
2250336,2026-04-22,2026-04,STL,MIA,823878,1,4,games,0,4,games,4.5,0.5,+112,8.0,0.1634,0.1718,41.52,42.14,49.63,0.39510,4.697,0.45950,0.55490,8.850,4.050,4.800,0.40420,0.51670,0.39510,4.697,0.45950,0.55490,8.850,2026-04,True,1.0,1.0,2.9
2250337,2026-04-22,2026-04,HOU,CLE,824449,2,0,games,2,0,games,4.5,0.5,+118,8.0,0.1693,0.1817,39.72,43.35,47.82,0.45630,4.530,0.43810,0.61940,8.490,4.300,4.190,0.47910,0.48590,0.45630,4.530,0.43810,0.61940,8.490,2026-04,True,1.0,1.0,2.9
2250338,2026-04-22,2026-04,CIN,TB,822993,1,6,games,1,5,games,4.5,0.5,+124,8.5,0.1562,0.1598,43.06,41.32,51.03,0.42230,4.401,0.42080,0.58930,8.260,3.940,4.310,0.43640,0.42590,0.42230,4.401,0.42080,0.58930,8.260,2026-04,True,1.0,1.0,2.9
2250339,2026-04-22,2026-04,BAL,KC,824123,8,6,games,2,3,games,5.5,0.5,+112,9.5,0.1621,0.1697,43.49,40.30,51.90,0.27570,4.838,0.35790,0.42620,9.120,3.210,5.910,0.25150,0.40750,0.27570,4.838,0.35790,0.42620,9.120,2026-04,True,1.0,1.0,2.9
2250340,2026-04-22,2026-04,TOR,LAA,824044,3,7,games,0,3,games,3.5,0.5,+146,8.5,0.1620,0.1695,43.42,40.38,51.81,0.30070,4.248,0.39950,0.46930,8.040,3.040,5.000,0.29190,0.40490,0.30070,4.248,0.39950,0.46930,8.040,2026-04,True,1.0,1.0,2.9
2250341,2026-04-22,2026-04,ATH,SEA,823147,4,5,games,3,2,games,4.5,0.5,+158,7.5,0.1642,0.1731,37.23,46.35,44.54,0.39320,3.879,0.41750,0.57460,7.350,3.390,3.960,0.41310,0.42080,0.39320,3.879,0.41750,0.57460,7.350,2026-04,True,1.0,1.0,2.9
2250342,2026-04-22,2026-04,MIL,DET,824286,2,5,games,1,4,games,4.5,0.5,+112,8.0,0.1603,0.1666,47.34,36.63,56.38,0.44960,4.045,0.37220,0.62480,7.540,3.810,3.730,0.47730,0.39970,0.44960,4.045,0.37220,0.62480,7.540,2026-04,True,1.0,1.0,2.9
2250343,2026-04-22,2026-04,ATL,WSH,822748,8,6,games,8,4,games,4.5,-0.5,-142,9.0,0.1309,0.1177,35.20,51.71,40.50,0.44900,7.396,0.68100,0.56960,13.620,6.640,6.980,0.44830,0.74350,0.44900,7.396,0.68100,0.56960,13.620,2026-04,True,1.0,1.0,2.9
2250344,2026-04-22,2026-04,NYY,BOS,824774,4,1,games,4,0,games,3.5,-0.5,-150,7.5,0.1605,0.1671,47.95,36.00,57.12,0.44430,3.901,0.42060,0.62430,7.270,3.630,3.640,0.46900,0.41240,0.44430,3.901,0.42060,0.62430,7.270,2026-04,True,1.0,1.0,2.9
2250345,2026-04-22,2026-04,MIN,NYM,823641,2,3,games,1,2,games,4.5,0.5,+122,7.5,0.1552,0.1581,38.48,46.00,45.55,0.38180,4.529,0.50540,0.54510,8.460,3.790,4.660,0.39230,0.52190,0.38180,4.529,0.50540,0.54510,8.460,2026-04,True,1.0,1.0,2.9
2250346,2026-04-22,2026-04,PHI,CHC,824688,2,7,games,2,6,games,4.5,0.5,+148,7.5,0.1608,0.1676,41.63,42.29,49.61,0.38710,4.588,0.51270,0.54870,8.550,3.820,4.730,0.38980,0.53100,0.38710,4.588,0.51270,0.54870,8.550,2026-04,True,1.0,1.0,2.9
2250347,2026-04-22,2026-04,PIT,TEX,822913,8,4,games,4,2,games,4.5,-0.5,-118,7.5,0.1774,0.1953,40.23,42.02,48.91,0.47690,4.023,0.43740,0.65210,7.600,4.060,3.530,0.52160,0.44470,0.47690,4.023,0.43740,0.65210,7.600,2026-04,True,1.0,1.0,2.9
2250348,2026-04-22,2026-04,SD,COL,824367,3,8,games,1,5,games,6.5,-0.5,-132,12.0,0.1427,0.1374,49.29,36.44,57.50,0.42770,6.095,0.39730,0.56230,11.210,5.410,5.800,0.44980,0.39250,0.42770,6.095,0.39730,0.56230,11.210,2026-04,True,1.0,1.0,2.9
2250349,2026-04-22,2026-04,LAD,SF,823231,0,3,games,0,0,games,4.5,-0.5,-215,8.0,0.1771,0.1948,43.92,38.37,53.38,0.60970,4.729,0.46160,0.75950,8.610,5.440,3.170,0.66460,0.49440,0.60970,4.729,0.46160,0.75950,8.610,2026-04,True,1.0,1.0,2.9
2250350,2026-04-23,2026-04,ATL,WSH,822745,7,2,games,2,2,games,,,,9.0,0.1379,0.1294,46.10,40.11,53.48,0.48720,5.827,0.53240,0.62530,10.760,5.630,5.120,0.50770,0.58010,0.48720,5.827,0.53240,0.62530,10.760,2026-04,True,1.0,1.0,2.9
2250351,2026-04-23,2026-04,MIL,DET,824288,4,5,games,1,2,games,,,,7.0,0.1656,0.1755,40.22,43.22,48.20,0.31260,4.467,0.49590,0.47500,8.350,3.210,5.140,0.29920,0.56560,0.31260,4.467,0.49590,0.47500,8.350,2026-04,True,1.0,1.0,2.9
2250352,2026-04-23,2026-04,PHI,CHC,824689,7,8,games,2,5,games,,,,9.5,0.1619,0.1694,47.45,36.37,56.61,0.40160,4.817,0.35710,0.55820,8.950,4.100,4.860,0.40620,0.39560,0.40160,4.817,0.35710,0.55820,8.950,2026-04,True,1.0,1.0,2.9
2250353,2026-04-23,2026-04,SD,COL,824368,10,8,games,4,6,games,,,,10.5,0.1455,0.1421,48.06,37.38,56.25,0.37220,7.547,0.59150,0.48820,13.840,6.050,7.800,0.36900,0.66270,0.37220,7.547,0.59150,0.48820,13.840,2026-04,True,1.0,1.0,2.9
2250354,2026-04-23,2026-04,LAD,SF,823233,3,0,games,3,0,games,,,,7.5,0.1743,0.1900,46.10,36.47,55.83,0.50170,4.236,0.46590,0.66940,7.850,4.270,3.580,0.53430,0.46850,0.50170,4.236,0.46590,0.66940,7.850,2026-04,True,1.0,1.0,2.9
2250355,2026-04-23,2026-04,NYY,BOS,824770,4,2,games,1,2,games,,,,7.5,0.1501,0.1497,53.09,31.90,62.46,0.54700,4.455,0.49460,0.70810,8.150,4.740,3.410,0.59200,0.49500,0.54700,4.455,0.49460,0.70810,8.150,2026-04,True,1.0,1.0,2.9
2250356,2026-04-23,2026-04,MIN,NYM,823639,8,10,games,2,7,games,,,,7.5,0.1575,0.1620,40.32,43.93,47.86,0.48240,4.499,0.50030,0.64470,8.360,4.450,3.910,0.51930,0.51350,0.48240,4.499,0.50030,0.64470,8.360,2026-04,True,1.0,1.0,2.9
2250357,2026-04-23,2026-04,PIT,TEX,822912,1,6,games,1,6,games,,,,7.5,0.1877,0.2124,39.19,42.04,48.25,0.40050,3.847,0.41300,0.58240,7.320,3.440,3.880,0.42630,0.41780,0.40050,3.847,0.41300,0.58240,7.320,2026-04,True,1.0,1.0,2.9
2250358,2026-04-24,2026-04,DET,CIN,824529,8,9,games,5,2,games,5.5,-3.5,-5000,9.0,0.1605,0.1670,43.04,40.91,51.27,0.47220,5.089,0.44910,0.62230,9.410,4.860,4.540,0.49580,0.47840,0.47220,5.089,0.44910,0.62230,9.410,2026-04,True,1.0,1.0,2.9
2250359,2026-04-24,2026-04,BOS,BAL,824854,3,10,games,2,9,games,4.5,0.5,+1500,8.5,0.1488,0.1475,46.49,38.64,54.61,0.39920,5.931,0.60330,0.53540,10.940,4.960,5.980,0.39480,0.63490,0.39920,5.931,0.60330,0.53540,10.940,2026-04,True,1.0,1.0,2.9
2250360,2026-04-24,2026-04,CLE,TOR,822827,8,6,games,7,4,games,9.5,-2.5,-132,8.0,0.1491,0.1481,46.72,38.37,54.91,0.48670,4.511,0.43500,0.64830,8.430,4.530,3.890,0.52710,0.48080,0.48670,4.511,0.43500,0.64830,8.430,2026-04,True,1.0,1.0,2.9
2250361,2026-04-24,2026-04,COL,NYM,823638,4,3,games,1,1,games,2.5,1.5,+560,7.5,0.1582,0.1633,33.70,50.48,40.03,0.34280,5.447,0.61310,0.48590,10.150,4.220,5.940,0.33740,0.65340,0.34280,5.447,0.61310,0.48590,10.150,2026-04,True,1.0,1.0,2.9
2250362,2026-04-24,2026-04,MIN,TB,822992,2,6,games,1,3,games,3.5,0.5,+104,7.5,0.1592,0.1648,40.02,44.06,47.60,0.37920,4.022,0.43770,0.55610,7.620,3.400,4.230,0.38970,0.44630,0.37920,4.022,0.43770,0.55610,7.620,2026-04,True,1.0,1.0,2.9
2250363,2026-04-24,2026-04,PHI,ATL,824932,3,5,games,3,2,games,5.5,-1.5,+118,9.0,0.1568,0.1608,44.51,39.81,52.79,0.37110,4.774,0.41000,0.52760,8.950,3.850,5.090,0.36400,0.43930,0.37110,4.774,0.41000,0.52760,8.950,2026-04,True,1.0,1.0,2.9
2250364,2026-04-24,2026-04,LAA,KC,824124,3,6,games,0,5,games,3.5,0.5,-110,8.5,0.1636,0.1723,40.34,43.30,48.23,0.43240,5.253,0.52780,0.58080,9.800,4.730,5.070,0.44290,0.55390,0.43240,5.253,0.52780,0.58080,9.800,2026-04,True,1.0,1.0,2.9
2250365,2026-04-24,2026-04,WSH,CWS,824611,4,5,games,3,1,games,4.5,0.5,+164,9.5,0.1611,0.1680,42.40,41.49,50.54,0.45850,4.937,0.37070,0.61310,9.280,4.700,4.580,0.48060,0.42170,0.45850,4.937,0.37070,0.61310,9.280,2026-04,True,1.0,1.0,2.9
2250366,2026-04-24,2026-04,PIT,MIL,823800,6,0,games,3,0,games,3.5,-0.5,-125,7.0,0.1685,0.1804,39.99,43.16,48.10,0.41280,3.902,0.42020,0.59350,7.360,3.550,3.810,0.44380,0.47750,0.41280,3.902,0.42020,0.59350,7.360,2026-04,True,1.0,1.0,2.9
2250367,2026-04-24,2026-04,ATH,TEX,822909,8,1,games,6,1,games,4.5,0.5,+122,8.0,0.1797,0.1991,36.98,45.05,45.08,0.41800,4.612,0.44960,0.57870,8.650,4.120,4.540,0.43300,0.50050,0.41800,4.612,0.44960,0.57870,8.650,2026-04,True,1.0,1.0,2.9
2250368,2026-04-24,2026-04,NYY,HOU,824204,12,4,games,5,2,games,4.5,-0.5,-150,9.0,0.1365,0.1270,53.46,32.89,61.91,0.46730,4.748,0.40780,0.62500,8.770,4.460,4.320,0.48060,0.42520,0.46730,4.748,0.40780,0.62500,8.770,2026-04,True,1.0,1.0,2.9
2250369,2026-04-24,2026-04,SEA,STL,823069,3,2,games,2,2,games,4.5,-0.5,-156,8.0,0.1534,0.1552,46.85,37.81,55.34,0.46290,4.253,0.40120,0.63220,8.000,4.110,3.890,0.49160,0.44300,0.46290,4.253,0.40120,0.63220,8.000,2026-04,True,1.0,1.0,2.9
2250370,2026-04-24,2026-04,CHC,LAD,823962,6,4,games,0,4,games,4.5,0.5,+134,9.0,0.1688,0.1809,36.82,46.30,44.30,0.41070,5.173,0.45900,0.56010,9.510,4.430,5.080,0.41800,0.48710,0.41070,5.173,0.45900,0.56010,9.510,2026-04,True,1.0,1.0,2.9
2250371,2026-04-24,2026-04,MIA,SF,823232,9,4,games,8,3,games,4.5,-0.5,-116,7.5,0.1729,0.1878,41.85,40.86,50.60,0.47270,4.301,0.47560,0.63990,8.090,4.240,3.850,0.50650,0.48950,0.47270,4.301,0.47560,0.63990,8.090,2026-04,True,1.0,1.0,2.9
2250372,2026-04-25,2026-04,SEA,STL,823070,11,9,games,6,7,games,,,,7.5,0.1593,0.1650,49.73,34.34,59.16,0.48460,3.993,0.43260,0.66030,7.530,4.030,3.500,0.52230,0.43800,0.48460,3.993,0.43260,0.66030,7.530,2026-04,True,1.0,1.0,2.9
2250373,2026-04-25,2026-04,CLE,TOR,822826,3,5,games,1,1,games,,,,7.0,0.1580,0.1629,39.70,44.50,47.15,0.37940,4.282,0.47330,0.54840,8.080,3.620,4.460,0.39230,0.54490,0.37940,4.282,0.47330,0.54840,8.080,2026-04,True,1.0,1.0,2.9
2250374,2026-04-25,2026-04,BOS,BAL,824851,17,1,games,7,0,games,,,,7.0,,,,,,0.43650,5.708,0.64020,0.57700,10.500,5.080,5.420,0.44460,0.72090,0.43650,5.708,0.64020,0.57700,10.500,2026-04,True,1.0,1.0,2.9
2250375,2026-04-25,2026-04,MIA,SF,823229,2,6,games,1,1,games,,,,7.5,0.1729,0.1877,40.30,42.41,48.72,0.37090,4.179,0.45830,0.54290,7.930,3.460,4.470,0.37470,0.47430,0.37090,4.179,0.45830,0.54290,7.930,2026-04,True,1.0,1.0,2.9
2250376,2026-04-26,2026-04,COL,NYM,823637,3,0,games,3,0,games,,,,8.0,0.1614,0.1685,39.97,43.89,47.66,0.49220,6.019,0.61230,0.62730,11.110,5.900,5.210,0.52070,0.67980,0.49220,6.019,0.61230,0.62730,11.110,2026-04,True,1.0,1.0,2.9
2250377,2026-04-25,2026-04,MIN,TB,822989,1,6,games,0,2,games,,,,8.5,0.1568,0.1608,40.85,43.48,48.44,0.41640,4.467,0.42980,0.58160,8.410,3.980,4.430,0.42930,0.43970,0.41640,4.467,0.42980,0.58160,8.410,2026-04,True,1.0,1.0,2.9
2250378,2026-04-25,2026-04,WSH,CWS,824613,6,3,games,2,0,games,,,,8.0,0.1582,0.1632,40.49,43.69,48.09,0.42740,4.356,0.41460,0.59510,8.250,3.990,4.260,0.44590,0.46490,0.42740,4.356,0.41460,0.59510,8.250,2026-04,True,1.0,1.0,2.9
2250379,2026-04-25,2026-04,ATH,TEX,822910,3,4,games,3,2,games,,,,8.0,0.1704,0.1836,44.14,38.82,53.21,0.42830,3.855,0.34640,0.61040,7.300,3.600,3.710,0.46020,0.37760,0.42830,3.855,0.34640,0.61040,7.300,2026-04,True,1.0,1.0,2.9
2250380,2026-04-25,2026-04,LAA,KC,824121,1,12,games,1,4,games,,,,8.5,0.1583,0.1634,39.55,44.62,46.99,0.46410,5.106,0.51030,0.61490,9.530,4.860,4.670,0.48600,0.53360,0.46410,5.106,0.51030,0.61490,9.530,2026-04,True,1.0,1.0,2.9
2250381,2026-04-25,2026-04,NYY,HOU,824203,8,3,games,2,1,games,,,,9.0,0.1465,0.1437,42.75,42.60,50.08,0.50980,5.260,0.46940,0.65590,9.630,5.190,4.440,0.53000,0.49480,0.50980,5.260,0.46940,0.65590,9.630,2026-04,True,1.0,1.0,2.9
2250382,2026-04-25,2026-04,PIT,MIL,823799,6,3,games,2,2,games,,,,8.0,0.1595,0.1653,38.33,45.73,45.60,0.41010,4.106,0.38100,0.58530,7.730,3.690,4.030,0.43840,0.41770,0.41010,4.106,0.38100,0.58530,7.730,2026-04,True,1.0,1.0,2.9
2250383,2026-04-25,2026-04,DET,CIN,824527,2,9,games,2,6,games,,,,9.5,0.1621,0.1697,40.95,42.84,48.87,0.47760,5.061,0.38600,0.62890,9.350,4.880,4.470,0.50340,0.42850,0.47760,5.061,0.38600,0.62890,9.350,2026-04,True,1.0,1.0,2.9
2250384,2026-04-25,2026-04,CHC,LAD,823960,4,12,games,4,8,games,,,,9.5,0.1568,0.1608,42.11,42.21,49.94,0.50220,5.156,0.39700,0.65090,9.420,5.090,4.330,0.53250,0.43400,0.50220,5.156,0.39700,0.65090,9.420,2026-04,True,1.0,1.0,2.9
2250385,2026-04-25,2026-04,PHI,ATL,824933,8,5,games,3,2,games,,,,8.5,0.1594,0.1652,45.93,38.13,54.64,0.39710,4.087,0.37920,0.57200,7.710,3.520,4.190,0.40620,0.37570,0.39710,4.087,0.37920,0.57200,7.710,2026-04,True,1.0,1.0,2.9
2250386,2026-04-26,2026-04,BOS,BAL,824852,5,3,games,3,1,games,3.5,0.5,+120,7.5,0.1629,0.1710,42.58,41.14,50.86,0.47610,5.058,0.56980,0.62750,9.340,4.860,4.490,0.50160,0.59550,0.47610,5.058,0.56980,0.62750,9.340,2026-04,True,1.0,1.0,2.9
2250387,2026-04-26,2026-04,PHI,ATL,824934,2,6,games,0,6,games,4.5,0.5,+156,8.0,0.1620,0.1696,37.87,45.93,45.19,0.35540,4.786,0.47070,0.51160,8.980,3.740,5.230,0.34430,0.52590,0.35540,4.786,0.47070,0.51160,8.980,2026-04,True,1.0,1.0,2.9
2250388,2026-04-26,2026-04,CLE,TOR,822824,2,4,games,2,2,games,4.5,0.5,+110,8.0,0.1525,0.1537,40.88,43.87,48.23,0.34300,4.905,0.48520,0.49550,9.180,3.800,5.380,0.33870,0.54420,0.34300,4.905,0.48520,0.49550,9.180,2026-04,True,1.0,1.0,2.9
2250389,2026-04-26,2026-04,DET,CIN,824528,8,3,games,2,3,games,4.5,0.5,-110,9.0,0.1562,0.1598,39.75,44.64,47.10,0.43810,4.009,0.31210,0.61500,7.530,3.760,3.770,0.46810,0.31700,0.43810,4.009,0.31210,0.61500,7.530,2026-04,True,1.0,1.0,2.9
2250390,2026-04-26,2026-04,COL,NYM,823635,3,1,games,1,1,games,4.5,0.5,+182,7.0,0.1649,0.1744,36.74,46.77,43.99,0.29590,4.823,0.54070,0.44830,9.050,3.410,5.640,0.28490,0.62110,0.29590,4.823,0.54070,0.44830,9.050,2026-04,True,1.0,1.0,2.9
2250391,2026-04-26,2026-04,MIN,TB,822991,2,4,games,0,4,games,4.5,0.5,+108,8.5,0.1610,0.1678,43.79,40.12,52.19,0.38310,5.011,0.49830,0.53630,9.400,4.150,5.250,0.38070,0.52300,0.38310,5.011,0.49830,0.53630,9.400,2026-04,True,1.0,1.0,2.9
2250392,2026-04-26,2026-04,WSH,CWS,824612,2,1,games,0,0,games,4.5,0.5,-104,7.5,0.1619,0.1694,43.35,40.45,51.73,0.45750,4.357,0.48290,0.62440,8.230,4.200,4.040,0.48440,0.50270,0.45750,4.357,0.48290,0.62440,8.230,2026-04,True,1.0,1.0,2.9
2250393,2026-04-26,2026-04,NYY,HOU,824202,4,7,games,0,7,games,5.5,-0.5,-122,9.5,0.1438,0.1392,51.02,34.60,59.59,0.42390,4.694,0.34140,0.58300,8.710,4.110,4.600,0.42840,0.37470,0.42390,4.694,0.34140,0.58300,8.710,2026-04,True,1.0,1.0,2.9
2250394,2026-04-26,2026-04,PIT,MIL,823797,0,5,games,0,5,games,4.5,0.5,-106,7.5,0.1569,0.1610,40.26,44.05,47.75,0.37480,4.484,0.49920,0.53850,8.400,3.740,4.660,0.38660,0.51750,0.37480,4.484,0.49920,0.53850,8.400,2026-04,True,1.0,1.0,2.9
2250395,2026-04-26,2026-04,SEA,STL,823068,3,2,games,1,1,games,4.5,-0.5,-135,8.5,0.1530,0.1545,45.31,39.39,53.50,0.42000,3.774,0.33470,0.60480,7.180,3.470,3.720,0.44490,0.32810,0.42000,3.774,0.33470,0.60480,7.180,2026-04,True,1.0,1.0,2.9
2250396,2026-04-26,2026-04,ATH,TEX,822911,2,1,games,2,0,games,4.5,0.5,-104,8.5,0.1649,0.1743,43.98,39.53,52.67,0.42960,3.874,0.34890,0.61090,7.330,3.630,3.710,0.46120,0.34170,0.42960,3.874,0.34890,0.61090,7.330,2026-04,True,1.0,1.0,2.9
2250397,2026-04-26,2026-04,MIA,SF,823230,3,6,games,3,1,games,3.5,0.5,+112,7.5,0.1639,0.1726,41.01,42.60,49.05,0.36770,3.899,0.42030,0.54920,7.440,3.250,4.190,0.37760,0.42860,0.36770,3.899,0.42030,0.54920,7.440,2026-04,True,1.0,1.0,2.9
2250398,2026-04-26,2026-04,CHC,LAD,823959,0,6,games,0,3,games,4.5,0.5,-108,9.0,0.1576,0.1622,40.46,43.78,48.03,0.42110,3.773,0.28240,0.60670,7.060,3.440,3.620,0.45210,0.27470,0.42110,3.773,0.28240,0.60670,7.060,2026-04,True,1.0,1.0,2.9
2250399,2026-04-26,2026-04,LAA,KC,824122,9,11,games,6,1,games,4.5,0.5,-110,8.5,0.1535,0.1553,46.38,38.27,54.79,0.38040,3.954,0.35990,0.55890,7.530,3.370,4.150,0.39470,0.36010,0.38040,3.954,0.35990,0.55890,7.530,2026-04,True,1.0,1.0,2.9
2250400,2026-04-27,2026-04,TB,CLE,824446,3,2,games,0,2,games,,,,8.0,0.1723,0.1867,45.20,37.57,54.61,0.35040,3.781,0.33620,0.53540,7.240,3.060,4.170,0.35910,0.37000,0.35040,3.781,0.33620,0.53540,7.240,2026-04,True,1.0,1.0,2.9
2250401,2026-04-27,2026-04,STL,PIT,823395,4,2,games,0,2,games,,,,8.0,0.1588,0.1642,38.45,45.67,45.71,0.40760,5.385,0.54220,0.55320,10.100,4.670,5.430,0.41100,0.61450,0.40760,5.385,0.54220,0.55320,10.100,2026-04,True,1.0,1.0,2.9
2250402,2026-04-27,2026-04,BOS,TOR,822825,5,0,games,3,0,games,,,,7.0,0.1496,0.1489,41.44,43.60,48.73,0.42000,4.393,0.48750,0.58750,8.200,3.930,4.270,0.43910,0.55350,0.42000,4.393,0.48750,0.58750,8.200,2026-04,True,1.0,1.0,2.9
2250403,2026-04-27,2026-04,SEA,MIN,823719,4,11,games,2,7,games,,,,9.0,0.1533,0.1550,47.38,37.29,55.95,0.36750,5.196,0.46080,0.51600,9.700,4.170,5.530,0.36090,0.50180,0.36750,5.196,0.46080,0.51600,9.700,2026-04,True,1.0,1.0,2.9
2250404,2026-04-27,2026-04,LAA,CWS,824609,7,8,games,4,1,games,,,,9.0,0.1528,0.1542,38.24,46.48,45.13,0.49400,4.510,0.37700,0.65560,8.480,4.570,3.910,0.52820,0.40010,0.49400,4.510,0.37700,0.65560,8.480,2026-04,True,1.0,1.0,2.9
2250405,2026-04-27,2026-04,NYY,TEX,822906,4,2,games,4,0,games,,,,8.0,0.1882,0.2132,46.54,34.64,57.33,0.51460,3.989,0.36480,0.68820,7.400,4.140,3.250,0.55840,0.38560,0.51460,3.989,0.36480,0.68820,7.400,2026-04,True,1.0,1.0,2.9
2250406,2026-04-27,2026-04,CHC,SD,823311,7,9,games,5,6,games,,,,7.5,0.1636,0.1722,43.29,40.35,51.76,0.39770,3.746,0.39820,0.58340,7.070,3.280,3.790,0.41710,0.39290,0.39770,3.746,0.39820,0.58340,7.070,2026-04,True,1.0,1.0,2.9
2250407,2026-04-27,2026-04,MIA,LAD,823961,4,5,games,4,2,games,,,,8.5,0.1566,0.1606,30.84,53.49,36.57,0.29350,4.904,0.48430,0.44280,9.150,3.400,5.740,0.27870,0.49990,0.29350,4.904,0.48430,0.44280,9.150,2026-04,True,1.0,1.0,2.9
2250408,2026-04-28,2026-04,TB,CLE,824447,1,0,games,1,0,games,0.5,0.5,+142,7.5,0.1701,0.1830,40.65,42.34,48.98,0.46900,4.251,0.46860,0.63850,8.010,4.180,3.820,0.50300,0.48290,0.46900,4.251,0.46860,0.63850,8.010,2026-04,True,1.0,1.0,2.9
2250409,2026-04-28,2026-04,HOU,BAL,824849,3,5,games,1,4,games,4.5,0.5,+108,9.0,0.1471,0.1447,39.30,45.99,46.08,0.42910,5.402,0.48540,0.57470,10.000,4.820,5.180,0.44180,0.52530,0.42910,5.402,0.48540,0.57470,10.000,2026-04,True,1.0,1.0,2.9
2250410,2026-04-28,2026-04,COL,CIN,824526,2,7,games,2,4,games,5.5,0.5,+1400,8.5,0.1505,0.1503,35.17,49.79,41.40,0.42260,4.442,0.42630,0.58810,8.350,4.040,4.310,0.44610,0.43520,0.42260,4.442,0.42630,0.58810,8.350,2026-04,True,1.0,1.0,2.9
2250411,2026-04-28,2026-04,STL,PIT,823390,11,7,games,6,0,games,4.5,0.5,+150,8.5,0.1650,0.1745,42.70,40.80,51.13,0.32820,4.971,0.49330,0.47930,9.380,3.740,5.640,0.31520,0.52010,0.32820,4.971,0.49330,0.47930,9.380,2026-04,True,1.0,1.0,2.9
2250412,2026-04-28,2026-04,SF,PHI,823473,0,7,games,0,1,games,1.5,0.5,+140,8.0,0.1595,0.1654,37.75,46.30,44.91,0.39460,5.509,0.55690,0.53850,10.230,4.650,5.580,0.39840,0.62350,0.39460,5.509,0.55690,0.53850,10.230,2026-04,True,1.0,1.0,2.9
2250413,2026-04-28,2026-04,BOS,TOR,822823,0,3,games,0,3,games,4.5,-0.5,-112,7.5,0.1434,0.1385,36.86,48.80,43.03,0.38220,5.088,0.57380,0.53270,9.450,4.190,5.260,0.38240,0.60330,0.38220,5.088,0.57380,0.53270,9.450,2026-04,True,1.0,1.0,2.9
2250414,2026-04-28,2026-04,WSH,NYM,823636,0,8,games,0,8,games,4.5,1.5,+520,8.0,0.1590,0.1646,38.82,45.27,46.16,0.30090,5.016,0.49760,0.45030,9.360,3.560,5.800,0.28860,0.55680,0.30090,5.016,0.49760,0.45030,9.360,2026-04,True,1.0,1.0,2.9
2250415,2026-04-28,2026-04,DET,ATL,824931,2,5,games,0,2,games,4.5,0.5,-112,8.5,0.1604,0.1669,39.99,43.96,47.63,0.38590,4.192,0.39270,0.55760,7.890,3.530,4.360,0.39250,0.39320,0.38590,4.192,0.39270,0.55760,7.890,2026-04,True,1.0,1.0,2.9
2250416,2026-04-28,2026-04,SEA,MIN,823716,7,1,games,0,1,games,3.5,-0.5,-130,7.5,0.1554,0.1586,45.81,38.64,54.25,0.38750,4.659,0.52190,0.54700,8.740,3.930,4.810,0.39310,0.54690,0.38750,4.659,0.52190,0.54700,8.740,2026-04,True,1.0,1.0,2.9
2250417,2026-04-28,2026-04,LAA,CWS,824610,2,5,games,1,3,games,3.5,-0.5,-156,7.5,0.1667,0.1774,42.15,41.17,50.59,0.44590,3.577,0.37330,0.63640,6.850,3.480,3.370,0.48170,0.37150,0.44590,3.577,0.37330,0.63640,6.850,2026-04,True,1.0,1.0,2.9
2250418,2026-04-28,2026-04,NYY,TEX,822908,3,2,games,1,0,games,3.5,-0.5,-112,7.0,0.1903,0.2167,41.77,39.20,51.59,0.47200,3.593,0.37610,0.66040,6.740,3.570,3.170,0.51260,0.41510,0.47200,3.593,0.37610,0.66040,6.740,2026-04,True,1.0,1.0,2.9
2250419,2026-04-28,2026-04,KC,ATH,825017,4,1,games,0,1,games,4.5,-0.5,-128,9.5,0.1406,0.1339,44.31,41.62,51.57,0.46830,5.676,0.45760,0.60930,10.550,5.400,5.150,0.48930,0.52110,0.46830,5.676,0.45760,0.60930,10.550,2026-04,True,1.0,1.0,2.9
2250420,2026-04-28,2026-04,CHC,SD,823310,8,3,games,2,2,games,4.5,-0.5,-138,8.5,0.1583,0.1633,43.12,41.06,51.22,0.46760,4.281,0.40470,0.63560,7.960,4.130,3.830,0.49910,0.39980,0.46760,4.281,0.40470,0.63560,7.960,2026-04,True,1.0,1.0,2.9
2250421,2026-04-28,2026-04,MIA,LAD,823956,2,1,games,2,0,games,4.5,1.5,+215,7.5,0.1621,0.1697,37.24,46.55,44.45,0.32900,4.038,0.43820,0.50410,7.610,3.090,4.520,0.33200,0.44590,0.32900,4.038,0.43820,0.50410,7.610,2026-04,True,1.0,1.0,2.9
2250422,2026-04-29,2026-04,TB,CLE,824445,1,3,games,0,3,games,,,,6.5,0.1765,0.1937,41.96,40.40,50.95,0.44730,3.719,0.46160,0.63320,7.070,3.600,3.470,0.48190,0.50390,0.44730,3.719,0.46160,0.63320,7.070,2026-04,True,1.0,1.0,2.9
2250423,2026-04-29,2026-04,LAA,CWS,824608,2,3,games,1,1,games,,,,9.0,0.1577,0.1623,45.33,38.90,53.81,0.37990,4.256,0.34430,0.55030,8.100,3.590,4.500,0.38590,0.36770,0.37990,4.256,0.34430,0.55030,8.100,2026-04,True,1.0,1.0,2.9
2250424,2026-04-29,2026-04,SEA,MIN,823717,5,3,games,1,2,games,,,,8.0,0.1493,0.1484,44.74,40.33,52.59,0.44030,4.613,0.44930,0.60160,8.610,4.250,4.350,0.46090,0.49640,0.44030,4.613,0.44930,0.60160,8.610,2026-04,True,1.0,1.0,2.9
2250425,2026-04-29,2026-04,NYY,TEX,822907,0,3,games,0,2,games,,,,8.5,0.1934,0.2219,38.73,41.93,48.01,0.47850,4.611,0.44760,0.63920,8.510,4.440,4.070,0.50260,0.44780,0.47850,4.611,0.44760,0.63920,8.510,2026-04,True,1.0,1.0,2.9
2250426,2026-04-29,2026-04,BOS,TOR,822821,1,8,games,1,7,games,,,,8.5,0.1515,0.1520,42.77,42.08,50.41,0.39550,6.540,0.66060,0.52460,12.030,5.410,6.630,0.38710,0.70100,0.39550,6.540,0.66060,0.52460,12.030,2026-04,True,1.0,1.0,2.9
2250427,2026-04-29,2026-04,MIA,LAD,823958,3,2,games,2,1,games,,,,8.5,0.1608,0.1675,36.07,47.86,42.98,0.32950,4.048,0.37340,0.50530,7.620,3.100,4.520,0.33510,0.36740,0.32950,4.048,0.37340,0.50530,7.620,2026-04,True,1.0,1.0,2.9
2250428,2026-04-29,2026-04,CHC,SD,823312,5,4,games,3,3,games,,,,8.5,0.1616,0.1688,45.08,38.76,53.77,0.48820,4.981,0.49530,0.64020,9.180,4.860,4.310,0.51600,0.50560,0.48820,4.981,0.49530,0.64020,9.180,2026-04,True,1.0,1.0,2.9
2250430,2026-04-29,2026-04,COL,CIN,824525,13,2,games,5,0,games,,,,9.5,0.1514,0.1519,34.78,50.08,40.98,0.45130,4.701,0.34200,0.61050,8.800,4.460,4.340,0.48290,0.38260,0.45130,4.701,0.34200,0.61050,8.800,2026-04,True,1.0,1.0,2.9
2250431,2026-04-29,2026-04,STL,PIT,823392,5,4,games,3,1,games,,,,8.5,0.1652,0.1748,37.17,46.32,44.52,0.42900,5.061,0.50460,0.58140,9.510,4.590,4.920,0.44350,0.53160,0.42900,5.061,0.50460,0.58140,9.510,2026-04,True,1.0,1.0,2.9
2250433,2026-04-29,2026-04,WSH,NYM,823633,14,2,games,9,2,games,,,,7.5,0.1538,0.1558,39.05,45.58,46.14,0.43310,5.342,0.60200,0.57920,9.890,4.810,5.080,0.44810,0.63570,0.43310,5.342,0.60200,0.57920,9.890,2026-04,True,1.0,1.0,2.9
2250434,2026-04-29,2026-04,DET,ATL,824930,3,4,games,3,2,games,,,,8.0,0.1634,0.1719,46.97,36.69,56.14,0.46630,4.422,0.42320,0.63120,8.260,4.250,4.010,0.49180,0.46700,0.46630,4.422,0.42320,0.63120,8.260,2026-04,True,1.0,1.0,2.9
2250435,2026-04-29,2026-04,KC,ATH,825015,2,5,games,1,4,games,,,,9.5,0.1387,0.1307,40.54,45.60,47.06,0.51650,5.666,0.45660,0.65650,10.490,5.770,4.710,0.54840,0.51610,0.51650,5.666,0.45660,0.65650,10.490,2026-04,True,1.0,1.0,2.9
2250436,2026-04-30,2026-04,DET,ATL,824929,5,2,games,0,2,games,4.5,0.5,-108,8.5,0.1588,0.1641,41.37,42.75,49.18,0.38120,4.104,0.38040,0.55650,7.760,3.450,4.310,0.38750,0.38040,0.38120,4.104,0.38040,0.55650,7.760,2026-04,True,1.0,1.0,2.9
2250437,2026-04-30,2026-04,HOU,BAL,824848,3,10,games,0,5,games,4.5,0.5,+102,9.0,0.1388,0.1308,38.27,47.86,44.43,0.52650,5.691,0.51780,0.66560,10.460,5.820,4.630,0.56040,0.55830,0.52650,5.691,0.51780,0.66560,10.460,2026-04,True,1.0,1.0,2.9
2250438,2026-04-30,2026-04,STL,PIT,823391,10,5,games,5,3,games,3.5,1.5,+220,7.0,0.1671,0.1781,38.23,45.05,45.91,0.32880,4.074,0.44450,0.50300,7.780,3.130,4.660,0.32560,0.51570,0.32880,4.074,0.44450,0.50300,7.780,2026-04,True,1.0,1.0,2.9
2250439,2026-04-30,2026-04,COL,CIN,824524,4,6,games,2,3,games,4.5,0.5,+132,9.0,0.1548,0.1575,37.98,46.54,44.93,0.42980,5.556,0.50280,0.57200,10.350,5.010,5.340,0.44450,0.55000,0.42980,5.556,0.50280,0.57200,10.350,2026-04,True,1.0,1.0,2.9
2250440,2026-04-30,2026-04,SF,PHI,823472,2,3,games,2,1,games,3.5,0.5,+122,7.0,0.1520,0.1529,40.88,43.91,48.21,0.44260,5.215,0.58780,0.59070,9.680,4.780,4.900,0.45970,0.66880,0.44260,5.215,0.58780,0.59070,9.680,2026-04,True,1.0,1.0,2.9
2250441,2026-04-30,2026-04,WSH,NYM,823634,5,4,games,3,3,games,4.5,0.5,+164,8.0,0.1587,0.1641,34.65,49.48,41.18,0.30340,5.460,0.55050,0.44320,10.160,3.870,6.290,0.28610,0.61530,0.30340,5.460,0.55050,0.44320,10.160,2026-04,True,1.0,1.0,2.9
2250442,2026-04-30,2026-04,KC,ATH,825016,3,6,games,2,5,games,7.5,3.5,+1400,9.0,0.1452,0.1416,42.10,43.38,49.25,0.35390,5.793,0.52850,0.49190,10.810,4.550,6.260,0.34350,0.58220,0.35390,5.793,0.52850,0.49190,10.810,2026-04,True,1.0,1.0,2.9
2250443,2026-04-30,2026-04,TOR,MIN,823714,1,7,games,1,2,games,4.5,-0.5,-135,8.0,0.1519,0.1527,47.84,36.98,56.40,0.43790,4.425,0.42340,0.60330,8.280,4.080,4.200,0.45870,0.46770,0.43790,4.425,0.42340,0.60330,8.280,2026-04,True,1.0,1.0,2.9
2250444,2026-05-01,2026-05,TEX,DET,824287,5,4,games,4,4,games,4.5,-0.5,-7000,8.0,0.1553,0.1584,38.99,45.48,46.16,0.44650,4.524,0.43680,0.60900,8.450,4.230,4.210,0.47110,0.48240,0.46381,4.730,0.46362,0.60900,8.836,2026-05,False,1.04564,1.4814,3.0471
2250445,2026-05-01,2026-05,CIN,PIT,823389,1,9,games,0,8,games,4.5,0.5,+108,8.0,0.1596,0.1656,44.32,39.72,52.74,0.35660,5.007,0.49820,0.50850,9.390,3.950,5.440,0.34780,0.56000,0.40170,5.236,0.52810,0.50850,9.819,2026-05,False,1.04564,1.4814,3.0471
2250446,2026-05-01,2026-05,MIL,WSH,822744,6,1,games,4,0,games,2.5,-2.5,-2500,8.0,0.1366,0.1272,50.48,35.86,58.47,0.46520,5.139,0.51410,0.61490,9.480,4.810,4.670,0.48130,0.56810,0.47649,5.374,0.54472,0.61490,9.913,2026-05,False,1.04564,1.4814,3.0471
2250447,2026-05-01,2026-05,BAL,NYY,823557,2,7,games,1,5,games,4.5,4.5,+480,8.5,0.1403,0.1334,37.10,48.87,43.15,0.43630,4.352,0.41360,0.60340,8.070,4.000,4.070,0.46470,0.40890,0.45687,4.551,0.43916,0.60340,8.438,2026-05,False,1.04564,1.4814,3.0471
2250448,2026-05-01,2026-05,HOU,BOS,824772,1,3,games,1,3,games,3.5,-0.5,-194,9.0,0.1632,0.1716,41.28,42.40,49.33,0.36600,4.836,0.41730,0.52220,9.020,3.900,5.120,0.36630,0.44650,0.40833,5.057,0.44576,0.52220,9.432,2026-05,False,1.04564,1.4814,3.0471
2250449,2026-05-01,2026-05,SF,TB,822990,0,3,games,0,2,games,4.5,1.5,+110,7.5,0.1587,0.1641,42.44,41.69,50.44,0.41920,4.047,0.44120,0.59630,7.650,3.700,3.960,0.44480,0.45050,0.44520,4.232,0.46521,0.59630,7.999,2026-05,False,1.04564,1.4814,3.0471
2250450,2026-05-01,2026-05,PHI,MIA,823877,6,5,games,2,1,games,4.5,-0.5,+285,7.5,0.1581,0.1631,44.48,39.70,52.84,0.50370,4.469,0.49740,0.66600,8.300,4.550,3.750,0.54230,0.50930,0.50250,4.673,0.52409,0.66600,8.679,2026-05,False,1.04564,1.4814,3.0471
2250451,2026-05-01,2026-05,TOR,MIN,823713,7,3,games,6,2,games,4.5,0.5,-100,8.5,0.1485,0.1471,44.19,40.96,51.90,0.51180,5.262,0.52830,0.65870,9.700,5.300,4.400,0.54400,0.54650,0.50797,5.502,0.55954,0.65870,10.143,2026-05,False,1.04564,1.4814,3.0471
2250452,2026-05-01,2026-05,LAD,STL,823066,2,7,games,1,4,games,4.5,-0.5,-176,8.5,0.1578,0.1626,52.13,32.09,61.90,0.47580,4.739,0.46450,0.63330,8.770,4.520,4.250,0.49430,0.47040,0.48366,4.955,0.49277,0.63330,9.170,2026-05,False,1.04564,1.4814,3.0471
2250453,2026-05-01,2026-05,ATL,COL,824366,8,6,games,1,6,games,5.5,-0.5,-174,10.5,0.1448,0.1409,45.03,40.49,52.65,0.45270,6.196,0.46140,0.58590,11.420,5.750,5.670,0.47960,0.51550,0.46802,6.479,0.49836,0.58590,11.941,2026-05,False,1.04564,1.4814,3.0471
2250454,2026-05-01,2026-05,NYM,LAA,824041,4,3,games,0,3,games,4.5,0.5,-112,9.0,0.1570,0.1612,47.35,36.95,56.17,0.50600,5.195,0.46050,0.65470,9.570,5.200,4.370,0.53810,0.49160,0.50405,5.432,0.49148,0.65470,10.007,2026-05,False,1.04564,1.4814,3.0471
2250455,2026-05-01,2026-05,CLE,ATH,825012,8,5,games,5,4,games,5.5,0.5,-110,9.5,0.1453,0.1417,45.39,40.08,53.11,0.40930,5.566,0.44520,0.55230,10.370,4.830,5.540,0.41660,0.50840,0.43840,5.820,0.47830,0.55230,10.843,2026-05,False,1.04564,1.4814,3.0471
2250456,2026-05-01,2026-05,CWS,SD,823309,8,2,games,7,0,games,4.5,0.5,+102,8.0,0.1593,0.1650,38.09,45.98,45.31,0.46550,3.857,0.34620,0.64570,7.310,3.880,3.440,0.51430,0.37820,0.47669,4.033,0.36775,0.64570,7.644,2026-05,False,1.04564,1.4814,3.0471
2250457,2026-05-01,2026-05,KC,SEA,823146,7,6,games,4,3,games,3.5,0.5,+114,7.0,0.1717,0.1857,36.59,46.24,44.18,0.38660,3.890,0.41820,0.56780,7.390,3.370,4.020,0.40640,0.48000,0.42272,4.068,0.44108,0.56780,7.727,2026-05,False,1.04564,1.4814,3.0471
2250458,2026-05-02,2026-05,BAL,NYY,823554,4,9,games,1,6,games,,,,8.5,0.1446,0.1405,38.83,46.71,45.39,0.36620,5.242,0.52650,0.51340,9.670,4.190,5.480,0.36680,0.54430,0.40847,5.481,0.55764,0.51340,10.111,2026-05,False,1.04564,1.4814,3.0471
2250459,2026-05-02,2026-05,TOR,MIN,823715,11,4,games,2,4,games,,,,8.0,0.1504,0.1502,45.20,39.76,53.20,0.42010,4.813,0.47430,0.57700,8.970,4.270,4.700,0.43260,0.52760,0.44581,5.033,0.50304,0.57700,9.379,2026-05,False,1.04564,1.4814,3.0471
2250460,2026-05-02,2026-05,CLE,ATH,825014,14,6,games,5,4,games,,,,10.5,0.1470,0.1446,40.53,44.76,47.52,0.45220,6.510,0.49400,0.58230,12.040,5.980,6.060,0.46830,0.55610,0.46768,6.807,0.53286,0.58230,12.590,2026-05,False,1.04564,1.4814,3.0471
2250461,2026-05-02,2026-05,CIN,PIT,823388,7,17,games,4,15,games,,,,8.0,0.1587,0.1640,42.08,42.05,50.02,0.45920,4.801,0.47310,0.61580,8.960,4.540,4.420,0.47980,0.52540,0.47243,5.020,0.50177,0.61580,9.369,2026-05,False,1.04564,1.4814,3.0471
2250462,2026-05-02,2026-05,MIL,WSH,822746,4,1,games,3,1,games,,,,7.5,0.1437,0.1390,46.39,39.24,54.17,0.42520,4.743,0.53250,0.58360,8.810,4.200,4.610,0.43450,0.55320,0.44930,4.959,0.56064,0.58360,9.212,2026-05,False,1.04564,1.4814,3.0471
2250463,2026-05-02,2026-05,HOU,BOS,824771,6,3,games,6,1,games,,,,9.0,0.1656,0.1755,38.64,44.80,46.31,0.43220,4.006,0.31270,0.60960,7.520,3.710,3.810,0.46000,0.31730,0.45408,4.189,0.33425,0.60960,7.863,2026-05,False,1.04564,1.4814,3.0471
2250464,2026-05-02,2026-05,PHI,MIA,823876,0,4,games,0,3,games,,,,8.5,0.1537,0.1557,47.67,36.96,56.33,0.38530,4.608,0.44780,0.54680,8.630,3.860,4.770,0.38990,0.45910,0.42182,4.818,0.47520,0.54680,9.024,2026-05,False,1.04564,1.4814,3.0471
2250465,2026-05-02,2026-05,SF,TB,822988,1,5,games,0,4,games,,,,7.5,0.1552,0.1582,39.92,44.56,47.25,0.53820,4.774,0.53480,0.69240,8.880,5.110,3.770,0.58420,0.55820,0.52581,4.992,0.56311,0.69240,9.285,2026-05,False,1.04564,1.4814,3.0471
2250466,2026-05-02,2026-05,LAD,STL,823067,2,3,games,0,3,games,,,,9.0,0.1519,0.1526,46.63,38.18,54.98,0.34860,4.712,0.40170,0.50680,8.820,3.620,5.190,0.33530,0.42890,0.39603,4.927,0.42922,0.50680,9.223,2026-05,False,1.04564,1.4814,3.0471
2250467,2026-05-02,2026-05,TEX,DET,824284,1,5,games,1,5,games,,,,8.0,0.1552,0.1583,41.30,43.18,48.89,0.38090,4.024,0.36860,0.55800,7.590,3.420,4.170,0.39740,0.40460,0.41876,4.208,0.39155,0.55800,7.936,2026-05,False,1.04564,1.4814,3.0471
2250468,2026-05-02,2026-05,ATL,COL,824365,9,1,games,8,1,games,,,,9.5,,,,,,0.42350,4.993,0.37760,0.57710,9.300,4.530,4.770,0.45220,0.42440,0.44814,5.221,0.40633,0.57710,9.724,2026-05,False,1.04564,1.4814,3.0471
2250469,2026-05-02,2026-05,CWS,SD,823308,4,0,games,0,0,games,,,,8.0,0.1536,0.1556,37.55,47.08,44.37,0.37780,3.768,0.33440,0.56290,7.190,3.260,3.930,0.40190,0.36680,0.41659,3.940,0.35519,0.56290,7.518,2026-05,False,1.04564,1.4814,3.0471
2250470,2026-05-02,2026-05,NYM,LAA,824042,3,4,games,1,3,games,,,,7.5,0.1631,0.1714,48.29,35.40,57.71,0.46580,3.902,0.42060,0.64460,7.320,3.840,3.480,0.50630,0.41760,0.47689,4.080,0.44357,0.64460,7.654,2026-05,False,1.04564,1.4814,3.0471
2250471,2026-05-02,2026-05,KC,SEA,823144,3,2,games,1,2,games,,,,8.0,0.1561,0.1597,36.46,47.93,43.20,0.41420,3.716,0.32700,0.60110,7.060,3.410,3.650,0.44580,0.35360,0.44177,3.886,0.34732,0.60110,7.382,2026-05,False,1.04564,1.4814,3.0471
2250472,2026-05-03,2026-05,TOR,MIN,823711,3,4,games,0,4,games,4.5,0.5,+106,8.0,0.1507,0.1506,44.23,40.70,52.08,0.38750,4.757,0.46690,0.54470,8.910,4.010,4.900,0.39280,0.52200,0.42335,4.974,0.49529,0.54470,9.317,2026-05,False,1.04564,1.4814,3.0471
2250473,2026-05-03,2026-05,HOU,BOS,824769,3,1,games,0,1,games,4.5,0.5,+140,9.0,0.1618,0.1692,42.17,41.65,50.31,0.29770,4.588,0.38630,0.45550,8.630,3.220,5.410,0.28220,0.41310,0.35908,4.797,0.41284,0.45550,9.024,2026-05,False,1.04564,1.4814,3.0471
2250474,2026-05-03,2026-05,CIN,PIT,823387,0,1,games,0,0,games,3.5,0.5,-110,7.5,0.1558,0.1593,43.10,41.32,51.06,0.41580,4.515,0.50340,0.57970,8.490,4.000,4.490,0.42660,0.52600,0.44287,4.721,0.53035,0.57970,8.877,2026-05,False,1.04564,1.4814,3.0471
2250475,2026-05-03,2026-05,BAL,NYY,823555,3,11,games,3,3,games,4.5,1.5,+220,9.0,0.1485,0.1470,34.22,50.93,40.19,0.33290,4.388,0.36080,0.49850,8.180,3.330,4.840,0.33290,0.37480,0.38480,4.588,0.38568,0.49850,8.553,2026-05,False,1.04564,1.4814,3.0471
2250476,2026-05-03,2026-05,MIL,WSH,822742,2,3,games,1,2,games,4.5,-0.5,-140,8.5,0.1450,0.1411,44.47,41.04,52.00,0.46650,4.817,0.47380,0.62270,8.920,4.560,4.360,0.48600,0.48310,0.47737,5.037,0.50256,0.62270,9.327,2026-05,False,1.04564,1.4814,3.0471
2250477,2026-05-03,2026-05,SF,TB,822987,1,2,games,1,0,games,4.5,0.5,+102,8.0,0.1653,0.1751,39.40,44.07,47.20,0.34640,4.930,0.48820,0.49920,9.270,3.840,5.440,0.33820,0.55100,0.39446,5.155,0.51765,0.49920,9.693,2026-05,False,1.04564,1.4814,3.0471
2250478,2026-05-03,2026-05,PHI,MIA,823875,7,2,games,7,0,games,4.5,-0.5,-156,8.0,0.1586,0.1639,50.88,33.26,60.47,0.49170,4.855,0.47930,0.64680,9.010,4.810,4.200,0.52140,0.53060,0.49440,5.077,0.50830,0.64680,9.421,2026-05,False,1.04564,1.4814,3.0471
2250479,2026-05-03,2026-05,LAD,STL,823065,4,1,games,3,0,games,5.5,-0.5,-120,9.5,0.1510,0.1512,49.22,35.68,57.97,0.51740,4.372,0.30210,0.68140,8.070,4.490,3.590,0.55300,0.32060,0.51175,4.572,0.32532,0.68140,8.438,2026-05,False,1.04564,1.4814,3.0471
2250480,2026-05-03,2026-05,ATL,COL,824364,11,6,games,6,5,games,5.5,-0.5,-145,9.5,0.1438,0.1391,45.29,40.34,52.89,0.36960,6.048,0.49830,0.50320,11.180,4.910,6.280,0.37310,0.56550,0.41086,6.324,0.53440,0.50320,11.690,2026-05,False,1.04564,1.4814,3.0471
2250481,2026-05-03,2026-05,CLE,ATH,825013,1,7,games,1,4,games,5.5,-0.5,-120,9.5,0.1395,0.1321,40.93,45.12,47.57,0.49850,5.224,0.40510,0.64600,9.710,5.240,4.470,0.53020,0.45760,0.49899,5.462,0.43568,0.64600,10.153,2026-05,False,1.04564,1.4814,3.0471
2250482,2026-05-03,2026-05,NYM,LAA,824043,5,1,games,2,1,games,4.5,-0.5,-138,9.0,0.1457,0.1424,55.51,29.91,64.98,0.44330,3.940,0.30350,0.62260,7.400,3.720,3.670,0.47410,0.30480,0.46164,4.120,0.32443,0.62260,7.738,2026-05,False,1.04564,1.4814,3.0471
2250483,2026-05-03,2026-05,KC,SEA,823145,4,1,games,3,1,games,4.5,-0.5,-114,8.0,0.1718,0.1858,38.99,43.84,47.07,0.50350,4.247,0.39920,0.67050,7.960,4.410,3.540,0.55170,0.43830,0.50236,4.441,0.42395,0.67050,8.323,2026-05,False,1.04564,1.4814,3.0471
2250484,2026-05-03,2026-05,CWS,SD,823307,3,4,games,1,3,games,4.5,0.5,+128,8.0,0.1584,0.1635,36.95,47.21,43.90,0.37750,4.318,0.40940,0.54650,8.170,3.670,4.500,0.39410,0.45810,0.41638,4.515,0.43470,0.54650,8.543,2026-05,False,1.04564,1.4814,3.0471
2250485,2026-05-03,2026-05,TEX,DET,824285,1,7,games,0,2,games,4.5,0.5,-106,8.5,0.1623,0.1700,41.07,42.71,49.02,0.37080,4.536,0.43820,0.53400,8.510,3.730,4.770,0.37850,0.44790,0.41170,4.743,0.46510,0.53400,8.898,2026-05,False,1.04564,1.4814,3.0471
2250486,2026-05-04,2026-05,BOS,DET,824283,5,4,games,0,0,games,,,,8.0,0.1518,0.1525,31.96,52.87,37.68,0.55000,4.957,0.49060,0.70030,9.090,5.300,3.790,0.59700,0.53590,0.53381,5.183,0.52021,0.70030,9.505,2026-05,False,1.04564,1.4814,3.0471
2250487,2026-05-04,2026-05,TOR,TB,822984,1,5,games,1,3,games,,,,8.0,0.1564,0.1601,44.53,39.83,52.79,0.36120,4.499,0.43300,0.52470,8.480,3.620,4.860,0.36020,0.48470,0.40495,4.704,0.45963,0.52470,8.867,2026-05,False,1.04564,1.4814,3.0471
2250488,2026-05-04,2026-05,PHI,MIA,823874,1,0,games,1,0,games,,,,8.5,0.1591,0.1647,42.19,41.90,50.18,0.36620,4.544,0.43920,0.52790,8.530,3.680,4.850,0.36580,0.44990,0.40847,4.751,0.46616,0.52790,8.919,2026-05,False,1.04564,1.4814,3.0471
2250489,2026-05-04,2026-05,BAL,NYY,823552,1,12,games,0,3,games,,,,8.5,0.1484,0.1468,37.60,47.56,44.15,0.31750,4.556,0.44060,0.47660,8.490,3.340,5.150,0.31120,0.44490,0.37365,4.764,0.46764,0.47660,8.877,2026-05,False,1.04564,1.4814,3.0471
2250490,2026-05-04,2026-05,CIN,CHC,824684,4,5,games,3,3,games,,,,11.5,0.1591,0.1648,42.39,41.69,50.41,0.29850,5.742,0.35970,0.43330,10.660,3.970,6.690,0.28140,0.38230,0.35967,6.004,0.39233,0.43330,11.147,2026-05,False,1.04564,1.4814,3.0471
2250491,2026-05-04,2026-05,CLE,KC,824120,2,6,games,2,4,games,,,,9.0,0.1595,0.1653,43.84,40.21,52.16,0.38030,4.704,0.40180,0.53930,8.850,3.930,4.910,0.38610,0.43230,0.41834,4.919,0.42927,0.53930,9.254,2026-05,False,1.04564,1.4814,3.0471
2250492,2026-05-04,2026-05,MIL,STL,823064,3,6,games,0,4,games,,,,9.0,0.1603,0.1668,42.91,41.06,51.10,0.51500,4.705,0.40170,0.67150,8.710,4.790,3.920,0.54530,0.41940,0.51013,4.920,0.42917,0.67150,9.108,2026-05,False,1.04564,1.4814,3.0471
2250493,2026-05-04,2026-05,LAD,HOU,824201,8,3,games,8,3,games,,,,9.0,0.1502,0.1498,47.03,37.95,55.35,0.39440,4.072,0.32070,0.57060,7.640,3.460,4.180,0.39890,0.32710,0.42813,4.258,0.34283,0.57060,7.989,2026-05,False,1.04564,1.4814,3.0471
2250494,2026-05-04,2026-05,NYM,COL,824363,4,2,games,0,0,games,,,,10.5,,,,,,0.42660,5.825,0.42230,0.56520,10.720,5.170,5.550,0.44490,0.46540,0.45026,6.091,0.45669,0.56520,11.209,2026-05,False,1.04564,1.4814,3.0471
2250495,2026-05-04,2026-05,CWS,LAA,824039,6,0,games,5,0,games,,,,7.5,0.1662,0.1766,39.95,43.43,47.91,0.38910,3.765,0.40050,0.57390,7.200,3.340,3.860,0.41640,0.40560,0.42446,3.937,0.42244,0.57390,7.529,2026-05,False,1.04564,1.4814,3.0471
2250496,2026-05-04,2026-05,ATL,SEA,823143,4,5,games,1,0,games,,,,8.0,0.1653,0.1751,37.28,46.19,44.66,0.42590,4.143,0.38630,0.59940,7.790,3.790,4.000,0.44990,0.42340,0.44978,4.332,0.41024,0.59940,8.146,2026-05,False,1.04564,1.4814,3.0471
2250497,2026-05-04,2026-05,SD,SF,823228,2,3,games,1,2,games,,,,8.0,0.1691,0.1814,42.38,40.71,51.01,0.38880,3.983,0.36470,0.56710,7.540,3.410,4.130,0.39980,0.39920,0.42425,4.165,0.38734,0.56710,7.884,2026-05,False,1.04564,1.4814,3.0471
2250498,2026-05-05,2026-05,BOS,DET,824281,10,3,games,10,3,games,4.5,0.5,+144,8.5,0.1575,0.1621,43.16,41.08,51.23,0.37490,4.944,0.48950,0.52860,9.180,4.020,5.160,0.37390,0.50500,0.41457,5.170,0.51903,0.52860,9.599,2026-05,False,1.04564,1.4814,3.0471
2250499,2026-05-05,2026-05,TOR,TB,822986,3,4,games,3,2,games,3.5,0.5,+112,7.0,0.1626,0.1705,44.01,39.74,52.55,0.40010,4.160,0.45670,0.57410,7.850,3.630,4.220,0.41310,0.52370,0.43207,4.350,0.48148,0.57410,8.208,2026-05,False,1.04564,1.4814,3.0471
2250500,2026-05-05,2026-05,ATH,PHI,823469,1,9,games,0,1,games,4.5,0.5,+172,9.5,0.1564,0.1601,36.76,47.61,43.57,0.43140,5.309,0.41550,0.57840,9.830,4.770,5.060,0.44910,0.46670,0.45353,5.551,0.44674,0.57840,10.279,2026-05,False,1.04564,1.4814,3.0471
2250501,2026-05-05,2026-05,BAL,MIA,823873,9,7,games,7,4,games,4.5,0.5,+118,8.5,0.1614,0.1685,40.80,43.06,48.65,0.37350,4.868,0.48120,0.52870,9.100,3.970,5.130,0.37110,0.49910,0.41359,5.090,0.51028,0.52870,9.515,2026-05,False,1.04564,1.4814,3.0471
2250502,2026-05-05,2026-05,MIN,WSH,822743,11,3,games,6,2,games,4.5,-0.5,-118,9.5,0.1426,0.1372,44.85,40.89,52.31,0.49090,5.700,0.46000,0.63090,10.530,5.550,4.970,0.51310,0.51900,0.49386,5.960,0.49399,0.63090,11.011,2026-05,False,1.04564,1.4814,3.0471
2250503,2026-05-05,2026-05,TEX,NYY,823553,4,7,games,3,3,games,4.5,-0.5,-118,9.0,0.1516,0.1522,41.37,43.47,48.76,0.44940,4.570,0.38410,0.61130,8.470,4.300,4.170,0.48140,0.40010,0.46578,4.779,0.41049,0.61130,8.857,2026-05,False,1.04564,1.4814,3.0471
2250504,2026-05-05,2026-05,CIN,CHC,824682,2,3,games,1,0,games,4.5,0.5,+122,8.0,0.1613,0.1684,38.69,45.18,46.14,0.35870,5.167,0.51820,0.50740,9.590,4.050,5.540,0.34920,0.57530,0.40319,5.403,0.54896,0.50740,10.028,2026-05,False,1.04564,1.4814,3.0471
2250505,2026-05-05,2026-05,CLE,KC,824119,3,5,games,3,4,games,4.5,-0.5,-122,7.5,0.1649,0.1743,40.13,43.39,48.05,0.42940,4.175,0.45870,0.60140,7.880,3.860,4.020,0.45540,0.47150,0.45217,4.366,0.48358,0.60140,8.240,2026-05,False,1.04564,1.4814,3.0471
2250506,2026-07-07,2026-07,MIL,STL,823062,4,3,games,2,3,games,4.5,0.5,-110,7.5,0.1568,0.1608,47.93,36.40,56.84,0.40020,3.551,0.36950,0.59260,6.750,3.150,3.600,0.42220,0.36000,0.43935,3.644,0.38056,0.59260,6.926,2026-07,False,1.02613,1.6597,3.18
2250507,2026-05-05,2026-05,LAD,HOU,824200,1,2,games,0,2,games,4.5,-0.5,-215,8.5,0.1498,0.1493,50.47,34.55,59.37,0.47990,4.195,0.39210,0.65020,7.780,4.090,3.690,0.50860,0.38240,0.48643,4.386,0.41644,0.65020,8.135,2026-05,False,1.04564,1.4814,3.0471
2250508,2026-05-07,2026-05,NYM,COL,824362,2,6,games,2,1,games,4.5,-0.5,-168,9.5,0.1416,0.1354,52.27,33.58,60.88,0.42420,6.116,0.50540,0.55800,11.220,5.370,5.850,0.43680,0.56770,0.44862,6.395,0.54187,0.55800,11.732,2026-05,False,1.04564,1.4814,3.0471
2250509,2026-05-05,2026-05,CWS,LAA,824040,3,4,games,2,4,games,5.5,0.5,-104,9.0,0.1477,0.1458,47.60,37.62,55.86,0.53340,4.934,0.42950,0.68430,9.210,5.280,3.930,0.58250,0.46100,0.52256,5.159,0.45869,0.68430,9.630,2026-05,False,1.04564,1.4814,3.0471
2250510,2026-05-05,2026-05,ATL,SEA,823142,3,2,games,2,2,games,4.5,0.5,+120,7.5,0.1635,0.1720,40.09,43.56,47.93,0.44180,3.695,0.39090,0.62830,6.990,3.540,3.450,0.47940,0.38390,0.46062,3.864,0.41230,0.62830,7.309,2026-05,False,1.04564,1.4814,3.0471
2250511,2026-05-05,2026-05,SD,SF,823227,10,5,games,7,4,games,4.5,0.5,+126,7.5,0.1678,0.1792,40.30,42.92,48.43,0.39900,4.592,0.51290,0.56030,8.600,3.940,4.670,0.40440,0.53570,0.43131,4.802,0.54027,0.56030,8.993,2026-05,False,1.04564,1.4814,3.0471
2250512,2026-05-06,2026-05,TOR,TB,822985,0,3,games,0,2,games,,,,7.5,0.1575,0.1620,43.47,40.78,51.60,0.40500,4.280,0.47260,0.57480,8.060,3.760,4.310,0.41880,0.48750,0.43544,4.475,0.49815,0.57480,8.428,2026-05,False,1.04564,1.4814,3.0471
2250513,2026-05-06,2026-05,MIL,STL,823063,6,2,games,5,0,games,,,,,,,,,,0.39280,4.720,0.52930,0.55100,8.810,3.950,4.860,0.39110,0.55220,0.42702,4.935,0.55733,0.55100,9.212,2026-05,False,1.04564,1.4814,3.0471
2250514,2026-05-06,2026-05,LAD,HOU,824198,12,2,games,10,1,games,,,,9.0,0.1385,0.1303,58.23,27.93,67.59,0.52390,4.625,0.39040,0.68120,8.500,4.740,3.750,0.55780,0.40180,0.51614,4.836,0.41722,0.68120,8.888,2026-05,False,1.04564,1.4814,3.0471
2250515,2026-05-06,2026-05,NYM,COL,824361,10,5,games,4,0,games,,,,,,,,,,0.49510,6.347,0.53010,0.62680,11.600,6.190,5.410,0.52290,0.59490,0.49669,6.637,0.56773,0.62680,12.129,2026-05,False,1.04564,1.4814,3.0471
2250516,2026-05-06,2026-05,SD,SF,823226,5,1,games,1,1,games,,,,8.5,0.1707,0.1841,41.05,41.87,49.51,0.54690,4.480,0.42960,0.70690,8.300,4.850,3.460,0.59500,0.42950,0.53171,4.684,0.45609,0.70690,8.679,2026-05,False,1.04564,1.4814,3.0471
2250517,2026-05-06,2026-05,CWS,LAA,824036,2,8,games,1,7,games,,,,8.5,0.1621,0.1697,42.03,41.76,50.16,0.48580,4.378,0.41730,0.65120,8.240,4.450,3.790,0.52990,0.42560,0.49041,4.578,0.44305,0.65120,8.616,2026-05,False,1.04564,1.4814,3.0471
2250518,2026-05-06,2026-05,ATL,SEA,823141,1,3,games,0,1,games,,,,8.5,0.1682,0.1799,35.38,47.80,42.53,0.47720,3.775,0.33470,0.65950,7.120,3.820,3.300,0.52290,0.32110,0.48460,3.947,0.35553,0.65950,7.445,2026-05,False,1.04564,1.4814,3.0471
2250519,2026-05-06,2026-05,BOS,DET,824282,4,0,games,4,0,games,,,,,,,,,,0.45170,4.768,0.46790,0.60930,8.830,4.450,4.380,0.47560,0.47640,0.46734,4.986,0.49636,0.60930,9.233,2026-05,False,1.04564,1.4814,3.0471
2250520,2026-05-06,2026-05,ATH,PHI,823470,3,6,games,2,1,games,,,,8.5,0.1539,0.1560,38.86,45.75,45.93,0.37230,4.431,0.42510,0.53860,8.300,3.660,4.640,0.38150,0.42980,0.41275,4.633,0.45125,0.53860,8.679,2026-05,False,1.04564,1.4814,3.0471
2250521,2026-05-06,2026-05,BAL,MIA,823872,7,4,games,5,3,games,,,,8.5,0.1568,0.1608,39.21,45.12,46.50,0.41290,4.876,0.48140,0.56900,9.110,4.270,4.830,0.42190,0.49930,0.44088,5.099,0.51053,0.56900,9.526,2026-05,False,1.04564,1.4814,3.0471
2250522,2026-05-06,2026-05,MIN,WSH,822740,2,15,games,2,3,games,,,,9.5,0.1435,0.1387,43.77,41.88,51.10,0.56250,6.094,0.50220,0.69500,11.160,6.480,4.680,0.59820,0.56420,0.54231,6.372,0.53855,0.69500,11.669,2026-05,False,1.04564,1.4814,3.0471
2250523,2026-05-06,2026-05,TEX,NYY,823550,6,1,games,6,0,games,,,,8.5,0.1526,0.1539,45.98,38.75,54.27,0.35760,4.745,0.46630,0.51580,8.810,3.770,5.030,0.36110,0.47300,0.40241,4.962,0.49461,0.51580,9.212,2026-05,False,1.04564,1.4814,3.0471
2250524,2026-05-06,2026-05,CIN,CHC,824683,6,7,games,2,4,games,,,,8.5,0.1580,0.1629,41.27,42.93,49.01,0.36800,5.192,0.52130,0.51700,9.640,4.140,5.510,0.35890,0.54110,0.40973,5.429,0.55218,0.51700,10.080,2026-05,False,1.04564,1.4814,3.0471
2250525,2026-05-06,2026-05,CLE,KC,824118,3,1,games,2,1,games,,,,7.5,0.1660,0.1762,43.22,40.18,51.83,0.43550,4.785,0.53770,0.59320,8.970,4.400,4.570,0.45580,0.56590,0.45633,5.003,0.56604,0.59320,9.379,2026-05,False,1.04564,1.4814,3.0471
2250526,2026-05-07,2026-05,TEX,NYY,823551,2,9,games,2,1,games,,,,,,,,,,0.43460,5.223,0.52390,0.58390,9.640,4.720,4.920,0.45390,0.54180,0.45571,5.461,0.55495,0.58390,10.080,2026-05,False,1.04564,1.4814,3.0471
2250527,2026-05-07,2026-05,MIN,WSH,822741,5,7,games,3,5,games,,,,,,,,,,0.36500,6.070,0.50130,0.49870,11.280,4.820,6.460,0.35440,0.57210,0.40763,6.347,0.53752,0.49870,11.795,2026-05,False,1.04564,1.4814,3.0471
2250528,2026-05-07,2026-05,CLE,KC,824117,8,5,games,4,1,games,,,,,,,,,,0.35200,5.061,0.38540,0.50230,9.510,4.000,5.510,0.34940,0.44010,0.39845,5.292,0.41468,0.50230,9.944,2026-05,False,1.04564,1.4814,3.0471
2250529,2026-05-07,2026-05,CIN,CHC,824681,3,8,games,0,8,games,,,,,,,,,,0.35590,4.442,0.36750,0.52040,8.310,3.520,4.790,0.35530,0.38540,0.40121,4.645,0.39283,0.52040,8.689,2026-05,False,1.04564,1.4814,3.0471
2250530,2026-05-07,2026-05,ATH,PHI,823467,12,1,games,10,1,games,,,,,,,,,,0.45550,5.284,0.47210,0.60350,9.760,4.920,4.840,0.47630,0.50620,0.46992,5.525,0.50365,0.60350,10.205,2026-05,False,1.04564,1.4814,3.0471
2250531,2026-05-07,2026-05,BAL,MIA,823870,3,4,games,2,3,games,,,,,,,,,,0.38070,4.125,0.38290,0.55500,7.780,3.480,4.300,0.39320,0.38230,0.41862,4.313,0.40668,0.55500,8.135,2026-05,False,1.04564,1.4814,3.0471
2250532,2026-05-07,2026-05,TB,BOS,824767,8,4,games,3,3,games,,,,,,,,,,0.38060,4.617,0.44780,0.54190,8.640,3.850,4.790,0.38750,0.46050,0.41855,4.828,0.47525,0.54190,9.034,2026-05,False,1.04564,1.4814,3.0471
2250533,2026-05-07,2026-05,STL,SD,823306,2,1,games,1,1,games,,,,,,,,,,0.35940,4.121,0.38250,0.53300,7.790,3.360,4.430,0.36900,0.42280,0.40368,4.309,0.40625,0.53300,8.146,2026-05,False,1.04564,1.4814,3.0471
2250534,2026-05-08,2026-05,HOU,CIN,824522,10,0,games,2,0,games,4.5,0.5,+112,9.0,0.1542,0.1565,42.35,42.23,50.07,0.35220,4.845,0.41850,0.50690,9.050,3.820,5.240,0.35010,0.44860,0.39859,5.066,0.44703,0.50690,9.463,2026-05,False,1.04564,1.4814,3.0471
2250535,2026-05-08,2026-05,COL,PHI,823466,9,7,games,6,0,games,2.5,0.5,+164,7.5,0.1485,0.1470,32.59,52.56,38.27,0.44010,4.896,0.55000,0.59460,9.150,4.550,4.600,0.46480,0.58060,0.45946,5.119,0.57887,0.59460,9.568,2026-05,False,1.04564,1.4814,3.0471
2250536,2026-05-08,2026-05,ATH,BAL,824846,4,3,games,3,1,games,5.5,0.5,+168,9.5,0.1551,0.1580,40.78,43.71,48.26,0.41160,5.967,0.48940,0.54810,11.040,5.150,5.890,0.41700,0.55600,0.43998,6.239,0.52504,0.54810,11.544,2026-05,False,1.04564,1.4814,3.0471
2250537,2026-05-08,2026-05,LAA,TOR,822822,0,2,games,0,2,games,2.5,0.5,+162,7.5,0.1540,0.1561,39.11,45.49,46.23,0.41960,4.359,0.48330,0.58750,8.180,3.950,4.230,0.44360,0.49880,0.44547,4.558,0.50934,0.58750,8.553,2026-05,False,1.04564,1.4814,3.0471
2250538,2026-05-08,2026-05,TB,BOS,824768,0,2,games,0,2,games,4.5,0.5,+114,8.5,0.1695,0.1820,37.91,45.14,45.64,0.41960,4.179,0.39080,0.59130,7.870,3.780,4.080,0.44200,0.39110,0.44547,4.370,0.41502,0.59130,8.229,2026-05,False,1.04564,1.4814,3.0471
2250539,2026-05-08,2026-05,WSH,MIA,823871,3,2,games,3,2,games,4.5,-0.5,+106,8.5,0.1581,0.1630,40.78,43.41,48.44,0.45460,4.146,0.38640,0.62700,7.820,4.010,3.810,0.48840,0.38650,0.46931,4.335,0.41036,0.62700,8.177,2026-05,False,1.04564,1.4814,3.0471
2250540,2026-05-08,2026-05,MIN,CLE,824443,4,6,games,0,4,games,4.5,0.5,+1500,7.5,0.1697,0.1824,42.78,40.25,51.52,0.40340,3.528,0.36720,0.59630,6.740,3.180,3.550,0.43020,0.35950,0.43434,3.689,0.38727,0.59630,7.048,2026-05,False,1.04564,1.4814,3.0471
2250541,2026-05-08,2026-05,DET,KC,824116,3,4,games,1,1,games,4.5,0.5,+126,8.5,0.1554,0.1585,40.80,43.66,48.31,0.41990,4.190,0.39200,0.59180,7.880,3.780,4.100,0.43960,0.39210,0.44568,4.381,0.41631,0.59180,8.240,2026-05,False,1.04564,1.4814,3.0471
2250542,2026-05-08,2026-05,SEA,CWS,824607,12,8,games,6,5,games,4.5,-0.5,-140,8.0,0.1581,0.1631,48.21,35.98,57.27,0.42890,3.995,0.36630,0.60640,7.580,3.700,3.880,0.45230,0.40290,0.45183,4.177,0.38904,0.60640,7.926,2026-05,False,1.04564,1.4814,3.0471
2250543,2026-05-08,2026-05,NYY,MIL,823794,0,6,games,0,5,games,3.5,-0.5,-128,7.5,0.1561,0.1598,46.52,37.87,55.12,0.44520,3.866,0.41430,0.62690,7.180,3.630,3.550,0.47780,0.40400,0.46293,4.042,0.43700,0.62690,7.508,2026-05,False,1.04564,1.4814,3.0471
2250544,2026-05-08,2026-05,CHC,TEX,822904,7,1,games,3,1,games,4.5,-0.5,-128,8.5,0.1749,0.1910,42.06,40.45,50.98,0.41470,4.460,0.42900,0.57940,8.320,3.930,4.390,0.42830,0.43160,0.44211,4.664,0.45536,0.57940,8.700,2026-05,False,1.04564,1.4814,3.0471
2250545,2026-05-08,2026-05,STL,SD,823303,6,0,games,6,0,games,4.5,0.5,+114,8.0,0.1616,0.1688,39.24,44.60,46.80,0.44870,3.831,0.34310,0.63000,7.250,3.720,3.530,0.48900,0.37190,0.46530,4.006,0.36443,0.63000,7.581,2026-05,False,1.04564,1.4814,3.0471
2250546,2026-05-08,2026-05,ATL,LAD,823957,1,3,games,1,2,games,3.5,-0.5,-118,7.5,0.1725,0.1871,37.65,45.09,45.51,0.49270,4.680,0.52390,0.65000,8.640,4.680,3.960,0.53320,0.53840,0.49507,4.894,0.55173,0.65000,9.034,2026-05,False,1.04564,1.4814,3.0471
2250547,2026-05-08,2026-05,PIT,SF,823225,2,5,games,1,2,games,4.5,0.5,-106,7.5,0.1692,0.1815,40.66,42.42,48.94,0.34680,4.281,0.47260,0.51580,8.140,3.400,4.740,0.34820,0.49500,0.39475,4.476,0.49816,0.51580,8.512,2026-05,False,1.04564,1.4814,3.0471
2250548,2026-05-09,2026-05,LAA,TOR,822820,1,14,games,0,8,games,4.5,0.5,+140,8.5,0.1405,0.1337,31.23,54.72,36.34,0.43740,4.486,0.43210,0.60190,8.400,4.170,4.240,0.46410,0.43990,0.45762,4.691,0.45865,0.60190,8.783,2026-05,False,1.04564,1.4814,3.0471
2250549,2026-05-09,2026-05,ATH,BAL,824847,6,2,games,5,0,games,5.5,0.5,+102,9.5,0.1465,0.1437,41.85,43.50,49.03,0.44020,5.201,0.40150,0.58970,9.660,4.750,4.900,0.45860,0.45350,0.45953,5.438,0.43189,0.58970,10.101,2026-05,False,1.04564,1.4814,3.0471
2250550,2026-05-09,2026-05,HOU,CIN,824523,1,3,games,1,3,games,4.5,0.5,+146,9.0,0.1541,0.1563,41.55,43.04,49.12,0.41530,4.236,0.34180,0.58630,7.940,3.790,4.140,0.43620,0.35360,0.44252,4.429,0.36538,0.58630,8.302,2026-05,False,1.04564,1.4814,3.0471
2250551,2026-07-17,2026-07,TB,BOS,824766,0,10,games,0,3,games,4.5,0.5,-106,7.5,0.1742,0.1899,35.48,47.10,42.97,0.35730,3.987,0.43370,0.53480,7.540,3.250,4.290,0.36810,0.43860,0.41248,4.091,0.44662,0.53480,7.737,2026-07,False,1.02613,1.6597,3.18
2250552,2026-05-09,2026-05,WSH,MIA,823869,7,8,games,4,2,games,4.5,0.5,+134,8.5,0.1613,0.1684,40.92,42.95,48.79,0.34590,4.430,0.42420,0.51050,8.350,3.490,4.870,0.34730,0.43470,0.39411,4.632,0.45034,0.51050,8.731,2026-05,False,1.04564,1.4814,3.0471
2250553,2026-05-09,2026-05,COL,PHI,823468,3,9,games,3,7,games,4.5,3.5,+215,8.5,0.1510,0.1511,38.66,46.24,45.53,0.45320,5.414,0.54700,0.59780,10.040,5.070,4.980,0.47770,0.57300,0.46836,5.661,0.57894,0.59780,10.498,2026-05,False,1.04564,1.4814,3.0471
2250554,2026-05-09,2026-05,MIN,CLE,824444,2,1,games,1,1,games,4.5,-0.5,-112,8.0,0.1763,0.1934,40.56,41.81,49.24,0.48130,4.306,0.40730,0.64830,8.050,4.280,3.770,0.51690,0.44780,0.48737,4.503,0.43251,0.64830,8.417,2026-05,False,1.04564,1.4814,3.0471
2250555,2026-05-09,2026-05,CHC,TEX,822905,0,6,games,0,5,games,5.5,-0.5,+240,8.0,0.1841,0.2064,40.99,40.60,50.24,0.43710,4.397,0.41960,0.60430,8.200,4.040,4.160,0.45910,0.46140,0.45742,4.598,0.44549,0.60430,8.574,2026-05,False,1.04564,1.4814,3.0471
2250556,2026-05-09,2026-05,DET,KC,824115,1,5,games,0,5,games,5.5,0.5,+116,9.0,0.1578,0.1625,43.84,40.39,52.05,0.39450,4.563,0.38350,0.55660,8.560,3.900,4.670,0.40140,0.40840,0.42820,4.771,0.40984,0.55660,8.951,2026-05,False,1.04564,1.4814,3.0471
2250557,2026-05-09,2026-05,SEA,CWS,824606,1,6,games,1,5,games,5.5,1.5,-122,9.5,0.1626,0.1706,51.03,32.71,60.94,0.42790,5.102,0.39100,0.57860,9.550,4.570,4.980,0.43880,0.44500,0.45114,5.335,0.42062,0.57860,9.986,2026-05,False,1.04564,1.4814,3.0471
2250558,2026-05-09,2026-05,NYY,MIL,823792,3,4,games,2,0,games,2.5,-0.5,-142,7.5,0.1522,0.1532,46.97,37.81,55.41,0.43890,3.965,0.42940,0.61690,7.350,3.660,3.690,0.46680,0.42030,0.45864,4.146,0.45283,0.61690,7.685,2026-05,False,1.04564,1.4814,3.0471
2250559,2026-05-09,2026-05,STL,SD,823304,2,4,games,1,3,games,4.5,0.5,+122,8.0,0.1590,0.1645,37.32,46.78,44.38,0.38210,4.157,0.38840,0.55430,7.840,3.540,4.300,0.39850,0.42650,0.41959,4.347,0.41246,0.55430,8.198,2026-05,False,1.04564,1.4814,3.0471
2250560,2026-05-09,2026-05,PIT,SF,823224,13,3,games,2,1,games,3.5,-0.5,-116,7.0,0.1685,0.1804,43.07,40.08,51.80,0.39810,3.888,0.41850,0.57940,7.410,3.450,3.960,0.41910,0.48170,0.43069,4.065,0.44137,0.57940,7.748,2026-05,False,1.04564,1.4814,3.0471
2250561,2026-05-09,2026-05,ATL,LAD,823955,7,2,games,6,0,games,4.5,0.5,+146,8.5,0.1583,0.1634,36.25,47.92,43.07,0.36100,4.849,0.47870,0.51600,9.000,3.870,5.120,0.36370,0.49000,0.40481,5.070,0.50766,0.51600,9.411,2026-05,False,1.04564,1.4814,3.0471
2250562,2026-05-10,2026-05,WSH,MIA,823868,2,5,games,2,2,games,4.5,0.5,+102,8.5,0.1562,0.1598,38.19,46.19,45.26,0.39750,4.862,0.48040,0.55310,9.110,4.190,4.930,0.40720,0.49990,0.43027,5.084,0.50944,0.55310,9.526,2026-05,False,1.04564,1.4814,3.0471
2250563,2026-05-10,2026-05,ATH,BAL,824845,1,2,games,1,1,games,5.5,-0.5,-116,10.5,0.1500,0.1496,43.44,41.55,51.11,0.40090,5.059,0.33560,0.55240,9.420,4.350,5.070,0.41450,0.36540,0.43262,5.290,0.36365,0.55240,9.850,2026-05,False,1.04564,1.4814,3.0471
2250564,2026-05-10,2026-05,TB,BOS,824765,4,1,games,3,0,games,4.5,0.5,+118,8.5,0.1589,0.1644,44.76,39.35,53.22,0.35220,3.560,0.30390,0.54450,6.800,2.910,3.890,0.36800,0.29010,0.39859,3.722,0.32280,0.54450,7.110,2026-05,False,1.04564,1.4814,3.0471
2250565,2026-05-10,2026-05,COL,PHI,823463,0,6,games,0,5,games,4.5,1.5,+240,8.5,0.1453,0.1416,33.28,52.20,38.93,0.42060,4.991,0.49650,0.57400,9.310,4.470,4.840,0.43930,0.51540,0.44615,5.219,0.52630,0.57400,9.735,2026-05,False,1.04564,1.4814,3.0471
2250566,2026-05-10,2026-05,LAA,TOR,822819,6,1,games,4,1,games,4.5,-0.5,-132,8.0,0.1533,0.1551,41.25,43.42,48.72,0.42810,4.545,0.44030,0.59180,8.500,4.150,4.350,0.45290,0.48610,0.45128,4.752,0.46727,0.59180,8.888,2026-05,False,1.04564,1.4814,3.0471
2250567,2026-05-10,2026-05,HOU,CIN,824520,0,5,games,0,4,games,4.5,0.5,-106,9.5,0.1505,0.1503,39.94,45.01,47.02,0.50550,4.614,0.33110,0.66430,8.540,4.700,3.840,0.54460,0.36090,0.50371,4.825,0.35652,0.66430,8.930,2026-05,False,1.04564,1.4814,3.0471
2250568,2026-05-10,2026-05,MIN,CLE,824440,5,4,games,5,2,games,3.5,0.5,+126,7.5,0.1753,0.1917,39.36,43.11,47.73,0.40170,4.163,0.45600,0.57430,7.850,3.640,4.210,0.41640,0.46850,0.43317,4.353,0.48079,0.57430,8.208,2026-05,False,1.04564,1.4814,3.0471
2250569,2026-05-10,2026-05,SEA,CWS,824605,1,2,games,1,0,games,4.5,-0.5,-135,8.0,0.1635,0.1720,47.88,35.77,57.24,0.37780,4.104,0.38070,0.55240,7.800,3.450,4.340,0.38500,0.42440,0.41659,4.291,0.40432,0.55240,8.156,2026-05,False,1.04564,1.4814,3.0471
2250570,2026-05-10,2026-05,NYY,MIL,823793,3,4,games,2,3,games,4.5,0.5,-106,8.0,0.1609,0.1677,39.90,44.01,47.55,0.42550,3.982,0.36380,0.60270,7.400,3.590,3.800,0.44850,0.38640,0.44951,4.164,0.38641,0.60270,7.738,2026-05,False,1.04564,1.4814,3.0471
2250571,2026-05-10,2026-05,CHC,TEX,822902,0,3,games,0,1,games,4.5,0.5,+120,7.5,0.1933,0.2217,40.42,40.25,50.11,0.39170,3.954,0.42800,0.57140,7.440,3.400,4.040,0.40700,0.42840,0.42626,4.134,0.45135,0.57140,7.780,2026-05,False,1.04564,1.4814,3.0471
2250572,2026-05-10,2026-05,PIT,SF,823221,6,7,games,3,2,games,4.5,0.5,+104,8.0,0.1781,0.1964,41.75,40.44,50.80,0.42410,4.738,0.46430,0.58270,8.920,4.280,4.640,0.43820,0.52300,0.44855,4.954,0.49256,0.58270,9.327,2026-05,False,1.04564,1.4814,3.0471
2250573,2026-05-10,2026-05,STL,SD,823305,2,3,games,2,0,games,4.5,0.5,-104,8.5,0.1648,0.1742,43.04,40.48,51.54,0.38970,4.669,0.45630,0.54960,8.750,3.980,4.780,0.39980,0.46940,0.42487,4.882,0.48412,0.54960,9.149,2026-05,False,1.04564,1.4814,3.0471
2250574,2026-05-10,2026-05,ATL,LAD,823954,7,2,games,4,0,games,5.5,0.5,+106,9.5,0.1576,0.1622,38.85,45.39,46.12,0.38830,4.092,0.26770,0.56340,7.670,3.510,4.150,0.40960,0.28630,0.42390,4.279,0.28825,0.56340,8.020,2026-05,False,1.04564,1.4814,3.0471
2250575,2026-05-10,2026-05,DET,KC,824113,6,3,games,3,3,games,6.5,-2.5,-1200,8.5,0.1592,0.1648,41.70,42.38,49.60,0.46770,4.971,0.49370,0.62110,9.240,4.740,4.500,0.49030,0.51140,0.47818,5.198,0.52339,0.62110,9.662,2026-05,False,1.04564,1.4814,3.0471
2250576,2026-05-11,2026-05,LAA,CLE,824441,2,7,games,0,7,games,7.5,0.5,+134,7.5,0.1730,0.1879,44.44,38.26,53.73,0.43560,4.411,0.48970,0.60200,8.300,4.070,4.230,0.45560,0.50930,0.45640,4.612,0.51605,0.60200,8.679,2026-05,False,1.04564,1.4814,3.0471
2250577,2026-05-11,2026-05,NYY,BAL,824844,2,3,games,2,0,games,4.5,-0.5,-2500,9.0,0.1495,0.1486,49.16,35.90,57.80,0.47470,5.218,0.46400,0.62240,9.550,4.920,4.640,0.49270,0.49000,0.48291,5.456,0.49513,0.62240,9.986,2026-05,False,1.04564,1.4814,3.0471
2250578,2026-05-11,2026-05,TB,TOR,822818,8,5,games,7,3,games,3.5,-3.5,-102,7.0,0.1622,0.1699,42.01,41.77,50.14,0.42110,4.302,0.47570,0.58950,8.080,3.900,4.180,0.44420,0.54470,0.44650,4.498,0.50139,0.58950,8.449,2026-05,False,1.04564,1.4814,3.0471
2250579,2026-05-11,2026-05,SEA,HOU,824199,3,1,games,3,1,games,4.5,-0.5,-158,8.5,0.1587,0.1640,41.32,42.82,49.11,0.40630,4.272,0.40290,0.57500,8.050,3.740,4.310,0.41690,0.40660,0.43634,4.467,0.42785,0.57500,8.417,2026-05,False,1.04564,1.4814,3.0471
2250580,2026-05-11,2026-05,SF,LAD,823953,9,3,games,1,2,games,5.5,0.5,+134,9.0,0.1570,0.1612,47.84,36.46,56.75,0.51220,5.098,0.44830,0.66090,9.380,5.190,4.190,0.55250,0.47600,0.50824,5.331,0.47863,0.66090,9.808,2026-05,False,1.04564,1.4814,3.0471
2250581,2026-05-12,2026-05,LAA,CLE,824442,2,3,games,0,2,games,,,,8.5,0.1680,0.1795,45.82,37.39,55.07,0.46150,4.508,0.43490,0.62500,8.460,4.340,4.120,0.48940,0.44550,0.47398,4.714,0.46161,0.62500,8.846,2026-05,False,1.04564,1.4814,3.0471
2250582,2026-05-12,2026-05,NYY,BAL,824843,6,2,games,6,0,games,,,,9.0,0.1505,0.1504,48.36,36.59,56.92,0.46750,5.237,0.46670,0.61530,9.590,4.890,4.710,0.48480,0.49330,0.47804,5.476,0.49795,0.61530,10.028,2026-05,False,1.04564,1.4814,3.0471
2250583,2026-05-12,2026-05,WSH,CIN,824521,10,4,games,7,2,games,,,,9.5,0.1457,0.1423,41.46,43.97,48.53,0.40910,5.406,0.42620,0.55450,10.050,4.690,5.360,0.41860,0.48460,0.43827,5.653,0.45815,0.55450,10.509,2026-05,False,1.04564,1.4814,3.0471
2250584,2026-05-12,2026-05,COL,PIT,823385,1,3,games,0,2,games,,,,7.5,0.1496,0.1488,26.95,58.09,31.70,0.29040,4.975,0.55870,0.43930,9.420,3.470,5.950,0.27150,0.59940,0.35363,5.202,0.58792,0.43930,9.850,2026-05,False,1.04564,1.4814,3.0471
2250585,2026-05-12,2026-05,PHI,BOS,824764,2,1,games,2,0,games,,,,8.0,0.1591,0.1646,56.64,27.46,67.35,0.44850,4.012,0.36810,0.62570,7.500,3.800,3.700,0.48020,0.39590,0.46517,4.195,0.39097,0.62570,7.842,2026-05,False,1.04564,1.4814,3.0471
2250586,2026-05-12,2026-05,TB,TOR,822817,7,6,games,3,0,games,,,,8.0,0.1683,0.1801,43.54,39.62,52.36,0.43910,4.164,0.38800,0.61150,7.830,3.920,3.910,0.47150,0.42720,0.45878,4.354,0.41209,0.61150,8.187,2026-05,False,1.04564,1.4814,3.0471
2250587,2026-05-12,2026-05,DET,NYM,823632,2,10,games,2,3,games,,,,7.5,0.1621,0.1698,38.57,45.21,46.04,0.36450,5.014,0.56460,0.51680,9.290,4.010,5.290,0.36420,0.59150,0.40727,5.243,0.59396,0.51680,9.714,2026-05,False,1.04564,1.4814,3.0471
2250588,2026-05-12,2026-05,CHC,ATL,824927,2,5,games,2,5,games,,,,8.5,0.1526,0.1539,38.90,45.84,45.90,0.40370,4.900,0.48450,0.55900,9.130,4.170,4.960,0.40360,0.49970,0.43455,5.124,0.51377,0.55900,9.547,2026-05,False,1.04564,1.4814,3.0471
2250589,2026-05-12,2026-05,KC,CWS,824604,5,6,games,2,5,games,,,,9.0,0.1689,0.1810,43.17,39.94,51.94,0.44540,4.157,0.33120,0.61800,7.900,3.960,3.940,0.47240,0.34980,0.46306,4.347,0.35408,0.61800,8.261,2026-05,False,1.04564,1.4814,3.0471
2250590,2026-05-12,2026-05,MIA,MIN,823712,0,3,games,0,3,games,,,,9.0,0.1542,0.1566,41.01,43.57,48.49,0.37580,4.965,0.43330,0.52880,9.300,4.090,5.210,0.37720,0.46960,0.41520,5.192,0.46271,0.52880,9.724,2026-05,False,1.04564,1.4814,3.0471
2250591,2026-05-12,2026-05,SD,MIL,823790,4,6,games,2,6,games,,,,9.0,0.1491,0.1480,38.29,46.80,45.00,0.48980,4.494,0.37470,0.65270,8.310,4.480,3.830,0.52800,0.38560,0.49311,4.699,0.40047,0.65270,8.689,2026-05,False,1.04564,1.4814,3.0471
2250592,2026-05-12,2026-05,SEA,HOU,824197,10,2,games,7,2,games,,,,9.0,0.1502,0.1499,46.39,38.59,54.59,0.43910,4.643,0.39370,0.60000,8.670,4.260,4.420,0.45560,0.41750,0.45878,4.855,0.42068,0.60000,9.066,2026-05,False,1.04564,1.4814,3.0471
2250593,2026-05-12,2026-05,STL,ATH,825011,6,4,games,4,3,games,,,,10.0,0.1403,0.1333,39.70,46.28,46.17,0.42620,6.031,0.49640,0.56120,11.190,5.340,5.850,0.43660,0.53270,0.44998,6.306,0.53240,0.56120,11.701,2026-05,False,1.04564,1.4814,3.0471
2250594,2026-05-12,2026-05,SF,LAD,823951,6,2,games,3,2,games,,,,8.5,0.1548,0.1575,31.24,53.28,36.96,0.32780,5.052,0.50300,0.47710,9.400,3.770,5.630,0.31840,0.52140,0.38112,5.283,0.53315,0.47710,9.829,2026-05,False,1.04564,1.4814,3.0471
2250595,2026-05-13,2026-05,LAA,CLE,824438,2,4,games,2,3,games,3.5,0.5,+116,7.0,0.1803,0.2000,37.88,44.10,46.20,0.39410,3.854,0.41320,0.57620,7.340,3.390,3.960,0.41310,0.47500,0.42792,4.030,0.43581,0.57620,7.675,2026-05,False,1.04564,1.4814,3.0471
2250596,2026-05-13,2026-05,NYY,BAL,824841,0,7,games,0,5,games,4.5,-0.5,-168,8.5,0.1497,0.1490,53.22,31.81,62.59,0.52360,5.108,0.51040,0.67250,9.330,5.180,4.150,0.55550,0.51830,0.51594,5.341,0.54085,0.67250,9.756,2026-05,False,1.04564,1.4814,3.0471
2250597,2026-05-13,2026-05,WSH,CIN,824519,8,7,games,6,6,games,4.5,0.5,+134,9.5,0.1555,0.1586,42.56,41.90,50.39,0.39420,4.488,0.31730,0.55890,8.420,3.880,4.540,0.41080,0.35050,0.42799,4.693,0.34162,0.55890,8.804,2026-05,False,1.04564,1.4814,3.0471
2250598,2026-05-13,2026-05,COL,PIT,823386,10,4,games,6,3,games,4.5,0.5,+148,8.5,0.1627,0.1706,37.75,45.98,45.08,0.41230,4.586,0.44520,0.57420,8.680,4.100,4.570,0.42900,0.46280,0.44046,4.795,0.47245,0.57420,9.076,2026-05,False,1.04564,1.4814,3.0471
2250599,2026-05-13,2026-05,PHI,BOS,824763,1,3,games,1,1,games,4.5,0.5,+114,9.0,0.1653,0.1750,37.81,45.66,45.29,0.35720,5.145,0.45550,0.50590,9.560,4.020,5.540,0.34730,0.49020,0.40213,5.380,0.48615,0.50590,9.996,2026-05,False,1.04564,1.4814,3.0471
2250600,2026-05-13,2026-05,TB,TOR,822815,3,5,games,0,0,games,3.5,0.5,+122,7.5,0.1609,0.1677,41.01,42.90,48.87,0.39420,4.615,0.51610,0.55640,8.660,3.980,4.680,0.40740,0.53990,0.42799,4.826,0.54359,0.55640,9.055,2026-05,False,1.04564,1.4814,3.0471
2250601,2026-05-13,2026-05,DET,NYM,823631,2,3,games,2,1,games,4.5,-0.5,-120,8.0,0.1665,0.1771,39.70,43.65,47.63,0.37650,4.719,0.46190,0.53560,8.770,3.880,4.890,0.38190,0.51060,0.41569,4.934,0.49004,0.53560,9.170,2026-05,False,1.04564,1.4814,3.0471
2250602,2026-05-13,2026-05,CHC,ATL,824928,1,4,games,1,1,games,4.5,-0.5,-158,8.5,0.1610,0.1679,49.05,34.85,58.46,0.49630,4.476,0.43150,0.65820,8.300,4.460,3.840,0.52560,0.43000,0.49750,4.680,0.45798,0.65820,8.679,2026-05,False,1.04564,1.4814,3.0471
2250603,2026-05-13,2026-05,KC,CWS,824603,5,6,games,3,5,games,4.5,-0.5,-114,8.0,0.1688,0.1808,40.46,42.66,48.68,0.40620,4.205,0.39430,0.57800,7.990,3.740,4.250,0.42330,0.44160,0.43627,4.397,0.41873,0.57800,8.355,2026-05,False,1.04564,1.4814,3.0471
2250604,2026-05-13,2026-05,MIA,MIN,823710,9,5,games,8,4,games,4.5,-0.5,-140,8.5,0.1504,0.1502,52.31,32.66,61.57,0.51900,5.111,0.51040,0.66730,9.470,5.260,4.210,0.55700,0.52960,0.51283,5.344,0.54087,0.66730,9.902,2026-05,False,1.04564,1.4814,3.0471
2250605,2026-05-13,2026-05,SD,MIL,823791,3,1,games,0,1,games,3.5,0.5,+134,7.0,0.1743,0.1900,38.66,43.92,46.81,0.39550,3.884,0.41840,0.57670,7.290,3.390,3.900,0.41800,0.47070,0.42889,4.061,0.44125,0.57670,7.623,2026-05,False,1.04564,1.4814,3.0471
2250606,2026-05-13,2026-05,SEA,HOU,824195,3,4,games,1,0,games,4.5,-0.5,-132,9.0,0.1458,0.1425,44.19,41.23,51.73,0.43180,5.215,0.46440,0.57960,9.700,4.670,5.030,0.44000,0.50140,0.45381,5.453,0.49551,0.57960,10.143,2026-05,False,1.04564,1.4814,3.0471
2250607,2026-05-13,2026-05,STL,ATH,825010,2,6,games,1,4,games,5.5,0.5,+122,10.0,0.1461,0.1431,40.54,44.85,47.47,0.38940,5.787,0.47020,0.52830,10.780,4.840,5.930,0.39210,0.50330,0.42466,6.051,0.50475,0.52830,11.272,2026-05,False,1.04564,1.4814,3.0471
2250608,2026-05-13,2026-05,SF,LAD,823952,0,4,games,0,4,games,3.5,0.5,+186,7.5,0.1745,0.1904,33.07,49.47,40.07,0.35720,4.080,0.44550,0.53190,7.660,3.310,4.350,0.37000,0.44980,0.40213,4.266,0.46974,0.53190,8.010,2026-05,False,1.04564,1.4814,3.0471
2250609,2026-05-14,2026-05,COL,PIT,823383,2,7,games,2,7,games,3.5,0.5,+120,8.0,0.1638,0.1725,41.27,42.35,49.36,0.41640,4.466,0.42930,0.58180,8.460,4.040,4.420,0.43580,0.48440,0.44328,4.670,0.45570,0.58180,8.846,2026-05,False,1.04564,1.4814,3.0471
2250610,2026-05-14,2026-05,WSH,CIN,824517,1,15,games,0,9,games,4.5,0.5,+134,8.0,0.1695,0.1821,41.06,41.99,49.44,0.38490,4.048,0.37320,0.56150,7.640,3.470,4.160,0.40380,0.40810,0.42154,4.233,0.39637,0.56150,7.989,2026-05,False,1.04564,1.4814,3.0471
2250611,2026-05-14,2026-05,DET,NYM,823630,4,9,games,3,6,games,3.5,0.5,+148,7.0,0.1758,0.1925,40.72,41.70,49.40,0.39930,4.140,0.45350,0.57340,7.760,3.610,4.140,0.42000,0.51520,0.43151,4.329,0.47814,0.57340,8.114,2026-05,False,1.04564,1.4814,3.0471
2250612,2026-05-14,2026-05,MIA,MIN,823709,1,9,games,0,6,games,4.5,-0.5,-114,8.5,0.1489,0.1477,46.79,38.32,54.98,0.45150,5.021,0.49980,0.60420,9.360,4.700,4.650,0.47350,0.51950,0.46720,5.250,0.52977,0.60420,9.787,2026-05,False,1.04564,1.4814,3.0471
2250613,2026-05-14,2026-05,SD,MIL,823789,1,7,games,0,7,games,4.5,0.5,+118,7.5,0.1651,0.1747,37.10,46.39,44.44,0.37770,4.491,0.50070,0.54170,8.370,3.720,4.650,0.38590,0.51530,0.41652,4.696,0.52751,0.54170,8.752,2026-05,False,1.04564,1.4814,3.0471
2250614,2026-05-14,2026-05,SEA,HOU,824196,8,3,games,5,1,games,4.5,-0.5,-112,9.0,0.1443,0.1400,41.58,44.00,48.59,0.40190,5.410,0.48700,0.54760,10.080,4.590,5.480,0.40120,0.53000,0.43331,5.657,0.51932,0.54760,10.540,2026-05,False,1.04564,1.4814,3.0471
2250615,2026-05-14,2026-05,STL,ATH,825008,5,4,games,1,1,games,5.5,0.5,-106,10.0,0.1426,0.1372,51.78,33.96,60.40,0.54750,5.945,0.48730,0.68250,10.950,6.280,4.670,0.58440,0.51530,0.53212,6.216,0.52281,0.68250,11.450,2026-05,False,1.04564,1.4814,3.0471
2250616,2026-05-14,2026-05,PHI,BOS,824762,3,1,games,0,0,games,3.5,0.5,+130,7.0,0.1776,0.1956,32.71,49.53,39.78,0.31720,4.424,0.49090,0.48130,8.300,3.240,5.060,0.30760,0.56180,0.37343,4.626,0.51733,0.48130,8.679,2026-05,False,1.04564,1.4814,3.0471
2250617,2026-05-14,2026-05,CHC,ATL,824926,2,0,games,0,0,games,1.5,0.5,+148,7.5,0.1750,0.1913,42.75,39.75,51.82,0.41780,3.893,0.41920,0.59750,7.330,3.490,3.840,0.43550,0.41850,0.44424,4.071,0.44211,0.59750,7.665,2026-05,False,1.04564,1.4814,3.0471
2250618,2026-05-14,2026-05,KC,CWS,824602,2,6,games,1,5,games,4.5,-0.5,-156,7.5,0.1624,0.1702,45.18,38.58,53.94,0.48440,4.391,0.48720,0.64890,8.270,4.400,3.870,0.51790,0.50640,0.48947,4.591,0.51343,0.64890,8.647,2026-05,False,1.04564,1.4814,3.0471
2250619,2026-05-14,2026-05,SF,LAD,823950,2,5,games,2,2,games,4.5,0.5,+132,7.5,0.1662,0.1765,41.67,41.71,49.98,0.45570,4.612,0.51540,0.61640,8.560,4.380,4.180,0.48660,0.53120,0.47005,4.822,0.54288,0.61640,8.951,2026-05,False,1.04564,1.4814,3.0471
2250620,2026-05-15,2026-05,PHI,PIT,823384,11,9,games,3,7,games,4.5,0.5,+1060,8.0,0.1564,0.1602,35.26,49.10,41.80,0.36620,5.002,0.49780,0.51970,9.380,4.010,5.370,0.35940,0.55910,0.40847,5.230,0.52767,0.51970,9.808,2026-05,False,1.04564,1.4814,3.0471
2250621,2026-05-15,2026-05,BAL,WSH,822739,2,3,games,0,1,games,1.5,-0.5,+128,9.5,0.1375,0.1287,46.98,39.27,54.47,0.48430,6.303,0.52610,0.61650,11.590,6.000,5.590,0.50040,0.59270,0.48940,6.591,0.56351,0.61650,12.119,2026-05,False,1.04564,1.4814,3.0471
2250622,2026-05-15,2026-05,TOR,DET,824280,2,3,games,2,1,games,4.5,-0.5,-128,8.0,0.1648,0.1743,42.13,41.38,50.45,0.43160,4.359,0.41450,0.59930,8.160,3.990,4.170,0.45390,0.45730,0.45367,4.558,0.44011,0.59930,8.532,2026-05,False,1.04564,1.4814,3.0471
2250623,2026-05-15,2026-05,CIN,CLE,824439,7,6,games,3,0,games,4.5,-1.5,+106,8.0,0.1690,0.1813,38.44,44.65,46.27,0.40660,4.353,0.41470,0.57460,8.170,3.810,4.360,0.41860,0.45780,0.43655,4.552,0.44028,0.57460,8.543,2026-05,False,1.04564,1.4814,3.0471
2250624,2026-05-15,2026-05,MIA,TB,822983,2,7,games,1,6,games,6.5,0.5,-106,8.0,0.1685,0.1803,42.16,40.99,50.70,0.40990,4.173,0.38960,0.58230,7.910,3.730,4.180,0.42720,0.43450,0.43882,4.363,0.41377,0.58230,8.271,2026-05,False,1.04564,1.4814,3.0471
2250625,2026-05-15,2026-05,BOS,ATL,824925,2,3,games,0,2,games,3.5,0.5,+350,7.5,0.1667,0.1774,41.99,41.33,50.40,0.45830,4.602,0.51480,0.61880,8.560,4.330,4.230,0.47820,0.53130,0.47182,4.812,0.54222,0.61880,8.951,2026-05,False,1.04564,1.4814,3.0471
2250626,2026-05-15,2026-05,NYY,NYM,823629,5,2,games,4,0,games,3.5,-0.5,-146,7.0,0.1766,0.1938,45.47,36.87,55.22,0.44660,4.008,0.43550,0.62330,7.430,3.750,3.680,0.47630,0.48430,0.46388,4.191,0.45924,0.62330,7.769,2026-05,False,1.04564,1.4814,3.0471
2250627,2026-05-15,2026-05,CHC,CWS,824601,10,5,games,4,3,games,4.5,-0.5,-135,8.5,0.1629,0.1710,40.70,43.01,48.62,0.40540,4.373,0.41650,0.57270,8.230,3.800,4.430,0.41260,0.42430,0.43572,4.573,0.44221,0.57270,8.606,2026-05,False,1.04564,1.4814,3.0471
2250628,2026-05-15,2026-05,TEX,HOU,824194,0,2,games,0,1,games,4.5,-0.5,-112,8.5,0.1491,0.1480,40.90,44.19,48.07,0.37170,4.701,0.45980,0.52960,8.830,3.840,4.990,0.37120,0.47630,0.41233,4.916,0.48782,0.52960,9.233,2026-05,False,1.04564,1.4814,3.0471
2250629,2026-05-15,2026-05,MIL,MIN,823707,3,2,games,1,0,games,4.5,-0.5,+102,9.0,0.1577,0.1623,42.09,42.14,49.97,0.38710,4.838,0.41810,0.54350,8.980,4.000,4.990,0.38490,0.44320,0.42307,5.059,0.44659,0.54350,9.390,2026-05,False,1.04564,1.4814,3.0471
2250630,2026-05-15,2026-05,KC,STL,823061,4,5,games,2,3,games,4.5,-0.5,-112,8.5,0.1623,0.1700,46.28,37.49,55.25,0.46410,4.239,0.39860,0.63400,8.000,4.140,3.860,0.49550,0.40180,0.47574,4.432,0.42329,0.63400,8.365,2026-05,False,1.04564,1.4814,3.0471
2250631,2026-05-15,2026-05,LAD,LAA,824037,6,0,games,4,0,games,5.5,-0.5,-180,9.5,0.1641,0.1730,46.31,37.29,55.39,0.43680,4.741,0.34760,0.59560,8.770,4.270,4.500,0.45120,0.38120,0.45721,4.957,0.37418,0.59560,9.170,2026-05,False,1.04564,1.4814,3.0471
2250632,2026-05-15,2026-05,SD,SEA,823140,2,0,games,1,0,games,4.5,0.5,+120,7.0,0.1748,0.1908,38.71,43.81,46.91,0.40850,3.765,0.40060,0.59350,7.120,3.380,3.740,0.43310,0.45320,0.43785,3.937,0.42254,0.59350,7.445,2026-05,False,1.04564,1.4814,3.0471
2250633,2026-05-15,2026-05,SF,ATH,825009,2,5,games,2,5,games,5.5,0.5,+104,10.0,0.1401,0.1330,38.51,47.48,44.78,0.42870,6.331,0.52910,0.56080,11.720,5.590,6.130,0.43570,0.56840,0.45169,6.620,0.56664,0.56080,12.255,2026-05,False,1.04564,1.4814,3.0471
2250634,2026-05-16,2026-05,TOR,DET,824278,2,1,games,0,0,games,4.5,0.5,+102,8.5,0.1684,0.1803,38.08,45.07,45.79,0.39900,4.290,0.40610,0.56950,8.050,3.730,4.320,0.41450,0.40720,0.43131,4.486,0.43120,0.56950,8.417,2026-05,False,1.04564,1.4814,3.0471
2250635,2026-05-16,2026-05,KC,STL,823060,2,4,games,1,3,games,5.5,0.5,-104,9.0,0.1494,0.1486,40.65,44.41,47.79,0.40880,5.050,0.44370,0.56050,9.460,4.390,5.070,0.41410,0.48220,0.43806,5.280,0.47371,0.56050,9.892,2026-05,False,1.04564,1.4814,3.0471
2250636,2026-05-16,2026-05,BAL,WSH,822737,3,13,games,0,4,games,5.5,0.5,-104,10.0,0.1384,0.1302,41.92,44.24,48.66,0.42640,6.026,0.49660,0.56190,11.150,5.290,5.860,0.43210,0.53110,0.45012,6.301,0.53257,0.56190,11.659,2026-05,False,1.04564,1.4814,3.0471
2250637,2026-05-16,2026-05,PHI,PIT,823382,6,0,games,5,0,games,4.5,-0.5,-210,8.5,0.1555,0.1588,41.47,42.97,49.11,0.47380,4.855,0.47970,0.62930,9.020,4.670,4.360,0.49660,0.49250,0.48231,5.077,0.50870,0.62930,9.432,2026-05,False,1.04564,1.4814,3.0471
2250638,2026-05-16,2026-05,MIA,TB,822981,10,5,games,0,1,games,4.5,0.5,+108,8.0,0.1646,0.1739,37.57,45.96,44.98,0.36710,4.360,0.41550,0.53390,8.250,3.580,4.670,0.37050,0.46480,0.40910,4.559,0.44113,0.53390,8.627,2026-05,False,1.04564,1.4814,3.0471
2250639,2026-05-16,2026-05,CIN,CLE,824435,4,7,games,4,2,games,4.5,1.5,+520,8.5,0.1717,0.1858,38.89,43.93,46.96,0.38860,4.938,0.48910,0.54250,9.220,4.120,5.100,0.38850,0.50830,0.42411,5.163,0.51860,0.54250,9.641,2026-05,False,1.04564,1.4814,3.0471
2250640,2026-05-16,2026-05,TEX,HOU,824193,1,4,games,0,4,games,3.5,-0.5,-166,7.5,0.1634,0.1719,41.78,41.88,49.94,0.42370,4.149,0.45510,0.59610,7.820,3.770,4.050,0.44330,0.46490,0.44827,4.338,0.47981,0.59610,8.177,2026-05,False,1.04564,1.4814,3.0471
2250641,2026-05-16,2026-05,CHC,CWS,824600,3,8,games,0,7,games,6.5,0.5,+1060,8.5,0.1695,0.1821,38.91,44.14,46.86,0.39070,3.930,0.35680,0.57110,7.460,3.380,4.080,0.40160,0.35310,0.42557,4.109,0.37898,0.57110,7.800,2026-05,False,1.04564,1.4814,3.0471
2250642,2026-05-16,2026-05,MIL,MIN,823706,2,1,games,1,1,games,2.5,0.5,+132,8.5,0.1655,0.1754,42.55,40.90,50.99,0.41180,4.339,0.41260,0.57980,8.090,3.790,4.290,0.42440,0.41120,0.44012,4.537,0.43807,0.57980,8.459,2026-05,False,1.04564,1.4814,3.0471
2250643,2026-05-16,2026-05,SD,SEA,823139,7,4,games,5,2,games,3.5,0.5,+136,7.0,0.1727,0.1874,40.80,41.93,49.32,0.40180,4.016,0.43640,0.57900,7.560,3.530,4.040,0.42020,0.49710,0.43324,4.199,0.46019,0.57900,7.905,2026-05,False,1.04564,1.4814,3.0471
2250644,2026-05-16,2026-05,BOS,ATL,824924,3,2,games,1,2,games,4.5,0.5,+230,7.5,0.1839,0.2060,39.85,41.76,48.82,0.43320,3.875,0.41620,0.61440,7.310,3.590,3.720,0.45730,0.41630,0.45476,4.052,0.43897,0.61440,7.644,2026-05,False,1.04564,1.4814,3.0471
2250645,2026-05-16,2026-05,NYY,NYM,823627,3,6,games,2,5,games,3.5,-0.5,-122,8.5,0.1545,0.1570,51.79,32.77,61.24,0.40550,4.342,0.41250,0.57370,8.050,3.750,4.300,0.41830,0.40620,0.43579,4.540,0.43798,0.57370,8.417,2026-05,False,1.04564,1.4814,3.0471
2250646,2026-05-16,2026-05,LAD,LAA,824038,15,2,games,1,0,games,4.5,-0.5,-118,8.5,0.1687,0.1808,48.55,34.57,58.41,0.46360,4.247,0.40060,0.63210,7.890,4.050,3.840,0.49040,0.39310,0.47540,4.441,0.42537,0.63210,8.250,2026-05,False,1.04564,1.4814,3.0471
2250647,2026-05-16,2026-05,SF,ATH,825007,6,4,games,5,1,games,5.5,0.5,+104,9.5,0.1483,0.1467,42.60,42.57,50.02,0.47110,5.744,0.46560,0.61090,10.660,5.470,5.190,0.49140,0.52990,0.48048,6.006,0.49988,0.61090,11.147,2026-05,False,1.04564,1.4814,3.0471
2250648,2026-05-17,2026-05,MIA,TB,822982,3,6,games,2,5,games,3.5,0.5,+122,7.5,0.1645,0.1737,38.11,45.44,45.62,0.37240,4.436,0.49410,0.53740,8.380,3.670,4.710,0.37580,0.51620,0.41282,4.638,0.52060,0.53740,8.762,2026-05,False,1.04564,1.4814,3.0471
2250649,2026-05-17,2026-05,BAL,WSH,822738,7,3,games,6,2,games,5.5,-0.5,-120,10.0,0.1405,0.1337,47.43,38.52,55.18,0.45240,5.696,0.45950,0.59260,10.540,5.230,5.310,0.46590,0.48570,0.46782,5.956,0.49347,0.59260,11.021,2026-05,False,1.04564,1.4814,3.0471
2250650,2026-05-17,2026-05,PHI,PIT,823381,6,0,games,2,0,games,3.5,0.5,+116,7.0,0.1758,0.1925,37.74,44.68,45.79,0.38380,3.909,0.42130,0.56380,7.410,3.330,4.080,0.39640,0.48180,0.42077,4.087,0.44432,0.56380,7.748,2026-05,False,1.04564,1.4814,3.0471
2250651,2026-05-17,2026-05,BOS,ATL,824923,1,8,games,0,7,games,4.5,0.5,+126,8.5,0.1481,0.1463,30.88,54.32,36.25,0.34020,5.771,0.58460,0.47720,10.730,4.330,6.400,0.31890,0.62020,0.39004,6.034,0.61796,0.47720,11.220,2026-05,False,1.04564,1.4814,3.0471
2250652,2026-05-17,2026-05,CIN,CLE,824436,3,10,games,2,6,games,4.5,0.5,+132,8.5,0.1643,0.1734,36.39,47.18,43.54,0.35070,4.716,0.46200,0.50960,8.860,3.690,5.170,0.34360,0.47830,0.39752,4.931,0.49012,0.50960,9.264,2026-05,False,1.04564,1.4814,3.0471
2250653,2026-05-17,2026-05,TOR,DET,824279,4,1,games,4,0,games,4.5,-0.5,-128,7.5,0.1585,0.1638,47.08,37.06,55.95,0.48860,4.930,0.55460,0.64160,9.120,4.860,4.260,0.52070,0.57780,0.49230,5.155,0.58361,0.64160,9.536,2026-05,False,1.04564,1.4814,3.0471
2250654,2026-05-17,2026-05,NYY,NYM,823628,6,7,games,1,1,games,4.5,0.5,+110,8.5,0.1643,0.1734,46.07,37.50,55.12,0.41440,4.920,0.48780,0.57000,9.050,4.250,4.800,0.42270,0.49470,0.44191,5.145,0.51719,0.57000,9.463,2026-05,False,1.04564,1.4814,3.0471
2250655,2026-05-17,2026-05,TEX,HOU,824192,8,0,games,2,0,games,4.5,-0.5,-135,8.0,0.1596,0.1655,39.36,44.68,46.84,0.38580,4.360,0.41590,0.55360,8.200,3.680,4.520,0.39200,0.46110,0.42216,4.559,0.44153,0.55360,8.574,2026-05,False,1.04564,1.4814,3.0471
2250656,2026-05-17,2026-05,CHC,CWS,824599,8,9,games,4,4,games,4.5,-0.5,-128,9.0,0.1566,0.1606,41.50,42.83,49.21,0.40570,4.601,0.38910,0.56740,8.630,3.980,4.660,0.41020,0.41370,0.43593,4.811,0.41576,0.56740,9.024,2026-05,False,1.04564,1.4814,3.0471
2250657,2026-05-17,2026-05,MIL,MIN,823708,4,5,games,3,4,games,4.5,-0.5,-130,8.0,0.1614,0.1686,41.26,42.59,49.21,0.37180,4.765,0.46780,0.52980,8.880,3.840,5.040,0.36760,0.51890,0.41240,4.982,0.49624,0.52980,9.285,2026-05,False,1.04564,1.4814,3.0471
2250658,2026-05-17,2026-05,KC,STL,823058,2,0,games,2,0,games,4.5,0.5,-106,9.5,0.1588,0.1642,42.86,41.26,50.95,0.42190,4.491,0.31730,0.58730,8.470,4.060,4.410,0.43970,0.35480,0.44704,4.696,0.34164,0.58730,8.857,2026-05,False,1.04564,1.4814,3.0471
2250659,2026-05-17,2026-05,SF,ATH,825006,10,1,games,2,1,games,5.5,0.5,+120,9.5,0.1410,0.1345,36.92,48.98,42.98,0.40780,6.199,0.51400,0.54050,11.500,5.320,6.170,0.41130,0.58820,0.43737,6.482,0.55091,0.54050,12.025,2026-05,False,1.04564,1.4814,3.0471
2250660,2026-05-17,2026-05,LAD,LAA,824034,10,1,games,7,1,games,5.5,-0.5,-132,9.5,0.1576,0.1621,41.40,42.85,49.14,0.40870,5.131,0.39410,0.55870,9.480,4.380,5.100,0.41290,0.43930,0.43799,5.365,0.42395,0.55870,9.913,2026-05,False,1.04564,1.4814,3.0471
2250661,2026-05-17,2026-05,SD,SEA,823138,8,3,games,2,0,games,2.5,-0.5,-295,7.5,0.1773,0.1950,39.51,42.76,48.03,0.39930,3.848,0.41270,0.58200,7.270,3.390,3.880,0.42050,0.41140,0.43151,4.024,0.43527,0.58200,7.602,2026-05,False,1.04564,1.4814,3.0471
2250662,2026-05-18,2026-05,CLE,DET,824277,8,2,games,4,1,games,4.5,0.5,+130,8.0,0.1545,0.1570,40.13,44.43,47.46,0.37100,4.843,0.47800,0.52660,9.050,3.970,5.080,0.37520,0.53300,0.41184,5.064,0.50693,0.52660,9.463,2026-05,False,1.04564,1.4814,3.0471
2250663,2026-05-18,2026-05,BAL,TB,822980,6,16,games,4,12,games,6.5,0.5,+134,7.5,0.1637,0.1724,34.43,49.20,41.17,0.33950,4.485,0.49900,0.50290,8.460,3.450,5.010,0.33200,0.52300,0.38954,4.690,0.52578,0.50290,8.846,2026-05,False,1.04564,1.4814,3.0471
2250664,2026-05-18,2026-05,CIN,PHI,823465,4,5,games,2,2,games,5.5,0.5,-108,10.0,0.1456,0.1422,47.61,37.83,55.72,0.49530,5.452,0.43120,0.63950,10.030,5.350,4.680,0.52010,0.44700,0.49683,5.701,0.46348,0.63950,10.488,2026-05,False,1.04564,1.4814,3.0471
2250665,2026-05-18,2026-05,ATL,MIA,823867,0,12,games,0,12,games,4.5,0.5,+108,8.5,0.1627,0.1707,40.80,42.92,48.73,0.40810,4.405,0.42180,0.57380,8.300,3.890,4.410,0.42240,0.42900,0.43758,4.606,0.44776,0.57380,8.679,2026-05,False,1.04564,1.4814,3.0471
2250666,2026-05-18,2026-05,NYM,WSH,822734,16,7,games,4,3,games,4.5,-1.5,-310,10.0,0.1453,0.1417,44.57,40.90,52.14,0.47130,5.636,0.45310,0.61240,10.390,5.290,5.090,0.48800,0.47500,0.48061,5.893,0.48667,0.61240,10.864,2026-05,False,1.04564,1.4814,3.0471
2250667,2026-05-18,2026-05,TOR,NYY,823549,6,7,games,4,3,games,4.5,0.5,+215,9.0,0.1501,0.1497,35.76,49.23,42.07,0.36970,4.784,0.41160,0.52720,8.880,3.880,4.990,0.37450,0.43390,0.41093,5.002,0.43968,0.52720,9.285,2026-05,False,1.04564,1.4814,3.0471
2250668,2026-05-18,2026-05,BOS,KC,824114,3,1,games,0,0,games,4.5,-0.5,-116,9.0,0.1615,0.1687,44.21,39.64,52.73,0.45910,4.800,0.41330,0.61590,8.930,4.520,4.400,0.48010,0.43880,0.47236,5.019,0.44150,0.61590,9.338,2026-05,False,1.04564,1.4814,3.0471
2250669,2026-05-18,2026-05,HOU,MIN,823705,3,6,games,0,3,games,5.5,0.5,-108,9.5,0.1396,0.1321,43.17,42.87,50.17,0.37970,5.404,0.42560,0.52440,10.070,4.420,5.650,0.37600,0.48480,0.41792,5.651,0.45754,0.52440,10.530,2026-05,False,1.04564,1.4814,3.0471
2250670,2026-05-18,2026-05,MIL,CHC,824680,9,3,games,8,3,games,5.5,0.5,+136,10.5,0.1612,0.1682,33.23,50.65,39.61,0.34390,4.566,0.27880,0.50460,8.510,3.480,5.030,0.33900,0.29250,0.39268,4.774,0.30222,0.50460,8.898,2026-05,False,1.04564,1.4814,3.0471
2250671,2026-05-18,2026-05,TEX,COL,824357,6,7,games,2,6,games,4.5,-0.5,-164,9.5,0.1545,0.1570,42.73,41.82,50.53,0.45270,5.902,0.48330,0.58990,10.910,5.500,5.400,0.47860,0.54670,0.46802,6.171,0.51856,0.58990,11.408,2026-05,False,1.04564,1.4814,3.0471
2250672,2026-05-18,2026-05,ATH,LAA,824035,1,2,games,0,0,games,4.5,-0.5,-138,9.0,0.1633,0.1717,44.94,38.73,53.71,0.42460,4.347,0.35690,0.59220,8.170,3.970,4.190,0.44880,0.37300,0.44889,4.545,0.38146,0.59220,8.543,2026-05,False,1.04564,1.4814,3.0471
2250673,2026-05-18,2026-05,LAD,SD,823301,0,1,games,0,1,games,4.5,-0.5,-160,7.0,0.1730,0.1878,42.49,40.21,51.38,0.41670,3.915,0.42170,0.59610,7.330,3.510,3.830,0.43840,0.47440,0.44348,4.094,0.44476,0.59610,7.665,2026-05,False,1.04564,1.4814,3.0471
2250674,2026-05-18,2026-05,CWS,SEA,823137,1,6,games,0,2,games,3.5,0.5,+140,7.0,0.1779,0.1960,39.91,42.30,48.55,0.38520,3.644,0.38320,0.57490,6.980,3.220,3.770,0.41450,0.44050,0.42175,3.810,0.40419,0.57490,7.299,2026-05,False,1.04564,1.4814,3.0471
2250675,2026-05-19,2026-05,ATL,MIA,823865,8,4,games,3,4,games,,,,8.0,0.1634,0.1719,42.78,40.88,51.14,0.47180,4.099,0.38000,0.64450,7.720,4.070,3.650,0.51010,0.41670,0.48095,4.286,0.40358,0.64450,8.072,2026-05,False,1.04564,1.4814,3.0471
2250676,2026-05-19,2026-05,CLE,DET,824276,4,3,games,3,3,games,,,,8.0,0.1755,0.1920,41.48,40.98,50.30,0.41710,3.886,0.35030,0.59790,7.330,3.550,3.780,0.44720,0.38030,0.44376,4.063,0.37210,0.59790,7.665,2026-05,False,1.04564,1.4814,3.0471
2250677,2026-05-19,2026-05,BAL,TB,822979,1,4,games,1,1,games,,,,7.5,0.1568,0.1608,39.42,44.90,46.75,0.40540,4.848,0.54510,0.56090,9.080,4.190,4.890,0.41040,0.57500,0.43572,5.069,0.57374,0.56090,9.494,2026-05,False,1.04564,1.4814,3.0471
2250678,2026-05-19,2026-05,CIN,PHI,823464,4,1,games,2,1,games,,,,8.5,0.1571,0.1613,45.94,38.35,54.50,0.48090,4.921,0.48760,0.63420,9.090,4.790,4.300,0.51130,0.49750,0.48710,5.146,0.51700,0.63420,9.505,2026-05,False,1.04564,1.4814,3.0471
2250679,2026-05-19,2026-05,NYM,WSH,822736,6,9,games,5,9,games,,,,8.5,0.1551,0.1581,41.74,42.75,49.41,0.45670,4.940,0.49080,0.61060,9.170,4.620,4.550,0.47640,0.50510,0.47073,5.165,0.52031,0.61060,9.589,2026-05,False,1.04564,1.4814,3.0471
2250680,2026-05-19,2026-05,TOR,NYY,823548,4,5,games,3,5,games,,,,8.5,0.1545,0.1571,41.68,42.87,49.30,0.42990,4.729,0.46260,0.58830,8.730,4.260,4.470,0.45150,0.46860,0.45251,4.945,0.49080,0.58830,9.128,2026-05,False,1.04564,1.4814,3.0471
2250681,2026-05-19,2026-05,BOS,KC,824112,7,1,games,2,1,games,,,,7.5,0.1737,0.1891,46.44,36.19,56.21,0.51420,4.408,0.48850,0.67710,8.200,4.570,3.630,0.55630,0.50050,0.50959,4.609,0.51483,0.67710,8.574,2026-05,False,1.04564,1.4814,3.0471
2250682,2026-05-19,2026-05,HOU,MIN,823704,2,1,games,2,0,games,,,,8.5,0.1457,0.1424,44.80,40.63,52.44,0.43770,5.369,0.54220,0.58420,9.960,4.840,5.120,0.44770,0.56810,0.45783,5.614,0.57393,0.58420,10.415,2026-05,False,1.04564,1.4814,3.0471
2250683,2026-05-19,2026-05,MIL,CHC,824677,5,2,games,3,0,games,,,,7.5,0.1763,0.1933,39.59,42.78,48.06,0.41770,3.763,0.40090,0.60300,7.060,3.390,3.670,0.44030,0.39160,0.44417,3.935,0.42283,0.60300,7.382,2026-05,False,1.04564,1.4814,3.0471
2250684,2026-05-19,2026-05,PIT,STL,823059,6,9,games,4,3,games,,,,8.0,0.1663,0.1766,46.34,37.03,55.58,0.45900,4.138,0.38580,0.63100,7.820,4.030,3.790,0.49220,0.42660,0.47229,4.327,0.40971,0.63100,8.177,2026-05,False,1.04564,1.4814,3.0471
2250685,2026-05-19,2026-05,TEX,COL,824356,10,0,games,8,0,games,,,,10.0,0.1397,0.1324,46.30,39.73,53.82,0.48130,6.525,0.54860,0.61040,12.020,6.300,5.720,0.50700,0.58820,0.48737,6.823,0.58701,0.61040,12.569,2026-05,False,1.04564,1.4814,3.0471
2250686,2026-05-19,2026-05,ATH,LAA,824033,14,6,games,6,4,games,,,,9.0,0.1576,0.1622,36.46,47.78,43.28,0.36690,4.955,0.43200,0.51920,9.280,4.020,5.260,0.36730,0.46760,0.40896,5.181,0.46134,0.51920,9.704,2026-05,False,1.04564,1.4814,3.0471
2250687,2026-05-19,2026-05,LAD,SD,823302,5,4,games,3,4,games,,,,8.0,0.1471,0.1447,55.89,29.40,65.53,0.53680,5.117,0.51120,0.68480,9.330,5.290,4.040,0.57280,0.55470,0.52487,5.351,0.54170,0.68480,9.756,2026-05,False,1.04564,1.4814,3.0471
2250688,2026-05-19,2026-05,CWS,SEA,823136,2,1,games,0,1,games,,,,8.0,0.1629,0.1710,42.66,41.05,50.96,0.39800,4.181,0.39120,0.57020,7.940,3.710,4.230,0.42150,0.43640,0.43062,4.372,0.41544,0.57020,8.302,2026-05,False,1.04564,1.4814,3.0471
2250689,2026-05-20,2026-05,CIN,PHI,823462,9,4,games,4,1,games,,,,9.5,0.1467,0.1441,44.79,40.54,52.49,0.45500,5.597,0.44910,0.59750,10.300,5.160,5.140,0.47300,0.50200,0.46958,5.852,0.48241,0.59750,10.770,2026-05,False,1.04564,1.4814,3.0471
2250690,2026-05-20,2026-05,BAL,TB,822977,3,5,games,1,1,games,,,,8.5,0.1576,0.1622,37.31,46.94,44.28,0.38170,4.807,0.47250,0.53740,9.010,3.980,5.020,0.38150,0.49080,0.41931,5.026,0.50120,0.53740,9.421,2026-05,False,1.04564,1.4814,3.0471
2250691,2026-05-20,2026-05,HOU,MIN,823703,1,4,games,1,4,games,,,,8.0,0.1549,0.1577,36.58,47.93,43.29,0.35570,4.886,0.48290,0.51000,9.130,3.850,5.290,0.34890,0.54020,0.40107,5.109,0.51209,0.51000,9.547,2026-05,False,1.04564,1.4814,3.0471
2250692,2026-05-20,2026-05,TEX,COL,824355,5,4,games,3,4,games,,,,10.0,0.1436,0.1389,45.41,40.22,53.03,0.48640,6.925,0.58720,0.61130,12.710,6.680,6.030,0.51110,0.63060,0.49082,7.241,0.62706,0.61130,13.290,2026-05,False,1.04564,1.4814,3.0471
2250693,2026-05-20,2026-05,CWS,SEA,823134,4,5,games,2,2,games,,,,7.5,0.1712,0.1849,37.49,45.39,45.23,0.37380,3.764,0.40100,0.55870,7.200,3.230,3.970,0.39630,0.40630,0.41380,3.936,0.42294,0.55870,7.529,2026-05,False,1.04564,1.4814,3.0471
2250694,2026-05-20,2026-05,CLE,DET,824273,3,2,games,0,0,games,,,,7.5,0.1673,0.1784,40.92,42.35,49.14,0.41480,4.445,0.49490,0.58090,8.340,3.990,4.350,0.43790,0.51150,0.44218,4.648,0.52145,0.58090,8.721,2026-05,False,1.04564,1.4814,3.0471
2250695,2026-05-20,2026-05,ATL,MIA,823866,9,1,games,3,1,games,,,,7.0,0.1657,0.1756,48.48,34.95,58.11,0.50030,4.128,0.45140,0.67150,7.740,4.260,3.480,0.54430,0.51280,0.50020,4.316,0.47596,0.67150,8.093,2026-05,False,1.04564,1.4814,3.0471
2250696,2026-05-20,2026-05,NYM,WSH,822735,4,8,games,2,4,games,,,,9.5,0.1413,0.1350,48.45,37.42,56.42,0.49820,5.887,0.48040,0.63580,10.810,5.730,5.080,0.51740,0.53970,0.49878,6.156,0.51557,0.63580,11.303,2026-05,False,1.04564,1.4814,3.0471
2250697,2026-05-20,2026-05,TOR,NYY,823547,2,1,games,0,0,games,,,,8.5,0.1598,0.1658,34.45,49.57,41.00,0.35290,4.281,0.40420,0.52140,7.990,3.400,4.590,0.35940,0.40040,0.39908,4.476,0.42922,0.52140,8.355,2026-05,False,1.04564,1.4814,3.0471
2250698,2026-05-20,2026-05,BOS,KC,824111,4,3,games,2,3,games,,,,7.5,0.1735,0.1887,40.06,42.59,48.47,0.40980,4.354,0.48290,0.57830,8.150,3.830,4.330,0.42350,0.49610,0.43875,4.553,0.50891,0.57830,8.522,2026-05,False,1.04564,1.4814,3.0471
2250699,2026-05-20,2026-05,MIL,CHC,824678,5,0,games,4,0,games,,,,6.5,0.1596,0.1656,44.72,39.32,53.21,0.46100,4.746,0.59980,0.61840,8.740,4.420,4.310,0.47800,0.65130,0.47364,4.963,0.62700,0.61840,9.139,2026-05,False,1.04564,1.4814,3.0471
2250700,2026-05-20,2026-05,PIT,STL,823057,7,0,games,2,0,games,,,,7.5,0.1670,0.1779,35.80,47.50,42.97,0.35060,4.039,0.43970,0.52630,7.710,3.250,4.460,0.35560,0.45530,0.39745,4.223,0.46365,0.52630,8.062,2026-05,False,1.04564,1.4814,3.0471
2250701,2026-05-20,2026-05,LAD,SD,823299,4,0,games,3,0,games,,,,7.5,0.1820,0.2029,47.31,34.49,57.84,0.46900,3.678,0.38870,0.65390,6.880,3.630,3.260,0.50780,0.37430,0.47906,3.846,0.40997,0.65390,7.194,2026-05,False,1.04564,1.4814,3.0471
2250702,2026-05-20,2026-05,ATH,LAA,824032,6,5,games,3,5,games,,,,9.5,0.1607,0.1673,44.94,38.99,53.54,0.42520,4.741,0.34760,0.58380,8.870,4.290,4.580,0.44510,0.38780,0.44930,4.957,0.37418,0.58380,9.275,2026-05,False,1.04564,1.4814,3.0471
2250703,2026-05-21,2026-05,CLE,DET,824274,3,1,games,2,0,games,,,,7.0,0.1720,0.1862,36.41,46.39,43.97,0.36470,4.035,0.43880,0.54160,7.640,3.340,4.300,0.37900,0.50290,0.40742,4.219,0.46272,0.54160,7.989,2026-05,False,1.04564,1.4814,3.0471
2250704,2026-05-21,2026-05,PIT,STL,823056,6,2,games,2,1,games,,,,7.0,0.1641,0.1731,46.76,36.83,55.94,0.45520,4.178,0.45900,0.62660,7.900,4.040,3.860,0.48690,0.52850,0.46971,4.369,0.48390,0.62660,8.261,2026-05,False,1.04564,1.4814,3.0471
2250705,2026-05-21,2026-05,NYM,WSH,822733,2,1,games,2,1,games,,,,7.5,0.1380,0.1295,38.88,47.32,45.10,0.41690,5.903,0.65890,0.55480,10.910,5.090,5.820,0.41630,0.70200,0.44362,6.172,0.69072,0.55480,11.408,2026-05,False,1.04564,1.4814,3.0471
2250706,2026-05-21,2026-05,ATL,MIA,823864,9,3,games,5,2,games,,,,7.5,0.1621,0.1697,47.14,36.65,56.26,0.46860,4.377,0.48510,0.63460,8.210,4.280,3.930,0.50210,0.50220,0.47879,4.577,0.51125,0.63460,8.585,2026-05,False,1.04564,1.4814,3.0471
2250707,2026-05-21,2026-05,TOR,NYY,823545,2,0,games,1,0,games,,,,8.5,0.1612,0.1682,39.46,44.42,47.05,0.40290,4.278,0.40410,0.57240,7.960,3.730,4.240,0.42220,0.39990,0.43400,4.473,0.42910,0.57240,8.323,2026-05,False,1.04564,1.4814,3.0471
2250708,2026-05-21,2026-05,ATH,LAA,824031,3,2,games,0,2,games,,,,8.5,0.1635,0.1720,41.78,41.88,49.94,0.38470,4.508,0.43540,0.54800,8.480,3.820,4.660,0.39350,0.44550,0.42140,4.714,0.46211,0.54800,8.867,2026-05,False,1.04564,1.4814,3.0471
2250709,2026-05-22,2026-05,HOU,CHC,824679,4,2,games,4,0,games,3.5,0.5,+108,7.0,0.1582,0.1632,41.97,42.21,49.86,0.47530,4.543,0.50700,0.63680,8.440,4.420,4.020,0.50560,0.57540,0.48332,4.750,0.53411,0.63680,8.825,2026-05,False,1.04564,1.4814,3.0471
2250710,2026-05-23,2026-05,STL,CIN,824518,8,1,games,3,1,games,4.5,0.5,-104,9.5,0.1442,0.1399,47.15,38.43,55.09,0.46940,5.056,0.38430,0.62070,9.400,4.870,4.520,0.49930,0.43190,0.47933,5.287,0.41353,0.62070,9.829,2026-05,False,1.04564,1.4814,3.0471
2250711,2026-05-22,2026-05,CLE,PHI,823461,1,0,games,0,0,games,3.5,0.5,+156,6.5,0.1562,0.1598,42.06,42.32,49.85,0.37350,4.652,0.58790,0.53460,8.700,3.850,4.850,0.38160,0.64810,0.41359,4.864,0.61479,0.53460,9.097,2026-05,False,1.04564,1.4814,3.0471
2250712,2026-05-22,2026-05,TB,NYY,823546,4,2,games,0,1,games,4.5,0.5,+120,7.5,0.1549,0.1577,46.50,38.01,55.02,0.45690,4.508,0.50320,0.61960,8.370,4.310,4.060,0.49270,0.51620,0.47087,4.714,0.53011,0.61960,8.752,2026-05,False,1.04564,1.4814,3.0471
2250713,2026-05-22,2026-05,PIT,TOR,822816,2,6,games,1,3,games,4.5,0.5,+140,8.0,0.1571,0.1614,39.70,44.59,47.10,0.36330,4.843,0.47840,0.51860,9.100,3.950,5.150,0.36850,0.53690,0.40643,5.064,0.50733,0.51860,9.515,2026-05,False,1.04564,1.4814,3.0471
2250714,2026-05-22,2026-05,MIN,BOS,824761,8,6,games,3,6,games,3.5,0.5,+114,7.0,0.1915,0.2188,37.58,43.27,46.48,0.35330,3.790,0.40400,0.53820,7.190,3.060,4.120,0.36380,0.45960,0.39937,3.963,0.42613,0.53820,7.518,2026-05,False,1.04564,1.4814,3.0471
2250715,2026-05-22,2026-05,NYM,MIA,823863,1,2,games,1,2,games,4.5,0.5,-106,8.0,0.1654,0.1751,44.20,39.27,52.95,0.47420,4.428,0.42420,0.63870,8.260,4.320,3.940,0.50340,0.46480,0.48258,4.630,0.45033,0.63870,8.637,2026-05,False,1.04564,1.4814,3.0471
2250716,2026-05-22,2026-05,DET,BAL,824842,4,7,games,4,6,games,4.5,0.5,+104,8.0,0.1462,0.1432,42.32,43.06,49.57,0.38550,5.281,0.53100,0.53320,9.800,4.370,5.420,0.38690,0.59140,0.42196,5.522,0.56233,0.53320,10.247,2026-05,False,1.04564,1.4814,3.0471
2250717,2026-05-22,2026-05,WSH,ATL,824922,4,5,games,0,0,games,4.5,0.5,+146,8.5,0.1568,0.1608,29.32,55.00,34.77,0.34550,4.368,0.41620,0.51130,8.270,3.430,4.830,0.34360,0.42640,0.39382,4.567,0.44188,0.51130,8.647,2026-05,False,1.04564,1.4814,3.0471
2250718,2026-05-22,2026-05,SEA,KC,824110,2,0,games,0,0,games,3.5,-0.5,-120,8.0,0.1623,0.1700,43.96,39.81,52.48,0.44540,4.879,0.48250,0.60020,9.110,4.530,4.590,0.46470,0.53870,0.46306,5.102,0.51165,0.60020,9.526,2026-05,False,1.04564,1.4814,3.0471
2250719,2026-05-22,2026-05,LAD,MIL,823788,1,5,games,0,5,games,4.5,0.5,-104,8.5,0.1701,0.1830,45.52,37.47,54.85,0.45160,4.173,0.38940,0.62290,7.710,3.910,3.790,0.48220,0.37580,0.46727,4.363,0.41357,0.62290,8.062,2026-05,False,1.04564,1.4814,3.0471
2250720,2026-05-22,2026-05,TEX,LAA,824029,6,9,games,3,6,games,3.5,-0.5,-174,7.5,0.1671,0.1781,47.02,36.26,56.46,0.46270,4.276,0.47190,0.63130,8.030,4.170,3.860,0.49920,0.48480,0.47480,4.471,0.49743,0.63130,8.396,2026-05,False,1.04564,1.4814,3.0471
2250721,2026-05-22,2026-05,ATH,SD,823298,3,7,games,3,3,games,4.5,0.5,-108,7.5,0.1698,0.1825,45.60,37.43,54.92,0.43210,4.165,0.45690,0.60430,7.820,3.860,3.960,0.46010,0.46550,0.45401,4.355,0.48171,0.60430,8.177,2026-05,False,1.04564,1.4814,3.0471
2250722,2026-05-22,2026-05,CWS,SF,823223,9,4,games,9,3,games,3.5,-0.5,-118,7.5,0.1813,0.2018,41.52,40.34,50.72,0.40780,3.708,0.39280,0.59530,7.110,3.400,3.710,0.43820,0.39680,0.43737,3.877,0.41430,0.59530,7.435,2026-05,False,1.04564,1.4814,3.0471
2250724,2026-05-23,2026-05,HOU,CHC,824674,3,0,games,3,0,games,3.5,0.5,-1400,7.0,0.1575,0.1620,46.53,37.73,55.22,0.48220,4.886,0.54960,0.63720,9.020,4.760,4.270,0.51190,0.62140,0.48798,5.109,0.57841,0.63720,9.432,2026-05,False,1.04564,1.4814,3.0471
2250725,2026-05-23,2026-05,PIT,TOR,822814,2,5,games,0,1,games,1.5,0.5,-188,7.5,0.1632,0.1716,50.85,32.82,60.78,0.49640,4.273,0.47050,0.66390,8.020,4.410,3.610,0.54490,0.48320,0.49757,4.468,0.49601,0.66390,8.386,2026-05,False,1.04564,1.4814,3.0471
2250726,2026-05-24,2026-05,DET,BAL,824840,4,1,games,4,1,games,4.5,0.5,-106,8.0,0.1500,0.1496,52.52,32.48,61.79,0.52320,5.265,0.52840,0.66950,9.670,5.410,4.270,0.56260,0.58200,0.51567,5.505,0.55966,0.66950,10.111,2026-05,False,1.04564,1.4814,3.0471
2250727,2026-05-23,2026-05,CLE,PHI,823458,0,3,games,0,2,games,3.5,0.5,+172,7.0,0.1585,0.1638,33.12,51.02,39.36,0.32070,4.760,0.53350,0.47620,8.910,3.530,5.380,0.31450,0.61180,0.37598,4.977,0.56173,0.47620,9.317,2026-05,False,1.04564,1.4814,3.0471
2250728,2026-05-23,2026-05,CWS,SF,823222,3,10,games,3,9,games,4.5,0.5,-112,9.0,0.1665,0.1770,46.11,37.24,55.32,0.44640,4.316,0.35240,0.61400,8.180,4.120,4.060,0.47530,0.37320,0.46374,4.513,0.37668,0.61400,8.553,2026-05,False,1.04564,1.4814,3.0471
2250729,2026-05-23,2026-05,SEA,KC,824109,0,5,games,0,4,games,4.5,-0.5,-132,8.5,0.1677,0.1790,41.70,41.54,50.10,0.40770,4.507,0.43510,0.57250,8.460,3.960,4.500,0.42120,0.44390,0.43730,4.713,0.46180,0.57250,8.846,2026-05,False,1.04564,1.4814,3.0471
2250730,2026-05-23,2026-05,MIN,BOS,824760,4,2,games,4,1,games,5.5,-1.5,-480,7.5,0.1774,0.1953,41.73,40.52,50.74,0.39470,4.086,0.44580,0.57000,7.670,3.530,4.140,0.41100,0.45170,0.42834,4.272,0.47008,0.57000,8.020,2026-05,False,1.04564,1.4814,3.0471
2250731,2026-05-23,2026-05,WSH,ATL,824920,2,0,games,2,0,games,4.5,0.5,+196,8.5,0.1579,0.1627,36.34,47.87,43.16,0.36380,5.012,0.49820,0.51610,9.410,4.030,5.380,0.35940,0.52250,0.40678,5.241,0.52813,0.51610,9.839,2026-05,False,1.04564,1.4814,3.0471
2250732,2026-05-23,2026-05,NYM,MIA,823862,1,4,games,0,4,games,3.5,0.5,+126,8.0,0.1682,0.1799,39.19,43.99,47.12,0.40390,4.171,0.38970,0.57570,7.840,3.650,4.190,0.41830,0.42810,0.43469,4.361,0.41386,0.57570,8.198,2026-05,False,1.04564,1.4814,3.0471
2250733,2026-05-23,2026-05,STL,CIN,824516,6,7,games,3,1,games,5.5,0.5,-112,10.0,0.1448,0.1409,48.97,36.55,57.26,0.52220,5.913,0.48290,0.65840,10.880,6.030,4.850,0.55420,0.51050,0.51499,6.183,0.51822,0.65840,11.377,2026-05,False,1.04564,1.4814,3.0471
2250734,2026-05-23,2026-05,LAD,MIL,823787,11,3,games,4,3,games,4.5,-0.5,-124,8.5,0.1556,0.1588,40.94,43.50,48.49,0.41600,5.040,0.50230,0.56800,9.240,4.340,4.900,0.42260,0.51100,0.44300,5.270,0.53238,0.56800,9.662,2026-05,False,1.04564,1.4814,3.0471
2250735,2026-05-23,2026-05,ATH,SD,823300,0,2,games,0,2,games,4.5,-0.5,-142,8.0,0.1748,0.1909,44.06,38.46,53.40,0.43280,3.923,0.35530,0.61210,7.400,3.680,3.720,0.46530,0.38640,0.45449,4.102,0.37741,0.61210,7.738,2026-05,False,1.04564,1.4814,3.0471
2250736,2026-05-23,2026-05,TEX,LAA,824030,2,5,games,1,3,games,3.5,-0.5,-145,7.5,0.1642,0.1731,44.82,38.76,53.62,0.42310,4.277,0.47270,0.59320,8.050,3.900,4.140,0.44680,0.48600,0.44786,4.472,0.49824,0.59320,8.417,2026-05,False,1.04564,1.4814,3.0471
2250737,2026-05-24,2026-05,PIT,TOR,822813,4,1,games,2,1,games,3.5,0.5,+144,7.5,0.1643,0.1734,43.44,40.12,51.98,0.42250,4.441,0.49380,0.58720,8.350,4.050,4.300,0.44800,0.51370,0.44745,4.644,0.52033,0.58720,8.731,2026-05,False,1.04564,1.4814,3.0471
2250738,2026-05-24,2026-05,DET,BAL,824839,3,5,games,4,1,games,4.5,0.5,-104,8.0,0.1487,0.1474,52.87,32.26,62.10,0.43630,5.447,0.55160,0.58040,10.060,4.890,5.170,0.44860,0.61050,0.45687,5.696,0.58367,0.58040,10.519,2026-05,False,1.04564,1.4814,3.0471
2250739,2026-05-24,2026-05,MIN,BOS,824759,6,5,games,3,4,games,3.5,0.5,+132,7.0,0.1791,0.1981,43.83,38.26,53.39,0.43260,4.164,0.45680,0.60550,7.800,3.840,3.970,0.45660,0.51940,0.45435,4.354,0.48160,0.60550,8.156,2026-05,False,1.04564,1.4814,3.0471
2250740,2026-05-24,2026-05,CLE,PHI,823459,3,1,games,1,0,games,3.5,-0.5,-112,7.0,0.1567,0.1606,48.18,36.16,57.13,0.48180,5.042,0.56760,0.63290,9.360,4.950,4.400,0.51590,0.64610,0.48771,5.272,0.59708,0.63290,9.787,2026-05,False,1.04564,1.4814,3.0471
2250741,2026-05-24,2026-05,TB,NYY,823544,0,2,games,0,0,games,3.5,0.5,+108,7.0,0.1601,0.1663,39.64,44.35,47.20,0.38830,4.367,0.48460,0.55530,8.160,3.730,4.420,0.40530,0.55010,0.42390,4.566,0.51069,0.55530,8.532,2026-05,False,1.04564,1.4814,3.0471
2250743,2026-05-24,2026-05,NYM,MIA,823861,0,4,games,0,0,games,4.5,0.5,+102,7.5,0.1672,0.1783,38.75,44.53,46.53,0.40160,4.301,0.47540,0.57090,8.050,3.730,4.330,0.41360,0.48580,0.43310,4.497,0.50108,0.57090,8.417,2026-05,False,1.04564,1.4814,3.0471
2250744,2026-05-24,2026-05,SEA,KC,824108,6,8,games,1,4,games,4.5,-0.5,-135,8.5,0.1622,0.1698,48.37,35.41,57.73,0.47020,4.682,0.45690,0.62970,8.730,4.530,4.210,0.49820,0.46750,0.47987,4.896,0.48480,0.62970,9.128,2026-05,False,1.04564,1.4814,3.0471
2250745,2026-05-24,2026-05,LAD,MIL,823786,5,1,games,5,1,games,4.5,-0.5,-168,8.0,0.1551,0.1581,48.11,36.38,56.94,0.48460,4.793,0.47190,0.64110,8.770,4.640,4.130,0.51390,0.51060,0.48960,5.012,0.50052,0.64110,9.170,2026-05,False,1.04564,1.4814,3.0471
2250746,2026-05-24,2026-05,HOU,CHC,824676,8,5,games,7,3,games,3.5,0.5,+136,7.0,0.1714,0.1851,41.84,41.02,50.49,0.43660,4.227,0.46600,0.60710,7.900,3.900,4.000,0.46100,0.52890,0.45708,4.420,0.49122,0.60710,8.261,2026-05,False,1.04564,1.4814,3.0471
2250747,2026-05-24,2026-05,CWS,SF,823220,5,8,games,4,8,games,6.5,0.5,+1400,8.0,0.1608,0.1676,48.01,35.91,57.21,0.43310,4.339,0.41290,0.60060,8.230,4.050,4.180,0.45830,0.46340,0.45469,4.537,0.43837,0.60060,8.606,2026-05,False,1.04564,1.4814,3.0471
2250748,2026-05-24,2026-05,ATH,SD,823297,5,2,games,4,0,games,4.5,-2.5,+140,7.5,0.1713,0.1850,37.20,45.67,44.89,0.36620,3.935,0.42490,0.54660,7.460,3.270,4.190,0.37960,0.43150,0.40847,4.115,0.44811,0.54660,7.800,2026-05,False,1.04564,1.4814,3.0471
2250749,2026-05-24,2026-05,WSH,ATL,824921,2,1,games,1,0,games,1.5,0.5,+116,8.0,0.1673,0.1784,40.93,42.33,49.16,0.39170,4.301,0.40780,0.56100,8.120,3.690,4.420,0.40260,0.45340,0.42626,4.497,0.43298,0.56100,8.491,2026-05,False,1.04564,1.4814,3.0471
2250750,2026-05-24,2026-05,TEX,LAA,824028,1,2,games,1,1,games,4.5,0.5,-102,7.5,0.1589,0.1643,39.66,44.46,47.15,0.42870,4.762,0.53520,0.58690,8.920,4.340,4.580,0.44950,0.56220,0.45169,4.979,0.56343,0.58690,9.327,2026-05,False,1.04564,1.4814,3.0471
2250751,2026-05-25,2026-05,TB,BAL,824838,7,9,games,0,0,games,3.5,-0.5,-120,7.5,0.1612,0.1682,48.36,35.51,57.66,0.48210,4.694,0.52670,0.64060,8.750,4.660,4.090,0.51810,0.54800,0.48791,4.908,0.55460,0.64060,9.149,2026-05,False,1.04564,1.4814,3.0471
2250752,2026-05-25,2026-05,MIN,CWS,824598,1,3,games,1,3,games,4.5,-0.5,-122,8.0,0.1634,0.1718,49.64,34.02,59.34,0.48940,3.989,0.36480,0.66420,7.540,4.080,3.460,0.53070,0.40070,0.49284,4.171,0.38747,0.66420,7.884,2026-05,False,1.04564,1.4814,3.0471
2250753,2026-05-25,2026-05,STL,MIL,823784,1,5,games,0,3,games,3.5,0.5,+180,7.5,0.1655,0.1754,33.14,50.31,39.72,0.31450,4.180,0.45870,0.48470,7.860,3.100,4.760,0.31520,0.46840,0.37146,4.371,0.48361,0.48470,8.219,2026-05,False,1.04564,1.4814,3.0471
2250754,2026-05-25,2026-05,NYY,KC,824107,4,3,games,2,1,games,4.5,-0.5,-132,8.5,0.1655,0.1754,41.90,41.55,50.21,0.41040,4.577,0.44430,0.57300,8.510,3.960,4.550,0.41690,0.44850,0.43916,4.786,0.47149,0.57300,8.898,2026-05,False,1.04564,1.4814,3.0471
2250755,2026-05-25,2026-05,CIN,NYM,823625,7,2,games,7,0,games,3.5,0.5,+124,7.5,0.1574,0.1618,36.46,47.80,43.27,0.35730,5.047,0.56840,0.50770,9.360,3.980,5.380,0.35530,0.59690,0.40220,5.277,0.59789,0.50770,9.787,2026-05,False,1.04564,1.4814,3.0471
2250756,2026-05-25,2026-05,WSH,CLE,824437,10,2,games,8,2,games,4.5,0.5,-4000,8.5,0.1659,0.1761,36.44,46.97,43.68,0.40060,4.081,0.37820,0.57670,7.740,3.610,4.140,0.41880,0.37990,0.43241,4.267,0.40165,0.57670,8.093,2026-05,False,1.04564,1.4814,3.0471
2250757,2026-05-25,2026-05,CHC,PIT,823380,1,2,games,1,1,games,4.5,-0.5,-128,8.0,0.1606,0.1672,47.06,36.88,56.06,0.48470,4.622,0.45000,0.64390,8.600,4.530,4.070,0.50990,0.49500,0.48967,4.833,0.47750,0.64390,8.993,2026-05,False,1.04564,1.4814,3.0471
2250758,2026-05-25,2026-05,PHI,SD,823296,3,0,games,1,0,games,1.5,-0.5,-122,7.0,0.1644,0.1736,50.49,33.07,60.43,0.50730,4.635,0.51810,0.66580,8.570,4.710,3.860,0.54450,0.58500,0.50493,4.847,0.54570,0.66580,8.961,2026-05,False,1.04564,1.4814,3.0471
2250759,2026-05-25,2026-05,HOU,TEX,822899,9,0,games,4,0,games,2.5,-0.5,-400,8.0,0.1718,0.1859,36.36,46.46,43.90,0.38080,4.675,0.45700,0.54100,8.750,3.900,4.860,0.38600,0.50870,0.41869,4.888,0.48486,0.54100,9.149,2026-05,False,1.04564,1.4814,3.0471
2250760,2026-05-25,2026-05,MIA,TOR,822812,8,2,games,2,1,games,4.5,0.5,-340,7.5,0.1627,0.1707,36.94,46.79,44.11,0.34730,4.546,0.50700,0.50920,8.550,3.590,4.960,0.34970,0.53010,0.39511,4.753,0.53412,0.50920,8.940,2026-05,False,1.04564,1.4814,3.0471
2250761,2026-05-25,2026-05,COL,LAD,823948,3,5,games,2,1,games,4.5,1.5,+220,8.5,0.1527,0.1540,33.92,50.82,40.03,0.38620,5.539,0.56020,0.52920,10.250,4.620,5.630,0.39280,0.58760,0.42244,5.792,0.59268,0.52920,10.718,2026-05,False,1.04564,1.4814,3.0471
2250762,2026-05-25,2026-05,SEA,ATH,825005,9,2,games,7,0,games,5.5,-0.5,-120,10.5,0.1398,0.1325,40.18,45.84,46.71,0.42560,6.436,0.48660,0.55540,11.870,5.620,6.250,0.42970,0.54520,0.44957,6.730,0.52504,0.55540,12.412,2026-05,False,1.04564,1.4814,3.0471
2250763,2026-05-26,2026-05,WSH,CLE,824434,6,3,games,4,1,games,3.5,0.5,-106,7.5,0.1677,0.1790,41.76,41.47,50.17,0.40940,4.339,0.48050,0.57680,8.210,3.860,4.340,0.42620,0.50120,0.43847,4.537,0.50642,0.57680,8.585,2026-05,False,1.04564,1.4814,3.0471
2250764,2026-05-26,2026-05,TB,BAL,824837,1,6,games,1,6,games,4.5,-0.5,-118,8.5,0.1527,0.1540,44.49,40.24,52.51,0.44570,5.062,0.50530,0.59700,9.420,4.700,4.720,0.46980,0.52500,0.46327,5.293,0.53550,0.59700,9.850,2026-05,False,1.04564,1.4814,3.0471
2250765,2026-05-26,2026-05,LAA,DET,824275,10,6,games,4,5,games,4.5,0.5,-100,9.0,0.1712,0.1849,37.47,45.41,45.21,0.37320,4.231,0.34180,0.54440,7.970,3.530,4.440,0.38540,0.35590,0.41338,4.424,0.36535,0.54440,8.334,2026-05,False,1.04564,1.4814,3.0471
2250766,2026-05-26,2026-05,CHC,PIT,823379,1,12,games,1,8,games,4.5,0.5,+118,8.0,0.1603,0.1667,39.93,44.05,47.55,0.35550,5.018,0.49930,0.50670,9.400,3.930,5.470,0.34390,0.56100,0.40092,5.247,0.52926,0.50670,9.829,2026-05,False,1.04564,1.4814,3.0471
2250767,2026-05-26,2026-05,ATL,BOS,824758,7,6,games,2,2,games,4.5,-0.5,-116,8.0,0.1825,0.2038,40.63,41.11,49.70,0.38570,4.024,0.36950,0.56310,7.590,3.430,4.150,0.39940,0.40460,0.42210,4.208,0.39246,0.56310,7.936,2026-05,False,1.04564,1.4814,3.0471
2250768,2026-05-26,2026-05,MIA,TOR,822811,1,8,games,1,2,games,3.5,0.5,+102,7.5,0.1624,0.1702,37.80,45.96,45.13,0.35360,4.444,0.49460,0.51850,8.360,3.560,4.800,0.35760,0.51400,0.39958,4.647,0.52114,0.51850,8.742,2026-05,False,1.04564,1.4814,3.0471
2250769,2026-05-26,2026-05,CIN,NYM,823624,7,2,games,5,0,games,3.5,-0.5,-142,7.5,0.1566,0.1605,51.92,32.43,61.55,0.52530,4.967,0.55900,0.67670,9.130,5.160,3.970,0.56880,0.57820,0.51709,5.194,0.58817,0.67670,9.547,2026-05,False,1.04564,1.4814,3.0471
2250770,2026-05-26,2026-05,MIN,CWS,824597,5,3,games,2,0,games,3.5,-0.5,-138,7.5,0.1668,0.1775,47.56,35.77,57.08,0.48040,4.063,0.44240,0.65450,7.660,4.080,3.590,0.51770,0.45080,0.48677,4.248,0.46652,0.65450,8.010,2026-05,False,1.04564,1.4814,3.0471
2250771,2026-05-26,2026-05,NYY,KC,824106,15,1,games,10,1,games,4.5,-0.5,-215,8.5,0.1620,0.1696,52.01,31.79,62.07,0.49440,4.426,0.42350,0.65800,8.180,4.390,3.800,0.52410,0.41870,0.49622,4.628,0.44961,0.65800,8.553,2026-05,False,1.04564,1.4814,3.0471
2250772,2026-05-26,2026-05,STL,MIL,823785,0,6,games,0,6,games,4.5,0.5,+154,8.0,0.1722,0.1866,39.76,43.02,48.03,0.39390,3.993,0.36600,0.57180,7.520,3.500,4.020,0.41940,0.39800,0.42778,4.175,0.38872,0.57180,7.863,2026-05,False,1.04564,1.4814,3.0471
2250773,2026-05-26,2026-05,HOU,TEX,822898,7,10,games,4,9,games,4.5,0.5,+114,8.0,0.1715,0.1854,37.44,45.40,45.20,0.39130,4.670,0.45630,0.55180,8.730,3.960,4.770,0.39990,0.50670,0.42598,4.883,0.48412,0.55180,9.128,2026-05,False,1.04564,1.4814,3.0471
2250774,2026-05-26,2026-05,SEA,ATH,825004,4,1,games,4,0,games,5.5,0.5,-110,9.5,0.1458,0.1425,45.58,39.85,53.35,0.44690,5.532,0.44100,0.59090,10.250,5.070,5.180,0.46410,0.49940,0.46408,5.784,0.47386,0.59090,10.718,2026-05,False,1.04564,1.4814,3.0471
2250775,2026-05-26,2026-05,PHI,SD,823294,4,3,games,4,2,games,4.5,0.5,-112,7.5,0.1685,0.1804,36.89,46.25,44.37,0.37500,4.535,0.50680,0.53770,8.470,3.730,4.740,0.37940,0.52370,0.41464,4.742,0.53386,0.53770,8.857,2026-05,False,1.04564,1.4814,3.0471
2250776,2026-05-26,2026-05,COL,LAD,823949,6,15,games,1,10,games,5.5,0.5,+164,9.0,0.1467,0.1441,32.67,52.66,38.29,0.38470,5.825,0.53270,0.52310,10.780,4.840,5.950,0.38800,0.58190,0.42140,6.091,0.56722,0.52310,11.272,2026-05,False,1.04564,1.4814,3.0471
2250777,2026-05-27,2026-05,MIA,TOR,822809,1,2,games,1,1,games,3.5,0.5,-440,7.5,0.1629,0.1711,40.16,43.55,47.97,0.38030,4.552,0.50790,0.54330,8.550,3.830,4.710,0.39280,0.53060,0.41834,4.760,0.53506,0.54330,8.940,2026-05,False,1.04564,1.4814,3.0471
2250778,2026-05-27,2026-05,WSH,CLE,824432,2,3,games,1,3,games,4.5,0.5,+148,8.0,0.1644,0.1735,38.12,45.44,45.62,0.38280,4.232,0.39810,0.55370,8.000,3.590,4.420,0.39270,0.44230,0.42008,4.425,0.42274,0.55370,8.365,2026-05,False,1.04564,1.4814,3.0471
2250779,2026-05-27,2026-05,STL,MIL,823783,1,2,games,1,0,games,1.5,0.5,+126,8.0,0.1616,0.1688,36.94,46.90,44.06,0.36990,4.432,0.42480,0.53480,8.300,3.670,4.640,0.38190,0.46880,0.41107,4.634,0.45096,0.53480,8.679,2026-05,False,1.04564,1.4814,3.0471
2250780,2026-05-27,2026-05,SEA,ATH,825003,9,1,games,5,0,games,4.5,-2.5,-1600,9.0,0.1502,0.1499,41.10,43.88,48.37,0.44410,5.619,0.51050,0.58660,10.410,5.130,5.280,0.45780,0.55550,0.46218,5.875,0.54399,0.58660,10.885,2026-05,False,1.04564,1.4814,3.0471
2250781,2026-05-27,2026-05,PHI,SD,823295,3,0,games,0,0,games,3.5,-0.5,-205,7.0,0.1826,0.2038,46.20,35.54,56.52,0.47810,3.980,0.43110,0.65450,7.430,3.960,3.470,0.51850,0.48440,0.48521,4.162,0.45463,0.65450,7.769,2026-05,False,1.04564,1.4814,3.0471
2250782,2026-05-27,2026-05,TB,BAL,824836,2,11,games,0,8,games,4.5,-0.5,-120,9.5,0.1533,0.1551,46.72,37.95,55.18,0.43930,5.015,0.38090,0.59190,9.330,4.610,4.720,0.46230,0.42690,0.45891,5.244,0.40982,0.59190,9.756,2026-05,False,1.04564,1.4814,3.0471
2250783,2026-05-27,2026-05,LAA,DET,824270,0,4,games,0,3,games,3.5,-0.5,-112,7.5,0.1605,0.1671,45.84,38.11,54.60,0.37030,3.841,0.41170,0.55390,7.280,3.230,4.050,0.38790,0.41370,0.41135,4.016,0.43422,0.55390,7.612,2026-05,False,1.04564,1.4814,3.0471
2250784,2026-05-27,2026-05,CHC,PIT,823376,10,4,games,4,4,games,4.5,0.5,-102,8.5,0.1499,0.1494,41.82,43.19,49.19,0.41300,5.134,0.51360,0.56330,9.570,4.450,5.120,0.41630,0.53700,0.44095,5.368,0.54419,0.56330,10.007,2026-05,False,1.04564,1.4814,3.0471
2250785,2026-05-27,2026-05,ATL,BOS,824756,0,8,games,0,6,games,4.5,0.5,-106,8.0,0.1902,0.2165,39.62,41.37,48.92,0.44740,4.130,0.38370,0.62010,7.740,3.900,3.840,0.47590,0.41850,0.46442,4.318,0.40752,0.62010,8.093,2026-05,False,1.04564,1.4814,3.0471
2250786,2026-05-27,2026-05,CIN,NYM,823626,2,4,games,1,3,games,4.5,0.5,-106,8.5,0.1662,0.1765,36.44,46.94,43.71,0.34910,4.440,0.42570,0.51360,8.300,3.490,4.810,0.35090,0.42890,0.39639,4.643,0.45191,0.51360,8.679,2026-05,False,1.04564,1.4814,3.0471
2250787,2026-05-27,2026-05,MIN,CWS,824596,2,15,games,1,8,games,4.5,0.5,-112,8.0,0.1715,0.1853,40.56,42.29,48.95,0.45930,4.365,0.41490,0.62550,8.210,4.190,4.020,0.48570,0.46300,0.47249,4.564,0.44055,0.62550,8.585,2026-05,False,1.04564,1.4814,3.0471
2250788,2026-05-27,2026-05,NYY,KC,824104,7,0,games,2,0,games,4.5,-0.5,-152,8.5,0.1547,0.1573,48.30,36.23,57.14,0.44510,5.030,0.50120,0.59730,9.280,4.550,4.720,0.45470,0.51370,0.46286,5.260,0.53122,0.59730,9.704,2026-05,False,1.04564,1.4814,3.0471
2250789,2026-05-27,2026-05,HOU,TEX,822897,4,3,games,2,2,games,3.5,0.5,+128,7.0,0.1852,0.2082,39.33,42.15,48.27,0.38330,4.345,0.48160,0.55140,8.170,3.670,4.510,0.39240,0.55160,0.42043,4.543,0.50756,0.55140,8.543,2026-05,False,1.04564,1.4814,3.0471
2250790,2026-05-27,2026-05,COL,LAD,823947,1,4,games,1,3,games,4.5,1.5,+285,8.0,0.1670,0.1778,31.47,51.83,37.78,0.33760,4.435,0.42440,0.50190,8.320,3.440,4.880,0.34140,0.46980,0.38818,4.637,0.45057,0.50190,8.700,2026-05,False,1.04564,1.4814,3.0471
2250791,2026-05-28,2026-05,LAA,DET,824272,7,1,games,3,1,games,,,,8.5,0.1595,0.1654,45.51,38.54,54.15,0.44520,4.707,0.45960,0.60450,8.780,4.400,4.390,0.47000,0.47200,0.46293,4.922,0.48766,0.60450,9.181,2026-05,False,1.04564,1.4814,3.0471
2250792,2026-05-28,2026-05,MIN,CWS,824595,2,6,games,1,6,games,,,,8.0,0.1712,0.1849,40.04,42.84,48.31,0.33040,4.672,0.45530,0.48840,8.840,3.520,5.310,0.31640,0.51500,0.38300,4.885,0.48313,0.48840,9.243,2026-05,False,1.04564,1.4814,3.0471
2250793,2026-05-28,2026-05,ATL,BOS,824757,10,2,games,2,2,games,,,,6.5,0.1881,0.2130,39.53,41.66,48.68,0.39020,3.707,0.45980,0.57730,7.020,3.230,3.790,0.41160,0.49950,0.42522,3.876,0.48189,0.57730,7.340,2026-05,False,1.04564,1.4814,3.0471
2250794,2026-05-28,2026-05,TOR,BAL,824834,2,1,games,1,1,games,,,,8.5,0.1498,0.1493,45.91,39.11,54.00,0.45490,5.513,0.55700,0.59900,10.180,5.120,5.060,0.47370,0.58360,0.46951,5.765,0.58938,0.59900,10.645,2026-05,False,1.04564,1.4814,3.0471
2250795,2026-05-28,2026-05,CHC,PIT,823378,7,2,games,1,0,games,,,,7.5,0.1586,0.1639,35.21,48.93,41.85,0.35110,4.702,0.52660,0.50950,8.840,3.670,5.170,0.34230,0.55450,0.39781,4.917,0.55455,0.50950,9.243,2026-05,False,1.04564,1.4814,3.0471
2250796,2026-05-28,2026-05,HOU,TEX,822896,5,1,games,5,1,games,,,,7.0,0.1804,0.2001,39.30,42.67,47.95,0.43920,3.775,0.40230,0.62260,7.130,3.590,3.550,0.47380,0.45440,0.45885,3.947,0.42432,0.62260,7.455,2026-05,False,1.04564,1.4814,3.0471
2250797,2026-05-29,2026-05,ATL,CIN,824515,8,3,games,4,3,games,,,,9.5,0.1396,0.1322,52.57,33.47,61.10,0.49840,5.413,0.42710,0.64270,9.990,5.380,4.610,0.52960,0.47850,0.49892,5.660,0.45911,0.64270,10.446,2026-05,False,1.04564,1.4814,3.0471
2250798,2026-05-29,2026-05,SD,WSH,822732,7,5,games,4,5,games,,,,9.5,0.1484,0.1468,47.73,37.43,56.05,0.48590,5.324,0.41730,0.63180,9.860,5.180,4.680,0.50830,0.46790,0.49048,5.567,0.44865,0.63180,10.310,2026-05,False,1.04564,1.4814,3.0471
2250799,2026-05-29,2026-05,MIN,PIT,823377,5,6,games,5,4,games,,,,8.0,0.1593,0.1650,43.17,40.90,51.35,0.45430,4.837,0.47710,0.61020,9.040,4.550,4.500,0.47440,0.53270,0.46910,5.058,0.50599,0.61020,9.453,2026-05,False,1.04564,1.4814,3.0471
2250800,2026-05-29,2026-05,TOR,BAL,824835,6,5,games,0,5,games,,,,9.0,0.1509,0.1510,46.60,38.31,54.88,0.47550,5.492,0.49590,0.61890,10.140,5.250,4.890,0.49790,0.53560,0.48345,5.743,0.52869,0.61890,10.603,2026-05,False,1.04564,1.4814,3.0471
2250801,2026-05-29,2026-05,BOS,CLE,824433,3,4,games,3,4,games,,,,8.0,0.1682,0.1799,43.55,39.63,52.36,0.44640,4.534,0.43890,0.60930,8.460,4.200,4.250,0.46510,0.48390,0.46374,4.741,0.46579,0.60930,8.846,2026-05,False,1.04564,1.4814,3.0471
2250802,2026-05-29,2026-05,LAA,TB,822978,5,8,games,2,1,games,,,,8.0,0.1678,0.1792,38.98,44.24,46.84,0.39840,4.194,0.39280,0.57010,7.930,3.660,4.270,0.41290,0.43590,0.43089,4.385,0.41714,0.57010,8.292,2026-05,False,1.04564,1.4814,3.0471
2250803,2026-05-29,2026-05,MIA,NYM,823623,7,9,games,4,6,games,,,,7.5,0.1686,0.1805,45.64,37.50,54.90,0.44760,4.456,0.49630,0.61240,8.320,4.210,4.110,0.47940,0.51130,0.46456,4.659,0.52291,0.61240,8.700,2026-05,False,1.04564,1.4814,3.0471
2250804,2026-05-29,2026-05,CHC,STL,823055,5,6,games,4,5,games,,,,7.5,0.1634,0.1718,43.90,39.76,52.48,0.41600,4.212,0.46390,0.58730,7.930,3.740,4.190,0.42870,0.47490,0.44300,4.404,0.48902,0.58730,8.292,2026-05,False,1.04564,1.4814,3.0471
2250805,2026-05-29,2026-05,DET,CWS,824594,3,4,games,2,1,games,,,,8.5,0.1638,0.1726,49.40,34.22,59.08,0.47830,4.341,0.41320,0.64520,8.140,4.280,3.860,0.50930,0.41610,0.48535,4.539,0.43869,0.64520,8.512,2026-05,False,1.04564,1.4814,3.0471
2250806,2026-05-29,2026-05,KC,TEX,822894,1,9,games,0,6,games,,,,7.5,0.1943,0.2234,42.32,38.25,52.52,0.44150,3.623,0.38030,0.63130,6.890,3.500,3.380,0.48260,0.37490,0.46041,3.788,0.40113,0.63130,7.204,2026-05,False,1.04564,1.4814,3.0471
2250807,2026-05-29,2026-05,MIL,HOU,824191,5,4,games,3,4,games,,,,8.5,0.1691,0.1814,46.07,37.02,55.45,0.45000,4.032,0.37100,0.62620,7.530,3.790,3.750,0.47380,0.35990,0.46619,4.216,0.39404,0.62620,7.874,2026-05,False,1.04564,1.4814,3.0471
2250808,2026-05-29,2026-05,SF,COL,824353,6,8,games,3,1,games,,,,10.5,0.1361,0.1263,49.22,37.18,56.97,0.49040,7.262,0.56700,0.61190,13.320,7.040,6.280,0.51390,0.63450,0.49352,7.593,0.60931,0.61190,13.928,2026-05,False,1.04564,1.4814,3.0471
2250809,2026-05-29,2026-05,NYY,ATH,825002,8,2,games,7,1,games,,,,9.5,0.1461,0.1430,48.90,36.49,57.27,0.48260,5.955,0.48860,0.61950,10.870,5.610,5.270,0.49640,0.54500,0.48825,6.227,0.52417,0.61950,11.366,2026-05,False,1.04564,1.4814,3.0471
2250810,2026-05-29,2026-05,PHI,LAD,823946,2,4,games,0,4,games,,,,8.0,0.1746,0.1905,43.31,39.24,52.46,0.45810,4.146,0.38660,0.63050,7.690,3.960,3.730,0.49200,0.41400,0.47168,4.335,0.41056,0.63050,8.041,2026-05,False,1.04564,1.4814,3.0471
2250811,2026-05-30,2026-05,DET,CWS,824593,1,7,games,1,2,games,,,,7.5,0.1568,0.1609,39.88,44.44,47.30,0.43160,4.341,0.48070,0.59940,8.190,3.970,4.220,0.44770,0.49890,0.45367,4.539,0.50663,0.59940,8.564,2026-05,False,1.04564,1.4814,3.0471
2250812,2026-05-30,2026-05,SD,WSH,822731,4,9,games,3,1,games,,,,7.5,0.1538,0.1559,41.25,43.37,48.74,0.43190,4.896,0.55090,0.58690,9.130,4.420,4.710,0.44680,0.57930,0.45387,5.119,0.57976,0.58690,9.547,2026-05,False,1.04564,1.4814,3.0471
2250813,2026-05-30,2026-05,KC,TEX,822893,6,7,games,0,3,games,,,,8.0,0.1856,0.2088,43.85,37.59,53.84,0.42310,4.340,0.41220,0.59090,8.160,3.950,4.210,0.44690,0.45690,0.44786,4.538,0.43767,0.59090,8.532,2026-05,False,1.04564,1.4814,3.0471
2250814,2026-05-30,2026-05,TOR,BAL,824833,5,6,games,2,1,games,,,,7.5,0.1585,0.1636,45.96,38.19,54.61,0.47690,4.824,0.54240,0.63280,8.950,4.700,4.260,0.50830,0.56430,0.48440,5.044,0.57093,0.63280,9.358,2026-05,False,1.04564,1.4814,3.0471
2250815,2026-05-30,2026-05,MIN,PIT,823375,9,10,games,7,8,games,,,,8.5,0.1632,0.1716,39.39,44.29,47.07,0.41310,4.558,0.44170,0.57550,8.580,4.040,4.540,0.42490,0.45410,0.44101,4.766,0.46876,0.57550,8.972,2026-05,False,1.04564,1.4814,3.0471
2250816,2026-05-30,2026-05,BOS,CLE,824431,9,1,games,1,1,games,,,,6.5,0.1769,0.1944,40.90,41.41,49.69,0.43060,4.185,0.52870,0.60280,7.860,3.840,4.030,0.45090,0.57920,0.45299,4.376,0.55357,0.60280,8.219,2026-05,False,1.04564,1.4814,3.0471
2250817,2026-05-30,2026-05,LAA,TB,822975,14,3,games,6,3,games,,,,7.0,0.1683,0.1800,40.16,43.01,48.29,0.41060,4.128,0.45180,0.58460,7.810,3.690,4.120,0.42860,0.51900,0.43930,4.316,0.47636,0.58460,8.166,2026-05,False,1.04564,1.4814,3.0471
2250818,2026-05-30,2026-05,MIA,NYM,823622,1,6,games,1,3,games,,,,7.0,0.1666,0.1772,43.94,39.40,52.72,0.42640,4.494,0.50150,0.59030,8.410,4.100,4.310,0.45120,0.57290,0.45012,4.699,0.52833,0.59030,8.794,2026-05,False,1.04564,1.4814,3.0471
2250819,2026-05-30,2026-05,MIL,HOU,824190,2,9,games,2,6,games,,,,9.0,0.1543,0.1566,38.08,46.50,45.02,0.36590,4.863,0.42100,0.52110,9.050,3.860,5.200,0.35650,0.44840,0.40826,5.085,0.44967,0.52110,9.463,2026-05,False,1.04564,1.4814,3.0471
2250820,2026-05-30,2026-05,CHC,STL,823054,6,1,games,1,1,games,,,,8.0,0.1617,0.1691,51.27,32.56,61.16,0.50060,4.246,0.39970,0.66840,7.910,4.320,3.600,0.53710,0.43360,0.50041,4.440,0.42445,0.66840,8.271,2026-05,False,1.04564,1.4814,3.0471
2250821,2026-05-30,2026-05,ATL,CIN,824513,5,2,games,3,2,games,,,,9.5,0.1406,0.1338,54.99,30.95,63.99,0.53510,5.405,0.42630,0.67870,9.930,5.650,4.270,0.57700,0.47330,0.52372,5.652,0.45825,0.67870,10.383,2026-05,False,1.04564,1.4814,3.0471
2250822,2026-05-30,2026-05,SF,COL,824352,3,8,games,0,5,games,,,,11.0,0.1415,0.1354,44.15,41.70,51.42,0.44700,6.877,0.53060,0.57270,12.660,6.300,6.360,0.47120,0.55750,0.46415,7.191,0.57134,0.57270,13.238,2026-05,False,1.04564,1.4814,3.0471
2250823,2026-05-30,2026-05,NYY,ATH,825000,4,6,games,1,2,games,,,,9.5,0.1517,0.1524,46.39,38.43,54.69,0.44780,5.579,0.44670,0.58990,10.240,5.010,5.230,0.45500,0.49820,0.46469,5.834,0.47989,0.58990,10.707,2026-05,False,1.04564,1.4814,3.0471
2250824,2026-05-30,2026-05,PHI,LAD,823945,4,3,games,1,2,games,,,,8.5,0.1565,0.1603,41.65,42.71,49.37,0.44650,5.007,0.49830,0.59870,9.200,4.580,4.620,0.46740,0.50680,0.46381,5.236,0.52820,0.59870,9.620,2026-05,False,1.04564,1.4814,3.0471
2250825,2026-05-31,2026-05,TOR,BAL,824832,5,9,games,0,6,games,4.5,0.5,+110,8.0,0.1606,0.1672,44.76,39.18,53.33,0.46960,4.670,0.45630,0.62840,8.690,4.530,4.170,0.50210,0.50330,0.47947,4.883,0.48412,0.62840,9.087,2026-05,False,1.04564,1.4814,3.0471
2250826,2026-05-31,2026-05,SD,WSH,822729,2,4,games,0,3,games,5.5,0.5,-110,9.0,0.1373,0.1284,42.20,44.06,48.92,0.45070,6.048,0.55610,0.58660,11.160,5.500,5.660,0.45860,0.60680,0.46666,6.324,0.59161,0.58660,11.669,2026-05,False,1.04564,1.4814,3.0471
2250827,2026-05-31,2026-05,MIN,PIT,823373,3,9,games,0,9,games,3.5,0.5,+130,7.5,0.1688,0.1809,42.33,40.79,50.92,0.43580,4.311,0.47660,0.60470,8.110,3.980,4.130,0.45630,0.49220,0.45653,4.508,0.50235,0.60470,8.480,2026-05,False,1.04564,1.4814,3.0471
2250828,2026-05-31,2026-05,BOS,CLE,824430,9,4,games,3,4,games,3.5,0.5,-100,7.0,0.1739,0.1894,43.10,39.51,52.17,0.47060,4.091,0.44720,0.64330,7.670,4.010,3.660,0.50430,0.50640,0.48014,4.278,0.47151,0.64330,8.020,2026-05,False,1.04564,1.4814,3.0471
2250829,2026-05-31,2026-05,LAA,TB,822976,2,5,games,1,3,games,4.5,0.5,+176,8.0,0.1593,0.1650,32.95,51.13,39.19,0.34930,4.366,0.41640,0.51660,8.260,3.460,4.790,0.35040,0.46510,0.39653,4.565,0.44207,0.51660,8.637,2026-05,False,1.04564,1.4814,3.0471
2250830,2026-05-31,2026-05,ATL,CIN,824512,4,6,games,2,4,games,4.5,-0.5,-122,8.5,0.1530,0.1545,47.35,37.35,55.90,0.45810,4.697,0.45930,0.61690,8.740,4.460,4.270,0.48560,0.46780,0.47168,4.911,0.48730,0.61690,9.139,2026-05,False,1.04564,1.4814,3.0471
2250831,2026-05-31,2026-05,MIA,NYM,823621,1,10,games,1,5,games,4.5,0.5,+136,7.5,0.1595,0.1653,39.35,44.70,46.82,0.36060,5.159,0.58100,0.50960,9.600,4.130,5.470,0.36170,0.61420,0.40453,5.394,0.61092,0.50960,10.038,2026-05,False,1.04564,1.4814,3.0471
2250832,2026-05-31,2026-05,DET,CWS,824592,1,2,games,1,0,games,4.5,0.5,+112,8.0,0.1658,0.1759,43.12,40.30,51.69,0.43970,4.221,0.39670,0.61040,7.970,3.940,4.030,0.46210,0.43990,0.45919,4.414,0.42126,0.61040,8.334,2026-05,False,1.04564,1.4814,3.0471
2250833,2026-05-31,2026-05,MIL,HOU,824187,2,0,games,2,0,games,3.5,-0.5,-240,7.5,0.1633,0.1716,51.85,31.83,61.96,0.52840,4.354,0.48140,0.69230,8.030,4.550,3.480,0.56880,0.48450,0.51918,4.553,0.50741,0.69230,8.396,2026-05,False,1.04564,1.4814,3.0471
2250834,2026-05-31,2026-05,KC,TEX,822895,3,6,games,0,6,games,3.5,0.5,-112,7.5,0.1854,0.2086,43.80,37.66,53.77,0.46240,3.933,0.42500,0.63990,7.440,3.890,3.550,0.50240,0.42920,0.47459,4.113,0.44820,0.63990,7.780,2026-05,False,1.04564,1.4814,3.0471
2250835,2026-05-31,2026-05,SF,COL,824354,19,6,games,11,5,games,6.5,-0.5,-118,11.0,0.1412,0.1349,46.67,39.21,54.34,0.45120,6.657,0.50950,0.57960,12.260,6.150,6.110,0.47900,0.53270,0.46700,6.961,0.54915,0.57960,12.820,2026-05,False,1.04564,1.4814,3.0471
2250836,2026-05-31,2026-05,NYY,ATH,825001,13,8,games,13,3,games,5.5,-0.5,-180,9.5,0.1347,0.1241,53.44,33.08,61.77,0.52560,6.523,0.54660,0.65470,11.820,6.440,5.380,0.54130,0.60810,0.51729,6.821,0.58503,0.65470,12.359,2026-05,False,1.04564,1.4814,3.0471
2250837,2026-05-31,2026-05,PHI,LAD,823944,1,9,games,0,6,games,4.5,1.5,+186,9.0,0.1560,0.1595,33.22,51.18,39.36,0.35830,5.055,0.44530,0.50940,9.340,3.970,5.370,0.35520,0.47250,0.40290,5.286,0.47535,0.50940,9.766,2026-05,False,1.04564,1.4814,3.0471
2250838,2026-05-31,2026-05,CHC,STL,823053,1,5,games,0,5,games,4.5,0.5,+108,8.5,0.1554,0.1586,45.84,38.62,54.27,0.41730,5.175,0.51870,0.56710,9.640,4.500,5.140,0.41810,0.54220,0.44389,5.411,0.54950,0.56710,10.080,2026-05,False,1.04564,1.4814,3.0471
2250839,2026-06-01,2026-06,DET,TB,822974,10,9,games,7,2,games,4.5,0.5,+136,8.0,0.1696,0.1822,47.01,36.03,56.61,0.41680,4.700,0.46000,0.57610,8.780,4.150,4.630,0.42890,0.51150,0.44678,4.773,0.46935,0.57610,8.916,2026-06,False,1.01551,1.572,3.0969
2250840,2026-06-01,2026-06,MIA,WSH,822730,7,3,games,1,3,games,4.5,0.5,+116,8.0,0.1436,0.1389,40.36,45.27,47.13,0.40390,5.440,0.54960,0.54770,10.170,4.690,5.470,0.40840,0.61850,0.43841,5.524,0.56037,0.54770,10.328,2026-06,False,1.01551,1.572,3.0969
2250841,2026-06-01,2026-06,KC,CIN,824510,9,2,games,6,1,games,5.5,0.5,+110,9.5,0.1483,0.1468,37.94,47.22,44.55,0.39910,5.186,0.40120,0.54770,9.650,4.450,5.200,0.41170,0.45280,0.43529,5.266,0.41127,0.54770,9.800,2026-06,False,1.01551,1.572,3.0969
2250842,2026-06-01,2026-06,CWS,MIN,823702,6,9,games,4,9,games,4.5,0.5,+140,8.0,0.1643,0.1733,36.72,46.85,43.94,0.34130,4.497,0.43370,0.50370,8.520,3.540,4.980,0.34340,0.48750,0.39693,4.567,0.44258,0.50370,8.652,2026-06,False,1.01551,1.572,3.0969
2250843,2026-06-01,2026-06,SF,MIL,823781,2,16,games,2,8,games,3.5,0.5,+108,7.5,0.1675,0.1787,38.28,44.97,45.98,0.37210,4.226,0.46440,0.54330,7.900,3.510,4.390,0.38770,0.47360,0.41755,4.292,0.47282,0.54330,8.023,2026-06,False,1.01551,1.572,3.0969
2250844,2026-06-01,2026-06,TEX,STL,823050,2,1,games,2,0,games,3.5,-0.5,-150,7.5,0.1661,0.1763,41.62,41.77,49.91,0.41380,4.142,0.45430,0.58690,7.830,3.720,4.110,0.43200,0.46740,0.44484,4.206,0.46253,0.58690,7.951,2026-06,False,1.01551,1.572,3.0969
2250845,2026-06-01,2026-06,COL,LAA,824027,9,8,games,3,6,games,4.5,0.5,+164,8.0,0.1483,0.1467,32.10,53.08,37.68,0.33850,5.396,0.54370,0.48120,10.120,4.160,5.960,0.33060,0.61370,0.39503,5.480,0.55440,0.48120,10.277,2026-06,False,1.01551,1.572,3.0969
2250846,2026-06-01,2026-06,NYM,SEA,823131,2,3,games,1,1,games,3.5,0.5,+104,7.0,0.1818,0.2026,39.20,42.61,47.92,0.42760,3.426,0.35140,0.62350,6.490,3.220,3.270,0.46280,0.38950,0.45375,3.479,0.35779,0.62350,6.591,2026-06,False,1.01551,1.572,3.0969
2250847,2026-06-02,2026-06,DET,TB,822971,8,0,games,5,0,games,4.5,0.5,+114,8.0,0.1531,0.1548,38.26,46.42,45.18,0.39140,4.973,0.49450,0.54540,9.290,4.190,5.100,0.39440,0.55320,0.43026,5.050,0.50444,0.54540,9.434,2026-06,False,1.01551,1.572,3.0969
2250848,2026-06-02,2026-06,SD,PHI,823460,2,3,games,2,2,games,4.5,0.5,+120,8.0,0.1584,0.1635,44.56,39.60,52.94,0.44170,5.302,0.53440,0.58850,9.790,4.810,4.970,0.45700,0.59090,0.46281,5.384,0.54494,0.58850,9.942,2026-06,False,1.01551,1.572,3.0969
2250849,2026-06-02,2026-06,BAL,BOS,824754,4,2,games,4,2,games,4.5,0.5,+110,8.5,0.1696,0.1822,39.29,43.75,47.32,0.39620,4.507,0.43470,0.55990,8.420,3.860,4.560,0.40680,0.44040,0.43339,4.577,0.44360,0.55990,8.551,2026-06,False,1.01551,1.572,3.0969
2250850,2026-06-02,2026-06,MIA,WSH,822728,7,3,games,4,0,games,4.5,0.5,-106,9.0,0.1423,0.1366,44.48,41.29,51.86,0.46430,5.328,0.47670,0.61080,9.920,5.070,4.850,0.48740,0.51860,0.47727,5.411,0.48733,0.61080,10.074,2026-06,False,1.01551,1.572,3.0969
2250851,2026-06-02,2026-06,CLE,NYY,823541,9,4,games,5,4,games,3.5,0.5,+182,7.5,0.1578,0.1625,32.55,51.67,38.65,0.34710,4.391,0.48720,0.51310,8.200,3.470,4.730,0.35500,0.49890,0.40085,4.459,0.49597,0.51310,8.327,2026-06,False,1.01551,1.572,3.0969
2250852,2026-06-02,2026-06,KC,CIN,824511,3,4,games,3,1,games,4.5,0.5,+102,9.0,0.1512,0.1516,38.01,46.86,44.79,0.39430,4.907,0.42640,0.54930,9.160,4.200,4.960,0.40630,0.45800,0.43215,4.983,0.43606,0.54930,9.302,2026-06,False,1.01551,1.572,3.0969
2250853,2026-06-02,2026-06,TOR,ATL,824918,3,4,games,2,3,games,4.5,0.5,-110,7.5,0.1729,0.1877,38.07,44.64,46.03,0.40040,4.435,0.49290,0.56550,8.350,3.840,4.500,0.41030,0.51390,0.43613,4.504,0.50176,0.56550,8.480,2026-06,False,1.01551,1.572,3.0969
2250854,2026-06-02,2026-06,CWS,MIN,823700,4,6,games,3,6,games,4.5,-0.5,-132,8.0,0.1550,0.1579,50.73,33.77,60.03,0.45850,4.517,0.43570,0.62110,8.510,4.380,4.120,0.49240,0.48750,0.47356,4.587,0.44462,0.62110,8.642,2026-06,False,1.01551,1.572,3.0969
2250855,2026-06-02,2026-06,SF,MIL,823782,3,8,games,0,3,games,3.5,0.5,+176,7.0,0.1742,0.1899,37.77,44.81,45.73,0.37660,3.977,0.43050,0.55390,7.480,3.370,4.120,0.39560,0.48930,0.42053,4.039,0.43834,0.55390,7.596,2026-06,False,1.01551,1.572,3.0969
2250856,2026-06-02,2026-06,TEX,STL,823052,7,4,games,2,2,games,3.5,-0.5,-120,7.0,0.1663,0.1768,43.63,39.74,52.34,0.43310,4.083,0.44550,0.60760,7.720,3.800,3.920,0.45890,0.51030,0.45729,4.146,0.45359,0.60760,7.840,2026-06,False,1.01551,1.572,3.0969
2250857,2026-06-02,2026-06,ATH,CHC,824675,2,1,games,2,1,games,4.5,0.5,-106,7.5,0.1561,0.1598,43.30,41.09,51.31,0.42920,4.960,0.55880,0.58280,9.220,4.460,4.760,0.44490,0.58660,0.45478,5.037,0.56858,0.58280,9.363,2026-06,False,1.01551,1.572,3.0969
2250858,2026-06-02,2026-06,PIT,HOU,824189,10,6,games,2,4,games,4.5,0.5,-110,9.0,0.1515,0.1520,43.73,41.13,51.53,0.41810,5.041,0.44330,0.56950,9.450,4.490,4.970,0.43050,0.48180,0.44762,5.119,0.45329,0.56950,9.597,2026-06,False,1.01551,1.572,3.0969
2250859,2026-06-02,2026-06,COL,LAA,824026,8,2,games,8,2,games,4.5,0.5,+132,8.5,0.1610,0.1678,41.41,42.49,49.36,0.49240,5.162,0.51680,0.64080,9.630,5.170,4.450,0.52930,0.54210,0.49517,5.242,0.52710,0.64080,9.779,2026-06,False,1.01551,1.572,3.0969
2250860,2026-06-02,2026-06,NYM,SEA,823129,3,8,games,2,7,games,4.5,0.5,+130,7.5,0.1606,0.1672,31.34,52.60,37.33,0.44370,3.543,0.36900,0.63520,6.700,3.410,3.290,0.48150,0.35530,0.46410,3.598,0.37571,0.63520,6.804,2026-06,False,1.01551,1.572,3.0969
2250861,2026-06-03,2026-06,MIA,WSH,822727,4,1,games,1,1,games,,,,8.0,0.1566,0.1605,41.54,42.80,49.26,0.40950,4.727,0.46370,0.56850,8.870,4.170,4.700,0.42430,0.51890,0.44205,4.800,0.47311,0.56850,9.008,2026-06,False,1.01551,1.572,3.0969
2250862,2026-06-03,2026-06,DET,TB,822973,7,2,games,6,2,games,,,,8.5,0.1699,0.1827,43.92,39.09,52.91,0.44890,4.086,0.37850,0.62340,7.690,3.890,3.800,0.47840,0.37440,0.46743,4.149,0.38631,0.62340,7.809,2026-06,False,1.01551,1.572,3.0969
2250863,2026-06-03,2026-06,CWS,MIN,823701,8,0,games,4,0,games,,,,9.0,0.1524,0.1535,37.63,47.14,44.39,0.35460,5.135,0.45390,0.50330,9.660,4.100,5.550,0.35360,0.49700,0.40589,5.215,0.46411,0.50330,9.810,2026-06,False,1.01551,1.572,3.0969
2250864,2026-06-03,2026-06,NYM,SEA,823130,7,1,games,6,1,games,,,,7.0,0.1718,0.1859,38.87,43.94,46.94,0.41010,4.029,0.43810,0.58670,7.570,3.570,4.000,0.42900,0.49730,0.44244,4.091,0.44606,0.58670,7.687,2026-06,False,1.01551,1.572,3.0969
2250865,2026-06-03,2026-06,SD,PHI,823456,2,3,games,0,1,games,,,,8.0,0.1659,0.1760,38.63,44.78,46.31,0.36280,4.670,0.45570,0.52230,8.710,3.750,4.960,0.36470,0.50430,0.41137,4.742,0.46498,0.52230,8.845,2026-06,False,1.01551,1.572,3.0969
2250866,2026-06-03,2026-06,BAL,BOS,824755,1,8,games,0,8,games,,,,8.5,0.1706,0.1839,33.63,49.31,40.55,0.33580,4.364,0.41540,0.50220,8.200,3.340,4.860,0.33290,0.41980,0.39320,4.432,0.42394,0.50220,8.327,2026-06,False,1.01551,1.572,3.0969
2250867,2026-06-03,2026-06,CLE,NYY,823540,5,4,games,3,2,games,,,,7.5,0.1649,0.1744,32.73,50.78,39.19,0.33270,4.109,0.44920,0.50630,7.720,3.180,4.550,0.34030,0.45730,0.39109,4.173,0.45735,0.50630,7.840,2026-06,False,1.01551,1.572,3.0969
2250868,2026-06-03,2026-06,KC,CIN,824509,5,2,games,2,2,games,,,,8.0,0.1668,0.1775,39.77,43.55,47.73,0.40080,3.954,0.36060,0.58040,7.480,3.520,3.950,0.42740,0.39380,0.43639,4.015,0.36804,0.58040,7.596,2026-06,False,1.01551,1.572,3.0969
2250869,2026-06-03,2026-06,TOR,ATL,824917,3,7,games,2,4,games,,,,8.0,0.1662,0.1765,41.20,42.18,49.42,0.44000,4.863,0.48020,0.59580,9.070,4.450,4.630,0.45520,0.53560,0.46172,4.938,0.48991,0.59580,9.211,2026-06,False,1.01551,1.572,3.0969
2250870,2026-06-03,2026-06,SF,MIL,823780,1,0,games,1,0,games,,,,8.0,0.1638,0.1725,34.32,49.30,41.04,0.41010,4.760,0.46770,0.56830,8.850,4.190,4.650,0.43020,0.51640,0.44244,4.834,0.47719,0.56830,8.987,2026-06,False,1.01551,1.572,3.0969
2250871,2026-06-03,2026-06,TEX,STL,823051,3,5,games,1,4,games,,,,8.0,0.1638,0.1725,45.61,38.01,54.54,0.44930,4.293,0.40650,0.61780,8.080,4.070,4.010,0.47530,0.45000,0.46768,4.360,0.41486,0.61780,8.205,2026-06,False,1.01551,1.572,3.0969
2250872,2026-06-03,2026-06,ATH,CHC,824671,5,4,games,2,4,games,,,,8.5,0.1611,0.1680,43.87,40.02,52.30,0.42120,4.927,0.48860,0.57550,9.150,4.360,4.780,0.43470,0.50240,0.44962,5.003,0.49844,0.57550,9.292,2026-06,False,1.01551,1.572,3.0969
2250873,2026-06-03,2026-06,PIT,HOU,824188,9,11,games,4,3,games,,,,7.5,0.1694,0.1819,43.44,39.62,52.30,0.42230,4.021,0.43760,0.59910,7.610,3.700,3.920,0.44770,0.44620,0.45033,4.083,0.44555,0.59910,7.728,2026-06,False,1.01551,1.572,3.0969
2250874,2026-06-03,2026-06,COL,LAA,824024,4,11,games,3,9,games,,,,8.5,0.1502,0.1499,34.24,50.74,40.29,0.35530,5.128,0.51220,0.50460,9.620,4.110,5.520,0.35650,0.54030,0.40636,5.208,0.52244,0.50460,9.769,2026-06,False,1.01551,1.572,3.0969
2250875,2026-06-04,2026-06,SD,PHI,823457,4,6,games,0,3,games,,,,8.5,0.1673,0.1784,35.39,47.88,42.50,0.33830,4.855,0.47900,0.49200,9.030,3.680,5.350,0.33010,0.49170,0.39490,4.930,0.48869,0.49200,9.170,2026-06,False,1.01551,1.572,3.0969
2250876,2026-06-04,2026-06,BAL,BOS,824753,8,2,games,8,0,games,,,,10.5,0.1475,0.1454,45.78,39.47,53.70,0.41790,5.921,0.43210,0.55550,10.900,5.120,5.780,0.42590,0.47850,0.44749,6.013,0.44379,0.55550,11.069,2026-06,False,1.01551,1.572,3.0969
2250877,2026-06-04,2026-06,CLE,NYY,823542,1,2,games,1,1,games,,,,9.0,0.1521,0.1531,35.03,49.76,41.31,0.36480,5.027,0.44170,0.51690,9.320,4.050,5.270,0.36950,0.47080,0.41271,5.105,0.45165,0.51690,9.465,2026-06,False,1.01551,1.572,3.0969
2250878,2026-06-04,2026-06,SF,MIL,823779,12,9,games,6,3,games,,,,9.0,0.1628,0.1709,33.00,50.72,39.42,0.34240,4.503,0.37560,0.50620,8.400,3.500,4.900,0.34610,0.39330,0.39768,4.573,0.38419,0.50620,8.530,2026-06,False,1.01551,1.572,3.0969
2250879,2026-06-04,2026-06,TOR,ATL,824919,7,2,games,3,1,games,,,,7.5,0.1757,0.1923,35.01,47.43,42.46,0.36490,4.216,0.46370,0.53670,7.970,3.440,4.520,0.36880,0.47850,0.41277,4.281,0.47210,0.53670,8.094,2026-06,False,1.01551,1.572,3.0969
2250880,2026-06-04,2026-06,KC,MIN,823698,8,6,games,3,5,games,,,,9.0,0.1531,0.1547,42.32,42.37,49.97,0.42740,5.188,0.46030,0.57690,9.670,4.660,5.010,0.44120,0.49870,0.45362,5.268,0.47063,0.57690,9.820,2026-06,False,1.01551,1.572,3.0969
2250881,2026-06-04,2026-06,ATH,CHC,824672,6,7,games,1,0,games,,,,10.0,0.1678,0.1792,42.84,40.38,51.48,0.45390,4.535,0.32230,0.61680,8.450,4.290,4.160,0.48430,0.32160,0.47062,4.605,0.33049,0.61680,8.581,2026-06,False,1.01551,1.572,3.0969
2250882,2026-06-04,2026-06,PIT,HOU,824185,5,1,games,1,0,games,,,,8.5,0.1570,0.1613,40.61,43.69,48.17,0.38420,4.536,0.43870,0.54710,8.550,3.830,4.710,0.39130,0.45110,0.42553,4.606,0.44767,0.54710,8.683,2026-06,False,1.01551,1.572,3.0969
2250883,2026-06-05,2026-06,SF,CHC,824673,18,3,games,9,0,games,,,,10.5,0.1657,0.1757,31.61,51.82,37.88,0.40250,5.321,0.36520,0.54910,9.880,4.550,5.330,0.41190,0.40150,0.43750,5.404,0.37526,0.54910,10.033,2026-06,False,1.01551,1.572,3.0969
2250884,2026-06-05,2026-06,SEA,DET,824271,3,7,games,1,3,games,,,,7.5,0.1734,0.1885,45.79,36.87,55.40,0.46160,4.096,0.44770,0.63510,7.670,3.980,3.690,0.49840,0.45060,0.47554,4.160,0.45582,0.63510,7.789,2026-06,False,1.01551,1.572,3.0969
2250885,2026-06-05,2026-06,CWS,PHI,823455,6,8,games,4,6,games,,,,8.5,0.1575,0.1620,41.73,42.52,49.53,0.39850,4.853,0.48000,0.55470,9.110,4.240,4.870,0.41560,0.50020,0.43489,4.928,0.48969,0.55470,9.251,2026-06,False,1.01551,1.572,3.0969
2250886,2026-06-05,2026-06,BOS,NYY,823538,5,3,games,5,3,games,,,,8.0,0.1568,0.1609,40.32,44.00,47.82,0.44260,4.958,0.49220,0.59670,9.110,4.520,4.590,0.46420,0.53870,0.46339,5.035,0.50211,0.59670,9.251,2026-06,False,1.01551,1.572,3.0969
2250887,2026-06-05,2026-06,BAL,TOR,822810,13,3,games,1,3,games,,,,8.5,0.1621,0.1696,39.76,44.03,47.45,0.38720,4.642,0.45270,0.54810,8.670,3.920,4.750,0.39630,0.46250,0.42750,4.714,0.46192,0.54810,8.804,2026-06,False,1.01551,1.572,3.0969
2250888,2026-06-05,2026-06,TB,MIA,823860,6,0,games,4,0,games,,,,8.0,0.1656,0.1755,42.29,41.16,50.68,0.48200,4.537,0.43850,0.64400,8.500,4.530,3.970,0.51890,0.48710,0.48855,4.607,0.44747,0.64400,8.632,2026-06,False,1.01551,1.572,3.0969
2250889,2026-06-05,2026-06,PIT,ATL,824914,3,6,games,3,6,games,,,,8.5,0.1655,0.1754,41.36,42.09,49.57,0.36470,4.401,0.42070,0.53110,8.330,3.610,4.730,0.36990,0.43250,0.41264,4.469,0.42934,0.53110,8.459,2026-06,False,1.01551,1.572,3.0969
2250890,2026-06-05,2026-06,ATH,HOU,824186,1,5,games,0,5,games,,,,9.0,0.1623,0.1701,43.27,40.49,51.66,0.40800,4.381,0.36100,0.57440,8.240,3.860,4.380,0.42220,0.37950,0.44108,4.449,0.36925,0.57440,8.368,2026-06,False,1.01551,1.572,3.0969
2250891,2026-06-05,2026-06,CIN,STL,823049,3,10,games,3,4,games,,,,9.0,0.1493,0.1484,37.89,47.18,44.54,0.38250,5.083,0.44800,0.53290,9.510,4.190,5.320,0.37930,0.48590,0.42441,5.162,0.45809,0.53290,9.658,2026-06,False,1.01551,1.572,3.0969
2250892,2026-06-05,2026-06,CLE,TEX,822892,2,3,games,2,0,games,,,,7.5,0.1856,0.2088,45.21,36.24,55.51,0.43680,4.000,0.43410,0.61380,7.540,3.770,3.770,0.46990,0.43950,0.45967,4.062,0.44200,0.61380,7.657,2026-06,False,1.01551,1.572,3.0969
2250893,2026-06-05,2026-06,KC,MIN,823699,3,5,games,2,1,games,,,,8.5,0.1585,0.1638,40.42,43.72,48.04,0.42490,4.715,0.46120,0.58330,8.830,4.260,4.570,0.44320,0.47550,0.45201,4.788,0.47059,0.58330,8.967,2026-06,False,1.01551,1.572,3.0969
2250894,2026-06-05,2026-06,MIL,COL,824350,9,7,games,1,3,games,,,,12.0,0.1359,0.1260,43.97,42.44,50.89,0.41390,6.912,0.48210,0.53880,12.620,5.900,6.720,0.42460,0.48760,0.44490,7.019,0.49590,0.53880,12.816,2026-06,False,1.01551,1.572,3.0969
2250895,2026-06-05,2026-06,NYM,SD,823293,5,0,games,4,0,games,,,,7.0,0.1800,0.1995,38.45,43.56,46.88,0.39660,3.962,0.42850,0.57670,7.440,3.440,4.000,0.41540,0.48480,0.43365,4.023,0.43630,0.57670,7.555,2026-06,False,1.01551,1.572,3.0969
2250896,2026-06-05,2026-06,LAA,LAD,823943,0,1,games,0,0,games,,,,8.5,0.1595,0.1654,40.75,43.30,48.49,0.41660,4.593,0.44570,0.57850,8.550,4.100,4.450,0.43920,0.45170,0.44665,4.664,0.45481,0.57850,8.683,2026-06,False,1.01551,1.572,3.0969
2250897,2026-06-06,2026-06,SEA,DET,824269,4,0,games,4,0,games,,,,9.0,0.1763,0.1933,44.03,38.35,53.45,0.43820,3.793,0.28520,0.62160,7.160,3.610,3.550,0.47660,0.28380,0.46057,3.852,0.29169,0.62160,7.271,2026-06,False,1.01551,1.572,3.0969
2250898,2026-06-06,2026-06,KC,MIN,823697,3,2,games,1,1,games,,,,8.5,0.1563,0.1600,35.46,48.91,42.03,0.34030,4.960,0.49240,0.49210,9.300,3.820,5.480,0.33340,0.51360,0.39626,5.037,0.50231,0.49210,9.444,2026-06,False,1.01551,1.572,3.0969
2250899,2026-06-06,2026-06,CIN,STL,823048,5,6,games,5,4,games,,,,9.0,0.1523,0.1534,43.85,40.91,51.73,0.44610,4.948,0.43240,0.60080,9.220,4.550,4.670,0.45980,0.46340,0.46563,5.025,0.44216,0.60080,9.363,2026-06,False,1.01551,1.572,3.0969
2250900,2026-06-06,2026-06,SF,CHC,824669,2,3,games,0,0,games,,,,7.5,0.1659,0.1761,33.59,49.81,40.28,0.35140,4.326,0.47860,0.51930,8.130,3.440,4.690,0.35580,0.49370,0.40375,4.393,0.48724,0.51930,8.256,2026-06,False,1.01551,1.572,3.0969
2250901,2026-06-06,2026-06,BAL,TOR,822808,4,6,games,1,6,games,,,,8.5,0.1606,0.1672,42.60,41.34,50.75,0.36890,4.275,0.40410,0.53870,8.030,3.510,4.520,0.37630,0.40500,0.41543,4.341,0.41241,0.53870,8.155,2026-06,False,1.01551,1.572,3.0969
2250902,2026-06-06,2026-06,CWS,PHI,823454,6,3,games,6,1,games,,,,10.0,0.1548,0.1575,47.25,37.27,55.90,0.44620,5.132,0.39470,0.59780,9.580,4.820,4.760,0.47790,0.41290,0.46570,5.212,0.40463,0.59780,9.729,2026-06,False,1.01551,1.572,3.0969
2250903,2026-06-06,2026-06,ATH,HOU,824184,2,13,games,2,13,games,,,,9.5,0.1521,0.1531,46.27,38.52,54.57,0.41440,4.777,0.35130,0.57260,8.930,4.210,4.720,0.42720,0.39380,0.44523,4.851,0.36021,0.57260,9.069,2026-06,False,1.01551,1.572,3.0969
2250904,2026-06-06,2026-06,PIT,ATL,824915,3,6,games,3,6,games,,,,8.0,0.1698,0.1825,42.59,40.43,51.30,0.42670,4.431,0.42530,0.59210,8.350,4.050,4.300,0.44760,0.47460,0.45317,4.500,0.43401,0.59210,8.480,2026-06,False,1.01551,1.572,3.0969
2250905,2026-06-06,2026-06,TB,MIA,823859,3,4,games,0,2,games,,,,7.5,0.1746,0.1906,42.78,39.76,51.83,0.44120,3.802,0.40660,0.62460,7.210,3.650,3.560,0.47980,0.40620,0.46249,3.861,0.41400,0.62460,7.322,2026-06,False,1.01551,1.572,3.0969
2250906,2026-06-06,2026-06,CLE,TEX,822891,6,0,games,5,0,games,,,,7.5,0.1852,0.2083,38.89,42.59,47.73,0.40960,4.143,0.45410,0.58250,7.820,3.710,4.110,0.43250,0.46550,0.44212,4.207,0.46233,0.58250,7.941,2026-06,False,1.01551,1.572,3.0969
2250908,2026-06-06,2026-06,MIL,COL,824351,7,1,games,2,1,games,,,,11.0,0.1450,0.1412,54.78,30.72,64.07,0.57510,6.017,0.44180,0.70710,10.940,6.550,4.380,0.62000,0.44050,0.54799,6.110,0.45372,0.70710,11.110,2026-06,False,1.01551,1.572,3.0969
2250909,2026-06-06,2026-06,LAA,LAD,823942,2,9,games,1,9,games,,,,8.5,0.1543,0.1568,31.05,53.52,36.72,0.32280,4.938,0.48880,0.47500,9.170,3.660,5.510,0.31730,0.50250,0.38430,5.015,0.49866,0.47500,9.312,2026-06,False,1.01551,1.572,3.0969
2250910,2026-06-06,2026-06,NYM,SD,823292,2,3,games,1,1,games,,,,7.5,0.1711,0.1847,46.63,36.26,56.25,0.47520,4.542,0.50740,0.63660,8.410,4.400,4.010,0.50480,0.51920,0.48422,4.612,0.51647,0.63660,8.540,2026-06,False,1.01551,1.572,3.0969
2250911,2026-06-07,2026-06,PIT,ATL,824916,2,3,games,2,0,games,,,,8.5,0.1625,0.1704,35.93,47.82,42.90,0.41640,4.222,0.39620,0.58750,7.980,3.810,4.170,0.43720,0.40160,0.44652,4.287,0.40437,0.58750,8.104,2026-06,False,1.01551,1.572,3.0969
2250912,2026-06-07,2026-06,CWS,PHI,823453,5,9,games,5,7,games,,,,9.0,0.1531,0.1547,43.35,41.34,51.18,0.43470,5.017,0.44070,0.58810,9.380,4.630,4.750,0.45990,0.47550,0.45832,5.095,0.45063,0.58810,9.525,2026-06,False,1.01551,1.572,3.0969
2250913,2026-06-07,2026-06,BOS,NYY,823537,1,6,games,0,1,games,,,,8.0,0.1597,0.1658,33.77,50.26,40.19,0.36520,4.373,0.41690,0.53210,8.130,3.540,4.590,0.37320,0.45440,0.41297,4.441,0.42547,0.53210,8.256,2026-06,False,1.01551,1.572,3.0969
2250914,2026-06-07,2026-06,BAL,TOR,822807,4,6,games,4,0,games,,,,8.0,0.1590,0.1646,41.73,42.37,49.62,0.40250,4.705,0.46070,0.56210,8.770,4.080,4.700,0.41530,0.51030,0.43750,4.778,0.47006,0.56210,8.906,2026-06,False,1.01551,1.572,3.0969
2250915,2026-06-07,2026-06,SEA,DET,824268,4,5,games,1,1,games,,,,8.5,0.1550,0.1579,46.24,38.26,54.72,0.43260,4.912,0.48670,0.58690,9.130,4.450,4.680,0.45120,0.50210,0.45697,4.988,0.49651,0.58690,9.272,2026-06,False,1.01551,1.572,3.0969
2250916,2026-06-07,2026-06,TB,MIA,823857,1,4,games,1,0,games,,,,7.5,0.1564,0.1602,41.39,42.97,49.07,0.41940,4.738,0.53130,0.57820,8.900,4.250,4.640,0.43700,0.56030,0.44846,4.811,0.54073,0.57820,9.038,2026-06,False,1.01551,1.572,3.0969
2250917,2026-06-07,2026-06,ATH,HOU,824183,5,0,games,5,0,games,,,,9.0,0.1523,0.1533,46.17,38.60,54.46,0.46770,4.732,0.40490,0.62490,8.820,4.550,4.270,0.49400,0.43010,0.47944,4.805,0.41411,0.62490,8.957,2026-06,False,1.01551,1.572,3.0969
2250918,2026-06-07,2026-06,KC,MIN,823696,6,5,games,5,1,games,,,,8.5,0.1573,0.1618,43.94,40.33,52.14,0.45740,4.749,0.46580,0.61530,8.870,4.520,4.350,0.48450,0.47950,0.47286,4.823,0.47526,0.61530,9.008,2026-06,False,1.01551,1.572,3.0969
2250919,2026-06-07,2026-06,CIN,STL,823047,3,5,games,2,3,games,,,,9.5,0.1617,0.1690,38.67,45.16,46.13,0.39500,4.350,0.29890,0.56340,8.190,3.740,4.450,0.40630,0.33110,0.43261,4.417,0.30651,0.56340,8.317,2026-06,False,1.01551,1.572,3.0969
2250920,2026-06-07,2026-06,CLE,TEX,822890,0,10,games,0,7,games,,,,7.0,0.1855,0.2088,38.79,42.66,47.62,0.37100,4.220,0.46450,0.54210,7.980,3.520,4.450,0.38330,0.53440,0.41682,4.285,0.47291,0.54210,8.104,2026-06,False,1.01551,1.572,3.0969
2250921,2026-06-07,2026-06,MIL,COL,824349,12,4,games,1,3,games,,,,11.5,0.1373,0.1283,54.75,31.52,63.46,0.53100,6.538,0.44440,0.66030,11.890,6.640,5.250,0.55850,0.46990,0.51974,6.639,0.45736,0.66030,12.074,2026-06,False,1.01551,1.572,3.0969
2250922,2026-06-07,2026-06,LAA,LAD,823941,13,5,games,6,1,games,,,,8.5,0.1621,0.1698,37.73,46.05,45.04,0.39520,4.591,0.44550,0.55660,8.550,3.950,4.600,0.41180,0.45180,0.43274,4.662,0.45460,0.55660,8.683,2026-06,False,1.01551,1.572,3.0969
2250923,2026-06-07,2026-06,NYM,SD,823291,7,3,games,4,2,games,,,,7.5,0.1825,0.2038,43.08,38.67,52.70,0.44410,4.059,0.44220,0.61860,7.590,3.820,3.770,0.47440,0.44370,0.46435,4.122,0.45024,0.61860,7.708,2026-06,False,1.01551,1.572,3.0969
2250924,2026-06-07,2026-06,SF,CHC,824670,2,1,games,1,1,games,,,,8.5,0.1600,0.1662,44.61,39.39,53.11,0.46440,4.860,0.47970,0.61960,9.030,4.650,4.380,0.49270,0.49290,0.47733,4.935,0.48940,0.61960,9.170,2026-06,False,1.01551,1.572,3.0969
2250925,2026-06-08,2026-06,SEA,BAL,824829,6,3,games,5,1,games,,,,9.5,0.1543,0.1567,48.39,36.19,57.21,0.49570,4.975,0.37560,0.64800,9.210,4.970,4.240,0.53000,0.41710,0.49726,5.052,0.38509,0.64800,9.353,2026-06,False,1.01551,1.572,3.0969
2250926,2026-06-08,2026-06,BOS,TB,822972,1,3,games,1,2,games,,,,8.0,0.1647,0.1740,44.39,39.14,53.14,0.48900,4.713,0.46110,0.64630,8.760,4.650,4.110,0.51680,0.50970,0.49300,4.786,0.47048,0.64630,8.896,2026-06,False,1.01551,1.572,3.0969
2250927,2026-06-08,2026-06,NYY,CLE,824427,7,5,games,4,3,games,,,,7.5,0.1696,0.1823,42.54,40.50,51.23,0.41590,4.259,0.47030,0.58580,7.940,3.740,4.200,0.42760,0.47670,0.44620,4.325,0.47879,0.58580,8.063,2026-06,False,1.01551,1.572,3.0969
2250928,2026-06-08,2026-06,PHI,TOR,822806,5,2,games,5,2,games,,,,7.5,0.1636,0.1723,48.61,35.03,58.12,0.49480,4.459,0.49610,0.65820,8.270,4.490,3.780,0.53400,0.50580,0.49669,4.528,0.50501,0.65820,8.398,2026-06,False,1.01551,1.572,3.0969
2250929,2026-06-08,2026-06,HOU,LAA,824025,5,4,games,1,3,games,,,,9.5,0.1462,0.1431,55.94,29.44,65.52,0.55340,5.078,0.38680,0.70090,9.360,5.490,3.870,0.60050,0.42760,0.53405,5.157,0.39657,0.70090,9.505,2026-06,False,1.01551,1.572,3.0969
2250930,2026-06-08,2026-06,CIN,SD,823289,2,6,games,1,1,games,,,,7.5,0.1779,0.1961,40.58,41.63,49.36,0.40780,4.001,0.43470,0.58580,7.520,3.560,3.960,0.43030,0.43700,0.44095,4.063,0.44260,0.58580,7.637,2026-06,False,1.01551,1.572,3.0969
2250931,2026-06-08,2026-06,WSH,SF,823218,4,3,games,0,0,games,,,,8.0,0.1584,0.1635,37.33,46.83,44.36,0.38870,4.266,0.40280,0.55800,8.070,3.650,4.410,0.39930,0.44870,0.42849,4.332,0.41109,0.55800,8.195,2026-06,False,1.01551,1.572,3.0969
2250932,2026-06-08,2026-06,MIL,ATH,824998,15,14,games,5,8,games,,,,11.0,0.1501,0.1497,47.29,37.70,55.64,0.48320,5.496,0.38480,0.62740,10.100,5.260,4.830,0.49910,0.38090,0.48931,5.581,0.39536,0.62740,10.257,2026-06,False,1.01551,1.572,3.0969
2250933,2026-06-09,2026-06,SEA,BAL,824830,6,5,games,3,1,games,,,,8.5,0.1569,0.1611,44.07,40.23,52.28,0.47000,4.977,0.49380,0.62260,9.220,4.780,4.440,0.49810,0.50920,0.48090,5.054,0.50374,0.62260,9.363,2026-06,False,1.01551,1.572,3.0969
2250934,2026-06-09,2026-06,LAD,PIT,823374,12,3,games,1,2,games,,,,8.5,0.1523,0.1534,42.09,42.68,49.65,0.39860,4.846,0.47840,0.55510,9.010,4.090,4.930,0.39880,0.49210,0.43496,4.921,0.48807,0.55510,9.150,2026-06,False,1.01551,1.572,3.0969
2250935,2026-06-09,2026-06,BOS,TB,822969,3,4,games,1,3,games,,,,7.5,0.1684,0.1801,43.62,39.55,52.45,0.46790,4.220,0.46470,0.63840,7.900,4.110,3.790,0.49990,0.47290,0.47956,4.285,0.47311,0.63840,8.023,2026-06,False,1.01551,1.572,3.0969
2250936,2026-06-09,2026-06,MIN,DET,824267,4,10,games,4,5,games,,,,8.5,0.1642,0.1731,36.50,47.08,43.67,0.35360,4.079,0.37650,0.52820,7.690,3.290,4.410,0.36370,0.37440,0.40522,4.142,0.38428,0.52820,7.809,2026-06,False,1.01551,1.572,3.0969
2250937,2026-06-09,2026-06,NYY,CLE,824429,3,2,games,2,2,games,,,,8.5,0.1671,0.1781,49.51,33.78,59.44,0.49060,4.270,0.40240,0.65800,7.920,4.230,3.690,0.52090,0.39450,0.49402,4.336,0.41070,0.65800,8.043,2026-06,False,1.01551,1.572,3.0969
2250938,2026-06-09,2026-06,PHI,TOR,822805,2,3,games,1,0,games,,,,7.0,0.1747,0.1908,43.43,39.09,52.63,0.45840,4.181,0.45980,0.63000,7.810,4.030,3.790,0.49240,0.51980,0.47350,4.246,0.46812,0.63000,7.931,2026-06,False,1.01551,1.572,3.0969
2250939,2026-06-09,2026-06,STL,NYM,823620,7,0,games,6,0,games,,,,8.0,0.1612,0.1682,44.35,39.53,52.88,0.43140,4.789,0.47200,0.58920,8.920,4.380,4.540,0.45640,0.52340,0.45620,4.863,0.48155,0.58920,9.058,2026-06,False,1.01551,1.572,3.0969
2250940,2026-06-09,2026-06,TEX,KC,824105,3,5,games,2,1,games,,,,9.5,0.1657,0.1756,40.00,43.44,47.94,0.39130,4.431,0.30880,0.55730,8.340,3.800,4.540,0.40540,0.34320,0.43019,4.500,0.31666,0.55730,8.469,2026-06,False,1.01551,1.572,3.0969
2250941,2026-06-09,2026-06,ATL,CWS,824591,5,6,games,4,3,games,,,,9.0,0.1557,0.1591,43.58,40.85,51.62,0.40550,4.434,0.36760,0.57070,8.390,3.900,4.490,0.41640,0.39270,0.43945,4.503,0.37600,0.57070,8.520,2026-06,False,1.01551,1.572,3.0969
2250942,2026-06-09,2026-06,CHC,COL,824347,3,7,games,1,7,games,,,,12.5,0.1370,0.1278,43.13,43.17,49.97,0.41210,6.437,0.38640,0.54180,11.820,5.540,6.280,0.42790,0.40470,0.44374,6.537,0.39879,0.54180,12.003,2026-06,False,1.01551,1.572,3.0969
2250943,2026-06-09,2026-06,HOU,LAA,824023,1,10,games,0,7,games,,,,8.5,0.1605,0.1670,41.92,42.04,49.93,0.43050,4.370,0.41690,0.59810,8.200,4.020,4.180,0.45490,0.42080,0.45562,4.438,0.42546,0.59810,8.327,2026-06,False,1.01551,1.572,3.0969
2250944,2026-06-09,2026-06,CIN,SD,823290,5,3,games,2,2,games,,,,7.5,0.1758,0.1925,46.41,36.01,56.31,0.49790,4.185,0.45970,0.66760,7.790,4.280,3.510,0.54280,0.46150,0.49866,4.250,0.46803,0.66760,7.911,2026-06,False,1.01551,1.572,3.0969
2250945,2026-06-09,2026-06,WSH,SF,823214,6,3,games,3,2,games,,,,8.5,0.1588,0.1641,46.29,37.83,55.03,0.46340,4.459,0.42850,0.62840,8.360,4.310,4.050,0.49310,0.43400,0.47669,4.528,0.43728,0.62840,8.490,2026-06,False,1.01551,1.572,3.0969
2250946,2026-06-09,2026-06,MIL,ATH,824999,5,7,games,3,6,games,,,,13.5,0.1374,0.1285,35.62,50.65,41.29,0.39040,5.818,0.27840,0.52920,10.750,4.800,5.940,0.39930,0.26920,0.42960,5.908,0.28826,0.52920,10.917,2026-06,False,1.01551,1.572,3.0969
2250947,2026-06-10,2026-06,BOS,TB,822970,5,7,games,0,4,games,,,,7.5,0.1661,0.1764,36.14,47.25,43.34,0.37560,4.346,0.48150,0.54340,8.180,3.600,4.580,0.38030,0.49790,0.41987,4.413,0.49018,0.54340,8.307,2026-06,False,1.01551,1.572,3.0969
2250948,2026-06-10,2026-06,NYY,CLE,824428,8,4,games,3,3,games,,,,7.5,0.1709,0.1844,43.88,39.03,52.93,0.43120,4.070,0.44410,0.60560,7.600,3.690,3.910,0.44890,0.44460,0.45607,4.133,0.45216,0.60560,7.718,2026-06,False,1.01551,1.572,3.0969
2250949,2026-06-10,2026-06,WSH,SF,823215,10,11,games,2,0,games,,,,8.5,0.1617,0.1691,47.68,36.15,56.88,0.46860,4.534,0.43850,0.63180,8.510,4.420,4.090,0.49930,0.44800,0.48001,4.604,0.44747,0.63180,8.642,2026-06,False,1.01551,1.572,3.0969
2250950,2026-06-10,2026-06,CIN,SD,823287,4,5,games,2,2,games,,,,8.5,0.1654,0.1751,34.44,49.03,41.26,0.33920,4.560,0.44040,0.50020,8.540,3.500,5.040,0.33420,0.44990,0.39551,4.631,0.44942,0.50020,8.672,2026-06,False,1.01551,1.572,3.0969
2250951,2026-06-10,2026-06,SEA,BAL,824831,2,7,games,0,0,games,,,,9.0,0.1509,0.1510,42.07,42.84,49.54,0.40650,5.112,0.45110,0.55720,9.500,4.420,5.070,0.41680,0.48550,0.44010,5.191,0.46125,0.55720,9.647,2026-06,False,1.01551,1.572,3.0969
2250952,2026-06-10,2026-06,LAD,PIT,823372,8,9,games,2,1,games,,,,8.5,0.1563,0.1600,53.52,30.85,63.43,0.53040,4.596,0.44590,0.68880,8.470,4.800,3.680,0.56940,0.44450,0.51935,4.667,0.45501,0.68880,8.601,2026-06,False,1.01551,1.572,3.0969
2250953,2026-06-10,2026-06,MIN,DET,824266,6,4,games,4,3,games,,,,9.5,0.1643,0.1734,40.52,43.05,48.48,0.39850,4.475,0.31510,0.56350,8.380,3.880,4.510,0.41510,0.34720,0.43489,4.544,0.32311,0.56350,8.510,2026-06,False,1.01551,1.572,3.0969
2250954,2026-06-10,2026-06,PHI,TOR,822804,7,4,games,6,0,games,,,,9.0,0.1528,0.1542,49.94,34.78,58.95,0.51190,5.443,0.49000,0.65550,9.990,5.480,4.520,0.54570,0.52480,0.50757,5.527,0.50087,0.65550,10.145,2026-06,False,1.01551,1.572,3.0969
2250955,2026-06-10,2026-06,STL,NYM,823618,9,2,games,8,2,games,,,,8.5,0.1652,0.1749,38.46,45.02,46.07,0.38020,4.634,0.45140,0.54030,8.660,3.890,4.770,0.39230,0.46150,0.42290,4.706,0.46060,0.54030,8.794,2026-06,False,1.01551,1.572,3.0969
2250956,2026-06-10,2026-06,TEX,KC,824103,6,4,games,2,2,games,,,,10.0,0.1639,0.1727,44.67,38.94,53.43,0.44810,4.682,0.34050,0.60780,8.750,4.390,4.360,0.47520,0.34590,0.46691,4.755,0.34914,0.60780,8.886,2026-06,False,1.01551,1.572,3.0969
2250957,2026-06-10,2026-06,ATL,CWS,824590,1,2,games,0,2,games,,,,7.0,0.1651,0.1747,42.71,40.78,51.16,0.45500,4.017,0.43630,0.63070,7.610,3.890,3.720,0.48540,0.50120,0.47133,4.079,0.44424,0.63070,7.728,2026-06,False,1.01551,1.572,3.0969
2250958,2026-06-10,2026-06,CHC,COL,824348,2,3,games,1,0,games,,,,12.0,0.1307,0.1174,55.74,31.19,64.12,0.51490,6.975,0.48850,0.63890,12.720,6.920,5.790,0.53550,0.49360,0.50948,7.083,0.50243,0.63890,12.917,2026-06,False,1.01551,1.572,3.0969
2250959,2026-06-10,2026-06,MIL,ATH,824996,3,4,games,3,0,games,,,,15.0,0.1390,0.1312,40.00,46.10,46.45,0.41330,6.541,0.26890,0.54230,11.990,5.540,6.460,0.42530,0.27100,0.44451,6.642,0.27982,0.54230,12.176,2026-06,False,1.01551,1.572,3.0969
2250960,2026-06-10,2026-06,HOU,LAA,824022,2,3,games,0,2,games,,,,9.0,0.1624,0.1702,42.70,41.06,50.98,0.40720,4.233,0.34140,0.57800,7.970,3.760,4.210,0.42790,0.35570,0.44056,4.299,0.34921,0.57800,8.094,2026-06,False,1.01551,1.572,3.0969
2250961,2026-06-11,2026-06,STL,NYM,823619,4,5,games,4,4,games,,,,9.0,0.1639,0.1726,42.99,40.62,51.42,0.40820,4.787,0.41130,0.56540,8.920,4.210,4.710,0.42720,0.43860,0.44121,4.861,0.42065,0.56540,9.058,2026-06,False,1.01551,1.572,3.0969
2250962,2026-06-11,2026-06,MIN,DET,824265,0,11,games,0,5,games,,,,9.5,0.1697,0.1824,41.10,41.93,49.50,0.41510,4.263,0.28920,0.58480,7.990,3.820,4.180,0.43820,0.31430,0.44568,4.329,0.29654,0.58480,8.114,2026-06,False,1.01551,1.572,3.0969
2250963,2026-06-11,2026-06,TEX,KC,824101,4,2,games,3,2,games,,,,10.5,0.1638,0.1725,41.52,42.10,49.66,0.40980,4.621,0.28520,0.57100,8.680,4.080,4.600,0.42900,0.30680,0.44224,4.693,0.29311,0.57100,8.815,2026-06,False,1.01551,1.572,3.0969
2250964,2026-06-11,2026-06,CHC,COL,824346,9,3,games,6,2,games,,,,11.0,0.1372,0.1283,39.46,46.81,45.74,0.35050,6.564,0.49900,0.47720,12.060,5.080,6.980,0.34900,0.51930,0.40314,6.666,0.51211,0.47720,12.247,2026-06,False,1.01551,1.572,3.0969
2250965,2026-06-11,2026-06,LAD,PIT,823371,8,6,games,5,4,games,,,,9.5,0.1524,0.1536,50.78,33.97,59.92,0.50490,4.791,0.35330,0.65980,8.840,4.780,4.050,0.53160,0.38520,0.50312,4.865,0.36226,0.65980,8.977,2026-06,False,1.01551,1.572,3.0969
2250966,2026-06-11,2026-06,SEA,BAL,824827,5,7,games,5,7,games,,,,8.5,0.1544,0.1569,46.77,37.78,55.31,0.46600,4.856,0.48060,0.62100,9.010,4.650,4.360,0.49510,0.49090,0.47835,4.931,0.49030,0.62100,9.150,2026-06,False,1.01551,1.572,3.0969
2250968,2026-06-12,2026-06,MIA,PIT,823370,8,3,games,2,2,games,,,,8.5,0.1559,0.1594,38.92,45.49,46.11,0.38920,4.803,0.47290,0.54640,9.030,4.080,4.950,0.39510,0.49320,0.42881,4.877,0.48248,0.54640,9.170,2026-06,False,1.01551,1.572,3.0969
2250969,2026-06-12,2026-06,SEA,WSH,822726,10,2,games,8,1,games,,,,9.5,0.1475,0.1453,52.20,33.05,61.23,0.51880,4.883,0.36410,0.67130,9.050,5.060,3.990,0.55820,0.40320,0.51196,4.959,0.37332,0.67130,9.190,2026-06,False,1.01551,1.572,3.0969
2250970,2026-06-12,2026-06,SD,BAL,824826,3,7,games,3,7,games,,,,9.5,0.1512,0.1515,37.36,47.52,44.02,0.39130,5.283,0.41260,0.53870,9.790,4.420,5.370,0.39650,0.46280,0.43019,5.365,0.42293,0.53870,9.942,2026-06,False,1.01551,1.572,3.0969
2250971,2026-06-12,2026-06,DET,CLE,824425,2,3,games,1,2,games,,,,8.5,0.1638,0.1726,38.65,44.96,46.23,0.39760,4.589,0.44540,0.56010,8.610,3.930,4.670,0.40450,0.45660,0.43431,4.660,0.45450,0.56010,8.744,2026-06,False,1.01551,1.572,3.0969
2250972,2026-06-12,2026-06,TEX,BOS,824752,1,10,games,1,6,games,,,,8.5,0.1681,0.1796,41.28,41.91,49.62,0.39820,4.541,0.43950,0.56050,8.490,3.920,4.580,0.41100,0.44730,0.43470,4.611,0.44848,0.56050,8.622,2026-06,False,1.01551,1.572,3.0969
2250973,2026-06-12,2026-06,ATL,NYM,823617,5,7,games,3,7,games,,,,8.0,0.1615,0.1688,43.29,40.56,51.63,0.42920,5.019,0.49970,0.58230,9.300,4.520,4.780,0.44860,0.55320,0.45478,5.097,0.50973,0.58230,9.444,2026-06,False,1.01551,1.572,3.0969
2250974,2026-06-12,2026-06,NYY,TOR,822803,5,8,games,3,7,games,,,,8.0,0.1660,0.1762,46.42,36.99,55.65,0.41950,4.499,0.43410,0.58390,8.330,3.960,4.370,0.43260,0.47260,0.44852,4.569,0.44298,0.58390,8.459,2026-06,False,1.01551,1.572,3.0969
2250975,2026-06-12,2026-06,LAD,CWS,824588,2,8,games,2,8,games,,,,9.0,0.1588,0.1641,46.03,38.09,54.72,0.47290,4.502,0.37550,0.63570,8.400,4.340,4.060,0.49490,0.39360,0.48275,4.572,0.38408,0.63570,8.530,2026-06,False,1.01551,1.572,3.0969
2250976,2026-06-12,2026-06,PHI,MIL,823778,0,6,games,0,5,games,,,,7.5,0.1606,0.1672,32.03,51.91,38.16,0.37690,3.654,0.38480,0.56610,6.880,3.100,3.780,0.39850,0.37490,0.42072,3.711,0.39181,0.56610,6.987,2026-06,False,1.01551,1.572,3.0969
2250977,2026-06-12,2026-06,HOU,KC,824102,10,8,games,9,5,games,,,,9.5,0.1592,0.1648,44.70,39.38,53.16,0.44960,5.040,0.38370,0.60260,9.380,4.680,4.700,0.47050,0.43020,0.46787,5.118,0.39337,0.60260,9.525,2026-06,False,1.01551,1.572,3.0969
2250978,2026-06-12,2026-06,STL,MIN,823695,8,9,games,3,2,games,,,,9.0,0.1553,0.1584,36.20,48.26,42.86,0.34860,4.844,0.41860,0.50350,9.090,3.810,5.290,0.34540,0.45220,0.40186,4.919,0.42810,0.50350,9.231,2026-06,False,1.01551,1.572,3.0969
2250979,2026-06-12,2026-06,TB,LAA,824020,3,4,games,2,4,games,,,,9.0,0.1623,0.1701,44.60,39.17,53.24,0.42780,4.245,0.34330,0.59810,8.000,3.920,4.070,0.45600,0.35890,0.45388,4.311,0.35115,0.59810,8.124,2026-06,False,1.01551,1.572,3.0969
2250980,2026-06-12,2026-06,COL,ATH,824997,4,6,games,0,2,games,,,,14.0,0.1394,0.1318,33.45,52.61,38.87,0.39560,5.679,0.22910,0.53590,10.600,4.840,5.760,0.41510,0.23540,0.43300,5.767,0.23781,0.53590,10.764,2026-06,False,1.01551,1.572,3.0969
2250981,2026-06-12,2026-06,CHC,SF,823211,5,1,games,5,0,games,,,,8.5,0.1618,0.1693,44.30,39.52,52.85,0.42800,4.382,0.41820,0.59450,8.200,3.950,4.240,0.44350,0.42030,0.45401,4.450,0.42679,0.59450,8.327,2026-06,False,1.01551,1.572,3.0969
2250982,2026-06-13,2026-06,STL,MIN,823694,9,6,games,4,4,games,,,,9.5,0.1509,0.1511,42.09,42.82,49.57,0.41500,5.140,0.39560,0.56530,9.590,4.540,5.050,0.42990,0.44740,0.44561,5.220,0.40555,0.56530,9.739,2026-06,False,1.01551,1.572,3.0969
2250983,2026-06-13,2026-06,NYY,TOR,822802,3,1,games,1,1,games,,,,7.5,0.1653,0.1750,46.52,36.95,55.73,0.46080,4.321,0.47860,0.62810,7.990,4.100,3.900,0.48840,0.48180,0.47503,4.388,0.48723,0.62810,8.114,2026-06,False,1.01551,1.572,3.0969
2250984,2026-06-13,2026-06,SD,BAL,824828,9,3,games,6,2,games,,,,10.0,0.1516,0.1522,40.85,43.99,48.15,0.42890,5.354,0.42070,0.57580,9.900,4.760,5.140,0.44260,0.43780,0.45459,5.437,0.43121,0.57580,10.054,2026-06,False,1.01551,1.572,3.0969
2250985,2026-06-13,2026-06,SEA,WSH,822725,3,8,games,3,5,games,,,,9.0,0.1454,0.1419,45.15,40.31,52.83,0.44580,5.495,0.49600,0.58960,10.180,5.020,5.150,0.45890,0.53770,0.46544,5.580,0.50698,0.58960,10.338,2026-06,False,1.01551,1.572,3.0969
2250986,2026-06-13,2026-06,MIA,PIT,823369,2,3,games,1,2,games,,,,9.5,0.1563,0.1600,47.68,36.69,56.52,0.47880,4.666,0.33740,0.63780,8.740,4.590,4.150,0.50670,0.37770,0.48651,4.738,0.34598,0.63780,8.876,2026-06,False,1.01551,1.572,3.0969
2250987,2026-06-13,2026-06,DET,CLE,824426,1,3,games,1,3,games,,,,7.5,0.1650,0.1746,49.20,34.30,58.92,0.50210,4.239,0.46680,0.67010,7.940,4.360,3.580,0.54280,0.47670,0.50134,4.305,0.47525,0.67010,8.063,2026-06,False,1.01551,1.572,3.0969
2250988,2026-06-13,2026-06,TEX,BOS,824749,3,6,games,2,2,games,,,,7.5,0.1725,0.1871,42.23,40.52,51.03,0.42650,4.358,0.48310,0.59350,8.150,3.960,4.190,0.44800,0.49620,0.45304,4.426,0.49180,0.59350,8.276,2026-06,False,1.01551,1.572,3.0969
2250989,2026-06-13,2026-06,ATL,NYM,823616,3,1,games,2,0,games,,,,8.5,0.1588,0.1642,47.71,36.41,56.72,0.45240,4.789,0.47120,0.60960,8.880,4.510,4.370,0.48150,0.48080,0.46967,4.863,0.48075,0.60960,9.018,2026-06,False,1.01551,1.572,3.0969
2250990,2026-06-13,2026-06,LAD,CWS,824587,7,1,games,4,0,games,,,,8.5,0.1633,0.1718,49.18,34.49,58.78,0.49020,4.179,0.39070,0.66030,7.800,4.170,3.630,0.52120,0.38440,0.49377,4.244,0.39876,0.66030,7.921,2026-06,False,1.01551,1.572,3.0969
2250991,2026-06-13,2026-06,HOU,KC,824100,8,7,games,4,4,games,,,,9.5,0.1584,0.1635,36.72,47.44,43.63,0.33340,4.943,0.37190,0.48520,9.270,3.750,5.520,0.32580,0.42070,0.39156,5.020,0.38130,0.48520,9.414,2026-06,False,1.01551,1.572,3.0969
2250992,2026-06-13,2026-06,PHI,MIL,823776,9,8,games,3,3,games,,,,8.5,0.1585,0.1637,36.49,47.66,43.36,0.36860,4.763,0.46740,0.52670,8.830,3.850,4.980,0.37320,0.47500,0.41523,4.837,0.47689,0.52670,8.967,2026-06,False,1.01551,1.572,3.0969
2250993,2026-06-13,2026-06,COL,ATH,824995,5,7,games,5,4,games,,,,14.5,0.1266,0.1106,43.31,44.03,49.58,0.49220,8.359,0.47510,0.60490,15.360,8.010,7.350,0.49310,0.49940,0.49504,8.489,0.49179,0.60490,15.598,2026-06,False,1.01551,1.572,3.0969
2250994,2026-06-13,2026-06,CHC,SF,823213,6,1,games,6,1,games,,,,8.0,0.1720,0.1862,47.52,35.27,57.40,0.45880,3.836,0.34450,0.64000,7.220,3.730,3.500,0.49320,0.36980,0.47376,3.895,0.35160,0.64000,7.332,2026-06,False,1.01551,1.572,3.0969
2250995,2026-06-13,2026-06,TB,LAA,824019,0,8,games,0,1,games,,,,8.5,0.1564,0.1601,41.73,42.64,49.46,0.41850,4.677,0.45660,0.57820,8.760,4.190,4.570,0.43620,0.47080,0.44788,4.750,0.46590,0.57820,8.896,2026-06,False,1.01551,1.572,3.0969
2250996,2026-06-14,2026-06,MIA,PIT,823368,4,2,games,2,1,games,,,,7.0,0.1623,0.1699,42.72,41.05,51.00,0.42190,4.424,0.49200,0.58780,8.340,4.020,4.330,0.44160,0.56720,0.45007,4.493,0.50084,0.58780,8.469,2026-06,False,1.01551,1.572,3.0969
2250997,2026-06-14,2026-06,SD,BAL,824823,5,2,games,2,1,games,,,,10.5,0.1530,0.1545,41.68,43.03,49.20,0.43520,5.156,0.34680,0.58570,9.550,4.650,4.890,0.45460,0.37620,0.45864,5.236,0.35638,0.58570,9.698,2026-06,False,1.01551,1.572,3.0969
2250998,2026-06-14,2026-06,SEA,WSH,822722,1,10,games,1,6,games,,,,10.5,0.1422,0.1366,53.86,31.92,62.79,0.46900,4.894,0.31650,0.62360,9.120,4.710,4.410,0.49980,0.34150,0.48026,4.970,0.32527,0.62360,9.261,2026-06,False,1.01551,1.572,3.0969
2250999,2026-06-14,2026-06,NYY,TOR,822801,8,3,games,2,2,games,,,,8.5,0.1528,0.1542,48.51,36.21,57.26,0.46720,4.956,0.49140,0.62060,9.110,4.660,4.450,0.48710,0.49950,0.47912,5.033,0.50130,0.62060,9.251,2026-06,False,1.01551,1.572,3.0969
2251001,2026-06-14,2026-06,ATL,NYM,823615,1,8,games,1,6,games,,,,8.5,0.1595,0.1653,47.58,36.48,56.60,0.47440,4.941,0.48950,0.62800,9.120,4.790,4.340,0.50790,0.50080,0.48371,5.018,0.49937,0.62800,9.261,2026-06,False,1.01551,1.572,3.0969
2251002,2026-06-14,2026-06,HOU,KC,824099,0,4,games,0,4,games,,,,8.5,0.1704,0.1836,43.46,39.50,52.39,0.42760,4.285,0.40570,0.59670,8.050,3.920,4.130,0.45060,0.40820,0.45375,4.351,0.41404,0.59670,8.175,2026-06,False,1.01551,1.572,3.0969
2251003,2026-06-14,2026-06,STL,MIN,823693,4,5,games,1,2,games,,,,9.5,0.1536,0.1556,44.83,39.80,52.97,0.43710,4.990,0.37720,0.59020,9.320,4.580,4.740,0.45880,0.42490,0.45986,5.067,0.38673,0.59020,9.465,2026-06,False,1.01551,1.572,3.0969
2251004,2026-06-14,2026-06,LAD,CWS,824586,4,6,games,1,0,games,,,,9.5,0.1552,0.1582,49.20,35.28,58.24,0.39720,4.051,0.26260,0.57370,7.640,3.480,4.160,0.40610,0.28350,0.43405,4.114,0.26926,0.57370,7.758,2026-06,False,1.01551,1.572,3.0969
2251005,2026-06-14,2026-06,PHI,MIL,823777,0,4,games,0,4,games,,,,6.5,0.1629,0.1710,37.90,45.82,45.27,0.45570,4.019,0.50450,0.63150,7.470,3.850,3.620,0.49070,0.54440,0.47178,4.081,0.51253,0.63150,7.586,2026-06,False,1.01551,1.572,3.0969
2251006,2026-06-14,2026-06,COL,ATH,824994,23,9,games,14,8,games,,,,14.0,0.1439,0.1394,38.95,46.65,45.50,0.44630,6.286,0.28560,0.57900,11.660,5.760,5.900,0.47340,0.30240,0.46576,6.383,0.29639,0.57900,11.841,2026-06,False,1.01551,1.572,3.0969
2251007,2026-06-14,2026-06,CHC,SF,823212,1,5,games,0,3,games,,,,8.0,0.1624,0.1702,39.22,44.54,46.82,0.34990,4.590,0.44600,0.51040,8.600,3.570,5.040,0.34100,0.49540,0.40274,4.661,0.45510,0.51040,8.733,2026-06,False,1.01551,1.572,3.0969
2251008,2026-06-14,2026-06,TB,LAA,824021,8,3,games,3,3,games,,,,9.0,0.1465,0.1437,50.26,35.09,58.88,0.48730,5.201,0.46160,0.63540,9.670,5.140,4.530,0.52040,0.49870,0.49192,5.282,0.47196,0.63540,9.820,2026-06,False,1.01551,1.572,3.0969
2251009,2026-06-14,2026-06,TEX,BOS,824751,6,4,games,6,2,games,,,,9.5,0.1671,0.1781,41.33,41.95,49.63,0.42720,4.637,0.33420,0.58770,8.650,4.200,4.450,0.44920,0.36970,0.45349,4.709,0.34269,0.58770,8.784,2026-06,False,1.01551,1.572,3.0969
2251010,2026-06-15,2026-06,MIA,PHI,823452,0,7,games,0,5,games,,,,8.0,0.1632,0.1715,34.28,49.40,40.96,0.31650,4.853,0.47830,0.47020,9.090,3.570,5.510,0.30830,0.53460,0.37995,4.928,0.48799,0.47020,9.231,2026-06,False,1.01551,1.572,3.0969
2251011,2026-06-15,2026-06,KC,WSH,822724,3,7,games,3,7,games,,,,9.5,0.1427,0.1374,37.27,48.46,43.47,0.41150,5.567,0.44440,0.55400,10.390,4.860,5.530,0.41980,0.50910,0.44335,5.653,0.45543,0.55400,10.551,2026-06,False,1.01551,1.572,3.0969
2251012,2026-06-15,2026-06,NYM,CIN,824505,0,12,games,0,9,games,,,,8.5,0.1655,0.1754,39.85,43.60,47.76,0.39720,4.283,0.40450,0.56560,8.000,3.680,4.320,0.40970,0.40320,0.43405,4.349,0.41283,0.56560,8.124,2026-06,False,1.01551,1.572,3.0969
2251013,2026-06-15,2026-06,SD,STL,823046,0,3,games,0,3,games,,,,8.5,0.1641,0.1730,39.06,44.53,46.72,0.40710,4.211,0.39610,0.57900,7.940,3.710,4.230,0.42080,0.39830,0.44049,4.276,0.40425,0.57900,8.063,2026-06,False,1.01551,1.572,3.0969
2251014,2026-06-15,2026-06,COL,CHC,824666,4,5,games,0,1,games,,,,9.5,0.1506,0.1506,31.83,53.11,37.48,0.35550,5.469,0.43440,0.49810,10.210,4.320,5.890,0.35170,0.49570,0.40650,5.554,0.44520,0.49810,10.368,2026-06,False,1.01551,1.572,3.0969
2251015,2026-06-15,2026-06,MIN,TEX,822887,4,2,games,3,2,games,,,,8.5,0.1842,0.2066,45.50,36.08,55.78,0.44580,3.939,0.35770,0.62400,7.420,3.770,3.650,0.48170,0.34970,0.46544,4.000,0.36509,0.62400,7.535,2026-06,False,1.01551,1.572,3.0969
2251016,2026-06-15,2026-06,DET,HOU,824181,9,3,games,6,3,games,,,,9.0,0.1632,0.1716,44.81,38.87,53.55,0.41610,4.675,0.39760,0.57670,8.740,4.120,4.620,0.42610,0.42270,0.44633,4.748,0.40666,0.57670,8.876,2026-06,False,1.01551,1.572,3.0969
2251017,2026-06-15,2026-06,PIT,ATH,824993,2,11,games,1,6,games,,,,10.0,0.1428,0.1375,38.16,47.56,44.51,0.38590,5.924,0.48460,0.52290,11.030,4.950,6.080,0.39060,0.52220,0.42665,6.016,0.49643,0.52290,11.201,2026-06,False,1.01551,1.572,3.0969
2251018,2026-06-15,2026-06,TB,LAD,823938,3,4,games,3,3,games,,,,9.5,0.1563,0.1601,40.63,43.74,48.16,0.40080,4.707,0.34300,0.56050,8.750,4.080,4.670,0.41990,0.37820,0.43639,4.780,0.35171,0.56050,8.886,2026-06,False,1.01551,1.572,3.0969
2251019,2026-06-16,2026-06,MIA,PHI,823451,2,8,games,0,8,games,,,,8.5,0.1635,0.1720,44.30,39.36,52.95,0.42600,4.728,0.46290,0.58430,8.810,4.280,4.530,0.44750,0.47440,0.45272,4.801,0.47232,0.58430,8.947,2026-06,False,1.01551,1.572,3.0969
2251020,2026-06-16,2026-06,KC,WSH,822723,4,6,games,1,3,games,,,,8.5,0.1507,0.1506,39.70,45.23,46.75,0.41690,5.162,0.51760,0.56600,9.640,4.570,5.070,0.42970,0.54230,0.44684,5.242,0.52790,0.56600,9.790,2026-06,False,1.01551,1.572,3.0969
2251021,2026-06-16,2026-06,TOR,BOS,824750,6,1,games,3,0,games,,,,7.5,0.1781,0.1963,40.93,41.26,49.80,0.40710,4.029,0.43920,0.58320,7.570,3.570,4.000,0.42810,0.44270,0.44049,4.091,0.44717,0.58320,7.687,2026-06,False,1.01551,1.572,3.0969
2251022,2026-06-16,2026-06,CWS,NYY,823535,2,12,games,1,11,games,,,,8.0,0.1633,0.1717,37.99,45.68,45.40,0.38520,4.383,0.41820,0.55230,8.220,3.770,4.450,0.40720,0.46220,0.42619,4.451,0.42679,0.55230,8.347,2026-06,False,1.01551,1.572,3.0969
2251023,2026-06-16,2026-06,NYM,CIN,824504,3,5,games,1,5,games,,,,10.0,0.1418,0.1358,40.66,45.16,47.38,0.41380,5.945,0.48710,0.55120,10.930,5.090,5.840,0.41800,0.51380,0.44484,6.037,0.49898,0.55120,11.100,2026-06,False,1.01551,1.572,3.0969
2251024,2026-06-16,2026-06,SF,ATL,824912,7,2,games,5,2,games,,,,9.0,0.1589,0.1644,36.86,47.25,43.82,0.38590,5.289,0.47270,0.53350,9.890,4.400,5.490,0.38470,0.51580,0.42665,5.371,0.48325,0.53350,10.043,2026-06,False,1.01551,1.572,3.0969
2251025,2026-06-16,2026-06,CLE,MIL,823775,1,2,games,0,1,games,,,,8.0,0.1517,0.1524,43.40,41.43,51.16,0.43300,4.968,0.49380,0.58610,9.210,4.520,4.690,0.45720,0.54650,0.45723,5.045,0.50373,0.58610,9.353,2026-06,False,1.01551,1.572,3.0969
2251026,2026-06-16,2026-06,SD,STL,823045,2,3,games,1,3,games,,,,8.0,0.1669,0.1778,42.34,40.96,50.83,0.42700,4.274,0.40380,0.59660,8.050,3.890,4.160,0.44520,0.44710,0.45336,4.340,0.41211,0.59660,8.175,2026-06,False,1.01551,1.572,3.0969
2251027,2026-06-16,2026-06,COL,CHC,824667,5,2,games,5,2,games,,,,10.0,0.1562,0.1598,45.74,38.64,54.21,0.49840,5.129,0.39350,0.64740,9.530,5.160,4.360,0.53290,0.40790,0.49898,5.209,0.40341,0.64740,9.678,2026-06,False,1.01551,1.572,3.0969
2251028,2026-06-16,2026-06,MIN,TEX,822888,12,2,games,10,2,games,,,,8.5,0.1771,0.1947,40.55,41.74,49.28,0.41060,4.207,0.39560,0.58180,7.910,3.750,4.170,0.43080,0.39460,0.44276,4.272,0.40374,0.58180,8.033,2026-06,False,1.01551,1.572,3.0969
2251029,2026-06-16,2026-06,DET,HOU,824182,2,4,games,1,1,games,,,,8.5,0.1628,0.1708,35.02,48.71,41.83,0.36140,4.244,0.39920,0.53120,8.000,3.420,4.580,0.36220,0.40260,0.41044,4.310,0.40743,0.53120,8.124,2026-06,False,1.01551,1.572,3.0969
2251030,2026-06-16,2026-06,PIT,ATH,824991,6,5,games,1,4,games,,,,11.0,0.1408,0.1342,41.88,44.04,48.74,0.42810,6.240,0.46590,0.56140,11.600,5.570,6.030,0.44330,0.48820,0.45407,6.337,0.47834,0.56140,11.780,2026-06,False,1.01551,1.572,3.0969
2251031,2026-06-16,2026-06,BAL,SEA,823128,1,3,games,1,1,games,,,,7.5,0.1739,0.1894,40.47,42.14,48.99,0.40540,3.753,0.39990,0.59080,7.090,3.360,3.730,0.43140,0.39610,0.43939,3.811,0.40718,0.59080,7.200,2026-06,False,1.01551,1.572,3.0969
2251032,2026-06-16,2026-06,TB,LAD,823939,0,1,games,0,0,games,,,,8.0,0.1678,0.1792,40.01,43.21,48.08,0.41520,4.167,0.38860,0.58870,7.780,3.750,4.030,0.44340,0.42220,0.44574,4.232,0.39662,0.58870,7.901,2026-06,False,1.01551,1.572,3.0969
2251033,2026-06-17,2026-06,NYM,CIN,824503,9,1,games,7,1,games,,,,9.0,0.1547,0.1573,46.53,38.00,55.05,0.45860,4.855,0.42030,0.61420,8.970,4.570,4.410,0.48340,0.44300,0.47363,4.930,0.42983,0.61420,9.109,2026-06,False,1.01551,1.572,3.0969
2251034,2026-06-17,2026-06,KC,WSH,822721,6,2,games,4,0,games,,,,10.5,0.1378,0.1292,38.33,47.89,44.45,0.38350,6.129,0.45400,0.51720,11.420,5.060,6.350,0.38350,0.51530,0.42507,6.224,0.46618,0.51720,11.597,2026-06,False,1.01551,1.572,3.0969
2251035,2026-06-17,2026-06,MIA,PHI,823450,12,4,games,6,4,games,,,,9.5,0.1512,0.1515,47.75,37.14,56.25,0.44160,5.341,0.41870,0.58820,9.900,4.890,5.010,0.46190,0.47110,0.46275,5.424,0.42918,0.58820,10.054,2026-06,False,1.01551,1.572,3.0969
2251036,2026-06-17,2026-06,DET,HOU,824178,2,4,games,0,3,games,,,,8.5,0.1680,0.1795,45.14,38.06,54.26,0.45990,4.195,0.39270,0.63200,7.860,4.040,3.830,0.49010,0.38970,0.47446,4.260,0.40080,0.63200,7.982,2026-06,False,1.01551,1.572,3.0969
2251037,2026-06-17,2026-06,SD,STL,823044,6,1,games,3,1,games,,,,10.0,0.1551,0.1580,41.57,42.93,49.19,0.48710,4.520,0.31990,0.64880,8.430,4.480,3.950,0.51530,0.31930,0.49179,4.590,0.32804,0.64880,8.561,2026-06,False,1.01551,1.572,3.0969
2251038,2026-06-17,2026-06,TB,LAD,823940,4,5,games,4,3,games,,,,7.0,0.1682,0.1799,34.84,48.34,41.88,0.35000,4.175,0.45820,0.52190,7.840,3.330,4.510,0.35860,0.52080,0.40281,4.240,0.46650,0.52190,7.962,2026-06,False,1.01551,1.572,3.0969
2251039,2026-06-17,2026-06,TOR,BOS,824746,3,0,games,2,0,games,,,,10.0,0.1544,0.1569,37.56,47.00,44.42,0.46030,4.474,0.31490,0.62470,8.340,4.280,4.060,0.49250,0.31140,0.47471,4.543,0.32290,0.62470,8.469,2026-06,False,1.01551,1.572,3.0969
2251040,2026-06-17,2026-06,CWS,NYY,823536,5,10,games,3,9,games,,,,8.5,0.1520,0.1529,34.84,49.96,41.08,0.34950,4.596,0.44660,0.51000,8.590,3.670,4.930,0.35980,0.45520,0.40247,4.667,0.45571,0.51000,8.723,2026-06,False,1.01551,1.572,3.0969
2251041,2026-06-17,2026-06,SF,ATL,824913,7,5,games,5,0,games,,,,9.0,0.1638,0.1725,38.68,44.94,46.26,0.40630,4.915,0.42820,0.56090,9.210,4.260,4.950,0.41200,0.46200,0.43997,4.991,0.43788,0.56090,9.353,2026-06,False,1.01551,1.572,3.0969
2251042,2026-06-17,2026-06,CLE,MIL,823774,4,9,games,4,7,games,,,,7.5,0.1614,0.1686,44.40,39.45,52.95,0.45650,4.573,0.51020,0.61720,8.500,4.370,4.140,0.49040,0.52680,0.47229,4.644,0.51933,0.61720,8.632,2026-06,False,1.01551,1.572,3.0969
2251043,2026-06-17,2026-06,COL,CHC,824668,6,8,games,2,8,games,,,,10.0,0.1578,0.1625,35.35,48.88,41.97,0.40820,4.617,0.33160,0.56990,8.670,4.080,4.580,0.42870,0.33860,0.44121,4.689,0.34003,0.56990,8.804,2026-06,False,1.01551,1.572,3.0969
2251044,2026-06-17,2026-06,PIT,ATH,824992,12,4,games,7,0,games,,,,10.0,0.1405,0.1337,48.64,37.31,56.59,0.49950,6.113,0.50530,0.63380,11.340,6.080,5.260,0.52610,0.54340,0.49968,6.208,0.51751,0.63380,11.516,2026-06,False,1.01551,1.572,3.0969
2251045,2026-06-17,2026-06,BAL,SEA,823127,5,3,games,2,1,games,,,,7.5,0.1635,0.1720,40.40,43.25,48.29,0.40720,4.331,0.47970,0.57530,8.120,3.810,4.310,0.42300,0.49270,0.44056,4.398,0.48835,0.57530,8.246,2026-06,False,1.01551,1.572,3.0969
2251046,2026-06-18,2026-06,TOR,BOS,824748,4,3,games,2,0,games,,,,9.5,0.1713,0.1851,43.93,38.93,53.02,0.42730,4.358,0.30090,0.59470,8.160,3.970,4.180,0.45210,0.32720,0.45356,4.426,0.30854,0.59470,8.287,2026-06,False,1.01551,1.572,3.0969
2251047,2026-06-18,2026-06,CLE,MIL,823772,4,2,games,1,2,games,,,,7.5,0.1662,0.1766,43.14,40.23,51.75,0.43040,4.242,0.46770,0.60180,7.940,3.920,4.010,0.46220,0.47630,0.45555,4.308,0.47615,0.60180,8.063,2026-06,False,1.01551,1.572,3.0969
2251048,2026-06-18,2026-06,MIN,TEX,822889,9,3,games,6,0,games,,,,7.5,0.1775,0.1954,46.28,35.97,56.27,0.47240,4.063,0.44370,0.64630,7.630,4.040,3.590,0.51370,0.44770,0.48243,4.126,0.45175,0.64630,7.748,2026-06,False,1.01551,1.572,3.0969
2251049,2026-06-18,2026-06,BAL,SEA,823125,0,3,games,0,3,games,,,,7.5,0.1725,0.1870,39.52,43.23,47.76,0.39620,3.851,0.41350,0.57790,7.280,3.380,3.900,0.41840,0.41300,0.43339,3.911,0.42103,0.57790,7.393,2026-06,False,1.01551,1.572,3.0969
2251050,2026-06-18,2026-06,NYM,PHI,823448,6,4,games,3,3,games,,,,10.0,0.1537,0.1557,42.72,41.91,50.47,0.44550,5.417,0.42900,0.59080,9.980,4.920,5.060,0.46170,0.44410,0.46525,5.501,0.43968,0.59080,10.135,2026-06,False,1.01551,1.572,3.0969
2251051,2026-06-18,2026-06,CWS,NYY,823533,5,1,games,1,1,games,,,,9.5,0.1485,0.1470,41.00,44.15,48.15,0.42620,4.537,0.32170,0.58990,8.470,4.170,4.300,0.45960,0.35500,0.45285,4.607,0.32989,0.58990,8.601,2026-06,False,1.01551,1.572,3.0969
2251053,2026-06-18,2026-06,STL,KC,824098,6,14,games,4,11,games,,,,9.0,0.1599,0.1661,39.41,44.60,46.91,0.37490,4.768,0.40890,0.53120,8.980,3.970,5.010,0.37980,0.44380,0.41940,4.842,0.41820,0.53120,9.119,2026-06,False,1.01551,1.572,3.0969
2251054,2026-06-18,2026-06,LAA,ATH,824989,0,5,games,0,5,games,,,,10.0,0.1526,0.1539,38.52,46.22,45.45,0.32440,6.455,0.53940,0.45040,12.000,4.760,7.240,0.30690,0.58430,0.38540,6.555,0.55221,0.45040,12.186,2026-06,False,1.01551,1.572,3.0969
2251055,2026-06-19,2026-06,TOR,CHC,824663,2,16,games,1,7,games,,,,7.0,0.1691,0.1813,37.23,45.86,44.81,0.40160,4.181,0.45980,0.57420,7.840,3.650,4.190,0.41920,0.52160,0.43692,4.246,0.46812,0.57420,7.962,2026-06,False,1.01551,1.572,3.0969
2251056,2026-06-19,2026-06,CWS,DET,824264,3,4,games,2,2,games,,,,8.0,0.1637,0.1724,35.88,47.74,42.91,0.33760,4.168,0.38880,0.51060,7.910,3.290,4.620,0.34630,0.43330,0.39442,4.233,0.39683,0.51060,8.033,2026-06,False,1.01551,1.572,3.0969
2251057,2026-06-19,2026-06,CIN,NYY,823534,0,5,games,0,4,games,,,,9.0,0.1512,0.1515,32.15,52.73,37.87,0.34020,4.754,0.40780,0.49610,8.820,3.650,5.170,0.33890,0.42900,0.39619,4.828,0.41707,0.49610,8.957,2026-06,False,1.01551,1.572,3.0969
2251058,2026-06-19,2026-06,WSH,TB,822966,2,5,games,2,4,games,,,,8.5,0.1578,0.1625,42.11,42.11,50.00,0.42550,4.583,0.44450,0.58690,8.620,4.170,4.450,0.44410,0.45930,0.45240,4.654,0.45358,0.58690,8.754,2026-06,False,1.01551,1.572,3.0969
2251059,2026-06-19,2026-06,SF,MIA,823853,3,4,games,1,2,games,,,,8.0,0.1723,0.1867,33.07,49.70,39.95,0.34750,3.956,0.36040,0.52680,7.520,3.180,4.350,0.35610,0.39780,0.40112,4.017,0.36784,0.52680,7.637,2026-06,False,1.01551,1.572,3.0969
2251060,2026-06-19,2026-06,MIL,ATL,824910,2,3,games,1,0,games,,,,7.5,0.1781,0.1963,42.93,39.26,52.23,0.45920,3.800,0.40610,0.64130,7.140,3.680,3.460,0.49150,0.40050,0.47401,3.859,0.41350,0.64130,7.251,2026-06,False,1.01551,1.572,3.0969
2251061,2026-06-19,2026-06,SD,TEX,822886,7,9,games,6,7,games,,,,7.0,0.1799,0.1994,37.16,44.85,45.31,0.37370,4.147,0.45470,0.54610,7.810,3.450,4.360,0.38370,0.51930,0.41861,4.211,0.46294,0.54610,7.931,2026-06,False,1.01551,1.572,3.0969
2251062,2026-06-19,2026-06,CLE,HOU,824179,3,9,games,3,2,games,,,,8.5,0.1579,0.1628,44.80,39.41,53.20,0.44000,4.782,0.46990,0.59680,8.940,4.410,4.530,0.45850,0.48560,0.46172,4.856,0.47943,0.59680,9.079,2026-06,False,1.01551,1.572,3.0969
2251063,2026-06-19,2026-06,STL,KC,824097,5,6,games,2,5,games,,,,9.0,0.1597,0.1657,42.95,41.08,51.12,0.41990,4.731,0.40460,0.57820,8.890,4.260,4.630,0.43700,0.43600,0.44878,4.804,0.41381,0.57820,9.028,2026-06,False,1.01551,1.572,3.0969
2251064,2026-06-19,2026-06,PIT,COL,824345,3,4,games,0,2,games,,,,11.5,0.1326,0.1206,49.40,37.34,56.95,0.46250,6.786,0.46900,0.58860,12.530,6.400,6.130,0.49380,0.51170,0.47612,6.891,0.48253,0.58860,12.724,2026-06,False,1.01551,1.572,3.0969
2251065,2026-06-19,2026-06,LAA,ATH,824990,11,12,games,10,4,games,,,,10.0,0.1417,0.1356,45.01,40.82,52.44,0.48170,6.181,0.51230,0.61510,11.410,5.930,5.480,0.49990,0.54830,0.48836,6.277,0.52464,0.61510,11.587,2026-06,False,1.01551,1.572,3.0969
2251066,2026-06-19,2026-06,BAL,LAD,823936,5,6,games,0,3,games,,,,9.0,0.1503,0.1501,36.70,48.26,43.20,0.36630,5.181,0.45980,0.51550,9.570,4.140,5.430,0.36580,0.49140,0.41370,5.261,0.47011,0.51550,9.718,2026-06,False,1.01551,1.572,3.0969
2251067,2026-06-19,2026-06,BOS,SEA,823124,6,2,games,1,0,games,,,,6.5,0.1880,0.2129,35.26,45.94,43.42,0.35210,3.392,0.41160,0.55240,6.480,2.780,3.710,0.36700,0.44260,0.40422,3.445,0.41822,0.55240,6.581,2026-06,False,1.01551,1.572,3.0969
2251068,2026-06-20,2026-06,CWS,DET,824263,1,4,games,1,1,games,,,,9.0,0.1694,0.1819,37.45,45.61,45.09,0.38420,4.094,0.32350,0.55880,7.770,3.550,4.230,0.40580,0.33890,0.42553,4.157,0.33090,0.55880,7.891,2026-06,False,1.01551,1.572,3.0969
2251069,2026-06-20,2026-06,CIN,NYY,823532,10,2,games,6,1,games,,,,9.5,0.1519,0.1526,38.07,46.74,44.89,0.40530,4.967,0.37550,0.55890,9.150,4.260,4.890,0.41910,0.41080,0.43932,5.044,0.38497,0.55890,9.292,2026-06,False,1.01551,1.572,3.0969
2251070,2026-06-20,2026-06,TOR,CHC,824665,8,6,games,0,3,games,,,,9.0,0.1540,0.1562,40.91,43.69,48.36,0.42550,5.321,0.47630,0.57340,9.850,4.710,5.140,0.43500,0.51300,0.45240,5.404,0.48692,0.57340,10.003,2026-06,False,1.01551,1.572,3.0969
2251071,2026-06-20,2026-06,SD,TEX,822885,6,4,games,1,0,games,,,,7.5,0.1774,0.1951,41.54,40.73,50.49,0.40120,3.951,0.42760,0.58080,7.460,3.480,3.980,0.42160,0.43040,0.43665,4.012,0.43538,0.58080,7.576,2026-06,False,1.01551,1.572,3.0969
2251072,2026-06-20,2026-06,WSH,TB,822967,4,3,games,3,2,games,,,,8.0,0.1583,0.1634,40.92,43.25,48.61,0.41680,4.630,0.45090,0.57790,8.710,4.140,4.570,0.43140,0.50570,0.44678,4.702,0.46009,0.57790,8.845,2026-06,False,1.01551,1.572,3.0969
2251073,2026-06-20,2026-06,SF,MIA,823854,3,6,games,2,6,games,,,,8.0,0.1666,0.1772,37.08,46.26,44.49,0.39450,4.351,0.41430,0.56190,8.210,3.780,4.430,0.41050,0.46190,0.43228,4.418,0.42281,0.56190,8.337,2026-06,False,1.01551,1.572,3.0969
2251074,2026-06-20,2026-06,MIL,ATL,824909,3,4,games,0,1,games,,,,7.0,0.1743,0.1900,41.70,40.87,50.50,0.41430,4.146,0.45410,0.58710,7.770,3.660,4.110,0.42740,0.51620,0.44516,4.210,0.46234,0.58710,7.891,2026-06,False,1.01551,1.572,3.0969
2251075,2026-06-20,2026-06,CLE,HOU,824180,8,1,games,6,1,games,,,,8.5,0.1545,0.1570,38.66,45.90,45.72,0.36910,4.713,0.46170,0.52780,8.860,3.840,5.020,0.36830,0.47920,0.41556,4.786,0.47108,0.52780,8.997,2026-06,False,1.01551,1.572,3.0969
2251076,2026-06-20,2026-06,NYM,PHI,823447,3,15,games,1,13,games,,,,7.5,0.1574,0.1619,42.10,42.16,49.96,0.37210,4.790,0.53830,0.52870,8.890,3.880,5.010,0.37280,0.55920,0.41755,4.864,0.54781,0.52870,9.028,2026-06,False,1.01551,1.572,3.0969
2251077,2026-06-20,2026-06,PIT,COL,824342,1,2,games,1,2,games,,,,10.5,0.1409,0.1343,48.85,37.07,56.85,0.46260,6.096,0.45030,0.59810,11.290,5.810,5.480,0.49870,0.50600,0.47618,6.191,0.46241,0.59810,11.465,2026-06,False,1.01551,1.572,3.0969
2251078,2026-06-20,2026-06,LAA,ATH,824988,7,0,games,2,0,games,,,,10.0,0.1453,0.1417,39.91,45.56,46.69,0.41050,5.624,0.45190,0.55200,10.470,4.890,5.580,0.42070,0.48120,0.44270,5.711,0.46307,0.55200,10.632,2026-06,False,1.01551,1.572,3.0969
2251079,2026-06-20,2026-06,BAL,LAD,823937,3,2,games,3,0,games,,,,8.0,0.1603,0.1668,38.28,45.69,45.59,0.33220,4.468,0.42920,0.49590,8.330,3.390,4.940,0.33170,0.47260,0.39075,4.537,0.43800,0.49590,8.459,2026-06,False,1.01551,1.572,3.0969
2251080,2026-06-20,2026-06,BOS,SEA,823126,5,1,games,2,1,games,,,,7.0,0.1802,0.1999,37.71,44.27,46.00,0.38240,3.804,0.40640,0.56660,7.190,3.250,3.940,0.39990,0.46150,0.42435,3.863,0.41381,0.56660,7.302,2026-06,False,1.01551,1.572,3.0969
2251081,2026-06-21,2026-06,CIN,NYY,823531,4,1,games,3,1,games,,,,9.0,0.1515,0.1521,46.32,38.53,54.59,0.48900,5.097,0.44920,0.63880,9.340,5.000,4.330,0.52510,0.47250,0.49300,5.176,0.45932,0.63880,9.485,2026-06,False,1.01551,1.572,3.0969
2251082,2026-06-21,2026-06,MIL,ATL,824908,9,4,games,8,2,games,,,,9.0,0.1610,0.1679,44.74,39.16,53.32,0.41440,4.918,0.42800,0.56950,9.140,4.250,4.880,0.41680,0.45480,0.44523,4.994,0.43769,0.56950,9.282,2026-06,False,1.01551,1.572,3.0969
2251083,2026-06-21,2026-06,WSH,TB,822968,3,4,games,2,1,games,,,,8.5,0.1604,0.1668,40.88,43.08,48.69,0.40240,4.514,0.43580,0.56560,8.500,3.950,4.560,0.41530,0.44760,0.43744,4.584,0.44472,0.56560,8.632,2026-06,False,1.01551,1.572,3.0969
2251084,2026-06-21,2026-06,CWS,DET,824260,4,5,games,0,1,games,,,,8.5,0.1676,0.1789,37.25,45.98,44.75,0.36540,4.152,0.38770,0.53800,7.870,3.470,4.400,0.38180,0.39090,0.41310,4.216,0.39569,0.53800,7.992,2026-06,False,1.01551,1.572,3.0969
2251085,2026-06-21,2026-06,SF,MIA,823852,1,2,games,1,2,games,,,,8.5,0.1585,0.1637,49.06,35.09,58.30,0.52730,4.777,0.46870,0.68200,8.880,5.030,3.840,0.57280,0.47960,0.51738,4.851,0.47822,0.68200,9.018,2026-06,False,1.01551,1.572,3.0969
2251086,2026-06-21,2026-06,CLE,HOU,824177,1,2,games,1,2,games,,,,8.5,0.1546,0.1572,41.28,43.26,48.83,0.42620,4.976,0.49400,0.58040,9.310,4.470,4.830,0.44040,0.51670,0.45285,5.053,0.50394,0.58040,9.454,2026-06,False,1.01551,1.572,3.0969
2251087,2026-06-21,2026-06,STL,KC,824095,12,10,games,12,7,games,,,,9.0,0.1691,0.1813,42.38,40.71,51.01,0.41510,4.164,0.33320,0.58750,7.870,3.780,4.100,0.43950,0.34770,0.44568,4.229,0.34082,0.58750,7.992,2026-06,False,1.01551,1.572,3.0969
2251089,2026-06-21,2026-06,SD,TEX,822883,3,4,games,3,4,games,,,,8.0,0.1726,0.1872,39.53,43.21,47.78,0.42110,4.130,0.38450,0.59520,7.750,3.750,4.000,0.44530,0.41950,0.44956,4.194,0.39243,0.59520,7.870,2026-06,False,1.01551,1.572,3.0969
2251090,2026-06-21,2026-06,PIT,COL,824343,8,6,games,3,1,games,,,,11.5,0.1285,0.1137,46.17,40.98,52.98,0.42630,7.552,0.54250,0.54570,13.910,6.710,7.210,0.44610,0.59650,0.45291,7.669,0.55747,0.54570,14.126,2026-06,False,1.01551,1.572,3.0969
2251091,2026-06-21,2026-06,LAA,ATH,824987,9,7,games,4,5,games,,,,9.0,0.1461,0.1430,48.84,36.55,57.20,0.51620,5.639,0.51200,0.65610,10.410,5.740,4.670,0.55160,0.55520,0.51031,5.726,0.52326,0.65610,10.571,2026-06,False,1.01551,1.572,3.0969
2251092,2026-06-21,2026-06,BAL,LAD,823934,12,1,games,6,1,games,,,,9.0,0.1594,0.1652,40.52,43.54,48.21,0.42660,4.785,0.41140,0.58350,8.840,4.290,4.560,0.44630,0.43220,0.45311,4.859,0.42075,0.58350,8.977,2026-06,False,1.01551,1.572,3.0969
2251093,2026-06-21,2026-06,BOS,SEA,823123,1,3,games,1,2,games,,,,6.5,0.1896,0.2156,39.87,41.17,49.20,0.39980,3.548,0.43570,0.59280,6.730,3.160,3.560,0.42610,0.46880,0.43574,3.603,0.44271,0.59280,6.834,2026-06,False,1.01551,1.572,3.0969
2251094,2026-06-21,2026-06,NYM,PHI,823449,2,6,games,1,6,games,,,,8.0,0.1566,0.1605,31.75,52.59,37.64,0.32130,5.041,0.50210,0.47030,9.360,3.680,5.680,0.30760,0.55640,0.38327,5.119,0.51217,0.47030,9.505,2026-06,False,1.01551,1.572,3.0969
2251095,2026-06-22,2026-06,KC,TB,822964,2,1,games,2,1,games,,,,7.5,0.1651,0.1747,35.76,47.73,42.83,0.35990,4.170,0.45780,0.53240,7.900,3.400,4.500,0.36620,0.47280,0.40944,4.235,0.46609,0.53240,8.023,2026-06,False,1.01551,1.572,3.0969
2251096,2026-06-22,2026-06,TEX,MIA,823851,4,3,games,2,1,games,,,,8.5,0.1611,0.1680,40.12,43.77,47.83,0.42140,4.455,0.42770,0.58710,8.360,4.020,4.340,0.44100,0.43580,0.44975,4.524,0.43647,0.58710,8.490,2026-06,False,1.01551,1.572,3.0969
2251097,2026-06-22,2026-06,NYY,DET,824261,3,5,games,1,5,games,,,,8.5,0.1655,0.1754,49.13,34.32,58.88,0.45930,4.288,0.40580,0.62780,7.930,4.060,3.870,0.48760,0.39660,0.47408,4.355,0.41415,0.62780,8.053,2026-06,False,1.01551,1.572,3.0969
2251098,2026-06-22,2026-06,PHI,WSH,822720,1,4,games,0,2,games,,,,9.5,0.1510,0.1511,40.25,44.66,47.41,0.44480,4.991,0.37830,0.59780,9.280,4.590,4.690,0.46330,0.42240,0.46480,5.068,0.38784,0.59780,9.424,2026-06,False,1.01551,1.572,3.0969
2251099,2026-06-22,2026-06,HOU,TOR,822800,2,4,games,1,2,games,,,,7.0,0.1700,0.1829,45.14,37.86,54.39,0.45140,4.160,0.45660,0.62320,7.790,3.970,3.820,0.48530,0.51720,0.46903,4.225,0.46487,0.62320,7.911,2026-06,False,1.01551,1.572,3.0969
2251100,2026-06-24,2026-06,CHC,NYM,823613,10,3,games,3,3,games,,,,9.0,0.1461,0.1430,53.35,32.04,62.48,0.41390,4.439,0.36810,0.57870,8.230,3.900,4.330,0.43040,0.37900,0.44490,4.508,0.37651,0.57870,8.358,2026-06,False,1.01551,1.572,3.0969
2251101,2026-06-22,2026-06,MIL,CIN,824502,2,1,games,0,0,games,,,,9.5,0.1493,0.1483,52.27,32.80,61.44,0.51320,4.965,0.37410,0.66550,9.100,5.010,4.090,0.54520,0.40730,0.50840,5.042,0.38356,0.66550,9.241,2026-06,False,1.01551,1.572,3.0969
2251102,2026-06-22,2026-06,LAD,MIN,823692,2,1,games,1,1,games,,,,10.0,0.1470,0.1445,46.10,39.20,54.05,0.45950,5.203,0.40310,0.60760,9.560,4.800,4.760,0.47480,0.41050,0.47420,5.284,0.41322,0.60760,9.708,2026-06,False,1.01551,1.572,3.0969
2251103,2026-06-22,2026-06,CLE,CWS,824585,5,6,games,0,2,games,,,,7.5,0.1622,0.1699,46.73,37.05,55.78,0.45710,4.305,0.47610,0.62600,8.140,4.170,3.970,0.48810,0.49470,0.47267,4.372,0.48469,0.62600,8.266,2026-06,False,1.01551,1.572,3.0969
2251104,2026-06-22,2026-06,BOS,COL,824344,2,3,games,0,0,games,,,,12.0,0.1457,0.1424,43.28,42.15,50.66,0.43550,5.971,0.38480,0.57230,11.000,5.390,5.610,0.46100,0.37810,0.45883,6.064,0.39628,0.57230,11.171,2026-06,False,1.01551,1.572,3.0969
2251105,2026-06-22,2026-06,BAL,LAA,824016,6,1,games,5,0,games,,,,9.0,0.1522,0.1532,44.02,40.76,51.92,0.44270,4.965,0.43360,0.59600,9.230,4.570,4.660,0.46300,0.46410,0.46345,5.042,0.44340,0.59600,9.373,2026-06,False,1.01551,1.572,3.0969
2251106,2026-06-22,2026-06,ATL,SD,823288,0,1,games,0,1,games,,,,7.5,0.1702,0.1832,40.41,42.57,48.70,0.40690,4.575,0.51070,0.56850,8.550,4.020,4.530,0.42450,0.53130,0.44036,4.646,0.51983,0.56850,8.683,2026-06,False,1.01551,1.572,3.0969
2251107,2026-06-23,2026-06,SEA,PIT,823365,3,2,games,1,2,games,,,,9.0,0.1496,0.1489,42.63,42.41,50.13,0.43980,5.337,0.47730,0.58650,9.940,4.850,5.090,0.45130,0.52020,0.46159,5.420,0.48795,0.58650,10.094,2026-06,False,1.01551,1.572,3.0969
2251108,2026-06-23,2026-06,KC,TB,822963,12,5,games,6,1,games,,,,7.5,0.1547,0.1574,36.44,48.09,43.11,0.36720,4.904,0.55210,0.52210,9.220,3.990,5.230,0.36660,0.58560,0.41430,4.980,0.56180,0.52210,9.363,2026-06,False,1.01551,1.572,3.0969
2251109,2026-06-23,2026-06,TEX,MIA,823849,4,6,games,1,6,games,,,,8.5,0.1610,0.1678,38.87,45.04,46.32,0.39480,4.632,0.45070,0.55470,8.700,3.990,4.710,0.40630,0.46460,0.43248,4.704,0.45990,0.55470,8.835,2026-06,False,1.01551,1.572,3.0969
2251110,2026-06-23,2026-06,NYY,DET,824262,4,3,games,1,2,games,,,,8.0,0.1711,0.1847,40.57,42.32,48.95,0.39930,4.044,0.37220,0.57560,7.550,3.490,4.060,0.41370,0.40030,0.43542,4.107,0.37989,0.57560,7.667,2026-06,False,1.01551,1.572,3.0969
2251111,2026-06-23,2026-06,PHI,WSH,822718,14,9,games,2,5,games,,,,8.5,0.1426,0.1372,45.48,40.26,53.05,0.43250,5.514,0.55810,0.57580,10.210,4.900,5.300,0.43810,0.58590,0.45690,5.600,0.56898,0.57580,10.368,2026-06,False,1.01551,1.572,3.0969
2251112,2026-06-23,2026-06,HOU,TOR,822799,9,7,games,4,2,games,,,,9.0,0.1649,0.1744,42.91,40.60,51.39,0.42670,4.473,0.37210,0.59130,8.340,4.060,4.280,0.45040,0.38850,0.45317,4.542,0.38060,0.59130,8.469,2026-06,False,1.01551,1.572,3.0969
2251113,2026-06-23,2026-06,CHC,NYM,823614,9,6,games,7,2,games,,,,8.5,0.1424,0.1369,50.22,35.54,58.56,0.47710,5.997,0.60980,0.61340,10.950,5.640,5.320,0.49410,0.63590,0.48543,6.090,0.62128,0.61340,11.120,2026-06,False,1.01551,1.572,3.0969
2251114,2026-06-23,2026-06,MIL,CIN,824501,2,0,games,0,0,games,,,,9.0,0.1473,0.1451,45.61,39.66,53.49,0.43520,5.153,0.45580,0.58570,9.480,4.600,4.880,0.44580,0.48390,0.45864,5.233,0.46605,0.58570,9.627,2026-06,False,1.01551,1.572,3.0969
2251115,2026-06-23,2026-06,LAD,MIN,823690,12,3,games,5,2,games,,,,9.0,0.1596,0.1655,46.80,37.24,55.69,0.47680,4.610,0.38960,0.63700,8.520,4.440,4.080,0.50250,0.40390,0.48524,4.682,0.39848,0.63700,8.652,2026-06,False,1.01551,1.572,3.0969
2251116,2026-06-23,2026-06,CLE,CWS,824584,1,2,games,1,1,games,,,,7.0,0.1680,0.1795,43.41,39.79,52.18,0.45480,4.163,0.45700,0.62680,7.880,4.020,3.860,0.48420,0.52560,0.47120,4.228,0.46528,0.62680,8.002,2026-06,False,1.01551,1.572,3.0969
2251117,2026-06-23,2026-06,BOS,COL,824340,5,2,games,3,1,games,,,,10.5,0.1396,0.1322,46.51,39.53,54.06,0.43010,6.146,0.45650,0.56440,11.290,5.470,5.830,0.44850,0.50570,0.45536,6.241,0.46873,0.56440,11.465,2026-06,False,1.01551,1.572,3.0969
2251118,2026-06-23,2026-06,BAL,LAA,824017,1,5,games,0,5,games,,,,9.0,0.1407,0.1341,55.52,30.41,64.61,0.55430,5.587,0.50500,0.69370,10.250,5.960,4.290,0.59690,0.54260,0.53462,5.674,0.51616,0.69370,10.409,2026-06,False,1.01551,1.572,3.0969
2251119,2026-06-23,2026-06,ATL,SD,823286,6,7,games,6,5,games,,,,8.5,0.1656,0.1755,43.54,39.91,52.17,0.38070,4.213,0.39540,0.55280,7.920,3.560,4.350,0.39540,0.39520,0.42323,4.278,0.40355,0.55280,8.043,2026-06,False,1.01551,1.572,3.0969
2251120,2026-06-23,2026-06,ATH,SF,823210,1,3,games,1,2,games,,,,9.0,0.1516,0.1521,40.41,44.43,47.63,0.37570,5.056,0.44480,0.52680,9.490,4.150,5.340,0.37350,0.48420,0.41993,5.134,0.45482,0.52680,9.637,2026-06,False,1.01551,1.572,3.0969
2251121,2026-06-24,2026-06,TEX,MIA,823850,2,4,games,1,2,games,,,,7.5,0.1682,0.1798,42.89,40.29,51.56,0.44430,4.216,0.46420,0.61440,7.930,3.980,3.950,0.47370,0.47540,0.46448,4.281,0.47260,0.61440,8.053,2026-06,False,1.01551,1.572,3.0969
2251122,2026-06-24,2026-06,CLE,CWS,824583,4,3,games,0,0,games,,,,8.0,0.1614,0.1685,44.89,38.97,53.53,0.41140,4.126,0.38320,0.58540,7.840,3.720,4.120,0.43050,0.42770,0.44328,4.190,0.39111,0.58540,7.962,2026-06,False,1.01551,1.572,3.0969
2251123,2026-06-24,2026-06,BOS,COL,824341,6,8,games,6,3,games,,,,10.5,0.1387,0.1306,53.08,33.05,61.63,0.54090,6.650,0.50620,0.66830,12.120,6.890,5.240,0.57640,0.56110,0.52605,6.753,0.51948,0.66830,12.308,2026-06,False,1.01551,1.572,3.0969
2251124,2026-06-24,2026-06,BAL,LAA,824018,6,7,games,5,2,games,,,,9.0,0.1518,0.1525,40.41,44.41,47.65,0.40300,5.039,0.44340,0.55520,9.390,4.340,5.050,0.41230,0.47770,0.43783,5.117,0.45338,0.55520,9.536,2026-06,False,1.01551,1.572,3.0969
2251125,2026-06-24,2026-06,SEA,PIT,823367,1,11,games,1,5,games,,,,8.0,0.1591,0.1647,42.50,41.59,50.54,0.43540,4.574,0.44300,0.59780,8.580,4.200,4.380,0.45390,0.49510,0.45877,4.645,0.45206,0.59780,8.713,2026-06,False,1.01551,1.572,3.0969
2251126,2026-06-24,2026-06,KC,TB,822965,3,5,games,2,5,games,,,,7.5,0.1614,0.1685,44.55,39.31,53.12,0.45430,4.514,0.50300,0.61720,8.480,4.300,4.180,0.48090,0.52550,0.47088,4.584,0.51202,0.61720,8.612,2026-06,False,1.01551,1.572,3.0969
2251127,2026-06-24,2026-06,NYY,DET,824259,4,2,games,2,2,games,,,,7.0,0.1676,0.1788,42.43,40.82,50.97,0.41440,4.241,0.46740,0.58570,7.870,3.720,4.150,0.42940,0.52500,0.44523,4.307,0.47585,0.58570,7.992,2026-06,False,1.01551,1.572,3.0969
2251128,2026-06-24,2026-06,PHI,WSH,822719,5,4,games,3,2,games,,,,9.5,0.1425,0.1371,44.52,41.22,51.92,0.52050,6.728,0.56770,0.64700,12.290,6.680,5.610,0.54040,0.63770,0.51305,6.832,0.58091,0.64700,12.481,2026-06,False,1.01551,1.572,3.0969
2251129,2026-06-24,2026-06,HOU,TOR,822798,3,1,games,1,1,games,,,,8.5,0.1525,0.1536,35.69,49.06,42.11,0.35500,5.087,0.50650,0.50440,9.480,4.020,5.460,0.35350,0.52860,0.40616,5.166,0.51666,0.50440,9.627,2026-06,False,1.01551,1.572,3.0969
2251130,2026-06-24,2026-06,CHC,NYM,823611,10,5,games,4,4,games,,,,8.0,0.1543,0.1566,46.71,37.86,55.23,0.44510,5.015,0.49900,0.59740,9.220,4.580,4.640,0.46430,0.54780,0.46499,5.093,0.50902,0.59740,9.363,2026-06,False,1.01551,1.572,3.0969
2251131,2026-06-24,2026-06,MIL,CIN,824500,6,5,games,3,0,games,,,,9.5,0.1498,0.1492,47.72,37.30,56.13,0.45600,5.179,0.39820,0.60440,9.510,4.780,4.730,0.47600,0.43990,0.47197,5.259,0.40824,0.60440,9.658,2026-06,False,1.01551,1.572,3.0969
2251132,2026-06-24,2026-06,LAD,MIN,823691,4,3,games,4,3,games,,,,8.5,0.1613,0.1683,48.31,35.56,57.60,0.46510,4.350,0.41410,0.63250,8.050,4.140,3.910,0.49160,0.40660,0.47778,4.417,0.42261,0.63250,8.175,2026-06,False,1.01551,1.572,3.0969
2251133,2026-06-24,2026-06,ATL,SD,823284,2,5,games,0,3,games,,,,8.0,0.1775,0.1953,46.58,35.67,56.63,0.47000,4.052,0.37370,0.64380,7.610,4.020,3.590,0.51090,0.40620,0.48090,4.115,0.38141,0.64380,7.728,2026-06,False,1.01551,1.572,3.0969
2251134,2026-06-24,2026-06,ATH,SF,823208,1,2,games,0,0,games,,,,8.5,0.1616,0.1689,51.37,32.47,61.27,0.49930,4.208,0.39390,0.66830,7.890,4.330,3.570,0.54110,0.39290,0.49955,4.273,0.40203,0.66830,8.012,2026-06,False,1.01551,1.572,3.0969
2251135,2026-06-25,2026-06,KC,TB,822961,2,13,games,0,7,games,,,,8.0,0.1614,0.1686,38.93,44.93,46.42,0.41990,4.678,0.45680,0.57900,8.780,4.200,4.580,0.43640,0.51170,0.44878,4.751,0.46610,0.57900,8.916,2026-06,False,1.01551,1.572,3.0969
2251136,2026-06-25,2026-06,SEA,PIT,823366,1,5,games,1,3,games,,,,8.5,0.1619,0.1694,49.58,34.23,59.16,0.51370,4.377,0.41690,0.67740,8.180,4.570,3.610,0.55730,0.41990,0.50872,4.445,0.42547,0.67740,8.307,2026-06,False,1.01551,1.572,3.0969
2251137,2026-06-25,2026-06,ATH,SF,823209,9,6,games,2,1,games,,,,8.0,0.1579,0.1626,40.32,43.89,47.88,0.38980,4.613,0.44860,0.55150,8.670,3.920,4.760,0.39650,0.50140,0.42921,4.685,0.45775,0.55150,8.804,2026-06,False,1.01551,1.572,3.0969
2251138,2026-06-25,2026-06,HOU,DET,824258,2,1,games,0,0,games,,,,9.0,0.1685,0.1804,35.51,47.64,42.70,0.37730,4.268,0.34590,0.54680,8.010,3.570,4.430,0.38950,0.35880,0.42099,4.334,0.35382,0.54680,8.134,2026-06,False,1.01551,1.572,3.0969
2251139,2026-06-25,2026-06,PHI,WSH,822717,10,5,games,0,5,games,,,,8.5,0.1433,0.1384,45.12,40.55,52.67,0.49330,5.477,0.55340,0.63650,10.100,5.350,4.740,0.51830,0.57730,0.49574,5.562,0.56422,0.63650,10.257,2026-06,False,1.01551,1.572,3.0969
2251140,2026-06-25,2026-06,TEX,TOR,822797,6,5,games,6,3,games,,,,8.0,0.1597,0.1657,42.19,41.84,50.20,0.41940,4.620,0.44980,0.58050,8.630,4.150,4.480,0.44060,0.49830,0.44846,4.692,0.45897,0.58050,8.764,2026-06,False,1.01551,1.572,3.0969
2251141,2026-06-25,2026-06,CHC,NYM,823612,4,3,games,0,0,games,,,,8.5,0.1518,0.1525,45.12,39.70,53.20,0.44160,5.140,0.51480,0.59250,9.470,4.670,4.790,0.45970,0.52920,0.46275,5.220,0.52506,0.59250,9.617,2026-06,False,1.01551,1.572,3.0969
2251142,2026-06-25,2026-06,NYY,BOS,824747,3,6,games,2,4,games,,,,8.0,0.1672,0.1783,50.37,32.90,60.49,0.48550,4.286,0.40520,0.65360,7.900,4.210,3.690,0.51860,0.43440,0.49077,4.352,0.41354,0.65360,8.023,2026-06,False,1.01551,1.572,3.0969
2251143,2026-06-26,2026-06,HOU,DET,824255,0,8,games,0,8,games,,,,9.0,0.1688,0.1809,38.50,44.62,46.31,0.39750,4.211,0.33870,0.56950,7.900,3.660,4.240,0.41480,0.34970,0.43424,4.276,0.34645,0.56950,8.023,2026-06,False,1.01551,1.572,3.0969
2251144,2026-06-26,2026-06,CIN,PIT,823363,6,4,games,4,2,games,,,,7.5,0.1598,0.1659,37.52,46.50,44.65,0.39310,4.526,0.50520,0.55660,8.510,3.860,4.650,0.39920,0.52820,0.43137,4.596,0.51424,0.55660,8.642,2026-06,False,1.01551,1.572,3.0969
2251145,2026-06-26,2026-06,WSH,BAL,824824,1,3,games,1,2,games,,,,9.0,0.1525,0.1538,43.15,41.60,50.91,0.41150,4.955,0.43290,0.56520,9.250,4.370,4.890,0.42730,0.46580,0.44335,5.032,0.44268,0.56520,9.393,2026-06,False,1.01551,1.572,3.0969
2251146,2026-06-26,2026-06,TEX,TOR,822796,5,4,games,5,0,games,,,,8.5,0.1521,0.1530,44.02,40.77,51.92,0.46370,5.230,0.52490,0.61170,9.700,4.980,4.730,0.49010,0.54800,0.47688,5.311,0.53532,0.61170,9.850,2026-06,False,1.01551,1.572,3.0969
2251147,2026-06-26,2026-06,SEA,CLE,824423,3,1,games,1,1,games,,,,7.5,0.1696,0.1822,41.23,41.81,49.65,0.42510,4.503,0.50250,0.58870,8.450,4.070,4.370,0.44250,0.52280,0.45214,4.573,0.51150,0.58870,8.581,2026-06,False,1.01551,1.572,3.0969
2251148,2026-06-26,2026-06,PHI,NYM,823610,2,1,games,1,1,games,,,,8.5,0.1647,0.1740,47.36,36.17,56.70,0.47850,4.631,0.45090,0.63850,8.550,4.520,4.030,0.51280,0.45170,0.48632,4.703,0.46009,0.63850,8.683,2026-06,False,1.01551,1.572,3.0969
2251149,2026-06-26,2026-06,NYY,BOS,824743,1,6,games,0,4,games,,,,8.5,0.1653,0.1751,42.46,41.01,50.86,0.40790,4.569,0.44350,0.57000,8.460,3.920,4.540,0.41490,0.44370,0.44101,4.640,0.45255,0.57000,8.591,2026-06,False,1.01551,1.572,3.0969
2251150,2026-06-26,2026-06,KC,CWS,824582,1,22,games,1,13,games,,,,9.0,0.1530,0.1545,42.73,41.97,50.45,0.49240,4.621,0.39140,0.65160,8.680,4.660,4.020,0.52580,0.41810,0.49517,4.693,0.40032,0.65160,8.815,2026-06,False,1.01551,1.572,3.0969
2251151,2026-06-26,2026-06,CHC,MIL,823773,2,6,games,1,0,games,,,,7.0,0.1622,0.1698,34.96,48.82,41.73,0.30420,4.155,0.45540,0.47490,7.760,2.960,4.800,0.29800,0.51320,0.37138,4.219,0.46366,0.47490,7.880,2026-06,False,1.01551,1.572,3.0969
2251152,2026-06-26,2026-06,COL,MIN,823688,8,9,games,0,7,games,,,,9.0,0.1488,0.1476,42.06,43.06,49.41,0.44560,5.462,0.49200,0.59040,10.170,5.050,5.120,0.46400,0.53840,0.46531,5.547,0.50291,0.59040,10.328,2026-06,False,1.01551,1.572,3.0969
2251153,2026-06-26,2026-06,MIA,STL,823039,4,0,games,0,0,games,,,,8.5,0.1673,0.1783,43.40,39.88,52.11,0.42840,4.172,0.38960,0.60140,7.900,3.850,4.050,0.45000,0.39350,0.45427,4.237,0.39764,0.60140,8.023,2026-06,False,1.01551,1.572,3.0969
2251154,2026-06-26,2026-06,ATH,LAA,824014,9,3,games,7,3,games,,,,8.5,0.1602,0.1666,42.69,41.29,50.84,0.42320,4.268,0.40360,0.59240,8.030,3.900,4.140,0.44770,0.40610,0.45091,4.334,0.41190,0.59240,8.155,2026-06,False,1.01551,1.572,3.0969
2251155,2026-06-26,2026-06,LAD,SD,823285,1,7,games,1,3,games,,,,7.5,0.1697,0.1823,43.55,39.48,52.45,0.42670,4.315,0.47720,0.59610,8.000,3.870,4.130,0.44520,0.48170,0.45317,4.382,0.48581,0.59610,8.124,2026-06,False,1.01551,1.572,3.0969
2251156,2026-06-26,2026-06,ATL,SF,823206,3,1,games,3,1,games,,,,8.5,0.1621,0.1696,43.24,40.55,51.61,0.43860,4.693,0.45880,0.59830,8.790,4.320,4.470,0.45560,0.47330,0.46082,4.766,0.46814,0.59830,8.926,2026-06,False,1.01551,1.572,3.0969
2251157,2026-06-27,2026-06,HOU,DET,824257,8,6,games,4,6,games,,,,8.5,0.1619,0.1693,40.43,43.38,48.24,0.39380,4.609,0.44890,0.55470,8.600,3.940,4.660,0.40670,0.45570,0.43183,4.680,0.45805,0.55470,8.733,2026-06,False,1.01551,1.572,3.0969
2251158,2026-06-27,2026-06,NYY,BOS,824745,1,4,games,1,4,games,,,,8.0,0.1663,0.1768,44.42,38.94,53.29,0.40920,4.392,0.41970,0.57510,8.140,3.800,4.350,0.41880,0.45510,0.44186,4.460,0.42832,0.57510,8.266,2026-06,False,1.01551,1.572,3.0969
2251159,2026-06-27,2026-06,TEX,TOR,822794,7,4,games,6,2,games,,,,8.0,0.1617,0.1690,39.45,44.38,47.06,0.38890,4.585,0.44530,0.55090,8.590,3.910,4.680,0.40130,0.49550,0.42862,4.656,0.45439,0.55090,8.723,2026-06,False,1.01551,1.572,3.0969
2251160,2026-06-27,2026-06,CIN,PIT,823364,9,7,games,4,4,games,,,,8.0,0.1518,0.1525,46.69,38.13,55.05,0.48630,5.014,0.49850,0.63730,9.310,4.910,4.400,0.51250,0.55470,0.49128,5.092,0.50852,0.63730,9.454,2026-06,False,1.01551,1.572,3.0969
2251161,2026-06-27,2026-06,PHI,NYM,823609,2,6,games,2,0,games,,,,9.0,0.1591,0.1647,42.15,41.94,50.12,0.45820,4.583,0.38570,0.61890,8.490,4.340,4.160,0.48540,0.40130,0.47337,4.654,0.39451,0.61890,8.622,2026-06,False,1.01551,1.572,3.0969
2251162,2026-06-27,2026-06,KC,CWS,824581,1,2,games,0,0,games,,,,8.0,0.1616,0.1689,42.28,41.56,50.43,0.43840,4.351,0.41430,0.60560,8.240,4.080,4.160,0.46150,0.46360,0.46070,4.418,0.42281,0.60560,8.368,2026-06,False,1.01551,1.572,3.0969
2251163,2026-06-27,2026-06,WSH,BAL,824825,4,3,games,2,1,games,,,,9.0,0.1608,0.1675,42.74,41.18,50.93,0.40990,4.494,0.37510,0.57280,8.430,3.990,4.440,0.42900,0.39700,0.44231,4.564,0.38367,0.57280,8.561,2026-06,False,1.01551,1.572,3.0969
2251164,2026-06-27,2026-06,SEA,CLE,824421,3,4,games,0,4,games,,,,7.5,0.1713,0.1850,46.97,35.91,56.67,0.46830,4.150,0.45480,0.63950,7.790,4.060,3.720,0.50330,0.46200,0.47982,4.214,0.46305,0.63950,7.911,2026-06,False,1.01551,1.572,3.0969
2251165,2026-06-27,2026-06,COL,MIN,823689,8,5,games,3,1,games,,,,9.5,0.1430,0.1379,33.39,52.31,38.96,0.35530,5.596,0.44760,0.49550,10.450,4.430,6.020,0.35160,0.51330,0.40636,5.683,0.45870,0.49550,10.612,2026-06,False,1.01551,1.572,3.0969
2251166,2026-06-27,2026-06,CHC,MIL,823770,8,2,games,2,2,games,,,,8.0,0.1548,0.1575,36.18,48.34,42.80,0.36220,4.741,0.46560,0.52090,8.780,3.770,5.010,0.36210,0.51070,0.41097,4.815,0.47505,0.52090,8.916,2026-06,False,1.01551,1.572,3.0969
2251167,2026-06-27,2026-06,MIA,STL,823038,5,1,games,4,0,games,,,,8.5,0.1624,0.1702,38.12,45.64,45.51,0.36230,4.474,0.42920,0.52580,8.470,3.630,4.840,0.36290,0.44430,0.41104,4.543,0.43801,0.52580,8.601,2026-06,False,1.01551,1.572,3.0969
2251168,2026-06-27,2026-06,LAD,SD,823283,15,3,games,1,1,games,,,,8.0,0.1645,0.1737,50.22,33.33,60.11,0.48360,3.906,0.35270,0.66130,7.260,3.900,3.360,0.52520,0.37280,0.48957,3.967,0.35999,0.66130,7.373,2026-06,False,1.01551,1.572,3.0969
2251169,2026-06-27,2026-06,ATL,SF,823207,0,5,games,0,5,games,,,,8.0,0.1677,0.1791,37.75,45.48,45.35,0.37200,4.333,0.41130,0.53960,8.180,3.570,4.620,0.37430,0.45840,0.41748,4.400,0.41976,0.53960,8.307,2026-06,False,1.01551,1.572,3.0969
2251170,2026-06-27,2026-06,ATH,LAA,824015,2,5,games,1,2,games,,,,8.5,0.1592,0.1649,37.86,46.22,45.03,0.35750,4.418,0.42300,0.52260,8.320,3.560,4.760,0.36240,0.43070,0.40784,4.487,0.43168,0.52260,8.449,2026-06,False,1.01551,1.572,3.0969
2251171,2026-06-28,2026-06,WSH,BAL,824821,6,4,games,5,2,games,,,,9.5,0.1485,0.1471,39.11,46.03,45.93,0.39150,5.175,0.39890,0.54110,9.640,4.390,5.260,0.40070,0.45210,0.43032,5.255,0.40894,0.54110,9.790,2026-06,False,1.01551,1.572,3.0969
2251172,2026-06-28,2026-06,CIN,PIT,823362,4,9,games,4,5,games,,,,9.0,0.1481,0.1464,40.61,44.58,47.67,0.43510,5.336,0.47750,0.58170,9.940,4.800,5.140,0.44320,0.51970,0.45858,5.419,0.48815,0.58170,10.094,2026-06,False,1.01551,1.572,3.0969
2251173,2026-06-28,2026-06,TEX,TOR,822795,3,2,games,1,0,games,,,,9.0,0.1593,0.1650,37.45,46.62,44.54,0.37660,4.717,0.40250,0.53560,8.840,3.940,4.900,0.38590,0.43100,0.42053,4.790,0.41167,0.53560,8.977,2026-06,False,1.01551,1.572,3.0969
2251174,2026-06-28,2026-06,HOU,DET,824256,7,5,games,0,3,games,,,,8.0,0.1616,0.1689,49.36,34.48,58.87,0.49000,4.456,0.42750,0.65260,8.280,4.470,3.810,0.52910,0.46720,0.49364,4.525,0.43627,0.65260,8.408,2026-06,False,1.01551,1.572,3.0969
2251175,2026-06-28,2026-06,SEA,CLE,824422,5,6,games,3,1,games,,,,7.5,0.1754,0.1919,44.63,37.83,54.12,0.43860,4.099,0.44780,0.61250,7.740,3.850,3.890,0.46560,0.45820,0.46082,4.163,0.45593,0.61250,7.860,2026-06,False,1.01551,1.572,3.0969
2251176,2026-06-28,2026-06,PHI,NYM,823608,5,4,games,3,1,games,,,,8.5,0.1591,0.1647,42.48,41.61,50.52,0.51790,5.702,0.57800,0.65690,10.410,5.740,4.670,0.55150,0.59960,0.51139,5.790,0.58914,0.65690,10.571,2026-06,False,1.01551,1.572,3.0969
2251177,2026-06-28,2026-06,COL,MIN,823686,2,3,games,1,2,games,,,,9.0,0.1509,0.1510,42.61,42.30,50.18,0.44490,5.057,0.44420,0.59760,9.450,4.710,4.740,0.46850,0.48170,0.46486,5.135,0.45422,0.59760,9.597,2026-06,False,1.01551,1.572,3.0969
2251178,2026-06-28,2026-06,KC,CWS,824580,5,4,games,5,4,games,,,,8.5,0.1564,0.1602,41.87,42.49,49.64,0.42080,4.602,0.44730,0.58310,8.690,4.150,4.530,0.43480,0.46420,0.44936,4.673,0.45643,0.58310,8.825,2026-06,False,1.01551,1.572,3.0969
2251179,2026-06-28,2026-06,CHC,MIL,823769,4,3,games,0,1,games,,,,8.0,0.1729,0.1876,39.61,43.10,47.89,0.39130,3.791,0.33720,0.57580,7.100,3.290,3.810,0.41650,0.35770,0.43019,3.850,0.34416,0.57580,7.210,2026-06,False,1.01551,1.572,3.0969
2251180,2026-06-28,2026-06,MIA,STL,823037,1,2,games,1,2,games,,,,9.5,0.1613,0.1684,44.84,39.03,53.47,0.42990,4.519,0.31980,0.59350,8.500,4.130,4.370,0.45000,0.35660,0.45523,4.589,0.32793,0.59350,8.632,2026-06,False,1.01551,1.572,3.0969
2251181,2026-06-28,2026-06,ATH,LAA,824011,1,4,games,1,4,games,,,,9.5,0.1454,0.1419,42.03,43.43,49.18,0.40000,5.246,0.40690,0.54810,9.780,4.500,5.280,0.40850,0.46170,0.43587,5.327,0.41713,0.54810,9.932,2026-06,False,1.01551,1.572,3.0969
2251182,2026-06-28,2026-06,ATL,SF,823204,2,3,games,0,0,games,,,,7.5,0.1711,0.1847,43.52,39.37,52.50,0.44540,4.151,0.45470,0.61700,7.820,3.930,3.900,0.47230,0.46560,0.46518,4.215,0.46295,0.61700,7.941,2026-06,False,1.01551,1.572,3.0969
2251183,2026-06-28,2026-06,LAD,SD,823281,4,2,games,4,1,games,,,,8.0,0.1697,0.1824,42.46,40.57,51.13,0.40520,4.408,0.42070,0.57190,8.170,3.800,4.370,0.41660,0.45750,0.43926,4.476,0.42935,0.57190,8.297,2026-06,False,1.01551,1.572,3.0969
2251184,2026-06-28,2026-06,NYY,BOS,824744,4,5,games,0,2,games,,,,8.0,0.1661,0.1763,43.62,39.77,52.31,0.41320,4.600,0.44760,0.57470,8.510,3.990,4.520,0.42220,0.48850,0.44445,4.671,0.45672,0.57470,8.642,2026-06,False,1.01551,1.572,3.0969
2251185,2026-06-29,2026-06,CWS,BAL,824822,8,2,games,2,2,games,,,,9.5,0.1533,0.1551,42.74,41.93,50.48,0.41560,4.865,0.36220,0.57090,9.120,4.380,4.750,0.44040,0.40910,0.44600,4.940,0.37137,0.57090,9.261,2026-06,False,1.01551,1.572,3.0969
2251186,2026-06-29,2026-06,PIT,PHI,823444,11,7,games,8,5,games,,,,9.0,0.1512,0.1515,48.12,36.76,56.69,0.47220,5.219,0.46440,0.62020,9.680,5.040,4.640,0.50250,0.49960,0.48230,5.300,0.47480,0.62020,9.830,2026-06,False,1.01551,1.572,3.0969
2251187,2026-06-29,2026-06,DET,NYY,823529,7,3,games,7,0,games,,,,8.0,0.1594,0.1652,42.20,41.86,50.20,0.43260,4.605,0.44760,0.59400,8.500,4.180,4.320,0.45670,0.48790,0.45697,4.676,0.45673,0.59400,8.632,2026-06,False,1.01551,1.572,3.0969
2251188,2026-06-29,2026-06,NYM,TOR,822792,1,2,games,0,2,games,,,,8.5,0.1688,0.1809,41.67,41.45,50.14,0.40630,4.695,0.45940,0.56570,8.740,4.070,4.670,0.41710,0.46810,0.43997,4.768,0.46874,0.56570,8.876,2026-06,False,1.01551,1.572,3.0969
2251189,2026-06-29,2026-06,WSH,BOS,824741,3,6,games,1,6,games,,,,8.5,0.1640,0.1729,38.69,44.91,46.28,0.36420,4.604,0.44750,0.52510,8.630,3.740,4.890,0.36870,0.45810,0.41231,4.675,0.45663,0.52510,8.764,2026-06,False,1.01551,1.572,3.0969
2251190,2026-06-29,2026-06,TEX,CLE,824420,6,3,games,1,2,games,,,,7.5,0.1786,0.1972,40.23,41.91,48.97,0.40560,4.094,0.44740,0.58070,7.740,3.630,4.110,0.42340,0.45760,0.43952,4.157,0.45552,0.58070,7.860,2026-06,False,1.01551,1.572,3.0969
2251191,2026-06-29,2026-06,CIN,MIL,823771,3,5,games,3,0,games,,,,9.0,0.1522,0.1531,40.19,44.59,47.40,0.42720,4.955,0.43200,0.58120,9.140,4.420,4.710,0.44410,0.45660,0.45349,5.032,0.44178,0.58120,9.282,2026-06,False,1.01551,1.572,3.0969
2251192,2026-06-29,2026-06,SD,CHC,824662,2,3,games,2,2,games,,,,11.5,0.1592,0.1649,35.66,48.42,42.41,0.35840,4.927,0.27070,0.51120,9.170,3.880,5.290,0.36090,0.27490,0.40844,5.003,0.27893,0.51120,9.312,2026-06,False,1.01551,1.572,3.0969
2251193,2026-06-29,2026-06,MIN,HOU,824176,5,4,games,2,1,games,,,,9.0,0.1572,0.1616,38.36,45.92,45.52,0.38760,4.706,0.40190,0.54660,8.820,3.950,4.870,0.39070,0.42920,0.42777,4.779,0.41104,0.54660,8.957,2026-06,False,1.01551,1.572,3.0969
2251194,2026-06-29,2026-06,MIA,COL,824339,10,7,games,6,5,games,,,,12.0,0.1341,0.1230,53.14,33.45,61.37,0.50260,6.781,0.46830,0.62890,12.460,6.720,5.740,0.52740,0.47750,0.50165,6.886,0.48182,0.62890,12.653,2026-06,False,1.01551,1.572,3.0969
2251195,2026-06-29,2026-06,LAD,ATH,824986,9,4,games,5,3,games,,,,10.5,0.1493,0.1484,37.03,48.04,43.53,0.36930,5.442,0.37950,0.51330,10.060,4.320,5.740,0.36460,0.41540,0.41569,5.526,0.38992,0.51330,10.216,2026-06,False,1.01551,1.572,3.0969
2251196,2026-06-29,2026-06,LAA,SEA,823121,2,6,games,2,3,games,,,,7.5,0.1600,0.1662,36.18,47.83,43.07,0.36760,4.523,0.50510,0.53020,8.500,3.710,4.790,0.37350,0.52750,0.41457,4.593,0.51413,0.53020,8.632,2026-06,False,1.01551,1.572,3.0969
2251197,2026-06-30,2026-06,CWS,BAL,824819,9,3,games,9,3,games,,,,10.5,0.1454,0.1419,42.99,42.47,50.30,0.42460,5.532,0.38910,0.56880,10.320,4.980,5.340,0.44670,0.43540,0.45182,5.618,0.39976,0.56880,10.480,2026-06,False,1.01551,1.572,3.0969
2251198,2026-06-30,2026-06,TEX,CLE,824418,4,2,games,2,2,games,,,,7.5,0.1773,0.1950,41.12,41.15,49.98,0.41170,3.951,0.42740,0.59050,7.490,3.560,3.920,0.43450,0.43390,0.44348,4.012,0.43518,0.59050,7.606,2026-06,False,1.01551,1.572,3.0969
2251199,2026-06-30,2026-06,PIT,PHI,823445,0,8,games,0,2,games,,,,8.5,0.1506,0.1506,43.17,41.77,50.82,0.36800,4.787,0.47070,0.52510,8.980,3.940,5.040,0.37580,0.48880,0.41483,4.861,0.48025,0.52510,9.119,2026-06,False,1.01551,1.572,3.0969
2251200,2026-06-30,2026-06,DET,NYY,823528,9,3,games,6,1,games,,,,7.0,0.1630,0.1713,37.33,46.36,44.61,0.38330,4.441,0.49410,0.54850,8.250,3.720,4.520,0.39690,0.55770,0.42494,4.510,0.50297,0.54850,8.378,2026-06,False,1.01551,1.572,3.0969
2251201,2026-06-30,2026-06,NYM,TOR,822793,3,0,games,1,0,games,,,,8.0,0.1630,0.1712,45.36,38.34,54.19,0.45620,4.765,0.46760,0.61360,8.810,4.460,4.340,0.48020,0.51380,0.47209,4.839,0.47710,0.61360,8.947,2026-06,False,1.01551,1.572,3.0969
2251202,2026-06-30,2026-06,WSH,BOS,824742,8,1,games,1,1,games,,,,9.0,0.1606,0.1671,42.14,41.80,50.20,0.41020,4.802,0.41370,0.56740,8.950,4.220,4.730,0.42570,0.44150,0.44250,4.876,0.42309,0.56740,9.089,2026-06,False,1.01551,1.572,3.0969
2251203,2026-06-30,2026-06,STL,ATL,824907,5,3,games,4,1,games,,,,9.0,0.1652,0.1748,37.82,45.67,45.30,0.35570,4.907,0.42690,0.50930,9.230,3.900,5.330,0.35060,0.46300,0.40663,4.983,0.43656,0.50930,9.373,2026-06,False,1.01551,1.572,3.0969
2251204,2026-06-30,2026-06,TB,KC,824096,10,4,games,8,3,games,,,,9.5,0.1572,0.1615,41.40,42.88,49.13,0.40410,4.730,0.34650,0.56340,8.880,4.130,4.750,0.41670,0.38930,0.43854,4.803,0.35528,0.56340,9.018,2026-06,False,1.01551,1.572,3.0969
2251205,2026-06-30,2026-06,CIN,MIL,823768,2,7,games,1,6,games,,,,9.0,0.1557,0.1591,37.84,46.59,44.82,0.38670,4.781,0.41000,0.54380,8.850,3.980,4.870,0.39350,0.43220,0.42717,4.855,0.41933,0.54380,8.987,2026-06,False,1.01551,1.572,3.0969
2251206,2026-06-30,2026-06,SD,CHC,824661,7,9,games,3,8,games,,,,11.0,0.1570,0.1612,38.37,45.93,45.52,0.38230,4.960,0.32410,0.53550,9.210,4.080,5.130,0.38810,0.31350,0.42428,5.037,0.33308,0.53550,9.353,2026-06,False,1.01551,1.572,3.0969
2251207,2026-06-30,2026-06,MIN,HOU,824175,4,6,games,4,6,games,,,,8.5,0.1535,0.1554,47.45,37.20,56.05,0.48060,4.923,0.48760,0.63440,9.140,4.790,4.350,0.50710,0.50190,0.48766,4.999,0.49743,0.63440,9.282,2026-06,False,1.01551,1.572,3.0969
2251208,2026-06-30,2026-06,MIA,COL,824338,14,3,games,5,1,games,,,,11.0,0.1399,0.1328,48.57,37.43,56.47,0.46060,6.415,0.48450,0.59230,11.830,6.050,5.780,0.49280,0.50540,0.47491,6.514,0.49731,0.59230,12.013,2026-06,False,1.01551,1.572,3.0969
2251209,2026-06-30,2026-06,LAD,ATH,824984,9,3,games,5,1,games,,,,11.0,0.1420,0.1363,51.74,34.06,60.30,0.53760,6.109,0.45190,0.67060,11.110,6.200,4.900,0.55760,0.45390,0.52395,6.204,0.46404,0.67060,11.282,2026-06,False,1.01551,1.572,3.0969
2251210,2026-06-30,2026-06,LAA,SEA,823122,3,8,games,0,0,games,,,,7.0,0.1740,0.1895,37.34,45.26,45.20,0.36640,3.857,0.41400,0.54830,7.320,3.220,4.110,0.38240,0.47420,0.41377,3.917,0.42154,0.54830,7.434,2026-06,False,1.01551,1.572,3.0969
2251211,2026-07-01,2026-07,CWS,BAL,824818,1,6,games,1,4,games,,,,10.0,0.1550,0.1578,39.54,44.97,46.79,0.36870,4.840,0.35870,0.52460,9.090,4.010,5.090,0.38140,0.37350,0.41969,4.966,0.37366,0.52460,9.328,2026-07,False,1.02613,1.6597,3.18
2251212,2026-07-01,2026-07,TEX,CLE,824419,4,9,games,1,5,games,,,,7.5,0.1699,0.1826,42.36,40.65,51.03,0.44550,4.335,0.48050,0.61230,8.160,4.090,4.070,0.47220,0.49560,0.46708,4.448,0.49470,0.61230,8.373,2026-07,False,1.02613,1.6597,3.18
2251213,2026-07-01,2026-07,WSH,BOS,824740,10,2,games,7,0,games,,,,9.5,0.1627,0.1708,36.66,47.07,43.78,0.38460,4.424,0.30790,0.55040,8.300,3.750,4.560,0.39830,0.34090,0.42966,4.540,0.32080,0.55040,8.517,2026-07,False,1.02613,1.6597,3.18
2251214,2026-07-01,2026-07,DET,NYY,823530,6,2,games,1,0,games,,,,9.5,0.1588,0.1642,47.95,36.17,57.00,0.47410,4.828,0.35810,0.62970,8.880,4.660,4.220,0.50570,0.38910,0.48439,4.954,0.37302,0.62970,9.112,2026-07,False,1.02613,1.6597,3.18
2251215,2026-07-01,2026-07,SD,CHC,824660,3,23,games,2,13,games,,,,12.0,0.1595,0.1654,42.85,41.20,50.98,0.44740,4.931,0.27150,0.60120,9.120,4.540,4.580,0.47460,0.24460,0.46823,5.060,0.28510,0.60120,9.358,2026-07,False,1.02613,1.6597,3.18
2251216,2026-07-01,2026-07,NYM,TOR,822791,3,9,games,0,5,games,,,,8.5,0.1613,0.1684,36.89,46.97,43.99,0.37110,4.728,0.46350,0.52930,8.790,3.840,4.950,0.37360,0.47220,0.42120,4.852,0.47896,0.52930,9.020,2026-07,False,1.02613,1.6597,3.18
2251217,2026-07-01,2026-07,PIT,PHI,823446,6,10,games,4,8,games,,,,8.0,0.1632,0.1716,38.68,45.00,46.23,0.37750,4.421,0.42290,0.54380,8.310,3.740,4.570,0.39430,0.47030,0.42522,4.537,0.43717,0.54380,8.527,2026-07,False,1.02613,1.6597,3.18
2251218,2026-07-01,2026-07,STL,ATL,824905,1,5,games,1,2,games,,,,9.0,0.1640,0.1729,43.77,39.83,52.35,0.42400,4.793,0.41250,0.58120,8.990,4.310,4.670,0.43900,0.44400,0.45398,4.918,0.42790,0.58120,9.225,2026-07,False,1.02613,1.6597,3.18
2251219,2026-07-01,2026-07,TB,KC,824094,4,0,games,2,0,games,,,,10.5,0.1557,0.1591,45.32,39.10,53.68,0.44350,4.891,0.31650,0.59820,9.150,4.560,4.590,0.47210,0.34360,0.46586,5.019,0.33094,0.59820,9.389,2026-07,False,1.02613,1.6597,3.18
2251220,2026-07-01,2026-07,MIN,HOU,824174,8,3,games,7,1,games,,,,8.5,0.1553,0.1584,42.31,42.16,50.09,0.41110,4.783,0.47070,0.56900,8.930,4.180,4.750,0.41940,0.48440,0.44607,4.908,0.48636,0.56900,9.163,2026-07,False,1.02613,1.6597,3.18
2251221,2026-07-01,2026-07,CIN,MIL,823767,2,4,games,2,2,games,,,,9.0,0.1589,0.1643,40.96,43.15,48.70,0.42880,4.606,0.38970,0.59070,8.520,4.160,4.370,0.45090,0.40370,0.45691,4.726,0.40429,0.59070,8.743,2026-07,False,1.02613,1.6597,3.18
2251222,2026-07-01,2026-07,MIA,COL,824337,3,6,games,2,5,games,,,,11.0,0.1397,0.1324,51.47,34.55,59.84,0.48040,6.215,0.46360,0.61360,11.450,6.030,5.430,0.50670,0.47930,0.48819,6.377,0.48393,0.61360,11.749,2026-07,False,1.02613,1.6597,3.18
2251223,2026-07-01,2026-07,LAD,ATH,824985,1,7,games,1,6,games,,,,11.0,0.1401,0.1330,45.66,40.33,53.10,0.49230,5.644,0.40150,0.63370,10.320,5.440,4.890,0.50740,0.39690,0.49536,5.791,0.41953,0.63370,10.590,2026-07,False,1.02613,1.6597,3.18
2251224,2026-07-02,2026-07,PIT,PHI,823442,6,1,games,1,1,games,,,,10.5,0.1470,0.1445,41.02,44.29,48.08,0.39230,5.352,0.36840,0.53800,9.960,4.550,5.410,0.40570,0.40820,0.43446,5.492,0.38510,0.53800,10.220,2026-07,False,1.02613,1.6597,3.18
2251225,2026-07-02,2026-07,CIN,MIL,823765,7,2,games,5,1,games,,,,7.0,0.1676,0.1789,35.23,48.01,42.33,0.33480,3.798,0.40590,0.51840,7.160,2.960,4.200,0.34530,0.45670,0.39803,3.897,0.41805,0.51840,7.347,2026-07,False,1.02613,1.6597,3.18
2251226,2026-07-02,2026-07,MIA,COL,824335,4,14,games,4,5,games,,,,12.5,0.1328,0.1209,48.15,38.56,55.53,0.43520,6.981,0.44050,0.55910,12.850,6.290,6.560,0.46190,0.47260,0.46082,7.163,0.46321,0.55910,13.186,2026-07,False,1.02613,1.6597,3.18
2251227,2026-07-02,2026-07,CWS,CLE,824416,5,6,games,3,2,games,,,,8.5,0.1671,0.1780,42.09,41.20,50.53,0.40070,4.285,0.40540,0.57150,8.140,3.810,4.330,0.42140,0.41420,0.43966,4.397,0.41910,0.57150,8.353,2026-07,False,1.02613,1.6597,3.18
2251228,2026-07-02,2026-07,STL,ATL,824906,11,5,games,3,5,games,,,,9.0,0.1677,0.1790,38.30,44.93,46.02,0.39910,4.399,0.36270,0.56540,8.290,3.830,4.450,0.41290,0.38390,0.43867,4.514,0.37634,0.56540,8.507,2026-07,False,1.02613,1.6597,3.18
2251229,2026-07-02,2026-07,TB,KC,824093,5,2,games,5,1,games,,,,10.0,0.1579,0.1627,48.16,36.05,57.19,0.45680,4.723,0.34540,0.61570,8.850,4.510,4.330,0.48690,0.35320,0.47393,4.846,0.35981,0.61570,9.081,2026-07,False,1.02613,1.6597,3.18
2251230,2026-07-02,2026-07,DET,TEX,822884,4,10,games,3,5,games,,,,7.5,0.1721,0.1863,41.63,41.16,50.28,0.40490,4.300,0.47540,0.57420,8.070,3.780,4.290,0.42240,0.48750,0.44225,4.412,0.48948,0.57420,8.281,2026-07,False,1.02613,1.6597,3.18
2251231,2026-07-02,2026-07,LAA,SEA,823119,0,1,games,0,0,games,,,,7.0,0.1829,0.2044,35.17,46.53,43.05,0.33900,3.479,0.35930,0.53510,6.650,2.790,3.870,0.35510,0.40520,0.40075,3.570,0.37004,0.53510,6.824,2026-07,False,1.02613,1.6597,3.18
2251232,2026-07-02,2026-07,SD,LAD,823935,7,12,games,6,10,games,,,,9.5,0.1505,0.1503,36.27,48.68,42.70,0.36740,5.363,0.42190,0.51340,9.880,4.290,5.590,0.36860,0.46960,0.41887,5.503,0.43921,0.51340,10.138,2026-07,False,1.02613,1.6597,3.18
2251233,2026-07-03,2026-07,STL,CHC,824659,17,1,games,14,0,games,,,,10.5,0.1496,0.1489,47.41,37.63,55.75,0.48440,4.981,0.32630,0.63680,9.240,4.900,4.340,0.51260,0.35100,0.49060,5.111,0.34119,0.63680,9.481,2026-07,False,1.02613,1.6597,3.18
2251234,2026-07-03,2026-07,PIT,WSH,822714,5,9,games,1,5,games,,,,9.5,0.1482,0.1464,37.98,47.20,44.59,0.36110,5.163,0.39800,0.50990,9.700,4.180,5.520,0.36400,0.45580,0.41489,5.298,0.41445,0.50990,9.953,2026-07,False,1.02613,1.6597,3.18
2251235,2026-07-03,2026-07,MIN,NYY,823527,2,5,games,2,3,games,,,,10.0,0.1493,0.1484,42.75,42.33,50.25,0.42700,5.262,0.40920,0.57570,9.680,4.680,5.000,0.44730,0.41970,0.45582,5.399,0.42608,0.57570,9.933,2026-07,False,1.02613,1.6597,3.18
2251236,2026-07-03,2026-07,BAL,CIN,824498,3,0,games,3,0,games,,,,10.5,0.1512,0.1516,46.44,38.44,54.72,0.45090,5.086,0.33860,0.60210,9.400,4.720,4.680,0.47750,0.36430,0.47036,5.219,0.35402,0.60210,9.646,2026-07,False,1.02613,1.6597,3.18
2251237,2026-07-03,2026-07,CWS,CLE,824417,3,4,games,3,1,games,,,,8.0,0.1630,0.1712,40.15,43.55,47.97,0.39540,4.399,0.42000,0.56240,8.340,3.860,4.480,0.41370,0.47220,0.43638,4.514,0.43418,0.56240,8.558,2026-07,False,1.02613,1.6597,3.18
2251238,2026-07-03,2026-07,NYM,ATL,824904,3,5,games,2,4,games,,,,9.0,0.1653,0.1751,43.17,40.30,51.72,0.43890,4.989,0.43660,0.59190,9.250,4.510,4.740,0.45040,0.46620,0.46307,5.119,0.45280,0.59190,9.492,2026-07,False,1.02613,1.6597,3.18
2251239,2026-07-03,2026-07,SF,COL,824336,3,15,games,2,14,games,,,,11.5,0.1428,0.1375,50.00,35.72,58.33,0.46940,5.609,0.34540,0.61080,10.370,5.410,4.960,0.49830,0.36250,0.48155,5.756,0.36254,0.61080,10.641,2026-07,False,1.02613,1.6597,3.18
2251240,2026-07-03,2026-07,TB,HOU,824173,3,1,games,0,0,games,,,,9.0,0.1571,0.1614,44.02,40.26,52.23,0.44580,4.838,0.41790,0.60200,9.040,4.500,4.540,0.46770,0.44800,0.46726,4.964,0.43348,0.60200,9.276,2026-07,False,1.02613,1.6597,3.18
2251241,2026-07-03,2026-07,BOS,LAA,824013,5,2,games,5,0,games,,,,7.5,0.1673,0.1784,40.67,42.60,48.84,0.43150,4.199,0.46210,0.60330,7.860,3.870,4.000,0.45800,0.46960,0.45856,4.309,0.47582,0.60330,8.065,2026-07,False,1.02613,1.6597,3.18
2251242,2026-07-03,2026-07,MIA,ATH,824982,12,5,games,7,5,games,,,,10.5,0.1434,0.1386,44.23,41.43,51.63,0.44660,5.983,0.43850,0.58400,11.060,5.470,5.590,0.46470,0.49030,0.46775,6.139,0.45795,0.58400,11.349,2026-07,False,1.02613,1.6597,3.18
2251243,2026-07-03,2026-07,SD,LAD,823933,3,4,games,2,0,games,,,,8.0,0.1655,0.1753,33.96,49.49,40.70,0.35370,4.373,0.41730,0.52040,8.140,3.460,4.680,0.35850,0.45440,0.41018,4.487,0.43138,0.52040,8.353,2026-07,False,1.02613,1.6597,3.18
2251244,2026-07-03,2026-07,TOR,SEA,823120,2,0,games,2,0,games,,,,7.0,0.1780,0.1961,42.77,39.44,52.03,0.43480,3.821,0.40870,0.61710,7.220,3.610,3.610,0.47080,0.46440,0.46057,3.921,0.42094,0.61710,7.409,2026-07,False,1.02613,1.6597,3.18
2251245,2026-07-04,2026-07,PIT,WSH,822716,7,1,games,5,1,games,,,,10.5,0.1417,0.1357,49.85,35.98,58.08,0.52790,5.994,0.43950,0.66370,11.090,6.190,4.890,0.56010,0.49150,0.51682,6.151,0.45899,0.66370,11.380,2026-07,False,1.02613,1.6597,3.18
2251246,2026-07-04,2026-07,MIN,NYY,823526,11,4,games,6,4,games,,,,10.5,0.1552,0.1583,39.62,44.86,46.89,0.42050,5.130,0.34370,0.57100,9.440,4.530,4.910,0.44270,0.36890,0.45184,5.264,0.35934,0.57100,9.687,2026-07,False,1.02613,1.6597,3.18
2251247,2026-07-04,2026-07,DET,TEX,822882,3,0,games,3,0,games,,,,8.5,0.1686,0.1805,40.96,42.18,49.27,0.40290,4.149,0.38600,0.57640,7.810,3.660,4.150,0.42220,0.38460,0.44102,4.257,0.39910,0.57640,8.014,2026-07,False,1.02613,1.6597,3.18
2251248,2026-07-04,2026-07,TOR,SEA,823118,0,11,games,0,7,games,,,,7.5,0.1821,0.2031,41.04,40.75,50.18,0.39480,3.648,0.38420,0.58360,6.930,3.230,3.700,0.42160,0.37870,0.43601,3.743,0.39570,0.58360,7.111,2026-07,False,1.02613,1.6597,3.18
2251249,2026-07-04,2026-07,BAL,CIN,824499,8,5,games,8,4,games,,,,9.0,0.1665,0.1770,39.65,43.70,47.57,0.39410,4.386,0.36120,0.56120,8.200,3.770,4.430,0.40980,0.37650,0.43557,4.501,0.37478,0.56120,8.414,2026-07,False,1.02613,1.6597,3.18
2251250,2026-07-04,2026-07,TB,HOU,824171,8,10,games,7,5,games,,,,7.0,0.1702,0.1831,44.57,38.42,53.71,0.44730,3.994,0.43430,0.62470,7.540,3.830,3.710,0.48240,0.49390,0.46817,4.098,0.44725,0.62470,7.737,2026-07,False,1.02613,1.6597,3.18
2251251,2026-07-04,2026-07,CWS,CLE,824415,3,1,games,1,1,games,,,,7.5,0.1727,0.1874,39.53,43.20,47.78,0.37780,4.004,0.43510,0.55590,7.640,3.440,4.200,0.39620,0.44880,0.42541,4.109,0.44808,0.55590,7.840,2026-07,False,1.02613,1.6597,3.18
2251252,2026-07-04,2026-07,STL,CHC,824658,3,0,games,2,0,games,,,,8.0,0.1547,0.1573,38.14,46.39,45.12,0.40180,4.705,0.46050,0.56150,8.790,4.090,4.710,0.41630,0.51240,0.44034,4.828,0.47587,0.56150,9.020,2026-07,False,1.02613,1.6597,3.18
2251253,2026-07-04,2026-07,NYM,ATL,824903,3,14,games,1,6,games,,,,8.0,0.1678,0.1792,40.24,42.98,48.35,0.40390,4.536,0.43840,0.56660,8.480,3.920,4.560,0.41240,0.48440,0.44164,4.655,0.45313,0.56660,8.702,2026-07,False,1.02613,1.6597,3.18
2251254,2026-07-04,2026-07,SF,COL,824334,6,4,games,6,3,games,,,,12.5,0.1418,0.1358,49.56,36.26,57.75,0.54880,6.750,0.41750,0.67480,12.370,7.140,5.230,0.58640,0.44040,0.52946,6.926,0.43927,0.67480,12.693,2026-07,False,1.02613,1.6597,3.18
2251255,2026-07-04,2026-07,PHI,KC,824092,6,1,games,3,1,games,,,,9.0,0.1614,0.1686,43.31,40.55,51.65,0.42300,4.623,0.39150,0.58450,8.630,4.130,4.500,0.43780,0.41440,0.45337,4.744,0.40616,0.58450,8.856,2026-07,False,1.02613,1.6597,3.18
2251256,2026-07-04,2026-07,BOS,LAA,824012,8,1,games,7,1,games,,,,8.5,0.1564,0.1603,48.44,35.92,57.42,0.50610,4.780,0.46990,0.66160,8.830,4.860,3.980,0.54540,0.47650,0.50368,4.905,0.48554,0.66160,9.061,2026-07,False,1.02613,1.6597,3.18
2251257,2026-07-04,2026-07,MIA,ATH,824983,7,2,games,4,0,games,,,,11.5,0.1381,0.1297,49.52,36.66,57.46,0.49630,6.416,0.43140,0.62670,11.830,6.280,5.540,0.51520,0.46520,0.49777,6.584,0.45221,0.62670,12.139,2026-07,False,1.02613,1.6597,3.18
2251258,2026-07-04,2026-07,SD,LAD,823932,0,3,games,0,1,games,,,,8.5,0.1494,0.1486,31.91,53.14,37.52,0.39760,3.989,0.36440,0.57520,7.450,3.470,3.980,0.41890,0.35250,0.43774,4.093,0.37678,0.57520,7.645,2026-07,False,1.02613,1.6597,3.18
2251259,2026-07-05,2026-07,NYM,ATL,824902,10,9,games,5,3,games,,,,8.5,0.1689,0.1810,43.37,39.74,52.18,0.41830,4.501,0.43370,0.58260,8.400,3.980,4.420,0.42990,0.43900,0.45049,4.619,0.44829,0.58260,8.619,2026-07,False,1.02613,1.6597,3.18
2251260,2026-07-05,2026-07,BAL,CIN,824497,2,3,games,0,2,games,,,,10.0,0.1567,0.1607,46.34,38.00,54.94,0.44190,4.983,0.37720,0.59500,9.220,4.570,4.660,0.46510,0.38360,0.46489,5.113,0.39285,0.59500,9.461,2026-07,False,1.02613,1.6597,3.18
2251261,2026-07-05,2026-07,PIT,WSH,822715,11,5,games,4,4,games,,,,10.0,0.1419,0.1361,44.24,41.56,51.56,0.42640,5.472,0.43430,0.57070,10.220,4.920,5.300,0.44310,0.46220,0.45545,5.615,0.45205,0.57070,10.487,2026-07,False,1.02613,1.6597,3.18
2251262,2026-07-05,2026-07,MIN,NYY,823525,6,1,games,4,0,games,,,,8.0,0.1555,0.1587,40.89,43.56,48.42,0.41760,4.800,0.47240,0.57560,8.860,4.250,4.620,0.43770,0.51790,0.45006,4.925,0.48811,0.57560,9.092,2026-07,False,1.02613,1.6597,3.18
2251263,2026-07-05,2026-07,CWS,CLE,824413,7,6,games,6,6,games,,,,8.0,0.1663,0.1766,35.91,47.47,43.07,0.37450,4.028,0.36990,0.55120,7.670,3.430,4.240,0.39290,0.41180,0.42334,4.133,0.38246,0.55120,7.870,2026-07,False,1.02613,1.6597,3.18
2251264,2026-07-05,2026-07,STL,CHC,824656,4,6,games,0,2,games,,,,8.0,0.1536,0.1555,36.04,48.60,42.58,0.35900,5.202,0.52130,0.50720,9.700,4.150,5.550,0.35740,0.58360,0.41356,5.338,0.53830,0.50720,9.953,2026-07,False,1.02613,1.6597,3.18
2251265,2026-07-05,2026-07,PHI,KC,824091,2,5,games,1,3,games,,,,10.0,0.1504,0.1502,42.63,42.32,50.18,0.42180,5.598,0.44890,0.56390,10.360,4.890,5.470,0.42850,0.47200,0.45264,5.744,0.46715,0.56390,10.631,2026-07,False,1.02613,1.6597,3.18
2251266,2026-07-05,2026-07,TB,HOU,824172,0,2,games,0,1,games,,,,9.0,0.1559,0.1593,37.74,46.67,44.71,0.37980,4.781,0.41090,0.53730,8.970,3.980,4.990,0.38390,0.44190,0.42666,4.906,0.42624,0.53730,9.204,2026-07,False,1.02613,1.6597,3.18
2251267,2026-07-05,2026-07,DET,TEX,822879,6,3,games,6,2,games,,,,7.5,0.1778,0.1959,46.27,35.95,56.27,0.46770,3.865,0.41590,0.64790,7.270,3.840,3.430,0.51060,0.41240,0.48052,3.966,0.42833,0.64790,7.460,2026-07,False,1.02613,1.6597,3.18
2251268,2026-07-05,2026-07,SF,COL,824333,6,7,games,5,4,games,,,,13.0,0.1323,0.1200,45.51,41.27,52.44,0.44350,7.265,0.46790,0.56540,13.350,6.600,6.740,0.47080,0.46880,0.46586,7.455,0.49168,0.56540,13.699,2026-07,False,1.02613,1.6597,3.18
2251269,2026-07-05,2026-07,MIA,ATH,824980,9,8,games,6,0,games,,,,10.0,0.1496,0.1489,41.15,43.88,48.40,0.40320,5.322,0.41710,0.54950,9.920,4.590,5.330,0.41440,0.43970,0.44120,5.461,0.43424,0.54950,10.179,2026-07,False,1.02613,1.6597,3.18
2251270,2026-07-05,2026-07,TOR,SEA,823117,0,4,games,0,3,games,,,,7.5,0.1848,0.2076,42.00,39.51,51.53,0.42450,3.708,0.39300,0.61190,7.020,3.460,3.560,0.45930,0.38760,0.45429,3.805,0.40476,0.61190,7.203,2026-07,False,1.02613,1.6597,3.18
2251271,2026-07-05,2026-07,SD,LAD,823931,5,2,games,1,0,games,,,,10.0,0.1467,0.1440,34.66,50.67,40.61,0.36670,5.594,0.44810,0.50820,10.290,4.460,5.830,0.36850,0.46680,0.41843,5.740,0.46633,0.50820,10.559,2026-07,False,1.02613,1.6597,3.18
2251272,2026-07-05,2026-07,BOS,LAA,824010,7,5,games,5,3,games,,,,8.0,0.1583,0.1634,47.91,36.26,56.92,0.49300,4.717,0.46170,0.65030,8.730,4.710,4.030,0.52930,0.50770,0.49578,4.840,0.47712,0.65030,8.958,2026-07,False,1.02613,1.6597,3.18
2251273,2026-07-06,2026-07,PHI,KC,824089,1,15,games,1,10,games,,,,8.5,0.1561,0.1597,45.31,39.08,53.69,0.49180,4.853,0.47850,0.64590,9.000,4.820,4.180,0.52480,0.49050,0.49506,4.980,0.49440,0.64590,9.235,2026-07,False,1.02613,1.6597,3.18
2251274,2026-07-06,2026-07,NYY,TB,822958,5,1,games,3,1,games,,,,7.5,0.1625,0.1703,45.82,37.93,54.71,0.45710,4.484,0.49930,0.62150,8.320,4.200,4.120,0.47680,0.51090,0.47411,4.601,0.51400,0.62150,8.537,2026-07,False,1.02613,1.6597,3.18
2251275,2026-07-06,2026-07,HOU,WSH,822712,11,12,games,6,12,games,,,,10.0,0.1397,0.1324,41.64,44.39,48.41,0.42580,5.954,0.48900,0.56280,11.010,5.240,5.770,0.43420,0.52010,0.45508,6.110,0.50852,0.56280,11.298,2026-07,False,1.02613,1.6597,3.18
2251276,2026-07-06,2026-07,NYM,ATL,824900,7,6,games,1,3,games,,,,9.0,0.1589,0.1644,38.77,45.33,46.10,0.38150,5.159,0.45690,0.53070,9.600,4.220,5.380,0.37670,0.49280,0.42773,5.294,0.47375,0.53070,9.851,2026-07,False,1.02613,1.6597,3.18
2251277,2026-07-06,2026-07,MIL,STL,823036,4,3,games,0,2,games,,,,8.0,0.1639,0.1727,44.36,39.25,53.05,0.43430,4.399,0.42030,0.60090,8.210,4.000,4.220,0.44960,0.46110,0.46027,4.514,0.43448,0.60090,8.425,2026-07,False,1.02613,1.6597,3.18
2251278,2026-07-06,2026-07,TOR,SF,823205,1,10,games,0,3,games,,,,7.5,0.1655,0.1753,41.14,42.31,49.30,0.42030,4.616,0.51610,0.58230,8.640,4.130,4.520,0.43530,0.53820,0.45172,4.737,0.53120,0.58230,8.866,2026-07,False,1.02613,1.6597,3.18
2251279,2026-07-06,2026-07,COL,LAD,823930,7,8,games,2,6,games,,,,10.0,0.1493,0.1483,36.16,48.92,42.50,0.37460,5.237,0.40700,0.52210,9.710,4.310,5.400,0.38610,0.42230,0.42341,5.374,0.42378,0.52210,9.964,2026-07,False,1.02613,1.6597,3.18
2251280,2026-07-07,2026-07,CHC,BAL,824820,5,2,games,3,0,games,,,,9.5,0.1515,0.1521,42.83,42.02,50.48,0.40320,5.184,0.40060,0.55240,9.570,4.410,5.160,0.41030,0.44550,0.44120,5.319,0.41715,0.55240,9.820,2026-07,False,1.02613,1.6597,3.18
2251281,2026-07-07,2026-07,ATH,DET,824254,2,6,games,1,2,games,,,,8.5,0.1669,0.1777,38.83,44.48,46.61,0.38090,4.204,0.39410,0.55310,7.900,3.570,4.330,0.39850,0.39290,0.42735,4.314,0.40745,0.55310,8.106,2026-07,False,1.02613,1.6597,3.18
2251282,2026-07-07,2026-07,ATL,PIT,823361,4,12,games,2,7,games,,,,8.5,0.1578,0.1625,42.57,41.65,50.55,0.44880,4.787,0.47120,0.60560,8.980,4.490,4.480,0.47120,0.48830,0.46908,4.912,0.48687,0.60560,9.215,2026-07,False,1.02613,1.6597,3.18
2251283,2026-07-07,2026-07,SEA,MIA,823847,5,6,games,2,4,games,,,,8.0,0.1700,0.1828,40.15,42.85,48.37,0.42450,4.122,0.38270,0.59900,7.760,3.790,3.970,0.45320,0.42130,0.45429,4.230,0.39569,0.59900,7.963,2026-07,False,1.02613,1.6597,3.18
2251284,2026-07-07,2026-07,NYY,TB,822956,4,6,games,3,6,games,,,,7.5,0.1613,0.1683,37.87,46.00,45.15,0.38990,4.652,0.52120,0.55030,8.650,3.870,4.780,0.38960,0.54010,0.43296,4.774,0.53641,0.55030,8.876,2026-07,False,1.02613,1.6597,3.18
2251285,2026-07-07,2026-07,HOU,WSH,822713,6,3,games,4,2,games,,,,9.5,0.1414,0.1351,38.91,46.95,45.32,0.41160,5.650,0.45480,0.55270,10.490,4.890,5.600,0.41720,0.51670,0.44638,5.798,0.47324,0.55270,10.764,2026-07,False,1.02613,1.6597,3.18
2251286,2026-07-07,2026-07,KC,NYM,823607,16,12,games,9,9,games,,,,8.5,0.1466,0.1439,48.00,37.34,56.24,0.42430,5.243,0.52670,0.57330,9.720,4.680,5.040,0.44010,0.54970,0.45417,5.380,0.54382,0.57330,9.974,2026-07,False,1.02613,1.6597,3.18
2251287,2026-07-07,2026-07,PHI,CIN,824495,4,1,games,3,0,games,,,,9.0,0.1635,0.1721,47.99,35.66,57.37,0.48680,4.612,0.39010,0.64650,8.520,4.560,3.960,0.52210,0.40470,0.49205,4.733,0.40471,0.64650,8.743,2026-07,False,1.02613,1.6597,3.18
2251288,2026-07-07,2026-07,CLE,MIN,823687,1,3,games,1,2,games,,,,8.5,0.1560,0.1595,42.79,41.61,50.70,0.42790,4.801,0.47260,0.58470,8.980,4.360,4.610,0.44770,0.48870,0.45636,4.926,0.48832,0.58470,9.215,2026-07,False,1.02613,1.6597,3.18
2251289,2026-07-07,2026-07,BOS,CWS,824579,8,1,games,4,0,games,,,,8.5,0.1605,0.1671,45.74,38.21,54.49,0.50020,4.769,0.46690,0.65620,8.870,4.800,4.080,0.53160,0.47890,0.50012,4.894,0.48250,0.65620,9.102,2026-07,False,1.02613,1.6597,3.18
2251290,2026-07-07,2026-07,MIL,STL,823035,10,2,games,2,3,games,,,,8.5,0.1678,0.1792,49.17,34.05,59.09,0.43930,4.690,0.45850,0.59910,8.730,4.270,4.460,0.45230,0.46730,0.46331,4.813,0.47382,0.59910,8.958,2026-07,False,1.02613,1.6597,3.18
2251291,2026-07-07,2026-07,LAA,TEX,822881,3,8,games,2,2,games,,,,7.0,0.1770,0.1946,37.23,45.06,45.24,0.36800,3.917,0.42260,0.54780,7.430,3.280,4.150,0.38420,0.48330,0.41925,4.019,0.43524,0.54780,7.624,2026-07,False,1.02613,1.6597,3.18
2251292,2026-07-07,2026-07,TOR,SF,823203,9,3,games,8,3,games,,,,8.0,0.1745,0.1903,43.75,38.80,52.99,0.44800,4.107,0.38050,0.62210,7.740,3.910,3.830,0.47880,0.41860,0.46860,4.214,0.39342,0.62210,7.942,2026-07,False,1.02613,1.6597,3.18
2251293,2026-07-07,2026-07,COL,LAD,823929,4,3,games,0,2,games,,,,9.5,0.1489,0.1478,29.60,55.51,34.78,0.32470,5.057,0.38500,0.47370,9.420,3.780,5.640,0.32100,0.43370,0.39146,5.189,0.40098,0.47370,9.666,2026-07,False,1.02613,1.6597,3.18
2251294,2026-07-08,2026-07,TOR,SF,823202,10,0,games,5,0,games,,,,7.0,0.1755,0.1920,42.96,39.50,52.10,0.42800,4.074,0.44450,0.60290,7.690,3.750,3.940,0.45160,0.50870,0.45643,4.180,0.45775,0.60290,7.891,2026-07,False,1.02613,1.6597,3.18
2251295,2026-07-08,2026-07,CHC,BAL,824815,9,7,games,4,3,games,,,,10.0,0.1532,0.1548,37.88,46.80,44.73,0.36970,4.975,0.37520,0.52300,9.230,4.000,5.230,0.37180,0.38430,0.42032,5.105,0.39080,0.52300,9.471,2026-07,False,1.02613,1.6597,3.18
2251296,2026-07-08,2026-07,ATH,DET,824253,1,6,games,1,6,games,,,,9.0,0.1638,0.1725,31.44,52.18,37.60,0.31660,4.312,0.35190,0.48370,8.110,3.210,4.910,0.31600,0.36820,0.38613,4.425,0.36514,0.48370,8.322,2026-07,False,1.02613,1.6597,3.18
2251297,2026-07-08,2026-07,ATL,PIT,823360,3,0,games,0,0,games,,,,9.5,0.1460,0.1429,42.48,42.92,49.75,0.44730,5.437,0.43130,0.59260,10.130,5.010,5.120,0.46290,0.48870,0.46817,5.579,0.44892,0.59260,10.395,2026-07,False,1.02613,1.6597,3.18
2251298,2026-07-08,2026-07,SEA,MIA,823848,0,2,games,0,2,games,,,,9.0,0.1588,0.1641,42.41,41.72,50.41,0.43160,4.643,0.39370,0.59280,8.680,4.240,4.440,0.45260,0.41770,0.45862,4.764,0.40845,0.59280,8.907,2026-07,False,1.02613,1.6597,3.18
2251299,2026-07-08,2026-07,NYY,TB,822957,0,3,games,0,2,games,,,,7.5,0.1585,0.1638,40.89,43.25,48.60,0.41430,4.761,0.53490,0.57210,8.830,4.120,4.710,0.41870,0.55400,0.44804,4.885,0.55042,0.57210,9.061,2026-07,False,1.02613,1.6597,3.18
2251300,2026-07-08,2026-07,HOU,WSH,822710,2,8,games,1,8,games,,,,9.5,0.1483,0.1467,39.03,46.14,45.82,0.39550,5.068,0.38730,0.54650,9.460,4.310,5.150,0.40310,0.43710,0.43644,5.200,0.40334,0.54650,9.707,2026-07,False,1.02613,1.6597,3.18
2251301,2026-07-08,2026-07,KC,NYM,823605,2,6,games,0,1,games,,,,9.5,0.1541,0.1564,40.40,44.19,47.76,0.39510,5.238,0.40660,0.54300,9.720,4.470,5.260,0.40800,0.45730,0.43619,5.375,0.42338,0.54300,9.974,2026-07,False,1.02613,1.6597,3.18
2251302,2026-07-08,2026-07,PHI,CIN,824496,5,11,games,3,7,games,,,,8.5,0.1609,0.1677,41.79,42.12,49.81,0.42090,4.591,0.44570,0.58230,8.530,4.100,4.430,0.44110,0.45040,0.45208,4.711,0.46065,0.58230,8.753,2026-07,False,1.02613,1.6597,3.18
2251303,2026-07-08,2026-07,CLE,MIN,823684,5,6,games,3,3,games,,,,8.5,0.1517,0.1523,39.97,44.86,47.12,0.40570,5.080,0.50750,0.55760,9.490,4.410,5.080,0.41560,0.53010,0.44275,5.213,0.52414,0.55760,9.738,2026-07,False,1.02613,1.6597,3.18
2251304,2026-07-08,2026-07,BOS,CWS,824578,5,0,games,5,0,games,,,,8.0,0.1666,0.1772,44.60,38.74,53.52,0.48520,4.142,0.38590,0.65710,7.780,4.160,3.620,0.52180,0.42090,0.49108,4.250,0.39898,0.65710,7.983,2026-07,False,1.02613,1.6597,3.18
2251305,2026-07-08,2026-07,MIL,STL,823032,1,5,games,0,3,games,,,,8.5,0.1669,0.1778,42.73,40.58,51.29,0.43000,4.326,0.41010,0.59790,8.080,3.900,4.180,0.44450,0.41100,0.45765,4.439,0.42397,0.59790,8.291,2026-07,False,1.02613,1.6597,3.18
2251306,2026-07-08,2026-07,LAA,TEX,822880,13,1,games,7,0,games,,,,8.0,0.1761,0.1930,42.65,39.74,51.76,0.42600,4.002,0.36680,0.60320,7.550,3.710,3.830,0.45760,0.40110,0.45520,4.107,0.37925,0.60320,7.747,2026-07,False,1.02613,1.6597,3.18
2251307,2026-07-08,2026-07,COL,LAD,823928,3,4,games,3,3,games,,,,10.0,0.1486,0.1472,42.40,42.75,49.80,0.45360,5.418,0.42790,0.59800,10.020,5.080,4.940,0.48400,0.44720,0.47199,5.560,0.44543,0.59800,10.282,2026-07,False,1.02613,1.6597,3.18
2251308,2026-07-09,2026-07,ATL,PIT,823359,10,5,games,6,4,games,,,,9.5,0.1488,0.1475,41.77,43.35,49.07,0.45140,5.515,0.43990,0.59570,10.250,5.100,5.150,0.46700,0.49890,0.47066,5.659,0.45783,0.59570,10.518,2026-07,False,1.02613,1.6597,3.18
2251309,2026-07-09,2026-07,KC,NYM,823606,3,7,games,2,6,games,,,,9.0,0.1582,0.1631,42.86,41.33,50.91,0.42630,4.819,0.41570,0.58320,8.970,4.380,4.600,0.45140,0.44250,0.45539,4.945,0.43120,0.58320,9.204,2026-07,False,1.02613,1.6597,3.18
2251310,2026-07-09,2026-07,NYY,TB,822954,12,4,games,7,3,games,,,,7.5,0.1683,0.1801,40.93,42.23,49.22,0.40980,4.155,0.45610,0.58330,7.760,3.630,4.130,0.42090,0.46020,0.44527,4.264,0.46966,0.58330,7.963,2026-07,False,1.02613,1.6597,3.18
2251311,2026-07-09,2026-07,CLE,MIN,823683,5,2,games,1,1,games,,,,8.5,0.1528,0.1541,40.93,43.79,48.32,0.42200,5.106,0.51050,0.57260,9.520,4.550,4.970,0.43480,0.53330,0.45276,5.239,0.52722,0.57260,9.769,2026-07,False,1.02613,1.6597,3.18
2251312,2026-07-09,2026-07,BOS,CWS,824577,2,1,games,2,1,games,,,,9.0,0.1577,0.1624,44.30,39.93,52.60,0.46810,4.680,0.39830,0.62760,8.740,4.490,4.250,0.49140,0.42310,0.48076,4.802,0.41321,0.62760,8.968,2026-07,False,1.02613,1.6597,3.18
2251313,2026-07-09,2026-07,CHC,BAL,824816,2,3,games,0,1,games,,,,10.0,0.1441,0.1396,35.09,50.51,40.99,0.36250,5.461,0.43170,0.50510,10.090,4.310,5.790,0.35820,0.45160,0.41578,5.604,0.44940,0.50510,10.354,2026-07,False,1.02613,1.6597,3.18
2251314,2026-07-09,2026-07,ATH,DET,824251,1,4,games,1,3,games,,,,9.0,0.1559,0.1593,42.23,42.19,50.03,0.41150,4.690,0.39920,0.57100,8.760,4.150,4.610,0.42920,0.42500,0.44632,4.813,0.41415,0.57100,8.989,2026-07,False,1.02613,1.6597,3.18
2251315,2026-07-09,2026-07,SEA,MIA,823846,4,8,games,2,6,games,,,,8.0,0.1685,0.1803,49.34,33.81,59.34,0.52440,4.158,0.38730,0.69330,7.770,4.460,3.310,0.57910,0.42050,0.51471,4.267,0.40044,0.69330,7.973,2026-07,False,1.02613,1.6597,3.18
2251316,2026-07-09,2026-07,PHI,CIN,824494,1,0,games,0,0,games,,,,9.5,0.1547,0.1574,46.41,38.12,54.90,0.46100,5.020,0.38040,0.61300,9.260,4.720,4.540,0.48730,0.42120,0.47647,5.151,0.39621,0.61300,9.502,2026-07,False,1.02613,1.6597,3.18
2251317,2026-07-09,2026-07,MIL,STL,823034,8,4,games,6,1,games,,,,8.0,0.1694,0.1818,46.08,36.99,55.47,0.44910,4.057,0.37340,0.62480,7.590,3.810,3.780,0.47230,0.40450,0.46926,4.163,0.38609,0.62480,7.788,2026-07,False,1.02613,1.6597,3.18
2251318,2026-07-09,2026-07,LAA,TEX,822877,6,7,games,1,5,games,,,,7.5,0.1771,0.1947,42.53,39.75,51.69,0.41780,3.907,0.42130,0.59780,7.380,3.580,3.800,0.44770,0.42450,0.45019,4.009,0.43390,0.59780,7.573,2026-07,False,1.02613,1.6597,3.18
2251319,2026-07-09,2026-07,COL,SF,823201,2,8,games,2,4,games,,,,9.0,0.1627,0.1707,42.50,41.23,50.76,0.43990,4.589,0.38740,0.60140,8.630,4.280,4.350,0.46370,0.41410,0.46368,4.709,0.40191,0.60140,8.856,2026-07,False,1.02613,1.6597,3.18
2251320,2026-07-10,2026-07,PHI,DET,824252,2,10,games,2,2,games,4.5,0.5,+104,9.0,0.1580,0.1629,40.10,44.10,47.62,0.38840,4.841,0.41840,0.54430,9.000,4.050,4.950,0.39380,0.44470,0.43203,4.967,0.43400,0.54430,9.235,2026-07,False,1.02613,1.6597,3.18
2251321,2026-07-11,2026-07,MIL,PIT,823357,6,7,games,5,3,games,4.5,0.5,+108,8.5,0.1529,0.1544,40.01,44.70,47.23,0.41840,4.913,0.48640,0.57360,9.120,4.290,4.840,0.42380,0.50150,0.45055,5.041,0.50250,0.57360,9.358,2026-07,False,1.02613,1.6597,3.18
2251322,2026-07-10,2026-07,NYY,WSH,822709,5,3,games,2,1,games,5.5,-0.5,-158,10.0,0.1380,0.1296,46.45,39.75,53.89,0.53600,6.744,0.56900,0.66200,12.230,6.750,5.470,0.55320,0.60100,0.52171,6.920,0.59066,0.66200,12.550,2026-07,False,1.02613,1.6597,3.18
2251323,2026-07-10,2026-07,KC,BAL,824817,3,5,games,2,3,games,5.5,2.5,+1100,10.5,0.1505,0.1504,38.93,46.02,45.83,0.39160,5.282,0.36080,0.53940,9.830,4.470,5.350,0.40340,0.39740,0.43402,5.420,0.37717,0.53940,10.087,2026-07,False,1.02613,1.6597,3.18
2251324,2026-07-10,2026-07,CHC,CIN,824493,0,4,games,0,1,games,4.5,0.5,+124,9.5,0.1632,0.1715,38.76,44.92,46.32,0.36840,4.471,0.31430,0.53250,8.330,3.630,4.700,0.37450,0.34290,0.41950,4.588,0.32745,0.53250,8.548,2026-07,False,1.02613,1.6597,3.18
2251325,2026-07-10,2026-07,BOS,NYM,823604,6,2,games,2,1,games,4.5,0.5,+124,7.5,0.1665,0.1771,40.74,42.61,48.88,0.42440,4.436,0.49360,0.59050,8.230,3.990,4.240,0.44780,0.50240,0.45423,4.552,0.50814,0.59050,8.445,2026-07,False,1.02613,1.6597,3.18
2251326,2026-07-10,2026-07,SEA,TB,822955,2,7,games,1,4,games,4.5,0.5,+102,8.5,0.1630,0.1712,39.50,44.20,47.19,0.40610,4.439,0.42590,0.57100,8.330,3.890,4.440,0.41970,0.43230,0.44299,4.555,0.44025,0.57100,8.548,2026-07,False,1.02613,1.6597,3.18
2251327,2026-07-10,2026-07,CLE,MIA,823845,3,2,games,3,0,games,3.5,0.5,-108,7.0,0.1711,0.1847,42.80,40.09,51.64,0.45020,4.120,0.45100,0.62380,7.770,3.970,3.800,0.48640,0.51650,0.46993,4.228,0.46443,0.62380,7.973,2026-07,False,1.02613,1.6597,3.18
2251328,2026-07-10,2026-07,ATH,CWS,824575,1,14,games,0,4,games,4.5,0.5,+210,8.5,0.1533,0.1550,36.46,48.21,43.06,0.36630,4.819,0.47460,0.52210,9.090,3.930,5.170,0.36530,0.49790,0.41818,4.945,0.49038,0.52210,9.328,2026-07,False,1.02613,1.6597,3.18
2251329,2026-07-10,2026-07,HOU,TEX,822878,3,7,games,0,3,games,4.5,-0.5,-152,8.5,0.1787,0.1973,40.01,42.12,48.71,0.40460,4.030,0.37040,0.58060,7.610,3.570,4.040,0.42500,0.36660,0.44207,4.135,0.38297,0.58060,7.809,2026-07,False,1.02613,1.6597,3.18
2251330,2026-07-10,2026-07,LAA,MIN,823685,4,3,games,4,1,games,5.5,0.5,+120,9.5,0.1540,0.1562,40.80,43.80,48.23,0.35250,5.519,0.43930,0.49390,10.280,4.320,5.970,0.34460,0.50140,0.40942,5.663,0.45724,0.49390,10.549,2026-07,False,1.02613,1.6597,3.18
2251331,2026-07-10,2026-07,ATL,STL,823033,1,2,games,1,0,games,4.5,-0.5,-182,8.0,0.1628,0.1709,44.23,39.49,52.83,0.44940,4.481,0.43110,0.61370,8.410,4.230,4.180,0.47370,0.47900,0.46945,4.598,0.44561,0.61370,8.630,2026-07,False,1.02613,1.6597,3.18
2251332,2026-07-10,2026-07,TOR,SD,823278,5,3,games,5,2,games,4.5,0.5,-104,8.5,0.1570,0.1612,33.07,51.23,39.23,0.34210,5.156,0.51580,0.48940,9.580,3.960,5.620,0.33660,0.53550,0.40275,5.291,0.53267,0.48940,9.830,2026-07,False,1.02613,1.6597,3.18
2251333,2026-07-10,2026-07,COL,SF,823200,4,3,games,1,1,games,4.5,0.5,+124,8.0,0.1579,0.1628,32.35,51.86,38.42,0.33400,4.753,0.46540,0.48980,8.990,3.650,5.340,0.32740,0.52710,0.39752,4.877,0.48094,0.48980,9.225,2026-07,False,1.02613,1.6597,3.18
2251334,2026-07-11,2026-07,LAA,MIN,823682,3,5,games,2,3,games,4.5,0.5,+168,9.0,0.1468,0.1442,33.38,51.94,39.13,0.33200,5.129,0.45310,0.47900,9.600,3.880,5.720,0.32270,0.49360,0.39622,5.263,0.46983,0.47900,9.851,2026-07,False,1.02613,1.6597,3.18
2251335,2026-07-11,2026-07,COL,SF,823198,2,4,games,1,1,games,4.5,0.5,+120,8.5,0.1532,0.1549,41.23,43.44,48.70,0.43730,5.087,0.50730,0.58830,9.540,4.690,4.860,0.45580,0.53460,0.46210,5.220,0.52396,0.58830,9.789,2026-07,False,1.02613,1.6597,3.18
2251336,2026-07-11,2026-07,NYY,WSH,822711,4,2,games,0,2,games,4.5,-0.5,-225,9.0,0.1449,0.1410,51.83,33.68,60.61,0.46780,5.081,0.44790,0.61890,9.360,4.780,4.580,0.48610,0.47500,0.48058,5.214,0.46445,0.61890,9.605,2026-07,False,1.02613,1.6597,3.18
2251337,2026-07-11,2026-07,MIL,PIT,823356,2,3,games,2,2,games,4.5,0.5,+106,9.0,0.1515,0.1520,47.45,37.40,55.92,0.47010,5.010,0.43880,0.62270,9.260,4.750,4.510,0.49110,0.46580,0.48197,5.141,0.45508,0.62270,9.502,2026-07,False,1.02613,1.6597,3.18
2251338,2026-07-11,2026-07,BOS,NYM,823603,4,0,games,2,0,games,4.5,0.5,+122,8.0,0.1434,0.1386,36.23,49.42,42.30,0.45230,5.230,0.52400,0.60080,9.630,4.830,4.800,0.47240,0.57800,0.47120,5.367,0.54109,0.60080,9.882,2026-07,False,1.02613,1.6597,3.18
2251339,2026-07-11,2026-07,SEA,TB,822953,1,6,games,1,2,games,3.5,0.5,-112,7.0,0.1669,0.1777,45.38,37.93,54.47,0.46050,4.178,0.45890,0.63210,7.830,4.040,3.790,0.49390,0.52140,0.47617,4.287,0.47254,0.63210,8.035,2026-07,False,1.02613,1.6597,3.18
2251340,2026-07-11,2026-07,ATH,CWS,824576,0,1,games,0,0,games,4.5,0.5,-108,8.5,0.1566,0.1605,44.27,40.07,52.49,0.39110,4.125,0.38260,0.56520,7.850,3.580,4.270,0.40480,0.38880,0.43371,4.233,0.39560,0.56520,8.055,2026-07,False,1.02613,1.6597,3.18
2251341,2026-07-11,2026-07,CLE,MIA,823844,4,1,games,2,0,games,4.5,0.5,+128,7.5,0.1728,0.1875,37.64,45.08,45.50,0.39310,3.952,0.42720,0.57310,7.490,3.470,4.030,0.41460,0.43400,0.43495,4.055,0.43997,0.57310,7.686,2026-07,False,1.02613,1.6597,3.18
2251342,2026-07-11,2026-07,PHI,DET,824249,4,2,games,4,1,games,3.5,-4.5,-1000,7.5,0.1693,0.1817,37.79,45.28,45.49,0.38680,4.197,0.46150,0.55920,7.850,3.570,4.290,0.40220,0.46890,0.43103,4.307,0.47521,0.55920,8.055,2026-07,False,1.02613,1.6597,3.18
2251343,2026-07-11,2026-07,KC,BAL,824813,1,6,games,0,4,games,4.5,1.5,+126,9.0,0.1496,0.1489,37.46,47.58,44.05,0.37610,5.430,0.48860,0.52000,10.110,4.470,5.640,0.37850,0.53270,0.42435,5.572,0.50640,0.52000,10.374,2026-07,False,1.02613,1.6597,3.18
2251344,2026-07-11,2026-07,HOU,TEX,822875,9,3,games,7,1,games,8.5,-5.5,-900,9.0,0.1721,0.1863,46.55,36.24,56.23,0.45770,4.112,0.32560,0.62990,7.700,3.970,3.730,0.49390,0.33200,0.47447,4.219,0.33786,0.62990,7.901,2026-07,False,1.02613,1.6597,3.18
2251345,2026-07-11,2026-07,CHC,CIN,824492,5,3,games,1,2,games,3.5,1.5,-106,9.5,0.1516,0.1522,51.62,33.22,60.85,0.46920,4.640,0.33450,0.62920,8.580,4.460,4.130,0.50020,0.36450,0.48143,4.761,0.34849,0.62920,8.804,2026-07,False,1.02613,1.6597,3.18
2251346,2026-07-11,2026-07,ATL,STL,823030,1,4,games,0,4,games,5.5,3.5,+900,8.5,0.1629,0.1710,43.25,40.46,51.66,0.46350,4.680,0.45710,0.62240,8.750,4.480,4.270,0.48850,0.47050,0.47798,4.802,0.47238,0.62240,8.979,2026-07,False,1.02613,1.6597,3.18
2251347,2026-07-11,2026-07,TOR,SD,823276,7,8,games,4,7,games,4.5,-0.5,-114,8.0,0.1742,0.1899,47.33,35.25,57.31,0.48090,4.239,0.39890,0.65000,7.900,4.230,3.670,0.52250,0.43380,0.48849,4.350,0.41240,0.65000,8.106,2026-07,False,1.02613,1.6597,3.18
2251348,2026-07-12,2026-07,MIL,PIT,823358,5,14,games,2,14,games,4.5,0.5,+118,8.5,0.1590,0.1646,46.23,37.87,54.97,0.44910,4.740,0.46500,0.60730,8.810,4.380,4.440,0.46490,0.47400,0.46926,4.864,0.48050,0.60730,9.040,2026-07,False,1.02613,1.6597,3.18
2251349,2026-07-12,2026-07,KC,BAL,824814,2,8,games,2,2,games,5.5,0.5,+118,9.5,0.1500,0.1496,39.12,45.87,46.03,0.39150,5.336,0.41790,0.53750,9.930,4.510,5.420,0.39950,0.47380,0.43396,5.475,0.43509,0.53750,10.189,2026-07,False,1.02613,1.6597,3.18
2251350,2026-07-12,2026-07,NYY,WSH,822708,5,3,games,2,1,games,4.5,0.5,+114,9.5,0.1413,0.1350,43.11,42.77,50.20,0.42950,5.838,0.47530,0.56830,10.720,5.090,5.630,0.43100,0.53390,0.45734,5.991,0.49442,0.56830,11.000,2026-07,False,1.02613,1.6597,3.18
2251351,2026-07-12,2026-07,CHC,CIN,824491,8,4,games,4,4,games,4.5,-0.5,-128,9.0,0.1517,0.1524,44.38,40.45,52.32,0.42600,5.112,0.45200,0.57620,9.450,4.530,4.920,0.43860,0.48150,0.45520,5.246,0.46867,0.57620,9.697,2026-07,False,1.02613,1.6597,3.18
2251352,2026-07-12,2026-07,BOS,NYM,823602,3,2,games,0,1,games,4.5,-0.5,-124,8.0,0.1637,0.1723,42.62,41.02,50.96,0.43050,4.578,0.44400,0.59240,8.480,4.150,4.330,0.45400,0.48530,0.45795,4.698,0.45889,0.59240,8.702,2026-07,False,1.02613,1.6597,3.18
2251353,2026-07-12,2026-07,SEA,TB,822951,8,2,games,7,0,games,4.5,0.5,+116,8.0,0.1703,0.1834,38.69,44.28,46.63,0.40820,4.222,0.39670,0.57900,7.960,3.740,4.220,0.42510,0.43870,0.44429,4.332,0.41013,0.57900,8.168,2026-07,False,1.02613,1.6597,3.18
2251354,2026-07-12,2026-07,PHI,DET,824250,5,0,games,1,0,games,3.5,0.5,+114,7.0,0.1774,0.1953,42.08,40.18,51.16,0.43180,3.994,0.43300,0.60920,7.480,3.690,3.790,0.46060,0.48870,0.45874,4.098,0.44594,0.60920,7.675,2026-07,False,1.02613,1.6597,3.18
2251355,2026-07-12,2026-07,CLE,MIA,823842,5,2,games,3,1,games,4.5,-0.5,-118,7.5,0.1653,0.1750,42.31,41.16,50.69,0.45170,4.416,0.49020,0.61730,8.290,4.210,4.080,0.48170,0.50840,0.47084,4.531,0.50468,0.61730,8.507,2026-07,False,1.02613,1.6597,3.18
2251356,2026-07-12,2026-07,LAA,MIN,823681,2,4,games,1,3,games,4.5,0.5,+106,9.0,0.1561,0.1597,39.15,45.24,46.39,0.38690,4.754,0.40790,0.54560,8.900,4.020,4.890,0.39510,0.43690,0.43110,4.878,0.42313,0.54560,9.133,2026-07,False,1.02613,1.6597,3.18
2251357,2026-07-12,2026-07,ATH,CWS,824574,1,9,games,1,9,games,4.5,0.5,+106,8.5,0.1608,0.1675,44.80,39.12,53.39,0.45460,4.408,0.42160,0.61970,8.320,4.230,4.090,0.48320,0.43130,0.47260,4.523,0.43582,0.61970,8.537,2026-07,False,1.02613,1.6597,3.18
2251358,2026-07-12,2026-07,ATL,STL,823029,4,3,games,2,1,games,4.5,0.5,+120,7.5,0.1610,0.1679,40.17,43.73,47.88,0.42420,4.502,0.50140,0.58820,8.450,4.070,4.390,0.44070,0.52250,0.45410,4.620,0.51615,0.58820,8.671,2026-07,False,1.02613,1.6597,3.18
2251359,2026-07-12,2026-07,HOU,TEX,822876,5,6,games,1,4,games,4.5,0.5,+122,9.0,0.1551,0.1581,33.94,50.54,40.18,0.33010,4.915,0.42750,0.48370,9.190,3.700,5.490,0.32200,0.45970,0.39498,5.043,0.44340,0.48370,9.430,2026-07,False,1.02613,1.6597,3.18
2251360,2026-07-12,2026-07,COL,SF,823199,1,3,games,1,1,games,4.5,0.5,+118,9.0,0.1530,0.1545,40.06,44.64,47.30,0.41630,5.274,0.47030,0.56420,9.880,4.680,5.200,0.42820,0.51580,0.44927,5.412,0.48756,0.56420,10.138,2026-07,False,1.02613,1.6597,3.18
2251361,2026-07-12,2026-07,TOR,SD,823274,4,5,games,3,3,games,4.5,-0.5,-152,8.5,0.1687,0.1808,42.16,40.97,50.72,0.42910,4.515,0.43580,0.59280,8.430,4.120,4.310,0.45170,0.44180,0.45710,4.633,0.45045,0.59280,8.650,2026-07,False,1.02613,1.6597,3.18
2251362,2026-07-16,2026-07,NYM,PHI,823440,4,1,games,1,0,games,1.5,-0.5,-460,9.5,0.1521,0.1530,44.84,39.95,52.88,0.45590,5.409,0.42700,0.60110,9.950,5.000,4.950,0.47630,0.47630,0.47338,5.550,0.44450,0.60110,10.210,2026-07,False,1.02613,1.6597,3.18
2251363,2026-07-17,2026-07,LAD,NYY,823524,2,1,games,0,1,games,2.5,0.5,-104,9.0,0.1445,0.1403,39.58,45.98,46.26,0.39780,5.606,0.50830,0.54040,10.210,4.650,5.560,0.39840,0.53890,0.43787,5.752,0.52666,0.54040,10.477,2026-07,False,1.02613,1.6597,3.18
2251364,2026-07-17,2026-07,CWS,TOR,822789,12,4,games,8,3,games,8.5,0.5,-3500,8.5,0.1593,0.1651,42.00,42.06,49.96,0.40220,4.647,0.45240,0.56300,8.740,4.110,4.640,0.42460,0.46840,0.44059,4.768,0.46756,0.56300,8.968,2026-07,False,1.02613,1.6597,3.18
2251365,2026-07-18,2026-07,PIT,CLE,824414,7,1,games,2,1,games,4.5,0.5,-100,7.5,0.1677,0.1791,44.56,38.67,53.54,0.42970,4.172,0.45850,0.60140,7.900,3.880,4.020,0.45720,0.47340,0.45746,4.281,0.47212,0.60140,8.106,2026-07,False,1.02613,1.6597,3.18
2251366,2026-07-17,2026-07,TB,BOS,824737,3,5,games,3,5,games,4.5,0.5,-104,9.0,0.1612,0.1683,41.21,42.66,49.14,0.40490,4.745,0.40570,0.56270,8.870,4.150,4.720,0.41990,0.43430,0.44225,4.869,0.42088,0.56270,9.102,2026-07,False,1.02613,1.6597,3.18
2251367,2026-07-17,2026-07,TEX,ATL,824901,1,15,games,0,8,games,4.5,0.5,+180,8.0,0.1673,0.1784,43.25,40.01,51.94,0.41110,4.478,0.43070,0.57650,8.410,3.960,4.450,0.42660,0.47850,0.44607,4.595,0.44520,0.57650,8.630,2026-07,False,1.02613,1.6597,3.18
2251368,2026-07-17,2026-07,MIA,MIL,823766,1,2,games,1,1,games,3.5,0.5,+164,8.0,0.1687,0.1807,37.22,45.91,44.77,0.36380,4.133,0.38420,0.53710,7.750,3.400,4.350,0.37840,0.41950,0.41660,4.241,0.39724,0.53710,7.953,2026-07,False,1.02613,1.6597,3.18
2251369,2026-07-17,2026-07,MIN,CHC,824655,5,2,games,4,1,games,6.5,0.5,+112,11.0,0.1515,0.1520,44.75,40.10,52.74,0.45770,5.104,0.34050,0.60820,9.440,4.770,4.670,0.48460,0.33030,0.47447,5.237,0.35600,0.60820,9.687,2026-07,False,1.02613,1.6597,3.18
2251370,2026-07-17,2026-07,BAL,HOU,824170,3,2,games,1,2,games,4.5,0.5,-106,8.5,0.1623,0.1700,39.36,44.41,46.99,0.39920,4.509,0.43470,0.56230,8.450,3.880,4.570,0.40780,0.44390,0.43873,4.627,0.44932,0.56230,8.671,2026-07,False,1.02613,1.6597,3.18
2251371,2026-07-17,2026-07,SD,KC,824090,6,7,games,2,1,games,5.5,-0.5,-116,10.0,0.1582,0.1633,47.63,36.54,56.59,0.48460,4.837,0.35880,0.63930,8.990,4.760,4.230,0.51260,0.36390,0.49072,4.963,0.37376,0.63930,9.225,2026-07,False,1.02613,1.6597,3.18
2251372,2026-07-17,2026-07,CIN,COL,824332,7,2,games,1,1,games,6.5,0.5,-104,12.0,0.1348,0.1241,43.54,42.98,50.32,0.39430,6.380,0.42750,0.52420,11.740,5.360,6.380,0.40780,0.42890,0.43570,6.547,0.44816,0.52420,12.047,2026-07,False,1.02613,1.6597,3.18
2251373,2026-07-17,2026-07,DET,LAA,824009,2,1,games,0,1,games,4.5,-0.5,-112,8.5,0.1680,0.1795,48.94,34.27,58.81,0.47650,4.131,0.38390,0.64820,7.730,4.110,3.620,0.51710,0.37800,0.48583,4.239,0.39693,0.64820,7.932,2026-07,False,1.02613,1.6597,3.18
2251374,2026-07-17,2026-07,WSH,ATH,824981,23,4,games,8,2,games,5.5,-0.5,-128,10.5,0.1397,0.1323,44.49,41.54,51.71,0.44180,5.903,0.43070,0.57970,10.940,5.370,5.570,0.45930,0.48170,0.46483,6.057,0.44983,0.57970,11.226,2026-07,False,1.02613,1.6597,3.18
2251375,2026-07-17,2026-07,SF,SEA,823115,7,0,games,2,0,games,3.5,0.5,+144,7.0,0.1812,0.2015,37.84,44.04,46.22,0.36880,3.689,0.39030,0.55630,7.020,3.110,3.910,0.38740,0.44350,0.41976,3.785,0.40198,0.55630,7.203,2026-07,False,1.02613,1.6597,3.18
2251376,2026-07-18,2026-07,MIN,CHC,824657,2,6,games,1,5,games,4.5,0.5,+114,8.5,0.1605,0.1670,42.00,41.95,50.03,0.42720,4.535,0.43850,0.58970,8.450,4.090,4.350,0.44590,0.44210,0.45594,4.653,0.45323,0.58970,8.671,2026-07,False,1.02613,1.6597,3.18
2251377,2026-07-18,2026-07,CWS,TOR,822790,0,1,games,0,1,games,4.5,-0.5,-112,9.0,0.1442,0.1398,50.59,34.99,59.12,0.47920,5.599,0.50800,0.62110,10.410,5.480,4.930,0.51210,0.55420,0.48746,5.745,0.52634,0.62110,10.682,2026-07,False,1.02613,1.6597,3.18
2251378,2026-07-18,2026-07,CIN,COL,824331,3,10,games,2,8,games,6.5,-0.5,-122,12.5,0.1361,0.1263,40.23,46.16,46.56,0.39040,6.921,0.43470,0.51470,12.710,5.770,6.940,0.40370,0.46300,0.43328,7.102,0.45718,0.51470,13.042,2026-07,False,1.02613,1.6597,3.18
2251379,2026-07-18,2026-07,NYM,PHI,823441,1,6,games,1,4,games,4.5,0.5,+140,8.5,0.1585,0.1638,39.07,45.08,46.43,0.38670,4.911,0.48630,0.54020,9.100,4.090,5.010,0.39190,0.49880,0.43097,5.039,0.50240,0.54020,9.338,2026-07,False,1.02613,1.6597,3.18
2251380,2026-07-18,2026-07,BAL,HOU,824169,4,2,games,1,0,games,4.5,-0.5,-112,9.0,0.1609,0.1677,45.58,38.33,54.32,0.46920,4.698,0.40100,0.62790,8.720,4.490,4.230,0.49350,0.42010,0.48143,4.821,0.41599,0.62790,8.948,2026-07,False,1.02613,1.6597,3.18
2251381,2026-07-18,2026-07,PIT,CLE,824412,3,5,games,3,0,games,4.5,0.5,-112,8.5,0.1714,0.1852,42.43,40.43,51.21,0.42670,4.173,0.38960,0.59970,7.890,3.870,4.030,0.45460,0.39350,0.45563,4.282,0.40281,0.59970,8.096,2026-07,False,1.02613,1.6597,3.18
2251382,2026-07-18,2026-07,SD,KC,824088,1,6,games,1,4,games,6.5,-0.5,-112,11.0,0.1505,0.1504,41.33,43.62,48.65,0.32060,4.734,0.29800,0.47670,8.890,3.490,5.400,0.31530,0.28860,0.38877,4.858,0.31162,0.47670,9.122,2026-07,False,1.02613,1.6597,3.18
2251383,2026-07-18,2026-07,TB,BOS,824738,6,7,games,5,3,games,5.5,0.5,-104,9.5,0.1660,0.1762,40.76,42.64,48.88,0.38720,4.545,0.32300,0.55020,8.520,3.870,4.650,0.40080,0.35880,0.43128,4.664,0.33652,0.55020,8.743,2026-07,False,1.02613,1.6597,3.18
2251384,2026-07-18,2026-07,TEX,ATL,824899,7,6,games,3,5,games,4.5,-0.5,-114,9.0,0.1628,0.1709,41.22,42.50,49.24,0.42300,4.657,0.39610,0.58310,8.730,4.180,4.550,0.43760,0.42320,0.45337,4.779,0.41092,0.58310,8.958,2026-07,False,1.02613,1.6597,3.18
2251385,2026-07-18,2026-07,MIA,MIL,823763,6,8,games,3,2,games,4.5,0.5,-102,8.0,0.1683,0.1801,41.38,41.79,49.76,0.40150,4.202,0.39450,0.57340,7.880,3.710,4.170,0.42620,0.43140,0.44015,4.312,0.40785,0.57340,8.086,2026-07,False,1.02613,1.6597,3.18
2251386,2026-07-18,2026-07,SF,SEA,823116,3,4,games,1,0,games,3.5,0.5,+116,7.0,0.1786,0.1972,41.41,40.73,50.42,0.41640,3.813,0.40780,0.60030,7.220,3.510,3.720,0.44920,0.46380,0.44933,3.913,0.42001,0.60030,7.409,2026-07,False,1.02613,1.6597,3.18
2251387,2026-07-19,2026-07,LAD,NYY,823523,8,2,games,3,1,games,3.5,-0.5,-130,8.0,0.1605,0.1671,40.05,43.90,47.71,0.43450,4.437,0.42560,0.60090,8.150,4.010,4.140,0.45780,0.45610,0.46039,4.553,0.43994,0.60090,8.363,2026-07,False,1.02613,1.6597,3.18
2251388,2026-07-18,2026-07,WSH,ATH,824979,1,15,games,0,6,games,6.5,0.5,-106,11.5,0.1369,0.1277,41.53,44.78,48.12,0.41190,6.080,0.39600,0.54660,11.270,5.270,6.000,0.42440,0.42710,0.44656,6.239,0.41537,0.54660,11.564,2026-07,False,1.02613,1.6597,3.18
2251389,2026-07-18,2026-07,DET,LAA,824008,7,0,games,7,0,games,4.5,-0.5,-235,8.0,0.1627,0.1707,45.27,38.46,54.07,0.50690,4.830,0.47720,0.66160,8.930,4.920,4.010,0.54700,0.52380,0.50416,4.956,0.49302,0.66160,9.163,2026-07,False,1.02613,1.6597,3.18
2251390,2026-07-19,2026-07,CWS,TOR,822786,3,0,games,1,0,games,4.5,-0.5,-135,8.0,0.1645,0.1737,38.51,45.04,46.09,0.38000,4.392,0.41960,0.54650,8.290,3.760,4.530,0.40060,0.46840,0.42679,4.507,0.43375,0.54650,8.507,2026-07,False,1.02613,1.6597,3.18
2251391,2026-07-19,2026-07,TB,BOS,824739,1,6,games,1,6,games,4.5,0.5,-102,8.5,0.1689,0.1811,40.98,42.13,49.31,0.38620,4.261,0.40270,0.55570,8.000,3.640,4.360,0.40360,0.40280,0.43066,4.372,0.41631,0.55570,8.209,2026-07,False,1.02613,1.6597,3.18
2251392,2026-07-19,2026-07,NYM,PHI,823439,6,1,games,5,0,games,4.5,-0.5,-168,8.5,0.1581,0.1631,46.13,38.06,54.79,0.45960,4.978,0.49540,0.61240,9.180,4.680,4.500,0.48440,0.50600,0.47562,5.108,0.51172,0.61240,9.420,2026-07,False,1.02613,1.6597,3.18
2251393,2026-07-19,2026-07,TEX,ATL,824897,5,8,games,3,4,games,4.5,-0.5,-140,8.5,0.1585,0.1637,40.53,43.61,48.17,0.41330,4.813,0.47370,0.57060,9.010,4.240,4.770,0.42520,0.49100,0.44742,4.939,0.48946,0.57060,9.245,2026-07,False,1.02613,1.6597,3.18
2251394,2026-07-19,2026-07,PIT,CLE,824411,7,1,games,2,1,games,3.5,0.5,-112,7.0,0.1723,0.1866,42.59,40.19,51.45,0.40780,4.028,0.43890,0.58540,7.640,3.630,4.010,0.43390,0.50410,0.44404,4.133,0.45198,0.58540,7.840,2026-07,False,1.02613,1.6597,3.18
2251395,2026-07-19,2026-07,BAL,HOU,824168,5,2,games,4,1,games,4.5,0.5,+102,8.5,0.1557,0.1591,41.04,43.39,48.61,0.41950,4.870,0.48100,0.57560,9.080,4.300,4.780,0.42980,0.49680,0.45123,4.997,0.49696,0.57560,9.317,2026-07,False,1.02613,1.6597,3.18
2251396,2026-07-19,2026-07,SD,KC,824086,19,2,games,7,2,games,5.5,0.5,-100,9.5,0.1523,0.1534,42.89,41.88,50.60,0.41750,5.262,0.40950,0.56540,9.780,4.610,5.170,0.42570,0.46240,0.45000,5.399,0.42638,0.56540,10.036,2026-07,False,1.02613,1.6597,3.18
2251397,2026-07-19,2026-07,MIA,MIL,823764,1,3,games,1,0,games,4.5,0.5,-110,8.0,0.1658,0.1759,43.53,39.89,52.18,0.42500,4.225,0.39730,0.59590,7.900,3.870,4.030,0.45420,0.43340,0.45459,4.335,0.41075,0.59590,8.106,2026-07,False,1.02613,1.6597,3.18
2251398,2026-07-19,2026-07,MIN,CHC,824653,1,10,games,0,10,games,4.5,0.5,+138,7.5,0.1588,0.1643,39.21,44.90,46.62,0.40030,4.663,0.52220,0.56070,8.690,4.010,4.680,0.41170,0.54290,0.43941,4.785,0.53744,0.56070,8.917,2026-07,False,1.02613,1.6597,3.18
2251399,2026-07-19,2026-07,CIN,COL,824330,9,6,games,9,1,games,5.5,-0.5,-182,11.0,0.1348,0.1242,38.99,47.53,45.06,0.39670,6.509,0.49390,0.52460,11.950,5.490,6.460,0.40840,0.51230,0.43718,6.679,0.51523,0.52460,12.262,2026-07,False,1.02613,1.6597,3.18
2251400,2026-07-19,2026-07,WSH,ATH,824978,5,2,games,5,1,games,5.5,-0.5,-174,10.5,0.1329,0.1210,55.06,31.66,63.49,0.53920,6.144,0.45630,0.67160,11.320,6.400,4.930,0.57060,0.50800,0.52365,6.305,0.47637,0.67160,11.616,2026-07,False,1.02613,1.6597,3.18
2251401,2026-07-19,2026-07,DET,LAA,824007,2,3,games,1,2,games,5.5,-0.5,-150,9.5,0.1582,0.1633,49.55,34.63,58.86,0.50290,4.685,0.34030,0.66020,8.680,4.760,3.920,0.54110,0.37330,0.50175,4.807,0.35452,0.66020,8.907,2026-07,False,1.02613,1.6597,3.18
2251402,2026-07-19,2026-07,SF,SEA,823113,3,6,games,3,3,games,3.5,0.5,+150,7.0,0.1869,0.2110,39.95,41.37,49.13,0.39350,3.542,0.36880,0.58710,6.760,3.160,3.610,0.42330,0.41810,0.43520,3.635,0.37983,0.58710,6.937,2026-07,False,1.02613,1.6597,3.18
2251403,2026-07-19,2026-07,LAD,NYY,823521,1,2,games,0,1,games,3.5,1.5,+300,9.0,0.1608,0.1676,40.07,43.85,47.75,0.42440,4.979,0.43520,0.57790,9.110,4.360,4.750,0.43730,0.45460,0.45423,5.109,0.45136,0.57790,9.348,2026-07,False,1.02613,1.6597,3.18
2251404,2026-07-20,2026-07,MIN,CLE,824410,4,13,games,2,9,games,10.5,-0.5,+1500,7.5,0.1727,0.1874,43.41,39.31,52.48,0.43930,4.095,0.44750,0.61230,7.720,3.850,3.870,0.46770,0.45510,0.46331,4.202,0.46083,0.61230,7.922,2026-07,False,1.02613,1.6597,3.18
2251405,2026-07-20,2026-07,PIT,NYY,823522,5,8,games,5,8,games,11.5,0.5,-390,8.0,0.1570,0.1612,41.80,42.50,49.59,0.40430,4.695,0.45990,0.56340,8.730,4.120,4.620,0.42600,0.50630,0.44188,4.818,0.47524,0.56340,8.958,2026-07,False,1.02613,1.6597,3.18
2251406,2026-07-20,2026-07,TB,TOR,822788,7,1,games,4,1,games,3.5,-1.5,+152,7.5,0.1664,0.1769,40.51,42.84,48.60,0.39190,4.304,0.47610,0.56110,8.090,3.730,4.360,0.41160,0.49050,0.43421,4.416,0.49020,0.56110,8.301,2026-07,False,1.02613,1.6597,3.18
2251407,2026-07-20,2026-07,BAL,BOS,824736,5,6,games,2,3,games,5.5,0.5,+900,8.5,0.1685,0.1804,38.18,44.96,45.93,0.38620,4.418,0.42260,0.55230,8.250,3.720,4.520,0.39740,0.42530,0.43066,4.533,0.43686,0.55230,8.466,2026-07,False,1.02613,1.6597,3.18
2251408,2026-07-20,2026-07,LAD,PHI,823436,7,10,games,1,4,games,4.5,4.5,+134,8.5,0.1506,0.1505,45.15,39.79,53.16,0.41920,5.235,0.52530,0.56740,9.610,4.540,5.070,0.42680,0.53940,0.45104,5.372,0.54240,0.56740,9.861,2026-07,False,1.02613,1.6597,3.18
2251409,2026-07-20,2026-07,SD,ATL,824898,2,3,games,1,2,games,5.5,0.5,+108,9.0,0.1585,0.1637,42.34,41.81,50.32,0.43360,5.071,0.44680,0.58490,9.440,4.560,4.880,0.44440,0.48030,0.45984,5.204,0.46332,0.58490,9.687,2026-07,False,1.02613,1.6597,3.18
2251410,2026-07-20,2026-07,SF,KC,824087,3,4,games,1,3,games,3.5,0.5,+120,10.0,0.1578,0.1625,42.17,42.05,50.08,0.41510,4.778,0.35250,0.57350,8.960,4.260,4.710,0.43400,0.36230,0.44853,4.903,0.36718,0.57350,9.194,2026-07,False,1.02613,1.6597,3.18
2251411,2026-07-20,2026-07,NYM,MIL,823762,3,8,games,1,5,games,3.5,2.5,+870,7.5,0.1608,0.1676,31.65,52.27,37.72,0.29960,4.342,0.48040,0.46470,8.100,3.060,5.040,0.29160,0.48970,0.37480,4.455,0.49463,0.46470,8.312,2026-07,False,1.02613,1.6597,3.18
2251412,2026-07-20,2026-07,DET,CHC,824654,8,6,games,4,3,games,6.5,0.5,-110,11.5,0.1513,0.1517,45.29,39.58,53.36,0.47610,5.069,0.28590,0.62690,9.350,4.870,4.490,0.49550,0.28710,0.48559,5.201,0.30023,0.62690,9.594,2026-07,False,1.02613,1.6597,3.18
2251413,2026-07-20,2026-07,CWS,TEX,822874,10,3,games,5,2,games,4.5,0.5,+148,7.5,0.1687,0.1806,36.87,46.27,44.35,0.35560,4.043,0.44120,0.53170,7.690,3.330,4.360,0.37140,0.45270,0.41139,4.149,0.45434,0.53170,7.891,2026-07,False,1.02613,1.6597,3.18
2251414,2026-07-20,2026-07,MIA,HOU,824167,5,8,games,4,7,games,4.5,0.5,+104,9.0,0.1579,0.1626,38.77,45.44,46.04,0.36710,4.730,0.40450,0.52570,8.890,3.850,5.040,0.36760,0.43520,0.41868,4.854,0.41963,0.52570,9.122,2026-07,False,1.02613,1.6597,3.18
2251415,2026-07-20,2026-07,WSH,COL,824328,7,3,games,3,3,games,6.5,-0.5,-142,12.0,0.1323,0.1200,50.02,36.75,57.65,0.45970,6.603,0.45090,0.58820,12.180,6.210,5.970,0.49250,0.45980,0.47568,6.776,0.47244,0.58820,12.498,2026-07,False,1.02613,1.6597,3.18
2251416,2026-07-20,2026-07,CIN,SEA,823112,0,8,games,0,1,games,3.5,0.5,+126,7.5,0.1743,0.1900,40.72,41.86,49.31,0.41290,4.043,0.44100,0.58920,7.600,3.620,3.980,0.43530,0.44400,0.44718,4.149,0.45414,0.58920,7.799,2026-07,False,1.02613,1.6597,3.18
2251417,2026-07-20,2026-07,STL,LAA,824006,2,3,games,2,1,games,4.5,0.5,+102,9.0,0.1612,0.1682,42.45,41.43,50.60,0.43470,4.460,0.37100,0.59990,8.370,4.150,4.220,0.46350,0.39210,0.46051,4.577,0.38493,0.59990,8.589,2026-07,False,1.02613,1.6597,3.18
2251418,2026-07-21,2026-07,MIN,CLE,824409,2,5,games,2,2,games,4.5,0.5,+176,8.0,0.1743,0.1900,37.46,45.11,45.36,0.37510,4.044,0.37250,0.55220,7.660,3.390,4.270,0.38600,0.41080,0.42372,4.150,0.38514,0.55220,7.860,2026-07,False,1.02613,1.6597,3.18
2251419,2026-07-21,2026-07,LAD,PHI,823437,2,1,games,2,1,games,4.5,0.5,+114,9.0,0.1634,0.1718,42.69,40.97,51.03,0.41740,4.489,0.37460,0.58110,8.310,3.950,4.350,0.43240,0.38520,0.44994,4.606,0.38866,0.58110,8.527,2026-07,False,1.02613,1.6597,3.18
2251420,2026-07-22,2026-07,PIT,NYY,823519,0,2,games,0,0,games,5.5,1.5,+172,9.0,0.1520,0.1528,41.16,43.64,48.54,0.33510,4.740,0.40540,0.49170,8.820,3.640,5.180,0.33720,0.42950,0.39823,4.864,0.42057,0.49170,9.050,2026-07,False,1.02613,1.6597,3.18
2251421,2026-07-21,2026-07,TB,TOR,822787,12,2,games,8,0,games,4.5,-0.5,-4000,7.5,0.1576,0.1621,47.01,37.23,55.80,0.46190,4.739,0.53090,0.61980,8.840,4.560,4.270,0.49500,0.55490,0.47702,4.863,0.54636,0.61980,9.071,2026-07,False,1.02613,1.6597,3.18
2251422,2026-07-22,2026-07,BAL,BOS,824735,3,6,games,2,6,games,5.5,0.5,+134,9.5,0.1732,0.1883,37.20,45.48,44.99,0.34910,4.070,0.26500,0.52410,7.660,3.230,4.430,0.35650,0.28600,0.40724,4.176,0.27607,0.52410,7.860,2026-07,False,1.02613,1.6597,3.18
2251423,2026-07-21,2026-07,SD,ATL,824895,8,3,games,5,2,games,5.5,1.5,+290,9.0,0.1553,0.1584,38.01,46.46,44.99,0.36980,5.186,0.45980,0.51820,9.680,4.160,5.510,0.36190,0.49840,0.42039,5.322,0.47675,0.51820,9.933,2026-07,False,1.02613,1.6597,3.18
2251424,2026-07-21,2026-07,SF,KC,824085,2,3,games,2,1,games,3.5,0.5,-114,9.0,0.1536,0.1555,42.64,42.00,50.38,0.43380,5.098,0.45010,0.58510,9.520,4.650,4.870,0.45280,0.48740,0.45996,5.231,0.46672,0.58510,9.769,2026-07,False,1.02613,1.6597,3.18
2251425,2026-07-21,2026-07,NYM,MIL,823760,4,0,games,3,0,games,4.5,0.5,+108,8.5,0.1609,0.1677,40.57,43.34,48.34,0.46660,4.173,0.38990,0.63800,7.740,4.050,3.690,0.50440,0.37860,0.47986,4.282,0.40312,0.63800,7.942,2026-07,False,1.02613,1.6597,3.18
2251426,2026-07-21,2026-07,DET,CHC,824652,2,11,games,0,9,games,3.5,0.5,-106,7.5,0.1471,0.1447,47.25,38.04,55.39,0.46500,5.292,0.59750,0.61290,9.750,4.980,4.770,0.48650,0.62660,0.47889,5.430,0.61423,0.61290,10.005,2026-07,False,1.02613,1.6597,3.18
2251427,2026-07-21,2026-07,CWS,TEX,822871,0,10,games,0,9,games,4.5,0.5,-100,8.5,0.1630,0.1713,42.63,41.07,50.93,0.40150,4.407,0.42160,0.56690,8.350,3.920,4.430,0.42460,0.43410,0.44015,4.522,0.43581,0.56690,8.568,2026-07,False,1.02613,1.6597,3.18
2251428,2026-07-21,2026-07,MIA,HOU,824165,3,5,games,1,5,games,5.5,0.5,+108,9.5,0.1538,0.1559,46.23,38.39,54.63,0.43520,5.041,0.38260,0.58730,9.410,4.590,4.820,0.45170,0.43310,0.46082,5.173,0.39850,0.58730,9.656,2026-07,False,1.02613,1.6597,3.18
2251429,2026-07-21,2026-07,WSH,COL,824329,7,8,games,6,6,games,7.5,-0.5,-118,13.0,0.1319,0.1194,46.15,40.65,53.17,0.38140,7.460,0.48630,0.49910,13.730,6.150,7.580,0.39490,0.49300,0.42767,7.655,0.51075,0.49910,14.089,2026-07,False,1.02613,1.6597,3.18
2251430,2026-07-21,2026-07,STL,LAA,824005,1,5,games,1,5,games,5.5,0.5,-104,9.0,0.1586,0.1639,37.79,46.35,44.91,0.37290,4.719,0.40320,0.53130,8.870,3.910,4.960,0.38010,0.43330,0.42234,4.842,0.41828,0.53130,9.102,2026-07,False,1.02613,1.6597,3.18
2251431,2026-07-21,2026-07,CIN,SEA,823114,4,2,games,3,0,games,3.5,-0.5,-120,7.5,0.1763,0.1934,42.25,40.11,51.30,0.42980,3.895,0.41980,0.61090,7.340,3.630,3.710,0.46170,0.41970,0.45752,3.997,0.43235,0.61090,7.532,2026-07,False,1.02613,1.6597,3.18
2251432,2026-07-22,2026-07,PIT,NYY,823518,5,3,games,2,0,games,5.5,0.5,+176,9.5,0.1521,0.1531,41.18,43.60,48.57,0.39160,5.129,0.39390,0.54130,9.510,4.360,5.150,0.40610,0.44050,0.43402,5.263,0.41020,0.54130,9.758,2026-07,False,1.02613,1.6597,3.18
2251433,2026-07-22,2026-07,SF,KC,824083,4,5,games,0,0,games,4.5,-0.5,-145,8.5,0.1558,0.1593,46.75,37.66,55.38,0.46970,4.953,0.49130,0.62320,9.250,4.790,4.460,0.49810,0.51110,0.48173,5.082,0.50754,0.62320,9.492,2026-07,False,1.02613,1.6597,3.18
2251434,2026-07-22,2026-07,NYM,MIL,823761,3,4,games,2,3,games,4.5,0.5,+122,7.5,0.1695,0.1820,36.20,46.85,43.59,0.37660,4.220,0.46460,0.54850,7.860,3.510,4.350,0.39010,0.46950,0.42466,4.330,0.47840,0.54850,8.065,2026-07,False,1.02613,1.6597,3.18
2251435,2026-07-22,2026-07,WSH,COL,824327,8,0,games,1,0,games,6.5,-0.5,-145,11.5,0.1436,0.1388,40.46,45.18,47.24,0.38370,5.656,0.34990,0.52420,10.500,4.750,5.750,0.40240,0.37260,0.42910,5.804,0.36726,0.52420,10.774,2026-07,False,1.02613,1.6597,3.18
2251436,2026-07-22,2026-07,CIN,SEA,823110,5,3,games,2,3,games,4.5,0.5,+124,8.0,0.1770,0.1946,36.45,45.85,44.29,0.37300,3.822,0.34170,0.55640,7.240,3.220,4.020,0.38970,0.37050,0.42240,3.922,0.35330,0.55640,7.429,2026-07,False,1.02613,1.6597,3.18
2251437,2026-07-22,2026-07,STL,LAA,824004,1,0,games,0,0,games,4.5,0.5,+120,8.5,0.1641,0.1730,44.26,39.33,52.95,0.41100,4.696,0.45900,0.57050,8.800,4.170,4.630,0.42940,0.47460,0.44601,4.819,0.47434,0.57050,9.030,2026-07,False,1.02613,1.6597,3.18
2251438,2026-07-22,2026-07,MIN,CLE,824408,10,6,games,7,4,games,10.5,0.5,+108,8.0,0.1616,0.1689,43.38,40.46,51.75,0.42760,4.636,0.45170,0.58760,8.690,4.200,4.490,0.44450,0.50360,0.45618,4.757,0.46682,0.58760,8.917,2026-07,False,1.02613,1.6597,3.18
2251439,2026-07-22,2026-07,LAD,PHI,823438,9,5,games,3,3,games,3.5,-0.5,-122,9.5,0.1464,0.1436,47.25,38.10,55.36,0.46680,5.646,0.45430,0.60810,10.290,5.230,5.060,0.48380,0.50210,0.47998,5.794,0.47273,0.60810,10.559,2026-07,False,1.02613,1.6597,3.18
2251440,2026-07-22,2026-07,TB,TOR,822784,4,2,games,1,1,games,3.5,0.5,+148,7.5,0.1569,0.1610,43.61,40.70,51.72,0.38610,4.591,0.51280,0.54740,8.620,3.910,4.700,0.39980,0.53640,0.43060,4.711,0.52783,0.54740,8.845,2026-07,False,1.02613,1.6597,3.18
2251441,2026-07-22,2026-07,BAL,BOS,824732,5,1,games,4,1,games,4.5,0.5,-4500,9.0,0.1732,0.1883,37.20,45.48,44.99,0.44410,4.473,0.37220,0.60740,8.310,4.150,4.160,0.46880,0.38600,0.46623,4.590,0.38618,0.60740,8.527,2026-07,False,1.02613,1.6597,3.18
2251442,2026-07-22,2026-07,SD,ATL,824896,6,7,games,0,1,games,4.5,1.5,+320,8.5,0.1677,0.1790,42.13,41.10,50.62,0.41510,4.413,0.42240,0.58140,8.270,3.910,4.360,0.42840,0.42670,0.44853,4.528,0.43664,0.58140,8.486,2026-07,False,1.02613,1.6597,3.18
2251443,2026-07-22,2026-07,DET,CHC,824650,5,1,games,4,1,games,4.5,0.5,-100,8.0,0.1616,0.1689,46.77,37.07,55.78,0.48270,4.566,0.44260,0.64450,8.450,4.490,3.960,0.51750,0.48270,0.48957,4.685,0.45745,0.64450,8.671,2026-07,False,1.02613,1.6597,3.18
2251444,2026-07-22,2026-07,CWS,TEX,822873,4,2,games,3,2,games,4.5,-0.5,-118,8.5,0.1666,0.1773,41.18,42.16,49.41,0.34850,3.827,0.34230,0.53160,7.310,3.130,4.190,0.36500,0.34000,0.40686,3.927,0.35392,0.53160,7.501,2026-07,False,1.02613,1.6597,3.18
2251445,2026-07-22,2026-07,MIA,HOU,824166,2,5,games,2,2,games,4.5,0.5,-108,8.0,0.1660,0.1762,40.16,43.24,48.15,0.39240,4.330,0.41110,0.56120,8.160,3.720,4.440,0.40370,0.45730,0.43452,4.443,0.42499,0.56120,8.373,2026-07,False,1.02613,1.6597,3.18
2251446,2026-07-23,2026-07,SD,ATL,824893,5,6,games,3,5,games,4.5,1.5,+210,8.0,0.1565,0.1604,32.72,51.62,38.80,0.39090,4.179,0.39080,0.56370,7.870,3.570,4.300,0.40180,0.42990,0.43359,4.288,0.40404,0.56370,8.076,2026-07,False,1.02613,1.6597,3.18
2251447,2026-07-23,2026-07,MIN,CLE,824406,3,1,games,0,1,games,3.5,0.5,+116,7.5,0.1687,0.1807,43.06,40.07,51.80,0.42750,4.288,0.47440,0.59750,8.050,3.920,4.130,0.45060,0.48650,0.45612,4.400,0.48844,0.59750,8.260,2026-07,False,1.02613,1.6597,3.18
2251448,2026-07-23,2026-07,TB,TOR,822785,1,3,games,1,2,games,4.5,-0.5,-118,8.5,0.1519,0.1527,51.53,33.28,60.76,0.48560,5.340,0.53800,0.63170,9.890,5.250,4.640,0.51830,0.56130,0.49132,5.480,0.55538,0.63170,10.148,2026-07,False,1.02613,1.6597,3.18
2251449,2026-07-23,2026-07,KC,DET,824247,3,4,games,0,0,games,0.5,0.5,+186,8.5,0.1741,0.1897,34.66,47.93,41.97,0.34200,4.060,0.37480,0.51640,7.680,3.220,4.460,0.35190,0.37250,0.40269,4.166,0.38751,0.51640,7.881,2026-07,False,1.02613,1.6597,3.18
2251450,2026-07-24,2026-07,COL,MIL,823759,5,2,games,4,1,games,4.5,1.5,+186,8.5,0.1607,0.1674,35.90,48.03,42.77,0.37000,4.619,0.44940,0.53090,8.640,3.830,4.810,0.38430,0.45930,0.42051,4.740,0.46445,0.53090,8.866,2026-07,False,1.02613,1.6597,3.18
2251451,2026-07-24,2026-07,KC,DET,824248,1,2,games,1,2,games,3.5,1.5,+1060,7.5,0.1615,0.1687,32.58,51.27,38.86,0.36190,4.156,0.45630,0.53490,7.820,3.410,4.420,0.37420,0.46500,0.41540,4.265,0.46986,0.53490,8.024,2026-07,False,1.02613,1.6597,3.18
2251452,2026-07-24,2026-07,CHC,PIT,823352,3,2,games,0,1,games,0.5,0.5,+104,8.0,0.1596,0.1655,41.14,42.90,48.95,0.40710,4.384,0.41810,0.57430,8.240,3.840,4.400,0.41810,0.46420,0.44361,4.499,0.43222,0.57430,8.455,2026-07,False,1.02613,1.6597,3.18
2251453,2026-07-24,2026-07,NYY,PHI,823434,1,0,games,1,0,games,3.5,0.5,+108,7.5,0.1630,0.1711,43.27,40.44,51.69,0.41930,4.667,0.52420,0.58000,8.610,4.090,4.520,0.43230,0.53610,0.45110,4.789,0.53945,0.58000,8.835,2026-07,False,1.02613,1.6597,3.18
2251454,2026-07-24,2026-07,ATL,BAL,824812,7,6,games,2,3,games,4.5,2.5,+900,8.5,0.1561,0.1596,38.26,46.14,45.33,0.38670,4.961,0.49190,0.54060,9.240,4.180,5.070,0.39660,0.51130,0.43097,5.091,0.50816,0.54060,9.481,2026-07,False,1.02613,1.6597,3.18
2251455,2026-07-24,2026-07,LAD,NYM,823601,4,2,games,1,1,games,2.5,-0.5,-130,9.0,0.1502,0.1498,43.20,41.78,50.84,0.42380,5.228,0.46560,0.57230,9.590,4.580,5.020,0.43450,0.49240,0.45386,5.365,0.48270,0.57230,9.841,2026-07,False,1.02613,1.6597,3.18
2251456,2026-07-24,2026-07,CLE,TB,822952,3,11,games,1,5,games,4.5,0.5,+120,7.0,0.1657,0.1756,38.53,44.91,46.18,0.39330,4.360,0.48320,0.56070,8.230,3.770,4.460,0.40620,0.55640,0.43508,4.474,0.49749,0.56070,8.445,2026-07,False,1.02613,1.6597,3.18
2251457,2026-07-24,2026-07,TOR,BOS,824733,4,6,games,0,3,games,4.5,0.5,-100,9.0,0.1735,0.1886,43.66,38.99,52.82,0.43750,4.319,0.35310,0.60570,8.070,4.010,4.070,0.46550,0.36480,0.46222,4.432,0.36637,0.60570,8.281,2026-07,False,1.02613,1.6597,3.18
2251458,2026-07-24,2026-07,SD,MIA,823843,4,2,games,2,2,games,3.5,1.5,+520,9.0,0.1571,0.1614,38.51,45.77,45.69,0.40770,4.994,0.43830,0.56050,9.310,4.330,4.980,0.41600,0.47000,0.44398,5.124,0.45452,0.56050,9.553,2026-07,False,1.02613,1.6597,3.18
2251459,2026-07-24,2026-07,HOU,CWS,824573,9,5,games,0,5,games,5.5,2.5,+370,9.0,0.1617,0.1691,42.19,41.64,50.33,0.42190,4.543,0.38090,0.58470,8.550,4.090,4.460,0.43700,0.40630,0.45270,4.662,0.39520,0.58470,8.773,2026-07,False,1.02613,1.6597,3.18
2251460,2026-07-24,2026-07,SEA,TEX,822872,4,5,games,3,3,games,3.5,-0.5,-122,7.5,0.1752,0.1915,43.69,38.79,52.97,0.44430,3.847,0.41210,0.62630,7.250,3.690,3.560,0.48280,0.41030,0.46635,3.948,0.42444,0.62630,7.439,2026-07,False,1.02613,1.6597,3.18
2251461,2026-07-24,2026-07,ATH,MIN,823680,2,0,games,1,0,games,5.5,0.5,+118,9.5,0.1443,0.1401,41.26,44.31,48.22,0.41160,5.389,0.42400,0.55680,10.030,4.680,5.350,0.41950,0.48200,0.44638,5.530,0.44141,0.55680,10.292,2026-07,False,1.02613,1.6597,3.18
2251462,2026-07-24,2026-07,CIN,STL,823031,4,2,games,1,2,games,4.5,0.5,+126,8.0,0.1547,0.1574,39.96,44.57,47.27,0.40060,4.989,0.49570,0.55410,9.330,4.270,5.060,0.40440,0.55640,0.43960,5.119,0.51205,0.55410,9.574,2026-07,False,1.02613,1.6597,3.18
2251463,2026-07-24,2026-07,LAA,SF,823196,6,7,games,4,5,games,4.5,0.5,+136,8.5,0.1705,0.1837,39.19,43.76,47.25,0.32470,4.751,0.46570,0.48070,8.960,3.550,5.400,0.31300,0.48580,0.39146,4.875,0.48124,0.48070,9.194,2026-07,False,1.02613,1.6597,3.18
2252284,2026-03-26,2026-03,ARI,LAD,823974,2,8,games,2,4,games,4.5,1.5,+186,9.0,0.1642,0.1732,34.36,49.22,41.15,0.35240,4.656,0.39570,0.51170,8.610,3.580,5.030,0.34080,0.41130,0.35240,4.656,0.39570,0.51170,8.610,2026-03,True,1.0,1.0,2.9
2252293,2026-03-27,2026-03,ARI,LAD,823971,4,5,games,4,4,games,4.5,0.5,+172,8.5,0.1700,0.1829,36.89,46.10,44.44,0.38110,4.266,0.40210,0.55140,7.910,3.490,4.420,0.38320,0.39470,0.38110,4.266,0.40210,0.55140,7.910,2026-03,True,1.0,1.0,2.9
2252307,2026-03-28,2026-03,ARI,LAD,823973,2,3,games,2,0,games,4.5,1.5,+186,8.5,0.1599,0.1660,35.00,49.02,41.67,0.35130,4.777,0.46890,0.50810,8.820,3.650,5.170,0.33950,0.47450,0.35130,4.777,0.46890,0.50810,8.820,2026-03,True,1.0,1.0,2.9
2252334,2026-03-30,2026-03,DET,ARI,825108,6,9,games,0,8,games,5.5,0.5,+104,9.0,0.1471,0.1447,39.64,45.65,46.51,0.40610,5.008,0.43950,0.55910,9.250,4.300,4.950,0.41590,0.46510,0.40610,5.008,0.43950,0.55910,9.250,2026-03,True,1.0,1.0,2.9
2252346,2026-03-31,2026-03,DET,ARI,825107,5,7,games,5,1,games,,,,9.5,0.1434,0.1386,41.96,43.70,49.02,0.44480,5.283,0.41150,0.59150,9.710,4.800,4.910,0.46280,0.45660,0.44480,5.283,0.41150,0.59150,9.710,2026-03,True,1.0,1.0,2.9
2252360,2026-04-01,2026-04,DET,ARI,825106,0,1,games,0,1,games,3.5,-0.5,-180,7.5,0.1506,0.1505,45.79,39.15,53.92,0.46170,4.934,0.55580,0.61530,9.060,4.650,4.420,0.48950,0.57440,0.46170,4.934,0.55580,0.61530,9.060,2026-04,True,1.0,1.0,2.9
2252367,2026-04-02,2026-04,ATL,ARI,825105,17,2,games,10,1,games,4.5,0.5,-104,9.0,0.1467,0.1440,39.43,45.91,46.30,0.34050,5.762,0.52480,0.47740,10.610,4.380,6.230,0.33270,0.56860,0.34050,5.762,0.52480,0.47740,10.610,2026-04,True,1.0,1.0,2.9
2252381,2026-04-03,2026-04,ATL,ARI,825103,2,0,games,0,0,games,4.5,0.5,+112,9.0,0.1418,0.1359,43.15,42.67,50.25,0.45330,5.331,0.47820,0.59910,9.800,4.950,4.850,0.47740,0.50810,0.45330,5.331,0.47820,0.59910,9.800,2026-04,True,1.0,1.0,2.9
2252394,2026-04-04,2026-04,ATL,ARI,825104,1,2,games,1,2,games,5.5,0.5,+106,9.5,0.1463,0.1434,39.88,45.49,46.73,0.40830,5.296,0.41430,0.55590,9.750,4.580,5.170,0.42270,0.46050,0.40830,5.296,0.41430,0.55590,9.750,2026-04,True,1.0,1.0,2.9
2252411,2026-04-05,2026-04,ATL,ARI,825102,5,6,games,3,3,games,5.5,0.5,-104,9.0,0.1475,0.1453,45.91,39.34,53.92,0.46530,5.377,0.48290,0.61150,9.870,5.080,4.790,0.49270,0.51510,0.46530,5.377,0.48290,0.61150,9.870,2026-04,True,1.0,1.0,2.9
2252434,2026-04-07,2026-04,ARI,NYM,823648,3,4,games,3,2,games,3.5,0.5,+126,7.0,0.1550,0.1579,38.74,45.75,45.87,0.42250,4.462,0.49660,0.58710,8.240,3.950,4.290,0.43810,0.55750,0.42250,4.462,0.49660,0.58710,8.240,2026-04,True,1.0,1.0,2.9
2252454,2026-04-08,2026-04,ARI,NYM,823646,7,2,games,5,0,games,4.5,0.5,-100,7.5,0.1504,0.1502,47.56,37.40,55.95,0.46960,4.732,0.53050,0.62770,8.680,4.470,4.210,0.49350,0.54190,0.46960,4.732,0.53050,0.62770,8.680,2026-04,True,1.0,1.0,2.9
2252459,2026-04-09,2026-04,ARI,NYM,823645,7,1,games,0,1,games,3.5,0.5,+148,6.5,0.1548,0.1575,38.28,46.25,45.25,0.41360,3.858,0.48180,0.59530,7.210,3.430,3.780,0.43360,0.51860,0.41360,3.858,0.48180,0.59530,7.210,2026-04,True,1.0,1.0,2.9
2252463,2026-04-10,2026-04,ARI,PHI,823482,5,4,games,5,4,games,4.5,0.5,+152,8.0,0.1515,0.1521,39.93,44.91,47.17,0.45290,4.811,0.47400,0.60930,8.850,4.420,4.430,0.46830,0.51720,0.45290,4.811,0.47400,0.60930,8.850,2026-04,True,1.0,1.0,2.9
2252477,2026-04-11,2026-04,ARI,PHI,823480,3,4,games,2,4,games,4.5,0.5,-102,9.0,0.1406,0.1338,45.01,40.93,52.38,0.41140,5.334,0.47730,0.55750,9.800,4.540,5.260,0.41170,0.50870,0.41140,5.334,0.47730,0.55750,9.800,2026-04,True,1.0,1.0,2.9
2252493,2026-04-12,2026-04,ARI,PHI,823479,4,3,games,1,0,games,4.5,0.5,+112,8.0,0.1465,0.1438,41.63,43.72,48.78,0.51750,5.757,0.58380,0.65690,10.450,5.690,4.760,0.54030,0.63730,0.51750,5.757,0.58380,0.65690,10.450,2026-04,True,1.0,1.0,2.9
2252508,2026-04-13,2026-04,ARI,BAL,824856,7,9,games,4,1,games,4.5,0.5,-410,9.0,0.1546,0.1573,45.76,38.77,54.13,0.42550,4.849,0.41970,0.58210,8.940,4.260,4.680,0.43350,0.44060,0.42550,4.849,0.41970,0.58210,8.940,2026-04,True,1.0,1.0,2.9
2252517,2026-04-14,2026-04,ARI,BAL,824853,4,3,games,4,2,games,4.5,0.5,+128,9.0,0.1587,0.1641,38.07,46.06,45.25,0.41700,4.714,0.40220,0.57610,8.710,4.090,4.610,0.42420,0.41980,0.41700,4.714,0.40220,0.57610,8.710,2026-04,True,1.0,1.0,2.9
2252532,2026-04-15,2026-04,ARI,BAL,824855,8,5,games,3,4,games,4.5,0.5,+114,9.5,0.1545,0.1570,39.03,45.52,46.08,0.50510,4.897,0.36600,0.65850,8.970,4.860,4.100,0.53270,0.39560,0.50510,4.897,0.36600,0.65850,8.970,2026-04,True,1.0,1.0,2.9
2252570,2026-04-17,2026-04,TOR,ARI,825101,3,6,games,1,3,games,4.5,0.5,+110,8.5,0.1510,0.1512,44.91,40.00,52.83,0.45120,4.604,0.44720,0.61170,8.510,4.330,4.180,0.48200,0.44870,0.45120,4.604,0.44720,0.61170,8.510,2026-04,True,1.0,1.0,2.9
2252585,2026-04-18,2026-04,TOR,ARI,825098,2,6,games,1,2,games,,,,9.0,0.1379,0.1294,37.06,49.15,42.92,0.40070,5.746,0.52410,0.53980,10.560,4.850,5.700,0.40550,0.56560,0.40070,5.746,0.52410,0.53980,10.560,2026-04,True,1.0,1.0,2.9
2252600,2026-04-19,2026-04,TOR,ARI,825100,10,4,games,10,1,games,4.5,-0.5,-118,8.0,0.1495,0.1487,42.06,42.99,49.50,0.45610,4.445,0.42660,0.62050,8.220,4.230,3.990,0.49210,0.46240,0.45610,4.445,0.42660,0.62050,8.220,2026-04,True,1.0,1.0,2.9
2252625,2026-04-21,2026-04,CWS,ARI,825099,11,5,games,8,2,games,,,,9.0,0.1432,0.1383,35.35,50.32,41.32,0.37880,4.851,0.41990,0.53420,9.040,4.070,4.970,0.39360,0.44810,0.37880,4.851,0.41990,0.53420,9.040,2026-04,True,1.0,1.0,2.9
2252640,2026-04-22,2026-04,CWS,ARI,825097,7,11,games,4,8,games,5.5,0.5,+122,9.0,0.1400,0.1329,38.21,47.78,44.44,0.37480,4.858,0.41950,0.53090,9.050,4.040,5.000,0.38840,0.44800,0.37480,4.858,0.41950,0.53090,9.050,2026-04,True,1.0,1.0,2.9
2252646,2026-04-23,2026-04,CWS,ARI,825096,4,1,games,1,1,games,,,,8.5,0.1452,0.1416,37.01,48.47,43.29,0.41320,4.328,0.41080,0.58160,8.120,3.910,4.200,0.44270,0.41320,0.41320,4.328,0.41080,0.58160,8.120,2026-04,True,1.0,1.0,2.9
2252672,2026-04-25,2026-04,SD,ARI,825093,6,4,games,1,4,games,,,,16.0,0.1442,0.1399,41.81,43.77,48.86,0.41870,5.538,0.15560,0.56160,10.160,4.820,5.350,0.44740,0.13200,0.41870,5.538,0.15560,0.56160,10.160,2026-04,True,1.0,1.0,2.9
2252691,2026-04-26,2026-04,SD,ARI,825094,7,12,games,6,1,games,8.5,-0.5,-132,15.0,0.1441,0.1398,38.12,47.46,44.55,0.49820,5.138,0.14930,0.64750,9.390,5.080,4.310,0.51810,0.12850,0.49820,5.138,0.14930,0.64750,9.390,2026-04,True,1.0,1.0,2.9
2252713,2026-04-28,2026-04,ARI,MIL,823798,2,13,games,2,5,games,4.5,0.5,+142,8.0,0.1559,0.1594,41.73,42.68,49.44,0.40570,4.294,0.40600,0.57440,7.950,3.700,4.250,0.41880,0.43840,0.40570,4.294,0.40600,0.57440,7.950,2026-04,True,1.0,1.0,2.9
2252731,2026-04-29,2026-04,ARI,MIL,823796,6,2,games,4,2,games,,,,8.5,0.1572,0.1615,39.88,44.40,47.32,0.46810,4.719,0.46250,0.62570,8.650,4.440,4.210,0.48980,0.46060,0.46810,4.719,0.46250,0.62570,8.650,2026-04,True,1.0,1.0,2.9
2252739,2026-04-30,2026-04,ARI,MIL,823795,1,13,games,1,8,games,3.5,0.5,+106,7.0,0.1621,0.1698,40.34,43.45,48.14,0.40310,4.172,0.45850,0.57580,7.740,3.580,4.150,0.41620,0.51250,0.40310,4.172,0.45850,0.57580,7.740,2026-04,True,1.0,1.0,2.9
2252742,2026-05-01,2026-05,ARI,CHC,824686,5,6,games,1,6,games,3.5,0.5,+116,7.0,0.1560,0.1595,42.41,41.99,50.25,0.42660,4.618,0.51640,0.58780,8.520,4.070,4.450,0.43550,0.58100,0.45026,4.829,0.54391,0.58780,8.909,2026-05,False,1.04564,1.4814,3.0471
2252759,2026-05-02,2026-05,ARI,CHC,824685,0,2,games,0,1,games,,,,7.0,0.1591,0.1648,44.41,39.68,52.81,0.33800,4.686,0.52440,0.49620,8.700,3.510,5.190,0.32540,0.59450,0.38846,4.900,0.55227,0.49620,9.097,2026-05,False,1.04564,1.4814,3.0471
2252780,2026-05-03,2026-05,ARI,CHC,824687,4,8,games,2,6,games,6.5,0.5,+136,12.0,0.1588,0.1643,40.99,43.13,48.73,0.37720,5.965,0.38370,0.51320,10.930,4.720,6.210,0.37040,0.37380,0.41617,6.237,0.41823,0.51320,11.429,2026-05,False,1.04564,1.4814,3.0471
2252811,2026-05-05,2026-05,PIT,ARI,825092,0,9,games,0,2,games,4.5,0.5,+106,9.0,0.1497,0.1491,44.77,40.26,52.65,0.38820,5.187,0.46080,0.53720,9.620,4.380,5.240,0.40040,0.49470,0.42383,5.424,0.49173,0.53720,10.059,2026-05,False,1.04564,1.4814,3.0471
2252828,2026-05-06,2026-05,PIT,ARI,825091,1,0,games,1,0,games,,,,8.5,0.1550,0.1579,42.05,42.45,49.76,0.50490,4.755,0.46660,0.66120,8.790,4.880,3.910,0.55430,0.47260,0.50331,4.972,0.49497,0.66120,9.191,2026-05,False,1.04564,1.4814,3.0471
2252833,2026-05-07,2026-05,PIT,ARI,825090,4,2,games,3,2,games,,,,,,,,,,0.48650,4.999,0.49750,0.63780,9.240,4.970,4.270,0.52900,0.50970,0.49089,5.227,0.52735,0.63780,9.662,2026-05,False,1.04564,1.4814,3.0471
2252849,2026-05-08,2026-05,NYM,ARI,825088,3,1,games,1,1,games,4.5,-0.5,-142,9.0,0.1533,0.1551,43.54,41.13,51.43,0.51400,5.053,0.44430,0.66330,9.220,5.120,4.100,0.55530,0.46170,0.50945,5.284,0.47433,0.66330,9.641,2026-05,False,1.04564,1.4814,3.0471
2252864,2026-05-09,2026-05,NYM,ARI,825089,1,2,games,1,2,games,5.5,-0.5,-114,9.5,0.1477,0.1457,43.92,41.31,51.53,0.59800,6.015,0.49300,0.72910,10.830,6.660,4.180,0.64780,0.53930,0.56662,6.290,0.52892,0.72910,11.324,2026-05,False,1.04564,1.4814,3.0471
2252879,2026-05-10,2026-05,NYM,ARI,825085,1,5,games,0,2,games,4.5,-0.5,-114,8.5,0.1435,0.1387,40.21,45.44,46.95,0.47250,4.705,0.46130,0.63070,8.640,4.520,4.110,0.50530,0.45970,0.48143,4.920,0.48935,0.63070,9.034,2026-05,False,1.04564,1.4814,3.0471
2252886,2026-05-11,2026-05,ARI,TEX,822901,1,0,games,1,0,games,4.5,-0.5,-114,8.0,0.1893,0.2151,35.96,45.11,44.36,0.38780,4.176,0.39110,0.56040,7.810,3.510,4.300,0.39480,0.42460,0.42355,4.367,0.41531,0.56040,8.166,2026-05,False,1.04564,1.4814,3.0471
2252900,2026-05-12,2026-05,ARI,TEX,822903,4,7,games,1,7,games,,,,8.0,0.1800,0.1995,40.19,41.81,49.02,0.44120,4.631,0.45120,0.60190,8.560,4.200,4.360,0.45560,0.49180,0.46021,4.842,0.47876,0.60190,8.951,2026-05,False,1.04564,1.4814,3.0471
2252915,2026-05-13,2026-05,ARI,TEX,822900,5,6,games,0,3,games,4.5,-0.5,-118,8.0,0.1846,0.2072,41.01,40.54,50.29,0.43420,4.403,0.42020,0.60050,8.170,3.980,4.190,0.45040,0.45870,0.45544,4.604,0.44613,0.60050,8.543,2026-05,False,1.04564,1.4814,3.0471
2252941,2026-05-15,2026-05,ARI,COL,824360,9,1,games,7,1,games,6.5,-0.5,-116,11.5,0.1332,0.1215,40.57,46.11,46.80,0.40860,7.903,0.57320,0.52400,14.360,6.610,7.750,0.40980,0.62080,0.43792,8.264,0.61902,0.52400,15.015,2026-05,False,1.04564,1.4814,3.0471
2252947,2026-05-16,2026-05,ARI,COL,824359,2,4,games,2,3,games,6.5,-0.5,-140,11.5,0.1458,0.1426,43.23,42.19,50.61,0.46300,5.884,0.37500,0.60040,10.750,5.460,5.290,0.48820,0.39020,0.47500,6.153,0.40885,0.60040,11.241,2026-05,False,1.04564,1.4814,3.0471
2252971,2026-05-17,2026-05,ARI,COL,824358,8,6,games,7,2,games,5.5,-2.5,-1100,10.5,0.1398,0.1325,48.08,37.94,55.90,0.47540,6.786,0.52190,0.60170,12.330,6.330,6.000,0.49540,0.57590,0.48339,7.096,0.56221,0.60170,12.893,2026-05,False,1.04564,1.4814,3.0471
2252987,2026-05-18,2026-05,SF,ARI,825087,2,12,games,2,12,games,4.5,0.5,+102,9.0,0.1545,0.1571,44.07,40.48,52.12,0.44490,5.568,0.50500,0.58860,10.220,5.100,5.120,0.46860,0.54180,0.46272,5.822,0.53821,0.58860,10.686,2026-05,False,1.04564,1.4814,3.0471
2253002,2026-05-19,2026-05,SF,ARI,825086,3,5,games,3,1,games,,,,8.5,0.1612,0.1683,43.35,40.52,51.69,0.45650,4.988,0.49560,0.60980,9.210,4.700,4.500,0.48690,0.50790,0.47060,5.216,0.52539,0.60980,9.630,2026-05,False,1.04564,1.4814,3.0471
2253008,2026-05-20,2026-05,SF,ARI,825084,3,6,games,3,6,games,,,,8.5,0.1514,0.1518,41.65,43.21,49.08,0.44030,5.708,0.57910,0.57970,10.470,5.170,5.300,0.46030,0.60460,0.45960,5.969,0.61221,0.57970,10.948,2026-05,False,1.04564,1.4814,3.0471
2253025,2026-05-21,2026-05,COL,ARI,825083,1,2,games,0,0,games,,,,9.5,0.1533,0.1551,34.84,49.83,41.14,0.37480,5.270,0.41040,0.52140,9.770,4.350,5.420,0.38590,0.46170,0.41450,5.511,0.44134,0.52140,10.216,2026-05,False,1.04564,1.4814,3.0471
2253038,2026-05-22,2026-05,COL,ARI,825082,3,2,games,1,2,games,5.5,0.5,+156,9.0,0.1558,0.1592,42.48,41.94,50.32,0.44390,5.375,0.48220,0.58940,9.920,4.960,4.960,0.47050,0.51850,0.46204,5.620,0.51431,0.58940,10.373,2026-05,False,1.04564,1.4814,3.0471
2253055,2026-05-23,2026-05,COL,ARI,825080,4,5,games,2,5,games,5.5,0.5,+140,9.5,0.1453,0.1416,37.03,48.45,43.32,0.40080,6.155,0.51030,0.53420,11.320,5.240,6.090,0.41060,0.57670,0.43255,6.436,0.54697,0.53420,11.837,2026-05,False,1.04564,1.4814,3.0471
2253067,2026-05-24,2026-05,COL,ARI,825081,1,9,games,0,7,games,7.5,0.5,+148,9.0,0.1549,0.1578,38.01,46.50,44.97,0.41190,5.548,0.50270,0.55500,10.230,4.850,5.380,0.42960,0.54230,0.44019,5.801,0.53580,0.55500,10.697,2026-05,False,1.04564,1.4814,3.0471
2253076,2026-05-25,2026-05,ARI,SF,823219,6,2,games,4,2,games,4.5,0.5,+116,7.5,0.1665,0.1771,38.42,44.93,46.10,0.37160,4.512,0.50320,0.53450,8.440,3.630,4.800,0.36510,0.52050,0.41226,4.718,0.53013,0.53450,8.825,2026-05,False,1.04564,1.4814,3.0471
2253097,2026-05-26,2026-05,ARI,SF,823216,7,5,games,3,2,games,4.5,-0.5,-114,8.0,0.1620,0.1696,47.48,36.32,56.66,0.49720,4.433,0.42400,0.66150,8.190,4.400,3.800,0.52460,0.45960,0.49811,4.635,0.45015,0.66150,8.564,2026-05,False,1.04564,1.4814,3.0471
2253103,2026-05-27,2026-05,ARI,SF,823217,3,2,games,0,2,games,3.5,-0.5,-118,7.5,0.1707,0.1840,39.77,43.16,47.96,0.39130,4.175,0.45780,0.56490,7.810,3.510,4.300,0.39560,0.46390,0.42598,4.366,0.48267,0.56490,8.166,2026-05,False,1.04564,1.4814,3.0471
2253133,2026-05-29,2026-05,ARI,SEA,823135,6,7,games,1,5,games,,,,7.0,0.1674,0.1785,37.75,45.51,45.34,0.38510,4.150,0.45540,0.55890,7.760,3.470,4.280,0.39370,0.51400,0.42168,4.339,0.48011,0.55890,8.114,2026-05,False,1.04564,1.4814,3.0471
2253148,2026-05-30,2026-05,ARI,SEA,823132,1,5,games,0,4,games,,,,7.0,0.1786,0.1972,38.37,43.77,46.72,0.39240,3.692,0.39070,0.58050,6.950,3.180,3.770,0.40930,0.43540,0.42674,3.861,0.41208,0.58050,7.267,2026-05,False,1.04564,1.4814,3.0471
2253162,2026-05-31,2026-05,ARI,SEA,823133,2,3,games,0,1,games,4.5,0.5,+118,7.5,0.1697,0.1823,36.62,46.41,44.11,0.37520,3.805,0.40670,0.55920,7.150,3.160,3.990,0.38520,0.40040,0.41478,3.979,0.42895,0.55920,7.476,2026-05,False,1.04564,1.4814,3.0471
2253172,2026-06-01,2026-06,LAD,ARI,825078,1,4,games,1,0,games,4.5,-0.5,-158,8.5,0.1580,0.1628,42.38,41.82,50.33,0.39460,4.940,0.48980,0.54790,9.060,4.120,4.930,0.40110,0.49560,0.43235,5.017,0.49967,0.54790,9.201,2026-06,False,1.01551,1.572,3.0969
2253187,2026-06-02,2026-06,LAD,ARI,825079,6,5,games,4,2,games,5.5,0.5,-104,9.0,0.1542,0.1565,41.86,42.72,49.49,0.35770,5.646,0.51260,0.49720,10.290,4.350,5.930,0.34860,0.54520,0.40797,5.734,0.52387,0.49720,10.450,2026-06,False,1.01551,1.572,3.0969
2253203,2026-06-03,2026-06,LAD,ARI,825077,7,0,games,5,0,games,,,,8.5,0.1540,0.1562,55.81,28.79,65.97,0.55330,5.047,0.50170,0.70130,9.130,5.350,3.780,0.60170,0.50040,0.53398,5.125,0.51178,0.70130,9.272,2026-06,False,1.01551,1.572,3.0969
2253212,2026-06-04,2026-06,LAD,ARI,825076,2,3,games,2,0,games,,,,9.0,0.1554,0.1585,46.55,37.91,55.12,0.45570,5.191,0.46130,0.60530,9.460,4.780,4.680,0.47760,0.48250,0.47178,5.272,0.47163,0.60530,9.607,2026-06,False,1.01551,1.572,3.0969
2253225,2026-06-05,2026-06,WSH,ARI,825073,14,1,games,7,1,games,,,,9.0,0.1524,0.1535,41.50,43.26,48.96,0.39420,5.297,0.47400,0.54130,9.790,4.500,5.290,0.40680,0.50940,0.43209,5.379,0.48457,0.54130,9.942,2026-06,False,1.01551,1.572,3.0969
2253234,2026-06-06,2026-06,WSH,ARI,825075,6,1,games,2,1,games,,,,9.0,0.1549,0.1576,39.04,45.47,46.19,0.37280,5.070,0.44640,0.52330,9.380,4.160,5.220,0.38270,0.47550,0.41801,5.149,0.45645,0.52330,9.525,2026-06,False,1.01551,1.572,3.0969
2253254,2026-06-07,2026-06,WSH,ARI,825074,1,5,games,1,4,games,,,,8.0,0.1591,0.1648,40.39,43.70,48.03,0.38920,4.767,0.46820,0.54770,8.840,4.050,4.790,0.40600,0.51620,0.42881,4.841,0.47770,0.54770,8.977,2026-06,False,1.01551,1.572,3.0969
2253270,2026-06-09,2026-06,ARI,MIA,823858,6,10,games,2,3,games,,,,8.0,0.1628,0.1708,34.23,49.49,40.89,0.35060,4.419,0.42240,0.51650,8.250,3.440,4.810,0.34600,0.46500,0.40321,4.488,0.43108,0.51650,8.378,2026-06,False,1.01551,1.572,3.0969
2253288,2026-06-10,2026-06,ARI,MIA,823856,0,8,games,0,8,games,,,,8.5,0.1612,0.1683,44.09,39.78,52.57,0.46680,4.644,0.45250,0.62640,8.580,4.390,4.190,0.48770,0.45390,0.47886,4.716,0.46172,0.62640,8.713,2026-06,False,1.01551,1.572,3.0969
2253298,2026-06-11,2026-06,ARI,MIA,823855,0,2,games,0,2,games,,,,8.5,0.1629,0.1711,38.36,45.35,45.82,0.39680,4.487,0.43150,0.56100,8.370,3.810,4.560,0.40230,0.43640,0.43379,4.557,0.44035,0.56100,8.500,2026-06,False,1.01551,1.572,3.0969
2253309,2026-06-12,2026-06,ARI,CIN,824507,5,2,games,1,2,games,,,,10.0,0.1471,0.1447,49.44,35.85,57.96,0.49480,5.298,0.41410,0.64110,9.670,5.150,4.530,0.51790,0.41970,0.49669,5.380,0.42447,0.64110,9.820,2026-06,False,1.01551,1.572,3.0969
2253324,2026-06-13,2026-06,ARI,CIN,824508,1,2,games,1,1,games,,,,9.5,0.1565,0.1604,46.63,37.72,55.28,0.47900,4.759,0.34910,0.63570,8.730,4.570,4.160,0.50450,0.37630,0.48664,4.833,0.35796,0.63570,8.865,2026-06,False,1.01551,1.572,3.0969
2253338,2026-06-14,2026-06,ARI,CIN,824506,5,3,games,1,2,games,,,,10.0,0.1500,0.1496,41.70,43.30,49.06,0.42000,5.277,0.41200,0.56790,9.680,4.560,5.120,0.42740,0.41930,0.44885,5.359,0.42231,0.56790,9.830,2026-06,False,1.01551,1.572,3.0969
2253356,2026-06-15,2026-06,LAA,ARI,825071,3,4,games,2,2,games,,,,9.0,0.1580,0.1629,44.21,39.99,52.51,0.43870,4.998,0.43840,0.59170,9.220,4.590,4.630,0.46610,0.46350,0.46089,5.076,0.44828,0.59170,9.363,2026-06,False,1.01551,1.572,3.0969
2253370,2026-06-16,2026-06,LAA,ARI,825070,7,0,games,5,0,games,,,,8.5,0.1560,0.1595,46.33,38.07,54.89,0.45530,5.060,0.50420,0.60640,9.320,4.760,4.560,0.48670,0.51650,0.47152,5.138,0.51431,0.60640,9.465,2026-06,False,1.01551,1.572,3.0969
2253380,2026-06-17,2026-06,LAA,ARI,825072,1,8,games,1,8,games,,,,9.0,0.1568,0.1608,39.41,44.91,46.74,0.40200,5.005,0.43860,0.55460,9.260,4.330,4.930,0.42030,0.46660,0.43718,5.083,0.44850,0.55460,9.404,2026-06,False,1.01551,1.572,3.0969
2253408,2026-06-19,2026-06,MIN,ARI,825069,5,9,games,3,5,games,,,,8.5,0.1547,0.1573,34.91,49.62,41.30,0.34160,5.183,0.51850,0.48880,9.560,3.980,5.590,0.33960,0.53510,0.39714,5.263,0.52884,0.48880,9.708,2026-06,False,1.01551,1.572,3.0969
2253424,2026-06-20,2026-06,MIN,ARI,825068,16,8,games,16,2,games,,,,9.0,0.1485,0.1470,46.21,38.94,54.27,0.46070,5.816,0.53200,0.59900,10.630,5.410,5.220,0.48400,0.56980,0.47497,5.906,0.54357,0.59900,10.795,2026-06,False,1.01551,1.572,3.0969
2253435,2026-06-21,2026-06,MIN,ARI,825067,4,2,games,0,2,games,,,,9.5,0.1588,0.1642,47.02,37.10,55.90,0.46520,4.977,0.37580,0.61850,9.160,4.750,4.410,0.50050,0.41240,0.47784,5.054,0.38529,0.61850,9.302,2026-06,False,1.01551,1.572,3.0969
2253449,2026-06-22,2026-06,ARI,STL,823040,2,3,games,0,3,games,,,,8.5,0.1603,0.1666,35.78,48.20,42.61,0.37150,4.520,0.43680,0.53470,8.460,3.640,4.820,0.36420,0.44380,0.41715,4.590,0.44573,0.53470,8.591,2026-06,False,1.01551,1.572,3.0969
2253463,2026-06-23,2026-06,ARI,STL,823043,4,3,games,0,0,games,,,,8.5,0.1591,0.1647,44.89,39.21,53.38,0.46450,4.632,0.45100,0.62470,8.590,4.360,4.230,0.48200,0.45510,0.47739,4.704,0.46020,0.62470,8.723,2026-06,False,1.01551,1.572,3.0969
2253480,2026-06-24,2026-06,ARI,STL,823041,9,4,games,6,2,games,,,,9.0,0.1587,0.1640,45.47,38.67,54.04,0.50140,5.018,0.43970,0.65230,9.230,4.930,4.300,0.52270,0.46290,0.50089,5.096,0.44963,0.65230,9.373,2026-06,False,1.01551,1.572,3.0969
2253491,2026-07-23,2026-07,ARI,STL,823042,10,6,games,4,2,games,5.5,-0.5,-530,8.0,0.1708,0.1841,39.35,43.57,47.46,0.40360,4.175,0.39070,0.57690,7.810,3.610,4.200,0.41340,0.42510,0.44145,4.284,0.40393,0.57690,8.014,2026-07,False,1.02613,1.6597,3.18
2253497,2026-06-26,2026-06,ARI,TB,822962,1,6,games,1,3,games,,,,8.5,0.1522,0.1531,34.17,50.62,40.30,0.34880,5.140,0.51320,0.49820,9.550,3.920,5.630,0.33280,0.53340,0.40200,5.220,0.52346,0.49820,9.698,2026-06,False,1.01551,1.572,3.0969
2253513,2026-06-27,2026-06,ARI,TB,822960,2,4,games,1,3,games,,,,8.5,0.1624,0.1701,39.46,44.31,47.10,0.45040,4.931,0.48950,0.60460,9.110,4.510,4.610,0.46190,0.50030,0.46839,5.007,0.49935,0.60460,9.251,2026-06,False,1.01551,1.572,3.0969
2253527,2026-06-28,2026-06,ARI,TB,822959,1,5,games,0,4,games,,,,7.5,0.1577,0.1624,31.11,53.11,36.94,0.32000,4.602,0.51410,0.47940,8.610,3.340,5.270,0.30300,0.53480,0.38237,4.673,0.52328,0.47940,8.744,2026-06,False,1.01551,1.572,3.0969
2253549,2026-06-29,2026-06,SF,ARI,825065,4,5,games,1,4,games,,,,9.0,0.1528,0.1543,40.45,44.27,47.75,0.36920,5.109,0.45070,0.51930,9.440,4.160,5.280,0.37800,0.48040,0.41563,5.188,0.46084,0.51930,9.586,2026-06,False,1.01551,1.572,3.0969
2253564,2026-06-30,2026-06,SF,ARI,825066,2,8,games,0,6,games,,,,9.0,0.1522,0.1533,45.42,39.35,53.58,0.45790,5.395,0.48530,0.60370,9.900,5.060,4.840,0.48720,0.51740,0.47318,5.479,0.49608,0.60370,10.054,2026-06,False,1.01551,1.572,3.0969
2253578,2026-07-01,2026-07,SF,ARI,825064,6,4,games,3,0,games,,,,9.5,0.1474,0.1451,46.54,38.73,54.58,0.46870,5.794,0.47140,0.60750,10.610,5.500,5.110,0.49940,0.52570,0.48113,5.945,0.49037,0.60750,10.887,2026-07,False,1.02613,1.6597,3.18
2253598,2026-07-03,2026-07,MIL,ARI,825062,7,4,games,3,3,games,,,,8.5,0.1542,0.1565,43.63,40.95,51.59,0.43820,5.222,0.52350,0.58670,9.540,4.700,4.840,0.45740,0.53500,0.46264,5.358,0.54056,0.58670,9.789,2026-07,False,1.02613,1.6597,3.18
2253614,2026-07-04,2026-07,MIL,ARI,825063,3,4,games,2,3,games,,,,9.5,0.1504,0.1501,55.57,29.39,65.40,0.55400,5.137,0.39490,0.70050,9.300,5.460,3.840,0.60240,0.42360,0.53262,5.271,0.41124,0.70050,9.543,2026-07,False,1.02613,1.6597,3.18
2253626,2026-07-05,2026-07,MIL,ARI,825061,3,2,games,0,1,games,,,,9.0,0.1546,0.1571,45.08,39.47,53.32,0.39240,4.809,0.41420,0.54930,8.840,4.030,4.800,0.40370,0.43140,0.43452,4.935,0.42966,0.54930,9.071,2026-07,False,1.02613,1.6597,3.18
2253636,2026-07-06,2026-07,ARI,SD,823282,8,0,games,7,0,games,,,,8.5,0.1683,0.1801,40.96,42.20,49.26,0.42250,4.502,0.43330,0.58640,8.320,3.980,4.350,0.43500,0.43190,0.45306,4.620,0.44789,0.58640,8.537,2026-07,False,1.02613,1.6597,3.18
2253651,2026-07-07,2026-07,ARI,SD,823280,1,4,games,1,4,games,,,,9.0,0.1656,0.1756,37.48,45.96,44.92,0.40020,4.881,0.42340,0.55650,9.020,4.130,4.890,0.40520,0.44670,0.43935,5.009,0.43916,0.55650,9.256,2026-07,False,1.02613,1.6597,3.18
2253668,2026-07-08,2026-07,ARI,SD,823279,4,10,games,1,4,games,,,,8.5,0.1701,0.1830,36.18,46.81,43.59,0.36180,4.433,0.42520,0.52650,8.240,3.520,4.720,0.36050,0.42380,0.41533,4.549,0.43952,0.52650,8.455,2026-07,False,1.02613,1.6597,3.18
2253680,2026-07-09,2026-07,ARI,SD,823277,3,1,games,2,1,games,,,,9.0,0.1621,0.1696,40.16,43.63,47.93,0.41150,4.898,0.42560,0.56720,9.020,4.210,4.810,0.41870,0.44580,0.44632,5.026,0.44143,0.56720,9.256,2026-07,False,1.02613,1.6597,3.18
2253695,2026-07-10,2026-07,ARI,LAD,823927,9,3,games,6,2,games,5.5,0.5,+152,9.0,0.1617,0.1690,34.23,49.60,40.83,0.44680,4.618,0.39040,0.60720,8.460,4.220,4.240,0.46840,0.39870,0.46787,4.739,0.40504,0.60720,8.681,2026-07,False,1.02613,1.6597,3.18
2253711,2026-07-11,2026-07,ARI,LAD,823926,9,2,games,1,0,games,4.5,1.5,+210,8.5,0.1577,0.1623,35.43,48.80,42.06,0.33150,4.537,0.43850,0.49280,8.380,3.370,5.000,0.32490,0.43650,0.39589,4.656,0.45323,0.49280,8.599,2026-07,False,1.02613,1.6597,3.18
2253725,2026-07-12,2026-07,ARI,LAD,823925,5,3,games,2,3,games,5.5,0.5,+168,9.5,0.1548,0.1576,39.74,44.78,47.02,0.41980,5.165,0.39790,0.56960,9.440,4.470,4.970,0.43090,0.43520,0.45141,5.300,0.41436,0.56960,9.687,2026-07,False,1.02613,1.6597,3.18
2253740,2026-07-17,2026-07,STL,ARI,825060,5,4,games,3,2,games,4.5,-0.5,-120,9.0,0.1513,0.1518,46.58,38.28,54.89,0.47830,5.224,0.46420,0.62640,9.620,5.090,4.520,0.51700,0.49580,0.48692,5.361,0.48128,0.62640,9.871,2026-07,False,1.02613,1.6597,3.18
2253749,2026-07-18,2026-07,STL,ARI,825059,3,5,games,0,5,games,4.5,-0.5,-113,8.5,0.1563,0.1600,43.01,41.36,50.98,0.42370,5.032,0.50110,0.57600,9.290,4.520,4.770,0.44890,0.51420,0.45380,5.163,0.51759,0.57600,9.533,2026-07,False,1.02613,1.6597,3.18
2253770,2026-07-19,2026-07,STL,ARI,825057,7,8,games,7,0,games,4.5,0.5,-104,9.0,0.1571,0.1613,42.08,42.22,49.92,0.40090,4.837,0.41800,0.55570,8.970,4.200,4.770,0.42100,0.44220,0.43978,4.963,0.43358,0.55570,9.204,2026-07,False,1.02613,1.6597,3.18
2253784,2026-07-20,2026-07,ATH,ARI,825058,5,2,games,2,0,games,5.5,0.5,+108,9.0,0.1463,0.1433,36.32,49.05,42.55,0.34200,5.969,0.54800,0.47690,10.960,4.570,6.390,0.33650,0.59200,0.40269,6.125,0.56736,0.47690,11.246,2026-07,False,1.02613,1.6597,3.18
2253800,2026-07-21,2026-07,ATH,ARI,825056,5,6,games,1,3,games,5.5,0.5,+102,9.5,0.1528,0.1542,40.37,44.35,47.65,0.38280,5.475,0.43490,0.52570,10.080,4.540,5.540,0.39300,0.48560,0.42854,5.618,0.45267,0.52570,10.343,2026-07,False,1.02613,1.6597,3.18
2253806,2026-07-22,2026-07,ATH,ARI,825055,5,15,games,2,9,games,4.5,0.5,-108,8.5,0.1454,0.1419,41.69,43.77,48.79,0.40410,5.704,0.57890,0.54460,10.470,4.890,5.580,0.41760,0.60400,0.44176,5.853,0.59714,0.54460,10.744,2026-07,False,1.02613,1.6597,3.18
2253825,2026-07-24,2026-07,ARI,WSH,822707,3,2,games,2,2,games,5.5,-1.5,-120,9.5,0.1434,0.1386,45.74,39.91,53.40,0.53790,6.239,0.51850,0.66980,11.340,6.320,5.020,0.56170,0.57720,0.52286,6.402,0.53890,0.66980,11.636,2026-07,False,1.02613,1.6597,3.18
3270003,2026-04-30,2026-04,HOU,BAL,824850,11,5,games,11,3,games,5.5,-5.5,-7000,8.5,0.1389,0.1310,38.21,47.90,44.37,0.36900,5.080,0.50670,0.51970,9.450,4.100,5.350,0.36790,0.52620,0.36900,5.080,0.50670,0.51970,9.450,2026-04,True,1.0,1.0,2.9
3270004,2026-04-30,2026-04,SF,PHI,823471,5,6,games,2,4,games,4.5,0.5,+114,7.0,0.1518,0.1525,40.86,43.96,48.17,0.34180,5.612,0.62980,0.48130,10.450,4.290,6.150,0.33070,0.71660,0.34180,5.612,0.62980,0.48130,10.450,2026-04,True,1.0,1.0,2.9
