game_id,date,teams,prop_id,market,sub_market,player,hand,projected_value,projected_probability,pick,line_at_projection,closing_line,actual_outcome,actual_ks,correct,signed_error,abs_error,brier,logloss,completed,notes,stored_result,stored_correct,stored_error,verdict
2250006,2026-03-25,NYY@SF,3,K_PROP,away,Max Fried,L,4.73,0.3390,UNDER,5.5,,UNDER,4,1,0.73,0.73,0.114921,0.414001,1,,NO_ACTION,,-0.73,EDGE
2250006,2026-03-25,NYY@SF,4,K_PROP,home,Logan Webb,R,7.06,0.5470,OVER,6.5,,OVER,7,1,0.06,0.06,0.205209,0.603306,1,,NO_ACTION,,-0.06,EDGE
2250007,2026-03-26,PIT@NYM,30037,K_PROP,away,Paul Skenes,RHP,6.46,0.4600,UNDER,6.5,,UNDER,1,1,5.46,5.46,0.211600,0.616186,1,,NO_ACTION,,-5.46,NEUTRAL
2250007,2026-03-26,PIT@NYM,30038,K_PROP,home,Freddy Peralta,RHP,5.88,0.3748,UNDER,6.5,,OVER,7,0,-1.12,1.12,0.390875,0.981363,1,,NO_ACTION,,1.12,NEUTRAL
2250008,2026-03-26,CWS@MIL,30039,K_PROP,away,Shane Smith,RHP,5.56,0.6290,OVER,4.5,,UNDER,2,0,3.56,3.56,0.395641,0.991553,1,,NO_ACTION,,-3.56,EDGE OVER
2250008,2026-03-26,CWS@MIL,30040,K_PROP,home,Jacob Misiorowski,RHP,5.72,0.3520,UNDER,6.5,,OVER,11,0,-5.28,5.28,0.419904,1.044124,1,,NO_ACTION,,5.28,EDGE UNDER
2250009,2026-03-26,WSH@CHC,30041,K_PROP,away,Cade Cavalli,RHP,6.25,0.7120,OVER,4,,OVER,5,1,1.25,1.25,0.082944,0.339677,1,,NO_ACTION,,-1.25,EDGE OVER
2250009,2026-03-26,WSH@CHC,30042,K_PROP,home,Matthew Boyd,LHP,4.64,0.3250,UNDER,5.5,,OVER,7,0,-2.36,2.36,0.455625,1.123930,1,,NO_ACTION,,2.36,EDGE UNDER
2250017,2026-03-27,NYY@SF,90027,K_PROP,away,Cam Schlittler,,4.05,0.3805,UNDER,4.5,,OVER,8,0,-3.95,3.95,0.383780,0.966269,1,,LOSS,0,3.95,UNDER
2250017,2026-03-27,NYY@SF,90028,K_PROP,home,Robbie Ray,,5.52,0.3179,UNDER,6.5,,UNDER,4,1,1.52,1.52,0.101060,0.382579,1,,WIN,1,-1.52,UNDER
2250018,2026-03-27,ATH@TOR,90029,K_PROP,away,Luis Severino,,2.17,0.1748,UNDER,3.5,,UNDER,3,1,-0.83,0.83,0.030555,0.192129,1,,WIN,1,0.83,UNDER
2250018,2026-03-27,ATH@TOR,90030,K_PROP,home,Kevin Gausman,,4.88,0.3630,UNDER,5.5,,OVER,11,0,-6.12,6.12,0.405769,1.013352,1,,LOSS,0,6.12,UNDER
2250019,2026-03-27,COL@MIA,90031,K_PROP,away,Kyle Freeland,,2.57,0.2570,UNDER,3.5,,UNDER,2,1,0.57,0.57,0.066049,0.297059,1,,WIN,1,-0.57,UNDER
2250019,2026-03-27,COL@MIA,90032,K_PROP,home,Sandy Alcantara,,5.1,0.4018,UNDER,5.5,,UNDER,5,1,0.10,0.10,0.161443,0.513830,1,,WIN,1,-0.10,UNDER
2250020,2026-03-27,KC@ATL,90033,K_PROP,home,Chris Sale,,6.87,0.5303,OVER,6.5,,UNDER,6,0,0.87,0.87,0.281218,0.755661,1,,LOSS,0,-0.87,OVER
2250020,2026-03-27,KC@ATL,90034,K_PROP,away,Cole Ragans,,7.39,0.6060,OVER,6.5,,UNDER,5,0,2.39,2.39,0.367236,0.931404,1,,LOSS,0,-2.39,OVER
2250021,2026-03-27,LAA@HOU,90035,K_PROP,home,Mike Burrows,,5.85,0.5293,OVER,5.5,,OVER,6,1,-0.15,0.15,0.221558,0.636200,1,,WIN,1,0.15,OVER
2250021,2026-03-27,LAA@HOU,90036,K_PROP,away,Yusei Kikuchi,,3.48,0.2704,UNDER,4.5,,UNDER,3,1,0.48,0.48,0.073116,0.315259,1,,WIN,1,-0.48,UNDER
2250022,2026-03-27,DET@SD,90037,K_PROP,away,Framber Valdez,,3.87,0.3454,UNDER,4.5,,OVER,5,0,-1.13,1.13,0.428501,1.063052,1,,LOSS,0,1.13,UNDER
2250022,2026-03-27,DET@SD,90038,K_PROP,home,Michael King,,4.8,0.3498,UNDER,5.5,,OVER,6,0,-1.20,1.20,0.422760,1.050394,1,,LOSS,0,1.20,UNDER
2250023,2026-03-27,CLE@SEA,90039,K_PROP,away,Gavin Williams,,4.67,0.3269,UNDER,5.5,,OVER,7,0,-2.33,2.33,0.453064,1.118101,1,,LOSS,0,2.33,UNDER
2250023,2026-03-27,CLE@SEA,90040,K_PROP,home,George Kirby,,5.65,0.4966,UNDER,5.5,,OVER,6,0,-0.35,0.35,0.253412,0.699970,1,,NO_ACTION,,0.35,PASS
2252293,2026-03-27,ARI@LAD,90041,K_PROP,away,Ryne Nelson,,2.89,0.3277,UNDER,3.5,,OVER,4,0,-1.11,1.11,0.451987,1.115657,1,,LOSS,0,1.11,UNDER
2252293,2026-03-27,ARI@LAD,90042,K_PROP,home,Emmet Sheehan,,5.51,0.4735,UNDER,5.5,,OVER,6,0,-0.49,0.49,0.277202,0.747603,1,,LOSS,0,0.49,UNDER
2250024,2026-03-28,TB@STL,90043,K_PROP,home,Michael McGreevy,,2.73,0.2914,UNDER,3.5,,OVER,5,0,-2.27,2.27,0.502114,1.233058,1,,LOSS,0,2.27,UNDER
2250024,2026-03-28,TB@STL,90044,K_PROP,away,Joe Boyle,,3.33,0.2435,UNDER,4.5,,UNDER,4,1,-0.67,0.67,0.059292,0.279053,1,,WIN,1,0.67,UNDER
2250025,2026-03-28,WSH@CHC,90045,K_PROP,home,Cade Horton,,3.38,0.2523,UNDER,4.5,,UNDER,4,1,-0.62,0.62,0.063655,0.290753,1,,WIN,1,0.62,UNDER
2250025,2026-03-28,WSH@CHC,90046,K_PROP,away,Miles Mikolas,,2.25,0.1903,UNDER,3.5,,OVER,4,0,-1.75,1.75,0.655614,1.659154,1,,LOSS,0,1.75,UNDER
2250026,2026-03-28,ATH@TOR,90047,K_PROP,away,Jeffrey Springs,,2.16,0.1738,UNDER,3.5,,UNDER,2,1,0.16,0.16,0.030206,0.190918,1,,WIN,1,-0.16,UNDER
2250026,2026-03-28,ATH@TOR,90048,K_PROP,home,Dylan Cease,,6.11,0.4107,UNDER,6.5,,OVER,12,0,-5.89,5.89,0.347274,0.889892,1,,LOSS,0,5.89,UNDER
2250027,2026-03-28,MIN@BAL,90049,K_PROP,home,Kyle Bradish,,7.49,0.6209,OVER,6.5,,UNDER,4,0,3.49,3.49,0.385517,0.969955,1,,LOSS,0,-3.49,OVER
2250027,2026-03-28,MIN@BAL,90050,K_PROP,away,Taj Bradley,,3.73,0.3178,UNDER,4.5,,OVER,9,0,-5.27,5.27,0.465397,1.146333,1,,WIN,1,5.27,OVER
2250028,2026-03-28,TEX@PHI,90051,K_PROP,home,Aaron Nola,,4.75,0.3395,UNDER,5.5,,OVER,7,0,-2.25,2.25,0.436260,1.080281,1,,LOSS,0,2.25,UNDER
2250028,2026-03-28,TEX@PHI,90052,K_PROP,away,Jacob deGrom,,6.04,0.4004,UNDER,6.5,,UNDER,3,1,3.04,3.04,0.160320,0.511493,1,,UNDER,1,-3.040,UNDER
2250029,2026-03-28,BOS@CIN,90053,K_PROP,away,Sonny Gray,,7.47,0.6177,OVER,6.5,,UNDER,5,0,2.47,2.47,0.381553,0.961550,1,,LOSS,0,-2.47,OVER
2250029,2026-03-28,BOS@CIN,90054,K_PROP,home,Brady Singer,,3.63,0.2996,UNDER,4.5,,OVER,5,0,-1.37,1.37,0.490560,1.205307,1,,LOSS,0,1.37,UNDER
2250031,2026-03-28,COL@MIA,90055,K_PROP,away,Michael Lorenzen,,3.18,0.2158,UNDER,4.5,,UNDER,4,1,-0.82,0.82,0.046570,0.243091,1,,WIN,1,0.82,UNDER
2250031,2026-03-28,COL@MIA,90056,K_PROP,home,Eury Perez,,6.2,0.4259,UNDER,6.5,,OVER,8,0,-1.80,1.80,0.329591,0.853551,1,,NO_ACTION,,1.80,PASS
2250030,2026-03-28,PIT@NYM,90057,K_PROP,home,David Peterson,,4.7,0.5048,OVER,4.5,,UNDER,3,0,1.70,1.70,0.254823,0.702794,1,,NO_ACTION,,-1.70,PASS
2250030,2026-03-28,PIT@NYM,90058,K_PROP,away,Mitch Keller,,3.47,0.2691,UNDER,4.5,,UNDER,3,1,0.47,0.47,0.072415,0.313479,1,,WIN,1,-0.47,UNDER
2250033,2026-03-28,CWS@MIL,90059,K_PROP,away,Sean Burke,,3.03,0.1895,UNDER,4.5,,OVER,5,0,-1.97,1.97,0.656910,1.663366,1,,LOSS,0,1.97,UNDER
2250032,2026-03-28,LAA@HOU,90060,K_PROP,home,Cristian Javier,,3.72,0.3160,UNDER,4.5,,UNDER,1,1,2.72,2.72,0.099856,0.379797,1,,WIN,1,-2.72,UNDER
2250033,2026-03-28,CWS@MIL,90061,K_PROP,home,Chad Patrick,,4.73,0.3374,UNDER,5.5,,UNDER,4,1,0.73,0.73,0.113839,0.411584,1,,WIN,1,-0.73,UNDER
2250034,2026-03-28,KC@ATL,90065,K_PROP,home,Reynaldo Lopez,,3.15,0.2105,UNDER,4.5,,UNDER,3,1,0.15,0.15,0.044310,0.236355,1,,WIN,1,-0.15,UNDER
2250034,2026-03-28,KC@ATL,90066,K_PROP,away,Michael Wacha,,2.59,0.2612,UNDER,3.5,,OVER,7,0,-4.41,4.41,0.545825,1.342469,1,,LOSS,0,4.41,UNDER
2250035,2026-03-28,NYY@SF,90067,K_PROP,away,Will Warren,,3.9,0.3525,UNDER,4.5,,UNDER,3,1,0.90,0.90,0.124256,0.434636,1,,WIN,1,-0.90,UNDER
2250035,2026-03-28,NYY@SF,90068,K_PROP,home,Tyler Mahle,,3.65,0.3037,UNDER,4.5,,OVER,5,0,-1.35,1.35,0.484834,1.191715,1,,LOSS,0,1.35,UNDER
2250036,2026-03-28,DET@SD,90069,K_PROP,away,Jack Flaherty,,4.35,0.2714,UNDER,5.5,,UNDER,2,1,2.35,2.35,0.073658,0.316630,1,,WIN,1,-2.35,UNDER
2250036,2026-03-28,DET@SD,90070,K_PROP,home,Randy Vasquez,,2.33,0.2075,UNDER,3.5,,OVER,8,0,-5.67,5.67,0.628056,1.572624,1,,LOSS,0,5.67,UNDER
2252307,2026-03-28,ARI@LAD,90071,K_PROP,away,Eduardo Rodriguez,,2.61,0.2664,UNDER,3.5,,OVER,5,0,-2.39,2.39,0.538169,1.322756,1,,LOSS,0,2.39,UNDER
2252307,2026-03-28,ARI@LAD,90072,K_PROP,home,Tyler Glasnow,,5.91,0.3798,UNDER,6.5,,UNDER,6,1,-0.09,0.09,0.144248,0.477713,1,,NO_ACTION,,0.09,PASS
2250037,2026-03-28,CLE@SEA,90073,K_PROP,home,Bryan Woo,,5.51,0.4724,UNDER,5.5,,OVER,9,0,-3.49,3.49,0.278362,0.749929,1,,WIN,1,3.49,OVER
2250040,2026-03-29,KC@ATL,90074,K_PROP,home,Grant Holmes,,3.2,0.2195,UNDER,4.5,,UNDER,4,1,-0.80,0.80,0.048180,0.247821,1,,WIN,1,0.80,UNDER
2250038,2026-03-29,MIN@BAL,90075,K_PROP,home,Shane Baz,,4.78,0.3457,UNDER,5.5,,UNDER,4,1,0.78,0.78,0.119508,0.424189,1,,WIN,1,-0.78,UNDER
2250040,2026-03-29,KC@ATL,90076,K_PROP,away,Seth Lugo,,3.35,0.2465,UNDER,4.5,,UNDER,3,1,0.35,0.35,0.060762,0.283026,1,,WIN,1,-0.35,UNDER
2250038,2026-03-29,MIN@BAL,90077,K_PROP,away,Bailey Ober,,3.42,0.2604,UNDER,4.5,,UNDER,1,1,2.42,2.42,0.067808,0.301646,1,,WIN,1,-2.42,UNDER
2250039,2026-03-29,TEX@PHI,90078,K_PROP,home,Jesus Luzardo,,7.03,0.5553,OVER,6.5,,OVER,7,1,0.03,0.03,0.197758,0.588247,1,,LOSS,0,-0.03,UNDER
2250039,2026-03-29,TEX@PHI,90079,K_PROP,away,MacKenzie Gore,,5.21,0.4217,UNDER,5.5,,OVER,7,0,-1.79,1.79,0.334431,0.863461,1,,WIN,1,1.79,OVER
2250041,2026-03-29,ATH@TOR,90080,K_PROP,away,Luis Morales,,2.21,0.1836,UNDER,3.5,,OVER,5,0,-2.79,2.79,0.666509,1.694996,1,,LOSS,0,2.79,UNDER
2250041,2026-03-29,ATH@TOR,90081,K_PROP,home,Eric Lauer,,3.98,0.3670,UNDER,4.5,,OVER,9,0,-5.02,5.02,0.400689,1.002393,1,,LOSS,0,5.02,UNDER
2250042,2026-03-29,BOS@CIN,90082,K_PROP,home,Rhett Lowder,,3.76,0.3250,UNDER,4.5,,OVER,5,0,-1.24,1.24,0.455625,1.123930,1,,LOSS,0,1.24,UNDER
2250044,2026-03-29,COL@MIA,90083,K_PROP,away,Jose Quintana,,2.24,0.1882,UNDER,3.5,,UNDER,2,1,0.24,0.24,0.035419,0.208501,1,,WIN,1,-0.24,UNDER
2250044,2026-03-29,COL@MIA,90084,K_PROP,home,Max Meyer,,6.09,0.5689,OVER,5.5,,UNDER,5,0,1.09,1.09,0.323647,0.841415,1,,NO_ACTION,,-1.09,PASS
2250043,2026-03-29,PIT@NYM,90085,K_PROP,home,Nolan McLean,,7.7,0.6485,OVER,6.5,,OVER,8,1,-0.30,0.30,0.123552,0.433093,1,,WIN,1,0.30,OVER
2250045,2026-03-29,LAA@HOU,90086,K_PROP,away,Jack Kochanowicz,,1.53,0.1989,UNDER,2.5,,OVER,3,0,-1.47,1.47,0.641761,1.614953,1,,LOSS,0,1.47,UNDER
2250046,2026-03-29,CWS@MIL,90087,K_PROP,home,Brandon Sproat,,4.02,0.3745,UNDER,4.5,,UNDER,3,1,1.02,1.02,0.140250,0.469204,1,,WIN,1,-1.02,UNDER
2250047,2026-03-29,TB@STL,90088,K_PROP,home,Dustin May,,3.34,0.2449,UNDER,4.5,,UNDER,3,1,0.34,0.34,0.059976,0.280905,1,,WIN,1,-0.34,UNDER
2250048,2026-03-29,WSH@CHC,90089,K_PROP,home,Shota Imanaga,,3.74,0.3206,UNDER,4.5,,OVER,7,0,-3.26,3.26,0.461584,1.137561,1,,LOSS,0,3.26,UNDER
2250048,2026-03-29,WSH@CHC,90090,K_PROP,away,Jake Irvin,,2.26,0.1917,UNDER,3.5,,OVER,7,0,-4.74,4.74,0.653349,1.651824,1,,LOSS,0,4.74,UNDER
2250049,2026-03-29,CLE@SEA,90091,K_PROP,away,Slade Cecconi,,3.82,0.3353,UNDER,4.5,,OVER,5,0,-1.18,1.18,0.441826,1.092730,1,,LOSS,0,1.18,UNDER
2250049,2026-03-29,CLE@SEA,90092,K_PROP,home,Emerson Hancock,,2.53,0.2499,UNDER,3.5,,OVER,9,0,-6.47,6.47,0.562650,1.386694,1,,LOSS,0,6.47,UNDER
2250050,2026-03-30,MIN@KC,90093,K_PROP,home,Kris Bubic,,4.34,0.4368,UNDER,4.5,,UNDER,4,1,0.34,0.34,0.190794,0.574120,1,,WIN,1,-0.34,UNDER
2250050,2026-03-30,MIN@KC,90094,K_PROP,away,Simeon Woods Richardson,,2.13,0.1678,UNDER,3.5,,UNDER,2,1,0.13,0.13,0.028157,0.183682,1,,WIN,1,-0.13,UNDER
2250051,2026-03-30,TEX@BAL,90095,K_PROP,home,Chris Bassitt,,3.75,0.3231,UNDER,4.5,,UNDER,3,1,0.75,0.75,0.104394,0.390232,1,,WIN,1,-0.75,UNDER
2250051,2026-03-30,TEX@BAL,90096,K_PROP,away,Jack Leiter,,4.39,0.2786,UNDER,5.5,,OVER,8,0,-3.61,3.61,0.520418,1.277978,1,,LOSS,0,3.61,UNDER
2250052,2026-03-30,PIT@CIN,90097,K_PROP,home,Chase Burns,,8.88,0.6623,OVER,7.5,,UNDER,7,0,1.88,1.88,0.438641,1.085597,1,,LOSS,0,-1.88,OVER
2250054,2026-03-30,CWS@MIA,90098,K_PROP,away,Davis Martin,,2.29,0.1983,UNDER,3.5,,OVER,6,0,-3.71,3.71,0.642723,1.617974,1,,LOSS,0,3.71,UNDER
2250054,2026-03-30,CWS@MIA,90099,K_PROP,home,Chris Paddack,,2.56,0.2548,UNDER,3.5,,OVER,6,0,-3.44,3.44,0.555323,1.367276,1,,LOSS,0,3.44,UNDER
2250055,2026-03-30,COL@TOR,90100,K_PROP,away,Tomoyuki Sugano,,1.53,0.1981,UNDER,2.5,,OVER,4,0,-2.47,2.47,0.643044,1.618983,1,,LOSS,0,2.47,UNDER
2250055,2026-03-30,COL@TOR,90101,K_PROP,home,Cody Ponce,,5.21,0.4209,UNDER,5.5,,UNDER,3,1,2.21,2.21,0.177157,0.546280,1,,WIN,1,-2.21,UNDER
2250056,2026-03-30,ATH@ATL,90102,K_PROP,away,Jacob Lopez,,4.43,0.2848,UNDER,5.5,,UNDER,0,1,4.43,4.43,0.081111,0.335193,1,,WIN,1,-4.43,UNDER
2250056,2026-03-30,ATH@ATL,90103,K_PROP,home,Bryce Elder,,3.72,0.3166,UNDER,4.5,,OVER,5,0,-1.28,1.28,0.467036,1.150116,1,,LOSS,0,1.28,UNDER
2250057,2026-03-30,LAA@CHC,90104,K_PROP,home,Edward Cabrera,,7.37,0.6039,OVER,6.5,,UNDER,5,0,2.37,2.37,0.364695,0.926089,1,,WIN,1,-2.37,UNDER
2250057,2026-03-30,LAA@CHC,90105,K_PROP,away,Ryan Johnson,,3.41,0.2573,UNDER,4.5,,UNDER,2,1,1.41,1.41,0.066203,0.297463,1,,WIN,1,-1.41,UNDER
2250058,2026-03-30,TB@MIL,90106,K_PROP,home,Kyle Harrison,,4.14,0.3986,UNDER,4.5,,OVER,8,0,-3.86,3.86,0.361682,0.919797,1,,LOSS,0,3.86,UNDER
2250058,2026-03-30,TB@MIL,90107,K_PROP,away,Nick Martinez,,2.44,0.2299,UNDER,3.5,,UNDER,3,1,-0.56,0.56,0.052854,0.261235,1,,WIN,1,0.56,UNDER
2250059,2026-03-30,NYM@STL,90108,K_PROP,away,Clay Holmes,,2.68,0.2807,UNDER,3.5,,OVER,5,0,-2.32,2.32,0.517392,1.270469,1,,LOSS,0,2.32,UNDER
2250060,2026-03-30,BOS@HOU,90109,K_PROP,away,Ranger Suarez,,4.12,0.3941,UNDER,4.5,,UNDER,3,1,1.12,1.12,0.155315,0.501040,1,,WIN,1,-1.12,UNDER
2250060,2026-03-30,BOS@HOU,90110,K_PROP,home,Lance McCullers,,3.01,0.1866,UNDER,4.5,,OVER,9,0,-5.99,5.99,0.661620,1.678788,1,,LOSS,0,5.99,UNDER
2250062,2026-03-30,NYY@SEA,90111,K_PROP,away,Ryan Weathers,,5.09,0.4002,UNDER,5.5,,OVER,7,0,-1.91,1.91,0.359760,0.915791,1,,WIN,1,1.91,OVER
2250061,2026-03-30,SF@SD,90112,K_PROP,home,Walker Buehler,,2.33,0.2072,UNDER,3.5,,UNDER,3,1,-0.67,0.67,0.042932,0.232184,1,,WIN,1,0.67,UNDER
2250062,2026-03-30,NYY@SEA,90113,K_PROP,home,Luis Castillo,,4.84,0.3552,UNDER,5.5,,OVER,7,0,-2.16,2.16,0.415767,1.035074,1,,LOSS,0,2.16,UNDER
2250061,2026-03-30,SF@SD,90114,K_PROP,away,Landen Roupp,,3.2,0.2187,UNDER,4.5,,OVER,7,0,-3.80,3.80,0.610430,1.520054,1,,LOSS,0,3.80,UNDER
2252334,2026-03-30,DET@ARI,90115,K_PROP,home,Michael Soroka,,3.93,0.3568,UNDER,4.5,,OVER,10,0,-6.07,6.07,0.413706,1.030580,1,,LOSS,0,6.07,UNDER
2250063,2026-03-30,CLE@LAD,90116,K_PROP,away,Parker Messick,,4.73,0.5105,OVER,4.5,,OVER,5,1,-0.27,0.27,0.239610,0.672365,1,,WIN,1,0.27,OVER
2252334,2026-03-30,DET@ARI,90117,K_PROP,away,Justin Verlander,,2.59,0.2620,UNDER,3.5,,UNDER,1,1,1.59,1.59,0.068644,0.303811,1,,WIN,1,-1.59,UNDER
2250063,2026-03-30,CLE@LAD,90118,K_PROP,home,Roki Sasaki,,2.11,0.1641,UNDER,3.5,,OVER,4,0,-1.89,1.89,0.698729,1.807279,1,,LOSS,0,1.89,UNDER
2250064,2026-03-31,TEX@BAL,90119,K_PROP,home,Zach Eflin,,2.56,0.2563,UNDER,3.5,,OVER,7,0,-4.44,4.44,0.553090,1.361407,1,,LOSS,0,4.44,UNDER
2250064,2026-03-31,TEX@BAL,90120,K_PROP,away,Jacob deGrom,,5.91,0.5395,OVER,5.5,,OVER,7,1,-1.09,1.09,0.212060,0.617112,1,,WIN,1,1.09,OVER
2250065,2026-03-31,PIT@CIN,90121,K_PROP,home,Brandon Williamson,,3.81,0.3336,UNDER,4.5,,UNDER,3,1,0.81,0.81,0.111289,0.405865,1,,WIN,1,-0.81,UNDER
2250067,2026-03-31,CWS@MIA,90122,K_PROP,away,Erick Fedde,,1.93,0.1303,UNDER,3.5,,OVER,4,0,-2.07,2.07,0.756378,2.037916,1,,LOSS,0,2.07,UNDER
2250067,2026-03-31,CWS@MIA,90123,K_PROP,home,Janson Junk,,2.95,0.3424,UNDER,3.5,,OVER,5,0,-2.05,2.05,0.432438,1.071776,1,,NO_ACTION,,2.05,PASS
2250066,2026-03-31,WSH@PHI,90124,K_PROP,home,Andrew Painter,,3.52,0.2790,UNDER,4.5,,OVER,8,0,-4.48,4.48,0.519841,1.276543,1,,LOSS,0,4.48,UNDER
2250065,2026-03-31,PIT@CIN,90125,K_PROP,away,Bubba Chandler,,6.05,0.5623,OVER,5.5,,OVER,6,1,0.05,0.05,0.191581,0.575720,1,,NO_ACTION,,-0.05,PASS
2250068,2026-03-31,COL@TOR,90126,K_PROP,away,Ryan Feltner,,2.23,0.1867,UNDER,3.5,,OVER,4,0,-1.77,1.77,0.661457,1.678252,1,,LOSS,0,1.77,UNDER
2250068,2026-03-31,COL@TOR,90127,K_PROP,home,Max Scherzer,,4.69,0.3298,UNDER,5.5,,UNDER,4,1,0.69,0.69,0.108768,0.400179,1,,WIN,1,-0.69,UNDER
2250069,2026-03-31,ATH@ATL,90128,K_PROP,away,Aaron Civale,,2.49,0.2412,UNDER,3.5,,UNDER,3,1,-0.51,0.51,0.058177,0.276017,1,,WIN,1,0.51,UNDER
2250077,2026-04-01,ATH@ATL,90129,K_PROP,away,Luis Severino,,2.55,0.2532,UNDER,3.5,,OVER,7,0,-4.45,4.45,0.557710,1.373576,1,,LOSS,0,4.45,UNDER
2250077,2026-04-01,ATH@ATL,90130,K_PROP,home,Chris Sale,,9.23,0.7027,OVER,7.5,,UNDER,3,0,6.23,6.23,0.493787,1.213014,1,,LOSS,0,-6.23,OVER
2250078,2026-04-01,TEX@BAL,90131,K_PROP,home,Trevor Rogers,,5.32,0.4393,UNDER,5.5,,UNDER,3,1,2.32,2.32,0.192984,0.578569,1,,NO_ACTION,,-2.32,PASS
2250078,2026-04-01,TEX@BAL,90132,K_PROP,away,Nathan Eovaldi,,6.56,0.6401,OVER,5.5,,UNDER,5,0,1.56,1.56,0.409728,1.021929,1,,LOSS,0,-1.56,OVER
2250079,2026-04-01,PIT@CIN,90133,K_PROP,home,Andrew Abbott,,4.97,0.3783,UNDER,5.5,,UNDER,5,1,-0.03,0.03,0.143111,0.475298,1,,NO_ACTION,,0.03,PASS
2250079,2026-04-01,PIT@CIN,90134,K_PROP,away,Paul Skenes,,8.73,0.6429,OVER,7.5,,UNDER,5,0,3.73,3.73,0.413320,1.029739,1,,LOSS,0,-3.73,OVER
2250080,2026-04-01,WSH@PHI,90135,K_PROP,home,Cristopher Sanchez,,8.32,0.7236,OVER,6.5,,OVER,7,1,1.32,1.32,0.076397,0.323517,1,,WIN,1,-1.32,OVER
2250080,2026-04-01,WSH@PHI,90136,K_PROP,away,Cade Cavalli,,3.58,0.2902,UNDER,4.5,,UNDER,3,1,0.58,0.58,0.084216,0.342772,1,,WIN,1,-0.58,UNDER
2250081,2026-04-01,COL@TOR,90137,K_PROP,away,Kyle Freeland,,2.34,0.2092,UNDER,3.5,,OVER,6,0,-3.66,3.66,0.625365,1.564465,1,,LOSS,0,3.66,UNDER
2250081,2026-04-01,COL@TOR,90138,K_PROP,home,Kevin Gausman,,7.09,0.4148,UNDER,7.5,,OVER,10,0,-2.91,2.91,0.342459,0.879959,1,,LOSS,0,2.91,UNDER
2250082,2026-04-01,CWS@MIA,90139,K_PROP,away,Shane Smith,,3.18,0.2159,UNDER,4.5,,UNDER,1,1,2.18,2.18,0.046613,0.243219,1,,WIN,1,-2.18,UNDER
2250082,2026-04-01,CWS@MIA,90140,K_PROP,home,Sandy Alcantara,,4.5,0.2977,UNDER,5.5,,OVER,7,0,-2.50,2.50,0.493225,1.211669,1,,WIN,1,2.50,OVER
2250083,2026-04-01,NYM@STL,90141,K_PROP,away,Freddy Peralta,,4.63,0.3201,UNDER,5.5,,OVER,7,0,-2.37,2.37,0.462264,1.139122,1,,LOSS,0,2.37,UNDER
2250083,2026-04-01,NYM@STL,90142,K_PROP,home,Matthew Liberatore,,2.79,0.3056,UNDER,3.5,,UNDER,2,1,0.79,0.79,0.093391,0.364707,1,,WIN,1,-0.79,UNDER
2250084,2026-04-01,TB@MIL,90143,K_PROP,home,Jacob Misiorowski,,5.98,0.3904,UNDER,6.5,,OVER,7,0,-1.02,1.02,0.371612,0.940583,1,,NO_ACTION,,1.02,PASS
2250084,2026-04-01,TB@MIL,90144,K_PROP,away,Drew Rasmussen,,3.83,0.3378,UNDER,4.5,,OVER,8,0,-4.17,4.17,0.438509,1.085301,1,,LOSS,0,4.17,UNDER
2250085,2026-04-01,BOS@HOU,90145,K_PROP,away,Garrett Crochet,,8.47,0.6099,OVER,7.5,,UNDER,7,0,1.47,1.47,0.371978,0.941352,1,,LOSS,0,-1.47,OVER
2250085,2026-04-01,BOS@HOU,90146,K_PROP,home,Mike Burrows,,4.88,0.3636,UNDER,5.5,,OVER,6,0,-1.12,1.12,0.405005,1.011701,1,,LOSS,0,1.12,UNDER
2250086,2026-04-01,LAA@CHC,90147,K_PROP,home,Matthew Boyd,,5.23,0.4247,UNDER,5.5,,OVER,10,0,-4.77,4.77,0.330970,0.856372,1,,LOSS,0,4.77,UNDER
2250086,2026-04-01,LAA@CHC,90148,K_PROP,away,Yusei Kikuchi,,3.4,0.2555,UNDER,4.5,,OVER,5,0,-1.60,1.60,0.554280,1.364533,1,,LOSS,0,1.60,UNDER
2252360,2026-04-01,DET@ARI,90149,K_PROP,home,Zac Gallen,,4.91,0.3675,UNDER,5.5,,UNDER,2,1,2.91,2.91,0.135056,0.458075,1,,NO_ACTION,,-2.91,PASS
2252360,2026-04-01,DET@ARI,90150,K_PROP,away,Tarik Skubal,,6.47,0.4684,UNDER,6.5,,UNDER,3,1,3.47,3.47,0.219399,0.631864,1,,WIN,1,-3.47,UNDER
2250088,2026-04-01,NYY@SEA,90151,K_PROP,away,Cam Schlittler,,5.06,0.3944,UNDER,5.5,,OVER,7,0,-1.94,1.94,0.366751,0.930390,1,,LOSS,0,1.94,UNDER
2250087,2026-04-01,SF@SD,90152,K_PROP,home,Nick Pivetta,,4.85,0.3579,UNDER,5.5,,OVER,8,0,-3.15,3.15,0.412292,1.027502,1,,LOSS,0,3.15,UNDER
2250088,2026-04-01,NYY@SEA,90153,K_PROP,home,George Kirby,,7.19,0.5789,OVER,6.5,,UNDER,6,0,1.19,1.19,0.335125,0.864885,1,,LOSS,0,-1.19,OVER
2250087,2026-04-01,SF@SD,90154,K_PROP,away,Adrian Houser,,2.37,0.2160,UNDER,3.5,,OVER,4,0,-1.63,1.63,0.614656,1.532477,1,,LOSS,0,1.63,UNDER
2250089,2026-04-01,MIN@KC,90155,K_PROP,home,Noah Cameron,,3.84,0.3396,UNDER,4.5,,OVER,5,0,-1.16,1.16,0.436128,1.079987,1,,LOSS,0,1.16,UNDER
2250089,2026-04-01,MIN@KC,90156,K_PROP,away,Joe Ryan,,4.27,0.2579,UNDER,5.5,,UNDER,3,1,1.27,1.27,0.066512,0.298271,1,,WIN,1,-1.27,UNDER
2250090,2026-04-01,CLE@LAD,90157,K_PROP,away,Gavin Williams,,4.5,0.2976,UNDER,5.5,,OVER,10,0,-5.50,5.50,0.493366,1.212005,1,,LOSS,0,5.50,UNDER
2250090,2026-04-01,CLE@LAD,90158,K_PROP,home,Yoshinobu Yamamoto,,7.12,0.5686,OVER,6.5,,UNDER,2,0,5.12,5.12,0.323306,0.840720,1,,LOSS,0,-5.12,OVER
2250091,2026-04-02,MIN@KC,90159,K_PROP,home,Cole Ragans,,8.96,0.6711,OVER,7.5,,OVER,8,1,0.96,0.96,0.108175,0.398837,1,,WIN,1,-0.96,OVER
2250091,2026-04-02,MIN@KC,90160,K_PROP,away,Taj Bradley,,2.96,0.1776,UNDER,4.5,,UNDER,3,1,-0.04,0.04,0.031542,0.195528,1,,NO_ACTION,,0.04,PASS
2252367,2026-04-02,ATL@ARI,90161,K_PROP,home,Ryne Nelson,,3.75,0.3220,UNDER,4.5,,UNDER,3,1,0.75,0.75,0.103684,0.388608,1,,WIN,1,-0.75,UNDER
2252367,2026-04-02,ATL@ARI,90162,K_PROP,away,Reynaldo Lopez,,3.71,0.3147,UNDER,4.5,,UNDER,3,1,0.71,0.71,0.099036,0.377899,1,,WIN,1,-0.71,UNDER
2250093,2026-04-02,NYM@SF,90163,K_PROP,away,David Peterson,,4.43,0.4538,UNDER,4.5,,OVER,5,0,-0.57,0.57,0.298334,0.790099,1,,LOSS,0,0.57,UNDER
2250093,2026-04-02,NYM@SF,90164,K_PROP,home,Robbie Ray,,4.4,0.2803,UNDER,5.5,,OVER,7,0,-2.60,2.60,0.517968,1.271895,1,,LOSS,0,2.60,UNDER
2250094,2026-04-03,LAD@WSH,60051,K_PROP,away,Emmet Sheehan,R,7.88,0.7549,OVER,5.5,,UNDER,2,0,5.88,5.88,0.569874,1.406089,1,,NO_ACTION,,-5.88,EDGE
2250094,2026-04-03,LAD@WSH,60052,K_PROP,home,Miles Mikolas,R,6.1,0.8234,OVER,3.5,,OVER,4,1,2.10,2.10,0.031188,0.194313,1,,NO_ACTION,,-2.10,EDGE
2250095,2026-04-03,STL@DET,60053,K_PROP,away,Michael McGreevy,R,4.51,0.6364,OVER,3.5,,OVER,4,1,0.51,0.51,0.132205,0.451928,1,,NO_ACTION,,-0.51,EDGE
2250095,2026-04-03,STL@DET,60054,K_PROP,home,Framber Valdez,L,6.56,0.6133,OVER,5.5,,UNDER,5,0,1.56,1.56,0.376137,0.950106,1,,NO_ACTION,,-1.56,EDGE
2250096,2026-04-03,MIA@NYY,60055,K_PROP,away,Eury Perez,R,5.53,0.3271,UNDER,6.5,,UNDER,4,1,1.53,1.53,0.106994,0.396159,1,,NO_ACTION,,-1.53,EDGE
2250096,2026-04-03,MIA@NYY,60056,K_PROP,home,Will Warren,R,6.83,0.7714,OVER,4.5,,OVER,6,1,0.83,0.83,0.052258,0.259548,1,,NO_ACTION,,-0.83,EDGE
2250097,2026-04-03,SD@BOS,60057,K_PROP,away,Michael King,R,5.65,0.4858,UNDER,5.5,,UNDER,5,1,0.65,0.65,0.236002,0.665143,1,,NO_ACTION,,-0.65,NEUTRAL
2250097,2026-04-03,SD@BOS,60058,K_PROP,home,Sonny Gray,R,7.32,0.6982,OVER,5.5,,UNDER,3,0,4.32,4.32,0.487483,1.197991,1,,NO_ACTION,,-4.32,EDGE
2250098,2026-04-03,CIN@TEX,60059,K_PROP,away,Brady Singer,R,5.73,0.4966,UNDER,5.5,,UNDER,5,1,0.73,0.73,0.246612,0.686370,1,,NO_ACTION,,-0.73,EDGE
2250098,2026-04-03,CIN@TEX,60060,K_PROP,home,MacKenzie Gore,L,6.27,0.4319,UNDER,6.5,,OVER,9,0,-2.73,2.73,0.322738,0.839561,1,,NO_ACTION,,2.73,EDGE
2250099,2026-04-03,CHC@CLE,60061,K_PROP,away,Cade Horton,R,7.43,0.9088,OVER,3.5,,UNDER,0,0,7.43,7.43,0.825917,2.394700,1,,NO_ACTION,,-7.43,EDGE
2250099,2026-04-03,CHC@CLE,60062,K_PROP,home,Joey Cantillo,L,5.75,0.4992,UNDER,4.5,,OVER,6,0,-0.25,0.25,0.250801,0.694748,1,,NO_ACTION,,0.25,EDGE
2250101,2026-04-03,PHI@COL,60063,K_PROP,away,Aaron Nola,R,5.81,0.5082,OVER,5.5,,OVER,9,1,-3.19,3.19,0.241867,0.676880,1,,NO_ACTION,,3.19,NEUTRAL
2250101,2026-04-03,PHI@COL,60064,K_PROP,home,Michael Lorenzen,R,5.76,0.6520,OVER,4.5,,UNDER,2,0,3.76,3.76,0.425104,1.055553,1,,NO_ACTION,,-3.76,EDGE
2250100,2026-04-03,TB@MIN,60065,K_PROP,away,Joe Boyle,R,6.85,0.6477,OVER,5.5,,OVER,9,1,-2.15,2.15,0.124115,0.434328,1,,NO_ACTION,,2.15,EDGE
2250100,2026-04-03,TB@MIN,60066,K_PROP,home,Bailey Ober,R,5.7,0.7874,OVER,3.5,,OVER,4,1,1.70,1.70,0.045199,0.239019,1,,NO_ACTION,,-1.70,EDGE
2250102,2026-04-03,BAL@PIT,60067,K_PROP,away,Kyle Bradish,R,8.93,0.8377,OVER,5.5,,OVER,6,1,2.93,2.93,0.026341,0.177095,1,,NO_ACTION,,-2.93,EDGE
2250102,2026-04-03,BAL@PIT,60068,K_PROP,home,Mitch Keller,R,6.46,0.7350,OVER,4.5,,UNDER,4,0,2.46,2.46,0.540225,1.328025,1,,NO_ACTION,,-2.46,EDGE
2250103,2026-04-03,MIL@KC,60069,K_PROP,away,Chad Patrick,R,6.72,0.8695,OVER,4.5,,UNDER,3,0,3.72,3.72,0.756030,2.036382,0,,UNDER,0,-3.720,EDGE
2250103,2026-04-03,MIL@KC,60070,K_PROP,home,Luinder Avila,R,5.55,0.6258,OVER,4.5,,OVER,7,1,-1.45,1.45,0.140026,0.468724,0,,OVER,1,1.450,EDGE
2250104,2026-04-03,SEA@LAA,60071,K_PROP,away,Bryan Woo,R,8.18,0.5476,OVER,7.5,,UNDER,6,0,2.18,2.18,0.299866,0.793189,1,,NO_ACTION,,-2.18,EDGE
2250104,2026-04-03,SEA@LAA,60072,K_PROP,home,Reid Detmers,L,7.49,0.5909,OVER,6.5,,UNDER,4,0,3.49,3.49,0.349163,0.893796,1,,NO_ACTION,,-3.49,EDGE
2250105,2026-04-03,HOU@ATH,60073,K_PROP,away,Cristian Javier,R,3.83,0.3393,UNDER,4.5,,UNDER,2,1,1.83,1.83,0.115124,0.414455,1,,NO_ACTION,,-1.83,EDGE
2250105,2026-04-03,HOU@ATH,60074,K_PROP,home,Jeffrey Springs,L,4.31,0.4301,UNDER,4.5,,OVER,7,0,-2.69,2.69,0.324786,0.843738,1,,NO_ACTION,,2.69,FADE
2252381,2026-04-03,ATL@ARI,60075,K_PROP,away,Grant Holmes,R,6.81,0.7707,OVER,4.5,,UNDER,4,0,2.81,2.81,0.593978,1.472724,1,,NO_ACTION,,-2.81,EDGE
2252381,2026-04-03,ATL@ARI,60076,K_PROP,home,Eduardo Rodriguez,L,4.27,0.4216,UNDER,4.5,,UNDER,3,1,1.27,1.27,0.177747,0.547490,1,,NO_ACTION,,-1.27,NEUTRAL
2250106,2026-04-03,NYM@SF,60077,K_PROP,away,Nolan McLean,R,6.78,0.6390,OVER,5.5,,UNDER,4,0,2.78,2.78,0.408321,1.018877,1,,NO_ACTION,,-2.78,EDGE
2250106,2026-04-03,NYM@SF,60078,K_PROP,home,Tyler Mahle,R,4.93,0.5311,OVER,4.5,,UNDER,4,0,0.93,0.93,0.282067,0.757366,1,,NO_ACTION,,-0.93,EDGE
2250107,2026-04-04,STL@DET,90165,K_PROP,home,Jack Flaherty,,5.72,0.3493,UNDER,6.5,,UNDER,6,1,-0.28,0.28,0.122010,0.429707,1,,LOSS,0,0.28,OVER
2250107,2026-04-04,STL@DET,90166,K_PROP,away,Dustin May,,3.65,0.3026,UNDER,4.5,,UNDER,4,1,-0.35,0.35,0.091567,0.360396,1,,WIN,1,0.35,UNDER
2250108,2026-04-04,TOR@CWS,90167,K_PROP,home,Grant Taylor,,4.35,0.8500,OVER,1.5,,UNDER,1,0,3.35,3.35,0.722500,1.897120,1,,LOSS,0,-3.35,OVER
2250113,2026-04-04,MIL@KC,90168,K_PROP,home,Luinder Avila,,2.7,0.2865,UNDER,3.5,,OVER,4,0,-1.30,1.30,0.509082,1.250017,1,,LOSS,0,1.30,UNDER
2250113,2026-04-04,MIL@KC,90169,K_PROP,away,Chad Patrick,,3.24,0.2269,UNDER,4.5,,UNDER,3,1,0.24,0.24,0.051484,0.257347,1,,WIN,1,-0.24,UNDER
2250110,2026-04-04,HOU@ATH,90170,K_PROP,home,Luis Morales,,3.15,0.2098,UNDER,4.5,,UNDER,0,1,3.15,3.15,0.044016,0.235469,1,,WIN,1,-3.15,UNDER
2250111,2026-04-04,BAL@PIT,90171,K_PROP,away,Shane Baz,,4.91,0.3688,UNDER,5.5,,UNDER,5,1,-0.09,0.09,0.136013,0.460133,1,,WIN,1,0.09,UNDER
2250109,2026-04-04,LAD@WSH,90172,K_PROP,away,Tyler Glasnow,,5.62,0.3323,UNDER,6.5,,OVER,9,0,-3.38,3.38,0.445823,1.101717,1,,LOSS,0,3.38,UNDER
2250109,2026-04-04,LAD@WSH,90173,K_PROP,home,Jake Irvin,,2.43,0.2271,UNDER,3.5,,OVER,4,0,-1.57,1.57,0.597374,1.482365,1,,LOSS,0,1.57,UNDER
2250112,2026-04-04,SD@BOS,90174,K_PROP,home,Connelly Early,,5.39,0.4521,UNDER,5.5,,UNDER,4,1,1.39,1.39,0.204394,0.601662,1,,LOSS,0,-1.39,OVER
2250112,2026-04-04,SD@BOS,90175,K_PROP,away,Randy Vasquez,,2.18,0.1766,UNDER,3.5,,UNDER,3,1,-0.82,0.82,0.031188,0.194313,1,,WIN,1,0.82,UNDER
2250114,2026-04-04,CIN@TEX,90176,K_PROP,away,Rhett Lowder,,2.74,0.2938,UNDER,3.5,,OVER,4,0,-1.26,1.26,0.498718,1.224856,1,,LOSS,0,1.26,UNDER
2250115,2026-04-04,MIA@NYY,90177,K_PROP,away,Max Meyer,,5.64,0.4950,UNDER,5.5,,OVER,6,0,-0.36,0.36,0.255025,0.703198,1,,LOSS,0,0.36,UNDER
2250115,2026-04-04,MIA@NYY,90178,K_PROP,home,Ryan Weathers,,4.29,0.2621,UNDER,5.5,,UNDER,4,1,0.29,0.29,0.068696,0.303947,1,,WIN,1,-0.29,UNDER
2250114,2026-04-04,CIN@TEX,90179,K_PROP,home,Kumar Rocker,,3.83,0.3384,UNDER,4.5,,UNDER,3,1,0.83,0.83,0.114515,0.413094,1,,NO_ACTION,,-0.83,PASS
2250116,2026-04-04,TB@MIN,90182,K_PROP,home,Mick Abel,,3.49,0.2721,UNDER,4.5,,UNDER,3,1,0.49,0.49,0.074038,0.317592,1,,NO_ACTION,,-0.49,PASS
2252394,2026-04-04,ATL@ARI,90183,K_PROP,home,Michael Soroka,,3.61,0.2949,UNDER,4.5,,UNDER,3,1,0.61,0.61,0.086966,0.349416,1,,WIN,1,-0.61,UNDER
2252394,2026-04-04,ATL@ARI,90184,K_PROP,away,Bryce Elder,,2.93,0.3364,UNDER,3.5,,OVER,8,0,-5.07,5.07,0.440365,1.089454,1,,LOSS,0,5.07,UNDER
2250118,2026-04-04,PHI@COL,90185,K_PROP,home,Chase Dollander,,2.2,0.1813,UNDER,3.5,,OVER,6,0,-3.80,3.80,0.670270,1.707602,1,,LOSS,0,3.80,UNDER
2250118,2026-04-04,PHI@COL,90186,K_PROP,away,Jesus Luzardo,,7.26,0.5883,OVER,6.5,,OVER,11,1,-3.74,3.74,0.169497,0.530518,1,,WIN,1,3.74,OVER
2250119,2026-04-04,NYM@SF,90187,K_PROP,away,Clay Holmes,,3.59,0.2925,UNDER,4.5,,UNDER,4,1,-0.41,0.41,0.085556,0.346018,1,,WIN,1,0.41,UNDER
2250119,2026-04-04,NYM@SF,90188,K_PROP,home,Landen Roupp,,3.52,0.2792,UNDER,4.5,,OVER,7,0,-3.48,3.48,0.519553,1.275827,1,,LOSS,0,3.48,UNDER
2250120,2026-04-04,SEA@LAA,90189,K_PROP,home,Jack Kochanowicz,,2.34,0.2097,UNDER,3.5,,OVER,7,0,-4.66,4.66,0.624574,1.562077,1,,LOSS,0,4.66,UNDER
2250120,2026-04-04,SEA@LAA,90190,K_PROP,away,Emerson Hancock,,4.47,0.2919,UNDER,5.5,,UNDER,5,1,-0.53,0.53,0.085206,0.345170,1,,WIN,1,0.53,UNDER
2250117,2026-04-05,CHC@CLE,90191,K_PROP,away,Edward Cabrera,,5.07,0.3966,UNDER,5.5,,UNDER,4,1,1.07,1.07,0.157292,0.505175,1,,UNDER,1,-1.070,OVER
2250117,2026-04-05,CHC@CLE,90192,K_PROP,home,Slade Cecconi,,3.42,0.2589,UNDER,4.5,,OVER,6,0,-2.58,2.58,0.549229,1.351313,1,,OVER,0,2.580,UNDER
2250122,2026-04-05,BAL@PIT,90193,K_PROP,away,Chris Bassitt,,4.06,0.3834,UNDER,4.5,,UNDER,0,1,4.06,4.06,0.146996,0.483535,1,,WIN,1,-4.06,UNDER
2250123,2026-04-05,SD@BOS,90194,K_PROP,home,Ranger Suarez,,3.57,0.2888,UNDER,4.5,,UNDER,2,1,1.57,1.57,0.083405,0.340802,1,,WIN,1,-1.57,UNDER
2250121,2026-04-05,LAD@WSH,90195,K_PROP,away,Roki Sasaki,,2.61,0.1246,UNDER,4.5,,OVER,5,0,-2.39,2.39,0.766325,2.082647,1,,LOSS,0,2.39,UNDER
2250124,2026-04-05,MIA@NYY,90196,K_PROP,away,Chris Paddack,,2.68,0.2821,UNDER,3.5,,OVER,4,0,-1.32,1.32,0.515380,1.265494,1,,NO_ACTION,,1.32,PASS
2250124,2026-04-05,MIA@NYY,90197,K_PROP,home,Max Fried,,5.08,0.3980,UNDER,5.5,,UNDER,4,1,1.08,1.08,0.158404,0.507498,1,,NO_ACTION,,-1.08,PASS
2250123,2026-04-05,SD@BOS,90198,K_PROP,away,Walker Buehler,,2.36,0.2125,UNDER,3.5,,OVER,4,0,-1.64,1.64,0.620156,1.548813,1,,LOSS,0,1.64,UNDER
2250127,2026-04-05,TOR@CWS,90199,K_PROP,home,Davis Martin,,2.2,0.1799,UNDER,3.5,,OVER,6,0,-3.80,3.80,0.672564,1.715354,1,,LOSS,0,3.80,UNDER
2250128,2026-04-05,MIL@KC,90200,K_PROP,home,Kris Bubic,,4.47,0.2917,UNDER,5.5,,OVER,8,0,-3.53,3.53,0.501689,1.232029,1,,LOSS,0,3.53,UNDER
2250128,2026-04-05,MIL@KC,90201,K_PROP,away,Kyle Harrison,,3.59,0.2915,UNDER,4.5,,OVER,6,0,-2.41,2.41,0.501972,1.232715,1,,LOSS,0,2.41,UNDER
2250126,2026-04-05,TB@MIN,90202,K_PROP,home,Simeon Woods Richardson,,2.5,0.2426,UNDER,3.5,,OVER,4,0,-1.50,1.50,0.573655,1.416341,1,,LOSS,0,1.50,UNDER
2250126,2026-04-05,TB@MIN,90203,K_PROP,away,Nick Martinez,,3.35,0.2459,UNDER,4.5,,UNDER,4,1,-0.65,0.65,0.060467,0.282230,1,,WIN,1,0.65,UNDER
2250127,2026-04-05,TOR@CWS,90204,K_PROP,away,Eric Lauer,,3.7,0.3123,UNDER,4.5,,UNDER,0,1,3.70,3.70,0.097531,0.374403,1,,WIN,1,-3.70,UNDER
2250129,2026-04-05,CIN@TEX,90205,K_PROP,away,Chase Burns,,7.11,0.5670,OVER,6.5,,OVER,9,1,-1.89,1.89,0.187489,0.567396,1,,NO_ACTION,,1.89,PASS
2250129,2026-04-05,CIN@TEX,90206,K_PROP,home,Jack Leiter,,5.06,0.2465,UNDER,6.5,,OVER,9,0,-3.94,3.94,0.567762,1.400393,1,,LOSS,0,3.94,UNDER
2250130,2026-04-05,PHI@COL,90207,K_PROP,home,Tomoyuki Sugano,,2.33,0.2070,UNDER,3.5,,OVER,5,0,-2.67,2.67,0.628849,1.575036,1,,LOSS,0,2.67,UNDER
2250131,2026-04-05,HOU@ATH,90208,K_PROP,home,Jacob Lopez,,4.4,0.2799,UNDER,5.5,,OVER,6,0,-1.60,1.60,0.518544,1.273323,1,,LOSS,0,1.60,UNDER
2250131,2026-04-05,HOU@ATH,90209,K_PROP,away,Lance McCullers,,3.59,0.1540,UNDER,5.5,,UNDER,4,1,-0.41,0.41,0.023716,0.167236,1,,WIN,1,0.41,UNDER
2250132,2026-04-05,NYM@SF,90210,K_PROP,away,Kodai Senga,,4.29,0.2610,UNDER,5.5,,OVER,7,0,-2.71,2.71,0.546121,1.343235,1,,LOSS,0,2.71,UNDER
2250132,2026-04-05,NYM@SF,90211,K_PROP,home,Logan Webb,,6.04,0.5603,OVER,5.5,,UNDER,3,0,3.04,3.04,0.313936,0.821663,1,,LOSS,0,-3.04,OVER
2250133,2026-04-05,SEA@LAA,90212,K_PROP,home,Ryan Johnson,,3.81,0.3334,UNDER,4.5,,UNDER,4,1,-0.19,0.19,0.111156,0.405565,1,,UNDER,1,0.190,UNDER
2250133,2026-04-05,SEA@LAA,90214,K_PROP,away,Luis Castillo,,6.49,0.4722,UNDER,6.5,,UNDER,4,1,2.49,2.49,0.222973,0.639038,1,,WIN,1,-2.49,UNDER
2252411,2026-04-05,ATL@ARI,90215,K_PROP,home,Brandon Pfaadt,,3.78,0.3285,UNDER,4.5,,UNDER,2,1,1.78,1.78,0.107912,0.398241,1,,WIN,1,-1.78,UNDER
2250134,2026-04-05,STL@DET,90218,K_PROP,home,Keider Montero,,2.55,0.2529,UNDER,3.5,,UNDER,3,1,-0.45,0.45,0.063958,0.291556,1,,WIN,1,0.45,UNDER
2250135,2026-04-06,CHC@TB,90001,K_PROP,away,Jameson Taillon,,2.71,0.2885,UNDER,3.5,,OVER,4,0,-1.29,1.29,0.506232,1.243060,1,,OVER,0,1.290,UNDER
2250135,2026-04-06,CHC@TB,90002,K_PROP,home,Shane McClanahan,,4.17,0.2412,UNDER,5.5,,UNDER,5,1,-0.83,0.83,0.058177,0.276017,1,,UNDER,1,0.830,UNDER
2250136,2026-04-06,KC@CLE,90003,K_PROP,home,Tanner Bibee,,3.1,0.2013,UNDER,4.5,,UNDER,3,1,0.10,0.10,0.040522,0.224770,1,,UNDER,1,-0.100,UNDER
2250136,2026-04-06,KC@CLE,90004,K_PROP,away,Michael Wacha,,3.29,0.2359,UNDER,4.5,,UNDER,3,1,0.29,0.29,0.055649,0.269057,1,,UNDER,1,-0.290,UNDER
2250138,2026-04-06,CIN@MIA,90005,K_PROP,away,Andrew Abbott,,3.28,0.2342,UNDER,5.5,,UNDER,4,1,-0.72,0.72,0.054850,0.266834,1,,UNDER,1,0.720,UNDER
2250138,2026-04-06,CIN@MIA,90006,K_PROP,home,Sandy Alcantara,,3.9,0.3524,UNDER,5.5,,UNDER,3,1,0.90,0.90,0.124186,0.434482,1,,UNDER,1,-0.900,UNDER
2250137,2026-04-06,SD@PIT,90007,K_PROP,home,Bubba Chandler,,5,0.3847,UNDER,5.5,,UNDER,4,1,1.00,1.00,0.147994,0.485645,1,,UNDER,1,-1.000,UNDER
2250137,2026-04-06,SD@PIT,90008,K_PROP,away,German Marquez,,2.27,0.1946,UNDER,3.5,,OVER,4,0,-1.73,1.73,0.648669,1.636809,1,,OVER,0,1.730,UNDER
2250140,2026-04-06,MIL@BOS,90009,K_PROP,home,Garrett Crochet,,3.25,0.2280,UNDER,6.5,,UNDER,5,1,-1.75,1.75,0.051984,0.258771,1,,UNDER,1,1.750,UNDER
2250140,2026-04-06,MIL@BOS,90010,K_PROP,away,Jacob Misiorowski,,5.82,0.5249,OVER,6.5,,UNDER,4,0,1.82,1.82,0.275520,0.744230,1,,UNDER,1,-1.820,UNDER
2250139,2026-04-06,STL@WSH,90011,K_PROP,away,Andre Pallante,,2.7,0.2858,UNDER,3.5,,UNDER,2,1,0.70,0.70,0.081682,0.336592,1,,UNDER,1,-0.700,UNDER
2250139,2026-04-06,STL@WSH,90012,K_PROP,home,Zack Littell,,2.61,0.2665,UNDER,3.5,,OVER,6,0,-3.39,3.39,0.538022,1.322381,1,,OVER,0,3.390,UNDER
2250141,2026-04-06,LAD@TOR,90013,K_PROP,away,Yoshinobu Yamamoto,,3.43,0.4482,UNDER,5.5,,UNDER,2,1,1.43,1.43,0.200883,0.594570,1,,UNDER,1,-1.430,UNDER
2250141,2026-04-06,LAD@TOR,90014,K_PROP,home,Kevin Gausman,,3.3,0.2377,UNDER,5.5,,UNDER,2,1,1.30,1.30,0.056501,0.271415,1,,UNDER,1,-1.300,UNDER
2250143,2026-04-06,BAL@CWS,90015,K_PROP,away,Brandon Young,,2.65,0.2759,UNDER,3.5,,UNDER,2,1,0.65,0.65,0.076121,0.322826,1,,UNDER,1,-0.650,UNDER
2250143,2026-04-06,BAL@CWS,90016,K_PROP,home,Grant Taylor,,5.48,0.8500,OVER,1.5,,UNDER,1,0,4.48,4.48,0.722500,1.897120,1,,UNDER,0,-4.480,OVER
2250142,2026-04-06,DET@MIN,90017,K_PROP,away,Tarik Skubal,,3.83,0.3375,UNDER,7.5,,UNDER,4,1,-0.17,0.17,0.113906,0.411735,1,,UNDER,1,0.170,UNDER
2250142,2026-04-06,DET@MIN,90018,K_PROP,home,Taj Bradley,,6.45,0.4658,UNDER,5.5,,OVER,7,0,-0.55,0.55,0.285370,0.763999,1,,OVER,1,0.550,PASS
2250144,2026-04-06,SEA@TEX,90019,K_PROP,away,Logan Gilbert,,7.05,0.5584,OVER,6.5,,UNDER,5,0,2.05,2.05,0.311811,0.817351,1,,UNDER,0,-2.050,PASS
2250144,2026-04-06,SEA@TEX,90020,K_PROP,home,Jacob deGrom,,6.7,0.5043,OVER,6.5,,UNDER,6,0,0.70,0.70,0.254318,0.701784,1,,UNDER,0,-0.700,UNDER
2250145,2026-04-06,HOU@COL,90021,K_PROP,home,Ryan Feltner,,2.46,0.2348,UNDER,3.5,,UNDER,1,1,1.46,1.46,0.055131,0.267618,1,,UNDER,1,-1.460,UNDER
2250145,2026-04-06,HOU@COL,90022,K_PROP,away,Cody Bolton,,3.32,0.4231,UNDER,3.5,,OVER,5,0,-1.68,1.68,0.332814,0.860147,1,,OVER,0,1.680,UNDER
2250146,2026-04-06,ATL@LAA,90023,K_PROP,away,Chris Sale,,10.09,0.7881,OVER,7.5,,UNDER,7,0,3.09,3.09,0.621102,1.551641,1,,UNDER,0,-3.090,OVER
2250146,2026-04-06,ATL@LAA,90024,K_PROP,home,Jose Soriano,,4.29,0.4272,UNDER,4.5,,OVER,10,0,-5.71,5.71,0.328100,0.850503,1,,OVER,0,5.710,UNDER
2250147,2026-04-06,PHI@SF,90025,K_PROP,away,Cristopher Sanchez,,3.72,0.3171,UNDER,6.5,,UNDER,1,1,2.72,2.72,0.100552,0.381407,1,,UNDER,1,-2.720,UNDER
2250147,2026-04-06,PHI@SF,90026,K_PROP,home,Robbie Ray,,3.28,0.2332,UNDER,5.5,,UNDER,3,1,0.28,0.28,0.054382,0.265529,1,,UNDER,1,-0.280,UNDER
2250148,2026-04-07,KC@CLE,120001,K_PROP,home,Gavin Williams,,3.87,0.1945,UNDER,5.5,,OVER,8,0,-4.13,4.13,0.648830,1.637323,1,,OVER,0,4.130,UNDER
2250148,2026-04-07,KC@CLE,120002,K_PROP,away,Cole Ragans,,7.99,0.6857,OVER,6.5,,UNDER,5,0,2.99,2.99,0.470184,1.157407,1,,OVER,0,1.050,OVER
2250157,2026-04-07,BAL@CWS,120003,K_PROP,away,Kyle Bradish,,6.44,0.6221,OVER,5.5,,OVER,6,1,0.44,0.44,0.142808,0.474654,1,,OVER,0,0.840,OVER
2250157,2026-04-07,BAL@CWS,120004,K_PROP,home,Sean Burke,,4.23,0.2514,UNDER,5.5,,OVER,8,0,-3.77,3.77,0.560402,1.380710,1,,OVER,0,3.300,UNDER
2252434,2026-04-07,ARI@NYM,120005,K_PROP,away,Ryne Nelson,,3.57,0.2883,UNDER,4.5,,OVER,5,0,-1.43,1.43,0.506517,1.243754,1,,OVER,0,1.490,UNDER
2252434,2026-04-07,ARI@NYM,120006,K_PROP,home,David Peterson,,3.52,0.2785,UNDER,4.5,,OVER,5,0,-1.48,1.48,0.520562,1.278337,1,,UNDER,1,0.180,UNDER
2250150,2026-04-07,CHC@TB,120007,K_PROP,away,Colin Rea,,2.73,0.2926,UNDER,3.5,,UNDER,3,1,-0.27,0.27,0.085615,0.346159,1,,UNDER,1,0.490,UNDER
2250151,2026-04-07,CIN@MIA,120008,K_PROP,away,Brady Singer,,3.17,0.2137,UNDER,4.5,,UNDER,2,1,1.17,1.17,0.045668,0.240417,1,,UNDER,1,-1.290,UNDER
2250151,2026-04-07,CIN@MIA,120009,K_PROP,home,Eury Perez,,5.63,0.3341,UNDER,6.5,,UNDER,6,1,-0.37,0.37,0.111623,0.406616,1,,OVER,0,1.370,UNDER
2250149,2026-04-07,SD@PIT,120010,K_PROP,home,Mitch Keller,,3.15,0.2101,UNDER,4.5,,OVER,6,0,-2.85,2.85,0.623942,1.560172,1,,UNDER,1,-0.250,UNDER
2250149,2026-04-07,SD@PIT,120011,K_PROP,away,Michael King,,4.54,0.3038,UNDER,5.5,,OVER,8,0,-3.46,3.46,0.484694,1.191386,1,,OVER,0,2.140,UNDER
2250150,2026-04-07,CHC@TB,120012,K_PROP,home,Joe Boyle,,3.9,0.1989,UNDER,5.5,,UNDER,2,1,1.90,1.90,0.039561,0.221769,1,,UNDER,1,-1.900,UNDER
2250153,2026-04-07,MIL@BOS,120013,K_PROP,home,Sonny Gray,,5.68,0.5011,OVER,5.5,,OVER,7,1,-1.32,1.32,0.248901,0.690950,1,,UNDER,0,-0.550,UNDER
2250153,2026-04-07,MIL@BOS,120014,K_PROP,away,Jacob Misiorowski,,7.03,0.4062,UNDER,7.5,,OVER,10,0,-2.97,2.97,0.352598,0.900910,1,,OVER,0,2.970,OVER
2250152,2026-04-07,STL@WSH,120015,K_PROP,away,Michael McGreevy,,2.6,0.2642,UNDER,3.5,,OVER,6,0,-3.40,3.40,0.541402,1.331049,1,,OVER,0,2.090,UNDER
2250152,2026-04-07,STL@WSH,120016,K_PROP,home,Miles Mikolas,,2.35,0.2112,UNDER,3.5,,UNDER,3,1,-0.65,0.65,0.044605,0.237242,1,,UNDER,1,-0.720,UNDER
2250154,2026-04-07,ATH@NYY,120017,K_PROP,away,Luis Severino,,3.5,0.2739,UNDER,4.5,,OVER,6,0,-2.50,2.50,0.527221,1.294992,1,,OVER,0,2.580,UNDER
2250154,2026-04-07,ATH@NYY,120018,K_PROP,home,Will Warren,,4.7,0.3319,UNDER,5.5,,OVER,7,0,-2.30,2.30,0.446358,1.102922,1,,OVER,0,1.240,UNDER
2250155,2026-04-07,LAD@TOR,120019,K_PROP,away,Yoshinobu Yamamoto,,5.18,0.4161,UNDER,5.5,,OVER,6,0,-0.82,0.82,0.340939,0.876830,1,,OVER,0,0.820,UNDER
2250155,2026-04-07,LAD@TOR,120020,K_PROP,home,Dylan Cease,,6.11,0.4108,UNDER,6.5,,UNDER,5,1,1.11,1.11,0.168757,0.528990,1,,UNDER,1,-0.770,UNDER
2250156,2026-04-07,DET@MIN,120021,K_PROP,away,Framber Valdez,,5.76,0.5154,OVER,5.5,,OVER,7,1,-1.24,1.24,0.234837,0.662812,1,,UNDER,0,-1.960,PASS
2250156,2026-04-07,DET@MIN,120022,K_PROP,home,Bailey Ober,,3.48,0.2703,UNDER,4.5,,OVER,10,0,-6.52,6.52,0.532462,1.308223,1,,OVER,0,5.380,UNDER
2250158,2026-04-07,SEA@TEX,120023,K_PROP,away,Bryan Woo,,5.77,0.3567,UNDER,6,,UNDER,4,1,1.77,1.77,0.127235,0.441144,1,,UNDER,1,-1.420,PASS
2250158,2026-04-07,SEA@TEX,120024,K_PROP,home,MacKenzie Gore,,6.43,0.4620,UNDER,6.5,,OVER,7,0,-0.57,0.57,0.289444,0.772190,1,,OVER,1,0.700,PASS
2250159,2026-04-07,HOU@COL,120025,K_PROP,home,Michael Lorenzen,,2.62,0.2688,UNDER,3.5,,OVER,5,0,-2.38,2.38,0.534653,1.313788,1,,OVER,0,2.300,UNDER
2250159,2026-04-07,HOU@COL,120026,K_PROP,away,Cristian Javier,,3.52,0.2778,UNDER,4.5,,UNDER,3,1,0.52,0.52,0.077173,0.325453,1,,UNDER,0,-1.530,OVER
2250160,2026-04-07,ATL@LAA,120027,K_PROP,away,Reynaldo Lopez,,5.51,0.4721,UNDER,5.5,,OVER,7,0,-1.49,1.49,0.278678,0.750564,1,,OVER,1,1.490,PASS
2250160,2026-04-07,ATL@LAA,120028,K_PROP,home,Yusei Kikuchi,,4.28,0.2598,UNDER,5.5,,OVER,8,0,-3.72,3.72,0.547896,1.347843,1,,OVER,0,3.720,UNDER
2250161,2026-04-07,PHI@SF,120029,K_PROP,away,Aaron Nola,,5.02,0.3879,UNDER,5.5,,OVER,6,0,-0.98,0.98,0.374666,0.947008,1,,OVER,0,0.980,UNDER
2250161,2026-04-07,PHI@SF,120030,K_PROP,home,Tyler Mahle,,3.18,0.2154,UNDER,4.5,,OVER,7,0,-3.82,3.82,0.615597,1.535259,1,,OVER,0,3.820,UNDER
2250165,2026-04-08,BAL@CWS,120031,K_PROP,away,Kyle Bradish,,6.44,0.6221,OVER,5.5,,OVER,7,1,-0.56,0.56,0.142808,0.474654,1,,OVER,1,0.560,OVER
2250165,2026-04-08,BAL@CWS,120032,K_PROP,home,Sean Burke,,4.23,0.2514,UNDER,5.5,,UNDER,3,1,1.23,1.23,0.063202,0.289550,1,,UNDER,1,-1.230,UNDER
2250166,2026-04-08,SEA@TEX,120033,K_PROP,away,Bryan Woo,,5.29,0.4345,UNDER,5.5,,UNDER,2,1,3.29,3.29,0.188790,0.570045,1,,UNDER,1,-3.290,PASS
2250166,2026-04-08,SEA@TEX,120034,K_PROP,home,MacKenzie Gore,,6.43,0.4620,UNDER,6.5,,OVER,9,0,-2.57,2.57,0.289444,0.772190,1,,OVER,0,2.570,PASS
2250167,2026-04-08,LAD@TOR,120035,K_PROP,home,Dylan Cease,,6.11,0.4108,UNDER,6.5,,OVER,8,0,-1.89,1.89,0.347157,0.889649,1,,OVER,0,1.890,UNDER
2250174,2026-04-08,ATH@NYY,120036,K_PROP,away,Jeffrey Springs,,3.54,0.2814,UNDER,4.5,,OVER,7,0,-3.46,3.46,0.516386,1.267978,1,,OVER,0,3.500,OVER
2250174,2026-04-08,ATH@NYY,120037,K_PROP,home,Ryan Weathers,,5.01,0.3858,UNDER,5.5,,UNDER,5,1,0.01,0.01,0.148842,0.487435,1,,UNDER,1,0.300,OVER
2250162,2026-04-08,SD@PIT,120038,K_PROP,home,Mitch Keller,,3.15,0.2101,UNDER,4.5,,UNDER,4,1,-0.85,0.85,0.044142,0.235849,1,,UNDER,1,0.850,UNDER
2250162,2026-04-08,SD@PIT,120039,K_PROP,away,Michael King,,4.54,0.3038,UNDER,5.5,,UNDER,4,1,0.54,0.54,0.092294,0.362118,1,,UNDER,1,-0.540,UNDER
2250163,2026-04-08,KC@CLE,120040,K_PROP,away,Seth Lugo,,3.32,0.2402,UNDER,4.5,,UNDER,2,1,1.32,1.32,0.057696,0.274700,1,,UNDER,0,-5.990,UNDER
2250164,2026-04-08,MIL@BOS,120041,K_PROP,home,Sonny Gray,,6.71,0.5061,OVER,6.5,,UNDER,2,0,4.71,4.71,0.256137,0.705422,1,,UNDER,0,-4.710,UNDER
2250169,2026-04-08,PHI@SF,120042,K_PROP,away,Aaron Nola,,5.02,0.3879,UNDER,5.5,,UNDER,3,1,2.02,2.02,0.150466,0.490860,1,,UNDER,1,-2.020,UNDER
2250169,2026-04-08,PHI@SF,120043,K_PROP,home,Tyler Mahle,,3.18,0.2154,UNDER,4.5,,OVER,6,0,-2.82,2.82,0.615597,1.535259,1,,OVER,0,2.820,UNDER
2250170,2026-04-08,STL@WSH,120044,K_PROP,away,Michael McGreevy,,2.6,0.2642,UNDER,3.5,,UNDER,1,1,1.60,1.60,0.069802,0.306797,1,,UNDER,1,-1.600,UNDER
2250170,2026-04-08,STL@WSH,120045,K_PROP,home,Miles Mikolas,,2.35,0.2112,UNDER,3.5,,UNDER,3,1,-0.65,0.65,0.044605,0.237242,1,,UNDER,1,0.650,UNDER
2252454,2026-04-08,ARI@NYM,120046,K_PROP,away,Eduardo Rodriguez,,3.48,0.2712,UNDER,4.5,,OVER,5,0,-1.52,1.52,0.531149,1.304899,1,,OVER,0,1.430,UNDER
2250175,2026-04-08,DET@MIN,120047,K_PROP,away,Jack Flaherty,,5.04,0.3903,UNDER,5.5,,UNDER,2,1,3.04,3.04,0.152334,0.494788,1,,UNDER,0,-3.760,UNDER
2250175,2026-04-08,DET@MIN,120048,K_PROP,home,Mick Abel,,3.81,0.3334,UNDER,4.5,,UNDER,2,1,1.81,1.81,0.111156,0.405565,1,,UNDER,1,-1.480,UNDER
2250163,2026-04-08,KC@CLE,150001,K_PROP,home,Joey Cantillo,,4.73,0.3373,UNDER,5.5,,OVER,9,0,-4.27,4.27,0.439171,1.086783,1,,OVER,0,4.270,UNDER
2250164,2026-04-08,MIL@BOS,150002,K_PROP,away,Shane Drohan,,3.76,0.3250,UNDER,4.5,,UNDER,2,1,1.76,1.76,0.105625,0.393043,1,,UNDER,1,-1.760,UNDER
2250168,2026-04-08,HOU@COL,150003,K_PROP,home,Michael Lorenzen,,2.62,0.2688,UNDER,3.5,,OVER,4,0,-1.38,1.38,0.534653,1.313788,1,,OVER,0,1.380,UNDER
2250168,2026-04-08,HOU@COL,150004,K_PROP,away,Cristian Javier,,3.52,0.2778,UNDER,4.5,,UNDER,1,1,2.52,2.52,0.077173,0.325453,1,,UNDER,1,-2.520,UNDER
2250171,2026-04-08,ATL@LAA,150005,K_PROP,away,Grant Holmes,,6.61,0.4910,UNDER,6.5,,UNDER,6,1,0.61,0.61,0.241081,0.675307,1,,UNDER,0,-0.610,PASS
2250171,2026-04-08,ATL@LAA,150006,K_PROP,home,Reid Detmers,,4.52,0.3012,UNDER,5.5,,UNDER,4,1,0.52,0.52,0.090721,0.358391,1,,UNDER,1,-0.520,UNDER
2252454,2026-04-08,ARI@NYM,150007,K_PROP,home,Nolan McLean,,6.35,0.6085,OVER,5.5,,OVER,6,1,0.35,0.35,0.153272,0.496758,1,,OVER,0,2.480,PASS
2250172,2026-04-08,CHC@TB,150008,K_PROP,away,Colin Rea,,2.73,0.2926,UNDER,3.5,,UNDER,2,1,0.73,0.73,0.085615,0.346159,1,,UNDER,1,-0.730,UNDER
2250173,2026-04-08,CIN@MIA,150009,K_PROP,away,Rhett Lowder,,3.28,0.2342,UNDER,4.5,,UNDER,3,1,0.28,0.28,0.054850,0.266834,1,,UNDER,1,-0.170,UNDER
2250173,2026-04-08,CIN@MIA,150010,K_PROP,home,Max Meyer,,5.53,0.4759,UNDER,5.5,,OVER,6,0,-0.47,0.47,0.274681,0.742548,1,,UNDER,1,0.370,OVER
2250172,2026-04-08,CHC@TB,150011,K_PROP,home,Joe Boyle,,3.9,0.1989,UNDER,5.5,,UNDER,3,1,0.90,0.90,0.039561,0.221769,1,,UNDER,1,-0.900,OVER
2250176,2026-04-09,CIN@MIA,180001,K_PROP,away,Chase Burns,,7.66,0.4986,UNDER,7.5,,UNDER,2,1,5.66,5.66,0.248602,0.690351,1,,UNDER,1,-0.550,OVER
2250176,2026-04-09,CIN@MIA,180002,K_PROP,home,Chris Paddack,,2.63,0.2704,UNDER,3.5,,OVER,4,0,-1.37,1.37,0.532316,1.307853,1,,UNDER,0,-1.530,UNDER
2250177,2026-04-09,ATH@NYY,180003,K_PROP,away,J.T. Ginn,,3.58,0.4796,UNDER,3.5,,OVER,6,0,-2.42,2.42,0.270816,0.734803,1,,OVER,0,2.460,UNDER
2250177,2026-04-09,ATH@NYY,180004,K_PROP,home,Luis Gil,,2.62,0.1257,UNDER,4.5,,OVER,7,0,-4.38,4.38,0.764400,2.073857,1,,OVER,0,1.990,UNDER
2250178,2026-04-09,DET@MIN,180005,K_PROP,away,Keider Montero,,2.65,0.2750,UNDER,3.5,,OVER,6,0,-3.35,3.35,0.525625,1.290984,1,,OVER,0,0.960,UNDER
2250178,2026-04-09,DET@MIN,180006,K_PROP,home,Simeon Woods Richardson,,2.73,0.2925,UNDER,3.5,,OVER,6,0,-3.27,3.27,0.500556,1.229291,1,,OVER,0,2.190,UNDER
2252459,2026-04-09,ARI@NYM,180007,K_PROP,away,Michael Soroka,,3.44,0.2629,UNDER,4.5,,UNDER,3,1,0.44,0.44,0.069116,0.305032,1,,UNDER,1,-0.440,UNDER
2252459,2026-04-09,ARI@NYM,180008,K_PROP,home,Clay Holmes,,3.58,0.2902,UNDER,4.5,,OVER,8,0,-4.42,4.42,0.503816,1.237185,1,,OVER,0,4.420,UNDER
2250179,2026-04-09,CWS@KC,180009,K_PROP,away,Davis Martin,,2.2,0.1799,UNDER,3.5,,OVER,6,0,-3.80,3.80,0.672564,1.715354,1,,OVER,0,3.550,UNDER
2250179,2026-04-09,CWS@KC,180010,K_PROP,home,Kris Bubic,,5.17,0.4144,UNDER,5.5,,UNDER,4,1,1.17,1.17,0.171727,0.535118,1,,UNDER,1,0.590,UNDER
2250180,2026-04-09,COL@SD,180011,K_PROP,home,Walker Buehler,,3.43,0.2621,UNDER,4.5,,OVER,8,0,-4.57,4.57,0.544496,1.339029,1,,OVER,0,4.570,UNDER
2250180,2026-04-09,COL@SD,210001,K_PROP,away,Tomoyuki Sugano,,2.17,0.1752,UNDER,3.5,,UNDER,0,1,2.17,2.17,0.030695,0.192614,1,,UNDER,1,-2.170,UNDER
2250181,2026-04-10,PIT@CHC,240001,K_PROP,home,Edward Cabrera,,6.23,0.4305,UNDER,6.5,,OVER,9,0,-2.77,2.77,0.324330,0.842808,1,,OVER,0,4.260,UNDER
2252463,2026-04-10,ARI@PHI,240002,K_PROP,away,Brandon Pfaadt,,3.51,0.2760,UNDER,4.5,,OVER,10,0,-6.49,6.49,0.524176,1.287354,1,,OVER,0,5.910,UNDER
2250182,2026-04-10,MIA@DET,240003,K_PROP,home,Casey Mize,,3.39,0.2541,UNDER,4.5,,OVER,7,0,-3.61,3.61,0.556367,1.370027,1,,OVER,0,4.650,UNDER
2250182,2026-04-10,MIA@DET,240004,K_PROP,away,Janson Junk,,4.07,0.3842,UNDER,4.5,,UNDER,4,1,0.07,0.07,0.147610,0.484833,1,,OVER,0,1.260,UNDER
2252463,2026-04-10,ARI@PHI,240005,K_PROP,home,Jesus Luzardo,,4.93,0.3724,UNDER,5.5,,OVER,8,0,-3.07,3.07,0.393882,0.987787,1,,OVER,0,3.070,OVER
2250183,2026-04-10,LAA@CIN,240006,K_PROP,home,Chase Burns,,10.51,0.8224,OVER,7.5,,UNDER,2,0,8.51,8.51,0.676342,1.728221,1,,UNDER,0,-8.510,OVER
2250183,2026-04-10,LAA@CIN,240007,K_PROP,away,Jack Kochanowicz,,2.38,0.2177,UNDER,3.5,,UNDER,2,1,0.38,0.38,0.047393,0.245517,1,,UNDER,1,-0.380,UNDER
2250184,2026-04-10,MIN@TOR,240008,K_PROP,away,Joe Ryan,,4.27,0.2579,UNDER,5.5,,UNDER,2,1,2.27,2.27,0.066512,0.298271,1,,UNDER,1,-0.130,UNDER
2250184,2026-04-10,MIN@TOR,240009,K_PROP,home,Eric Lauer,,3.79,0.3300,UNDER,4.5,,UNDER,3,1,0.79,0.79,0.108900,0.400478,1,,UNDER,1,-0.740,UNDER
2250185,2026-04-10,ATH@NYM,240010,K_PROP,away,Jacob Lopez,,3.74,0.3200,UNDER,4.5,,UNDER,4,1,-0.26,0.26,0.102400,0.385662,1,,OVER,0,0.800,UNDER
2250185,2026-04-10,ATH@NYM,240011,K_PROP,home,Kodai Senga,,4.99,0.2364,UNDER,6.5,,UNDER,3,1,1.99,1.99,0.055885,0.269711,1,,UNDER,1,-0.540,UNDER
2250186,2026-04-10,NYY@TB,240012,K_PROP,away,Max Fried,,5.87,0.5330,OVER,5.5,,UNDER,2,0,3.87,3.87,0.284089,0.761426,1,,UNDER,1,-0.640,PASS
2250188,2026-04-10,CLE@ATL,240013,K_PROP,home,Bryce Elder,,3.72,0.3158,UNDER,4.5,,UNDER,3,1,0.72,0.72,0.099730,0.379505,1,,UNDER,1,-0.720,UNDER
2250187,2026-04-10,SF@BAL,240014,K_PROP,home,Chris Bassitt,,3.97,0.3657,UNDER,4.5,,UNDER,4,1,-0.03,0.03,0.133736,0.455233,1,,UNDER,1,-0.800,UNDER
2250188,2026-04-10,CLE@ATL,240015,K_PROP,away,Slade Cecconi,,3.71,0.3149,UNDER,4.5,,UNDER,3,1,0.71,0.71,0.099162,0.378190,1,,UNDER,1,-0.710,UNDER
2250187,2026-04-10,SF@BAL,240016,K_PROP,away,Logan Webb,,6.79,0.6718,OVER,5.5,,UNDER,4,0,2.79,2.79,0.451315,1.114132,1,,UNDER,1,-0.850,OVER
2250189,2026-04-10,CWS@KC,240017,K_PROP,away,Davis Martin,,2.2,0.1799,UNDER,3.5,,UNDER,3,1,-0.80,0.80,0.032364,0.198329,1,,UNDER,1,0.800,UNDER
2250189,2026-04-10,CWS@KC,240018,K_PROP,home,Kris Bubic,,5.17,0.4144,UNDER,5.5,,OVER,11,0,-5.83,5.83,0.342927,0.880924,1,,OVER,0,5.830,PASS
2250190,2026-04-10,WSH@MIL,240019,K_PROP,home,Kyle Harrison,,5.21,0.4216,UNDER,5.5,,UNDER,4,1,1.21,1.21,0.177747,0.547490,1,,UNDER,1,-1.210,UNDER
2250190,2026-04-10,WSH@MIL,240020,K_PROP,away,Jake Irvin,,2.96,0.1776,UNDER,4.5,,OVER,5,0,-2.04,2.04,0.676342,1.728221,1,,OVER,0,2.040,UNDER
2250191,2026-04-10,BOS@STL,240021,K_PROP,away,Ranger Suarez,,4.21,0.4115,UNDER,4.5,,OVER,5,0,-0.79,0.79,0.346332,0.887946,1,,UNDER,0,-1.340,PASS
2250191,2026-04-10,BOS@STL,240022,K_PROP,home,Dustin May,,3.41,0.2569,UNDER,4.5,,UNDER,4,1,-0.59,0.59,0.065998,0.296925,1,,UNDER,1,0.590,UNDER
2250192,2026-04-10,COL@SD,240023,K_PROP,away,Tomoyuki Sugano,,2.17,0.1752,UNDER,3.5,,UNDER,3,1,-0.83,0.83,0.030695,0.192614,1,,UNDER,1,0.830,UNDER
2250192,2026-04-10,COL@SD,240024,K_PROP,home,Walker Buehler,,3.43,0.2621,UNDER,4.5,,UNDER,4,1,-0.57,0.57,0.068696,0.303947,1,,UNDER,1,0.570,UNDER
2250193,2026-04-10,HOU@SEA,240025,K_PROP,home,Emerson Hancock,,3.1,0.2010,UNDER,4.5,,OVER,5,0,-1.90,1.90,0.638401,1.604450,1,,OVER,0,1.900,UNDER
2250194,2026-04-10,TEX@LAD,240026,K_PROP,home,Emmet Sheehan,,5.23,0.4240,UNDER,5.5,,OVER,7,0,-1.77,1.77,0.331776,0.858022,1,,OVER,0,1.770,UNDER
2250194,2026-04-10,TEX@LAD,240027,K_PROP,away,Jack Leiter,,4.06,0.2240,UNDER,5.5,,UNDER,5,1,-0.94,0.94,0.050176,0.253603,1,,UNDER,1,0.940,UNDER
2250181,2026-04-10,PIT@CHC,270001,K_PROP,away,Carmen Mlodzinski,,3.88,0.3479,UNDER,4.5,,UNDER,2,1,1.88,1.88,0.121034,0.427557,1,,UNDER,1,-1.880,UNDER
2250186,2026-04-10,NYY@TB,270002,K_PROP,home,Nick Martinez,,3.57,0.2869,UNDER,4.5,,OVER,7,0,-3.43,3.43,0.508512,1.248622,1,,OVER,0,2.580,UNDER
2250193,2026-04-10,HOU@SEA,270003,K_PROP,away,Tatsuya Imai,,4.65,0.3233,UNDER,5.5,,UNDER,0,1,4.65,4.65,0.104523,0.390527,1,,UNDER,1,-4.650,UNDER
2252477,2026-04-11,ARI@PHI,300001,K_PROP,away,Brandon Pfaadt,,3.51,0.2760,UNDER,4.5,,OVER,6,0,-2.49,2.49,0.524176,1.287354,1,,OVER,0,2.490,UNDER
2252477,2026-04-11,ARI@PHI,300002,K_PROP,home,Taijuan Walker,,2.5,0.2427,UNDER,3.5,,OVER,6,0,-3.50,3.50,0.573503,1.415929,1,,OVER,0,3.500,OVER
2250195,2026-04-11,MIA@DET,300003,K_PROP,home,Casey Mize,,3.39,0.2541,UNDER,4.5,,OVER,5,0,-1.61,1.61,0.556367,1.370027,1,,OVER,0,1.610,UNDER
2250195,2026-04-11,MIA@DET,300004,K_PROP,away,Janson Junk,,3.16,0.3892,UNDER,3.5,,OVER,4,0,-0.84,0.84,0.373077,0.943662,1,,OVER,0,0.840,PASS
2250196,2026-04-11,PIT@CHC,300005,K_PROP,home,Edward Cabrera,,6.23,0.4305,UNDER,6.5,,UNDER,4,1,2.23,2.23,0.185330,0.562996,1,,UNDER,1,-2.230,UNDER
2250196,2026-04-11,PIT@CHC,300006,K_PROP,away,Braxton Ashcraft,,3.94,0.3599,UNDER,4.5,,OVER,9,0,-5.06,5.06,0.409728,1.021929,1,,OVER,0,5.060,UNDER
2250197,2026-04-11,MIN@TOR,300007,K_PROP,away,Joe Ryan,,4.27,0.2579,UNDER,5.5,,UNDER,5,1,-0.73,0.73,0.066512,0.298271,1,,UNDER,1,0.730,UNDER
2250197,2026-04-11,MIN@TOR,300008,K_PROP,home,Eric Lauer,,3.79,0.3300,UNDER,4.5,,UNDER,3,1,0.79,0.79,0.108900,0.400478,1,,UNDER,1,-0.790,UNDER
2250199,2026-04-11,ATH@NYM,300009,K_PROP,away,Jacob Lopez,,4.57,0.3087,UNDER,5.5,,UNDER,5,1,-0.43,0.43,0.095296,0.369181,1,,UNDER,1,0.430,UNDER
2250198,2026-04-11,LAA@CIN,300010,K_PROP,home,Brandon Williamson,,4.5,0.4688,UNDER,4.5,,UNDER,3,1,1.50,1.50,0.219773,0.632617,1,,UNDER,0,-1.500,UNDER
2250200,2026-04-11,CWS@KC,300011,K_PROP,away,Erick Fedde,,1.85,0.1171,UNDER,3.5,,OVER,4,0,-2.15,2.15,0.779512,2.144727,1,,OVER,0,2.150,UNDER
2250200,2026-04-11,CWS@KC,300012,K_PROP,home,Michael Wacha,,3.38,0.2524,UNDER,4.5,,OVER,7,0,-3.62,3.62,0.558906,1.376740,1,,OVER,0,3.620,UNDER
2250198,2026-04-11,LAA@CIN,300013,K_PROP,away,George Klassen,,3.87,0.3455,UNDER,4.5,,UNDER,2,1,1.87,1.87,0.119370,0.423884,1,,UNDER,1,-1.870,UNDER
2250199,2026-04-11,ATH@NYM,300014,K_PROP,home,Kodai Senga,,4.99,0.2364,UNDER,6.5,,UNDER,3,1,1.99,1.99,0.055885,0.269711,1,,UNDER,1,-1.990,UNDER
2250201,2026-04-11,NYY@TB,300015,K_PROP,away,Max Fried,,5.87,0.5330,OVER,5.5,,OVER,6,1,-0.13,0.13,0.218089,0.629234,1,,OVER,1,0.130,PASS
2250201,2026-04-11,NYY@TB,300016,K_PROP,home,Nick Martinez,,3.57,0.2869,UNDER,4.5,,UNDER,4,1,-0.43,0.43,0.082312,0.338134,1,,UNDER,1,0.430,UNDER
2250202,2026-04-11,WSH@MIL,300017,K_PROP,home,Kyle Harrison,,5.21,0.4216,UNDER,5.5,,UNDER,1,1,4.21,4.21,0.177747,0.547490,1,,UNDER,1,-4.210,UNDER
2250202,2026-04-11,WSH@MIL,300018,K_PROP,away,Foster Griffin,,3.47,0.2698,UNDER,4.5,,UNDER,1,1,2.47,2.47,0.072792,0.314437,1,,UNDER,1,-2.470,UNDER
2250205,2026-04-11,CLE@ATL,300019,K_PROP,home,Martin Perez,,2.56,0.2564,UNDER,3.5,,UNDER,2,1,0.56,0.56,0.065741,0.296252,1,,UNDER,1,-0.560,UNDER
2250203,2026-04-11,SF@BAL,300020,K_PROP,home,Chris Bassitt,,3.97,0.3657,UNDER,4.5,,UNDER,2,1,1.97,1.97,0.133736,0.455233,1,,UNDER,1,-1.970,PASS
2250204,2026-04-11,BOS@STL,300021,K_PROP,away,Ranger Suarez,,4.21,0.4115,UNDER,4.5,,OVER,6,0,-1.79,1.79,0.346332,0.887946,1,,OVER,0,1.790,UNDER
2250205,2026-04-11,CLE@ATL,300022,K_PROP,away,Parker Messick,,4.75,0.5153,OVER,4.5,,OVER,5,1,-0.25,0.25,0.234934,0.663006,1,,OVER,1,0.250,PASS
2250203,2026-04-11,SF@BAL,300023,K_PROP,away,Logan Webb,,8.03,0.6898,OVER,6.5,,UNDER,6,0,2.03,2.03,0.475824,1.170538,1,,UNDER,0,-2.030,OVER
2250204,2026-04-11,BOS@STL,300024,K_PROP,home,Kyle Leahy,,4.1,0.3914,UNDER,4.5,,UNDER,2,1,2.10,2.10,0.153194,0.496594,1,,UNDER,1,-2.100,UNDER
2250206,2026-04-11,COL@SD,300025,K_PROP,away,Ryan Feltner,,2.27,0.1937,UNDER,3.5,,OVER,4,0,-1.73,1.73,0.650120,1.641445,1,,OVER,0,1.730,UNDER
2250206,2026-04-11,COL@SD,300026,K_PROP,home,German Marquez,,2.98,0.1815,UNDER,4.5,,OVER,5,0,-2.02,2.02,0.669942,1.706500,1,,OVER,0,2.020,UNDER
2250207,2026-04-11,TEX@LAD,300027,K_PROP,home,Emmet Sheehan,,5.23,0.4240,UNDER,5.5,,OVER,6,0,-0.77,0.77,0.331776,0.858022,1,,OVER,0,0.770,UNDER
2250207,2026-04-11,TEX@LAD,300028,K_PROP,away,Jack Leiter,,4.06,0.2240,UNDER,5.5,,UNDER,4,1,0.06,0.06,0.050176,0.253603,1,,UNDER,1,-0.060,UNDER
2250208,2026-04-11,HOU@SEA,300029,K_PROP,away,Lance McCullers,,3.72,0.1732,UNDER,5.5,,UNDER,4,1,-0.28,0.28,0.029998,0.190192,1,,UNDER,1,0.280,UNDER
2250208,2026-04-11,HOU@SEA,300030,K_PROP,home,Luis Castillo,,4.26,0.2571,UNDER,5.5,,UNDER,3,1,1.26,1.26,0.066100,0.297194,1,,UNDER,1,-1.260,UNDER
2250223,2026-04-13,HOU@SEA,360001,K_PROP,away,Mike Burrows,,4.04,0.3793,UNDER,4.5,,UNDER,3,1,1.04,1.04,0.143868,0.476907,1,,UNDER,1,-1.040,UNDER
2250223,2026-04-13,HOU@SEA,360002,K_PROP,home,George Kirby,,5.37,0.4481,UNDER,5.5,,OVER,6,0,-0.63,0.63,0.304594,0.802739,1,,OVER,0,0.630,PASS
2252508,2026-04-13,ARI@BAL,360003,K_PROP,away,Ryne Nelson,,4.02,0.3747,UNDER,4.5,,OVER,7,0,-2.98,2.98,0.391000,0.981630,1,,OVER,0,2.980,PASS
2252508,2026-04-13,ARI@BAL,360004,K_PROP,home,Dean Kremer,,3.59,0.2909,UNDER,4.5,,OVER,9,0,-5.41,5.41,0.502823,1.234776,1,,OVER,0,5.410,OVER
2250225,2026-04-13,CHC@PHI,360005,K_PROP,away,Javier Assad,,2.34,0.2078,UNDER,3.5,,UNDER,3,1,-0.66,0.66,0.043181,0.232941,1,,UNDER,1,0.660,UNDER
2250225,2026-04-13,CHC@PHI,360006,K_PROP,home,Cristopher Sanchez,,7.17,0.5752,OVER,6.5,,OVER,8,1,-0.83,0.83,0.180455,0.553037,1,,OVER,1,0.830,PASS
2250224,2026-04-13,WSH@PIT,360007,K_PROP,home,Paul Skenes,,6.89,0.5333,OVER,6.5,,UNDER,6,0,0.89,0.89,0.284409,0.762069,1,,UNDER,0,-0.890,PASS
2250224,2026-04-13,WSH@PIT,360008,K_PROP,away,Cade Cavalli,,3.09,0.3728,UNDER,3.5,,UNDER,2,1,1.09,1.09,0.138980,0.466490,1,,UNDER,1,-1.090,UNDER
2250226,2026-04-13,LAA@NYY,360009,K_PROP,away,Yusei Kikuchi,,4.69,0.3296,UNDER,5.5,,UNDER,3,1,1.69,1.69,0.108636,0.399881,1,,UNDER,1,-1.690,UNDER
2250226,2026-04-13,LAA@NYY,360010,K_PROP,home,Will Warren,,5.78,0.5177,OVER,5.5,,OVER,6,1,-0.22,0.22,0.232613,0.658359,1,,OVER,1,0.220,OVER
2250227,2026-04-13,MIA@ATL,360011,K_PROP,home,Reynaldo Lopez,,3.28,0.2342,UNDER,4.5,,UNDER,3,1,0.28,0.28,0.054850,0.266834,1,,UNDER,1,-1.080,UNDER
2250227,2026-04-13,MIA@ATL,360012,K_PROP,away,Max Meyer,,4.33,0.4349,UNDER,4.5,,UNDER,2,1,2.33,2.33,0.189138,0.570753,1,,UNDER,1,-2.560,UNDER
2250228,2026-04-13,BOS@MIN,360013,K_PROP,away,Sonny Gray,,6.05,0.5629,OVER,5.5,,UNDER,0,0,6.05,6.05,0.316856,0.827593,1,,UNDER,0,-8.960,PASS
2250228,2026-04-13,BOS@MIN,360014,K_PROP,home,Mick Abel,,3.55,0.2849,UNDER,4.5,,OVER,7,0,-3.45,3.45,0.511368,1.255617,1,,OVER,0,3.750,UNDER
2250229,2026-04-13,CLE@STL,360015,K_PROP,away,Gavin Williams,,5.17,0.2631,UNDER,6.5,,UNDER,4,1,1.17,1.17,0.069222,0.305303,1,,UNDER,1,-1.170,UNDER
2250229,2026-04-13,CLE@STL,360016,K_PROP,home,Matthew Liberatore,,2.93,0.3362,UNDER,3.5,,UNDER,2,1,0.93,0.93,0.113030,0.409774,1,,UNDER,1,-0.930,UNDER
2250230,2026-04-13,TEX@ATH,360017,K_PROP,home,Jeffrey Springs,,3.41,0.2576,UNDER,4.5,,OVER,7,0,-3.59,3.59,0.551158,1.356347,1,,OVER,0,3.590,UNDER
2250230,2026-04-13,TEX@ATH,360018,K_PROP,away,MacKenzie Gore,,6.81,0.3730,UNDER,7,,PUSH,7,,-0.19,0.19,,,1,push,PUSH,,0.190,UNDER
2250231,2026-04-13,NYM@LAD,360019,K_PROP,home,Yoshinobu Yamamoto,,6.86,0.5294,OVER,6.5,,UNDER,2,0,4.86,4.86,0.280264,0.753747,1,,UNDER,0,-4.860,OVER
2250231,2026-04-13,NYM@LAD,360020,K_PROP,away,Nolan McLean,,6.28,0.5975,OVER,5.5,,OVER,7,1,-0.72,0.72,0.162006,0.515001,1,,OVER,1,0.720,OVER
2252517,2026-04-14,ARI@BAL,390001,K_PROP,away,Eduardo Rodriguez,,3.72,0.3175,UNDER,4.5,,UNDER,3,1,0.72,0.72,0.100806,0.381993,1,,UNDER,1,-1.270,UNDER
2252517,2026-04-14,ARI@BAL,390002,K_PROP,home,Kyle Bradish,,5.19,0.5929,OVER,4.5,,OVER,6,1,-0.81,0.81,0.165730,0.522730,1,,OVER,0,2.390,PASS
2250234,2026-04-14,SF@CIN,390003,K_PROP,home,Rhett Lowder,,2.9,0.3293,UNDER,3.5,,UNDER,1,1,1.90,1.90,0.108438,0.399433,1,,UNDER,1,-2.590,UNDER
2250232,2026-04-14,KC@DET,390004,K_PROP,home,Jack Flaherty,,3.5,0.2751,UNDER,4.5,,UNDER,1,1,2.50,2.50,0.075680,0.321722,1,,UNDER,1,-3.250,UNDER
2250232,2026-04-14,KC@DET,390005,K_PROP,away,Seth Lugo,,3.65,0.3025,UNDER,4.5,,UNDER,1,1,2.65,2.65,0.091506,0.360253,1,,UNDER,0,-6.560,UNDER
2250235,2026-04-14,CHC@PHI,390006,K_PROP,home,Jesus Luzardo,,6.46,0.4676,UNDER,6.5,,UNDER,5,1,1.46,1.46,0.218650,0.630360,1,,UNDER,1,0.400,OVER
2250233,2026-04-14,WSH@PIT,390007,K_PROP,home,Mitch Keller,,3.47,0.2682,UNDER,4.5,,UNDER,3,1,0.47,0.47,0.071931,0.312248,1,,UNDER,1,-0.470,UNDER
2250234,2026-04-14,SF@CIN,390008,K_PROP,away,Tyler Mahle,,3.58,0.2898,UNDER,4.5,,OVER,6,0,-2.42,2.42,0.504384,1.238564,1,,UNDER,1,0.770,UNDER
2250233,2026-04-14,WSH@PIT,390009,K_PROP,away,Miles Mikolas,,2.51,0.2451,UNDER,3.5,,UNDER,1,1,1.51,1.51,0.060074,0.281170,1,,UNDER,1,-1.510,UNDER
2250236,2026-04-14,LAA@NYY,390010,K_PROP,away,Reid Detmers,,5.7,0.3459,UNDER,6.5,,OVER,9,0,-3.30,3.30,0.427847,1.061606,1,,OVER,0,3.300,UNDER
2250236,2026-04-14,LAA@NYY,390011,K_PROP,home,Ryan Weathers,,5.48,0.4671,UNDER,5.5,,OVER,10,0,-4.52,4.52,0.283982,0.761212,1,,OVER,0,4.520,OVER
2250237,2026-04-14,MIA@ATL,390012,K_PROP,home,Reynaldo Lopez,,1.02,0.0300,UNDER,4.5,,OVER,6,0,-4.98,4.98,0.940900,3.506558,1,,OVER,0,4.980,UNDER
2250237,2026-04-14,MIA@ATL,390013,K_PROP,away,Max Meyer,,4.33,0.4349,UNDER,4.5,,OVER,5,0,-0.67,0.67,0.319338,0.832639,1,,OVER,0,0.670,UNDER
2250238,2026-04-14,BOS@MIN,390014,K_PROP,away,Connelly Early,,6.57,0.6409,OVER,5.5,,UNDER,1,0,5.57,5.57,0.410753,1.024154,1,,UNDER,0,-5.050,OVER
2250239,2026-04-14,TB@CWS,390015,K_PROP,home,Noah Schultz,,3.69,0.3111,UNDER,4.5,,UNDER,4,1,-0.31,0.31,0.096783,0.372659,1,,UNDER,1,0.310,UNDER
2250240,2026-04-14,TOR@MIL,390016,K_PROP,home,Jacob Misiorowski,,5.1,0.2530,UNDER,6.5,,UNDER,5,1,0.10,0.10,0.064009,0.291690,1,,UNDER,1,-0.100,UNDER
2250238,2026-04-14,BOS@MIN,390017,K_PROP,home,Simeon Woods Richardson,,3.28,0.2333,UNDER,4.5,,OVER,10,0,-6.72,6.72,0.587829,1.455430,1,,OVER,0,6.450,UNDER
2250239,2026-04-14,TB@CWS,390018,K_PROP,away,Shane McClanahan,,3.76,0.3250,UNDER,4.5,,UNDER,4,1,-0.24,0.24,0.105625,0.393043,1,,UNDER,1,0.240,UNDER
2250240,2026-04-14,TOR@MIL,390019,K_PROP,away,Kevin Gausman,,5.46,0.3084,UNDER,6.5,,UNDER,5,1,0.46,0.46,0.095111,0.368748,1,,UNDER,1,-0.460,UNDER
2250241,2026-04-14,CLE@STL,390020,K_PROP,away,Slade Cecconi,,3.57,0.2883,UNDER,4.5,,UNDER,4,1,-0.43,0.43,0.083117,0.340099,1,,UNDER,1,-1.070,UNDER
2250241,2026-04-14,CLE@STL,390021,K_PROP,home,Dustin May,,2.58,0.2594,UNDER,3.5,,UNDER,2,1,0.58,0.58,0.067288,0.300295,1,,UNDER,1,-0.700,UNDER
2250242,2026-04-14,COL@HOU,390022,K_PROP,away,Michael Lorenzen,,2.62,0.2688,UNDER,3.5,,UNDER,3,1,-0.38,0.38,0.072253,0.313068,1,,UNDER,1,0.380,UNDER
2250242,2026-04-14,COL@HOU,390023,K_PROP,home,Colton Gordon,,3.68,0.3094,UNDER,4.5,,OVER,5,0,-1.32,1.32,0.476928,1.173120,1,,OVER,0,1.320,UNDER
2250244,2026-04-14,TEX@ATH,390024,K_PROP,home,Jeffrey Springs,,4.17,0.2415,UNDER,5.5,,UNDER,5,1,-0.83,0.83,0.058322,0.276412,1,,UNDER,1,0.830,UNDER
2250243,2026-04-14,SEA@SD,390025,K_PROP,home,Michael King,,4.54,0.3037,UNDER,5.5,,UNDER,5,1,-0.46,0.46,0.092234,0.361975,1,,UNDER,1,0.460,OVER
2250243,2026-04-14,SEA@SD,390026,K_PROP,away,Bryan Woo,,4.81,0.3508,UNDER,5.5,,UNDER,3,1,1.81,1.81,0.123061,0.432014,1,,UNDER,1,-1.810,UNDER
2250244,2026-04-14,TEX@ATH,390027,K_PROP,away,MacKenzie Gore,,6.32,0.4455,UNDER,6.5,,UNDER,5,1,1.32,1.32,0.198470,0.589688,1,,UNDER,1,-1.320,UNDER
2250245,2026-04-14,NYM@LAD,390028,K_PROP,home,Yoshinobu Yamamoto,,6.86,0.5294,OVER,6.5,,OVER,7,1,-0.14,0.14,0.221464,0.636011,1,,OVER,1,0.140,PASS
2250245,2026-04-14,NYM@LAD,390029,K_PROP,away,Clay Holmes,,2.75,0.2979,UNDER,3.5,,OVER,8,0,-5.25,5.25,0.492944,1.210997,1,,OVER,0,5.250,UNDER
2250235,2026-04-14,CHC@PHI,420001,K_PROP,away,Shota Imanaga,,4.37,0.2747,UNDER,5.5,,UNDER,1,1,3.37,3.37,0.075460,0.321170,1,,UNDER,0,-1.160,UNDER
2252532,2026-04-15,ARI@BAL,450001,K_PROP,away,Eduardo Rodriguez,,4.55,0.3060,UNDER,5.5,,UNDER,3,1,1.55,1.55,0.093636,0.365283,1,,UNDER,1,-1.550,UNDER
2252532,2026-04-15,ARI@BAL,450002,K_PROP,home,Shane Baz,,4.79,0.3468,UNDER,5.5,,UNDER,4,1,0.79,0.79,0.120270,0.425872,1,,UNDER,0,-2.350,UNDER
2250246,2026-04-15,CLE@STL,450003,K_PROP,away,Parker Messick,,5.9,0.5376,OVER,5.5,,UNDER,4,0,1.90,1.90,0.289014,0.771325,1,,UNDER,1,0.430,UNDER
2250246,2026-04-15,CLE@STL,450004,K_PROP,home,Dustin May,,2.58,0.2594,UNDER,3.5,,OVER,4,0,-1.42,1.42,0.548488,1.349384,1,,OVER,0,1.420,UNDER
2250247,2026-04-15,BOS@MIN,450005,K_PROP,away,Connelly Early,,6.57,0.6409,OVER,5.5,,UNDER,5,0,1.57,1.57,0.410753,1.024154,1,,UNDER,0,-1.570,OVER
2250247,2026-04-15,BOS@MIN,450006,K_PROP,home,Simeon Woods Richardson,,3.28,0.2333,UNDER,4.5,,UNDER,3,1,0.28,0.28,0.054429,0.265660,1,,UNDER,1,-0.280,UNDER
2250251,2026-04-15,CHC@PHI,450007,K_PROP,away,Shota Imanaga,,4.37,0.2747,UNDER,5.5,,OVER,11,0,-6.63,6.63,0.526060,1.292076,1,,OVER,0,6.630,UNDER
2250250,2026-04-15,SF@CIN,450008,K_PROP,home,Chase Burns,,6.37,0.6117,OVER,5.5,,UNDER,4,0,2.37,2.37,0.374177,0.945977,1,,OVER,0,1.100,OVER
2250248,2026-04-15,KC@DET,450009,K_PROP,home,Keider Montero,,2.25,0.1912,UNDER,3.5,,OVER,7,0,-4.75,4.75,0.654157,1.654435,1,,OVER,0,3.500,UNDER
2250248,2026-04-15,KC@DET,450010,K_PROP,away,Kris Bubic,,5.16,0.4120,UNDER,5.5,,OVER,7,0,-1.84,1.84,0.345744,0.886732,1,,OVER,0,3.350,UNDER
2250251,2026-04-15,CHC@PHI,450011,K_PROP,home,Jesus Luzardo,,6.46,0.4676,UNDER,6.5,,UNDER,4,1,2.46,2.46,0.218650,0.630360,1,,UNDER,1,-2.460,OVER
2250250,2026-04-15,SF@CIN,450012,K_PROP,away,Landen Roupp,,4.72,0.3356,UNDER,5.5,,OVER,6,0,-1.28,1.28,0.441427,1.091835,1,,OVER,0,2.420,PASS
2250249,2026-04-15,WSH@PIT,450013,K_PROP,away,Jake Irvin,,2.52,0.2467,UNDER,3.5,,OVER,5,0,-2.48,2.48,0.567461,1.399582,1,,OVER,0,2.480,UNDER
2250252,2026-04-15,LAA@NYY,450014,K_PROP,away,Jack Kochanowicz,,2.43,0.2278,UNDER,3.5,,OVER,6,0,-3.57,3.57,0.596293,1.479287,1,,OVER,0,3.570,UNDER
2250252,2026-04-15,LAA@NYY,450015,K_PROP,home,Max Fried,,7.66,0.6432,OVER,6.5,,UNDER,5,0,2.66,2.66,0.413706,1.030580,1,,OVER,0,1.780,OVER
2250253,2026-04-15,MIA@ATL,450016,K_PROP,home,Bryce Elder,,3.33,0.2428,UNDER,4.5,,OVER,7,0,-3.67,3.67,0.573352,1.415517,1,,OVER,0,3.670,UNDER
2250253,2026-04-15,MIA@ATL,450017,K_PROP,away,Chris Paddack,,2.52,0.2458,UNDER,3.5,,OVER,4,0,-1.48,1.48,0.568818,1.403237,1,,OVER,0,1.480,UNDER
2250254,2026-04-15,TB@CWS,450018,K_PROP,home,Sean Burke,,3.22,0.2225,UNDER,4.5,,UNDER,2,1,1.22,1.22,0.049506,0.251672,1,,UNDER,1,-1.220,UNDER
2250255,2026-04-15,TOR@MIL,450019,K_PROP,home,Brandon Sproat,,2.62,0.2673,UNDER,3.5,,UNDER,2,1,0.62,0.62,0.071449,0.311019,1,,UNDER,1,-1.240,OVER
2250254,2026-04-15,TB@CWS,450020,K_PROP,away,Jesse Scholtens,,2.93,0.3364,UNDER,3.5,,UNDER,1,1,1.93,1.93,0.113165,0.410076,1,,UNDER,1,-1.930,UNDER
2250255,2026-04-15,TOR@MIL,450021,K_PROP,away,Patrick Corbin,,3.15,0.2110,UNDER,4.5,,OVER,6,0,-2.85,2.85,0.622521,1.555897,1,,UNDER,1,0.210,UNDER
2250256,2026-04-15,COL@HOU,450022,K_PROP,away,Tomoyuki Sugano,,2.36,0.2134,UNDER,3.5,,UNDER,1,1,1.36,1.36,0.045540,0.240035,1,,UNDER,1,-0.680,UNDER
2250256,2026-04-15,COL@HOU,450023,K_PROP,home,Spencer Arrighetti,,4.77,0.2050,UNDER,6.5,,OVER,10,0,-5.23,5.23,0.632025,1.584745,1,,OVER,0,5.230,UNDER
2250258,2026-04-15,TEX@ATH,450024,K_PROP,home,Jacob Lopez,,4.68,0.3278,UNDER,5.5,,UNDER,3,1,1.68,1.68,0.107453,0.397199,1,,UNDER,1,-1.680,UNDER
2250257,2026-04-15,SEA@SD,450025,K_PROP,home,Walker Buehler,,2.38,0.2181,UNDER,3.5,,OVER,6,0,-3.62,3.62,0.611368,1.522802,1,,OVER,0,3.620,UNDER
2250257,2026-04-15,SEA@SD,450026,K_PROP,away,Luis Castillo,,3.21,0.2206,UNDER,4.5,,OVER,6,0,-2.79,2.79,0.607464,1.511404,1,,OVER,0,2.790,OVER
2250258,2026-04-15,TEX@ATH,450027,K_PROP,away,Jack Leiter,,4.06,0.2239,UNDER,5.5,,OVER,6,0,-1.94,1.94,0.602331,1.496556,1,,OVER,0,1.940,UNDER
2250259,2026-04-15,NYM@LAD,450028,K_PROP,home,Shohei Ohtani,,7.14,0.5702,OVER,6.5,,OVER,10,1,-2.86,2.86,0.184728,0.561768,1,,OVER,1,2.860,OVER
2250259,2026-04-15,NYM@LAD,450029,K_PROP,away,Clay Holmes,,2.75,0.2979,UNDER,3.5,,OVER,4,0,-1.25,1.25,0.492944,1.210997,1,,OVER,0,1.250,UNDER
2250260,2026-04-16,WSH@PIT,480001,K_PROP,home,Bubba Chandler,,4.51,0.4694,UNDER,4.5,,OVER,7,0,-2.49,2.49,0.281536,0.756300,1,,OVER,0,2.920,OVER
2250260,2026-04-16,WSH@PIT,480002,K_PROP,away,Zack Littell,,2.79,0.3059,UNDER,3.5,,OVER,7,0,-4.21,4.21,0.481775,1.184497,1,,OVER,0,3.190,UNDER
2250261,2026-04-16,SF@CIN,480003,K_PROP,home,Brandon Williamson,,2.9,0.3293,UNDER,3.5,,OVER,4,0,-1.10,1.10,0.449838,1.110786,1,,UNDER,0,-3.530,UNDER
2250261,2026-04-16,SF@CIN,480004,K_PROP,away,Logan Webb,,6.62,0.6482,OVER,5.5,,OVER,6,1,0.62,0.62,0.123763,0.433556,1,,OVER,0,1.280,OVER
2250262,2026-04-16,KC@DET,480005,K_PROP,home,Casey Mize,,3.98,0.2113,UNDER,5.5,,UNDER,5,1,-1.02,1.02,0.044648,0.237369,1,,OVER,0,2.750,UNDER
2250262,2026-04-16,KC@DET,480006,K_PROP,away,Michael Wacha,,4.15,0.2380,UNDER,5.5,,UNDER,3,1,1.15,1.15,0.056644,0.271809,1,,UNDER,1,-2.160,UNDER
2250263,2026-04-16,LAA@NYY,480007,K_PROP,home,Cam Schlittler,,5.99,0.5523,OVER,5.5,,UNDER,3,0,2.99,2.99,0.305035,0.803632,1,,UNDER,0,-4.660,UNDER
2250264,2026-04-16,TOR@MIL,480008,K_PROP,home,Brandon Sproat,,2.62,0.2673,UNDER,3.5,,OVER,6,0,-3.38,3.38,0.536849,1.319384,1,,OVER,0,3.380,OVER
2250264,2026-04-16,TOR@MIL,480009,K_PROP,away,Eric Lauer,,2.48,0.2390,UNDER,3.5,,OVER,6,0,-3.52,3.52,0.579121,1.431292,1,,OVER,0,2.850,UNDER
2250265,2026-04-16,TB@CWS,480010,K_PROP,home,Davis Martin,,3.31,0.2390,UNDER,4.5,,UNDER,0,1,3.31,3.31,0.057121,0.273122,1,,UNDER,1,-3.310,UNDER
2250265,2026-04-16,TB@CWS,480011,K_PROP,away,Nick Martinez,,3.4,0.2556,UNDER,4.5,,UNDER,4,1,-0.60,0.60,0.065331,0.295177,1,,UNDER,1,-0.140,UNDER
2250266,2026-04-16,TEX@ATH,480012,K_PROP,home,Aaron Civale,,2.71,0.1384,UNDER,4,,OVER,5,0,-2.29,2.29,0.742355,1.977607,1,,UNDER,1,0.320,UNDER
2250266,2026-04-16,TEX@ATH,480013,K_PROP,away,Jacob deGrom,,6.45,0.4660,UNDER,6.5,,UNDER,3,1,3.45,3.45,0.217156,0.627359,1,,UNDER,1,-1.060,UNDER
2250267,2026-04-16,BAL@CLE,480014,K_PROP,away,Chris Bassitt,,3.04,0.3618,UNDER,3.5,,OVER,6,0,-2.96,2.96,0.407299,1.016664,1,,OVER,0,2.960,UNDER
2250267,2026-04-16,BAL@CLE,480015,K_PROP,home,Tanner Bibee,,4.77,0.3436,UNDER,5.5,,OVER,9,0,-4.23,4.23,0.430861,1.068277,1,,OVER,0,4.230,UNDER
2250268,2026-04-16,COL@HOU,480016,K_PROP,home,Ryan Weiss,,4.26,0.4224,UNDER,4.5,,UNDER,3,1,1.26,1.26,0.178422,0.548874,1,,UNDER,1,-1.260,UNDER
2250269,2026-04-16,SEA@SD,480017,K_PROP,home,Matt Waldron,,2.96,0.3439,UNDER,3.5,,OVER,7,0,-4.04,4.04,0.430467,1.067404,1,,OVER,0,4.040,UNDER
2250269,2026-04-16,SEA@SD,480018,K_PROP,away,Logan Gilbert,,6.42,0.4604,UNDER,6.5,,UNDER,3,1,3.42,3.42,0.211968,0.616927,1,,UNDER,1,-3.420,OVER
2250268,2026-04-16,COL@HOU,480019,K_PROP,away,Tomoyuki Sugano,,2.36,0.2134,UNDER,3.5,,UNDER,2,1,0.36,0.36,0.045540,0.240035,1,,UNDER,1,-0.360,PASS
2250263,2026-04-16,LAA@NYY,480020,K_PROP,away,Jose Soriano,,5.59,0.4862,UNDER,5.5,,UNDER,2,1,3.59,3.59,0.236390,0.665921,1,,UNDER,0,-3.590,UNDER
2250270,2026-04-17,NYM@CHC,510001,K_PROP,home,Edward Cabrera,,4.88,0.3638,UNDER,5.5,,UNDER,4,1,0.88,0.88,0.132350,0.452242,1,,UNDER,1,-0.880,UNDER
2250270,2026-04-17,NYM@CHC,510002,K_PROP,away,Kodai Senga,,3.92,0.2031,UNDER,5.5,,UNDER,3,1,0.92,0.92,0.041250,0.227026,1,,UNDER,1,-0.920,OVER
2250271,2026-04-17,BAL@CLE,510003,K_PROP,away,Chris Bassitt,,3.04,0.3618,UNDER,3.5,,UNDER,2,1,1.04,1.04,0.130899,0.449104,1,,UNDER,1,-1.040,UNDER
2250271,2026-04-17,BAL@CLE,510004,K_PROP,home,Tanner Bibee,,4.77,0.3436,UNDER,5.5,,UNDER,5,1,-0.23,0.23,0.118061,0.420985,1,,UNDER,1,0.230,UNDER
2250272,2026-04-17,ATL@PHI,510005,K_PROP,home,Taijuan Walker,,2.5,0.2414,UNDER,3.5,,OVER,4,0,-1.50,1.50,0.575474,1.421300,1,,OVER,0,1.500,UNDER
2250274,2026-04-17,TB@PIT,510006,K_PROP,home,Bubba Chandler,,4.72,0.5097,OVER,4.5,,UNDER,3,0,1.72,1.72,0.259794,0.712738,1,,UNDER,0,-1.720,OVER
2250273,2026-04-17,SF@WSH,510007,K_PROP,away,Logan Webb,,6.03,0.5589,OVER,5.5,,OVER,6,1,0.03,0.03,0.194569,0.581785,1,,OVER,1,-0.030,OVER
2250274,2026-04-17,TB@PIT,510008,K_PROP,away,Nick Martinez,,3.44,0.2630,UNDER,4.5,,UNDER,3,1,0.44,0.44,0.069169,0.305167,1,,UNDER,1,-0.440,UNDER
2250273,2026-04-17,SF@WSH,510009,K_PROP,home,Zack Littell,,2.73,0.2921,UNDER,3.5,,OVER,4,0,-1.27,1.27,0.501122,1.230659,1,,OVER,0,1.270,UNDER
2250275,2026-04-17,KC@NYY,510010,K_PROP,away,Michael Wacha,,3.55,0.2835,UNDER,4.5,,OVER,6,0,-2.45,2.45,0.513372,1.260543,1,,OVER,0,2.450,UNDER
2250275,2026-04-17,KC@NYY,510011,K_PROP,home,Cam Schlittler,,4.95,0.2302,UNDER,6.5,,UNDER,6,1,-1.05,1.05,0.052992,0.261625,1,,UNDER,1,1.050,UNDER
2250276,2026-04-17,MIL@MIA,510012,K_PROP,home,Janson Junk,,2.73,0.2919,UNDER,3.5,,UNDER,3,1,-0.27,0.27,0.085206,0.345170,1,,UNDER,1,0.270,UNDER
2250276,2026-04-17,MIL@MIA,510013,K_PROP,away,Coleman Crow,,2.55,0.2538,UNDER,3.5,,OVER,4,0,-1.45,1.45,0.556814,1.371209,1,,OVER,0,1.450,UNDER
2250277,2026-04-17,DET@BOS,510014,K_PROP,home,Ranger Suarez,,4.24,0.4180,UNDER,4.5,,UNDER,4,1,0.24,0.24,0.174724,0.541285,1,,UNDER,1,-0.240,OVER
2250277,2026-04-17,DET@BOS,510015,K_PROP,away,Casey Mize,,4.75,0.3405,UNDER,5.5,,OVER,7,0,-2.25,2.25,0.434940,1.077340,1,,OVER,0,2.250,UNDER
2250279,2026-04-17,CIN@MIN,510016,K_PROP,away,Brandon Williamson,,2.88,0.3263,UNDER,3.5,,UNDER,2,1,0.88,0.88,0.106472,0.394970,1,,UNDER,1,-0.880,UNDER
2250279,2026-04-17,CIN@MIN,510017,K_PROP,home,Joe Ryan,,7.15,0.4231,UNDER,7.5,,UNDER,6,1,1.15,1.15,0.179014,0.550086,1,,UNDER,1,-1.150,PASS
2250278,2026-04-17,STL@HOU,510018,K_PROP,away,Kyle Leahy,,2.95,0.3419,UNDER,3.5,,OVER,6,0,-3.05,3.05,0.433096,1.073237,1,,OVER,0,3.050,UNDER
2250280,2026-04-17,LAD@COL,510019,K_PROP,home,Tomoyuki Sugano,,2.49,0.2402,UNDER,3.5,,UNDER,3,1,-0.51,0.51,0.057696,0.274700,1,,UNDER,1,0.510,UNDER
2250280,2026-04-17,LAD@COL,510020,K_PROP,away,Tyler Glasnow,,7.84,0.5245,OVER,7.5,,UNDER,7,0,0.84,0.84,0.275100,0.743388,1,,UNDER,0,-0.840,OVER
2250281,2026-04-17,SD@LAA,510021,K_PROP,home,Jose Soriano,,4.53,0.3022,UNDER,5.5,,OVER,8,0,-3.47,3.47,0.486925,1.196666,1,,OVER,0,3.470,UNDER
2250281,2026-04-17,SD@LAA,510022,K_PROP,away,Matt Waldron,,3.5,0.4642,UNDER,3.5,,OVER,4,0,-0.50,0.50,0.287082,0.767440,1,,OVER,1,0.500,OVER
2252570,2026-04-17,TOR@ARI,510023,K_PROP,home,Michael Soroka,,3.75,0.1773,UNDER,5.5,,UNDER,5,1,-1.25,1.25,0.031435,0.195164,1,,UNDER,1,1.250,UNDER
2250283,2026-04-17,CWS@ATH,510024,K_PROP,home,Aaron Civale,,3.26,0.2302,UNDER,4.5,,UNDER,4,1,-0.74,0.74,0.052992,0.261625,1,,UNDER,1,0.740,UNDER
2250283,2026-04-17,CWS@ATH,510025,K_PROP,away,Davis Martin,,3.29,0.2351,UNDER,4.5,,UNDER,4,1,-0.71,0.71,0.055272,0.268010,1,,UNDER,1,0.710,UNDER
2250282,2026-04-17,TEX@SEA,510026,K_PROP,home,Logan Gilbert,,7.05,0.5584,OVER,6.5,,OVER,7,1,0.05,0.05,0.195011,0.582680,1,,OVER,1,-0.050,UNDER
2250282,2026-04-17,TEX@SEA,510027,K_PROP,away,Jacob deGrom,,6.7,0.5043,OVER,6.5,,UNDER,3,0,3.70,3.70,0.254318,0.701784,1,,UNDER,0,-3.700,OVER
2252570,2026-04-17,TOR@ARI,510028,K_PROP,away,Eric Lauer,,2.46,0.2329,UNDER,3.5,,UNDER,0,1,2.46,2.46,0.054242,0.265138,1,,UNDER,1,-2.460,UNDER
2250301,2026-04-19,KC@NYY,510030,K_PROP,away,Cole Ragans,,8.09,0.6978,OVER,6.5,,UNDER,6,0,2.09,2.09,0.486925,1.196666,1,,UNDER,0,-2.090,OVER
2250301,2026-04-19,KC@NYY,510031,K_PROP,home,Ryan Weathers,,4.3,0.2632,UNDER,5.5,,OVER,8,0,-3.70,3.70,0.542874,1.334841,1,,OVER,0,3.700,UNDER
2250300,2026-04-19,TB@PIT,510032,K_PROP,home,Mitch Keller,,3.63,0.2996,UNDER,4.5,,OVER,5,0,-1.37,1.37,0.490560,1.205307,1,,OVER,0,1.370,UNDER
2250299,2026-04-19,SF@WSH,510033,K_PROP,away,Robbie Ray,,4.8,0.3496,UNDER,5.5,,OVER,7,0,-2.20,2.20,0.423020,1.050966,1,,OVER,0,2.200,PASS
2250300,2026-04-19,TB@PIT,510034,K_PROP,away,Shane McClanahan,,4.65,0.3235,UNDER,5.5,,UNDER,5,1,-0.35,0.35,0.104652,0.390823,1,,UNDER,1,0.350,UNDER
2250299,2026-04-19,SF@WSH,510035,K_PROP,home,Miles Mikolas,,2.46,0.2331,UNDER,3.5,,UNDER,0,1,2.46,2.46,0.054336,0.265399,1,,UNDER,1,-2.460,UNDER
2250302,2026-04-19,BAL@CLE,510036,K_PROP,away,Trevor Rogers,,4.46,0.4594,UNDER,4.5,,OVER,5,0,-0.54,0.54,0.292248,0.777834,1,,OVER,0,0.540,PASS
2250302,2026-04-19,BAL@CLE,510037,K_PROP,home,Joey Cantillo,,6.52,0.4759,UNDER,6.5,,UNDER,6,1,0.52,0.52,0.226481,0.646073,1,,UNDER,0,-0.520,OVER
2250303,2026-04-19,MIL@MIA,510038,K_PROP,home,Eury Perez,,4.28,0.2595,UNDER,5.5,,OVER,7,0,-2.72,2.72,0.548340,1.348999,1,,OVER,0,2.720,UNDER
2250303,2026-04-19,MIL@MIA,510039,K_PROP,away,Jacob Misiorowski,,5.32,0.2855,UNDER,6.5,,OVER,9,0,-3.68,3.68,0.510510,1.253513,1,,OVER,0,3.680,OVER
2250305,2026-04-19,CIN@MIN,510040,K_PROP,away,Brady Singer,,3.58,0.2889,UNDER,4.5,,UNDER,2,1,1.58,1.58,0.083463,0.340942,1,,UNDER,1,-1.580,UNDER
2250304,2026-04-19,STL@HOU,510041,K_PROP,home,Mike Burrows,,3.78,0.3290,UNDER,4.5,,OVER,7,0,-3.22,3.22,0.450241,1.111698,1,,OVER,0,3.220,UNDER
2250305,2026-04-19,CIN@MIN,510042,K_PROP,home,Bailey Ober,,3.34,0.2445,UNDER,4.5,,OVER,10,0,-6.66,6.66,0.570780,1.408540,1,,OVER,0,6.660,UNDER
2250304,2026-04-19,STL@HOU,510043,K_PROP,away,Matthew Liberatore,,3.45,0.2657,UNDER,4.5,,UNDER,4,1,-0.55,0.55,0.070596,0.308838,1,,UNDER,1,0.550,UNDER
2250306,2026-04-19,NYM@CHC,510044,K_PROP,home,Javier Assad,,2.4,0.2212,UNDER,3.5,,UNDER,3,1,-0.60,0.60,0.048929,0.250001,1,,UNDER,1,0.600,UNDER
2250306,2026-04-19,NYM@CHC,510045,K_PROP,away,Tobias Myers,,1.55,0.4574,UNDER,1.5,,OVER,2,0,-0.45,0.45,0.294415,0.782197,1,,OVER,1,0.450,UNDER
2250307,2026-04-19,LAD@COL,510047,K_PROP,home,Michael Lorenzen,,2.76,0.2999,UNDER,3.5,,UNDER,3,1,-0.24,0.24,0.089940,0.356532,1,,UNDER,1,0.240,UNDER
2250307,2026-04-19,LAD@COL,510048,K_PROP,away,Roki Sasaki,,3.16,0.2129,UNDER,4.5,,UNDER,2,1,1.16,1.16,0.045326,0.239400,1,,UNDER,1,-1.160,UNDER
2250308,2026-04-19,CWS@ATH,510049,K_PROP,home,Jeffrey Springs,,4.05,0.2221,UNDER,5.5,,OVER,7,0,-2.95,2.95,0.605128,1.504628,1,,OVER,0,2.950,OVER
2250308,2026-04-19,CWS@ATH,510050,K_PROP,away,Noah Schultz,,3.67,0.3065,UNDER,4.5,,OVER,6,0,-2.33,2.33,0.480942,1.182538,1,,OVER,0,2.330,UNDER
2250309,2026-04-19,SD@LAA,510051,K_PROP,home,Reid Detmers,,3.91,0.2011,UNDER,5.5,,OVER,8,0,-4.09,4.09,0.638241,1.603953,1,,OVER,0,4.090,OVER
2250309,2026-04-19,SD@LAA,510052,K_PROP,away,Michael King,,5.37,0.4489,UNDER,5.5,,OVER,6,0,-0.63,0.63,0.303711,0.800955,1,,OVER,0,0.630,UNDER
2252600,2026-04-19,TOR@ARI,510053,K_PROP,home,Ryne Nelson,,3.19,0.2175,UNDER,4.5,,UNDER,1,1,2.19,2.19,0.047306,0.245261,1,,UNDER,1,-2.190,UNDER
2250310,2026-04-19,TEX@SEA,510054,K_PROP,home,Bryan Woo,,6.25,0.4338,UNDER,6.5,,UNDER,6,1,0.25,0.25,0.188182,0.568808,1,,UNDER,1,-0.250,PASS
2250310,2026-04-19,TEX@SEA,510055,K_PROP,away,MacKenzie Gore,,6.43,0.4620,UNDER,6.5,,UNDER,5,1,1.43,1.43,0.213444,0.619897,1,,UNDER,1,-1.430,PASS
2252600,2026-04-19,TOR@ARI,510056,K_PROP,away,Kevin Gausman,,4.94,0.3730,UNDER,5.5,,UNDER,4,1,0.94,0.94,0.139129,0.466809,1,,UNDER,1,-0.940,OVER
2250298,2026-04-19,DET@BOS,510057,K_PROP,home,Garrett Crochet,,8.72,0.6420,OVER,7.5,,OVER,8,1,0.72,0.72,0.128164,0.443167,1,,OVER,1,-0.720,OVER
2250298,2026-04-19,DET@BOS,510058,K_PROP,away,Framber Valdez,,5.74,0.5113,OVER,5.5,,OVER,7,1,-1.26,1.26,0.238828,0.670799,1,,OVER,1,1.260,OVER
2250311,2026-04-19,ATL@PHI,510059,K_PROP,away,Grant Holmes,,4.26,0.2574,UNDER,5.5,,UNDER,4,1,0.26,0.26,0.066255,0.297598,1,,UNDER,1,-0.260,UNDER
2250311,2026-04-19,ATL@PHI,510060,K_PROP,home,Andrew Painter,,3.7,0.3131,UNDER,4.5,,UNDER,4,1,-0.30,0.30,0.098032,0.375567,1,,UNDER,1,0.300,UNDER
2250312,2026-04-20,DET@BOS,510061,K_PROP,home,Sonny Gray,,6.98,0.7652,OVER,5.5,,UNDER,2,0,4.98,4.98,0.585531,1.449021,1,,UNDER,0,-4.580,OVER
2250312,2026-04-20,DET@BOS,510062,K_PROP,away,Keider Montero,,5.3,0.5106,UNDER,3.5,,UNDER,3,1,2.30,2.30,0.260712,0.714575,1,,UNDER,1,-2.110,OVER
2250313,2026-04-20,HOU@CLE,510063,K_PROP,home,Slade Cecconi,,3.36,0.3008,UNDER,4.5,,,,,,,,,1,missing-actual(possible-scratch),,,,UNDER
2250313,2026-04-20,HOU@CLE,510064,K_PROP,away,Spencer Arrighetti,,3.03,0.2336,UNDER,4.5,,,,,,,,,1,missing-actual(possible-scratch),,,,UNDER
2250314,2026-04-20,CIN@TB,510065,K_PROP,away,Rhett Lowder,,2.92,0.3888,UNDER,3.5,,,,,,,,,1,missing-actual(possible-scratch),,,,UNDER
2250315,2026-04-20,STL@MIA,510066,K_PROP,home,Max Meyer,,4.7,0.3993,UNDER,5.5,,,,,,,,,1,missing-actual(possible-scratch),,,,UNDER
2250315,2026-04-20,STL@MIA,510067,K_PROP,away,Michael McGreevy,,2.25,0.2279,UNDER,3.5,,,,,,,,,1,missing-actual(possible-scratch),,,,UNDER
2250316,2026-04-20,ATL@WSH,510068,K_PROP,away,Bryce Elder,,3.65,0.3626,UNDER,4.5,,,,,,,,,1,missing-actual(possible-scratch),,,,UNDER
2250316,2026-04-20,ATL@WSH,510069,K_PROP,home,Jake Irvin,,2.68,0.3300,UNDER,3.5,,,,,,,,,1,missing-actual(possible-scratch),,,,UNDER
2250317,2026-04-20,BAL@KC,510070,K_PROP,away,Kyle Bradish,,7.38,0.8075,OVER,5.5,,,,,,,,,1,missing-actual(possible-scratch),,,,OVER
2250318,2026-04-20,PHI@CHC,510071,K_PROP,home,Colin Rea,,3.28,0.2833,UNDER,4.5,,,,,,,,,1,missing-actual(possible-scratch),,,,UNDER
2250317,2026-04-20,BAL@KC,510072,K_PROP,home,Seth Lugo,,3.5,0.1826,UNDER,5.5,,,,,,,,,1,missing-actual(possible-scratch),,,,UNDER
2250318,2026-04-20,PHI@CHC,510073,K_PROP,away,Aaron Nola,,4.44,0.3496,UNDER,5.5,,,,,,,,,1,missing-actual(possible-scratch),,,,UNDER
2250319,2026-04-20,LAD@COL,510074,K_PROP,home,Jose Quintana,,2.29,0.4500,UNDER,2.5,,,,,,,,,1,missing-actual(possible-scratch),,,,PASS
2250319,2026-04-20,LAD@COL,510075,K_PROP,away,Justin Wrobleski,,6.69,0.8478,OVER,4.5,,,,,,,,,1,missing-actual(possible-scratch),,,,OVER
2250320,2026-04-20,TOR@LAA,510076,K_PROP,home,Reid Detmers,,2.49,0.0565,UNDER,5.5,,,,,,,,,1,missing-actual(possible-scratch),,,,UNDER
2250320,2026-04-20,TOR@LAA,510077,K_PROP,away,Dylan Cease,,7.55,0.5713,OVER,7.5,,,,,,,,,1,missing-actual(possible-scratch),,,,UNDER
2250321,2026-04-20,ATH@SEA,510078,K_PROP,away,J.T. Ginn,,5.44,0.6994,OVER,4.5,,,,,,,,,1,missing-actual(possible-scratch),,,,OVER
2250321,2026-04-20,ATH@SEA,510079,K_PROP,home,Emerson Hancock,,2.69,0.0752,UNDER,5.5,,,,,,,,,1,missing-actual(possible-scratch),,,,UNDER
2250314,2026-04-20,CIN@TB,510080,K_PROP,home,Jesse Scholtens,,3.06,0.2398,UNDER,4.5,,,,,,,,,1,missing-actual(possible-scratch),,,,UNDER
2250336,2026-04-22,STL@MIA,540001,K_PROP,home,Janson Junk,,2.88,0.3784,UNDER,3.5,,UNDER,2,1,0.88,0.88,0.143187,0.475458,1,,UNDER,1,-0.880,PASS
2250336,2026-04-22,STL@MIA,540002,K_PROP,away,Kyle Leahy,,1.3,0.0544,UNDER,3.5,,UNDER,2,1,-0.70,0.70,0.002959,0.055936,1,,UNDER,1,0.700,UNDER
2250338,2026-04-22,CIN@TB,540003,K_PROP,away,Brandon Williamson,,2.92,0.3888,UNDER,3.5,,UNDER,3,1,-0.08,0.08,0.151165,0.492331,1,,UNDER,1,0.080,UNDER
2250337,2026-04-22,HOU@CLE,540004,K_PROP,home,Tanner Bibee,,3.49,0.3275,UNDER,4.5,,UNDER,3,1,0.49,0.49,0.107256,0.396753,1,,UNDER,1,-0.490,UNDER
2250337,2026-04-22,HOU@CLE,540005,K_PROP,away,Peter Lambert,,2.9,0.3834,UNDER,3.5,,OVER,8,0,-5.10,5.10,0.380196,0.958676,1,,OVER,0,5.100,UNDER
2250338,2026-04-22,CIN@TB,540006,K_PROP,home,Nick Martinez,,2.95,0.2182,UNDER,4.5,,OVER,6,0,-3.05,3.05,0.611211,1.522343,1,,OVER,0,3.050,UNDER
2250339,2026-04-22,BAL@KC,540007,K_PROP,away,Chris Bassitt,,3.71,0.5688,OVER,3.5,,UNDER,3,0,0.71,0.71,0.323533,0.841183,1,,UNDER,0,-0.710,OVER
2250339,2026-04-22,BAL@KC,540008,K_PROP,home,Michael Wacha,,3.02,0.1131,UNDER,5.5,,UNDER,5,1,-1.98,1.98,0.012792,0.120023,1,,UNDER,1,1.980,UNDER
2250340,2026-04-22,TOR@LAA,540009,K_PROP,home,Jose Soriano,,4,0.2685,UNDER,5.5,,,,,,,,,1,missing-actual(possible-scratch),,,,UNDER
2250340,2026-04-22,TOR@LAA,540010,K_PROP,away,Eric Lauer,,4.68,0.5707,OVER,4.5,,,,,,,,,1,missing-actual(possible-scratch),,,,PASS
2250341,2026-04-22,ATH@SEA,540011,K_PROP,away,Aaron Civale,,3.46,0.3206,UNDER,4.5,,,,,,,,,1,missing-actual(possible-scratch),,,,UNDER
2250341,2026-04-22,ATH@SEA,540012,K_PROP,home,Logan Gilbert,,7.28,0.6713,OVER,6.5,,,,,,,,,1,missing-actual(possible-scratch),,,,UNDER
2250342,2026-04-22,MIL@DET,540013,K_PROP,home,Tarik Skubal,,4.09,0.4549,UNDER,7.5,,,,,,,,,1,missing-actual(possible-scratch),,,,UNDER
2250342,2026-04-22,MIL@DET,540014,K_PROP,away,Brandon Sproat,,5.23,0.6674,OVER,4.5,,,,,,,,,1,missing-actual(possible-scratch),,,,OVER
2250343,2026-04-22,ATL@WSH,540015,K_PROP,away,Didier Fuentes,,2.67,0.1665,UNDER,4.5,,,,,,,,,1,missing-actual(possible-scratch),,,,UNDER
2250344,2026-04-22,NYY@BOS,540017,K_PROP,home,Ranger Suarez,,5.11,0.6482,OVER,4.5,,,,,,,,,1,missing-actual(possible-scratch),,,,OVER
2250344,2026-04-22,NYY@BOS,540018,K_PROP,away,Cam Schlittler,,5.25,0.5018,UNDER,6.5,,,,,,,,,1,missing-actual(possible-scratch),,,,UNDER
2250343,2026-04-22,ATL@WSH,540019,K_PROP,home,Cade Cavalli,,2.89,0.3821,UNDER,3.5,,,,,,,,,1,missing-actual(possible-scratch),,,,UNDER
2250345,2026-04-22,MIN@NYM,540020,K_PROP,home,Christian Scott,,3.13,0.2534,UNDER,4.5,,,,,,,,,1,missing-actual(possible-scratch),,,,UNDER
2250346,2026-04-22,PHI@CHC,540021,K_PROP,home,Edward Cabrera,,3.48,0.3259,UNDER,5.5,,,,,,,,,1,missing-actual(possible-scratch),,,,UNDER
2250347,2026-04-22,PIT@TEX,540022,K_PROP,away,Bubba Chandler,,4.87,0.4311,UNDER,4.5,,,,,,,,,1,missing-actual(possible-scratch),,,,OVER
2250347,2026-04-22,PIT@TEX,540023,K_PROP,home,Jacob deGrom,,3.89,0.2495,UNDER,6.5,,,,,,,,,1,missing-actual(possible-scratch),,,,UNDER
2250348,2026-04-22,SD@COL,540024,K_PROP,home,Ryan Feltner,,2.25,0.2294,UNDER,3.5,,,,,,,,,1,missing-actual(possible-scratch),,,,UNDER
2250348,2026-04-22,SD@COL,540025,K_PROP,away,Matt Waldron,,2.75,0.3466,UNDER,3.5,,,,,,,,,1,missing-actual(possible-scratch),,,,UNDER
2252640,2026-04-22,CWS@ARI,540026,K_PROP,home,Michael Soroka,,3.52,0.3339,UNDER,5.5,,,,,,,,,1,missing-actual(possible-scratch),,,,UNDER
2252640,2026-04-22,CWS@ARI,540027,K_PROP,away,Davis Martin,,2.93,0.3923,UNDER,3.5,,,,,,,,,1,missing-actual(possible-scratch),,,,OVER
2250349,2026-04-22,LAD@SF,540028,K_PROP,home,Logan Webb,,2.16,0.0888,UNDER,5.5,,,,,,,,,1,missing-actual(possible-scratch),,,,UNDER
2250350,2026-04-23,ATL@WSH,540032,K_PROP,away,Grant Holmes,,4.07,0.4500,UNDER,4.5,,,,,,,,,1,missing-actual(possible-scratch),,,,UNDER
2250350,2026-04-23,ATL@WSH,540033,K_PROP,home,Cade Cavalli,,3.55,0.5362,OVER,3.5,,,,,,,,,1,missing-actual(possible-scratch),,,,UNDER
2250351,2026-04-23,MIL@DET,540034,K_PROP,home,Tarik Skubal,,6.04,0.3330,UNDER,7.5,,,,,,,,,1,missing-actual(possible-scratch),,,,UNDER
2250351,2026-04-23,MIL@DET,540035,K_PROP,away,Brandon Sproat,,4.07,0.6409,OVER,3.5,,,,,,,,,1,missing-actual(possible-scratch),,,,OVER
2250352,2026-04-23,PHI@CHC,540036,K_PROP,home,Jameson Taillon,,2.76,0.1829,UNDER,4.5,,,,,,,,,1,missing-actual(possible-scratch),,,,UNDER
2250352,2026-04-23,PHI@CHC,540037,K_PROP,away,Andrew Painter,,2.7,0.1712,UNDER,4.5,,,,,,,,,1,missing-actual(possible-scratch),,,,UNDER
2250353,2026-04-23,SD@COL,540038,K_PROP,home,Ryan Feltner,,2.73,0.3417,UNDER,3.5,,,,,,,,,1,missing-actual(possible-scratch),,,,UNDER
2250353,2026-04-23,SD@COL,540039,K_PROP,away,Matt Waldron,,2.1,0.1953,UNDER,3.5,,,,,,,,,1,missing-actual(possible-scratch),,,,UNDER
2252646,2026-04-23,CWS@ARI,540040,K_PROP,home,Michael Soroka,,4.39,0.3411,UNDER,5.5,,,,,,,,,1,missing-actual(possible-scratch),,,,UNDER
2252646,2026-04-23,CWS@ARI,540041,K_PROP,away,Davis Martin,,2.77,0.3519,UNDER,3.5,,,,,,,,,1,missing-actual(possible-scratch),,,,UNDER
2250354,2026-04-23,LAD@SF,540042,K_PROP,away,Emmet Sheehan,,6.64,0.8438,OVER,4.5,,,,,,,,,1,missing-actual(possible-scratch),,,,OVER
2250354,2026-04-23,LAD@SF,540043,K_PROP,home,Logan Webb,,6.35,0.6824,OVER,5.5,,,,,,,,,1,missing-actual(possible-scratch),,,,UNDER
2250358,2026-04-24,DET@CIN,540050,K_PROP,home,Andrew Abbott,,3.64,0.3599,UNDER,4.5,,,,,,,,,1,missing-actual(possible-scratch),,,,UNDER
2250358,2026-04-24,DET@CIN,540051,K_PROP,away,Framber Valdez,,5.33,0.5162,UNDER,5.5,,,,,,,,,1,missing-actual(possible-scratch),,,,UNDER
2250359,2026-04-24,BOS@BAL,540052,K_PROP,home,Brandon Young,,3.07,0.4243,UNDER,3.5,,,,,,,,,1,missing-actual(possible-scratch),,,,UNDER
2250359,2026-04-24,BOS@BAL,540053,K_PROP,away,Brayan Bello,,3.04,0.2360,UNDER,4.5,,,,,,,,,1,missing-actual(possible-scratch),,,,UNDER
2250360,2026-04-24,CLE@TOR,540054,K_PROP,away,Gavin Williams,,3.97,0.2622,UNDER,5.5,,,,,,,,,1,missing-actual(possible-scratch),,,,UNDER
2250360,2026-04-24,CLE@TOR,540055,K_PROP,home,Max Scherzer,,3.82,0.5917,OVER,3.5,,,,,,,,,1,missing-actual(possible-scratch),,,,PASS
2250361,2026-04-24,COL@NYM,540056,K_PROP,away,Michael Lorenzen,,3.57,0.3456,UNDER,4.5,,,,,,,,,1,missing-actual(possible-scratch),,,,UNDER
2250362,2026-04-24,MIN@TB,540057,K_PROP,away,Taj Bradley,,3.89,0.2485,UNDER,5.5,,,,,,,,,1,missing-actual(possible-scratch),,,,UNDER
2250361,2026-04-24,COL@NYM,540058,K_PROP,home,Freddy Peralta,,6.66,0.5814,OVER,6.5,,,,,,,,,1,missing-actual(possible-scratch),,,,UNDER
2250362,2026-04-24,MIN@TB,540059,K_PROP,home,Drew Rasmussen,,3.75,0.3830,UNDER,4.5,,,,,,,,,1,missing-actual(possible-scratch),,,,UNDER
2250363,2026-04-24,PHI@ATL,540060,K_PROP,home,Grant Holmes,,3.97,0.4284,UNDER,4.5,,,,,,,,,1,missing-actual(possible-scratch),,,,UNDER
2250363,2026-04-24,PHI@ATL,540061,K_PROP,away,Andrew Painter,,2.93,0.3907,UNDER,3.5,,,,,,,,,1,missing-actual(possible-scratch),,,,UNDER
2250365,2026-04-24,WSH@CWS,540062,K_PROP,home,Bryan Hudson,,2.79,0.8034,OVER,1.5,,,,,,,,,1,missing-actual(possible-scratch),,,,OVER
2250364,2026-04-24,LAA@KC,540063,K_PROP,home,Noah Cameron,,4.48,0.5320,UNDER,4.5,,,,,,,,,1,missing-actual(possible-scratch),,,,PASS
2250364,2026-04-24,LAA@KC,540064,K_PROP,away,Yusei Kikuchi,,3.45,0.3193,UNDER,4.5,,,,,,,,,1,missing-actual(possible-scratch),,,,UNDER
2250366,2026-04-24,PIT@MIL,540065,K_PROP,home,Brandon Woodruff,,7.2,0.6615,OVER,6.5,,,,,,,,,1,missing-actual(possible-scratch),,,,PASS
2250366,2026-04-24,PIT@MIL,540066,K_PROP,away,Paul Skenes,,6.48,0.5531,OVER,6.5,,,,,,,,,1,missing-actual(possible-scratch),,,,UNDER
2250365,2026-04-24,WSH@CWS,540067,K_PROP,away,Miles Mikolas,,2.24,0.2259,UNDER,3.5,,,,,,,,,1,missing-actual(possible-scratch),,,,UNDER
2250367,2026-04-24,ATH@TEX,540068,K_PROP,away,Luis Severino,,2.77,0.1842,UNDER,4.5,,,,,,,,,1,missing-actual(possible-scratch),,,,UNDER
2250367,2026-04-24,ATH@TEX,540069,K_PROP,home,Nathan Eovaldi,,5.37,0.5241,UNDER,5.5,,,,,,,,,1,missing-actual(possible-scratch),,,,PASS
2250368,2026-04-24,NYY@HOU,540070,K_PROP,home,Lance McCullers,,3.85,0.2420,UNDER,5.5,,,,,,,,,1,missing-actual(possible-scratch),,,,UNDER
2250368,2026-04-24,NYY@HOU,540071,K_PROP,away,Will Warren,,4.15,0.4656,UNDER,4.5,,,,,,,,,1,missing-actual(possible-scratch),,,,PASS
2250369,2026-04-24,SEA@STL,540072,K_PROP,away,George Kirby,,6.2,0.6603,OVER,5.5,,,,,,,,,1,missing-actual(possible-scratch),,,,OVER
2250369,2026-04-24,SEA@STL,540073,K_PROP,home,Andre Pallante,,2.93,0.3918,UNDER,3.5,,,,,,,,,1,missing-actual(possible-scratch),,,,UNDER
2250370,2026-04-24,CHC@LAD,540074,K_PROP,away,Jameson Taillon,,2.95,0.2181,UNDER,4.5,,,,,,,,,1,missing-actual(possible-scratch),,,,UNDER
2250370,2026-04-24,CHC@LAD,540075,K_PROP,home,Emmet Sheehan,,6.08,0.7857,OVER,4.5,,,,,,,,,1,missing-actual(possible-scratch),,,,OVER
2250371,2026-04-24,MIA@SF,540076,K_PROP,away,Sandy Alcantara,,3.47,0.3233,UNDER,4.5,,,,,,,,,1,missing-actual(possible-scratch),,,,UNDER
2250371,2026-04-24,MIA@SF,540077,K_PROP,home,Adrian Houser,,2.78,0.3549,UNDER,3.5,,,,,,,,,1,missing-actual(possible-scratch),,,,UNDER
2250387,2026-04-26,PHI@ATL,570001,K_PROP,home,Chris Sale,,8.26,0.6687,OVER,7.5,,,,,,,,,1,missing-actual(possible-scratch),,,,PASS
2250386,2026-04-26,BOS@BAL,570002,K_PROP,home,Kyle Bradish,,8.81,0.8381,OVER,6.5,,,,,,,,,1,missing-actual(possible-scratch),,,,PASS
2250386,2026-04-26,BOS@BAL,570003,K_PROP,away,Ranger Suarez,,5.15,0.8067,OVER,3.5,,,,,,,,,1,missing-actual(possible-scratch),,,,OVER
2250387,2026-04-26,PHI@ATL,570004,K_PROP,away,Aaron Nola,,4.82,0.4221,UNDER,5.5,,,,,,,,,1,missing-actual(possible-scratch),,,,UNDER
2250388,2026-04-26,CLE@TOR,570005,K_PROP,away,Parker Messick,,4.57,0.5510,OVER,4.5,,,,,,,,,1,missing-actual(possible-scratch),,,,UNDER
2250388,2026-04-26,CLE@TOR,570006,K_PROP,home,Dylan Cease,,6.14,0.3491,UNDER,7.5,,,,,,,,,1,missing-actual(possible-scratch),,,,UNDER
2250389,2026-04-26,DET@CIN,570007,K_PROP,home,Rhett Lowder,,3.19,0.4527,UNDER,3.5,,,,,,,,,1,missing-actual(possible-scratch),,,,PASS
2250390,2026-04-26,COL@NYM,570008,K_PROP,away,Jose Quintana,,2.37,0.2571,UNDER,3.5,,,,,,,,,1,missing-actual(possible-scratch),,,,UNDER
2250389,2026-04-26,DET@CIN,570009,K_PROP,away,Keider Montero,,3.58,0.3470,UNDER,4.5,,,,,,,,,1,missing-actual(possible-scratch),,,,UNDER
2250391,2026-04-26,MIN@TB,570010,K_PROP,away,Connor Prielipp,,3.97,0.6215,OVER,4.5,,,,,,,,,1,missing-actual(possible-scratch),,,,OVER
2250390,2026-04-26,COL@NYM,570011,K_PROP,home,Kodai Senga,,4.46,0.3531,UNDER,5.5,,,,,,,,,1,missing-actual(possible-scratch),,,,UNDER
2250391,2026-04-26,MIN@TB,570012,K_PROP,home,Steven Matz,,2.93,0.2146,UNDER,4.5,,,,,,,,,1,missing-actual(possible-scratch),,,,UNDER
2250392,2026-04-26,WSH@CWS,570013,K_PROP,home,Bryan Hudson,,2.79,0.8034,OVER,1.5,,,,,,,,,1,missing-actual(possible-scratch),,,,OVER
2250393,2026-04-26,NYY@HOU,570014,K_PROP,home,Spencer Arrighetti,,3.26,0.1468,UNDER,5.5,,,,,,,,,1,missing-actual(possible-scratch),,,,UNDER
2250394,2026-04-26,PIT@MIL,570015,K_PROP,home,Kyle Harrison,,5.43,0.5349,UNDER,5.5,,,,,,,,,1,missing-actual(possible-scratch),,,,PASS
2250393,2026-04-26,NYY@HOU,570016,K_PROP,away,Max Fried,,1.84,0.0518,UNDER,5.5,,,,,,,,,1,missing-actual(possible-scratch),,,,UNDER
2250394,2026-04-26,PIT@MIL,570017,K_PROP,away,Carmen Mlodzinski,,3.77,0.3874,UNDER,4.5,,,,,,,,,1,missing-actual(possible-scratch),,,,UNDER
2250392,2026-04-26,WSH@CWS,570018,K_PROP,away,Foster Griffin,,2.98,0.2234,UNDER,4.5,,,,,,,,,1,missing-actual(possible-scratch),,,,UNDER
2250395,2026-04-26,SEA@STL,570019,K_PROP,away,Luis Castillo,,2.61,0.1568,UNDER,5.5,,,,,,,,,1,missing-actual(possible-scratch),,,,UNDER
2250395,2026-04-26,SEA@STL,570020,K_PROP,home,Dustin May,,2.6,0.3124,UNDER,4.5,,,,,,,,,1,missing-actual(possible-scratch),,,,UNDER
2250396,2026-04-26,ATH@TEX,570021,K_PROP,away,J.T. Ginn,,5.02,0.6329,OVER,4.5,,,,,,,,,1,missing-actual(possible-scratch),,,,OVER
2250396,2026-04-26,ATH@TEX,570022,K_PROP,home,Jack Leiter,,3.51,0.3317,UNDER,5.5,,,,,,,,,1,missing-actual(possible-scratch),,,,UNDER
2252691,2026-04-26,SD@ARI,570023,K_PROP,home,Ryne Nelson,,3.16,0.4457,UNDER,3.5,,,,,,,,,1,missing-actual(possible-scratch),,,,PASS
2250397,2026-04-26,MIA@SF,570024,K_PROP,away,Chris Paddack,,4.91,0.6128,OVER,4.5,,,,,,,,,1,missing-actual(possible-scratch),,,,UNDER
2252691,2026-04-26,SD@ARI,570025,K_PROP,away,Randy Vasquez,,3.87,0.6020,OVER,3.5,,,,,,,,,1,missing-actual(possible-scratch),,,,OVER
2250397,2026-04-26,MIA@SF,570026,K_PROP,home,Landen Roupp,,3.8,0.2322,UNDER,5.5,,,,,,,,,1,missing-actual(possible-scratch),,,,UNDER
2250398,2026-04-26,CHC@LAD,570027,K_PROP,away,Matthew Boyd,,3.06,0.1182,UNDER,5.5,,,,,,,,,1,missing-actual(possible-scratch),,,,PASS
2250398,2026-04-26,CHC@LAD,570028,K_PROP,home,Yoshinobu Yamamoto,,5.95,0.8500,OVER,6.5,,,,,,,,,1,missing-actual(possible-scratch),,,,OVER
2250399,2026-04-26,LAA@KC,570030,K_PROP,home,Seth Lugo,,3.97,0.2632,UNDER,5.5,,,,,,,,,1,missing-actual(possible-scratch),,,,UNDER
2250399,2026-04-26,LAA@KC,570031,K_PROP,away,Jack Kochanowicz,,2.49,0.0565,UNDER,3.5,,,,,,,,,1,missing-actual(possible-scratch),,,,UNDER
2250400,2026-04-27,TB@CLE,600001,K_PROP,home,Parker Messick,,5.8,0.7499,OVER,4.5,,,,,,,,,1,missing-actual(possible-scratch),,,,OVER
2250400,2026-04-27,TB@CLE,600002,K_PROP,away,Steven Matz,,4.54,0.5451,OVER,4.5,,,,,,,,,1,missing-actual(possible-scratch),,,,PASS
2250401,2026-04-27,STL@PIT,600003,K_PROP,home,Mason Montgomery,,2.82,0.8084,OVER,1.5,,,,,,,,,1,missing-actual(possible-scratch),,,,OVER
2250401,2026-04-27,STL@PIT,600004,K_PROP,away,Dustin May,,3.75,0.3831,UNDER,4.5,,,,,,,,,1,missing-actual(possible-scratch),,,,UNDER
2250402,2026-04-27,BOS@TOR,600005,K_PROP,away,Ranger Suarez,,4.03,0.6332,OVER,3.5,,,,,,,,,1,missing-actual(possible-scratch),,,,PASS
2250402,2026-04-27,BOS@TOR,600006,K_PROP,home,Dylan Cease,,6.31,0.3759,UNDER,7.5,,,,,,,,,1,missing-actual(possible-scratch),,,,UNDER
2250404,2026-04-27,LAA@CWS,600007,K_PROP,home,Anthony Kay,,3.56,0.5382,OVER,3.5,,,,,,,,,1,missing-actual(possible-scratch),,,,PASS
2250404,2026-04-27,LAA@CWS,600008,K_PROP,away,Jack Kochanowicz,,2.08,0.1906,UNDER,3.5,,,,,,,,,1,missing-actual(possible-scratch),,,,UNDER
2250403,2026-04-27,SEA@MIN,600009,K_PROP,home,Connor Prielipp,,3.01,0.2301,UNDER,4.5,,,,,,,,,1,missing-actual(possible-scratch),,,,UNDER
2250403,2026-04-27,SEA@MIN,600010,K_PROP,away,Luis Castillo,,3.95,0.4240,UNDER,4.5,,,,,,,,,1,missing-actual(possible-scratch),,,,UNDER
2250405,2026-04-27,NYY@TEX,600011,K_PROP,away,Max Fried,,5.3,0.5107,UNDER,5.5,,,,,,,,,1,missing-actual(possible-scratch),,,,PASS
2250405,2026-04-27,NYY@TEX,600012,K_PROP,home,Jack Leiter,,4.04,0.2752,UNDER,5.5,,,,,,,,,1,missing-actual(possible-scratch),,,,UNDER
2250406,2026-04-27,CHC@SD,600013,K_PROP,away,Matthew Boyd,,2.79,0.0861,UNDER,5.5,,,,,,,,,1,missing-actual(possible-scratch),,,,UNDER
2250406,2026-04-27,CHC@SD,600014,K_PROP,home,Randy Vasquez,,1.92,0.1566,UNDER,3.5,,,,,,,,,1,missing-actual(possible-scratch),,,,UNDER
2250407,2026-04-27,MIA@LAD,600015,K_PROP,home,Yoshinobu Yamamoto,,6.09,0.4879,UNDER,6.5,,,,,,,,,1,missing-actual(possible-scratch),,,,PASS
2250408,2026-04-28,TB@CLE,630001,K_PROP,home,Tanner Bibee,,3.7,0.3724,UNDER,4.5,,OVER,6,0,-2.30,2.30,0.393882,0.987787,1,,OVER,0,2.300,UNDER
2250408,2026-04-28,TB@CLE,630002,K_PROP,away,Nick Martinez,,2.79,0.3581,UNDER,3.5,,OVER,4,0,-1.21,1.21,0.412036,1.026943,1,,OVER,0,1.210,UNDER
2250409,2026-04-28,HOU@BAL,630003,K_PROP,home,Shane Baz,,4.6,0.5563,OVER,4.5,,OVER,6,1,-1.40,1.40,0.196870,0.586448,1,,OVER,1,1.400,UNDER
2250409,2026-04-28,HOU@BAL,630004,K_PROP,away,Kai-Wei Teng,,5.87,0.8500,OVER,2.5,,UNDER,2,0,3.87,3.87,0.722500,1.897120,1,,UNDER,0,-3.870,OVER
2250410,2026-04-28,COL@CIN,630005,K_PROP,home,Chase Burns,,10.98,0.8500,OVER,6.5,,OVER,9,1,1.98,1.98,0.022500,0.162519,1,,OVER,1,-1.980,PASS
2250410,2026-04-28,COL@CIN,630006,K_PROP,away,Kyle Freeland,,3.3,0.4779,UNDER,3.5,,OVER,4,0,-0.70,0.70,0.272588,0.738354,1,,OVER,0,0.700,PASS
2250412,2026-04-28,SF@PHI,630007,K_PROP,home,Jesus Luzardo,,6.87,0.6132,OVER,6.5,,OVER,8,1,-1.13,1.13,0.149614,0.489064,1,,OVER,1,1.130,PASS
2250411,2026-04-28,STL@PIT,630008,K_PROP,home,Braxton Ashcraft,,4.93,0.4430,UNDER,5.5,,OVER,7,0,-2.07,2.07,0.310249,0.814186,1,,OVER,0,2.070,UNDER
2250412,2026-04-28,SF@PHI,630009,K_PROP,away,Tyler Mahle,,2.89,0.2071,UNDER,4.5,,UNDER,3,1,-0.11,0.11,0.042890,0.232058,1,,UNDER,1,0.110,UNDER
2250411,2026-04-28,STL@PIT,630010,K_PROP,away,Kyle Leahy,,1.51,0.0830,UNDER,3.5,,OVER,7,0,-5.49,5.49,0.840889,2.488915,1,,OVER,0,5.490,UNDER
2250413,2026-04-28,BOS@TOR,630011,K_PROP,away,Payton Tolle,,4.34,0.5052,UNDER,4.5,,UNDER,4,1,0.34,0.34,0.255227,0.703602,1,,UNDER,1,-0.340,UNDER
2250413,2026-04-28,BOS@TOR,630012,K_PROP,home,Trey Yesavage,,6.28,0.6723,OVER,5.5,,UNDER,3,0,3.28,3.28,0.451987,1.115657,1,,UNDER,0,-3.280,OVER
2250414,2026-04-28,WSH@NYM,630013,K_PROP,home,Clay Holmes,,2.98,0.2231,UNDER,4.5,,OVER,6,0,-3.02,3.02,0.603574,1.500135,1,,OVER,0,3.020,UNDER
2250414,2026-04-28,WSH@NYM,630014,K_PROP,away,Zack Littell,,2.76,0.3494,UNDER,3.5,,UNDER,1,1,1.76,1.76,0.122080,0.429860,1,,UNDER,1,-1.760,UNDER
2250415,2026-04-28,DET@ATL,630015,K_PROP,home,Martin Perez,,2.64,0.3207,UNDER,3.5,,OVER,5,0,-2.36,2.36,0.461448,1.137249,1,,OVER,0,2.360,UNDER
2250415,2026-04-28,DET@ATL,630016,K_PROP,away,Casey Mize,,4.36,0.5093,UNDER,4.5,,UNDER,3,1,1.36,1.36,0.259386,0.711922,1,,UNDER,1,-1.360,UNDER
2252713,2026-04-28,ARI@MIL,630017,K_PROP,away,Merrill Kelly,,3.71,0.3743,UNDER,4.5,,UNDER,1,1,2.71,2.71,0.140100,0.468884,1,,UNDER,1,-2.710,UNDER
2250417,2026-04-28,LAA@CWS,630018,K_PROP,home,Davis Martin,,3.36,0.1611,UNDER,5.5,,OVER,7,0,-3.64,3.64,0.703753,1.825730,1,,OVER,0,3.640,PASS
2250417,2026-04-28,LAA@CWS,630019,K_PROP,away,Jose Soriano,,4.78,0.4146,UNDER,5.5,,OVER,6,0,-1.22,1.22,0.342693,0.880441,1,,OVER,0,1.220,UNDER
2252713,2026-04-28,ARI@MIL,630020,K_PROP,home,Chad Patrick,,4.82,0.5962,OVER,4.5,,OVER,5,1,-0.18,0.18,0.163054,0.517179,1,,OVER,1,0.180,UNDER
2250416,2026-04-28,SEA@MIN,630021,K_PROP,home,Joe Ryan,,5.62,0.5681,OVER,5.5,,OVER,6,1,-0.38,0.38,0.186538,0.565458,1,,OVER,1,0.380,UNDER
2250416,2026-04-28,SEA@MIN,630022,K_PROP,away,Logan Gilbert,,7.35,0.8049,OVER,5.5,,UNDER,4,0,3.35,3.35,0.647864,1.634243,1,,UNDER,0,-3.350,OVER
2250418,2026-04-28,NYY@TEX,630023,K_PROP,away,Cam Schlittler,,5.15,0.3254,UNDER,6.5,,,,,,,,,1,missing-actual(possible-scratch),,,,UNDER
2250418,2026-04-28,NYY@TEX,630024,K_PROP,home,Jacob deGrom,,5.96,0.4667,UNDER,6.5,,,,,,,,,1,missing-actual(possible-scratch),,,,PASS
2250419,2026-04-28,KC@ATH,630025,K_PROP,home,Aaron Civale,,2.86,0.3741,UNDER,3.5,,,,,,,,,1,missing-actual(possible-scratch),,,,UNDER
2250420,2026-04-28,CHC@SD,630026,K_PROP,away,Edward Cabrera,,4.72,0.5785,OVER,4.5,,,,,,,,,1,missing-actual(possible-scratch),,,,PASS
2250419,2026-04-28,KC@ATH,630027,K_PROP,away,Kris Bubic,,4.89,0.4359,UNDER,5.5,,,,,,,,,1,missing-actual(possible-scratch),,,,UNDER
2250420,2026-04-28,CHC@SD,630028,K_PROP,home,Walker Buehler,,2.2,0.2163,UNDER,3.5,,,,,,,,,1,missing-actual(possible-scratch),,,,UNDER
2250421,2026-04-28,MIA@LAD,630029,K_PROP,home,Yoshinobu Yamamoto,,6.09,0.4879,UNDER,6.5,,,,,,,,,1,missing-actual(possible-scratch),,,,UNDER
2250421,2026-04-28,MIA@LAD,630031,K_PROP,away,Chris Paddack,,2.46,0.1323,UNDER,4.5,,,,,,,,,1,missing-actual(possible-scratch),,,,UNDER
2250422,2026-04-29,TB@CLE,630033,K_PROP,home,Gavin Williams,,4.65,0.3895,UNDER,5.5,,OVER,9,0,-4.35,4.35,0.372710,0.942891,1,,OVER,0,4.350,UNDER
2250423,2026-04-29,LAA@CWS,630034,K_PROP,home,Erick Fedde,,2.52,0.2921,UNDER,3.5,,OVER,6,0,-3.48,3.48,0.501122,1.230659,1,,OVER,0,3.480,UNDER
2250423,2026-04-29,LAA@CWS,630035,K_PROP,away,Yusei Kikuchi,,3.73,0.2217,UNDER,5.5,,UNDER,1,1,2.73,2.73,0.049151,0.250643,1,,UNDER,1,-2.730,UNDER
2250422,2026-04-29,TB@CLE,630036,K_PROP,away,Drew Rasmussen,,3.71,0.3741,UNDER,4.5,,OVER,6,0,-2.29,2.29,0.391751,0.983232,1,,OVER,0,2.290,UNDER
2250424,2026-04-29,SEA@MIN,630037,K_PROP,home,Bailey Ober,,3.16,0.2601,UNDER,4.5,,OVER,7,0,-3.84,3.84,0.547452,1.346689,1,,OVER,0,2.990,UNDER
2250424,2026-04-29,SEA@MIN,630038,K_PROP,away,George Kirby,,6.44,0.6959,OVER,5.5,,UNDER,5,0,1.44,1.44,0.484277,1.190399,1,,UNDER,0,-1.440,OVER
2250425,2026-04-29,NYY@TEX,630039,K_PROP,away,Elmer Rodriguez,,2.78,0.3555,UNDER,3.5,,UNDER,3,1,-0.22,0.22,0.126380,0.439280,1,,UNDER,1,0.220,UNDER
2250425,2026-04-29,NYY@TEX,630040,K_PROP,home,Nathan Eovaldi,,5.78,0.5950,OVER,5.5,,OVER,7,1,-1.22,1.22,0.164025,0.519194,1,,OVER,1,1.220,PASS
2250426,2026-04-29,BOS@TOR,630041,K_PROP,away,Brayan Bello,,2.41,0.2668,UNDER,3.5,,UNDER,2,1,0.41,0.41,0.071182,0.310337,1,,UNDER,1,-0.410,UNDER
2250426,2026-04-29,BOS@TOR,630042,K_PROP,home,Kevin Gausman,,4.63,0.3853,UNDER,5.5,,UNDER,1,1,3.63,3.63,0.148456,0.486621,1,,UNDER,1,-3.060,UNDER
2250427,2026-04-29,MIA@LAD,630043,K_PROP,home,Tyler Glasnow,,4.77,0.2623,UNDER,6.5,,OVER,9,0,-4.23,4.23,0.544201,1.338266,1,,OVER,0,4.230,UNDER
2250427,2026-04-29,MIA@LAD,630044,K_PROP,away,Sandy Alcantara,,3.42,0.3126,UNDER,4.5,,UNDER,4,1,-0.58,0.58,0.097719,0.374839,1,,UNDER,1,0.580,UNDER
2250428,2026-04-29,CHC@SD,630045,K_PROP,away,Jameson Taillon,,2.57,0.1501,UNDER,4.5,,OVER,6,0,-3.43,3.43,0.722330,1.896454,1,,OVER,0,3.430,UNDER
2250428,2026-04-29,CHC@SD,630046,K_PROP,home,Matt Waldron,,1.68,0.1115,UNDER,3.5,,UNDER,1,1,0.68,0.68,0.012432,0.118221,1,,UNDER,1,-0.680,UNDER
2250429,2026-04-29,HOU@BAL,630047,K_PROP,home,Chris Bassitt,,4.09,0.4548,UNDER,4.5,,,,,,,,,0,not-completed,,,,PASS
2250429,2026-04-29,HOU@BAL,630048,K_PROP,away,Peter Lambert,,3.14,0.2555,UNDER,4.5,,,,,,,,,0,not-completed,,,,OVER
2250430,2026-04-29,COL@CIN,630049,K_PROP,home,Andrew Abbott,,3.88,0.4106,UNDER,4.5,,,,,,,,,1,missing-actual(possible-scratch),,,,UNDER
2250430,2026-04-29,COL@CIN,630050,K_PROP,away,Michael Lorenzen,,3.92,0.4184,UNDER,4.5,,,,,,,,,1,missing-actual(possible-scratch),,,,UNDER
2250432,2026-04-29,SF@PHI,630051,K_PROP,home,Cristopher Sanchez,,6.6,0.5714,OVER,6.5,,,,,,,,,0,not-completed,,,,PASS
2250431,2026-04-29,STL@PIT,630052,K_PROP,home,Paul Skenes,,6.65,0.5793,OVER,6.5,,,,,,,,,1,missing-actual(possible-scratch),,,,UNDER
2250432,2026-04-29,SF@PHI,630053,K_PROP,away,Logan Webb,,5.94,0.6211,OVER,5.5,,,,,,,,,0,not-completed,,,,PASS
2250431,2026-04-29,STL@PIT,630054,K_PROP,away,Hunter Dobbins,,3.21,0.4568,UNDER,3.5,,,,,,,,,1,missing-actual(possible-scratch),,,,PASS
2250433,2026-04-29,WSH@NYM,630055,K_PROP,home,Freddy Peralta,,5.51,0.5480,OVER,5.5,,,,,,,,,1,missing-actual(possible-scratch),,,,UNDER
2250433,2026-04-29,WSH@NYM,630056,K_PROP,away,Miles Mikolas,,2.1,0.1947,UNDER,3.5,,,,,,,,,1,missing-actual(possible-scratch),,,,UNDER
2250434,2026-04-29,DET@ATL,630057,K_PROP,home,Bryce Elder,,4.18,0.4726,UNDER,4.5,,,,,,,,,1,missing-actual(possible-scratch),,,,UNDER
2250434,2026-04-29,DET@ATL,630058,K_PROP,away,Framber Valdez,,5.14,0.6521,OVER,4.5,,,,,,,,,1,missing-actual(possible-scratch),,,,OVER
2252731,2026-04-29,ARI@MIL,630059,K_PROP,away,Michael Soroka,,4.06,0.2785,UNDER,5.5,,,,,,,,,1,missing-actual(possible-scratch),,,,UNDER
2252731,2026-04-29,ARI@MIL,630060,K_PROP,home,Brandon Woodruff,,7.02,0.8500,OVER,4.5,,,,,,,,,1,missing-actual(possible-scratch),,,,OVER
2250435,2026-04-29,KC@ATH,630061,K_PROP,home,Jeffrey Springs,,2.85,0.1986,UNDER,4.5,,,,,,,,,1,missing-actual(possible-scratch),,,,PASS
2250435,2026-04-29,KC@ATH,630062,K_PROP,away,Noah Cameron,,4.09,0.4550,UNDER,4.5,,,,,,,,,1,missing-actual(possible-scratch),,,,UNDER
2250436,2026-04-30,DET@ATL,630063,K_PROP,home,Grant Holmes,,4.66,0.5664,OVER,4.5,,OVER,5,1,-0.34,0.34,0.188009,0.568455,1,,OVER,0,0.820,PASS
2250436,2026-04-30,DET@ATL,630064,K_PROP,away,Jack Flaherty,,5.21,0.4948,UNDER,5.5,,OVER,8,0,-2.79,2.79,0.255227,0.703602,1,,OVER,1,2.860,PASS
2250437,2026-04-30,HOU@BAL,630065,K_PROP,home,Cade Povich,,4.31,0.3263,UNDER,5.5,,OVER,7,0,-2.69,2.69,0.453872,1.119938,1,,OVER,0,4.160,UNDER
2250437,2026-04-30,HOU@BAL,630066,K_PROP,away,Lance McCullers,,3.87,0.4087,UNDER,4.5,,UNDER,3,1,0.87,0.87,0.167036,0.525432,1,,UNDER,1,-0.870,PASS
2250440,2026-04-30,SF@PHI,630067,K_PROP,home,Zack Wheeler,,8.13,0.7744,OVER,6.5,,OVER,7,1,1.13,1.13,0.050895,0.255667,1,,OVER,1,0.400,PASS
2250438,2026-04-30,STL@PIT,630068,K_PROP,home,Mitch Keller,,3.59,0.3498,UNDER,4.5,,OVER,9,0,-5.41,5.41,0.422760,1.050394,1,,OVER,1,2.350,UNDER
2250440,2026-04-30,SF@PHI,630069,K_PROP,away,Robbie Ray,,4.68,0.3960,UNDER,5.5,,OVER,6,0,-1.32,1.32,0.364816,0.926341,1,,OVER,1,0.060,UNDER
2250438,2026-04-30,STL@PIT,630070,K_PROP,away,Matthew Liberatore,,3.96,0.6197,OVER,3.5,,OVER,4,1,-0.04,0.04,0.144628,0.478520,1,,OVER,0,0.790,PASS
2250439,2026-04-30,COL@CIN,630071,K_PROP,home,Brady Singer,,4.42,0.5211,UNDER,4.5,,OVER,5,0,-0.58,0.58,0.229345,0.651813,1,,OVER,0,1.120,UNDER
2250439,2026-04-30,COL@CIN,630072,K_PROP,away,Jose Quintana,,2.38,0.4768,UNDER,2.5,,OVER,5,0,-2.62,2.62,0.273738,0.740658,1,,OVER,0,1.080,PASS
2250441,2026-04-30,WSH@NYM,630073,K_PROP,home,Christian Scott,,2.79,0.1876,UNDER,4.5,,OVER,6,0,-3.21,3.21,0.659994,1.673443,1,,OVER,1,0.490,UNDER
2250441,2026-04-30,WSH@NYM,630074,K_PROP,away,Jake Irvin,,2.55,0.1466,UNDER,4.5,,UNDER,3,1,-0.45,0.45,0.021492,0.158527,1,,UNDER,1,0.900,UNDER
2252739,2026-04-30,ARI@MIL,630075,K_PROP,away,Zac Gallen,,3.57,0.3451,UNDER,4.5,,UNDER,2,1,1.57,1.57,0.119094,0.423273,1,,UNDER,1,-2.060,UNDER
2252739,2026-04-30,ARI@MIL,630076,K_PROP,home,Jacob Misiorowski,,6.08,0.4857,UNDER,6.5,,UNDER,2,1,4.08,4.08,0.235904,0.664949,1,,UNDER,0,-5.020,PASS
2250442,2026-04-30,KC@ATH,630077,K_PROP,home,J.T. Ginn,,4.5,0.7164,OVER,3.5,,OVER,4,1,0.50,0.50,0.080429,0.333517,1,,UNDER,1,1.150,OVER
2250442,2026-04-30,KC@ATH,630078,K_PROP,away,Cole Ragans,,10.27,0.8500,OVER,6.5,,UNDER,5,0,5.27,5.27,0.722500,1.897120,1,,OVER,0,0.910,PASS
2250443,2026-04-30,TOR@MIN,630079,K_PROP,home,Simeon Woods Richardson,,3.38,0.4980,UNDER,3.5,,UNDER,2,1,1.38,1.38,0.248004,0.689155,1,,UNDER,1,-0.620,UNDER
2250443,2026-04-30,TOR@MIN,630080,K_PROP,away,Patrick Corbin,,3.75,0.5789,OVER,3.5,,UNDER,2,0,1.75,1.75,0.335125,0.864885,1,,UNDER,1,-2.550,PASS
2252742,2026-05-01,ARI@CHC,660001,K_PROP,away,Zac Gallen,,3.5,0.3307,UNDER,4.5,,UNDER,3,1,0.50,0.50,0.109362,0.401523,1,,UNDER,1,-0.500,UNDER
2252742,2026-05-01,ARI@CHC,660002,K_PROP,home,Colin Rea,,3.54,0.3383,UNDER,4.5,,OVER,6,0,-2.46,2.46,0.437847,1.083822,1,,OVER,0,2.460,UNDER
2250444,2026-05-01,TEX@DET,660003,K_PROP,home,Jack Flaherty,,4.95,0.4468,UNDER,5.5,,,,,,,,,1,missing-actual(possible-scratch),,,,UNDER
2250444,2026-05-01,TEX@DET,660004,K_PROP,away,MacKenzie Gore,,5.08,0.4702,UNDER,5.5,,,,,,,,,1,missing-actual(possible-scratch),,,,OVER
2250445,2026-05-01,CIN@PIT,660005,K_PROP,away,Brady Singer,,3.95,0.4246,UNDER,4.5,,,,,,,,,1,missing-actual(possible-scratch),,,,UNDER
2250446,2026-05-01,MIL@WSH,660006,K_PROP,away,Jacob Misiorowski,,5.77,0.4333,UNDER,6.5,,,,,,,,,1,missing-actual(possible-scratch),,,,UNDER
2250445,2026-05-01,CIN@PIT,660007,K_PROP,home,Mitch Keller,,3.9,0.4148,UNDER,4.5,,,,,,,,,1,missing-actual(possible-scratch),,,,UNDER
2250446,2026-05-01,MIL@WSH,660008,K_PROP,home,Jake Irvin,,2.51,0.1402,UNDER,4.5,,,,,,,,,1,missing-actual(possible-scratch),,,,UNDER
2250447,2026-05-01,BAL@NYY,660009,K_PROP,away,Cade Povich,,4.76,0.5856,OVER,4.5,,,,,,,,,1,missing-actual(possible-scratch),,,,PASS
2250447,2026-05-01,BAL@NYY,660010,K_PROP,home,Will Warren,,4.73,0.4048,UNDER,5.5,,,,,,,,,1,missing-actual(possible-scratch),,,,UNDER
2250448,2026-05-01,HOU@BOS,660011,K_PROP,home,Jake Bennett,,2.75,0.3482,UNDER,3.5,,,,,,,,,1,missing-actual(possible-scratch),,,,UNDER
2250448,2026-05-01,HOU@BOS,660012,K_PROP,away,Mike Burrows,,4.8,0.4180,UNDER,5.5,,,,,,,,,1,missing-actual(possible-scratch),,,,UNDER
2250450,2026-05-01,PHI@MIA,660013,K_PROP,home,Eury Perez,,4.8,0.4190,UNDER,5.5,,,,,,,,,1,missing-actual(possible-scratch),,,,UNDER
2250450,2026-05-01,PHI@MIA,660014,K_PROP,away,Zack Wheeler,,7.17,0.6564,OVER,6.5,,,,,,,,,1,missing-actual(possible-scratch),,,,PASS
2250449,2026-05-01,SF@TB,660015,K_PROP,away,Robbie Ray,,4.76,0.4100,UNDER,5.5,,,,,,,,,1,missing-actual(possible-scratch),,,,UNDER
2250449,2026-05-01,SF@TB,660016,K_PROP,home,Shane McClanahan,,2.94,0.1040,UNDER,5.5,,,,,,,,,1,missing-actual(possible-scratch),,,,UNDER
2250451,2026-05-01,TOR@MIN,660017,K_PROP,home,Simeon Woods Richardson,,3.38,0.4980,UNDER,3.5,,,,,,,,,1,missing-actual(possible-scratch),,,,UNDER
2250451,2026-05-01,TOR@MIN,660018,K_PROP,away,Patrick Corbin,,3.75,0.5789,OVER,3.5,,,,,,,,,1,missing-actual(possible-scratch),,,,PASS
2250452,2026-05-01,LAD@STL,660019,K_PROP,away,Emmet Sheehan,,6.36,0.6844,OVER,5.5,,,,,,,,,1,missing-actual(possible-scratch),,,,OVER
2250452,2026-05-01,LAD@STL,660020,K_PROP,home,Matthew Liberatore,,3.37,0.4944,UNDER,3.5,,,,,,,,,1,missing-actual(possible-scratch),,,,PASS
2250453,2026-05-01,ATL@COL,660021,K_PROP,away,Grant Holmes,,4.92,0.6155,OVER,4.5,,,,,,,,,1,missing-actual(possible-scratch),,,,PASS
2250453,2026-05-01,ATL@COL,660022,K_PROP,home,Jose Quintana,,2.3,0.4535,UNDER,2.5,,,,,,,,,1,missing-actual(possible-scratch),,,,UNDER
2250454,2026-05-01,NYM@LAA,660023,K_PROP,home,Walbert Urena,,2.79,0.1883,UNDER,4.5,,,,,,,,,1,missing-actual(possible-scratch),,,,UNDER
2250454,2026-05-01,NYM@LAA,660024,K_PROP,away,Christian Scott,,3.56,0.3434,UNDER,4.5,,,,,,,,,1,missing-actual(possible-scratch),,,,UNDER
2250455,2026-05-01,CLE@ATH,660025,K_PROP,home,J.T. Ginn,,5.23,0.8163,OVER,3.5,,,,,,,,,1,missing-actual(possible-scratch),,,,OVER
2250455,2026-05-01,CLE@ATH,660026,K_PROP,away,Joey Cantillo,,5.62,0.5673,OVER,5.5,,,,,,,,,1,missing-actual(possible-scratch),,,,OVER
2250456,2026-05-01,CWS@SD,660027,K_PROP,away,Noah Schultz,,2.53,0.1431,UNDER,4.5,,,,,,,,,1,missing-actual(possible-scratch),,,,UNDER
2250456,2026-05-01,CWS@SD,660028,K_PROP,home,German Marquez,,1.94,0.1623,UNDER,3.5,,,,,,,,,1,missing-actual(possible-scratch),,,,UNDER
2250457,2026-05-01,KC@SEA,660029,K_PROP,away,Cole Ragans,,10.44,0.8500,OVER,6.5,,,,,,,,,1,missing-actual(possible-scratch),,,,PASS
2250457,2026-05-01,KC@SEA,660030,K_PROP,home,Bryan Woo,,5.14,0.4828,UNDER,5.5,,,,,,,,,1,missing-actual(possible-scratch),,,,PASS
2250458,2026-05-02,BAL@NYY,660031,K_PROP,away,Kyle Bradish,,9.24,0.8500,OVER,5.5,,,,,,,,,1,missing-actual(possible-scratch),,,,OVER
2250472,2026-05-03,TOR@MIN,690001,K_PROP,home,Joe Ryan,,4.65,0.3905,UNDER,5.5,,UNDER,1,1,3.65,3.65,0.152490,0.495116,1,,UNDER,1,-3.650,UNDER
2250472,2026-05-03,TOR@MIN,690003,K_PROP,away,Trey Yesavage,,6.18,0.7968,OVER,4.5,,OVER,6,1,0.18,0.18,0.041290,0.227152,1,,OVER,1,-0.180,OVER
2250473,2026-05-03,HOU@BOS,690005,K_PROP,home,Ranger Suarez,,4.64,0.5629,OVER,4.5,,UNDER,3,0,1.64,1.64,0.316856,0.827593,1,,UNDER,0,-1.640,UNDER
2250474,2026-05-03,CIN@PIT,690007,K_PROP,away,Chase Burns,,9.81,0.8500,OVER,6.5,,OVER,7,1,2.81,2.81,0.022500,0.162519,1,,OVER,1,-2.810,PASS
2250476,2026-05-03,MIL@WSH,690008,K_PROP,away,Logan Henderson,,6.43,0.8233,OVER,4.5,,OVER,8,1,-1.57,1.57,0.031223,0.194435,1,,OVER,1,1.570,OVER
2250475,2026-05-03,BAL@NYY,690009,K_PROP,home,Max Fried,,5.53,0.5524,OVER,5.5,,OVER,6,1,-0.47,0.47,0.200346,0.593483,1,,OVER,1,0.470,UNDER
2250474,2026-05-03,CIN@PIT,690010,K_PROP,home,Braxton Ashcraft,,5.35,0.5208,UNDER,5.5,,OVER,6,0,-0.65,0.65,0.229633,0.652389,1,,OVER,0,0.650,UNDER
2250476,2026-05-03,MIL@WSH,690011,K_PROP,home,Zack Littell,,2.72,0.3392,UNDER,3.5,,UNDER,2,1,0.72,0.72,0.115057,0.414304,1,,UNDER,1,-0.720,PASS
2250478,2026-05-03,PHI@MIA,690012,K_PROP,home,Chris Paddack,,2.31,0.2419,UNDER,3.5,,UNDER,1,1,1.31,1.31,0.058516,0.276940,1,,UNDER,1,-1.310,UNDER
2250478,2026-05-03,PHI@MIA,690013,K_PROP,away,Jesus Luzardo,,5.9,0.4558,UNDER,6.5,,OVER,10,0,-4.10,4.10,0.296154,0.785701,1,,OVER,0,4.100,UNDER
2250477,2026-05-03,SF@TB,690015,K_PROP,away,Tyler Mahle,,3.11,0.2493,UNDER,4.5,,OVER,5,0,-1.89,1.89,0.563550,1.389098,1,,OVER,0,1.890,UNDER
2250477,2026-05-03,SF@TB,690018,K_PROP,home,Steven Matz,,4.62,0.5601,OVER,4.5,,UNDER,1,0,3.62,3.62,0.313712,0.821208,1,,UNDER,0,-3.620,PASS
2250479,2026-05-03,LAD@STL,690021,K_PROP,away,Justin Wrobleski,,6.22,0.8500,OVER,3.5,,UNDER,0,0,6.22,6.22,0.722500,1.897120,1,,UNDER,0,-6.220,OVER
2250479,2026-05-03,LAD@STL,690023,K_PROP,home,Dustin May,,3.61,0.3539,UNDER,4.5,,UNDER,3,1,0.61,0.61,0.125245,0.436801,1,,UNDER,1,-0.610,UNDER
2252780,2026-05-03,ARI@CHC,690026,K_PROP,away,Merrill Kelly,,3.64,0.5545,OVER,3.5,,OVER,5,1,-1.36,1.36,0.198470,0.589688,1,,OVER,1,1.360,PASS
2252780,2026-05-03,ARI@CHC,690029,K_PROP,home,Matthew Boyd,,2.83,0.1962,UNDER,4.5,,OVER,5,0,-2.17,2.17,0.646094,1.628621,1,,OVER,0,2.170,UNDER
2250480,2026-05-03,ATL@COL,690031,K_PROP,away,Spencer Strider,,4.74,0.4074,UNDER,5.5,,OVER,6,0,-1.26,1.26,0.351175,0.897960,1,,OVER,0,1.260,UNDER
2250480,2026-05-03,ATL@COL,690034,K_PROP,home,Kyle Freeland,,3.18,0.4506,UNDER,3.5,,OVER,7,0,-3.82,3.82,0.301840,0.797175,1,,OVER,0,3.820,PASS
2250481,2026-05-03,CLE@ATH,690037,K_PROP,home,Aaron Civale,,3.33,0.4848,UNDER,3.5,,UNDER,3,1,0.33,0.33,0.235031,0.663200,1,,UNDER,1,-0.330,UNDER
2250481,2026-05-03,CLE@ATH,690039,K_PROP,away,Parker Messick,,5.85,0.6067,OVER,5.5,,OVER,6,1,-0.15,0.15,0.154685,0.499721,1,,OVER,1,0.150,PASS
2250482,2026-05-03,NYM@LAA,690041,K_PROP,home,Jack Kochanowicz,,1.95,0.1632,UNDER,3.5,,OVER,6,0,-4.05,4.05,0.700234,1.812779,1,,OVER,0,4.050,UNDER
2250482,2026-05-03,NYM@LAA,690042,K_PROP,away,Clay Holmes,,3.8,0.3942,UNDER,4.5,,OVER,6,0,-2.20,2.20,0.366994,0.930897,1,,OVER,0,2.200,UNDER
2250483,2026-05-03,KC@SEA,690043,K_PROP,away,Kris Bubic,,4.97,0.4510,UNDER,5.5,,OVER,7,0,-2.03,2.03,0.301401,0.796288,1,,OVER,0,2.030,UNDER
2250484,2026-05-03,CWS@SD,690044,K_PROP,home,Griffin Canning,,3.9,0.4139,UNDER,4.5,,OVER,7,0,-3.10,3.10,0.343513,0.882131,1,,OVER,0,3.100,UNDER
2250483,2026-05-03,KC@SEA,690045,K_PROP,home,Luis Castillo,,3.35,0.2996,UNDER,4.5,,OVER,5,0,-1.65,1.65,0.490560,1.205307,1,,OVER,0,1.650,UNDER
2250485,2026-05-03,TEX@DET,690046,K_PROP,away,Jack Leiter,,4.12,0.2906,UNDER,5.5,,,,,,,,,1,missing-actual(possible-scratch),,,,UNDER
2250500,2026-05-05,ATH@PHI,750001,K_PROP,away,Luis Severino,,2.7,0.1723,UNDER,4.5,,,,,,,,,0,not-completed,,,,UNDER
2250501,2026-05-05,BAL@MIA,750002,K_PROP,away,Chris Bassitt,,3.86,0.4063,UNDER,4.5,,,,,,,,,0,not-completed,,,,UNDER
2250498,2026-05-05,BOS@DET,750003,K_PROP,away,Brayan Bello,,3.09,0.4291,UNDER,3.5,,,,,,,,,0,not-completed,,,,UNDER
2250498,2026-05-05,BOS@DET,750004,K_PROP,home,Framber Valdez,,5.38,0.5253,UNDER,5.5,,,,,,,,,0,not-completed,,,,OVER
2250501,2026-05-05,BAL@MIA,750005,K_PROP,home,Sandy Alcantara,,3.7,0.2153,UNDER,5.5,,,,,,,,,0,not-completed,,,,UNDER
2250500,2026-05-05,ATH@PHI,750006,K_PROP,home,Cristopher Sanchez,,6.62,0.5740,OVER,6.5,,,,,,,,,0,not-completed,,,,PASS
2250499,2026-05-05,TOR@TB,750007,K_PROP,home,Drew Rasmussen,,3.19,0.2656,UNDER,4.5,,,,,,,,,0,not-completed,,,,UNDER
2250499,2026-05-05,TOR@TB,750008,K_PROP,away,Kevin Gausman,,4.54,0.3686,UNDER,5.5,,,,,,,,,0,not-completed,,,,UNDER
2250502,2026-05-05,MIN@WSH,750009,K_PROP,away,Taj Bradley,,3.71,0.2177,UNDER,5.5,,,,,,,,,0,not-completed,,,,UNDER
2250502,2026-05-05,MIN@WSH,750010,K_PROP,home,Cade Cavalli,,3.56,0.3421,UNDER,4.5,,,,,,,,,0,not-completed,,,,UNDER
2250503,2026-05-05,TEX@NYY,750011,K_PROP,home,Elmer Rodriguez,,2.78,0.3555,UNDER,3.5,,,,,,,,,0,not-completed,,,,UNDER
2250503,2026-05-05,TEX@NYY,750012,K_PROP,away,Jacob deGrom,,5.96,0.4667,UNDER,6.5,,,,,,,,,0,not-completed,,,,UNDER
2250504,2026-05-05,CIN@CHC,750013,K_PROP,home,Jameson Taillon,,3.11,0.1254,UNDER,5.5,,,,,,,,,0,not-completed,,,,UNDER
2250504,2026-05-05,CIN@CHC,750014,K_PROP,away,Andrew Abbott,,3.46,0.5143,UNDER,3.5,,,,,,,,,0,not-completed,,,,PASS
2250505,2026-05-05,CLE@KC,750015,K_PROP,away,Gavin Williams,,3.97,0.2622,UNDER,5.5,,,,,,,,,0,not-completed,,,,UNDER
2250505,2026-05-05,CLE@KC,750016,K_PROP,home,Stephen Kolek,,2.78,0.5780,OVER,2.5,,,,,,,,,0,not-completed,,,,PASS
2250506,2026-05-05,MIL@STL,750018,K_PROP,away,Brandon Sproat,,3.6,0.3502,UNDER,4.5,,,,,,,,,0,not-completed,,,,UNDER
2250506,2026-05-05,MIL@STL,750019,K_PROP,home,Andre Pallante,,2.68,0.3299,UNDER,3.5,,,,,,,,,0,not-completed,,,,UNDER
2250507,2026-05-05,LAD@HOU,750020,K_PROP,home,Peter Lambert,,2.9,0.2089,UNDER,4.5,,,,,,,,,0,not-completed,,,,UNDER
2250507,2026-05-05,LAD@HOU,750021,K_PROP,away,Shohei Ohtani,,7.3,0.6746,OVER,6.5,,,,,,,,,0,not-completed,,,,UNDER
2250508,2026-05-05,NYM@COL,750022,K_PROP,home,Michael Lorenzen,,3.57,0.5406,OVER,3.5,,,,,,,,,0,not-completed,,,,PASS
2250508,2026-05-05,NYM@COL,750023,K_PROP,away,Freddy Peralta,,6.66,0.5814,OVER,6.5,,,,,,,,,0,not-completed,,,,PASS
2250509,2026-05-05,CWS@LAA,750024,K_PROP,away,Erick Fedde,,2.52,0.1413,UNDER,4.5,,,,,,,,,0,not-completed,,,,UNDER
2250509,2026-05-05,CWS@LAA,750025,K_PROP,home,Sam Aldegheri,,2.63,0.1593,UNDER,4.5,,,,,,,,,0,not-completed,,,,UNDER
2252811,2026-05-05,PIT@ARI,750026,K_PROP,home,Eduardo Rodriguez,,4.01,0.4370,UNDER,4.5,,,,,,,,,0,not-completed,,,,UNDER
2250510,2026-05-05,ATL@SEA,750027,K_PROP,away,Bryce Elder,,3.95,0.4246,UNDER,4.5,,,,,,,,,0,not-completed,,,,UNDER
2252811,2026-05-05,PIT@ARI,750028,K_PROP,away,Bubba Chandler,,5.64,0.7289,OVER,4.5,,,,,,,,,0,not-completed,,,,OVER
2250510,2026-05-05,ATL@SEA,750029,K_PROP,home,George Kirby,,6.44,0.6950,OVER,5.5,,,,,,,,,0,not-completed,,,,OVER
2250511,2026-05-05,SD@SF,750030,K_PROP,away,Walker Buehler,,2.4,0.2630,UNDER,3.5,,,,,,,,,0,not-completed,,,,UNDER
2250511,2026-05-05,SD@SF,750031,K_PROP,home,Logan Webb,,5.54,0.5533,OVER,5.5,,,,,,,,,0,not-completed,,,,UNDER
2250534,2026-05-08,HOU@CIN,780001,K_PROP,home,Chase Burns,,8.96,0.8500,OVER,6.5,,UNDER,2,0,6.96,6.96,0.722500,1.897120,1,,UNDER,1,-2.980,PASS
2250534,2026-05-08,HOU@CIN,780002,K_PROP,away,Spencer Arrighetti,,3.2,0.1375,UNDER,5.5,,OVER,6,0,-2.80,2.80,0.743906,1.984131,1,,OVER,1,1.070,UNDER
2250535,2026-05-08,COL@PHI,780003,K_PROP,away,Kyle Freeland,,3.42,0.3131,UNDER,4.5,,OVER,5,0,-1.58,1.58,0.471832,1.161233,1,,UNDER,1,2.090,UNDER
2250535,2026-05-08,COL@PHI,780004,K_PROP,home,Aaron Nola,,5.55,0.5557,OVER,5.5,,OVER,6,1,-0.45,0.45,0.197402,0.587527,1,,UNDER,1,-0.800,OVER
2250536,2026-05-08,ATH@BAL,780005,K_PROP,away,Aaron Civale,,3.6,0.3516,UNDER,4.5,,OVER,5,0,-1.40,1.40,0.420423,1.045261,1,,OVER,1,-0.620,UNDER
2250536,2026-05-08,ATH@BAL,780006,K_PROP,home,Shane Baz,,4.85,0.4279,UNDER,5.5,,OVER,10,0,-5.15,5.15,0.327298,0.848866,1,,OVER,1,1.410,UNDER
2250537,2026-05-08,LAA@TOR,780007,K_PROP,away,Jack Kochanowicz,,1.74,0.1225,UNDER,3.5,,UNDER,3,1,-1.26,1.26,0.015006,0.130678,1,,UNDER,1,0.510,UNDER
2250537,2026-05-08,LAA@TOR,780008,K_PROP,home,Trey Yesavage,,7.51,0.8207,OVER,5.5,,OVER,10,1,-2.49,2.49,0.032148,0.197598,1,,OVER,1,2.450,OVER
2250538,2026-05-08,TB@BOS,780009,K_PROP,home,Payton Tolle,,5.5,0.7086,OVER,4.5,,OVER,8,1,-2.50,2.50,0.084914,0.344464,1,,OVER,1,-1.630,OVER
2250539,2026-05-08,WSH@MIA,780010,K_PROP,home,Janson Junk,,2.84,0.1983,UNDER,4.5,,UNDER,2,1,0.84,0.84,0.039323,0.221021,1,,UNDER,1,-0.790,UNDER
2250538,2026-05-08,TB@BOS,780011,K_PROP,away,Nick Martinez,,2.87,0.3766,UNDER,3.5,,OVER,4,0,-1.13,1.13,0.388628,0.976572,1,,OVER,0,1.020,PASS
2250539,2026-05-08,WSH@MIA,780012,K_PROP,away,Zack Littell,,2.57,0.3029,UNDER,3.5,,OVER,9,0,-6.43,6.43,0.485948,1.194353,1,,OVER,0,6.400,UNDER
2250540,2026-05-08,MIN@CLE,780013,K_PROP,home,Tanner Bibee,,3.71,0.2182,UNDER,5.5,,OVER,7,0,-3.29,3.29,0.611211,1.522343,1,,OVER,1,1.430,UNDER
2250540,2026-05-08,MIN@CLE,780014,K_PROP,away,Joe Ryan,,5.41,0.6954,OVER,4.5,,OVER,6,1,-0.59,0.59,0.092781,0.363268,1,,OVER,0,3.100,OVER
2250542,2026-05-08,SEA@CWS,780015,K_PROP,home,Sean Burke,,4.11,0.4573,UNDER,4.5,,UNDER,4,1,0.11,0.11,0.209123,0.611199,1,,UNDER,1,-0.110,PASS
2250541,2026-05-08,DET@KC,780016,K_PROP,away,Ty Madden,,2.49,0.2853,UNDER,3.5,,OVER,4,0,-1.51,1.51,0.510796,1.254214,1,,OVER,0,1.080,UNDER
2250541,2026-05-08,DET@KC,780017,K_PROP,home,Michael Wacha,,3.06,0.2404,UNDER,4.5,,OVER,5,0,-1.94,1.94,0.576992,1.425451,1,,UNDER,1,0.470,UNDER
2250543,2026-05-08,NYY@MIL,780018,K_PROP,home,Kyle Harrison,,5.09,0.4736,UNDER,5.5,,OVER,11,0,-5.91,5.91,0.277097,0.747392,1,,OVER,0,4.530,OVER
2250543,2026-05-08,NYY@MIL,780019,K_PROP,away,Cam Schlittler,,5.08,0.4718,UNDER,5.5,,UNDER,5,1,0.08,0.08,0.222595,0.638280,1,,UNDER,1,0.560,PASS
2250542,2026-05-08,SEA@CWS,780020,K_PROP,away,Luis Castillo,,4.01,0.2697,UNDER,5.5,,UNDER,4,1,0.01,0.01,0.072738,0.314300,1,,UNDER,1,1.240,UNDER
2250544,2026-05-08,CHC@TEX,780021,K_PROP,away,Edward Cabrera,,5.19,0.4910,UNDER,5.5,,UNDER,3,1,2.19,2.19,0.241081,0.675307,1,,OVER,1,-1.930,PASS
2250544,2026-05-08,CHC@TEX,780022,K_PROP,home,Jack Leiter,,3.49,0.1806,UNDER,5.5,,UNDER,3,1,0.49,0.49,0.032616,0.199183,1,,UNDER,1,-0.260,UNDER
2252849,2026-05-08,NYM@ARI,780023,K_PROP,home,Merrill Kelly,,3.77,0.3864,UNDER,4.5,,OVER,7,0,-3.23,3.23,0.376505,0.950882,1,,OVER,0,3.230,UNDER
2252849,2026-05-08,NYM@ARI,780024,K_PROP,away,Clay Holmes,,3.13,0.4397,UNDER,3.5,,OVER,6,0,-2.87,2.87,0.313936,0.821663,1,,OVER,0,2.870,UNDER
2250545,2026-05-08,STL@SD,780025,K_PROP,home,Randy Vasquez,,2,0.1746,UNDER,3.5,,OVER,5,0,-3.00,3.00,0.681285,1.745258,1,,OVER,0,3.000,UNDER
2250545,2026-05-08,STL@SD,780026,K_PROP,away,Dustin May,,3.15,0.2582,UNDER,4.5,,OVER,9,0,-5.85,5.85,0.550267,1.354021,1,,OVER,0,5.850,UNDER
2250546,2026-05-08,ATL@LAD,780027,K_PROP,away,Spencer Strider,,4.08,0.2829,UNDER,5.5,,OVER,7,0,-2.92,2.92,0.514232,1.262662,1,,OVER,0,2.920,UNDER
2250546,2026-05-08,ATL@LAD,780028,K_PROP,home,Blake Snell,,6.97,0.8500,OVER,4.5,,OVER,7,1,-0.03,0.03,0.022500,0.162519,1,,OVER,1,0.030,OVER
2250547,2026-05-08,PIT@SF,780029,K_PROP,away,Braxton Ashcraft,,5.15,0.6541,OVER,4.5,,UNDER,1,0,4.15,4.15,0.427847,1.061606,1,,UNDER,0,-4.150,PASS
2250547,2026-05-08,PIT@SF,780030,K_PROP,home,Landen Roupp,,4.4,0.3431,UNDER,5.5,,OVER,7,0,-2.60,2.60,0.431518,1.069733,1,,OVER,0,2.600,UNDER
2250548,2026-05-09,LAA@TOR,780031,K_PROP,away,Jack Kochanowicz,,1.74,0.1225,UNDER,3.5,,UNDER,0,1,1.74,1.74,0.015006,0.130678,1,,UNDER,1,-1.740,UNDER
2250548,2026-05-09,LAA@TOR,780032,K_PROP,home,Trey Yesavage,,7.51,0.8207,OVER,5.5,,OVER,6,1,1.51,1.51,0.032148,0.197598,1,,OVER,1,-1.510,OVER
2250549,2026-05-09,ATH@BAL,780033,K_PROP,away,Luis Severino,,3.6,0.3516,UNDER,4.5,,OVER,6,0,-2.40,2.40,0.420423,1.045261,1,,OVER,0,2.400,UNDER
2250549,2026-05-09,ATH@BAL,780034,K_PROP,home,Chris Bassitt,,4.85,0.6023,OVER,3.5,,OVER,5,1,-0.15,0.15,0.158165,0.507000,1,,OVER,1,0.150,OVER
2250550,2026-05-09,HOU@CIN,780036,K_PROP,home,Chase Burns,,8.96,0.8500,OVER,6.5,,,,,,,,,1,missing-actual(possible-scratch),,,,PASS
2250550,2026-05-09,HOU@CIN,780037,K_PROP,away,Spencer Arrighetti,,3.2,0.1375,UNDER,5.5,,,,,,,,,1,missing-actual(possible-scratch),,,,UNDER
2250552,2026-05-09,WSH@MIA,780038,K_PROP,home,Sandy Alcantara,,2.84,0.1983,UNDER,4.5,,,,,,,,,1,missing-actual(possible-scratch),,,,UNDER
2250552,2026-05-09,WSH@MIA,780040,K_PROP,away,Cade Cavalli,,2.57,0.3029,UNDER,4.5,,,,,,,,,1,missing-actual(possible-scratch),,,,UNDER
2250553,2026-05-09,COL@PHI,780041,K_PROP,away,Tomoyuki Sugano,,3.42,0.3131,UNDER,3.5,,,,,,,,,1,missing-actual(possible-scratch),,,,UNDER
2250553,2026-05-09,COL@PHI,780042,K_PROP,home,Aaron Nola,,5.55,0.3950,UNDER,6.5,,,,,,,,,1,missing-actual(possible-scratch),,,,PASS
2250554,2026-05-09,MIN@CLE,780043,K_PROP,home,Tanner Bibee,,3.71,0.2182,UNDER,5.5,,,,,,,,,1,missing-actual(possible-scratch),,,,UNDER
2250554,2026-05-09,MIN@CLE,780044,K_PROP,away,Joe Ryan,,5.41,0.6954,OVER,4.5,,,,,,,,,1,missing-actual(possible-scratch),,,,PASS
2250555,2026-05-09,CHC@TEX,780045,K_PROP,away,Edward Cabrera,,5.19,0.4910,UNDER,5.5,,,,,,,,,1,missing-actual(possible-scratch),,,,PASS
2250555,2026-05-09,CHC@TEX,780046,K_PROP,home,Jack Leiter,,3.49,0.1806,UNDER,5.5,,,,,,,,,1,missing-actual(possible-scratch),,,,UNDER
2250556,2026-05-09,DET@KC,780047,K_PROP,away,Burch Smith,,2.49,0.7509,OVER,1.5,,,,,,,,,1,missing-actual(possible-scratch),,,,OVER
2250556,2026-05-09,DET@KC,780048,K_PROP,home,Michael Wacha,,3.06,0.2404,UNDER,4.5,,,,,,,,,1,missing-actual(possible-scratch),,,,UNDER
2250558,2026-05-09,NYY@MIL,780049,K_PROP,home,Kyle Harrison,,5.09,0.4736,UNDER,5.5,,,,,,,,,1,missing-actual(possible-scratch),,,,UNDER
2250558,2026-05-09,NYY@MIL,780050,K_PROP,away,Cam Schlittler,,5.08,0.4718,UNDER,5.5,,,,,,,,,1,missing-actual(possible-scratch),,,,OVER
2250557,2026-05-09,SEA@CWS,780051,K_PROP,away,Luis Castillo,,4.01,0.2697,UNDER,5.5,,,,,,,,,1,missing-actual(possible-scratch),,,,UNDER
2252864,2026-05-09,NYM@ARI,780052,K_PROP,home,Merrill Kelly,,3.77,0.3864,UNDER,4.5,,,,,,,,,1,missing-actual(possible-scratch),,,,UNDER
2252864,2026-05-09,NYM@ARI,780053,K_PROP,away,Clay Holmes,,3.13,0.4397,UNDER,3.5,,,,,,,,,1,missing-actual(possible-scratch),,,,PASS
2250559,2026-05-09,STL@SD,780054,K_PROP,home,Randy Vasquez,,2,0.1746,UNDER,3.5,,,,,,,,,1,missing-actual(possible-scratch),,,,UNDER
2250559,2026-05-09,STL@SD,780055,K_PROP,away,Dustin May,,3.15,0.2582,UNDER,4.5,,,,,,,,,1,missing-actual(possible-scratch),,,,PASS
2250560,2026-05-09,PIT@SF,780056,K_PROP,away,Braxton Ashcraft,,5.15,0.6541,OVER,4.5,,,,,,,,,1,missing-actual(possible-scratch),,,,OVER
2250560,2026-05-09,PIT@SF,780057,K_PROP,home,Landen Roupp,,4.4,0.3431,UNDER,5.5,,,,,,,,,1,missing-actual(possible-scratch),,,,UNDER
2250561,2026-05-09,ATL@LAD,780058,K_PROP,away,Spencer Strider,,4.08,0.2829,UNDER,5.5,,,,,,,,,1,missing-actual(possible-scratch),,,,OVER
2250561,2026-05-09,ATL@LAD,780059,K_PROP,home,Blake Snell,,6.97,0.7639,OVER,5.5,,,,,,,,,1,missing-actual(possible-scratch),,,,OVER
2250557,2026-05-09,SEA@CWS,810001,K_PROP,home,Anthony Kay,,3.01,0.4107,UNDER,3.5,,,,,,,,,1,missing-actual(possible-scratch),,,,UNDER
2250562,2026-05-10,WSH@MIA,810002,K_PROP,home,Sandy Alcantara,,2.35,0.1116,UNDER,4.5,,UNDER,3,1,-0.65,0.65,0.012455,0.118333,1,,UNDER,1,-0.280,UNDER
2250562,2026-05-10,WSH@MIA,810003,K_PROP,away,Cade Cavalli,,3.27,0.2775,UNDER,4.5,,UNDER,4,1,-0.73,0.73,0.077006,0.325038,1,,UNDER,1,0.850,UNDER
2250563,2026-05-10,ATH@BAL,810004,K_PROP,away,Luis Severino,,3.55,0.3351,UNDER,4.5,,UNDER,4,1,-0.45,0.45,0.112292,0.408119,1,,UNDER,1,0.880,UNDER
2250563,2026-05-10,ATH@BAL,810005,K_PROP,home,Brandon Young,,1.69,0.0372,UNDER,4.5,,UNDER,2,1,-0.31,0.31,0.001384,0.037910,1,,UNDER,1,-2.310,UNDER
2250564,2026-05-10,TB@BOS,810006,K_PROP,home,Payton Tolle,,3.28,0.1461,UNDER,5.5,,UNDER,4,1,-0.72,0.72,0.021345,0.157941,1,,UNDER,0,-1.500,UNDER
2250565,2026-05-10,COL@PHI,810007,K_PROP,away,Tomoyuki Sugano,,1.5,0.0798,UNDER,3.5,,UNDER,2,1,-0.50,0.50,0.006368,0.083164,1,,UNDER,1,-0.420,UNDER
2250565,2026-05-10,COL@PHI,810008,K_PROP,home,Cristopher Sanchez,,9.41,0.7893,OVER,7.5,,UNDER,7,0,2.41,2.41,0.622994,1.557320,1,,UNDER,1,0.460,PASS
2250564,2026-05-10,TB@BOS,810009,K_PROP,away,Drew Rasmussen,,4.33,0.4959,UNDER,4.5,,UNDER,3,1,1.33,1.33,0.245917,0.684981,1,,UNDER,1,0.130,UNDER
2250566,2026-05-10,LAA@TOR,810010,K_PROP,away,Jose Soriano,,4.47,0.3483,UNDER,5.5,,OVER,7,0,-2.53,2.53,0.424713,1.054691,1,,OVER,0,3.000,UNDER
2250566,2026-05-10,LAA@TOR,810011,K_PROP,home,Kevin Gausman,,4.33,0.3237,UNDER,5.5,,UNDER,2,1,2.33,2.33,0.104782,0.391119,1,,OVER,1,-1.560,UNDER
2250567,2026-05-10,HOU@CIN,810012,K_PROP,home,Andrew Abbott,,2.21,0.0928,UNDER,4.5,,OVER,5,0,-2.79,2.79,0.823012,2.377309,1,,OVER,0,1.460,UNDER
2250568,2026-05-10,MIN@CLE,810013,K_PROP,home,Joey Cantillo,,2.9,0.2038,UNDER,4.5,,OVER,6,0,-3.10,3.10,0.633934,1.590616,1,,UNDER,1,1.340,UNDER
2250569,2026-05-10,SEA@CWS,810014,K_PROP,home,Davis Martin,,5.86,0.7528,OVER,4.5,,OVER,9,1,-3.14,3.14,0.061108,0.283956,1,,OVER,0,6.160,OVER
2250570,2026-05-10,NYY@MIL,810015,K_PROP,home,Logan Henderson,,5.87,0.6019,OVER,5.5,,UNDER,5,0,0.87,0.87,0.362284,0.921052,1,,UNDER,0,-2.200,OVER
2250570,2026-05-10,NYY@MIL,810016,K_PROP,away,Ryan Weathers,,6.1,0.6382,OVER,5.5,,UNDER,4,0,2.10,2.10,0.407299,1.016664,1,,UNDER,1,0.160,PASS
2250569,2026-05-10,SEA@CWS,810017,K_PROP,away,George Kirby,,3.72,0.2145,UNDER,5.5,,OVER,9,0,-5.28,5.28,0.617010,1.539446,1,,OVER,1,1.530,UNDER
2250571,2026-05-10,CHC@TEX,810018,K_PROP,away,Jameson Taillon,,3,0.2233,UNDER,4.5,,UNDER,4,1,-1.00,1.00,0.049863,0.252701,1,,UNDER,1,1.170,UNDER
2250571,2026-05-10,CHC@TEX,810019,K_PROP,home,Nathan Eovaldi,,4.07,0.2751,UNDER,5.5,,OVER,10,0,-5.93,5.93,0.525480,1.290621,1,,OVER,0,4.850,UNDER
2250572,2026-05-10,PIT@SF,810020,K_PROP,away,Bubba Chandler,,1.83,0.0499,UNDER,4.5,,UNDER,3,1,-1.17,1.17,0.002490,0.051188,1,,UNDER,0,-2.660,UNDER
2250572,2026-05-10,PIT@SF,810021,K_PROP,home,Trevor McDonald,,6.55,0.8300,OVER,4.5,,OVER,8,1,-1.45,1.45,0.028900,0.186330,1,,OVER,0,4.790,OVER
2252879,2026-05-10,NYM@ARI,810022,K_PROP,home,Michael Soroka,,4.23,0.3053,UNDER,5.5,,UNDER,4,1,0.23,0.23,0.093208,0.364275,1,,UNDER,1,0.460,UNDER
2250574,2026-05-10,ATL@LAD,810023,K_PROP,away,Bryce Elder,,3.8,0.3874,UNDER,4.5,,OVER,8,0,-4.20,4.20,0.375279,0.948298,1,,OVER,0,4.200,UNDER
2250574,2026-05-10,ATL@LAD,810024,K_PROP,home,Roki Sasaki,,1.87,0.1437,UNDER,3.5,,OVER,7,0,-5.13,5.13,0.733250,1.940027,1,,OVER,1,0.870,UNDER
2250573,2026-05-10,STL@SD,810025,K_PROP,home,Walker Buehler,,2.95,0.2139,UNDER,4.5,,UNDER,2,1,0.95,0.95,0.045753,0.240671,1,,UNDER,1,-0.300,UNDER
2250573,2026-05-10,STL@SD,810026,K_PROP,away,Kyle Leahy,,2.39,0.2569,UNDER,3.5,,OVER,5,0,-2.61,2.61,0.552198,1.359068,1,,OVER,0,3.730,UNDER
2250575,2026-05-10,DET@KC,810027,K_PROP,home,Noah Cameron,,3.7,0.3663,UNDER,4.5,,UNDER,4,1,-0.30,0.30,0.134176,0.456180,1,,UNDER,1,0.210,UNDER
2250567,2026-05-10,HOU@CIN,810028,K_PROP,away,Peter Lambert,,4.03,0.4359,UNDER,4.5,,UNDER,1,1,3.03,3.03,0.190009,0.572524,1,,UNDER,0,-4.720,UNDER
2250575,2026-05-10,DET@KC,810029,K_PROP,away,Brenan Hanifee,,0,0.0300,UNDER,0.5,,UNDER,0,1,0.00,0.00,0.000900,0.030459,1,,UNDER,0,-2.490,UNDER
2250576,2026-05-11,LAA@CLE,810030,K_PROP,home,Slade Cecconi,,2.57,0.1468,UNDER,4.5,,UNDER,4,1,-1.43,1.43,0.021550,0.158761,1,,UNDER,1,0.870,UNDER
2250577,2026-05-11,NYY@BAL,810031,K_PROP,home,Brandon Young,,2.11,0.0802,UNDER,4.5,,OVER,5,0,-2.89,2.89,0.846032,2.523232,1,,OVER,0,2.900,UNDER
2250577,2026-05-11,NYY@BAL,810032,K_PROP,away,Will Warren,,6.41,0.6842,OVER,5.5,,OVER,9,1,-2.59,2.59,0.099730,0.379505,1,,OVER,1,1.000,PASS
2250578,2026-05-11,TB@TOR,810033,K_PROP,away,Shane McClanahan,,2.94,0.2128,UNDER,4.5,,OVER,6,0,-3.06,3.06,0.619684,1.547403,1,,OVER,0,3.060,UNDER
2250578,2026-05-11,TB@TOR,810034,K_PROP,home,Patrick Corbin,,1.73,0.1185,UNDER,3.5,,OVER,5,0,-3.27,3.27,0.777042,2.132842,1,,OVER,0,3.270,UNDER
2252886,2026-05-11,ARI@TEX,810035,K_PROP,away,Zac Gallen,,2.27,0.1004,UNDER,4.5,,OVER,5,0,-2.73,2.73,0.809280,2.298593,1,,OVER,0,2.730,UNDER
2252886,2026-05-11,ARI@TEX,810036,K_PROP,home,MacKenzie Gore,,3.54,0.1848,UNDER,5.5,,UNDER,2,1,1.54,1.54,0.034151,0.204322,1,,UNDER,1,-1.540,UNDER
2250579,2026-05-11,SEA@HOU,810037,K_PROP,home,Peter Lambert,,4.66,0.5613,OVER,4.5,,OVER,6,1,-1.34,1.34,0.192458,0.577500,1,,OVER,1,1.340,PASS
2250579,2026-05-11,SEA@HOU,810038,K_PROP,away,Bryan Woo,,2.74,0.0783,UNDER,5.5,,OVER,7,0,-4.26,4.26,0.849531,2.547208,1,,OVER,0,4.260,UNDER
2250580,2026-05-11,SF@LAD,810039,K_PROP,home,Yoshinobu Yamamoto,,3.52,0.0892,UNDER,6.5,,UNDER,5,1,-1.48,1.48,0.007957,0.093432,1,,UNDER,1,1.480,UNDER
2250580,2026-05-11,SF@LAD,810040,K_PROP,away,Adrian Houser,,1.5,0.0804,UNDER,3.5,,OVER,4,0,-2.50,2.50,0.845664,2.520741,1,,OVER,0,2.500,UNDER
2250576,2026-05-11,LAA@CLE,810041,K_PROP,away,Walbert Urena,,3.05,0.4139,UNDER,3.5,,UNDER,1,1,2.05,2.05,0.171313,0.534265,1,,UNDER,1,-2.050,UNDER
2250581,2026-05-12,LAA@CLE,810042,K_PROP,home,Parker Messick,,7.13,0.6424,OVER,6.5,,OVER,7,1,0.13,0.13,0.127878,0.442544,1,,OVER,1,-0.130,PASS
2250581,2026-05-12,LAA@CLE,810043,K_PROP,away,Reid Detmers,,3.32,0.1511,UNDER,5.5,,UNDER,4,1,-0.68,0.68,0.022831,0.163814,1,,UNDER,1,0.680,UNDER
2250582,2026-05-12,NYY@BAL,810044,K_PROP,away,Max Fried,,4.56,0.3664,UNDER,5.5,,OVER,6,0,-1.44,1.44,0.401449,1.004030,1,,OVER,0,1.440,UNDER
2250583,2026-05-12,WSH@CIN,810045,K_PROP,home,Nick Lodolo,,2.29,0.0391,UNDER,5.5,,UNDER,2,1,0.29,0.29,0.001529,0.039885,1,,UNDER,1,-0.290,PASS
2250584,2026-05-12,COL@PIT,810046,K_PROP,away,Jose Quintana,,1.31,0.0550,UNDER,3.5,,OVER,5,0,-3.69,3.69,0.893025,2.900422,1,,OVER,0,3.690,UNDER
2250584,2026-05-12,COL@PIT,810047,K_PROP,home,Mitch Keller,,3.49,0.3214,UNDER,4.5,,OVER,10,0,-6.51,6.51,0.460498,1.135069,1,,OVER,0,6.510,UNDER
2250583,2026-05-12,WSH@CIN,810048,K_PROP,away,Jake Irvin,,3.75,0.3756,UNDER,4.5,,UNDER,2,1,1.75,1.75,0.141075,0.470964,1,,UNDER,1,-1.750,UNDER
2250585,2026-05-12,PHI@BOS,810049,K_PROP,away,Andrew Painter,,2.96,0.2155,UNDER,4.5,,UNDER,4,1,-1.04,1.04,0.046440,0.242709,1,,UNDER,1,1.040,UNDER
2250586,2026-05-12,TB@TOR,810050,K_PROP,away,Griffin Jax,,2.8,0.1854,UNDER,4.5,,OVER,7,0,-4.20,4.20,0.663573,1.685240,1,,OVER,0,4.200,UNDER
2250586,2026-05-12,TB@TOR,810051,K_PROP,home,Dylan Cease,,6.17,0.4931,UNDER,6.5,,UNDER,1,1,5.17,5.17,0.243148,0.679442,1,,UNDER,1,-5.170,PASS
2250587,2026-05-12,DET@NYM,810052,K_PROP,away,Framber Valdez,,2.73,0.1742,UNDER,4.5,,UNDER,2,1,0.73,0.73,0.030346,0.191403,1,,UNDER,1,-0.730,UNDER
2250587,2026-05-12,DET@NYM,810053,K_PROP,home,Christian Scott,,3.22,0.2665,UNDER,4.5,,OVER,7,0,-3.78,3.78,0.538022,1.322381,1,,OVER,0,3.780,UNDER
2250588,2026-05-12,CHC@ATL,810054,K_PROP,home,JR Ritchie,,2.03,0.1771,UNDER,3.5,,OVER,5,0,-2.97,2.97,0.677164,1.731041,1,,OVER,0,2.970,UNDER
2250588,2026-05-12,CHC@ATL,810055,K_PROP,away,Shota Imanaga,,4.2,0.2992,UNDER,5.5,,UNDER,1,1,3.20,3.20,0.089521,0.355533,1,,UNDER,1,-3.200,UNDER
2250589,2026-05-12,KC@CWS,810056,K_PROP,home,Noah Schultz,,2.4,0.1195,UNDER,4.5,,UNDER,2,1,0.40,0.40,0.014280,0.127265,1,,UNDER,1,-0.400,UNDER
2250589,2026-05-12,KC@CWS,810057,K_PROP,away,Seth Lugo,,4.48,0.3517,UNDER,5.5,,OVER,6,0,-1.52,1.52,0.420293,1.044977,1,,OVER,0,1.520,UNDER
2250590,2026-05-12,MIA@MIN,810058,K_PROP,away,Max Meyer,,4.44,0.3440,UNDER,5.5,,OVER,8,0,-3.56,3.56,0.430336,1.067114,1,,OVER,0,3.560,UNDER
2250591,2026-05-12,SD@MIL,810059,K_PROP,home,Jacob Misiorowski,,6.93,0.4668,UNDER,7.5,,UNDER,6,1,0.93,0.93,0.217902,0.628859,1,,UNDER,1,-0.930,UNDER
2250590,2026-05-12,MIA@MIN,810060,K_PROP,home,Simeon Woods Richardson,,1.06,0.0300,UNDER,3.5,,OVER,7,0,-5.94,5.94,0.940900,3.506558,1,,OVER,0,5.940,UNDER
2250591,2026-05-12,SD@MIL,810061,K_PROP,away,Michael King,,3.52,0.1813,UNDER,5.5,,UNDER,1,1,2.52,2.52,0.032870,0.200038,1,,UNDER,1,-2.520,UNDER
2252900,2026-05-12,ARI@TEX,810062,K_PROP,away,Ryne Nelson,,2.99,0.2218,UNDER,4.5,,UNDER,4,1,-1.01,1.01,0.049195,0.250772,1,,UNDER,1,1.010,UNDER
2252900,2026-05-12,ARI@TEX,810063,K_PROP,home,Kumar Rocker,,2.38,0.2538,UNDER,3.5,,OVER,5,0,-2.62,2.62,0.556814,1.371209,1,,OVER,0,2.620,UNDER
2250592,2026-05-12,SEA@HOU,810064,K_PROP,away,Bryce Miller,,2.38,0.1162,UNDER,4.5,,OVER,9,0,-6.62,6.62,0.781102,2.152442,1,,OVER,0,6.620,UNDER
2250593,2026-05-12,STL@ATH,810065,K_PROP,home,J.T. Ginn,,2.8,0.1855,UNDER,4.5,,OVER,5,0,-2.20,2.20,0.663410,1.684700,1,,OVER,0,2.200,UNDER
2250593,2026-05-12,STL@ATH,810066,K_PROP,away,Matthew Liberatore,,2.12,0.0812,UNDER,4.5,,UNDER,4,1,-1.88,1.88,0.006593,0.084687,1,,UNDER,1,1.880,UNDER
2250594,2026-05-12,SF@LAD,810067,K_PROP,home,Yoshinobu Yamamoto,,3.83,0.1234,UNDER,6.5,,OVER,8,0,-4.17,4.17,0.768428,2.092324,1,,OVER,0,4.170,UNDER
2250594,2026-05-12,SF@LAD,810068,K_PROP,away,Robbie Ray,,3.47,0.1740,UNDER,5.5,,UNDER,4,1,-0.53,0.53,0.030276,0.191161,1,,UNDER,1,0.530,UNDER
2250582,2026-05-12,NYY@BAL,810069,K_PROP,home,Kyle Bradish,,3.96,0.2549,UNDER,5.5,,UNDER,3,1,0.96,0.96,0.064974,0.294237,1,,UNDER,1,-0.960,UNDER
2250585,2026-05-12,PHI@BOS,810070,K_PROP,home,Sonny Gray,,1.26,0.0300,UNDER,4.5,,UNDER,2,1,-0.74,0.74,0.000900,0.030459,1,,UNDER,1,0.740,UNDER
2250592,2026-05-12,SEA@HOU,810071,K_PROP,home,Lance McCullers,,3.64,0.2013,UNDER,5.5,,UNDER,3,1,0.64,0.64,0.040522,0.224770,1,,UNDER,1,-0.640,UNDER
2250596,2026-05-13,NYY@BAL,810072,K_PROP,home,Kyle Bradish,,4.33,0.3227,UNDER,5.5,,OVER,7,0,-2.67,2.67,0.458735,1.131032,1,,OVER,0,2.670,UNDER
2250596,2026-05-13,NYY@BAL,810073,K_PROP,away,Max Fried,,4.56,0.3666,UNDER,5.5,,UNDER,2,1,2.56,2.56,0.134396,0.456653,1,,UNDER,1,-2.560,UNDER
2250595,2026-05-13,LAA@CLE,810074,K_PROP,home,Parker Messick,,7.27,0.6620,OVER,6.5,,OVER,7,1,0.27,0.27,0.114244,0.412490,1,,OVER,1,-0.270,PASS
2250595,2026-05-13,LAA@CLE,810075,K_PROP,away,Reid Detmers,,3.54,0.1848,UNDER,5.5,,OVER,6,0,-2.46,2.46,0.664551,1.688481,1,,OVER,0,2.460,UNDER
2250597,2026-05-13,WSH@CIN,810076,K_PROP,home,Chase Burns,,3.45,0.0822,UNDER,6.5,,UNDER,6,1,-2.55,2.55,0.006757,0.085776,1,,OVER,0,3.560,UNDER
2250598,2026-05-13,COL@PIT,810077,K_PROP,away,Chase Dollander,,3.55,0.1867,UNDER,5.5,,UNDER,2,1,1.55,1.55,0.034857,0.206655,1,,UNDER,1,0.620,UNDER
2250598,2026-05-13,COL@PIT,810078,K_PROP,home,Mitch Keller,,3.29,0.2802,UNDER,4.5,,UNDER,3,1,0.29,0.29,0.078512,0.328782,1,,UNDER,1,-0.420,UNDER
2250597,2026-05-13,WSH@CIN,810079,K_PROP,away,Foster Griffin,,4.53,0.5357,OVER,4.5,,UNDER,4,0,0.53,0.53,0.286974,0.767224,1,,UNDER,1,0.140,OVER
2250599,2026-05-13,PHI@BOS,810080,K_PROP,home,Ranger Suarez,,3.57,0.3390,UNDER,4.5,,OVER,6,0,-2.43,2.43,0.436921,1.081755,1,,OVER,0,4.730,UNDER
2250599,2026-05-13,PHI@BOS,810081,K_PROP,away,Jesus Luzardo,,6.36,0.5246,UNDER,6.5,,UNDER,4,1,2.36,2.36,0.275205,0.743599,1,,UNDER,1,1.030,PASS
2250600,2026-05-13,TB@TOR,810082,K_PROP,away,Griffin Jax,,2.22,0.2183,UNDER,3.5,,UNDER,1,1,1.22,1.22,0.047655,0.246284,1,,UNDER,1,-1.880,UNDER
2250600,2026-05-13,TB@TOR,810083,K_PROP,home,Dylan Cease,,7.01,0.6255,OVER,6.5,,OVER,9,1,-1.99,1.99,0.140250,0.469204,1,,OVER,1,2.070,UNDER
2250601,2026-05-13,DET@NYM,810084,K_PROP,away,Keider Montero,,2.02,0.1750,UNDER,3.5,,OVER,7,0,-4.98,4.98,0.680625,1.742969,1,,OVER,0,4.230,UNDER
2250601,2026-05-13,DET@NYM,810085,K_PROP,home,Nolan McLean,,6.9,0.6092,OVER,6.5,,UNDER,5,0,1.90,1.90,0.371125,0.939559,1,,OVER,0,1.920,PASS
2250602,2026-05-13,CHC@ATL,810086,K_PROP,home,Chris Sale,,6.56,0.5574,OVER,6.5,,UNDER,4,0,2.56,2.56,0.310695,0.815089,1,,OVER,0,2.090,UNDER
2250602,2026-05-13,CHC@ATL,810087,K_PROP,away,Shota Imanaga,,4.17,0.2938,UNDER,5.5,,OVER,6,0,-1.83,1.83,0.498718,1.224856,1,,OVER,0,1.600,UNDER
2250603,2026-05-13,KC@CWS,810088,K_PROP,home,Noah Schultz,,2.59,0.1503,UNDER,4.5,,UNDER,3,1,-0.41,0.41,0.022590,0.162872,1,,UNDER,1,0.240,UNDER
2250603,2026-05-13,KC@CWS,810089,K_PROP,away,Kris Bubic,,4,0.2622,UNDER,5.5,,UNDER,4,1,0.00,0.00,0.068749,0.304082,1,,UNDER,1,-0.460,UNDER
2250604,2026-05-13,MIA@MIN,810090,K_PROP,away,Max Meyer,,4.98,0.4445,UNDER,5.5,,OVER,9,0,-4.02,4.02,0.308580,0.810805,1,,OVER,0,4.180,UNDER
2250605,2026-05-13,SD@MIL,810091,K_PROP,home,Kyle Harrison,,5.21,0.4873,UNDER,5.5,,OVER,10,0,-4.79,4.79,0.262861,0.718875,1,,OVER,0,3.060,UNDER
2250604,2026-05-13,MIA@MIN,810092,K_PROP,home,Zebby Matthews,,3.49,0.3217,UNDER,4.5,,UNDER,1,1,2.49,2.49,0.103491,0.388166,1,,UNDER,1,-0.100,UNDER
2250605,2026-05-13,SD@MIL,810093,K_PROP,away,Griffin Canning,,4.18,0.4668,UNDER,4.5,,OVER,5,0,-0.82,0.82,0.284302,0.761854,1,,UNDER,1,1.690,UNDER
2252915,2026-05-13,ARI@TEX,810094,K_PROP,away,Ryne Nelson,,3.06,0.2346,UNDER,4.5,,OVER,8,0,-4.94,4.94,0.585837,1.449873,1,,OVER,0,5.010,UNDER
2252915,2026-05-13,ARI@TEX,810095,K_PROP,home,Kumar Rocker,,2.17,0.2076,UNDER,3.5,,UNDER,3,1,-0.83,0.83,0.043098,0.232689,1,,UNDER,1,0.620,UNDER
2250606,2026-05-13,SEA@HOU,810096,K_PROP,home,Mike Burrows,,4.08,0.2766,UNDER,5.5,,OVER,6,0,-1.92,1.92,0.523308,1.285183,1,,OVER,0,2.320,UNDER
2250606,2026-05-13,SEA@HOU,810097,K_PROP,away,Luis Castillo,,3.16,0.1286,UNDER,5,,UNDER,3,1,0.16,0.16,0.016538,0.137654,1,,UNDER,1,0.870,UNDER
2250607,2026-05-13,STL@ATH,810098,K_PROP,home,Jacob Lopez,,1.54,0.0300,UNDER,4.5,,UNDER,3,1,-1.46,1.46,0.000900,0.030459,1,,UNDER,1,0.250,UNDER
2250607,2026-05-13,STL@ATH,810099,K_PROP,away,Michael McGreevy,,2.99,0.2214,UNDER,4.5,,OVER,5,0,-2.01,2.01,0.606218,1.507784,1,,OVER,0,2.520,UNDER
2250608,2026-05-13,SF@LAD,810100,K_PROP,away,Landen Roupp,,4.6,0.3727,UNDER,5.5,,UNDER,2,1,2.60,2.60,0.138905,0.466330,1,,UNDER,1,-2.600,UNDER
2250608,2026-05-13,SF@LAD,810101,K_PROP,home,Emmet Sheehan,,5.26,0.4966,UNDER,5.5,,OVER,8,0,-2.74,2.74,0.253412,0.699970,1,,OVER,0,2.820,UNDER
2250609,2026-05-14,COL@PIT,840001,K_PROP,away,Kyle Freeland,,3.73,0.5687,OVER,3.5,,UNDER,0,0,3.73,3.73,0.323420,0.840951,1,,UNDER,1,-3.530,OVER
2250610,2026-05-14,WSH@CIN,840002,K_PROP,home,Andrew Abbott,,2.51,0.1371,UNDER,4.5,,OVER,7,0,-4.49,4.49,0.744596,1.987045,1,,OVER,0,3.210,UNDER
2250610,2026-05-14,WSH@CIN,840003,K_PROP,away,Zack Littell,,1.79,0.1297,UNDER,3.5,,OVER,7,0,-5.21,5.21,0.757422,2.042531,1,,OVER,0,1.910,UNDER
2250611,2026-05-14,DET@NYM,840004,K_PROP,away,Ty Madden,,2.94,0.2128,UNDER,4.5,,UNDER,2,1,0.94,0.94,0.045284,0.239273,1,,UNDER,1,0.140,UNDER
2250611,2026-05-14,DET@NYM,840005,K_PROP,home,Clay Holmes,,3.13,0.2483,UNDER,4.5,,OVER,7,0,-3.87,3.87,0.565053,1.393118,1,,OVER,1,-0.080,UNDER
2250612,2026-05-14,MIA@MIN,840006,K_PROP,away,Janson Junk,,2.98,0.3972,UNDER,3.5,,UNDER,3,1,-0.02,0.02,0.157768,0.506170,1,,UNDER,0,-5.530,UNDER
2250613,2026-05-14,SD@MIL,840007,K_PROP,home,Kyle Harrison,,5.74,0.5809,OVER,5.5,,OVER,7,1,-1.26,1.26,0.175645,0.543177,1,,OVER,1,1.410,PASS
2250612,2026-05-14,MIA@MIN,840008,K_PROP,home,Joe Ryan,,3.76,0.2212,UNDER,5.5,,UNDER,5,1,-1.24,1.24,0.048929,0.250001,1,,OVER,0,2.040,UNDER
2250613,2026-05-14,SD@MIL,840009,K_PROP,away,Randy Vasquez,,3.1,0.2436,UNDER,4.5,,UNDER,2,1,1.10,1.10,0.059341,0.279185,1,,UNDER,1,-0.910,UNDER
2250614,2026-05-14,SEA@HOU,840010,K_PROP,home,Spencer Arrighetti,,3.58,0.1910,UNDER,5.5,,UNDER,4,1,-0.42,0.42,0.036481,0.211956,1,,UNDER,1,-0.070,UNDER
2250614,2026-05-14,SEA@HOU,840011,K_PROP,away,Emerson Hancock,,4.4,0.5103,UNDER,4.5,,OVER,6,0,-1.60,1.60,0.239806,0.672756,1,,OVER,0,2.610,OVER
2250615,2026-05-14,STL@ATH,840012,K_PROP,home,Jacob Lopez,,1.41,0.0300,UNDER,4.5,,UNDER,2,1,-0.59,0.59,0.000900,0.030459,1,,UNDER,1,0.590,UNDER
2250615,2026-05-14,STL@ATH,840013,K_PROP,away,Dustin May,,2.51,0.1361,UNDER,4.5,,UNDER,3,1,-0.49,0.49,0.018523,0.146298,1,,UNDER,1,-0.010,UNDER
2250616,2026-05-14,PHI@BOS,840014,K_PROP,home,Connelly Early,,2.9,0.2039,UNDER,4.5,,OVER,8,0,-5.10,5.10,0.633775,1.590126,1,,OVER,0,4.010,UNDER
2250616,2026-05-14,PHI@BOS,840015,K_PROP,away,Aaron Nola,,4.68,0.3883,UNDER,5.5,,UNDER,4,1,0.68,0.68,0.150777,0.491513,1,,UNDER,1,-0.620,PASS
2250617,2026-05-14,CHC@ATL,840016,K_PROP,home,Spencer Strider,,4.02,0.1469,UNDER,6.5,,OVER,8,0,-3.98,3.98,0.727780,1.918003,1,,OVER,0,1.310,UNDER
2250617,2026-05-14,CHC@ATL,840017,K_PROP,away,Edward Cabrera,,4.15,0.2895,UNDER,5.5,,OVER,7,0,-2.85,2.85,0.504810,1.239600,1,,OVER,0,2.960,UNDER
2250618,2026-05-14,KC@CWS,840018,K_PROP,home,Sean Burke,,2.48,0.1321,UNDER,4.5,,UNDER,4,1,-1.52,1.52,0.017450,0.141679,1,,UNDER,1,1.510,UNDER
2250618,2026-05-14,KC@CWS,840019,K_PROP,away,Michael Wacha,,3.2,0.2630,UNDER,4.5,,UNDER,4,1,-0.80,0.80,0.069169,0.305167,1,,UNDER,1,-0.700,UNDER
2250619,2026-05-14,SF@LAD,840020,K_PROP,home,Blake Snell,,6.33,0.5193,UNDER,6.5,,,,,,,,,1,missing-actual(possible-scratch),,,,PASS
2250619,2026-05-14,SF@LAD,840021,K_PROP,away,Landen Roupp,,4.74,0.3995,UNDER,5.5,,,,,,,,,1,missing-actual(possible-scratch),,,,UNDER
2250609,2026-05-14,COL@PIT,840022,K_PROP,home,Braxton Ashcraft,,4.15,0.2897,UNDER,5.5,,UNDER,3,1,1.15,1.15,0.083926,0.342068,1,,UNDER,1,-1.150,UNDER
2250620,2026-05-15,PHI@PIT,870001,K_PROP,away,Cristopher Sanchez,,8.06,0.7601,OVER,6.5,,UNDER,2,0,6.06,6.06,0.577752,1.427533,1,,UNDER,1,-2.390,PASS
2250620,2026-05-15,PHI@PIT,870002,K_PROP,home,Bubba Chandler,,1.95,0.0618,UNDER,4.5,,OVER,5,0,-3.05,3.05,0.880219,2.783852,1,,UNDER,1,1.460,UNDER
2250621,2026-05-15,BAL@WSH,870003,K_PROP,away,Chris Bassitt,,1.81,0.0482,UNDER,4.5,,UNDER,4,1,-2.19,2.19,0.002323,0.049400,1,,UNDER,1,1.270,UNDER
2250622,2026-05-15,TOR@DET,870004,K_PROP,home,Casey Mize,,3.6,0.3457,UNDER,4.5,,UNDER,1,1,2.60,2.60,0.119508,0.424189,1,,UNDER,1,-1.730,UNDER
2250622,2026-05-15,TOR@DET,870005,K_PROP,away,Trey Yesavage,,3.27,0.1446,UNDER,5.5,,OVER,6,0,-2.73,2.73,0.731709,1.933784,1,,OVER,0,2.730,UNDER
2250621,2026-05-15,BAL@WSH,870006,K_PROP,home,Cade Cavalli,,3.6,0.3443,UNDER,4.5,,UNDER,3,1,0.60,0.60,0.118542,0.422052,1,,UNDER,1,1.280,UNDER
2250623,2026-05-15,CIN@CLE,870007,K_PROP,away,Chris Paddack,,2.48,0.2770,UNDER,3.5,,UNDER,2,1,0.48,0.48,0.076729,0.324346,1,,UNDER,1,0.070,UNDER
2250623,2026-05-15,CIN@CLE,870008,K_PROP,home,Joey Cantillo,,3.38,0.3000,UNDER,4.5,,UNDER,2,1,1.38,1.38,0.090000,0.356675,1,,UNDER,1,-1.590,UNDER
2250624,2026-05-15,MIA@TB,870009,K_PROP,away,Sandy Alcantara,,2.17,0.0878,UNDER,4.5,,UNDER,4,1,-1.83,1.83,0.007709,0.091896,1,,UNDER,1,1.830,UNDER
2250629,2026-05-15,MIL@MIN,870010,K_PROP,home,Connor Prielipp,,3.08,0.2381,UNDER,4.5,,OVER,7,0,-3.92,3.92,0.580492,1.435065,1,,OVER,0,2.990,UNDER
2250624,2026-05-15,MIA@TB,870011,K_PROP,home,Nick Martinez,,2.31,0.1062,UNDER,4.5,,UNDER,2,1,0.31,0.31,0.011278,0.112273,1,,UNDER,1,-0.310,UNDER
2250625,2026-05-15,BOS@ATL,870012,K_PROP,home,Bryce Elder,,3.82,0.2307,UNDER,5.5,,UNDER,4,1,-0.18,0.18,0.053222,0.262274,1,,UNDER,1,-0.670,UNDER
2250625,2026-05-15,BOS@ATL,870013,K_PROP,away,Payton Tolle,,3.2,0.2619,UNDER,4.5,,OVER,6,0,-2.80,2.80,0.544792,1.339793,1,,OVER,0,3.520,UNDER
2250626,2026-05-15,NYY@NYM,870014,K_PROP,home,Clay Holmes,,3.85,0.3985,UNDER,4.5,,OVER,8,0,-4.15,4.15,0.361802,0.920048,1,,OVER,0,4.150,UNDER
2250626,2026-05-15,NYY@NYM,870015,K_PROP,away,Carlos Rodon,,3.57,0.1895,UNDER,5.5,,OVER,9,0,-5.43,5.43,0.656910,1.663366,1,,OVER,0,4.030,UNDER
2250627,2026-05-15,CHC@CWS,870016,K_PROP,away,Jameson Taillon,,3.53,0.3301,UNDER,4.5,,UNDER,2,1,1.53,1.53,0.108966,0.400627,1,,UNDER,1,-2.620,UNDER
2250627,2026-05-15,CHC@CWS,870017,K_PROP,home,Davis Martin,,4.48,0.5255,UNDER,4.5,,OVER,5,0,-0.52,0.52,0.225150,0.643405,1,,OVER,0,2.530,UNDER
2250628,2026-05-15,TEX@HOU,870018,K_PROP,home,Spencer Arrighetti,,2.8,0.0844,UNDER,5.5,,UNDER,5,1,-2.20,2.20,0.007123,0.088176,1,,UNDER,1,2.200,UNDER
2250628,2026-05-15,TEX@HOU,870019,K_PROP,away,Jacob deGrom,,5.84,0.2946,UNDER,7.5,,UNDER,6,1,-0.16,0.16,0.086789,0.348990,1,,UNDER,1,2.080,UNDER
2250630,2026-05-15,KC@STL,870020,K_PROP,away,Noah Cameron,,2.74,0.3389,UNDER,3.5,,OVER,5,0,-2.26,2.26,0.437053,1.082050,1,,OVER,0,2.260,UNDER
2250630,2026-05-15,KC@STL,870021,K_PROP,home,Kyle Leahy,,2.51,0.2851,UNDER,3.5,,UNDER,3,1,-0.49,0.49,0.081282,0.335613,1,,UNDER,1,0.490,UNDER
2252941,2026-05-15,ARI@COL,870022,K_PROP,away,Eduardo Rodriguez,,2.71,0.1700,UNDER,4.5,,UNDER,3,1,-0.29,0.29,0.028900,0.186330,1,,UNDER,1,0.290,UNDER
2252941,2026-05-15,ARI@COL,870023,K_PROP,home,Tomoyuki Sugano,,1.6,0.2488,UNDER,2.5,,OVER,3,0,-1.40,1.40,0.564301,1.391106,1,,OVER,0,1.400,UNDER
2250631,2026-05-15,LAD@LAA,870024,K_PROP,home,Jose Soriano,,5.13,0.4721,UNDER,5.5,,UNDER,4,1,1.13,1.13,0.222878,0.638848,1,,UNDER,1,-1.130,UNDER
2250631,2026-05-15,LAD@LAA,870025,K_PROP,away,Justin Wrobleski,,1.82,0.0300,UNDER,5.5,,UNDER,2,1,-0.18,0.18,0.000900,0.030459,1,,UNDER,1,0.180,UNDER
2250633,2026-05-15,SF@ATH,870026,K_PROP,home,Luis Severino,,2.96,0.2159,UNDER,4.5,,UNDER,2,1,0.96,0.96,0.046613,0.243219,1,,UNDER,1,-0.960,UNDER
2250632,2026-05-15,SD@SEA,870027,K_PROP,away,Walker Buehler,,3.18,0.4439,UNDER,3.5,,UNDER,3,1,0.18,0.18,0.197047,0.586807,1,,UNDER,1,-0.430,UNDER
2250632,2026-05-15,SD@SEA,870028,K_PROP,home,Logan Gilbert,,4.46,0.2081,UNDER,6.5,,UNDER,6,1,-1.54,1.54,0.043306,0.233320,1,,OVER,0,1.460,UNDER
2250633,2026-05-15,SF@ATH,870029,K_PROP,away,Trevor McDonald,,5.46,0.6967,OVER,4.5,,OVER,6,1,-0.54,0.54,0.091991,0.361400,1,,OVER,1,0.540,OVER
2250629,2026-05-15,MIL@MIN,870030,K_PROP,away,Logan Henderson,,5.47,0.5345,OVER,5.5,,UNDER,3,0,2.47,2.47,0.285690,0.764643,1,,UNDER,1,0.560,UNDER
2250634,2026-05-16,TOR@DET,900001,K_PROP,home,Jack Flaherty,,2.94,0.2121,UNDER,4.5,,UNDER,4,1,-1.06,1.06,0.044986,0.238384,1,,UNDER,1,0.630,UNDER
2250635,2026-05-16,KC@STL,900002,K_PROP,away,Stephen Kolek,,3.89,0.6001,OVER,3.5,,OVER,4,1,-0.11,0.11,0.159920,0.510659,1,,UNDER,1,1.140,OVER
2250635,2026-05-16,KC@STL,900003,K_PROP,home,Andre Pallante,,2.74,0.3399,UNDER,3.5,,UNDER,2,1,0.74,0.74,0.115532,0.415364,1,,UNDER,1,-0.220,UNDER
2252947,2026-05-16,ARI@COL,900004,K_PROP,away,Michael Soroka,,4.6,0.3741,UNDER,5.5,,OVER,6,0,-1.40,1.40,0.391751,0.983232,1,,OVER,0,2.930,PASS
2252947,2026-05-16,ARI@COL,900005,K_PROP,home,Michael Lorenzen,,1.95,0.1609,UNDER,3.5,,UNDER,1,1,0.95,0.95,0.025889,0.175425,1,,UNDER,1,-0.410,UNDER
2250636,2026-05-16,BAL@WSH,900006,K_PROP,away,Brandon Young,,1.82,0.1355,UNDER,3.5,,OVER,4,0,-2.18,2.18,0.747360,1.998784,1,,OVER,0,2.130,UNDER
2250637,2026-05-16,PHI@PIT,900007,K_PROP,away,Zack Wheeler,,4.54,0.2196,UNDER,6.5,,OVER,13,0,-8.46,8.46,0.609024,1.515948,1,,OVER,1,4.110,UNDER
2250637,2026-05-16,PHI@PIT,900008,K_PROP,home,Paul Skenes,,5.46,0.3712,UNDER,6.5,,UNDER,2,1,3.46,3.46,0.137789,0.463942,1,,UNDER,1,0.120,UNDER
2250636,2026-05-16,BAL@WSH,900009,K_PROP,home,Miles Mikolas,,2.8,0.3539,UNDER,3.5,,OVER,8,0,-5.20,5.20,0.417445,1.038741,1,,OVER,0,4.310,UNDER
2250638,2026-05-16,MIA@TB,900010,K_PROP,away,Eury Perez,,3.05,0.1146,UNDER,5.5,,OVER,6,0,-2.95,2.95,0.783933,2.166307,1,,OVER,0,3.600,UNDER
2250638,2026-05-16,MIA@TB,900011,K_PROP,home,Drew Rasmussen,,4.11,0.2832,UNDER,5.5,,UNDER,4,1,0.11,0.11,0.080202,0.332958,1,,OVER,0,1.550,UNDER
2250639,2026-05-16,CIN@CLE,900012,K_PROP,away,Brady Singer,,2.02,0.1746,UNDER,3.5,,UNDER,3,1,-0.98,0.98,0.030485,0.191887,1,,UNDER,1,0.980,UNDER
2250639,2026-05-16,CIN@CLE,900013,K_PROP,home,Gavin Williams,,5.28,0.2120,UNDER,7.5,,UNDER,4,1,1.28,1.28,0.044944,0.238257,1,,UNDER,1,-1.280,UNDER
2250641,2026-05-16,CHC@CWS,900014,K_PROP,away,Colin Rea,,4.04,0.4373,UNDER,4.5,,UNDER,2,1,2.04,2.04,0.191231,0.575009,1,,UNDER,1,-2.040,UNDER
2250641,2026-05-16,CHC@CWS,900015,K_PROP,home,Erick Fedde,,2.19,0.2104,UNDER,3.5,,OVER,7,0,-4.81,4.81,0.623468,1.558745,1,,OVER,0,4.810,UNDER
2250642,2026-05-16,MIL@MIN,900016,K_PROP,away,Robert Gasser,,2.99,0.4003,UNDER,3.5,,OVER,7,0,-4.01,4.01,0.359640,0.915541,1,,OVER,1,1.340,UNDER
2250642,2026-05-16,MIL@MIN,900017,K_PROP,home,Bailey Ober,,2.21,0.0931,UNDER,4.5,,OVER,8,0,-5.79,5.79,0.822468,2.374081,1,,OVER,0,4.370,UNDER
2250640,2026-05-16,TEX@HOU,900018,K_PROP,away,Nathan Eovaldi,,4.3,0.3172,UNDER,5.5,,UNDER,4,1,0.30,0.30,0.100616,0.381553,1,,UNDER,1,-1.800,UNDER
2250644,2026-05-16,BOS@ATL,900019,K_PROP,home,Grant Holmes,,2.66,0.1614,UNDER,4.5,,UNDER,3,1,-0.34,0.34,0.026050,0.176021,1,,UNDER,1,-0.650,UNDER
2250644,2026-05-16,BOS@ATL,900020,K_PROP,away,Brayan Bello,,2.25,0.0975,UNDER,4.5,,UNDER,3,1,-0.75,0.75,0.009506,0.102587,1,,UNDER,1,0.290,PASS
2250645,2026-05-16,NYY@NYM,900021,K_PROP,away,Elmer Rodriguez,,2.98,0.3979,UNDER,3.5,,OVER,6,0,-3.02,3.02,0.362524,0.921555,1,,OVER,0,3.020,UNDER
2250643,2026-05-16,SD@SEA,900022,K_PROP,away,Lucas Giolito,,3.55,0.3349,UNDER,4.5,,OVER,6,0,-2.45,2.45,0.442358,1.093923,1,,OVER,0,2.740,UNDER
2250643,2026-05-16,SD@SEA,900023,K_PROP,home,George Kirby,,3.97,0.2570,UNDER,5.5,,UNDER,5,1,-1.03,1.03,0.066049,0.297059,1,,UNDER,1,0.830,UNDER
2250646,2026-05-16,LAD@LAA,900024,K_PROP,home,Grayson Rodriguez,,3.48,0.1761,UNDER,5.5,,OVER,6,0,-2.52,2.52,0.678811,1.736703,1,,OVER,0,2.520,UNDER
2250646,2026-05-16,LAD@LAA,900025,K_PROP,away,Roki Sasaki,,2.4,0.0472,UNDER,5.5,,UNDER,5,1,-2.60,2.60,0.002228,0.048350,1,,UNDER,1,2.600,UNDER
2250647,2026-05-16,SF@ATH,900026,K_PROP,home,Jeffrey Springs,,3.06,0.2352,UNDER,4.5,,OVER,7,0,-3.94,3.94,0.584919,1.447319,1,,OVER,0,3.880,UNDER
2250647,2026-05-16,SF@ATH,900027,K_PROP,away,Adrian Houser,,1.63,0.1002,UNDER,3.5,,OVER,5,0,-3.37,3.37,0.809640,2.300587,1,,OVER,1,-0.160,UNDER
2250640,2026-05-16,TEX@HOU,900028,K_PROP,home,Peter Lambert,,3.92,0.4122,UNDER,4.5,,OVER,7,0,-3.08,3.08,0.345509,0.886247,1,,OVER,1,2.410,UNDER
2250645,2026-05-16,NYY@NYM,900029,K_PROP,home,Freddy Peralta,,4.16,0.1647,UNDER,6.5,,UNDER,2,1,2.16,2.16,0.027126,0.179964,1,,UNDER,1,-2.140,UNDER
2250634,2026-05-16,TOR@DET,900030,K_PROP,away,Kevin Gausman,,3.78,0.2246,UNDER,5.5,,UNDER,3,1,0.78,0.78,0.050445,0.254376,1,,UNDER,1,-0.780,UNDER
2250648,2026-05-17,MIA@TB,900031,K_PROP,away,Max Meyer,,3.98,0.4238,UNDER,4.5,,OVER,5,0,-1.02,1.02,0.332006,0.858494,1,,UNDER,1,2.140,UNDER
2250648,2026-05-17,MIA@TB,900032,K_PROP,home,Shane McClanahan,,3.93,0.2507,UNDER,5.5,,UNDER,2,1,1.93,1.93,0.062850,0.288616,1,,UNDER,1,-1.620,UNDER
2250651,2026-05-17,BOS@ATL,900033,K_PROP,home,JR Ritchie,,2.17,0.0876,UNDER,4.5,,UNDER,4,1,-1.83,1.83,0.007674,0.091677,1,,UNDER,1,1.430,UNDER
2250649,2026-05-17,BAL@WSH,900034,K_PROP,away,Trevor Rogers,,3.32,0.2871,UNDER,4.5,,UNDER,3,1,0.32,0.32,0.082426,0.338414,1,,UNDER,1,1.080,UNDER
2250651,2026-05-17,BOS@ATL,900035,K_PROP,away,Sonny Gray,,1.69,0.0378,UNDER,4.5,,UNDER,1,1,0.69,0.69,0.001429,0.038533,1,,UNDER,1,-0.980,UNDER
2250650,2026-05-17,PHI@PIT,900036,K_PROP,away,Andrew Painter,,2.92,0.2080,UNDER,4.5,,OVER,8,0,-5.08,5.08,0.627264,1.570217,1,,OVER,0,2.990,UNDER
2250650,2026-05-17,PHI@PIT,900037,K_PROP,home,Paul Skenes,,5.68,0.4099,UNDER,6.5,,OVER,7,0,-1.32,1.32,0.348218,0.891842,1,,OVER,0,1.450,UNDER
2250649,2026-05-17,BAL@WSH,900038,K_PROP,home,Jake Irvin,,3.94,0.4159,UNDER,4.5,,UNDER,1,1,2.94,2.94,0.172973,0.537683,1,,UNDER,1,-2.250,UNDER
2250652,2026-05-17,CIN@CLE,900039,K_PROP,away,Nick Lodolo,,2.08,0.0300,UNDER,5.5,,OVER,6,0,-3.92,3.92,0.940900,3.506558,1,,OVER,0,3.640,UNDER
2250652,2026-05-17,CIN@CLE,900040,K_PROP,home,Slade Cecconi,,2.67,0.3241,UNDER,3.5,,OVER,7,0,-4.33,4.33,0.456841,1.126703,1,,UNDER,1,1.540,UNDER
2250653,2026-05-17,TOR@DET,900041,K_PROP,home,Framber Valdez,,2.83,0.1920,UNDER,4.5,,UNDER,4,1,-1.17,1.17,0.036864,0.213193,1,,UNDER,1,1.080,UNDER
2250654,2026-05-17,NYY@NYM,900042,K_PROP,home,Christian Scott,,3.53,0.3309,UNDER,4.5,,UNDER,4,1,-0.47,0.47,0.109495,0.401822,1,,UNDER,1,-0.340,UNDER
2250654,2026-05-17,NYY@NYM,900043,K_PROP,away,Ryan Weathers,,6,0.6229,OVER,5.5,,UNDER,1,0,5.00,5.00,0.388004,0.975245,1,,UNDER,1,-0.210,PASS
2250653,2026-05-17,TOR@DET,900044,K_PROP,away,Patrick Corbin,,1.85,0.1405,UNDER,3.5,,OVER,5,0,-3.15,3.15,0.738740,1.962548,1,,UNDER,1,0.880,UNDER
2250656,2026-05-17,CHC@CWS,900045,K_PROP,away,Shota Imanaga,,5.02,0.4526,UNDER,5.5,,UNDER,4,1,1.02,1.02,0.204847,0.602575,1,,UNDER,1,-0.060,UNDER
2250656,2026-05-17,CHC@CWS,900046,K_PROP,home,Noah Schultz,,2.59,0.1496,UNDER,4.5,,UNDER,2,1,0.59,0.59,0.022380,0.162048,1,,UNDER,1,-0.020,UNDER
2250655,2026-05-17,TEX@HOU,900047,K_PROP,home,Peter Lambert,,3.82,0.3905,UNDER,4.5,,OVER,6,0,-2.18,2.18,0.371490,0.940327,1,,OVER,0,2.740,UNDER
2250657,2026-05-17,MIL@MIN,900048,K_PROP,away,Brandon Sproat,,3.65,0.5499,OVER,3.5,,UNDER,3,0,0.65,0.65,0.302390,0.798285,1,,UNDER,1,0.430,PASS
2250657,2026-05-17,MIL@MIN,900049,K_PROP,home,Bailey Ober,,2.01,0.0684,UNDER,4.5,,UNDER,1,1,1.01,1.01,0.004679,0.070852,1,,UNDER,1,-1.050,UNDER
2250655,2026-05-17,TEX@HOU,900050,K_PROP,away,MacKenzie Gore,,3.21,0.0612,UNDER,6.5,,OVER,8,0,-4.79,4.79,0.881345,2.793608,1,,OVER,0,3.540,UNDER
2250658,2026-05-17,KC@STL,900051,K_PROP,away,Seth Lugo,,3.74,0.3740,UNDER,4.5,,UNDER,3,1,0.74,0.74,0.139876,0.468405,1,,UNDER,1,-0.350,OVER
2250658,2026-05-17,KC@STL,900052,K_PROP,home,Andre Pallante,,2.71,0.3321,UNDER,3.5,,OVER,7,0,-4.29,4.29,0.446090,1.102319,1,,OVER,0,4.300,UNDER
2252971,2026-05-17,ARI@COL,900053,K_PROP,away,Zac Gallen,,2.66,0.3206,UNDER,3.5,,OVER,8,0,-5.34,5.34,0.461584,1.137561,1,,OVER,0,2.810,UNDER
2252971,2026-05-17,ARI@COL,900054,K_PROP,home,Jose Quintana,,1,0.0300,UNDER,3.5,,OVER,5,0,-4.00,4.00,0.940900,3.506558,1,,OVER,0,4.000,UNDER
2250659,2026-05-17,SF@ATH,900055,K_PROP,home,J.T. Ginn,,2.31,0.0410,UNDER,5.5,,UNDER,3,1,-0.69,0.69,0.001681,0.041864,1,,UNDER,1,0.080,UNDER
2250659,2026-05-17,SF@ATH,900056,K_PROP,away,Robbie Ray,,3.62,0.3503,UNDER,4.5,,UNDER,3,1,0.62,0.62,0.122710,0.431245,1,,UNDER,1,1.230,OVER
2250660,2026-05-17,LAD@LAA,900057,K_PROP,home,Walbert Urena,,2.92,0.2087,UNDER,4.5,,UNDER,4,1,-1.08,1.08,0.043556,0.234078,1,,UNDER,1,-0.230,UNDER
2250660,2026-05-17,LAD@LAA,900058,K_PROP,away,Yoshinobu Yamamoto,,4.89,0.2750,UNDER,6.5,,OVER,8,0,-3.11,3.11,0.525625,1.290984,1,,OVER,0,5.540,UNDER
2250661,2026-05-17,SD@SEA,900059,K_PROP,away,Michael King,,4.06,0.2733,UNDER,5.5,,UNDER,3,1,1.06,1.06,0.074693,0.319242,1,,UNDER,1,-1.040,UNDER
2250661,2026-05-17,SD@SEA,900060,K_PROP,home,Bryan Woo,,3.4,0.0779,UNDER,6.5,,UNDER,6,1,-2.60,2.60,0.006068,0.081102,1,,OVER,0,1.930,UNDER
2250665,2026-05-18,ATL@MIA,900061,K_PROP,away,Martin Perez,,3.35,0.4835,UNDER,3.5,,OVER,4,0,-0.65,0.65,0.266772,0.726704,1,,OVER,0,0.650,UNDER
2250663,2026-05-18,BAL@TB,900062,K_PROP,away,Kyle Bradish,,3.2,0.1346,UNDER,5.5,,UNDER,3,1,0.20,0.20,0.018117,0.144563,1,,UNDER,1,-0.200,UNDER
2250664,2026-05-18,CIN@PHI,900063,K_PROP,away,Chase Burns,,3.46,0.0830,UNDER,6.5,,UNDER,3,1,0.46,0.46,0.006889,0.086648,1,,UNDER,1,-0.460,UNDER
2250662,2026-05-18,CLE@DET,900064,K_PROP,away,Parker Messick,,6.19,0.6518,OVER,5.5,,UNDER,4,0,2.19,2.19,0.424843,1.054978,1,,UNDER,0,-2.190,PASS
2250662,2026-05-18,CLE@DET,900065,K_PROP,home,Keider Montero,,1.89,0.1488,UNDER,3.5,,UNDER,3,1,-1.11,1.11,0.022141,0.161108,1,,UNDER,1,1.110,UNDER
2250665,2026-05-18,ATL@MIA,900066,K_PROP,home,Braxton Garrett,,6.53,0.8284,OVER,4.5,,OVER,6,1,0.53,0.53,0.029447,0.188259,1,,OVER,1,-0.530,OVER
2250664,2026-05-18,CIN@PHI,900067,K_PROP,home,Jesus Luzardo,,8.36,0.7910,OVER,6.5,,UNDER,3,0,5.36,5.36,0.625681,1.565421,1,,UNDER,0,-5.360,PASS
2250663,2026-05-18,BAL@TB,900068,K_PROP,home,Griffin Jax,,2.8,0.1863,UNDER,4.5,,OVER,6,0,-3.20,3.20,0.662108,1.680397,1,,OVER,0,3.200,UNDER
2250666,2026-05-18,NYM@WSH,900069,K_PROP,away,Nolan McLean,,6.72,0.5828,OVER,6.5,,UNDER,5,0,1.72,1.72,0.339656,0.874190,1,,UNDER,0,-1.720,UNDER
2250666,2026-05-18,NYM@WSH,900070,K_PROP,home,Foster Griffin,,3.68,0.2075,UNDER,5.5,,OVER,6,0,-2.32,2.32,0.628056,1.572624,1,,OVER,0,2.320,UNDER
2250667,2026-05-18,TOR@NYY,900071,K_PROP,home,Will Warren,,4.73,0.3988,UNDER,5.5,,OVER,7,0,-2.27,2.27,0.361441,0.919295,1,,OVER,0,2.270,UNDER
2250667,2026-05-18,TOR@NYY,900072,K_PROP,away,Dylan Cease,,8.25,0.6594,OVER,7.5,,UNDER,3,0,5.25,5.25,0.434808,1.077047,1,,UNDER,0,-5.250,PASS
2250668,2026-05-18,BOS@KC,900073,K_PROP,away,Ranger Suarez,,3.48,0.3210,UNDER,4.5,,OVER,9,0,-5.52,5.52,0.461041,1.136314,1,,OVER,0,5.520,UNDER
2250670,2026-05-18,MIL@CHC,900074,K_PROP,home,Shota Imanaga,,4.52,0.3577,UNDER,5.5,,UNDER,2,1,2.52,2.52,0.127949,0.442700,1,,UNDER,1,-2.520,UNDER
2250668,2026-05-18,BOS@KC,900075,K_PROP,home,Bailey Falter,,1.83,0.5846,OVER,1.5,,OVER,5,1,-3.17,3.17,0.172557,0.536827,1,,OVER,1,3.170,PASS
2250670,2026-05-18,MIL@CHC,900076,K_PROP,away,Jacob Misiorowski,,6.34,0.3737,UNDER,7.5,,UNDER,5,1,1.34,1.34,0.139652,0.467926,1,,UNDER,1,-1.340,PASS
2250671,2026-05-18,TEX@COL,900077,K_PROP,home,Jose Quintana,,1.42,0.0683,UNDER,3.5,,OVER,4,0,-2.58,2.58,0.868065,2.683846,1,,OVER,0,2.580,UNDER
2250671,2026-05-18,TEX@COL,900078,K_PROP,away,Kumar Rocker,,2.24,0.2218,UNDER,3.5,,UNDER,2,1,0.24,0.24,0.049195,0.250772,1,,UNDER,1,-0.240,UNDER
2250672,2026-05-18,ATH@LAA,900079,K_PROP,away,Jacob Lopez,,2.08,0.0300,UNDER,5.5,,OVER,10,0,-7.92,7.92,0.940900,3.506558,1,,OVER,0,7.920,UNDER
2250672,2026-05-18,ATH@LAA,900080,K_PROP,home,Reid Detmers,,4.63,0.2339,UNDER,6.5,,UNDER,4,1,0.63,0.63,0.054709,0.266443,1,,UNDER,1,-0.630,UNDER
2252987,2026-05-18,SF@ARI,900081,K_PROP,home,Ryne Nelson,,2.78,0.1826,UNDER,4.5,,OVER,5,0,-2.22,2.22,0.668143,1.700457,1,,OVER,0,2.220,UNDER
2250674,2026-05-18,CWS@SEA,900082,K_PROP,away,Noah Schultz,,2.67,0.1622,UNDER,4.5,,OVER,6,0,-3.33,3.33,0.701909,1.818925,1,,OVER,0,3.330,UNDER
2250673,2026-05-18,LAD@SD,900083,K_PROP,away,Emmet Sheehan,,5.62,0.5600,OVER,5.5,,OVER,8,1,-2.38,2.38,0.193600,0.579818,1,,OVER,1,2.380,UNDER
2250673,2026-05-18,LAD@SD,900084,K_PROP,home,Griffin Canning,,2.99,0.2217,UNDER,4.5,,OVER,9,0,-6.01,6.01,0.605751,1.506430,1,,OVER,0,6.010,UNDER
2250674,2026-05-18,CWS@SEA,900085,K_PROP,home,Bryce Miller,,2.66,0.3200,UNDER,3.5,,OVER,8,0,-5.34,5.34,0.462400,1.139434,1,,OVER,0,5.340,UNDER
2252987,2026-05-18,SF@ARI,900086,K_PROP,away,Landen Roupp,,4.95,0.6130,OVER,4.5,,UNDER,1,0,3.95,3.95,0.375769,0.949331,1,,UNDER,0,-3.950,OVER
2250669,2026-05-18,HOU@MIN,900087,K_PROP,away,Lance McCullers,,3.41,0.3062,UNDER,4.5,,OVER,5,0,-1.59,1.59,0.481358,1.183517,1,,OVER,0,1.590,UNDER
2250669,2026-05-18,HOU@MIN,900089,K_PROP,home,Zebby Matthews,,2.92,0.0983,UNDER,5.5,,UNDER,3,1,-0.08,0.08,0.009663,0.103473,1,,UNDER,1,0.080,UNDER
2250675,2026-05-19,ATL@MIA,930001,K_PROP,away,Martin Perez,,3.56,0.5312,OVER,3.5,,,,,,,,,1,missing-actual(possible-scratch),,,,UNDER
2250675,2026-05-19,ATL@MIA,930002,K_PROP,home,Braxton Garrett,,6.95,0.8500,OVER,4.5,,,,,,,,,1,missing-actual(possible-scratch),,,,OVER
2250677,2026-05-19,BAL@TB,930003,K_PROP,away,Shane Baz,,3.3,0.1487,UNDER,4.5,,,,,,,,,1,missing-actual(possible-scratch),,,,UNDER
2250678,2026-05-19,CIN@PHI,930004,K_PROP,away,Andrew Abbott,,3.56,0.0935,UNDER,4.5,,,,,,,,,1,missing-actual(possible-scratch),,,,UNDER
2250676,2026-05-19,CLE@DET,930005,K_PROP,away,Parker Messick,,6.19,0.6518,OVER,5.5,,,,,,,,,1,missing-actual(possible-scratch),,,,PASS
2250676,2026-05-19,CLE@DET,930006,K_PROP,home,Keider Montero,,1.89,0.1488,UNDER,3.5,,,,,,,,,1,missing-actual(possible-scratch),,,,UNDER
2250678,2026-05-19,CIN@PHI,930007,K_PROP,home,Aaron Nola,,7.74,0.7231,OVER,5.5,,,,,,,,,1,missing-actual(possible-scratch),,,,PASS
2250677,2026-05-19,BAL@TB,930008,K_PROP,home,Griffin Jax,,2.89,0.2022,UNDER,4.5,,,,,,,,,1,missing-actual(possible-scratch),,,,UNDER
2250679,2026-05-19,NYM@WSH,930009,K_PROP,away,Nolan McLean,,6.4,0.5319,UNDER,6.5,,,,,,,,,1,missing-actual(possible-scratch),,,,PASS
2250679,2026-05-19,NYM@WSH,930010,K_PROP,home,Foster Griffin,,3.68,0.2075,UNDER,5.5,,,,,,,,,1,missing-actual(possible-scratch),,,,UNDER
2250680,2026-05-19,TOR@NYY,930011,K_PROP,home,Will Warren,,4.88,0.4263,UNDER,5.5,,,,,,,,,1,missing-actual(possible-scratch),,,,UNDER
2250680,2026-05-19,TOR@NYY,930012,K_PROP,away,Dylan Cease,,8.25,0.6594,OVER,7.5,,,,,,,,,1,missing-actual(possible-scratch),,,,PASS
2250681,2026-05-19,BOS@KC,930013,K_PROP,away,Ranger Suarez,,3.71,0.3676,UNDER,4.5,,,,,,,,,1,missing-actual(possible-scratch),,,,UNDER
2250682,2026-05-19,HOU@MIN,930014,K_PROP,away,Mike Burrows,,3.41,0.3062,UNDER,4.5,,,,,,,,,1,missing-actual(possible-scratch),,,,UNDER
2250681,2026-05-19,BOS@KC,930015,K_PROP,home,Bailey Falter,,1.83,0.5846,OVER,1.5,,,,,,,,,1,missing-actual(possible-scratch),,,,PASS
2250683,2026-05-19,MIL@CHC,930016,K_PROP,away,Jacob Misiorowski,,6.54,0.4051,UNDER,7.5,,,,,,,,,1,missing-actual(possible-scratch),,,,UNDER
2250682,2026-05-19,HOU@MIN,930017,K_PROP,home,Joe Ryan,,3.01,0.1093,UNDER,6.5,,,,,,,,,1,missing-actual(possible-scratch),,,,UNDER
2250684,2026-05-19,PIT@STL,930018,K_PROP,away,Mitch Keller,,2.96,0.2162,UNDER,4.5,,,,,,,,,1,missing-actual(possible-scratch),,,,UNDER
2250684,2026-05-19,PIT@STL,930019,K_PROP,home,Matthew Liberatore,,2.39,0.1174,UNDER,4.5,,,,,,,,,1,missing-actual(possible-scratch),,,,UNDER
2250685,2026-05-19,TEX@COL,930020,K_PROP,away,Jack Leiter,,2.31,0.2374,UNDER,5.5,,,,,,,,,1,missing-actual(possible-scratch),,,,UNDER
2250686,2026-05-19,ATH@LAA,930021,K_PROP,away,Jacob Lopez,,1.93,0.0300,UNDER,5.5,,,,,,,,,1,missing-actual(possible-scratch),,,,UNDER
2250686,2026-05-19,ATH@LAA,930022,K_PROP,home,Reid Detmers,,4.63,0.2339,UNDER,6.5,,,,,,,,,1,missing-actual(possible-scratch),,,,UNDER
2253002,2026-05-19,SF@ARI,930023,K_PROP,home,Merrill Kelly,,2.78,0.1826,UNDER,4.5,,,,,,,,,1,missing-actual(possible-scratch),,,,UNDER
2250687,2026-05-19,LAD@SD,930024,K_PROP,away,Emmet Sheehan,,5.79,0.5893,OVER,5.5,,,,,,,,,1,missing-actual(possible-scratch),,,,PASS
2250687,2026-05-19,LAD@SD,930025,K_PROP,home,Griffin Canning,,2.99,0.2217,UNDER,4.5,,,,,,,,,1,missing-actual(possible-scratch),,,,UNDER
2250688,2026-05-19,CWS@SEA,930026,K_PROP,home,Bryce Miller,,2.53,0.2898,UNDER,3.5,,,,,,,,,1,missing-actual(possible-scratch),,,,PASS
2253002,2026-05-19,SF@ARI,930027,K_PROP,away,Landen Roupp,,5.1,0.6393,OVER,4.5,,,,,,,,,1,missing-actual(possible-scratch),,,,UNDER
2250689,2026-05-20,CIN@PHI,960002,K_PROP,away,Andrew Abbott,,2.45,0.1267,UNDER,4.5,,UNDER,3,1,-0.55,0.55,0.016053,0.135476,1,,UNDER,1,0.550,UNDER
2250689,2026-05-20,CIN@PHI,960003,K_PROP,home,Aaron Nola,,4.49,0.3534,UNDER,5.5,,UNDER,5,1,-0.51,0.51,0.124892,0.436027,1,,UNDER,1,0.510,UNDER
2250690,2026-05-20,BAL@TB,960004,K_PROP,away,Shane Baz,,2.52,0.1383,UNDER,4.5,,OVER,6,0,-3.48,3.48,0.742527,1.978330,1,,OVER,0,3.480,UNDER
2250691,2026-05-20,HOU@MIN,960005,K_PROP,away,Mike Burrows,,3.65,0.3564,UNDER,4.5,,UNDER,2,1,1.65,1.65,0.127021,0.440678,1,,UNDER,1,-1.650,UNDER
2250691,2026-05-20,HOU@MIN,960006,K_PROP,home,Joe Ryan,,4.03,0.1479,UNDER,6.5,,OVER,9,0,-4.97,4.97,0.726074,1.911219,1,,OVER,0,4.970,UNDER
2250692,2026-05-20,TEX@COL,960007,K_PROP,home,Kyle Freeland,,4.01,0.4306,UNDER,4.5,,,,,,,,,1,missing-actual(possible-scratch),,,,UNDER
2250692,2026-05-20,TEX@COL,960008,K_PROP,away,Jack Leiter,,4.52,0.3591,UNDER,5.5,,,,,,,,,1,missing-actual(possible-scratch),,,,UNDER
2253008,2026-05-20,SF@ARI,960009,K_PROP,home,Eduardo Rodriguez,,2.21,0.0343,UNDER,5.5,,,,,,,,,1,missing-actual(possible-scratch),,,,UNDER
2253008,2026-05-20,SF@ARI,960010,K_PROP,away,Tyler Mahle,,3.48,0.3200,UNDER,4.5,,,,,,,,,1,missing-actual(possible-scratch),,,,UNDER
2250693,2026-05-20,CWS@SEA,960011,K_PROP,away,Sean Burke,,2.99,0.1073,UNDER,5.5,,,,,,,,,1,missing-actual(possible-scratch),,,,UNDER
2250693,2026-05-20,CWS@SEA,960012,K_PROP,home,Emerson Hancock,,5.28,0.5009,UNDER,5.5,,,,,,,,,1,missing-actual(possible-scratch),,,,PASS
2250695,2026-05-20,ATL@MIA,960013,K_PROP,away,Spencer Strider,,4.15,0.2900,UNDER,5.5,,,,,,,,,1,missing-actual(possible-scratch),,,,UNDER
2250694,2026-05-20,CLE@DET,960014,K_PROP,away,Joey Cantillo,,2.75,0.1777,UNDER,4.5,,,,,,,,,1,missing-actual(possible-scratch),,,,UNDER
2250695,2026-05-20,ATL@MIA,960015,K_PROP,home,Sandy Alcantara,,2.46,0.1294,UNDER,4.5,,,,,,,,,1,missing-actual(possible-scratch),,,,UNDER
2250696,2026-05-20,NYM@WSH,960016,K_PROP,home,Cade Cavalli,,3.09,0.2410,UNDER,4.5,,,,,,,,,1,missing-actual(possible-scratch),,,,UNDER
2250697,2026-05-20,TOR@NYY,960017,K_PROP,home,Carlos Rodon,,4.56,0.3664,UNDER,5.5,,,,,,,,,1,missing-actual(possible-scratch),,,,UNDER
2250697,2026-05-20,TOR@NYY,960018,K_PROP,away,Trey Yesavage,,3.88,0.2413,UNDER,5.5,,,,,,,,,1,missing-actual(possible-scratch),,,,UNDER
2250698,2026-05-20,BOS@KC,960019,K_PROP,away,Connelly Early,,2.91,0.2062,UNDER,4.5,,,,,,,,,1,missing-actual(possible-scratch),,,,UNDER
2250690,2026-05-20,BAL@TB,960020,K_PROP,home,Steven Matz,,3.02,0.2269,UNDER,4.5,,OVER,5,0,-1.98,1.98,0.597684,1.483246,1,,OVER,0,1.980,UNDER
2250694,2026-05-20,CLE@DET,960021,K_PROP,home,Casey Mize,,3.71,0.3682,UNDER,4.5,,,,,,,,,1,missing-actual(possible-scratch),,,,UNDER
2250700,2026-05-20,PIT@STL,960022,K_PROP,away,Braxton Ashcraft,,3.92,0.2492,UNDER,5.5,,,,,,,,,1,missing-actual(possible-scratch),,,,UNDER
2250700,2026-05-20,PIT@STL,960023,K_PROP,home,Dustin May,,2.45,0.1277,UNDER,4.5,,,,,,,,,1,missing-actual(possible-scratch),,,,UNDER
2250696,2026-05-20,NYM@WSH,960024,K_PROP,away,David Peterson,,5.14,0.6461,OVER,4.5,,,,,,,,,1,missing-actual(possible-scratch),,,,OVER
2250703,2026-05-21,CLE@DET,960027,K_PROP,away,Gavin Williams,,4.99,0.2924,UNDER,6.5,,UNDER,6,1,-1.01,1.01,0.085498,0.345876,1,,UNDER,1,1.010,UNDER
2250703,2026-05-21,CLE@DET,960028,K_PROP,home,Jack Flaherty,,3.14,0.1267,UNDER,5.5,,UNDER,4,1,-0.86,0.86,0.016053,0.135476,1,,UNDER,1,0.860,UNDER
2250704,2026-05-21,PIT@STL,960029,K_PROP,away,Bubba Chandler,,2.09,0.1887,UNDER,3.5,,OVER,9,0,-6.91,6.91,0.658208,1.667597,1,,OVER,0,6.910,UNDER
2250704,2026-05-21,PIT@STL,960030,K_PROP,home,Kyle Leahy,,2.09,0.0775,UNDER,4.5,,OVER,7,0,-4.91,4.91,0.851006,2.557477,1,,OVER,0,4.910,UNDER
2250705,2026-05-21,NYM@WSH,960031,K_PROP,away,Freddy Peralta,,3.57,0.1888,UNDER,5.5,,UNDER,3,1,0.57,0.57,0.035645,0.209241,1,,UNDER,1,-0.570,UNDER
2250705,2026-05-21,NYM@WSH,960032,K_PROP,home,Miles Mikolas,,2.78,0.5734,OVER,2.5,,OVER,9,1,-6.22,6.22,0.181988,0.556172,1,,OVER,1,6.220,PASS
2250706,2026-05-21,ATL@MIA,960033,K_PROP,away,Bryce Elder,,3.37,0.2970,UNDER,4.5,,OVER,9,0,-5.63,5.63,0.494209,1.214023,1,,OVER,0,5.630,UNDER
2250706,2026-05-21,ATL@MIA,960034,K_PROP,home,Eury Perez,,3.06,0.1158,UNDER,5.5,,UNDER,3,1,0.06,0.06,0.013410,0.123072,1,,UNDER,1,-0.060,UNDER
2250707,2026-05-21,TOR@NYY,960035,K_PROP,home,Gerrit Cole,,2.9,0.2049,UNDER,4.5,,OVER,7,0,-4.10,4.10,0.632184,1.585233,1,,OVER,0,4.100,UNDER
2250708,2026-05-21,ATH@LAA,960036,K_PROP,away,Jeffrey Springs,,3.48,0.3206,UNDER,4.5,,OVER,10,0,-6.52,6.52,0.461584,1.137561,1,,OVER,0,6.520,UNDER
2250708,2026-05-21,ATH@LAA,960037,K_PROP,home,Jose Soriano,,5.15,0.3195,UNDER,6.5,,OVER,7,0,-1.85,1.85,0.463080,1.140998,1,,OVER,0,1.850,UNDER
2253025,2026-05-21,COL@ARI,960038,K_PROP,home,Eduardo Rodriguez,,3.13,0.1249,UNDER,5.5,,UNDER,4,1,-0.87,0.87,0.015600,0.133417,1,,UNDER,1,0.870,UNDER
2250707,2026-05-21,TOR@NYY,960039,K_PROP,away,Kevin Gausman,,4.54,0.3618,UNDER,5.5,,UNDER,4,1,0.54,0.54,0.130899,0.449104,1,,UNDER,1,-0.540,UNDER
2253025,2026-05-21,COL@ARI,960040,K_PROP,away,Tomoyuki Sugano,,1.42,0.1977,UNDER,2.5,,OVER,4,0,-2.58,2.58,0.643685,1.621005,1,,OVER,0,2.580,UNDER
2250709,2026-05-22,HOU@CHC,990001,K_PROP,home,Colin Rea,,3.49,0.3229,UNDER,4.5,,OVER,5,0,-1.51,1.51,0.458464,1.130413,1,,OVER,0,1.610,UNDER
2250709,2026-05-22,HOU@CHC,990002,K_PROP,away,Kai-Wei Teng,,5,0.7831,OVER,3.5,,OVER,5,1,0.00,0.00,0.047046,0.244495,1,,OVER,0,2.360,OVER
2250710,2026-05-22,STL@CIN,990003,K_PROP,home,Chase Petty,,3.3,0.4728,UNDER,3.5,,OVER,5,0,-1.70,1.70,0.277940,0.749083,0,,OVER,0,1.700,PASS
2250711,2026-05-22,CLE@PHI,990004,K_PROP,away,Slade Cecconi,,2.4,0.1199,UNDER,4.5,,OVER,11,0,-8.60,8.60,0.774576,2.121097,1,,OVER,0,8.600,UNDER
2250711,2026-05-22,CLE@PHI,990005,K_PROP,home,Zack Wheeler,,4.65,0.2376,UNDER,6.5,,UNDER,6,1,-1.35,1.35,0.056454,0.271284,1,,UNDER,1,1.350,UNDER
2250710,2026-05-22,STL@CIN,990006,K_PROP,away,Kyle Leahy,,2.23,0.0948,UNDER,4.5,,UNDER,3,1,-0.77,0.77,0.008987,0.099599,0,,UNDER,1,0.770,UNDER
2250712,2026-05-22,TB@NYY,990007,K_PROP,home,Ryan Weathers,,5.19,0.4831,UNDER,5.5,,UNDER,2,1,3.19,3.19,0.233386,0.659906,1,,UNDER,1,-3.190,UNDER
2250712,2026-05-22,TB@NYY,990008,K_PROP,away,Drew Rasmussen,,4.21,0.3011,UNDER,5.5,,UNDER,1,1,3.21,3.21,0.090661,0.358248,1,,UNDER,1,-3.210,UNDER
2250713,2026-05-22,PIT@TOR,990009,K_PROP,away,Paul Skenes,,5.12,0.3144,UNDER,6.5,,OVER,11,0,-5.88,5.88,0.470047,1.157089,1,,OVER,0,5.880,UNDER
2250713,2026-05-22,PIT@TOR,990010,K_PROP,home,Patrick Corbin,,2.24,0.0966,UNDER,4.5,,OVER,8,0,-5.76,5.76,0.816132,2.337177,1,,OVER,0,5.760,UNDER
2250714,2026-05-22,MIN@BOS,990011,K_PROP,home,Brayan Bello,,2.04,0.0712,UNDER,4.5,,OVER,9,0,-6.96,6.96,0.862669,2.642262,1,,OVER,0,6.960,UNDER
2250715,2026-05-22,NYM@MIA,990012,K_PROP,home,Max Meyer,,4.08,0.2779,UNDER,5.5,,UNDER,5,1,-0.92,0.92,0.077228,0.325592,1,,UNDER,1,0.920,UNDER
2250714,2026-05-22,MIN@BOS,990013,K_PROP,away,Taj Bradley,,3.99,0.4271,UNDER,4.5,,UNDER,1,1,2.99,2.99,0.182414,0.557044,1,,UNDER,1,-2.990,PASS
2250715,2026-05-22,NYM@MIA,990014,K_PROP,away,Freddy Peralta,,3.75,0.2188,UNDER,5.5,,UNDER,0,1,3.75,3.75,0.047873,0.246924,1,,UNDER,1,-3.750,UNDER
2250717,2026-05-22,WSH@ATL,990015,K_PROP,home,Grant Holmes,,2.36,0.1133,UNDER,4.5,,UNDER,4,1,-1.64,1.64,0.012837,0.120249,1,,UNDER,1,1.640,UNDER
2250716,2026-05-22,DET@BAL,990016,K_PROP,home,Brandon Young,,1.98,0.0651,UNDER,4.5,,UNDER,2,1,-0.02,0.02,0.004238,0.067316,1,,UNDER,1,0.020,UNDER
2250716,2026-05-22,DET@BAL,990017,K_PROP,away,Framber Valdez,,3.61,0.1953,UNDER,5.5,,OVER,7,0,-3.39,3.39,0.647542,1.633218,1,,OVER,0,3.390,UNDER
2250717,2026-05-22,WSH@ATL,990018,K_PROP,away,Jake Irvin,,3.63,0.3522,UNDER,4.5,,UNDER,0,1,3.63,3.63,0.124045,0.434173,1,,UNDER,1,-3.630,UNDER
2250718,2026-05-22,SEA@KC,990019,K_PROP,home,Stephen Kolek,,3.43,0.5026,UNDER,3.5,,OVER,8,0,-4.57,4.57,0.247407,0.687961,1,,OVER,0,4.570,PASS
2250719,2026-05-22,LAD@MIL,990020,K_PROP,away,Roki Sasaki,,1.93,0.0592,UNDER,4.5,,UNDER,4,1,-2.07,2.07,0.003505,0.061025,1,,UNDER,1,2.070,UNDER
2250719,2026-05-22,LAD@MIL,990021,K_PROP,home,Robert Gasser,,2.08,0.1867,UNDER,3.5,,OVER,7,0,-4.92,4.92,0.661457,1.678252,1,,OVER,0,4.920,UNDER
2250718,2026-05-22,SEA@KC,990022,K_PROP,away,George Kirby,,4.33,0.4954,UNDER,4.5,,OVER,6,0,-1.67,1.67,0.254621,0.702390,1,,OVER,0,1.670,UNDER
2250720,2026-05-22,TEX@LAA,990023,K_PROP,away,Nathan Eovaldi,,5.3,0.3439,UNDER,6.5,,UNDER,3,1,2.30,2.30,0.118267,0.421442,1,,UNDER,1,-2.300,UNDER
2253038,2026-05-22,COL@ARI,990024,K_PROP,home,Zac Gallen,,2.6,0.1513,UNDER,4.5,,UNDER,2,1,0.60,0.60,0.022892,0.164050,1,,UNDER,1,-0.600,UNDER
2250721,2026-05-22,ATH@SD,990026,K_PROP,away,J.T. Ginn,,2.79,0.1843,UNDER,4.5,,UNDER,3,1,-0.21,0.21,0.033966,0.203709,1,,UNDER,1,0.210,UNDER
2253038,2026-05-22,COL@ARI,990027,K_PROP,away,Michael Lorenzen,,2.07,0.1856,UNDER,3.5,,UNDER,3,1,-0.93,0.93,0.034447,0.205304,1,,UNDER,1,0.930,UNDER
2250721,2026-05-22,ATH@SD,990028,K_PROP,home,Lucas Giolito,,2.71,0.1704,UNDER,4.5,,UNDER,4,1,-1.29,1.29,0.029036,0.186812,1,,UNDER,1,1.290,UNDER
2250722,2026-05-22,CWS@SF,990029,K_PROP,away,Erick Fedde,,2.03,0.1760,UNDER,3.5,,OVER,7,0,-4.97,4.97,0.678976,1.737271,1,,OVER,0,4.970,UNDER
2250722,2026-05-22,CWS@SF,990030,K_PROP,home,Adrian Houser,,1.96,0.1628,UNDER,3.5,,OVER,4,0,-2.04,2.04,0.700904,1.815233,1,,OVER,0,2.040,UNDER
2250720,2026-05-22,TEX@LAA,990031,K_PROP,home,Walbert Urena,,2.68,0.1654,UNDER,4.5,,OVER,5,0,-2.32,2.32,0.696557,1.799388,1,,OVER,0,2.320,UNDER
2250733,2026-05-23,STL@CIN,1020001,K_PROP,home,Brady Singer,,2.47,0.1296,UNDER,4.5,,UNDER,1,1,1.47,1.47,0.016796,0.138802,1,,UNDER,1,-1.470,UNDER
2250733,2026-05-23,STL@CIN,1020002,K_PROP,away,Matthew Liberatore,,2.82,0.1888,UNDER,4.5,,OVER,8,0,-5.18,5.18,0.658045,1.667067,1,,OVER,0,5.180,UNDER
2250723,2026-05-23,TB@NYY,1020003,K_PROP,home,Ryan Weathers,,5.19,0.4831,UNDER,5.5,,,,,,,,,0,not-completed,,,,UNDER
2250723,2026-05-23,TB@NYY,1020004,K_PROP,away,Drew Rasmussen,,4.21,0.3011,UNDER,5.5,,,,,,,,,0,not-completed,,,,UNDER
2250724,2026-05-23,HOU@CHC,1020005,K_PROP,home,Shota Imanaga,,4.1,0.2815,UNDER,5.5,,,,,,,,,1,missing-actual(possible-scratch),,,,UNDER
2250725,2026-05-23,PIT@TOR,1020006,K_PROP,away,Mitch Keller,,2.38,0.2539,UNDER,3.5,,,,,,,,,1,missing-actual(possible-scratch),,,,UNDER
2250725,2026-05-23,PIT@TOR,1020007,K_PROP,home,Dylan Cease,,7.56,0.5637,OVER,7.5,,,,,,,,,1,missing-actual(possible-scratch),,,,UNDER
2250726,2026-05-23,DET@BAL,1020008,K_PROP,home,Brandon Young,,1.98,0.0651,UNDER,4.5,,,,,,,,,0,not-completed,,,,UNDER
2250727,2026-05-23,CLE@PHI,1020009,K_PROP,away,Parker Messick,,5.96,0.6167,OVER,5.5,,,,,,,,,1,missing-actual(possible-scratch),,,,PASS
2250728,2026-05-23,CWS@SF,1020010,K_PROP,away,Noah Schultz,,2.39,0.1186,UNDER,4.5,,,,,,,,,1,missing-actual(possible-scratch),,,,UNDER
2250726,2026-05-23,DET@BAL,1020011,K_PROP,away,Framber Valdez,,3.61,0.1953,UNDER,5.5,,,,,,,,,0,not-completed,,,,UNDER
2250727,2026-05-23,CLE@PHI,1020012,K_PROP,home,Andrew Painter,,2.56,0.2976,UNDER,3.5,,,,,,,,,1,missing-actual(possible-scratch),,,,UNDER
2250728,2026-05-23,CWS@SF,1020013,K_PROP,home,Robbie Ray,,3.64,0.2002,UNDER,5.5,,,,,,,,,1,missing-actual(possible-scratch),,,,UNDER
2250731,2026-05-23,WSH@ATL,1020014,K_PROP,home,Martin Perez,,4.51,0.7129,OVER,3.5,,,,,,,,,1,missing-actual(possible-scratch),,,,OVER
2250730,2026-05-23,MIN@BOS,1020015,K_PROP,home,Sonny Gray,,2.42,0.0490,UNDER,5.5,,,,,,,,,1,missing-actual(possible-scratch),,,,UNDER
2250729,2026-05-23,SEA@KC,1020016,K_PROP,home,Seth Lugo,,3.85,0.3983,UNDER,4.5,,,,,,,,,1,missing-actual(possible-scratch),,,,UNDER
2250732,2026-05-23,NYM@MIA,1020017,K_PROP,home,Max Meyer,,4.19,0.2978,UNDER,5.5,,,,,,,,,1,missing-actual(possible-scratch),,,,UNDER
2250730,2026-05-23,MIN@BOS,1020018,K_PROP,away,Bailey Ober,,2.14,0.0834,UNDER,4.5,,,,,,,,,1,missing-actual(possible-scratch),,,,UNDER
2250732,2026-05-23,NYM@MIA,1020019,K_PROP,away,Christian Scott,,2.92,0.2084,UNDER,4.5,,,,,,,,,1,missing-actual(possible-scratch),,,,UNDER
2250729,2026-05-23,SEA@KC,1020020,K_PROP,away,Bryan Woo,,3.61,0.3469,UNDER,4.5,,,,,,,,,1,missing-actual(possible-scratch),,,,UNDER
2250731,2026-05-23,WSH@ATL,1020021,K_PROP,away,Foster Griffin,,3.53,0.3304,UNDER,4.5,,,,,,,,,1,missing-actual(possible-scratch),,,,UNDER
2250734,2026-05-23,LAD@MIL,1020023,K_PROP,away,Yoshinobu Yamamoto,,3.97,0.1404,UNDER,6.5,,,,,,,,,1,missing-actual(possible-scratch),,,,UNDER
2250734,2026-05-23,LAD@MIL,1020024,K_PROP,home,Brandon Sproat,,3.27,0.2764,UNDER,4.5,,,,,,,,,1,missing-actual(possible-scratch),,,,UNDER
2250735,2026-05-23,ATH@SD,1020026,K_PROP,away,J.T. Ginn,,3.08,0.2388,UNDER,4.5,,,,,,,,,1,missing-actual(possible-scratch),,,,UNDER
2250735,2026-05-23,ATH@SD,1020027,K_PROP,home,Michael King,,3.52,0.1809,UNDER,5.5,,,,,,,,,1,missing-actual(possible-scratch),,,,UNDER
2250736,2026-05-23,TEX@LAA,1020028,K_PROP,home,Reid Detmers,,5.08,0.3074,UNDER,6.5,,,,,,,,,1,missing-actual(possible-scratch),,,,UNDER
2250736,2026-05-23,TEX@LAA,1020029,K_PROP,away,Nathan Eovaldi,,5.42,0.3647,UNDER,6.5,,,,,,,,,1,missing-actual(possible-scratch),,,,UNDER
2253055,2026-05-23,COL@ARI,1020030,K_PROP,home,Ryne Nelson,,2.78,0.0828,UNDER,5.5,,,,,,,,,1,missing-actual(possible-scratch),,,,UNDER
2253055,2026-05-23,COL@ARI,1020031,K_PROP,away,Jose Quintana,,1.05,0.1051,UNDER,2.5,,,,,,,,,1,missing-actual(possible-scratch),,,,UNDER
2250724,2026-05-23,HOU@CHC,1020032,K_PROP,away,Peter Lambert,,3.66,0.3569,UNDER,4.5,,,,,,,,,1,missing-actual(possible-scratch),,,,OVER
2250737,2026-05-24,PIT@TOR,1020033,K_PROP,away,Carmen Mlodzinski,,2.15,0.2030,UNDER,3.5,,OVER,5,0,-2.85,2.85,0.635209,1.594549,1,,OVER,0,2.650,UNDER
2250737,2026-05-24,PIT@TOR,1020034,K_PROP,home,Dylan Cease,,7.78,0.5960,OVER,7.5,,OVER,8,1,-0.22,0.22,0.163216,0.517515,1,,OVER,1,0.220,UNDER
2250738,2026-05-24,DET@BAL,1020035,K_PROP,home,Kyle Bradish,,3.85,0.3966,UNDER,4.5,,UNDER,4,1,-0.15,0.15,0.157292,0.505175,1,,UNDER,1,0.480,UNDER
2250738,2026-05-24,DET@BAL,1020036,K_PROP,away,Framber Valdez,,3.9,0.2452,UNDER,5.5,,UNDER,5,1,-1.10,1.10,0.060123,0.281302,1,,UNDER,1,1.410,UNDER
2250739,2026-05-24,MIN@BOS,1020037,K_PROP,home,Sonny Gray,,2.54,0.0587,UNDER,5.5,,UNDER,4,1,-1.46,1.46,0.003446,0.060493,1,,UNDER,1,1.470,UNDER
2250740,2026-05-24,CLE@PHI,1020038,K_PROP,away,Tanner Bibee,,3.39,0.1611,UNDER,5.5,,OVER,6,0,-2.61,2.61,0.703753,1.825730,1,,OVER,1,0.180,UNDER
2250739,2026-05-24,MIN@BOS,1020039,K_PROP,away,Zebby Matthews,,2.72,0.0762,UNDER,5.5,,UNDER,3,1,-0.28,0.28,0.005806,0.079260,1,,UNDER,1,0.860,UNDER
2250741,2026-05-24,TB@NYY,1020040,K_PROP,home,Will Warren,,4.46,0.3482,UNDER,5.5,,UNDER,4,1,0.46,0.46,0.121243,0.428018,1,,UNDER,1,-1.290,UNDER
2250740,2026-05-24,CLE@PHI,1020041,K_PROP,home,Jesus Luzardo,,5.46,0.3726,UNDER,6.5,,UNDER,3,1,2.46,2.46,0.138831,0.466171,1,,UNDER,1,0.460,UNDER
2250741,2026-05-24,TB@NYY,1020042,K_PROP,away,Shane McClanahan,,3.85,0.2371,UNDER,5.5,,OVER,6,0,-2.15,2.15,0.582016,1.439273,1,,OVER,0,1.670,UNDER
2250742,2026-05-24,STL@CIN,1020043,K_PROP,home,Nick Lodolo,,1.67,0.0362,UNDER,4.5,,,,,,,,,0,not-completed,,,,UNDER
2250743,2026-05-24,NYM@MIA,1020044,K_PROP,away,Nolan McLean,,6.03,0.3231,UNDER,7.5,,,,,,,,,1,missing-actual(possible-scratch),,,,UNDER
2250742,2026-05-24,STL@CIN,1020045,K_PROP,away,Matthew Liberatore,,2.82,0.1888,UNDER,4.5,,,,,,,,,0,not-completed,,,,UNDER
2250744,2026-05-24,SEA@KC,1020047,K_PROP,home,Michael Wacha,,3.43,0.3094,UNDER,4.5,,,,,,,,,1,missing-actual(possible-scratch),,,,UNDER
2250745,2026-05-24,LAD@MIL,1020048,K_PROP,away,Emmet Sheehan,,4.88,0.2739,UNDER,6.5,,,,,,,,,1,missing-actual(possible-scratch),,,,UNDER
2250745,2026-05-24,LAD@MIL,1020049,K_PROP,home,Jacob Misiorowski,,6.48,0.2652,UNDER,8.5,,,,,,,,,1,missing-actual(possible-scratch),,,,UNDER
2250744,2026-05-24,SEA@KC,1020050,K_PROP,away,Luis Castillo,,3.7,0.3661,UNDER,4.5,,,,,,,,,1,missing-actual(possible-scratch),,,,UNDER
2250746,2026-05-24,HOU@CHC,1020051,K_PROP,home,Shota Imanaga,,4.44,0.3438,UNDER,5.5,,,,,,,,,1,missing-actual(possible-scratch),,,,UNDER
2250746,2026-05-24,HOU@CHC,1020052,K_PROP,away,Peter Lambert,,3.47,0.3182,UNDER,4.5,,,,,,,,,1,missing-actual(possible-scratch),,,,UNDER
2250747,2026-05-24,CWS@SF,1020053,K_PROP,away,Noah Schultz,,2.11,0.0793,UNDER,4.5,,,,,,,,,1,missing-actual(possible-scratch),,,,UNDER
2250747,2026-05-24,CWS@SF,1020054,K_PROP,home,Landen Roupp,,5.12,0.4707,UNDER,5.5,,,,,,,,,1,missing-actual(possible-scratch),,,,PASS
2253067,2026-05-24,COL@ARI,1020055,K_PROP,home,Merrill Kelly,,1.98,0.0643,UNDER,4.5,,,,,,,,,1,missing-actual(possible-scratch),,,,UNDER
2250749,2026-05-24,WSH@ATL,1020056,K_PROP,home,Martin Perez,,4.35,0.6865,OVER,3.5,,,,,,,,,1,missing-actual(possible-scratch),,,,OVER
2253067,2026-05-24,COL@ARI,1020057,K_PROP,away,Tanner Gordon,,2.9,0.3795,UNDER,3.5,,,,,,,,,1,missing-actual(possible-scratch),,,,UNDER
2250748,2026-05-24,ATH@SD,1020058,K_PROP,home,Randy Vasquez,,2.58,0.3009,UNDER,3.5,,,,,,,,,1,missing-actual(possible-scratch),,,,UNDER
2250749,2026-05-24,WSH@ATL,1020059,K_PROP,away,Zack Littell,,1.44,0.2039,UNDER,2.5,,,,,,,,,1,missing-actual(possible-scratch),,,,UNDER
2250750,2026-05-24,TEX@LAA,1020060,K_PROP,home,Reid Detmers,,5.49,0.3768,UNDER,6.5,,,,,,,,,1,missing-actual(possible-scratch),,,,UNDER
2250750,2026-05-24,TEX@LAA,1020061,K_PROP,away,Kumar Rocker,,2.53,0.1404,UNDER,4.5,,,,,,,,,1,missing-actual(possible-scratch),,,,UNDER
2250743,2026-05-24,NYM@MIA,1020062,K_PROP,home,Tyler Phillips,,2.57,0.5201,UNDER,2.5,,,,,,,,,1,missing-actual(possible-scratch),,,,PASS
2250748,2026-05-24,ATH@SD,1020063,K_PROP,away,Aaron Civale,,2.11,0.1930,UNDER,3.5,,,,,,,,,1,missing-actual(possible-scratch),,,,UNDER
2250751,2026-05-25,TB@BAL,1020064,K_PROP,home,Shane Baz,,2.64,0.1587,UNDER,4.5,,UNDER,3,1,-0.36,0.36,0.025186,0.172807,1,,UNDER,1,-0.310,UNDER
2250757,2026-05-25,CHC@PIT,1020065,K_PROP,home,Braxton Ashcraft,,3.71,0.2123,UNDER,5.5,,UNDER,2,1,1.71,1.71,0.045071,0.238638,1,,UNDER,1,-0.190,UNDER
2250751,2026-05-25,TB@BAL,1020066,K_PROP,away,Griffin Jax,,3.08,0.1179,UNDER,5.5,,UNDER,3,1,0.08,0.08,0.013900,0.125450,1,,UNDER,1,-1.310,UNDER
2250753,2026-05-25,STL@MIL,1020067,K_PROP,home,Kyle Harrison,,4.74,0.2516,UNDER,6.5,,OVER,12,0,-7.26,7.26,0.560103,1.379915,1,,OVER,0,4.950,UNDER
2250752,2026-05-25,MIN@CWS,1020068,K_PROP,away,Joe Ryan,,5.06,0.4605,UNDER,5.5,,OVER,6,0,-0.94,0.94,0.291060,0.775442,1,,OVER,0,2.720,UNDER
2250753,2026-05-25,STL@MIL,1020069,K_PROP,away,Michael McGreevy,,2.65,0.3175,UNDER,3.5,,OVER,10,0,-7.35,7.35,0.465806,1.147277,1,,OVER,0,7.210,OVER
2250754,2026-05-25,NYY@KC,1020070,K_PROP,home,Bailey Falter,,2.43,0.7348,OVER,1.5,,OVER,5,1,-2.57,2.57,0.070331,0.308157,1,,OVER,0,1.760,OVER
2250754,2026-05-25,NYY@KC,1020071,K_PROP,away,Cam Schlittler,,5.68,0.5707,OVER,5.5,,UNDER,3,0,2.68,2.68,0.325698,0.845599,1,,UNDER,1,-2.090,PASS
2250755,2026-05-25,CIN@NYM,1020072,K_PROP,away,Chase Burns,,3.62,0.0998,UNDER,6.5,,OVER,7,0,-3.38,3.38,0.810360,2.304587,1,,OVER,0,4.530,UNDER
2250755,2026-05-25,CIN@NYM,1020073,K_PROP,home,Nolan McLean,,6.93,0.4669,UNDER,7.5,,UNDER,6,1,0.93,0.93,0.217996,0.629046,1,,UNDER,1,-0.930,PASS
2253076,2026-05-25,ARI@SF,1020074,K_PROP,away,Eduardo Rodriguez,,2.13,0.0823,UNDER,4.5,,UNDER,4,1,-1.87,1.87,0.006773,0.085885,1,,UNDER,1,2.310,UNDER
2253076,2026-05-25,ARI@SF,1020075,K_PROP,home,Tyler Mahle,,3.44,0.3116,UNDER,4.5,,OVER,7,0,-3.56,3.56,0.473895,1.166035,1,,OVER,0,2.300,UNDER
2250756,2026-05-25,WSH@CLE,1020076,K_PROP,home,Joey Cantillo,,2.75,0.0789,UNDER,5.5,,UNDER,3,1,-0.25,0.25,0.006225,0.082187,1,,UNDER,1,0.270,UNDER
2250756,2026-05-25,WSH@CLE,1020077,K_PROP,away,Cade Cavalli,,3.32,0.2866,UNDER,4.5,,UNDER,0,1,3.32,3.32,0.082140,0.337713,1,,UNDER,1,-1.560,UNDER
2250758,2026-05-25,PHI@SD,1020078,K_PROP,away,Aaron Nola,,7.07,0.6344,OVER,4.5,,OVER,6,1,1.07,1.07,0.133663,0.455076,1,,UNDER,0,-1.030,PASS
2250758,2026-05-25,PHI@SD,1020079,K_PROP,home,Randy Vasquez,,2.79,0.3510,UNDER,3.5,,OVER,5,0,-2.21,2.21,0.421201,1.046969,1,,OVER,0,2.220,UNDER
2250759,2026-05-25,HOU@TEX,1020080,K_PROP,home,Jack Leiter,,2.16,0.0867,UNDER,5.5,,UNDER,5,1,-2.84,2.84,0.007517,0.090691,1,,OVER,0,2.840,UNDER
2250760,2026-05-25,MIA@TOR,1020081,K_PROP,away,Sandy Alcantara,,2.43,0.2667,UNDER,4.5,,,,,,,,,1,missing-actual(possible-scratch),,,,UNDER
2250760,2026-05-25,MIA@TOR,1020082,K_PROP,home,Trey Yesavage,,3.28,0.1454,UNDER,5.5,,,,,,,,,1,missing-actual(possible-scratch),,,,UNDER
2250761,2026-05-25,COL@LAD,1020083,K_PROP,away,Kyle Freeland,,2.93,0.3853,UNDER,3.5,,,,,,,,,1,missing-actual(possible-scratch),,,,UNDER
2250761,2026-05-25,COL@LAD,1020084,K_PROP,home,Eric Lauer,,1.89,0.0558,UNDER,4.5,,,,,,,,,1,missing-actual(possible-scratch),,,,UNDER
2250762,2026-05-25,SEA@ATH,1020085,K_PROP,home,Luis Severino,,2.35,0.2486,UNDER,5.5,,,,,,,,,1,missing-actual(possible-scratch),,,,UNDER
2250762,2026-05-25,SEA@ATH,1020086,K_PROP,away,Emerson Hancock,,3.46,0.3150,UNDER,4.5,,,,,,,,,1,missing-actual(possible-scratch),,,,UNDER
2250757,2026-05-25,CHC@PIT,1050001,K_PROP,away,Jordan Wicks,,3.53,0.5256,UNDER,3.5,,OVER,7,0,-3.47,3.47,0.225055,0.643215,1,,OVER,0,2.510,PASS
2250752,2026-05-25,MIN@CWS,1050002,K_PROP,home,Sean Burke,,2.94,0.2115,UNDER,4.5,,OVER,5,0,-2.06,2.06,0.621732,1.553530,1,,OVER,0,2.390,UNDER
2250759,2026-05-25,HOU@TEX,1050003,K_PROP,away,Jason Alexander,,2.8,0.1852,UNDER,3.5,,UNDER,2,1,0.80,0.80,0.034299,0.204813,1,,UNDER,1,-0.800,UNDER
2250763,2026-05-26,WSH@CLE,1080001,K_PROP,home,Gavin Williams,,5.26,0.3372,UNDER,6.5,,UNDER,1,1,4.26,4.26,0.113704,0.411282,1,,UNDER,1,-4.260,UNDER
2250763,2026-05-26,WSH@CLE,1080002,K_PROP,away,Miles Mikolas,,3,0.6255,OVER,2.5,,OVER,7,1,-4.00,4.00,0.140250,0.469204,1,,OVER,1,4.000,PASS
2250764,2026-05-26,TB@BAL,1080003,K_PROP,home,Shane Baz,,2.55,0.1432,UNDER,4.5,,OVER,9,0,-6.45,6.45,0.734106,1.943513,1,,OVER,0,6.450,UNDER
2250764,2026-05-26,TB@BAL,1080004,K_PROP,away,Steven Matz,,2.77,0.1803,UNDER,4.5,,UNDER,3,1,-0.23,0.23,0.032508,0.198817,1,,UNDER,1,0.230,UNDER
2250766,2026-05-26,CHC@PIT,1080005,K_PROP,away,Jameson Taillon,,2.97,0.2170,UNDER,4.5,,OVER,5,0,-2.03,2.03,0.613089,1.527858,1,,OVER,0,2.030,UNDER
2250765,2026-05-26,LAA@DET,1080006,K_PROP,home,Casey Mize,,4.27,0.3128,UNDER,5.5,,OVER,7,0,-2.73,2.73,0.472244,1.162191,1,,OVER,0,2.730,OVER
2250765,2026-05-26,LAA@DET,1080007,K_PROP,away,Jose Soriano,,5.47,0.5334,UNDER,5.5,,UNDER,4,1,1.47,1.47,0.284516,0.762283,1,,UNDER,1,-1.470,UNDER
2250766,2026-05-26,CHC@PIT,1080008,K_PROP,home,Bubba Chandler,,2.36,0.1137,UNDER,4.5,,OVER,5,0,-2.64,2.64,0.785528,2.174192,1,,OVER,0,2.640,UNDER
2250767,2026-05-26,ATL@BOS,1080009,K_PROP,away,Bryce Elder,,3.56,0.3365,UNDER,4.5,,OVER,5,0,-1.44,1.44,0.440232,1.089157,1,,OVER,0,1.440,UNDER
2250767,2026-05-26,ATL@BOS,1080010,K_PROP,home,Connelly Early,,2.44,0.0504,UNDER,5.5,,UNDER,4,1,-1.56,1.56,0.002540,0.051714,1,,UNDER,1,1.560,UNDER
2250768,2026-05-26,MIA@TOR,1080011,K_PROP,away,Eury Perez,,2.81,0.0855,UNDER,5.5,,UNDER,4,1,-1.19,1.19,0.007310,0.089378,1,,UNDER,1,1.190,UNDER
2250769,2026-05-26,CIN@NYM,1080012,K_PROP,away,Andrew Abbott,,2.17,0.0877,UNDER,4.5,,OVER,8,0,-5.83,5.83,0.832291,2.433833,1,,OVER,0,5.830,UNDER
2250770,2026-05-26,MIN@CWS,1080013,K_PROP,home,David Sandlin,,3.39,0.4931,UNDER,3.5,,OVER,8,0,-4.61,4.61,0.256948,0.707043,1,,OVER,0,4.610,UNDER
2250771,2026-05-26,NYY@KC,1080014,K_PROP,home,Noah Cameron,,3.58,0.3402,UNDER,4.5,,UNDER,0,1,3.58,3.58,0.115736,0.415819,1,,UNDER,1,-3.580,UNDER
2250772,2026-05-26,STL@MIL,1080015,K_PROP,home,Chad Patrick,,1.97,0.0643,UNDER,4.5,,UNDER,2,1,-0.03,0.03,0.004134,0.066460,1,,UNDER,1,0.030,UNDER
2250770,2026-05-26,MIN@CWS,1080016,K_PROP,away,Connor Prielipp,,3.66,0.2041,UNDER,5.5,,OVER,9,0,-5.34,5.34,0.633457,1.589145,1,,OVER,0,5.340,UNDER
2250771,2026-05-26,NYY@KC,1080017,K_PROP,away,Gerrit Cole,,1.21,0.0300,UNDER,4.5,,OVER,6,0,-4.79,4.79,0.940900,3.506558,1,,OVER,0,4.790,UNDER
2250772,2026-05-26,STL@MIL,1080018,K_PROP,away,Dustin May,,2.63,0.1567,UNDER,4.5,,OVER,6,0,-3.37,3.37,0.711155,1.853422,1,,OVER,0,3.370,UNDER
2250773,2026-05-26,HOU@TEX,1080019,K_PROP,away,Mike Burrows,,3.05,0.2325,UNDER,4.5,,UNDER,4,1,-0.95,0.95,0.054056,0.264617,1,,UNDER,1,0.950,UNDER
2250773,2026-05-26,HOU@TEX,1080020,K_PROP,home,Jacob deGrom,,5.48,0.3759,UNDER,6.5,,UNDER,4,1,1.48,1.48,0.141301,0.471445,1,,UNDER,1,-1.480,UNDER
2250774,2026-05-26,SEA@ATH,1080021,K_PROP,home,Jeffrey Springs,,2.96,0.2151,UNDER,4.5,,OVER,5,0,-2.04,2.04,0.616068,1.536652,1,,OVER,0,2.040,UNDER
2250775,2026-05-26,PHI@SD,1080022,K_PROP,away,Cristopher Sanchez,,6.87,0.6054,OVER,6.5,,UNDER,5,0,1.87,1.87,0.366509,0.929883,1,,UNDER,0,-1.870,PASS
2250775,2026-05-26,PHI@SD,1080023,K_PROP,home,Walker Buehler,,2.8,0.1851,UNDER,4.5,,UNDER,2,1,0.80,0.80,0.034262,0.204690,1,,UNDER,1,-0.800,UNDER
2250774,2026-05-26,SEA@ATH,1080024,K_PROP,away,Logan Gilbert,,4.1,0.2809,UNDER,5.5,,UNDER,3,1,1.10,1.10,0.078905,0.329755,1,,UNDER,1,-1.100,UNDER
2253097,2026-05-26,ARI@SF,1080025,K_PROP,away,Michael Soroka,,3.85,0.2368,UNDER,5.5,,OVER,6,0,-2.15,2.15,0.582474,1.440539,1,,OVER,0,2.150,UNDER
2253097,2026-05-26,ARI@SF,1080026,K_PROP,home,Trevor McDonald,,4.6,0.5493,OVER,4.5,,UNDER,3,0,1.60,1.60,0.301730,0.796953,1,,UNDER,0,-1.600,UNDER
2250776,2026-05-26,COL@LAD,1080027,K_PROP,away,Tomoyuki Sugano,,1.36,0.1826,UNDER,2.5,,OVER,4,0,-2.64,2.64,0.668143,1.700457,1,,OVER,0,2.640,UNDER
2250776,2026-05-26,COL@LAD,1080028,K_PROP,home,Shohei Ohtani,,3.67,0.0476,UNDER,7.5,,UNDER,4,1,-0.33,0.33,0.002266,0.048770,1,,UNDER,1,0.330,UNDER
2250769,2026-05-26,CIN@NYM,1080029,K_PROP,home,David Peterson,,5.49,0.7006,OVER,4.5,,UNDER,4,0,1.49,1.49,0.490840,1.205975,1,,UNDER,0,-1.490,OVER
2250768,2026-05-26,MIA@TOR,1140002,K_PROP,home,Kevin Gausman,,4.08,0.2778,UNDER,5.5,,UNDER,1,1,3.08,3.08,0.077173,0.325453,1,,UNDER,1,-3.080,UNDER
2250777,2026-05-27,MIA@TOR,1110001,K_PROP,away,Eury Perez,,3.02,0.1100,UNDER,5.5,,OVER,9,0,-5.98,5.98,0.792100,2.207275,1,,OVER,0,5.980,UNDER
2250777,2026-05-27,MIA@TOR,1110002,K_PROP,home,Patrick Corbin,,2.21,0.0922,UNDER,4.5,,OVER,5,0,-2.79,2.79,0.824101,2.383795,1,,OVER,0,2.790,UNDER
2250778,2026-05-27,WSH@CLE,1110003,K_PROP,home,Gavin Williams,,5,0.2934,UNDER,6.5,,UNDER,4,1,1.00,1.00,0.086084,0.347291,1,,UNDER,1,-1.100,UNDER
2250778,2026-05-27,WSH@CLE,1110004,K_PROP,away,Miles Mikolas,,2.88,0.5976,OVER,2.5,,UNDER,1,0,1.88,1.88,0.357126,0.910309,1,,UNDER,0,-1.930,PASS
2250779,2026-05-27,STL@MIL,1110005,K_PROP,away,Dustin May,,2.84,0.1935,UNDER,4.5,,OVER,9,0,-6.16,6.16,0.650442,1.642478,1,,OVER,0,6.160,UNDER
2250780,2026-05-27,SEA@ATH,1110006,K_PROP,home,Jeffrey Springs,,2.95,0.2136,UNDER,4.5,,OVER,7,0,-4.05,4.05,0.618425,1.543650,1,,OVER,0,4.050,UNDER
2250780,2026-05-27,SEA@ATH,1110007,K_PROP,away,Logan Gilbert,,4.1,0.2811,UNDER,5.5,,OVER,6,0,-1.90,1.90,0.516817,1.269045,1,,OVER,0,1.900,UNDER
2253103,2026-05-27,ARI@SF,1110008,K_PROP,away,Michael Soroka,,3.82,0.3910,UNDER,4.5,,UNDER,3,1,0.82,0.82,0.152881,0.495937,1,,UNDER,1,-0.820,UNDER
2253103,2026-05-27,ARI@SF,1110009,K_PROP,home,Trevor McDonald,,4.6,0.5499,OVER,4.5,,OVER,6,1,-1.40,1.40,0.202590,0.598019,1,,OVER,1,1.400,UNDER
2250781,2026-05-27,PHI@SD,1110010,K_PROP,away,Cristopher Sanchez,,7.75,0.7243,OVER,6.5,,OVER,9,1,-1.25,1.25,0.076010,0.322550,1,,OVER,1,1.250,PASS
2250781,2026-05-27,PHI@SD,1110011,K_PROP,home,Walker Buehler,,2.76,0.1792,UNDER,4.5,,UNDER,2,1,0.76,0.76,0.032113,0.197476,1,,UNDER,1,-0.760,UNDER
2250782,2026-05-27,TB@BAL,1110012,K_PROP,away,Steven Matz,,2.94,0.2121,UNDER,4.5,,UNDER,2,1,0.94,0.94,0.044986,0.238384,1,,UNDER,1,-0.940,UNDER
2250784,2026-05-27,CHC@PIT,1110013,K_PROP,away,Colin Rea,,3.3,0.2828,UNDER,4.5,,UNDER,4,1,-0.70,0.70,0.079976,0.332401,1,,UNDER,1,0.700,UNDER
2250783,2026-05-27,LAA@DET,1110014,K_PROP,home,Jack Flaherty,,3.85,0.1248,UNDER,6.5,,UNDER,6,1,-2.15,2.15,0.015575,0.133303,1,,OVER,0,1.710,UNDER
2250783,2026-05-27,LAA@DET,1110015,K_PROP,away,Grayson Rodriguez,,4,0.2624,UNDER,5.5,,UNDER,4,1,0.00,0.00,0.068854,0.304354,1,,UNDER,0,-1.640,UNDER
2250784,2026-05-27,CHC@PIT,1110016,K_PROP,home,Paul Skenes,,5.26,0.3382,UNDER,6.5,,UNDER,5,1,0.26,0.26,0.114379,0.412792,1,,UNDER,1,-0.260,UNDER
2250785,2026-05-27,ATL@BOS,1110017,K_PROP,away,Chris Sale,,5.64,0.2644,UNDER,7.5,,UNDER,1,1,4.64,4.64,0.069907,0.307069,1,,UNDER,1,-4.640,UNDER
2250785,2026-05-27,ATL@BOS,1110018,K_PROP,home,Payton Tolle,,2.96,0.1034,UNDER,5.5,,OVER,7,0,-4.04,4.04,0.803892,2.269150,1,,OVER,0,4.040,UNDER
2250786,2026-05-27,CIN@NYM,1110019,K_PROP,away,Andrew Abbott,,2.14,0.0841,UNDER,4.5,,UNDER,4,1,-1.86,1.86,0.007073,0.087848,1,,UNDER,1,1.830,UNDER
2250787,2026-05-27,MIN@CWS,1110020,K_PROP,home,Davis Martin,,3.37,0.4890,UNDER,5.5,,UNDER,4,1,-0.63,0.63,0.239121,0.671386,1,,OVER,0,0.610,UNDER
2250788,2026-05-27,NYY@KC,1110022,K_PROP,home,Noah Cameron,,3.56,0.3366,UNDER,4.5,,UNDER,4,1,-0.44,0.44,0.113300,0.410377,1,,UNDER,1,0.420,UNDER
2250787,2026-05-27,MIN@CWS,1110023,K_PROP,away,Kendry Rojas,,3.94,0.4156,UNDER,2.5,,OVER,5,0,-1.06,1.06,0.341523,0.878032,1,,OVER,0,1.050,PASS
2250788,2026-05-27,NYY@KC,1110024,K_PROP,away,Gerrit Cole,,3.17,0.2570,UNDER,4.5,,OVER,10,0,-6.83,6.83,0.552049,1.358679,1,,OVER,0,6.850,UNDER
2250789,2026-05-27,HOU@TEX,1110025,K_PROP,away,Spencer Arrighetti,,2.79,0.0835,UNDER,5.5,,OVER,6,0,-3.21,3.21,0.839972,2.482909,1,,OVER,0,2.950,UNDER
2250789,2026-05-27,HOU@TEX,1110026,K_PROP,home,Nathan Eovaldi,,4.44,0.2048,UNDER,5.5,,OVER,6,0,-1.56,1.56,0.632343,1.585721,1,,UNDER,1,0.680,UNDER
2250790,2026-05-27,COL@LAD,1110027,K_PROP,away,Tomoyuki Sugano,,1.32,0.1717,UNDER,2.5,,,,,,,,,1,missing-actual(possible-scratch),,,,UNDER
2250790,2026-05-27,COL@LAD,1140001,K_PROP,home,Shohei Ohtani,,3.87,0.0608,UNDER,7.5,,,,,,,,,1,missing-actual(possible-scratch),,,,UNDER
2250779,2026-05-27,STL@MIL,1140003,K_PROP,home,Chad Patrick,,1.95,0.1605,UNDER,3.5,,OVER,4,0,-2.05,2.05,0.704760,1.829461,1,,OVER,0,2.050,UNDER
2250782,2026-05-27,TB@BAL,1140004,K_PROP,home,Chris Bassitt,,1.85,0.0519,UNDER,4.5,,UNDER,1,1,0.85,0.85,0.002694,0.053295,1,,UNDER,1,-0.850,UNDER
2250791,2026-05-28,LAA@DET,1140005,K_PROP,home,Troy Melton,,2.76,0.1794,UNDER,4.5,,,,,,,,,1,missing-actual(possible-scratch),,,,UNDER
2250791,2026-05-28,LAA@DET,1140006,K_PROP,away,Walbert Urena,,2.88,0.3739,UNDER,3.5,,,,,,,,,1,missing-actual(possible-scratch),,,,UNDER
2250792,2026-05-28,MIN@CWS,1140007,K_PROP,home,Erick Fedde,,2.53,0.2897,UNDER,3.5,,,,,,,,,1,missing-actual(possible-scratch),,,,UNDER
2250792,2026-05-28,MIN@CWS,1140008,K_PROP,away,Taj Bradley,,4.81,0.2622,UNDER,6.5,,,,,,,,,1,missing-actual(possible-scratch),,,,UNDER
2250793,2026-05-28,ATL@BOS,1140009,K_PROP,away,Grant Holmes,,6.09,0.3339,UNDER,5.5,,,,,,,,,1,missing-actual(possible-scratch),,,,UNDER
2250793,2026-05-28,ATL@BOS,1140010,K_PROP,home,Tyler Samaniego,,3.03,0.8500,OVER,0.5,,,,,,,,,1,missing-actual(possible-scratch),,,,OVER
2250794,2026-05-28,TOR@BAL,1140011,K_PROP,home,Trevor Rogers,,1.81,0.0476,UNDER,4.5,,,,,,,,,1,missing-actual(possible-scratch),,,,UNDER
2250794,2026-05-28,TOR@BAL,1140012,K_PROP,away,Patrick Corbin,,2.41,0.1213,UNDER,3.5,,,,,,,,,1,missing-actual(possible-scratch),,,,UNDER
2250795,2026-05-28,CHC@PIT,1140013,K_PROP,away,Shota Imanaga,,3.3,0.2828,UNDER,5.5,,,,,,,,,1,missing-actual(possible-scratch),,,,UNDER
2250795,2026-05-28,CHC@PIT,1140014,K_PROP,home,Jared Jones,,5.43,0.3662,UNDER,5.5,,,,,,,,,1,missing-actual(possible-scratch),,,,UNDER
2250796,2026-05-28,HOU@TEX,1140015,K_PROP,away,Spencer Arrighetti,,2.79,0.0835,UNDER,5.5,,,,,,,,,1,missing-actual(possible-scratch),,,,UNDER
2250796,2026-05-28,HOU@TEX,1140016,K_PROP,home,MacKenzie Gore,,4.58,0.2257,UNDER,5.5,,,,,,,,,1,missing-actual(possible-scratch),,,,UNDER
2250811,2026-05-30,DET@CWS,1200002,K_PROP,away,Keider Montero,,2.26,0.2264,UNDER,3.5,,OVER,4,0,-1.74,1.74,0.598457,1.485452,1,,OVER,0,1.740,UNDER
2250814,2026-05-30,TOR@BAL,1200003,K_PROP,home,Kyle Bradish,,3.08,0.1183,UNDER,5.5,,OVER,7,0,-3.92,3.92,0.777395,2.134532,1,,OVER,0,3.920,UNDER
2250813,2026-05-30,KC@TEX,1200004,K_PROP,away,Michael Wacha,,2.94,0.2110,UNDER,4.5,,OVER,6,0,-3.06,3.06,0.622521,1.555897,1,,OVER,0,3.060,UNDER
2250815,2026-05-30,MIN@PIT,1200005,K_PROP,away,Zebby Matthews,,2.83,0.0882,UNDER,5.5,,UNDER,3,1,-0.17,0.17,0.007779,0.092335,1,,UNDER,1,0.170,UNDER
2250815,2026-05-30,MIN@PIT,1200006,K_PROP,home,Braxton Ashcraft,,3.9,0.2452,UNDER,5.5,,UNDER,5,1,-1.10,1.10,0.060123,0.281302,1,,UNDER,1,1.100,UNDER
2250812,2026-05-30,SD@WSH,1200007,K_PROP,away,Griffin Canning,,2.99,0.2217,UNDER,4.5,,UNDER,2,1,0.99,0.99,0.049151,0.250643,1,,UNDER,1,-0.990,UNDER
2250813,2026-05-30,KC@TEX,1200008,K_PROP,home,Jack Leiter,,3.91,0.2477,UNDER,5.5,,UNDER,2,1,1.91,1.91,0.061355,0.284620,1,,UNDER,1,-1.910,UNDER
2250814,2026-05-30,TOR@BAL,1200009,K_PROP,away,Trey Yesavage,,3.4,0.0772,UNDER,6.5,,UNDER,4,1,-0.60,0.60,0.005960,0.080343,1,,UNDER,1,0.600,UNDER
2250812,2026-05-30,SD@WSH,1200010,K_PROP,home,Zack Littell,,1.9,0.1496,UNDER,3.5,,OVER,5,0,-3.10,3.10,0.723180,1.899790,1,,OVER,0,3.100,UNDER
2250816,2026-05-30,BOS@CLE,1200011,K_PROP,away,Ranger Suarez,,3.29,0.2818,UNDER,4.5,,OVER,7,0,-3.71,3.71,0.515811,1.266558,1,,OVER,0,3.710,UNDER
2250816,2026-05-30,BOS@CLE,1200012,K_PROP,home,Tanner Bibee,,3.41,0.3054,UNDER,4.5,,UNDER,4,1,-0.59,0.59,0.093269,0.364419,1,,UNDER,1,0.590,UNDER
2250819,2026-05-30,MIL@HOU,1200013,K_PROP,home,Peter Lambert,,3.25,0.1415,UNDER,5.5,,UNDER,3,1,0.25,0.25,0.020022,0.152569,1,,UNDER,1,-0.250,UNDER
2250817,2026-05-30,LAA@TB,1200014,K_PROP,away,Jack Kochanowicz,,2.01,0.1734,UNDER,3.5,,OVER,7,0,-4.99,4.99,0.683268,1.752154,1,,OVER,0,4.990,UNDER
2250819,2026-05-30,MIL@HOU,1200015,K_PROP,away,Jacob Misiorowski,,6.66,0.2911,UNDER,8.5,,UNDER,4,1,2.66,2.66,0.084739,0.344041,1,,UNDER,1,-2.660,UNDER
2250818,2026-05-30,MIA@NYM,1200016,K_PROP,home,Nolan McLean,,6.24,0.5052,UNDER,6.5,,OVER,8,0,-1.76,1.76,0.244827,0.682801,1,,OVER,0,1.760,PASS
2250817,2026-05-30,LAA@TB,1200017,K_PROP,home,Shane McClanahan,,4.01,0.1455,UNDER,6.5,,UNDER,4,1,0.01,0.01,0.021170,0.157239,1,,UNDER,1,-0.010,UNDER
2250821,2026-05-30,ATL@CIN,1200018,K_PROP,away,Spencer Strider,,4.98,0.2909,UNDER,6.5,,UNDER,2,1,2.98,2.98,0.084623,0.343759,1,,UNDER,1,-2.980,UNDER
2250821,2026-05-30,ATL@CIN,1200019,K_PROP,home,Nick Lodolo,,2.15,0.0302,UNDER,5.5,,UNDER,2,1,0.15,0.15,0.000912,0.030665,1,,UNDER,1,-0.150,UNDER
2250820,2026-05-30,CHC@STL,1200020,K_PROP,home,Matthew Liberatore,,2.86,0.1962,UNDER,4.5,,UNDER,4,1,-1.14,1.14,0.038494,0.218405,1,,UNDER,1,1.140,UNDER
2250822,2026-05-30,SF@COL,1200021,K_PROP,home,Tanner Gordon,,2.97,0.3953,UNDER,3.5,,UNDER,2,1,0.97,0.97,0.156262,0.503023,1,,UNDER,1,-0.970,UNDER
2250822,2026-05-30,SF@COL,1200022,K_PROP,away,Robbie Ray,,3.65,0.2029,UNDER,5.5,,UNDER,4,1,-0.35,0.35,0.041168,0.226775,1,,UNDER,1,0.350,UNDER
2250823,2026-05-30,NYY@ATH,1200023,K_PROP,home,Jacob Lopez,,1.64,0.1029,UNDER,3.5,,OVER,4,0,-2.36,2.36,0.804788,2.273998,1,,OVER,0,2.360,UNDER
2250823,2026-05-30,NYY@ATH,1200024,K_PROP,away,Will Warren,,4.71,0.3938,UNDER,5.5,,OVER,10,0,-5.29,5.29,0.367478,0.931912,1,,OVER,0,5.290,UNDER
2253148,2026-05-30,ARI@SEA,1200025,K_PROP,away,Merrill Kelly,,2,0.0666,UNDER,4.5,,UNDER,3,1,-1.00,1.00,0.004436,0.068921,1,,UNDER,1,1.000,UNDER
2250824,2026-05-30,PHI@LAD,1200026,K_PROP,home,Yoshinobu Yamamoto,,3.91,0.1326,UNDER,6.5,,OVER,7,0,-3.09,3.09,0.752383,2.020418,1,,OVER,0,3.090,UNDER
2250824,2026-05-30,PHI@LAD,1200027,K_PROP,away,Andrew Painter,,2.54,0.2927,UNDER,3.5,,OVER,6,0,-3.46,3.46,0.500273,1.228607,1,,OVER,0,3.460,UNDER
2253148,2026-05-30,ARI@SEA,1200028,K_PROP,home,Bryce Miller,,2.6,0.1511,UNDER,4.5,,OVER,9,0,-6.40,6.40,0.720631,1.889813,1,,OVER,0,6.400,UNDER
2250818,2026-05-30,MIA@NYM,1200057,K_PROP,away,Janson Junk,,2.65,0.3187,UNDER,3.5,,UNDER,2,1,0.65,0.65,0.101570,0.383753,1,,UNDER,1,-0.650,UNDER
2250811,2026-05-30,DET@CWS,1200058,K_PROP,home,Sean Burke,,3.18,0.1313,UNDER,5.5,,UNDER,3,1,0.18,0.18,0.017240,0.140757,1,,UNDER,1,-0.180,UNDER
2250820,2026-05-30,CHC@STL,1200059,K_PROP,away,Jordan Wicks,,2.79,0.3524,UNDER,3.5,,OVER,6,0,-3.21,3.21,0.419386,1.042988,1,,OVER,0,3.210,OVER
2250825,2026-05-31,TOR@BAL,1200029,K_PROP,home,Kyle Bradish,,2.88,0.0937,UNDER,5.5,,UNDER,4,1,-1.12,1.12,0.008780,0.098385,1,,UNDER,1,1.010,UNDER
2250827,2026-05-31,MIN@PIT,1200030,K_PROP,away,Joe Ryan,,4.48,0.3516,UNDER,5.5,,OVER,7,0,-2.52,2.52,0.420423,1.045261,1,,OVER,0,2.520,UNDER
2250827,2026-05-31,MIN@PIT,1200031,K_PROP,home,Braxton Ashcraft,,4.38,0.3328,UNDER,5.5,,OVER,11,0,-6.62,6.62,0.445156,1.100214,1,,OVER,0,6.620,UNDER
2250826,2026-05-31,SD@WSH,1200032,K_PROP,away,Griffin Canning,,2.84,0.1940,UNDER,4.5,,UNDER,3,1,-0.16,0.16,0.037636,0.215672,1,,UNDER,1,-0.120,UNDER
2250826,2026-05-31,SD@WSH,1200033,K_PROP,home,Cade Cavalli,,3.32,0.1509,UNDER,5.5,,UNDER,5,1,-1.68,1.68,0.022771,0.163578,1,,UNDER,1,1.680,UNDER
2250830,2026-05-31,ATL@CIN,1200034,K_PROP,away,Spencer Strider,,5.05,0.3013,UNDER,6.5,,OVER,8,0,-2.95,2.95,0.488182,1.199649,1,,OVER,0,3.120,UNDER
2250828,2026-05-31,BOS@CLE,1200035,K_PROP,away,Ranger Suarez,,3.82,0.3913,UNDER,4.5,,OVER,10,0,-6.18,6.18,0.370516,0.938281,1,,OVER,0,6.760,UNDER
2250830,2026-05-31,ATL@CIN,1200036,K_PROP,home,Chase Burns,,3.58,0.0950,UNDER,6.5,,UNDER,4,1,-0.42,0.42,0.009025,0.099820,1,,UNDER,1,0.420,UNDER
2250828,2026-05-31,BOS@CLE,1200037,K_PROP,home,Tanner Bibee,,3.36,0.2947,UNDER,4.5,,OVER,5,0,-1.64,1.64,0.497448,1.221797,1,,OVER,0,1.610,UNDER
2250829,2026-05-31,LAA@TB,1200038,K_PROP,away,Jose Soriano,,4.73,0.2499,UNDER,6.5,,UNDER,1,1,3.73,3.73,0.062450,0.287549,1,,UNDER,1,-3.730,UNDER
2250831,2026-05-31,MIA@NYM,1200039,K_PROP,away,Sandy Alcantara,,2.42,0.2630,UNDER,3.5,,UNDER,2,1,0.42,0.42,0.069169,0.305167,1,,UNDER,1,-0.420,UNDER
2250831,2026-05-31,MIA@NYM,1200040,K_PROP,home,Austin Warren,,3.64,0.8500,OVER,1.5,,OVER,2,1,1.64,1.64,0.022500,0.162519,1,,UNDER,1,-3.910,OVER
2250829,2026-05-31,LAA@TB,1200041,K_PROP,home,Griffin Jax,,3.05,0.2335,UNDER,4.5,,UNDER,3,1,0.05,0.05,0.054522,0.265921,1,,UNDER,1,-0.050,UNDER
2250832,2026-05-31,DET@CWS,1200042,K_PROP,home,David Sandlin,,3.46,0.5093,UNDER,3.5,,OVER,6,0,-2.54,2.54,0.240786,0.674718,1,,OVER,0,2.660,UNDER
2250832,2026-05-31,DET@CWS,1200043,K_PROP,away,Ty Madden,,4.13,0.6465,OVER,3.5,,OVER,4,1,0.13,0.13,0.124962,0.436182,1,,OVER,1,-0.130,PASS
2250833,2026-05-31,MIL@HOU,1200044,K_PROP,away,Shane Drohan,,4.31,0.6786,OVER,3.5,,OVER,8,1,-3.69,3.69,0.103298,0.387723,1,,UNDER,1,1.600,PASS
2250834,2026-05-31,KC@TEX,1200045,K_PROP,away,Luinder Avila,,4.66,0.7353,OVER,3.5,,OVER,5,1,-0.34,0.34,0.070066,0.307477,1,,OVER,1,0.340,OVER
2250834,2026-05-31,KC@TEX,1200046,K_PROP,home,Jacob deGrom,,5.83,0.4348,UNDER,6.5,,OVER,10,0,-4.17,4.17,0.319451,0.832869,1,,OVER,0,4.170,UNDER
2250835,2026-05-31,SF@COL,1200047,K_PROP,home,Kyle Freeland,,3.03,0.2295,UNDER,4.5,,UNDER,2,1,1.03,1.03,0.052670,0.260716,1,,UNDER,1,-1.030,UNDER
2250835,2026-05-31,SF@COL,1200048,K_PROP,away,Landen Roupp,,4.92,0.4341,UNDER,5.5,,OVER,6,0,-1.08,1.08,0.320243,0.834480,1,,OVER,0,1.080,UNDER
2250836,2026-05-31,NYY@ATH,1200049,K_PROP,home,Jacob Lopez,,1.83,0.1372,UNDER,3.5,,UNDER,3,1,-1.17,1.17,0.018824,0.147572,1,,UNDER,1,1.360,UNDER
2250836,2026-05-31,NYY@ATH,1200050,K_PROP,away,Will Warren,,4.65,0.3822,UNDER,5.5,,UNDER,5,1,-0.35,0.35,0.146077,0.481590,1,,UNDER,1,0.090,UNDER
2253162,2026-05-31,ARI@SEA,1200051,K_PROP,away,Eduardo Rodriguez,,2.43,0.2662,UNDER,3.5,,UNDER,2,1,0.43,0.43,0.070862,0.309519,1,,UNDER,0,-2.070,UNDER
2250837,2026-05-31,PHI@LAD,1200052,K_PROP,home,Emmet Sheehan,,5.3,0.5042,UNDER,5.5,,OVER,10,0,-4.70,4.70,0.245818,0.684782,1,,OVER,0,4.700,OVER
2250837,2026-05-31,PHI@LAD,1200053,K_PROP,away,Andrew Painter,,2.46,0.2726,UNDER,3.5,,UNDER,3,1,-0.54,0.54,0.074311,0.318279,1,,UNDER,1,0.340,UNDER
2253162,2026-05-31,ARI@SEA,1200054,K_PROP,home,Emerson Hancock,,4.04,0.4367,UNDER,4.5,,OVER,6,0,-1.96,1.96,0.317307,0.828509,1,,OVER,0,1.960,PASS
2250838,2026-05-31,CHC@STL,1200055,K_PROP,away,Jordan Wicks,,2.48,0.2768,UNDER,3.5,,UNDER,1,1,1.48,1.48,0.076618,0.324069,1,,UNDER,1,-2.010,UNDER
2250838,2026-05-31,CHC@STL,1200056,K_PROP,home,Michael McGreevy,,2.93,0.3845,UNDER,3.5,,OVER,4,0,-1.07,1.07,0.378840,0.955811,1,,OVER,0,1.070,UNDER
2250833,2026-05-31,MIL@HOU,1200060,K_PROP,home,Tatsuya Imai,,2.46,0.1283,UNDER,4.5,,OVER,5,0,-2.54,2.54,0.759861,2.053384,1,,OVER,0,2.500,UNDER
2250825,2026-05-31,TOR@BAL,1200061,K_PROP,away,Spencer Miles,,5,0.7835,OVER,3.5,,UNDER,2,0,3.00,3.00,0.613872,1.530165,1,,UNDER,0,-3.000,OVER
2250839,2026-06-01,DET@TB,1200062,K_PROP,away,Jack Flaherty,,3.14,0.1255,UNDER,5.5,,UNDER,4,1,-0.86,0.86,0.015750,0.134103,1,,UNDER,1,0.860,UNDER
2250839,2026-06-01,DET@TB,1200063,K_PROP,home,Steven Matz,,2.44,0.1248,UNDER,4.5,,OVER,5,0,-2.56,2.56,0.765975,2.081043,1,,OVER,0,2.560,PASS
2250840,2026-06-01,MIA@WSH,1200064,K_PROP,away,Sandy Alcantara,,2.32,0.2415,UNDER,3.5,,OVER,5,0,-2.68,2.68,0.575322,1.420886,1,,OVER,0,2.680,UNDER
2250840,2026-06-01,MIA@WSH,1200065,K_PROP,home,Miles Mikolas,,2.79,0.3509,UNDER,3.5,,OVER,6,0,-3.21,3.21,0.421331,1.047254,1,,OVER,0,3.210,UNDER
2250841,2026-06-01,KC@CIN,1200066,K_PROP,home,Andrew Abbott,,1.92,0.0584,UNDER,4.5,,UNDER,2,1,-0.08,0.08,0.003411,0.060175,1,,UNDER,1,0.080,UNDER
2250841,2026-06-01,KC@CIN,1200067,K_PROP,away,Noah Cameron,,3.89,0.2440,UNDER,5.5,,UNDER,5,1,-1.11,1.11,0.059536,0.279714,1,,UNDER,1,1.110,UNDER
2250843,2026-06-01,SF@MIL,1200068,K_PROP,home,Kyle Harrison,,4.69,0.2437,UNDER,6.5,,UNDER,5,1,-0.31,0.31,0.059390,0.279317,1,,UNDER,1,0.310,UNDER
2250842,2026-06-01,CWS@MIN,1200069,K_PROP,home,Connor Prielipp,,3.53,0.3304,UNDER,4.5,,OVER,9,0,-5.47,5.47,0.448364,1.107451,1,,OVER,0,5.470,UNDER
2250843,2026-06-01,SF@MIL,1200070,K_PROP,away,Trevor McDonald,,4.75,0.5767,OVER,4.5,,UNDER,4,0,0.75,0.75,0.332583,0.859674,1,,UNDER,0,-0.750,UNDER
2250844,2026-06-01,TEX@STL,1200071,K_PROP,home,Dustin May,,3.1,0.2427,UNDER,4.5,,UNDER,1,1,2.10,2.10,0.058903,0.277996,1,,UNDER,1,-2.100,UNDER
2250844,2026-06-01,TEX@STL,1200072,K_PROP,away,Nathan Eovaldi,,4.89,0.4288,UNDER,5.5,,OVER,8,0,-3.11,3.11,0.326269,0.846765,1,,OVER,0,3.110,UNDER
2250845,2026-06-01,COL@LAA,1200073,K_PROP,away,Tomoyuki Sugano,,1.69,0.1120,UNDER,3.5,,OVER,4,0,-2.31,2.31,0.788544,2.189256,1,,OVER,0,2.310,UNDER
2250845,2026-06-01,COL@LAA,1200074,K_PROP,home,Grayson Rodriguez,,3.19,0.1328,UNDER,5.5,,OVER,7,0,-3.81,3.81,0.752036,2.018911,1,,OVER,0,3.810,UNDER
2253172,2026-06-01,LAD@ARI,1200075,K_PROP,home,Michael Soroka,,3.8,0.3867,UNDER,4.5,,UNDER,3,1,0.80,0.80,0.149537,0.488901,1,,UNDER,1,-0.800,UNDER
2253172,2026-06-01,LAD@ARI,1200076,K_PROP,away,Eric Lauer,,2.52,0.2885,UNDER,3.5,,UNDER,3,1,-0.48,0.48,0.083232,0.340380,1,,UNDER,1,0.480,UNDER
2250846,2026-06-01,NYM@SEA,1200077,K_PROP,away,Austin Warren,,5.24,0.8500,OVER,1.5,,UNDER,0,0,5.24,5.24,0.722500,1.897120,1,,UNDER,0,-5.240,OVER
2250846,2026-06-01,NYM@SEA,1200078,K_PROP,home,Logan Gilbert,,4.1,0.1569,UNDER,6.5,,OVER,7,0,-2.90,2.90,0.710818,1.852147,1,,OVER,0,2.900,UNDER
2250842,2026-06-01,CWS@MIN,1200079,K_PROP,away,Davis Martin,,5.39,0.6859,OVER,4.5,,UNDER,4,0,1.39,1.39,0.470459,1.158044,1,,UNDER,0,-1.390,UNDER
2250847,2026-06-02,DET@TB,1230001,K_PROP,away,Troy Melton,,0.95,0.0300,UNDER,3.5,,OVER,6,0,-5.05,5.05,0.940900,3.506558,1,,OVER,0,5.050,UNDER
2250848,2026-06-02,SD@PHI,1230002,K_PROP,home,Cristopher Sanchez,,7.46,0.6882,OVER,6.5,,OVER,8,1,-0.54,0.54,0.097219,0.373676,1,,OVER,1,0.540,PASS
2250848,2026-06-02,SD@PHI,1230003,K_PROP,away,Walker Buehler,,2.76,0.3437,UNDER,3.5,,UNDER,3,1,-0.24,0.24,0.118130,0.421137,1,,UNDER,1,0.240,UNDER
2250847,2026-06-02,DET@TB,1230004,K_PROP,home,Nick Martinez,,2.27,0.1013,UNDER,4.5,,UNDER,2,1,0.27,0.27,0.010262,0.106806,1,,UNDER,1,-0.270,UNDER
2250849,2026-06-02,BAL@BOS,1230005,K_PROP,away,Chris Bassitt,,2.03,0.1762,UNDER,3.5,,OVER,6,0,-3.97,3.97,0.678646,1.736136,1,,OVER,0,3.970,UNDER
2250849,2026-06-02,BAL@BOS,1230006,K_PROP,home,Payton Tolle,,3.9,0.1317,UNDER,6.5,,UNDER,6,1,-2.10,2.10,0.017345,0.141218,1,,UNDER,1,2.100,UNDER
2250850,2026-06-02,MIA@WSH,1230007,K_PROP,home,Andrew Alvarez,,3.85,0.3976,UNDER,4.5,,UNDER,2,1,1.85,1.85,0.158086,0.506834,1,,UNDER,1,-1.850,UNDER
2250851,2026-06-02,CLE@NYY,1230008,K_PROP,away,Gavin Williams,,5.23,0.3331,UNDER,6.5,,UNDER,4,1,1.23,1.23,0.110956,0.405115,1,,UNDER,1,-1.230,UNDER
2250851,2026-06-02,CLE@NYY,1230009,K_PROP,home,Gerrit Cole,,3.93,0.2505,UNDER,5.5,,UNDER,3,1,0.93,0.93,0.062750,0.288349,1,,UNDER,1,-0.930,UNDER
2250852,2026-06-02,KC@CIN,1230010,K_PROP,home,Chase Burns,,3.91,0.1323,UNDER,6.5,,UNDER,5,1,-1.09,1.09,0.017503,0.141909,1,,UNDER,1,1.090,UNDER
2250853,2026-06-02,TOR@ATL,1230011,K_PROP,home,Grant Holmes,,2.64,0.1584,UNDER,4.5,,OVER,6,0,-3.36,3.36,0.708291,1.842632,1,,OVER,0,3.360,UNDER
2250853,2026-06-02,TOR@ATL,1230012,K_PROP,away,Patrick Corbin,,1.99,0.1691,UNDER,3.5,,OVER,8,0,-6.01,6.01,0.690395,1.777265,1,,OVER,0,6.010,UNDER
2250854,2026-06-02,CWS@MIN,1230013,K_PROP,away,Erick Fedde,,2.57,0.3002,UNDER,3.5,,UNDER,2,1,0.57,0.57,0.090120,0.356961,1,,UNDER,1,-0.570,UNDER
2250855,2026-06-02,SF@MIL,1230014,K_PROP,home,Kyle Harrison,,6.01,0.4665,UNDER,6.5,,OVER,12,0,-5.99,5.99,0.284622,0.762497,1,,OVER,0,6.360,UNDER
2250854,2026-06-02,CWS@MIN,1230015,K_PROP,home,Taj Bradley,,4.56,0.3664,UNDER,5.5,,OVER,7,0,-2.44,2.44,0.401449,1.004030,1,,OVER,0,2.440,UNDER
2250855,2026-06-02,SF@MIL,1230016,K_PROP,away,Logan Webb,,4.36,0.3278,UNDER,5.5,,UNDER,4,1,0.36,0.36,0.107453,0.397199,1,,UNDER,1,-0.360,UNDER
2250856,2026-06-02,TEX@STL,1230017,K_PROP,home,Andre Pallante,,2.5,0.2828,UNDER,3.5,,OVER,9,0,-6.50,6.50,0.514376,1.263015,1,,OVER,0,6.500,UNDER
2250856,2026-06-02,TEX@STL,1230018,K_PROP,away,MacKenzie Gore,,2.69,0.0733,UNDER,5.5,,OVER,7,0,-4.31,4.31,0.858773,2.613195,1,,OVER,0,4.310,UNDER
2250857,2026-06-02,ATH@CHC,1230019,K_PROP,away,Jeffrey Springs,,3.19,0.2599,UNDER,4.5,,OVER,5,0,-1.81,1.81,0.547748,1.347458,1,,OVER,0,1.810,UNDER
2250857,2026-06-02,ATH@CHC,1230020,K_PROP,home,Colin Rea,,3.08,0.2384,UNDER,4.5,,OVER,6,0,-2.92,2.92,0.580035,1.433805,1,,OVER,0,2.920,UNDER
2250858,2026-06-02,PIT@HOU,1230021,K_PROP,home,Spencer Arrighetti,,2.78,0.0823,UNDER,5.5,,UNDER,3,1,-0.22,0.22,0.006773,0.085885,1,,UNDER,1,0.220,UNDER
2250858,2026-06-02,PIT@HOU,1230022,K_PROP,away,Paul Skenes,,5.63,0.2618,UNDER,7.5,,UNDER,3,1,2.63,2.63,0.068539,0.303540,1,,UNDER,1,-2.630,UNDER
2250859,2026-06-02,COL@LAA,1230023,K_PROP,away,Michael Lorenzen,,2.45,0.1267,UNDER,4.5,,OVER,5,0,-2.55,2.55,0.762653,2.065933,1,,OVER,0,2.550,UNDER
2253187,2026-06-02,LAD@ARI,1230024,K_PROP,home,Zac Gallen,,2.49,0.1335,UNDER,4.5,,OVER,6,0,-3.51,3.51,0.750822,2.013654,1,,OVER,0,3.510,UNDER
2253187,2026-06-02,LAD@ARI,1230025,K_PROP,away,Eric Lauer,,2.17,0.2069,UNDER,3.5,,UNDER,1,1,1.17,1.17,0.042808,0.231806,1,,UNDER,1,-1.440,UNDER
2250860,2026-06-02,NYM@SEA,1230026,K_PROP,home,George Kirby,,3.87,0.2390,UNDER,5.5,,OVER,8,0,-4.13,4.13,0.579121,1.431292,1,,OVER,0,4.130,UNDER
2250852,2026-06-02,KC@CIN,1230027,K_PROP,away,Stephen Kolek,,2.98,0.2203,UNDER,4.5,,OVER,8,0,-5.02,5.02,0.607932,1.512765,1,,OVER,0,5.020,OVER
2250859,2026-06-02,COL@LAA,1260001,K_PROP,home,Walbert Urena,,3.04,0.2311,UNDER,4.5,,UNDER,3,1,0.04,0.04,0.053407,0.262794,1,,UNDER,1,-0.040,UNDER
2250850,2026-06-02,MIA@WSH,1290001,K_PROP,away,Max Meyer,,4.37,0.3311,UNDER,5.5,,UNDER,3,1,1.37,1.37,0.109627,0.402121,1,,UNDER,1,-1.370,UNDER
2250860,2026-06-02,NYM@SEA,1290002,K_PROP,away,Freddy Peralta,,4.08,0.2778,UNDER,5.5,,UNDER,0,1,4.08,4.08,0.077173,0.325453,1,,UNDER,1,-4.080,UNDER
2250861,2026-06-03,MIA@WSH,1290003,K_PROP,away,Max Meyer,,4.15,0.2904,UNDER,5.5,,OVER,7,0,-2.85,2.85,0.503532,1.236496,1,,OVER,0,2.840,UNDER
2250861,2026-06-03,MIA@WSH,1290004,K_PROP,home,Andrew Alvarez,,5.58,0.7146,OVER,4.5,,OVER,5,1,0.58,0.58,0.081453,0.336032,1,,OVER,1,-0.580,OVER
2250862,2026-06-03,DET@TB,1290005,K_PROP,away,Troy Melton,,1.31,0.0549,UNDER,3.5,,OVER,5,0,-3.69,3.69,0.893214,2.902242,1,,OVER,0,3.690,UNDER
2250862,2026-06-03,DET@TB,1290006,K_PROP,home,Nick Martinez,,2.1,0.0784,UNDER,4.5,,UNDER,1,1,1.10,1.10,0.006147,0.081644,1,,UNDER,1,-1.190,UNDER
2250863,2026-06-03,CWS@MIN,1290007,K_PROP,away,Erick Fedde,,2.37,0.2527,UNDER,3.5,,UNDER,2,1,0.37,0.37,0.063857,0.291289,1,,UNDER,1,-0.490,UNDER
2250863,2026-06-03,CWS@MIN,1290008,K_PROP,home,Taj Bradley,,5.1,0.4681,UNDER,5.5,,UNDER,5,1,0.10,0.10,0.219118,0.631300,1,,UNDER,1,0.080,PASS
2250864,2026-06-03,NYM@SEA,1290009,K_PROP,away,Freddy Peralta,,4.5,0.3554,UNDER,5.5,,OVER,6,0,-1.50,1.50,0.415509,1.034511,1,,OVER,0,1.500,UNDER
2250864,2026-06-03,NYM@SEA,1290010,K_PROP,home,George Kirby,,4.28,0.3142,UNDER,5.5,,UNDER,5,1,-0.72,0.72,0.098722,0.377169,1,,UNDER,1,0.870,UNDER
2250865,2026-06-03,SD@PHI,1290011,K_PROP,home,Zack Wheeler,,4.75,0.2527,UNDER,6.5,,OVER,8,0,-3.25,3.25,0.558457,1.375552,1,,OVER,0,3.250,PASS
2250865,2026-06-03,SD@PHI,1290012,K_PROP,away,Lucas Giolito,,1.31,0.0547,UNDER,3.5,,OVER,6,0,-4.69,4.69,0.893592,2.905892,1,,OVER,0,4.690,UNDER
2250866,2026-06-03,BAL@BOS,1290013,K_PROP,away,Trevor Rogers,,2.51,0.1363,UNDER,4.5,,UNDER,1,1,1.51,1.51,0.018578,0.146530,1,,UNDER,1,-1.510,UNDER
2250866,2026-06-03,BAL@BOS,1290014,K_PROP,home,Brayan Bello,,2.14,0.2002,UNDER,3.5,,OVER,5,0,-2.86,2.86,0.639680,1.608438,1,,OVER,0,2.860,UNDER
2250867,2026-06-03,CLE@NYY,1290015,K_PROP,away,Slade Cecconi,,2.8,0.1865,UNDER,4.5,,OVER,6,0,-3.20,3.20,0.661782,1.679324,1,,OVER,0,3.200,UNDER
2250867,2026-06-03,CLE@NYY,1290016,K_PROP,home,Carlos Rodon,,3.56,0.1886,UNDER,5.5,,UNDER,2,1,1.56,1.56,0.035570,0.208994,1,,UNDER,1,-1.560,UNDER
2250868,2026-06-03,KC@CIN,1290017,K_PROP,home,Chase Burns,,4.49,0.2117,UNDER,6.5,,OVER,9,0,-4.51,4.51,0.621417,1.552585,1,,OVER,0,4.640,UNDER
2250868,2026-06-03,KC@CIN,1290018,K_PROP,away,Seth Lugo,,3.75,0.3766,UNDER,4.5,,OVER,8,0,-4.25,4.25,0.388628,0.976572,1,,OVER,0,4.250,UNDER
2250869,2026-06-03,TOR@ATL,1290019,K_PROP,home,Chris Sale,,5.27,0.2112,UNDER,7.5,,UNDER,4,1,1.27,1.27,0.044605,0.237242,1,,UNDER,1,-1.270,UNDER
2250869,2026-06-03,TOR@ATL,1290020,K_PROP,away,Patrick Corbin,,2.01,0.1717,UNDER,3.5,,UNDER,1,1,1.01,1.01,0.029481,0.188380,1,,UNDER,1,-1.000,UNDER
2250870,2026-06-03,SF@MIL,1290021,K_PROP,away,Adrian Houser,,1.95,0.1602,UNDER,3.5,,OVER,4,0,-2.05,2.05,0.705264,1.831332,1,,OVER,0,2.050,UNDER
2250871,2026-06-03,TEX@STL,1290022,K_PROP,home,Andre Pallante,,2.59,0.3046,UNDER,3.5,,OVER,5,0,-2.41,2.41,0.483581,1.188756,1,,OVER,0,2.490,UNDER
2250871,2026-06-03,TEX@STL,1290023,K_PROP,away,MacKenzie Gore,,3.17,0.1295,UNDER,5.5,,UNDER,5,1,-1.83,1.83,0.016770,0.138688,1,,UNDER,1,1.910,UNDER
2250872,2026-06-03,ATH@CHC,1290024,K_PROP,away,J.T. Ginn,,2.67,0.3235,UNDER,3.5,,UNDER,3,1,-0.33,0.33,0.104652,0.390823,1,,UNDER,1,0.330,UNDER
2250872,2026-06-03,ATH@CHC,1290025,K_PROP,home,Shota Imanaga,,5,0.2941,UNDER,6.5,,UNDER,3,1,2.00,2.00,0.086495,0.348282,1,,UNDER,1,-2.000,UNDER
2250873,2026-06-03,PIT@HOU,1290026,K_PROP,home,Spencer Arrighetti,,2.54,0.0592,UNDER,5.5,,UNDER,3,1,-0.46,0.46,0.003505,0.061025,1,,UNDER,1,0.450,UNDER
2250873,2026-06-03,PIT@HOU,1290027,K_PROP,away,Jared Jones,,4.87,0.4237,UNDER,5.5,,OVER,7,0,-2.13,2.13,0.332122,0.858730,1,,OVER,0,2.130,PASS
2250874,2026-06-03,COL@LAA,1290028,K_PROP,away,Michael Lorenzen,,2.65,0.1591,UNDER,4.5,,OVER,5,0,-2.35,2.35,0.707113,1.838222,1,,OVER,0,2.570,UNDER
2250874,2026-06-03,COL@LAA,1290029,K_PROP,home,Walbert Urena,,3.22,0.2667,UNDER,4.5,,OVER,7,0,-3.78,3.78,0.537729,1.321631,1,,OVER,0,3.850,UNDER
2253203,2026-06-03,LAD@ARI,1290030,K_PROP,home,Ryne Nelson,,2.24,0.0973,UNDER,4.5,,UNDER,1,1,1.24,1.24,0.009467,0.102365,1,,UNDER,1,-1.240,UNDER
2253203,2026-06-03,LAD@ARI,1290031,K_PROP,away,Justin Wrobleski,,1.79,0.1296,UNDER,3.5,,OVER,6,0,-4.21,4.21,0.757596,2.043302,1,,OVER,0,4.210,UNDER
2250870,2026-06-03,SF@MIL,1290032,K_PROP,home,Coleman Crow,,1.57,0.0913,UNDER,3.5,,OVER,5,0,-3.43,3.43,0.825736,2.393604,1,,OVER,0,3.430,UNDER
2250875,2026-06-04,SD@PHI,1320001,K_PROP,home,Jesus Luzardo,,6.73,0.5832,OVER,6.5,,OVER,8,1,-1.27,1.27,0.173722,0.539225,1,,OVER,0,2.930,PASS
2250875,2026-06-04,SD@PHI,1320002,K_PROP,away,Michael King,,3.33,0.1524,UNDER,5.5,,UNDER,5,1,-1.67,1.67,0.023226,0.165346,1,,OVER,0,3.190,UNDER
2250876,2026-06-04,BAL@BOS,1320003,K_PROP,away,Brandon Young,,1.94,0.1574,UNDER,3.5,,UNDER,3,1,-1.06,1.06,0.024775,0.171263,1,,UNDER,1,0.470,UNDER
2250876,2026-06-04,BAL@BOS,1320004,K_PROP,home,Sonny Gray,,2.77,0.0812,UNDER,5.5,,UNDER,4,1,-1.23,1.23,0.006593,0.084687,1,,OVER,0,1.660,PASS
2250877,2026-06-04,CLE@NYY,1320005,K_PROP,away,Parker Messick,,5.55,0.3880,UNDER,6.5,,UNDER,4,1,1.55,1.55,0.150544,0.491023,1,,UNDER,1,1.210,UNDER
2250877,2026-06-04,CLE@NYY,1320006,K_PROP,home,Ryan Weathers,,6.5,0.5475,OVER,6.5,,OVER,7,1,-0.50,0.50,0.204756,0.602393,1,,OVER,0,2.730,UNDER
2250878,2026-06-04,SF@MIL,1320007,K_PROP,home,Brandon Sproat,,3.03,0.2285,UNDER,4.5,,UNDER,2,1,1.03,1.03,0.052212,0.259419,1,,UNDER,1,0.550,UNDER
2250878,2026-06-04,SF@MIL,1320008,K_PROP,away,Robbie Ray,,3.08,0.1176,UNDER,5.5,,UNDER,5,1,-1.92,1.92,0.013830,0.125110,1,,OVER,0,2.890,UNDER
2250879,2026-06-04,TOR@ATL,1320009,K_PROP,home,Martin Perez,,3.42,0.3086,UNDER,4.5,,OVER,6,0,-2.58,2.58,0.478034,1.175709,1,,OVER,0,2.590,PASS
2250880,2026-06-04,KC@MIN,1320010,K_PROP,away,Michael Wacha,,3.27,0.2776,UNDER,4.5,,UNDER,4,1,-0.73,0.73,0.077062,0.325176,1,,UNDER,1,0.730,UNDER
2250881,2026-06-04,ATH@CHC,1320011,K_PROP,away,J.T. Ginn,,2.88,0.3725,UNDER,3.5,,OVER,8,0,-5.12,5.12,0.393756,0.987518,1,,OVER,0,5.140,UNDER
2250881,2026-06-04,ATH@CHC,1320012,K_PROP,home,Edward Cabrera,,3.42,0.3081,UNDER,4.5,,OVER,5,0,-1.58,1.58,0.478726,1.177331,1,,UNDER,1,-0.040,UNDER
2250882,2026-06-04,PIT@HOU,1320013,K_PROP,away,Mitch Keller,,2.75,0.1766,UNDER,4.5,,UNDER,4,1,-1.25,1.25,0.031188,0.194313,1,,UNDER,1,1.240,UNDER
2253212,2026-06-04,LAD@ARI,1320014,K_PROP,home,Merrill Kelly,,1.71,0.1142,UNDER,3.5,,,,,,,,,1,missing-actual(possible-scratch),,,,UNDER
2253212,2026-06-04,LAD@ARI,1320015,K_PROP,away,Roki Sasaki,,2.09,0.0300,UNDER,5.5,,,,,,,,,1,missing-actual(possible-scratch),,,,UNDER
2250880,2026-06-04,KC@MIN,1320016,K_PROP,home,Zebby Matthews,,3.4,0.1625,UNDER,5.5,,UNDER,2,1,1.40,1.40,0.026406,0.177334,1,,UNDER,1,-1.400,UNDER
2250882,2026-06-04,PIT@HOU,1320017,K_PROP,home,Peter Lambert,,3.68,0.3616,UNDER,4.5,,UNDER,1,1,2.68,2.68,0.130755,0.448790,1,,UNDER,0,-4.580,UNDER
2250879,2026-06-04,TOR@ATL,1320018,K_PROP,away,Trey Yesavage,,2.93,0.0992,UNDER,5.5,,UNDER,1,1,1.93,1.93,0.009841,0.104472,1,,UNDER,1,-1.930,UNDER
2250883,2026-06-05,SF@CHC,1320019,K_PROP,home,Edward Cabrera,,3.34,0.2913,UNDER,4.5,,OVER,6,0,-2.66,2.66,0.502256,1.233402,1,,OVER,0,2.660,UNDER
2250883,2026-06-05,SF@CHC,1320020,K_PROP,away,Landen Roupp,,4.53,0.5354,OVER,4.5,,UNDER,4,0,0.53,0.53,0.286653,0.766578,1,,UNDER,0,-0.530,UNDER
2250884,2026-06-05,SEA@DET,1320021,K_PROP,home,Keider Montero,,2.19,0.2111,UNDER,3.5,,OVER,5,0,-2.81,2.81,0.622363,1.555423,1,,OVER,0,2.810,UNDER
2250885,2026-06-05,CWS@PHI,1320022,K_PROP,home,Andrew Painter,,2.69,0.1658,UNDER,4.5,,UNDER,2,1,0.69,0.69,0.027490,0.181282,1,,UNDER,1,-0.690,UNDER
2250884,2026-06-05,SEA@DET,1320023,K_PROP,away,Bryce Miller,,2.97,0.2178,UNDER,4.5,,OVER,7,0,-4.03,4.03,0.611837,1.524178,1,,OVER,0,4.030,UNDER
2250886,2026-06-05,BOS@NYY,1320024,K_PROP,away,Ranger Suarez,,4.13,0.4554,UNDER,4.5,,UNDER,3,1,1.13,1.13,0.207389,0.607704,1,,UNDER,1,-1.130,UNDER
2250886,2026-06-05,BOS@NYY,1320025,K_PROP,home,Will Warren,,4.5,0.3547,UNDER,5.5,,UNDER,4,1,0.50,0.50,0.125812,0.438040,1,,UNDER,1,-0.500,UNDER
2250887,2026-06-05,BAL@TOR,1320026,K_PROP,away,Kyle Bradish,,2.88,0.0937,UNDER,5.5,,UNDER,4,1,-1.12,1.12,0.008780,0.098385,1,,UNDER,1,1.120,UNDER
2250887,2026-06-05,BAL@TOR,1320027,K_PROP,home,Trey Yesavage,,3.18,0.0587,UNDER,6.5,,UNDER,5,1,-1.82,1.82,0.003446,0.060493,1,,UNDER,1,1.820,UNDER
2250888,2026-06-05,TB@MIA,1320028,K_PROP,home,Ryan Gusto,,3.19,0.8500,OVER,1.5,,UNDER,1,0,2.19,2.19,0.722500,1.897120,1,,UNDER,0,-2.190,OVER
2250888,2026-06-05,TB@MIA,1320029,K_PROP,away,Shane McClanahan,,3.53,0.1835,UNDER,5.5,,OVER,9,0,-5.47,5.47,0.666672,1.695541,1,,OVER,0,5.470,UNDER
2250889,2026-06-05,PIT@ATL,1320030,K_PROP,home,Spencer Strider,,4.74,0.2507,UNDER,6.5,,UNDER,5,1,-0.26,0.26,0.062850,0.288616,1,,UNDER,1,0.260,UNDER
2250889,2026-06-05,PIT@ATL,1320031,K_PROP,away,Braxton Ashcraft,,3.76,0.2202,UNDER,5.5,,UNDER,4,1,-0.24,0.24,0.048488,0.248718,1,,UNDER,1,0.240,UNDER
2250890,2026-06-05,ATH@HOU,1320032,K_PROP,home,Peter Lambert,,3.22,0.2659,UNDER,4.5,,UNDER,4,1,-0.78,0.78,0.070703,0.309110,1,,UNDER,1,0.780,UNDER
2250891,2026-06-05,CIN@STL,1320033,K_PROP,away,Nick Lodolo,,1.71,0.0388,UNDER,4.5,,OVER,6,0,-4.29,4.29,0.923905,3.249335,1,,OVER,0,4.290,UNDER
2250892,2026-06-05,CLE@TEX,1320034,K_PROP,away,Tanner Bibee,,3.23,0.2696,UNDER,4.5,,UNDER,4,1,-0.77,0.77,0.072684,0.314163,1,,UNDER,1,0.770,UNDER
2250893,2026-06-05,KC@MIN,1320035,K_PROP,away,Luinder Avila,,4.51,0.5323,OVER,4.5,,UNDER,2,0,2.51,2.51,0.283343,0.759928,1,,UNDER,0,-2.510,UNDER
2250893,2026-06-05,KC@MIN,1320036,K_PROP,home,Joe Ryan,,4.74,0.3993,UNDER,5.5,,UNDER,2,1,2.74,2.74,0.159440,0.509660,1,,UNDER,1,-2.740,UNDER
2250891,2026-06-05,CIN@STL,1320037,K_PROP,home,Matthew Liberatore,,3.43,0.3098,UNDER,4.5,,UNDER,1,1,2.43,2.43,0.095976,0.370774,1,,UNDER,1,-2.430,UNDER
2250892,2026-06-05,CLE@TEX,1320038,K_PROP,home,Jack Leiter,,4.1,0.2816,UNDER,5.5,,UNDER,5,1,-0.90,0.90,0.079299,0.330729,1,,UNDER,1,0.900,UNDER
2250894,2026-06-05,MIL@COL,1320039,K_PROP,home,Tanner Gordon,,3.24,0.4583,UNDER,3.5,,OVER,4,0,-0.76,0.76,0.293439,0.780231,1,,OVER,0,0.760,PASS
2250894,2026-06-05,MIL@COL,1320040,K_PROP,away,Jacob Misiorowski,,7.1,0.3559,UNDER,8.5,,UNDER,2,1,5.10,5.10,0.126665,0.439901,1,,UNDER,1,-5.100,UNDER
2253225,2026-06-05,WSH@ARI,1320041,K_PROP,home,Eduardo Rodriguez,,2.17,0.0871,UNDER,4.5,,UNDER,4,1,-1.83,1.83,0.007586,0.091129,1,,UNDER,1,1.830,UNDER
2250895,2026-06-05,NYM@SD,1320042,K_PROP,away,Nolan McLean,,6.2,0.6530,OVER,5.5,,UNDER,3,0,3.20,3.20,0.426409,1.058430,1,,UNDER,0,-3.200,PASS
2250895,2026-06-05,NYM@SD,1320043,K_PROP,home,Griffin Canning,,2.94,0.2116,UNDER,4.5,,UNDER,4,1,-1.06,1.06,0.044775,0.237750,1,,UNDER,1,1.060,UNDER
2253225,2026-06-05,WSH@ARI,1320044,K_PROP,away,Zack Littell,,1.77,0.1246,UNDER,3.5,,OVER,4,0,-2.23,2.23,0.766325,2.082647,1,,OVER,0,2.230,UNDER
2250896,2026-06-05,LAA@LAD,1320045,K_PROP,home,Yoshinobu Yamamoto,,4.92,0.2811,UNDER,6.5,,OVER,10,0,-5.08,5.08,0.516817,1.269045,1,,OVER,0,5.080,UNDER
2250885,2026-06-05,CWS@PHI,1350001,K_PROP,away,Anthony Kay,,2.42,0.1217,UNDER,4.5,,UNDER,4,1,-1.58,1.58,0.014811,0.129767,1,,UNDER,1,1.580,UNDER
2250896,2026-06-05,LAA@LAD,1380001,K_PROP,away,Jack Kochanowicz,,1.99,0.1683,UNDER,3.5,,OVER,6,0,-4.01,4.01,0.691725,1.782007,1,,OVER,0,4.010,UNDER
2250897,2026-06-06,SEA@DET,1380002,K_PROP,home,Keider Montero,,2.19,0.0899,UNDER,4.5,,,,,,,,,1,missing-actual(possible-scratch),,,,UNDER
2250897,2026-06-06,SEA@DET,1380003,K_PROP,away,Bryce Miller,,2.97,0.2178,UNDER,4.5,,,,,,,,,1,missing-actual(possible-scratch),,,,UNDER
2250898,2026-06-06,KC@MIN,1380004,K_PROP,away,Luinder Avila,,4.65,0.5590,OVER,3.5,,,,,,,,,1,missing-actual(possible-scratch),,,,OVER
2250898,2026-06-06,KC@MIN,1380005,K_PROP,home,Joe Ryan,,4.51,0.3569,UNDER,5.5,,,,,,,,,1,missing-actual(possible-scratch),,,,UNDER
2250899,2026-06-06,CIN@STL,1380006,K_PROP,away,Nick Lodolo,,1.82,0.0482,UNDER,4.5,,,,,,,,,1,missing-actual(possible-scratch),,,,UNDER
2250899,2026-06-06,CIN@STL,1380007,K_PROP,home,Matthew Liberatore,,3.18,0.2580,UNDER,4.5,,,,,,,,,1,missing-actual(possible-scratch),,,,UNDER
2250900,2026-06-06,SF@CHC,1380008,K_PROP,away,Landen Roupp,,4.67,0.5621,OVER,4.5,,,,,,,,,1,missing-actual(possible-scratch),,,,UNDER
2250901,2026-06-06,BAL@TOR,1380009,K_PROP,away,Kyle Bradish,,2.88,0.0937,UNDER,5.5,,,,,,,,,1,missing-actual(possible-scratch),,,,UNDER
2250902,2026-06-06,CWS@PHI,1380010,K_PROP,home,Andrew Painter,,2.77,0.1804,UNDER,4.5,,,,,,,,,1,missing-actual(possible-scratch),,,,UNDER
2253234,2026-06-06,WSH@ARI,1380011,K_PROP,home,Eduardo Rodriguez,,2.31,0.1058,UNDER,4.5,,,,,,,,,1,missing-actual(possible-scratch),,,,UNDER
2250904,2026-06-06,PIT@ATL,1380012,K_PROP,home,Spencer Strider,,4.88,0.2744,UNDER,6.5,,,,,,,,,1,missing-actual(possible-scratch),,,,UNDER
2250904,2026-06-06,PIT@ATL,1380013,K_PROP,away,Braxton Ashcraft,,3.76,0.2202,UNDER,5.5,,,,,,,,,1,missing-actual(possible-scratch),,,,UNDER
2250905,2026-06-06,TB@MIA,1380014,K_PROP,away,Shane McClanahan,,3.76,0.2205,UNDER,5.5,,,,,,,,,1,missing-actual(possible-scratch),,,,UNDER
2253234,2026-06-06,WSH@ARI,1380015,K_PROP,away,Zack Littell,,1.82,0.1348,UNDER,3.5,,,,,,,,,1,missing-actual(possible-scratch),,,,UNDER
2250907,2026-06-06,BOS@NYY,1380016,K_PROP,away,Ranger Suarez,,4.39,0.5086,UNDER,4.5,,,,,,,,,0,not-completed,,,,UNDER
2250906,2026-06-06,CLE@TEX,1380017,K_PROP,away,Tanner Bibee,,3.33,0.2899,UNDER,4.5,,,,,,,,,1,missing-actual(possible-scratch),,,,UNDER
2250907,2026-06-06,BOS@NYY,1380018,K_PROP,home,Will Warren,,4.64,0.3809,UNDER,5.5,,,,,,,,,0,not-completed,,,,UNDER
2250906,2026-06-06,CLE@TEX,1380019,K_PROP,home,Jack Leiter,,3.91,0.2467,UNDER,5.5,,,,,,,,,1,missing-actual(possible-scratch),,,,UNDER
2250908,2026-06-06,MIL@COL,1380020,K_PROP,home,Tanner Gordon,,3.08,0.4221,UNDER,3.5,,,,,,,,,1,missing-actual(possible-scratch),,,,PASS
2250908,2026-06-06,MIL@COL,1380021,K_PROP,away,Jacob Misiorowski,,6.76,0.3062,UNDER,8.5,,,,,,,,,1,missing-actual(possible-scratch),,,,UNDER
2250909,2026-06-06,LAA@LAD,1380022,K_PROP,away,Jack Kochanowicz,,2.05,0.1811,UNDER,3.5,,,,,,,,,1,missing-actual(possible-scratch),,,,UNDER
2250909,2026-06-06,LAA@LAD,1380023,K_PROP,home,Yoshinobu Yamamoto,,5.08,0.1846,UNDER,7.5,,,,,,,,,1,missing-actual(possible-scratch),,,,UNDER
2250910,2026-06-06,NYM@SD,1380024,K_PROP,away,Nolan McLean,,6.39,0.6811,OVER,5.5,,,,,,,,,1,missing-actual(possible-scratch),,,,PASS
2250910,2026-06-06,NYM@SD,1380025,K_PROP,home,Griffin Canning,,2.8,0.1857,UNDER,4.5,,,,,,,,,1,missing-actual(possible-scratch),,,,UNDER
2250911,2026-06-07,PIT@ATL,1410017,K_PROP,home,Bryce Elder,,3.21,0.2651,UNDER,4.5,,UNDER,4,1,-0.79,0.79,0.070278,0.308021,1,,UNDER,1,0.790,UNDER
2250913,2026-06-07,BOS@NYY,1410019,K_PROP,away,Connelly Early,,3.07,0.1171,UNDER,5.5,,OVER,6,0,-2.93,2.93,0.779512,2.144727,1,,OVER,0,1.610,UNDER
2250912,2026-06-07,CWS@PHI,1410021,K_PROP,away,David Sandlin,,2.81,0.3576,UNDER,3.5,,UNDER,1,1,1.81,1.81,0.127878,0.442544,1,,UNDER,1,-1.810,UNDER
2250913,2026-06-07,BOS@NYY,1410023,K_PROP,home,Will Warren,,4.86,0.5974,OVER,4.5,,OVER,5,1,-0.14,0.14,0.162087,0.515168,1,,UNDER,1,-0.560,PASS
2250912,2026-06-07,CWS@PHI,1410025,K_PROP,home,Cristopher Sanchez,,6.89,0.6077,OVER,6.5,,UNDER,4,0,2.89,2.89,0.369299,0.935728,1,,UNDER,1,-1.310,PASS
2250911,2026-06-07,PIT@ATL,1410027,K_PROP,away,Bubba Chandler,,2.18,0.0888,UNDER,4.5,,UNDER,2,1,0.18,0.18,0.007885,0.092993,1,,UNDER,1,-0.180,UNDER
2250914,2026-06-07,BAL@TOR,1410028,K_PROP,away,Chris Bassitt,,1.54,0.0300,UNDER,4.5,,UNDER,3,1,-1.46,1.46,0.000900,0.030459,1,,UNDER,1,0.350,UNDER
2250914,2026-06-07,BAL@TOR,1410031,K_PROP,home,Patrick Corbin,,2.36,0.2506,UNDER,3.5,,OVER,5,0,-2.64,2.64,0.561600,1.383897,1,,UNDER,1,0.080,UNDER
2250915,2026-06-07,SEA@DET,1410032,K_PROP,home,Jack Flaherty,,3.54,0.1853,UNDER,5.5,,OVER,7,0,-3.46,3.46,0.663736,1.685779,1,,OVER,0,3.460,UNDER
2250916,2026-06-07,TB@MIA,1410034,K_PROP,home,Sandy Alcantara,,2.33,0.1088,UNDER,4.5,,OVER,7,0,-4.67,4.67,0.794237,2.218244,1,,OVER,0,4.670,UNDER
2250915,2026-06-07,SEA@DET,1410036,K_PROP,away,Emerson Hancock,,4.36,0.5029,UNDER,4.5,,OVER,5,0,-0.64,0.64,0.247108,0.687364,1,,OVER,0,1.130,PASS
2250916,2026-06-07,TB@MIA,1410038,K_PROP,away,Griffin Jax,,2.9,0.2051,UNDER,4.5,,UNDER,4,1,-1.10,1.10,0.042066,0.229539,1,,UNDER,1,1.100,PASS
2250917,2026-06-07,ATH@HOU,1410040,K_PROP,away,Jeffrey Springs,,2.77,0.3478,UNDER,3.5,,UNDER,3,1,-0.23,0.23,0.120965,0.427404,1,,UNDER,1,0.050,UNDER
2250917,2026-06-07,ATH@HOU,1410041,K_PROP,home,Spencer Arrighetti,,2.44,0.0505,UNDER,5.5,,UNDER,3,1,-0.56,0.56,0.002550,0.051820,1,,UNDER,1,0.140,UNDER
2250918,2026-06-07,KC@MIN,1410043,K_PROP,away,Noah Cameron,,3.79,0.3853,UNDER,4.5,,OVER,7,0,-3.21,3.21,0.377856,0.953733,1,,OVER,0,3.210,UNDER
2250918,2026-06-07,KC@MIN,1410045,K_PROP,home,Connor Prielipp,,3.36,0.2949,UNDER,4.5,,OVER,7,0,-3.64,3.64,0.497166,1.221119,1,,OVER,0,3.640,UNDER
2250919,2026-06-07,CIN@STL,1410047,K_PROP,away,Andrew Abbott,,2.12,0.1968,UNDER,4.5,,UNDER,4,1,-1.88,1.88,0.038730,0.219152,1,,OVER,0,1.880,UNDER
2250919,2026-06-07,CIN@STL,1410049,K_PROP,home,Michael McGreevy,,3.11,0.4292,UNDER,3.5,,OVER,5,0,-1.89,1.89,0.325813,0.845832,1,,OVER,0,1.890,UNDER
2250920,2026-06-07,CLE@TEX,1410051,K_PROP,away,Gavin Williams,,3.53,0.1832,UNDER,6.5,,OVER,7,0,-3.47,3.47,0.667162,1.697177,1,,OVER,0,3.470,UNDER
2250920,2026-06-07,CLE@TEX,1410053,K_PROP,home,Jacob deGrom,,5.67,0.5692,OVER,5.5,,OVER,6,1,-0.33,0.33,0.185589,0.563523,1,,OVER,1,0.330,PASS
2250921,2026-06-07,MIL@COL,1410055,K_PROP,home,Kyle Freeland,,3.13,0.4333,UNDER,3.5,,UNDER,2,1,1.13,1.13,0.187749,0.567925,1,,UNDER,1,-1.130,UNDER
2253254,2026-06-07,WSH@ARI,1410057,K_PROP,home,Michael Soroka,,4.06,0.4410,UNDER,4.5,,OVER,6,0,-1.94,1.94,0.312481,0.818710,1,,OVER,0,1.940,UNDER
2253254,2026-06-07,WSH@ARI,1410058,K_PROP,away,Miles Mikolas,,3.12,0.2475,UNDER,3,,UNDER,2,1,1.12,1.12,0.061256,0.284354,1,,UNDER,1,-1.120,UNDER
2250922,2026-06-07,LAA@LAD,1410059,K_PROP,away,Grayson Rodriguez,,5.03,0.4548,UNDER,5.5,,,,,,,,,1,missing-actual(possible-scratch),,,,OVER
2250922,2026-06-07,LAA@LAD,1410060,K_PROP,home,Emmet Sheehan,,5.23,0.3331,UNDER,6.5,,,,,,,,,1,missing-actual(possible-scratch),,,,PASS
2250923,2026-06-07,NYM@SD,1410061,K_PROP,home,Walker Buehler,,2.52,0.2868,UNDER,4.5,,UNDER,3,1,-0.48,0.48,0.082254,0.337993,1,,UNDER,1,0.480,UNDER
2250924,2026-06-07,SF@CHC,1410062,K_PROP,home,Jameson Taillon,,2.58,0.1476,UNDER,4.5,,,,,,,,,1,missing-actual(possible-scratch),,,,UNDER
2250924,2026-06-07,SF@CHC,1410063,K_PROP,away,Logan Webb,,4.53,0.5361,OVER,5.5,,,,,,,,,1,missing-actual(possible-scratch),,,,UNDER
2250921,2026-06-07,MIL@COL,1410064,K_PROP,away,Kyle Harrison,,6.36,0.8500,OVER,6.5,,UNDER,4,0,2.36,2.36,0.722500,1.897120,1,,OVER,1,-2.360,OVER
2250923,2026-06-07,NYM@SD,1410065,K_PROP,away,Huascar Brazoban,,1.67,0.5344,OVER,1.5,,UNDER,0,0,1.67,1.67,0.285583,0.764428,1,,UNDER,0,-1.670,OVER
2250925,2026-06-08,SEA@BAL,1410066,K_PROP,home,Trevor Rogers,,2.72,0.1715,UNDER,4.5,,UNDER,0,1,2.72,2.72,0.029412,0.188138,1,,UNDER,1,-2.720,UNDER
2250925,2026-06-08,SEA@BAL,1410067,K_PROP,away,Logan Gilbert,,4.65,0.2364,UNDER,6.5,,UNDER,3,1,1.65,1.65,0.055885,0.269711,1,,UNDER,1,-1.650,UNDER
2250926,2026-06-08,BOS@TB,1410068,K_PROP,away,Payton Tolle,,2.84,0.0889,UNDER,5.5,,OVER,6,0,-3.16,3.16,0.830103,2.420243,1,,OVER,0,3.160,UNDER
2250927,2026-06-08,NYY@CLE,1410069,K_PROP,home,Slade Cecconi,,2.77,0.1804,UNDER,4.5,,OVER,5,0,-2.23,2.23,0.671744,1.712579,1,,OVER,0,2.230,UNDER
2250927,2026-06-08,NYY@CLE,1410070,K_PROP,away,Gerrit Cole,,3.06,0.2350,UNDER,4.5,,OVER,5,0,-1.94,1.94,0.585225,1.448170,1,,OVER,0,1.940,UNDER
2250926,2026-06-08,BOS@TB,1410071,K_PROP,home,Nick Martinez,,2.02,0.1755,UNDER,3.5,,OVER,5,0,-2.98,2.98,0.679800,1.740116,1,,OVER,0,2.980,UNDER
2250928,2026-06-08,PHI@TOR,1410072,K_PROP,away,Zack Wheeler,,4.06,0.2733,UNDER,5.5,,OVER,10,0,-5.94,5.94,0.528093,1.297185,1,,OVER,0,5.940,UNDER
2250928,2026-06-08,PHI@TOR,1410073,K_PROP,home,Dylan Cease,,7.71,0.7193,OVER,6.5,,UNDER,3,0,4.71,4.71,0.517392,1.270469,1,,UNDER,0,-4.710,PASS
2250929,2026-06-08,HOU@LAA,1410074,K_PROP,away,Spencer Arrighetti,,2.87,0.0923,UNDER,5.5,,OVER,7,0,-4.13,4.13,0.823919,2.382711,1,,OVER,0,4.130,UNDER
2250929,2026-06-08,HOU@LAA,1410075,K_PROP,home,Walbert Urena,,2.92,0.2078,UNDER,4.5,,OVER,6,0,-3.08,3.08,0.627581,1.571179,1,,OVER,0,3.080,UNDER
2250930,2026-06-08,CIN@SD,1410076,K_PROP,away,Chase Burns,,4.28,0.1810,UNDER,6.5,,UNDER,6,1,-1.72,1.72,0.032761,0.199671,1,,UNDER,1,1.720,UNDER
2250930,2026-06-08,CIN@SD,1410077,K_PROP,home,Lucas Giolito,,1.94,0.0607,UNDER,4.5,,UNDER,4,1,-2.06,2.06,0.003684,0.062620,1,,UNDER,1,2.060,UNDER
2250931,2026-06-08,WSH@SF,1410078,K_PROP,home,Adrian Houser,,2.14,0.1999,UNDER,3.5,,,,,,,,,1,missing-actual(possible-scratch),,,,UNDER
2250931,2026-06-08,WSH@SF,1410079,K_PROP,away,Andrew Alvarez,,4.69,0.5666,OVER,4.5,,,,,,,,,1,missing-actual(possible-scratch),,,,PASS
2250932,2026-06-08,MIL@ATH,1410080,K_PROP,home,J.T. Ginn,,2.82,0.1897,UNDER,4.5,,,,,,,,,1,missing-actual(possible-scratch),,,,UNDER
2250932,2026-06-08,MIL@ATH,1410081,K_PROP,away,Robert Gasser,,3.52,0.3294,UNDER,4.5,,,,,,,,,1,missing-actual(possible-scratch),,,,UNDER
2250933,2026-06-09,SEA@BAL,1440001,K_PROP,home,Brandon Young,,1.91,0.0575,UNDER,4.5,,UNDER,3,1,-1.09,1.09,0.003306,0.059219,1,,UNDER,1,1.090,UNDER
2250933,2026-06-09,SEA@BAL,1440002,K_PROP,away,George Kirby,,4.26,0.3108,UNDER,5.5,,UNDER,5,1,-0.74,0.74,0.096597,0.372224,1,,UNDER,1,0.740,UNDER
2253270,2026-06-09,ARI@MIA,1440003,K_PROP,away,Ryne Nelson,,2.24,0.0964,UNDER,4.5,,UNDER,3,1,-0.76,0.76,0.009293,0.101368,1,,UNDER,1,0.760,UNDER
2250935,2026-06-09,BOS@TB,1440004,K_PROP,away,Jake Bennett,,1.16,0.0375,UNDER,3.5,,UNDER,3,1,-1.84,1.84,0.001406,0.038221,1,,UNDER,1,1.840,UNDER
2250937,2026-06-09,NYY@CLE,1440005,K_PROP,home,Parker Messick,,5.3,0.5035,UNDER,5.5,,OVER,7,0,-1.70,1.70,0.246512,0.686172,1,,OVER,0,1.700,UNDER
2250936,2026-06-09,MIN@DET,1440006,K_PROP,home,Framber Valdez,,3,0.2237,UNDER,4.5,,OVER,5,0,-2.00,2.00,0.602642,1.497449,1,,OVER,0,2.000,UNDER
2250934,2026-06-09,LAD@PIT,1440007,K_PROP,away,Eric Lauer,,2.46,0.1287,UNDER,4.5,,OVER,5,0,-2.54,2.54,0.759164,2.050271,1,,OVER,0,2.540,UNDER
2253270,2026-06-09,ARI@MIA,1440008,K_PROP,home,Ryan Gusto,,3.41,0.4990,UNDER,3.5,,OVER,5,0,-1.59,1.59,0.251001,0.695149,1,,OVER,0,1.590,UNDER
2250936,2026-06-09,MIN@DET,1440009,K_PROP,away,Taj Bradley,,4.36,0.3293,UNDER,5.5,,UNDER,3,1,1.36,1.36,0.108438,0.399433,1,,UNDER,1,-1.360,UNDER
2250937,2026-06-09,NYY@CLE,1440010,K_PROP,away,Carlos Rodon,,3.68,0.2082,UNDER,5.5,,UNDER,4,1,-0.32,0.32,0.043347,0.233446,1,,UNDER,1,0.320,UNDER
2250934,2026-06-09,LAD@PIT,1440011,K_PROP,home,Jared Jones,,3.84,0.3956,UNDER,4.5,,OVER,7,0,-3.16,3.16,0.365299,0.927352,1,,OVER,0,3.160,UNDER
2250935,2026-06-09,BOS@TB,1440012,K_PROP,home,Drew Rasmussen,,3.9,0.2453,UNDER,5.5,,UNDER,2,1,1.90,1.90,0.060172,0.281435,1,,UNDER,1,-1.900,UNDER
2250938,2026-06-09,PHI@TOR,1440013,K_PROP,away,Jesus Luzardo,,4.85,0.4209,UNDER,5.5,,UNDER,5,1,-0.15,0.15,0.177157,0.546280,1,,UNDER,1,0.150,UNDER
2250938,2026-06-09,PHI@TOR,1440014,K_PROP,home,Max Scherzer,,1.22,0.0442,UNDER,3.5,,OVER,11,0,-9.78,9.78,0.913554,3.119030,1,,OVER,0,9.780,UNDER
2250939,2026-06-09,STL@NYM,1440015,K_PROP,home,Freddy Peralta,,4.4,0.3363,UNDER,5.5,,UNDER,5,1,-0.60,0.60,0.113098,0.409925,1,,UNDER,1,0.600,UNDER
2250939,2026-06-09,STL@NYM,1440016,K_PROP,away,Andre Pallante,,2.64,0.3171,UNDER,3.5,,OVER,6,0,-3.36,3.36,0.466352,1.148538,1,,OVER,0,3.360,UNDER
2250941,2026-06-09,ATL@CWS,1440017,K_PROP,away,Chris Sale,,6.77,0.4417,UNDER,7.5,,UNDER,2,1,4.77,4.77,0.195099,0.582859,1,,UNDER,1,-4.770,UNDER
2250941,2026-06-09,ATL@CWS,1440018,K_PROP,home,Davis Martin,,4.32,0.4941,UNDER,4.5,,UNDER,1,1,3.32,3.32,0.244135,0.681416,1,,UNDER,1,-3.320,UNDER
2250940,2026-06-09,TEX@KC,1440019,K_PROP,home,Seth Lugo,,3.36,0.2942,UNDER,4.5,,UNDER,3,1,0.36,0.36,0.086554,0.348423,1,,UNDER,1,-0.360,UNDER
2250940,2026-06-09,TEX@KC,1440020,K_PROP,away,MacKenzie Gore,,2.97,0.2169,UNDER,4.5,,UNDER,3,1,-0.03,0.03,0.047046,0.244495,1,,UNDER,1,0.030,UNDER
2250942,2026-06-09,CHC@COL,1440021,K_PROP,away,Shota Imanaga,,4.98,0.4451,UNDER,5.5,,UNDER,2,1,2.98,2.98,0.198114,0.588967,1,,UNDER,1,-2.980,PASS
2250942,2026-06-09,CHC@COL,1440022,K_PROP,home,Michael Lorenzen,,2.25,0.2246,UNDER,3.5,,UNDER,3,1,-0.75,0.75,0.050445,0.254376,1,,UNDER,1,0.750,UNDER
2250943,2026-06-09,HOU@LAA,1440023,K_PROP,away,Peter Lambert,,3.72,0.3702,UNDER,4.5,,OVER,5,0,-1.28,1.28,0.396648,0.993712,1,,OVER,0,1.280,UNDER
2250943,2026-06-09,HOU@LAA,1440024,K_PROP,home,Reid Detmers,,4.87,0.2726,UNDER,6.5,,OVER,7,0,-2.13,2.13,0.529111,1.299750,1,,OVER,0,2.130,UNDER
2250944,2026-06-09,CIN@SD,1440025,K_PROP,away,Brady Singer,,2.79,0.1835,UNDER,4.5,,OVER,7,0,-4.21,4.21,0.666672,1.695541,1,,OVER,0,4.210,UNDER
2250944,2026-06-09,CIN@SD,1440026,K_PROP,home,Michael King,,3.44,0.1698,UNDER,5.5,,UNDER,3,1,0.44,0.44,0.028832,0.186089,1,,UNDER,1,-0.440,UNDER
2250945,2026-06-09,WSH@SF,1440027,K_PROP,home,Robbie Ray,,3.01,0.1097,UNDER,5.5,,OVER,6,0,-2.99,2.99,0.792634,2.210006,1,,OVER,0,2.990,UNDER
2250945,2026-06-09,WSH@SF,1440028,K_PROP,away,Foster Griffin,,3.85,0.2367,UNDER,5.5,,UNDER,4,1,-0.15,0.15,0.056027,0.270104,1,,UNDER,1,0.150,UNDER
2250946,2026-06-09,MIL@ATH,1440029,K_PROP,home,J.T. Ginn,,3.09,0.2402,UNDER,4.5,,OVER,5,0,-1.91,1.91,0.577296,1.426283,1,,OVER,0,1.910,UNDER
2250946,2026-06-09,MIL@ATH,1440030,K_PROP,away,Brandon Sproat,,2.94,0.2127,UNDER,4.5,,OVER,7,0,-4.06,4.06,0.619841,1.547873,1,,OVER,0,4.060,UNDER
2250947,2026-06-10,BOS@TB,1470001,K_PROP,away,Jake Bennett,,1.54,0.0869,UNDER,3.5,,OVER,4,0,-2.46,2.46,0.833752,2.442997,1,,OVER,0,2.460,UNDER
2250948,2026-06-10,NYY@CLE,1470002,K_PROP,home,Parker Messick,,5.39,0.5206,UNDER,5.5,,UNDER,4,1,1.39,1.39,0.271024,0.735220,1,,UNDER,1,-1.390,PASS
2250948,2026-06-10,NYY@CLE,1470003,K_PROP,away,Carlos Rodon,,4.37,0.3298,UNDER,5.5,,OVER,7,0,-2.63,2.63,0.449168,1.109269,1,,OVER,0,2.630,UNDER
2250947,2026-06-10,BOS@TB,1470004,K_PROP,home,Drew Rasmussen,,4.34,0.4981,UNDER,4.5,,OVER,13,0,-8.66,8.66,0.251904,0.696954,1,,OVER,0,8.660,PASS
2250949,2026-06-10,WSH@SF,1470005,K_PROP,home,Robbie Ray,,3.08,0.1182,UNDER,5.5,,UNDER,3,1,0.08,0.08,0.013971,0.125790,1,,UNDER,1,-0.140,UNDER
2250949,2026-06-10,WSH@SF,1470006,K_PROP,away,Foster Griffin,,3.65,0.3559,UNDER,4.5,,OVER,5,0,-1.35,1.35,0.414865,1.033105,1,,OVER,0,1.320,UNDER
2250950,2026-06-10,CIN@SD,1470007,K_PROP,away,Brady Singer,,2.75,0.1764,UNDER,4.5,,OVER,5,0,-2.25,2.25,0.678317,1.735001,1,,OVER,0,2.240,UNDER
2250950,2026-06-10,CIN@SD,1470008,K_PROP,home,Michael King,,3.19,0.0601,UNDER,6.5,,UNDER,3,1,0.19,0.19,0.003612,0.061982,1,,UNDER,1,-0.230,UNDER
2250951,2026-06-10,SEA@BAL,1470009,K_PROP,home,Kyle Bradish,,3.26,0.1420,UNDER,5.5,,UNDER,5,1,-1.74,1.74,0.020164,0.153151,1,,UNDER,1,1.740,UNDER
2250951,2026-06-10,SEA@BAL,1470010,K_PROP,away,Bryan Woo,,3.98,0.2585,UNDER,5.5,,OVER,10,0,-6.02,6.02,0.549822,1.352860,1,,OVER,0,6.020,UNDER
2253288,2026-06-10,ARI@MIA,1470011,K_PROP,away,Merrill Kelly,,1.65,0.0346,UNDER,4.5,,UNDER,2,1,-0.35,0.35,0.001197,0.035213,1,,UNDER,1,0.350,UNDER
2250953,2026-06-10,MIN@DET,1470012,K_PROP,home,Keider Montero,,1.96,0.1632,UNDER,3.5,,UNDER,2,1,-0.04,0.04,0.026634,0.178170,1,,UNDER,1,0.040,UNDER
2253288,2026-06-10,ARI@MIA,1470013,K_PROP,home,Ryan Gusto,,3.86,0.5949,OVER,3.5,,OVER,4,1,-0.14,0.14,0.164106,0.519362,1,,OVER,1,-0.070,UNDER
2250952,2026-06-10,LAD@PIT,1470014,K_PROP,home,Mitch Keller,,2.87,0.1996,UNDER,4.5,,UNDER,4,1,-1.13,1.13,0.039840,0.222644,1,,UNDER,1,1.130,UNDER
2250954,2026-06-10,PHI@TOR,1470015,K_PROP,away,Jesus Luzardo,,5.73,0.5796,OVER,5.5,,OVER,8,1,-2.27,2.27,0.176736,0.545417,1,,OVER,0,2.590,OVER
2250954,2026-06-10,PHI@TOR,1470016,K_PROP,home,Max Scherzer,,1.44,0.0717,UNDER,3.5,,OVER,4,0,-2.56,2.56,0.861741,2.635265,1,,OVER,0,2.600,UNDER
2250955,2026-06-10,STL@NYM,1470017,K_PROP,away,Hunter Dobbins,,4.64,0.7320,OVER,3.5,,OVER,5,1,-0.36,0.36,0.071824,0.311975,1,,OVER,1,0.360,OVER
2250957,2026-06-10,ATL@CWS,1470018,K_PROP,away,Martin Perez,,4.21,0.6607,OVER,3.5,,OVER,6,1,-1.79,1.79,0.115124,0.414455,1,,OVER,1,1.790,OVER
2250957,2026-06-10,ATL@CWS,1470019,K_PROP,home,Davis Martin,,4.18,0.4664,UNDER,4.5,,OVER,6,0,-1.82,1.82,0.284729,0.762712,1,,OVER,0,1.680,UNDER
2250956,2026-06-10,TEX@KC,1470020,K_PROP,home,Michael Wacha,,2.89,0.2020,UNDER,4.5,,UNDER,2,1,0.89,0.89,0.040804,0.225647,1,,UNDER,1,-0.890,UNDER
2250956,2026-06-10,TEX@KC,1470021,K_PROP,away,Kumar Rocker,,2.14,0.2011,UNDER,3.5,,OVER,6,0,-3.86,3.86,0.638241,1.603953,1,,OVER,0,3.860,UNDER
2250958,2026-06-10,CHC@COL,1470022,K_PROP,away,Edward Cabrera,,3.75,0.3759,UNDER,4.5,,OVER,7,0,-3.25,3.25,0.389501,0.978432,1,,OVER,0,3.250,UNDER
2250958,2026-06-10,CHC@COL,1470023,K_PROP,home,Ryan Feltner,,2.31,0.2376,UNDER,3.5,,OVER,7,0,-4.69,4.69,0.581254,1.437167,1,,OVER,0,4.690,UNDER
2250959,2026-06-10,MIL@ATH,1470024,K_PROP,away,Brandon Sproat,,2.81,0.1875,UNDER,4.5,,UNDER,3,1,-0.19,0.19,0.035156,0.207639,1,,UNDER,1,-0.020,UNDER
2250960,2026-06-10,HOU@LAA,1470025,K_PROP,away,Peter Lambert,,3.78,0.3835,UNDER,4.5,,OVER,6,0,-2.22,2.22,0.380072,0.958416,1,,OVER,0,2.300,UNDER
2250960,2026-06-10,HOU@LAA,1470026,K_PROP,home,Reid Detmers,,5.17,0.3228,UNDER,6.5,,OVER,9,0,-3.83,3.83,0.458600,1.130722,1,,OVER,0,3.980,UNDER
2250953,2026-06-10,MIN@DET,1470027,K_PROP,away,Zebby Matthews,,2.74,0.1754,UNDER,4.5,,UNDER,4,1,-1.26,1.26,0.030765,0.192857,1,,UNDER,1,1.260,UNDER
2250952,2026-06-10,LAD@PIT,1470028,K_PROP,away,Justin Wrobleski,,2.32,0.1075,UNDER,4.5,,OVER,6,0,-3.68,3.68,0.796556,2.230264,1,,OVER,0,3.680,UNDER
2250955,2026-06-10,STL@NYM,1470029,K_PROP,home,Christian Scott,,3.2,0.1338,UNDER,5.5,,UNDER,1,1,2.20,2.20,0.017902,0.143639,1,,UNDER,1,-2.200,UNDER
2253298,2026-06-11,ARI@MIA,1470030,K_PROP,away,Eduardo Rodriguez,,2.42,0.0493,UNDER,5.5,,UNDER,1,1,1.42,1.42,0.002430,0.050557,1,,UNDER,1,-0.620,UNDER
2250962,2026-06-11,MIN@DET,1470031,K_PROP,home,Jack Flaherty,,3.71,0.2129,UNDER,5.5,,UNDER,4,1,-0.29,0.29,0.045326,0.239400,1,,OVER,0,1.950,UNDER
2250962,2026-06-11,MIN@DET,1470032,K_PROP,away,Joe Ryan,,4.54,0.2202,UNDER,6.5,,UNDER,4,1,0.54,0.54,0.048488,0.248718,1,,UNDER,1,1.360,UNDER
2250961,2026-06-11,STL@NYM,1470033,K_PROP,home,Nolan McLean,,6.39,0.6811,OVER,5.5,,OVER,6,1,0.39,0.39,0.101697,0.384046,1,,OVER,0,2.550,PASS
2250961,2026-06-11,STL@NYM,1470034,K_PROP,away,Kyle Leahy,,2.29,0.2328,UNDER,3.5,,OVER,5,0,-2.71,2.71,0.588596,1.457576,1,,OVER,1,-0.110,UNDER
2250963,2026-06-11,TEX@KC,1470035,K_PROP,home,Luinder Avila,,3.94,0.6096,OVER,3.5,,UNDER,2,0,1.94,1.94,0.371612,0.940583,1,,UNDER,1,-0.900,OVER
2250963,2026-06-11,TEX@KC,1470036,K_PROP,away,Jack Leiter,,4.06,0.4415,UNDER,4.5,,UNDER,3,1,1.06,1.06,0.194922,0.582501,1,,UNDER,1,0.750,UNDER
2250964,2026-06-11,CHC@COL,1470037,K_PROP,away,Javier Assad,,1.83,0.1361,UNDER,3.5,,OVER,5,0,-3.17,3.17,0.746323,1.994365,1,,OVER,0,1.040,UNDER
2250964,2026-06-11,CHC@COL,1470038,K_PROP,home,Ryan Feltner,,2.17,0.2076,UNDER,3.5,,UNDER,3,1,-0.83,0.83,0.043098,0.232689,1,,UNDER,1,0.830,UNDER
2250965,2026-06-11,LAD@PIT,1470039,K_PROP,away,Roki Sasaki,,2.59,0.1491,UNDER,4.5,,,,,,,,,1,missing-actual(possible-scratch),,,,UNDER
2250965,2026-06-11,LAD@PIT,1470040,K_PROP,home,Braxton Ashcraft,,3.02,0.2263,UNDER,5.5,,,,,,,,,1,missing-actual(possible-scratch),,,,UNDER
2250966,2026-06-11,SEA@BAL,1470041,K_PROP,home,Shane Baz,,3.41,0.1652,UNDER,5.5,,,,,,,,,1,missing-actual(possible-scratch),,,,UNDER
2250966,2026-06-11,SEA@BAL,1470042,K_PROP,away,Bryce Miller,,3.48,0.3191,UNDER,4.5,,,,,,,,,1,missing-actual(possible-scratch),,,,UNDER
2250967,2026-06-11,ATL@CWS,1470043,K_PROP,away,Spencer Strider,,4.65,0.3821,UNDER,5.5,,,,,,,,,0,not-completed,,,,UNDER
2253298,2026-06-11,ARI@MIA,1470044,K_PROP,home,Sandy Alcantara,,2.22,0.2190,UNDER,4.5,,OVER,5,0,-2.78,2.78,0.609961,1.518684,1,,OVER,0,2.780,UNDER
2250967,2026-06-11,ATL@CWS,1470045,K_PROP,home,Anthony Kay,,2.16,0.2043,UNDER,4.5,,,,,,,,,0,not-completed,,,,UNDER
2250968,2026-06-12,MIA@PIT,1470046,K_PROP,away,Sandy Alcantara,,2.73,0.1726,UNDER,4.5,,OVER,7,0,-4.27,4.27,0.684591,1.756779,1,,OVER,0,4.270,OVER
2250968,2026-06-12,MIA@PIT,1470047,K_PROP,home,Bubba Chandler,,2.25,0.0977,UNDER,4.5,,UNDER,4,1,-1.75,1.75,0.009545,0.102808,1,,UNDER,1,1.750,UNDER
2250969,2026-06-12,SEA@WSH,1470048,K_PROP,away,Luis Castillo,,3.46,0.3158,UNDER,4.5,,OVER,7,0,-3.54,3.54,0.468130,1.152646,1,,OVER,0,3.540,UNDER
2250969,2026-06-12,SEA@WSH,1470049,K_PROP,home,Cade Cavalli,,3.24,0.1404,UNDER,5.5,,UNDER,0,1,3.24,3.24,0.019712,0.151288,1,,UNDER,1,-3.240,UNDER
2250970,2026-06-12,SD@BAL,1470050,K_PROP,home,Trey Gibson,,1.04,0.0300,UNDER,3.5,,UNDER,1,1,0.04,0.04,0.000900,0.030459,1,,UNDER,1,-0.040,UNDER
2250970,2026-06-12,SD@BAL,1470051,K_PROP,away,Randy Vasquez,,2.49,0.2814,UNDER,3.5,,OVER,6,0,-3.51,3.51,0.516386,1.267978,1,,OVER,0,3.510,UNDER
2250972,2026-06-12,TEX@BOS,1470052,K_PROP,home,Ranger Suarez,,4.92,0.4344,UNDER,5.5,,OVER,7,0,-2.08,2.08,0.319903,0.833790,1,,OVER,0,2.080,UNDER
2250971,2026-06-12,DET@CLE,1470053,K_PROP,home,Joey Cantillo,,3.18,0.2588,UNDER,4.5,,OVER,8,0,-4.82,4.82,0.549377,1.351700,1,,OVER,0,4.820,UNDER
2250971,2026-06-12,DET@CLE,1470054,K_PROP,away,Tarik Skubal,,6.11,0.6401,OVER,5.5,,UNDER,1,0,5.11,5.11,0.409728,1.021929,1,,UNDER,0,-5.110,OVER
2250972,2026-06-12,TEX@BOS,1470055,K_PROP,away,Jacob deGrom,,5.56,0.3899,UNDER,6.5,,UNDER,3,1,2.56,2.56,0.152022,0.494132,1,,UNDER,1,-2.560,UNDER
2253309,2026-06-12,ARI@CIN,1470056,K_PROP,away,Michael Soroka,,4.54,0.3614,UNDER,5.5,,UNDER,3,1,1.54,1.54,0.130610,0.448477,1,,UNDER,1,-1.540,UNDER
2250973,2026-06-12,ATL@NYM,1470057,K_PROP,away,Martin Perez,,3.57,0.5331,OVER,3.5,,UNDER,3,0,0.57,0.57,0.284196,0.761640,1,,UNDER,0,-0.570,UNDER
2253309,2026-06-12,ARI@CIN,1470059,K_PROP,home,Rhett Lowder,,2.02,0.1738,UNDER,3.5,,OVER,5,0,-2.98,2.98,0.682606,1.749850,1,,OVER,0,2.980,UNDER
2250973,2026-06-12,ATL@NYM,1470060,K_PROP,home,Nolan McLean,,5.63,0.5626,OVER,5.5,,OVER,6,1,-0.37,0.37,0.191319,0.575186,1,,OVER,1,0.370,OVER
2250974,2026-06-12,NYY@TOR,1470061,K_PROP,away,Cam Schlittler,,4.48,0.3516,UNDER,5.5,,UNDER,2,1,2.48,2.48,0.123623,0.433247,1,,UNDER,1,-2.480,UNDER
2250974,2026-06-12,NYY@TOR,1470062,K_PROP,home,Kevin Gausman,,4.91,0.2795,UNDER,6.5,,UNDER,3,1,1.91,1.91,0.078120,0.327810,1,,UNDER,1,-1.910,UNDER
2250975,2026-06-12,LAD@CWS,1470063,K_PROP,home,Sean Burke,,2.96,0.2148,UNDER,4.5,,OVER,7,0,-4.04,4.04,0.616539,1.538048,1,,OVER,0,4.040,UNDER
2250975,2026-06-12,LAD@CWS,1470064,K_PROP,away,Yoshinobu Yamamoto,,4.43,0.2027,UNDER,6.5,,UNDER,4,1,0.43,0.43,0.041087,0.226524,1,,UNDER,1,-0.430,UNDER
2250976,2026-06-12,PHI@MIL,1470065,K_PROP,home,Jacob Misiorowski,,6.67,0.2920,UNDER,8.5,,OVER,15,0,-8.33,8.33,0.501264,1.231001,1,,OVER,0,8.330,UNDER
2250976,2026-06-12,PHI@MIL,1470066,K_PROP,away,Aaron Nola,,4.31,0.3185,UNDER,5.5,,UNDER,2,1,2.31,2.31,0.101442,0.383459,1,,UNDER,1,-2.310,UNDER
2250977,2026-06-12,HOU@KC,1470067,K_PROP,away,Mike Burrows,,2.82,0.1891,UNDER,4.5,,UNDER,1,1,1.82,1.82,0.035759,0.209611,1,,UNDER,1,-1.820,UNDER
2250977,2026-06-12,HOU@KC,1470068,K_PROP,home,Noah Cameron,,3.28,0.2797,UNDER,4.5,,UNDER,0,1,3.28,3.28,0.078232,0.328087,1,,UNDER,1,-3.280,UNDER
2250978,2026-06-12,STL@MIN,1470069,K_PROP,home,Connor Prielipp,,2.97,0.1037,UNDER,5.5,,OVER,8,0,-5.03,5.03,0.803354,2.266253,1,,OVER,0,5.030,PASS
2250978,2026-06-12,STL@MIN,1470070,K_PROP,away,Matthew Liberatore,,2.71,0.1702,UNDER,4.5,,OVER,5,0,-2.29,2.29,0.688568,1.770781,1,,OVER,0,2.290,PASS
2250979,2026-06-12,TB@LAA,1470071,K_PROP,home,Jose Soriano,,4.44,0.3439,UNDER,5.5,,UNDER,4,1,0.44,0.44,0.118267,0.421442,1,,UNDER,1,-0.440,UNDER
2250979,2026-06-12,TB@LAA,1470072,K_PROP,away,Griffin Jax,,3.17,0.1294,UNDER,5,,OVER,7,0,-3.83,3.83,0.757944,2.044847,1,,OVER,0,3.830,UNDER
2250980,2026-06-12,COL@ATH,1470073,K_PROP,home,Joey Estes,,1.87,0.1451,UNDER,3.5,,OVER,6,0,-4.13,4.13,0.730854,1.930332,1,,OVER,0,4.130,UNDER
2250981,2026-06-12,CHC@SF,1470074,K_PROP,away,Javier Assad,,1.5,0.0804,UNDER,3.5,,OVER,5,0,-3.50,3.50,0.845664,2.520741,1,,OVER,0,3.500,UNDER
2250981,2026-06-12,CHC@SF,1470075,K_PROP,home,Trevor McDonald,,4.74,0.5751,OVER,4.5,,OVER,5,1,-0.26,0.26,0.180540,0.553211,1,,OVER,1,0.260,OVER
2250980,2026-06-12,COL@ATH,1470103,K_PROP,away,Kyle Freeland,,3.11,0.2452,UNDER,4.5,,UNDER,2,1,1.11,1.11,0.060123,0.281302,1,,UNDER,1,-1.110,UNDER
2250982,2026-06-13,STL@MIN,1470076,K_PROP,home,Taj Bradley,,2.87,0.1990,UNDER,5.5,,UNDER,2,1,0.87,0.87,0.039601,0.221894,1,,UNDER,1,-0.830,UNDER
2250982,2026-06-13,STL@MIN,1470077,K_PROP,away,Michael McGreevy,,2.91,0.2065,UNDER,3.5,,OVER,4,0,-1.09,1.09,0.629642,1.577455,1,,UNDER,1,1.080,PASS
2250983,2026-06-13,NYY@TOR,1470078,K_PROP,away,Will Warren,,3.87,0.4025,UNDER,4.5,,OVER,7,0,-3.13,3.13,0.357006,0.910060,1,,OVER,0,2.520,PASS
2250983,2026-06-13,NYY@TOR,1470079,K_PROP,home,Patrick Corbin,,2.12,0.1968,UNDER,3.5,,OVER,7,0,-4.88,4.88,0.645130,1.625567,1,,OVER,0,1.830,UNDER
2250984,2026-06-13,SD@BAL,1470080,K_PROP,home,Trevor Rogers,,1.96,0.1629,UNDER,4.5,,OVER,7,0,-5.04,5.04,0.700736,1.814619,1,,OVER,0,5.990,UNDER
2250986,2026-06-13,MIA@PIT,1470081,K_PROP,home,Paul Skenes,,5.7,0.4128,UNDER,6.5,,UNDER,6,1,-0.30,0.30,0.170404,0.532390,1,,OVER,0,3.820,UNDER
2250984,2026-06-13,SD@BAL,1470082,K_PROP,away,Walker Buehler,,2.63,0.3142,UNDER,3.5,,OVER,5,0,-2.37,2.37,0.470322,1.157726,1,,OVER,0,2.520,UNDER
2250985,2026-06-13,SEA@WSH,1470083,K_PROP,away,Emerson Hancock,,3.98,0.4239,UNDER,4.5,,UNDER,4,1,-0.02,0.02,0.179691,0.551474,1,,UNDER,1,0.370,UNDER
2250985,2026-06-13,SEA@WSH,1470084,K_PROP,home,Miles Mikolas,,3.06,0.6387,OVER,2.5,,OVER,5,1,-1.94,1.94,0.130538,0.448320,1,,UNDER,1,1.590,PASS
2253324,2026-06-13,ARI@CIN,1470085,K_PROP,away,Zac Gallen,,2.37,0.0448,UNDER,5.5,,OVER,7,0,-4.63,4.63,0.912407,3.105547,1,,OVER,0,2.570,UNDER
2250989,2026-06-13,ATL@NYM,1470086,K_PROP,away,Bryce Elder,,2.83,0.1920,UNDER,4.5,,UNDER,4,1,-1.17,1.17,0.036864,0.213193,1,,OVER,1,0.240,UNDER
2250988,2026-06-13,TEX@BOS,1470087,K_PROP,home,Ranger Suarez,,5.41,0.5232,UNDER,5.5,,OVER,7,0,-1.59,1.59,0.227338,0.647791,1,,OVER,0,1.640,PASS
2253324,2026-06-13,ARI@CIN,1470088,K_PROP,home,Andrew Abbott,,1.94,0.1592,UNDER,3.5,,OVER,6,0,-4.06,4.06,0.706945,1.837594,1,,OVER,0,3.990,UNDER
2250987,2026-06-13,DET@CLE,1470089,K_PROP,home,Gavin Williams,,3.4,0.3043,UNDER,6.5,,UNDER,4,1,-0.60,0.60,0.092598,0.362837,1,,UNDER,1,0.570,UNDER
2250990,2026-06-13,LAD@CWS,1470090,K_PROP,home,Erick Fedde,,2.31,0.2379,UNDER,3.5,,OVER,6,0,-3.69,3.69,0.580796,1.435905,1,,OVER,0,2.880,UNDER
2250987,2026-06-13,DET@CLE,1470091,K_PROP,away,Casey Mize,,6.3,0.6691,OVER,3.5,,OVER,4,1,2.30,2.30,0.109495,0.401822,1,,UNDER,0,-2.300,OVER
2250990,2026-06-13,LAD@CWS,1470092,K_PROP,away,Emmet Sheehan,,5.37,0.5165,UNDER,5.5,,OVER,7,0,-1.63,1.63,0.233772,0.660680,1,,OVER,0,2.520,OVER
2250988,2026-06-13,TEX@BOS,1470093,K_PROP,away,Jacob deGrom,,5.35,0.3527,UNDER,6.5,,UNDER,5,1,0.35,0.35,0.124397,0.434945,1,,UNDER,1,-0.390,UNDER
2250991,2026-06-13,HOU@KC,1470094,K_PROP,away,Spencer Arrighetti,,2.71,0.1706,UNDER,4.5,,,,,,,,,1,missing-actual(possible-scratch),,,,UNDER
2250991,2026-06-13,HOU@KC,1470095,K_PROP,home,Stephen Kolek,,3.48,0.3205,UNDER,3.5,,,,,,,,,1,missing-actual(possible-scratch),,,,UNDER
2250992,2026-06-13,PHI@MIL,1470096,K_PROP,away,Cristopher Sanchez,,4.41,0.3376,UNDER,7.5,,,,,,,,,1,missing-actual(possible-scratch),,,,UNDER
2250993,2026-06-13,COL@ATH,1470097,K_PROP,home,Jeffrey Springs,,1.97,0.1638,UNDER,4.5,,,,,,,,,1,missing-actual(possible-scratch),,,,UNDER
2250993,2026-06-13,COL@ATH,1470099,K_PROP,away,Kyle Freeland,,3.36,0.2955,UNDER,4.5,,,,,,,,,1,missing-actual(possible-scratch),,,,UNDER
2250994,2026-06-13,CHC@SF,1470100,K_PROP,home,Trevor McDonald,,4.6,0.5484,OVER,4.5,,,,,,,,,1,missing-actual(possible-scratch),,,,PASS
2250995,2026-06-13,TB@LAA,1470101,K_PROP,home,Jose Soriano,,4.66,0.3857,UNDER,5.5,,,,,,,,,1,missing-actual(possible-scratch),,,,UNDER
2250995,2026-06-13,TB@LAA,1470102,K_PROP,away,Griffin Jax,,3.07,0.2370,UNDER,4.5,,,,,,,,,1,missing-actual(possible-scratch),,,,UNDER
2250986,2026-06-13,MIA@PIT,1470104,K_PROP,away,Max Meyer,,4.58,0.3695,UNDER,5.5,,UNDER,4,1,0.58,0.58,0.136530,0.461242,1,,OVER,1,-2.420,UNDER
2250992,2026-06-13,PHI@MIL,1470105,K_PROP,home,Kyle Harrison,,4.45,0.5191,UNDER,6.5,,,,,,,,,1,missing-actual(possible-scratch),,,,PASS
2250994,2026-06-13,CHC@SF,1470106,K_PROP,away,Ben Brown,,3.84,0.3951,UNDER,4.5,,,,,,,,,1,missing-actual(possible-scratch),,,,UNDER
2250989,2026-06-13,ATL@NYM,1470107,K_PROP,home,Freddy Peralta,,3.7,0.2113,UNDER,5.5,,OVER,6,0,-2.30,2.30,0.622048,1.554476,1,,OVER,0,2.190,UNDER
2250996,2026-06-14,MIA@PIT,1470108,K_PROP,away,Ryan Gusto,,4.28,0.6730,OVER,3.5,,OVER,9,1,-4.72,4.72,0.106929,0.396010,1,,OVER,0,4.530,PASS
2250996,2026-06-14,MIA@PIT,1470109,K_PROP,home,Jared Jones,,3.12,0.2477,UNDER,4.5,,OVER,10,0,-6.88,6.88,0.565955,1.395537,1,,OVER,0,3.540,UNDER
2250997,2026-06-14,SD@BAL,1470110,K_PROP,home,Trevor Rogers,,2.56,0.1449,UNDER,4.5,,UNDER,4,1,-1.44,1.44,0.020996,0.156537,1,,UNDER,1,1.440,UNDER
2250997,2026-06-14,SD@BAL,1470111,K_PROP,away,Walker Buehler,,3.04,0.4124,UNDER,3.5,,OVER,5,0,-1.96,1.96,0.345274,0.885762,1,,OVER,0,1.960,UNDER
2250998,2026-06-14,SEA@WSH,1470112,K_PROP,away,Emerson Hancock,,3.95,0.6117,OVER,3.5,,UNDER,2,0,1.95,1.95,0.374177,0.945977,1,,UNDER,0,-1.960,OVER
2250998,2026-06-14,SEA@WSH,1470113,K_PROP,home,Andrew Alvarez,,4.6,0.5485,OVER,4.5,,UNDER,0,0,4.60,4.60,0.300852,0.795180,1,,UNDER,0,-3.060,PASS
2250999,2026-06-14,NYY@TOR,1470114,K_PROP,away,Will Warren,,3.74,0.3751,UNDER,4.5,,UNDER,1,1,2.74,2.74,0.140700,0.470164,1,,UNDER,1,-2.740,UNDER
2250999,2026-06-14,NYY@TOR,1470115,K_PROP,home,Patrick Corbin,,2.41,0.2611,UNDER,3.5,,UNDER,3,1,-0.59,0.59,0.068173,0.302593,1,,UNDER,1,0.590,UNDER
2253338,2026-06-14,ARI@CIN,1470116,K_PROP,away,Ryne Nelson,,2.18,0.0887,UNDER,4.5,,UNDER,4,1,-1.82,1.82,0.007868,0.092883,1,,UNDER,1,1.820,UNDER
2251001,2026-06-14,ATL@NYM,1470117,K_PROP,away,Bryce Elder,,3.02,0.2264,UNDER,4.5,,UNDER,2,1,1.02,1.02,0.051257,0.256700,1,,UNDER,1,-1.020,UNDER
2253338,2026-06-14,ARI@CIN,1470118,K_PROP,home,Chase Burns,,4.23,0.0904,UNDER,7.5,,UNDER,5,1,-0.77,0.77,0.008172,0.094750,1,,UNDER,1,0.770,UNDER
2251000,2026-06-14,DET@CLE,1470119,K_PROP,home,Gavin Williams,,5.01,0.2959,UNDER,6.5,,,,,,,,,0,not-completed,,,,UNDER
2251000,2026-06-14,DET@CLE,1470120,K_PROP,away,Troy Melton,,1.76,0.0433,UNDER,4.5,,,,,,,,,0,not-completed,,,,UNDER
2251001,2026-06-14,ATL@NYM,1470121,K_PROP,home,Freddy Peralta,,3.71,0.2123,UNDER,5.5,,UNDER,2,1,1.71,1.71,0.045071,0.238638,1,,UNDER,1,-1.710,UNDER
2251002,2026-06-14,HOU@KC,1470122,K_PROP,away,Spencer Arrighetti,,2.66,0.1607,UNDER,4.5,,,,,,,,,1,missing-actual(possible-scratch),,,,UNDER
2251002,2026-06-14,HOU@KC,1470123,K_PROP,home,Stephen Kolek,,2.97,0.3963,UNDER,3.5,,,,,,,,,1,missing-actual(possible-scratch),,,,UNDER
2251004,2026-06-14,LAD@CWS,1470124,K_PROP,away,Eric Lauer,,2.84,0.3641,UNDER,3.5,,,,,,,,,1,missing-actual(possible-scratch),,,,UNDER
2251005,2026-06-14,PHI@MIL,1470125,K_PROP,home,Kyle Harrison,,5.37,0.2252,UNDER,7.5,,,,,,,,,1,missing-actual(possible-scratch),,,,PASS
2251003,2026-06-14,STL@MIN,1470126,K_PROP,home,Taj Bradley,,4.47,0.3496,UNDER,5.5,,,,,,,,,1,missing-actual(possible-scratch),,,,UNDER
2251005,2026-06-14,PHI@MIL,1470127,K_PROP,away,Zack Wheeler,,4.54,0.2197,UNDER,6.5,,,,,,,,,1,missing-actual(possible-scratch),,,,UNDER
2251003,2026-06-14,STL@MIN,1470128,K_PROP,away,Dustin May,,3.64,0.3544,UNDER,4.5,,,,,,,,,1,missing-actual(possible-scratch),,,,UNDER
2251006,2026-06-14,COL@ATH,1470129,K_PROP,home,J.T. Ginn,,3.05,0.2339,UNDER,4.5,,,,,,,,,1,missing-actual(possible-scratch),,,,OVER
2251006,2026-06-14,COL@ATH,1470130,K_PROP,away,Michael Lorenzen,,2.6,0.1512,UNDER,4.5,,,,,,,,,1,missing-actual(possible-scratch),,,,UNDER
2251007,2026-06-14,CHC@SF,1470131,K_PROP,away,Shota Imanaga,,4.32,0.3206,UNDER,5.5,,,,,,,,,1,missing-actual(possible-scratch),,,,UNDER
2251007,2026-06-14,CHC@SF,1470132,K_PROP,home,Logan Webb,,4.08,0.2779,UNDER,5.5,,,,,,,,,1,missing-actual(possible-scratch),,,,UNDER
2251008,2026-06-14,TB@LAA,1470133,K_PROP,home,Walbert Urena,,2.96,0.2154,UNDER,4.5,,,,,,,,,1,missing-actual(possible-scratch),,,,UNDER
2251009,2026-06-14,TEX@BOS,1470134,K_PROP,home,Connelly Early,,3.57,0.1889,UNDER,5.5,,,,,,,,,1,missing-actual(possible-scratch),,,,UNDER
2251009,2026-06-14,TEX@BOS,1470135,K_PROP,away,MacKenzie Gore,,3.46,0.1725,UNDER,5.5,,,,,,,,,1,missing-actual(possible-scratch),,,,UNDER
2251008,2026-06-14,TB@LAA,1470136,K_PROP,away,Nick Martinez,,2.16,0.2042,UNDER,3.5,,,,,,,,,1,missing-actual(possible-scratch),,,,UNDER
2251010,2026-06-15,MIA@PHI,1470137,K_PROP,away,Ryan Gusto,,3.3,0.4730,UNDER,3.5,,UNDER,1,1,2.30,2.30,0.223729,0.640555,1,,UNDER,0,-2.620,PASS
2251010,2026-06-15,MIA@PHI,1470138,K_PROP,home,Jesus Luzardo,,5.84,0.4368,UNDER,6.5,,OVER,9,0,-3.16,3.16,0.317194,0.828280,1,,OVER,0,3.170,PASS
2251011,2026-06-15,KC@WSH,1470139,K_PROP,home,Foster Griffin,,3.69,0.2090,UNDER,5.5,,UNDER,5,1,-1.31,1.31,0.043681,0.234457,1,,OVER,1,0.260,UNDER
2251012,2026-06-15,NYM@CIN,1470140,K_PROP,home,Brady Singer,,2.7,0.1677,UNDER,4.5,,OVER,7,0,-4.30,4.30,0.692723,1.785579,1,,OVER,0,4.310,UNDER
2251013,2026-06-15,SD@STL,1470141,K_PROP,home,Andre Pallante,,2.73,0.3375,UNDER,3.5,,OVER,9,0,-6.27,6.27,0.438906,1.086190,1,,OVER,0,5.360,UNDER
2251014,2026-06-15,COL@CHC,1470142,K_PROP,home,Edward Cabrera,,3.65,0.2021,UNDER,5.5,,UNDER,3,1,0.65,0.65,0.040844,0.225772,1,,UNDER,1,-0.630,UNDER
2251014,2026-06-15,COL@CHC,1470143,K_PROP,away,Ryan Feltner,,2.19,0.2113,UNDER,3.5,,OVER,5,0,-2.81,2.81,0.622048,1.554476,1,,OVER,0,2.810,UNDER
2251015,2026-06-15,MIN@TEX,1470144,K_PROP,home,Kumar Rocker,,2.16,0.2045,UNDER,3.5,,OVER,10,0,-7.84,7.84,0.632820,1.587187,1,,OVER,0,7.840,UNDER
2251016,2026-06-15,DET@HOU,1470145,K_PROP,away,Framber Valdez,,2.65,0.1589,UNDER,4.5,,OVER,5,0,-2.35,2.35,0.707449,1.839480,1,,OVER,0,2.350,UNDER
2253356,2026-06-15,LAA@ARI,1470146,K_PROP,home,Merrill Kelly,,1.78,0.0446,UNDER,4.5,,OVER,5,0,-3.22,3.22,0.912789,3.110021,1,,OVER,0,3.210,UNDER
2251017,2026-06-15,PIT@ATH,1470147,K_PROP,home,J.T. Ginn,,3.1,0.2433,UNDER,4.5,,UNDER,3,1,0.10,0.10,0.059195,0.278788,1,,UNDER,1,-0.200,UNDER
2253356,2026-06-15,LAA@ARI,1470148,K_PROP,away,Reid Detmers,,4.71,0.3943,UNDER,5.5,,UNDER,3,1,1.71,1.71,0.155472,0.501370,1,,UNDER,1,-1.710,UNDER
2251017,2026-06-15,PIT@ATH,1470149,K_PROP,away,Mitch Keller,,2.85,0.1959,UNDER,4.5,,UNDER,4,1,-1.15,1.15,0.038377,0.218032,1,,UNDER,1,1.140,UNDER
2251018,2026-06-15,TB@LAD,1470150,K_PROP,home,Justin Wrobleski,,1.78,0.0447,UNDER,4.5,,UNDER,4,1,-2.22,2.22,0.001998,0.045730,1,,PUSH,,2.220,UNDER
2251018,2026-06-15,TB@LAD,1470151,K_PROP,away,Drew Rasmussen,,4.39,0.3341,UNDER,5.5,,OVER,6,0,-1.61,1.61,0.443423,1.096315,1,,OVER,0,1.620,UNDER
2251011,2026-06-15,KC@WSH,1470152,K_PROP,away,Michael Wacha,,2.52,0.1384,UNDER,4.5,,UNDER,1,1,1.52,1.52,0.019155,0.148964,1,,UNDER,1,-0.410,UNDER
2251012,2026-06-15,NYM@CIN,1470153,K_PROP,away,Kodai Senga,,3.49,0.1768,UNDER,5.5,,UNDER,1,1,2.49,2.49,0.031258,0.194556,1,,UNDER,1,-2.500,UNDER
2251016,2026-06-15,DET@HOU,1470154,K_PROP,home,Hunter Brown,,9.27,0.8500,OVER,6.5,,OVER,9,1,0.27,0.27,0.022500,0.162519,1,,OVER,1,-0.270,PASS
2251015,2026-06-15,MIN@TEX,1470155,K_PROP,away,Zebby Matthews,,2.54,0.1411,UNDER,4.5,,UNDER,2,1,0.54,0.54,0.019909,0.152103,1,,UNDER,1,-0.550,UNDER
2251013,2026-06-15,SD@STL,1470156,K_PROP,away,Michael King,,3.13,0.2478,UNDER,4.5,,UNDER,1,1,2.13,2.13,0.061405,0.284753,1,,UNDER,1,-0.940,UNDER
2251019,2026-06-16,MIA@PHI,1470157,K_PROP,home,Andrew Painter,,2.64,0.3155,UNDER,3.5,,OVER,9,0,-6.36,6.36,0.468540,1.153597,1,,OVER,1,2.250,UNDER
2251021,2026-06-16,TOR@BOS,1470158,K_PROP,home,Jake Bennett,,1.58,0.0934,UNDER,3.5,,OVER,6,0,-4.42,4.42,0.821924,2.370864,1,,OVER,0,4.310,UNDER
2251020,2026-06-16,KC@WSH,1470159,K_PROP,away,Michael Wacha,,2.3,0.1048,UNDER,4.5,,UNDER,3,1,-0.70,0.70,0.010983,0.110708,1,,UNDER,1,0.600,UNDER
2251020,2026-06-16,KC@WSH,1470160,K_PROP,home,Zack Littell,,1.89,0.1491,UNDER,3.5,,OVER,6,0,-4.11,4.11,0.724031,1.903138,1,,OVER,0,2.500,UNDER
2251022,2026-06-16,CWS@NYY,1470161,K_PROP,away,Davis Martin,,4.74,0.3996,UNDER,5.5,,UNDER,4,1,0.74,0.74,0.159680,0.510159,1,,UNDER,1,-1.000,UNDER
2251022,2026-06-16,CWS@NYY,1470162,K_PROP,home,Carlos Rodon,,4.6,0.2298,UNDER,6.5,,UNDER,6,1,-1.40,1.40,0.052808,0.261105,1,,UNDER,1,1.680,UNDER
2251023,2026-06-16,NYM@CIN,1470163,K_PROP,home,Nick Lodolo,,2.13,0.0300,UNDER,5.5,,UNDER,5,1,-2.87,2.87,0.000900,0.030459,1,,UNDER,1,2.990,UNDER
2251023,2026-06-16,NYM@CIN,1470164,K_PROP,away,Nolan McLean,,6.67,0.5744,OVER,6.5,,UNDER,5,0,1.67,1.67,0.329935,0.854255,1,,UNDER,1,-1.470,PASS
2251024,2026-06-16,SF@ATL,1470165,K_PROP,home,JR Ritchie,,2.25,0.2241,UNDER,3.5,,,,,,,,,0,not-completed,,,,UNDER
2251024,2026-06-16,SF@ATL,1470166,K_PROP,away,Robbie Ray,,2.75,0.1762,UNDER,4.5,,,,,,,,,0,not-completed,,,,UNDER
2251025,2026-06-16,CLE@MIL,1470167,K_PROP,away,Gavin Williams,,4.59,0.2276,UNDER,6.5,,UNDER,4,1,0.59,0.59,0.051802,0.258253,1,,UNDER,1,-0.610,UNDER
2251025,2026-06-16,CLE@MIL,1470168,K_PROP,home,Brandon Sproat,,2.74,0.1761,UNDER,4.5,,OVER,5,0,-2.26,2.26,0.678811,1.736703,1,,OVER,0,2.350,UNDER
2251026,2026-06-16,SD@STL,1470169,K_PROP,away,Michael King,,2.77,0.1799,UNDER,4.5,,UNDER,1,1,1.77,1.77,0.032364,0.198329,1,,UNDER,1,-1.790,UNDER
2251026,2026-06-16,SD@STL,1470170,K_PROP,home,Kyle Leahy,,2.38,0.2547,UNDER,3.5,,OVER,6,0,-3.62,3.62,0.555472,1.367669,1,,OVER,0,3.460,UNDER
2251027,2026-06-16,COL@CHC,1470171,K_PROP,home,Javier Assad,,1.88,0.0543,UNDER,4.5,,UNDER,3,1,-1.12,1.12,0.002948,0.055830,1,,UNDER,1,1.020,UNDER
2251027,2026-06-16,COL@CHC,1470172,K_PROP,away,Ryan Feltner,,2.57,0.2994,UNDER,3.5,,OVER,7,0,-4.43,4.43,0.490840,1.205975,1,,OVER,0,4.510,UNDER
2251028,2026-06-16,MIN@TEX,1470173,K_PROP,away,Zebby Matthews,,2.33,0.1087,UNDER,4.5,,UNDER,4,1,-1.67,1.67,0.011816,0.115074,1,,UNDER,1,1.680,UNDER
2251028,2026-06-16,MIN@TEX,1470174,K_PROP,home,Kumar Rocker,,2.32,0.1081,UNDER,4.5,,UNDER,4,1,-1.68,1.68,0.011686,0.114401,1,,UNDER,1,1.660,UNDER
2251029,2026-06-16,DET@HOU,1470175,K_PROP,away,Casey Mize,,3.9,0.4079,UNDER,4.5,,OVER,6,0,-2.10,2.10,0.350582,0.896733,1,,OVER,0,2.220,UNDER
2251029,2026-06-16,DET@HOU,1470176,K_PROP,home,Peter Lambert,,3.62,0.1975,UNDER,5.5,,OVER,7,0,-3.38,3.38,0.644006,1.622017,1,,OVER,0,3.220,UNDER
2253370,2026-06-16,LAA@ARI,1470177,K_PROP,home,Eduardo Rodriguez,,2.66,0.1615,UNDER,4.5,,UNDER,4,1,-1.34,1.34,0.026082,0.176141,1,,UNDER,1,1.130,UNDER
2251031,2026-06-16,BAL@SEA,1470178,K_PROP,away,Kyle Bradish,,3.2,0.1346,UNDER,5.5,,UNDER,2,1,1.20,1.20,0.018117,0.144563,1,,UNDER,1,-1.360,UNDER
2253370,2026-06-16,LAA@ARI,1470179,K_PROP,away,Sam Aldegheri,,1.11,0.1193,UNDER,2.5,,OVER,3,0,-1.89,1.89,0.775632,2.126114,1,,OVER,0,1.800,UNDER
2251030,2026-06-16,PIT@ATH,1470180,K_PROP,away,Braxton Ashcraft,,3.9,0.2449,UNDER,5.5,,OVER,7,0,-3.10,3.10,0.570176,1.406905,1,,OVER,0,3.100,UNDER
2251031,2026-06-16,BAL@SEA,1470181,K_PROP,home,George Kirby,,4.8,0.2604,UNDER,6.5,,OVER,10,0,-5.20,5.20,0.547008,1.345536,1,,OVER,0,5.200,UNDER
2251032,2026-06-16,TB@LAD,1470182,K_PROP,home,Justin Wrobleski,,1.67,0.0362,UNDER,4.5,,OVER,5,0,-3.33,3.33,0.928910,3.318696,1,,OVER,0,3.190,UNDER
2251032,2026-06-16,TB@LAD,1470183,K_PROP,away,Shane McClanahan,,3.44,0.3123,UNDER,4.5,,OVER,7,0,-3.56,3.56,0.472931,1.163791,1,,OVER,0,3.760,UNDER
2251019,2026-06-16,MIA@PHI,1470184,K_PROP,away,Sandy Alcantara,,2.75,0.1771,UNDER,4.5,,UNDER,4,1,-1.25,1.25,0.031364,0.194921,1,,OVER,0,1.400,UNDER
2251030,2026-06-16,PIT@ATH,1470185,K_PROP,home,Aaron Civale,,2.08,0.1876,UNDER,3.5,,OVER,6,0,-3.92,3.92,0.659994,1.673443,1,,OVER,0,3.820,UNDER
2251021,2026-06-16,TOR@BOS,1470186,K_PROP,away,Max Scherzer,,1.41,0.0671,UNDER,3.5,,OVER,7,0,-5.59,5.59,0.870302,2.701571,1,,OVER,0,5.600,UNDER
2251033,2026-06-17,NYM@CIN,1470188,K_PROP,home,Nick Lodolo,,2.17,0.0317,UNDER,5.5,,UNDER,2,1,0.17,0.17,0.001005,0.032213,1,,UNDER,1,-0.170,UNDER
2251033,2026-06-17,NYM@CIN,1470189,K_PROP,away,Sean Manaea,,4.03,0.2673,UNDER,5.5,,OVER,9,0,-4.97,4.97,0.536849,1.319384,1,,OVER,0,4.970,UNDER
2251035,2026-06-17,MIA@PHI,1470190,K_PROP,away,Sandy Alcantara,,3.05,0.2321,UNDER,4.5,,OVER,6,0,-2.95,2.95,0.589670,1.460587,1,,OVER,0,2.950,UNDER
2251035,2026-06-17,MIA@PHI,1470191,K_PROP,home,Aaron Nola,,4.56,0.3652,UNDER,5.5,,UNDER,3,1,1.56,1.56,0.133371,0.454445,1,,UNDER,1,-1.560,UNDER
2251034,2026-06-17,KC@WSH,1470192,K_PROP,home,Zack Littell,,1.77,0.1256,UNDER,3.5,,UNDER,2,1,-0.23,0.23,0.015775,0.134217,1,,UNDER,1,0.230,UNDER
2251036,2026-06-17,DET@HOU,1470193,K_PROP,away,Casey Mize,,3.53,0.3313,UNDER,4.5,,UNDER,3,1,0.53,0.53,0.109760,0.402420,1,,UNDER,1,-0.530,PASS
2251036,2026-06-17,DET@HOU,1470194,K_PROP,home,Peter Lambert,,3.54,0.1853,UNDER,5.5,,UNDER,5,1,-1.46,1.46,0.034336,0.204935,1,,UNDER,1,1.460,UNDER
2251037,2026-06-17,SD@STL,1470195,K_PROP,home,Matthew Liberatore,,2.94,0.2123,UNDER,4.5,,OVER,7,0,-4.06,4.06,0.620471,1.549755,1,,OVER,0,4.060,UNDER
2251038,2026-06-17,TB@LAD,1470196,K_PROP,away,Shane McClanahan,,3.28,0.2797,UNDER,4.5,,UNDER,3,1,0.28,0.28,0.078232,0.328087,1,,UNDER,1,-0.280,UNDER
2253380,2026-06-17,LAA@ARI,1470197,K_PROP,home,Eduardo Rodriguez,,2.88,0.0937,UNDER,5.5,,UNDER,5,1,-2.12,2.12,0.008780,0.098385,1,,UNDER,1,2.120,UNDER
2253380,2026-06-17,LAA@ARI,1470198,K_PROP,away,Sam Aldegheri,,1.11,0.1189,UNDER,2.5,,UNDER,1,1,0.11,0.11,0.014137,0.126584,1,,UNDER,1,-0.110,UNDER
2251039,2026-06-17,TOR@BOS,1470199,K_PROP,home,Sonny Gray,,2.27,0.1010,UNDER,4.5,,OVER,5,0,-2.73,2.73,0.808201,2.292635,1,,OVER,0,2.730,UNDER
2251039,2026-06-17,TOR@BOS,1470200,K_PROP,away,Trey Yesavage,,2.87,0.1982,UNDER,4.5,,UNDER,0,1,2.87,2.87,0.039283,0.220896,1,,UNDER,1,-2.870,UNDER
2251040,2026-06-17,CWS@NYY,1470201,K_PROP,home,Ryan Weathers,,6.53,0.7011,OVER,5.5,,OVER,7,1,-0.47,0.47,0.089341,0.355105,1,,OVER,1,0.470,OVER
2251041,2026-06-17,SF@ATL,1470202,K_PROP,home,Martin Perez,,3.32,0.2868,UNDER,4.5,,UNDER,4,1,-0.68,0.68,0.082254,0.337993,1,,UNDER,1,0.680,PASS
2251042,2026-06-17,CLE@MIL,1470203,K_PROP,away,Parker Messick,,4.65,0.3834,UNDER,5.5,,UNDER,4,1,0.65,0.65,0.146996,0.483535,1,,UNDER,1,-0.650,UNDER
2251042,2026-06-17,CLE@MIL,1470204,K_PROP,home,Brandon Sproat,,3.01,0.2256,UNDER,4.5,,OVER,6,0,-2.99,2.99,0.599695,1.488992,1,,OVER,0,2.990,UNDER
2251043,2026-06-17,COL@CHC,1470205,K_PROP,home,Javier Assad,,1.65,0.0346,UNDER,4.5,,UNDER,1,1,0.65,0.65,0.001197,0.035213,1,,UNDER,1,-0.650,UNDER
2251044,2026-06-17,PIT@ATH,1470206,K_PROP,home,Gage Jump,,3.71,0.2132,UNDER,5.5,,UNDER,2,1,1.71,1.71,0.045454,0.239781,1,,UNDER,1,-1.710,UNDER
2251045,2026-06-17,BAL@SEA,1470207,K_PROP,away,Shane Baz,,3.03,0.1111,UNDER,5.5,,OVER,12,0,-8.97,8.97,0.790143,2.197325,1,,OVER,0,8.970,UNDER
2251044,2026-06-17,PIT@ATH,1470208,K_PROP,away,Braxton Ashcraft,,3.92,0.2488,UNDER,5.5,,OVER,7,0,-3.08,3.08,0.564301,1.391106,1,,OVER,0,3.080,UNDER
2251045,2026-06-17,BAL@SEA,1470209,K_PROP,home,Bryan Woo,,3.96,0.1384,UNDER,6.5,,UNDER,5,1,-1.04,1.04,0.019155,0.148964,1,,UNDER,1,1.040,UNDER
2251040,2026-06-17,CWS@NYY,1470210,K_PROP,away,Sean Burke,,3.39,0.1614,UNDER,5.5,,UNDER,2,1,1.39,1.39,0.026050,0.176021,1,,UNDER,1,-1.390,UNDER
2251038,2026-06-17,TB@LAD,1470211,K_PROP,home,Shohei Ohtani,,3.08,0.0517,UNDER,6.5,,UNDER,5,1,-1.92,1.92,0.002673,0.053084,1,,UNDER,1,1.920,PASS
2251034,2026-06-17,KC@WSH,1470212,K_PROP,away,Noah Cameron,,3.17,0.2570,UNDER,4.5,,OVER,5,0,-1.83,1.83,0.552049,1.358679,1,,OVER,0,1.830,UNDER
2251041,2026-06-17,SF@ATL,1470213,K_PROP,away,Landen Roupp,,4.24,0.3057,UNDER,5.5,,UNDER,2,1,2.24,2.24,0.093452,0.364851,1,,UNDER,1,-2.240,UNDER
2251037,2026-06-17,SD@STL,1470214,K_PROP,away,Griffin Canning,,3.43,0.5031,UNDER,3.5,,UNDER,1,1,2.43,2.43,0.253110,0.699366,1,,UNDER,1,-2.430,OVER
2251043,2026-06-17,COL@CHC,1470215,K_PROP,away,Sean Sullivan,,3.03,0.4101,UNDER,3.5,,UNDER,2,1,1.03,1.03,0.168182,0.527802,1,,UNDER,1,-1.030,UNDER
2251046,2026-06-18,TOR@BOS,1470216,K_PROP,home,Ranger Suarez,,4.01,0.2641,UNDER,5.5,,UNDER,4,1,0.01,0.01,0.069749,0.306661,1,,UNDER,1,1.640,UNDER
2251046,2026-06-18,TOR@BOS,1470217,K_PROP,away,Kevin Gausman,,4.54,0.3629,UNDER,5.5,,OVER,6,0,-1.46,1.46,0.405896,1.013628,1,,OVER,0,3.230,UNDER
2251047,2026-06-18,CLE@MIL,1470218,K_PROP,away,Tanner Bibee,,2.95,0.2130,UNDER,4.5,,OVER,9,0,-6.05,6.05,0.619369,1.546463,1,,OVER,1,3.290,UNDER
2251048,2026-06-18,MIN@TEX,1470219,K_PROP,away,Connor Prielipp,,3.59,0.5383,OVER,3.5,,OVER,7,1,-3.41,3.41,0.213167,0.619339,1,,OVER,0,2.510,OVER
2251048,2026-06-18,MIN@TEX,1470220,K_PROP,home,Jacob deGrom,,5.63,0.4009,UNDER,6.5,,UNDER,4,1,1.63,1.63,0.160721,0.512327,1,,UNDER,1,0.170,PASS
2251049,2026-06-18,BAL@SEA,1470221,K_PROP,away,Trey Gibson,,2.07,0.1862,UNDER,3.5,,OVER,9,0,-6.93,6.93,0.662270,1.680934,1,,OVER,0,5.740,UNDER
2251049,2026-06-18,BAL@SEA,1470222,K_PROP,home,Bryce Miller,,3.36,0.2958,UNDER,4.5,,OVER,9,0,-5.64,5.64,0.495898,1.218072,1,,OVER,0,4.950,UNDER
2251050,2026-06-18,NYM@PHI,1470223,K_PROP,away,Sean Manaea,,3.31,0.1495,UNDER,5.5,,UNDER,5,1,-1.69,1.69,0.022350,0.161931,1,,UNDER,1,1.640,UNDER
2251050,2026-06-18,NYM@PHI,1470224,K_PROP,home,Aaron Nola,,4.69,0.3912,UNDER,5.5,,OVER,6,0,-1.31,1.31,0.370637,0.938536,1,,OVER,0,1.410,UNDER
2251051,2026-06-18,CWS@NYY,1470225,K_PROP,away,Erick Fedde,,2.7,0.3312,UNDER,3.5,,UNDER,2,1,0.70,0.70,0.109693,0.402270,1,,UNDER,1,-1.670,UNDER
2251051,2026-06-18,CWS@NYY,1470226,K_PROP,home,Cam Schlittler,,5.42,0.3656,UNDER,6.5,,OVER,8,0,-2.58,2.58,0.402463,1.006215,1,,OVER,0,2.580,UNDER
2251052,2026-06-18,SF@ATL,1470227,K_PROP,home,Martin Perez,,3.32,0.4772,UNDER,3.5,,,,,,,,,0,not-completed,,,,UNDER
2251052,2026-06-18,SF@ATL,1470228,K_PROP,away,Landen Roupp,,4.24,0.3057,UNDER,5.5,,,,,,,,,0,not-completed,,,,UNDER
2251053,2026-06-18,STL@KC,1470229,K_PROP,home,Seth Lugo,,3.39,0.3016,UNDER,4.5,,,,,,,,,1,missing-actual(possible-scratch),,,,UNDER
2251053,2026-06-18,STL@KC,1470230,K_PROP,away,Michael McGreevy,,2.55,0.2953,UNDER,3.5,,,,,,,,,1,missing-actual(possible-scratch),,,,UNDER
2251054,2026-06-18,LAA@ATH,1470231,K_PROP,home,Jeffrey Springs,,3.4,0.1627,UNDER,5.5,,,,,,,,,1,missing-actual(possible-scratch),,,,UNDER
2251047,2026-06-18,CLE@MIL,1470232,K_PROP,home,Jacob Misiorowski,,6.04,0.2069,UNDER,8.5,,UNDER,3,1,3.04,3.04,0.042808,0.231806,1,,UNDER,1,-2.070,UNDER
2251054,2026-06-18,LAA@ATH,1470233,K_PROP,away,Jose Soriano,,4.69,0.3912,UNDER,5,,,,,,,,,1,missing-actual(possible-scratch),,,,UNDER
2251055,2026-06-19,TOR@CHC,1470234,K_PROP,away,Patrick Corbin,,2.31,0.2394,UNDER,3.5,,UNDER,3,1,-0.69,0.69,0.057312,0.273648,1,,UNDER,1,0.690,UNDER
2251056,2026-06-19,CWS@DET,1470235,K_PROP,away,Erick Fedde,,2.58,0.3028,UNDER,3.5,,UNDER,2,1,0.58,0.58,0.091688,0.360683,1,,UNDER,1,-0.580,UNDER
2251056,2026-06-19,CWS@DET,1470236,K_PROP,home,Troy Melton,,1.99,0.0661,UNDER,4.5,,OVER,8,0,-6.01,6.01,0.872169,2.716587,1,,OVER,0,6.010,UNDER
2251057,2026-06-19,CIN@NYY,1470237,K_PROP,away,Andrew Abbott,,2.35,0.1116,UNDER,4.5,,OVER,5,0,-2.65,2.65,0.789255,2.192834,1,,OVER,0,2.650,UNDER
2251057,2026-06-19,CIN@NYY,1470238,K_PROP,home,Will Warren,,4.56,0.3658,UNDER,5.5,,OVER,13,0,-8.44,8.44,0.402210,1.005669,1,,OVER,0,8.440,UNDER
2251059,2026-06-19,SF@MIA,1470239,K_PROP,away,Trevor McDonald,,4.71,0.5701,OVER,4.5,,OVER,7,1,-2.29,2.29,0.184814,0.561943,1,,OVER,1,2.290,PASS
2251058,2026-06-19,WSH@TB,1470240,K_PROP,home,Griffin Jax,,2.93,0.2095,UNDER,4.5,,OVER,5,0,-2.07,2.07,0.624890,1.563032,1,,OVER,0,2.070,UNDER
2251058,2026-06-19,WSH@TB,1470241,K_PROP,away,Cade Cavalli,,2.94,0.2116,UNDER,4.5,,UNDER,1,1,1.94,1.94,0.044775,0.237750,1,,UNDER,1,-1.940,UNDER
2251060,2026-06-19,MIL@ATL,1470242,K_PROP,home,Chris Sale,,6.54,0.4053,UNDER,7.5,,UNDER,5,1,1.54,1.54,0.164268,0.519698,1,,UNDER,1,-1.540,UNDER
2251060,2026-06-19,MIL@ATL,1470243,K_PROP,away,Kyle Harrison,,4.5,0.3544,UNDER,5.5,,OVER,7,0,-2.50,2.50,0.416799,1.037329,1,,OVER,0,2.500,UNDER
2251061,2026-06-19,SD@TEX,1470244,K_PROP,away,Walker Buehler,,2.82,0.1896,UNDER,4.5,,UNDER,1,1,1.82,1.82,0.035948,0.210227,1,,UNDER,1,-1.820,UNDER
2251061,2026-06-19,SD@TEX,1470245,K_PROP,home,Nathan Eovaldi,,4.52,0.3580,UNDER,5.5,,OVER,9,0,-4.48,4.48,0.412164,1.027222,1,,OVER,0,4.480,UNDER
2251062,2026-06-19,CLE@HOU,1470246,K_PROP,away,Joey Cantillo,,2.89,0.2026,UNDER,4.5,,OVER,7,0,-4.11,4.11,0.635847,1.596522,1,,OVER,0,4.110,UNDER
2251063,2026-06-19,STL@KC,1470247,K_PROP,home,Seth Lugo,,2.95,0.2133,UNDER,4.5,,UNDER,0,1,2.95,2.95,0.045497,0.239908,1,,UNDER,1,-2.950,UNDER
2251063,2026-06-19,STL@KC,1470248,K_PROP,away,Michael McGreevy,,2.53,0.2893,UNDER,3.5,,UNDER,2,1,0.53,0.53,0.083694,0.341505,1,,UNDER,1,-0.530,UNDER
2251064,2026-06-19,PIT@COL,1470249,K_PROP,home,Tomoyuki Sugano,,1.74,0.2879,UNDER,2.5,,OVER,8,0,-6.26,6.26,0.507086,1.245142,1,,OVER,0,6.260,UNDER
2251064,2026-06-19,PIT@COL,1470250,K_PROP,away,Paul Skenes,,6.37,0.5263,UNDER,6.5,,UNDER,1,1,5.37,5.37,0.276992,0.747181,1,,UNDER,1,-5.370,UNDER
2251065,2026-06-19,LAA@ATH,1470251,K_PROP,home,J.T. Ginn,,3.09,0.1190,UNDER,5.5,,UNDER,4,1,-0.91,0.91,0.014161,0.126698,1,,UNDER,1,0.910,UNDER
2251065,2026-06-19,LAA@ATH,1470252,K_PROP,away,Jose Soriano,,4.75,0.4010,UNDER,5.5,,OVER,6,0,-1.25,1.25,0.358801,0.913794,1,,OVER,0,1.250,UNDER
2253408,2026-06-19,MIN@ARI,1470253,K_PROP,home,Zac Gallen,,2.2,0.0910,UNDER,4.5,,UNDER,0,1,2.20,2.20,0.008281,0.095410,1,,UNDER,1,-2.200,UNDER
2253408,2026-06-19,MIN@ARI,1470254,K_PROP,away,Taj Bradley,,3.93,0.4146,UNDER,4.5,,UNDER,4,1,-0.07,0.07,0.171893,0.535460,1,,UNDER,1,0.070,UNDER
2251066,2026-06-19,BAL@LAD,1470255,K_PROP,away,Trevor Rogers,,2.08,0.1875,UNDER,3.5,,OVER,8,0,-5.92,5.92,0.660156,1.673976,1,,OVER,0,5.920,UNDER
2251067,2026-06-19,BOS@SEA,1470256,K_PROP,away,Connelly Early,,2.97,0.1048,UNDER,5.5,,UNDER,5,1,-2.03,2.03,0.010983,0.110708,1,,UNDER,1,2.030,UNDER
2251066,2026-06-19,BAL@LAD,1470257,K_PROP,home,Yoshinobu Yamamoto,,4.17,0.1662,UNDER,6.5,,UNDER,6,1,-1.83,1.83,0.027622,0.181762,1,,UNDER,1,1.830,UNDER
2251067,2026-06-19,BOS@SEA,1470258,K_PROP,home,Emerson Hancock,,3.67,0.2065,UNDER,5.5,,OVER,7,0,-3.33,3.33,0.629642,1.577455,1,,OVER,0,3.330,UNDER
2251055,2026-06-19,TOR@CHC,1470259,K_PROP,home,Colin Rea,,2.53,0.2889,UNDER,3.5,,OVER,4,0,-1.47,1.47,0.505663,1.241675,1,,OVER,0,1.470,UNDER
2251059,2026-06-19,SF@MIA,1470260,K_PROP,home,Max Meyer,,3.78,0.2239,UNDER,5.5,,UNDER,1,1,2.78,2.78,0.050131,0.253474,1,,UNDER,1,-2.780,UNDER
2251062,2026-06-19,CLE@HOU,1470261,K_PROP,home,Spencer Arrighetti,,2.87,0.0919,UNDER,5.5,,OVER,11,0,-8.13,8.13,0.824646,2.387054,1,,OVER,0,8.130,UNDER
2251068,2026-06-20,CWS@DET,1470262,K_PROP,home,Keider Montero,,2.31,0.2373,UNDER,3.5,,,,,,,,,1,missing-actual(possible-scratch),,,,UNDER
2251069,2026-06-20,CIN@NYY,1470263,K_PROP,away,Chase Burns,,4.62,0.1297,UNDER,7.5,,,,,,,,,1,missing-actual(possible-scratch),,,,UNDER
2251069,2026-06-20,CIN@NYY,1470264,K_PROP,home,Elmer Rodriguez,,1.44,0.0300,UNDER,4.5,,,,,,,,,1,missing-actual(possible-scratch),,,,UNDER
2251070,2026-06-20,TOR@CHC,1470265,K_PROP,home,Shota Imanaga,,4.42,0.5149,UNDER,4.5,,,,,,,,,1,missing-actual(possible-scratch),,,,PASS
2251070,2026-06-20,TOR@CHC,1470266,K_PROP,away,Dylan Cease,,7.46,0.6876,OVER,6.5,,,,,,,,,1,missing-actual(possible-scratch),,,,PASS
2251071,2026-06-20,SD@TEX,1470267,K_PROP,away,Walker Buehler,,3.05,0.2328,UNDER,4.5,,,,,,,,,1,missing-actual(possible-scratch),,,,UNDER
2251071,2026-06-20,SD@TEX,1470268,K_PROP,home,Nathan Eovaldi,,4.51,0.3564,UNDER,5.5,,,,,,,,,1,missing-actual(possible-scratch),,,,UNDER
2251074,2026-06-20,MIL@ATL,1470269,K_PROP,home,Bryce Elder,,2.75,0.3435,UNDER,3.5,,,,,,,,,1,missing-actual(possible-scratch),,,,UNDER
2251073,2026-06-20,SF@MIA,1470270,K_PROP,home,Ryan Gusto,,2.64,0.3155,UNDER,3.5,,,,,,,,,1,missing-actual(possible-scratch),,,,UNDER
2251074,2026-06-20,MIL@ATL,1470271,K_PROP,away,Robert Gasser,,3.15,0.2532,UNDER,4.5,,,,,,,,,1,missing-actual(possible-scratch),,,,UNDER
2251073,2026-06-20,SF@MIA,1470272,K_PROP,away,Logan Webb,,4.08,0.2766,UNDER,5.5,,,,,,,,,1,missing-actual(possible-scratch),,,,UNDER
2251072,2026-06-20,WSH@TB,1470273,K_PROP,away,Andrew Alvarez,,3.82,0.5869,OVER,3.5,,,,,,,,,1,missing-actual(possible-scratch),,,,OVER
2251075,2026-06-20,CLE@HOU,1470274,K_PROP,away,Slade Cecconi,,2.53,0.2888,UNDER,3.5,,,,,,,,,1,missing-actual(possible-scratch),,,,UNDER
2251075,2026-06-20,CLE@HOU,1470275,K_PROP,home,Spencer Arrighetti,,3.02,0.1108,UNDER,5.5,,,,,,,,,1,missing-actual(possible-scratch),,,,UNDER
2251076,2026-06-20,NYM@PHI,1470276,K_PROP,away,Freddy Peralta,,3.82,0.2307,UNDER,5.5,,,,,,,,,1,missing-actual(possible-scratch),,,,UNDER
2251076,2026-06-20,NYM@PHI,1470277,K_PROP,home,Zack Wheeler,,5.01,0.2950,UNDER,6.5,,,,,,,,,1,missing-actual(possible-scratch),,,,UNDER
2251077,2026-06-20,PIT@COL,1470278,K_PROP,home,Michael Lorenzen,,2.71,0.3331,UNDER,3.5,,,,,,,,,1,missing-actual(possible-scratch),,,,UNDER
2251077,2026-06-20,PIT@COL,1470279,K_PROP,away,Jared Jones,,3.14,0.2507,UNDER,4.5,,,,,,,,,1,missing-actual(possible-scratch),,,,UNDER
2251078,2026-06-20,LAA@ATH,1470280,K_PROP,home,J.T. Ginn,,3.01,0.1095,UNDER,5.5,,,,,,,,,1,missing-actual(possible-scratch),,,,UNDER
2253424,2026-06-20,MIN@ARI,1470281,K_PROP,home,Zac Gallen,,1.95,0.0621,UNDER,4.5,,,,,,,,,1,missing-actual(possible-scratch),,,,UNDER
2251079,2026-06-20,BAL@LAD,1470282,K_PROP,away,Brandon Young,,1.66,0.1067,UNDER,3.5,,,,,,,,,1,missing-actual(possible-scratch),,,,UNDER
2251080,2026-06-20,BOS@SEA,1470283,K_PROP,away,Payton Tolle,,3.29,0.1471,UNDER,5.5,,,,,,,,,1,missing-actual(possible-scratch),,,,UNDER
2251079,2026-06-20,BAL@LAD,1470284,K_PROP,home,Emmet Sheehan,,5.33,0.3489,UNDER,6.5,,,,,,,,,1,missing-actual(possible-scratch),,,,UNDER
2253424,2026-06-20,MIN@ARI,1470285,K_PROP,away,Taj Bradley,,3.86,0.4004,UNDER,4.5,,,,,,,,,1,missing-actual(possible-scratch),,,,UNDER
2251080,2026-06-20,BOS@SEA,1470286,K_PROP,home,Logan Gilbert,,4.69,0.2432,UNDER,6.5,,,,,,,,,1,missing-actual(possible-scratch),,,,UNDER
2251078,2026-06-20,LAA@ATH,1470287,K_PROP,away,Reid Detmers,,5.4,0.3613,UNDER,6.5,,,,,,,,,1,missing-actual(possible-scratch),,,,UNDER
2251068,2026-06-20,CWS@DET,1470288,K_PROP,away,Davis Martin,,4.7,0.5674,OVER,4.5,,,,,,,,,1,missing-actual(possible-scratch),,,,PASS
2251072,2026-06-20,WSH@TB,1470289,K_PROP,home,Nick Martinez,,2,0.1707,UNDER,3.5,,,,,,,,,1,missing-actual(possible-scratch),,,,UNDER
2251082,2026-06-21,MIL@ATL,1470290,K_PROP,home,Grant Holmes,,2.93,0.3845,UNDER,3.5,,OVER,6,0,-3.07,3.07,0.378840,0.955811,1,,OVER,0,2.900,PASS
2251081,2026-06-21,CIN@NYY,1470291,K_PROP,away,Brady Singer,,3.02,0.2269,UNDER,4.5,,OVER,7,0,-3.98,3.98,0.597684,1.483246,1,,UNDER,1,1.960,UNDER
2251082,2026-06-21,MIL@ATL,1470292,K_PROP,away,Brandon Woodruff,,2.46,0.0525,UNDER,5.5,,OVER,7,0,-4.54,4.54,0.897756,2.946942,1,,OVER,0,3.670,UNDER
2251081,2026-06-21,CIN@NYY,1470293,K_PROP,home,Gerrit Cole,,3.46,0.1719,UNDER,5.5,,UNDER,4,1,-0.54,0.54,0.029550,0.188621,1,,UNDER,1,0.540,UNDER
2251084,2026-06-21,CWS@DET,1470294,K_PROP,away,Davis Martin,,4.64,0.3803,UNDER,5.5,,UNDER,4,1,0.64,0.64,0.144628,0.478520,1,,UNDER,1,-0.640,UNDER
2251084,2026-06-21,CWS@DET,1470295,K_PROP,home,Framber Valdez,,3.08,0.2382,UNDER,4.5,,UNDER,3,1,0.08,0.08,0.056739,0.272071,1,,UNDER,1,-0.080,UNDER
2251085,2026-06-21,SF@MIA,1470296,K_PROP,home,Ryan Gusto,,3.34,0.4832,UNDER,3.5,,OVER,6,0,-2.66,2.66,0.267082,0.727325,1,,OVER,0,2.660,UNDER
2251085,2026-06-21,SF@MIA,1470297,K_PROP,away,Logan Webb,,4.08,0.2777,UNDER,5.5,,UNDER,5,1,-0.92,0.92,0.077117,0.325315,1,,UNDER,1,0.920,UNDER
2251083,2026-06-21,WSH@TB,1470298,K_PROP,home,Drew Rasmussen,,4.48,0.3507,UNDER,5.5,,UNDER,5,1,-0.52,0.52,0.122990,0.431860,1,,UNDER,1,0.520,UNDER
2251083,2026-06-21,WSH@TB,1470299,K_PROP,away,Foster Griffin,,3.42,0.1665,UNDER,5.5,,OVER,6,0,-2.58,2.58,0.694722,1.792760,1,,OVER,1,1.350,UNDER
2251086,2026-06-21,CLE@HOU,1470300,K_PROP,away,Gavin Williams,,4.6,0.3741,UNDER,5.5,,UNDER,1,1,3.60,3.60,0.139951,0.468565,1,,UNDER,1,-1.240,UNDER
2251087,2026-06-21,STL@KC,1470301,K_PROP,home,Michael Wacha,,2.47,0.1294,UNDER,4.5,,UNDER,0,1,2.47,2.47,0.016744,0.138573,1,,UNDER,1,-2.470,UNDER
2251087,2026-06-21,STL@KC,1470302,K_PROP,away,Andre Pallante,,2.47,0.2761,UNDER,3.5,,UNDER,2,1,0.47,0.47,0.076231,0.323102,1,,UNDER,1,-1.480,UNDER
2251088,2026-06-21,TOR@CHC,1470303,K_PROP,home,Shota Imanaga,,4.1,0.2800,UNDER,5.5,,,,,,,,,0,not-completed,,,,UNDER
2251088,2026-06-21,TOR@CHC,1470304,K_PROP,away,Dylan Cease,,7.69,0.7169,OVER,6.5,,,,,,,,,0,not-completed,,,,PASS
2251089,2026-06-21,SD@TEX,1470305,K_PROP,home,Kumar Rocker,,2.41,0.1215,UNDER,4.5,,,,,,,,,1,missing-actual(possible-scratch),,,,UNDER
2251090,2026-06-21,PIT@COL,1470306,K_PROP,home,Ryan Feltner,,2.84,0.3647,UNDER,3.5,,,,,,,,,1,missing-actual(possible-scratch),,,,UNDER
2251090,2026-06-21,PIT@COL,1470307,K_PROP,away,Jared Jones,,2.94,0.2110,UNDER,4.5,,,,,,,,,1,missing-actual(possible-scratch),,,,UNDER
2251091,2026-06-21,LAA@ATH,1470308,K_PROP,away,Sam Aldegheri,,1.46,0.0738,UNDER,3.5,,,,,,,,,1,missing-actual(possible-scratch),,,,UNDER
2251092,2026-06-21,BAL@LAD,1470309,K_PROP,away,Kyle Bradish,,3.47,0.0846,UNDER,6.5,,,,,,,,,1,missing-actual(possible-scratch),,,,UNDER
2251093,2026-06-21,BOS@SEA,1470310,K_PROP,away,Jake Bennett,,2.11,0.1940,UNDER,3.5,,,,,,,,,1,missing-actual(possible-scratch),,,,UNDER
2251092,2026-06-21,BAL@LAD,1470311,K_PROP,home,Eric Lauer,,2.64,0.3154,UNDER,3.5,,,,,,,,,1,missing-actual(possible-scratch),,,,UNDER
2251093,2026-06-21,BOS@SEA,1470312,K_PROP,home,Logan Gilbert,,4.68,0.2419,UNDER,6.5,,,,,,,,,1,missing-actual(possible-scratch),,,,UNDER
2251094,2026-06-21,NYM@PHI,1470313,K_PROP,home,Zack Wheeler,,5.37,0.3557,UNDER,6.5,,,,,,,,,1,missing-actual(possible-scratch),,,,UNDER
2251086,2026-06-21,CLE@HOU,1470314,K_PROP,home,Hunter Brown,,8.04,0.8500,OVER,5.5,,UNDER,4,0,4.04,4.04,0.722500,1.897120,1,,UNDER,0,-4.040,OVER
2251089,2026-06-21,SD@TEX,1470315,K_PROP,away,Michael King,,2.63,0.0669,UNDER,5.5,,,,,,,,,1,missing-actual(possible-scratch),,,,UNDER
2251094,2026-06-21,NYM@PHI,1470316,K_PROP,away,Kodai Senga,,3.34,0.2907,UNDER,4.5,,,,,,,,,1,missing-actual(possible-scratch),,,,UNDER
2253435,2026-06-21,MIN@ARI,1470317,K_PROP,away,Zebby Matthews,,2.32,0.1071,UNDER,4.5,,,,,,,,,1,missing-actual(possible-scratch),,,,UNDER
2253435,2026-06-21,MIN@ARI,1470318,K_PROP,home,Merrill Kelly,,1.58,0.0922,UNDER,3.5,,,,,,,,,1,missing-actual(possible-scratch),,,,UNDER
2251097,2026-06-22,NYY@DET,1470319,K_PROP,home,Casey Mize,,3.72,0.2138,UNDER,5.5,,OVER,8,0,-4.28,4.28,0.618110,1.542714,1,,OVER,0,4.280,UNDER
2251097,2026-06-22,NYY@DET,1470320,K_PROP,away,Carlos Rodon,,4.29,0.3156,UNDER,5.5,,UNDER,5,1,-0.71,0.71,0.099603,0.379213,1,,UNDER,1,0.710,UNDER
2251095,2026-06-22,KC@TB,1470321,K_PROP,away,Luinder Avila,,3.38,0.4921,UNDER,3.5,,OVER,5,0,-1.62,1.62,0.257962,0.709073,1,,OVER,0,1.620,UNDER
2251095,2026-06-22,KC@TB,1470322,K_PROP,home,Shane McClanahan,,3.13,0.1250,UNDER,5.5,,UNDER,5,1,-1.87,1.87,0.015625,0.133531,1,,UNDER,1,1.870,UNDER
2251096,2026-06-22,TEX@MIA,1470323,K_PROP,away,Kumar Rocker,,2.36,0.1129,UNDER,4.5,,UNDER,1,1,1.36,1.36,0.012746,0.119798,1,,UNDER,1,-1.360,UNDER
2251098,2026-06-22,PHI@WSH,1470324,K_PROP,home,Zack Littell,,1.86,0.1423,UNDER,3.5,,OVER,9,0,-7.14,7.14,0.735649,1.949818,1,,OVER,0,7.140,UNDER
2251099,2026-06-22,HOU@TOR,1470325,K_PROP,away,Peter Lambert,,2.9,0.3776,UNDER,3.5,,OVER,4,0,-1.10,1.10,0.387382,0.973920,1,,OVER,0,1.100,UNDER
2251099,2026-06-22,HOU@TOR,1470326,K_PROP,home,Shane Bieber,,3.45,0.3135,UNDER,4.5,,OVER,8,0,-4.55,4.55,0.471282,1.159956,1,,OVER,0,4.550,UNDER
2251100,2026-06-22,CHC@NYM,1470327,K_PROP,away,Edward Cabrera,,3.44,0.3113,UNDER,4.5,,,,,,,,,0,not-completed,,,,UNDER
2251101,2026-06-22,MIL@CIN,1470328,K_PROP,home,Nick Lodolo,,1.91,0.0300,UNDER,5.5,,,,,,,,,1,missing-actual(possible-scratch),,,,UNDER
2251101,2026-06-22,MIL@CIN,1470329,K_PROP,away,Brandon Sproat,,3.26,0.2749,UNDER,4.5,,,,,,,,,1,missing-actual(possible-scratch),,,,UNDER
2251100,2026-06-22,CHC@NYM,1470330,K_PROP,home,Kodai Senga,,3.12,0.2473,UNDER,4.5,,,,,,,,,0,not-completed,,,,UNDER
2251103,2026-06-22,CLE@CWS,1470331,K_PROP,away,Parker Messick,,5.75,0.5818,OVER,5.5,,,,,,,,,1,missing-actual(possible-scratch),,,,OVER
2251102,2026-06-22,LAD@MIN,1470332,K_PROP,away,Justin Wrobleski,,2.1,0.0785,UNDER,4.5,,,,,,,,,1,missing-actual(possible-scratch),,,,UNDER
2251102,2026-06-22,LAD@MIN,1470333,K_PROP,home,Kendry Rojas,,4.2,0.8281,OVER,2.5,,,,,,,,,1,missing-actual(possible-scratch),,,,OVER
2253449,2026-06-22,ARI@STL,1470334,K_PROP,away,Eduardo Rodriguez,,1.99,0.0658,UNDER,4.5,,,,,,,,,1,missing-actual(possible-scratch),,,,UNDER
2253449,2026-06-22,ARI@STL,1470335,K_PROP,home,Kyle Leahy,,2.38,0.2539,UNDER,3.5,,,,,,,,,1,missing-actual(possible-scratch),,,,UNDER
2251104,2026-06-22,BOS@COL,1470336,K_PROP,away,Sonny Gray,,2.48,0.0542,UNDER,5.5,,,,,,,,,1,missing-actual(possible-scratch),,,,UNDER
2251104,2026-06-22,BOS@COL,1470337,K_PROP,home,Sean Sullivan,,3.38,0.4902,UNDER,3.5,,,,,,,,,1,missing-actual(possible-scratch),,,,UNDER
2251105,2026-06-22,BAL@LAA,1470338,K_PROP,away,Shane Baz,,3.31,0.1499,UNDER,5.5,,,,,,,,,1,missing-actual(possible-scratch),,,,UNDER
2251105,2026-06-22,BAL@LAA,1470339,K_PROP,home,Ryan Johnson,,2.35,0.1119,UNDER,4.5,,,,,,,,,1,missing-actual(possible-scratch),,,,UNDER
2251106,2026-06-22,ATL@SD,1470340,K_PROP,away,JR Ritchie,,2.49,0.2805,UNDER,3.5,,,,,,,,,1,missing-actual(possible-scratch),,,,UNDER
2251106,2026-06-22,ATL@SD,1470341,K_PROP,home,Michael King,,2.63,0.1568,UNDER,4.5,,,,,,,,,1,missing-actual(possible-scratch),,,,UNDER
2251096,2026-06-22,TEX@MIA,1470342,K_PROP,home,Sandy Alcantara,,2.73,0.1734,UNDER,4.5,,UNDER,4,1,-1.27,1.27,0.030068,0.190434,1,,UNDER,1,1.270,UNDER
2251103,2026-06-22,CLE@CWS,1470343,K_PROP,home,Sean Burke,,3.19,0.1330,UNDER,5.5,,,,,,,,,1,missing-actual(possible-scratch),,,,UNDER
2251098,2026-06-22,PHI@WSH,1470344,K_PROP,away,Jesus Luzardo,,5.78,0.4273,UNDER,6.5,,UNDER,2,1,3.78,3.78,0.182585,0.557393,1,,UNDER,1,-3.780,UNDER
2251112,2026-06-23,HOU@TOR,1500001,K_PROP,away,Mike Burrows,,2.45,0.2703,UNDER,3.5,,OVER,6,0,-3.55,3.55,0.532462,1.308223,1,,OVER,0,3.550,UNDER
2251112,2026-06-23,HOU@TOR,1500002,K_PROP,home,Trey Yesavage,,2.66,0.0700,UNDER,5.5,,UNDER,2,1,0.66,0.66,0.004900,0.072571,1,,UNDER,1,-0.660,UNDER
2251110,2026-06-23,NYY@DET,1500003,K_PROP,home,Tarik Skubal,,6.21,0.5000,UNDER,6.5,,UNDER,6,1,0.21,0.21,0.250000,0.693147,1,,OVER,0,1.950,PASS
2251108,2026-06-23,KC@TB,1500004,K_PROP,away,Noah Cameron,,2.71,0.1694,UNDER,4.5,,OVER,6,0,-3.29,3.29,0.689896,1.775492,1,,OVER,1,2.210,UNDER
2251109,2026-06-23,TEX@MIA,1500005,K_PROP,home,Eury Perez,,3.31,0.2859,UNDER,4.5,,UNDER,4,1,-0.69,0.69,0.081739,0.336732,1,,UNDER,1,1.320,UNDER
2251110,2026-06-23,NYY@DET,1500006,K_PROP,away,Ryan Weathers,,6.35,0.6764,OVER,5.5,,UNDER,5,0,1.35,1.35,0.457517,1.128247,1,,UNDER,1,0.260,OVER
2251107,2026-06-23,SEA@PIT,1500007,K_PROP,home,Braxton Ashcraft,,4.36,0.3290,UNDER,5.5,,UNDER,4,1,0.36,0.36,0.108241,0.398986,1,,UNDER,1,-0.380,UNDER
2251107,2026-06-23,SEA@PIT,1500008,K_PROP,away,Bryan Woo,,3.92,0.2493,UNDER,5.5,,UNDER,5,1,-1.08,1.08,0.062150,0.286749,1,,UNDER,1,1.090,UNDER
2251113,2026-06-23,CHC@NYM,1500009,K_PROP,away,Shota Imanaga,,4.06,0.2736,UNDER,5.5,,UNDER,4,1,0.06,0.06,0.074857,0.319654,1,,UNDER,1,-0.040,UNDER
2251115,2026-06-23,LAD@MIN,1500010,K_PROP,home,Joe Ryan,,4.31,0.3197,UNDER,5.5,,UNDER,4,1,0.31,0.31,0.102208,0.385221,1,,UNDER,1,-0.320,UNDER
2251117,2026-06-23,BOS@COL,1500011,K_PROP,away,Ranger Suarez,,4.61,0.5514,OVER,4.5,,OVER,11,1,-6.39,6.39,0.201242,0.595295,1,,OVER,1,6.390,UNDER
2251117,2026-06-23,BOS@COL,1500012,K_PROP,home,Kyle Freeland,,2.89,0.2034,UNDER,4.5,,UNDER,3,1,-0.11,0.11,0.041372,0.227403,1,,UNDER,1,0.070,UNDER
2251116,2026-06-23,CLE@CWS,1500013,K_PROP,away,Tanner Bibee,,3.65,0.2025,UNDER,5.5,,OVER,10,0,-6.35,6.35,0.636006,1.597015,1,,OVER,0,6.360,UNDER
2251116,2026-06-23,CLE@CWS,1500014,K_PROP,home,Erick Fedde,,2.56,0.2962,UNDER,3.5,,OVER,6,0,-3.44,3.44,0.495334,1.216720,1,,OVER,0,3.450,UNDER
2251109,2026-06-23,TEX@MIA,1500015,K_PROP,away,Jacob deGrom,,5.58,0.3933,UNDER,6.5,,UNDER,1,1,4.58,4.58,0.154685,0.499721,1,,UNDER,1,-4.580,PASS
2251118,2026-06-23,BAL@LAA,1500016,K_PROP,away,Trey Gibson,,2.86,0.1963,UNDER,4.5,,OVER,5,0,-2.14,2.14,0.645934,1.628111,1,,OVER,0,2.140,UNDER
2251118,2026-06-23,BAL@LAA,1500017,K_PROP,home,Jose Soriano,,5.2,0.3276,UNDER,6.5,,OVER,8,0,-2.80,2.80,0.452122,1.115962,1,,OVER,0,2.860,UNDER
2251111,2026-06-23,PHI@WSH,1500020,K_PROP,away,Aaron Nola,,4.27,0.4843,UNDER,4.5,,OVER,13,0,-8.73,8.73,0.265946,0.725051,1,,OVER,0,8.730,PASS
2251111,2026-06-23,PHI@WSH,1500021,K_PROP,home,Miles Mikolas,,2.85,0.3653,UNDER,3.5,,UNDER,1,1,1.85,1.85,0.133444,0.454603,1,,UNDER,1,-1.850,UNDER
2251114,2026-06-23,MIL@CIN,1500023,K_PROP,home,Rhett Lowder,,2.11,0.0795,UNDER,4.5,,OVER,6,0,-3.89,3.89,0.847320,2.531998,1,,OVER,0,3.890,UNDER
2251120,2026-06-23,ATH@SF,1500025,K_PROP,away,Gage Jump,,3.34,0.2906,UNDER,4.5,,OVER,5,0,-1.66,1.66,0.503248,1.235808,1,,OVER,0,1.670,UNDER
2251120,2026-06-23,ATH@SF,1500026,K_PROP,home,Tyler Mahle,,3.31,0.2850,UNDER,4.5,,OVER,6,0,-2.69,2.69,0.511225,1.255266,1,,OVER,0,2.690,UNDER
2253463,2026-06-23,ARI@STL,1500030,K_PROP,away,Mitch Bratt,,3.08,0.4226,UNDER,3.5,,OVER,5,0,-1.92,1.92,0.333391,0.861329,1,,OVER,0,1.920,UNDER
2253463,2026-06-23,ARI@STL,1500031,K_PROP,home,Matthew Liberatore,,2.4,0.2585,UNDER,3.5,,UNDER,3,1,-0.60,0.60,0.066822,0.299080,1,,UNDER,1,0.600,UNDER
2251108,2026-06-23,KC@TB,1500032,K_PROP,home,Griffin Jax,,2.87,0.1981,UNDER,4.5,,UNDER,4,1,-1.13,1.13,0.039244,0.220771,1,,UNDER,1,1.130,UNDER
2251119,2026-06-23,ATL@SD,1500033,K_PROP,away,Martin Perez,,3.15,0.2536,UNDER,4.5,,OVER,7,0,-3.85,3.85,0.557113,1.371997,1,,OVER,0,3.850,UNDER
2251119,2026-06-23,ATL@SD,1500034,K_PROP,home,JP Sears,,2.72,0.3343,UNDER,3.5,,UNDER,2,1,0.72,0.72,0.111756,0.406916,1,,UNDER,1,-0.720,UNDER
2251113,2026-06-23,CHC@NYM,1500035,K_PROP,home,Nolan McLean,,5.87,0.6017,OVER,5.5,,OVER,6,1,-0.13,0.13,0.158643,0.507996,1,,OVER,1,0.130,PASS
2251121,2026-06-24,TEX@MIA,1500036,K_PROP,home,Eury Perez,,3.04,0.2303,UNDER,4.5,,UNDER,1,1,2.04,2.04,0.053038,0.261754,1,,UNDER,1,-2.040,UNDER
2251121,2026-06-24,TEX@MIA,1500037,K_PROP,away,MacKenzie Gore,,4.32,0.3210,UNDER,5.5,,OVER,8,0,-3.68,3.68,0.461041,1.136314,1,,OVER,0,2.260,UNDER
2251130,2026-06-24,CHC@NYM,1500038,K_PROP,away,Matthew Boyd,,7.23,0.8500,OVER,4.5,,UNDER,4,0,3.23,3.23,0.722500,1.897120,1,,UNDER,0,-3.230,OVER
2251130,2026-06-24,CHC@NYM,1500039,K_PROP,home,Freddy Peralta,,3.37,0.1588,UNDER,5.5,,UNDER,4,1,-0.63,0.63,0.025217,0.172926,1,,UNDER,1,0.630,UNDER
2251122,2026-06-24,CLE@CWS,1500040,K_PROP,away,Tanner Bibee,,3.73,0.3726,UNDER,4.5,,UNDER,3,1,0.73,0.73,0.138831,0.466171,1,,UNDER,1,-0.770,UNDER
2251122,2026-06-24,CLE@CWS,1500041,K_PROP,home,Erick Fedde,,2.52,0.2871,UNDER,3.5,,UNDER,2,1,0.52,0.52,0.082426,0.338414,1,,UNDER,1,-0.530,UNDER
2251123,2026-06-24,BOS@COL,1500042,K_PROP,away,Connelly Early,,3.71,0.2124,UNDER,5.5,,OVER,9,0,-5.29,5.29,0.620314,1.549284,1,,OVER,1,3.380,UNDER
2251123,2026-06-24,BOS@COL,1500043,K_PROP,home,Kyle Freeland,,2.75,0.3434,UNDER,3.5,,OVER,4,0,-1.25,1.25,0.431124,1.068859,1,,OVER,0,1.230,UNDER
2251124,2026-06-24,BAL@LAA,1500044,K_PROP,away,Trey Gibson,,3.19,0.2616,UNDER,4.5,,OVER,5,0,-1.81,1.81,0.545235,1.340939,1,,OVER,0,1.840,UNDER
2251124,2026-06-24,BAL@LAA,1500045,K_PROP,home,Jose Soriano,,5.35,0.3524,UNDER,6.5,,UNDER,4,1,1.35,1.35,0.124186,0.434482,1,,UNDER,1,-1.350,UNDER
2251127,2026-06-24,NYY@DET,1500046,K_PROP,home,Troy Melton,,2.19,0.0897,UNDER,4.5,,OVER,9,0,-6.81,6.81,0.828646,2.411285,1,,OVER,0,6.810,UNDER
2251126,2026-06-24,KC@TB,1500047,K_PROP,away,Seth Lugo,,2.55,0.1432,UNDER,4.5,,OVER,5,0,-2.45,2.45,0.734106,1.943513,1,,OVER,0,2.450,UNDER
2251127,2026-06-24,NYY@DET,1500048,K_PROP,away,Cam Schlittler,,5.69,0.4118,UNDER,6.5,,UNDER,6,1,-0.31,0.31,0.169579,0.530688,1,,UNDER,1,0.310,UNDER
2251125,2026-06-24,SEA@PIT,1500049,K_PROP,home,Bubba Chandler,,2.42,0.1218,UNDER,4.5,,OVER,10,0,-7.58,7.58,0.771235,2.105375,1,,OVER,0,7.580,UNDER
2251125,2026-06-24,SEA@PIT,1500050,K_PROP,away,Bryce Miller,,3.65,0.2033,UNDER,5.5,,UNDER,4,1,-0.35,0.35,0.041331,0.227277,1,,UNDER,1,0.350,UNDER
2251126,2026-06-24,KC@TB,1500051,K_PROP,home,Griffin Jax,,2.77,0.1812,UNDER,4.5,,OVER,7,0,-4.23,4.23,0.670433,1.708154,1,,OVER,0,4.230,UNDER
2251128,2026-06-24,PHI@WSH,1500052,K_PROP,away,Cristopher Sanchez,,6.11,0.4829,UNDER,6.5,,UNDER,5,1,1.11,1.11,0.233192,0.659519,1,,UNDER,1,-1.110,PASS
2251128,2026-06-24,PHI@WSH,1500053,K_PROP,home,Cade Cavalli,,3.05,0.2324,UNDER,4.5,,UNDER,3,1,0.05,0.05,0.054010,0.264487,1,,UNDER,1,-0.050,UNDER
2251129,2026-06-24,HOU@TOR,1500054,K_PROP,away,Mike Burrows,,2.45,0.2703,UNDER,3.5,,UNDER,3,1,-0.55,0.55,0.073062,0.315122,1,,UNDER,1,0.550,UNDER
2251129,2026-06-24,HOU@TOR,1500055,K_PROP,home,Kevin Gausman,,4.63,0.3800,UNDER,5.5,,UNDER,5,1,-0.37,0.37,0.144400,0.478036,1,,UNDER,1,0.370,UNDER
2251131,2026-06-24,MIL@CIN,1500056,K_PROP,home,Rhett Lowder,,2.29,0.1029,UNDER,4.5,,OVER,6,0,-3.71,3.71,0.804788,2.273998,1,,OVER,0,3.710,UNDER
2251132,2026-06-24,LAD@MIN,1500057,K_PROP,home,Joe Ryan,,4.57,0.3677,UNDER,5.5,,OVER,9,0,-4.43,4.43,0.399803,1.000488,1,,OVER,0,4.430,UNDER
2253480,2026-06-24,ARI@STL,1500058,K_PROP,away,Zac Gallen,,1.96,0.1615,UNDER,3.5,,UNDER,3,1,-1.04,1.04,0.026082,0.176141,1,,UNDER,1,1.040,UNDER
2253480,2026-06-24,ARI@STL,1500059,K_PROP,home,Michael McGreevy,,2.39,0.4741,UNDER,2.5,,OVER,3,0,-0.61,0.61,0.276571,0.746337,1,,OVER,0,0.610,UNDER
2251133,2026-06-24,ATL@SD,1500060,K_PROP,away,Martin Perez,,3.34,0.2904,UNDER,4.5,,UNDER,4,1,-0.66,0.66,0.084332,0.343054,1,,UNDER,1,0.660,UNDER
2251133,2026-06-24,ATL@SD,1500061,K_PROP,home,JP Sears,,3.1,0.4271,UNDER,3.5,,OVER,5,0,-1.90,1.90,0.328214,0.850737,1,,OVER,0,1.900,UNDER
2251134,2026-06-24,ATH@SF,1500062,K_PROP,away,Jeffrey Springs,,3.36,0.2945,UNDER,4.5,,OVER,9,0,-5.64,5.64,0.497730,1.222476,1,,OVER,0,5.640,UNDER
2251134,2026-06-24,ATH@SF,1500063,K_PROP,home,Landen Roupp,,4.54,0.3618,UNDER,5.5,,UNDER,4,1,0.54,0.54,0.130899,0.449104,1,,UNDER,1,-0.540,PASS
2251132,2026-06-24,LAD@MIN,1500064,K_PROP,away,Shohei Ohtani,,3.29,0.0677,UNDER,6.5,,OVER,8,0,-4.71,4.71,0.869183,2.692669,1,,OVER,0,4.710,UNDER
2251131,2026-06-24,MIL@CIN,1500065,K_PROP,away,Shane Drohan,,5.66,0.5673,OVER,5.5,,UNDER,5,0,0.66,0.66,0.321829,0.837711,1,,UNDER,0,-0.660,PASS
2251135,2026-06-25,KC@TB,1530001,K_PROP,away,Seth Lugo,,2.73,0.1742,UNDER,4.5,,UNDER,3,1,-0.27,0.27,0.030346,0.191403,1,,UNDER,1,0.270,UNDER
2251136,2026-06-25,SEA@PIT,1530002,K_PROP,home,Paul Skenes,,2.41,0.1208,UNDER,7.5,,UNDER,4,1,-1.59,1.59,0.014593,0.128743,1,,UNDER,1,1.590,UNDER
2251136,2026-06-25,SEA@PIT,1530003,K_PROP,away,Bryce Miller,,3.75,0.2191,UNDER,5.5,,OVER,11,0,-7.25,7.25,0.609805,1.518227,1,,OVER,0,7.250,UNDER
2251137,2026-06-25,ATH@SF,1530004,K_PROP,away,Jeffrey Springs,,3.39,0.3010,UNDER,4.5,,OVER,6,0,-2.61,2.61,0.488601,1.200645,1,,OVER,0,2.610,UNDER
2251137,2026-06-25,ATH@SF,1530005,K_PROP,home,Landen Roupp,,4.54,0.2197,UNDER,6.5,,UNDER,6,1,-1.46,1.46,0.048268,0.248077,1,,UNDER,1,1.460,UNDER
2251138,2026-06-25,HOU@DET,1530006,K_PROP,home,Keider Montero,,2.28,0.1018,UNDER,3.5,,,,,,,,,1,missing-actual(possible-scratch),,,,UNDER
2251139,2026-06-25,PHI@WSH,1530007,K_PROP,away,Cristopher Sanchez,,6.33,0.5197,UNDER,6.5,,,,,,,,,1,missing-actual(possible-scratch),,,,UNDER
2251139,2026-06-25,PHI@WSH,1530008,K_PROP,home,Cade Cavalli,,3.2,0.2626,UNDER,4.5,,,,,,,,,1,missing-actual(possible-scratch),,,,UNDER
2251140,2026-06-25,TEX@TOR,1530009,K_PROP,away,MacKenzie Gore,,3.98,0.4237,UNDER,4.5,,,,,,,,,1,missing-actual(possible-scratch),,,,PASS
2251140,2026-06-25,TEX@TOR,1530010,K_PROP,home,Kevin Gausman,,4.61,0.3764,UNDER,5.5,,,,,,,,,1,missing-actual(possible-scratch),,,,UNDER
2251142,2026-06-25,NYY@BOS,1530011,K_PROP,home,Connelly Early,,3.11,0.1222,UNDER,5.5,,,,,,,,,1,missing-actual(possible-scratch),,,,UNDER
2251141,2026-06-25,CHC@NYM,1530012,K_PROP,away,Matthew Boyd,,6.3,0.8043,OVER,4.5,,,,,,,,,1,missing-actual(possible-scratch),,,,OVER
2251141,2026-06-25,CHC@NYM,1530013,K_PROP,home,Freddy Peralta,,3.48,0.1747,UNDER,5.5,,,,,,,,,1,missing-actual(possible-scratch),,,,UNDER
2251142,2026-06-25,NYY@BOS,1530014,K_PROP,away,Cam Schlittler,,5.66,0.4064,UNDER,6.5,,,,,,,,,1,missing-actual(possible-scratch),,,,PASS
2251138,2026-06-25,HOU@DET,1530017,K_PROP,away,Spencer Arrighetti,,3.45,0.1708,UNDER,5.5,,,,,,,,,1,missing-actual(possible-scratch),,,,UNDER
2251144,2026-06-26,CIN@PIT,1530018,K_PROP,away,Andrew Abbott,,3.05,0.2332,UNDER,4.5,,,,,,,,,1,missing-actual(possible-scratch),,,,UNDER
2251143,2026-06-26,HOU@DET,1530019,K_PROP,home,Keider Montero,,1.99,0.1681,UNDER,3.5,,,,,,,,,1,missing-actual(possible-scratch),,,,UNDER
2251143,2026-06-26,HOU@DET,1530020,K_PROP,away,Spencer Arrighetti,,3.08,0.1179,UNDER,5.5,,,,,,,,,1,missing-actual(possible-scratch),,,,UNDER
2251144,2026-06-26,CIN@PIT,1530021,K_PROP,home,Paul Skenes,,7.54,0.4218,UNDER,8.5,,,,,,,,,1,missing-actual(possible-scratch),,,,UNDER
2251145,2026-06-26,WSH@BAL,1530022,K_PROP,home,Trevor Rogers,,2.52,0.1374,UNDER,4.5,,,,,,,,,1,missing-actual(possible-scratch),,,,UNDER
2251145,2026-06-26,WSH@BAL,1530023,K_PROP,away,Andrew Alvarez,,5.76,0.7388,OVER,4.5,,,,,,,,,1,missing-actual(possible-scratch),,,,OVER
2251146,2026-06-26,TEX@TOR,1530024,K_PROP,away,Nathan Eovaldi,,4.04,0.2700,UNDER,5.5,,,,,,,,,1,missing-actual(possible-scratch),,,,UNDER
2251146,2026-06-26,TEX@TOR,1530025,K_PROP,home,Patrick Corbin,,2.46,0.1288,UNDER,4.5,,,,,,,,,1,missing-actual(possible-scratch),,,,UNDER
2253497,2026-06-26,ARI@TB,1530026,K_PROP,away,Zac Gallen,,1.81,0.1320,UNDER,3.5,,,,,,,,,1,missing-actual(possible-scratch),,,,UNDER
2251149,2026-06-26,NYY@BOS,1530027,K_PROP,home,Payton Tolle,,2.93,0.0990,UNDER,5.5,,,,,,,,,1,missing-actual(possible-scratch),,,,UNDER
2251147,2026-06-26,SEA@CLE,1530028,K_PROP,home,Joey Cantillo,,3.16,0.1283,UNDER,5.5,,,,,,,,,1,missing-actual(possible-scratch),,,,UNDER
2251149,2026-06-26,NYY@BOS,1530029,K_PROP,away,Will Warren,,4.54,0.5374,OVER,4.5,,,,,,,,,1,missing-actual(possible-scratch),,,,PASS
2251148,2026-06-26,PHI@NYM,1530030,K_PROP,away,Zack Wheeler,,5.37,0.3566,UNDER,6.5,,,,,,,,,1,missing-actual(possible-scratch),,,,UNDER
2251147,2026-06-26,SEA@CLE,1530031,K_PROP,away,Luis Castillo,,3.47,0.3178,UNDER,4.5,,,,,,,,,1,missing-actual(possible-scratch),,,,UNDER
2253497,2026-06-26,ARI@TB,1530032,K_PROP,home,Nick Martinez,,2.19,0.2117,UNDER,3.5,,,,,,,,,1,missing-actual(possible-scratch),,,,UNDER
2251150,2026-06-26,KC@CWS,1530033,K_PROP,home,David Sandlin,,4.16,0.4622,UNDER,4.5,,,,,,,,,1,missing-actual(possible-scratch),,,,UNDER
2251151,2026-06-26,CHC@MIL,1530034,K_PROP,away,Colin Rea,,2.74,0.1757,UNDER,4.5,,,,,,,,,1,missing-actual(possible-scratch),,,,UNDER
2251151,2026-06-26,CHC@MIL,1530035,K_PROP,home,Jacob Misiorowski,,6.29,0.2392,UNDER,8.5,,,,,,,,,1,missing-actual(possible-scratch),,,,UNDER
2251152,2026-06-26,COL@MIN,1530036,K_PROP,away,Tomoyuki Sugano,,1.86,0.1428,UNDER,3.5,,,,,,,,,1,missing-actual(possible-scratch),,,,UNDER
2251152,2026-06-26,COL@MIN,1530037,K_PROP,home,Taj Bradley,,4.01,0.1447,UNDER,6.5,,,,,,,,,1,missing-actual(possible-scratch),,,,UNDER
2251153,2026-06-26,MIA@STL,1530038,K_PROP,away,Max Meyer,,4.45,0.3458,UNDER,5.5,,,,,,,,,1,missing-actual(possible-scratch),,,,UNDER
2251153,2026-06-26,MIA@STL,1530039,K_PROP,home,Michael McGreevy,,2.55,0.2955,UNDER,3.5,,,,,,,,,1,missing-actual(possible-scratch),,,,UNDER
2251154,2026-06-26,ATH@LAA,1530040,K_PROP,away,J.T. Ginn,,3.16,0.1292,UNDER,5.5,,,,,,,,,1,missing-actual(possible-scratch),,,,UNDER
2251154,2026-06-26,ATH@LAA,1530041,K_PROP,home,Walbert Urena,,2.92,0.0982,UNDER,5.5,,,,,,,,,1,missing-actual(possible-scratch),,,,UNDER
2251155,2026-06-26,LAD@SD,1530042,K_PROP,away,Roki Sasaki,,2.54,0.0586,UNDER,5.5,,,,,,,,,1,missing-actual(possible-scratch),,,,UNDER
2251155,2026-06-26,LAD@SD,1530043,K_PROP,home,Walker Buehler,,2.95,0.2140,UNDER,4.5,,,,,,,,,1,missing-actual(possible-scratch),,,,UNDER
2251156,2026-06-26,ATL@SF,1530044,K_PROP,away,Reynaldo Lopez,,3.16,0.6597,OVER,2.5,,,,,,,,,1,missing-actual(possible-scratch),,,,OVER
2251158,2026-06-27,NYY@BOS,1530045,K_PROP,home,Sonny Gray,,3,0.1074,UNDER,5.5,,UNDER,3,1,0.00,0.00,0.011535,0.113617,1,,UNDER,1,-0.030,UNDER
2251157,2026-06-27,HOU@DET,1530046,K_PROP,home,Jack Flaherty,,3.42,0.1655,UNDER,5.5,,UNDER,2,1,1.42,1.42,0.027390,0.180923,1,,UNDER,1,-0.860,UNDER
2251158,2026-06-27,NYY@BOS,1530047,K_PROP,away,Carlos Rodon,,3.85,0.2361,UNDER,5.5,,UNDER,5,1,-1.15,1.15,0.055743,0.269318,1,,UNDER,1,1.810,UNDER
2251159,2026-06-27,TEX@TOR,1530048,K_PROP,home,Shane Bieber,,3.18,0.1313,UNDER,5.5,,OVER,10,0,-6.82,6.82,0.754640,2.030270,1,,OVER,1,1.800,UNDER
2251160,2026-06-27,CIN@PIT,1530049,K_PROP,away,Brady Singer,,2.82,0.1891,UNDER,4.5,,OVER,10,0,-7.18,7.18,0.657559,1.665479,1,,OVER,0,5.190,UNDER
2251160,2026-06-27,CIN@PIT,1530050,K_PROP,home,Mitch Keller,,3.55,0.3357,UNDER,4.5,,UNDER,4,1,-0.45,0.45,0.112694,0.409021,1,,UNDER,1,0.940,UNDER
2251162,2026-06-27,KC@CWS,1530051,K_PROP,home,Davis Martin,,4.07,0.2754,UNDER,5.5,,UNDER,3,1,1.07,1.07,0.075845,0.322136,1,,UNDER,1,-1.070,UNDER
2251162,2026-06-27,KC@CWS,1530052,K_PROP,away,Luinder Avila,,4.57,0.7211,OVER,3.5,,OVER,7,1,-2.43,2.43,0.077785,0.326977,1,,OVER,0,4.220,UNDER
2251161,2026-06-27,PHI@NYM,1530053,K_PROP,home,Christian Scott,,3.27,0.2762,UNDER,4.5,,OVER,6,0,-2.73,2.73,0.523886,1.286630,1,,OVER,0,2.730,UNDER
2253513,2026-06-27,ARI@TB,1530054,K_PROP,away,Merrill Kelly,,1.44,0.0719,UNDER,3.5,,OVER,4,0,-2.56,2.56,0.861370,2.632479,1,,OVER,0,2.560,UNDER
2251163,2026-06-27,WSH@BAL,1530055,K_PROP,home,Kyle Bradish,,3.65,0.2032,UNDER,5.5,,OVER,8,0,-4.35,4.35,0.634890,1.593565,1,,OVER,0,4.350,UNDER
2251163,2026-06-27,WSH@BAL,1530056,K_PROP,away,Zack Littell,,2.1,0.1907,UNDER,3.5,,OVER,9,0,-6.90,6.90,0.654966,1.657054,1,,OVER,0,6.900,UNDER
2251164,2026-06-27,SEA@CLE,1530057,K_PROP,home,Gavin Williams,,5.2,0.3266,UNDER,6.5,,UNDER,4,1,1.20,1.20,0.106668,0.395416,1,,UNDER,1,-1.200,UNDER
2251165,2026-06-27,COL@MIN,1530059,K_PROP,away,Ryan Feltner,,2.26,0.1000,UNDER,4.5,,UNDER,1,1,1.26,1.26,0.010000,0.105361,1,,UNDER,1,-1.260,UNDER
2251166,2026-06-27,CHC@MIL,1530061,K_PROP,home,Brandon Woodruff,,3.08,0.1175,UNDER,5.5,,OVER,9,0,-5.92,5.92,0.778806,2.141317,1,,OVER,0,5.920,UNDER
2251165,2026-06-27,COL@MIN,1530063,K_PROP,home,Connor Prielipp,,3.4,0.1638,UNDER,5.5,,UNDER,2,1,1.40,1.40,0.026830,0.178887,1,,UNDER,1,-1.400,UNDER
2251164,2026-06-27,SEA@CLE,1530065,K_PROP,away,Emerson Hancock,,4.02,0.4330,UNDER,4.5,,OVER,7,0,-2.98,2.98,0.321489,0.837018,1,,OVER,0,2.980,UNDER
2251167,2026-06-27,MIA@STL,1530067,K_PROP,away,Ryan Gusto,,4.01,0.6243,OVER,3.5,,OVER,4,1,0.01,0.01,0.141150,0.471124,1,,OVER,1,-0.010,PASS
2251167,2026-06-27,MIA@STL,1530069,K_PROP,home,Kyle Leahy,,2.26,0.0990,UNDER,4.5,,UNDER,4,1,-1.74,1.74,0.009801,0.104250,1,,UNDER,1,1.740,UNDER
2251168,2026-06-27,LAD@SD,1530071,K_PROP,away,Emmet Sheehan,,5.24,0.4920,UNDER,5.5,,UNDER,4,1,1.24,1.24,0.242064,0.677274,1,,UNDER,1,-1.240,UNDER
2251168,2026-06-27,LAD@SD,1530074,K_PROP,home,Michael King,,2.61,0.1536,UNDER,4.5,,UNDER,2,1,0.61,0.61,0.023593,0.166763,1,,UNDER,1,-0.610,UNDER
2251169,2026-06-27,ATL@SF,1530076,K_PROP,away,Chris Sale,,5.73,0.2781,UNDER,7.5,,UNDER,4,1,1.73,1.73,0.077340,0.325869,1,,UNDER,1,-1.730,UNDER
2251169,2026-06-27,ATL@SF,1530078,K_PROP,home,Robbie Ray,,2.8,0.0844,UNDER,5.5,,OVER,6,0,-3.20,3.20,0.838323,2.472188,1,,OVER,0,3.200,UNDER
2251170,2026-06-27,ATH@LAA,1530080,K_PROP,home,Sam Aldegheri,,1.5,0.0800,UNDER,3.5,,OVER,8,0,-6.50,6.50,0.846400,2.525729,1,,OVER,0,6.500,UNDER
2251159,2026-06-27,TEX@TOR,1530087,K_PROP,away,Kumar Rocker,,2.09,0.0773,UNDER,4.5,,OVER,5,0,-2.91,2.91,0.851375,2.560061,1,,OVER,0,2.910,UNDER
2251157,2026-06-27,HOU@DET,1530088,K_PROP,away,Hunter Brown,,8.47,0.8015,OVER,6.5,,UNDER,1,0,7.47,7.47,0.642402,1.616966,1,,UNDER,0,-7.470,PASS
2251161,2026-06-27,PHI@NYM,1530089,K_PROP,away,Jesus Luzardo,,6,0.4648,UNDER,6.5,,UNDER,1,1,5.00,5.00,0.216039,0.625115,1,,UNDER,1,-5.000,UNDER
2253513,2026-06-27,ARI@TB,1530090,K_PROP,home,Drew Rasmussen,,4.22,0.3020,UNDER,5.5,,UNDER,1,1,3.22,3.22,0.091204,0.359536,1,,UNDER,1,-3.220,UNDER
2251170,2026-06-27,ATH@LAA,1530091,K_PROP,away,Aaron Civale,,2.25,0.0977,UNDER,4.5,,OVER,5,0,-2.75,2.75,0.814145,2.325854,1,,OVER,0,2.750,UNDER
2251171,2026-06-28,WSH@BAL,1530092,K_PROP,home,Shane Baz,,2.96,0.1029,UNDER,5.5,,UNDER,2,1,0.96,0.96,0.010588,0.108588,1,,UNDER,1,-1.640,UNDER
2251172,2026-06-28,CIN@PIT,1530093,K_PROP,away,Nick Lodolo,,2.53,0.1389,UNDER,4.5,,OVER,6,0,-3.47,3.47,0.741493,1.974001,1,,OVER,0,3.470,UNDER
2251172,2026-06-28,CIN@PIT,1530094,K_PROP,home,Braxton Ashcraft,,4.78,0.2583,UNDER,6.5,,UNDER,4,1,0.78,0.78,0.066719,0.298810,1,,UNDER,1,-0.780,UNDER
2251171,2026-06-28,WSH@BAL,1530095,K_PROP,away,Miles Mikolas,,3.09,0.6452,OVER,2.5,,OVER,3,1,0.09,0.09,0.125883,0.438195,1,,UNDER,1,0.780,PASS
2251173,2026-06-28,TEX@TOR,1530096,K_PROP,away,Kumar Rocker,,2.06,0.1837,UNDER,3.5,,OVER,5,0,-2.94,2.94,0.666346,1.694451,1,,OVER,0,2.940,UNDER
2251173,2026-06-28,TEX@TOR,1530097,K_PROP,home,Trey Yesavage,,2.65,0.0300,UNDER,6.5,,UNDER,4,1,-1.35,1.35,0.000900,0.030459,1,,UNDER,1,0.840,UNDER
2253527,2026-06-28,ARI@TB,1530098,K_PROP,away,Eduardo Rodriguez,,1.95,0.0615,UNDER,4.5,,UNDER,3,1,-1.05,1.05,0.003782,0.063472,1,,UNDER,1,1.620,UNDER
2251175,2026-06-28,SEA@CLE,1530099,K_PROP,home,Parker Messick,,5.87,0.6022,OVER,5.5,,OVER,6,1,-0.13,0.13,0.158245,0.507166,1,,OVER,1,0.130,UNDER
2251174,2026-06-28,HOU@DET,1530100,K_PROP,home,Casey Mize,,3.68,0.2072,UNDER,5.5,,OVER,9,0,-5.32,5.32,0.628532,1.574071,1,,OVER,0,5.320,UNDER
2251174,2026-06-28,HOU@DET,1530101,K_PROP,away,Peter Lambert,,3.77,0.3813,UNDER,4.5,,UNDER,4,1,-0.23,0.23,0.145390,0.480135,1,,UNDER,1,0.230,UNDER
2251176,2026-06-28,PHI@NYM,1530102,K_PROP,away,Aaron Nola,,4.44,0.3445,UNDER,5.5,,OVER,6,0,-1.56,1.56,0.429680,1.065661,1,,OVER,0,1.560,UNDER
2251175,2026-06-28,SEA@CLE,1530103,K_PROP,away,George Kirby,,4.68,0.2412,UNDER,6.5,,UNDER,6,1,-1.32,1.32,0.058177,0.276017,1,,UNDER,1,1.320,PASS
2253527,2026-06-28,ARI@TB,1530104,K_PROP,home,Drew Rasmussen,,4.14,0.2874,UNDER,5.5,,UNDER,5,1,-0.86,0.86,0.082599,0.338835,1,,UNDER,1,0.870,UNDER
2251177,2026-06-28,COL@MIN,1530105,K_PROP,away,Sean Sullivan,,1.43,0.0709,UNDER,3.5,,UNDER,0,1,1.43,1.43,0.005027,0.073539,1,,UNDER,1,-1.950,UNDER
2251178,2026-06-28,KC@CWS,1530106,K_PROP,away,Luinder Avila,,4.35,0.6855,OVER,3.5,,OVER,4,1,0.35,0.35,0.098910,0.377607,1,,OVER,1,-0.350,OVER
2251179,2026-06-28,CHC@MIL,1530107,K_PROP,home,Robert Gasser,,3.67,0.2050,UNDER,5.5,,OVER,6,0,-2.33,2.33,0.632025,1.584745,1,,OVER,0,2.330,UNDER
2251177,2026-06-28,COL@MIN,1530108,K_PROP,home,Zebby Matthews,,2.31,0.1061,UNDER,4.5,,OVER,10,0,-7.69,7.69,0.799057,2.243373,1,,OVER,0,5.690,UNDER
2251180,2026-06-28,MIA@STL,1530109,K_PROP,home,Kyle Leahy,,2.31,0.1057,UNDER,4.5,,OVER,5,0,-2.69,2.69,0.799772,2.247150,1,,OVER,0,2.690,UNDER
2251181,2026-06-28,ATH@LAA,1530110,K_PROP,away,Gage Jump,,4.87,0.5986,OVER,4.5,,UNDER,2,0,2.87,2.87,0.358322,0.912797,1,,UNDER,0,-2.870,PASS
2251181,2026-06-28,ATH@LAA,1530111,K_PROP,home,Ryan Johnson,,3.22,0.2675,UNDER,4.5,,UNDER,4,1,-0.78,0.78,0.071556,0.311292,1,,UNDER,1,0.780,UNDER
2251182,2026-06-28,ATL@SF,1530112,K_PROP,away,Chris Sale,,7.09,0.3534,UNDER,8.5,,OVER,10,0,-2.91,2.91,0.418092,1.040155,1,,OVER,0,2.910,UNDER
2251182,2026-06-28,ATL@SF,1530113,K_PROP,home,Tyler Mahle,,3.15,0.2533,UNDER,4.5,,UNDER,2,1,1.15,1.15,0.064161,0.292092,1,,UNDER,1,-1.150,UNDER
2251183,2026-06-28,LAD@SD,1530114,K_PROP,away,Eric Lauer,,2.77,0.3469,UNDER,3.5,,OVER,5,0,-2.23,2.23,0.426540,1.058719,1,,OVER,0,2.230,UNDER
2251183,2026-06-28,LAD@SD,1530115,K_PROP,home,Griffin Canning,,3.3,0.4732,UNDER,3.5,,OVER,5,0,-1.70,1.70,0.277518,0.748237,1,,OVER,0,2.510,UNDER
2251184,2026-06-28,NYY@BOS,1530116,K_PROP,home,Ranger Suarez,,4.52,0.3580,UNDER,5.5,,OVER,9,0,-4.48,4.48,0.412164,1.027222,1,,OVER,0,4.480,OVER
2251184,2026-06-28,NYY@BOS,1530117,K_PROP,away,Ryan Weathers,,5.82,0.4346,UNDER,6.5,,UNDER,6,1,-0.18,0.18,0.188877,0.570222,1,,UNDER,1,0.180,UNDER
2251178,2026-06-28,KC@CWS,1530118,K_PROP,home,Sean Burke,,3.13,0.1243,UNDER,5.5,,UNDER,2,1,1.13,1.13,0.015450,0.132732,1,,UNDER,1,-1.130,UNDER
2251180,2026-06-28,MIA@STL,1530119,K_PROP,away,Sandy Alcantara,,2.7,0.1688,UNDER,4.5,,UNDER,1,1,1.70,1.70,0.028493,0.184885,1,,UNDER,1,-0.980,UNDER
2251176,2026-06-28,PHI@NYM,1530120,K_PROP,home,Sean Manaea,,3.48,0.5129,UNDER,3.5,,UNDER,2,1,1.48,1.48,0.263066,0.719286,1,,UNDER,1,-1.480,UNDER
2251179,2026-06-28,CHC@MIL,1530121,K_PROP,away,Shota Imanaga,,4.19,0.4672,UNDER,4.5,,UNDER,2,1,2.19,2.19,0.218276,0.629609,1,,UNDER,1,-2.190,UNDER
2251185,2026-06-29,CWS@BAL,1530122,K_PROP,home,Trey Gibson,,3.18,0.2588,UNDER,4.5,,OVER,6,0,-2.82,2.82,0.549377,1.351700,1,,OVER,0,2.810,UNDER
2251185,2026-06-29,CWS@BAL,1530123,K_PROP,away,Erick Fedde,,2.81,0.3564,UNDER,3.5,,OVER,8,0,-5.19,5.19,0.414221,1.031702,1,,OVER,0,5.190,OVER
2251186,2026-06-29,PIT@PHI,1530124,K_PROP,home,Cristopher Sanchez,,7.42,0.5431,OVER,7.5,,UNDER,5,0,2.42,2.42,0.294958,0.783291,1,,UNDER,1,-2.420,UNDER
2251186,2026-06-29,PIT@PHI,1530125,K_PROP,away,Bubba Chandler,,2.19,0.0899,UNDER,4.5,,OVER,8,0,-5.81,5.81,0.828282,2.409057,1,,OVER,0,5.820,UNDER
2251187,2026-06-29,DET@NYY,1530126,K_PROP,away,Tarik Skubal,,6.48,0.3947,UNDER,7.5,,OVER,10,0,-3.52,3.52,0.366388,0.929629,1,,OVER,0,3.540,UNDER
2251187,2026-06-29,DET@NYY,1530127,K_PROP,home,Cam Schlittler,,6.04,0.3251,UNDER,7.5,,UNDER,3,1,3.04,3.04,0.105690,0.393191,1,,UNDER,1,-3.030,UNDER
2251188,2026-06-29,NYM@TOR,1530128,K_PROP,away,Nolan McLean,,5.35,0.5132,UNDER,5.5,,UNDER,4,1,1.35,1.35,0.263374,0.719902,1,,UNDER,1,-1.350,OVER
2251188,2026-06-29,NYM@TOR,1530129,K_PROP,home,Kevin Gausman,,4.76,0.4039,UNDER,5.5,,UNDER,3,1,1.76,1.76,0.163135,0.517347,1,,UNDER,1,-1.760,UNDER
2251189,2026-06-29,WSH@BOS,1530130,K_PROP,home,Connelly Early,,3.24,0.1404,UNDER,5.5,,OVER,8,0,-4.76,4.76,0.738912,1.963260,1,,OVER,0,4.760,UNDER
2251190,2026-06-29,TEX@CLE,1530131,K_PROP,home,Tanner Bibee,,3.12,0.1240,UNDER,5.5,,UNDER,5,1,-1.88,1.88,0.015376,0.132389,1,,UNDER,1,1.890,UNDER
2251189,2026-06-29,WSH@BOS,1530132,K_PROP,away,Cade Cavalli,,2.95,0.2135,UNDER,4.5,,UNDER,3,1,-0.05,0.05,0.045582,0.240163,1,,UNDER,1,0.050,UNDER
2251191,2026-06-29,CIN@MIL,1530133,K_PROP,away,Rhett Lowder,,2.23,0.0950,UNDER,4.5,,UNDER,4,1,-1.77,1.77,0.009025,0.099820,1,,UNDER,1,1.760,UNDER
2251191,2026-06-29,CIN@MIL,1530134,K_PROP,home,Brandon Sproat,,3.48,0.1750,UNDER,5.5,,UNDER,5,1,-1.52,1.52,0.030625,0.192372,1,,UNDER,1,1.530,UNDER
2251192,2026-06-29,SD@CHC,1530135,K_PROP,home,Matthew Boyd,,6.62,0.8365,OVER,4.5,,UNDER,4,0,2.62,2.62,0.699732,1.810942,1,,UNDER,0,-2.740,OVER
2251192,2026-06-29,SD@CHC,1530136,K_PROP,away,JP Sears,,3.42,0.5001,UNDER,3.5,,UNDER,3,1,0.42,0.42,0.250100,0.693347,1,,UNDER,1,-0.400,UNDER
2251193,2026-06-29,MIN@HOU,1530137,K_PROP,home,Mike Burrows,,2.81,0.1877,UNDER,4.5,,UNDER,4,1,-1.19,1.19,0.035231,0.207886,1,,UNDER,1,1.190,UNDER
2251193,2026-06-29,MIN@HOU,1530138,K_PROP,away,Joe Ryan,,4.59,0.2275,UNDER,6.5,,OVER,7,0,-2.41,2.41,0.596756,1.480605,1,,OVER,0,2.410,UNDER
2251194,2026-06-29,MIA@COL,1530139,K_PROP,home,Tanner Gordon,,3.05,0.4136,UNDER,3.5,,OVER,5,0,-1.95,1.95,0.343865,0.882856,1,,OVER,0,1.930,UNDER
2251194,2026-06-29,MIA@COL,1530140,K_PROP,away,Eury Perez,,3.25,0.1412,UNDER,5.5,,UNDER,3,1,0.25,0.25,0.019937,0.152219,1,,UNDER,1,-0.270,UNDER
2253549,2026-06-29,SF@ARI,1530141,K_PROP,home,Brandon Pfaadt,,2.08,0.3873,UNDER,2.5,,UNDER,1,1,1.08,1.08,0.150001,0.489880,1,,UNDER,1,-1.090,UNDER
2251195,2026-06-29,LAD@ATH,1530142,K_PROP,home,Jeffrey Springs,,2.92,0.2077,UNDER,4.5,,OVER,5,0,-2.08,2.08,0.627739,1.571661,1,,OVER,0,2.080,UNDER
2251196,2026-06-29,LAA@SEA,1530143,K_PROP,away,Jose Soriano,,5.48,0.5353,OVER,5.5,,UNDER,3,0,2.48,2.48,0.286546,0.766363,1,,UNDER,1,-2.480,UNDER
2251195,2026-06-29,LAD@ATH,1530144,K_PROP,away,Justin Wrobleski,,2.18,0.0893,UNDER,4.5,,UNDER,2,1,0.18,0.18,0.007974,0.093542,1,,UNDER,1,-0.230,UNDER
2251196,2026-06-29,LAA@SEA,1530145,K_PROP,home,Bryan Woo,,4.15,0.1638,UNDER,6.5,,OVER,7,0,-2.85,2.85,0.699230,1.809109,1,,OVER,0,2.850,UNDER
2253549,2026-06-29,SF@ARI,1530146,K_PROP,away,Landen Roupp,,4.24,0.4778,UNDER,4.5,,UNDER,3,1,1.24,1.24,0.228293,0.649705,1,,UNDER,1,-1.270,UNDER
2251190,2026-06-29,TEX@CLE,1530147,K_PROP,away,Jacob deGrom,,5.73,0.4192,UNDER,6.5,,UNDER,2,1,3.73,3.73,0.175729,0.543349,1,,UNDER,1,-3.780,UNDER
2251197,2026-06-30,CWS@BAL,1530148,K_PROP,home,Dean Kremer,,8.44,0.8500,OVER,5.5,,UNDER,5,0,3.44,3.44,0.722500,1.897120,1,,OVER,0,1.490,OVER
2251197,2026-06-30,CWS@BAL,1530149,K_PROP,away,Noah Schultz,,2.31,0.2386,UNDER,3.5,,UNDER,3,1,-0.69,0.69,0.056930,0.272596,1,,UNDER,1,0.310,UNDER
2251198,2026-06-30,TEX@CLE,1530150,K_PROP,home,Joey Cantillo,,3.71,0.2128,UNDER,5.5,,UNDER,2,1,1.71,1.71,0.045284,0.239273,1,,UNDER,1,-0.980,UNDER
2251199,2026-06-30,PIT@PHI,1530151,K_PROP,home,Zack Wheeler,,5.42,0.3643,UNDER,6.5,,OVER,9,0,-3.58,3.58,0.404114,1.009778,1,,OVER,0,3.600,UNDER
2251199,2026-06-30,PIT@PHI,1530152,K_PROP,away,Paul Skenes,,7.13,0.6427,OVER,6.5,,UNDER,6,0,1.13,1.13,0.413063,1.029180,1,,UNDER,0,-1.140,PASS
2251198,2026-06-30,TEX@CLE,1530153,K_PROP,away,MacKenzie Gore,,3.81,0.2300,UNDER,5.5,,OVER,9,0,-5.19,5.19,0.592900,1.469676,1,,OVER,0,3.030,UNDER
2251200,2026-06-30,DET@NYY,1530154,K_PROP,away,Troy Melton,,2.4,0.1188,UNDER,4.5,,OVER,9,0,-6.60,6.60,0.776513,2.130314,1,,OVER,0,6.600,UNDER
2251200,2026-06-30,DET@NYY,1530155,K_PROP,home,Will Warren,,4.52,0.3585,UNDER,5.5,,UNDER,5,1,-0.48,0.48,0.128522,0.443946,1,,UNDER,1,0.480,UNDER
2251201,2026-06-30,NYM@TOR,1530156,K_PROP,away,Freddy Peralta,,3.04,0.2316,UNDER,4.5,,OVER,7,0,-3.96,3.96,0.590439,1.462744,1,,OVER,1,1.250,UNDER
2251201,2026-06-30,NYM@TOR,1530157,K_PROP,home,Kevin Gausman,,4.76,0.4042,UNDER,5.5,,OVER,7,0,-2.24,2.24,0.354978,0.905845,1,,OVER,0,2.410,UNDER
2251202,2026-06-30,WSH@BOS,1530158,K_PROP,home,Payton Tolle,,2.82,0.0873,UNDER,5.5,,UNDER,5,1,-2.18,2.18,0.007621,0.091348,1,,UNDER,1,2.190,UNDER
2251202,2026-06-30,WSH@BOS,1530159,K_PROP,away,Andrew Alvarez,,4.77,0.5808,OVER,4.5,,OVER,13,1,-8.23,8.23,0.175729,0.543349,1,,OVER,1,8.230,PASS
2251203,2026-06-30,STL@ATL,1530160,K_PROP,home,Reynaldo Lopez,,3.38,0.4922,UNDER,3.5,,UNDER,1,1,2.38,2.38,0.242261,0.677668,1,,UNDER,1,-2.380,PASS
2251203,2026-06-30,STL@ATL,1530161,K_PROP,away,Michael McGreevy,,2.28,0.2325,UNDER,3.5,,OVER,9,0,-6.72,6.72,0.589056,1.458865,1,,OVER,0,6.710,UNDER
2251205,2026-06-30,CIN@MIL,1530162,K_PROP,away,Andrew Abbott,,2.58,0.1474,UNDER,4.5,,OVER,8,0,-5.42,5.42,0.726927,1.914605,1,,OVER,0,5.430,UNDER
2251204,2026-06-30,TB@KC,1530163,K_PROP,home,Seth Lugo,,2.48,0.2772,UNDER,3.5,,UNDER,0,1,2.48,2.48,0.076840,0.324623,1,,UNDER,1,-2.480,UNDER
2251205,2026-06-30,CIN@MIL,1530164,K_PROP,home,Brandon Sproat,,3.72,0.2147,UNDER,5.5,,OVER,7,0,-3.28,3.28,0.616696,1.538514,1,,OVER,0,3.520,UNDER
2251204,2026-06-30,TB@KC,1530165,K_PROP,away,Shane McClanahan,,3.13,0.2479,UNDER,4.5,,OVER,5,0,-1.87,1.87,0.565654,1.394730,1,,OVER,0,1.880,UNDER
2251206,2026-06-30,SD@CHC,1530166,K_PROP,home,Colin Rea,,2.97,0.3943,UNDER,3.5,,UNDER,2,1,0.97,0.97,0.155472,0.501370,1,,UNDER,1,-0.980,UNDER
2251206,2026-06-30,SD@CHC,1530167,K_PROP,away,Walker Buehler,,3.12,0.4313,UNDER,3.5,,OVER,4,0,-0.88,0.88,0.323420,0.840951,1,,UNDER,1,0.870,UNDER
2251207,2026-06-30,MIN@HOU,1530168,K_PROP,home,Mike Burrows,,2.69,0.1656,UNDER,4.5,,UNDER,3,1,-0.31,0.31,0.027423,0.181042,1,,UNDER,1,0.310,UNDER
2251207,2026-06-30,MIN@HOU,1530169,K_PROP,away,Taj Bradley,,3.8,0.2282,UNDER,5.5,,UNDER,5,1,-1.20,1.20,0.052075,0.259030,1,,UNDER,1,1.200,UNDER
2251208,2026-06-30,MIA@COL,1530170,K_PROP,home,Kyle Freeland,,2.87,0.3723,UNDER,3.5,,OVER,4,0,-1.13,1.13,0.394007,0.988055,1,,PUSH,,1.130,UNDER
2251208,2026-06-30,MIA@COL,1530171,K_PROP,away,Max Meyer,,4.3,0.3177,UNDER,5.5,,OVER,8,0,-3.70,3.70,0.465533,1.146648,1,,OVER,0,3.730,UNDER
2253564,2026-06-30,SF@ARI,1530172,K_PROP,home,Zac Gallen,,1.65,0.1049,UNDER,3.5,,UNDER,2,1,-0.35,0.35,0.011004,0.110820,1,,UNDER,1,-0.160,UNDER
2251209,2026-06-30,LAD@ATH,1530173,K_PROP,home,J.T. Ginn,,2.66,0.1614,UNDER,4.5,,UNDER,2,1,0.66,0.66,0.026050,0.176021,1,,UNDER,1,-0.940,UNDER
2251210,2026-06-30,LAA@SEA,1530174,K_PROP,away,Jose Soriano,,5.5,0.5400,OVER,5.5,,OVER,9,1,-3.50,3.50,0.211600,0.616186,1,,OVER,0,3.630,PASS
2251209,2026-06-30,LAD@ATH,1530175,K_PROP,away,Justin Wrobleski,,2.46,0.1279,UNDER,4.5,,OVER,11,0,-8.54,8.54,0.760558,2.056507,1,,OVER,0,8.740,UNDER
2251210,2026-06-30,LAA@SEA,1530176,K_PROP,home,Bryan Woo,,4.08,0.0773,UNDER,7.5,,UNDER,5,1,-0.92,0.92,0.005975,0.080451,1,,UNDER,1,0.720,UNDER
2253564,2026-06-30,SF@ARI,1530177,K_PROP,away,Trevor McDonald,,3.78,0.5773,OVER,3.5,,OVER,4,1,-0.22,0.22,0.178675,0.549393,1,,UNDER,1,-0.310,PASS
2251211,2026-07-01,CWS@BAL,1530178,K_PROP,home,Dean Kremer,,6.48,0.6936,OVER,5.5,,UNDER,4,0,2.48,2.48,0.481081,1.182864,1,,UNDER,0,-2.940,OVER
2251211,2026-07-01,CWS@BAL,1530179,K_PROP,away,Davis Martin,,4.33,0.4959,UNDER,4.5,,OVER,7,0,-2.67,2.67,0.254117,0.701381,1,,OVER,0,4.320,UNDER
2251212,2026-07-01,TEX@CLE,1530180,K_PROP,home,Slade Cecconi,,2.17,0.2067,UNDER,3.5,,OVER,4,0,-1.83,1.83,0.629325,1.576487,1,,UNDER,1,0.000,UNDER
2251212,2026-07-01,TEX@CLE,1530181,K_PROP,away,Nathan Eovaldi,,4.8,0.2615,UNDER,6.5,,OVER,7,0,-2.20,2.20,0.545382,1.341321,1,,OVER,0,2.920,UNDER
2251213,2026-07-01,WSH@BOS,1530182,K_PROP,home,Payton Tolle,,2.98,0.1049,UNDER,5.5,,UNDER,5,1,-2.02,2.02,0.011004,0.110820,1,,UNDER,1,2.100,UNDER
2251214,2026-07-01,DET@NYY,1530183,K_PROP,away,Framber Valdez,,3.19,0.1324,UNDER,5.5,,OVER,7,0,-3.81,3.81,0.752730,2.021928,1,,OVER,0,4.130,UNDER
2251214,2026-07-01,DET@NYY,1530184,K_PROP,home,Will Warren,,4.73,0.3987,UNDER,5.5,,OVER,7,0,-2.27,2.27,0.361562,0.919546,1,,OVER,0,2.480,UNDER
2251213,2026-07-01,WSH@BOS,1530185,K_PROP,away,Andrew Alvarez,,5.27,0.6673,OVER,4.5,,UNDER,1,0,4.27,4.27,0.445289,1.100514,1,,UNDER,0,-4.270,OVER
2251215,2026-07-01,SD@CHC,1530186,K_PROP,home,Colin Rea,,3.11,0.4276,UNDER,3.5,,OVER,5,0,-1.89,1.89,0.327642,0.849567,1,,OVER,0,1.950,UNDER
2251215,2026-07-01,SD@CHC,1530187,K_PROP,away,Randy Vasquez,,2.39,0.4725,UNDER,2.5,,OVER,6,0,-3.61,3.61,0.278256,0.749718,1,,OVER,0,2.880,PASS
2251216,2026-07-01,NYM@TOR,1530188,K_PROP,away,Freddy Peralta,,2.98,0.2199,UNDER,4.5,,UNDER,4,1,-1.02,1.02,0.048356,0.248333,1,,UNDER,1,0.980,UNDER
2251217,2026-07-01,PIT@PHI,1530189,K_PROP,home,Zack Wheeler,,6.13,0.3392,UNDER,7.5,,OVER,10,0,-3.87,3.87,0.436657,1.081165,1,,OVER,0,3.900,UNDER
2251217,2026-07-01,PIT@PHI,1530190,K_PROP,away,Jared Jones,,2.94,0.2118,UNDER,4.5,,OVER,5,0,-2.06,2.06,0.621259,1.552113,1,,UNDER,1,2.080,UNDER
2251218,2026-07-01,STL@ATL,1530191,K_PROP,home,Hurston Waldrep,,3.36,0.4856,UNDER,3.5,,OVER,6,0,-2.64,2.64,0.264607,0.722370,1,,OVER,0,2.510,PASS
2251218,2026-07-01,STL@ATL,1530192,K_PROP,away,Dustin May,,3.58,0.3413,UNDER,4.5,,UNDER,3,1,0.58,0.58,0.116486,0.417487,1,,UNDER,1,0.550,UNDER
2251219,2026-07-01,TB@KC,1530193,K_PROP,home,Stephen Kolek,,2.87,0.3715,UNDER,3.5,,OVER,7,0,-4.13,4.13,0.395012,0.990206,1,,OVER,0,4.320,UNDER
2251219,2026-07-01,TB@KC,1530194,K_PROP,away,Shane McClanahan,,3.36,0.2956,UNDER,4.5,,UNDER,4,1,-0.64,0.64,0.087379,0.350409,1,,UNDER,1,0.640,UNDER
2251221,2026-07-01,CIN@MIL,1530195,K_PROP,away,Chase Burns,,4.39,0.1971,UNDER,6.5,,UNDER,3,1,1.39,1.39,0.038848,0.219525,1,,UNDER,1,-1.400,UNDER
2251220,2026-07-01,MIN@HOU,1530196,K_PROP,away,Taj Bradley,,4.34,0.3255,UNDER,5.5,,OVER,11,0,-6.66,6.66,0.454950,1.122393,1,,OVER,0,7.080,UNDER
2251222,2026-07-01,MIA@COL,1530197,K_PROP,home,Michael Lorenzen,,2.26,0.2268,UNDER,3.5,,OVER,7,0,-4.74,4.74,0.597838,1.483687,1,,OVER,0,3.700,UNDER
2251222,2026-07-01,MIA@COL,1530198,K_PROP,away,Ryan Gusto,,4.06,0.6336,OVER,3.5,,OVER,5,1,-0.94,0.94,0.134249,0.456337,1,,UNDER,1,0.740,PASS
2253578,2026-07-01,SF@ARI,1530199,K_PROP,home,Zac Gallen,,1.67,0.1074,UNDER,3.5,,OVER,4,0,-2.33,2.33,0.796735,2.231195,1,,OVER,0,2.320,UNDER
2251223,2026-07-01,LAD@ATH,1530200,K_PROP,home,J.T. Ginn,,2.51,0.1369,UNDER,4.5,,UNDER,4,1,-1.49,1.49,0.018742,0.147225,1,,UNDER,1,1.370,UNDER
2253578,2026-07-01,SF@ARI,1530201,K_PROP,away,Trevor McDonald,,3.84,0.5902,OVER,3.5,,OVER,5,1,-1.16,1.16,0.167936,0.527294,1,,OVER,1,1.170,PASS
2251221,2026-07-01,CIN@MIL,1530202,K_PROP,home,Jacob Misiorowski,,6.85,0.2070,UNDER,9.5,,UNDER,7,1,-0.15,0.15,0.042849,0.231932,1,,UNDER,1,0.150,UNDER
2251220,2026-07-01,MIN@HOU,1530203,K_PROP,home,Tatsuya Imai,,3.52,0.1820,UNDER,5.5,,UNDER,2,1,1.52,1.52,0.033124,0.200893,1,,UNDER,1,-1.530,UNDER
2251223,2026-07-01,LAD@ATH,1530204,K_PROP,away,Roki Sasaki,,2.23,0.0953,UNDER,4.5,,UNDER,3,1,-0.77,0.77,0.009082,0.100152,1,,UNDER,1,0.770,UNDER
2251224,2026-07-02,PIT@PHI,1560001,K_PROP,away,Mitch Keller,,3.36,0.4861,UNDER,3.5,,OVER,6,0,-2.64,2.64,0.264093,0.721341,1,,OVER,0,2.800,UNDER
2251225,2026-07-02,CIN@MIL,1560002,K_PROP,away,Brady Singer,,2.99,0.2211,UNDER,4.5,,UNDER,4,1,-1.01,1.01,0.048885,0.249873,1,,UNDER,1,-0.600,UNDER
2251225,2026-07-02,CIN@MIL,1560003,K_PROP,home,Kyle Harrison,,6.11,0.6402,OVER,5.5,,OVER,10,1,-3.89,3.89,0.129456,0.445975,1,,OVER,1,3.890,OVER
2251226,2026-07-02,MIA@COL,1560004,K_PROP,home,Ryan Feltner,,2.05,0.1819,UNDER,3.5,,UNDER,1,1,1.05,1.05,0.033088,0.200771,1,,UNDER,1,-1.050,UNDER
2251226,2026-07-02,MIA@COL,1560005,K_PROP,away,Ryan Gusto,,4.15,0.6498,OVER,3.5,,UNDER,2,0,2.15,2.15,0.422240,1.049251,1,,UNDER,0,-2.250,PASS
2251227,2026-07-02,CWS@CLE,1560006,K_PROP,home,Gavin Williams,,5.63,0.4017,UNDER,6.5,,UNDER,3,1,2.63,2.63,0.161363,0.513663,1,,UNDER,0,-2.630,UNDER
2251227,2026-07-02,CWS@CLE,1560007,K_PROP,away,Davis Martin,,4.01,0.4299,UNDER,4.5,,UNDER,0,1,4.01,4.01,0.184814,0.561943,1,,UNDER,1,-4.060,UNDER
2251228,2026-07-02,STL@ATL,1560008,K_PROP,home,Grant Holmes,,2.65,0.1589,UNDER,4.5,,UNDER,4,1,-1.35,1.35,0.025249,0.173045,1,,UNDER,1,1.330,UNDER
2251228,2026-07-02,STL@ATL,1560009,K_PROP,away,Andre Pallante,,2.34,0.2458,UNDER,3.5,,UNDER,1,1,1.34,1.34,0.060418,0.282098,1,,UNDER,1,-1.350,UNDER
2251229,2026-07-02,TB@KC,1560010,K_PROP,home,Stephen Kolek,,2.62,0.3121,UNDER,3.5,,UNDER,0,1,2.62,2.62,0.097406,0.374112,1,,UNDER,1,-2.870,UNDER
2251230,2026-07-02,DET@TEX,1560011,K_PROP,away,Framber Valdez,,3.24,0.1394,UNDER,5.5,,UNDER,1,1,2.24,2.24,0.019432,0.150125,1,,UNDER,1,-2.660,UNDER
2251230,2026-07-02,DET@TEX,1560012,K_PROP,home,Nathan Eovaldi,,5.74,0.4204,UNDER,6.5,,OVER,9,0,-3.26,3.26,0.335936,0.866549,1,,OVER,0,3.400,UNDER
2251231,2026-07-02,LAA@SEA,1560013,K_PROP,away,Reid Detmers,,4.47,0.2098,UNDER,6.5,,UNDER,6,1,-1.53,1.53,0.044016,0.235469,1,,UNDER,1,1.530,UNDER
2251231,2026-07-02,LAA@SEA,1560014,K_PROP,home,Luis Castillo,,3.6,0.3445,UNDER,4.5,,OVER,8,0,-4.40,4.40,0.429680,1.065661,1,,OVER,0,4.400,UNDER
2251232,2026-07-02,SD@LAD,1560015,K_PROP,home,Roki Sasaki,,2.32,0.0413,UNDER,5.5,,UNDER,3,1,-0.68,0.68,0.001706,0.042177,1,,UNDER,1,0.680,UNDER
2251232,2026-07-02,SD@LAD,1560016,K_PROP,away,Michael King,,2.76,0.1787,UNDER,4.5,,UNDER,0,1,2.76,2.76,0.031934,0.196867,1,,UNDER,1,-2.790,UNDER
2251224,2026-07-02,PIT@PHI,1560017,K_PROP,home,Alan Rangel,,4.99,0.6210,OVER,4.5,,UNDER,4,0,0.99,0.99,0.385641,0.970219,1,,UNDER,0,-0.980,UNDER
2251229,2026-07-02,TB@KC,1560018,K_PROP,away,Nick Martinez,,2.21,0.0928,UNDER,4.5,,OVER,8,0,-5.79,5.79,0.823012,2.377309,1,,OVER,0,4.680,UNDER
2251233,2026-07-03,STL@CHC,1560019,K_PROP,away,Kyle Leahy,,2.17,0.0870,UNDER,4.5,,UNDER,2,1,0.17,0.17,0.007569,0.091019,1,,UNDER,1,-0.130,UNDER
2251234,2026-07-03,PIT@WSH,1560020,K_PROP,away,Braxton Ashcraft,,3.01,0.4051,UNDER,5.5,,,,,,,,,1,missing-actual(possible-scratch),,,,UNDER
2251234,2026-07-03,PIT@WSH,1560021,K_PROP,home,Zack Littell,,5.08,0.3076,UNDER,3.5,,,,,,,,,1,missing-actual(possible-scratch),,,,PASS
2251235,2026-07-03,MIN@NYY,1560022,K_PROP,away,Mike Paredes,,2.42,0.2644,UNDER,3.5,,,,,,,,,1,missing-actual(possible-scratch),,,,UNDER
2251235,2026-07-03,MIN@NYY,1560023,K_PROP,home,Gerrit Cole,,2.89,0.0953,UNDER,5.5,,,,,,,,,1,missing-actual(possible-scratch),,,,UNDER
2251236,2026-07-03,BAL@CIN,1560024,K_PROP,away,Brandon Young,,3.35,0.1559,UNDER,4.5,,,,,,,,,1,missing-actual(possible-scratch),,,,UNDER
2251236,2026-07-03,BAL@CIN,1560025,K_PROP,home,Hunter Greene,,3.36,0.1577,UNDER,6.5,,,,,,,,,1,missing-actual(possible-scratch),,,,UNDER
2251237,2026-07-03,CWS@CLE,1560026,K_PROP,home,Parker Messick,,5.62,0.3991,UNDER,5.5,,,,,,,,,1,missing-actual(possible-scratch),,,,UNDER
2251238,2026-07-03,NYM@ATL,1560027,K_PROP,home,Chris Sale,,6.11,0.4830,UNDER,7.5,,,,,,,,,1,missing-actual(possible-scratch),,,,UNDER
2251238,2026-07-03,NYM@ATL,1560028,K_PROP,away,Sean Manaea,,2.78,0.1815,UNDER,4.5,,,,,,,,,1,missing-actual(possible-scratch),,,,UNDER
2251239,2026-07-03,SF@COL,1560029,K_PROP,home,Ryan Feltner,,1.8,0.1308,UNDER,3.5,,,,,,,,,1,missing-actual(possible-scratch),,,,UNDER
2251240,2026-07-03,TB@HOU,1560030,K_PROP,home,Hunter Brown,,2.76,0.0807,UNDER,5.5,,,,,,,,,1,missing-actual(possible-scratch),,,,UNDER
2251240,2026-07-03,TB@HOU,1560031,K_PROP,away,Drew Rasmussen,,2.13,0.1992,UNDER,5.5,,,,,,,,,1,missing-actual(possible-scratch),,,,UNDER
2251241,2026-07-03,BOS@LAA,1560032,K_PROP,away,Jake Bennett,,3.32,0.2877,UNDER,4.5,,,,,,,,,1,missing-actual(possible-scratch),,,,UNDER
2251241,2026-07-03,BOS@LAA,1560033,K_PROP,home,Reid Detmers,,4.58,0.2268,UNDER,6.5,,,,,,,,,1,missing-actual(possible-scratch),,,,UNDER
2253598,2026-07-03,MIL@ARI,1560034,K_PROP,home,Jose Cabrera,,2.36,0.2488,UNDER,3.5,,,,,,,,,1,missing-actual(possible-scratch),,,,UNDER
2253598,2026-07-03,MIL@ARI,1560035,K_PROP,away,Kyle Harrison,,4.96,0.4418,UNDER,5.5,,,,,,,,,1,missing-actual(possible-scratch),,,,UNDER
2251243,2026-07-03,SD@LAD,1560036,K_PROP,away,Griffin Canning,,3.23,0.2689,UNDER,4.5,,,,,,,,,1,missing-actual(possible-scratch),,,,UNDER
2251244,2026-07-03,TOR@SEA,1560037,K_PROP,home,Logan Gilbert,,2.89,0.2026,UNDER,5.5,,,,,,,,,1,missing-actual(possible-scratch),,,,UNDER
2251244,2026-07-03,TOR@SEA,1560038,K_PROP,away,Shane Bieber,,8.89,0.7359,OVER,5.5,,,,,,,,,1,missing-actual(possible-scratch),,,,UNDER
2251233,2026-07-03,STL@CHC,1560039,K_PROP,home,Shota Imanaga,,3.86,0.2381,UNDER,5.5,,UNDER,3,1,0.86,0.86,0.056692,0.271940,1,,UNDER,0,-0.670,UNDER
2251237,2026-07-03,CWS@CLE,1560040,K_PROP,away,Sean Burke,,2.52,0.1382,UNDER,5.5,,,,,,,,,1,missing-actual(possible-scratch),,,,UNDER
2251242,2026-07-03,MIA@ATH,1560041,K_PROP,home,Jack Perkins,,5.3,0.5038,UNDER,5.5,,,,,,,,,1,missing-actual(possible-scratch),,,,OVER
2251242,2026-07-03,MIA@ATH,1560042,K_PROP,away,Tyler Phillips,,1.95,0.0613,UNDER,4.5,,,,,,,,,1,missing-actual(possible-scratch),,,,UNDER
2251243,2026-07-03,SD@LAD,1560043,K_PROP,home,Yoshinobu Yamamoto,,4.07,0.1530,UNDER,6.5,,,,,,,,,1,missing-actual(possible-scratch),,,,UNDER
2251239,2026-07-03,SF@COL,1560044,K_PROP,away,Logan Webb,,3.94,0.4155,UNDER,4.5,,,,,,,,,1,missing-actual(possible-scratch),,,,UNDER
2251245,2026-07-04,PIT@WSH,1560045,K_PROP,away,Braxton Ashcraft,,4.34,0.1904,UNDER,6.5,,OVER,7,0,-2.66,2.66,0.655452,1.658628,1,,OVER,0,2.670,UNDER
2251245,2026-07-04,PIT@WSH,1560046,K_PROP,home,Zack Littell,,2.06,0.1824,UNDER,3.5,,UNDER,3,1,-0.94,0.94,0.033270,0.201382,1,,UNDER,1,0.940,UNDER
2251246,2026-07-04,MIN@NYY,1560047,K_PROP,away,Zebby Matthews,,2.69,0.1667,UNDER,4.5,,,,,,,,,1,missing-actual(possible-scratch),,,,UNDER
2251247,2026-07-04,DET@TEX,1560048,K_PROP,away,Jack Flaherty,,3.69,0.2096,UNDER,5.5,,,,,,,,,1,missing-actual(possible-scratch),,,,UNDER
2251247,2026-07-04,DET@TEX,1560049,K_PROP,home,Kumar Rocker,,2.63,0.1563,UNDER,4.5,,,,,,,,,1,missing-actual(possible-scratch),,,,UNDER
2251248,2026-07-04,TOR@SEA,1560050,K_PROP,home,Logan Gilbert,,4.29,0.3149,UNDER,5.5,,,,,,,,,1,missing-actual(possible-scratch),,,,UNDER
2251248,2026-07-04,TOR@SEA,1560051,K_PROP,away,Shane Bieber,,3.56,0.3376,UNDER,4.5,,,,,,,,,1,missing-actual(possible-scratch),,,,UNDER
2251249,2026-07-04,BAL@CIN,1560052,K_PROP,away,Brandon Young,,2.28,0.1021,UNDER,4.5,,,,,,,,,1,missing-actual(possible-scratch),,,,UNDER
2251249,2026-07-04,BAL@CIN,1560053,K_PROP,home,Hunter Greene,,5.06,0.3045,UNDER,6.5,,,,,,,,,1,missing-actual(possible-scratch),,,,UNDER
2251251,2026-07-04,CWS@CLE,1560054,K_PROP,home,Parker Messick,,6.21,0.5002,UNDER,6.5,,,,,,,,,1,missing-actual(possible-scratch),,,,UNDER
2251251,2026-07-04,CWS@CLE,1560055,K_PROP,away,Sean Burke,,3.36,0.1567,UNDER,5.5,,,,,,,,,1,missing-actual(possible-scratch),,,,UNDER
2251250,2026-07-04,TB@HOU,1560056,K_PROP,home,Hunter Brown,,5.81,0.5926,OVER,5.5,,,,,,,,,1,missing-actual(possible-scratch),,,,PASS
2251250,2026-07-04,TB@HOU,1560057,K_PROP,away,Drew Rasmussen,,4.46,0.3481,UNDER,5.5,,,,,,,,,1,missing-actual(possible-scratch),,,,UNDER
2251253,2026-07-04,NYM@ATL,1560058,K_PROP,home,Chris Sale,,6.48,0.3955,UNDER,7.5,,,,,,,,,1,missing-actual(possible-scratch),,,,UNDER
2251252,2026-07-04,STL@CHC,1560059,K_PROP,home,Shota Imanaga,,3.57,0.3397,UNDER,4.5,,,,,,,,,1,missing-actual(possible-scratch),,,,UNDER
2251253,2026-07-04,NYM@ATL,1560060,K_PROP,away,Sean Manaea,,2.94,0.2122,UNDER,4.5,,,,,,,,,1,missing-actual(possible-scratch),,,,UNDER
2251252,2026-07-04,STL@CHC,1560061,K_PROP,away,Kyle Leahy,,2.23,0.0958,UNDER,4.5,,,,,,,,,1,missing-actual(possible-scratch),,,,UNDER
2251254,2026-07-04,SF@COL,1560062,K_PROP,home,Sean Sullivan,,1.73,0.1189,UNDER,3.5,,,,,,,,,1,missing-actual(possible-scratch),,,,UNDER
2251255,2026-07-04,PHI@KC,1560063,K_PROP,home,Michael Wacha,,2.59,0.1503,UNDER,4.5,,,,,,,,,1,missing-actual(possible-scratch),,,,UNDER
2251255,2026-07-04,PHI@KC,1560064,K_PROP,away,Jesus Luzardo,,5.85,0.4399,UNDER,6.5,,,,,,,,,1,missing-actual(possible-scratch),,,,UNDER
2251254,2026-07-04,SF@COL,1560065,K_PROP,away,Robbie Ray,,3.34,0.2911,UNDER,4.5,,,,,,,,,1,missing-actual(possible-scratch),,,,UNDER
2251256,2026-07-04,BOS@LAA,1560066,K_PROP,away,Sonny Gray,,3.43,0.0801,UNDER,6.5,,,,,,,,,1,missing-actual(possible-scratch),,,,UNDER
2251256,2026-07-04,BOS@LAA,1560067,K_PROP,home,Sam Aldegheri,,1.27,0.0497,UNDER,3.5,,,,,,,,,1,missing-actual(possible-scratch),,,,UNDER
2253614,2026-07-04,MIL@ARI,1560068,K_PROP,home,Merrill Kelly,,1.53,0.0846,UNDER,3.5,,,,,,,,,1,missing-actual(possible-scratch),,,,UNDER
2251257,2026-07-04,MIA@ATH,1560069,K_PROP,home,Aaron Civale,,1.85,0.1409,UNDER,3.5,,,,,,,,,1,missing-actual(possible-scratch),,,,UNDER
2251257,2026-07-04,MIA@ATH,1560070,K_PROP,away,Sandy Alcantara,,2.66,0.1621,UNDER,4.5,,,,,,,,,1,missing-actual(possible-scratch),,,,UNDER
2253614,2026-07-04,MIL@ARI,1560071,K_PROP,away,Brandon Woodruff,,3,0.2231,UNDER,4.5,,,,,,,,,1,missing-actual(possible-scratch),,,,OVER
2251258,2026-07-04,SD@LAD,1560072,K_PROP,home,Yoshinobu Yamamoto,,4.09,0.1559,UNDER,6.5,,,,,,,,,1,missing-actual(possible-scratch),,,,UNDER
2251258,2026-07-04,SD@LAD,1560073,K_PROP,away,Griffin Canning,,3.07,0.2376,UNDER,4.5,,,,,,,,,1,missing-actual(possible-scratch),,,,UNDER
2251246,2026-07-04,MIN@NYY,1560074,K_PROP,home,Brendan Beck,,3,0.4028,UNDER,3.5,,,,,,,,,1,missing-actual(possible-scratch),,,,PASS
2251259,2026-07-05,NYM@ATL,1590001,K_PROP,home,Reynaldo Lopez,,3.8,0.3862,UNDER,4.5,,UNDER,1,1,2.80,2.80,0.149150,0.488086,1,,UNDER,1,-2.800,UNDER
2251259,2026-07-05,NYM@ATL,1590002,K_PROP,away,Freddy Peralta,,3.41,0.3058,UNDER,4.5,,OVER,5,0,-1.59,1.59,0.481914,1.184824,1,,OVER,0,1.590,UNDER
2251261,2026-07-05,PIT@WSH,1590003,K_PROP,away,Bubba Chandler,,1.86,0.0529,UNDER,4.5,,UNDER,0,1,1.86,1.86,0.002798,0.054351,1,,UNDER,1,-1.880,UNDER
2251261,2026-07-05,PIT@WSH,1590004,K_PROP,home,Miles Mikolas,,2.67,0.3220,UNDER,3.5,,UNDER,3,1,-0.33,0.33,0.103684,0.388608,1,,UNDER,1,-0.650,UNDER
2251260,2026-07-05,BAL@CIN,1590005,K_PROP,away,Kyle Bradish,,3.81,0.1200,UNDER,6.5,,UNDER,5,1,-1.19,1.19,0.014400,0.127833,1,,UNDER,1,1.160,UNDER
2251260,2026-07-05,BAL@CIN,1590006,K_PROP,home,Nick Lodolo,,2.67,0.0712,UNDER,5.5,,UNDER,4,1,-1.33,1.33,0.005069,0.073862,1,,UNDER,1,1.290,UNDER
2251262,2026-07-05,MIN@NYY,1590007,K_PROP,away,Joe Ryan,,5.42,0.3643,UNDER,6.5,,OVER,9,0,-3.58,3.58,0.404114,1.009778,1,,OVER,0,3.520,UNDER
2251262,2026-07-05,MIN@NYY,1590008,K_PROP,home,Cam Schlittler,,5.71,0.4159,UNDER,6.5,,UNDER,6,1,-0.29,0.29,0.172973,0.537683,1,,OVER,1,-0.180,UNDER
2251263,2026-07-05,CWS@CLE,1590009,K_PROP,home,Tanner Bibee,,3.34,0.2914,UNDER,4.5,,UNDER,1,1,2.34,2.34,0.084914,0.344464,1,,UNDER,1,-2.340,UNDER
2251264,2026-07-05,STL@CHC,1590010,K_PROP,home,Javier Assad,,1.67,0.1075,UNDER,3.5,,UNDER,2,1,-0.33,0.33,0.011556,0.113729,1,,UNDER,1,0.330,UNDER
2251264,2026-07-05,STL@CHC,1590011,K_PROP,away,Dustin May,,3.28,0.2785,UNDER,4.5,,UNDER,3,1,0.28,0.28,0.077562,0.326423,1,,UNDER,1,-0.280,UNDER
2251265,2026-07-05,PHI@KC,1590012,K_PROP,home,Noah Cameron,,3.13,0.2482,UNDER,4.5,,UNDER,4,1,-0.87,0.87,0.061603,0.285285,1,,UNDER,1,0.870,UNDER
2251265,2026-07-05,PHI@KC,1590013,K_PROP,away,Cristopher Sanchez,,5.61,0.3986,UNDER,6.5,,OVER,7,0,-1.39,1.39,0.361682,0.919797,1,,OVER,0,1.390,UNDER
2251267,2026-07-05,DET@TEX,1590014,K_PROP,away,Casey Mize,,3.74,0.3739,UNDER,4.5,,UNDER,4,1,-0.26,0.26,0.139801,0.468245,1,,UNDER,1,0.260,UNDER
2251266,2026-07-05,TB@HOU,1590015,K_PROP,home,Mike Burrows,,2.58,0.3009,UNDER,3.5,,OVER,6,0,-3.42,3.42,0.488741,1.200977,1,,OVER,0,3.420,UNDER
2251267,2026-07-05,DET@TEX,1590016,K_PROP,home,Kumar Rocker,,2.75,0.1777,UNDER,4.5,,UNDER,4,1,-1.25,1.25,0.031577,0.195650,1,,UNDER,1,1.250,UNDER
2253626,2026-07-05,MIL@ARI,1590017,K_PROP,home,Brandon Pfaadt,,2.19,0.2109,UNDER,3.5,,UNDER,3,1,-0.81,0.81,0.044479,0.236862,1,,UNDER,1,1.020,UNDER
2251268,2026-07-05,SF@COL,1590018,K_PROP,home,Kyle Freeland,,2.73,0.1730,UNDER,4.5,,OVER,7,0,-4.27,4.27,0.683929,1.754464,1,,OVER,0,3.630,UNDER
2253626,2026-07-05,MIL@ARI,1590019,K_PROP,away,Brandon Sproat,,2.99,0.2210,UNDER,4.5,,UNDER,4,1,-1.01,1.01,0.048841,0.249744,1,,UNDER,1,1.010,UNDER
2251268,2026-07-05,SF@COL,1590020,K_PROP,away,Landen Roupp,,4.8,0.5867,OVER,4.5,,OVER,5,1,-0.20,0.20,0.170817,0.533242,1,,OVER,1,0.200,UNDER
2251269,2026-07-05,MIA@ATH,1590021,K_PROP,home,Gage Jump,,4.24,0.3058,UNDER,5.5,,UNDER,1,1,3.24,3.24,0.093514,0.364995,1,,UNDER,1,-3.240,UNDER
2251269,2026-07-05,MIA@ATH,1590022,K_PROP,away,Eury Perez,,3.13,0.1242,UNDER,5.5,,OVER,8,0,-4.87,4.87,0.767026,2.085862,1,,OVER,0,4.870,UNDER
2251270,2026-07-05,TOR@SEA,1590023,K_PROP,home,Emerson Hancock,,3.39,0.3013,UNDER,4.5,,OVER,5,0,-1.61,1.61,0.488182,1.199649,1,,OVER,0,1.610,UNDER
2251270,2026-07-05,TOR@SEA,1590024,K_PROP,away,Kevin Gausman,,5.02,0.4528,UNDER,5.5,,OVER,7,0,-1.98,1.98,0.299428,0.792305,1,,OVER,0,1.980,UNDER
2251271,2026-07-05,SD@LAD,1590025,K_PROP,home,Eric Lauer,,2.72,0.1724,UNDER,4.5,,OVER,5,0,-2.28,2.28,0.684922,1.757938,1,,OVER,0,2.270,UNDER
2251271,2026-07-05,SD@LAD,1590026,K_PROP,away,Walker Buehler,,3.06,0.4161,UNDER,3.5,,OVER,5,0,-1.94,1.94,0.340939,0.876830,1,,OVER,0,1.700,UNDER
2251272,2026-07-05,BOS@LAA,1590027,K_PROP,away,Ranger Suarez,,5.7,0.4133,UNDER,6.5,,UNDER,5,1,0.70,0.70,0.170817,0.533242,1,,UNDER,1,-0.700,UNDER
2251272,2026-07-05,BOS@LAA,1590028,K_PROP,home,Ryan Johnson,,3.26,0.2753,UNDER,4.5,,OVER,6,0,-2.74,2.74,0.525190,1.289894,1,,OVER,0,2.740,UNDER
2251266,2026-07-05,TB@HOU,1590029,K_PROP,away,Griffin Jax,,2.99,0.1072,UNDER,5.5,,OVER,9,0,-6.01,6.01,0.797092,2.233059,1,,OVER,0,6.010,UNDER
2251273,2026-07-06,PHI@KC,1590030,K_PROP,home,Seth Lugo,,3.17,0.2574,UNDER,4.5,,OVER,7,0,-3.83,3.83,0.551455,1.357124,1,,OVER,0,3.650,UNDER
2251273,2026-07-06,PHI@KC,1590031,K_PROP,away,Cristopher Sanchez,,5.93,0.4526,UNDER,6.5,,UNDER,1,1,4.93,4.93,0.204847,0.602575,1,,UNDER,1,-5.020,UNDER
2251274,2026-07-06,NYY@TB,1590032,K_PROP,away,Will Warren,,3.78,0.3822,UNDER,4.5,,OVER,8,0,-4.22,4.22,0.381677,0.961811,1,,OVER,0,2.550,UNDER
2251274,2026-07-06,NYY@TB,1590033,K_PROP,home,Griffin Jax,,3.98,0.2600,UNDER,5.5,,OVER,10,0,-6.02,6.02,0.547600,1.347074,1,,OVER,0,6.490,UNDER
2251275,2026-07-06,HOU@WSH,1590034,K_PROP,away,Mike Burrows,,2.61,0.3098,UNDER,3.5,,UNDER,3,1,-0.39,0.39,0.095976,0.370774,1,,UNDER,1,0.360,UNDER
2251275,2026-07-06,HOU@WSH,1590035,K_PROP,home,Andrew Alvarez,,4.96,0.6146,OVER,4.5,,UNDER,3,0,1.96,1.96,0.377733,0.953474,1,,UNDER,0,-1.960,PASS
2251276,2026-07-06,NYM@ATL,1590036,K_PROP,home,Hurston Waldrep,,3.28,0.2799,UNDER,4.5,,OVER,5,0,-1.72,1.72,0.518544,1.273323,1,,OVER,0,1.720,UNDER
2251276,2026-07-06,NYM@ATL,1590037,K_PROP,away,Freddy Peralta,,3.53,0.3311,UNDER,4.5,,OVER,6,0,-2.47,2.47,0.447427,1.105335,1,,OVER,0,2.480,UNDER
2251277,2026-07-06,MIL@STL,1590038,K_PROP,home,Dustin May,,3.49,0.5166,UNDER,3.5,,OVER,7,0,-3.51,3.51,0.233676,0.660486,1,,OVER,0,3.530,PASS
2253636,2026-07-06,ARI@SD,1590039,K_PROP,away,Zac Gallen,,2.04,0.1792,UNDER,3.5,,OVER,6,0,-3.96,3.96,0.673713,1.719253,1,,OVER,0,3.960,UNDER
2253636,2026-07-06,ARI@SD,1590040,K_PROP,home,German Marquez,,1.56,0.2369,UNDER,2.5,,OVER,4,0,-2.44,2.44,0.582322,1.440117,1,,OVER,0,1.000,UNDER
2251278,2026-07-06,TOR@SF,1590041,K_PROP,home,Trevor McDonald,,3.6,0.5403,OVER,3.5,,OVER,5,1,-1.40,1.40,0.211324,0.615631,1,,OVER,0,1.150,UNDER
2251278,2026-07-06,TOR@SF,1590042,K_PROP,away,Kevin Gausman,,4.24,0.3072,UNDER,5.5,,OVER,8,0,-3.76,3.76,0.479972,1.180256,1,,OVER,0,3.780,UNDER
2251279,2026-07-06,COL@LAD,1590043,K_PROP,away,Michael Lorenzen,,2.07,0.1853,UNDER,3.5,,UNDER,2,1,0.07,0.07,0.034336,0.204935,1,,UNDER,1,-0.070,UNDER
2251279,2026-07-06,COL@LAD,1590044,K_PROP,home,Justin Wrobleski,,2.35,0.0436,UNDER,5.5,,UNDER,3,1,-0.65,0.65,0.001901,0.044579,1,,UNDER,1,0.650,UNDER
2251277,2026-07-06,MIL@STL,1590045,K_PROP,away,Jacob Misiorowski,,6.14,0.3419,UNDER,7.5,,UNDER,2,1,4.14,4.14,0.116896,0.418398,1,,UNDER,1,-4.130,UNDER
2251290,2026-07-07,MIL@STL,1590046,K_PROP,away,Kyle Harrison,,4.56,0.3657,UNDER,5.5,,UNDER,4,1,0.56,0.56,0.133736,0.455233,1,,UNDER,1,-0.560,UNDER
2251280,2026-07-07,CHC@BAL,1590047,K_PROP,home,Dean Kremer,,5.76,0.5845,OVER,5.5,,UNDER,3,0,2.76,2.76,0.341640,0.878273,1,,UNDER,0,-2.790,UNDER
2251280,2026-07-07,CHC@BAL,1590048,K_PROP,away,Colin Rea,,3.24,0.2704,UNDER,4.5,,OVER,7,0,-3.76,3.76,0.532316,1.307853,1,,OVER,1,0.990,UNDER
2251281,2026-07-07,ATH@DET,1590049,K_PROP,away,Jeffrey Springs,,2.84,0.1924,UNDER,4.5,,UNDER,4,1,-1.16,1.16,0.037018,0.213688,1,,UNDER,1,1.170,UNDER
2251282,2026-07-07,ATL@PIT,1590050,K_PROP,away,Grant Holmes,,2.63,0.1561,UNDER,4.5,,UNDER,2,1,0.63,0.63,0.024367,0.169721,1,,UNDER,1,-1.350,UNDER
2251281,2026-07-07,ATH@DET,1590051,K_PROP,home,Troy Melton,,2.56,0.1450,UNDER,4.5,,OVER,9,0,-6.44,6.44,0.731025,1.931022,1,,OVER,0,6.430,UNDER
2251283,2026-07-07,SEA@MIA,1590052,K_PROP,home,Max Meyer,,4.6,0.2296,UNDER,6.5,,UNDER,4,1,0.60,0.60,0.052716,0.260845,1,,UNDER,1,-0.630,PASS
2251284,2026-07-07,NYY@TB,1590053,K_PROP,away,Gerrit Cole,,3.25,0.1405,UNDER,5.5,,UNDER,3,1,0.25,0.25,0.019740,0.151404,1,,UNDER,1,-0.970,UNDER
2251282,2026-07-07,ATL@PIT,1590054,K_PROP,home,Jared Jones,,2.9,0.2051,UNDER,4.5,,UNDER,4,1,-1.10,1.10,0.042066,0.229539,1,,UNDER,1,-2.320,UNDER
2251283,2026-07-07,SEA@MIA,1590055,K_PROP,away,George Kirby,,4.5,0.3558,UNDER,5.5,,UNDER,5,1,-0.50,0.50,0.126594,0.439746,1,,UNDER,1,1.370,UNDER
2251285,2026-07-07,HOU@WSH,1590056,K_PROP,home,Foster Griffin,,3.8,0.2277,UNDER,5.5,,UNDER,3,1,0.80,0.80,0.051847,0.258382,1,,UNDER,1,-0.830,UNDER
2251287,2026-07-07,PHI@CIN,1590057,K_PROP,home,Chase Burns,,4.54,0.2201,UNDER,6.5,,OVER,8,0,-3.46,3.46,0.608244,1.513673,1,,OVER,0,5.110,UNDER
2251286,2026-07-07,KC@NYM,1590058,K_PROP,away,Seth Lugo,,3.2,0.2633,UNDER,4.5,,UNDER,4,1,-0.80,0.80,0.069327,0.305575,1,,UNDER,1,0.820,UNDER
2251289,2026-07-07,BOS@CWS,1590059,K_PROP,away,Jake Bennett,,3.3,0.2824,UNDER,4.5,,OVER,6,0,-2.70,2.70,0.514950,1.264431,1,,OVER,0,2.700,UNDER
2251288,2026-07-07,CLE@MIN,1590060,K_PROP,away,Slade Cecconi,,2.11,0.1935,UNDER,3.5,,OVER,7,0,-4.89,4.89,0.650442,1.642478,1,,OVER,0,3.500,UNDER
2251289,2026-07-07,BOS@CWS,1590061,K_PROP,home,Davis Martin,,3.86,0.4005,UNDER,4.5,,UNDER,3,1,0.86,0.86,0.160400,0.511659,1,,UNDER,1,-0.850,UNDER
2251288,2026-07-07,CLE@MIN,1590062,K_PROP,home,Connor Prielipp,,3.41,0.1651,UNDER,5.5,,OVER,10,0,-6.59,6.59,0.697058,1.801204,1,,OVER,0,5.580,UNDER
2251291,2026-07-07,LAA@TEX,1590063,K_PROP,away,Walbert Urena,,3.07,0.2361,UNDER,4.5,,UNDER,4,1,-0.93,0.93,0.055743,0.269318,1,,UNDER,1,-1.390,UNDER
2251291,2026-07-07,LAA@TEX,1590064,K_PROP,home,MacKenzie Gore,,5,0.2945,UNDER,6.5,,OVER,7,0,-2.00,2.00,0.497730,1.222476,1,,UNDER,1,0.650,UNDER
2253651,2026-07-07,ARI@SD,1590065,K_PROP,away,Jose Cabrera,,2.33,0.2437,UNDER,3.5,,OVER,5,0,-2.67,2.67,0.571990,1.411817,1,,OVER,0,2.660,UNDER
2251292,2026-07-07,TOR@SF,1590066,K_PROP,home,Logan Webb,,3.47,0.3172,UNDER,4.5,,UNDER,0,1,3.47,3.47,0.100616,0.381553,1,,UNDER,1,-3.490,UNDER
2251293,2026-07-07,COL@LAD,1590067,K_PROP,away,Ryan Feltner,,2.4,0.1193,UNDER,4.5,,OVER,5,0,-2.60,2.60,0.775632,2.126114,1,,OVER,0,2.600,UNDER
2251293,2026-07-07,COL@LAD,1590068,K_PROP,home,Roki Sasaki,,2.24,0.0972,UNDER,4.5,,OVER,9,0,-6.76,6.76,0.815048,2.330985,1,,OVER,0,6.760,UNDER
2251284,2026-07-07,NYY@TB,1590069,K_PROP,home,Shane McClanahan,,3.82,0.2317,UNDER,5.5,,OVER,12,0,-8.18,8.18,0.590285,1.462312,1,,OVER,0,7.810,UNDER
2251285,2026-07-07,HOU@WSH,1590070,K_PROP,away,Spencer Arrighetti,,3.13,0.2488,UNDER,4.5,,UNDER,3,1,0.13,0.13,0.061901,0.286083,1,,UNDER,1,-0.140,UNDER
2251287,2026-07-07,PHI@CIN,1590071,K_PROP,away,Zack Wheeler,,7.15,0.5021,UNDER,7.5,,OVER,14,0,-6.85,6.85,0.247904,0.688956,1,,OVER,0,6.940,UNDER
2251290,2026-07-07,MIL@STL,1590072,K_PROP,home,Michael McGreevy,,2.47,0.2746,UNDER,3.5,,OVER,4,0,-1.53,1.53,0.526205,1.292440,1,,OVER,0,1.520,UNDER
2253651,2026-07-07,ARI@SD,1590073,K_PROP,home,Michael King,,2.64,0.1573,UNDER,4.5,,UNDER,4,1,-1.36,1.36,0.024743,0.171144,1,,UNDER,1,1.370,UNDER
2251292,2026-07-07,TOR@SF,1590074,K_PROP,away,Dylan Cease,,7.12,0.6420,OVER,6.5,,UNDER,1,0,6.12,6.12,0.412164,1.027222,1,,UNDER,0,-6.150,UNDER
2251286,2026-07-07,KC@NYM,1590075,K_PROP,home,Christian Scott,,3.23,0.1384,UNDER,5.5,,UNDER,1,1,2.23,2.23,0.019155,0.148964,1,,UNDER,1,-2.240,UNDER
2251294,2026-07-08,TOR@SF,1590076,K_PROP,home,Logan Webb,,3.07,0.2364,UNDER,4.5,,UNDER,2,1,1.07,1.07,0.055885,0.269711,1,,UNDER,1,-1.070,UNDER
2251294,2026-07-08,TOR@SF,1590077,K_PROP,away,Dylan Cease,,7.18,0.5062,UNDER,7.5,,OVER,11,0,-3.82,3.82,0.243838,0.680823,1,,OVER,0,3.820,UNDER
2251295,2026-07-08,CHC@BAL,1590078,K_PROP,home,Trevor Rogers,,2.73,0.1740,UNDER,4.5,,UNDER,4,1,-1.27,1.27,0.030276,0.191161,1,,UNDER,1,1.040,UNDER
2251295,2026-07-08,CHC@BAL,1590079,K_PROP,away,Colin Rea,,3.09,0.2413,UNDER,4.5,,UNDER,2,1,1.09,1.09,0.058226,0.276149,1,,UNDER,1,-1.270,UNDER
2251296,2026-07-08,ATH@DET,1590080,K_PROP,away,Jeffrey Springs,,3.12,0.2460,UNDER,4.5,,UNDER,4,1,-0.88,0.88,0.060516,0.282363,1,,UNDER,1,0.650,UNDER
2251297,2026-07-08,ATL@PIT,1590081,K_PROP,away,Bryce Elder,,3.44,0.5047,UNDER,3.5,,OVER,5,0,-1.56,1.56,0.245322,0.683791,1,,OVER,0,2.340,OVER
2251296,2026-07-08,ATH@DET,1590082,K_PROP,home,Framber Valdez,,2.98,0.1050,UNDER,5.5,,OVER,9,0,-6.02,6.02,0.801025,2.253795,1,,OVER,0,5.890,UNDER
2251299,2026-07-08,NYY@TB,1590083,K_PROP,away,Gerrit Cole,,3.13,0.2493,UNDER,4.5,,OVER,6,0,-2.87,2.87,0.563550,1.389098,1,,OVER,0,2.980,UNDER
2251297,2026-07-08,ATL@PIT,1590084,K_PROP,home,Mitch Keller,,2.67,0.3235,UNDER,3.5,,OVER,8,0,-5.33,5.33,0.457652,1.128556,1,,OVER,0,4.890,UNDER
2251298,2026-07-08,SEA@MIA,1590085,K_PROP,away,Bryce Miller,,3.49,0.0864,UNDER,6.5,,OVER,7,0,-3.51,3.51,0.834665,2.448768,1,,OVER,0,3.330,UNDER
2251299,2026-07-08,NYY@TB,1590086,K_PROP,home,Drew Rasmussen,,4.56,0.3670,UNDER,5.5,,UNDER,5,1,-0.44,0.44,0.134689,0.457285,1,,UNDER,1,0.980,UNDER
2251300,2026-07-08,HOU@WSH,1590087,K_PROP,away,Spencer Arrighetti,,2.97,0.2168,UNDER,4.5,,UNDER,2,1,0.97,0.97,0.047002,0.244367,1,,UNDER,1,-0.990,UNDER
2251300,2026-07-08,HOU@WSH,1590088,K_PROP,home,Foster Griffin,,4.09,0.4467,UNDER,4.5,,OVER,9,0,-4.91,4.91,0.306141,0.805868,1,,OVER,0,4.990,UNDER
2251302,2026-07-08,PHI@CIN,1590089,K_PROP,home,Brady Singer,,3.04,0.1135,UNDER,5.5,,UNDER,2,1,1.04,1.04,0.012882,0.120474,1,,UNDER,1,-1.200,UNDER
2251301,2026-07-08,KC@NYM,1590090,K_PROP,home,Sean Manaea,,2.82,0.1902,UNDER,4.5,,OVER,5,0,-2.18,2.18,0.655776,1.659679,1,,OVER,0,1.950,UNDER
2251304,2026-07-08,BOS@CWS,1590091,K_PROP,away,Patrick Sandoval,,3.51,0.3256,UNDER,4.5,,UNDER,4,1,-0.49,0.49,0.106015,0.393932,1,,UNDER,1,0.190,UNDER
2251303,2026-07-08,CLE@MIN,1590092,K_PROP,away,Gavin Williams,,4.88,0.4270,UNDER,5.5,,UNDER,4,1,0.88,0.88,0.182329,0.556870,1,,UNDER,1,-0.890,UNDER
2251304,2026-07-08,BOS@CWS,1590093,K_PROP,home,Davis Martin,,3.76,0.3796,UNDER,4.5,,UNDER,2,1,1.76,1.76,0.144096,0.477391,1,,UNDER,1,-1.760,UNDER
2251303,2026-07-08,CLE@MIN,1590094,K_PROP,home,Bailey Ober,,2.1,0.1914,UNDER,3.5,,OVER,6,0,-3.90,3.90,0.653834,1.653390,1,,OVER,0,3.900,UNDER
2251305,2026-07-08,MIL@STL,1590095,K_PROP,away,Logan Henderson,,5.46,0.6969,OVER,4.5,,UNDER,2,0,3.46,3.46,0.485670,1.193692,1,,UNDER,1,-2.230,OVER
2251305,2026-07-08,MIL@STL,1590096,K_PROP,home,Andre Pallante,,2.16,0.2038,UNDER,3.5,,OVER,6,0,-3.84,3.84,0.633934,1.590616,1,,OVER,0,3.440,UNDER
2251306,2026-07-08,LAA@TEX,1590097,K_PROP,away,Reid Detmers,,4.99,0.2913,UNDER,6.5,,UNDER,3,1,1.99,1.99,0.084856,0.344323,1,,UNDER,1,-1.580,UNDER
2251306,2026-07-08,LAA@TEX,1590098,K_PROP,home,Nathan Eovaldi,,5.81,0.4314,UNDER,6.5,,OVER,7,0,-1.19,1.19,0.323306,0.840720,1,,OVER,0,1.360,UNDER
2253668,2026-07-08,ARI@SD,1590099,K_PROP,away,Merrill Kelly,,1.77,0.1256,UNDER,3.5,,UNDER,2,1,-0.23,0.23,0.015775,0.134217,1,,UNDER,1,0.230,UNDER
2251307,2026-07-08,COL@LAD,1590100,K_PROP,away,Ryan Feltner,,2.3,0.2351,UNDER,3.5,,OVER,7,0,-4.70,4.70,0.585072,1.447744,1,,OVER,0,4.020,UNDER
2251307,2026-07-08,COL@LAD,1590101,K_PROP,home,Roki Sasaki,,2.21,0.0344,UNDER,5.5,,UNDER,5,1,-2.79,2.79,0.001183,0.035006,1,,UNDER,1,2.640,UNDER
2253668,2026-07-08,ARI@SD,1590102,K_PROP,home,Griffin Canning,,3.3,0.4725,UNDER,3.5,,OVER,4,0,-0.70,0.70,0.278256,0.749718,1,,OVER,0,0.700,UNDER
2251298,2026-07-08,SEA@MIA,1590103,K_PROP,home,Janson Junk,,2.94,0.3887,UNDER,3.5,,UNDER,3,1,-0.06,0.06,0.151088,0.492167,1,,UNDER,1,-0.090,UNDER
2251302,2026-07-08,PHI@CIN,1590104,K_PROP,away,Jesus Luzardo,,7.72,0.5865,OVER,7.5,,UNDER,5,0,2.72,2.72,0.343982,0.883098,1,,UNDER,0,-3.330,PASS
2251301,2026-07-08,KC@NYM,1590105,K_PROP,away,Michael Wacha,,2.64,0.1587,UNDER,4.5,,UNDER,2,1,0.64,0.64,0.025186,0.172807,1,,UNDER,1,-0.780,UNDER
2251308,2026-07-09,ATL@PIT,1620001,K_PROP,away,Chris Sale,,6.93,0.6134,OVER,6.5,,UNDER,3,0,3.93,3.93,0.376260,0.950365,1,,UNDER,1,-0.440,PASS
2251308,2026-07-09,ATL@PIT,1620002,K_PROP,home,Braxton Ashcraft,,4.37,0.1938,UNDER,6.5,,UNDER,3,1,1.37,1.37,0.037558,0.215423,1,,UNDER,1,0.180,UNDER
2251309,2026-07-09,KC@NYM,1620003,K_PROP,away,Luinder Avila,,3.68,0.3611,UNDER,4.5,,OVER,5,0,-1.32,1.32,0.408193,1.018600,1,,OVER,0,2.330,UNDER
2251309,2026-07-09,KC@NYM,1620004,K_PROP,home,Nolan McLean,,6.16,0.4925,UNDER,6.5,,UNDER,6,1,0.16,0.16,0.242556,0.678259,1,,OVER,0,2.950,UNDER
2251310,2026-07-09,NYY@TB,1620005,K_PROP,home,Nick Martinez,,2.63,0.1566,UNDER,4.5,,UNDER,2,1,0.63,0.63,0.024524,0.170314,1,,UNDER,1,-2.410,UNDER
2251313,2026-07-09,CHC@BAL,1620006,K_PROP,home,Brandon Young,,1.98,0.0652,UNDER,4.5,,UNDER,4,1,-2.02,2.02,0.004251,0.067423,1,,UNDER,1,1.040,UNDER
2251311,2026-07-09,CLE@MIN,1620007,K_PROP,away,Parker Messick,,5.47,0.5335,UNDER,5.5,,OVER,11,0,-5.53,5.53,0.217622,0.628296,1,,OVER,0,5.800,UNDER
2251311,2026-07-09,CLE@MIN,1620008,K_PROP,home,Zebby Matthews,,2.7,0.0737,UNDER,5.5,,UNDER,5,1,-2.30,2.30,0.005432,0.076557,1,,OVER,0,2.790,UNDER
2251312,2026-07-09,BOS@CWS,1620009,K_PROP,away,Sonny Gray,,3.36,0.1566,UNDER,5.5,,UNDER,5,1,-1.64,1.64,0.024524,0.170314,1,,OVER,0,1.230,UNDER
2251314,2026-07-09,ATH@DET,1620010,K_PROP,home,Jack Flaherty,,3.3,0.1490,UNDER,5.5,,OVER,9,0,-5.70,5.70,0.724201,1.903809,1,,OVER,0,5.700,UNDER
2251315,2026-07-09,SEA@MIA,1620011,K_PROP,home,Sandy Alcantara,,3.03,0.1116,UNDER,5.5,,UNDER,5,1,-1.97,1.97,0.012455,0.118333,1,,OVER,0,1.880,UNDER
2251315,2026-07-09,SEA@MIA,1620012,K_PROP,away,Luis Castillo,,2.98,0.2192,UNDER,4.5,,UNDER,3,1,-0.02,0.02,0.048049,0.247436,1,,UNDER,1,-0.260,UNDER
2251316,2026-07-09,PHI@CIN,1620013,K_PROP,home,Hunter Greene,,6.09,0.4800,UNDER,6.5,,UNDER,5,1,1.09,1.09,0.230400,0.653926,1,,UNDER,1,-1.120,UNDER
2251316,2026-07-09,PHI@CIN,1620014,K_PROP,away,Aaron Nola,,4.99,0.4478,UNDER,5.5,,OVER,11,0,-6.01,6.01,0.304925,0.803409,1,,OVER,0,6.010,OVER
2251317,2026-07-09,MIL@STL,1620015,K_PROP,away,Brandon Sproat,,3.29,0.2819,UNDER,4.5,,UNDER,4,1,-0.71,0.71,0.079468,0.331146,1,,UNDER,1,0.700,UNDER
2251317,2026-07-09,MIL@STL,1620016,K_PROP,home,Kyle Leahy,,2.36,0.2495,UNDER,3.5,,UNDER,2,1,0.36,0.36,0.062250,0.287016,1,,UNDER,1,-0.050,UNDER
2251318,2026-07-09,LAA@TEX,1620017,K_PROP,away,Grayson Rodriguez,,2.46,0.1282,UNDER,4.5,,OVER,6,0,-3.54,3.54,0.760035,2.054164,1,,UNDER,1,0.660,UNDER
2251318,2026-07-09,LAA@TEX,1620018,K_PROP,home,Nathan Eovaldi,,6.11,0.3368,UNDER,7.5,,OVER,10,0,-3.89,3.89,0.439834,1.088266,1,,OVER,0,3.920,UNDER
2253680,2026-07-09,ARI@SD,1620019,K_PROP,away,Eduardo Rodriguez,,2.01,0.0684,UNDER,4.5,,OVER,6,0,-3.99,3.99,0.867879,2.682382,1,,OVER,0,3.990,UNDER
2253680,2026-07-09,ARI@SD,1620020,K_PROP,home,JP Sears,,3,0.4020,UNDER,3.5,,OVER,5,0,-2.00,2.00,0.357604,0.911303,1,,OVER,0,2.000,UNDER
2251319,2026-07-09,COL@SF,1620021,K_PROP,away,Tanner Gordon,,3.24,0.4600,UNDER,3.5,,UNDER,3,1,0.24,0.24,0.211600,0.616186,1,,UNDER,1,0.820,UNDER
2251313,2026-07-09,CHC@BAL,1680001,K_PROP,away,Shota Imanaga,,5.51,0.5415,OVER,5.5,,UNDER,2,0,3.51,3.51,0.293222,0.779795,1,,UNDER,1,-2.060,PASS
2251312,2026-07-09,BOS@CWS,1680002,K_PROP,home,Sean Burke,,3.62,0.1978,UNDER,5.5,,UNDER,4,1,-0.38,0.38,0.039125,0.220397,1,,UNDER,1,1.710,UNDER
2251314,2026-07-09,ATH@DET,1680003,K_PROP,away,Jacob Lopez,,1.88,0.5987,OVER,1.5,,OVER,2,1,-0.12,0.12,0.161042,0.512995,1,,OVER,1,-4.110,OVER
2251319,2026-07-09,COL@SF,1680004,K_PROP,home,Robbie Ray,,3.42,0.1666,UNDER,5.5,,UNDER,4,1,-0.58,0.58,0.027756,0.182242,1,,OVER,0,1.820,OVER
2251310,2026-07-09,NYY@TB,1710001,K_PROP,away,Ryan Weathers,,5.16,0.4778,UNDER,5.5,,UNDER,3,1,2.16,2.16,0.228293,0.649705,1,,UNDER,1,-2.160,PASS
2251320,2026-07-10,PHI@DET,1740001,K_PROP,home,Casey Mize,,3.97,0.2569,UNDER,5.5,,OVER,6,0,-2.03,2.03,0.552198,1.359068,1,,OVER,0,1.830,UNDER
2251321,2026-07-10,MIL@PIT,1740002,K_PROP,away,Brandon Sproat,,3.52,0.3286,UNDER,4.5,,,,,,,,,0,not-completed,,,,UNDER
2251320,2026-07-10,PHI@DET,1740003,K_PROP,away,Cristopher Sanchez,,6.31,0.5164,UNDER,6.5,,OVER,8,0,-1.69,1.69,0.233869,0.660874,1,,OVER,0,2.060,PASS
2251321,2026-07-10,MIL@PIT,1740004,K_PROP,home,Braxton Ashcraft,,4.2,0.2987,UNDER,5.5,,,,,,,,,0,not-completed,,,,UNDER
2251322,2026-07-10,NYY@WSH,1740005,K_PROP,away,Cam Schlittler,,5.61,0.5591,OVER,5.5,,,,,,,,,1,missing-actual(possible-scratch),,,,UNDER
2251323,2026-07-10,KC@BAL,1740006,K_PROP,home,Kyle Bradish,,3.41,0.1652,UNDER,5.5,,,,,,,,,1,missing-actual(possible-scratch),,,,UNDER
2251323,2026-07-10,KC@BAL,1740007,K_PROP,away,Noah Cameron,,3.65,0.3549,UNDER,4.5,,,,,,,,,1,missing-actual(possible-scratch),,,,UNDER
2251324,2026-07-10,CHC@CIN,1740008,K_PROP,away,Javier Assad,,1.96,0.1619,UNDER,3.5,,,,,,,,,1,missing-actual(possible-scratch),,,,UNDER
2251324,2026-07-10,CHC@CIN,1740009,K_PROP,home,Nick Lodolo,,2.17,0.0877,UNDER,4.5,,,,,,,,,1,missing-actual(possible-scratch),,,,UNDER
2251327,2026-07-10,CLE@MIA,1740010,K_PROP,away,Tanner Bibee,,2.81,0.1879,UNDER,4.5,,,,,,,,,1,missing-actual(possible-scratch),,,,UNDER
2251327,2026-07-10,CLE@MIA,1740011,K_PROP,home,Eury Perez,,3.25,0.0643,UNDER,6.5,,,,,,,,,1,missing-actual(possible-scratch),,,,UNDER
2251326,2026-07-10,SEA@TB,1740012,K_PROP,away,Logan Gilbert,,4,0.2631,UNDER,5.5,,,,,,,,,1,missing-actual(possible-scratch),,,,UNDER
2251326,2026-07-10,SEA@TB,1740013,K_PROP,home,Griffin Jax,,3.61,0.1953,UNDER,5.5,,,,,,,,,1,missing-actual(possible-scratch),,,,UNDER
2251325,2026-07-10,BOS@NYM,1740014,K_PROP,away,Sonny Gray,,3,0.1079,UNDER,5.5,,,,,,,,,1,missing-actual(possible-scratch),,,,UNDER
2251325,2026-07-10,BOS@NYM,1740015,K_PROP,home,Freddy Peralta,,3.6,0.1941,UNDER,5.5,,,,,,,,,1,missing-actual(possible-scratch),,,,UNDER
2251328,2026-07-10,ATH@CWS,1740016,K_PROP,away,Gage Jump,,4.01,0.2642,UNDER,5.5,,,,,,,,,1,missing-actual(possible-scratch),,,,UNDER
2251328,2026-07-10,ATH@CWS,1740017,K_PROP,home,Erick Fedde,,2.37,0.2533,UNDER,3.5,,,,,,,,,1,missing-actual(possible-scratch),,,,UNDER
2251329,2026-07-10,HOU@TEX,1740018,K_PROP,away,Peter Lambert,,3.38,0.2986,UNDER,4.5,,,,,,,,,1,missing-actual(possible-scratch),,,,UNDER
2251330,2026-07-10,LAA@MIN,1740019,K_PROP,away,Ryan Johnson,,3.13,0.4322,UNDER,3.5,,,,,,,,,1,missing-actual(possible-scratch),,,,PASS
2251330,2026-07-10,LAA@MIN,1740020,K_PROP,home,Joe Ryan,,5.33,0.2197,UNDER,7.5,,,,,,,,,1,missing-actual(possible-scratch),,,,UNDER
2251331,2026-07-10,ATL@STL,1740021,K_PROP,away,Reynaldo Lopez,,3.68,0.5577,OVER,3.5,,,,,,,,,1,missing-actual(possible-scratch),,,,PASS
2251331,2026-07-10,ATL@STL,1740022,K_PROP,home,Matthew Liberatore,,2.34,0.1106,UNDER,4.5,,,,,,,,,1,missing-actual(possible-scratch),,,,UNDER
2251332,2026-07-10,TOR@SD,1740023,K_PROP,home,Walker Buehler,,2.86,0.3690,UNDER,3.5,,,,,,,,,1,missing-actual(possible-scratch),,,,UNDER
2251332,2026-07-10,TOR@SD,1740024,K_PROP,away,Trey Yesavage,,2.75,0.1771,UNDER,4.5,,,,,,,,,1,missing-actual(possible-scratch),,,,UNDER
2253695,2026-07-10,ARI@LAD,1740025,K_PROP,away,Brandon Pfaadt,,2.31,0.2390,UNDER,3.5,,,,,,,,,1,missing-actual(possible-scratch),,,,UNDER
2251333,2026-07-10,COL@SF,1740026,K_PROP,away,Kyle Freeland,,2.81,0.1878,UNDER,4.5,,,,,,,,,1,missing-actual(possible-scratch),,,,UNDER
2251333,2026-07-10,COL@SF,1740027,K_PROP,home,Tyler Mahle,,3.11,0.1221,UNDER,5.5,,,,,,,,,1,missing-actual(possible-scratch),,,,UNDER
2251329,2026-07-10,HOU@TEX,1740028,K_PROP,home,Kumar Rocker,,2.49,0.1329,UNDER,4.5,,,,,,,,,1,missing-actual(possible-scratch),,,,UNDER
2251322,2026-07-10,NYY@WSH,1770001,K_PROP,home,Miles Mikolas,,2.64,0.3160,UNDER,3.5,,,,,,,,,1,missing-actual(possible-scratch),,,,UNDER
2253695,2026-07-10,ARI@LAD,1770002,K_PROP,home,Yoshinobu Yamamoto,,3.67,0.2053,UNDER,5.5,,,,,,,,,1,missing-actual(possible-scratch),,,,UNDER
2251337,2026-07-11,MIL@PIT,1800001,K_PROP,away,Robert Gasser,,3.68,0.3628,UNDER,4.5,,OVER,6,0,-2.32,2.32,0.406024,1.013904,1,,OVER,1,0.600,PASS
2251337,2026-07-11,MIL@PIT,1800002,K_PROP,home,Paul Skenes,,6.02,0.4684,UNDER,6.5,,UNDER,6,1,0.02,0.02,0.219399,0.631864,1,,OVER,0,4.120,UNDER
2251340,2026-07-11,ATH@CWS,1800003,K_PROP,away,J.T. Ginn,,2.77,0.1797,UNDER,4.5,,OVER,7,0,-4.23,4.23,0.672892,1.716466,1,,OVER,0,2.670,UNDER
2251340,2026-07-11,ATH@CWS,1800004,K_PROP,home,Noah Schultz,,2.63,0.1570,UNDER,4.5,,UNDER,0,1,2.63,2.63,0.024649,0.170788,1,,UNDER,1,-2.370,UNDER
2251334,2026-07-11,LAA@MIN,1800005,K_PROP,away,Jose Soriano,,5.4,0.5220,UNDER,5.5,,UNDER,1,1,4.40,4.40,0.272484,0.738145,1,,UNDER,1,-1.850,UNDER
2251334,2026-07-11,LAA@MIN,1800006,K_PROP,home,Taj Bradley,,4.83,0.2655,UNDER,6.5,,UNDER,6,1,-1.17,1.17,0.070490,0.308565,1,,UNDER,1,0.940,UNDER
2251335,2026-07-11,COL@SF,1800007,K_PROP,away,Michael Lorenzen,,1.91,0.1520,UNDER,3.5,,OVER,9,0,-7.09,7.09,0.719104,1.883875,1,,OVER,0,6.060,UNDER
2251336,2026-07-11,NYY@WSH,1800008,K_PROP,away,Will Warren,,4.08,0.4450,UNDER,4.5,,OVER,6,0,-1.92,1.92,0.308025,0.809681,1,,UNDER,1,0.180,UNDER
2251335,2026-07-11,COL@SF,1800009,K_PROP,home,Trevor McDonald,,3.68,0.3615,UNDER,4.5,,UNDER,4,1,-0.32,0.32,0.130682,0.448634,1,,UNDER,1,0.990,UNDER
2251336,2026-07-11,NYY@WSH,1800010,K_PROP,home,Cade Cavalli,,3.79,0.2254,UNDER,5.5,,UNDER,3,1,0.79,0.79,0.050805,0.255409,1,,UNDER,1,0.440,UNDER
2251341,2026-07-11,CLE@MIA,1800011,K_PROP,away,Joey Cantillo,,3.22,0.2670,UNDER,4.5,,UNDER,3,1,0.22,0.22,0.071289,0.310610,1,,UNDER,1,0.270,UNDER
2251341,2026-07-11,CLE@MIA,1800012,K_PROP,home,Eury Perez,,3.45,0.0818,UNDER,6.5,,UNDER,6,1,-2.55,2.55,0.006691,0.085340,1,,UNDER,1,2.530,UNDER
2251338,2026-07-11,BOS@NYM,1800013,K_PROP,home,Freddy Peralta,,3.85,0.2369,UNDER,5.5,,OVER,6,0,-2.15,2.15,0.582322,1.440117,1,,OVER,0,2.150,UNDER
2251339,2026-07-11,SEA@TB,1800014,K_PROP,away,Emerson Hancock,,3.42,0.3068,UNDER,4.5,,OVER,5,0,-1.58,1.58,0.480526,1.181559,1,,UNDER,1,1.070,UNDER
2251339,2026-07-11,SEA@TB,1800015,K_PROP,home,Griffin Jax,,3.63,0.1991,UNDER,5.5,,UNDER,3,1,0.63,0.63,0.039641,0.222019,1,,UNDER,1,-0.630,UNDER
2251342,2026-07-11,PHI@DET,1800016,K_PROP,home,Tarik Skubal,,7.96,0.6210,OVER,7.5,,UNDER,5,0,2.96,2.96,0.385641,0.970219,1,,UNDER,1,1.060,PASS
2251342,2026-07-11,PHI@DET,1800017,K_PROP,away,Zack Wheeler,,6.57,0.4104,UNDER,7.5,,UNDER,7,1,-0.43,0.43,0.168428,0.528311,1,,OVER,1,-0.100,PASS
2251343,2026-07-11,KC@BAL,1800018,K_PROP,home,Shane Baz,,2.87,0.0926,UNDER,5.5,,UNDER,5,1,-2.13,2.13,0.008575,0.097172,1,,UNDER,1,1.590,UNDER
2251344,2026-07-11,HOU@TEX,1800019,K_PROP,away,Cristian Javier,,1.17,0.0389,UNDER,3.5,,OVER,7,0,-5.83,5.83,0.923713,3.246761,1,,OVER,0,3.620,UNDER
2251343,2026-07-11,KC@BAL,1800020,K_PROP,away,Seth Lugo,,3.34,0.2909,UNDER,4.5,,OVER,9,0,-5.66,5.66,0.502823,1.234776,1,,OVER,0,5.350,UNDER
2251344,2026-07-11,HOU@TEX,1800021,K_PROP,home,MacKenzie Gore,,3.99,0.4276,UNDER,4.5,,OVER,6,0,-2.01,2.01,0.327642,0.849567,1,,OVER,0,3.590,UNDER
2251345,2026-07-11,CHC@CIN,1800022,K_PROP,away,Matthew Boyd,,6.14,0.6446,OVER,5.5,,UNDER,4,0,2.14,2.14,0.415509,1.034511,1,,OVER,0,2.040,UNDER
2251345,2026-07-11,CHC@CIN,1800023,K_PROP,home,Andrew Abbott,,3.06,0.2359,UNDER,4.5,,UNDER,4,1,-0.94,0.94,0.055649,0.269057,1,,UNDER,1,1.650,UNDER
2251346,2026-07-11,ATL@STL,1800024,K_PROP,away,JR Ritchie,,2.94,0.6123,OVER,2.5,,OVER,3,1,-0.06,0.06,0.150311,0.490533,1,,UNDER,0,-0.680,PASS
2251346,2026-07-11,ATL@STL,1800025,K_PROP,home,Dustin May,,3.17,0.2564,UNDER,4.5,,OVER,6,0,-2.83,2.83,0.552941,1.361017,1,,OVER,0,3.470,UNDER
2251347,2026-07-11,TOR@SD,1800026,K_PROP,home,German Marquez,,1.47,0.2101,UNDER,2.5,,UNDER,1,1,0.47,0.47,0.044142,0.235849,1,,UNDER,1,-0.470,UNDER
2251347,2026-07-11,TOR@SD,1800027,K_PROP,away,Kevin Gausman,,4.99,0.4467,UNDER,5.5,,UNDER,1,1,3.99,3.99,0.199541,0.591855,1,,UNDER,1,-3.990,UNDER
2253711,2026-07-11,ARI@LAD,1800028,K_PROP,away,Mitch Bratt,,3.14,0.4362,UNDER,3.5,,UNDER,2,1,1.14,1.14,0.190270,0.573056,1,,UNDER,1,-1.140,UNDER
2253711,2026-07-11,ARI@LAD,1800029,K_PROP,home,Emmet Sheehan,,4.79,0.4095,UNDER,5.5,,OVER,6,0,-1.21,1.21,0.348690,0.892818,1,,OVER,0,1.210,UNDER
2251338,2026-07-11,BOS@NYM,1800030,K_PROP,away,Payton Tolle,,2.9,0.0958,UNDER,5.5,,UNDER,3,1,-0.10,0.10,0.009178,0.100705,1,,UNDER,1,-0.100,UNDER
2251348,2026-07-12,MIL@PIT,1800031,K_PROP,away,Robert Gasser,,3.57,0.3396,UNDER,4.5,,UNDER,3,1,0.57,0.57,0.115328,0.414910,1,,UNDER,1,-0.610,UNDER
2251348,2026-07-12,MIL@PIT,1800032,K_PROP,home,Paul Skenes,,6.22,0.5015,UNDER,6.5,,OVER,7,0,-0.78,0.78,0.248502,0.690152,1,,OVER,0,0.790,UNDER
2251349,2026-07-12,KC@BAL,1800033,K_PROP,home,Shane Baz,,3.41,0.1645,UNDER,5.5,,OVER,9,0,-5.59,5.59,0.698060,1.804845,1,,OVER,0,5.640,UNDER
2251349,2026-07-12,KC@BAL,1800034,K_PROP,away,Seth Lugo,,3.8,0.3866,UNDER,4.5,,OVER,6,0,-2.20,2.20,0.376260,0.950365,1,,OVER,0,2.280,UNDER
2251350,2026-07-12,NYY@WSH,1800035,K_PROP,away,Will Warren,,3.99,0.4267,UNDER,4.5,,UNDER,2,1,1.99,1.99,0.182073,0.556346,1,,UNDER,1,-1.960,PASS
2251350,2026-07-12,NYY@WSH,1800036,K_PROP,home,Cade Cavalli,,3.84,0.2349,UNDER,5.5,,UNDER,5,1,-1.16,1.16,0.055178,0.267749,1,,UNDER,1,1.150,UNDER
2251352,2026-07-12,BOS@NYM,1800037,K_PROP,away,Payton Tolle,,3.09,0.2407,UNDER,4.5,,OVER,7,0,-3.91,3.91,0.576536,1.424204,1,,OVER,0,3.960,UNDER
2251351,2026-07-12,CHC@CIN,1800038,K_PROP,away,Matthew Boyd,,5.9,0.6066,OVER,5.5,,UNDER,3,0,2.90,2.90,0.367964,0.932928,1,,UNDER,0,-3.070,UNDER
2251351,2026-07-12,CHC@CIN,1800039,K_PROP,home,Andrew Abbott,,2.99,0.2205,UNDER,4.5,,UNDER,3,1,-0.01,0.01,0.048620,0.249103,1,,UNDER,1,0.010,UNDER
2251355,2026-07-12,CLE@MIA,1800040,K_PROP,away,Joey Cantillo,,4.05,0.2722,UNDER,5.5,,OVER,9,0,-4.95,4.95,0.529693,1.301218,1,,OVER,0,5.090,UNDER
2251354,2026-07-12,PHI@DET,1800041,K_PROP,home,Tarik Skubal,,7.95,0.6194,OVER,7.5,,UNDER,5,0,2.95,2.95,0.383656,0.966006,1,,UNDER,0,-2.950,PASS
2251354,2026-07-12,PHI@DET,1800042,K_PROP,away,Zack Wheeler,,7.36,0.5337,UNDER,7.5,,OVER,10,0,-2.64,2.64,0.217436,0.627921,1,,OVER,0,2.870,PASS
2251353,2026-07-12,SEA@TB,1800043,K_PROP,away,Emerson Hancock,,3.68,0.3611,UNDER,4.5,,UNDER,2,1,1.68,1.68,0.130393,0.448007,1,,UNDER,1,-1.670,UNDER
2251357,2026-07-12,ATH@CWS,1800044,K_PROP,away,J.T. Ginn,,3.3,0.2829,UNDER,4.5,,OVER,7,0,-3.70,3.70,0.514232,1.262662,1,,OVER,0,3.800,OVER
2251357,2026-07-12,ATH@CWS,1800045,K_PROP,home,Noah Schultz,,2.82,0.1895,UNDER,4.5,,UNDER,4,1,-1.18,1.18,0.035910,0.210104,1,,UNDER,1,1.190,OVER
2251356,2026-07-12,LAA@MIN,1800046,K_PROP,away,Jose Soriano,,4.69,0.3906,UNDER,5.5,,UNDER,0,1,4.69,4.69,0.152568,0.495280,1,,UNDER,1,-4.880,UNDER
2251356,2026-07-12,LAA@MIN,1800047,K_PROP,home,Taj Bradley,,4.7,0.2453,UNDER,6.5,,UNDER,6,1,-1.30,1.30,0.060172,0.281435,1,,UNDER,1,1.160,UNDER
2251358,2026-07-12,ATL@STL,1800048,K_PROP,away,JR Ritchie,,3.1,0.4274,UNDER,3.5,,UNDER,1,1,2.10,2.10,0.182671,0.557568,1,,UNDER,1,-2.010,UNDER
2251358,2026-07-12,ATL@STL,1800049,K_PROP,home,Dustin May,,3.41,0.3065,UNDER,4.5,,UNDER,4,1,-0.59,0.59,0.093942,0.366004,1,,UNDER,1,0.650,UNDER
2251359,2026-07-12,HOU@TEX,1800050,K_PROP,away,Cristian Javier,,1.5,0.0810,UNDER,3.5,,OVER,4,0,-2.50,2.50,0.844561,2.513306,1,,OVER,0,2.750,UNDER
2251359,2026-07-12,HOU@TEX,1800051,K_PROP,home,MacKenzie Gore,,3.83,0.3934,UNDER,4.5,,UNDER,4,1,-0.17,0.17,0.154764,0.499886,1,,UNDER,1,0.280,OVER
2251360,2026-07-12,COL@SF,1800052,K_PROP,away,Michael Lorenzen,,1.82,0.1342,UNDER,3.5,,UNDER,1,1,0.82,0.82,0.018010,0.144101,1,,UNDER,1,-1.000,UNDER
2251360,2026-07-12,COL@SF,1800053,K_PROP,home,Trevor McDonald,,3.39,0.3009,UNDER,4.5,,UNDER,4,1,-0.61,0.61,0.090541,0.357961,1,,UNDER,1,0.500,PASS
2253725,2026-07-12,ARI@LAD,1800054,K_PROP,away,Mitch Bratt,,3,0.4014,UNDER,3.5,,UNDER,0,1,3.00,3.00,0.161122,0.513162,1,,UNDER,1,-2.980,UNDER
2253725,2026-07-12,ARI@LAD,1800055,K_PROP,home,Emmet Sheehan,,4.84,0.5934,OVER,4.5,,OVER,7,1,-2.16,2.16,0.165324,0.521887,1,,OVER,1,2.170,PASS
2251361,2026-07-12,TOR@SD,1800056,K_PROP,home,German Marquez,,1.51,0.0819,UNDER,3.5,,OVER,4,0,-2.49,2.49,0.842908,2.502256,1,,OVER,0,2.490,UNDER
2251361,2026-07-12,TOR@SD,1800057,K_PROP,away,Kevin Gausman,,5.17,0.4803,UNDER,5.5,,OVER,8,0,-2.83,2.83,0.270088,0.733344,1,,OVER,0,2.840,UNDER
2251353,2026-07-12,SEA@TB,1800058,K_PROP,home,Ian Seymour,,5.15,0.4766,UNDER,5.5,,UNDER,3,1,2.15,2.15,0.227148,0.647409,1,,UNDER,1,-2.170,UNDER
2251355,2026-07-12,CLE@MIA,1800059,K_PROP,home,Tyler Phillips,,1.95,0.1595,UNDER,3.5,,UNDER,1,1,0.95,0.95,0.025440,0.173758,1,,UNDER,1,-0.960,UNDER
2251362,2026-07-16,NYM@PHI,1830001,K_PROP,away,Christian Scott,,3.79,0.2263,UNDER,5.5,,OVER,7,0,-3.21,3.21,0.598612,1.485894,1,,OVER,0,3.440,UNDER
2251362,2026-07-16,NYM@PHI,1830002,K_PROP,home,Aaron Nola,,4.89,0.4287,UNDER,5.5,,OVER,6,0,-1.11,1.11,0.326384,0.846998,1,,OVER,0,1.040,UNDER
2250551,2026-07-17,TB@BOS,780035,K_PROP,home,Patrick Sandoval,,3.52,0.5222,UNDER,3.5,,UNDER,3,1,0.52,0.52,0.272693,0.738563,1,,UNDER,1,0.300,UNDER
2250551,2026-07-17,TB@BOS,780039,K_PROP,away,Mason Englert,,3.96,0.6147,OVER,3.5,,OVER,6,1,-2.04,2.04,0.148456,0.486621,1,,OVER,1,1.820,OVER
2251366,2026-07-17,TB@BOS,1860001,K_PROP,home,Eduardo Rivera,,2.7,0.3315,UNDER,3.5,,UNDER,3,1,-0.30,0.30,0.109892,0.402719,1,,UNDER,1,0.300,UNDER
2251366,2026-07-17,TB@BOS,1860002,K_PROP,away,Mason Englert,,3.96,0.6147,OVER,3.5,,OVER,4,1,-0.04,0.04,0.148456,0.486621,1,,OVER,1,0.030,OVER
2251363,2026-07-17,LAD@NYY,1860003,K_PROP,away,Emmet Sheehan,,6.1,0.6385,OVER,5.5,,UNDER,5,0,1.10,1.10,0.407682,1.017493,1,,UNDER,0,-1.110,PASS
2251363,2026-07-17,LAD@NYY,1860004,K_PROP,home,Ryan Weathers,,4.99,0.4474,UNDER,5.5,,OVER,8,0,-3.01,3.01,0.305367,0.804302,1,,OVER,0,3.010,UNDER
2251367,2026-07-17,TEX@ATL,1860007,K_PROP,home,Owen Murphy,,3,0.4024,UNDER,3.5,,OVER,6,0,-3.00,3.00,0.357126,0.910309,1,,UNDER,1,-1.410,UNDER
2251368,2026-07-17,MIA@MIL,1860008,K_PROP,away,Max Meyer,,4.07,0.2752,UNDER,5.5,,OVER,7,0,-2.93,2.93,0.525335,1.290257,1,,OVER,0,2.970,UNDER
2251368,2026-07-17,MIA@MIL,1860009,K_PROP,home,Logan Henderson,,4.62,0.3780,UNDER,5.5,,UNDER,4,1,0.62,0.62,0.142884,0.474815,1,,UNDER,1,-0.620,UNDER
2251369,2026-07-17,MIN@CHC,1860010,K_PROP,home,Matthew Boyd,,5,0.6224,OVER,4.5,,OVER,6,1,-1.00,1.00,0.142582,0.474172,1,,OVER,1,0.990,PASS
2251369,2026-07-17,MIN@CHC,1860011,K_PROP,away,Taj Bradley,,4.21,0.3014,UNDER,5.5,,OVER,7,0,-2.79,2.79,0.488042,1.199317,1,,OVER,0,2.800,UNDER
2251370,2026-07-17,BAL@HOU,1860012,K_PROP,away,Trevor Rogers,,2.68,0.1644,UNDER,4.5,,OVER,5,0,-2.32,2.32,0.698227,1.805453,1,,OVER,0,2.320,UNDER
2251370,2026-07-17,BAL@HOU,1860013,K_PROP,home,Spencer Arrighetti,,3.47,0.1736,UNDER,5.5,,OVER,10,0,-6.53,6.53,0.682937,1.751001,1,,OVER,0,6.550,UNDER
2251371,2026-07-17,SD@KC,1860014,K_PROP,home,Seth Lugo,,3.47,0.3170,UNDER,4.5,,UNDER,3,1,0.47,0.47,0.100489,0.381260,1,,UNDER,1,-0.490,UNDER
2251371,2026-07-17,SD@KC,1860015,K_PROP,away,Michael King,,2.92,0.2080,UNDER,4.5,,UNDER,4,1,-1.08,1.08,0.043264,0.233194,1,,UNDER,1,1.090,UNDER
2251372,2026-07-17,CIN@COL,1860016,K_PROP,away,Rhett Lowder,,2.81,0.5805,OVER,2.5,,OVER,6,1,-3.19,3.19,0.175980,0.543865,1,,OVER,1,3.190,UNDER
2251372,2026-07-17,CIN@COL,1860017,K_PROP,home,Tomoyuki Sugano,,1.99,0.1694,UNDER,3.5,,OVER,6,0,-4.01,4.01,0.689896,1.775492,1,,OVER,1,0.730,UNDER
2251373,2026-07-17,DET@LAA,1860018,K_PROP,away,Tarik Skubal,,9.23,0.6571,OVER,8.5,,OVER,9,1,0.23,0.23,0.117580,0.419919,1,,OVER,1,-0.230,UNDER
2251373,2026-07-17,DET@LAA,1860019,K_PROP,home,Grayson Rodriguez,,2.26,0.0995,UNDER,4.5,,OVER,7,0,-4.74,4.74,0.810900,2.307598,1,,OVER,0,4.750,UNDER
2253740,2026-07-17,STL@ARI,1860020,K_PROP,home,Brandon Pfaadt,,2.32,0.2405,UNDER,3.5,,UNDER,3,1,-0.68,0.68,0.057840,0.275095,1,,UNDER,1,0.670,UNDER
2251374,2026-07-17,WSH@ATH,1860021,K_PROP,home,J.T. Ginn,,2.64,0.1581,UNDER,4.5,,OVER,8,0,-5.36,5.36,0.708796,1.844528,1,,OVER,0,5.350,UNDER
2253740,2026-07-17,STL@ARI,1860022,K_PROP,away,Dustin May,,3.07,0.4190,UNDER,3.5,,OVER,5,0,-1.93,1.93,0.337561,0.869884,1,,OVER,0,1.930,UNDER
2251374,2026-07-17,WSH@ATH,1860023,K_PROP,away,Zack Littell,,2.13,0.4003,UNDER,2.5,,OVER,9,0,-6.87,6.87,0.359640,0.915541,1,,OVER,0,6.890,UNDER
2251375,2026-07-17,SF@SEA,1860024,K_PROP,home,Bryan Woo,,3.37,0.1582,UNDER,5.5,,OVER,6,0,-2.63,2.63,0.708627,1.843895,1,,OVER,0,2.640,UNDER
2251375,2026-07-17,SF@SEA,1860025,K_PROP,away,Logan Webb,,4.02,0.2655,UNDER,5.5,,UNDER,2,1,2.02,2.02,0.070490,0.308565,1,,UNDER,1,-2.040,UNDER
2251364,2026-07-17,CWS@TOR,1890001,K_PROP,away,Davis Martin,,3.09,0.4231,UNDER,3.5,,OVER,5,0,-1.91,1.91,0.332814,0.860147,1,,OVER,0,1.910,UNDER
2251367,2026-07-17,TEX@ATL,1890002,K_PROP,away,MacKenzie Gore,,3.43,0.1684,UNDER,5.5,,UNDER,3,1,0.43,0.43,0.028359,0.184404,1,,UNDER,1,0.190,UNDER
2251364,2026-07-17,CWS@TOR,1890003,K_PROP,home,Shane Bieber,,3.16,0.2546,UNDER,4.5,,UNDER,4,1,-0.84,0.84,0.064821,0.293834,1,,UNDER,1,0.830,UNDER
2251365,2026-07-18,PIT@CLE,1860005,K_PROP,home,Joey Cantillo,,4.27,0.3119,UNDER,5.5,,UNDER,0,1,4.27,4.27,0.097282,0.373821,1,,UNDER,1,-5.650,UNDER
2251365,2026-07-18,PIT@CLE,1860006,K_PROP,away,Paul Skenes,,6.48,0.5437,OVER,6.5,,UNDER,0,0,6.48,6.48,0.295610,0.784605,1,,UNDER,1,-3.260,PASS
2251376,2026-07-18,MIN@CHC,1920001,K_PROP,home,Shota Imanaga,,4.89,0.4281,UNDER,5.5,,UNDER,4,1,0.89,0.89,0.183270,0.558791,1,,UNDER,0,-1.280,OVER
2251376,2026-07-18,MIN@CHC,1920002,K_PROP,away,Zebby Matthews,,2.39,0.1184,UNDER,4.5,,OVER,6,0,-3.61,3.61,0.777219,2.133687,1,,OVER,0,1.720,UNDER
2251377,2026-07-18,CWS@TOR,1920003,K_PROP,away,Sean Burke,,3.11,0.1218,UNDER,5.5,,UNDER,5,1,-1.89,1.89,0.014835,0.129881,1,,OVER,0,1.910,UNDER
2251377,2026-07-18,CWS@TOR,1920004,K_PROP,home,Trey Yesavage,,2.94,0.1009,UNDER,5.5,,OVER,6,0,-3.06,3.06,0.808381,2.293625,1,,OVER,0,2.840,UNDER
2251378,2026-07-18,CIN@COL,1920005,K_PROP,away,Hunter Greene,,7.14,0.6449,OVER,6.5,,UNDER,2,0,5.14,5.14,0.415896,1.035356,1,,UNDER,1,-0.740,PASS
2251378,2026-07-18,CIN@COL,1920006,K_PROP,home,Ryan Feltner,,2.7,0.1675,UNDER,4.5,,UNDER,3,1,-0.30,0.30,0.028056,0.183322,1,,OVER,0,1.100,UNDER
2251379,2026-07-18,NYM@PHI,1920007,K_PROP,away,Nolan McLean,,6.6,0.5628,OVER,6.5,,OVER,7,1,-0.40,0.40,0.191144,0.574831,1,,OVER,0,3.630,UNDER
2251379,2026-07-18,NYM@PHI,1920008,K_PROP,home,Jesus Luzardo,,7.66,0.7139,OVER,6.5,,OVER,7,1,0.66,0.66,0.081853,0.337012,1,,OVER,1,-0.660,UNDER
2253749,2026-07-18,STL@ARI,1920009,K_PROP,home,Eduardo Rodriguez,,1.75,0.1216,UNDER,3.5,,UNDER,3,1,-1.25,1.25,0.014787,0.129653,1,,UNDER,1,0.680,UNDER
2251384,2026-07-18,TEX@ATL,1920010,K_PROP,home,Grant Holmes,,2.51,0.1359,UNDER,4.5,,UNDER,2,1,0.51,0.51,0.018469,0.146067,1,,UNDER,1,-1.090,UNDER
2251380,2026-07-18,BAL@HOU,1920011,K_PROP,away,Brandon Young,,2,0.0674,UNDER,4.5,,OVER,8,0,-6.00,6.00,0.869743,2.697110,1,,OVER,0,5.320,UNDER
2251383,2026-07-18,TB@BOS,1920012,K_PROP,home,Sonny Gray,,2.62,0.1546,UNDER,4.5,,OVER,5,0,-2.38,2.38,0.714701,1.866914,1,,OVER,1,1.480,UNDER
2251380,2026-07-18,BAL@HOU,1920013,K_PROP,home,Hunter Brown,,6.31,0.5165,UNDER,6.5,,UNDER,6,1,0.31,0.31,0.266772,0.726704,1,,OVER,0,2.530,PASS
2251385,2026-07-18,MIA@MIL,1920014,K_PROP,away,Eury Perez,,3.19,0.1328,UNDER,5.5,,UNDER,5,1,-1.81,1.81,0.017636,0.142486,1,,UNDER,1,0.930,UNDER
2253749,2026-07-18,STL@ARI,1920015,K_PROP,away,Andre Pallante,,1.92,0.1537,UNDER,3.5,,OVER,6,0,-4.08,4.08,0.716224,1.872753,1,,OVER,0,2.930,UNDER
2251384,2026-07-18,TEX@ATL,1920016,K_PROP,away,Nathan Eovaldi,,5.34,0.5104,UNDER,5.5,,OVER,7,0,-1.66,1.66,0.239708,0.672561,1,,OVER,0,3.350,UNDER
2251386,2026-07-18,SF@SEA,1920019,K_PROP,home,Logan Gilbert,,3.95,0.1372,UNDER,6.5,,OVER,7,0,-3.05,3.05,0.744424,1.986316,1,,OVER,0,3.050,UNDER
2251386,2026-07-18,SF@SEA,1920020,K_PROP,away,Robbie Ray,,2.81,0.0862,UNDER,5.5,,UNDER,5,1,-2.19,2.19,0.007430,0.090144,1,,UNDER,1,2.190,UNDER
2251388,2026-07-18,WSH@ATH,1920021,K_PROP,home,Jacob Lopez,,1.75,0.1225,UNDER,3.5,,OVER,7,0,-5.25,5.25,0.770006,2.099644,1,,OVER,0,5.250,UNDER
2251388,2026-07-18,WSH@ATH,1920022,K_PROP,away,Foster Griffin,,4.24,0.3061,UNDER,5.5,,UNDER,4,1,0.24,0.24,0.093697,0.365427,1,,UNDER,1,-0.240,UNDER
2251389,2026-07-18,DET@LAA,1920023,K_PROP,away,Casey Mize,,4.07,0.2755,UNDER,5.5,,OVER,9,0,-4.93,4.93,0.524900,1.289168,1,,OVER,0,4.930,UNDER
2251389,2026-07-18,DET@LAA,1920024,K_PROP,home,Ryan Johnson,,3.13,0.2493,UNDER,4.5,,UNDER,3,1,0.13,0.13,0.062150,0.286749,1,,UNDER,1,-0.130,UNDER
2251382,2026-07-18,SD@KC,1920025,K_PROP,home,Noah Cameron,,3.79,0.3845,UNDER,4.5,,UNDER,3,1,0.79,0.79,0.147840,0.485320,1,,OVER,1,-0.210,UNDER
2251382,2026-07-18,SD@KC,1920026,K_PROP,away,German Marquez,,1.74,0.1200,UNDER,3.5,,OVER,4,0,-2.26,2.26,0.774400,2.120264,1,,OVER,1,0.440,UNDER
2251385,2026-07-18,MIA@MIL,1920027,K_PROP,home,Robert Gasser,,3.41,0.3047,UNDER,4.5,,OVER,9,0,-5.59,5.59,0.483442,1.188428,1,,OVER,1,3.900,UNDER
2251383,2026-07-18,TB@BOS,1920028,K_PROP,away,Shane McClanahan,,3.37,0.2978,UNDER,4.5,,UNDER,4,1,-0.63,0.63,0.088685,0.353537,1,,UNDER,1,-0.350,UNDER
2251387,2026-07-19,LAD@NYY,1920017,K_PROP,away,Emmet Sheehan,,6.09,0.6367,OVER,5.5,,UNDER,0,0,6.09,6.09,0.405387,1.012526,1,,UNDER,1,-4.440,PASS
2251387,2026-07-19,LAD@NYY,1920018,K_PROP,home,Ryan Weathers,,5.31,0.3467,UNDER,6.5,,UNDER,0,1,5.31,5.31,0.120201,0.425719,1,,UNDER,1,-5.620,UNDER
2251390,2026-07-19,CWS@TOR,1920029,K_PROP,away,Erick Fedde,,2.03,0.1764,UNDER,3.5,,OVER,5,0,-2.97,2.97,0.678317,1.735001,1,,UNDER,1,1.800,UNDER
2251390,2026-07-19,CWS@TOR,1920030,K_PROP,home,Dylan Cease,,9.04,0.7526,OVER,7.5,,OVER,9,1,0.04,0.04,0.061207,0.284221,1,,OVER,0,6.060,PASS
2251393,2026-07-19,TEX@ATL,1920031,K_PROP,home,Bryce Elder,,3.1,0.4261,UNDER,3.5,,UNDER,2,1,1.10,1.10,0.181561,0.555300,1,,UNDER,1,-0.410,UNDER
2251391,2026-07-19,TB@BOS,1920032,K_PROP,home,Payton Tolle,,2.48,0.0536,UNDER,5.5,,UNDER,5,1,-2.52,2.52,0.002873,0.055090,1,,OVER,0,2.100,UNDER
2251392,2026-07-19,NYM@PHI,1920033,K_PROP,away,Freddy Peralta,,4.11,0.2823,UNDER,5.5,,OVER,10,0,-5.89,5.89,0.515093,1.264785,1,,OVER,1,2.840,OVER
2251391,2026-07-19,TB@BOS,1920034,K_PROP,away,Nick Martinez,,2.18,0.2088,UNDER,3.5,,UNDER,3,1,-0.82,0.82,0.043597,0.234204,1,,UNDER,1,-0.150,UNDER
2251393,2026-07-19,TEX@ATL,1920035,K_PROP,away,Jacob deGrom,,5.98,0.4605,UNDER,6.5,,UNDER,2,1,3.98,3.98,0.212060,0.617112,1,,UNDER,0,-3.550,UNDER
2251394,2026-07-19,PIT@CLE,1920036,K_PROP,home,Tanner Bibee,,2.86,0.1974,UNDER,4.5,,OVER,7,0,-4.14,4.14,0.644167,1.622523,1,,OVER,0,2.630,OVER
2251394,2026-07-19,PIT@CLE,1920037,K_PROP,away,Braxton Ashcraft,,4.68,0.2420,UNDER,6.5,,OVER,8,0,-3.32,3.32,0.574564,1.418818,1,,OVER,0,1.600,UNDER
2251395,2026-07-19,BAL@HOU,1920038,K_PROP,away,Shane Baz,,3.28,0.1455,UNDER,5.5,,OVER,7,0,-3.72,3.72,0.730170,1.927579,1,,OVER,0,4.820,PASS
2251395,2026-07-19,BAL@HOU,1920040,K_PROP,home,Ronel Blanco,,4.24,0.6674,OVER,3.5,,OVER,4,1,0.24,0.24,0.110623,0.404366,1,,UNDER,1,-2.060,PASS
2251396,2026-07-19,SD@KC,1920041,K_PROP,home,Michael Wacha,,2.89,0.2032,UNDER,4.5,,UNDER,1,1,1.89,1.89,0.041290,0.227152,1,,UNDER,1,-2.400,UNDER
2251397,2026-07-19,MIA@MIL,1920042,K_PROP,away,Janson Junk,,2.77,0.3478,UNDER,3.5,,OVER,9,0,-6.23,6.23,0.425365,1.056128,1,,OVER,0,5.810,UNDER
2251397,2026-07-19,MIA@MIL,1920043,K_PROP,home,Jacob Misiorowski,,6.19,0.2261,UNDER,8.5,,UNDER,5,1,1.19,1.19,0.051121,0.256313,1,,OVER,0,1.760,UNDER
2251396,2026-07-19,SD@KC,1920044,K_PROP,away,JP Sears,,3.05,0.4137,UNDER,3.5,,UNDER,2,1,1.05,1.05,0.171148,0.533924,1,,UNDER,1,0.430,UNDER
2251398,2026-07-19,MIN@CHC,1920045,K_PROP,home,Jameson Taillon,,2.83,0.1910,UNDER,4.5,,UNDER,4,1,-1.17,1.17,0.036481,0.211956,1,,UNDER,1,-0.710,UNDER
2251398,2026-07-19,MIN@CHC,1920046,K_PROP,away,Joe Ryan,,4.52,0.2175,UNDER,6.5,,UNDER,4,1,0.52,0.52,0.047306,0.245261,1,,UNDER,1,1.450,UNDER
2251399,2026-07-19,CIN@COL,1920047,K_PROP,away,Andrew Abbott,,3.06,0.2347,UNDER,4.5,,OVER,7,0,-3.94,3.94,0.585684,1.449447,1,,OVER,1,-0.170,UNDER
2251399,2026-07-19,CIN@COL,1920048,K_PROP,home,Kyle Freeland,,3.84,0.3952,UNDER,4.5,,UNDER,3,1,0.84,0.84,0.156183,0.502857,1,,UNDER,1,0.540,UNDER
2251400,2026-07-19,WSH@ATH,1920049,K_PROP,home,Jeffrey Springs,,3.47,0.5119,UNDER,3.5,,OVER,6,0,-2.53,2.53,0.238242,0.669626,1,,OVER,0,3.980,PASS
2251400,2026-07-19,WSH@ATH,1920050,K_PROP,away,Andrew Alvarez,,5.47,0.6986,OVER,4.5,,UNDER,2,0,3.47,3.47,0.488042,1.199317,1,,UNDER,1,-2.880,PASS
2251401,2026-07-19,DET@LAA,1920051,K_PROP,away,Jack Flaherty,,3.62,0.1984,UNDER,5.5,,UNDER,5,1,-1.38,1.38,0.039363,0.221146,1,,UNDER,1,0.940,UNDER
2251401,2026-07-19,DET@LAA,1920052,K_PROP,home,Jose Soriano,,5.16,0.6495,OVER,4.5,,OVER,5,1,0.16,0.16,0.122850,0.431552,1,,OVER,0,2.020,OVER
2253770,2026-07-19,STL@ARI,1920053,K_PROP,home,Mitch Bratt,,3.04,0.4129,UNDER,3.5,,UNDER,3,1,0.04,0.04,0.170486,0.532560,1,,UNDER,1,1.110,UNDER
2251402,2026-07-19,SF@SEA,1920054,K_PROP,home,George Kirby,,4.27,0.1807,UNDER,6.5,,OVER,10,0,-5.73,5.73,0.671252,1.710917,1,,OVER,0,5.830,UNDER
2251402,2026-07-19,SF@SEA,1920055,K_PROP,away,Trevor McDonald,,3.59,0.5386,OVER,3.5,,OVER,6,1,-2.41,2.41,0.212890,0.618782,1,,OVER,0,2.990,PASS
2253770,2026-07-19,STL@ARI,1920056,K_PROP,away,Kyle Leahy,,2.24,0.0972,UNDER,4.5,,UNDER,3,1,-0.76,0.76,0.009448,0.102254,1,,UNDER,1,1.020,UNDER
2251392,2026-07-19,NYM@PHI,1920057,K_PROP,home,Cristopher Sanchez,,5.83,0.4356,UNDER,6.5,,UNDER,4,1,1.83,1.83,0.189747,0.571992,1,,OVER,1,-1.360,PASS
2251404,2026-07-20,MIN@CLE,1920058,K_PROP,home,Parker Messick,,5.04,0.6294,OVER,4.5,,OVER,5,1,0.04,0.04,0.137344,0.462988,1,,OVER,0,2.350,OVER
2251404,2026-07-20,MIN@CLE,1920059,K_PROP,away,Kendry Rojas,,5.61,0.8500,OVER,1.5,,OVER,3,1,2.61,2.61,0.022500,0.162519,1,,UNDER,1,-1.950,OVER
2251405,2026-07-20,PIT@NYY,1920060,K_PROP,home,Will Warren,,4.27,0.3128,UNDER,5.5,,UNDER,5,1,-0.73,0.73,0.097844,0.375130,1,,UNDER,0,-2.140,UNDER
2251405,2026-07-20,PIT@NYY,1920061,K_PROP,away,Bubba Chandler,,2.21,0.0921,UNDER,4.5,,UNDER,2,1,0.21,0.21,0.008482,0.096621,1,,UNDER,1,-3.040,UNDER
2251406,2026-07-20,TB@TOR,1920062,K_PROP,away,Drew Rasmussen,,3.19,0.2599,UNDER,4.5,,UNDER,0,1,3.19,3.19,0.067548,0.300970,1,,UNDER,1,-3.190,UNDER
2251406,2026-07-20,TB@TOR,1920063,K_PROP,home,Kevin Gausman,,4.57,0.3675,UNDER,5.5,,OVER,7,0,-2.43,2.43,0.400056,1.001032,1,,OVER,0,2.450,UNDER
2251407,2026-07-20,BAL@BOS,1920064,K_PROP,away,Kyle Bradish,,3.39,0.1621,UNDER,5.5,,OVER,6,0,-2.61,2.61,0.702076,1.819542,1,,OVER,0,2.670,UNDER
2251407,2026-07-20,BAL@BOS,1920065,K_PROP,home,Ranger Suarez,,5.71,0.5756,OVER,5.5,,OVER,9,1,-3.29,3.29,0.180115,0.552342,1,,OVER,0,5.160,PASS
2251408,2026-07-20,LAD@PHI,1920066,K_PROP,away,Justin Wrobleski,,2.32,0.0418,UNDER,5.5,,OVER,6,0,-3.68,3.68,0.918147,3.174859,1,,OVER,0,3.680,UNDER
2251408,2026-07-20,LAD@PHI,1920067,K_PROP,home,Zack Wheeler,,6.12,0.4857,UNDER,6.5,,OVER,7,0,-0.88,0.88,0.264504,0.722164,1,,OVER,0,0.860,PASS
2251409,2026-07-20,SD@ATL,1920068,K_PROP,home,Reynaldo Lopez,,3.47,0.3176,UNDER,4.5,,UNDER,4,1,-0.53,0.53,0.100870,0.382139,1,,UNDER,1,0.520,UNDER
2251409,2026-07-20,SD@ATL,1920069,K_PROP,away,Walker Buehler,,3.02,0.4083,UNDER,3.5,,UNDER,3,1,0.02,0.02,0.166709,0.524756,1,,UNDER,1,-0.020,UNDER
2251410,2026-07-20,SF@KC,1920070,K_PROP,home,Luinder Avila,,3.18,0.4454,UNDER,3.5,,OVER,5,0,-1.82,1.82,0.307581,0.808783,1,,OVER,0,2.410,PASS
2251411,2026-07-20,NYM@MIL,1920071,K_PROP,home,Brandon Sproat,,3.34,0.2915,UNDER,4.5,,OVER,6,0,-2.66,2.66,0.501972,1.232715,1,,UNDER,1,-0.470,UNDER
2251411,2026-07-20,NYM@MIL,1920072,K_PROP,away,Freddy Peralta,,3.82,0.2317,UNDER,5.5,,OVER,6,0,-2.18,2.18,0.590285,1.462312,1,,OVER,0,2.250,UNDER
2251410,2026-07-20,SF@KC,1920073,K_PROP,away,Tyler Mahle,,3.1,0.2422,UNDER,4.5,,UNDER,3,1,0.10,0.10,0.058661,0.277336,1,,UNDER,0,-0.580,UNDER
2251412,2026-07-20,DET@CHC,1920074,K_PROP,home,Jameson Taillon,,3.69,0.3638,UNDER,4.5,,OVER,6,0,-2.31,2.31,0.404750,1.011151,1,,OVER,0,2.320,OVER
2251413,2026-07-20,CWS@TEX,1920075,K_PROP,away,Noah Schultz,,2.75,0.1774,UNDER,4.5,,OVER,6,0,-3.25,3.25,0.676671,1.729348,1,,OVER,0,3.720,UNDER
2251412,2026-07-20,DET@CHC,1920076,K_PROP,away,Framber Valdez,,3.22,0.2677,UNDER,4.5,,UNDER,4,1,-0.78,0.78,0.071663,0.311565,1,,UNDER,1,0.760,UNDER
2251413,2026-07-20,CWS@TEX,1920077,K_PROP,home,Kumar Rocker,,2.85,0.1947,UNDER,4.5,,OVER,6,0,-3.15,3.15,0.648508,1.636295,1,,UNDER,0,-0.730,UNDER
2251414,2026-07-20,MIA@HOU,1920078,K_PROP,home,Ronel Blanco,,4.48,0.7080,OVER,3.5,,OVER,8,1,-3.52,3.52,0.085264,0.345311,1,,OVER,1,4.360,PASS
2251414,2026-07-20,MIA@HOU,1920079,K_PROP,away,Janson Junk,,2.75,0.3418,UNDER,3.5,,UNDER,3,1,-0.25,0.25,0.116827,0.418246,1,,UNDER,1,0.180,UNDER
2251415,2026-07-20,WSH@COL,1920080,K_PROP,home,Michael Lorenzen,,1.77,0.1255,UNDER,3.5,,OVER,4,0,-2.23,2.23,0.764750,2.075450,1,,UNDER,1,0.290,UNDER
2251415,2026-07-20,WSH@COL,1920081,K_PROP,away,Miles Mikolas,,2.2,0.4206,UNDER,2.5,,UNDER,2,1,0.20,0.20,0.176904,0.545762,1,,UNDER,0,-3.810,UNDER
2253784,2026-07-20,ATH@ARI,1920082,K_PROP,home,Kohl Drake,,3.13,0.4339,UNDER,3.5,,OVER,4,0,-0.87,0.87,0.320469,0.834941,1,,OVER,0,2.480,UNDER
2253784,2026-07-20,ATH@ARI,1920083,K_PROP,away,Jeffrey Springs,,2.54,0.2929,UNDER,3.5,,UNDER,2,1,0.54,0.54,0.085790,0.346583,1,,UNDER,1,-0.540,UNDER
2251416,2026-07-20,CIN@SEA,1920084,K_PROP,away,Chase Burns,,4.21,0.1715,UNDER,6.5,,UNDER,6,1,-1.79,1.79,0.029412,0.188138,1,,OVER,0,2.940,UNDER
2251416,2026-07-20,CIN@SEA,1920085,K_PROP,home,Luis Castillo,,3.34,0.1538,UNDER,5.5,,OVER,6,0,-2.66,2.66,0.716054,1.872102,1,,UNDER,1,1.170,UNDER
2251417,2026-07-20,STL@LAA,1920086,K_PROP,home,Walbert Urena,,2.81,0.1875,UNDER,4.5,,OVER,7,0,-4.19,4.19,0.660156,1.673976,1,,OVER,0,4.200,UNDER
2251417,2026-07-20,STL@LAA,1920087,K_PROP,away,Matthew Liberatore,,3.19,0.1331,UNDER,5,,UNDER,4,1,-0.81,0.81,0.017716,0.142832,1,,UNDER,1,0.810,UNDER
2251418,2026-07-21,MIN@CLE,1950001,K_PROP,home,Slade Cecconi,,2.07,0.1842,UNDER,3.5,,OVER,6,0,-3.93,3.93,0.665530,1.691733,1,,OVER,0,0.550,UNDER
2251419,2026-07-21,LAD@PHI,1950002,K_PROP,away,Eric Lauer,,2.59,0.3045,UNDER,3.5,,OVER,7,0,-4.41,4.41,0.483720,1.189084,1,,OVER,0,4.350,UNDER
2251418,2026-07-21,MIN@CLE,1950003,K_PROP,away,Bailey Ober,,2.4,0.1202,UNDER,4.5,,UNDER,2,1,0.40,0.40,0.014448,0.128061,1,,UNDER,0,-3.350,UNDER
2251419,2026-07-21,LAD@PHI,1950004,K_PROP,home,Aaron Nola,,4.53,0.3607,UNDER,5.5,,OVER,9,0,-4.47,4.47,0.408704,1.019709,1,,OVER,0,2.660,UNDER
2251421,2026-07-21,TB@TOR,1950007,K_PROP,away,Griffin Jax,,2.8,0.1868,UNDER,4.5,,OVER,5,0,-2.20,2.20,0.661294,1.677717,1,,OVER,0,1.810,UNDER
2251421,2026-07-21,TB@TOR,1950008,K_PROP,home,Kevin Gausman,,3.98,0.2595,UNDER,5.5,,UNDER,1,1,2.98,2.98,0.067340,0.300430,1,,UNDER,1,-3.220,UNDER
2251423,2026-07-21,SD@ATL,1950011,K_PROP,home,Martin Perez,,2.82,0.3583,UNDER,3.5,,OVER,6,0,-3.18,3.18,0.411779,1.026385,1,,OVER,0,2.640,UNDER
2251423,2026-07-21,SD@ATL,1950012,K_PROP,away,Michael King,,2.97,0.2167,UNDER,4.5,,UNDER,3,1,-0.03,0.03,0.046959,0.244240,1,,UNDER,1,-0.180,UNDER
2251424,2026-07-21,SF@KC,1950013,K_PROP,home,Seth Lugo,,3.1,0.2437,UNDER,4.5,,OVER,7,0,-3.90,3.90,0.571990,1.411817,1,,OVER,0,3.900,UNDER
2251425,2026-07-21,NYM@MIL,1950014,K_PROP,home,Logan Henderson,,4.67,0.3868,UNDER,5.5,,UNDER,4,1,0.67,0.67,0.149614,0.489064,1,,UNDER,1,-0.670,UNDER
2251424,2026-07-21,SF@KC,1950015,K_PROP,away,Landen Roupp,,3.95,0.4192,UNDER,4.5,,UNDER,4,1,-0.05,0.05,0.175729,0.543349,1,,UNDER,1,0.050,UNDER
2251427,2026-07-21,CWS@TEX,1950016,K_PROP,away,Noah Schultz,,2.75,0.1769,UNDER,4.5,,UNDER,2,1,0.75,0.75,0.031294,0.194678,1,,UNDER,1,-0.750,UNDER
2251426,2026-07-21,DET@CHC,1950017,K_PROP,away,Keider Montero,,1.87,0.1436,UNDER,3.5,,UNDER,1,1,0.87,0.87,0.020621,0.155018,1,,UNDER,1,-2.080,UNDER
2251427,2026-07-21,CWS@TEX,1950018,K_PROP,home,Kumar Rocker,,2.79,0.1841,UNDER,4.5,,OVER,6,0,-3.21,3.21,0.665693,1.692276,1,,OVER,0,3.210,UNDER
2251429,2026-07-21,WSH@COL,1950019,K_PROP,home,Gabriel Hughes,,4.64,0.5566,OVER,4.5,,OVER,5,1,-0.36,0.36,0.196604,0.585908,1,,OVER,0,3.030,UNDER
2251429,2026-07-21,WSH@COL,1950020,K_PROP,away,Cade Cavalli,,3.44,0.3115,UNDER,4.5,,UNDER,2,1,1.44,1.44,0.097032,0.373240,1,,UNDER,1,-0.240,UNDER
2251430,2026-07-21,STL@LAA,1950021,K_PROP,home,Reid Detmers,,3.89,0.2438,UNDER,5.5,,UNDER,5,1,-1.11,1.11,0.059438,0.279449,1,,UNDER,1,1.110,UNDER
2251430,2026-07-21,STL@LAA,1950022,K_PROP,away,Hunter Dobbins,,5.06,0.6324,OVER,4.5,,OVER,7,1,-1.94,1.94,0.135130,0.458233,1,,OVER,1,1.940,OVER
2253800,2026-07-21,ATH@ARI,1950023,K_PROP,home,Merrill Kelly,,1.81,0.1335,UNDER,3.5,,OVER,5,0,-3.19,3.19,0.750822,2.013654,1,,OVER,0,3.190,UNDER
2251431,2026-07-21,CIN@SEA,1950024,K_PROP,away,Brady Singer,,3.06,0.1154,UNDER,5.5,,OVER,6,0,-2.94,2.94,0.782517,2.159351,1,,OVER,0,2.940,UNDER
2251431,2026-07-21,CIN@SEA,1950025,K_PROP,home,Emerson Hancock,,4.51,0.3559,UNDER,5.5,,UNDER,3,1,1.51,1.51,0.126665,0.439901,1,,UNDER,1,-1.510,UNDER
2251428,2026-07-21,MIA@HOU,1980001,K_PROP,home,Peter Lambert,,3.98,0.2583,UNDER,5.5,,OVER,8,0,-4.02,4.02,0.550119,1.353634,1,,OVER,0,4.450,UNDER
2251428,2026-07-21,MIA@HOU,1980002,K_PROP,away,Sandy Alcantara,,2.92,0.2072,UNDER,4.5,,UNDER,2,1,0.92,0.92,0.042932,0.232184,1,,UNDER,1,0.230,UNDER
2253800,2026-07-21,ATH@ARI,1980003,K_PROP,away,Gage Jump,,3.44,0.3110,UNDER,4.5,,UNDER,4,1,-0.56,0.56,0.096721,0.372514,1,,UNDER,1,0.560,UNDER
2251426,2026-07-21,DET@CHC,1980004,K_PROP,home,Colin Rea,,3.12,0.2467,UNDER,4.5,,UNDER,4,1,-0.88,0.88,0.060861,0.283292,1,,UNDER,1,0.330,UNDER
2251425,2026-07-21,NYM@MIL,2010001,K_PROP,away,Christian Scott,,3.35,0.1560,UNDER,5.5,,UNDER,2,1,1.35,1.35,0.024336,0.169603,1,,UNDER,1,-1.350,UNDER
2251420,2026-07-22,PIT@NYY,1950005,K_PROP,home,Max Fried,,4.8,0.5858,OVER,4.5,,UNDER,0,0,4.80,4.80,0.343162,0.881406,1,,UNDER,0,-4.200,PASS
2251420,2026-07-22,PIT@NYY,1950006,K_PROP,away,Bubba Chandler,,2.31,0.1060,UNDER,4.5,,UNDER,0,1,2.31,2.31,0.011236,0.112050,1,,UNDER,1,-2.110,UNDER
2251422,2026-07-22,BAL@BOS,1950009,K_PROP,away,Kyle Bradish,,3.12,0.1239,UNDER,5.5,,UNDER,0,1,3.12,3.12,0.015351,0.132275,1,,UNDER,1,-3.390,UNDER
2251422,2026-07-22,BAL@BOS,1950010,K_PROP,home,Eduardo Rivera,,2.38,0.2542,UNDER,3.5,,UNDER,0,1,2.38,2.38,0.064618,0.293298,1,,UNDER,1,-3.400,UNDER
2251433,2026-07-22,SF@KC,2040001,K_PROP,home,Randy Dobnak,,2.46,0.2732,UNDER,3.5,,OVER,5,0,-2.54,2.54,0.528238,1.297551,1,,OVER,0,1.730,UNDER
2251434,2026-07-22,NYM@MIL,2040002,K_PROP,home,Logan Henderson,,5.13,0.4730,UNDER,5.5,,OVER,9,0,-3.87,3.87,0.277729,0.748660,1,,OVER,0,3.870,UNDER
2251434,2026-07-22,NYM@MIL,2040003,K_PROP,away,Christian Scott,,3.5,0.1783,UNDER,5.5,,OVER,6,0,-2.50,2.50,0.675191,1.724288,1,,OVER,0,2.500,UNDER
2251433,2026-07-22,SF@KC,2040004,K_PROP,away,Landen Roupp,,3.98,0.2586,UNDER,5.5,,OVER,7,0,-3.02,3.02,0.549674,1.352473,1,,OVER,0,3.020,UNDER
2251435,2026-07-22,WSH@COL,2040005,K_PROP,home,Gabriel Hughes,,4.23,0.4758,UNDER,4.5,,OVER,5,0,-0.77,0.77,0.274786,0.742758,1,,OVER,0,0.750,UNDER
2251435,2026-07-22,WSH@COL,2040006,K_PROP,away,Cade Cavalli,,3.66,0.2046,UNDER,5.5,,OVER,8,0,-4.34,4.34,0.632661,1.586698,1,,OVER,0,4.350,UNDER
2253806,2026-07-22,ATH@ARI,2040007,K_PROP,home,Brandon Pfaadt,,2.46,0.2732,UNDER,3.5,,UNDER,3,1,-0.54,0.54,0.074638,0.319104,1,,UNDER,1,1.000,UNDER
2253806,2026-07-22,ATH@ARI,2040008,K_PROP,away,Gage Jump,,3.52,0.3282,UNDER,4.5,,OVER,5,0,-1.48,1.48,0.451315,1.114132,1,,OVER,0,1.480,OVER
2251436,2026-07-22,CIN@SEA,2040009,K_PROP,away,Brady Singer,,3.04,0.1130,UNDER,5.5,,OVER,6,0,-2.96,2.96,0.786769,2.180367,1,,OVER,0,2.970,UNDER
2251436,2026-07-22,CIN@SEA,2040010,K_PROP,home,Emerson Hancock,,4.19,0.2977,UNDER,5.5,,UNDER,3,1,1.19,1.19,0.088625,0.353395,1,,UNDER,1,-1.220,UNDER
2251437,2026-07-22,STL@LAA,2040011,K_PROP,home,Reid Detmers,,4.31,0.3189,UNDER,5.5,,OVER,6,0,-1.69,1.69,0.463897,1.142878,1,,OVER,0,1.740,UNDER
2251437,2026-07-22,STL@LAA,2040012,K_PROP,away,Michael McGreevy,,3.03,0.4094,UNDER,3.5,,OVER,5,0,-1.97,1.97,0.348808,0.893063,1,,OVER,1,0.040,UNDER
2251438,2026-07-22,MIN@CLE,2040013,K_PROP,home,Gavin Williams,,5.49,0.3764,UNDER,6.5,,UNDER,5,1,0.49,0.49,0.141677,0.472246,1,,UNDER,1,-0.500,UNDER
2251439,2026-07-22,LAD@PHI,2040014,K_PROP,away,Eric Lauer,,2.71,0.3328,UNDER,3.5,,OVER,5,0,-2.29,2.29,0.445156,1.100214,1,,OVER,0,2.350,UNDER
2251438,2026-07-22,MIN@CLE,2040015,K_PROP,away,Taj Bradley,,4.62,0.3776,UNDER,5.5,,UNDER,2,1,2.62,2.62,0.142582,0.474172,1,,UNDER,1,-2.660,UNDER
2251439,2026-07-22,LAD@PHI,2040016,K_PROP,home,Aaron Nola,,4.67,0.3865,UNDER,5.5,,UNDER,4,1,0.67,0.67,0.149382,0.488575,1,,UNDER,1,-0.710,UNDER
2251440,2026-07-22,TB@TOR,2040017,K_PROP,away,Griffin Jax,,2.8,0.1866,UNDER,4.5,,OVER,5,0,-2.20,2.20,0.661620,1.678788,1,,OVER,0,2.200,UNDER
2251442,2026-07-22,SD@ATL,2040018,K_PROP,home,Chris Sale,,6.28,0.5117,UNDER,6.5,,UNDER,3,1,3.28,3.28,0.261837,0.716825,1,,UNDER,1,0.360,UNDER
2251442,2026-07-22,SD@ATL,2040019,K_PROP,away,Griffin Canning,,3.64,0.3527,UNDER,4.5,,OVER,7,0,-3.36,3.36,0.418997,1.042137,1,,OVER,0,3.920,UNDER
2251443,2026-07-22,DET@CHC,2040020,K_PROP,home,Colin Rea,,3.52,0.3292,UNDER,4.5,,OVER,5,0,-1.48,1.48,0.449973,1.111090,1,,OVER,0,1.630,UNDER
2251443,2026-07-22,DET@CHC,2040021,K_PROP,away,Troy Melton,,3.37,0.1589,UNDER,5.5,,OVER,8,0,-4.63,4.63,0.707449,1.839480,1,,OVER,0,4.650,UNDER
2251445,2026-07-22,MIA@HOU,2040022,K_PROP,home,Peter Lambert,,3.57,0.1892,UNDER,5.5,,UNDER,3,1,0.57,0.57,0.035797,0.209734,1,,UNDER,1,-0.810,UNDER
2251445,2026-07-22,MIA@HOU,2040023,K_PROP,away,Sandy Alcantara,,2.72,0.1721,UNDER,4.5,,UNDER,3,1,-0.28,0.28,0.029618,0.188863,1,,UNDER,1,0.180,UNDER
2251444,2026-07-22,CWS@TEX,2070001,K_PROP,away,Anthony Kay,,2.59,0.1496,UNDER,4.5,,UNDER,4,1,-1.41,1.41,0.022380,0.162048,1,,UNDER,1,1.270,UNDER
2251444,2026-07-22,CWS@TEX,2070002,K_PROP,home,Cal Quantrill,,3.06,0.6389,OVER,2.5,,UNDER,1,0,2.06,2.06,0.408193,1.018600,1,,UNDER,0,-2.130,PASS
2251440,2026-07-22,TB@TOR,2100001,K_PROP,home,Shane Bieber,,2.85,0.1955,UNDER,4.5,,UNDER,1,1,1.85,1.85,0.038220,0.217534,1,,UNDER,1,-1.840,PASS
2253491,2026-07-23,ARI@STL,1530015,K_PROP,away,Eduardo Rodriguez,,1.78,0.0452,UNDER,4.5,,UNDER,0,1,1.78,1.78,0.002043,0.046253,1,,UNDER,1,-2.300,UNDER
2253491,2026-07-23,ARI@STL,1530016,K_PROP,home,Dustin May,,3.26,0.1421,UNDER,5.5,,UNDER,0,1,3.26,3.26,0.020192,0.153268,1,,UNDER,1,-2.600,UNDER
2251446,2026-07-23,SD@ATL,2130001,K_PROP,home,Grant Holmes,,2.49,0.1327,UNDER,4.5,,OVER,11,0,-8.51,8.51,0.752209,2.019664,1,,OVER,0,4.370,UNDER
2251446,2026-07-23,SD@ATL,2130002,K_PROP,away,German Marquez,,1.65,0.1035,UNDER,3.5,,UNDER,1,1,0.65,0.65,0.010712,0.109257,1,,UNDER,1,-2.860,UNDER
2251447,2026-07-23,MIN@CLE,2130003,K_PROP,home,Joey Cantillo,,3.91,0.4096,UNDER,4.5,,OVER,11,0,-7.09,7.09,0.348572,0.892574,1,,OVER,0,5.650,UNDER
2251447,2026-07-23,MIN@CLE,2130004,K_PROP,away,Zebby Matthews,,2.75,0.1762,UNDER,4.5,,OVER,5,0,-2.25,2.25,0.678646,1.736136,1,,UNDER,1,0.520,UNDER
2251448,2026-07-23,TB@TOR,2130005,K_PROP,home,Trey Yesavage,,2.52,0.0570,UNDER,5.5,,UNDER,3,1,-0.48,0.48,0.003249,0.058689,1,,UNDER,1,0.280,UNDER
2251449,2026-07-23,KC@DET,2130006,K_PROP,home,Tarik Skubal,,6.67,0.4265,UNDER,7.5,,UNDER,5,1,1.67,1.67,0.181902,0.555997,1,,UNDER,1,-1.700,UNDER
2251449,2026-07-23,KC@DET,2130007,K_PROP,away,Noah Cameron,,3.22,0.1363,UNDER,5.5,,UNDER,3,1,0.22,0.22,0.018578,0.146530,1,,UNDER,1,-0.210,UNDER
2251448,2026-07-23,TB@TOR,2160001,K_PROP,away,Shane McClanahan,,3.22,0.1376,UNDER,5.5,,UNDER,2,1,1.22,1.22,0.018934,0.148036,1,,UNDER,1,-1.220,UNDER
2251450,2026-07-24,COL@MIL,2190001,K_PROP,away,Ryan Feltner,,2.48,0.1316,UNDER,4.5,,OVER,5,0,-2.52,2.52,0.754119,2.027988,1,,OVER,0,3.110,UNDER
2251452,2026-07-24,CHC@PIT,2190002,K_PROP,away,Shota Imanaga,,5.36,0.5149,UNDER,5.5,,UNDER,4,1,1.36,1.36,0.265122,0.723400,1,,UNDER,1,-1.420,PASS
2251451,2026-07-24,KC@DET,2190003,K_PROP,home,Casey Mize,,3.72,0.2149,UNDER,5.5,,OVER,12,0,-8.28,8.28,0.616382,1.537582,1,,OVER,0,8.270,UNDER
2251452,2026-07-24,CHC@PIT,2190004,K_PROP,home,Paul Skenes,,5.94,0.4543,UNDER,6.5,,UNDER,5,1,0.94,0.94,0.206388,0.605686,1,,UNDER,1,-0.930,UNDER
2253825,2026-07-24,ARI@WSH,2190005,K_PROP,away,Mitch Bratt,,1.39,0.0650,UNDER,3.5,,OVER,4,0,-2.61,2.61,0.874225,2.733368,1,,UNDER,1,1.570,UNDER
2251453,2026-07-24,NYY@PHI,2190006,K_PROP,away,Ryan Weathers,,5.82,0.5946,OVER,5.5,,OVER,12,1,-6.18,6.18,0.164349,0.519866,1,,OVER,0,5.530,UNDER
2251453,2026-07-24,NYY@PHI,2190007,K_PROP,home,Jesus Luzardo,,8.29,0.6652,OVER,7.5,,OVER,9,1,-0.71,0.71,0.112091,0.407668,1,,OVER,1,0.750,PASS
2251454,2026-07-24,ATL@BAL,2190008,K_PROP,away,Bryce Elder,,3.47,0.3184,UNDER,4.5,,OVER,5,0,-1.53,1.53,0.464579,1.144447,1,,OVER,0,1.530,UNDER
2251454,2026-07-24,ATL@BAL,2190009,K_PROP,home,Brandon Young,,2.05,0.0724,UNDER,4.5,,OVER,6,0,-3.95,3.95,0.860442,2.625549,1,,OVER,0,3.950,PASS
2251456,2026-07-24,CLE@TB,2190010,K_PROP,away,Tanner Bibee,,2.28,0.1023,UNDER,4,,PUSH,4,,-1.72,1.72,,,1,push,UNDER,1,0.770,UNDER
2251455,2026-07-24,LAD@NYM,2190011,K_PROP,away,Yoshinobu Yamamoto,,4.01,0.1452,UNDER,6.5,,OVER,9,0,-4.99,4.99,0.730683,1.929643,1,,OVER,0,5.010,UNDER
2251455,2026-07-24,LAD@NYM,2190012,K_PROP,home,Nolan McLean,,6.33,0.5192,UNDER,6.5,,UNDER,3,1,3.33,3.33,0.269569,0.732304,1,,UNDER,1,-3.330,PASS
2251458,2026-07-24,SD@MIA,2190013,K_PROP,away,JP Sears,,2.97,0.3952,UNDER,3.5,,OVER,4,0,-1.03,1.03,0.365783,0.928363,1,,OVER,0,2.200,UNDER
2251456,2026-07-24,CLE@TB,2190014,K_PROP,home,Nick Martinez,,1.88,0.1465,UNDER,3.5,,UNDER,3,1,-1.12,1.12,0.021462,0.158410,1,,UNDER,1,-0.250,UNDER
2251457,2026-07-24,TOR@BOS,2190015,K_PROP,home,Sonny Gray,,2.62,0.1548,UNDER,4.5,,UNDER,3,1,-0.38,0.38,0.023963,0.168182,1,,UNDER,1,0.380,UNDER
2251457,2026-07-24,TOR@BOS,2190016,K_PROP,away,Dylan Cease,,7.92,0.6147,OVER,7.5,,OVER,9,1,-1.08,1.08,0.148456,0.486621,1,,OVER,1,1.080,PASS
2251459,2026-07-24,HOU@CWS,2190017,K_PROP,home,Sean Burke,,3.4,0.1626,UNDER,5.5,,UNDER,3,1,0.40,0.40,0.026439,0.177453,1,,UNDER,1,-0.460,UNDER
2251459,2026-07-24,HOU@CWS,2190018,K_PROP,away,Hunter Brown,,5.9,0.6071,OVER,5.5,,UNDER,0,0,5.90,5.90,0.368570,0.934200,1,,UNDER,1,-3.280,UNDER
2251460,2026-07-24,SEA@TEX,2190019,K_PROP,away,Bryan Woo,,3.66,0.2035,UNDER,5.5,,UNDER,0,1,3.66,3.66,0.041412,0.227528,1,,UNDER,1,-3.010,UNDER
2251460,2026-07-24,SEA@TEX,2190020,K_PROP,home,Nathan Eovaldi,,5.69,0.4123,UNDER,6.5,,UNDER,5,1,0.69,0.69,0.169991,0.531539,1,,UNDER,1,0.570,UNDER
2251461,2026-07-24,ATH@MIN,2190021,K_PROP,away,Mason Barnett,,1.57,0.2394,UNDER,2.5,,OVER,4,0,-2.43,2.43,0.578512,1.429619,1,,OVER,0,1.860,UNDER
2251461,2026-07-24,ATH@MIN,2190022,K_PROP,home,Zebby Matthews,,2.4,0.1189,UNDER,4.5,,UNDER,1,1,1.40,1.40,0.014137,0.126584,1,,UNDER,1,-1.400,UNDER
2251462,2026-07-24,CIN@STL,2190023,K_PROP,away,Hunter Greene,,5.9,0.4482,UNDER,6.5,,UNDER,4,1,1.90,1.90,0.200883,0.594570,1,,OVER,0,1.400,UNDER
2251462,2026-07-24,CIN@STL,2190024,K_PROP,home,Andre Pallante,,2.19,0.0895,UNDER,4.5,,OVER,8,0,-5.81,5.81,0.829010,2.413517,1,,OVER,0,4.080,UNDER
2251463,2026-07-24,LAA@SF,2190025,K_PROP,away,Ryan Johnson,,2.71,0.3319,UNDER,3.5,,UNDER,3,1,-0.29,0.29,0.110158,0.403317,1,,UNDER,1,0.290,UNDER
2251463,2026-07-24,LAA@SF,2190026,K_PROP,home,Robbie Ray,,3.75,0.2187,UNDER,5.5,,UNDER,4,1,-0.25,0.25,0.047830,0.246796,1,,UNDER,1,0.250,UNDER
2251450,2026-07-24,COL@MIL,2220001,K_PROP,home,Robert Gasser,,3.33,0.1533,UNDER,5.5,,OVER,6,0,-2.67,2.67,0.716901,1.875358,1,,OVER,0,0.650,UNDER
2253825,2026-07-24,ARI@WSH,2220002,K_PROP,home,Foster Griffin,,3.3,0.2839,UNDER,4.5,,UNDER,1,1,2.30,2.30,0.080599,0.333935,1,,UNDER,0,-1.230,UNDER
2251458,2026-07-24,SD@MIA,2250001,K_PROP,home,Eury Perez,,3.35,0.1559,UNDER,5.5,,UNDER,4,1,-0.65,0.65,0.024305,0.169484,1,,OVER,1,-0.190,UNDER
2251451,2026-07-24,KC@DET,2280001,K_PROP,away,Michael Wacha,,3,0.1078,UNDER,5.5,,UNDER,0,1,3.00,3.00,0.011621,0.114065,1,,UNDER,1,-3.010,PASS
2251464,2026-07-25,KC@DET,2310001,K_PROP,home,Casey Mize,,3.84,0.2345,UNDER,5.5,,,,,,,,,0,not-completed,,,,UNDER
2251464,2026-07-25,KC@DET,2310002,K_PROP,away,Michael Wacha,,3.09,0.1196,UNDER,5.5,,,,,,,,,0,not-completed,,,,UNDER
2253837,2026-07-25,ARI@WSH,2310003,K_PROP,away,Mitch Bratt,,1.44,0.0709,UNDER,3.5,,,,,,,,,0,not-completed,,,,UNDER
2251465,2026-07-25,LAA@SF,2310004,K_PROP,away,Ryan Johnson,,2.71,0.3319,UNDER,3.5,,,,,,,,,0,not-completed,,,,UNDER
2251465,2026-07-25,LAA@SF,2310005,K_PROP,home,Robbie Ray,,3.47,0.1746,UNDER,5.5,,,,,,,,,0,not-completed,,,,UNDER
2253837,2026-07-25,ARI@WSH,2310006,K_PROP,home,Foster Griffin,,3.3,0.2839,UNDER,4.5,,,,,,,,,0,not-completed,,,,UNDER
2251466,2026-07-25,TOR@BOS,2310007,K_PROP,home,Sonny Gray,,2.7,0.1687,UNDER,4.5,,,,,,,,,0,not-completed,,,,UNDER
2251467,2026-07-25,SD@MIA,2310008,K_PROP,home,Eury Perez,,3.36,0.1567,UNDER,5.5,,,,,,,,,0,not-completed,,,,UNDER
2251467,2026-07-25,SD@MIA,2310009,K_PROP,away,JP Sears,,3.16,0.4405,UNDER,3.5,,,,,,,,,0,not-completed,,,,UNDER
2251466,2026-07-25,TOR@BOS,2310010,K_PROP,away,Dylan Cease,,7.95,0.6192,OVER,7.5,,,,,,,,,0,not-completed,,,,PASS
2251468,2026-07-25,NYY@PHI,2310011,K_PROP,away,Ryan Weathers,,6.2,0.6532,OVER,5.5,,,,,,,,,0,not-completed,,,,PASS
2251469,2026-07-25,CLE@TB,2310012,K_PROP,away,Tanner Bibee,,2.35,0.1123,UNDER,4.5,,,,,,,,,0,not-completed,,,,UNDER
2251469,2026-07-25,CLE@TB,2310013,K_PROP,home,Nick Martinez,,1.88,0.1465,UNDER,3.5,,,,,,,,,0,not-completed,,,,UNDER
2251470,2026-07-25,CHC@PIT,2310014,K_PROP,away,Shota Imanaga,,4.96,0.4422,UNDER,5.5,,,,,,,,,0,not-completed,,,,UNDER
2251470,2026-07-25,CHC@PIT,2310015,K_PROP,home,Paul Skenes,,6.12,0.4854,UNDER,6.5,,,,,,,,,0,not-completed,,,,UNDER
2251471,2026-07-25,ATL@BAL,2310016,K_PROP,away,Bryce Elder,,3.47,0.3174,UNDER,4.5,,,,,,,,,0,not-completed,,,,UNDER
2251471,2026-07-25,ATL@BAL,2310017,K_PROP,home,Brandon Young,,2.12,0.0814,UNDER,4.5,,,,,,,,,0,not-completed,,,,UNDER
2251472,2026-07-25,ATH@MIN,2310018,K_PROP,away,Mason Barnett,,1.62,0.2532,UNDER,2.5,,,,,,,,,0,not-completed,,,,UNDER
2251474,2026-07-25,COL@MIL,2310019,K_PROP,away,Ryan Feltner,,2.36,0.1137,UNDER,4.5,,,,,,,,,0,not-completed,,,,UNDER
2251473,2026-07-25,HOU@CWS,2310020,K_PROP,home,Sean Burke,,3.5,0.1784,UNDER,5.5,,,,,,,,,0,not-completed,,,,UNDER
2251473,2026-07-25,HOU@CWS,2310021,K_PROP,away,Hunter Brown,,5.61,0.5586,OVER,5.5,,,,,,,,,0,not-completed,,,,OVER
2251474,2026-07-25,COL@MIL,2310022,K_PROP,home,Robert Gasser,,3.33,0.1533,UNDER,5.5,,,,,,,,,0,not-completed,,,,UNDER
2251476,2026-07-25,CIN@STL,2310023,K_PROP,away,Hunter Greene,,5.93,0.4524,UNDER,6.5,,,,,,,,,0,not-completed,,,,UNDER
2251475,2026-07-25,LAD@NYM,2310024,K_PROP,away,Yoshinobu Yamamoto,,4.01,0.1452,UNDER,6.5,,,,,,,,,0,not-completed,,,,UNDER
2251475,2026-07-25,LAD@NYM,2310025,K_PROP,home,Nolan McLean,,6.33,0.5192,UNDER,6.5,,,,,,,,,0,not-completed,,,,PASS
2251477,2026-07-25,SEA@TEX,2310026,K_PROP,away,Bryan Woo,,3.63,0.1994,UNDER,5.5,,,,,,,,,0,not-completed,,,,UNDER
2251476,2026-07-25,CIN@STL,2310027,K_PROP,home,Andre Pallante,,2.26,0.0988,UNDER,4.5,,,,,,,,,0,not-completed,,,,UNDER
2251477,2026-07-25,SEA@TEX,2310028,K_PROP,home,Nathan Eovaldi,,5.7,0.4138,UNDER,6.5,,,,,,,,,0,not-completed,,,,UNDER
