gamePk,season,officialDate,gameDate,gameType,seriesDescription,doubleHeader,gameNumber,status,codedState,away,awayId,awayScore,home,homeId,homeScore,winner,loser,save,innings,venue,dayNight,seriesGameNumber,gamesInSeries,isTie,resumeDate,rescheduleDate
745444,2024,2024-03-20,2024-03-20T10:05:00Z,R,Regular Season,N,1,Final,F,Los Angeles Dodgers,119,5,San Diego Padres,135,2,Daniel Hudson,Jhony Brito,Evan Phillips,9,Gocheok Sky Dome,night,1,2,False,,
746175,2024,2024-03-21,2024-03-21T10:05:00Z,R,Regular Season,N,1,Final,F,San Diego Padres,135,15,Los Angeles Dodgers,119,11,Michael King,Yoshinobu Yamamoto,Robert Suarez,9,Gocheok Sky Dome,night,2,2,False,,
747060,2024,2024-03-28,2024-03-28T19:05:00Z,R,Regular Season,N,1,Final,F,Los Angeles Angels,108,3,Baltimore Orioles,110,11,Corbin Burnes,Patrick Sandoval,,9,Oriole Park at Camden Yards,day,1,3,False,,
745116,2024,2024-03-28,2024-03-28T20:10:00Z,R,Regular Season,N,1,Final,F,Toronto Blue Jays,141,8,Tampa Bay Rays,139,2,José Berríos,Zach Eflin,,9,Tropicana Field,day,1,4,False,,
745445,2024,2024-03-28,2024-03-28T20:10:00Z,R,Regular Season,N,1,Final,F,San Francisco Giants,137,4,San Diego Padres,135,6,Yuki Matsui,Luke Jackson,Robert Suarez,9,Petco Park,day,1,4,False,,
746089,2024,2024-03-28,2024-03-28T20:10:00Z,R,Regular Season,N,1,Final,F,Pittsburgh Pirates,134,6,Miami Marlins,146,5,Luis Ortiz,Declan Cronin,Jose E. Hernandez,12,loanDepot park,day,1,4,False,,
746165,2024,2024-03-28,2024-03-28T20:10:00Z,R,Regular Season,N,1,Final,F,St. Louis Cardinals,138,1,Los Angeles Dodgers,119,7,Tyler Glasnow,Miles Mikolas,Ryan Yarbrough,9,Dodger Stadium,day,1,4,False,,
746335,2024,2024-03-28,2024-03-28T20:10:00Z,R,Regular Season,N,1,Final,F,Minnesota Twins,142,4,Kansas City Royals,118,1,Pablo López,Cole Ragans,Griffin Jax,9,Kauffman Stadium,day,1,3,False,,
746418,2024,2024-03-28,2024-03-28T20:10:00Z,R,Regular Season,N,1,Final,F,New York Yankees,147,5,Houston Astros,117,4,Jonathan Loáisiga,Ryan Pressly,Clay Holmes,9,Minute Maid Park,day,1,4,False,,
746737,2024,2024-03-28,2024-03-28T20:10:00Z,R,Regular Season,N,1,Final,F,Washington Nationals,120,2,Cincinnati Reds,113,8,Frankie Montas,Josiah Gray,,9,Great American Ball Park,day,1,3,False,,
746821,2024,2024-03-28,2024-03-28T20:10:00Z,R,Regular Season,N,1,Final,F,Detroit Tigers,116,1,Chicago White Sox,145,0,Tarik Skubal,Garrett Crochet,Jason Foley,9,Guaranteed Rate Field,day,1,3,False,,
745039,2024,2024-03-28,2024-03-28T23:35:00Z,R,Regular Season,N,1,Final,F,Chicago Cubs,112,3,Texas Rangers,140,4,David Robertson,Drew Smyly,,10,Globe Life Field,night,1,3,False,,
745687,2024,2024-03-28,2024-03-29T02:07:00Z,R,Regular Season,N,1,Final,F,Cleveland Guardians,114,8,Oakland Athletics,133,0,Shane Bieber,Alex Wood,,9,Oakland Coliseum,night,1,4,False,,
745283,2024,2024-03-28,2024-03-29T02:10:00Z,R,Regular Season,N,1,Final,F,Boston Red Sox,111,6,Seattle Mariners,136,4,Brayan Bello,Luis Castillo,Kenley Jansen,9,T-Mobile Park,night,1,4,False,,
747224,2024,2024-03-28,2024-03-29T02:10:00Z,R,Regular Season,N,1,Final,F,Colorado Rockies,115,1,Arizona Diamondbacks,109,16,Zac Gallen,Kyle Freeland,,9,Chase Field,night,1,4,False,,
745848,2024,2024-03-29,2024-03-29T17:40:00Z,R,Regular Season,N,1,Final,F,Milwaukee Brewers,158,3,New York Mets,121,1,Freddy Peralta,Jose Quintana,Abner Uribe,9,Citi Field,day,1,3,False,,
745604,2024,2024-03-29,2024-03-29T19:05:00Z,R,Regular Season,N,1,Final,F,Atlanta Braves,144,9,Philadelphia Phillies,143,3,Pierce Johnson,José Alvarado,,9,Citizens Bank Park,day,1,3,False,,
745117,2024,2024-03-29,2024-03-29T22:50:00Z,R,Regular Season,N,1,Final,F,Toronto Blue Jays,141,2,Tampa Bay Rays,139,8,Aaron Civale,Chris Bassitt,,9,Tropicana Field,night,2,4,False,,
746091,2024,2024-03-29,2024-03-29T23:10:00Z,R,Regular Season,N,1,Final,F,Pittsburgh Pirates,134,7,Miami Marlins,146,2,Ryder Ryan,A.J. Puk,Josh Fleming,9,loanDepot park,night,2,4,False,,
746412,2024,2024-03-29,2024-03-30T00:10:00Z,R,Regular Season,N,1,Final,F,New York Yankees,147,7,Houston Astros,117,1,Luke Weaver,Tayler Scott,,9,Minute Maid Park,night,2,4,False,,
745276,2024,2024-03-29,2024-03-30T01:40:00Z,R,Regular Season,N,1,Final,F,Boston Red Sox,111,0,Seattle Mariners,136,1,George Kirby,Nick Pivetta,Andrés Muñoz,9,T-Mobile Park,night,2,4,False,,
745435,2024,2024-03-29,2024-03-30T01:40:00Z,R,Regular Season,N,1,Final,F,San Francisco Giants,137,8,San Diego Padres,135,3,Kyle Harrison,Joe Musgrove,,9,Petco Park,night,2,4,False,,
745682,2024,2024-03-29,2024-03-30T01:40:00Z,R,Regular Season,N,1,Final,F,Cleveland Guardians,114,6,Oakland Athletics,133,4,Logan Allen,Ross Stripling,Emmanuel Clase,9,Oakland Coliseum,night,2,4,False,,
747223,2024,2024-03-29,2024-03-30T01:40:00Z,R,Regular Season,N,1,Final,F,Colorado Rockies,115,3,Arizona Diamondbacks,109,7,Merrill Kelly,Cal Quantrill,,9,Chase Field,night,2,4,False,,
746167,2024,2024-03-29,2024-03-30T02:10:00Z,R,Regular Season,N,1,Final,F,St. Louis Cardinals,138,3,Los Angeles Dodgers,119,6,Bobby Miller,Zack Thompson,Evan Phillips,9,Dodger Stadium,night,2,4,False,,
745850,2024,2024-03-30,2024-03-30T17:40:00Z,R,Regular Season,N,1,Final,F,Milwaukee Brewers,158,7,New York Mets,121,6,Elvis Peguero,Luis Severino,Abner Uribe,9,Citi Field,day,2,3,False,,
746818,2024,2024-03-30,2024-03-30T18:10:00Z,R,Regular Season,N,1,Final,F,Detroit Tigers,116,7,Chicago White Sox,145,6,Shelby Miller,Deivi García,,10,Guaranteed Rate Field,day,2,3,False,,
745599,2024,2024-03-30,2024-03-30T20:05:00Z,R,Regular Season,N,1,Final,F,Atlanta Braves,144,12,Philadelphia Phillies,143,4,Jesse Chavez,Aaron Nola,,9,Citizens Bank Park,day,2,3,False,,
747063,2024,2024-03-30,2024-03-30T20:05:00Z,R,Regular Season,N,1,Final,F,Los Angeles Angels,108,4,Baltimore Orioles,110,13,Grayson Rodriguez,Griffin Canning,,9,Oriole Park at Camden Yards,day,2,3,False,,
745684,2024,2024-03-30,2024-03-30T20:07:00Z,R,Regular Season,N,1,Final,F,Cleveland Guardians,114,12,Oakland Athletics,133,3,Nick Sandlin,JP Sears,,9,Oakland Coliseum,day,3,4,False,,
745119,2024,2024-03-30,2024-03-30T20:10:00Z,R,Regular Season,N,1,Final,F,Toronto Blue Jays,141,1,Tampa Bay Rays,139,5,Zack Littell,Yusei Kikuchi,,9,Tropicana Field,day,3,4,False,,
746087,2024,2024-03-30,2024-03-30T20:10:00Z,R,Regular Season,N,1,Final,F,Pittsburgh Pirates,134,9,Miami Marlins,146,3,Jared Jones,Ryan Weathers,,9,loanDepot park,day,3,4,False,,
746333,2024,2024-03-30,2024-03-30T20:10:00Z,R,Regular Season,N,1,Final,F,Minnesota Twins,142,5,Kansas City Royals,118,1,Griffin Jax,Will Smith,,9,Kauffman Stadium,day,2,3,False,,
746736,2024,2024-03-30,2024-03-30T20:10:00Z,R,Regular Season,N,1,Final,F,Washington Nationals,120,7,Cincinnati Reds,113,6,Hunter Harvey,Alexis Díaz,Kyle Finnegan,9,Great American Ball Park,day,2,3,False,,
745037,2024,2024-03-30,2024-03-30T23:05:00Z,R,Regular Season,N,1,Final,F,Chicago Cubs,112,2,Texas Rangers,140,11,Cody Bradford,Kyle Hendricks,,9,Globe Life Field,night,2,3,False,,
745436,2024,2024-03-30,2024-03-30T23:15:00Z,R,Regular Season,N,1,Final,F,San Francisco Giants,137,9,San Diego Padres,135,6,Jordan Hicks,Dylan Cease,,9,Petco Park,day,3,4,False,,
746410,2024,2024-03-30,2024-03-30T23:15:00Z,R,Regular Season,N,1,Final,F,New York Yankees,147,5,Houston Astros,117,3,Marcus Stroman,Bryan Abreu,Clay Holmes,9,Minute Maid Park,night,3,4,False,,
747221,2024,2024-03-30,2024-03-31T00:10:00Z,R,Regular Season,N,1,Final,F,Colorado Rockies,115,9,Arizona Diamondbacks,109,4,Peter Lambert,Tommy Henry,,9,Chase Field,night,3,4,False,,
746168,2024,2024-03-30,2024-03-31T01:10:00Z,R,Regular Season,N,1,Final,F,St. Louis Cardinals,138,6,Los Angeles Dodgers,119,5,Ryan Helsley,Kyle Hurt,Giovanny Gallegos,10,Dodger Stadium,night,3,4,False,,
745278,2024,2024-03-30,2024-03-31T01:40:00Z,R,Regular Season,N,1,Final,F,Boston Red Sox,111,3,Seattle Mariners,136,4,Tayler Saucedo,Joely Rodríguez,,10,T-Mobile Park,night,3,4,False,,
745602,2024,2024-03-31,2024-03-31T17:35:00Z,R,Regular Season,N,1,Final,F,Atlanta Braves,144,4,Philadelphia Phillies,143,5,Matt Strahm,Aaron Bummer,José Alvarado,9,Citizens Bank Park,day,3,3,False,,
747062,2024,2024-03-31,2024-03-31T17:35:00Z,R,Regular Season,N,1,Final,F,Los Angeles Angels,108,4,Baltimore Orioles,110,1,Reid Detmers,Tyler Wells,Carlos Estévez,9,Oriole Park at Camden Yards,day,3,3,False,,
745115,2024,2024-03-31,2024-03-31T17:40:00Z,R,Regular Season,N,1,Final,F,Toronto Blue Jays,141,9,Tampa Bay Rays,139,2,Mitch White,Shawn Armstrong,,9,Tropicana Field,day,4,4,False,,
745845,2024,2024-03-31,2024-03-31T17:40:00Z,R,Regular Season,N,1,Final,F,Milwaukee Brewers,158,4,New York Mets,121,1,Colin Rea,Tylor Megill,Joel Payamps,9,Citi Field,day,3,3,False,,
746090,2024,2024-03-31,2024-03-31T17:40:00Z,R,Regular Season,N,1,Final,F,Pittsburgh Pirates,134,9,Miami Marlins,146,7,David Bednar,Tanner Scott,Hunter Stratton,10,loanDepot park,day,4,4,False,,
746739,2024,2024-03-31,2024-03-31T17:40:00Z,R,Regular Season,N,1,Final,F,Washington Nationals,120,5,Cincinnati Reds,113,6,Lucas Sims,Kyle Finnegan,,9,Great American Ball Park,day,3,3,False,,
746332,2024,2024-03-31,2024-03-31T18:10:00Z,R,Regular Season,N,1,Final,F,Minnesota Twins,142,0,Kansas City Royals,118,11,Brady Singer,Bailey Ober,,9,Kauffman Stadium,day,3,3,False,,
746413,2024,2024-03-31,2024-03-31T18:10:00Z,R,Regular Season,N,1,Final,F,New York Yankees,147,4,Houston Astros,117,3,Nick Burdi,Josh Hader,Clay Holmes,9,Minute Maid Park,day,4,4,False,,
746815,2024,2024-03-31,2024-03-31T18:10:00Z,R,Regular Season,N,1,Final,F,Detroit Tigers,116,3,Chicago White Sox,145,2,Tyler Holton,Steven Wilson,Jason Foley,9,Guaranteed Rate Field,day,3,3,False,,
745035,2024,2024-03-31,2024-03-31T18:35:00Z,R,Regular Season,N,1,Final,F,Chicago Cubs,112,9,Texas Rangers,140,5,Héctor Neris,José Leclerc,,9,Globe Life Field,day,3,3,False,,
745683,2024,2024-03-31,2024-03-31T20:07:00Z,R,Regular Season,N,1,Final,F,Cleveland Guardians,114,3,Oakland Athletics,133,4,Dany Jiménez,Scott Barlow,,9,Oakland Coliseum,day,4,4,False,,
745279,2024,2024-03-31,2024-03-31T20:10:00Z,R,Regular Season,N,1,Final,F,Boston Red Sox,111,5,Seattle Mariners,136,1,Garrett Whitlock,Bryce Miller,Justin Slaten,9,T-Mobile Park,day,4,4,False,,
745438,2024,2024-03-31,2024-03-31T20:10:00Z,R,Regular Season,N,1,Final,F,San Francisco Giants,137,4,San Diego Padres,135,13,Pedro Avila,Daulton Jefferies,,9,Petco Park,day,4,4,False,,
747222,2024,2024-03-31,2024-03-31T20:10:00Z,R,Regular Season,N,1,Final,F,Colorado Rockies,115,1,Arizona Diamondbacks,109,5,Brandon Pfaadt,Ryan Feltner,,9,Chase Field,day,4,4,False,,
746166,2024,2024-03-31,2024-03-31T23:10:00Z,R,Regular Season,N,1,Final,F,St. Louis Cardinals,138,4,Los Angeles Dodgers,119,5,Nabil Crismatt,John King,Daniel Hudson,9,Dodger Stadium,day,4,4,False,,
746817,2024,2024-04-01,2024-04-01T18:10:00Z,R,Regular Season,N,1,Completed Early,F,Atlanta Braves,144,9,Chicago White Sox,145,0,Charlie Morton,Chris Flexen,,8,Guaranteed Rate Field,day,1,2,False,,
746899,2024,2024-04-01,2024-04-01T18:20:00Z,R,Regular Season,N,1,Final,F,Colorado Rockies,115,0,Chicago Cubs,112,5,Shota Imanaga,Dakota Hudson,,9,Wrigley Field,day,1,3,False,,
744875,2024,2024-04-01,2024-04-01T20:05:00Z,R,Regular Season,N,1,Final,F,Pittsburgh Pirates,134,8,Washington Nationals,120,4,Roansy Contreras,Robert Garcia,Aroldis Chapman,9,Nationals Park,day,1,3,False,,
747058,2024,2024-04-01,2024-04-01T22:35:00Z,R,Regular Season,N,1,Final,F,Kansas City Royals,118,4,Baltimore Orioles,110,6,Craig Kimbrel,Nick Anderson,,9,Oriole Park at Camden Yards,night,1,3,False,,
745600,2024,2024-04-01,2024-04-01T22:40:00Z,R,Regular Season,N,1,Final,F,Cincinnati Reds,113,6,Philadelphia Phillies,143,3,Alexis Díaz,Connor Brogdon,,10,Citizens Bank Park,night,1,3,False,,
746085,2024,2024-04-01,2024-04-01T22:40:00Z,R,Regular Season,N,1,Final,F,Los Angeles Angels,108,7,Miami Marlins,146,4,Adam Cimber,Tanner Scott,Carlos Estévez,9,loanDepot park,night,1,3,False,,
745109,2024,2024-04-01,2024-04-01T22:50:00Z,R,Regular Season,N,1,Final,F,Texas Rangers,140,9,Tampa Bay Rays,139,3,Dane Dunning,Ryan Pepiot,,9,Tropicana Field,night,1,3,False,,
745842,2024,2024-04-01,2024-04-01T23:10:00Z,R,Regular Season,N,1,Final,F,Detroit Tigers,116,5,New York Mets,121,0,Jason Foley,Michael Tonkin,,10,Citi Field,night,1,3,False,,
746409,2024,2024-04-01,2024-04-02T00:10:00Z,R,Regular Season,N,1,Final,F,Toronto Blue Jays,141,0,Houston Astros,117,10,Ronel Blanco,Bowden Francis,,9,Minute Maid Park,night,1,3,False,,
745277,2024,2024-04-01,2024-04-02T01:40:00Z,R,Regular Season,N,1,Final,F,Cleveland Guardians,114,4,Seattle Mariners,136,5,Emerson Hancock,Triston McKenzie,Ryne Stanek,9,T-Mobile Park,night,1,3,False,,
745437,2024,2024-04-01,2024-04-02T01:40:00Z,R,Regular Season,N,1,Final,F,St. Louis Cardinals,138,6,San Diego Padres,135,2,Kyle Gibson,Matt Waldron,,9,Petco Park,night,1,3,False,,
745675,2024,2024-04-01,2024-04-02T01:40:00Z,R,Regular Season,N,1,Final,F,Boston Red Sox,111,9,Oakland Athletics,133,0,Tanner Houck,Joe Boyle,Chase Anderson,9,Oakland Coliseum,night,1,3,False,,
747218,2024,2024-04-01,2024-04-02T01:40:00Z,R,Regular Season,N,1,Final,F,New York Yankees,147,5,Arizona Diamondbacks,109,2,Luke Weaver,Ryne Nelson,Victor González,9,Chase Field,night,1,3,False,,
746170,2024,2024-04-01,2024-04-02T02:10:00Z,R,Regular Season,N,1,Final,F,San Francisco Giants,137,3,Los Angeles Dodgers,119,8,James Paxton,Keaton Winn,,9,Dodger Stadium,night,1,3,False,,
746009,2024,2024-04-02,2024-04-02T20:10:00Z,R,Regular Season,N,1,Final,F,Minnesota Twins,142,2,Milwaukee Brewers,158,3,Elvis Peguero,Louis Varland,Abner Uribe,9,American Family Field,day,1,2,False,,
747057,2024,2024-04-02,2024-04-02T22:35:00Z,R,Regular Season,N,1,Final,F,Kansas City Royals,118,4,Baltimore Orioles,110,1,Alec Marsh,Cole Irvin,Will Smith,9,Oriole Park at Camden Yards,night,2,3,False,,
745598,2024,2024-04-02,2024-04-02T22:40:00Z,R,Regular Season,N,1,Final,F,Cincinnati Reds,113,4,Philadelphia Phillies,143,9,Spencer Turnbull,Graham Ashcraft,Ricardo Pinto,9,Citizens Bank Park,night,2,3,False,,
746086,2024,2024-04-02,2024-04-02T22:40:00Z,R,Regular Season,N,1,Final,F,Los Angeles Angels,108,3,Miami Marlins,146,1,Tyler Anderson,Jesús Luzardo,Luis García,9,loanDepot park,night,2,3,False,,
745111,2024,2024-04-02,2024-04-02T22:50:00Z,R,Regular Season,N,1,Final,F,Texas Rangers,140,2,Tampa Bay Rays,139,5,Zach Eflin,Andrew Heaney,,9,Tropicana Field,night,2,3,False,,
746814,2024,2024-04-02,2024-04-02T23:40:00Z,R,Regular Season,N,1,Final,F,Atlanta Braves,144,2,Chicago White Sox,145,3,Garrett Crochet,A.J. Minter,Michael Kopech,9,Guaranteed Rate Field,night,2,2,False,,
746898,2024,2024-04-02,2024-04-02T23:40:00Z,R,Regular Season,N,1,Final,F,Colorado Rockies,115,2,Chicago Cubs,112,12,Javier Assad,Kyle Freeland,,9,Wrigley Field,night,2,3,False,,
746411,2024,2024-04-02,2024-04-03T00:10:00Z,R,Regular Season,N,1,Final,F,Toronto Blue Jays,141,2,Houston Astros,117,1,Chad Green,Josh Hader,,9,Minute Maid Park,night,2,3,False,,
745273,2024,2024-04-02,2024-04-03T01:40:00Z,R,Regular Season,N,1,Final,F,Cleveland Guardians,114,5,Seattle Mariners,136,2,Shane Bieber,Luis Castillo,Emmanuel Clase,9,T-Mobile Park,night,2,3,False,,
745439,2024,2024-04-02,2024-04-03T01:40:00Z,R,Regular Season,N,1,Final,F,St. Louis Cardinals,138,5,San Diego Padres,135,2,Miles Mikolas,Yu Darvish,Ryan Helsley,9,Petco Park,night,2,3,False,,
745680,2024,2024-04-02,2024-04-03T01:40:00Z,R,Regular Season,N,1,Final,F,Boston Red Sox,111,5,Oakland Athletics,133,4,Josh Winckowski,Mitch Spence,,11,Oakland Coliseum,night,2,3,False,,
747220,2024,2024-04-02,2024-04-03T01:40:00Z,R,Regular Season,N,1,Final,F,New York Yankees,147,0,Arizona Diamondbacks,109,7,Zac Gallen,Nestor Cortes,,9,Chase Field,night,2,3,False,,
746169,2024,2024-04-02,2024-04-03T02:10:00Z,R,Regular Season,N,1,Final,F,San Francisco Giants,137,4,Los Angeles Dodgers,119,5,Ryan Yarbrough,Logan Webb,Evan Phillips,9,Dodger Stadium,night,2,3,False,,
747059,2024,2024-04-03,2024-04-03T17:05:00Z,R,Regular Season,N,1,Final,F,Kansas City Royals,118,3,Baltimore Orioles,110,4,Yennier Cano,Will Smith,,9,Oriole Park at Camden Yards,day,3,3,False,,
745114,2024,2024-04-03,2024-04-03T17:10:00Z,R,Regular Season,N,1,Final,F,Texas Rangers,140,4,Tampa Bay Rays,139,1,Nathan Eovaldi,Aaron Civale,,9,Tropicana Field,day,3,3,False,,
746008,2024,2024-04-03,2024-04-03T17:10:00Z,R,Regular Season,N,1,Final,F,Minnesota Twins,142,7,Milwaukee Brewers,158,3,Daniel Duarte,Joel Payamps,,9,American Family Field,day,2,2,False,,
746083,2024,2024-04-03,2024-04-03T17:10:00Z,R,Regular Season,N,1,Final,F,Los Angeles Angels,108,10,Miami Marlins,146,2,Patrick Sandoval,A.J. Puk,Guillo Zuñiga,9,loanDepot park,day,3,3,False,,
745678,2024,2024-04-03,2024-04-03T19:37:00Z,R,Regular Season,N,1,Final,F,Boston Red Sox,111,1,Oakland Athletics,133,0,Nick Pivetta,Ross Stripling,Kenley Jansen,9,Oakland Coliseum,day,3,3,False,,
747219,2024,2024-04-03,2024-04-03T19:40:00Z,R,Regular Season,N,1,Final,F,New York Yankees,147,6,Arizona Diamondbacks,109,5,Clay Holmes,Scott McGough,Caleb Ferguson,11,Chase Field,day,3,3,False,,
745603,2024,2024-04-03,2024-04-03T20:05:00Z,R,Regular Season,N,1,Final,F,Cincinnati Reds,113,4,Philadelphia Phillies,143,1,Frankie Montas,Zack Wheeler,Alexis Díaz,9,Citizens Bank Park,day,3,3,False,,
745275,2024,2024-04-03,2024-04-03T20:10:00Z,R,Regular Season,N,1,Final,F,Cleveland Guardians,114,8,Seattle Mariners,136,0,Logan Allen,George Kirby,,9,T-Mobile Park,day,3,3,False,,
745440,2024,2024-04-03,2024-04-03T20:10:00Z,R,Regular Season,N,1,Final,F,St. Louis Cardinals,138,2,San Diego Padres,135,3,Joe Musgrove,Zack Thompson,Robert Suarez,9,Petco Park,day,3,3,False,,
744869,2024,2024-04-03,2024-04-03T22:45:00Z,R,Regular Season,N,1,Final,F,Pittsburgh Pirates,134,3,Washington Nationals,120,5,Trevor Williams,Mitch Keller,Kyle Finnegan,9,Nationals Park,night,2,3,False,,
746900,2024,2024-04-03,2024-04-03T23:40:00Z,R,Regular Season,N,1,Final,F,Colorado Rockies,115,8,Chicago Cubs,112,9,Adbert Alzolay,Nick Mears,,9,Wrigley Field,night,3,3,False,,
746407,2024,2024-04-03,2024-04-04T00:10:00Z,R,Regular Season,N,1,Final,F,Toronto Blue Jays,141,0,Houston Astros,117,8,Cristian Javier,Chris Bassitt,,9,Minute Maid Park,night,3,3,False,,
746163,2024,2024-04-03,2024-04-04T02:10:00Z,R,Regular Season,N,1,Final,F,San Francisco Giants,137,4,Los Angeles Dodgers,119,5,Tyler Glasnow,Kyle Harrison,Dinelson Lamet,9,Dodger Stadium,night,3,3,False,,
745844,2024,2024-04-04,2024-04-04T16:10:00Z,R,Regular Season,Y,1,Final,F,Detroit Tigers,116,6,New York Mets,121,3,Shelby Miller,Michael Tonkin,,11,Citi Field,day,2,3,False,,
745843,2024,2024-04-04,2024-04-04T16:15:00Z,R,Regular Season,Y,2,Final,F,Detroit Tigers,116,1,New York Mets,121,2,Reed Garrett,Alex Faedo,,9,Citi Field,day,3,3,False,,
744870,2024,2024-04-04,2024-04-04T20:05:00Z,R,Regular Season,N,1,Final,F,Pittsburgh Pirates,134,7,Washington Nationals,120,4,Martín Pérez,Josiah Gray,David Bednar,9,Nationals Park,day,3,3,False,,
745928,2024,2024-04-04,2024-04-04T20:10:00Z,R,Regular Season,N,1,Final,F,Cleveland Guardians,114,4,Minnesota Twins,142,2,Tanner Bibee,Pablo López,Emmanuel Clase,9,Target Field,day,1,2,False,,
745200,2024,2024-04-04,2024-04-04T20:15:00Z,R,Regular Season,N,1,Final,F,Miami Marlins,146,5,St. Louis Cardinals,138,8,Giovanny Gallegos,Sixto Sánchez,Ryan Helsley,9,Busch Stadium,day,1,3,False,,
746327,2024,2024-04-04,2024-04-04T23:40:00Z,R,Regular Season,N,1,Final,F,Chicago White Sox,145,1,Kansas City Royals,118,10,Seth Lugo,Michael Soroka,,9,Kauffman Stadium,night,1,4,False,,
745764,2024,2024-04-05,2024-04-05T17:05:00Z,R,Regular Season,N,1,Final,F,Toronto Blue Jays,141,3,New York Yankees,147,0,Yimi García,Caleb Ferguson,Chad Green,9,Yankee Stadium,day,1,3,False,,
746497,2024,2024-04-05,2024-04-05T17:10:00Z,R,Regular Season,N,1,Final,F,Oakland Athletics,133,4,Detroit Tigers,116,5,Jason Foley,Lucas Erceg,Alex Lange,9,Comerica Park,day,1,3,False,,
746897,2024,2024-04-05,2024-04-05T18:20:00Z,R,Regular Season,N,1,Final,F,Los Angeles Dodgers,119,7,Chicago Cubs,112,9,Drew Smyly,Bobby Miller,Adbert Alzolay,9,Wrigley Field,day,1,3,False,,
746576,2024,2024-04-05,2024-04-05T20:10:00Z,R,Regular Season,N,1,Final,F,Tampa Bay Rays,139,7,Colorado Rockies,115,10,Jalen Beeks,Pete Fairbanks,,9,Coors Field,day,1,3,False,,
745524,2024,2024-04-05,2024-04-05T20:12:00Z,R,Regular Season,N,1,Final,F,Baltimore Orioles,110,5,Pittsburgh Pirates,134,2,Grayson Rodriguez,Jared Jones,Craig Kimbrel,9,PNC Park,day,1,3,False,,
745361,2024,2024-04-05,2024-04-05T20:35:00Z,R,Regular Season,N,1,Final,F,San Diego Padres,135,2,San Francisco Giants,137,3,Camilo Doval,Enyel De Los Santos,,9,Oracle Park,day,1,3,False,,
746733,2024,2024-04-05,2024-04-05T22:40:00Z,R,Regular Season,N,1,Final,F,New York Mets,121,3,Cincinnati Reds,113,2,Drew Smith,Fernando Cruz,Edwin Díaz,9,Great American Ball Park,night,1,3,False,,
744874,2024,2024-04-05,2024-04-05T22:45:00Z,R,Regular Season,N,1,Final,F,Philadelphia Phillies,143,4,Washington Nationals,120,0,Aaron Nola,Patrick Corbin,,9,Nationals Park,night,1,3,False,,
747143,2024,2024-04-05,2024-04-05T23:20:00Z,R,Regular Season,N,1,Final,F,Arizona Diamondbacks,109,5,Atlanta Braves,144,6,Pierce Johnson,Scott McGough,,10,Truist Park,night,1,3,False,,
746328,2024,2024-04-05,2024-04-05T23:40:00Z,R,Regular Season,N,1,Final,F,Chicago White Sox,145,1,Kansas City Royals,118,2,Chris Stratton,Michael Kopech,James McArthur,9,Kauffman Stadium,night,2,4,False,,
745033,2024,2024-04-05,2024-04-06T00:05:00Z,R,Regular Season,N,1,Final,F,Houston Astros,117,2,Texas Rangers,140,10,Cody Bradford,Hunter Brown,,9,Globe Life Field,night,1,4,False,,
746007,2024,2024-04-05,2024-04-06T00:10:00Z,R,Regular Season,N,1,Final,F,Seattle Mariners,136,5,Milwaukee Brewers,158,6,Abner Uribe,Andrés Muñoz,,9,American Family Field,night,1,3,False,,
746249,2024,2024-04-05,2024-04-06T01:38:00Z,R,Regular Season,N,1,Final,F,Boston Red Sox,111,8,Los Angeles Angels,108,6,Chris Martin,José Soriano,Kenley Jansen,9,Angel Stadium,night,1,3,False,,
746498,2024,2024-04-06,2024-04-06T17:10:00Z,R,Regular Season,N,1,Final,F,Oakland Athletics,133,4,Detroit Tigers,116,0,Paul Blackburn,Kenta Maeda,,9,Comerica Park,day,2,3,False,,
745926,2024,2024-04-06,2024-04-06T18:10:00Z,R,Regular Season,N,1,Final,F,Cleveland Guardians,114,3,Minnesota Twins,142,1,Nick Sandlin,Joe Ryan,Emmanuel Clase,9,Target Field,day,2,2,False,,
745197,2024,2024-04-06,2024-04-06T18:15:00Z,R,Regular Season,N,1,Final,F,Miami Marlins,146,1,St. Louis Cardinals,138,3,Steven Matz,Trevor Rogers,Ryan Helsley,9,Busch Stadium,day,2,3,False,,
744873,2024,2024-04-06,2024-04-06T20:05:00Z,R,Regular Season,N,1,Final,F,Philadelphia Phillies,143,5,Washington Nationals,120,2,Ranger Suarez,Jake Irvin,José Alvarado,9,Nationals Park,day,2,3,False,,
745522,2024,2024-04-06,2024-04-06T20:05:00Z,R,Regular Season,N,1,Final,F,Baltimore Orioles,110,4,Pittsburgh Pirates,134,5,Josh Fleming,Jonathan Heasley,,11,PNC Park,day,2,3,False,,
746896,2024,2024-04-06,2024-04-06T20:05:00Z,R,Regular Season,N,1,Final,F,Los Angeles Dodgers,119,4,Chicago Cubs,112,1,Yoshinobu Yamamoto,Jordan Wicks,,9,Wrigley Field,day,2,3,False,,
746731,2024,2024-04-06,2024-04-06T20:10:00Z,R,Regular Season,N,1,Final,F,New York Mets,121,6,Cincinnati Reds,113,9,Emilio Pagán,Yohan Ramírez,,9,Great American Ball Park,day,2,3,False,,
745031,2024,2024-04-06,2024-04-06T23:05:00Z,R,Regular Season,N,1,Final,F,Houston Astros,117,2,Texas Rangers,140,7,Kirby Yates,J.P. France,José Leclerc,9,Globe Life Field,night,2,4,False,,
745766,2024,2024-04-06,2024-04-06T23:05:00Z,R,Regular Season,N,1,Final,F,Toronto Blue Jays,141,8,New York Yankees,147,9,Luke Weaver,Kevin Gausman,Clay Holmes,9,Yankee Stadium,night,2,3,False,,
746006,2024,2024-04-06,2024-04-06T23:10:00Z,R,Regular Season,N,1,Final,F,Seattle Mariners,136,5,Milwaukee Brewers,158,3,Bryce Miller,DL Hall,Andrés Muñoz,9,American Family Field,night,2,3,False,,
746329,2024,2024-04-06,2024-04-06T23:10:00Z,R,Regular Season,N,1,Final,F,Chicago White Sox,145,0,Kansas City Royals,118,3,Michael Wacha,Chris Flexen,Chris Stratton,9,Kauffman Stadium,night,3,4,False,,
747140,2024,2024-04-06,2024-04-06T23:20:00Z,R,Regular Season,N,1,Final,F,Arizona Diamondbacks,109,8,Atlanta Braves,144,9,A.J. Minter,Luis Frías,Raisel Iglesias,9,Truist Park,night,2,3,False,,
746575,2024,2024-04-06,2024-04-07T00:10:00Z,R,Regular Season,N,1,Final,F,Tampa Bay Rays,139,8,Colorado Rockies,115,6,Garrett Cleavinger,Jalen Beeks,Colin Poche,9,Coors Field,night,2,3,False,,
745359,2024,2024-04-06,2024-04-07T01:05:00Z,R,Regular Season,N,1,Final,F,San Diego Padres,135,4,San Francisco Giants,137,0,Michael King,Keaton Winn,,9,Oracle Park,night,2,3,False,,
746248,2024,2024-04-06,2024-04-07T01:38:00Z,R,Regular Season,N,1,Final,F,Boston Red Sox,111,1,Los Angeles Angels,108,2,Reid Detmers,Greg Weissert,Carlos Estévez,9,Angel Stadium,night,2,3,False,,
744871,2024,2024-04-07,2024-04-07T17:35:00Z,R,Regular Season,N,1,Final,F,Philadelphia Phillies,143,2,Washington Nationals,120,3,MacKenzie Gore,Cristopher Sánchez,Kyle Finnegan,9,Nationals Park,day,3,3,False,,
745523,2024,2024-04-07,2024-04-07T17:35:00Z,R,Regular Season,N,1,Final,F,Baltimore Orioles,110,2,Pittsburgh Pirates,134,3,Jose E. Hernandez,Yennier Cano,,9,PNC Park,day,3,3,False,,
745765,2024,2024-04-07,2024-04-07T17:35:00Z,R,Regular Season,N,1,Final,F,Toronto Blue Jays,141,3,New York Yankees,147,8,Jake Cousins,Bowden Francis,Dennis Santana,9,Yankee Stadium,day,3,3,False,,
747141,2024,2024-04-07,2024-04-07T17:35:00Z,R,Regular Season,N,1,Final,F,Arizona Diamondbacks,109,2,Atlanta Braves,144,5,Chris Sale,Ryne Nelson,Pierce Johnson,9,Truist Park,day,3,3,False,,
746493,2024,2024-04-07,2024-04-07T17:40:00Z,R,Regular Season,N,1,Final,F,Oakland Athletics,133,7,Detroit Tigers,116,1,Joe Boyle,Jack Flaherty,,9,Comerica Park,day,3,3,False,,
746734,2024,2024-04-07,2024-04-07T17:40:00Z,R,Regular Season,N,1,Final,F,New York Mets,121,3,Cincinnati Reds,113,1,Sean Manaea,Andrew Abbott,Edwin Díaz,9,Great American Ball Park,day,3,3,False,,
746003,2024,2024-04-07,2024-04-07T18:10:00Z,R,Regular Season,N,1,Final,F,Seattle Mariners,136,4,Milwaukee Brewers,158,12,Colin Rea,Emerson Hancock,Thyago Vieira,9,American Family Field,day,3,3,False,,
746330,2024,2024-04-07,2024-04-07T18:10:00Z,R,Regular Season,N,1,Final,F,Chicago White Sox,145,3,Kansas City Royals,118,5,John Schreiber,Deivi García,James McArthur,9,Kauffman Stadium,day,4,4,False,,
745198,2024,2024-04-07,2024-04-07T18:15:00Z,R,Regular Season,N,1,Final,F,Miami Marlins,146,10,St. Louis Cardinals,138,3,Max Meyer,Kyle Gibson,,9,Busch Stadium,day,3,3,False,,
746895,2024,2024-04-07,2024-04-07T18:20:00Z,R,Regular Season,N,1,Final,F,Los Angeles Dodgers,119,1,Chicago Cubs,112,8,Yency Almonte,Gavin Stone,Daniel Palencia,9,Wrigley Field,day,3,3,False,,
746574,2024,2024-04-07,2024-04-07T19:10:00Z,R,Regular Season,N,1,Final,F,Tampa Bay Rays,139,3,Colorado Rockies,115,2,Ryan Pepiot,Dakota Hudson,Shawn Armstrong,9,Coors Field,day,3,3,False,,
745362,2024,2024-04-07,2024-04-07T20:05:00Z,R,Regular Season,N,1,Final,F,San Diego Padres,135,2,San Francisco Giants,137,3,Ryan Walker,Jhony Brito,Camilo Doval,9,Oracle Park,day,3,3,False,,
746251,2024,2024-04-07,2024-04-07T20:07:00Z,R,Regular Season,N,1,Final,F,Boston Red Sox,111,12,Los Angeles Angels,108,2,Tanner Houck,Chase Silseth,Chase Anderson,9,Angel Stadium,day,3,3,False,,
745032,2024,2024-04-07,2024-04-07T23:10:00Z,R,Regular Season,N,1,Final,F,Houston Astros,117,3,Texas Rangers,140,1,Ronel Blanco,Dane Dunning,Josh Hader,9,Globe Life Field,night,3,4,False,,
746654,2024,2024-04-08,2024-04-08T21:10:00Z,R,Regular Season,N,1,Final,F,Chicago White Sox,145,0,Cleveland Guardians,114,4,Triston McKenzie,Tanner Banks,,9,Progressive Field,night,1,3,False,,
745761,2024,2024-04-08,2024-04-08T22:05:00Z,R,Regular Season,N,1,Final,F,Miami Marlins,146,0,New York Yankees,147,7,Nestor Cortes,Jesús Luzardo,,9,Yankee Stadium,night,1,3,False,,
745520,2024,2024-04-08,2024-04-08T22:40:00Z,R,Regular Season,N,1,Final,F,Detroit Tigers,116,4,Pittsburgh Pirates,134,7,Mitch Keller,Reese Olson,,9,PNC Park,night,1,2,False,,
746735,2024,2024-04-08,2024-04-08T22:40:00Z,R,Regular Season,N,1,Final,F,Milwaukee Brewers,158,8,Cincinnati Reds,113,10,Graham Ashcraft,Aaron Ashby,Alexis Díaz,9,Great American Ball Park,night,1,3,False,,
744956,2024,2024-04-08,2024-04-08T23:07:00Z,R,Regular Season,N,1,Final,F,Seattle Mariners,136,2,Toronto Blue Jays,141,5,José Berríos,Luis Castillo,,9,Rogers Centre,night,1,3,False,,
747142,2024,2024-04-08,2024-04-08T23:20:00Z,R,Regular Season,N,1,Final,F,New York Mets,121,8,Atlanta Braves,144,7,Jake Diekman,Pierce Johnson,Jorge López,9,Truist Park,night,1,3,False,,
745925,2024,2024-04-08,2024-04-08T23:40:00Z,R,Regular Season,N,1,Final,F,Los Angeles Dodgers,119,4,Minnesota Twins,142,2,James Paxton,Jay Jackson,Evan Phillips,9,Target Field,night,1,3,False,,
745194,2024,2024-04-08,2024-04-08T23:45:00Z,R,Regular Season,N,1,Final,F,Philadelphia Phillies,143,5,St. Louis Cardinals,138,3,Jeff Hoffman,Ryan Helsley,Gregory Soto,10,Busch Stadium,night,1,3,False,,
745034,2024,2024-04-08,2024-04-09T00:05:00Z,R,Regular Season,N,1,Final,F,Houston Astros,117,10,Texas Rangers,140,5,Seth Martinez,Andrew Heaney,,9,Globe Life Field,night,4,4,False,,
746569,2024,2024-04-08,2024-04-09T00:40:00Z,R,Regular Season,N,1,Final,F,Arizona Diamondbacks,109,5,Colorado Rockies,115,7,Peter Lambert,Scott McGough,Jake Bird,9,Coors Field,night,1,3,False,,
746252,2024,2024-04-08,2024-04-09T01:38:00Z,R,Regular Season,N,1,Final,F,Tampa Bay Rays,139,1,Los Angeles Angels,108,7,Tyler Anderson,Zach Eflin,,9,Angel Stadium,night,1,3,False,,
745432,2024,2024-04-08,2024-04-09T01:40:00Z,R,Regular Season,N,1,Final,F,Chicago Cubs,112,8,San Diego Padres,135,9,Wandy Peralta,Adbert Alzolay,Robert Suarez,9,Petco Park,night,1,3,False,,
745363,2024,2024-04-08,2024-04-09T01:45:00Z,R,Regular Season,N,1,Final,F,Washington Nationals,120,8,San Francisco Giants,137,1,Trevor Williams,Blake Snell,,9,Oracle Park,night,1,3,False,,
745517,2024,2024-04-09,2024-04-09T16:35:00Z,R,Regular Season,N,1,Final,F,Detroit Tigers,116,5,Pittsburgh Pirates,134,3,Shelby Miller,David Bednar,Jason Foley,9,PNC Park,day,2,2,False,,
746981,2024,2024-04-09,2024-04-09T18:10:00Z,R,Regular Season,N,1,Final,F,Baltimore Orioles,110,7,Boston Red Sox,111,1,Corbin Burnes,Brayan Bello,,9,Fenway Park,day,1,3,False,,
746653,2024,2024-04-09,2024-04-09T22:10:00Z,R,Regular Season,N,1,Final,F,Chicago White Sox,145,7,Cleveland Guardians,114,5,Steven Wilson,Scott Barlow,Michael Kopech,9,Progressive Field,night,2,3,False,,
746732,2024,2024-04-09,2024-04-09T22:40:00Z,R,Regular Season,N,1,Final,F,Milwaukee Brewers,158,9,Cincinnati Reds,113,5,Joe Ross,Frankie Montas,,9,Great American Ball Park,night,2,3,False,,
745762,2024,2024-04-09,2024-04-09T23:05:00Z,R,Regular Season,N,1,Final,F,Miami Marlins,146,2,New York Yankees,147,3,Carlos Rodón,A.J. Puk,Clay Holmes,9,Yankee Stadium,night,2,3,False,,
744957,2024,2024-04-09,2024-04-09T23:07:00Z,R,Regular Season,N,1,Final,F,Seattle Mariners,136,3,Toronto Blue Jays,141,5,Chris Bassitt,George Kirby,Chad Green,9,Rogers Centre,night,2,3,False,,
747138,2024,2024-04-09,2024-04-09T23:20:00Z,R,Regular Season,N,1,Final,F,New York Mets,121,5,Atlanta Braves,144,6,Reynaldo López,Adrian Houser,Raisel Iglesias,9,Truist Park,night,2,3,False,,
745924,2024,2024-04-09,2024-04-09T23:40:00Z,R,Regular Season,N,1,Final,F,Los Angeles Dodgers,119,6,Minnesota Twins,142,3,Tyler Glasnow,Louis Varland,,9,Target Field,night,2,3,False,,
746326,2024,2024-04-09,2024-04-09T23:40:00Z,R,Regular Season,N,1,Final,F,Houston Astros,117,3,Kansas City Royals,118,4,James McArthur,Wander Suero,,10,Kauffman Stadium,night,1,3,False,,
745195,2024,2024-04-09,2024-04-09T23:45:00Z,R,Regular Season,N,1,Final,F,Philadelphia Phillies,143,0,St. Louis Cardinals,138,3,Sonny Gray,Zack Wheeler,Ryan Helsley,9,Busch Stadium,night,2,3,False,,
745030,2024,2024-04-09,2024-04-10T00:05:00Z,R,Regular Season,N,1,Final,F,Oakland Athletics,133,4,Texas Rangers,140,3,Michael Kelly,José Leclerc,Mason Miller,9,Globe Life Field,night,1,3,False,,
746571,2024,2024-04-09,2024-04-10T00:40:00Z,R,Regular Season,N,1,Final,F,Arizona Diamondbacks,109,3,Colorado Rockies,115,2,Merrill Kelly,Cal Quantrill,Kevin Ginkel,9,Coors Field,night,2,3,False,,
746250,2024,2024-04-09,2024-04-10T01:38:00Z,R,Regular Season,N,1,Final,F,Tampa Bay Rays,139,6,Los Angeles Angels,108,4,Aaron Civale,Patrick Sandoval,Pete Fairbanks,9,Angel Stadium,night,2,3,False,,
745357,2024,2024-04-09,2024-04-10T01:45:00Z,R,Regular Season,N,1,Final,F,Washington Nationals,120,5,San Francisco Giants,137,3,Jordan Weems,Ryan Walker,Kyle Finnegan,9,Oracle Park,night,2,3,False,,
745433,2024,2024-04-09,2024-04-10T02:05:00Z,R,Regular Season,N,1,Final,F,Chicago Cubs,112,5,San Diego Padres,135,1,Drew Smyly,Joe Musgrove,,9,Petco Park,night,2,3,False,,
745923,2024,2024-04-10,2024-04-10T17:10:00Z,R,Regular Season,N,1,Final,F,Los Angeles Dodgers,119,2,Minnesota Twins,142,3,Kody Funderburk,Alex Vesia,Steven Okert,9,Target Field,day,3,3,False,,
745196,2024,2024-04-10,2024-04-10T17:15:00Z,R,Regular Season,N,1,Final,F,Philadelphia Phillies,143,4,St. Louis Cardinals,138,3,Aaron Nola,Andre Pallante,Jeff Hoffman,9,Busch Stadium,day,3,3,False,,
744950,2024,2024-04-10,2024-04-10T19:07:00Z,R,Regular Season,N,1,Final,F,Seattle Mariners,136,6,Toronto Blue Jays,141,1,Andrés Muñoz,Tim Mayza,,10,Rogers Centre,day,3,3,False,,
746573,2024,2024-04-10,2024-04-10T19:10:00Z,R,Regular Season,N,1,Final,F,Arizona Diamondbacks,109,5,Colorado Rockies,115,3,Joe Mantiply,Justin Lawrence,Kevin Ginkel,9,Coors Field,day,3,3,False,,
745355,2024,2024-04-10,2024-04-10T19:45:00Z,R,Regular Season,N,1,Final,F,Washington Nationals,120,1,San Francisco Giants,137,7,Jordan Hicks,Patrick Corbin,,9,Oracle Park,day,3,3,False,,
746247,2024,2024-04-10,2024-04-10T20:07:00Z,R,Regular Season,N,1,Final,F,Tampa Bay Rays,139,4,Los Angeles Angels,108,2,Kevin Kelly,José Soriano,Pete Fairbanks,9,Angel Stadium,day,3,3,False,,
746655,2024,2024-04-10,2024-04-10T22:10:00Z,R,Regular Season,N,1,Final,F,Chicago White Sox,145,6,Cleveland Guardians,114,7,Eli Morgan,Bryan Shaw,,10,Progressive Field,night,3,3,False,,
745429,2024,2024-04-10,2024-04-10T22:40:00Z,R,Regular Season,N,1,Final,F,Chicago Cubs,112,2,San Diego Padres,135,10,Dylan Cease,Kyle Hendricks,,9,Petco Park,day,3,3,False,,
746728,2024,2024-04-10,2024-04-10T22:40:00Z,R,Regular Season,N,1,Final,F,Milwaukee Brewers,158,7,Cincinnati Reds,113,2,Bryse Wilson,Hunter Greene,,9,Great American Ball Park,night,3,3,False,,
745763,2024,2024-04-10,2024-04-10T23:05:00Z,R,Regular Season,N,1,Final,F,Miami Marlins,146,5,New York Yankees,147,2,Ryan Weathers,Marcus Stroman,Tanner Scott,9,Yankee Stadium,night,3,3,False,,
746980,2024,2024-04-10,2024-04-10T23:10:00Z,R,Regular Season,N,1,Final,F,Baltimore Orioles,110,7,Boston Red Sox,111,5,Mike Baumann,Chris Martin,Craig Kimbrel,9,Fenway Park,night,2,3,False,,
746323,2024,2024-04-10,2024-04-10T23:40:00Z,R,Regular Season,N,1,Final,F,Houston Astros,117,2,Kansas City Royals,118,11,Seth Lugo,Spencer Arrighetti,,9,Kauffman Stadium,night,2,3,False,,
745024,2024,2024-04-10,2024-04-11T00:05:00Z,R,Regular Season,N,1,Final,F,Oakland Athletics,133,2,Texas Rangers,140,6,Cody Bradford,Ross Stripling,,9,Globe Life Field,night,2,3,False,,
747137,2024,2024-04-11,2024-04-11T16:20:00Z,R,Regular Season,N,1,Final,F,New York Mets,121,16,Atlanta Braves,144,4,Jose Quintana,Allan Winans,,9,Truist Park,day,3,3,False,,
746322,2024,2024-04-11,2024-04-11T18:10:00Z,R,Regular Season,N,1,Final,F,Houston Astros,117,3,Kansas City Royals,118,13,Brady Singer,Hunter Brown,,9,Kauffman Stadium,day,3,3,False,,
745029,2024,2024-04-11,2024-04-11T18:35:00Z,R,Regular Season,N,1,Final,F,Oakland Athletics,133,1,Texas Rangers,140,0,JP Sears,Jon Gray,Mason Miller,9,Globe Life Field,day,3,3,False,,
745601,2024,2024-04-11,2024-04-11T22:40:00Z,R,Regular Season,N,1,Final,F,Pittsburgh Pirates,134,1,Philadelphia Phillies,143,5,Ranger Suarez,Jared Jones,,9,Citizens Bank Park,night,1,4,False,,
746977,2024,2024-04-11,2024-04-11T23:10:00Z,R,Regular Season,N,1,Final,F,Baltimore Orioles,110,9,Boston Red Sox,111,4,Craig Kimbrel,Isaiah Campbell,,10,Fenway Park,night,3,3,False,,
745596,2024,2024-04-12,2024-04-12T22:40:00Z,R,Regular Season,N,1,Final,F,Pittsburgh Pirates,134,5,Philadelphia Phillies,143,2,Bailey Falter,Cristopher Sánchez,David Bednar,9,Citizens Bank Park,night,2,4,False,,
746491,2024,2024-04-12,2024-04-12T22:40:00Z,R,Regular Season,N,1,Final,F,Minnesota Twins,142,2,Detroit Tigers,116,8,Tarik Skubal,Pablo López,,9,Comerica Park,night,1,4,False,,
745112,2024,2024-04-12,2024-04-12T22:50:00Z,R,Regular Season,N,1,Final,F,San Francisco Giants,137,1,Tampa Bay Rays,139,2,Garrett Cleavinger,Keaton Winn,Pete Fairbanks,9,Tropicana Field,night,1,3,False,,
747055,2024,2024-04-12,2024-04-12T23:05:00Z,R,Regular Season,N,1,Final,F,Milwaukee Brewers,158,11,Baltimore Orioles,110,1,Freddy Peralta,Tyler Wells,,9,Oriole Park at Camden Yards,night,1,3,False,,
744954,2024,2024-04-12,2024-04-12T23:07:00Z,R,Regular Season,N,1,Final,F,Colorado Rockies,115,12,Toronto Blue Jays,141,4,Ryan Feltner,Kevin Gausman,,9,Rogers Centre,night,1,3,False,,
745838,2024,2024-04-12,2024-04-12T23:10:00Z,R,Regular Season,N,1,Final,F,Kansas City Royals,118,1,New York Mets,121,6,Luis Severino,Michael Wacha,,9,Citi Field,night,1,3,False,,
746084,2024,2024-04-12,2024-04-12T23:10:00Z,R,Regular Season,N,1,Final,F,Atlanta Braves,144,8,Miami Marlins,146,1,Max Fried,Trevor Rogers,,9,loanDepot park,night,1,3,False,,
746978,2024,2024-04-12,2024-04-12T23:10:00Z,R,Regular Season,N,1,Final,F,Los Angeles Angels,108,7,Boston Red Sox,111,0,Reid Detmers,Tanner Houck,,9,Fenway Park,night,1,3,False,,
746812,2024,2024-04-12,2024-04-12T23:40:00Z,R,Regular Season,N,1,Final,F,Cincinnati Reds,113,11,Chicago White Sox,145,1,Andrew Abbott,Chris Flexen,,9,Guaranteed Rate Field,night,1,3,False,,
746408,2024,2024-04-12,2024-04-13T00:10:00Z,R,Regular Season,N,1,Final,F,Texas Rangers,140,12,Houston Astros,117,8,Dane Dunning,J.P. France,,9,Minute Maid Park,night,1,3,False,,
745274,2024,2024-04-12,2024-04-13T01:40:00Z,R,Regular Season,N,1,Final,F,Chicago Cubs,112,2,Seattle Mariners,136,4,Bryce Miller,Jordan Wicks,Ryne Stanek,9,T-Mobile Park,night,1,3,False,,
745679,2024,2024-04-12,2024-04-13T01:40:00Z,R,Regular Season,N,1,Final,F,Washington Nationals,120,1,Oakland Athletics,133,2,Michael Kelly,Kyle Finnegan,,10,Oakland Coliseum,night,1,3,False,,
747217,2024,2024-04-12,2024-04-13T01:40:00Z,R,Regular Season,N,1,Final,F,St. Louis Cardinals,138,9,Arizona Diamondbacks,109,6,Giovanny Gallegos,Joe Mantiply,Ryan Helsley,9,Chase Field,night,1,3,False,,
746162,2024,2024-04-12,2024-04-13T02:10:00Z,R,Regular Season,N,1,Final,F,San Diego Padres,135,8,Los Angeles Dodgers,119,7,Robert Suarez,Alex Vesia,,11,Dodger Stadium,night,1,3,False,,
746656,2024,2024-04-13,2024-04-13T16:10:00Z,R,Regular Season,S,1,Final,F,New York Yankees,147,3,Cleveland Guardians,114,2,Clarke Schmidt,Carlos Carrasco,Clay Holmes,9,Progressive Field,day,1,3,False,,
746489,2024,2024-04-13,2024-04-13T17:10:00Z,R,Regular Season,Y,1,Final,F,Minnesota Twins,142,11,Detroit Tigers,116,5,Jorge Alcala,Alex Lange,,12,Comerica Park,day,2,4,False,,
746490,2024,2024-04-13,2024-04-13T17:15:00Z,R,Regular Season,Y,2,Final,F,Minnesota Twins,142,4,Detroit Tigers,116,1,Simeon Woods Richardson,Matt Manning,Cole Sands,9,Comerica Park,day,3,4,False,,
745839,2024,2024-04-13,2024-04-13T17:40:00Z,R,Regular Season,N,1,Final,F,Kansas City Royals,118,11,New York Mets,121,7,Alec Marsh,Sean Manaea,,9,Citi Field,day,2,3,False,,
746811,2024,2024-04-13,2024-04-13T18:10:00Z,R,Regular Season,N,1,Final,F,Cincinnati Reds,113,5,Chicago White Sox,145,0,Nick Lodolo,Garrett Crochet,,9,Guaranteed Rate Field,day,2,3,False,,
744953,2024,2024-04-13,2024-04-13T19:07:00Z,R,Regular Season,N,1,Final,F,Colorado Rockies,115,3,Toronto Blue Jays,141,5,Bowden Francis,Dakota Hudson,Yimi García,9,Rogers Centre,day,2,3,False,,
745594,2024,2024-04-13,2024-04-13T20:05:00Z,R,Regular Season,N,1,Final,F,Pittsburgh Pirates,134,3,Philadelphia Phillies,143,4,Jeff Hoffman,Jose E. Hernandez,,9,Citizens Bank Park,day,3,4,False,,
746405,2024,2024-04-13,2024-04-13T20:05:00Z,R,Regular Season,N,1,Final,F,Texas Rangers,140,2,Houston Astros,117,9,Bryan Abreu,José Ureña,,9,Minute Maid Park,day,2,3,False,,
747054,2024,2024-04-13,2024-04-13T20:05:00Z,R,Regular Season,N,1,Final,F,Milwaukee Brewers,158,11,Baltimore Orioles,110,5,Elvis Peguero,Dean Kremer,,9,Oriole Park at Camden Yards,day,2,3,False,,
745676,2024,2024-04-13,2024-04-13T20:07:00Z,R,Regular Season,N,1,Final,F,Washington Nationals,120,3,Oakland Athletics,133,1,MacKenzie Gore,Joe Boyle,Kyle Finnegan,9,Oakland Coliseum,day,2,3,False,,
745110,2024,2024-04-13,2024-04-13T20:10:00Z,R,Regular Season,N,1,Final,F,San Francisco Giants,137,11,Tampa Bay Rays,139,2,Logan Webb,Ryan Pepiot,,9,Tropicana Field,day,2,3,False,,
746082,2024,2024-04-13,2024-04-13T20:10:00Z,R,Regular Season,N,1,Final,F,Atlanta Braves,144,1,Miami Marlins,146,5,Max Meyer,Chris Sale,,9,loanDepot park,day,2,3,False,,
746979,2024,2024-04-13,2024-04-13T20:10:00Z,R,Regular Season,N,1,Final,F,Los Angeles Angels,108,2,Boston Red Sox,111,7,Greg Weissert,Griffin Canning,,9,Fenway Park,day,2,3,False,,
746658,2024,2024-04-13,2024-04-13T22:10:00Z,R,Regular Season,S,2,Final,F,New York Yankees,147,8,Cleveland Guardians,114,2,Cody Poteet,Triston McKenzie,,9,Progressive Field,night,2,3,False,,
747215,2024,2024-04-13,2024-04-14T00:10:00Z,R,Regular Season,N,1,Final,F,St. Louis Cardinals,138,2,Arizona Diamondbacks,109,4,Ryne Nelson,Kyle Gibson,Kevin Ginkel,9,Chase Field,night,2,3,False,,
746161,2024,2024-04-13,2024-04-14T01:10:00Z,R,Regular Season,N,1,Final,F,San Diego Padres,135,2,Los Angeles Dodgers,119,5,Gavin Stone,Tom Cosgrove,Evan Phillips,9,Dodger Stadium,night,2,3,False,,
745272,2024,2024-04-13,2024-04-14T01:40:00Z,R,Regular Season,N,1,Final,F,Chicago Cubs,112,4,Seattle Mariners,136,1,Shota Imanaga,Emerson Hancock,Adbert Alzolay,9,T-Mobile Park,night,2,3,False,,
745595,2024,2024-04-14,2024-04-14T17:35:00Z,R,Regular Season,N,1,Final,F,Pittsburgh Pirates,134,9,Philadelphia Phillies,143,2,Mitch Keller,Zack Wheeler,,9,Citizens Bank Park,day,4,4,False,,
746975,2024,2024-04-14,2024-04-14T17:35:00Z,R,Regular Season,N,1,Final,F,Los Angeles Angels,108,4,Boston Red Sox,111,5,Brayan Bello,Tyler Anderson,Kenley Jansen,9,Fenway Park,day,3,3,False,,
747056,2024,2024-04-14,2024-04-14T17:35:00Z,R,Regular Season,N,1,Final,F,Milwaukee Brewers,158,4,Baltimore Orioles,110,6,Yennier Cano,Abner Uribe,Craig Kimbrel,9,Oriole Park at Camden Yards,day,3,3,False,,
744952,2024,2024-04-14,2024-04-14T17:37:00Z,R,Regular Season,N,1,Final,F,Colorado Rockies,115,0,Toronto Blue Jays,141,5,José Berríos,Kyle Freeland,,9,Rogers Centre,day,3,3,False,,
745113,2024,2024-04-14,2024-04-14T17:40:00Z,R,Regular Season,N,1,Final,F,San Francisco Giants,137,4,Tampa Bay Rays,139,9,Tyler Alexander,Blake Snell,,9,Tropicana Field,day,3,3,False,,
745841,2024,2024-04-14,2024-04-14T17:40:00Z,R,Regular Season,N,1,Final,F,Kansas City Royals,118,1,New York Mets,121,2,Brooks Raley,Chris Stratton,Edwin Díaz,9,Citi Field,day,3,3,False,,
746079,2024,2024-04-14,2024-04-14T17:40:00Z,R,Regular Season,N,1,Final,F,Atlanta Braves,144,9,Miami Marlins,146,7,A.J. Minter,Tanner Scott,Raisel Iglesias,9,loanDepot park,day,3,3,False,,
746492,2024,2024-04-14,2024-04-14T17:40:00Z,R,Regular Season,N,1,Final,F,Minnesota Twins,142,3,Detroit Tigers,116,4,Will Vest,Griffin Jax,Jason Foley,9,Comerica Park,day,4,4,False,,
746648,2024,2024-04-14,2024-04-14T17:40:00Z,R,Regular Season,N,1,Final,F,New York Yankees,147,7,Cleveland Guardians,114,8,Tyler Beede,Caleb Ferguson,,10,Progressive Field,day,3,3,False,,
746404,2024,2024-04-14,2024-04-14T18:10:00Z,R,Regular Season,N,1,Final,F,Texas Rangers,140,5,Houston Astros,117,8,Cristian Javier,Nathan Eovaldi,,9,Minute Maid Park,day,3,3,False,,
746810,2024,2024-04-14,2024-04-14T18:10:00Z,R,Regular Season,N,1,Final,F,Cincinnati Reds,113,11,Chicago White Sox,145,4,Graham Ashcraft,Michael Soroka,,9,Guaranteed Rate Field,day,3,3,False,,
745681,2024,2024-04-14,2024-04-14T20:07:00Z,R,Regular Season,N,1,Final,F,Washington Nationals,120,6,Oakland Athletics,133,7,Mitch Spence,Derek Law,Mason Miller,9,Oakland Coliseum,day,3,3,False,,
745271,2024,2024-04-14,2024-04-14T20:10:00Z,R,Regular Season,N,1,Final,F,Chicago Cubs,112,3,Seattle Mariners,136,2,Javier Assad,Luis Castillo,Adbert Alzolay,9,T-Mobile Park,day,3,3,False,,
747216,2024,2024-04-14,2024-04-14T20:10:00Z,R,Regular Season,N,1,Final,F,St. Louis Cardinals,138,0,Arizona Diamondbacks,109,5,Zac Gallen,Miles Mikolas,,9,Chase Field,day,3,3,False,,
746164,2024,2024-04-14,2024-04-14T23:10:00Z,R,Regular Season,N,1,Final,F,San Diego Padres,135,6,Los Angeles Dodgers,119,3,Yuki Matsui,J.P. Feyereisen,Robert Suarez,9,Dodger Stadium,day,3,3,False,,
746974,2024,2024-04-15,2024-04-15T15:10:00Z,R,Regular Season,N,1,Final,F,Cleveland Guardians,114,6,Boston Red Sox,111,0,Tim Herrin,Brennan Bernardino,,9,Fenway Park,day,1,4,False,,
747053,2024,2024-04-15,2024-04-15T22:35:00Z,R,Regular Season,N,1,Final,F,Minnesota Twins,142,4,Baltimore Orioles,110,7,Dillon Tate,Louis Varland,Craig Kimbrel,9,Oriole Park at Camden Yards,night,1,3,False,,
745597,2024,2024-04-15,2024-04-15T22:40:00Z,R,Regular Season,N,1,Final,F,Colorado Rockies,115,1,Philadelphia Phillies,143,2,Seranthony Domínguez,Jake Bird,,10,Citizens Bank Park,night,1,3,False,,
746080,2024,2024-04-15,2024-04-15T22:40:00Z,R,Regular Season,N,1,Final,F,San Francisco Giants,137,4,Miami Marlins,146,3,Kyle Harrison,George Soriano,Camilo Doval,9,loanDepot park,night,1,3,False,,
746488,2024,2024-04-15,2024-04-15T22:40:00Z,R,Regular Season,N,1,Final,F,Texas Rangers,140,1,Detroit Tigers,116,0,Michael Lorenzen,Reese Olson,Kirby Yates,9,Comerica Park,night,1,4,False,,
745106,2024,2024-04-15,2024-04-15T22:50:00Z,R,Regular Season,N,1,Final,F,Los Angeles Angels,108,7,Tampa Bay Rays,139,3,Luis García,Phil Maton,,9,Tropicana Field,night,1,4,False,,
744951,2024,2024-04-15,2024-04-15T23:07:00Z,R,Regular Season,N,1,Final,F,New York Yankees,147,1,Toronto Blue Jays,141,3,Chris Bassitt,Luis Gil,Yimi García,9,Rogers Centre,night,1,3,False,,
745840,2024,2024-04-15,2024-04-15T23:10:00Z,R,Regular Season,N,1,Final,F,Pittsburgh Pirates,134,3,New York Mets,121,6,Adam Ottavino,Aroldis Chapman,Edwin Díaz,9,Citi Field,night,1,3,False,,
746002,2024,2024-04-15,2024-04-15T23:40:00Z,R,Regular Season,N,1,Final,F,San Diego Padres,135,7,Milwaukee Brewers,158,3,Joe Musgrove,Joe Ross,Robert Suarez,9,American Family Field,night,1,3,False,,
746813,2024,2024-04-15,2024-04-15T23:40:00Z,R,Regular Season,N,1,Final,F,Kansas City Royals,118,2,Chicago White Sox,145,0,Seth Lugo,Nick Nastrini,James McArthur,9,Guaranteed Rate Field,night,1,3,False,,
746406,2024,2024-04-15,2024-04-16T00:10:00Z,R,Regular Season,N,1,Final,F,Atlanta Braves,144,6,Houston Astros,117,1,Aaron Bummer,Spencer Arrighetti,,9,Minute Maid Park,night,1,3,False,,
745677,2024,2024-04-15,2024-04-16T01:40:00Z,R,Regular Season,N,1,Final,F,St. Louis Cardinals,138,3,Oakland Athletics,133,1,Sonny Gray,Ross Stripling,Ryan Helsley,9,Oakland Coliseum,night,1,3,False,,
747213,2024,2024-04-15,2024-04-16T01:40:00Z,R,Regular Season,N,1,Final,F,Chicago Cubs,112,3,Arizona Diamondbacks,109,2,Keegan Thompson,Bryce Jarvis,,11,Chase Field,night,1,3,False,,
745268,2024,2024-04-15,2024-04-16T01:42:00Z,R,Regular Season,N,1,Final,F,Cincinnati Reds,113,3,Seattle Mariners,136,9,George Kirby,Frankie Montas,,9,T-Mobile Park,night,1,3,False,,
746158,2024,2024-04-15,2024-04-16T02:10:00Z,R,Regular Season,N,1,Final,F,Washington Nationals,120,6,Los Angeles Dodgers,119,4,Mitchell Parker,Tyler Glasnow,Kyle Finnegan,9,Dodger Stadium,night,1,3,False,,
746486,2024,2024-04-16,2024-04-16T17:10:00Z,R,Regular Season,N,1,Final,F,Texas Rangers,140,2,Detroit Tigers,116,4,Andrew Chafin,José Ureña,Jason Foley,9,Comerica Park,day,2,4,False,,
747051,2024,2024-04-16,2024-04-16T22:35:00Z,R,Regular Season,N,1,Final,F,Minnesota Twins,142,3,Baltimore Orioles,110,11,Grayson Rodriguez,Chris Paddack,,9,Oriole Park at Camden Yards,night,2,3,False,,
745593,2024,2024-04-16,2024-04-16T22:40:00Z,R,Regular Season,N,1,Final,F,Colorado Rockies,115,0,Philadelphia Phillies,143,5,Ranger Suarez,Austin Gomber,,9,Citizens Bank Park,night,2,3,False,,
746081,2024,2024-04-16,2024-04-16T22:40:00Z,R,Regular Season,N,1,Final,F,San Francisco Giants,137,3,Miami Marlins,146,6,Ryan Weathers,Ryan Walker,Tanner Scott,9,loanDepot park,night,2,3,False,,
745108,2024,2024-04-16,2024-04-16T22:50:00Z,R,Regular Season,N,1,Final,F,Los Angeles Angels,108,6,Tampa Bay Rays,139,7,Garrett Cleavinger,Carson Fulmer,,13,Tropicana Field,night,2,4,False,,
744944,2024,2024-04-16,2024-04-16T23:07:00Z,R,Regular Season,N,1,Final,F,New York Yankees,147,4,Toronto Blue Jays,141,5,Yusei Kikuchi,Carlos Rodón,Jordan Romano,9,Rogers Centre,night,2,3,False,,
745837,2024,2024-04-16,2024-04-16T23:10:00Z,R,Regular Season,N,1,Final,F,Pittsburgh Pirates,134,1,New York Mets,121,3,Reed Garrett,Luis Ortiz,Drew Smith,9,Citi Field,night,2,3,False,,
746976,2024,2024-04-16,2024-04-16T23:10:00Z,R,Regular Season,N,1,Final,F,Cleveland Guardians,114,10,Boston Red Sox,111,7,Emmanuel Clase,Josh Winckowski,Scott Barlow,11,Fenway Park,night,2,4,False,,
746004,2024,2024-04-16,2024-04-16T23:40:00Z,R,Regular Season,N,1,Final,F,San Diego Padres,135,6,Milwaukee Brewers,158,3,Dylan Cease,Wade Miley,,9,American Family Field,night,2,3,False,,
746400,2024,2024-04-16,2024-04-17T00:10:00Z,R,Regular Season,N,1,Final,F,Atlanta Braves,144,6,Houston Astros,117,2,Reynaldo López,Hunter Brown,Raisel Iglesias,9,Minute Maid Park,night,2,3,False,,
745270,2024,2024-04-16,2024-04-17T01:40:00Z,R,Regular Season,N,1,Final,F,Cincinnati Reds,113,1,Seattle Mariners,136,3,Logan Gilbert,Emilio Pagán,Tayler Saucedo,9,T-Mobile Park,night,2,3,False,,
745674,2024,2024-04-16,2024-04-17T01:40:00Z,R,Regular Season,N,1,Final,F,St. Louis Cardinals,138,3,Oakland Athletics,133,2,Lance Lynn,Dany Jiménez,Ryan Helsley,9,Oakland Coliseum,night,2,3,False,,
747214,2024,2024-04-16,2024-04-17T01:40:00Z,R,Regular Season,N,1,Final,F,Chicago Cubs,112,11,Arizona Diamondbacks,109,12,Kevin Ginkel,Drew Smyly,,10,Chase Field,night,2,3,False,,
746157,2024,2024-04-16,2024-04-17T02:10:00Z,R,Regular Season,N,1,Final,F,Washington Nationals,120,2,Los Angeles Dodgers,119,6,Ryan Yarbrough,Patrick Corbin,,9,Dodger Stadium,night,2,3,False,,
746076,2024,2024-04-17,2024-04-17T16:10:00Z,R,Regular Season,N,1,Final,F,San Francisco Giants,137,3,Miami Marlins,146,1,Keaton Winn,Declan Cronin,Camilo Doval,9,loanDepot park,day,3,3,False,,
747049,2024,2024-04-17,2024-04-17T17:05:00Z,R,Regular Season,N,1,Final,F,Minnesota Twins,142,2,Baltimore Orioles,110,4,Craig Kimbrel,Griffin Jax,,9,Oriole Park at Camden Yards,day,3,3,False,,
745836,2024,2024-04-17,2024-04-17T17:10:00Z,R,Regular Season,N,1,Final,F,Pittsburgh Pirates,134,1,New York Mets,121,9,Luis Severino,Bailey Falter,,9,Citi Field,day,3,3,False,,
746005,2024,2024-04-17,2024-04-17T17:10:00Z,R,Regular Season,N,1,Final,F,San Diego Padres,135,0,Milwaukee Brewers,158,1,Abner Uribe,Michael King,Joel Payamps,9,American Family Field,day,3,3,False,,
746487,2024,2024-04-17,2024-04-17T17:10:00Z,R,Regular Season,N,1,Final,F,Texas Rangers,140,5,Detroit Tigers,116,4,Kirby Yates,Shelby Miller,,9,Comerica Park,day,3,4,False,,
746401,2024,2024-04-17,2024-04-17T18:10:00Z,R,Regular Season,N,1,Final,F,Atlanta Braves,144,5,Houston Astros,117,4,A.J. Minter,Seth Martinez,Raisel Iglesias,10,Minute Maid Park,day,3,3,False,,
746807,2024,2024-04-17,2024-04-17T18:10:00Z,R,Regular Season,Y,1,Final,F,Kansas City Royals,118,4,Chicago White Sox,145,2,Nick Anderson,Michael Kopech,James McArthur,9,Guaranteed Rate Field,day,2,3,False,,
746809,2024,2024-04-17,2024-04-17T18:15:00Z,R,Regular Season,Y,2,Final,F,Kansas City Royals,118,1,Chicago White Sox,145,2,Erick Fedde,Michael Wacha,Deivi García,9,Guaranteed Rate Field,day,3,3,False,,
744948,2024,2024-04-17,2024-04-17T19:07:00Z,R,Regular Season,N,1,Final,F,New York Yankees,147,6,Toronto Blue Jays,141,4,Victor González,Erik Swanson,Clay Holmes,9,Rogers Centre,day,3,3,False,,
746159,2024,2024-04-17,2024-04-17T19:10:00Z,R,Regular Season,N,1,Final,F,Washington Nationals,120,2,Los Angeles Dodgers,119,0,Jake Irvin,Landon Knack,Kyle Finnegan,9,Dodger Stadium,day,3,3,False,,
745671,2024,2024-04-17,2024-04-17T19:37:00Z,R,Regular Season,N,1,Final,F,St. Louis Cardinals,138,3,Oakland Athletics,133,6,Paul Blackburn,Steven Matz,Mason Miller,9,Oakland Coliseum,day,3,3,False,,
747212,2024,2024-04-17,2024-04-17T19:40:00Z,R,Regular Season,N,1,Final,F,Chicago Cubs,112,5,Arizona Diamondbacks,109,3,Hayden Wesneski,Brandon Pfaadt,,9,Chase Field,day,3,3,False,,
745267,2024,2024-04-17,2024-04-17T20:10:00Z,R,Regular Season,N,1,Final,F,Cincinnati Reds,113,1,Seattle Mariners,136,5,Bryce Miller,Andrew Abbott,,9,T-Mobile Park,day,3,3,False,,
745591,2024,2024-04-17,2024-04-17T22:05:00Z,R,Regular Season,N,1,Final,F,Colorado Rockies,115,6,Philadelphia Phillies,143,7,Cristopher Sánchez,Ryan Feltner,José Alvarado,9,Citizens Bank Park,night,3,3,False,,
745105,2024,2024-04-17,2024-04-17T22:50:00Z,R,Regular Season,N,1,Final,F,Los Angeles Angels,108,5,Tampa Bay Rays,139,4,Hunter Strickland,Pete Fairbanks,,9,Tropicana Field,night,3,4,False,,
746973,2024,2024-04-17,2024-04-17T23:10:00Z,R,Regular Season,N,1,Final,F,Cleveland Guardians,114,0,Boston Red Sox,111,2,Tanner Houck,Ben Lively,,9,Fenway Park,night,3,4,False,,
745104,2024,2024-04-18,2024-04-18T17:10:00Z,R,Regular Season,N,1,Final,F,Los Angeles Angels,108,1,Tampa Bay Rays,139,2,Ryan Pepiot,Griffin Canning,Colin Poche,9,Tropicana Field,day,4,4,False,,
746485,2024,2024-04-18,2024-04-18T17:10:00Z,R,Regular Season,N,1,Final,F,Texas Rangers,140,9,Detroit Tigers,116,7,José Leclerc,Shelby Miller,Kirby Yates,9,Comerica Park,day,4,4,False,,
746970,2024,2024-04-18,2024-04-18T17:35:00Z,R,Regular Season,N,1,Final,F,Cleveland Guardians,114,5,Boston Red Sox,111,4,Carlos Carrasco,Cooper Criswell,Emmanuel Clase,9,Fenway Park,day,4,4,False,,
745356,2024,2024-04-18,2024-04-19T01:45:00Z,R,Regular Season,N,1,Final,F,Arizona Diamondbacks,109,0,San Francisco Giants,137,5,Logan Webb,Logan Allen,,9,Oracle Park,night,1,4,False,,
746892,2024,2024-04-19,2024-04-19T18:20:00Z,R,Regular Season,N,1,Final,F,Miami Marlins,146,3,Chicago Cubs,112,8,Jameson Taillon,A.J. Puk,,9,Wrigley Field,day,1,4,False,,
745518,2024,2024-04-19,2024-04-19T22:40:00Z,R,Regular Season,N,1,Final,F,Boston Red Sox,111,8,Pittsburgh Pirates,134,1,Brayan Bello,Quinn Priester,,9,PNC Park,night,1,3,False,,
745592,2024,2024-04-19,2024-04-19T22:40:00Z,R,Regular Season,N,1,Final,F,Chicago White Sox,145,0,Philadelphia Phillies,143,7,Spencer Turnbull,Garrett Crochet,,9,Citizens Bank Park,night,1,3,False,,
746729,2024,2024-04-19,2024-04-19T22:40:00Z,R,Regular Season,N,1,Final,F,Los Angeles Angels,108,1,Cincinnati Reds,113,7,Nick Lodolo,Tyler Anderson,,9,Great American Ball Park,night,1,3,False,,
744872,2024,2024-04-19,2024-04-19T22:45:00Z,R,Regular Season,N,1,Final,F,Houston Astros,117,5,Washington Nationals,120,3,Justin Verlander,MacKenzie Gore,Josh Hader,9,Nationals Park,night,1,3,False,,
745758,2024,2024-04-19,2024-04-19T23:05:00Z,R,Regular Season,N,1,Final,F,Tampa Bay Rays,139,3,New York Yankees,147,5,Dennis Santana,Chris Devenski,Clay Holmes,9,Yankee Stadium,night,1,3,False,,
746650,2024,2024-04-19,2024-04-19T23:10:00Z,R,Regular Season,N,1,Final,F,Oakland Athletics,133,2,Cleveland Guardians,114,10,Triston McKenzie,Joe Boyle,,9,Progressive Field,night,1,3,False,,
747136,2024,2024-04-19,2024-04-19T23:20:00Z,R,Regular Season,N,1,Final,F,Texas Rangers,140,3,Atlanta Braves,144,8,Chris Sale,Jacob Latz,,9,Truist Park,night,1,3,False,,
746325,2024,2024-04-19,2024-04-19T23:40:00Z,R,Regular Season,N,1,Final,F,Baltimore Orioles,110,4,Kansas City Royals,118,9,Alec Marsh,Dean Kremer,,9,Kauffman Stadium,night,1,3,False,,
745922,2024,2024-04-19,2024-04-20T00:10:00Z,R,Regular Season,N,1,Final,F,Detroit Tigers,116,5,Minnesota Twins,142,4,Andrew Chafin,Caleb Thielbar,Jason Foley,9,Target Field,night,1,3,False,,
745189,2024,2024-04-19,2024-04-20T00:15:00Z,R,Regular Season,N,1,Final,F,Milwaukee Brewers,158,2,St. Louis Cardinals,138,1,Joel Payamps,Ryan Helsley,Hoby Milner,10,Busch Stadium,night,1,3,False,,
745430,2024,2024-04-19,2024-04-20T01:40:00Z,R,Regular Season,N,1,Final,F,Toronto Blue Jays,141,5,San Diego Padres,135,1,Bowden Francis,Matt Waldron,,9,Petco Park,night,1,3,False,,
746160,2024,2024-04-19,2024-04-20T02:10:00Z,R,Regular Season,N,1,Final,F,New York Mets,121,9,Los Angeles Dodgers,119,4,Reed Garrett,Daniel Hudson,,9,Dodger Stadium,night,1,3,False,,
745352,2024,2024-04-19,2024-04-20T02:15:00Z,R,Regular Season,N,1,Final,F,Arizona Diamondbacks,109,17,San Francisco Giants,137,1,Jordan Montgomery,Blake Snell,,9,Oracle Park,night,2,4,False,,
745760,2024,2024-04-20,2024-04-20T17:05:00Z,R,Regular Season,N,1,Final,F,Tampa Bay Rays,139,2,New York Yankees,147,0,Jason Adam,Caleb Ferguson,Garrett Cleavinger,10,Yankee Stadium,day,2,3,False,,
745921,2024,2024-04-20,2024-04-20T18:10:00Z,R,Regular Season,N,1,Final,F,Detroit Tigers,116,3,Minnesota Twins,142,4,Bailey Ober,Reese Olson,Griffin Jax,9,Target Field,day,2,3,False,,
745190,2024,2024-04-20,2024-04-20T18:15:00Z,R,Regular Season,N,1,Final,F,Milwaukee Brewers,158,12,St. Louis Cardinals,138,5,Bryse Wilson,Miles Mikolas,,9,Busch Stadium,day,2,3,False,,
746893,2024,2024-04-20,2024-04-20T18:20:00Z,R,Regular Season,S,1,Final,F,Miami Marlins,146,3,Chicago Cubs,112,2,Calvin Faucher,Adbert Alzolay,Tanner Scott,9,Wrigley Field,day,2,4,False,,
744865,2024,2024-04-20,2024-04-20T20:05:00Z,R,Regular Season,N,1,Final,F,Houston Astros,117,4,Washington Nationals,120,5,Kyle Finnegan,Seth Martinez,,10,Nationals Park,day,2,3,False,,
745354,2024,2024-04-20,2024-04-20T20:05:00Z,R,Regular Season,N,1,Final,F,Arizona Diamondbacks,109,3,San Francisco Giants,137,7,Ryan Walker,Zac Gallen,,9,Oracle Park,day,3,4,False,,
745515,2024,2024-04-20,2024-04-20T20:05:00Z,R,Regular Season,N,1,Final,F,Boston Red Sox,111,4,Pittsburgh Pirates,134,2,Kutter Crawford,Mitch Keller,Kenley Jansen,9,PNC Park,day,2,3,False,,
746156,2024,2024-04-20,2024-04-20T20:05:00Z,R,Regular Season,N,1,Final,F,New York Mets,121,6,Los Angeles Dodgers,119,4,Michael Tonkin,Ryan Yarbrough,Reed Garrett,9,Dodger Stadium,day,2,3,False,,
745590,2024,2024-04-20,2024-04-20T22:05:00Z,R,Regular Season,N,1,Final,F,Chicago White Sox,145,5,Philadelphia Phillies,143,9,Zack Wheeler,Michael Soroka,José Alvarado,9,Citizens Bank Park,night,2,3,False,,
746651,2024,2024-04-20,2024-04-20T22:10:00Z,R,Regular Season,N,1,Final,F,Oakland Athletics,133,3,Cleveland Guardians,114,6,Logan Allen,Alex Wood,Emmanuel Clase,9,Progressive Field,night,2,3,False,,
746726,2024,2024-04-20,2024-04-20T22:40:00Z,R,Regular Season,N,1,Final,F,Los Angeles Angels,108,5,Cincinnati Reds,113,7,Graham Ashcraft,Patrick Sandoval,Alexis Díaz,9,Great American Ball Park,night,2,3,False,,
746324,2024,2024-04-20,2024-04-20T23:10:00Z,R,Regular Season,N,1,Final,F,Baltimore Orioles,110,9,Kansas City Royals,118,7,Corbin Burnes,Cole Ragans,Craig Kimbrel,9,Kauffman Stadium,night,2,3,False,,
747135,2024,2024-04-20,2024-04-20T23:20:00Z,R,Regular Season,N,1,Final,F,Texas Rangers,140,2,Atlanta Braves,144,5,Charlie Morton,Nathan Eovaldi,Raisel Iglesias,9,Truist Park,night,2,3,False,,
746891,2024,2024-04-20,2024-04-20T23:40:00Z,R,Regular Season,S,2,Final,F,Miami Marlins,146,3,Chicago Cubs,112,5,Shota Imanaga,Anthony Bender,Héctor Neris,9,Wrigley Field,night,3,4,False,,
746570,2024,2024-04-20,2024-04-21T00:10:00Z,R,Regular Season,N,1,Final,F,Seattle Mariners,136,7,Colorado Rockies,115,0,Luis Castillo,Dakota Hudson,,9,Coors Field,night,1,3,False,,
745431,2024,2024-04-20,2024-04-21T00:40:00Z,R,Regular Season,N,1,Final,F,Toronto Blue Jays,141,5,San Diego Padres,135,2,José Berríos,Randy Vásquez,Jordan Romano,9,Petco Park,night,2,3,False,,
744866,2024,2024-04-21,2024-04-21T17:35:00Z,R,Regular Season,N,1,Final,F,Houston Astros,117,0,Washington Nationals,120,6,Mitchell Parker,Hunter Brown,,9,Nationals Park,day,3,3,False,,
745514,2024,2024-04-21,2024-04-21T17:35:00Z,R,Regular Season,N,1,Final,F,Boston Red Sox,111,6,Pittsburgh Pirates,134,1,Justin Slaten,Martín Pérez,,9,PNC Park,day,3,3,False,,
745588,2024,2024-04-21,2024-04-21T17:35:00Z,R,Regular Season,N,1,Final,F,Chicago White Sox,145,2,Philadelphia Phillies,143,8,Aaron Nola,Nick Nastrini,,9,Citizens Bank Park,day,3,3,False,,
745759,2024,2024-04-21,2024-04-21T17:35:00Z,R,Regular Season,N,1,Final,F,Tampa Bay Rays,139,4,New York Yankees,147,5,Luis Gil,Aaron Civale,Victor González,9,Yankee Stadium,day,3,3,False,,
746652,2024,2024-04-21,2024-04-21T17:40:00Z,R,Regular Season,N,1,Final,F,Oakland Athletics,133,2,Cleveland Guardians,114,6,Tanner Bibee,Ross Stripling,,9,Progressive Field,day,3,3,False,,
746727,2024,2024-04-21,2024-04-21T17:40:00Z,R,Regular Season,N,1,Final,F,Los Angeles Angels,108,0,Cincinnati Reds,113,3,Emilio Pagán,José Soriano,Alexis Díaz,9,Great American Ball Park,day,3,3,False,,
745920,2024,2024-04-21,2024-04-21T18:10:00Z,R,Regular Season,N,1,Final,F,Detroit Tigers,116,6,Minnesota Twins,142,1,Casey Mize,Louis Varland,,9,Target Field,day,3,3,False,,
746316,2024,2024-04-21,2024-04-21T18:10:00Z,R,Regular Season,N,1,Final,F,Baltimore Orioles,110,5,Kansas City Royals,118,0,Cole Irvin,Seth Lugo,,9,Kauffman Stadium,day,3,3,False,,
745192,2024,2024-04-21,2024-04-21T18:15:00Z,R,Regular Season,N,1,Final,F,Milwaukee Brewers,158,2,St. Louis Cardinals,138,0,Bryan Hudson,Sonny Gray,Joel Payamps,9,Busch Stadium,day,3,3,False,,
746894,2024,2024-04-21,2024-04-21T18:20:00Z,R,Regular Season,N,1,Final,F,Miami Marlins,146,6,Chicago Cubs,112,3,Edward Cabrera,Kyle Hendricks,Tanner Scott,9,Wrigley Field,day,4,4,False,,
746568,2024,2024-04-21,2024-04-21T19:10:00Z,R,Regular Season,S,1,Final,F,Seattle Mariners,136,1,Colorado Rockies,115,2,Justin Lawrence,Andrés Muñoz,,10,Coors Field,day,2,3,False,,
745353,2024,2024-04-21,2024-04-21T20:05:00Z,R,Regular Season,N,1,Final,F,Arizona Diamondbacks,109,5,San Francisco Giants,137,3,Slade Cecconi,Erik Miller,Kevin Ginkel,9,Oracle Park,day,4,4,False,,
745434,2024,2024-04-21,2024-04-21T20:10:00Z,R,Regular Season,N,1,Final,F,Toronto Blue Jays,141,3,San Diego Padres,135,6,Joe Musgrove,Chris Bassitt,Robert Suarez,9,Petco Park,day,3,3,False,,
746154,2024,2024-04-21,2024-04-21T20:10:00Z,R,Regular Season,N,1,Final,F,New York Mets,121,0,Los Angeles Dodgers,119,10,Tyler Glasnow,Adrian Houser,,9,Dodger Stadium,day,3,3,False,,
747133,2024,2024-04-21,2024-04-21T23:10:00Z,R,Regular Season,N,1,Final,F,Texas Rangers,140,6,Atlanta Braves,144,4,Michael Lorenzen,Darius Vines,Kirby Yates,9,Truist Park,night,3,3,False,,
746572,2024,2024-04-21,2024-04-22T00:10:00Z,R,Regular Season,S,2,Final,F,Seattle Mariners,136,10,Colorado Rockies,115,2,Emerson Hancock,Peter Lambert,,9,Coors Field,night,3,3,False,,
745757,2024,2024-04-22,2024-04-22T17:05:00Z,R,Regular Season,N,1,Final,F,Oakland Athletics,133,2,New York Yankees,147,0,Lucas Erceg,Victor González,Mason Miller,9,Yankee Stadium,day,1,4,False,,
745519,2024,2024-04-22,2024-04-22T22:40:00Z,R,Regular Season,N,1,Final,F,Milwaukee Brewers,158,2,Pittsburgh Pirates,134,4,Jared Jones,Joe Ross,David Bednar,9,PNC Park,night,1,4,False,,
746723,2024,2024-04-22,2024-04-22T22:40:00Z,R,Regular Season,N,1,Final,F,Philadelphia Phillies,143,7,Cincinnati Reds,113,0,Ranger Suarez,Hunter Greene,,9,Great American Ball Park,night,1,4,False,,
745107,2024,2024-04-22,2024-04-22T22:50:00Z,R,Regular Season,N,1,Final,F,Detroit Tigers,116,7,Tampa Bay Rays,139,1,Tarik Skubal,Zack Littell,,9,Tropicana Field,night,1,3,False,,
747134,2024,2024-04-22,2024-04-22T23:20:00Z,R,Regular Season,N,1,Final,F,Miami Marlins,146,0,Atlanta Braves,144,3,Bryce Elder,Ryan Weathers,Raisel Iglesias,9,Truist Park,night,1,3,False,,
745916,2024,2024-04-22,2024-04-22T23:40:00Z,R,Regular Season,N,1,Final,F,Chicago White Sox,145,0,Minnesota Twins,142,7,Chris Paddack,Jonathan Cannon,,9,Target Field,night,1,4,False,,
746319,2024,2024-04-22,2024-04-22T23:40:00Z,R,Regular Season,N,1,Final,F,Toronto Blue Jays,141,5,Kansas City Royals,118,3,Yusei Kikuchi,Brady Singer,Jordan Romano,9,Kauffman Stadium,night,1,4,False,,
745191,2024,2024-04-22,2024-04-22T23:45:00Z,R,Regular Season,N,1,Final,F,Arizona Diamondbacks,109,3,St. Louis Cardinals,138,5,Ryan Helsley,Ryan Thompson,,9,Busch Stadium,night,1,3,False,,
746565,2024,2024-04-22,2024-04-23T00:40:00Z,R,Regular Season,N,1,Final,F,San Diego Padres,135,3,Colorado Rockies,115,1,Dylan Cease,Nick Mears,Robert Suarez,9,Coors Field,night,1,4,False,,
746242,2024,2024-04-22,2024-04-23T01:38:00Z,R,Regular Season,N,1,Final,F,Baltimore Orioles,110,4,Los Angeles Angels,108,2,Albert Suárez,Reid Detmers,Craig Kimbrel,9,Angel Stadium,night,1,3,False,,
745351,2024,2024-04-22,2024-04-23T01:45:00Z,R,Regular Season,N,1,Final,F,New York Mets,121,2,San Francisco Giants,137,5,Keaton Winn,Jose Quintana,,9,Oracle Park,night,1,3,False,,
746647,2024,2024-04-23,2024-04-23T22:10:00Z,R,Regular Season,N,1,Final,F,Boston Red Sox,111,1,Cleveland Guardians,114,4,Scott Barlow,Tanner Houck,Emmanuel Clase,9,Progressive Field,night,1,3,False,,
745516,2024,2024-04-23,2024-04-23T22:40:00Z,R,Regular Season,N,1,Final,F,Milwaukee Brewers,158,1,Pittsburgh Pirates,134,2,Bailey Falter,Tobias Myers,David Bednar,9,PNC Park,night,2,4,False,,
746722,2024,2024-04-23,2024-04-23T22:40:00Z,R,Regular Season,N,1,Final,F,Philadelphia Phillies,143,1,Cincinnati Reds,113,8,Fernando Cruz,Cristopher Sánchez,,9,Great American Ball Park,night,2,4,False,,
744863,2024,2024-04-23,2024-04-23T22:45:00Z,R,Regular Season,N,1,Final,F,Los Angeles Dodgers,119,4,Washington Nationals,120,1,Alex Vesia,Hunter Harvey,Evan Phillips,9,Nationals Park,night,1,3,False,,
745102,2024,2024-04-23,2024-04-23T22:50:00Z,R,Regular Season,N,1,Final,F,Detroit Tigers,116,4,Tampa Bay Rays,139,2,Alex Faedo,Colin Poche,Jason Foley,9,Tropicana Field,night,2,3,False,,
745754,2024,2024-04-23,2024-04-23T23:05:00Z,R,Regular Season,N,1,Final,F,Oakland Athletics,133,3,New York Yankees,147,4,Marcus Stroman,Paul Blackburn,Clay Holmes,9,Yankee Stadium,night,2,4,False,,
747130,2024,2024-04-23,2024-04-23T23:20:00Z,R,Regular Season,N,1,Final,F,Miami Marlins,146,0,Atlanta Braves,144,5,Max Fried,Trevor Rogers,,9,Truist Park,night,2,3,False,,
745917,2024,2024-04-23,2024-04-23T23:40:00Z,R,Regular Season,N,1,Final,F,Chicago White Sox,145,5,Minnesota Twins,142,6,Jay Jackson,Steven Wilson,,9,Target Field,night,2,4,False,,
746321,2024,2024-04-23,2024-04-23T23:40:00Z,R,Regular Season,N,1,Final,F,Toronto Blue Jays,141,2,Kansas City Royals,118,3,Chris Stratton,Kevin Gausman,James McArthur,9,Kauffman Stadium,night,2,4,False,,
746888,2024,2024-04-23,2024-04-23T23:40:00Z,R,Regular Season,N,1,Final,F,Houston Astros,117,2,Chicago Cubs,112,7,Jordan Wicks,J.P. France,Yency Almonte,9,Wrigley Field,night,1,3,False,,
745193,2024,2024-04-23,2024-04-23T23:45:00Z,R,Regular Season,N,1,Final,F,Arizona Diamondbacks,109,14,St. Louis Cardinals,138,1,Tommy Henry,Steven Matz,Logan Allen,9,Busch Stadium,night,2,3,False,,
745026,2024,2024-04-23,2024-04-24T00:05:00Z,R,Regular Season,N,1,Final,F,Seattle Mariners,136,4,Texas Rangers,140,0,Logan Gilbert,Dane Dunning,,9,Globe Life Field,night,1,3,False,,
746566,2024,2024-04-23,2024-04-24T00:40:00Z,R,Regular Season,N,1,Final,F,San Diego Padres,135,4,Colorado Rockies,115,7,Jalen Beeks,Michael King,Justin Lawrence,9,Coors Field,night,2,4,False,,
746246,2024,2024-04-23,2024-04-24T01:38:00Z,R,Regular Season,N,1,Final,F,Baltimore Orioles,110,4,Los Angeles Angels,108,7,Griffin Canning,Grayson Rodriguez,Carlos Estévez,9,Angel Stadium,night,2,3,False,,
745348,2024,2024-04-23,2024-04-24T01:45:00Z,R,Regular Season,N,1,Final,F,New York Mets,121,1,San Francisco Giants,137,5,Logan Webb,Luis Severino,Camilo Doval,9,Oracle Park,night,2,3,False,,
745188,2024,2024-04-24,2024-04-24T17:15:00Z,R,Regular Season,N,1,Final,F,Arizona Diamondbacks,109,1,St. Louis Cardinals,138,5,Kyle Gibson,Jordan Montgomery,,9,Busch Stadium,day,3,3,False,,
745346,2024,2024-04-24,2024-04-24T19:45:00Z,R,Regular Season,N,1,Final,F,New York Mets,121,8,San Francisco Giants,137,2,Reed Garrett,Sean Hjelle,,9,Oracle Park,day,3,3,False,,
746244,2024,2024-04-24,2024-04-24T20:07:00Z,R,Regular Season,N,1,Final,F,Baltimore Orioles,110,6,Los Angeles Angels,108,5,Dean Kremer,Tyler Anderson,Craig Kimbrel,9,Angel Stadium,day,3,3,False,,
746649,2024,2024-04-24,2024-04-24T22:10:00Z,R,Regular Season,N,1,Final,F,Boston Red Sox,111,8,Cleveland Guardians,114,0,Cooper Criswell,Carlos Carrasco,,9,Progressive Field,night,2,3,False,,
745513,2024,2024-04-24,2024-04-24T22:40:00Z,R,Regular Season,N,1,Final,F,Milwaukee Brewers,158,3,Pittsburgh Pirates,134,2,Bryan Hudson,Josh Fleming,Joel Payamps,9,PNC Park,night,3,4,False,,
746725,2024,2024-04-24,2024-04-24T22:40:00Z,R,Regular Season,N,1,Final,F,Philadelphia Phillies,143,4,Cincinnati Reds,113,7,Justin Wilson,Seranthony Domínguez,Alexis Díaz,9,Great American Ball Park,night,3,4,False,,
744864,2024,2024-04-24,2024-04-24T22:45:00Z,R,Regular Season,N,1,Final,F,Los Angeles Dodgers,119,11,Washington Nationals,120,2,Landon Knack,Jake Irvin,,9,Nationals Park,night,2,3,False,,
745099,2024,2024-04-24,2024-04-24T22:50:00Z,R,Regular Season,N,1,Final,F,Detroit Tigers,116,5,Tampa Bay Rays,139,7,Chris Devenski,Will Vest,Garrett Cleavinger,9,Tropicana Field,night,3,3,False,,
745753,2024,2024-04-24,2024-04-24T23:05:00Z,R,Regular Season,N,1,Final,F,Oakland Athletics,133,3,New York Yankees,147,7,Clarke Schmidt,Joe Boyle,,9,Yankee Stadium,night,3,4,False,,
747132,2024,2024-04-24,2024-04-24T23:20:00Z,R,Regular Season,N,1,Final,F,Miami Marlins,146,3,Atlanta Braves,144,4,A.J. Minter,Tanner Scott,,10,Truist Park,night,3,3,False,,
745919,2024,2024-04-24,2024-04-24T23:40:00Z,R,Regular Season,N,1,Final,F,Chicago White Sox,145,3,Minnesota Twins,142,6,Joe Ryan,Garrett Crochet,Griffin Jax,9,Target Field,night,3,4,False,,
746317,2024,2024-04-24,2024-04-24T23:40:00Z,R,Regular Season,N,1,Final,F,Toronto Blue Jays,141,2,Kansas City Royals,118,3,John Schreiber,Yariel Rodríguez,James McArthur,9,Kauffman Stadium,night,3,4,False,,
746889,2024,2024-04-24,2024-04-24T23:40:00Z,R,Regular Season,N,1,Final,F,Houston Astros,117,3,Chicago Cubs,112,4,Jameson Taillon,Spencer Arrighetti,Héctor Neris,9,Wrigley Field,night,2,3,False,,
745028,2024,2024-04-24,2024-04-25T00:05:00Z,R,Regular Season,N,1,Final,F,Seattle Mariners,136,1,Texas Rangers,140,5,Jonathan Hernández,Bryce Miller,,9,Globe Life Field,night,2,3,False,,
746567,2024,2024-04-24,2024-04-25T00:40:00Z,R,Regular Season,N,1,Final,F,San Diego Padres,135,5,Colorado Rockies,115,2,Matt Waldron,Ty Blach,Robert Suarez,9,Coors Field,night,3,4,False,,
745512,2024,2024-04-25,2024-04-25T16:35:00Z,R,Regular Season,N,1,Final,F,Milwaukee Brewers,158,7,Pittsburgh Pirates,134,5,Jared Koenig,Aroldis Chapman,Trevor Megill,9,PNC Park,day,4,4,False,,
745918,2024,2024-04-25,2024-04-25T17:10:00Z,R,Regular Season,N,1,Final,F,Chicago White Sox,145,3,Minnesota Twins,142,6,Cole Sands,Tanner Banks,Griffin Jax,9,Target Field,day,4,4,False,,
746646,2024,2024-04-25,2024-04-25T17:10:00Z,R,Regular Season,N,1,Final,F,Boston Red Sox,111,4,Cleveland Guardians,114,6,Hunter Gaddis,Chase Anderson,Emmanuel Clase,9,Progressive Field,day,3,3,False,,
746724,2024,2024-04-25,2024-04-25T17:10:00Z,R,Regular Season,N,1,Final,F,Philadelphia Phillies,143,5,Cincinnati Reds,113,0,Zack Wheeler,Nick Martinez,,9,Great American Ball Park,day,4,4,False,,
746320,2024,2024-04-25,2024-04-25T18:10:00Z,R,Regular Season,N,1,Completed Early,F,Toronto Blue Jays,141,1,Kansas City Royals,118,2,Cole Ragans,José Berríos,,5,Kauffman Stadium,day,4,4,False,,
746887,2024,2024-04-25,2024-04-25T18:20:00Z,R,Regular Season,N,1,Final,F,Houston Astros,117,1,Chicago Cubs,112,3,Hayden Wesneski,Rafael Montero,Héctor Neris,9,Wrigley Field,day,3,3,False,,
745027,2024,2024-04-25,2024-04-25T18:35:00Z,R,Regular Season,N,1,Final,F,Seattle Mariners,136,4,Texas Rangers,140,3,Luis Castillo,Andrew Heaney,Andrés Muñoz,9,Globe Life Field,day,3,3,False,,
746564,2024,2024-04-25,2024-04-25T19:10:00Z,R,Regular Season,N,1,Final,F,San Diego Padres,135,9,Colorado Rockies,115,10,Tyler Kinley,Wandy Peralta,Justin Lawrence,9,Coors Field,day,4,4,False,,
744867,2024,2024-04-25,2024-04-25T20:05:00Z,R,Regular Season,N,1,Final,F,Los Angeles Dodgers,119,2,Washington Nationals,120,1,Yoshinobu Yamamoto,MacKenzie Gore,Evan Phillips,9,Nationals Park,day,3,3,False,,
745755,2024,2024-04-25,2024-04-25T23:05:00Z,R,Regular Season,N,1,Final,F,Oakland Athletics,133,3,New York Yankees,147,1,Alex Wood,Nestor Cortes,Mason Miller,9,Yankee Stadium,night,4,4,False,,
746482,2024,2024-04-26,2024-04-26T17:10:00Z,R,Regular Season,N,1,Final,F,Kansas City Royals,118,8,Detroit Tigers,116,0,Seth Lugo,Reese Olson,,9,Comerica Park,day,1,3,False,,
747050,2024,2024-04-26,2024-04-26T23:05:00Z,R,Regular Season,N,1,Final,F,Oakland Athletics,133,3,Baltimore Orioles,110,2,Mitch Spence,Jacob Webb,Mason Miller,10,Oriole Park at Camden Yards,night,1,3,False,,
744949,2024,2024-04-26,2024-04-26T23:07:00Z,R,Regular Season,N,1,Final,F,Los Angeles Dodgers,119,12,Toronto Blue Jays,141,2,Gavin Stone,Chris Bassitt,,9,Rogers Centre,night,1,3,False,,
745835,2024,2024-04-26,2024-04-26T23:10:00Z,R,Regular Season,N,1,Final,F,St. Louis Cardinals,138,4,New York Mets,121,2,Miles Mikolas,José Buttó,Ryan Helsley,9,Citi Field,night,1,3,False,,
746078,2024,2024-04-26,2024-04-26T23:10:00Z,R,Regular Season,N,1,Final,F,Washington Nationals,120,3,Miami Marlins,146,1,Derek Law,Calvin Faucher,Kyle Finnegan,9,loanDepot park,night,1,4,False,,
746972,2024,2024-04-26,2024-04-26T23:10:00Z,R,Regular Season,N,1,Final,F,Chicago Cubs,112,7,Boston Red Sox,111,1,Shota Imanaga,Kutter Crawford,,9,Fenway Park,night,1,3,False,,
747129,2024,2024-04-26,2024-04-26T23:20:00Z,R,Regular Season,N,1,Final,F,Cleveland Guardians,114,2,Atlanta Braves,144,6,Chris Sale,Logan Allen,,9,Truist Park,night,1,3,False,,
746808,2024,2024-04-26,2024-04-26T23:40:00Z,R,Regular Season,N,1,Final,F,Tampa Bay Rays,139,4,Chicago White Sox,145,9,Chris Flexen,Zach Eflin,,9,Guaranteed Rate Field,night,1,3,False,,
745025,2024,2024-04-26,2024-04-27T00:05:00Z,R,Regular Season,N,1,Final,F,Cincinnati Reds,113,1,Texas Rangers,140,2,José Leclerc,Lucas Sims,Kirby Yates,9,Globe Life Field,night,1,3,False,,
746000,2024,2024-04-26,2024-04-27T00:10:00Z,R,Regular Season,N,1,Final,F,New York Yankees,147,6,Milwaukee Brewers,158,7,Jared Koenig,Michael Tonkin,,11,American Family Field,night,1,3,False,,
746243,2024,2024-04-26,2024-04-27T01:38:00Z,R,Regular Season,N,1,Final,F,Minnesota Twins,142,5,Los Angeles Angels,108,3,Bailey Ober,Patrick Sandoval,Caleb Thielbar,9,Angel Stadium,night,1,3,False,,
745269,2024,2024-04-26,2024-04-27T01:40:00Z,R,Regular Season,N,1,Final,F,Arizona Diamondbacks,109,1,Seattle Mariners,136,6,Emerson Hancock,Zac Gallen,,9,T-Mobile Park,night,1,3,False,,
745424,2024,2024-04-26,2024-04-27T01:40:00Z,R,Regular Season,N,1,Final,F,Philadelphia Phillies,143,9,San Diego Padres,135,3,Aaron Nola,Joe Musgrove,,9,Petco Park,night,1,3,False,,
745347,2024,2024-04-26,2024-04-27T02:15:00Z,R,Regular Season,N,1,Final,F,Pittsburgh Pirates,134,0,San Francisco Giants,137,3,Camilo Doval,David Bednar,,9,Oracle Park,night,1,3,False,,
744946,2024,2024-04-27,2024-04-27T19:07:00Z,R,Regular Season,N,1,Final,F,Los Angeles Dodgers,119,4,Toronto Blue Jays,141,2,Tyler Glasnow,Yusei Kikuchi,Evan Phillips,9,Rogers Centre,day,2,3,False,,
745020,2024,2024-04-27,2024-04-27T20:05:00Z,R,Regular Season,N,1,Final,F,Cincinnati Reds,113,8,Texas Rangers,140,4,Hunter Greene,Michael Lorenzen,Alexis Díaz,9,Globe Life Field,day,2,3,False,,
745833,2024,2024-04-27,2024-04-27T20:05:00Z,R,Regular Season,N,1,Final,F,St. Louis Cardinals,138,7,New York Mets,121,4,Sonny Gray,Adrian Houser,Ryan Helsley,9,Citi Field,day,2,3,False,,
747052,2024,2024-04-27,2024-04-27T20:05:00Z,R,Regular Season,N,1,Final,F,Oakland Athletics,133,0,Baltimore Orioles,110,7,Cole Irvin,JP Sears,,9,Oriole Park at Camden Yards,day,2,3,False,,
746075,2024,2024-04-27,2024-04-27T20:10:00Z,R,Regular Season,N,1,Final,F,Washington Nationals,120,11,Miami Marlins,146,4,Jacob Barnes,Edward Cabrera,,9,loanDepot park,day,2,4,False,,
746971,2024,2024-04-27,2024-04-27T20:10:00Z,R,Regular Season,N,1,Final,F,Chicago Cubs,112,0,Boston Red Sox,111,17,Justin Slaten,Ben Brown,,9,Fenway Park,day,2,3,False,,
746560,2024,2024-04-27,2024-04-27T22:05:00Z,R,Regular Season,N,1,Final,F,Houston Astros,117,12,Colorado Rockies,115,4,Ronel Blanco,Cal Quantrill,,9,Estadio Alfredo Harp Helu,day,1,2,False,,
746484,2024,2024-04-27,2024-04-27T22:10:00Z,R,Regular Season,N,1,Final,F,Kansas City Royals,118,5,Detroit Tigers,116,6,Alex Faedo,Chris Stratton,Jason Foley,9,Comerica Park,night,2,3,False,,
745998,2024,2024-04-27,2024-04-27T23:10:00Z,R,Regular Season,N,1,Final,F,New York Yankees,147,15,Milwaukee Brewers,158,3,Carlos Rodón,Joe Ross,,9,American Family Field,night,2,3,False,,
746803,2024,2024-04-27,2024-04-27T23:10:00Z,R,Regular Season,N,1,Final,F,Tampa Bay Rays,139,7,Chicago White Sox,145,8,Deivi García,Phil Maton,,10,Guaranteed Rate Field,night,2,3,False,,
747131,2024,2024-04-27,2024-04-27T23:20:00Z,R,Regular Season,N,1,Final,F,Cleveland Guardians,114,4,Atlanta Braves,144,2,Scott Barlow,Dylan Lee,Nick Sandlin,11,Truist Park,night,2,3,False,,
745425,2024,2024-04-27,2024-04-28T00:40:00Z,R,Regular Season,N,1,Final,F,Philadelphia Phillies,143,5,San Diego Padres,135,1,Ranger Suarez,Dylan Cease,,9,Petco Park,night,2,3,False,,
745350,2024,2024-04-27,2024-04-28T01:05:00Z,R,Regular Season,N,1,Final,F,Pittsburgh Pirates,134,4,San Francisco Giants,137,3,Hunter Stratton,Taylor Rogers,David Bednar,10,Oracle Park,night,2,3,False,,
746245,2024,2024-04-27,2024-04-28T01:38:00Z,R,Regular Season,N,1,Final,F,Minnesota Twins,142,16,Los Angeles Angels,108,5,Chris Paddack,José Soriano,,9,Angel Stadium,night,2,3,False,,
745266,2024,2024-04-27,2024-04-28T01:40:00Z,R,Regular Season,N,1,Final,F,Arizona Diamondbacks,109,1,Seattle Mariners,136,3,George Kirby,Slade Cecconi,Andrés Muñoz,9,T-Mobile Park,night,2,3,False,,
747045,2024,2024-04-28,2024-04-28T17:35:00Z,R,Regular Season,N,1,Final,F,Oakland Athletics,133,7,Baltimore Orioles,110,6,T.J. McFarland,Craig Kimbrel,Lucas Erceg,9,Oriole Park at Camden Yards,day,3,3,False,,
747125,2024,2024-04-28,2024-04-28T17:35:00Z,R,Regular Season,N,1,Final,F,Cleveland Guardians,114,3,Atlanta Braves,144,4,A.J. Minter,Emmanuel Clase,,10,Truist Park,day,3,3,False,,
744947,2024,2024-04-28,2024-04-28T17:37:00Z,R,Regular Season,N,1,Final,F,Los Angeles Dodgers,119,1,Toronto Blue Jays,141,3,Kevin Gausman,Michael Grove,Jordan Romano,9,Rogers Centre,day,3,3,False,,
745834,2024,2024-04-28,2024-04-28T17:40:00Z,R,Regular Season,N,1,Final,F,St. Louis Cardinals,138,2,New York Mets,121,4,Reed Garrett,Matthew Liberatore,,11,Citi Field,day,3,3,False,,
746077,2024,2024-04-28,2024-04-28T17:40:00Z,R,Regular Season,N,1,Final,F,Washington Nationals,120,12,Miami Marlins,146,9,Derek Law,Anthony Bender,Kyle Finnegan,9,loanDepot park,day,3,4,False,,
746483,2024,2024-04-28,2024-04-28T17:40:00Z,R,Regular Season,N,1,Final,F,Kansas City Royals,118,1,Detroit Tigers,116,4,Tarik Skubal,Michael Wacha,Jason Foley,9,Comerica Park,day,3,3,False,,
746001,2024,2024-04-28,2024-04-28T18:10:00Z,R,Regular Season,N,1,Final,F,New York Yankees,147,15,Milwaukee Brewers,158,5,Ron Marinaccio,Abner Uribe,,9,American Family Field,day,3,3,False,,
746805,2024,2024-04-28,2024-04-28T18:10:00Z,R,Regular Season,N,1,Final,F,Tampa Bay Rays,139,2,Chicago White Sox,145,4,Erick Fedde,Zack Littell,Jordan Leasure,9,Guaranteed Rate Field,day,3,3,False,,
745022,2024,2024-04-28,2024-04-28T18:35:00Z,R,Regular Season,N,1,Final,F,Cincinnati Reds,113,3,Texas Rangers,140,4,Dane Dunning,Andrew Abbott,Kirby Yates,9,Globe Life Field,day,3,3,False,,
745349,2024,2024-04-28,2024-04-28T20:05:00Z,R,Regular Season,N,1,Final,F,Pittsburgh Pirates,134,2,San Francisco Giants,137,3,Keaton Winn,Jared Jones,Camilo Doval,9,Oracle Park,day,3,3,False,,
746561,2024,2024-04-28,2024-04-28T20:05:00Z,R,Regular Season,N,1,Final,F,Houston Astros,117,8,Colorado Rockies,115,2,Framber Valdez,Austin Gomber,,9,Estadio Alfredo Harp Helu,day,2,2,False,,
746237,2024,2024-04-28,2024-04-28T20:07:00Z,R,Regular Season,N,1,Final,F,Minnesota Twins,142,11,Los Angeles Angels,108,5,Pablo López,Reid Detmers,,9,Angel Stadium,day,3,3,False,,
745265,2024,2024-04-28,2024-04-28T20:10:00Z,R,Regular Season,N,1,Final,F,Arizona Diamondbacks,109,3,Seattle Mariners,136,2,Joe Mantiply,Trent Thornton,Kevin Ginkel,9,T-Mobile Park,day,3,3,False,,
745428,2024,2024-04-28,2024-04-28T20:10:00Z,R,Regular Season,N,1,Final,F,Philadelphia Phillies,143,8,San Diego Padres,135,6,Taijuan Walker,Michael King,José Alvarado,9,Petco Park,day,3,3,False,,
746967,2024,2024-04-28,2024-04-28T23:10:00Z,R,Regular Season,N,1,Final,F,Chicago Cubs,112,4,Boston Red Sox,111,5,Kenley Jansen,Mark Leiter Jr.,,9,Fenway Park,night,3,3,False,,
747046,2024,2024-04-29,2024-04-29T22:35:00Z,R,Regular Season,N,1,Final,F,New York Yankees,147,0,Baltimore Orioles,110,2,Grayson Rodriguez,Clarke Schmidt,Danny Coulombe,9,Oriole Park at Camden Yards,night,1,4,False,,
746074,2024,2024-04-29,2024-04-29T22:40:00Z,R,Regular Season,N,1,Final,F,Washington Nationals,120,7,Miami Marlins,146,2,Jake Irvin,Trevor Rogers,,9,loanDepot park,night,4,4,False,,
744945,2024,2024-04-29,2024-04-29T23:07:00Z,R,Regular Season,N,1,Final,F,Kansas City Royals,118,5,Toronto Blue Jays,141,6,Génesis Cabrera,Jonathan Bowlan,Nate Pearson,9,Rogers Centre,night,1,3,False,,
745832,2024,2024-04-29,2024-04-29T23:10:00Z,R,Regular Season,N,1,Final,F,Chicago Cubs,112,3,New York Mets,121,1,Mark Leiter Jr.,Edwin Díaz,Héctor Neris,9,Citi Field,night,1,4,False,,
745999,2024,2024-04-29,2024-04-29T23:40:00Z,R,Regular Season,N,1,Final,F,Tampa Bay Rays,139,1,Milwaukee Brewers,158,0,Ryan Pepiot,Bryse Wilson,Jason Adam,9,American Family Field,night,1,3,False,,
746804,2024,2024-04-29,2024-04-29T23:40:00Z,R,Regular Season,N,1,Final,F,Minnesota Twins,142,3,Chicago White Sox,145,2,Griffin Jax,John Brebbia,Caleb Thielbar,9,Guaranteed Rate Field,night,1,3,False,,
746236,2024,2024-04-29,2024-04-30T01:38:00Z,R,Regular Season,N,1,Final,F,Philadelphia Phillies,143,5,Los Angeles Angels,108,6,Adam Cimber,Seranthony Domínguez,Carlos Estévez,9,Angel Stadium,night,1,3,False,,
745263,2024,2024-04-29,2024-04-30T01:40:00Z,R,Regular Season,N,1,Final,F,Atlanta Braves,144,1,Seattle Mariners,136,2,Austin Voth,A.J. Minter,,9,T-Mobile Park,night,1,3,False,,
745427,2024,2024-04-29,2024-04-30T01:40:00Z,R,Regular Season,N,1,Final,F,Cincinnati Reds,113,5,San Diego Padres,135,2,Nick Lodolo,Matt Waldron,,9,Petco Park,night,1,3,False,,
745672,2024,2024-04-29,2024-04-30T01:40:00Z,R,Regular Season,N,1,Final,F,Pittsburgh Pirates,134,1,Oakland Athletics,133,5,Joe Boyle,Bailey Falter,,9,Oakland Coliseum,night,1,3,False,,
747211,2024,2024-04-29,2024-04-30T01:40:00Z,R,Regular Season,N,1,Final,F,Los Angeles Dodgers,119,8,Arizona Diamondbacks,109,4,James Paxton,Tommy Henry,,9,Chase Field,night,1,3,False,,
746477,2024,2024-04-30,2024-04-30T19:40:00Z,R,Regular Season,Y,1,Final,F,St. Louis Cardinals,138,2,Detroit Tigers,116,1,Matthew Liberatore,Shelby Miller,Ryan Helsley,9,Comerica Park,day,1,3,False,,
746481,2024,2024-04-30,2024-04-30T19:45:00Z,R,Regular Season,Y,2,Final,F,St. Louis Cardinals,138,6,Detroit Tigers,116,11,Tyler Holton,Kyle Leahy,,9,Comerica Park,day,2,3,False,,
747047,2024,2024-04-30,2024-04-30T22:35:00Z,R,Regular Season,N,1,Final,F,New York Yankees,147,2,Baltimore Orioles,110,4,Dean Kremer,Nestor Cortes,Jacob Webb,9,Oriole Park at Camden Yards,night,2,4,False,,
746073,2024,2024-04-30,2024-04-30T22:40:00Z,R,Regular Season,N,1,Final,F,Colorado Rockies,115,6,Miami Marlins,146,7,Tanner Scott,Jalen Beeks,,10,loanDepot park,night,1,3,False,,
744942,2024,2024-04-30,2024-04-30T23:07:00Z,R,Regular Season,N,1,Final,F,Kansas City Royals,118,4,Toronto Blue Jays,141,1,Cole Ragans,José Berríos,James McArthur,9,Rogers Centre,night,2,3,False,,
745831,2024,2024-04-30,2024-04-30T23:10:00Z,R,Regular Season,N,1,Final,F,Chicago Cubs,112,2,New York Mets,121,4,Sean Reid-Foley,Adbert Alzolay,Jorge López,9,Citi Field,night,2,4,False,,
746968,2024,2024-04-30,2024-04-30T23:10:00Z,R,Regular Season,N,1,Final,F,San Francisco Giants,137,0,Boston Red Sox,111,4,Cooper Criswell,Logan Webb,,9,Fenway Park,night,1,3,False,,
745997,2024,2024-04-30,2024-04-30T23:40:00Z,R,Regular Season,N,1,Final,F,Tampa Bay Rays,139,2,Milwaukee Brewers,158,8,Freddy Peralta,Tyler Alexander,,9,American Family Field,night,2,3,False,,
746806,2024,2024-04-30,2024-04-30T23:40:00Z,R,Regular Season,N,1,Final,F,Minnesota Twins,142,6,Chicago White Sox,145,5,Caleb Thielbar,Michael Kopech,Jhoan Duran,9,Guaranteed Rate Field,night,2,3,False,,
745018,2024,2024-04-30,2024-05-01T00:05:00Z,R,Regular Season,N,1,Final,F,Washington Nationals,120,1,Texas Rangers,140,7,Jon Gray,MacKenzie Gore,,9,Globe Life Field,night,1,3,False,,
746398,2024,2024-04-30,2024-05-01T00:10:00Z,R,Regular Season,N,1,Final,F,Cleveland Guardians,114,9,Houston Astros,117,10,Josh Hader,Hunter Gaddis,,10,Minute Maid Park,night,1,3,False,,
746239,2024,2024-04-30,2024-05-01T01:38:00Z,R,Regular Season,N,1,Final,F,Philadelphia Phillies,143,7,Los Angeles Angels,108,5,José Alvarado,Carlos Estévez,Jeff Hoffman,9,Angel Stadium,night,2,3,False,,
745260,2024,2024-04-30,2024-05-01T01:40:00Z,R,Regular Season,N,1,Final,F,Atlanta Braves,144,2,Seattle Mariners,136,3,Luis Castillo,Reynaldo López,Andrés Muñoz,9,T-Mobile Park,night,2,3,False,,
745426,2024,2024-04-30,2024-05-01T01:40:00Z,R,Regular Season,N,1,Final,F,Cincinnati Reds,113,4,San Diego Padres,135,6,Yu Darvish,Nick Martinez,Robert Suarez,9,Petco Park,night,2,3,False,,
745673,2024,2024-04-30,2024-05-01T01:40:00Z,R,Regular Season,N,1,Final,F,Pittsburgh Pirates,134,2,Oakland Athletics,133,5,Mitch Spence,Mitch Keller,Mason Miller,9,Oakland Coliseum,night,2,3,False,,
747210,2024,2024-04-30,2024-05-01T01:40:00Z,R,Regular Season,N,1,Final,F,Los Angeles Dodgers,119,3,Arizona Diamondbacks,109,4,Scott McGough,Nabil Crismatt,,10,Chase Field,night,2,3,False,,
745996,2024,2024-05-01,2024-05-01T17:10:00Z,R,Regular Season,N,1,Final,F,Tampa Bay Rays,139,1,Milwaukee Brewers,158,7,Colin Rea,Zach Eflin,,9,American Family Field,day,3,3,False,,
746478,2024,2024-05-01,2024-05-01T17:10:00Z,R,Regular Season,N,1,Final,F,St. Louis Cardinals,138,1,Detroit Tigers,116,4,Kenta Maeda,Miles Mikolas,Alex Lange,9,Comerica Park,day,3,3,False,,
746800,2024,2024-05-01,2024-05-01T18:10:00Z,R,Regular Season,N,1,Final,F,Minnesota Twins,142,10,Chicago White Sox,145,5,Bailey Ober,Dominic Leone,,9,Guaranteed Rate Field,day,3,3,False,,
744939,2024,2024-05-01,2024-05-01T19:07:00Z,R,Regular Season,N,1,Final,F,Kansas City Royals,118,6,Toronto Blue Jays,141,1,Seth Lugo,Chris Bassitt,,9,Rogers Centre,day,3,3,False,,
745670,2024,2024-05-01,2024-05-01T19:37:00Z,R,Regular Season,N,1,Final,F,Pittsburgh Pirates,134,0,Oakland Athletics,133,4,Ross Stripling,Quinn Priester,,9,Oakland Coliseum,day,3,3,False,,
745261,2024,2024-05-01,2024-05-01T19:40:00Z,R,Regular Season,N,1,Final,F,Atlanta Braves,144,5,Seattle Mariners,136,2,Chris Sale,Emerson Hancock,Raisel Iglesias,9,T-Mobile Park,day,3,3,False,,
746238,2024,2024-05-01,2024-05-01T20:07:00Z,R,Regular Season,N,1,Final,F,Philadelphia Phillies,143,2,Los Angeles Angels,108,1,Zack Wheeler,Patrick Sandoval,Gregory Soto,9,Angel Stadium,day,3,3,False,,
745423,2024,2024-05-01,2024-05-01T20:10:00Z,R,Regular Season,N,1,Final,F,Cincinnati Reds,113,2,San Diego Padres,135,6,Enyel De Los Santos,Fernando Cruz,,9,Petco Park,day,3,3,False,,
747048,2024,2024-05-01,2024-05-01T22:35:00Z,R,Regular Season,N,1,Final,F,New York Yankees,147,2,Baltimore Orioles,110,0,Luis Gil,Corbin Burnes,Clay Holmes,9,Oriole Park at Camden Yards,night,3,4,False,,
746072,2024,2024-05-01,2024-05-01T22:40:00Z,R,Regular Season,N,1,Final,F,Colorado Rockies,115,1,Miami Marlins,146,4,Roddery Muñoz,Dakota Hudson,Anthony Maldonado,9,loanDepot park,night,2,3,False,,
745829,2024,2024-05-01,2024-05-01T23:10:00Z,R,Regular Season,N,1,Final,F,Chicago Cubs,112,1,New York Mets,121,0,Shota Imanaga,José Buttó,Héctor Neris,9,Citi Field,night,3,4,False,,
746966,2024,2024-05-01,2024-05-01T23:10:00Z,R,Regular Season,N,1,Final,F,San Francisco Giants,137,2,Boston Red Sox,111,6,Kutter Crawford,Daulton Jefferies,,9,Fenway Park,night,2,3,False,,
745023,2024,2024-05-01,2024-05-02T00:05:00Z,R,Regular Season,N,1,Final,F,Washington Nationals,120,1,Texas Rangers,140,0,Trevor Williams,Andrew Heaney,Kyle Finnegan,9,Globe Life Field,night,2,3,False,,
746399,2024,2024-05-01,2024-05-02T00:10:00Z,R,Regular Season,N,1,Final,F,Cleveland Guardians,114,3,Houston Astros,117,2,Cade Smith,Shawn Dubin,Emmanuel Clase,10,Minute Maid Park,night,2,3,False,,
747207,2024,2024-05-01,2024-05-02T01:40:00Z,R,Regular Season,N,1,Final,F,Los Angeles Dodgers,119,8,Arizona Diamondbacks,109,0,Yoshinobu Yamamoto,Jordan Montgomery,,9,Chase Field,night,3,3,False,,
746070,2024,2024-05-02,2024-05-02T16:10:00Z,R,Regular Season,N,1,Final,F,Colorado Rockies,115,4,Miami Marlins,146,5,Burch Smith,Justin Lawrence,,10,loanDepot park,day,3,3,False,,
747044,2024,2024-05-02,2024-05-02T17:05:00Z,R,Regular Season,N,1,Final,F,New York Yankees,147,2,Baltimore Orioles,110,7,Keegan Akin,Carlos Rodón,,9,Oriole Park at Camden Yards,day,4,4,False,,
745830,2024,2024-05-02,2024-05-02T17:10:00Z,R,Regular Season,N,1,Final,F,Chicago Cubs,112,6,New York Mets,121,7,Danny Young,Daniel Palencia,,11,Citi Field,day,4,4,False,,
746969,2024,2024-05-02,2024-05-02T17:35:00Z,R,Regular Season,N,1,Final,F,San Francisco Giants,137,3,Boston Red Sox,111,1,Ryan Walker,Zack Kelly,Camilo Doval,9,Fenway Park,day,3,3,False,,
745021,2024,2024-05-02,2024-05-02T18:35:00Z,R,Regular Season,N,1,Final,F,Washington Nationals,120,0,Texas Rangers,140,6,Nathan Eovaldi,Mitchell Parker,,9,Globe Life Field,day,3,3,False,,
746403,2024,2024-05-02,2024-05-03T00:10:00Z,R,Regular Season,N,1,Final,F,Cleveland Guardians,114,2,Houston Astros,117,8,Tayler Scott,Logan Allen,,9,Minute Maid Park,night,3,3,False,,
746890,2024,2024-05-03,2024-05-03T18:20:00Z,R,Regular Season,N,1,Final,F,Milwaukee Brewers,158,3,Chicago Cubs,112,1,Elvis Peguero,Adbert Alzolay,Trevor Megill,9,Wrigley Field,day,1,3,False,,
746721,2024,2024-05-03,2024-05-03T22:10:00Z,R,Regular Season,N,1,Final,F,Baltimore Orioles,110,3,Cincinnati Reds,113,0,Cole Irvin,Emilio Pagán,Craig Kimbrel,9,Great American Ball Park,night,1,3,False,,
745510,2024,2024-05-03,2024-05-03T22:40:00Z,R,Regular Season,N,1,Final,F,Colorado Rockies,115,3,Pittsburgh Pirates,134,2,Cal Quantrill,Martín Pérez,Jalen Beeks,9,PNC Park,night,1,3,False,,
745589,2024,2024-05-03,2024-05-03T22:40:00Z,R,Regular Season,N,1,Final,F,San Francisco Giants,137,3,Philadelphia Phillies,143,4,Matt Strahm,Jordan Hicks,José Alvarado,9,Citizens Bank Park,night,1,4,False,,
744868,2024,2024-05-03,2024-05-03T22:45:00Z,R,Regular Season,N,1,Final,F,Toronto Blue Jays,141,3,Washington Nationals,120,9,Jacob Barnes,Erik Swanson,,9,Nationals Park,night,1,3,False,,
745101,2024,2024-05-03,2024-05-03T22:50:00Z,R,Regular Season,N,1,Final,F,New York Mets,121,8,Tampa Bay Rays,139,10,Shawn Armstrong,Jose Quintana,Jason Adam,9,Tropicana Field,night,1,3,False,,
745756,2024,2024-05-03,2024-05-03T23:05:00Z,R,Regular Season,N,1,Final,F,Detroit Tigers,116,1,New York Yankees,147,2,Dennis Santana,Jason Foley,,9,Yankee Stadium,night,1,3,False,,
746645,2024,2024-05-03,2024-05-03T23:10:00Z,R,Regular Season,N,1,Final,F,Los Angeles Angels,108,6,Cleveland Guardians,114,0,José Soriano,Tanner Bibee,,9,Progressive Field,night,1,3,False,,
746318,2024,2024-05-03,2024-05-03T23:40:00Z,R,Regular Season,N,1,Final,F,Texas Rangers,140,1,Kansas City Royals,118,7,John Schreiber,Cole Winn,,9,Kauffman Stadium,night,1,3,False,,
745914,2024,2024-05-03,2024-05-04T00:10:00Z,R,Regular Season,N,1,Final,F,Boston Red Sox,111,2,Minnesota Twins,142,5,Chris Paddack,Tanner Houck,Jhoan Duran,9,Target Field,night,1,3,False,,
746402,2024,2024-05-03,2024-05-04T00:10:00Z,R,Regular Season,N,1,Final,F,Seattle Mariners,136,3,Houston Astros,117,5,Seth Martinez,Gabe Speier,Josh Hader,,Minute Maid Park,night,1,3,False,,
745187,2024,2024-05-03,2024-05-04T00:15:00Z,R,Regular Season,N,1,Final,F,Chicago White Sox,145,0,St. Louis Cardinals,138,3,Sonny Gray,Brad Keller,Ryan Helsley,9,Busch Stadium,night,1,3,False,,
745665,2024,2024-05-03,2024-05-04T01:40:00Z,R,Regular Season,N,1,Final,F,Miami Marlins,146,1,Oakland Athletics,133,3,JP Sears,Ryan Weathers,Lucas Erceg,9,Oakland Coliseum,night,1,3,False,,
747208,2024,2024-05-03,2024-05-04T01:40:00Z,R,Regular Season,N,1,Final,F,San Diego Padres,135,7,Arizona Diamondbacks,109,1,Dylan Cease,Slade Cecconi,,9,Chase Field,night,1,3,False,,
746152,2024,2024-05-03,2024-05-04T02:10:00Z,R,Regular Season,N,1,Final,F,Atlanta Braves,144,3,Los Angeles Dodgers,119,4,Michael Grove,Jesse Chavez,,11,Dodger Stadium,night,1,3,False,,
745750,2024,2024-05-04,2024-05-04T17:05:00Z,R,Regular Season,N,1,Final,F,Detroit Tigers,116,3,New York Yankees,147,5,Clarke Schmidt,Casey Mize,Clay Holmes,9,Yankee Stadium,day,2,3,False,,
745911,2024,2024-05-04,2024-05-04T18:10:00Z,R,Regular Season,N,1,Final,F,Boston Red Sox,111,1,Minnesota Twins,142,3,Pablo López,Cam Booser,Cole Sands,9,Target Field,day,2,3,False,,
745183,2024,2024-05-04,2024-05-04T18:15:00Z,R,Regular Season,N,1,Final,F,Chicago White Sox,145,6,St. Louis Cardinals,138,5,Michael Kopech,Ryan Fernandez,Tanner Banks,10,Busch Stadium,day,2,3,False,,
746884,2024,2024-05-04,2024-05-04T18:20:00Z,R,Regular Season,N,1,Final,F,Milwaukee Brewers,158,5,Chicago Cubs,112,6,Jameson Taillon,Tobias Myers,Héctor Neris,9,Wrigley Field,day,2,3,False,,
744862,2024,2024-05-04,2024-05-04T20:05:00Z,R,Regular Season,N,1,Final,F,Toronto Blue Jays,141,6,Washington Nationals,120,3,Kevin Gausman,Jake Irvin,,9,Nationals Park,day,2,3,False,,
745511,2024,2024-05-04,2024-05-04T20:05:00Z,R,Regular Season,N,1,Final,F,Colorado Rockies,115,0,Pittsburgh Pirates,134,1,David Bednar,Nick Mears,,9,PNC Park,day,2,3,False,,
745666,2024,2024-05-04,2024-05-04T20:07:00Z,R,Regular Season,N,1,Final,F,Miami Marlins,146,4,Oakland Athletics,133,20,Paul Blackburn,Trevor Rogers,,9,Oakland Coliseum,day,2,3,False,,
745583,2024,2024-05-04,2024-05-04T22:05:00Z,R,Regular Season,N,1,Final,F,San Francisco Giants,137,3,Philadelphia Phillies,143,14,Ranger Suarez,Keaton Winn,,9,Citizens Bank Park,night,2,4,False,,
746644,2024,2024-05-04,2024-05-04T22:10:00Z,R,Regular Season,N,1,Final,F,Los Angeles Angels,108,1,Cleveland Guardians,114,7,Ben Lively,Reid Detmers,,9,Progressive Field,night,2,3,False,,
746720,2024,2024-05-04,2024-05-04T22:40:00Z,R,Regular Season,N,1,Final,F,Baltimore Orioles,110,2,Cincinnati Reds,113,1,John Means,Andrew Abbott,Yennier Cano,9,Great American Ball Park,night,2,3,False,,
746311,2024,2024-05-04,2024-05-04T23:10:00Z,R,Regular Season,N,1,Final,F,Texas Rangers,140,15,Kansas City Royals,118,4,Josh Sborz,Michael Wacha,,9,Kauffman Stadium,night,2,3,False,,
745100,2024,2024-05-04,2024-05-04T23:15:00Z,R,Regular Season,N,1,Final,F,New York Mets,121,1,Tampa Bay Rays,139,3,Jason Adam,Adam Ottavino,Phil Maton,9,Tropicana Field,night,2,3,False,,
746394,2024,2024-05-04,2024-05-04T23:15:00Z,R,Regular Season,N,1,Final,F,Seattle Mariners,136,5,Houston Astros,117,0,Logan Gilbert,Framber Valdez,,9,Minute Maid Park,night,2,3,False,,
747209,2024,2024-05-04,2024-05-05T00:10:00Z,R,Regular Season,N,1,Final,F,San Diego Padres,135,13,Arizona Diamondbacks,109,1,Michael King,Brandon Pfaadt,,9,Chase Field,night,2,3,False,,
746155,2024,2024-05-04,2024-05-05T01:10:00Z,R,Regular Season,N,1,Final,F,Atlanta Braves,144,2,Los Angeles Dodgers,119,11,Tyler Glasnow,Bryce Elder,,9,Dodger Stadium,night,2,3,False,,
744861,2024,2024-05-05,2024-05-05T17:35:00Z,R,Regular Season,N,1,Final,F,Toronto Blue Jays,141,8,Washington Nationals,120,11,Hunter Harvey,Génesis Cabrera,Kyle Finnegan,9,Nationals Park,day,3,3,False,,
745504,2024,2024-05-05,2024-05-05T17:35:00Z,R,Regular Season,N,1,Final,F,Colorado Rockies,115,3,Pittsburgh Pirates,134,5,Luis Ortiz,Ryan Feltner,David Bednar,9,PNC Park,day,3,3,False,,
745751,2024,2024-05-05,2024-05-05T17:35:00Z,R,Regular Season,N,1,Completed Early,F,Detroit Tigers,116,2,New York Yankees,147,5,Victor González,Shelby Miller,Dennis Santana,8,Yankee Stadium,day,3,3,False,,
745103,2024,2024-05-05,2024-05-05T17:40:00Z,R,Regular Season,N,1,Final,F,New York Mets,121,6,Tampa Bay Rays,139,7,Erasmo Ramírez,Jake Diekman,,10,Tropicana Field,day,3,3,False,,
746643,2024,2024-05-05,2024-05-05T17:40:00Z,R,Regular Season,N,1,Final,F,Los Angeles Angels,108,1,Cleveland Guardians,114,4,Carlos Carrasco,Griffin Canning,Emmanuel Clase,9,Progressive Field,day,3,3,False,,
745913,2024,2024-05-05,2024-05-05T18:10:00Z,R,Regular Season,N,1,Final,F,Boston Red Sox,111,9,Minnesota Twins,142,2,Brennan Bernardino,Joe Ryan,,9,Target Field,day,3,3,False,,
746314,2024,2024-05-05,2024-05-05T18:10:00Z,R,Regular Season,N,1,Final,F,Texas Rangers,140,3,Kansas City Royals,118,2,Kirby Yates,James McArthur,David Robertson,10,Kauffman Stadium,day,3,3,False,,
746395,2024,2024-05-05,2024-05-05T18:10:00Z,R,Regular Season,N,1,Final,F,Seattle Mariners,136,5,Houston Astros,117,4,Andrés Muñoz,Josh Hader,,9,Minute Maid Park,day,3,3,False,,
745185,2024,2024-05-05,2024-05-05T18:15:00Z,R,Regular Season,N,1,Final,F,Chicago White Sox,145,5,St. Louis Cardinals,138,1,Garrett Crochet,Giovanny Gallegos,,9,Busch Stadium,day,3,3,False,,
746883,2024,2024-05-05,2024-05-05T18:20:00Z,R,Regular Season,N,1,Final,F,Milwaukee Brewers,158,0,Chicago Cubs,112,5,Javier Assad,Freddy Peralta,,9,Wrigley Field,day,3,3,False,,
745667,2024,2024-05-05,2024-05-05T20:07:00Z,R,Regular Season,N,1,Final,F,Miami Marlins,146,12,Oakland Athletics,133,3,Burch Smith,Joe Boyle,,9,Oakland Coliseum,day,3,3,False,,
746153,2024,2024-05-05,2024-05-05T20:10:00Z,R,Regular Season,N,1,Final,F,Atlanta Braves,144,1,Los Angeles Dodgers,119,5,James Paxton,Max Fried,,9,Dodger Stadium,day,3,3,False,,
746719,2024,2024-05-05,2024-05-05T20:10:00Z,R,Regular Season,N,1,Final,F,Baltimore Orioles,110,11,Cincinnati Reds,113,1,Dean Kremer,Nick Lodolo,,9,Great American Ball Park,day,3,3,False,,
747206,2024,2024-05-05,2024-05-05T20:10:00Z,R,Regular Season,N,1,Final,F,San Diego Padres,135,4,Arizona Diamondbacks,109,11,Ryne Nelson,Matt Waldron,,9,Chase Field,day,3,3,False,,
745587,2024,2024-05-05,2024-05-05T23:10:00Z,R,Regular Season,N,1,Final,F,San Francisco Giants,137,4,Philadelphia Phillies,143,5,Taijuan Walker,Logan Webb,José Alvarado,9,Citizens Bank Park,night,3,4,False,,
745585,2024,2024-05-06,2024-05-06T20:05:00Z,R,Regular Season,N,1,Final,F,San Francisco Giants,137,1,Philadelphia Phillies,143,6,Zack Wheeler,Mason Black,,9,Citizens Bank Park,day,4,4,False,,
746639,2024,2024-05-06,2024-05-06T22:10:00Z,R,Regular Season,N,1,Final,F,Detroit Tigers,116,1,Cleveland Guardians,114,2,Nick Sandlin,Jack Flaherty,Emmanuel Clase,9,Progressive Field,night,1,3,False,,
745509,2024,2024-05-06,2024-05-06T22:40:00Z,R,Regular Season,N,1,Final,F,Los Angeles Angels,108,1,Pittsburgh Pirates,134,4,Mitch Keller,Tyler Anderson,,9,PNC Park,night,1,3,False,,
745098,2024,2024-05-06,2024-05-06T22:50:00Z,R,Regular Season,N,1,Final,F,Chicago White Sox,145,2,Tampa Bay Rays,139,8,Erasmo Ramírez,Mike Clevinger,,9,Tropicana Field,night,1,3,False,,
746313,2024,2024-05-06,2024-05-06T23:10:00Z,R,Regular Season,N,1,Final,F,Milwaukee Brewers,158,2,Kansas City Royals,118,3,Nick Anderson,Jared Koenig,Chris Stratton,9,Kauffman Stadium,night,1,3,False,,
745912,2024,2024-05-06,2024-05-06T23:40:00Z,R,Regular Season,N,1,Final,F,Seattle Mariners,136,1,Minnesota Twins,142,3,Griffin Jax,Luis Castillo,Caleb Thielbar,9,Target Field,night,1,4,False,,
746886,2024,2024-05-06,2024-05-06T23:40:00Z,R,Regular Season,N,1,Final,F,San Diego Padres,135,6,Chicago Cubs,112,3,Yu Darvish,Richard Lovelady,Robert Suarez,9,Wrigley Field,night,1,3,False,,
745182,2024,2024-05-06,2024-05-06T23:45:00Z,R,Regular Season,N,1,Final,F,New York Mets,121,4,St. Louis Cardinals,138,3,Sean Manaea,Andrew Kittredge,Edwin Díaz,9,Busch Stadium,night,1,2,False,,
745669,2024,2024-05-06,2024-05-07T01:40:00Z,R,Regular Season,N,1,Final,F,Texas Rangers,140,4,Oakland Athletics,133,2,José Leclerc,Lucas Erceg,Kirby Yates,9,Oakland Coliseum,night,1,4,False,,
746149,2024,2024-05-06,2024-05-07T02:10:00Z,R,Regular Season,N,1,Final,F,Miami Marlins,146,3,Los Angeles Dodgers,119,6,Ryan Yarbrough,Roddery Muñoz,Alex Vesia,9,Dodger Stadium,night,1,3,False,,
745668,2024,2024-05-07,2024-05-07T19:37:00Z,R,Regular Season,N,1,Final,F,Texas Rangers,140,15,Oakland Athletics,133,8,José Ureña,Ross Stripling,,9,Oakland Coliseum,day,2,4,False,,
746638,2024,2024-05-07,2024-05-07T22:10:00Z,R,Regular Season,N,1,Final,F,Detroit Tigers,116,11,Cleveland Guardians,114,7,Tyler Holton,Pedro Avila,,9,Progressive Field,night,2,3,False,,
745508,2024,2024-05-07,2024-05-07T22:40:00Z,R,Regular Season,N,1,Final,F,Los Angeles Angels,108,9,Pittsburgh Pirates,134,0,Patrick Sandoval,Quinn Priester,,9,PNC Park,night,2,3,False,,
745586,2024,2024-05-07,2024-05-07T22:40:00Z,R,Regular Season,N,1,Final,F,Toronto Blue Jays,141,1,Philadelphia Phillies,143,10,Cristopher Sánchez,José Berríos,,9,Citizens Bank Park,night,1,2,False,,
746718,2024,2024-05-07,2024-05-07T22:40:00Z,R,Regular Season,N,1,Final,F,Arizona Diamondbacks,109,6,Cincinnati Reds,113,2,Zac Gallen,Frankie Montas,,9,Great American Ball Park,night,1,3,False,,
744859,2024,2024-05-07,2024-05-07T22:45:00Z,R,Regular Season,N,1,Final,F,Baltimore Orioles,110,0,Washington Nationals,120,3,Trevor Williams,Corbin Burnes,Kyle Finnegan,9,Nationals Park,night,1,2,False,,
745095,2024,2024-05-07,2024-05-07T22:50:00Z,R,Regular Season,N,1,Final,F,Chicago White Sox,145,1,Tampa Bay Rays,139,5,Zach Eflin,Michael Soroka,,9,Tropicana Field,night,2,3,False,,
745752,2024,2024-05-07,2024-05-07T23:05:00Z,R,Regular Season,N,1,Final,F,Houston Astros,117,3,New York Yankees,147,10,Luis Gil,Justin Verlander,,9,Yankee Stadium,night,1,3,False,,
747126,2024,2024-05-07,2024-05-07T23:20:00Z,R,Regular Season,N,1,Final,F,Boston Red Sox,111,2,Atlanta Braves,144,4,Joe Jiménez,Justin Slaten,Raisel Iglesias,9,Truist Park,night,1,2,False,,
745915,2024,2024-05-07,2024-05-07T23:40:00Z,R,Regular Season,N,1,Final,F,Seattle Mariners,136,10,Minnesota Twins,142,6,Ryne Stanek,Jorge Alcala,,9,Target Field,night,2,4,False,,
746315,2024,2024-05-07,2024-05-07T23:40:00Z,R,Regular Season,N,1,Final,F,Milwaukee Brewers,158,6,Kansas City Royals,118,5,Jared Koenig,James McArthur,Trevor Megill,9,Kauffman Stadium,night,2,3,False,,
746885,2024,2024-05-07,2024-05-07T23:40:00Z,R,Regular Season,N,1,Final,F,San Diego Padres,135,2,Chicago Cubs,112,3,Héctor Neris,Enyel De Los Santos,,9,Wrigley Field,night,2,3,False,,
745186,2024,2024-05-07,2024-05-07T23:45:00Z,R,Regular Season,N,1,Final,F,New York Mets,121,7,St. Louis Cardinals,138,5,José Buttó,Miles Mikolas,Adam Ottavino,9,Busch Stadium,night,2,2,False,,
746559,2024,2024-05-07,2024-05-08T00:40:00Z,R,Regular Season,N,1,Final,F,San Francisco Giants,137,5,Colorado Rockies,115,0,Kyle Harrison,Dakota Hudson,,9,Coors Field,night,1,3,False,,
746147,2024,2024-05-07,2024-05-08T02:10:00Z,R,Regular Season,N,1,Final,F,Miami Marlins,146,2,Los Angeles Dodgers,119,8,Yoshinobu Yamamoto,Edward Cabrera,,9,Dodger Stadium,night,2,3,False,,
745507,2024,2024-05-08,2024-05-08T16:35:00Z,R,Regular Season,N,1,Final,F,Los Angeles Angels,108,5,Pittsburgh Pirates,134,4,Adam Cimber,Luis Ortiz,Carlos Estévez,9,PNC Park,day,3,3,False,,
745584,2024,2024-05-08,2024-05-08T17:05:00Z,R,Regular Season,N,1,Final,F,Toronto Blue Jays,141,5,Philadelphia Phillies,143,3,Chris Bassitt,Aaron Nola,Jordan Romano,9,Citizens Bank Park,day,2,2,False,,
746640,2024,2024-05-08,2024-05-08T17:10:00Z,R,Regular Season,N,1,Final,F,Detroit Tigers,116,4,Cleveland Guardians,114,5,Emmanuel Clase,Alex Lange,,10,Progressive Field,day,3,3,False,,
746312,2024,2024-05-08,2024-05-08T18:10:00Z,R,Regular Season,N,1,Final,F,Milwaukee Brewers,158,4,Kansas City Royals,118,6,Brady Singer,Joe Ross,James McArthur,9,Kauffman Stadium,day,3,3,False,,
746879,2024,2024-05-08,2024-05-08T18:20:00Z,R,Regular Season,N,1,Final,F,San Diego Padres,135,3,Chicago Cubs,112,0,Dylan Cease,Hayden Wesneski,Robert Suarez,9,Wrigley Field,day,3,3,False,,
746151,2024,2024-05-08,2024-05-08T19:10:00Z,R,Regular Season,N,1,Final,F,Miami Marlins,146,1,Los Angeles Dodgers,119,3,Gavin Stone,Ryan Weathers,Daniel Hudson,9,Dodger Stadium,day,3,3,False,,
745664,2024,2024-05-08,2024-05-08T19:37:00Z,R,Regular Season,Y,1,Final,F,Texas Rangers,140,4,Oakland Athletics,133,9,JP Sears,Michael Lorenzen,,9,Oakland Coliseum,day,3,4,False,,
745659,2024,2024-05-08,2024-05-08T19:42:00Z,R,Regular Season,Y,2,Final,F,Texas Rangers,140,12,Oakland Athletics,133,11,David Robertson,Osvaldo Bido,Kirby Yates,9,Oakland Coliseum,day,4,4,False,,
746717,2024,2024-05-08,2024-05-08T22:40:00Z,R,Regular Season,N,1,Final,F,Arizona Diamondbacks,109,4,Cincinnati Reds,113,3,Jordan Montgomery,Graham Ashcraft,Joe Mantiply,9,Great American Ball Park,night,2,3,False,,
744858,2024,2024-05-08,2024-05-08T22:45:00Z,R,Regular Season,N,1,Final,F,Baltimore Orioles,110,7,Washington Nationals,120,6,Albert Suárez,Jordan Weems,Jacob Webb,12,Nationals Park,night,2,2,False,,
745097,2024,2024-05-08,2024-05-08T22:50:00Z,R,Regular Season,N,1,Final,F,Chicago White Sox,145,4,Tampa Bay Rays,139,1,Chris Flexen,Aaron Civale,Michael Kopech,9,Tropicana Field,night,3,3,False,,
745749,2024,2024-05-08,2024-05-08T23:05:00Z,R,Regular Season,N,1,Final,F,Houston Astros,117,4,New York Yankees,147,9,Carlos Rodón,Spencer Arrighetti,,9,Yankee Stadium,night,2,3,False,,
747127,2024,2024-05-08,2024-05-08T23:20:00Z,R,Regular Season,N,1,Final,F,Boston Red Sox,111,0,Atlanta Braves,144,5,Chris Sale,Nick Pivetta,,9,Truist Park,night,2,2,False,,
745906,2024,2024-05-08,2024-05-08T23:40:00Z,R,Regular Season,N,1,Final,F,Seattle Mariners,136,3,Minnesota Twins,142,6,Chris Paddack,George Kirby,Jhoan Duran,9,Target Field,night,3,4,False,,
746562,2024,2024-05-08,2024-05-09T00:40:00Z,R,Regular Season,N,1,Final,F,San Francisco Giants,137,8,Colorado Rockies,115,6,Jordan Hicks,Peter Lambert,,9,Coors Field,night,2,3,False,,
745910,2024,2024-05-09,2024-05-09T17:10:00Z,R,Regular Season,N,1,Final,F,Seattle Mariners,136,1,Minnesota Twins,142,11,Pablo López,Logan Gilbert,,9,Target Field,day,4,4,False,,
746715,2024,2024-05-09,2024-05-09T17:10:00Z,R,Regular Season,N,1,Final,F,Arizona Diamondbacks,109,5,Cincinnati Reds,113,4,Kevin Ginkel,Fernando Cruz,Paul Sewald,9,Great American Ball Park,day,3,3,False,,
746563,2024,2024-05-09,2024-05-09T19:10:00Z,R,Regular Season,N,1,Final,F,San Francisco Giants,137,1,Colorado Rockies,115,9,Cal Quantrill,Keaton Winn,,9,Coors Field,day,3,3,False,,
745748,2024,2024-05-09,2024-05-09T21:05:00Z,R,Regular Season,N,1,Final,F,Houston Astros,117,4,New York Yankees,147,3,Ronel Blanco,Marcus Stroman,Josh Hader,9,Yankee Stadium,night,3,3,False,,
745995,2024,2024-05-09,2024-05-09T23:40:00Z,R,Regular Season,N,1,Final,F,St. Louis Cardinals,138,1,Milwaukee Brewers,158,7,Jared Koenig,Sonny Gray,,9,American Family Field,night,1,4,False,,
746802,2024,2024-05-09,2024-05-09T23:40:00Z,R,Regular Season,N,1,Final,F,Cleveland Guardians,114,2,Chicago White Sox,145,3,Erick Fedde,Ben Lively,Michael Kopech,9,Guaranteed Rate Field,night,1,4,False,,
746241,2024,2024-05-09,2024-05-10T01:38:00Z,R,Regular Season,N,1,Final,F,Kansas City Royals,118,10,Los Angeles Angels,108,4,Michael Wacha,Reid Detmers,,9,Angel Stadium,night,1,4,False,,
745506,2024,2024-05-10,2024-05-10T22:40:00Z,R,Regular Season,N,1,Final,F,Chicago Cubs,112,7,Pittsburgh Pirates,134,2,Ben Brown,Jared Jones,,9,PNC Park,night,1,3,False,,
746479,2024,2024-05-10,2024-05-10T22:40:00Z,R,Regular Season,N,1,Final,F,Houston Astros,117,5,Detroit Tigers,116,2,Framber Valdez,Andrew Chafin,Josh Hader,9,Comerica Park,night,1,3,False,,
745094,2024,2024-05-10,2024-05-10T22:50:00Z,R,Regular Season,N,1,Final,F,New York Yankees,147,2,Tampa Bay Rays,139,0,Clarke Schmidt,Taj Bradley,Clay Holmes,9,Tropicana Field,night,1,3,False,,
747043,2024,2024-05-10,2024-05-10T23:05:00Z,R,Regular Season,N,1,Final,F,Arizona Diamondbacks,109,2,Baltimore Orioles,110,4,Cole Irvin,Brandon Pfaadt,Yennier Cano,9,Oriole Park at Camden Yards,night,1,3,False,,
744940,2024,2024-05-10,2024-05-10T23:07:00Z,R,Regular Season,N,1,Final,F,Minnesota Twins,142,3,Toronto Blue Jays,141,2,Joe Ryan,Yusei Kikuchi,Griffin Jax,9,Rogers Centre,night,1,3,False,,
745827,2024,2024-05-10,2024-05-10T23:10:00Z,R,Regular Season,N,1,Final,F,Atlanta Braves,144,4,New York Mets,121,2,Charlie Morton,Jose Quintana,Raisel Iglesias,9,Citi Field,night,1,3,False,,
746071,2024,2024-05-10,2024-05-10T23:10:00Z,R,Regular Season,N,1,Final,F,Philadelphia Phillies,143,8,Miami Marlins,146,2,Ranger Suarez,Trevor Rogers,,9,loanDepot park,night,1,3,False,,
746964,2024,2024-05-10,2024-05-10T23:10:00Z,R,Regular Season,N,1,Final,F,Washington Nationals,120,5,Boston Red Sox,111,1,Patrick Corbin,Tanner Houck,,9,Fenway Park,night,1,3,False,,
746801,2024,2024-05-10,2024-05-10T23:40:00Z,R,Regular Season,N,1,Final,F,Cleveland Guardians,114,3,Chicago White Sox,145,6,Garrett Crochet,Carlos Carrasco,Jordan Leasure,9,Guaranteed Rate Field,night,2,4,False,,
745993,2024,2024-05-10,2024-05-11T00:10:00Z,R,Regular Season,N,1,Final,F,St. Louis Cardinals,138,2,Milwaukee Brewers,158,11,Robert Gasser,Lance Lynn,Kevin Herget,9,American Family Field,night,2,4,False,,
746553,2024,2024-05-10,2024-05-11T00:40:00Z,R,Regular Season,N,1,Final,F,Texas Rangers,140,2,Colorado Rockies,115,4,Jake Bird,Grant Anderson,Jalen Beeks,9,Coors Field,night,1,3,False,,
746240,2024,2024-05-10,2024-05-11T01:38:00Z,R,Regular Season,N,1,Final,F,Kansas City Royals,118,2,Los Angeles Angels,108,1,Tyler Duffey,Carlos Estévez,John Schreiber,9,Angel Stadium,night,2,4,False,,
745264,2024,2024-05-10,2024-05-11T01:40:00Z,R,Regular Season,N,1,Final,F,Oakland Athletics,133,1,Seattle Mariners,136,8,Trent Thornton,Paul Blackburn,,9,T-Mobile Park,night,1,3,False,,
745421,2024,2024-05-10,2024-05-11T01:40:00Z,R,Regular Season,N,1,Final,F,Los Angeles Dodgers,119,1,San Diego Padres,135,2,Robert Suarez,Michael Grove,,9,Petco Park,night,1,3,False,,
745340,2024,2024-05-10,2024-05-11T02:15:00Z,R,Regular Season,N,1,Final,F,Cincinnati Reds,113,4,San Francisco Giants,137,2,Andrew Abbott,Logan Webb,Alexis Díaz,9,Oracle Park,night,1,3,False,,
744943,2024,2024-05-11,2024-05-11T19:07:00Z,R,Regular Season,N,1,Final,F,Minnesota Twins,142,8,Toronto Blue Jays,141,10,Erik Swanson,Jay Jackson,Jordan Romano,9,Rogers Centre,day,2,3,False,,
745505,2024,2024-05-11,2024-05-11T20:05:00Z,R,Regular Season,N,1,Final,F,Chicago Cubs,112,9,Pittsburgh Pirates,134,10,Colin Holderman,Keegan Thompson,David Bednar,9,PNC Park,day,2,3,False,,
747041,2024,2024-05-11,2024-05-11T20:05:00Z,R,Regular Season,N,1,Final,F,Arizona Diamondbacks,109,4,Baltimore Orioles,110,5,Craig Kimbrel,Bryce Jarvis,,11,Oriole Park at Camden Yards,day,2,3,False,,
745096,2024,2024-05-11,2024-05-11T20:10:00Z,R,Regular Season,N,1,Final,F,New York Yankees,147,2,Tampa Bay Rays,139,7,Zack Littell,Nestor Cortes,,9,Tropicana Field,day,2,3,False,,
745828,2024,2024-05-11,2024-05-11T20:10:00Z,R,Regular Season,N,1,Final,F,Atlanta Braves,144,4,New York Mets,121,1,Max Fried,Christian Scott,,9,Citi Field,day,2,3,False,,
746069,2024,2024-05-11,2024-05-11T20:10:00Z,R,Regular Season,N,1,Final,F,Philadelphia Phillies,143,8,Miami Marlins,146,3,Taijuan Walker,Jesús Luzardo,,9,loanDepot park,day,2,3,False,,
746963,2024,2024-05-11,2024-05-11T20:10:00Z,R,Regular Season,N,1,Final,F,Washington Nationals,120,2,Boston Red Sox,111,4,Chris Martin,Robert Garcia,Kenley Jansen,9,Fenway Park,day,2,3,False,,
746480,2024,2024-05-11,2024-05-11T22:10:00Z,R,Regular Season,N,1,Final,F,Houston Astros,117,2,Detroit Tigers,116,8,Tarik Skubal,Cristian Javier,,9,Comerica Park,night,2,3,False,,
746797,2024,2024-05-11,2024-05-11T23:10:00Z,R,Regular Season,N,1,Final,F,Cleveland Guardians,114,1,Chicago White Sox,145,3,Tim Hill,Triston McKenzie,John Brebbia,9,Guaranteed Rate Field,night,3,4,False,,
745344,2024,2024-05-11,2024-05-11T23:15:00Z,R,Regular Season,N,1,Final,F,Cincinnati Reds,113,1,San Francisco Giants,137,5,Taylor Rogers,Nick Lodolo,,9,Oracle Park,day,2,3,False,,
745994,2024,2024-05-11,2024-05-11T23:15:00Z,R,Regular Season,N,1,Final,F,St. Louis Cardinals,138,3,Milwaukee Brewers,158,5,Hoby Milner,Andrew Kittredge,Trevor Megill,9,American Family Field,night,3,4,False,,
746554,2024,2024-05-11,2024-05-12T00:10:00Z,R,Regular Season,N,1,Final,F,Texas Rangers,140,3,Colorado Rockies,115,8,Tyler Kinley,David Robertson,,9,Coors Field,night,2,3,False,,
745422,2024,2024-05-11,2024-05-12T00:40:00Z,R,Regular Season,N,1,Final,F,Los Angeles Dodgers,119,5,San Diego Padres,135,0,James Paxton,Matt Waldron,,9,Petco Park,night,2,3,False,,
746232,2024,2024-05-11,2024-05-12T01:38:00Z,R,Regular Season,N,1,Final,F,Kansas City Royals,118,3,Los Angeles Angels,108,9,Tyler Anderson,Cole Ragans,,9,Angel Stadium,night,3,4,False,,
745262,2024,2024-05-11,2024-05-12T01:40:00Z,R,Regular Season,N,1,Final,F,Oakland Athletics,133,8,Seattle Mariners,136,1,Joey Estes,Bryce Miller,,9,T-Mobile Park,night,2,3,False,,
745499,2024,2024-05-12,2024-05-12T17:35:00Z,R,Regular Season,N,1,Final,F,Chicago Cubs,112,5,Pittsburgh Pirates,134,4,Héctor Neris,Aroldis Chapman,Adbert Alzolay,10,PNC Park,day,3,3,False,,
746965,2024,2024-05-12,2024-05-12T17:35:00Z,R,Regular Season,N,1,Final,F,Washington Nationals,120,2,Boston Red Sox,111,3,Brayan Bello,MacKenzie Gore,Kenley Jansen,9,Fenway Park,day,3,3,False,,
747042,2024,2024-05-12,2024-05-12T17:35:00Z,R,Regular Season,N,1,Final,F,Arizona Diamondbacks,109,9,Baltimore Orioles,110,2,Zac Gallen,Dean Kremer,,9,Oriole Park at Camden Yards,day,3,3,False,,
744941,2024,2024-05-12,2024-05-12T17:37:00Z,R,Regular Season,N,1,Final,F,Minnesota Twins,142,5,Toronto Blue Jays,141,1,Bailey Ober,Alek Manoah,,9,Rogers Centre,day,3,3,False,,
745092,2024,2024-05-12,2024-05-12T17:40:00Z,R,Regular Season,N,1,Final,F,New York Yankees,147,10,Tampa Bay Rays,139,6,Luis Gil,Tyler Alexander,,9,Tropicana Field,day,3,3,False,,
746068,2024,2024-05-12,2024-05-12T17:40:00Z,R,Regular Season,N,1,Final,F,Philadelphia Phillies,143,6,Miami Marlins,146,7,Anthony Bender,Gregory Soto,,10,loanDepot park,day,3,3,False,,
746476,2024,2024-05-12,2024-05-12T17:40:00Z,R,Regular Season,N,1,Final,F,Houston Astros,117,9,Detroit Tigers,116,3,Justin Verlander,Jack Flaherty,,9,Comerica Park,day,3,3,False,,
745990,2024,2024-05-12,2024-05-12T18:10:00Z,R,Regular Season,N,1,Final,F,St. Louis Cardinals,138,4,Milwaukee Brewers,158,3,Miles Mikolas,Elvis Peguero,Ryan Helsley,9,American Family Field,day,4,4,False,,
746798,2024,2024-05-12,2024-05-12T18:10:00Z,R,Regular Season,N,1,Final,F,Cleveland Guardians,114,7,Chicago White Sox,145,0,Logan Allen,Michael Soroka,,9,Guaranteed Rate Field,day,4,4,False,,
746555,2024,2024-05-12,2024-05-12T19:10:00Z,R,Regular Season,N,1,Final,F,Texas Rangers,140,1,Colorado Rockies,115,3,Ty Blach,José Ureña,Jalen Beeks,9,Coors Field,day,3,3,False,,
745345,2024,2024-05-12,2024-05-12T20:05:00Z,R,Regular Season,N,1,Final,F,Cincinnati Reds,113,5,San Francisco Giants,137,6,Luke Jackson,Emilio Pagán,,10,Oracle Park,day,3,3,False,,
746234,2024,2024-05-12,2024-05-12T20:07:00Z,R,Regular Season,N,1,Final,F,Kansas City Royals,118,4,Los Angeles Angels,108,2,Seth Lugo,Patrick Sandoval,James McArthur,9,Angel Stadium,day,4,4,False,,
745255,2024,2024-05-12,2024-05-12T20:10:00Z,R,Regular Season,N,1,Final,F,Oakland Athletics,133,4,Seattle Mariners,136,8,Luis Castillo,Alex Wood,,9,T-Mobile Park,day,3,3,False,,
745419,2024,2024-05-12,2024-05-12T20:10:00Z,R,Regular Season,N,1,Final,F,Los Angeles Dodgers,119,0,San Diego Padres,135,4,Yu Darvish,Walker Buehler,,9,Petco Park,day,3,3,False,,
745825,2024,2024-05-12,2024-05-12T23:10:00Z,R,Regular Season,N,1,Final,F,Atlanta Braves,144,3,New York Mets,121,4,Edwin Díaz,A.J. Minter,,9,Citi Field,night,3,3,False,,
747040,2024,2024-05-13,2024-05-13T22:35:00Z,R,Regular Season,N,1,Final,F,Toronto Blue Jays,141,3,Baltimore Orioles,110,2,Jordan Romano,Jacob Webb,,10,Oriole Park at Camden Yards,night,1,2,False,,
746471,2024,2024-05-13,2024-05-13T22:40:00Z,R,Regular Season,N,1,Final,F,Miami Marlins,146,5,Detroit Tigers,116,6,Alex Faedo,Anthony Maldonado,Jason Foley,9,Comerica Park,night,1,3,False,,
745826,2024,2024-05-13,2024-05-13T23:10:00Z,R,Regular Season,N,1,Final,F,Philadelphia Phillies,143,5,New York Mets,121,4,Orion Kerkering,Sean Reid-Foley,José Alvarado,10,Citi Field,night,1,4,False,,
746961,2024,2024-05-13,2024-05-13T23:10:00Z,R,Regular Season,N,1,Final,F,Tampa Bay Rays,139,5,Boston Red Sox,111,3,Zach Eflin,Kutter Crawford,Jason Adam,9,Fenway Park,night,1,4,False,,
747128,2024,2024-05-13,2024-05-13T23:20:00Z,R,Regular Season,N,1,Final,F,Chicago Cubs,112,0,Atlanta Braves,144,2,Ray Kerr,Hayden Wesneski,A.J. Minter,9,Truist Park,night,1,3,False,,
745991,2024,2024-05-13,2024-05-13T23:40:00Z,R,Regular Season,N,1,Final,F,Pittsburgh Pirates,134,8,Milwaukee Brewers,158,6,Mitch Keller,Colin Rea,David Bednar,9,American Family Field,night,1,3,False,,
745019,2024,2024-05-13,2024-05-14T00:05:00Z,R,Regular Season,N,1,Final,F,Cleveland Guardians,114,7,Texas Rangers,140,0,Hunter Gaddis,José Leclerc,,9,Globe Life Field,night,1,3,False,,
746393,2024,2024-05-13,2024-05-14T00:10:00Z,R,Regular Season,N,1,Final,F,Oakland Athletics,133,2,Houston Astros,117,9,Spencer Arrighetti,Ross Stripling,,9,Minute Maid Park,night,1,4,False,,
746233,2024,2024-05-13,2024-05-14T01:38:00Z,R,Regular Season,N,1,Final,F,St. Louis Cardinals,138,10,Los Angeles Angels,108,5,Kyle Leahy,Matt Moore,,9,Angel Stadium,night,1,3,False,,
745256,2024,2024-05-13,2024-05-14T01:40:00Z,R,Regular Season,N,1,Final,F,Kansas City Royals,118,2,Seattle Mariners,136,6,George Kirby,Brady Singer,Andrés Muñoz,9,T-Mobile Park,night,1,3,False,,
745420,2024,2024-05-13,2024-05-14T01:40:00Z,R,Regular Season,N,1,Final,F,Colorado Rockies,115,5,San Diego Padres,135,4,Dakota Hudson,Randy Vásquez,Jalen Beeks,9,Petco Park,night,1,3,False,,
747204,2024,2024-05-13,2024-05-14T01:40:00Z,R,Regular Season,N,1,Final,F,Cincinnati Reds,113,5,Arizona Diamondbacks,109,6,Justin Martinez,Alexis Díaz,,9,Chase Field,night,1,3,False,,
745343,2024,2024-05-13,2024-05-14T01:45:00Z,R,Regular Season,N,1,Final,F,Los Angeles Dodgers,119,6,San Francisco Giants,137,4,Blake Treinen,Taylor Rogers,J.P. Feyereisen,10,Oracle Park,night,1,3,False,,
745821,2024,2024-05-14,2024-05-14T17:10:00Z,R,Regular Season,N,1,Final,F,Philadelphia Phillies,143,4,New York Mets,121,0,Aaron Nola,José Buttó,,9,Citi Field,day,2,4,False,,
746796,2024,2024-05-14,2024-05-14T20:40:00Z,R,Regular Season,Y,1,Final,F,Washington Nationals,120,6,Chicago White Sox,145,3,Derek Law,John Brebbia,Kyle Finnegan,9,Guaranteed Rate Field,day,1,3,False,,
746799,2024,2024-05-14,2024-05-14T20:45:00Z,R,Regular Season,Y,2,Final,F,Washington Nationals,120,0,Chicago White Sox,145,4,Erick Fedde,Mitchell Parker,,9,Guaranteed Rate Field,day,2,3,False,,
746473,2024,2024-05-14,2024-05-14T22:40:00Z,R,Regular Season,N,1,Final,F,Miami Marlins,146,1,Detroit Tigers,116,0,Tanner Scott,Alex Lange,A.J. Puk,10,Comerica Park,night,2,3,False,,
746962,2024,2024-05-14,2024-05-14T23:10:00Z,R,Regular Season,N,1,Final,F,Tampa Bay Rays,139,4,Boston Red Sox,111,5,Brennan Bernardino,Manuel Rodríguez,,12,Fenway Park,night,2,4,False,,
747124,2024,2024-05-14,2024-05-14T23:20:00Z,R,Regular Season,N,1,Final,F,Chicago Cubs,112,0,Atlanta Braves,144,7,Chris Sale,Jameson Taillon,,9,Truist Park,night,2,3,False,,
745909,2024,2024-05-14,2024-05-14T23:40:00Z,R,Regular Season,N,1,Final,F,New York Yankees,147,5,Minnesota Twins,142,1,Carlos Rodón,Chris Paddack,,9,Target Field,night,1,3,False,,
745989,2024,2024-05-14,2024-05-14T23:40:00Z,R,Regular Season,N,1,Final,F,Pittsburgh Pirates,134,3,Milwaukee Brewers,158,4,Joe Ross,Quinn Priester,Trevor Megill,9,American Family Field,night,2,3,False,,
745014,2024,2024-05-14,2024-05-15T00:05:00Z,R,Regular Season,N,1,Final,F,Cleveland Guardians,114,7,Texas Rangers,140,4,Ben Lively,Jack Leiter,Emmanuel Clase,9,Globe Life Field,night,2,3,False,,
746396,2024,2024-05-14,2024-05-15T00:10:00Z,R,Regular Season,N,1,Final,F,Oakland Athletics,133,1,Houston Astros,117,2,Josh Hader,Michael Kelly,,10,Minute Maid Park,night,2,4,False,,
746235,2024,2024-05-14,2024-05-15T01:38:00Z,R,Regular Season,N,1,Final,F,St. Louis Cardinals,138,7,Los Angeles Angels,108,6,Sonny Gray,Hunter Strickland,Ryan Helsley,9,Angel Stadium,night,2,3,False,,
745257,2024,2024-05-14,2024-05-15T01:40:00Z,R,Regular Season,N,1,Final,F,Kansas City Royals,118,4,Seattle Mariners,136,2,Michael Wacha,Logan Gilbert,James McArthur,9,T-Mobile Park,night,2,3,False,,
745418,2024,2024-05-14,2024-05-15T01:40:00Z,R,Regular Season,N,1,Final,F,Colorado Rockies,115,6,San Diego Padres,135,3,Cal Quantrill,Dylan Cease,Tyler Kinley,9,Petco Park,night,2,3,False,,
747205,2024,2024-05-14,2024-05-15T01:40:00Z,R,Regular Season,N,1,Final,F,Cincinnati Reds,113,6,Arizona Diamondbacks,109,2,Hunter Greene,Slade Cecconi,,9,Chase Field,night,2,3,False,,
745342,2024,2024-05-14,2024-05-15T01:45:00Z,R,Regular Season,N,1,Final,F,Los Angeles Dodgers,119,10,San Francisco Giants,137,2,Gavin Stone,Keaton Winn,,9,Oracle Park,night,2,3,False,,
747038,2024,2024-05-15,2024-05-15T16:35:00Z,R,Regular Season,N,1,Final,F,Toronto Blue Jays,141,2,Baltimore Orioles,110,3,Danny Coulombe,Jordan Romano,,9,Oriole Park at Camden Yards,day,2,2,False,,
745992,2024,2024-05-15,2024-05-15T17:10:00Z,R,Regular Season,N,1,Final,F,Pittsburgh Pirates,134,2,Milwaukee Brewers,158,10,Robert Gasser,Martín Pérez,,9,American Family Field,day,3,3,False,,
746472,2024,2024-05-15,2024-05-15T17:10:00Z,R,Regular Season,N,1,Final,F,Miami Marlins,146,2,Detroit Tigers,116,0,Trevor Rogers,Casey Mize,Tanner Scott,9,Comerica Park,day,3,3,False,,
746795,2024,2024-05-15,2024-05-15T18:10:00Z,R,Regular Season,N,1,Final,F,Washington Nationals,120,0,Chicago White Sox,145,2,Garrett Crochet,Patrick Corbin,Michael Kopech,9,Guaranteed Rate Field,day,3,3,False,,
747203,2024,2024-05-15,2024-05-15T19:40:00Z,R,Regular Season,N,1,Final,F,Cincinnati Reds,113,1,Arizona Diamondbacks,109,2,Ryan Thompson,Fernando Cruz,Paul Sewald,9,Chase Field,day,3,3,False,,
745259,2024,2024-05-15,2024-05-15T20:10:00Z,R,Regular Season,N,1,Final,F,Kansas City Royals,118,2,Seattle Mariners,136,4,Bryan Woo,Alec Marsh,Andrés Muñoz,9,T-Mobile Park,day,3,3,False,,
745417,2024,2024-05-15,2024-05-15T20:10:00Z,R,Regular Season,N,1,Final,F,Colorado Rockies,115,8,San Diego Padres,135,0,Austin Gomber,Michael King,,9,Petco Park,day,3,3,False,,
745582,2024,2024-05-15,2024-05-15T22:40:00Z,R,Regular Season,N,1,Final,F,New York Mets,121,5,Philadelphia Phillies,143,10,Ranger Suarez,Joey Lucchesi,,9,Citizens Bank Park,night,3,4,False,,
746960,2024,2024-05-15,2024-05-15T23:10:00Z,R,Regular Season,N,1,Final,F,Tampa Bay Rays,139,4,Boston Red Sox,111,3,Taj Bradley,Tanner Houck,Kevin Kelly,9,Fenway Park,night,3,4,False,,
747123,2024,2024-05-15,2024-05-15T23:20:00Z,R,Regular Season,N,1,Final,F,Chicago Cubs,112,7,Atlanta Braves,144,1,Javier Assad,Charlie Morton,,9,Truist Park,night,3,3,False,,
745908,2024,2024-05-15,2024-05-15T23:40:00Z,R,Regular Season,N,1,Final,F,New York Yankees,147,4,Minnesota Twins,142,0,Marcus Stroman,Pablo López,,9,Target Field,night,2,3,False,,
745015,2024,2024-05-15,2024-05-16T00:05:00Z,R,Regular Season,N,1,Final,F,Cleveland Guardians,114,0,Texas Rangers,140,4,Jon Gray,Carlos Carrasco,,9,Globe Life Field,night,3,3,False,,
746397,2024,2024-05-15,2024-05-16T00:10:00Z,R,Regular Season,N,1,Final,F,Oakland Athletics,133,0,Houston Astros,117,3,Framber Valdez,Aaron Brooks,Seth Martinez,9,Minute Maid Park,night,3,4,False,,
746231,2024,2024-05-15,2024-05-16T01:07:00Z,R,Regular Season,N,1,Final,F,St. Louis Cardinals,138,2,Los Angeles Angels,108,7,Griffin Canning,Lance Lynn,,9,Angel Stadium,night,3,3,False,,
745341,2024,2024-05-15,2024-05-16T01:45:00Z,R,Regular Season,N,1,Final,F,Los Angeles Dodgers,119,1,San Francisco Giants,137,4,Logan Webb,Elieser Hernández,Camilo Doval,9,Oracle Park,night,3,3,False,,
745907,2024,2024-05-16,2024-05-16T17:10:00Z,R,Regular Season,N,1,Final,F,New York Yankees,147,5,Minnesota Twins,142,0,Clarke Schmidt,Joe Ryan,,9,Target Field,day,3,3,False,,
745580,2024,2024-05-16,2024-05-16T22:40:00Z,R,Regular Season,N,1,Final,F,New York Mets,121,6,Philadelphia Phillies,143,5,Jorge López,José Alvarado,Jake Diekman,11,Citizens Bank Park,night,4,4,False,,
746959,2024,2024-05-16,2024-05-16T23:10:00Z,R,Regular Season,N,1,Final,F,Tampa Bay Rays,139,7,Boston Red Sox,111,5,Manuel Rodríguez,Kenley Jansen,Erasmo Ramírez,9,Fenway Park,night,4,4,False,,
746881,2024,2024-05-16,2024-05-16T23:40:00Z,R,Regular Season,N,1,Final,F,Pittsburgh Pirates,134,5,Chicago Cubs,112,4,Jared Jones,Justin Steele,David Bednar,9,Wrigley Field,night,1,4,False,,
746391,2024,2024-05-16,2024-05-17T00:10:00Z,R,Regular Season,N,1,Final,F,Oakland Athletics,133,1,Houston Astros,117,8,Cristian Javier,Joey Estes,Shawn Dubin,9,Minute Maid Park,night,4,4,False,,
746150,2024,2024-05-16,2024-05-17T02:10:00Z,R,Regular Season,N,1,Final,F,Cincinnati Reds,113,7,Los Angeles Dodgers,119,2,Nick Martinez,Tyler Glasnow,,9,Dodger Stadium,night,1,4,False,,
746878,2024,2024-05-17,2024-05-17T18:20:00Z,R,Regular Season,N,1,Final,F,Pittsburgh Pirates,134,9,Chicago Cubs,112,3,Paul Skenes,Kyle Hendricks,,9,Wrigley Field,day,2,4,False,,
745579,2024,2024-05-17,2024-05-17T22:40:00Z,R,Regular Season,N,1,Final,F,Washington Nationals,120,2,Philadelphia Phillies,143,4,Zack Wheeler,Jake Irvin,Jeff Hoffman,9,Citizens Bank Park,night,1,3,False,,
745747,2024,2024-05-17,2024-05-17T23:05:00Z,R,Regular Season,N,1,Final,F,Chicago White Sox,145,2,New York Yankees,147,4,Nestor Cortes,Mike Clevinger,Clay Holmes,9,Yankee Stadium,night,1,3,False,,
747037,2024,2024-05-17,2024-05-17T23:05:00Z,R,Regular Season,N,1,Final,F,Seattle Mariners,136,2,Baltimore Orioles,110,9,John Means,Bryce Miller,,9,Oriole Park at Camden Yards,night,1,3,False,,
744934,2024,2024-05-17,2024-05-17T23:07:00Z,R,Regular Season,N,1,Final,F,Tampa Bay Rays,139,4,Toronto Blue Jays,141,3,Tyler Alexander,Chris Bassitt,Pete Fairbanks,9,Rogers Centre,night,1,3,False,,
746065,2024,2024-05-17,2024-05-17T23:10:00Z,R,Regular Season,N,1,Final,F,New York Mets,121,0,Miami Marlins,146,8,Jesús Luzardo,Christian Scott,,9,loanDepot park,night,1,3,False,,
746641,2024,2024-05-17,2024-05-17T23:10:00Z,R,Regular Season,N,1,Final,F,Minnesota Twins,142,2,Cleveland Guardians,114,3,Tim Herrin,Jhoan Duran,Emmanuel Clase,9,Progressive Field,night,1,3,False,,
747122,2024,2024-05-17,2024-05-17T23:20:00Z,R,Regular Season,N,1,Final,F,San Diego Padres,135,3,Atlanta Braves,144,1,Matt Waldron,Max Fried,Jeremiah Estrada,9,Truist Park,night,1,4,False,,
746310,2024,2024-05-17,2024-05-17T23:40:00Z,R,Regular Season,N,1,Final,F,Oakland Athletics,133,2,Kansas City Royals,118,6,Cole Ragans,Mitch Spence,,9,Kauffman Stadium,night,1,3,False,,
745016,2024,2024-05-17,2024-05-18T00:05:00Z,R,Regular Season,N,1,Final,F,Los Angeles Angels,108,9,Texas Rangers,140,3,Tyler Anderson,Andrew Heaney,,9,Globe Life Field,night,1,3,False,,
746388,2024,2024-05-17,2024-05-18T00:10:00Z,R,Regular Season,N,1,Final,F,Milwaukee Brewers,158,4,Houston Astros,117,5,Hunter Brown,Freddy Peralta,Josh Hader,9,Minute Maid Park,night,1,3,False,,
745178,2024,2024-05-17,2024-05-18T00:15:00Z,R,Regular Season,N,1,Final,F,Boston Red Sox,111,6,St. Louis Cardinals,138,10,Kyle Gibson,Brayan Bello,,9,Busch Stadium,night,1,3,False,,
747201,2024,2024-05-17,2024-05-18T01:40:00Z,R,Regular Season,N,1,Final,F,Detroit Tigers,116,13,Arizona Diamondbacks,109,0,Tarik Skubal,Ryne Nelson,,9,Chase Field,night,1,3,False,,
746148,2024,2024-05-17,2024-05-18T02:10:00Z,R,Regular Season,N,1,Final,F,Cincinnati Reds,113,3,Los Angeles Dodgers,119,7,Michael Grove,Fernando Cruz,,9,Dodger Stadium,night,2,4,False,,
745335,2024,2024-05-17,2024-05-18T02:15:00Z,R,Regular Season,N,1,Final,F,Colorado Rockies,115,5,San Francisco Giants,137,10,Sean Hjelle,Ryan Feltner,,9,Oracle Park,night,1,3,False,,
745744,2024,2024-05-18,2024-05-18T17:05:00Z,R,Regular Season,N,1,Final,F,Chicago White Sox,145,1,New York Yankees,147,6,Luis Gil,Brad Keller,,9,Yankee Stadium,day,2,3,False,,
746882,2024,2024-05-18,2024-05-18T18:20:00Z,R,Regular Season,N,1,Final,F,Pittsburgh Pirates,134,0,Chicago Cubs,112,1,Héctor Neris,David Bednar,,9,Wrigley Field,day,3,4,False,,
744938,2024,2024-05-18,2024-05-18T19:07:00Z,R,Regular Season,N,1,Final,F,Tampa Bay Rays,139,5,Toronto Blue Jays,141,4,Erasmo Ramírez,Nate Pearson,Garrett Cleavinger,9,Rogers Centre,day,2,3,False,,
745339,2024,2024-05-18,2024-05-18T20:05:00Z,R,Regular Season,N,1,Final,F,Colorado Rockies,115,4,San Francisco Giants,137,14,Kyle Harrison,Ty Blach,,9,Oracle Park,day,2,3,False,,
747036,2024,2024-05-18,2024-05-18T20:05:00Z,R,Regular Season,N,1,Final,F,Seattle Mariners,136,4,Baltimore Orioles,110,3,Ryne Stanek,Yennier Cano,Andrés Muñoz,9,Oriole Park at Camden Yards,day,2,3,False,,
746067,2024,2024-05-18,2024-05-18T20:10:00Z,R,Regular Season,N,1,Final,F,New York Mets,121,9,Miami Marlins,146,10,Tanner Scott,Jorge López,,10,loanDepot park,day,2,3,False,,
745581,2024,2024-05-18,2024-05-18T22:05:00Z,R,Regular Season,N,1,Final,F,Washington Nationals,120,3,Philadelphia Phillies,143,4,Gregory Soto,Kyle Finnegan,,10,Citizens Bank Park,night,2,3,False,,
746642,2024,2024-05-18,2024-05-18T22:10:00Z,R,Regular Season,N,1,Final,F,Minnesota Twins,142,4,Cleveland Guardians,114,11,Logan Allen,Bailey Ober,,9,Progressive Field,night,2,3,False,,
746308,2024,2024-05-18,2024-05-18T23:10:00Z,R,Regular Season,N,1,Final,F,Oakland Athletics,133,3,Kansas City Royals,118,5,Seth Lugo,Ross Stripling,James McArthur,9,Kauffman Stadium,night,2,3,False,,
746389,2024,2024-05-18,2024-05-18T23:10:00Z,R,Regular Season,N,1,Final,F,Milwaukee Brewers,158,4,Houston Astros,117,2,Hoby Milner,Justin Verlander,Trevor Megill,9,Minute Maid Park,night,2,3,False,,
745013,2024,2024-05-18,2024-05-18T23:15:00Z,R,Regular Season,N,1,Final,F,Los Angeles Angels,108,2,Texas Rangers,140,3,Yerry Rodríguez,Carson Fulmer,,13,Globe Life Field,night,2,3,False,,
745177,2024,2024-05-18,2024-05-18T23:15:00Z,R,Regular Season,N,1,Final,F,Boston Red Sox,111,2,St. Louis Cardinals,138,7,JoJo Romero,Justin Slaten,,9,Busch Stadium,night,2,3,False,,
747202,2024,2024-05-18,2024-05-19T00:10:00Z,R,Regular Season,N,1,Final,F,Detroit Tigers,116,8,Arizona Diamondbacks,109,3,Jack Flaherty,Zac Gallen,,9,Chase Field,night,2,3,False,,
746142,2024,2024-05-18,2024-05-19T01:10:00Z,R,Regular Season,N,1,Final,F,Cincinnati Reds,113,0,Los Angeles Dodgers,119,4,Walker Buehler,Graham Ashcraft,,9,Dodger Stadium,night,3,4,False,,
745179,2024,2024-05-19,2024-05-19T17:05:00Z,R,Regular Season,N,1,Final,F,Boston Red Sox,111,11,St. Louis Cardinals,138,3,Nick Pivetta,Matthew Liberatore,,9,Busch Stadium,day,3,3,False,,
745577,2024,2024-05-19,2024-05-19T17:35:00Z,R,Regular Season,N,1,Final,F,Washington Nationals,120,5,Philadelphia Phillies,143,11,Aaron Nola,Jacob Barnes,,9,Citizens Bank Park,day,3,3,False,,
745745,2024,2024-05-19,2024-05-19T17:35:00Z,R,Regular Season,N,1,Final,F,Chicago White Sox,145,2,New York Yankees,147,7,Carlos Rodón,Chris Flexen,,9,Yankee Stadium,day,3,3,False,,
747035,2024,2024-05-19,2024-05-19T17:35:00Z,R,Regular Season,N,1,Final,F,Seattle Mariners,136,3,Baltimore Orioles,110,6,Corbin Burnes,George Kirby,Craig Kimbrel,9,Oriole Park at Camden Yards,day,3,3,False,,
744937,2024,2024-05-19,2024-05-19T17:37:00Z,R,Regular Season,N,1,Final,F,Tampa Bay Rays,139,2,Toronto Blue Jays,141,5,Alek Manoah,Aaron Civale,Jordan Romano,9,Rogers Centre,day,3,3,False,,
746064,2024,2024-05-19,2024-05-19T17:40:00Z,R,Regular Season,N,1,Final,F,New York Mets,121,7,Miami Marlins,146,3,Sean Manaea,Sixto Sánchez,Reed Garrett,9,loanDepot park,day,3,3,False,,
746636,2024,2024-05-19,2024-05-19T17:40:00Z,R,Regular Season,N,1,Final,F,Minnesota Twins,142,2,Cleveland Guardians,114,5,Emmanuel Clase,Jhoan Duran,,9,Progressive Field,day,3,3,False,,
746306,2024,2024-05-19,2024-05-19T18:10:00Z,R,Regular Season,N,1,Final,F,Oakland Athletics,133,4,Kansas City Royals,118,8,Brady Singer,JP Sears,,9,Kauffman Stadium,day,3,3,False,,
746392,2024,2024-05-19,2024-05-19T18:10:00Z,R,Regular Season,N,1,Final,F,Milwaukee Brewers,158,4,Houston Astros,117,9,Spencer Arrighetti,Colin Rea,,9,Minute Maid Park,day,3,3,False,,
746880,2024,2024-05-19,2024-05-19T18:20:00Z,R,Regular Season,N,1,Final,F,Pittsburgh Pirates,134,3,Chicago Cubs,112,2,Mitch Keller,Jameson Taillon,David Bednar,9,Wrigley Field,day,4,4,False,,
745012,2024,2024-05-19,2024-05-19T18:35:00Z,R,Regular Season,N,1,Final,F,Los Angeles Angels,108,4,Texas Rangers,140,1,José Soriano,Michael Lorenzen,Luis García,9,Globe Life Field,day,3,3,False,,
745336,2024,2024-05-19,2024-05-19T20:05:00Z,R,Regular Season,N,1,Final,F,Colorado Rockies,115,1,San Francisco Giants,137,4,Jordan Hicks,Dakota Hudson,Camilo Doval,9,Oracle Park,day,3,3,False,,
746144,2024,2024-05-19,2024-05-19T20:10:00Z,R,Regular Season,N,1,Final,F,Cincinnati Reds,113,2,Los Angeles Dodgers,119,3,Anthony Banda,Alexis Díaz,,10,Dodger Stadium,day,4,4,False,,
747198,2024,2024-05-19,2024-05-19T20:10:00Z,R,Regular Season,N,1,Final,F,Detroit Tigers,116,4,Arizona Diamondbacks,109,6,Ryan Thompson,Tyler Holton,Paul Sewald,9,Chase Field,day,3,3,False,,
747120,2024,2024-05-19,2024-05-19T23:10:00Z,R,Regular Season,N,1,Final,F,San Diego Padres,135,9,Atlanta Braves,144,1,Yu Darvish,Bryce Elder,,9,Truist Park,night,2,4,False,,
747119,2024,2024-05-20,2024-05-20T16:20:00Z,R,Regular Season,S,1,Final,F,San Diego Padres,135,6,Atlanta Braves,144,5,Jhony Brito,Joe Jiménez,Robert Suarez,9,Truist Park,day,3,4,False,,
744935,2024,2024-05-20,2024-05-20T19:07:00Z,R,Regular Season,N,1,Final,F,Chicago White Sox,145,3,Toronto Blue Jays,141,9,José Berríos,Erick Fedde,,9,Rogers Centre,day,1,3,False,,
746637,2024,2024-05-20,2024-05-20T22:10:00Z,R,Regular Season,N,1,Final,F,New York Mets,121,1,Cleveland Guardians,114,3,Ben Lively,Tylor Megill,Emmanuel Clase,9,Progressive Field,night,1,3,False,,
747121,2024,2024-05-20,2024-05-20T22:20:00Z,R,Regular Season,S,2,Final,F,San Diego Padres,135,0,Atlanta Braves,144,3,Chris Sale,Randy Vásquez,Raisel Iglesias,9,Truist Park,night,4,4,False,,
746066,2024,2024-05-20,2024-05-20T22:40:00Z,R,Regular Season,N,1,Final,F,Milwaukee Brewers,158,2,Miami Marlins,146,3,Tanner Scott,Mitch White,,10,loanDepot park,night,1,3,False,,
744857,2024,2024-05-20,2024-05-20T22:45:00Z,R,Regular Season,N,1,Final,F,Minnesota Twins,142,3,Washington Nationals,120,12,Mitchell Parker,Pablo López,,9,Nationals Park,night,1,3,False,,
745093,2024,2024-05-20,2024-05-20T22:50:00Z,R,Regular Season,N,1,Final,F,Boston Red Sox,111,5,Tampa Bay Rays,139,0,Tanner Houck,Taj Bradley,,9,Tropicana Field,night,1,3,False,,
745746,2024,2024-05-20,2024-05-20T23:05:00Z,R,Regular Season,N,1,Final,F,Seattle Mariners,136,5,New York Yankees,147,4,Eduard Bazardo,Clay Holmes,Andrés Muñoz,9,Yankee Stadium,night,1,4,False,,
746307,2024,2024-05-20,2024-05-20T23:40:00Z,R,Regular Season,N,1,Final,F,Detroit Tigers,116,3,Kansas City Royals,118,8,Michael Wacha,Reese Olson,Chris Stratton,9,Kauffman Stadium,night,1,3,False,,
745181,2024,2024-05-20,2024-05-20T23:45:00Z,R,Regular Season,N,1,Final,F,Baltimore Orioles,110,3,St. Louis Cardinals,138,6,Sonny Gray,Dean Kremer,Ryan Helsley,9,Busch Stadium,night,1,3,False,,
746390,2024,2024-05-20,2024-05-21T00:10:00Z,R,Regular Season,N,1,Final,F,Los Angeles Angels,108,9,Houston Astros,117,7,José Suarez,Framber Valdez,Carlos Estévez,9,Minute Maid Park,night,1,3,False,,
746146,2024,2024-05-20,2024-05-21T02:10:00Z,R,Regular Season,N,1,Final,F,Arizona Diamondbacks,109,4,Los Angeles Dodgers,119,6,Yoshinobu Yamamoto,Slade Cecconi,Daniel Hudson,9,Dodger Stadium,night,1,3,False,,
746633,2024,2024-05-21,2024-05-21T22:10:00Z,R,Regular Season,N,1,Final,F,New York Mets,121,6,Cleveland Guardians,114,7,Nick Sandlin,Adrian Houser,Emmanuel Clase,9,Progressive Field,night,2,3,False,,
745503,2024,2024-05-21,2024-05-21T22:40:00Z,R,Regular Season,N,1,Final,F,San Francisco Giants,137,6,Pittsburgh Pirates,134,7,David Bednar,Erik Miller,,10,PNC Park,night,1,3,False,,
745578,2024,2024-05-21,2024-05-21T22:40:00Z,R,Regular Season,N,1,Final,F,Texas Rangers,140,2,Philadelphia Phillies,143,5,Ranger Suarez,Jon Gray,José Alvarado,9,Citizens Bank Park,night,1,3,False,,
746058,2024,2024-05-21,2024-05-21T22:40:00Z,R,Regular Season,N,1,Final,F,Milwaukee Brewers,158,7,Miami Marlins,146,5,Tobias Myers,A.J. Puk,Trevor Megill,9,loanDepot park,night,2,3,False,,
746716,2024,2024-05-21,2024-05-21T22:40:00Z,R,Regular Season,N,1,Final,F,San Diego Padres,135,0,Cincinnati Reds,113,2,Andrew Abbott,Joe Musgrove,Alexis Díaz,9,Great American Ball Park,night,1,3,False,,
744860,2024,2024-05-21,2024-05-21T22:45:00Z,R,Regular Season,N,1,Final,F,Minnesota Twins,142,10,Washington Nationals,120,0,Joe Ryan,Patrick Corbin,,9,Nationals Park,night,2,3,False,,
745090,2024,2024-05-21,2024-05-21T22:50:00Z,R,Regular Season,N,1,Final,F,Boston Red Sox,111,5,Tampa Bay Rays,139,2,Greg Weissert,Jason Adam,Kenley Jansen,9,Tropicana Field,night,2,3,False,,
745742,2024,2024-05-21,2024-05-21T23:05:00Z,R,Regular Season,N,1,Final,F,Seattle Mariners,136,6,New York Yankees,147,3,Bryan Woo,Clarke Schmidt,Andrés Muñoz,9,Yankee Stadium,night,2,4,False,,
744936,2024,2024-05-21,2024-05-21T23:07:00Z,R,Regular Season,N,1,Final,F,Chicago White Sox,145,5,Toronto Blue Jays,141,0,Garrett Crochet,Yusei Kikuchi,,9,Rogers Centre,night,2,3,False,,
746309,2024,2024-05-21,2024-05-21T23:40:00Z,R,Regular Season,N,1,Final,F,Detroit Tigers,116,3,Kansas City Royals,118,10,Alec Marsh,Casey Mize,,9,Kauffman Stadium,night,2,3,False,,
746875,2024,2024-05-21,2024-05-21T23:40:00Z,R,Regular Season,N,1,Final,F,Atlanta Braves,144,3,Chicago Cubs,112,4,Luke Little,Aaron Bummer,,10,Wrigley Field,night,1,3,False,,
746385,2024,2024-05-21,2024-05-22T00:10:00Z,R,Regular Season,N,1,Final,F,Los Angeles Angels,108,5,Houston Astros,117,6,Josh Hader,Carlos Estévez,,10,Minute Maid Park,night,2,3,False,,
745662,2024,2024-05-21,2024-05-22T01:40:00Z,R,Regular Season,N,1,Final,F,Colorado Rockies,115,4,Oakland Athletics,133,5,Lucas Erceg,Tyler Kinley,Mason Miller,9,Oakland Coliseum,night,1,3,False,,
746145,2024,2024-05-21,2024-05-22T02:10:00Z,R,Regular Season,N,1,Final,F,Arizona Diamondbacks,109,7,Los Angeles Dodgers,119,3,Brandon Pfaadt,Gavin Stone,,9,Dodger Stadium,night,2,3,False,,
745180,2024,2024-05-21,2024-05-22T16:15:00Z,R,Regular Season,N,1,Final,F,Baltimore Orioles,110,1,St. Louis Cardinals,138,3,Lance Lynn,Jacob Webb,Ryan Helsley,9,Busch Stadium,day,3,3,False,,
744856,2024,2024-05-22,2024-05-22T17:05:00Z,R,Regular Season,N,1,Final,F,Minnesota Twins,142,3,Washington Nationals,120,2,Steven Okert,Jake Irvin,Jhoan Duran,9,Nationals Park,day,3,3,False,,
746634,2024,2024-05-22,2024-05-22T17:10:00Z,R,Regular Season,N,1,Final,F,New York Mets,121,3,Cleveland Guardians,114,6,Hunter Gaddis,Reed Garrett,Cade Smith,9,Progressive Field,day,3,3,False,,
745173,2024,2024-05-22,2024-05-22T17:46:00Z,R,Regular Season,N,1,Final,F,Baltimore Orioles,110,4,St. Louis Cardinals,138,5,John King,Cole Irvin,Ryan Fernandez,9,Busch Stadium,day,3,3,False,,
746304,2024,2024-05-22,2024-05-22T18:10:00Z,R,Regular Season,N,1,Final,F,Detroit Tigers,116,3,Kansas City Royals,118,8,Cole Ragans,Tarik Skubal,,9,Kauffman Stadium,day,3,3,False,,
746386,2024,2024-05-22,2024-05-22T18:10:00Z,R,Regular Season,N,1,Final,F,Los Angeles Angels,108,2,Houston Astros,117,1,Tyler Anderson,Hunter Brown,Luis García,9,Minute Maid Park,day,3,3,False,,
745502,2024,2024-05-22,2024-05-22T22:40:00Z,R,Regular Season,N,1,Final,F,San Francisco Giants,137,9,Pittsburgh Pirates,134,5,Ryan Walker,Carmen Mlodzinski,,10,PNC Park,night,2,3,False,,
745576,2024,2024-05-22,2024-05-22T22:40:00Z,R,Regular Season,N,1,Final,F,Texas Rangers,140,4,Philadelphia Phillies,143,11,Matt Strahm,Dane Dunning,,9,Citizens Bank Park,night,2,3,False,,
746063,2024,2024-05-22,2024-05-22T22:40:00Z,R,Regular Season,N,1,Final,F,Milwaukee Brewers,158,0,Miami Marlins,146,1,Jesús Luzardo,Freddy Peralta,Tanner Scott,9,loanDepot park,night,3,3,False,,
746712,2024,2024-05-22,2024-05-22T22:40:00Z,R,Regular Season,N,1,Final,F,San Diego Padres,135,7,Cincinnati Reds,113,3,Michael King,Nick Martinez,,9,Great American Ball Park,night,2,3,False,,
745089,2024,2024-05-22,2024-05-22T22:50:00Z,R,Regular Season,N,1,Final,F,Boston Red Sox,111,8,Tampa Bay Rays,139,5,Brayan Bello,Richard Lovelady,,9,Tropicana Field,night,3,3,False,,
745743,2024,2024-05-22,2024-05-22T23:05:00Z,R,Regular Season,N,1,Final,F,Seattle Mariners,136,3,New York Yankees,147,7,Nestor Cortes,Bryce Miller,,9,Yankee Stadium,night,3,4,False,,
744933,2024,2024-05-22,2024-05-22T23:07:00Z,R,Regular Season,N,1,Final,F,Chicago White Sox,145,2,Toronto Blue Jays,141,9,Chris Bassitt,Nick Nastrini,,9,Rogers Centre,night,3,3,False,,
746876,2024,2024-05-22,2024-05-22T23:40:00Z,R,Regular Season,N,1,Final,F,Atlanta Braves,144,9,Chicago Cubs,112,2,Max Fried,Justin Steele,,9,Wrigley Field,night,2,3,False,,
745661,2024,2024-05-22,2024-05-23T01:40:00Z,R,Regular Season,N,1,Final,F,Colorado Rockies,115,4,Oakland Athletics,133,3,Nick Mears,Kyle Muller,Matt Koch,12,Oakland Coliseum,night,2,3,False,,
746143,2024,2024-05-22,2024-05-23T02:10:00Z,R,Regular Season,N,1,Final,F,Arizona Diamondbacks,109,6,Los Angeles Dodgers,119,0,Ryne Nelson,Tyler Glasnow,,9,Dodger Stadium,night,3,3,False,,
745500,2024,2024-05-23,2024-05-23T16:35:00Z,R,Regular Season,N,1,Final,F,San Francisco Giants,137,7,Pittsburgh Pirates,134,6,Luke Jackson,Hunter Stratton,Tyler Rogers,9,PNC Park,day,3,3,False,,
745741,2024,2024-05-23,2024-05-23T16:35:00Z,R,Regular Season,N,1,Final,F,Seattle Mariners,136,0,New York Yankees,147,5,Luis Gil,Luis Castillo,Clay Holmes,9,Yankee Stadium,day,4,4,False,,
745573,2024,2024-05-23,2024-05-23T17:05:00Z,R,Regular Season,N,1,Final,F,Texas Rangers,140,2,Philadelphia Phillies,143,5,Zack Wheeler,Andrew Heaney,Jeff Hoffman,9,Citizens Bank Park,day,3,3,False,,
746714,2024,2024-05-23,2024-05-23T17:10:00Z,R,Regular Season,N,1,Final,F,San Diego Padres,135,6,Cincinnati Reds,113,4,Jeremiah Estrada,Sam Moll,Robert Suarez,10,Great American Ball Park,day,3,3,False,,
746874,2024,2024-05-23,2024-05-23T18:20:00Z,R,Regular Season,N,1,Final,F,Atlanta Braves,144,3,Chicago Cubs,112,0,Dylan Lee,Hayden Wesneski,Raisel Iglesias,9,Wrigley Field,day,3,3,False,,
745660,2024,2024-05-23,2024-05-23T19:37:00Z,R,Regular Season,N,1,Final,F,Colorado Rockies,115,9,Oakland Athletics,133,10,Brandon Bielak,Peter Lambert,,11,Oakland Coliseum,day,3,3,False,,
746474,2024,2024-05-23,2024-05-23T22:40:00Z,R,Regular Season,N,1,Final,F,Toronto Blue Jays,141,9,Detroit Tigers,116,1,Kevin Gausman,Jack Flaherty,,9,Comerica Park,night,1,4,False,,
746792,2024,2024-05-23,2024-05-23T23:40:00Z,R,Regular Season,N,1,Final,F,Baltimore Orioles,110,8,Chicago White Sox,145,6,Grayson Rodriguez,Mike Clevinger,Craig Kimbrel,9,Guaranteed Rate Field,night,1,4,False,,
745501,2024,2024-05-24,2024-05-24T22:40:00Z,R,Regular Season,N,1,Final,F,Atlanta Braves,144,5,Pittsburgh Pirates,134,11,Bailey Falter,Ray Kerr,,9,PNC Park,night,1,3,False,,
746475,2024,2024-05-24,2024-05-24T22:40:00Z,R,Regular Season,N,1,Final,F,Toronto Blue Jays,141,2,Detroit Tigers,116,6,Kenta Maeda,Alek Manoah,Jason Foley,9,Comerica Park,night,2,4,False,,
744853,2024,2024-05-24,2024-05-24T22:45:00Z,R,Regular Season,N,1,Final,F,Seattle Mariners,136,1,Washington Nationals,120,6,MacKenzie Gore,George Kirby,,9,Nationals Park,night,1,3,False,,
745087,2024,2024-05-24,2024-05-24T22:50:00Z,R,Regular Season,N,1,Final,F,Kansas City Royals,118,8,Tampa Bay Rays,139,1,Seth Lugo,Tyler Alexander,,9,Tropicana Field,night,1,3,False,,
745822,2024,2024-05-24,2024-05-24T23:10:00Z,R,Regular Season,N,1,Final,F,San Francisco Giants,137,8,New York Mets,121,7,Nick Avila,Reed Garrett,Camilo Doval,9,Citi Field,night,1,3,False,,
745905,2024,2024-05-24,2024-05-24T23:10:00Z,R,Regular Season,N,1,Final,F,Texas Rangers,140,2,Minnesota Twins,142,3,Bailey Ober,José Ureña,Jhoan Duran,9,Target Field,night,1,3,False,,
746713,2024,2024-05-24,2024-05-24T23:10:00Z,R,Regular Season,N,1,Final,F,Los Angeles Dodgers,119,6,Cincinnati Reds,113,9,Graham Ashcraft,Yohan Ramírez,,9,Great American Ball Park,night,1,3,False,,
746956,2024,2024-05-24,2024-05-24T23:10:00Z,R,Regular Season,N,1,Final,F,Milwaukee Brewers,158,7,Boston Red Sox,111,2,Bryse Wilson,Kutter Crawford,,9,Fenway Park,night,1,3,False,,
746793,2024,2024-05-24,2024-05-24T23:40:00Z,R,Regular Season,N,1,Final,F,Baltimore Orioles,110,6,Chicago White Sox,145,4,Yennier Cano,John Brebbia,Craig Kimbrel,9,Guaranteed Rate Field,night,2,4,False,,
746558,2024,2024-05-24,2024-05-25T00:40:00Z,R,Regular Season,N,1,Final,F,Philadelphia Phillies,143,2,Colorado Rockies,115,3,Tyler Kinley,Gregory Soto,,11,Coors Field,night,1,3,False,,
746227,2024,2024-05-24,2024-05-25T01:38:00Z,R,Regular Season,N,1,Final,F,Cleveland Guardians,114,10,Los Angeles Angels,108,4,Logan Allen,Patrick Sandoval,,9,Angel Stadium,night,1,3,False,,
745415,2024,2024-05-24,2024-05-25T01:40:00Z,R,Regular Season,N,1,Final,F,New York Yankees,147,8,San Diego Padres,135,0,Carlos Rodón,Yu Darvish,,9,Petco Park,night,1,3,False,,
745663,2024,2024-05-24,2024-05-25T01:40:00Z,R,Regular Season,N,1,Final,F,Houston Astros,117,6,Oakland Athletics,133,3,Justin Verlander,Ross Stripling,Josh Hader,9,Oakland Coliseum,night,1,3,False,,
747200,2024,2024-05-24,2024-05-25T01:40:00Z,R,Regular Season,N,1,Final,F,Miami Marlins,146,3,Arizona Diamondbacks,109,0,Braxton Garrett,Zac Gallen,,9,Chase Field,night,1,3,False,,
746470,2024,2024-05-25,2024-05-25T17:10:00Z,R,Regular Season,N,1,Final,F,Toronto Blue Jays,141,1,Detroit Tigers,116,2,Reese Olson,José Berríos,Tyler Holton,9,Comerica Park,day,3,4,False,,
745823,2024,2024-05-25,2024-05-25T17:40:00Z,R,Regular Season,N,1,Final,F,San Francisco Giants,137,7,New York Mets,121,2,Luke Jackson,Sean Reid-Foley,,10,Citi Field,day,2,3,False,,
745901,2024,2024-05-25,2024-05-25T18:10:00Z,R,Regular Season,N,1,Final,F,Texas Rangers,140,3,Minnesota Twins,142,5,Cole Sands,David Robertson,Jhoan Duran,9,Target Field,day,2,3,False,,
746794,2024,2024-05-25,2024-05-25T18:10:00Z,R,Regular Season,N,1,Final,F,Baltimore Orioles,110,5,Chicago White Sox,145,3,Dillon Tate,Michael Kopech,Cionel Pérez,9,Guaranteed Rate Field,day,3,4,False,,
744851,2024,2024-05-25,2024-05-25T20:05:00Z,R,Regular Season,N,1,Final,F,Seattle Mariners,136,1,Washington Nationals,120,3,Dylan Floro,Gabe Speier,Kyle Finnegan,9,Nationals Park,day,2,3,False,,
745493,2024,2024-05-25,2024-05-25T20:05:00Z,R,Regular Season,N,1,Final,F,Atlanta Braves,144,1,Pittsburgh Pirates,134,4,Mitch Keller,Reynaldo López,David Bednar,9,PNC Park,day,2,3,False,,
745658,2024,2024-05-25,2024-05-25T20:07:00Z,R,Regular Season,N,1,Final,F,Houston Astros,117,1,Oakland Athletics,133,3,JP Sears,Spencer Arrighetti,Mason Miller,9,Oakland Coliseum,day,2,3,False,,
745086,2024,2024-05-25,2024-05-25T20:10:00Z,R,Regular Season,N,1,Final,F,Kansas City Royals,118,7,Tampa Bay Rays,139,4,James McArthur,Richard Lovelady,Nick Anderson,11,Tropicana Field,day,2,3,False,,
746958,2024,2024-05-25,2024-05-25T20:10:00Z,R,Regular Season,N,1,Final,F,Milwaukee Brewers,158,6,Boston Red Sox,111,3,Colin Rea,Nick Pivetta,Trevor Megill,9,Fenway Park,day,2,3,False,,
745176,2024,2024-05-25,2024-05-25T23:15:00Z,R,Regular Season,N,1,Final,F,Chicago Cubs,112,6,St. Louis Cardinals,138,7,JoJo Romero,Mark Leiter Jr.,Ryan Helsley,9,Busch Stadium,night,1,2,False,,
746710,2024,2024-05-25,2024-05-25T23:15:00Z,R,Regular Season,N,1,Final,F,Los Angeles Dodgers,119,1,Cincinnati Reds,113,3,Hunter Greene,Walker Buehler,Alexis Díaz,9,Great American Ball Park,night,2,3,False,,
746556,2024,2024-05-25,2024-05-26T01:10:00Z,R,Regular Season,N,1,Final,F,Philadelphia Phillies,143,8,Colorado Rockies,115,4,José Ruiz,Justin Lawrence,,9,Coors Field,night,2,3,False,,
746226,2024,2024-05-25,2024-05-26T01:38:00Z,R,Regular Season,N,1,Final,F,Cleveland Guardians,114,4,Los Angeles Angels,108,3,Tanner Bibee,José Soriano,Emmanuel Clase,9,Angel Stadium,night,2,3,False,,
745411,2024,2024-05-25,2024-05-26T01:40:00Z,R,Regular Season,N,1,Final,F,New York Yankees,147,4,San Diego Padres,135,1,Marcus Stroman,Dylan Cease,Clay Holmes,9,Petco Park,night,2,3,False,,
747199,2024,2024-05-25,2024-05-26T02:10:00Z,R,Regular Season,N,1,Final,F,Miami Marlins,146,2,Arizona Diamondbacks,109,3,Jordan Montgomery,Sixto Sánchez,Paul Sewald,9,Chase Field,night,2,3,False,,
746469,2024,2024-05-26,2024-05-26T15:35:00Z,R,Regular Season,N,1,Final,F,Toronto Blue Jays,141,11,Detroit Tigers,116,14,Mason Englert,Jordan Romano,,9,Comerica Park,day,4,4,False,,
746711,2024,2024-05-26,2024-05-26T16:10:00Z,R,Regular Season,N,1,Final,F,Los Angeles Dodgers,119,1,Cincinnati Reds,113,4,Nick Martinez,Yoshinobu Yamamoto,Alexis Díaz,9,Great American Ball Park,day,3,3,False,,
744855,2024,2024-05-26,2024-05-26T17:35:00Z,R,Regular Season,N,1,Final,F,Seattle Mariners,136,9,Washington Nationals,120,5,Austin Voth,Dylan Floro,,9,Nationals Park,day,3,3,False,,
745498,2024,2024-05-26,2024-05-26T17:35:00Z,R,Regular Season,N,1,Final,F,Atlanta Braves,144,8,Pittsburgh Pirates,134,1,Chris Sale,Carmen Mlodzinski,,9,PNC Park,day,3,3,False,,
746957,2024,2024-05-26,2024-05-26T17:35:00Z,R,Regular Season,N,1,Final,F,Milwaukee Brewers,158,1,Boston Red Sox,111,2,Justin Slaten,Elvis Peguero,Kenley Jansen,9,Fenway Park,day,3,3,False,,
745088,2024,2024-05-26,2024-05-26T17:40:00Z,R,Regular Season,N,1,Final,F,Kansas City Royals,118,1,Tampa Bay Rays,139,4,Garrett Cleavinger,Michael Wacha,Pete Fairbanks,9,Tropicana Field,day,3,3,False,,
745824,2024,2024-05-26,2024-05-26T17:40:00Z,R,Regular Season,N,1,Final,F,San Francisco Giants,137,3,New York Mets,121,4,Adrian Houser,Tyler Rogers,,9,Citi Field,day,3,3,False,,
745902,2024,2024-05-26,2024-05-26T18:10:00Z,R,Regular Season,N,1,Final,F,Texas Rangers,140,6,Minnesota Twins,142,2,Jacob Latz,Pablo López,,9,Target Field,day,3,3,False,,
746789,2024,2024-05-26,2024-05-26T18:10:00Z,R,Regular Season,N,1,Final,F,Baltimore Orioles,110,4,Chicago White Sox,145,1,Kyle Bradish,Garrett Crochet,Craig Kimbrel,9,Guaranteed Rate Field,day,4,4,False,,
746557,2024,2024-05-26,2024-05-26T19:10:00Z,R,Regular Season,N,1,Final,F,Philadelphia Phillies,143,2,Colorado Rockies,115,5,Cal Quantrill,Ranger Suarez,Tyler Kinley,9,Coors Field,day,3,3,False,,
745653,2024,2024-05-26,2024-05-26T20:07:00Z,R,Regular Season,N,1,Final,F,Houston Astros,117,5,Oakland Athletics,133,2,Ronel Blanco,Aaron Brooks,,9,Oakland Coliseum,day,3,3,False,,
746230,2024,2024-05-26,2024-05-26T20:07:00Z,R,Regular Season,N,1,Final,F,Cleveland Guardians,114,5,Los Angeles Angels,108,4,Ben Lively,Reid Detmers,Emmanuel Clase,9,Angel Stadium,day,3,3,False,,
745413,2024,2024-05-26,2024-05-26T20:10:00Z,R,Regular Season,N,1,Final,F,New York Yankees,147,2,San Diego Padres,135,5,Jeremiah Estrada,Clarke Schmidt,Robert Suarez,9,Petco Park,day,3,3,False,,
747197,2024,2024-05-26,2024-05-26T20:10:00Z,R,Regular Season,N,1,Final,F,Miami Marlins,146,3,Arizona Diamondbacks,109,1,Ryan Weathers,Kevin Ginkel,Tanner Scott,9,Chase Field,day,3,3,False,,
745172,2024,2024-05-26,2024-05-26T23:10:00Z,R,Regular Season,N,1,Final,F,Chicago Cubs,112,3,St. Louis Cardinals,138,4,Sonny Gray,Javier Assad,Ryan Helsley,9,Busch Stadium,night,2,2,False,,
747034,2024,2024-05-27,2024-05-27T17:05:00Z,R,Regular Season,N,1,Final,F,Boston Red Sox,111,3,Baltimore Orioles,110,11,Cole Irvin,Cooper Criswell,,9,Oriole Park at Camden Yards,day,1,3,False,,
745904,2024,2024-05-27,2024-05-27T18:10:00Z,R,Regular Season,N,1,Final,F,Kansas City Royals,118,5,Minnesota Twins,142,6,Joe Ryan,Alec Marsh,Jhoan Duran,9,Target Field,day,1,4,False,,
746788,2024,2024-05-27,2024-05-27T18:10:00Z,R,Regular Season,N,1,Final,F,Toronto Blue Jays,141,5,Chicago White Sox,145,1,Chris Bassitt,Nick Nastrini,,9,Guaranteed Rate Field,day,1,3,False,,
745986,2024,2024-05-27,2024-05-27T20:10:00Z,R,Regular Season,N,1,Final,F,Chicago Cubs,112,1,Milwaukee Brewers,158,5,Bryan Hudson,Mark Leiter Jr.,,9,American Family Field,day,1,4,False,,
746549,2024,2024-05-27,2024-05-27T20:10:00Z,R,Regular Season,N,1,Final,F,Cleveland Guardians,114,6,Colorado Rockies,115,8,Josh Rogers,Xzavion Curry,Jalen Beeks,9,Coors Field,day,1,3,False,,
746708,2024,2024-05-27,2024-05-27T20:10:00Z,R,Regular Season,N,1,Final,F,St. Louis Cardinals,138,1,Cincinnati Reds,113,3,Nick Lodolo,Lance Lynn,Lucas Sims,9,Great American Ball Park,day,1,3,False,,
747118,2024,2024-05-27,2024-05-27T20:10:00Z,R,Regular Season,N,1,Final,F,Washington Nationals,120,8,Atlanta Braves,144,4,Mitchell Parker,Charlie Morton,,9,Truist Park,day,1,4,False,,
745338,2024,2024-05-27,2024-05-27T21:05:00Z,R,Regular Season,N,1,Final,F,Philadelphia Phillies,143,4,San Francisco Giants,137,8,Randy Rodríguez,Taijuan Walker,,9,Oracle Park,day,1,3,False,,
745416,2024,2024-05-27,2024-05-27T22:40:00Z,R,Regular Season,N,1,Final,F,Miami Marlins,146,1,San Diego Padres,135,2,Adrian Morejon,A.J. Puk,Robert Suarez,9,Petco Park,day,1,3,False,,
745254,2024,2024-05-27,2024-05-28T01:40:00Z,R,Regular Season,N,1,Final,F,Houston Astros,117,2,Seattle Mariners,136,3,Bryce Miller,Framber Valdez,Andrés Muñoz,9,T-Mobile Park,night,1,4,False,,
745818,2024,2024-05-28,2024-05-28T20:10:00Z,R,Regular Season,Y,1,Final,F,Los Angeles Dodgers,119,5,New York Mets,121,2,Daniel Hudson,Jorge López,Blake Treinen,10,Citi Field,night,1,3,False,,
745816,2024,2024-05-28,2024-05-28T20:15:00Z,R,Regular Season,Y,2,Final,F,Los Angeles Dodgers,119,3,New York Mets,121,0,Gavin Stone,Jose Quintana,Alex Vesia,9,Citi Field,night,2,3,False,,
747033,2024,2024-05-28,2024-05-28T22:35:00Z,R,Regular Season,N,1,Final,F,Boston Red Sox,111,8,Baltimore Orioles,110,3,Brayan Bello,Grayson Rodriguez,,9,Oriole Park at Camden Yards,night,2,3,False,,
746709,2024,2024-05-28,2024-05-28T22:40:00Z,R,Regular Season,N,1,Final,F,St. Louis Cardinals,138,7,Cincinnati Reds,113,1,Kyle Gibson,Andrew Abbott,,9,Great American Ball Park,night,2,3,False,,
745091,2024,2024-05-28,2024-05-28T22:50:00Z,R,Regular Season,N,1,Final,F,Oakland Athletics,133,3,Tampa Bay Rays,139,0,Mitch Spence,Zack Littell,Mason Miller,9,Tropicana Field,night,1,3,False,,
747115,2024,2024-05-28,2024-05-28T23:20:00Z,R,Regular Season,N,1,Final,F,Washington Nationals,120,0,Atlanta Braves,144,2,Max Fried,Jacob Barnes,Raisel Iglesias,9,Truist Park,night,2,4,False,,
745903,2024,2024-05-28,2024-05-28T23:40:00Z,R,Regular Season,N,1,Final,F,Kansas City Royals,118,2,Minnesota Twins,142,4,Simeon Woods Richardson,Cole Ragans,Jhoan Duran,9,Target Field,night,2,4,False,,
745987,2024,2024-05-28,2024-05-28T23:40:00Z,R,Regular Season,N,1,Final,F,Chicago Cubs,112,6,Milwaukee Brewers,158,3,Héctor Neris,Trevor Megill,,10,American Family Field,night,2,4,False,,
746791,2024,2024-05-28,2024-05-28T23:40:00Z,R,Regular Season,N,1,Final,F,Toronto Blue Jays,141,7,Chicago White Sox,145,2,Kevin Gausman,Jake Woodford,,9,Guaranteed Rate Field,night,2,3,False,,
745017,2024,2024-05-28,2024-05-29T00:05:00Z,R,Regular Season,N,1,Final,F,Arizona Diamondbacks,109,2,Texas Rangers,140,4,Andrew Heaney,Brandon Pfaadt,Kirby Yates,9,Globe Life Field,night,1,2,False,,
746552,2024,2024-05-28,2024-05-29T00:40:00Z,R,Regular Season,N,1,Final,F,Cleveland Guardians,114,13,Colorado Rockies,115,7,Cade Smith,Peter Lambert,,9,Coors Field,night,2,3,False,,
746229,2024,2024-05-28,2024-05-29T01:38:00Z,R,Regular Season,N,1,Final,F,New York Yankees,147,3,Los Angeles Angels,108,4,Matt Moore,Luke Weaver,Carlos Estévez,9,Angel Stadium,night,1,3,False,,
745258,2024,2024-05-28,2024-05-29T01:40:00Z,R,Regular Season,N,1,Final,F,Houston Astros,117,2,Seattle Mariners,136,4,Tayler Saucedo,Ryan Pressly,Ryne Stanek,9,T-Mobile Park,night,2,4,False,,
745412,2024,2024-05-28,2024-05-29T01:40:00Z,R,Regular Season,N,1,Final,F,Miami Marlins,146,0,San Diego Padres,135,4,Matt Waldron,Jesús Luzardo,,9,Petco Park,night,2,3,False,,
745337,2024,2024-05-28,2024-05-29T01:45:00Z,R,Regular Season,N,1,Final,F,Philadelphia Phillies,143,0,San Francisco Giants,137,1,Sean Hjelle,Matt Strahm,,10,Oracle Park,night,2,3,False,,
746467,2024,2024-05-29,2024-05-29T16:40:00Z,R,Regular Season,Y,1,Final,F,Pittsburgh Pirates,134,0,Detroit Tigers,116,8,Tarik Skubal,Jared Jones,,9,Comerica Park,day,1,2,False,,
746468,2024,2024-05-29,2024-05-29T16:45:00Z,R,Regular Season,Y,2,Final,F,Pittsburgh Pirates,134,10,Detroit Tigers,116,2,Paul Skenes,Keider Montero,,9,Comerica Park,day,2,2,False,,
746706,2024,2024-05-29,2024-05-29T17:10:00Z,R,Regular Season,N,1,Final,F,St. Louis Cardinals,138,5,Cincinnati Reds,113,3,Andre Pallante,Frankie Montas,Ryan Helsley,9,Great American Ball Park,day,3,3,False,,
745011,2024,2024-05-29,2024-05-29T18:35:00Z,R,Regular Season,N,1,Final,F,Arizona Diamondbacks,109,1,Texas Rangers,140,6,Dane Dunning,Ryne Nelson,,9,Globe Life Field,day,2,2,False,,
745333,2024,2024-05-29,2024-05-29T19:45:00Z,R,Regular Season,N,1,Final,F,Philadelphia Phillies,143,6,San Francisco Giants,137,1,Cristopher Sánchez,Kyle Harrison,,9,Oracle Park,day,3,3,False,,
745414,2024,2024-05-29,2024-05-29T20:10:00Z,R,Regular Season,N,1,Final,F,Miami Marlins,146,9,San Diego Padres,135,1,Braxton Garrett,Yu Darvish,,9,Petco Park,day,3,3,False,,
745817,2024,2024-05-29,2024-05-29T20:10:00Z,R,Regular Season,N,1,Final,F,Los Angeles Dodgers,119,10,New York Mets,121,3,Blake Treinen,Adam Ottavino,,9,Citi Field,day,3,3,False,,
747031,2024,2024-05-29,2024-05-29T22:35:00Z,R,Regular Season,N,1,Final,F,Boston Red Sox,111,1,Baltimore Orioles,110,6,Corbin Burnes,Kutter Crawford,,9,Oriole Park at Camden Yards,night,3,3,False,,
745084,2024,2024-05-29,2024-05-29T22:50:00Z,R,Regular Season,N,1,Final,F,Oakland Athletics,133,3,Tampa Bay Rays,139,4,Pete Fairbanks,Michael Kelly,,9,Tropicana Field,night,2,3,False,,
747117,2024,2024-05-29,2024-05-29T23:20:00Z,R,Regular Season,N,1,Final,F,Washington Nationals,120,7,Atlanta Braves,144,2,MacKenzie Gore,Spencer Schwellenbach,,9,Truist Park,night,3,4,False,,
745900,2024,2024-05-29,2024-05-29T23:40:00Z,R,Regular Season,N,1,Final,F,Kansas City Royals,118,6,Minnesota Twins,142,1,Seth Lugo,Bailey Ober,,9,Target Field,night,3,4,False,,
745988,2024,2024-05-29,2024-05-29T23:40:00Z,R,Regular Season,N,1,Final,F,Chicago Cubs,112,6,Milwaukee Brewers,158,10,Jared Koenig,Shota Imanaga,,9,American Family Field,night,3,4,False,,
746790,2024,2024-05-29,2024-05-29T23:40:00Z,R,Regular Season,N,1,Final,F,Toronto Blue Jays,141,3,Chicago White Sox,145,1,Trevor Richards,Chris Flexen,Jordan Romano,9,Guaranteed Rate Field,night,3,3,False,,
746551,2024,2024-05-29,2024-05-30T00:40:00Z,R,Regular Season,N,1,Final,F,Cleveland Guardians,114,4,Colorado Rockies,115,7,Ty Blach,Logan Allen,,9,Coors Field,night,3,3,False,,
746228,2024,2024-05-29,2024-05-30T01:38:00Z,R,Regular Season,N,1,Final,F,New York Yankees,147,2,Los Angeles Angels,108,1,Luis Gil,Tyler Anderson,Clay Holmes,9,Angel Stadium,night,2,3,False,,
745250,2024,2024-05-29,2024-05-30T01:40:00Z,R,Regular Season,N,1,Final,F,Houston Astros,117,1,Seattle Mariners,136,2,Mike Baumann,Tayler Scott,,10,T-Mobile Park,night,3,4,False,,
745081,2024,2024-05-30,2024-05-30T17:10:00Z,R,Regular Season,N,1,Final,F,Oakland Athletics,133,5,Tampa Bay Rays,139,6,Richard Lovelady,Tyler Ferguson,,12,Tropicana Field,day,3,3,False,,
745898,2024,2024-05-30,2024-05-30T17:10:00Z,R,Regular Season,N,1,Final,F,Kansas City Royals,118,6,Minnesota Twins,142,7,Caleb Thielbar,Chris Stratton,Jhoan Duran,9,Target Field,day,4,4,False,,
745985,2024,2024-05-30,2024-05-30T17:10:00Z,R,Regular Season,N,1,Final,F,Chicago Cubs,112,4,Milwaukee Brewers,158,6,Bryan Hudson,Luke Little,Elvis Peguero,9,American Family Field,day,4,4,False,,
745249,2024,2024-05-30,2024-05-30T20:10:00Z,R,Regular Season,N,1,Final,F,Houston Astros,117,4,Seattle Mariners,136,0,Spencer Arrighetti,Logan Gilbert,,9,T-Mobile Park,day,4,4,False,,
745819,2024,2024-05-30,2024-05-30T23:10:00Z,R,Regular Season,N,1,Final,F,Arizona Diamondbacks,109,2,New York Mets,121,3,Danny Young,Ryan Thompson,Reed Garrett,9,Citi Field,night,1,4,False,,
746954,2024,2024-05-30,2024-05-30T23:10:00Z,R,Regular Season,N,1,Final,F,Detroit Tigers,116,5,Boston Red Sox,111,0,Jack Flaherty,Nick Pivetta,,9,Fenway Park,night,1,4,False,,
747114,2024,2024-05-30,2024-05-30T23:20:00Z,R,Regular Season,N,1,Final,F,Washington Nationals,120,3,Atlanta Braves,144,1,Trevor Williams,Ray Kerr,Kyle Finnegan,9,Truist Park,night,4,4,False,,
746225,2024,2024-05-30,2024-05-31T01:38:00Z,R,Regular Season,N,1,Final,F,New York Yankees,147,8,Los Angeles Angels,108,3,Carlos Rodón,Patrick Sandoval,,9,Angel Stadium,night,3,3,False,,
746877,2024,2024-05-31,2024-05-31T18:20:00Z,R,Regular Season,N,1,Final,F,Cincinnati Reds,113,5,Chicago Cubs,112,4,Fernando Cruz,Drew Smyly,Alexis Díaz,9,Wrigley Field,day,1,3,False,,
745574,2024,2024-05-31,2024-05-31T22:40:00Z,R,Regular Season,N,1,Final,F,St. Louis Cardinals,138,2,Philadelphia Phillies,143,4,Aaron Nola,Miles Mikolas,Jeff Hoffman,9,Citizens Bank Park,night,1,3,False,,
747032,2024,2024-05-31,2024-05-31T23:05:00Z,R,Regular Season,N,1,Final,F,Tampa Bay Rays,139,1,Baltimore Orioles,110,3,Cionel Pérez,Richard Lovelady,Craig Kimbrel,9,Oriole Park at Camden Yards,night,1,3,False,,
744928,2024,2024-05-31,2024-05-31T23:07:00Z,R,Regular Season,N,1,Final,F,Pittsburgh Pirates,134,3,Toronto Blue Jays,141,5,Génesis Cabrera,Kyle Nicolas,,14,Rogers Centre,night,1,3,False,,
745820,2024,2024-05-31,2024-05-31T23:10:00Z,R,Regular Season,N,1,Final,F,Arizona Diamondbacks,109,9,New York Mets,121,10,Luis Severino,Jordan Montgomery,,9,Citi Field,night,2,4,False,,
746059,2024,2024-05-31,2024-05-31T23:10:00Z,R,Regular Season,N,1,Final,F,Texas Rangers,140,2,Miami Marlins,146,8,Declan Cronin,José Ureña,,9,loanDepot park,night,1,3,False,,
746635,2024,2024-05-31,2024-05-31T23:10:00Z,R,Regular Season,N,1,Final,F,Washington Nationals,120,1,Cleveland Guardians,114,7,Tanner Bibee,Patrick Corbin,,9,Progressive Field,night,1,3,False,,
746955,2024,2024-05-31,2024-05-31T23:10:00Z,R,Regular Season,N,1,Final,F,Detroit Tigers,116,3,Boston Red Sox,111,7,Tanner Houck,Kenta Maeda,,9,Fenway Park,night,2,4,False,,
747116,2024,2024-05-31,2024-05-31T23:20:00Z,R,Regular Season,N,1,Final,F,Oakland Athletics,133,2,Atlanta Braves,144,4,Reynaldo López,JP Sears,Raisel Iglesias,9,Truist Park,night,1,3,False,,
745983,2024,2024-05-31,2024-06-01T00:10:00Z,R,Regular Season,N,1,Final,F,Chicago White Sox,145,5,Milwaukee Brewers,158,12,Enoli Paredes,Michael Soroka,,9,American Family Field,night,1,3,False,,
746303,2024,2024-05-31,2024-06-01T00:10:00Z,R,Regular Season,N,1,Final,F,San Diego Padres,135,11,Kansas City Royals,118,8,Yuki Matsui,John Schreiber,Robert Suarez,9,Kauffman Stadium,night,1,3,False,,
746387,2024,2024-05-31,2024-06-01T00:10:00Z,R,Regular Season,N,1,Final,F,Minnesota Twins,142,6,Houston Astros,117,1,Pablo López,Ronel Blanco,,9,Minute Maid Park,night,1,3,False,,
745253,2024,2024-05-31,2024-06-01T02:10:00Z,R,Regular Season,N,1,Final,F,Los Angeles Angels,108,4,Seattle Mariners,136,5,Ryne Stanek,Matt Moore,Andrés Muñoz,9,T-Mobile Park,night,1,3,False,,
746140,2024,2024-05-31,2024-06-01T02:10:00Z,R,Regular Season,N,1,Final,F,Colorado Rockies,115,4,Los Angeles Dodgers,119,1,Dakota Hudson,Walker Buehler,Jalen Beeks,9,Dodger Stadium,night,1,3,False,,
745331,2024,2024-05-31,2024-06-01T02:15:00Z,R,Regular Season,N,1,Final,F,New York Yankees,147,6,San Francisco Giants,137,2,Marcus Stroman,Jordan Hicks,,9,Oracle Park,night,1,3,False,,
744932,2024,2024-06-01,2024-06-01T19:07:00Z,R,Regular Season,N,1,Final,F,Pittsburgh Pirates,134,8,Toronto Blue Jays,141,1,Mitch Keller,Yusei Kikuchi,Luis Ortiz,9,Rogers Centre,day,2,3,False,,
747029,2024,2024-06-01,2024-06-01T20:05:00Z,R,Regular Season,N,1,Final,F,Tampa Bay Rays,139,5,Baltimore Orioles,110,9,Jacob Webb,Taj Bradley,,9,Oriole Park at Camden Yards,day,2,3,False,,
745812,2024,2024-06-01,2024-06-01T20:10:00Z,R,Regular Season,N,1,Final,F,Arizona Diamondbacks,109,10,New York Mets,121,5,Kevin Ginkel,Sean Manaea,,9,Citi Field,day,3,4,False,,
745980,2024,2024-06-01,2024-06-01T20:10:00Z,R,Regular Season,N,1,Final,F,Chicago White Sox,145,3,Milwaukee Brewers,158,4,Hoby Milner,Michael Kopech,,10,American Family Field,day,2,3,False,,
746062,2024,2024-06-01,2024-06-01T20:10:00Z,R,Regular Season,N,1,Final,F,Texas Rangers,140,7,Miami Marlins,146,0,Michael Lorenzen,Ryan Weathers,,9,loanDepot park,day,2,3,False,,
746305,2024,2024-06-01,2024-06-01T20:10:00Z,R,Regular Season,N,1,Final,F,San Diego Padres,135,7,Kansas City Royals,118,3,Randy Vásquez,Alec Marsh,,9,Kauffman Stadium,day,2,3,False,,
746384,2024,2024-06-01,2024-06-01T20:10:00Z,R,Regular Season,N,1,Final,F,Minnesota Twins,142,2,Houston Astros,117,5,Framber Valdez,Joe Ryan,Josh Hader,9,Minute Maid Park,day,2,3,False,,
746629,2024,2024-06-01,2024-06-01T20:10:00Z,R,Regular Season,N,1,Final,F,Washington Nationals,120,2,Cleveland Guardians,114,3,Ben Lively,Mitchell Parker,Emmanuel Clase,9,Progressive Field,day,2,3,False,,
746952,2024,2024-06-01,2024-06-01T20:10:00Z,R,Regular Season,N,1,Final,F,Detroit Tigers,116,3,Boston Red Sox,111,6,Cooper Criswell,Reese Olson,,9,Fenway Park,day,3,4,False,,
747111,2024,2024-06-01,2024-06-01T20:10:00Z,R,Regular Season,N,1,Final,F,Oakland Athletics,133,11,Atlanta Braves,144,9,Michael Kelly,Jimmy Herget,Dany Jiménez,9,Truist Park,day,2,3,False,,
745251,2024,2024-06-01,2024-06-01T23:15:00Z,R,Regular Season,N,1,Final,F,Los Angeles Angels,108,0,Seattle Mariners,136,9,Bryce Miller,Reid Detmers,,9,T-Mobile Park,day,2,3,False,,
745575,2024,2024-06-01,2024-06-01T23:15:00Z,R,Regular Season,N,1,Final,F,St. Louis Cardinals,138,1,Philadelphia Phillies,143,6,Spencer Turnbull,Sonny Gray,,9,Citizens Bank Park,night,2,3,False,,
746870,2024,2024-06-01,2024-06-01T23:15:00Z,R,Regular Season,N,1,Final,F,Cincinnati Reds,113,5,Chicago Cubs,112,7,Mark Leiter Jr.,Lucas Sims,Héctor Neris,9,Wrigley Field,night,1,2,False,,
745332,2024,2024-06-01,2024-06-02T02:05:00Z,R,Regular Season,N,1,Final,F,New York Yankees,147,7,San Francisco Giants,137,3,Cody Poteet,Logan Webb,,9,Oracle Park,night,2,3,False,,
746138,2024,2024-06-01,2024-06-02T02:10:00Z,R,Regular Season,N,1,Final,F,Colorado Rockies,115,1,Los Angeles Dodgers,119,4,Yoshinobu Yamamoto,Cal Quantrill,Evan Phillips,9,Dodger Stadium,night,2,3,False,,
746383,2024,2024-06-02,2024-06-02T17:05:00Z,R,Regular Season,N,1,Final,F,Minnesota Twins,142,4,Houston Astros,117,3,Steven Okert,Ryan Pressly,Jhoan Duran,9,Minute Maid Park,day,3,3,False,,
746953,2024,2024-06-02,2024-06-02T17:35:00Z,R,Regular Season,N,1,Final,F,Detroit Tigers,116,8,Boston Red Sox,111,4,Andrew Chafin,Cam Booser,,10,Fenway Park,day,4,4,False,,
747030,2024,2024-06-02,2024-06-02T17:35:00Z,R,Regular Season,N,1,Final,F,Tampa Bay Rays,139,4,Baltimore Orioles,110,3,Shawn Armstrong,Dillon Tate,Pete Fairbanks,9,Oriole Park at Camden Yards,day,3,3,False,,
747110,2024,2024-06-02,2024-06-02T17:35:00Z,R,Regular Season,N,1,Final,F,Oakland Athletics,133,1,Atlanta Braves,144,3,Dylan Lee,Austin Adams,Raisel Iglesias,9,Truist Park,day,3,3,False,,
744929,2024,2024-06-02,2024-06-02T17:37:00Z,R,Regular Season,N,1,Final,F,Pittsburgh Pirates,134,4,Toronto Blue Jays,141,5,Chris Bassitt,Quinn Priester,Yimi García,9,Rogers Centre,day,3,3,False,,
745813,2024,2024-06-02,2024-06-02T17:40:00Z,R,Regular Season,N,1,Final,F,Arizona Diamondbacks,109,5,New York Mets,121,4,Justin Martinez,Jake Diekman,Paul Sewald,9,Citi Field,day,4,4,False,,
746061,2024,2024-06-02,2024-06-02T17:40:00Z,R,Regular Season,N,1,Final,F,Texas Rangers,140,6,Miami Marlins,146,0,Andrew Heaney,Trevor Rogers,,9,loanDepot park,day,3,3,False,,
746632,2024,2024-06-02,2024-06-02T17:40:00Z,R,Regular Season,N,1,Final,F,Washington Nationals,120,5,Cleveland Guardians,114,2,Jake Irvin,Carlos Carrasco,Kyle Finnegan,9,Progressive Field,day,3,3,False,,
745984,2024,2024-06-02,2024-06-02T18:10:00Z,R,Regular Season,N,1,Final,F,Chicago White Sox,145,3,Milwaukee Brewers,158,6,Freddy Peralta,Nick Nastrini,Enoli Paredes,9,American Family Field,day,3,3,False,,
746301,2024,2024-06-02,2024-06-02T18:10:00Z,R,Regular Season,N,1,Final,F,San Diego Padres,135,3,Kansas City Royals,118,4,Will Klein,Yuki Matsui,,9,Kauffman Stadium,day,3,3,False,,
746871,2024,2024-06-02,2024-06-02T18:20:00Z,R,Regular Season,N,1,Final,F,Cincinnati Reds,113,5,Chicago Cubs,112,2,Nick Lodolo,Ben Brown,Alexis Díaz,9,Wrigley Field,day,2,2,False,,
745330,2024,2024-06-02,2024-06-02T20:05:00Z,R,Regular Season,N,1,Final,F,New York Yankees,147,7,San Francisco Giants,137,5,Michael Tonkin,Camilo Doval,Clay Holmes,9,Oracle Park,day,3,3,False,,
745252,2024,2024-06-02,2024-06-02T20:10:00Z,R,Regular Season,N,1,Final,F,Los Angeles Angels,108,1,Seattle Mariners,136,5,Luis Castillo,Griffin Canning,,9,T-Mobile Park,day,3,3,False,,
746141,2024,2024-06-02,2024-06-02T20:10:00Z,R,Regular Season,N,1,Final,F,Colorado Rockies,115,0,Los Angeles Dodgers,119,4,Gavin Stone,Austin Gomber,,9,Dodger Stadium,day,3,3,False,,
745572,2024,2024-06-02,2024-06-02T23:10:00Z,R,Regular Season,N,1,Final,F,St. Louis Cardinals,138,5,Philadelphia Phillies,143,4,John King,Gregory Soto,Ryan Helsley,10,Citizens Bank Park,night,3,3,False,,
745569,2024,2024-06-03,2024-06-03T22:40:00Z,R,Regular Season,N,1,Final,F,Milwaukee Brewers,158,1,Philadelphia Phillies,143,3,Zack Wheeler,Bryse Wilson,José Alvarado,9,Citizens Bank Park,night,1,3,False,,
744854,2024,2024-06-03,2024-06-03T22:45:00Z,R,Regular Season,N,1,Final,F,New York Mets,121,8,Washington Nationals,120,7,Tylor Megill,MacKenzie Gore,Jake Diekman,9,Nationals Park,night,1,3,False,,
744930,2024,2024-06-03,2024-06-03T23:07:00Z,R,Regular Season,N,1,Final,F,Baltimore Orioles,110,7,Toronto Blue Jays,141,2,Grayson Rodriguez,Kevin Gausman,,9,Rogers Centre,night,1,4,False,,
745009,2024,2024-06-03,2024-06-04T00:05:00Z,R,Regular Season,N,1,Final,F,Detroit Tigers,116,2,Texas Rangers,140,1,Beau Brieske,José Leclerc,,9,Globe Life Field,night,1,3,False,,
746382,2024,2024-06-03,2024-06-04T00:10:00Z,R,Regular Season,N,1,Final,F,St. Louis Cardinals,138,4,Houston Astros,117,7,Rafael Montero,JoJo Romero,Josh Hader,9,Minute Maid Park,night,1,3,False,,
746548,2024,2024-06-03,2024-06-04T00:40:00Z,R,Regular Season,N,1,Final,F,Cincinnati Reds,113,13,Colorado Rockies,115,3,Andrew Abbott,Ryan Feltner,,9,Coors Field,night,1,3,False,,
746224,2024,2024-06-03,2024-06-04T01:38:00Z,R,Regular Season,N,1,Final,F,San Diego Padres,135,1,Los Angeles Angels,108,2,Hunter Strickland,Adrian Morejon,Carlos Estévez,9,Angel Stadium,night,1,3,False,,
747194,2024,2024-06-03,2024-06-04T01:40:00Z,R,Regular Season,N,1,Final,F,San Francisco Giants,137,2,Arizona Diamondbacks,109,4,Ryan Thompson,Randy Rodríguez,,9,Chase Field,night,1,3,False,,
745497,2024,2024-06-04,2024-06-04T22:40:00Z,R,Regular Season,N,1,Final,F,Los Angeles Dodgers,119,0,Pittsburgh Pirates,134,1,Jared Jones,Tyler Glasnow,David Bednar,9,PNC Park,night,1,3,False,,
745568,2024,2024-06-04,2024-06-04T22:40:00Z,R,Regular Season,N,1,Final,F,Milwaukee Brewers,158,1,Philadelphia Phillies,143,2,Seranthony Domínguez,Joel Payamps,,10,Citizens Bank Park,night,2,3,False,,
746060,2024,2024-06-04,2024-06-04T22:40:00Z,R,Regular Season,N,1,Final,F,Tampa Bay Rays,139,9,Miami Marlins,146,5,Ryan Pepiot,Jesús Luzardo,Pete Fairbanks,9,loanDepot park,night,1,2,False,,
746630,2024,2024-06-04,2024-06-04T22:40:00Z,R,Regular Season,N,1,Final,F,Kansas City Royals,118,5,Cleveland Guardians,114,8,Cade Smith,Sam Long,Emmanuel Clase,9,Progressive Field,night,1,2,False,,
744850,2024,2024-06-04,2024-06-04T22:45:00Z,R,Regular Season,N,1,Final,F,New York Mets,121,6,Washington Nationals,120,3,David Peterson,DJ Herz,,9,Nationals Park,night,2,3,False,,
745739,2024,2024-06-04,2024-06-04T23:05:00Z,R,Regular Season,N,1,Final,F,Minnesota Twins,142,1,New York Yankees,147,5,Luis Gil,Bailey Ober,,9,Yankee Stadium,night,1,3,False,,
744931,2024,2024-06-04,2024-06-04T23:07:00Z,R,Regular Season,N,1,Final,F,Baltimore Orioles,110,10,Toronto Blue Jays,141,1,Corbin Burnes,Génesis Cabrera,,9,Rogers Centre,night,2,4,False,,
746949,2024,2024-06-04,2024-06-04T23:10:00Z,R,Regular Season,N,1,Final,F,Atlanta Braves,144,8,Boston Red Sox,111,3,Max Fried,Kutter Crawford,,9,Fenway Park,night,1,2,False,,
745010,2024,2024-06-04,2024-06-05T00:05:00Z,R,Regular Season,N,1,Final,F,Detroit Tigers,116,3,Texas Rangers,140,1,Jack Flaherty,Dane Dunning,Jason Foley,9,Globe Life Field,night,2,3,False,,
746872,2024,2024-06-04,2024-06-05T00:05:00Z,R,Regular Season,N,1,Final,F,Chicago White Sox,145,6,Chicago Cubs,112,7,Luke Little,Jordan Leasure,Héctor Neris,9,Wrigley Field,night,1,2,False,,
746380,2024,2024-06-04,2024-06-05T00:10:00Z,R,Regular Season,N,1,Final,F,St. Louis Cardinals,138,5,Houston Astros,117,8,Tayler Scott,Andre Pallante,Ryan Pressly,9,Minute Maid Park,night,2,3,False,,
746550,2024,2024-06-04,2024-06-05T00:40:00Z,R,Regular Season,N,1,Final,F,Cincinnati Reds,113,4,Colorado Rockies,115,1,Frankie Montas,Ty Blach,,9,Coors Field,night,2,3,False,,
746222,2024,2024-06-04,2024-06-05T01:38:00Z,R,Regular Season,N,1,Final,F,San Diego Padres,135,2,Los Angeles Angels,108,4,Matt Moore,Yuki Matsui,Carlos Estévez,9,Angel Stadium,night,2,3,False,,
745656,2024,2024-06-04,2024-06-05T01:40:00Z,R,Regular Season,N,1,Final,F,Seattle Mariners,136,4,Oakland Athletics,133,3,George Kirby,Mitch Spence,Tayler Saucedo,9,Oakland Coliseum,night,1,3,False,,
747196,2024,2024-06-04,2024-06-05T01:40:00Z,R,Regular Season,N,1,Final,F,San Francisco Giants,137,5,Arizona Diamondbacks,109,8,Kevin Ginkel,Kyle Harrison,Paul Sewald,9,Chase Field,night,2,3,False,,
746950,2024,2024-06-05,2024-06-05T17:35:00Z,R,Regular Season,N,1,Final,F,Atlanta Braves,144,0,Boston Red Sox,111,9,Nick Pivetta,Spencer Schwellenbach,,9,Fenway Park,day,2,2,False,,
746379,2024,2024-06-05,2024-06-05T18:10:00Z,R,Regular Season,N,1,Final,F,St. Louis Cardinals,138,4,Houston Astros,117,2,Miles Mikolas,Ronel Blanco,Ryan Helsley,9,Minute Maid Park,day,3,3,False,,
746544,2024,2024-06-05,2024-06-05T19:10:00Z,R,Regular Season,N,1,Final,F,Cincinnati Reds,113,12,Colorado Rockies,115,7,Fernando Cruz,Jalen Beeks,,9,Coors Field,day,3,3,False,,
747195,2024,2024-06-05,2024-06-05T19:40:00Z,R,Regular Season,N,1,Final,F,San Francisco Giants,137,9,Arizona Diamondbacks,109,3,Sean Hjelle,Jordan Montgomery,,9,Chase Field,day,3,3,False,,
744852,2024,2024-06-05,2024-06-05T20:05:00Z,R,Regular Season,N,1,Final,F,New York Mets,121,9,Washington Nationals,120,1,Luis Severino,Patrick Corbin,,9,Nationals Park,day,3,3,False,,
745570,2024,2024-06-05,2024-06-05T20:05:00Z,R,Regular Season,N,1,Final,F,Milwaukee Brewers,158,0,Philadelphia Phillies,143,2,Aaron Nola,Aaron Ashby,José Alvarado,9,Citizens Bank Park,day,3,3,False,,
745494,2024,2024-06-05,2024-06-05T22:40:00Z,R,Regular Season,N,1,Final,F,Los Angeles Dodgers,119,6,Pittsburgh Pirates,134,10,Paul Skenes,James Paxton,,9,PNC Park,night,2,3,False,,
746056,2024,2024-06-05,2024-06-05T22:40:00Z,R,Regular Season,N,1,Final,F,Tampa Bay Rays,139,5,Miami Marlins,146,3,Richard Lovelady,Braxton Garrett,Pete Fairbanks,9,loanDepot park,night,2,2,False,,
745740,2024,2024-06-05,2024-06-05T23:05:00Z,R,Regular Season,N,1,Final,F,Minnesota Twins,142,5,New York Yankees,147,9,Carlos Rodón,Chris Paddack,,9,Yankee Stadium,night,2,3,False,,
744927,2024,2024-06-05,2024-06-05T23:07:00Z,R,Regular Season,N,1,Final,F,Baltimore Orioles,110,2,Toronto Blue Jays,141,3,Yimi García,Craig Kimbrel,,9,Rogers Centre,night,3,4,False,,
745007,2024,2024-06-05,2024-06-06T00:05:00Z,R,Regular Season,N,1,Final,F,Detroit Tigers,116,1,Texas Rangers,140,9,José Ureña,Joey Wentz,,9,Globe Life Field,night,3,3,False,,
746873,2024,2024-06-05,2024-06-06T00:05:00Z,R,Regular Season,N,1,Final,F,Chicago White Sox,145,6,Chicago Cubs,112,7,Héctor Neris,Michael Kopech,,9,Wrigley Field,night,2,2,False,,
746221,2024,2024-06-05,2024-06-06T01:38:00Z,R,Regular Season,N,1,Final,F,San Diego Padres,135,2,Los Angeles Angels,108,3,José Soriano,Dylan Cease,Matt Moore,9,Angel Stadium,night,3,3,False,,
745654,2024,2024-06-05,2024-06-06T01:40:00Z,R,Regular Season,N,1,Final,F,Seattle Mariners,136,1,Oakland Athletics,133,2,Joey Estes,Logan Gilbert,Mason Miller,9,Oakland Coliseum,night,2,3,False,,
744923,2024,2024-06-06,2024-06-06T17:07:00Z,R,Regular Season,N,1,Final,F,Baltimore Orioles,110,5,Toronto Blue Jays,141,6,Yusei Kikuchi,Cade Povich,Yimi García,9,Rogers Centre,day,4,4,False,,
746631,2024,2024-06-06,2024-06-06T17:10:00Z,R,Regular Season,N,1,Final,F,Kansas City Royals,118,4,Cleveland Guardians,114,3,Sam Long,Hunter Gaddis,James McArthur,9,Progressive Field,day,2,2,False,,
745657,2024,2024-06-06,2024-06-06T19:37:00Z,R,Regular Season,N,1,Final,F,Seattle Mariners,136,3,Oakland Athletics,133,0,Bryan Woo,JP Sears,Ryne Stanek,9,Oakland Coliseum,day,3,3,False,,
745495,2024,2024-06-06,2024-06-06T22:40:00Z,R,Regular Season,N,1,Final,F,Los Angeles Dodgers,119,11,Pittsburgh Pirates,134,7,Michael Grove,Bailey Falter,,9,PNC Park,night,3,3,False,,
744844,2024,2024-06-06,2024-06-06T22:45:00Z,R,Regular Season,N,1,Final,F,Atlanta Braves,144,5,Washington Nationals,120,2,Aaron Bummer,Hunter Harvey,Raisel Iglesias,9,Nationals Park,night,1,4,False,,
745738,2024,2024-06-06,2024-06-06T23:05:00Z,R,Regular Season,N,1,Final,F,Minnesota Twins,142,5,New York Yankees,147,8,Luke Weaver,Pablo López,Clay Holmes,9,Yankee Stadium,night,3,3,False,,
746707,2024,2024-06-06,2024-06-06T23:10:00Z,R,Regular Season,N,1,Final,F,Chicago Cubs,112,4,Cincinnati Reds,113,8,Hunter Greene,Javier Assad,,9,Great American Ball Park,night,1,4,False,,
745174,2024,2024-06-06,2024-06-06T23:45:00Z,R,Regular Season,N,1,Final,F,Colorado Rockies,115,3,St. Louis Cardinals,138,2,Cal Quantrill,Sonny Gray,Tyler Kinley,9,Busch Stadium,night,1,4,False,,
746784,2024,2024-06-06,2024-06-07T00:10:00Z,R,Regular Season,N,1,Final,F,Boston Red Sox,111,14,Chicago White Sox,145,2,Tanner Houck,Jake Woodford,,9,Guaranteed Rate Field,night,1,4,False,,
745408,2024,2024-06-06,2024-06-07T01:40:00Z,R,Regular Season,N,1,Final,F,Arizona Diamondbacks,109,4,San Diego Padres,135,3,Kevin Ginkel,Jeremiah Estrada,Paul Sewald,9,Petco Park,night,1,4,False,,
745169,2024,2024-06-07,2024-06-07T18:15:00Z,R,Regular Season,N,1,Final,F,Colorado Rockies,115,5,St. Louis Cardinals,138,8,JoJo Romero,Matt Carasiti,Ryan Helsley,9,Busch Stadium,day,2,4,False,,
745496,2024,2024-06-07,2024-06-07T22:40:00Z,R,Regular Season,N,1,Final,F,Minnesota Twins,142,0,Pittsburgh Pirates,134,3,Mitch Keller,Joe Ryan,David Bednar,9,PNC Park,night,1,3,False,,
746466,2024,2024-06-07,2024-06-07T22:40:00Z,R,Regular Season,N,1,Final,F,Milwaukee Brewers,158,10,Detroit Tigers,116,0,Tobias Myers,Reese Olson,,9,Comerica Park,night,1,3,False,,
744845,2024,2024-06-07,2024-06-07T22:45:00Z,R,Regular Season,N,1,Final,F,Atlanta Braves,144,1,Washington Nationals,120,2,Jake Irvin,Chris Sale,Kyle Finnegan,9,Nationals Park,night,2,4,False,,
745083,2024,2024-06-07,2024-06-07T22:50:00Z,R,Regular Season,N,1,Final,F,Baltimore Orioles,110,6,Tampa Bay Rays,139,3,Cole Irvin,Aaron Civale,Craig Kimbrel,9,Tropicana Field,night,1,4,False,,
745737,2024,2024-06-07,2024-06-07T23:05:00Z,R,Regular Season,N,1,Final,F,Los Angeles Dodgers,119,2,New York Yankees,147,1,Michael Grove,Ian Hamilton,Yohan Ramírez,11,Yankee Stadium,night,1,3,False,,
746053,2024,2024-06-07,2024-06-07T23:10:00Z,R,Regular Season,N,1,Final,F,Cleveland Guardians,114,2,Miami Marlins,146,3,Tanner Scott,Cade Smith,,9,loanDepot park,night,1,3,False,,
746704,2024,2024-06-07,2024-06-07T23:10:00Z,R,Regular Season,N,1,Final,F,Chicago Cubs,112,2,Cincinnati Reds,113,3,Nick Lodolo,Justin Steele,Alexis Díaz,9,Great American Ball Park,night,2,4,False,,
745008,2024,2024-06-07,2024-06-08T00:05:00Z,R,Regular Season,N,1,Final,F,San Francisco Giants,137,5,Texas Rangers,140,2,Logan Webb,David Robertson,Camilo Doval,9,Globe Life Field,night,1,3,False,,
746302,2024,2024-06-07,2024-06-08T00:10:00Z,R,Regular Season,N,1,Final,F,Seattle Mariners,136,9,Kansas City Royals,118,10,Nick Anderson,Ryne Stanek,,9,Kauffman Stadium,night,1,3,False,,
746785,2024,2024-06-07,2024-06-08T00:10:00Z,R,Regular Season,N,1,Final,F,Boston Red Sox,111,2,Chicago White Sox,145,7,Garrett Crochet,Cooper Criswell,Jonathan Cannon,9,Guaranteed Rate Field,night,2,4,False,,
746220,2024,2024-06-07,2024-06-08T01:38:00Z,R,Regular Season,N,1,Final,F,Houston Astros,117,7,Los Angeles Angels,108,1,Framber Valdez,Griffin Canning,,9,Angel Stadium,night,1,3,False,,
745406,2024,2024-06-07,2024-06-08T01:40:00Z,R,Regular Season,N,1,Final,F,Arizona Diamondbacks,109,3,San Diego Padres,135,10,Michael King,Brandon Pfaadt,,9,Petco Park,night,2,4,False,,
745655,2024,2024-06-07,2024-06-08T01:40:00Z,R,Regular Season,N,1,Final,F,Toronto Blue Jays,141,1,Oakland Athletics,133,2,Mason Miller,Chad Green,,9,Oakland Coliseum,night,1,3,False,,
745814,2024,2024-06-08,2024-06-08T17:10:00Z,R,Regular Season,N,1,Final,F,Philadelphia Phillies,143,7,New York Mets,121,2,Ranger Suarez,Sean Manaea,,9,London Stadium,night,1,2,False,,
744848,2024,2024-06-08,2024-06-08T20:05:00Z,R,Regular Season,N,1,Final,F,Atlanta Braves,144,3,Washington Nationals,120,7,MacKenzie Gore,Charlie Morton,,9,Nationals Park,day,3,4,False,,
745001,2024,2024-06-08,2024-06-08T20:05:00Z,R,Regular Season,N,1,Final,F,San Francisco Giants,137,3,Texas Rangers,140,1,Erik Miller,Andrew Heaney,Camilo Doval,9,Globe Life Field,day,2,3,False,,
745492,2024,2024-06-08,2024-06-08T20:05:00Z,R,Regular Season,N,1,Final,F,Minnesota Twins,142,0,Pittsburgh Pirates,134,4,Hunter Stratton,Simeon Woods Richardson,,9,PNC Park,day,2,3,False,,
745652,2024,2024-06-08,2024-06-08T20:07:00Z,R,Regular Season,N,1,Final,F,Toronto Blue Jays,141,7,Oakland Athletics,133,0,Kevin Gausman,Luis Medina,,9,Oakland Coliseum,day,2,3,False,,
745082,2024,2024-06-08,2024-06-08T20:10:00Z,R,Regular Season,N,1,Final,F,Baltimore Orioles,110,5,Tampa Bay Rays,139,0,Kyle Bradish,Taj Bradley,,9,Tropicana Field,day,2,4,False,,
746300,2024,2024-06-08,2024-06-08T20:10:00Z,R,Regular Season,N,1,Final,F,Seattle Mariners,136,4,Kansas City Royals,118,8,Alec Marsh,Luis Castillo,,9,Kauffman Stadium,day,2,3,False,,
746461,2024,2024-06-08,2024-06-08T20:10:00Z,R,Regular Season,N,1,Final,F,Milwaukee Brewers,158,5,Detroit Tigers,116,4,Jared Koenig,Casey Mize,Trevor Megill,9,Comerica Park,day,2,3,False,,
746703,2024,2024-06-08,2024-06-08T20:10:00Z,R,Regular Season,N,1,Final,F,Chicago Cubs,112,3,Cincinnati Reds,113,4,Andrew Abbott,Ben Brown,Justin Wilson,9,Great American Ball Park,day,3,4,False,,
746786,2024,2024-06-08,2024-06-08T20:10:00Z,R,Regular Season,N,1,Final,F,Boston Red Sox,111,1,Chicago White Sox,145,6,Tanner Banks,Brayan Bello,,9,Guaranteed Rate Field,day,3,4,False,,
745166,2024,2024-06-08,2024-06-08T20:15:00Z,R,Regular Season,N,1,Final,F,Colorado Rockies,115,6,St. Louis Cardinals,138,5,Victor Vodnik,Andrew Kittredge,Tyler Kinley,9,Busch Stadium,day,3,4,False,,
745735,2024,2024-06-08,2024-06-08T23:35:00Z,R,Regular Season,N,1,Final,F,Los Angeles Dodgers,119,11,New York Yankees,147,3,Gavin Stone,Nestor Cortes,,9,Yankee Stadium,night,2,3,False,,
746057,2024,2024-06-08,2024-06-08T23:35:00Z,R,Regular Season,N,1,Final,F,Cleveland Guardians,114,8,Miami Marlins,146,0,Ben Lively,Roddery Muñoz,Pedro Avila,9,loanDepot park,night,2,3,False,,
745410,2024,2024-06-08,2024-06-09T00:40:00Z,R,Regular Season,N,1,Final,F,Arizona Diamondbacks,109,1,San Diego Padres,135,13,Matt Waldron,Ryne Nelson,,9,Petco Park,night,3,4,False,,
746223,2024,2024-06-08,2024-06-09T02:07:00Z,R,Regular Season,N,1,Final,F,Houston Astros,117,6,Los Angeles Angels,108,1,Hunter Brown,Tyler Anderson,,9,Angel Stadium,night,2,3,False,,
745571,2024,2024-06-09,2024-06-09T14:10:00Z,R,Regular Season,N,1,Final,F,New York Mets,121,6,Philadelphia Phillies,143,5,Reed Garrett,José Alvarado,Drew Smith,9,London Stadium,day,2,2,False,,
745003,2024,2024-06-09,2024-06-09T17:05:00Z,R,Regular Season,N,1,Final,F,San Francisco Giants,137,2,Texas Rangers,140,7,Nathan Eovaldi,Keaton Winn,,9,Globe Life Field,day,3,3,False,,
744849,2024,2024-06-09,2024-06-09T17:35:00Z,R,Regular Season,N,1,Final,F,Atlanta Braves,144,5,Washington Nationals,120,8,Jacob Barnes,Hurston Waldrep,Kyle Finnegan,9,Nationals Park,day,4,4,False,,
745491,2024,2024-06-09,2024-06-09T17:35:00Z,R,Regular Season,N,1,Final,F,Minnesota Twins,142,11,Pittsburgh Pirates,134,5,Jhoan Duran,Ben Heller,,10,PNC Park,day,3,3,False,,
745085,2024,2024-06-09,2024-06-09T17:40:00Z,R,Regular Season,N,1,Final,F,Baltimore Orioles,110,9,Tampa Bay Rays,139,2,Grayson Rodriguez,Zack Littell,,9,Tropicana Field,day,3,4,False,,
746054,2024,2024-06-09,2024-06-09T17:40:00Z,R,Regular Season,N,1,Final,F,Cleveland Guardians,114,6,Miami Marlins,146,3,Nick Sandlin,A.J. Puk,,9,loanDepot park,day,3,3,False,,
746463,2024,2024-06-09,2024-06-09T17:40:00Z,R,Regular Season,N,1,Final,F,Milwaukee Brewers,158,2,Detroit Tigers,116,10,Tarik Skubal,Bryse Wilson,,9,Comerica Park,day,3,3,False,,
746705,2024,2024-06-09,2024-06-09T17:40:00Z,R,Regular Season,N,1,Final,F,Chicago Cubs,112,4,Cincinnati Reds,113,2,Shota Imanaga,Frankie Montas,Héctor Neris,9,Great American Ball Park,day,4,4,False,,
746297,2024,2024-06-09,2024-06-09T18:10:00Z,R,Regular Season,N,1,Final,F,Seattle Mariners,136,6,Kansas City Royals,118,5,Mike Baumann,James McArthur,Tayler Saucedo,10,Kauffman Stadium,day,3,3,False,,
746787,2024,2024-06-09,2024-06-09T18:10:00Z,R,Regular Season,N,1,Final,F,Boston Red Sox,111,6,Chicago White Sox,145,4,Kenley Jansen,Michael Soroka,Cam Booser,10,Guaranteed Rate Field,day,4,4,False,,
745167,2024,2024-06-09,2024-06-09T18:15:00Z,R,Regular Season,N,1,Final,F,Colorado Rockies,115,1,St. Louis Cardinals,138,5,Andre Pallante,Ty Blach,,9,Busch Stadium,day,4,4,False,,
745651,2024,2024-06-09,2024-06-09T20:07:00Z,R,Regular Season,N,1,Final,F,Toronto Blue Jays,141,6,Oakland Athletics,133,4,Yimi García,Austin Adams,Génesis Cabrera,10,Oakland Coliseum,day,3,3,False,,
746216,2024,2024-06-09,2024-06-09T20:07:00Z,R,Regular Season,N,1,Final,F,Houston Astros,117,7,Los Angeles Angels,108,9,Carlos Estévez,Josh Hader,,9,Angel Stadium,day,3,3,False,,
745407,2024,2024-06-09,2024-06-09T20:10:00Z,R,Regular Season,N,1,Final,F,Arizona Diamondbacks,109,9,San Diego Padres,135,3,Tommy Henry,Adam Mazur,,9,Petco Park,day,4,4,False,,
745736,2024,2024-06-09,2024-06-09T23:10:00Z,R,Regular Season,N,1,Final,F,Los Angeles Dodgers,119,4,New York Yankees,147,6,Caleb Ferguson,Tyler Glasnow,Clay Holmes,9,Yankee Stadium,night,3,3,False,,
745080,2024,2024-06-10,2024-06-10T22:50:00Z,R,Regular Season,N,1,Final,F,Baltimore Orioles,110,5,Tampa Bay Rays,139,2,Corbin Burnes,Ryan Pepiot,Craig Kimbrel,9,Tropicana Field,night,4,4,False,,
745897,2024,2024-06-10,2024-06-10T23:40:00Z,R,Regular Season,N,1,Final,F,Colorado Rockies,115,0,Minnesota Twins,142,5,Chris Paddack,Dakota Hudson,,9,Target Field,night,1,3,False,,
745982,2024,2024-06-10,2024-06-11T00:10:00Z,R,Regular Season,N,1,Final,F,Toronto Blue Jays,141,1,Milwaukee Brewers,158,3,Colin Rea,José Berríos,Trevor Megill,9,American Family Field,night,1,3,False,,
746295,2024,2024-06-10,2024-06-11T00:10:00Z,R,Regular Season,N,1,Final,F,New York Yankees,147,4,Kansas City Royals,118,2,Carlos Rodón,Seth Lugo,Michael Tonkin,9,Kauffman Stadium,night,1,4,False,,
745248,2024,2024-06-10,2024-06-11T01:40:00Z,R,Regular Season,N,1,Final,F,Chicago White Sox,145,4,Seattle Mariners,136,8,Ryne Stanek,Jordan Leasure,,9,T-Mobile Park,night,1,4,False,,
745409,2024,2024-06-10,2024-06-11T01:40:00Z,R,Regular Season,N,1,Final,F,Oakland Athletics,133,1,San Diego Padres,135,6,Dylan Cease,Joey Estes,,9,Petco Park,night,1,3,False,,
745334,2024,2024-06-10,2024-06-11T01:45:00Z,R,Regular Season,N,1,Final,F,Houston Astros,117,3,San Francisco Giants,137,4,Randy Rodríguez,Rafael Montero,,10,Oracle Park,night,1,3,False,,
747027,2024,2024-06-11,2024-06-11T22:35:00Z,R,Regular Season,N,1,Final,F,Atlanta Braves,144,0,Baltimore Orioles,110,4,Albert Suárez,Max Fried,,9,Oriole Park at Camden Yards,night,1,3,False,,
746464,2024,2024-06-11,2024-06-11T22:40:00Z,R,Regular Season,N,1,Final,F,Washington Nationals,120,5,Detroit Tigers,116,4,Kyle Finnegan,Andrew Chafin,,10,Comerica Park,night,1,3,False,,
745077,2024,2024-06-11,2024-06-11T22:50:00Z,R,Regular Season,N,1,Final,F,Chicago Cubs,112,2,Tampa Bay Rays,139,5,Chris Devenski,Héctor Neris,,9,Tropicana Field,night,1,3,False,,
745815,2024,2024-06-11,2024-06-11T23:10:00Z,R,Regular Season,N,1,Final,F,Miami Marlins,146,4,New York Mets,121,2,Jesús Luzardo,Tylor Megill,Tanner Scott,9,Citi Field,night,1,3,False,,
746702,2024,2024-06-11,2024-06-11T23:10:00Z,R,Regular Season,N,1,Final,F,Cleveland Guardians,114,5,Cincinnati Reds,113,3,Triston McKenzie,Nick Martinez,Emmanuel Clase,9,Great American Ball Park,night,1,2,False,,
746951,2024,2024-06-11,2024-06-11T23:10:00Z,R,Regular Season,N,1,Final,F,Philadelphia Phillies,143,4,Boston Red Sox,111,1,Zack Wheeler,Kutter Crawford,José Alvarado,9,Fenway Park,night,1,3,False,,
745899,2024,2024-06-11,2024-06-11T23:40:00Z,R,Regular Season,N,1,Final,F,Colorado Rockies,115,5,Minnesota Twins,142,4,Cal Quantrill,Caleb Thielbar,Tyler Kinley,9,Target Field,night,2,3,False,,
745170,2024,2024-06-11,2024-06-11T23:45:00Z,R,Regular Season,N,1,Final,F,Pittsburgh Pirates,134,2,St. Louis Cardinals,138,1,Colin Holderman,Ryan Helsley,David Bednar,9,Busch Stadium,night,1,3,False,,
745981,2024,2024-06-11,2024-06-12T00:10:00Z,R,Regular Season,N,1,Final,F,Toronto Blue Jays,141,3,Milwaukee Brewers,158,0,Yusei Kikuchi,Carlos Rodriguez,Yimi García,9,American Family Field,night,2,3,False,,
746296,2024,2024-06-11,2024-06-12T00:10:00Z,R,Regular Season,N,1,Final,F,New York Yankees,147,10,Kansas City Royals,118,1,Marcus Stroman,Brady Singer,,9,Kauffman Stadium,night,2,4,False,,
745244,2024,2024-06-11,2024-06-12T01:40:00Z,R,Regular Season,N,1,Final,F,Chicago White Sox,145,3,Seattle Mariners,136,4,Trent Thornton,John Brebbia,Ryne Stanek,9,T-Mobile Park,night,2,4,False,,
745404,2024,2024-06-11,2024-06-12T01:40:00Z,R,Regular Season,N,1,Final,F,Oakland Athletics,133,3,San Diego Padres,135,4,Robert Suarez,Scott Alexander,,9,Petco Park,night,2,3,False,,
747190,2024,2024-06-11,2024-06-12T01:40:00Z,R,Regular Season,N,1,Final,F,Los Angeles Angels,108,4,Arizona Diamondbacks,109,9,Jordan Montgomery,José Suarez,,9,Chase Field,night,1,3,False,,
745327,2024,2024-06-11,2024-06-12T01:45:00Z,R,Regular Season,N,1,Final,F,Houston Astros,117,3,San Francisco Giants,137,1,Ronel Blanco,Jordan Hicks,Ryan Pressly,9,Oracle Park,night,2,3,False,,
746139,2024,2024-06-11,2024-06-12T02:10:00Z,R,Regular Season,N,1,Final,F,Texas Rangers,140,2,Los Angeles Dodgers,119,15,James Paxton,Dane Dunning,,9,Dodger Stadium,night,1,3,False,,
745896,2024,2024-06-12,2024-06-12T17:10:00Z,R,Regular Season,N,1,Final,F,Colorado Rockies,115,9,Minnesota Twins,142,17,Pablo López,Austin Gomber,,9,Target Field,day,3,3,False,,
745978,2024,2024-06-12,2024-06-12T18:10:00Z,R,Regular Season,N,1,Final,F,Toronto Blue Jays,141,4,Milwaukee Brewers,158,5,Tobias Myers,Zach Pop,Trevor Megill,9,American Family Field,day,3,3,False,,
745328,2024,2024-06-12,2024-06-12T19:45:00Z,R,Regular Season,N,1,Final,F,Houston Astros,117,3,San Francisco Giants,137,5,Logan Webb,Framber Valdez,Camilo Doval,9,Oracle Park,day,3,3,False,,
745405,2024,2024-06-12,2024-06-12T20:10:00Z,R,Regular Season,N,1,Final,F,Oakland Athletics,133,4,San Diego Padres,135,5,Robert Suarez,Mason Miller,,9,Petco Park,day,3,3,False,,
747028,2024,2024-06-12,2024-06-12T22:35:00Z,R,Regular Season,N,1,Final,F,Atlanta Braves,144,2,Baltimore Orioles,110,4,Keegan Akin,Joe Jiménez,Craig Kimbrel,9,Oriole Park at Camden Yards,night,2,3,False,,
746462,2024,2024-06-12,2024-06-12T22:40:00Z,R,Regular Season,N,1,Final,F,Washington Nationals,120,7,Detroit Tigers,116,5,Jake Irvin,Reese Olson,Kyle Finnegan,9,Comerica Park,night,2,3,False,,
745079,2024,2024-06-12,2024-06-12T22:50:00Z,R,Regular Season,N,1,Final,F,Chicago Cubs,112,4,Tampa Bay Rays,139,3,Tyson Miller,Garrett Cleavinger,Héctor Neris,9,Tropicana Field,night,2,3,False,,
745811,2024,2024-06-12,2024-06-12T23:10:00Z,R,Regular Season,N,1,Final,F,Miami Marlins,146,4,New York Mets,121,10,David Peterson,Braxton Garrett,,9,Citi Field,night,2,3,False,,
746701,2024,2024-06-12,2024-06-12T23:10:00Z,R,Regular Season,N,1,Final,F,Cleveland Guardians,114,2,Cincinnati Reds,113,4,Nick Lodolo,Tanner Bibee,Alexis Díaz,9,Great American Ball Park,night,2,2,False,,
746948,2024,2024-06-12,2024-06-12T23:10:00Z,R,Regular Season,N,1,Final,F,Philadelphia Phillies,143,6,Boston Red Sox,111,8,Cam Booser,José Ruiz,Kenley Jansen,9,Fenway Park,night,2,3,False,,
745171,2024,2024-06-12,2024-06-12T23:45:00Z,R,Regular Season,N,1,Final,F,Pittsburgh Pirates,134,2,St. Louis Cardinals,138,4,Sonny Gray,Bailey Falter,Ryan Helsley,9,Busch Stadium,night,2,3,False,,
746294,2024,2024-06-12,2024-06-13T00:10:00Z,R,Regular Season,N,1,Final,F,New York Yankees,147,11,Kansas City Royals,118,5,Cody Poteet,Dan Altavilla,,9,Kauffman Stadium,night,3,4,False,,
745246,2024,2024-06-12,2024-06-13T01:40:00Z,R,Regular Season,N,1,Final,F,Chicago White Sox,145,1,Seattle Mariners,136,2,Trent Thornton,Steven Wilson,,10,T-Mobile Park,night,3,4,False,,
747193,2024,2024-06-12,2024-06-13T01:40:00Z,R,Regular Season,N,1,Final,F,Los Angeles Angels,108,8,Arizona Diamondbacks,109,3,José Soriano,Slade Cecconi,,9,Chase Field,night,2,3,False,,
746137,2024,2024-06-12,2024-06-13T02:10:00Z,R,Regular Season,N,1,Final,F,Texas Rangers,140,3,Los Angeles Dodgers,119,2,Jacob Latz,Walker Buehler,Kirby Yates,9,Dodger Stadium,night,2,3,False,,
747026,2024,2024-06-13,2024-06-13T17:05:00Z,R,Regular Season,N,1,Final,F,Atlanta Braves,144,6,Baltimore Orioles,110,3,Reynaldo López,Cole Irvin,Raisel Iglesias,9,Oriole Park at Camden Yards,day,3,3,False,,
746465,2024,2024-06-13,2024-06-13T17:10:00Z,R,Regular Season,N,1,Final,F,Washington Nationals,120,2,Detroit Tigers,116,7,Shelby Miller,Derek Law,,9,Comerica Park,day,3,3,False,,
746299,2024,2024-06-13,2024-06-13T18:10:00Z,R,Regular Season,N,1,Final,F,New York Yankees,147,3,Kansas City Royals,118,4,James McArthur,Clay Holmes,,9,Kauffman Stadium,day,4,4,False,,
745168,2024,2024-06-13,2024-06-13T18:15:00Z,R,Regular Season,N,1,Final,F,Pittsburgh Pirates,134,3,St. Louis Cardinals,138,4,Chris Roycroft,Mitch Keller,Andrew Kittredge,9,Busch Stadium,day,3,3,False,,
745075,2024,2024-06-13,2024-06-13T22:50:00Z,R,Regular Season,N,1,Final,F,Chicago Cubs,112,2,Tampa Bay Rays,139,3,Taj Bradley,Mark Leiter Jr.,Pete Fairbanks,9,Tropicana Field,night,3,3,False,,
745809,2024,2024-06-13,2024-06-13T23:10:00Z,R,Regular Season,N,1,Final,F,Miami Marlins,146,2,New York Mets,121,3,Edwin Díaz,Tanner Scott,,9,Citi Field,night,3,3,False,,
746944,2024,2024-06-13,2024-06-13T23:10:00Z,R,Regular Season,N,1,Final,F,Philadelphia Phillies,143,3,Boston Red Sox,111,9,Tanner Houck,Aaron Nola,Brad Keller,9,Fenway Park,night,3,3,False,,
745894,2024,2024-06-13,2024-06-13T23:40:00Z,R,Regular Season,N,1,Final,F,Oakland Athletics,133,2,Minnesota Twins,142,6,Joe Ryan,Luis Medina,,9,Target Field,night,1,4,False,,
745245,2024,2024-06-13,2024-06-14T01:40:00Z,R,Regular Season,N,1,Final,F,Chicago White Sox,145,3,Seattle Mariners,136,2,Michael Kopech,Andrés Muñoz,Tanner Banks,10,T-Mobile Park,night,4,4,False,,
747192,2024,2024-06-13,2024-06-14T01:40:00Z,R,Regular Season,N,1,Final,F,Los Angeles Angels,108,1,Arizona Diamondbacks,109,11,Brandon Pfaadt,Griffin Canning,,9,Chase Field,night,3,3,False,,
746136,2024,2024-06-13,2024-06-14T02:10:00Z,R,Regular Season,N,1,Final,F,Texas Rangers,140,3,Los Angeles Dodgers,119,1,Michael Lorenzen,Michael Grove,Kirby Yates,9,Dodger Stadium,night,3,3,False,,
746869,2024,2024-06-14,2024-06-14T18:20:00Z,R,Regular Season,N,1,Final,F,St. Louis Cardinals,138,3,Chicago Cubs,112,0,Kyle Gibson,Hayden Wesneski,Ryan Helsley,9,Wrigley Field,day,1,3,False,,
746947,2024,2024-06-14,2024-06-14T22:30:00Z,R,Regular Season,N,1,Final,F,New York Yankees,147,8,Boston Red Sox,111,1,Luis Gil,Brayan Bello,,9,Fenway Park,night,1,3,False,,
744847,2024,2024-06-14,2024-06-14T22:45:00Z,R,Regular Season,N,1,Final,F,Miami Marlins,146,1,Washington Nationals,120,8,MacKenzie Gore,Shaun Anderson,,9,Nationals Park,night,1,3,False,,
747025,2024,2024-06-14,2024-06-14T23:05:00Z,R,Regular Season,N,1,Final,F,Philadelphia Phillies,143,5,Baltimore Orioles,110,3,Orion Kerkering,Jacob Webb,Seranthony Domínguez,11,Oriole Park at Camden Yards,night,1,3,False,,
744924,2024,2024-06-14,2024-06-14T23:07:00Z,R,Regular Season,N,1,Final,F,Cleveland Guardians,114,3,Toronto Blue Jays,141,1,Logan Allen,Kevin Gausman,Emmanuel Clase,9,Rogers Centre,night,1,3,False,,
745810,2024,2024-06-14,2024-06-14T23:10:00Z,R,Regular Season,N,1,Final,F,San Diego Padres,135,1,New York Mets,121,2,Sean Manaea,Matt Waldron,Edwin Díaz,9,Citi Field,night,1,3,False,,
747112,2024,2024-06-14,2024-06-14T23:20:00Z,R,Regular Season,N,1,Final,F,Tampa Bay Rays,139,3,Atlanta Braves,144,7,Chris Sale,Zack Littell,Raisel Iglesias,9,Truist Park,night,1,3,False,,
745892,2024,2024-06-14,2024-06-15T00:10:00Z,R,Regular Season,N,1,Final,F,Oakland Athletics,133,5,Minnesota Twins,142,6,Jhoan Duran,Scott Alexander,,10,Target Field,night,2,4,False,,
745979,2024,2024-06-14,2024-06-15T00:10:00Z,R,Regular Season,N,1,Final,F,Cincinnati Reds,113,6,Milwaukee Brewers,158,5,Hunter Greene,Freddy Peralta,Alexis Díaz,9,American Family Field,night,1,3,False,,
746378,2024,2024-06-14,2024-06-15T00:10:00Z,R,Regular Season,N,1,Final,F,Detroit Tigers,116,0,Houston Astros,117,4,Hunter Brown,Tarik Skubal,,9,Minute Maid Park,night,1,3,False,,
746545,2024,2024-06-14,2024-06-15T00:40:00Z,R,Regular Season,N,1,Final,F,Pittsburgh Pirates,134,5,Colorado Rockies,115,2,Luis Ortiz,Ryan Feltner,,9,Coors Field,night,1,3,False,,
747191,2024,2024-06-14,2024-06-15T01:40:00Z,R,Regular Season,N,1,Final,F,Chicago White Sox,145,1,Arizona Diamondbacks,109,7,Ryne Nelson,Chris Flexen,,9,Chase Field,night,1,3,False,,
745247,2024,2024-06-14,2024-06-15T02:10:00Z,R,Regular Season,N,1,Final,F,Texas Rangers,140,2,Seattle Mariners,136,3,Luis Castillo,Andrew Heaney,Ryne Stanek,9,T-Mobile Park,night,1,3,False,,
746134,2024,2024-06-14,2024-06-15T02:10:00Z,R,Regular Season,N,1,Final,F,Kansas City Royals,118,3,Los Angeles Dodgers,119,4,Daniel Hudson,Will Smith,Alex Vesia,9,Dodger Stadium,night,1,3,False,,
745326,2024,2024-06-14,2024-06-15T02:15:00Z,R,Regular Season,N,1,Final,F,Los Angeles Angels,108,8,San Francisco Giants,137,6,Tyler Anderson,Spencer Howard,Carlos Estévez,9,Oracle Park,night,1,3,False,,
746865,2024,2024-06-15,2024-06-15T18:20:00Z,R,Regular Season,N,1,Final,F,St. Louis Cardinals,138,1,Chicago Cubs,112,5,Shota Imanaga,Andre Pallante,,9,Wrigley Field,day,2,3,False,,
744925,2024,2024-06-15,2024-06-15T19:07:00Z,R,Regular Season,N,1,Final,F,Cleveland Guardians,114,0,Toronto Blue Jays,141,5,Bowden Francis,Carlos Carrasco,,9,Rogers Centre,day,2,3,False,,
744846,2024,2024-06-15,2024-06-15T20:05:00Z,R,Regular Season,N,1,Final,F,Miami Marlins,146,0,Washington Nationals,120,4,DJ Herz,Trevor Rogers,,9,Nationals Park,day,2,3,False,,
745329,2024,2024-06-15,2024-06-15T20:05:00Z,R,Regular Season,N,1,Final,F,Los Angeles Angels,108,4,San Francisco Giants,137,3,Matt Moore,Ryan Walker,Carlos Estévez,9,Oracle Park,day,2,3,False,,
747024,2024,2024-06-15,2024-06-15T20:05:00Z,R,Regular Season,N,1,Final,F,Philadelphia Phillies,143,2,Baltimore Orioles,110,6,Grayson Rodriguez,Taijuan Walker,,9,Oriole Park at Camden Yards,day,2,3,False,,
745805,2024,2024-06-15,2024-06-15T20:10:00Z,R,Regular Season,N,1,Final,F,San Diego Padres,135,1,New York Mets,121,5,Jose Quintana,Adam Mazur,,9,Citi Field,day,2,3,False,,
745976,2024,2024-06-15,2024-06-15T20:10:00Z,R,Regular Season,N,1,Final,F,Cincinnati Reds,113,1,Milwaukee Brewers,158,3,Bryse Wilson,Andrew Abbott,Trevor Megill,9,American Family Field,day,2,3,False,,
746381,2024,2024-06-15,2024-06-15T20:10:00Z,R,Regular Season,N,1,Final,F,Detroit Tigers,116,13,Houston Astros,117,5,Jack Flaherty,Spencer Arrighetti,,9,Minute Maid Park,day,2,3,False,,
747113,2024,2024-06-15,2024-06-15T20:10:00Z,R,Regular Season,N,1,Final,F,Tampa Bay Rays,139,2,Atlanta Braves,144,9,Charlie Morton,Ryan Pepiot,,9,Truist Park,day,2,3,False,,
745241,2024,2024-06-15,2024-06-15T23:15:00Z,R,Regular Season,N,1,Final,F,Texas Rangers,140,5,Seattle Mariners,136,7,George Kirby,Nathan Eovaldi,Ryne Stanek,9,T-Mobile Park,day,2,3,False,,
746946,2024,2024-06-15,2024-06-15T23:15:00Z,R,Regular Season,N,1,Final,F,New York Yankees,147,4,Boston Red Sox,111,8,Justin Slaten,Carlos Rodón,Kenley Jansen,9,Fenway Park,night,2,3,False,,
746135,2024,2024-06-15,2024-06-16T01:10:00Z,R,Regular Season,N,1,Final,F,Kansas City Royals,118,7,Los Angeles Dodgers,119,2,Seth Lugo,Blake Treinen,,9,Dodger Stadium,night,2,3,False,,
746547,2024,2024-06-15,2024-06-16T01:10:00Z,R,Regular Season,N,1,Final,F,Pittsburgh Pirates,134,4,Colorado Rockies,115,16,Ty Blach,Jared Jones,,9,Coors Field,night,2,3,False,,
747187,2024,2024-06-15,2024-06-16T02:10:00Z,R,Regular Season,N,1,Final,F,Chicago White Sox,145,9,Arizona Diamondbacks,109,2,Erick Fedde,Thyago Vieira,,9,Chase Field,night,2,3,False,,
746866,2024,2024-06-16,2024-06-16T17:05:00Z,R,Regular Season,N,1,Final,F,St. Louis Cardinals,138,2,Chicago Cubs,112,1,Miles Mikolas,Jameson Taillon,Ryan Helsley,9,Wrigley Field,day,3,3,False,,
744839,2024,2024-06-16,2024-06-16T17:35:00Z,R,Regular Season,N,1,Final,F,Miami Marlins,146,1,Washington Nationals,120,3,Mitchell Parker,Jesús Luzardo,Kyle Finnegan,9,Nationals Park,day,3,3,False,,
747023,2024,2024-06-16,2024-06-16T17:35:00Z,R,Regular Season,N,1,Final,F,Philadelphia Phillies,143,3,Baltimore Orioles,110,8,Corbin Burnes,Zack Wheeler,Yennier Cano,9,Oriole Park at Camden Yards,day,3,3,False,,
747109,2024,2024-06-16,2024-06-16T17:35:00Z,R,Regular Season,N,1,Final,F,Tampa Bay Rays,139,8,Atlanta Braves,144,6,Jason Adam,Raisel Iglesias,Pete Fairbanks,9,Truist Park,day,3,3,False,,
744926,2024,2024-06-16,2024-06-16T17:37:00Z,R,Regular Season,N,1,Final,F,Cleveland Guardians,114,6,Toronto Blue Jays,141,7,José Berríos,Ben Lively,Nate Pearson,9,Rogers Centre,day,3,3,False,,
745807,2024,2024-06-16,2024-06-16T17:40:00Z,R,Regular Season,N,1,Final,F,San Diego Padres,135,6,New York Mets,121,11,Tylor Megill,Dylan Cease,,9,Citi Field,day,3,3,False,,
745895,2024,2024-06-16,2024-06-16T18:10:00Z,R,Regular Season,S,1,Final,F,Oakland Athletics,133,2,Minnesota Twins,142,6,Bailey Ober,JP Sears,Jhoan Duran,9,Target Field,day,3,4,False,,
745977,2024,2024-06-16,2024-06-16T18:10:00Z,R,Regular Season,N,1,Final,F,Cincinnati Reds,113,4,Milwaukee Brewers,158,5,Colin Rea,Lucas Sims,Trevor Megill,9,American Family Field,day,3,3,False,,
746377,2024,2024-06-16,2024-06-16T18:10:00Z,R,Regular Season,N,1,Final,F,Detroit Tigers,116,1,Houston Astros,117,4,Ronel Blanco,Kenta Maeda,,9,Minute Maid Park,day,3,3,False,,
746546,2024,2024-06-16,2024-06-16T19:10:00Z,R,Regular Season,N,1,Final,F,Pittsburgh Pirates,134,8,Colorado Rockies,115,2,Carmen Mlodzinski,Dakota Hudson,,9,Coors Field,day,3,3,False,,
745321,2024,2024-06-16,2024-06-16T20:05:00Z,R,Regular Season,N,1,Final,F,Los Angeles Angels,108,6,San Francisco Giants,137,13,Spencer Bivens,José Suarez,,9,Oracle Park,day,3,3,False,,
745242,2024,2024-06-16,2024-06-16T20:10:00Z,R,Regular Season,N,1,Final,F,Texas Rangers,140,0,Seattle Mariners,136,5,Logan Gilbert,Dane Dunning,,9,T-Mobile Park,day,3,3,False,,
746130,2024,2024-06-16,2024-06-16T20:10:00Z,R,Regular Season,N,1,Final,F,Kansas City Royals,118,0,Los Angeles Dodgers,119,3,Tyler Glasnow,Brady Singer,Evan Phillips,9,Dodger Stadium,day,3,3,False,,
747189,2024,2024-06-16,2024-06-16T20:10:00Z,R,Regular Season,N,1,Final,F,Chicago White Sox,145,5,Arizona Diamondbacks,109,12,Jordan Montgomery,Drew Thorpe,,9,Chase Field,day,3,3,False,,
746945,2024,2024-06-16,2024-06-16T23:10:00Z,R,Regular Season,N,1,Final,F,New York Yankees,147,3,Boston Red Sox,111,9,Kutter Crawford,Marcus Stroman,,9,Fenway Park,night,3,3,False,,
745891,2024,2024-06-16,2024-06-16T23:40:00Z,R,Regular Season,S,2,Final,F,Oakland Athletics,133,7,Minnesota Twins,142,8,Josh Staumont,Dany Jiménez,Griffin Jax,9,Target Field,night,4,4,False,,
745490,2024,2024-06-17,2024-06-17T22:40:00Z,R,Regular Season,N,1,Final,F,Cincinnati Reds,113,1,Pittsburgh Pirates,134,4,Paul Skenes,Carson Spiers,David Bednar,9,PNC Park,night,1,3,False,,
745567,2024,2024-06-17,2024-06-17T22:40:00Z,R,Regular Season,N,1,Final,F,San Diego Padres,135,2,Philadelphia Phillies,143,9,Cristopher Sánchez,Randy Vásquez,,9,Citizens Bank Park,night,1,3,False,,
746055,2024,2024-06-17,2024-06-17T22:40:00Z,R,Regular Season,N,1,Final,F,St. Louis Cardinals,138,7,Miami Marlins,146,6,Andrew Kittredge,A.J. Puk,,12,loanDepot park,night,1,3,False,,
744918,2024,2024-06-17,2024-06-17T23:07:00Z,R,Regular Season,N,1,Final,F,Boston Red Sox,111,7,Toronto Blue Jays,141,3,Nick Pivetta,Yusei Kikuchi,Kenley Jansen,9,Rogers Centre,night,1,3,False,,
747108,2024,2024-06-17,2024-06-17T23:20:00Z,R,Regular Season,N,1,Final,F,Detroit Tigers,116,1,Atlanta Braves,144,2,Daysbel Hernández,Shelby Miller,Joe Jiménez,9,Truist Park,night,1,3,False,,
745005,2024,2024-06-17,2024-06-18T00:05:00Z,R,Regular Season,N,1,Final,F,New York Mets,121,14,Texas Rangers,140,2,David Peterson,Jon Gray,,9,Globe Life Field,night,1,3,False,,
746868,2024,2024-06-17,2024-06-18T00:05:00Z,R,Regular Season,N,1,Final,F,San Francisco Giants,137,7,Chicago Cubs,112,6,Erik Miller,Héctor Neris,Camilo Doval,9,Wrigley Field,night,1,3,False,,
746543,2024,2024-06-17,2024-06-18T00:40:00Z,R,Regular Season,N,1,Final,F,Los Angeles Dodgers,119,9,Colorado Rockies,115,5,James Paxton,Cal Quantrill,,9,Coors Field,night,1,4,False,,
746215,2024,2024-06-17,2024-06-18T01:38:00Z,R,Regular Season,N,1,Final,F,Milwaukee Brewers,158,3,Los Angeles Angels,108,5,Zach Plesac,Carlos Rodriguez,Carlos Estévez,9,Angel Stadium,night,1,3,False,,
746049,2024,2024-06-18,2024-06-18T22:10:00Z,R,Regular Season,N,1,Final,F,St. Louis Cardinals,138,8,Miami Marlins,146,9,Calvin Faucher,Chris Roycroft,,10,loanDepot park,night,2,3,False,,
745488,2024,2024-06-18,2024-06-18T22:40:00Z,R,Regular Season,N,1,Final,F,Cincinnati Reds,113,2,Pittsburgh Pirates,134,1,Nick Lodolo,Bailey Falter,Alexis Díaz,9,PNC Park,night,2,3,False,,
745563,2024,2024-06-18,2024-06-18T22:40:00Z,R,Regular Season,N,1,Final,F,San Diego Padres,135,3,Philadelphia Phillies,143,4,Jeff Hoffman,Robert Suarez,,9,Citizens Bank Park,night,2,3,False,,
746627,2024,2024-06-18,2024-06-18T22:40:00Z,R,Regular Season,N,1,Final,F,Seattle Mariners,136,8,Cleveland Guardians,114,5,Bryce Miller,Triston McKenzie,Andrés Muñoz,9,Progressive Field,night,1,3,False,,
744843,2024,2024-06-18,2024-06-18T22:45:00Z,R,Regular Season,N,1,Final,F,Arizona Diamondbacks,109,5,Washington Nationals,120,0,Slade Cecconi,Jake Irvin,,9,Nationals Park,night,1,3,False,,
745733,2024,2024-06-18,2024-06-18T23:05:00Z,R,Regular Season,N,1,Final,F,Baltimore Orioles,110,2,New York Yankees,147,4,Nestor Cortes,Albert Suárez,,9,Yankee Stadium,night,1,3,False,,
744917,2024,2024-06-18,2024-06-18T23:07:00Z,R,Regular Season,N,1,Final,F,Boston Red Sox,111,4,Toronto Blue Jays,141,3,Zack Kelly,Brendon Little,Kenley Jansen,9,Rogers Centre,night,2,3,False,,
747107,2024,2024-06-18,2024-06-18T23:20:00Z,R,Regular Season,N,1,Final,F,Detroit Tigers,116,1,Atlanta Braves,144,2,Spencer Schwellenbach,Casey Mize,Raisel Iglesias,9,Truist Park,night,2,3,False,,
745893,2024,2024-06-18,2024-06-18T23:40:00Z,R,Regular Season,N,1,Final,F,Tampa Bay Rays,139,6,Minnesota Twins,142,7,Jhoan Duran,Pete Fairbanks,,9,Target Field,night,1,3,False,,
745004,2024,2024-06-18,2024-06-19T00:05:00Z,R,Regular Season,N,1,Final,F,New York Mets,121,7,Texas Rangers,140,6,Reed Garrett,Kirby Yates,Edwin Díaz,9,Globe Life Field,night,2,3,False,,
746867,2024,2024-06-18,2024-06-19T00:05:00Z,R,Regular Season,N,1,Final,F,San Francisco Giants,137,2,Chicago Cubs,112,5,Tyson Miller,Tyler Rogers,Keegan Thompson,9,Wrigley Field,night,2,3,False,,
746783,2024,2024-06-18,2024-06-19T00:10:00Z,R,Regular Season,N,1,Final,F,Houston Astros,117,0,Chicago White Sox,145,2,Jonathan Cannon,Framber Valdez,John Brebbia,9,Guaranteed Rate Field,night,1,3,False,,
746542,2024,2024-06-18,2024-06-19T00:40:00Z,R,Regular Season,N,1,Final,F,Los Angeles Dodgers,119,11,Colorado Rockies,115,9,Michael Petersen,Victor Vodnik,Evan Phillips,9,Coors Field,night,2,4,False,,
746217,2024,2024-06-18,2024-06-19T01:38:00Z,R,Regular Season,N,1,Final,F,Milwaukee Brewers,158,6,Los Angeles Angels,108,3,Tobias Myers,Griffin Canning,Trevor Megill,9,Angel Stadium,night,2,3,False,,
745650,2024,2024-06-18,2024-06-19T01:40:00Z,R,Regular Season,N,1,Final,F,Kansas City Royals,118,5,Oakland Athletics,133,7,Hogan Harris,Alec Marsh,Mason Miller,9,Oakland Coliseum,night,1,3,False,,
747106,2024,2024-06-19,2024-06-19T16:20:00Z,R,Regular Season,N,1,Final,F,Detroit Tigers,116,0,Atlanta Braves,144,7,Reynaldo López,Tarik Skubal,,9,Truist Park,day,3,3,False,,
745489,2024,2024-06-19,2024-06-19T16:35:00Z,R,Regular Season,N,1,Final,F,Cincinnati Reds,113,0,Pittsburgh Pirates,134,1,Colin Holderman,Nick Martinez,David Bednar,9,PNC Park,day,3,3,False,,
746050,2024,2024-06-19,2024-06-19T16:40:00Z,R,Regular Season,N,1,Final,F,St. Louis Cardinals,138,3,Miami Marlins,146,4,Tanner Scott,Ryan Fernandez,,9,loanDepot park,day,3,3,False,,
745561,2024,2024-06-19,2024-06-19T17:05:00Z,R,Regular Season,N,1,Final,F,San Diego Padres,135,5,Philadelphia Phillies,143,2,Matt Waldron,Orion Kerkering,Robert Suarez,9,Citizens Bank Park,day,3,3,False,,
746864,2024,2024-06-19,2024-06-19T18:20:00Z,R,Regular Season,N,1,Final,F,San Francisco Giants,137,5,Chicago Cubs,112,6,Kyle Hendricks,Spencer Bivens,Colten Brewer,9,Wrigley Field,day,3,3,False,,
744842,2024,2024-06-19,2024-06-19T20:05:00Z,R,Regular Season,N,1,Final,F,Arizona Diamondbacks,109,1,Washington Nationals,120,3,Derek Law,Brandon Pfaadt,Kyle Finnegan,9,Nationals Park,day,2,3,False,,
746625,2024,2024-06-19,2024-06-19T22:40:00Z,R,Regular Season,N,1,Final,F,Seattle Mariners,136,0,Cleveland Guardians,114,8,Tanner Bibee,Bryan Woo,,9,Progressive Field,night,2,3,False,,
745732,2024,2024-06-19,2024-06-19T23:05:00Z,R,Regular Season,N,1,Final,F,Baltimore Orioles,110,7,New York Yankees,147,6,Craig Kimbrel,Clay Holmes,Dillon Tate,10,Yankee Stadium,night,2,3,False,,
744920,2024,2024-06-19,2024-06-19T23:07:00Z,R,Regular Season,N,1,Final,F,Boston Red Sox,111,7,Toronto Blue Jays,141,3,Brayan Bello,Kevin Gausman,,9,Rogers Centre,night,3,3,False,,
745887,2024,2024-06-19,2024-06-19T23:40:00Z,R,Regular Season,N,1,Final,F,Tampa Bay Rays,139,3,Minnesota Twins,142,2,Jason Adam,Jorge Alcala,Phil Maton,10,Target Field,night,2,3,False,,
745002,2024,2024-06-19,2024-06-20T00:05:00Z,R,Regular Season,N,1,Final,F,New York Mets,121,3,Texas Rangers,140,5,José Ureña,Drew Smith,Kirby Yates,9,Globe Life Field,night,3,3,False,,
746781,2024,2024-06-19,2024-06-20T00:10:00Z,R,Regular Season,N,1,Final,F,Houston Astros,117,4,Chicago White Sox,145,1,Hunter Brown,Garrett Crochet,Josh Hader,9,Guaranteed Rate Field,night,2,3,False,,
746538,2024,2024-06-19,2024-06-20T00:40:00Z,R,Regular Season,N,1,Final,F,Los Angeles Dodgers,119,6,Colorado Rockies,115,7,Jalen Beeks,Yohan Ramírez,,9,Coors Field,night,3,4,False,,
746219,2024,2024-06-19,2024-06-20T01:38:00Z,R,Regular Season,N,1,Final,F,Milwaukee Brewers,158,2,Los Angeles Angels,108,0,Freddy Peralta,Tyler Anderson,Trevor Megill,9,Angel Stadium,night,3,3,False,,
745646,2024,2024-06-19,2024-06-20T01:40:00Z,R,Regular Season,N,1,Final,F,Kansas City Royals,118,1,Oakland Athletics,133,5,Luis Medina,Cole Ragans,,9,Oakland Coliseum,night,2,3,False,,
744841,2024,2024-06-20,2024-06-20T17:05:00Z,R,Regular Season,N,1,Final,F,Arizona Diamondbacks,109,5,Washington Nationals,120,2,Ryne Nelson,MacKenzie Gore,Paul Sewald,9,Nationals Park,day,3,3,False,,
745889,2024,2024-06-20,2024-06-20T17:10:00Z,R,Regular Season,N,1,Final,F,Tampa Bay Rays,139,7,Minnesota Twins,142,6,Pete Fairbanks,Griffin Jax,,10,Target Field,day,3,3,False,,
746626,2024,2024-06-20,2024-06-20T17:10:00Z,R,Regular Season,N,1,Final,F,Seattle Mariners,136,3,Cleveland Guardians,114,6,Logan Allen,Luis Castillo,Emmanuel Clase,9,Progressive Field,day,3,3,False,,
746782,2024,2024-06-20,2024-06-20T18:10:00Z,R,Regular Season,N,1,Final,F,Houston Astros,117,5,Chicago White Sox,145,3,Tayler Scott,Steven Wilson,Josh Hader,9,Guaranteed Rate Field,day,3,3,False,,
746539,2024,2024-06-20,2024-06-20T19:10:00Z,R,Regular Season,N,1,Final,F,Los Angeles Dodgers,119,5,Colorado Rockies,115,3,Gavin Stone,Ty Blach,Evan Phillips,9,Coors Field,day,4,4,False,,
745645,2024,2024-06-20,2024-06-20T19:37:00Z,R,Regular Season,N,1,Final,F,Kansas City Royals,118,3,Oakland Athletics,133,2,James McArthur,Vinny Nittoli,Chris Stratton,9,Oakland Coliseum,day,3,3,False,,
745734,2024,2024-06-20,2024-06-20T20:05:00Z,R,Regular Season,N,1,Final,F,Baltimore Orioles,110,17,New York Yankees,147,5,Bryan Baker,Luis Gil,,9,Yankee Stadium,day,3,3,False,,
745164,2024,2024-06-20,2024-06-20T23:15:00Z,R,Regular Season,N,1,Final,F,San Francisco Giants,137,5,St. Louis Cardinals,138,6,Andre Pallante,Keaton Winn,Ryan Helsley,9,Rickwood Field,night,1,3,False,,
745401,2024,2024-06-20,2024-06-21T01:40:00Z,R,Regular Season,N,1,Final,F,Milwaukee Brewers,158,6,San Diego Padres,135,7,Jeremiah Estrada,Joel Payamps,,9,Petco Park,night,1,4,False,,
746861,2024,2024-06-21,2024-06-21T18:20:00Z,R,Regular Season,N,1,Final,F,New York Mets,121,11,Chicago Cubs,112,1,Jose Quintana,Shota Imanaga,,9,Wrigley Field,day,1,3,False,,
745483,2024,2024-06-21,2024-06-21T22:40:00Z,R,Regular Season,N,1,Final,F,Tampa Bay Rays,139,10,Pittsburgh Pirates,134,3,Colin Poche,Carmen Mlodzinski,,9,PNC Park,night,1,3,False,,
745562,2024,2024-06-21,2024-06-21T22:40:00Z,R,Regular Season,N,1,Final,F,Arizona Diamondbacks,109,5,Philadelphia Phillies,143,4,Jordan Montgomery,Taijuan Walker,Paul Sewald,9,Citizens Bank Park,night,1,3,False,,
746460,2024,2024-06-21,2024-06-21T22:40:00Z,R,Regular Season,N,1,Final,F,Chicago White Sox,145,1,Detroit Tigers,116,2,Jack Flaherty,Erick Fedde,Jason Foley,9,Comerica Park,night,1,3,False,,
745729,2024,2024-06-21,2024-06-21T23:05:00Z,R,Regular Season,N,1,Final,F,Atlanta Braves,144,8,New York Yankees,147,1,Chris Sale,Carlos Rodón,,9,Yankee Stadium,night,1,3,False,,
746052,2024,2024-06-21,2024-06-21T23:10:00Z,R,Regular Season,N,1,Final,F,Seattle Mariners,136,2,Miami Marlins,146,3,Anthony Bender,Austin Voth,,10,loanDepot park,night,1,3,False,,
746624,2024,2024-06-21,2024-06-21T23:10:00Z,R,Regular Season,N,1,Final,F,Toronto Blue Jays,141,1,Cleveland Guardians,114,7,Carlos Carrasco,Yariel Rodríguez,,9,Progressive Field,night,1,3,False,,
746698,2024,2024-06-21,2024-06-21T23:10:00Z,R,Regular Season,N,1,Final,F,Boston Red Sox,111,2,Cincinnati Reds,113,5,Andrew Abbott,Kutter Crawford,Alexis Díaz,9,Great American Ball Park,night,1,3,False,,
745006,2024,2024-06-21,2024-06-22T00:05:00Z,R,Regular Season,N,1,Final,F,Kansas City Royals,118,2,Texas Rangers,140,6,Nathan Eovaldi,John Schreiber,,9,Globe Life Field,night,1,3,False,,
746375,2024,2024-06-21,2024-06-22T00:10:00Z,R,Regular Season,N,1,Final,F,Baltimore Orioles,110,11,Houston Astros,117,14,Shawn Dubin,Grayson Rodriguez,Bryan Abreu,9,Minute Maid Park,night,1,3,False,,
746540,2024,2024-06-21,2024-06-22T00:40:00Z,R,Regular Season,N,1,Final,F,Washington Nationals,120,11,Colorado Rockies,115,5,Dylan Floro,Dakota Hudson,,9,Coors Field,night,1,3,False,,
745403,2024,2024-06-21,2024-06-22T01:40:00Z,R,Regular Season,N,1,Final,F,Milwaukee Brewers,158,5,San Diego Padres,135,9,Stephen Kolek,Hoby Milner,Enyel De Los Santos,9,Petco Park,night,2,4,False,,
745649,2024,2024-06-21,2024-06-22T01:40:00Z,R,Regular Season,N,1,Final,F,Minnesota Twins,142,5,Oakland Athletics,133,6,Sean Newcomb,Jhoan Duran,Mason Miller,9,Oakland Coliseum,night,1,3,False,,
746131,2024,2024-06-21,2024-06-22T02:10:00Z,R,Regular Season,N,1,Final,F,Los Angeles Angels,108,3,Los Angeles Dodgers,119,2,Luis García,Anthony Banda,Carlos Estévez,10,Dodger Stadium,night,1,2,False,,
746459,2024,2024-06-22,2024-06-22T17:10:00Z,R,Regular Season,N,1,Final,F,Chicago White Sox,145,5,Detroit Tigers,116,1,Drew Thorpe,Kenta Maeda,,9,Comerica Park,day,2,3,False,,
745163,2024,2024-06-22,2024-06-22T18:15:00Z,R,Regular Season,N,1,Final,F,San Francisco Giants,137,4,St. Louis Cardinals,138,9,Miles Mikolas,Jordan Hicks,,9,Busch Stadium,day,2,3,False,,
746863,2024,2024-06-22,2024-06-22T18:20:00Z,R,Regular Season,N,1,Final,F,New York Mets,121,1,Chicago Cubs,112,8,Jameson Taillon,Tylor Megill,,9,Wrigley Field,day,2,3,False,,
744997,2024,2024-06-22,2024-06-22T20:05:00Z,R,Regular Season,N,1,Final,F,Kansas City Royals,118,0,Texas Rangers,140,6,Jon Gray,Michael Wacha,,9,Globe Life Field,day,2,3,False,,
745486,2024,2024-06-22,2024-06-22T20:05:00Z,R,Regular Season,N,1,Final,F,Tampa Bay Rays,139,3,Pittsburgh Pirates,134,4,Jared Jones,Zach Eflin,Aroldis Chapman,9,PNC Park,day,2,3,False,,
745564,2024,2024-06-22,2024-06-22T20:05:00Z,R,Regular Season,N,1,Final,F,Arizona Diamondbacks,109,1,Philadelphia Phillies,143,12,Zack Wheeler,Tommy Henry,,9,Citizens Bank Park,day,2,3,False,,
745644,2024,2024-06-22,2024-06-22T20:07:00Z,R,Regular Season,N,1,Final,F,Minnesota Twins,142,10,Oakland Athletics,133,2,Bailey Ober,JP Sears,,9,Oakland Coliseum,day,2,3,False,,
746048,2024,2024-06-22,2024-06-22T20:10:00Z,R,Regular Season,N,1,Final,F,Seattle Mariners,136,9,Miami Marlins,146,0,Logan Gilbert,Shaun Anderson,,9,loanDepot park,day,2,3,False,,
746376,2024,2024-06-22,2024-06-22T20:10:00Z,R,Regular Season,N,1,Final,F,Baltimore Orioles,110,1,Houston Astros,117,5,Ronel Blanco,Corbin Burnes,,9,Minute Maid Park,day,2,3,False,,
746622,2024,2024-06-22,2024-06-22T20:10:00Z,R,Regular Season,N,1,Final,F,Toronto Blue Jays,141,3,Cleveland Guardians,114,6,Ben Lively,José Berríos,Emmanuel Clase,9,Progressive Field,day,2,3,False,,
746700,2024,2024-06-22,2024-06-22T20:10:00Z,R,Regular Season,N,1,Final,F,Boston Red Sox,111,4,Cincinnati Reds,113,3,Zack Kelly,Justin Wilson,Kenley Jansen,9,Great American Ball Park,day,2,3,False,,
745402,2024,2024-06-22,2024-06-22T23:15:00Z,R,Regular Season,N,1,Final,F,Milwaukee Brewers,158,4,San Diego Padres,135,6,Randy Vásquez,Carlos Rodriguez,Robert Suarez,9,Petco Park,day,3,4,False,,
745731,2024,2024-06-22,2024-06-22T23:15:00Z,R,Regular Season,N,1,Final,F,Atlanta Braves,144,3,New York Yankees,147,8,Marcus Stroman,Charlie Morton,,9,Yankee Stadium,night,2,3,False,,
746541,2024,2024-06-22,2024-06-23T01:10:00Z,R,Regular Season,N,1,Final,F,Washington Nationals,120,7,Colorado Rockies,115,8,Jalen Beeks,Kyle Finnegan,,9,Coors Field,night,2,3,False,,
746132,2024,2024-06-22,2024-06-23T02:10:00Z,R,Regular Season,N,1,Final,F,Los Angeles Angels,108,2,Los Angeles Dodgers,119,7,Tyler Glasnow,Zach Plesac,,9,Dodger Stadium,night,2,2,False,,
745566,2024,2024-06-23,2024-06-23T15:35:00Z,R,Regular Season,N,1,Final,F,Arizona Diamondbacks,109,1,Philadelphia Phillies,143,4,Cristopher Sánchez,Slade Cecconi,,9,Citizens Bank Park,day,3,3,False,,
745485,2024,2024-06-23,2024-06-23T17:35:00Z,R,Regular Season,N,1,Final,F,Tampa Bay Rays,139,3,Pittsburgh Pirates,134,1,Kevin Kelly,Colin Holderman,Pete Fairbanks,9,PNC Park,day,3,3,False,,
745727,2024,2024-06-23,2024-06-23T17:35:00Z,R,Regular Season,N,1,Final,F,Atlanta Braves,144,3,New York Yankees,147,1,Max Fried,Nestor Cortes,Raisel Iglesias,9,Yankee Stadium,day,3,3,False,,
746051,2024,2024-06-23,2024-06-23T17:40:00Z,R,Regular Season,N,1,Final,F,Seattle Mariners,136,4,Miami Marlins,146,6,A.J. Puk,Bryce Miller,Tanner Scott,9,loanDepot park,day,3,3,False,,
746457,2024,2024-06-23,2024-06-23T17:40:00Z,R,Regular Season,N,1,Final,F,Chicago White Sox,145,2,Detroit Tigers,116,11,Reese Olson,Jonathan Cannon,,9,Comerica Park,day,3,3,False,,
746621,2024,2024-06-23,2024-06-23T17:40:00Z,R,Regular Season,N,1,Final,F,Toronto Blue Jays,141,5,Cleveland Guardians,114,6,Tim Herrin,Yusei Kikuchi,Emmanuel Clase,9,Progressive Field,day,3,3,False,,
746699,2024,2024-06-23,2024-06-23T17:40:00Z,R,Regular Season,N,1,Final,F,Boston Red Sox,111,7,Cincinnati Reds,113,4,Brennan Bernardino,Nick Lodolo,Kenley Jansen,9,Great American Ball Park,day,3,3,False,,
746373,2024,2024-06-23,2024-06-23T18:10:00Z,R,Regular Season,N,1,Final,F,Baltimore Orioles,110,1,Houston Astros,117,8,Framber Valdez,Albert Suárez,,9,Minute Maid Park,day,3,3,False,,
745165,2024,2024-06-23,2024-06-23T18:15:00Z,R,Regular Season,N,1,Final,F,San Francisco Giants,137,3,St. Louis Cardinals,138,5,Sonny Gray,Logan Webb,Ryan Helsley,9,Busch Stadium,day,3,3,False,,
745000,2024,2024-06-23,2024-06-23T18:35:00Z,R,Regular Season,N,1,Final,F,Kansas City Royals,118,0,Texas Rangers,140,4,Max Scherzer,Alec Marsh,José Ureña,9,Globe Life Field,day,3,3,False,,
746536,2024,2024-06-23,2024-06-23T19:10:00Z,R,Regular Season,N,1,Final,F,Washington Nationals,120,2,Colorado Rockies,115,1,Dylan Floro,Jalen Beeks,Kyle Finnegan,9,Coors Field,day,3,3,False,,
745648,2024,2024-06-23,2024-06-23T20:07:00Z,R,Regular Season,N,1,Final,F,Minnesota Twins,142,3,Oakland Athletics,133,0,Pablo López,Hogan Harris,Griffin Jax,9,Oakland Coliseum,day,3,3,False,,
745396,2024,2024-06-23,2024-06-23T20:10:00Z,R,Regular Season,N,1,Final,F,Milwaukee Brewers,158,6,San Diego Padres,135,2,Tobias Myers,Michael King,,9,Petco Park,day,4,4,False,,
746862,2024,2024-06-23,2024-06-23T23:10:00Z,R,Regular Season,N,1,Final,F,New York Mets,121,5,Chicago Cubs,112,2,Luis Severino,Javier Assad,Jake Diekman,9,Wrigley Field,night,3,3,False,,
747021,2024,2024-06-24,2024-06-24T22:35:00Z,R,Regular Season,N,1,Final,F,Cleveland Guardians,114,3,Baltimore Orioles,110,2,Tanner Bibee,Cade Povich,Scott Barlow,9,Oriole Park at Camden Yards,night,1,3,False,,
746458,2024,2024-06-24,2024-06-24T22:40:00Z,R,Regular Season,N,1,Final,F,Philadelphia Phillies,143,8,Detroit Tigers,116,1,Aaron Nola,Casey Mize,,9,Comerica Park,night,1,3,False,,
745078,2024,2024-06-24,2024-06-24T22:50:00Z,R,Regular Season,N,1,Final,F,Seattle Mariners,136,3,Tampa Bay Rays,139,4,Phil Maton,Austin Voth,Pete Fairbanks,9,Tropicana Field,night,1,3,False,,
746696,2024,2024-06-24,2024-06-24T23:10:00Z,R,Regular Season,N,1,Final,F,Pittsburgh Pirates,134,5,Cincinnati Reds,113,11,Carson Spiers,Bailey Falter,,9,Great American Ball Park,night,1,3,False,,
746941,2024,2024-06-24,2024-06-24T23:10:00Z,R,Regular Season,N,1,Final,F,Toronto Blue Jays,141,6,Boston Red Sox,111,7,Kenley Jansen,Zach Pop,,9,Fenway Park,night,1,3,False,,
745160,2024,2024-06-24,2024-06-24T23:45:00Z,R,Regular Season,N,1,Final,F,Atlanta Braves,144,3,St. Louis Cardinals,138,4,Lance Lynn,Spencer Schwellenbach,Ryan Helsley,9,Busch Stadium,night,1,3,False,,
745974,2024,2024-06-24,2024-06-25T00:10:00Z,R,Regular Season,N,1,Final,F,Texas Rangers,140,3,Milwaukee Brewers,158,6,Elvis Peguero,Jacob Latz,Trevor Megill,9,American Family Field,night,1,3,False,,
746298,2024,2024-06-24,2024-06-25T00:10:00Z,R,Regular Season,N,1,Final,F,Miami Marlins,146,1,Kansas City Royals,118,4,Cole Ragans,Roddery Muñoz,James McArthur,9,Kauffman Stadium,night,1,3,False,,
746780,2024,2024-06-24,2024-06-25T00:10:00Z,R,Regular Season,N,1,Final,F,Los Angeles Dodgers,119,3,Chicago White Sox,145,0,Daniel Hudson,Steven Wilson,Alex Vesia,9,Guaranteed Rate Field,night,1,3,False,,
746218,2024,2024-06-24,2024-06-25T01:38:00Z,R,Regular Season,N,1,Final,F,Oakland Athletics,133,1,Los Angeles Angels,108,5,Griffin Canning,Luis Medina,,9,Angel Stadium,night,1,3,False,,
745397,2024,2024-06-24,2024-06-25T01:40:00Z,R,Regular Season,N,1,Final,F,Washington Nationals,120,6,San Diego Padres,135,7,Wandy Peralta,Hunter Harvey,,10,Petco Park,night,1,3,False,,
745323,2024,2024-06-24,2024-06-25T01:45:00Z,R,Regular Season,N,1,Final,F,Chicago Cubs,112,4,San Francisco Giants,137,5,Spencer Howard,Drew Smyly,,9,Oracle Park,night,1,4,False,,
747022,2024,2024-06-25,2024-06-25T22:35:00Z,R,Regular Season,N,1,Final,F,Cleveland Guardians,114,10,Baltimore Orioles,110,8,Pedro Avila,Cole Irvin,Emmanuel Clase,9,Oriole Park at Camden Yards,night,2,3,False,,
746454,2024,2024-06-25,2024-06-25T22:40:00Z,R,Regular Season,N,1,Final,F,Philadelphia Phillies,143,1,Detroit Tigers,116,4,Tarik Skubal,Ranger Suarez,,9,Comerica Park,night,2,3,False,,
745076,2024,2024-06-25,2024-06-25T22:50:00Z,R,Regular Season,N,1,Final,F,Seattle Mariners,136,3,Tampa Bay Rays,139,11,Garrett Cleavinger,Luis Castillo,,9,Tropicana Field,night,2,3,False,,
745806,2024,2024-06-25,2024-06-25T23:10:00Z,R,Regular Season,N,1,Final,F,New York Yankees,147,7,New York Mets,121,9,Dedniel Núñez,Gerrit Cole,,9,Citi Field,night,1,2,False,,
746697,2024,2024-06-25,2024-06-25T23:10:00Z,R,Regular Season,N,1,Final,F,Pittsburgh Pirates,134,9,Cincinnati Reds,113,5,Mitch Keller,Hunter Greene,,9,Great American Ball Park,night,2,3,False,,
746943,2024,2024-06-25,2024-06-25T23:10:00Z,R,Regular Season,N,1,Final,F,Toronto Blue Jays,141,9,Boston Red Sox,111,4,Kevin Gausman,Brayan Bello,,9,Fenway Park,night,2,3,False,,
745973,2024,2024-06-25,2024-06-26T00:10:00Z,R,Regular Season,N,1,Final,F,Texas Rangers,140,1,Milwaukee Brewers,158,3,Bryse Wilson,Andrew Heaney,Elvis Peguero,9,American Family Field,night,2,3,False,,
746293,2024,2024-06-25,2024-06-26T00:10:00Z,R,Regular Season,N,1,Final,F,Miami Marlins,146,2,Kansas City Royals,118,1,A.J. Puk,Carlos Hernández,Tanner Scott,9,Kauffman Stadium,night,2,3,False,,
746372,2024,2024-06-25,2024-06-26T00:10:00Z,R,Regular Season,N,1,Final,F,Colorado Rockies,115,2,Houston Astros,117,5,Hunter Brown,Austin Gomber,,9,Minute Maid Park,night,1,2,False,,
746775,2024,2024-06-25,2024-06-26T00:10:00Z,R,Regular Season,N,1,Final,F,Los Angeles Dodgers,119,4,Chicago White Sox,145,3,Michael Petersen,Chris Flexen,Evan Phillips,9,Guaranteed Rate Field,night,2,3,False,,
746213,2024,2024-06-25,2024-06-26T01:38:00Z,R,Regular Season,N,1,Final,F,Oakland Athletics,133,5,Los Angeles Angels,108,7,Tyler Anderson,Mitch Spence,Carlos Estévez,9,Angel Stadium,night,2,3,False,,
745399,2024,2024-06-25,2024-06-26T01:40:00Z,R,Regular Season,N,1,Final,F,Washington Nationals,120,7,San Diego Padres,135,9,Adam Mazur,MacKenzie Gore,Robert Suarez,9,Petco Park,night,2,3,False,,
747188,2024,2024-06-25,2024-06-26T01:40:00Z,R,Regular Season,N,1,Final,F,Minnesota Twins,142,4,Arizona Diamondbacks,109,5,Kevin Ginkel,Jorge Alcala,Paul Sewald,9,Chase Field,night,1,3,False,,
745322,2024,2024-06-25,2024-06-26T01:45:00Z,R,Regular Season,N,1,Final,F,Chicago Cubs,112,1,San Francisco Giants,137,5,Tyler Rogers,Kyle Hendricks,,9,Oracle Park,night,2,4,False,,
745073,2024,2024-06-26,2024-06-26T16:10:00Z,R,Regular Season,N,1,Final,F,Seattle Mariners,136,5,Tampa Bay Rays,139,2,George Kirby,Shawn Armstrong,Trent Thornton,9,Tropicana Field,day,3,3,False,,
746456,2024,2024-06-26,2024-06-26T17:10:00Z,R,Regular Season,N,1,Final,F,Philadelphia Phillies,143,6,Detroit Tigers,116,2,José Ruiz,Keider Montero,,9,Comerica Park,day,3,3,False,,
746695,2024,2024-06-26,2024-06-26T17:10:00Z,R,Regular Season,N,1,Final,F,Pittsburgh Pirates,134,6,Cincinnati Reds,113,1,Luis Ortiz,Graham Ashcraft,,9,Great American Ball Park,day,3,3,False,,
745157,2024,2024-06-26,2024-06-26T17:45:00Z,R,Regular Season,S,1,Final,F,Atlanta Braves,144,6,St. Louis Cardinals,138,2,Reynaldo López,Kyle Gibson,,9,Busch Stadium,day,2,3,False,,
745975,2024,2024-06-26,2024-06-26T18:10:00Z,R,Regular Season,N,1,Final,F,Texas Rangers,140,5,Milwaukee Brewers,158,6,Jared Koenig,Jacob Latz,,10,American Family Field,day,3,3,False,,
746291,2024,2024-06-26,2024-06-26T18:10:00Z,R,Regular Season,N,1,Final,F,Miami Marlins,146,1,Kansas City Royals,118,5,Angel Zerpa,Huascar Brazobán,,9,Kauffman Stadium,day,3,3,False,,
746374,2024,2024-06-26,2024-06-26T18:10:00Z,R,Regular Season,N,1,Final,F,Colorado Rockies,115,1,Houston Astros,117,7,Spencer Arrighetti,Ryan Feltner,,9,Minute Maid Park,day,2,2,False,,
746212,2024,2024-06-26,2024-06-26T20:07:00Z,R,Regular Season,N,1,Final,F,Oakland Athletics,133,2,Los Angeles Angels,108,5,Matt Moore,Joey Estes,,9,Angel Stadium,day,3,3,False,,
745400,2024,2024-06-26,2024-06-26T20:10:00Z,R,Regular Season,N,1,Final,F,Washington Nationals,120,5,San Diego Padres,135,8,Dylan Cease,DJ Herz,,9,Petco Park,day,3,3,False,,
747019,2024,2024-06-26,2024-06-26T22:35:00Z,R,Regular Season,N,1,Final,F,Cleveland Guardians,114,2,Baltimore Orioles,110,4,Grayson Rodriguez,Xzavion Curry,Craig Kimbrel,9,Oriole Park at Camden Yards,night,3,3,False,,
745808,2024,2024-06-26,2024-06-26T23:10:00Z,R,Regular Season,N,1,Final,F,New York Yankees,147,2,New York Mets,121,12,Sean Manaea,Luis Gil,Adrian Houser,9,Citi Field,night,2,2,False,,
745158,2024,2024-06-26,2024-06-26T23:15:00Z,R,Regular Season,S,2,Final,F,Atlanta Braves,144,1,St. Louis Cardinals,138,4,Matthew Liberatore,Bryce Elder,Ryan Helsley,9,Busch Stadium,night,3,3,False,,
746777,2024,2024-06-26,2024-06-27T00:10:00Z,R,Regular Season,N,1,Final,F,Los Angeles Dodgers,119,4,Chicago White Sox,145,0,Gavin Stone,Erick Fedde,,9,Guaranteed Rate Field,night,3,3,False,,
747184,2024,2024-06-26,2024-06-27T01:40:00Z,R,Regular Season,N,1,Final,F,Minnesota Twins,142,8,Arizona Diamondbacks,109,3,Simeon Woods Richardson,Ryne Nelson,,9,Chase Field,night,2,3,False,,
745325,2024,2024-06-26,2024-06-27T01:45:00Z,R,Regular Season,N,1,Final,F,Chicago Cubs,112,3,San Francisco Giants,137,4,Luke Jackson,Drew Smyly,Camilo Doval,9,Oracle Park,night,3,4,False,,
747185,2024,2024-06-27,2024-06-27T19:40:00Z,R,Regular Season,N,1,Final,F,Minnesota Twins,142,13,Arizona Diamondbacks,109,6,David Festa,Jordan Montgomery,,9,Chase Field,day,3,3,False,,
745324,2024,2024-06-27,2024-06-27T19:45:00Z,R,Regular Season,N,1,Final,F,Chicago Cubs,112,5,San Francisco Giants,137,3,Héctor Neris,Luke Jackson,Porter Hodge,10,Oracle Park,day,4,4,False,,
746816,2024,2024-06-27,2024-06-27T20:10:00Z,R,Regular Season,N,1,Final,F,Atlanta Braves,144,0,Chicago White Sox,145,1,Jared Shuster,Chris Sale,Michael Kopech,9,Guaranteed Rate Field,day,1,1,False,,
745565,2024,2024-06-27,2024-06-27T22:20:00Z,R,Regular Season,N,1,Final,F,Miami Marlins,146,7,Philadelphia Phillies,143,4,Anthony Bender,Jeff Hoffman,Tanner Scott,9,Citizens Bank Park,night,1,4,False,,
747020,2024,2024-06-27,2024-06-27T22:35:00Z,R,Regular Season,N,1,Final,F,Texas Rangers,140,2,Baltimore Orioles,110,11,Corbin Burnes,Jon Gray,,9,Oriole Park at Camden Yards,night,1,4,False,,
744919,2024,2024-06-27,2024-06-27T23:07:00Z,R,Regular Season,N,1,Final,F,New York Yankees,147,2,Toronto Blue Jays,141,9,José Berríos,Carlos Rodón,,9,Rogers Centre,night,1,4,False,,
745162,2024,2024-06-27,2024-06-27T23:45:00Z,R,Regular Season,N,1,Final,F,Cincinnati Reds,113,11,St. Louis Cardinals,138,4,Andrew Abbott,Miles Mikolas,,9,Busch Stadium,night,1,4,False,,
746288,2024,2024-06-27,2024-06-28T00:10:00Z,R,Regular Season,N,1,Final,F,Cleveland Guardians,114,1,Kansas City Royals,118,2,Sam Long,Ben Lively,James McArthur,9,Kauffman Stadium,night,1,4,False,,
746210,2024,2024-06-27,2024-06-28T01:38:00Z,R,Regular Season,N,1,Final,F,Detroit Tigers,116,0,Los Angeles Angels,108,5,Davis Daniel,Jack Flaherty,,9,Angel Stadium,night,1,4,False,,
745560,2024,2024-06-28,2024-06-28T22:20:00Z,R,Regular Season,N,1,Final,F,Miami Marlins,146,0,Philadelphia Phillies,143,2,Cristopher Sánchez,Kyle Tyler,,9,Citizens Bank Park,night,2,4,False,,
745070,2024,2024-06-28,2024-06-28T22:50:00Z,R,Regular Season,N,1,Final,F,Washington Nationals,120,1,Tampa Bay Rays,139,3,Zach Eflin,Mitchell Parker,Pete Fairbanks,9,Tropicana Field,night,1,3,False,,
747017,2024,2024-06-28,2024-06-28T23:05:00Z,R,Regular Season,N,1,Final,F,Texas Rangers,140,1,Baltimore Orioles,110,2,Albert Suárez,Max Scherzer,Craig Kimbrel,9,Oriole Park at Camden Yards,night,2,4,False,,
744922,2024,2024-06-28,2024-06-28T23:07:00Z,R,Regular Season,N,1,Final,F,New York Yankees,147,16,Toronto Blue Jays,141,5,Michael Tonkin,Yusei Kikuchi,,9,Rogers Centre,night,2,4,False,,
745804,2024,2024-06-28,2024-06-28T23:10:00Z,R,Regular Season,N,1,Final,F,Houston Astros,117,2,New York Mets,121,7,Dedniel Núñez,Ronel Blanco,,9,Citi Field,night,1,3,False,,
746776,2024,2024-06-28,2024-06-28T23:10:00Z,R,Regular Season,N,1,Final,F,Colorado Rockies,115,3,Chicago White Sox,145,5,Drew Thorpe,Dakota Hudson,Michael Kopech,9,Guaranteed Rate Field,night,1,3,False,,
746939,2024,2024-06-28,2024-06-28T23:10:00Z,R,Regular Season,N,1,Final,F,San Diego Padres,135,9,Boston Red Sox,111,2,Stephen Kolek,Nick Pivetta,,9,Fenway Park,night,1,3,False,,
747105,2024,2024-06-28,2024-06-28T23:20:00Z,R,Regular Season,N,1,Final,F,Pittsburgh Pirates,134,1,Atlanta Braves,144,6,Charlie Morton,Martín Pérez,,9,Truist Park,night,1,3,False,,
745970,2024,2024-06-28,2024-06-29T00:10:00Z,R,Regular Season,N,1,Final,F,Chicago Cubs,112,2,Milwaukee Brewers,158,4,Colin Rea,Jameson Taillon,Trevor Megill,9,American Family Field,night,1,3,False,,
746292,2024,2024-06-28,2024-06-29T00:10:00Z,R,Regular Season,N,1,Final,F,Cleveland Guardians,114,3,Kansas City Royals,118,10,Alec Marsh,Triston McKenzie,,9,Kauffman Stadium,night,2,4,False,,
745161,2024,2024-06-28,2024-06-29T00:15:00Z,R,Regular Season,N,1,Final,F,Cincinnati Reds,113,0,St. Louis Cardinals,138,1,Andre Pallante,Frankie Montas,Ryan Helsley,9,Busch Stadium,night,2,4,False,,
746214,2024,2024-06-28,2024-06-29T01:38:00Z,R,Regular Season,N,1,Final,F,Detroit Tigers,116,2,Los Angeles Angels,108,5,Luis García,Shelby Miller,Carlos Estévez,9,Angel Stadium,night,2,4,False,,
745238,2024,2024-06-28,2024-06-29T01:40:00Z,R,Regular Season,N,1,Final,F,Minnesota Twins,142,2,Seattle Mariners,136,3,Ryne Stanek,Cole Sands,,10,T-Mobile Park,night,1,3,False,,
747183,2024,2024-06-28,2024-06-29T01:40:00Z,R,Regular Season,N,1,Final,F,Oakland Athletics,133,9,Arizona Diamondbacks,109,4,Scott Alexander,Ryan Thompson,,9,Chase Field,night,1,3,False,,
745319,2024,2024-06-28,2024-06-29T02:15:00Z,R,Regular Season,N,1,Final,F,Los Angeles Dodgers,119,3,San Francisco Giants,137,5,Camilo Doval,Blake Treinen,,9,Oracle Park,night,1,3,False,,
746778,2024,2024-06-29,2024-06-29T18:10:00Z,R,Regular Season,N,1,Final,F,Colorado Rockies,115,3,Chicago White Sox,145,11,Tanner Banks,Cal Quantrill,,9,Guaranteed Rate Field,day,2,3,False,,
745159,2024,2024-06-29,2024-06-29T18:15:00Z,R,Regular Season,N,1,Final,F,Cincinnati Reds,113,9,St. Louis Cardinals,138,4,Carson Spiers,Sonny Gray,,9,Busch Stadium,day,3,4,False,,
744921,2024,2024-06-29,2024-06-29T19:07:00Z,R,Regular Season,N,1,Final,F,New York Yankees,147,3,Toronto Blue Jays,141,9,Chris Bassitt,Nestor Cortes,,9,Rogers Centre,day,3,4,False,,
745559,2024,2024-06-29,2024-06-29T20:05:00Z,R,Regular Season,N,1,Final,F,Miami Marlins,146,3,Philadelphia Phillies,143,2,Andrew Nardi,Aaron Nola,Tanner Scott,9,Citizens Bank Park,day,3,4,False,,
745071,2024,2024-06-29,2024-06-29T20:10:00Z,R,Regular Season,N,1,Final,F,Washington Nationals,120,8,Tampa Bay Rays,139,1,Jake Irvin,Aaron Civale,,9,Tropicana Field,day,2,3,False,,
745801,2024,2024-06-29,2024-06-29T20:10:00Z,R,Regular Season,N,1,Final,F,Houston Astros,117,9,New York Mets,121,6,Seth Martinez,Reed Garrett,Josh Hader,9,Citi Field,day,2,3,False,,
745972,2024,2024-06-29,2024-06-29T20:10:00Z,R,Regular Season,N,1,Final,F,Chicago Cubs,112,5,Milwaukee Brewers,158,3,Luke Little,Joel Payamps,Héctor Neris,9,American Family Field,day,2,3,False,,
746289,2024,2024-06-29,2024-06-29T20:10:00Z,R,Regular Season,N,1,Final,F,Cleveland Guardians,114,7,Kansas City Royals,118,2,Tanner Bibee,Cole Ragans,,9,Kauffman Stadium,day,3,4,False,,
746940,2024,2024-06-29,2024-06-29T20:10:00Z,R,Regular Season,N,1,Final,F,San Diego Padres,135,11,Boston Red Sox,111,1,Michael King,Tanner Houck,,9,Fenway Park,day,2,3,False,,
747104,2024,2024-06-29,2024-06-29T20:10:00Z,R,Regular Season,N,1,Final,F,Pittsburgh Pirates,134,1,Atlanta Braves,144,2,Daysbel Hernández,Kyle Nicolas,,10,Truist Park,day,2,3,False,,
747186,2024,2024-06-29,2024-06-29T20:10:00Z,R,Regular Season,N,1,Final,F,Oakland Athletics,133,0,Arizona Diamondbacks,109,3,Zac Gallen,Hogan Harris,Paul Sewald,9,Chase Field,day,2,3,False,,
745317,2024,2024-06-29,2024-06-29T23:15:00Z,R,Regular Season,N,1,Final,F,Los Angeles Dodgers,119,14,San Francisco Giants,137,7,Daniel Hudson,Sean Hjelle,,11,Oracle Park,day,2,3,False,,
747018,2024,2024-06-29,2024-06-29T23:15:00Z,R,Regular Season,N,1,Final,F,Texas Rangers,140,5,Baltimore Orioles,110,6,Cade Povich,Michael Lorenzen,Craig Kimbrel,9,Oriole Park at Camden Yards,night,3,4,False,,
746211,2024,2024-06-29,2024-06-30T02:07:00Z,R,Regular Season,N,1,Final,F,Detroit Tigers,116,5,Los Angeles Angels,108,6,Ben Joyce,Jason Foley,,10,Angel Stadium,night,3,4,False,,
745239,2024,2024-06-29,2024-06-30T02:10:00Z,R,Regular Season,N,1,Final,F,Minnesota Twins,142,5,Seattle Mariners,136,1,Pablo López,Bryce Miller,,9,T-Mobile Park,night,2,3,False,,
747101,2024,2024-06-30,2024-06-30T15:35:00Z,R,Regular Season,N,1,Final,F,Pittsburgh Pirates,134,4,Atlanta Braves,144,2,Bailey Falter,Spencer Schwellenbach,Aroldis Chapman,9,Truist Park,day,3,3,False,,
745555,2024,2024-06-30,2024-06-30T17:35:00Z,R,Regular Season,N,1,Final,F,Miami Marlins,146,6,Philadelphia Phillies,143,7,Seranthony Domínguez,Andrew Nardi,Jeff Hoffman,9,Citizens Bank Park,day,4,4,False,,
746938,2024,2024-06-30,2024-06-30T17:35:00Z,R,Regular Season,N,1,Final,F,San Diego Padres,135,1,Boston Red Sox,111,4,Josh Winckowski,Matt Waldron,Kenley Jansen,9,Fenway Park,day,3,3,False,,
744916,2024,2024-06-30,2024-06-30T17:37:00Z,R,Regular Season,N,1,Final,F,New York Yankees,147,8,Toronto Blue Jays,141,1,Gerrit Cole,Kevin Gausman,,9,Rogers Centre,day,4,4,False,,
745072,2024,2024-06-30,2024-06-30T17:40:00Z,R,Regular Season,N,1,Final,F,Washington Nationals,120,0,Tampa Bay Rays,139,5,Taj Bradley,Patrick Corbin,,9,Tropicana Field,day,3,3,False,,
745802,2024,2024-06-30,2024-06-30T17:40:00Z,R,Regular Season,N,1,Final,F,Houston Astros,117,10,New York Mets,121,5,Tayler Scott,Matt Festa,,11,Citi Field,day,3,3,False,,
745971,2024,2024-06-30,2024-06-30T18:10:00Z,R,Regular Season,N,1,Final,F,Chicago Cubs,112,1,Milwaukee Brewers,158,7,Freddy Peralta,Kyle Hendricks,,9,American Family Field,day,3,3,False,,
746290,2024,2024-06-30,2024-06-30T18:10:00Z,R,Regular Season,N,1,Final,F,Cleveland Guardians,114,2,Kansas City Royals,118,6,Seth Lugo,Logan Allen,,9,Kauffman Stadium,day,4,4,False,,
746779,2024,2024-06-30,2024-06-30T18:10:00Z,R,Regular Season,N,1,Final,F,Colorado Rockies,115,5,Chicago White Sox,145,4,Jalen Beeks,Michael Soroka,,14,Guaranteed Rate Field,day,3,3,False,,
745154,2024,2024-06-30,2024-06-30T18:15:00Z,R,Regular Season,N,1,Final,F,Cincinnati Reds,113,0,St. Louis Cardinals,138,2,Lance Lynn,Hunter Greene,Ryan Helsley,9,Busch Stadium,day,4,4,False,,
745320,2024,2024-06-30,2024-06-30T20:05:00Z,R,Regular Season,N,1,Final,F,Los Angeles Dodgers,119,4,San Francisco Giants,137,10,Spencer Bivens,James Paxton,,9,Oracle Park,day,3,3,False,,
746209,2024,2024-06-30,2024-06-30T20:07:00Z,R,Regular Season,N,1,Final,F,Detroit Tigers,116,7,Los Angeles Angels,108,6,Casey Mize,Tyler Anderson,Tyler Holton,9,Angel Stadium,day,4,4,False,,
745243,2024,2024-06-30,2024-06-30T20:10:00Z,R,Regular Season,N,1,Final,F,Minnesota Twins,142,5,Seattle Mariners,136,3,Cole Sands,Ryne Stanek,Jhoan Duran,9,T-Mobile Park,day,3,3,False,,
747182,2024,2024-06-30,2024-06-30T20:10:00Z,R,Regular Season,N,1,Final,F,Oakland Athletics,133,1,Arizona Diamondbacks,109,5,Joe Mantiply,T.J. McFarland,,9,Chase Field,day,3,3,False,,
747016,2024,2024-06-30,2024-06-30T23:10:00Z,R,Regular Season,N,1,Final,F,Texas Rangers,140,11,Baltimore Orioles,110,2,Andrew Heaney,Cole Irvin,,9,Oriole Park at Camden Yards,night,4,4,False,,
744914,2024,2024-07-01,2024-07-01T19:07:00Z,R,Regular Season,N,1,Final,F,Houston Astros,117,3,Toronto Blue Jays,141,1,Hunter Brown,Yariel Rodríguez,Josh Hader,9,Rogers Centre,day,1,4,False,,
744840,2024,2024-07-01,2024-07-01T22:45:00Z,R,Regular Season,N,1,Final,F,New York Mets,121,9,Washington Nationals,120,7,Jake Diekman,Hunter Harvey,Reed Garrett,10,Nationals Park,night,1,4,False,,
746535,2024,2024-07-01,2024-07-02T00:40:00Z,R,Regular Season,N,1,Final,F,Milwaukee Brewers,158,7,Colorado Rockies,115,8,Tyler Kinley,Joel Payamps,,10,Coors Field,night,1,4,False,,
745482,2024,2024-07-02,2024-07-02T22:40:00Z,R,Regular Season,N,1,Final,F,St. Louis Cardinals,138,7,Pittsburgh Pirates,134,4,Kyle Gibson,Mitch Keller,Ryan Helsley,9,PNC Park,night,1,3,False,,
746047,2024,2024-07-02,2024-07-02T22:40:00Z,R,Regular Season,N,1,Final,F,Boston Red Sox,111,8,Miami Marlins,146,3,Kutter Crawford,Valente Bellozo,,9,loanDepot park,night,1,3,False,,
746623,2024,2024-07-02,2024-07-02T22:40:00Z,R,Regular Season,N,1,Final,F,Chicago White Sox,145,6,Cleveland Guardians,114,7,Emmanuel Clase,Michael Kopech,,9,Progressive Field,night,1,3,False,,
744838,2024,2024-07-02,2024-07-02T22:45:00Z,R,Regular Season,N,1,Final,F,New York Mets,121,7,Washington Nationals,120,2,José Buttó,Robert Garcia,,10,Nationals Park,night,2,4,False,,
745730,2024,2024-07-02,2024-07-02T23:05:00Z,R,Regular Season,N,1,Final,F,Cincinnati Reds,113,5,New York Yankees,147,4,Graham Ashcraft,Luis Gil,Alexis Díaz,9,Yankee Stadium,night,1,3,False,,
744913,2024,2024-07-02,2024-07-02T23:07:00Z,R,Regular Season,N,1,Final,F,Houston Astros,117,6,Toronto Blue Jays,141,7,José Berríos,Spencer Arrighetti,Chad Green,9,Rogers Centre,night,2,4,False,,
747102,2024,2024-07-02,2024-07-02T23:20:00Z,R,Regular Season,N,1,Final,F,San Francisco Giants,137,5,Atlanta Braves,144,3,Hayden Birdsong,Dylan Lee,Camilo Doval,9,Truist Park,night,1,3,False,,
745886,2024,2024-07-02,2024-07-02T23:40:00Z,R,Regular Season,N,1,Final,F,Detroit Tigers,116,3,Minnesota Twins,142,5,Jorge Alcala,Will Vest,Jhoan Duran,9,Target Field,night,1,3,False,,
744999,2024,2024-07-02,2024-07-03T00:05:00Z,R,Regular Season,N,1,Final,F,San Diego Padres,135,0,Texas Rangers,140,7,Nathan Eovaldi,Dylan Cease,,9,Globe Life Field,night,1,3,False,,
746860,2024,2024-07-02,2024-07-03T00:05:00Z,R,Regular Season,N,1,Final,F,Philadelphia Phillies,143,6,Chicago Cubs,112,4,Michael Mercado,Hayden Wesneski,Jeff Hoffman,9,Wrigley Field,night,1,3,False,,
746282,2024,2024-07-02,2024-07-03T00:10:00Z,R,Regular Season,N,1,Final,F,Tampa Bay Rays,139,5,Kansas City Royals,118,1,Zack Littell,Brady Singer,,9,Kauffman Stadium,night,1,3,False,,
746537,2024,2024-07-02,2024-07-03T00:40:00Z,R,Regular Season,N,1,Final,F,Milwaukee Brewers,158,4,Colorado Rockies,115,3,Rob Zastryzny,Nick Mears,Trevor Megill,9,Coors Field,night,2,4,False,,
745240,2024,2024-07-02,2024-07-03T01:40:00Z,R,Regular Season,N,1,Final,F,Baltimore Orioles,110,2,Seattle Mariners,136,0,Grayson Rodriguez,George Kirby,Craig Kimbrel,9,T-Mobile Park,night,1,3,False,,
745647,2024,2024-07-02,2024-07-03T01:40:00Z,R,Regular Season,N,1,Final,F,Los Angeles Angels,108,5,Oakland Athletics,133,7,Mitch Spence,José Soriano,,9,Oakland Coliseum,night,1,3,False,,
746133,2024,2024-07-02,2024-07-03T02:10:00Z,R,Regular Season,N,1,Final,F,Arizona Diamondbacks,109,5,Los Angeles Dodgers,119,6,Evan Phillips,Paul Sewald,,9,Dodger Stadium,night,1,3,False,,
745487,2024,2024-07-03,2024-07-03T22:40:00Z,R,Regular Season,N,1,Final,F,St. Louis Cardinals,138,4,Pittsburgh Pirates,134,5,Aroldis Chapman,Andrew Kittredge,,10,PNC Park,night,2,3,False,,
746045,2024,2024-07-03,2024-07-03T22:40:00Z,R,Regular Season,N,1,Final,F,Boston Red Sox,111,7,Miami Marlins,146,2,Brayan Bello,Trevor Rogers,,9,loanDepot park,night,2,3,False,,
746617,2024,2024-07-03,2024-07-03T22:40:00Z,R,Regular Season,N,1,Final,F,Chicago White Sox,145,8,Cleveland Guardians,114,2,Erick Fedde,Gavin Williams,,9,Progressive Field,night,2,3,False,,
744837,2024,2024-07-03,2024-07-03T22:45:00Z,R,Regular Season,N,1,Final,F,New York Mets,121,5,Washington Nationals,120,7,Jacob Barnes,Jake Diekman,Kyle Finnegan,9,Nationals Park,night,3,4,False,,
745728,2024,2024-07-03,2024-07-03T23:05:00Z,R,Regular Season,N,1,Final,F,Cincinnati Reds,113,3,New York Yankees,147,2,Andrew Abbott,Carlos Rodón,Alexis Díaz,9,Yankee Stadium,night,2,3,False,,
744915,2024,2024-07-03,2024-07-03T23:07:00Z,R,Regular Season,N,1,Final,F,Houston Astros,117,9,Toronto Blue Jays,141,2,Tayler Scott,Zach Pop,,9,Rogers Centre,night,3,4,False,,
747100,2024,2024-07-03,2024-07-03T23:20:00Z,R,Regular Season,N,1,Final,F,San Francisco Giants,137,1,Atlanta Braves,144,3,Chris Sale,Jordan Hicks,Raisel Iglesias,9,Truist Park,night,2,3,False,,
744998,2024,2024-07-03,2024-07-04T00:05:00Z,R,Regular Season,N,1,Final,F,San Diego Padres,135,6,Texas Rangers,140,4,Adrian Morejon,Dane Dunning,Robert Suarez,9,Globe Life Field,night,2,3,False,,
746858,2024,2024-07-03,2024-07-04T00:05:00Z,R,Regular Season,N,1,Final,F,Philadelphia Phillies,143,5,Chicago Cubs,112,3,Matt Strahm,Tyson Miller,José Alvarado,9,Wrigley Field,night,2,3,False,,
745888,2024,2024-07-03,2024-07-04T00:10:00Z,R,Regular Season,N,1,Final,F,Detroit Tigers,116,9,Minnesota Twins,142,2,Keider Montero,David Festa,,9,Target Field,night,2,3,False,,
746283,2024,2024-07-03,2024-07-04T00:10:00Z,R,Regular Season,N,1,Final,F,Tampa Bay Rays,139,2,Kansas City Royals,118,4,Michael Wacha,Ryan Pepiot,James McArthur,9,Kauffman Stadium,night,2,3,False,,
746534,2024,2024-07-03,2024-07-04T00:40:00Z,R,Regular Season,N,1,Final,F,Milwaukee Brewers,158,3,Colorado Rockies,115,0,Colin Rea,Dakota Hudson,Jakob Junis,9,Coors Field,night,3,4,False,,
745643,2024,2024-07-03,2024-07-04T01:40:00Z,R,Regular Season,N,1,Final,F,Los Angeles Angels,108,0,Oakland Athletics,133,5,Joey Estes,Davis Daniel,,9,Oakland Coliseum,night,2,3,False,,
745234,2024,2024-07-03,2024-07-04T02:10:00Z,R,Regular Season,N,1,Final,F,Baltimore Orioles,110,4,Seattle Mariners,136,1,Dean Kremer,Logan Gilbert,Craig Kimbrel,9,T-Mobile Park,night,2,3,False,,
746128,2024,2024-07-03,2024-07-04T02:10:00Z,R,Regular Season,N,1,Final,F,Arizona Diamondbacks,109,12,Los Angeles Dodgers,119,4,Bryce Jarvis,Ryan Yarbrough,,9,Dodger Stadium,night,2,3,False,,
744834,2024,2024-07-04,2024-07-04T15:05:00Z,R,Regular Season,N,1,Final,F,New York Mets,121,0,Washington Nationals,120,1,Jake Irvin,Adrian Houser,Derek Law,9,Nationals Park,day,4,4,False,,
745484,2024,2024-07-04,2024-07-04T16:35:00Z,R,Regular Season,N,1,Final,F,St. Louis Cardinals,138,3,Pittsburgh Pirates,134,2,John King,Dennis Santana,,10,PNC Park,day,3,3,False,,
745726,2024,2024-07-04,2024-07-04T17:05:00Z,R,Regular Season,N,1,Final,F,Cincinnati Reds,113,8,New York Yankees,147,4,Frankie Montas,Marcus Stroman,,9,Yankee Stadium,day,3,3,False,,
744912,2024,2024-07-04,2024-07-04T17:07:00Z,R,Regular Season,N,1,Final,F,Houston Astros,117,5,Toronto Blue Jays,141,3,Framber Valdez,Chris Bassitt,Josh Hader,9,Rogers Centre,day,4,4,False,,
745890,2024,2024-07-04,2024-07-04T17:10:00Z,R,Regular Season,N,1,Completed Early,F,Detroit Tigers,116,3,Minnesota Twins,142,12,Bailey Ober,Kenta Maeda,,7,Target Field,day,3,3,False,,
746043,2024,2024-07-04,2024-07-04T17:10:00Z,R,Regular Season,N,1,Final,F,Boston Red Sox,111,6,Miami Marlins,146,5,Zack Kelly,Matt Andriese,Greg Weissert,12,loanDepot park,day,3,3,False,,
746619,2024,2024-07-04,2024-07-04T17:10:00Z,R,Regular Season,N,1,Final,F,Chicago White Sox,145,4,Cleveland Guardians,114,8,Ben Lively,Jared Shuster,,9,Progressive Field,day,3,3,False,,
746857,2024,2024-07-04,2024-07-04T18:20:00Z,R,Regular Season,N,1,Final,F,Philadelphia Phillies,143,2,Chicago Cubs,112,10,Jameson Taillon,Cristopher Sánchez,,9,Wrigley Field,day,3,3,False,,
744996,2024,2024-07-04,2024-07-04T18:35:00Z,R,Regular Season,N,1,Final,F,San Diego Padres,135,3,Texas Rangers,140,1,Michael King,Max Scherzer,Robert Suarez,9,Globe Life Field,day,3,3,False,,
745641,2024,2024-07-04,2024-07-04T20:07:00Z,R,Regular Season,N,1,Final,F,Los Angeles Angels,108,0,Oakland Athletics,133,5,JP Sears,Roansy Contreras,,9,Oakland Coliseum,day,3,3,False,,
745236,2024,2024-07-04,2024-07-04T20:10:00Z,R,Regular Season,N,1,Final,F,Baltimore Orioles,110,3,Seattle Mariners,136,7,Ryne Stanek,Bryan Baker,,9,T-Mobile Park,day,3,3,False,,
747103,2024,2024-07-04,2024-07-04T23:20:00Z,R,Regular Season,N,1,Final,F,San Francisco Giants,137,4,Atlanta Braves,144,2,Logan Webb,Charlie Morton,Camilo Doval,9,Truist Park,night,3,3,False,,
746285,2024,2024-07-04,2024-07-05T00:10:00Z,R,Regular Season,N,1,Final,F,Tampa Bay Rays,139,10,Kansas City Royals,118,8,Zach Eflin,Alec Marsh,Pete Fairbanks,9,Kauffman Stadium,night,3,3,False,,
746532,2024,2024-07-04,2024-07-05T00:10:00Z,R,Regular Season,N,1,Final,F,Milwaukee Brewers,158,3,Colorado Rockies,115,4,Anthony Molina,Tobias Myers,Jalen Beeks,9,Coors Field,night,4,4,False,,
746126,2024,2024-07-04,2024-07-05T01:10:00Z,R,Regular Season,N,1,Final,F,Arizona Diamondbacks,109,9,Los Angeles Dodgers,119,3,Justin Martinez,Landon Knack,,9,Dodger Stadium,night,3,3,False,,
746859,2024,2024-07-05,2024-07-05T18:20:00Z,R,Regular Season,N,1,Final,F,Los Angeles Angels,108,1,Chicago Cubs,112,5,Justin Steele,Griffin Canning,,9,Wrigley Field,day,1,3,False,,
745479,2024,2024-07-05,2024-07-05T22:40:00Z,R,Regular Season,N,1,Final,F,New York Mets,121,2,Pittsburgh Pirates,134,14,Paul Skenes,Luis Severino,,9,PNC Park,night,1,4,False,,
744836,2024,2024-07-05,2024-07-05T22:45:00Z,R,Regular Season,N,1,Final,F,St. Louis Cardinals,138,7,Washington Nationals,120,6,Ryan Helsley,Dylan Floro,,11,Nationals Park,night,1,4,False,,
745725,2024,2024-07-05,2024-07-05T23:05:00Z,R,Regular Season,N,1,Final,F,Boston Red Sox,111,5,New York Yankees,147,3,Justin Slaten,Tommy Kahnle,Kenley Jansen,10,Yankee Stadium,night,1,3,False,,
746046,2024,2024-07-05,2024-07-05T23:10:00Z,R,Regular Season,N,1,Final,F,Chicago White Sox,145,3,Miami Marlins,146,2,Drew Thorpe,Bryan Hoeing,Michael Kopech,9,loanDepot park,night,1,3,False,,
746620,2024,2024-07-05,2024-07-05T23:10:00Z,R,Regular Season,N,1,Final,F,San Francisco Giants,137,4,Cleveland Guardians,114,2,Ryan Walker,Tanner Bibee,Camilo Doval,9,Progressive Field,night,1,3,False,,
746693,2024,2024-07-05,2024-07-05T23:10:00Z,R,Regular Season,N,1,Final,F,Detroit Tigers,116,5,Cincinnati Reds,113,4,Reese Olson,Carson Spiers,Jason Foley,9,Great American Ball Park,night,1,3,False,,
747097,2024,2024-07-05,2024-07-05T23:20:00Z,R,Regular Season,N,1,Final,F,Philadelphia Phillies,143,8,Atlanta Braves,144,6,Aaron Nola,Max Fried,Jeff Hoffman,9,Truist Park,night,1,3,False,,
744992,2024,2024-07-05,2024-07-06T00:05:00Z,R,Regular Season,N,1,Final,F,Tampa Bay Rays,139,0,Texas Rangers,140,3,Michael Lorenzen,Shane Baz,Kirby Yates,9,Globe Life Field,night,1,3,False,,
745884,2024,2024-07-05,2024-07-06T00:10:00Z,R,Regular Season,N,1,Final,F,Houston Astros,117,13,Minnesota Twins,142,12,Bryan King,Pablo López,Josh Hader,9,Target Field,night,1,3,False,,
746533,2024,2024-07-05,2024-07-06T00:10:00Z,R,Regular Season,N,1,Final,F,Kansas City Royals,118,2,Colorado Rockies,115,4,Victor Vodnik,John Schreiber,Jalen Beeks,9,Coors Field,night,1,3,False,,
745237,2024,2024-07-05,2024-07-06T01:40:00Z,R,Regular Season,N,1,Final,F,Toronto Blue Jays,141,1,Seattle Mariners,136,2,Luis Castillo,Kevin Gausman,Andrés Muñoz,9,T-Mobile Park,night,1,3,False,,
745398,2024,2024-07-05,2024-07-06T01:40:00Z,R,Regular Season,N,1,Final,F,Arizona Diamondbacks,109,8,San Diego Padres,135,10,Stephen Kolek,Paul Sewald,,9,Petco Park,night,1,3,False,,
745639,2024,2024-07-05,2024-07-06T01:40:00Z,R,Regular Season,N,1,Final,F,Baltimore Orioles,110,3,Oakland Athletics,133,2,Albert Suárez,Hogan Harris,Craig Kimbrel,9,Oakland Coliseum,night,1,3,False,,
746127,2024,2024-07-05,2024-07-06T02:10:00Z,R,Regular Season,N,1,Final,F,Milwaukee Brewers,158,5,Los Angeles Dodgers,119,8,Daniel Hudson,Elvis Peguero,Evan Phillips,9,Dodger Stadium,night,1,3,False,,
745724,2024,2024-07-06,2024-07-06T17:05:00Z,R,Regular Season,N,1,Final,F,Boston Red Sox,111,4,New York Yankees,147,14,Tim Hill,Brennan Bernardino,,9,Yankee Stadium,day,2,3,False,,
745885,2024,2024-07-06,2024-07-06T18:10:00Z,R,Regular Season,N,1,Final,F,Houston Astros,117,3,Minnesota Twins,142,9,Joe Ryan,Hunter Brown,,9,Target Field,day,2,3,False,,
746856,2024,2024-07-06,2024-07-06T18:20:00Z,R,Regular Season,N,1,Final,F,Los Angeles Angels,108,7,Chicago Cubs,112,0,Tyler Anderson,Kyle Hendricks,,9,Wrigley Field,day,2,3,False,,
744835,2024,2024-07-06,2024-07-06T20:05:00Z,R,Regular Season,N,1,Final,F,St. Louis Cardinals,138,6,Washington Nationals,120,14,Jacob Barnes,Lance Lynn,,9,Nationals Park,day,2,4,False,,
744995,2024,2024-07-06,2024-07-06T20:05:00Z,R,Regular Season,N,1,Final,F,Tampa Bay Rays,139,3,Texas Rangers,140,4,Jonathan Hernández,Kevin Kelly,Kirby Yates,9,Globe Life Field,day,2,3,False,,
745476,2024,2024-07-06,2024-07-06T20:05:00Z,R,Regular Season,N,1,Final,F,New York Mets,121,5,Pittsburgh Pirates,134,2,José Buttó,Bailey Falter,Edwin Díaz,9,PNC Park,day,2,4,False,,
745642,2024,2024-07-06,2024-07-06T20:07:00Z,R,Regular Season,N,1,Final,F,Baltimore Orioles,110,8,Oakland Athletics,133,19,Luis Medina,Cade Povich,,9,Oakland Coliseum,day,2,3,False,,
745235,2024,2024-07-06,2024-07-06T20:10:00Z,R,Regular Season,N,1,Final,F,Toronto Blue Jays,141,5,Seattle Mariners,136,4,Yariel Rodríguez,Emerson Hancock,Chad Green,9,T-Mobile Park,day,2,3,False,,
746044,2024,2024-07-06,2024-07-06T20:10:00Z,R,Regular Season,N,1,Final,F,Chicago White Sox,145,3,Miami Marlins,146,4,Huascar Brazobán,Michael Soroka,Tanner Scott,9,loanDepot park,day,2,3,False,,
746615,2024,2024-07-06,2024-07-06T20:10:00Z,R,Regular Season,N,1,Final,F,San Francisco Giants,137,4,Cleveland Guardians,114,5,Pedro Avila,Kyle Harrison,Emmanuel Clase,9,Progressive Field,day,2,3,False,,
746694,2024,2024-07-06,2024-07-06T20:10:00Z,R,Regular Season,N,1,Final,F,Detroit Tigers,116,5,Cincinnati Reds,113,3,Shelby Miller,Fernando Cruz,Andrew Chafin,9,Great American Ball Park,day,2,3,False,,
746129,2024,2024-07-06,2024-07-06T23:15:00Z,R,Regular Season,N,1,Final,F,Milwaukee Brewers,158,3,Los Angeles Dodgers,119,5,Evan Phillips,Bryan Hudson,Alex Vesia,9,Dodger Stadium,day,2,3,False,,
747099,2024,2024-07-06,2024-07-06T23:15:00Z,R,Regular Season,N,1,Final,F,Philadelphia Phillies,143,1,Atlanta Braves,144,5,Spencer Schwellenbach,Ranger Suarez,,9,Truist Park,night,2,3,False,,
746529,2024,2024-07-06,2024-07-07T01:10:00Z,R,Regular Season,N,1,Final,F,Kansas City Royals,118,1,Colorado Rockies,115,3,Austin Gomber,Seth Lugo,Victor Vodnik,9,Coors Field,night,2,3,False,,
745395,2024,2024-07-06,2024-07-07T01:40:00Z,R,Regular Season,N,1,Final,F,Arizona Diamondbacks,109,7,San Diego Padres,135,5,Ryan Thompson,Wandy Peralta,Humberto Castellanos,10,Petco Park,night,2,3,False,,
744832,2024,2024-07-07,2024-07-07T17:35:00Z,R,Regular Season,N,1,Final,F,St. Louis Cardinals,138,8,Washington Nationals,120,3,Kyle Gibson,DJ Herz,,9,Nationals Park,day,3,4,False,,
745477,2024,2024-07-07,2024-07-07T17:35:00Z,R,Regular Season,N,1,Final,F,New York Mets,121,3,Pittsburgh Pirates,134,2,Edwin Díaz,Aroldis Chapman,,9,PNC Park,day,3,4,False,,
747098,2024,2024-07-07,2024-07-07T17:35:00Z,R,Regular Season,N,1,Final,F,Philadelphia Phillies,143,0,Atlanta Braves,144,6,Reynaldo López,Michael Mercado,,9,Truist Park,day,3,3,False,,
746039,2024,2024-07-07,2024-07-07T17:40:00Z,R,Regular Season,N,1,Final,F,Chicago White Sox,145,4,Miami Marlins,146,7,JT Chargois,Michael Kopech,,9,loanDepot park,day,3,3,False,,
746616,2024,2024-07-07,2024-07-07T17:40:00Z,R,Regular Season,N,1,Final,F,San Francisco Giants,137,4,Cleveland Guardians,114,5,Cade Smith,Sean Hjelle,Emmanuel Clase,9,Progressive Field,day,3,3,False,,
746691,2024,2024-07-07,2024-07-07T17:40:00Z,R,Regular Season,N,1,Final,F,Detroit Tigers,116,5,Cincinnati Reds,113,1,Tarik Skubal,Graham Ashcraft,,9,Great American Ball Park,day,3,3,False,,
745883,2024,2024-07-07,2024-07-07T18:10:00Z,R,Regular Season,N,1,Final,F,Houston Astros,117,2,Minnesota Twins,142,3,Jhoan Duran,Josh Hader,,9,Target Field,day,3,3,False,,
746855,2024,2024-07-07,2024-07-07T18:20:00Z,R,Regular Season,N,1,Final,F,Los Angeles Angels,108,0,Chicago Cubs,112,5,Hayden Wesneski,José Soriano,Héctor Neris,9,Wrigley Field,day,3,3,False,,
744993,2024,2024-07-07,2024-07-07T18:35:00Z,R,Regular Season,N,1,Final,F,Tampa Bay Rays,139,2,Texas Rangers,140,13,Nathan Eovaldi,Zack Littell,,9,Globe Life Field,day,3,3,False,,
746530,2024,2024-07-07,2024-07-07T19:10:00Z,R,Regular Season,N,1,Final,F,Kansas City Royals,118,10,Colorado Rockies,115,1,Brady Singer,Tanner Gordon,,9,Coors Field,day,3,3,False,,
745637,2024,2024-07-07,2024-07-07T20:07:00Z,R,Regular Season,N,1,Final,F,Baltimore Orioles,110,6,Oakland Athletics,133,3,Grayson Rodriguez,Mitch Spence,Craig Kimbrel,9,Oakland Coliseum,day,3,3,False,,
745233,2024,2024-07-07,2024-07-07T20:10:00Z,R,Regular Season,N,1,Final,F,Toronto Blue Jays,141,5,Seattle Mariners,136,4,Chad Green,Collin Snider,Génesis Cabrera,10,T-Mobile Park,day,3,3,False,,
745391,2024,2024-07-07,2024-07-07T20:10:00Z,R,Regular Season,N,1,Final,F,Arizona Diamondbacks,109,9,San Diego Padres,135,1,Ryne Nelson,Dylan Cease,,9,Petco Park,day,3,3,False,,
746122,2024,2024-07-07,2024-07-07T20:10:00Z,R,Regular Season,N,1,Final,F,Milwaukee Brewers,158,9,Los Angeles Dodgers,119,2,Jakob Junis,Justin Wrobleski,,9,Dodger Stadium,day,3,3,False,,
745723,2024,2024-07-07,2024-07-07T23:10:00Z,R,Regular Season,N,1,Final,F,Boston Red Sox,111,3,New York Yankees,147,0,Kutter Crawford,Luis Gil,Kenley Jansen,9,Yankee Stadium,night,3,3,False,,
745480,2024,2024-07-08,2024-07-08T16:35:00Z,R,Regular Season,N,1,Final,F,New York Mets,121,2,Pittsburgh Pirates,134,8,Mitch Keller,Eric Orze,,9,PNC Park,day,4,4,False,,
744833,2024,2024-07-08,2024-07-08T20:05:00Z,R,Regular Season,N,1,Final,F,St. Louis Cardinals,138,6,Washington Nationals,120,0,Miles Mikolas,Mitchell Parker,,9,Nationals Park,day,4,4,False,,
746455,2024,2024-07-08,2024-07-08T22:40:00Z,R,Regular Season,N,1,Final,F,Cleveland Guardians,114,0,Detroit Tigers,116,1,Tyler Holton,Scott Barlow,Shelby Miller,9,Comerica Park,night,1,4,False,,
746692,2024,2024-07-08,2024-07-08T23:10:00Z,R,Regular Season,N,1,Final,F,Colorado Rockies,115,0,Cincinnati Reds,113,6,Andrew Abbott,Ryan Feltner,,9,Great American Ball Park,night,1,4,False,,
746771,2024,2024-07-08,2024-07-09T00:10:00Z,R,Regular Season,N,1,Final,F,Minnesota Twins,142,8,Chicago White Sox,145,6,Jhoan Duran,Jared Shuster,Kody Funderburk,11,Guaranteed Rate Field,night,1,3,False,,
746208,2024,2024-07-08,2024-07-09T01:38:00Z,R,Regular Season,N,1,Final,F,Texas Rangers,140,9,Los Angeles Angels,108,4,Jon Gray,Davis Daniel,,9,Angel Stadium,night,1,3,False,,
747181,2024,2024-07-08,2024-07-09T01:40:00Z,R,Regular Season,N,1,Final,F,Atlanta Braves,144,5,Arizona Diamondbacks,109,4,Raisel Iglesias,Justin Martinez,Joe Jiménez,11,Chase Field,night,1,4,False,,
747014,2024,2024-07-09,2024-07-09T22:35:00Z,R,Regular Season,N,1,Final,F,Chicago Cubs,112,9,Baltimore Orioles,110,2,Jameson Taillon,Dean Kremer,,9,Oriole Park at Camden Yards,night,1,3,False,,
745557,2024,2024-07-09,2024-07-09T22:40:00Z,R,Regular Season,N,1,Final,F,Los Angeles Dodgers,119,1,Philadelphia Phillies,143,10,Zack Wheeler,Bobby Miller,,9,Citizens Bank Park,night,1,3,False,,
746451,2024,2024-07-09,2024-07-09T22:40:00Z,R,Regular Season,N,1,Final,F,Cleveland Guardians,114,9,Detroit Tigers,116,8,Scott Barlow,Will Vest,Emmanuel Clase,10,Comerica Park,night,2,4,False,,
745074,2024,2024-07-09,2024-07-09T22:50:00Z,R,Regular Season,N,1,Final,F,New York Yankees,147,3,Tampa Bay Rays,139,5,Ryan Pepiot,Carlos Rodón,Pete Fairbanks,9,Tropicana Field,night,1,3,False,,
745803,2024,2024-07-09,2024-07-09T23:10:00Z,R,Regular Season,N,1,Final,F,Washington Nationals,120,5,New York Mets,121,7,Jose Quintana,Jake Irvin,Edwin Díaz,9,Citi Field,night,1,3,False,,
746690,2024,2024-07-09,2024-07-09T23:10:00Z,R,Regular Season,N,1,Final,F,Colorado Rockies,115,6,Cincinnati Reds,113,12,Nick Martinez,Cal Quantrill,,9,Great American Ball Park,night,2,4,False,,
746937,2024,2024-07-09,2024-07-09T23:10:00Z,R,Regular Season,N,1,Final,F,Oakland Athletics,133,9,Boston Red Sox,111,12,Brayan Bello,Joey Estes,,9,Fenway Park,night,1,3,False,,
745968,2024,2024-07-09,2024-07-10T00:10:00Z,R,Regular Season,N,1,Final,F,Pittsburgh Pirates,134,12,Milwaukee Brewers,158,2,Quinn Priester,Colin Rea,,9,American Family Field,night,1,3,False,,
746368,2024,2024-07-09,2024-07-10T00:10:00Z,R,Regular Season,N,1,Final,F,Miami Marlins,146,3,Houston Astros,117,4,Ronel Blanco,Huascar Brazobán,Josh Hader,9,Minute Maid Park,night,1,3,False,,
746206,2024,2024-07-09,2024-07-10T01:38:00Z,R,Regular Season,N,1,Final,F,Texas Rangers,140,5,Los Angeles Angels,108,4,José Leclerc,Luis García,Kirby Yates,9,Angel Stadium,night,2,3,False,,
745393,2024,2024-07-09,2024-07-10T01:40:00Z,R,Regular Season,N,1,Final,F,Seattle Mariners,136,8,San Diego Padres,135,3,Logan Gilbert,Adam Mazur,,9,Petco Park,night,1,2,False,,
747180,2024,2024-07-09,2024-07-10T01:40:00Z,R,Regular Season,N,1,Final,F,Atlanta Braves,144,6,Arizona Diamondbacks,109,2,Chris Sale,Zac Gallen,,9,Chase Field,night,2,4,False,,
745316,2024,2024-07-09,2024-07-10T01:45:00Z,R,Regular Season,N,1,Final,F,Toronto Blue Jays,141,3,San Francisco Giants,137,4,Erik Miller,Trevor Richards,,9,Oracle Park,night,1,3,False,,
745155,2024,2024-07-10,2024-07-10T17:45:00Z,R,Regular Season,S,1,Final,F,Kansas City Royals,118,6,St. Louis Cardinals,138,4,Alec Marsh,Andre Pallante,James McArthur,9,Busch Stadium,day,1,2,False,,
746772,2024,2024-07-10,2024-07-10T18:10:00Z,R,Regular Season,Y,1,Final,F,Minnesota Twins,142,1,Chicago White Sox,145,3,Erick Fedde,Bailey Ober,Michael Kopech,9,Guaranteed Rate Field,day,2,3,False,,
746773,2024,2024-07-10,2024-07-10T18:15:00Z,R,Regular Season,Y,2,Final,F,Minnesota Twins,142,3,Chicago White Sox,145,2,Steven Okert,Michael Soroka,Jhoan Duran,9,Guaranteed Rate Field,day,3,3,False,,
747015,2024,2024-07-10,2024-07-10T22:35:00Z,R,Regular Season,N,1,Final,F,Chicago Cubs,112,4,Baltimore Orioles,110,0,Shota Imanaga,Corbin Burnes,,9,Oriole Park at Camden Yards,night,2,3,False,,
745394,2024,2024-07-10,2024-07-10T22:40:00Z,R,Regular Season,N,1,Final,F,Seattle Mariners,136,2,San Diego Padres,135,0,Bryce Miller,Michael King,Andrés Muñoz,9,Petco Park,day,2,2,False,,
746453,2024,2024-07-10,2024-07-10T22:40:00Z,R,Regular Season,N,1,Final,F,Cleveland Guardians,114,4,Detroit Tigers,116,5,Reese Olson,Tanner Bibee,Jason Foley,9,Comerica Park,night,3,4,False,,
745069,2024,2024-07-10,2024-07-10T22:50:00Z,R,Regular Season,N,1,Final,F,New York Yankees,147,2,Tampa Bay Rays,139,1,Tim Hill,Zach Eflin,Clay Holmes,9,Tropicana Field,night,2,3,False,,
745556,2024,2024-07-10,2024-07-10T23:05:00Z,R,Regular Season,N,1,Final,F,Los Angeles Dodgers,119,3,Philadelphia Phillies,143,4,Cristopher Sánchez,Gavin Stone,Jeff Hoffman,9,Citizens Bank Park,night,2,3,False,,
745796,2024,2024-07-10,2024-07-10T23:10:00Z,R,Regular Season,N,1,Final,F,Washington Nationals,120,2,New York Mets,121,6,Luis Severino,Patrick Corbin,José Buttó,9,Citi Field,night,2,3,False,,
746689,2024,2024-07-10,2024-07-10T23:10:00Z,R,Regular Season,N,1,Final,F,Colorado Rockies,115,6,Cincinnati Reds,113,5,Kyle Freeland,Frankie Montas,Jalen Beeks,9,Great American Ball Park,night,3,4,False,,
746934,2024,2024-07-10,2024-07-10T23:10:00Z,R,Regular Season,N,1,Final,F,Oakland Athletics,133,5,Boston Red Sox,111,2,JP Sears,Nick Pivetta,Mason Miller,9,Fenway Park,night,2,3,False,,
745156,2024,2024-07-10,2024-07-10T23:45:00Z,R,Regular Season,S,2,Final,F,Kansas City Royals,118,8,St. Louis Cardinals,138,5,Michael Wacha,Gordon Graceffo,James McArthur,9,Busch Stadium,night,2,2,False,,
745969,2024,2024-07-10,2024-07-11T00:10:00Z,R,Regular Season,N,1,Final,F,Pittsburgh Pirates,134,0,Milwaukee Brewers,158,9,Tobias Myers,Martín Pérez,,9,American Family Field,night,2,3,False,,
746366,2024,2024-07-10,2024-07-11T00:10:00Z,R,Regular Season,N,1,Final,F,Miami Marlins,146,1,Houston Astros,117,9,Framber Valdez,Bryan Hoeing,,9,Minute Maid Park,night,2,3,False,,
746205,2024,2024-07-10,2024-07-11T01:38:00Z,R,Regular Season,N,1,Final,F,Texas Rangers,140,2,Los Angeles Angels,108,7,Hans Crouse,Michael Lorenzen,,9,Angel Stadium,night,3,3,False,,
747179,2024,2024-07-10,2024-07-11T01:40:00Z,R,Regular Season,N,1,Final,F,Atlanta Braves,144,5,Arizona Diamondbacks,109,7,Ryan Thompson,Joe Jiménez,Paul Sewald,9,Chase Field,night,3,4,False,,
745318,2024,2024-07-10,2024-07-11T01:45:00Z,R,Regular Season,N,1,Final,F,Toronto Blue Jays,141,10,San Francisco Giants,137,6,Chris Bassitt,Logan Webb,,9,Oracle Park,night,2,3,False,,
745799,2024,2024-07-11,2024-07-11T17:10:00Z,R,Regular Season,N,1,Final,F,Washington Nationals,120,0,New York Mets,121,7,David Peterson,MacKenzie Gore,,9,Citi Field,day,3,3,False,,
746452,2024,2024-07-11,2024-07-11T17:10:00Z,R,Regular Season,N,1,Final,F,Cleveland Guardians,114,1,Detroit Tigers,116,10,Jack Flaherty,Spencer Howard,,9,Comerica Park,day,4,4,False,,
746688,2024,2024-07-11,2024-07-11T17:10:00Z,R,Regular Season,N,1,Final,F,Colorado Rockies,115,1,Cincinnati Reds,113,8,Hunter Greene,Austin Gomber,,9,Great American Ball Park,day,4,4,False,,
745967,2024,2024-07-11,2024-07-11T18:10:00Z,R,Regular Season,N,1,Final,F,Pittsburgh Pirates,134,1,Milwaukee Brewers,158,0,Paul Skenes,Aaron Civale,Aroldis Chapman,9,American Family Field,day,3,3,False,,
745313,2024,2024-07-11,2024-07-11T19:45:00Z,R,Regular Season,N,1,Final,F,Toronto Blue Jays,141,5,San Francisco Giants,137,3,Kevin Gausman,Jordan Hicks,Chad Green,9,Oracle Park,day,3,3,False,,
745558,2024,2024-07-11,2024-07-11T22:05:00Z,R,Regular Season,N,1,Final,F,Los Angeles Dodgers,119,1,Philadelphia Phillies,143,5,Aaron Nola,Anthony Banda,,9,Citizens Bank Park,night,3,3,False,,
747011,2024,2024-07-11,2024-07-11T22:35:00Z,R,Regular Season,N,1,Final,F,Chicago Cubs,112,8,Baltimore Orioles,110,0,Justin Steele,Albert Suárez,,9,Oriole Park at Camden Yards,night,3,3,False,,
745065,2024,2024-07-11,2024-07-11T22:50:00Z,R,Regular Season,N,1,Final,F,New York Yankees,147,4,Tampa Bay Rays,139,5,Kevin Kelly,Nestor Cortes,Pete Fairbanks,9,Tropicana Field,night,3,3,False,,
746935,2024,2024-07-11,2024-07-11T23:10:00Z,R,Regular Season,N,1,Final,F,Oakland Athletics,133,0,Boston Red Sox,111,7,Tanner Houck,Luis Medina,Chase Anderson,9,Fenway Park,night,3,3,False,,
746367,2024,2024-07-11,2024-07-12T00:10:00Z,R,Regular Season,N,1,Final,F,Miami Marlins,146,3,Houston Astros,117,6,Tayler Scott,Roddery Muñoz,Josh Hader,9,Minute Maid Park,night,3,3,False,,
746204,2024,2024-07-11,2024-07-12T01:38:00Z,R,Regular Season,N,1,Final,F,Seattle Mariners,136,11,Los Angeles Angels,108,0,Luis Castillo,Jack Kochanowicz,,9,Angel Stadium,night,1,4,False,,
747178,2024,2024-07-11,2024-07-12T01:40:00Z,R,Regular Season,N,1,Final,F,Atlanta Braves,144,0,Arizona Diamondbacks,109,1,Brandon Pfaadt,Max Fried,Paul Sewald,9,Chase Field,night,4,4,False,,
745552,2024,2024-07-12,2024-07-12T22:40:00Z,R,Regular Season,N,1,Final,F,Oakland Athletics,133,6,Philadelphia Phillies,143,2,Osvaldo Bido,Ranger Suarez,,9,Citizens Bank Park,night,1,3,False,,
746450,2024,2024-07-12,2024-07-12T22:40:00Z,R,Regular Season,N,1,Final,F,Los Angeles Dodgers,119,4,Detroit Tigers,116,3,Michael Petersen,Jason Foley,Daniel Hudson,9,Comerica Park,night,1,3,False,,
745064,2024,2024-07-12,2024-07-12T22:50:00Z,R,Regular Season,N,1,Final,F,Cleveland Guardians,114,0,Tampa Bay Rays,139,2,Taj Bradley,Carlos Carrasco,Jason Adam,9,Tropicana Field,night,1,3,False,,
747012,2024,2024-07-12,2024-07-12T23:05:00Z,R,Regular Season,N,1,Final,F,New York Yankees,147,4,Baltimore Orioles,110,1,Gerrit Cole,Cade Povich,Clay Holmes,9,Oriole Park at Camden Yards,night,1,3,False,,
745800,2024,2024-07-12,2024-07-12T23:10:00Z,R,Regular Season,N,1,Final,F,Colorado Rockies,115,6,New York Mets,121,7,Sean Manaea,Tanner Gordon,Edwin Díaz,9,Citi Field,night,1,3,False,,
746685,2024,2024-07-12,2024-07-12T23:10:00Z,R,Regular Season,N,1,Final,F,Miami Marlins,146,4,Cincinnati Reds,113,7,Carson Spiers,Yonny Chirinos,,9,Great American Ball Park,night,1,3,False,,
746936,2024,2024-07-12,2024-07-12T23:10:00Z,R,Regular Season,N,1,Final,F,Kansas City Royals,118,6,Boston Red Sox,111,1,Cole Ragans,Cooper Criswell,,9,Fenway Park,night,1,3,False,,
745965,2024,2024-07-12,2024-07-13T00:10:00Z,R,Regular Season,N,1,Final,F,Washington Nationals,120,5,Milwaukee Brewers,158,2,Robert Garcia,Freddy Peralta,Kyle Finnegan,9,American Family Field,night,1,3,False,,
746371,2024,2024-07-12,2024-07-13T00:10:00Z,R,Regular Season,N,1,Final,F,Texas Rangers,140,3,Houston Astros,117,6,Hunter Brown,Andrew Heaney,Josh Hader,9,Minute Maid Park,night,1,3,False,,
746774,2024,2024-07-12,2024-07-13T00:10:00Z,R,Regular Season,N,1,Final,F,Pittsburgh Pirates,134,4,Chicago White Sox,145,1,Marco Gonzales,Jonathan Cannon,David Bednar,9,Guaranteed Rate Field,night,1,3,False,,
745153,2024,2024-07-12,2024-07-13T00:15:00Z,R,Regular Season,N,1,Final,F,Chicago Cubs,112,5,St. Louis Cardinals,138,1,Kyle Hendricks,Sonny Gray,Héctor Neris,9,Busch Stadium,night,1,4,False,,
746207,2024,2024-07-12,2024-07-13T01:38:00Z,R,Regular Season,N,1,Final,F,Seattle Mariners,136,5,Los Angeles Angels,108,6,Hans Crouse,Austin Voth,,10,Angel Stadium,night,2,4,False,,
745390,2024,2024-07-12,2024-07-13T01:40:00Z,R,Regular Season,N,1,Final,F,Atlanta Braves,144,6,San Diego Padres,135,1,Spencer Schwellenbach,Matt Waldron,,9,Petco Park,night,1,3,False,,
747175,2024,2024-07-12,2024-07-13T01:40:00Z,R,Regular Season,N,1,Final,F,Toronto Blue Jays,141,4,Arizona Diamondbacks,109,5,Justin Martinez,Chad Green,,9,Chase Field,night,1,3,False,,
745312,2024,2024-07-12,2024-07-13T02:15:00Z,R,Regular Season,N,1,Final,F,Minnesota Twins,142,1,San Francisco Giants,137,7,Kyle Harrison,Joe Ryan,,9,Oracle Park,night,1,3,False,,
746447,2024,2024-07-13,2024-07-13T17:10:00Z,R,Regular Season,N,1,Final,F,Los Angeles Dodgers,119,9,Detroit Tigers,116,11,Will Vest,Yohan Ramírez,,10,Comerica Park,day,2,3,False,,
746766,2024,2024-07-13,2024-07-13T18:10:00Z,R,Regular Season,N,1,Final,F,Pittsburgh Pirates,134,6,Chicago White Sox,145,2,Kyle Nicolas,Chris Flexen,,9,Guaranteed Rate Field,day,2,3,False,,
745152,2024,2024-07-13,2024-07-13T18:15:00Z,R,Regular Season,S,1,Final,F,Chicago Cubs,112,3,St. Louis Cardinals,138,11,Lance Lynn,Hayden Wesneski,,9,Busch Stadium,day,2,4,False,,
745549,2024,2024-07-13,2024-07-13T20:05:00Z,R,Regular Season,N,1,Final,F,Oakland Athletics,133,5,Philadelphia Phillies,143,11,Tyler Phillips,Mitch Spence,,9,Citizens Bank Park,day,2,3,False,,
747013,2024,2024-07-13,2024-07-13T20:05:00Z,R,Regular Season,N,1,Final,F,New York Yankees,147,6,Baltimore Orioles,110,1,Luis Gil,Grayson Rodriguez,,9,Oriole Park at Camden Yards,day,2,3,False,,
745067,2024,2024-07-13,2024-07-13T20:10:00Z,R,Regular Season,N,1,Final,F,Cleveland Guardians,114,4,Tampa Bay Rays,139,2,Nick Sandlin,Garrett Cleavinger,Emmanuel Clase,9,Tropicana Field,day,2,3,False,,
745798,2024,2024-07-13,2024-07-13T20:10:00Z,R,Regular Season,N,1,Final,F,Colorado Rockies,115,3,New York Mets,121,7,José Buttó,Ryan Feltner,Dedniel Núñez,9,Citi Field,day,2,3,False,,
745963,2024,2024-07-13,2024-07-13T20:10:00Z,R,Regular Season,N,1,Final,F,Washington Nationals,120,6,Milwaukee Brewers,158,5,Derek Law,Trevor Megill,Kyle Finnegan,9,American Family Field,day,2,3,False,,
746369,2024,2024-07-13,2024-07-13T20:10:00Z,R,Regular Season,N,1,Final,F,Texas Rangers,140,2,Houston Astros,117,1,David Robertson,Tayler Scott,Kirby Yates,10,Minute Maid Park,day,2,3,False,,
746687,2024,2024-07-13,2024-07-13T20:10:00Z,R,Regular Season,N,1,Final,F,Miami Marlins,146,6,Cincinnati Reds,113,10,Sam Moll,Edward Cabrera,,9,Great American Ball Park,day,2,3,False,,
746930,2024,2024-07-13,2024-07-13T20:10:00Z,R,Regular Season,N,1,Final,F,Kansas City Royals,118,0,Boston Red Sox,111,5,Kutter Crawford,Seth Lugo,,9,Fenway Park,day,2,3,False,,
745311,2024,2024-07-13,2024-07-13T23:15:00Z,R,Regular Season,N,1,Final,F,Minnesota Twins,142,4,San Francisco Giants,137,2,Cole Sands,Taylor Rogers,Jhoan Duran,9,Oracle Park,day,2,3,False,,
745392,2024,2024-07-13,2024-07-13T23:15:00Z,R,Regular Season,N,1,Final,F,Atlanta Braves,144,0,San Diego Padres,135,4,Dylan Cease,Reynaldo López,,9,Petco Park,day,2,3,False,,
745175,2024,2024-07-13,2024-07-14T00:15:00Z,R,Regular Season,S,2,Final,F,Chicago Cubs,112,4,St. Louis Cardinals,138,5,JoJo Romero,Porter Hodge,Ryan Helsley,9,Busch Stadium,night,3,4,False,,
746202,2024,2024-07-13,2024-07-14T01:38:00Z,R,Regular Season,N,1,Final,F,Seattle Mariners,136,1,Los Angeles Angels,108,2,José Soriano,George Kirby,Carlos Estévez,9,Angel Stadium,night,3,4,False,,
747177,2024,2024-07-13,2024-07-14T02:10:00Z,R,Regular Season,N,1,Final,F,Toronto Blue Jays,141,1,Arizona Diamondbacks,109,12,Yilber Díaz,José Berríos,,9,Chase Field,night,2,3,False,,
747009,2024,2024-07-14,2024-07-14T15:35:00Z,R,Regular Season,N,1,Final,F,New York Yankees,147,5,Baltimore Orioles,110,6,Craig Kimbrel,Clay Holmes,,9,Oriole Park at Camden Yards,day,3,3,False,,
745551,2024,2024-07-14,2024-07-14T17:35:00Z,R,Regular Season,N,1,Final,F,Oakland Athletics,133,18,Philadelphia Phillies,143,3,Joey Estes,Michael Mercado,,9,Citizens Bank Park,day,3,3,False,,
746932,2024,2024-07-14,2024-07-14T17:35:00Z,R,Regular Season,N,1,Final,F,Kansas City Royals,118,4,Boston Red Sox,111,5,Brayan Bello,Brady Singer,Kenley Jansen,9,Fenway Park,day,3,3,False,,
745066,2024,2024-07-14,2024-07-14T17:40:00Z,R,Regular Season,N,1,Final,F,Cleveland Guardians,114,0,Tampa Bay Rays,139,2,Ryan Pepiot,Ben Lively,Pete Fairbanks,9,Tropicana Field,day,3,3,False,,
745797,2024,2024-07-14,2024-07-14T17:40:00Z,R,Regular Season,N,1,Final,F,Colorado Rockies,115,8,New York Mets,121,5,Justin Lawrence,Jose Quintana,Victor Vodnik,9,Citi Field,day,3,3,False,,
746449,2024,2024-07-14,2024-07-14T17:40:00Z,R,Regular Season,N,1,Final,F,Los Angeles Dodgers,119,3,Detroit Tigers,116,4,Alex Faedo,Yohan Ramírez,,9,Comerica Park,day,3,3,False,,
746686,2024,2024-07-14,2024-07-14T17:40:00Z,R,Regular Season,N,1,Final,F,Miami Marlins,146,3,Cincinnati Reds,113,2,A.J. Puk,Fernando Cruz,Tanner Scott,9,Great American Ball Park,day,3,3,False,,
745962,2024,2024-07-14,2024-07-14T18:10:00Z,R,Regular Season,N,1,Final,F,Washington Nationals,120,3,Milwaukee Brewers,158,9,Colin Rea,Jake Irvin,,9,American Family Field,day,3,3,False,,
746370,2024,2024-07-14,2024-07-14T18:10:00Z,R,Regular Season,N,1,Final,F,Texas Rangers,140,4,Houston Astros,117,2,Josh Sborz,Ronel Blanco,Kirby Yates,9,Minute Maid Park,day,3,3,False,,
746769,2024,2024-07-14,2024-07-14T18:10:00Z,R,Regular Season,N,1,Final,F,Pittsburgh Pirates,134,9,Chicago White Sox,145,4,Quinn Priester,Chad Kuhl,,9,Guaranteed Rate Field,day,3,3,False,,
745151,2024,2024-07-14,2024-07-14T18:15:00Z,R,Regular Season,N,1,Final,F,Chicago Cubs,112,8,St. Louis Cardinals,138,3,Jameson Taillon,Miles Mikolas,,9,Busch Stadium,day,4,4,False,,
745314,2024,2024-07-14,2024-07-14T20:05:00Z,R,Regular Season,N,1,Final,F,Minnesota Twins,142,2,San Francisco Giants,137,3,Ryan Walker,Jhoan Duran,,9,Oracle Park,day,3,3,False,,
746201,2024,2024-07-14,2024-07-14T20:07:00Z,R,Regular Season,N,1,Final,F,Seattle Mariners,136,2,Los Angeles Angels,108,3,Hans Crouse,Austin Voth,Roansy Contreras,9,Angel Stadium,day,4,4,False,,
745385,2024,2024-07-14,2024-07-14T20:10:00Z,R,Regular Season,N,1,Final,F,Atlanta Braves,144,6,San Diego Padres,135,3,Chris Sale,Randy Vásquez,Raisel Iglesias,9,Petco Park,day,3,3,False,,
747176,2024,2024-07-14,2024-07-14T20:10:00Z,R,Regular Season,N,1,Final,F,Toronto Blue Jays,141,8,Arizona Diamondbacks,109,7,Trevor Richards,Kevin Ginkel,Chad Green,9,Chase Field,day,3,3,False,,
747298,2024,2024-07-16,2024-07-17T00:00:00Z,A,MLB All-Star Game,N,1,Final,F,National League All-Stars,160,3,American League All-Stars,159,5,Mason Miller,Hunter Greene,Emmanuel Clase,9,Globe Life Field,night,,,False,,
746854,2024,2024-07-19,2024-07-19T18:20:00Z,R,Regular Season,N,1,Final,F,Arizona Diamondbacks,109,5,Chicago Cubs,112,2,Ryne Nelson,Justin Steele,Paul Sewald,9,Wrigley Field,day,1,3,False,,
745481,2024,2024-07-19,2024-07-19T22:40:00Z,R,Regular Season,N,1,Final,F,Philadelphia Phillies,143,7,Pittsburgh Pirates,134,8,Carmen Mlodzinski,José Alvarado,,9,PNC Park,night,1,3,False,,
744829,2024,2024-07-19,2024-07-19T22:45:00Z,R,Regular Season,N,1,Final,F,Cincinnati Reds,113,5,Washington Nationals,120,8,Patrick Corbin,Frankie Montas,Kyle Finnegan,9,Nationals Park,night,1,3,False,,
745721,2024,2024-07-19,2024-07-19T23:05:00Z,R,Regular Season,N,1,Final,F,Tampa Bay Rays,139,1,New York Yankees,147,6,Gerrit Cole,Zach Eflin,,9,Yankee Stadium,night,1,4,False,,
744911,2024,2024-07-19,2024-07-19T23:07:00Z,R,Regular Season,N,1,Final,F,Detroit Tigers,116,5,Toronto Blue Jays,141,4,Jack Flaherty,Chris Bassitt,Tyler Holton,9,Rogers Centre,night,1,3,False,,
746040,2024,2024-07-19,2024-07-19T23:10:00Z,R,Regular Season,N,1,Final,F,New York Mets,121,4,Miami Marlins,146,6,Anthony Bender,Sean Manaea,Tanner Scott,9,loanDepot park,night,1,4,False,,
746618,2024,2024-07-19,2024-07-19T23:10:00Z,R,Regular Season,N,1,Final,F,San Diego Padres,135,0,Cleveland Guardians,114,7,Tanner Bibee,Matt Waldron,,9,Progressive Field,night,1,3,False,,
744990,2024,2024-07-19,2024-07-20T00:05:00Z,R,Regular Season,N,1,Final,F,Baltimore Orioles,110,9,Texas Rangers,140,1,Corbin Burnes,Nathan Eovaldi,,9,Globe Life Field,night,1,3,False,,
746284,2024,2024-07-19,2024-07-20T00:10:00Z,R,Regular Season,N,1,Final,F,Chicago White Sox,145,1,Kansas City Royals,118,7,Michael Wacha,Chris Flexen,,9,Kauffman Stadium,night,1,3,False,,
746531,2024,2024-07-19,2024-07-20T00:40:00Z,R,Regular Season,N,1,Final,F,San Francisco Giants,137,3,Colorado Rockies,115,7,Jalen Beeks,Tyler Rogers,,9,Coors Field,night,1,3,False,,
745640,2024,2024-07-19,2024-07-20T01:40:00Z,R,Regular Season,N,1,Final,F,Los Angeles Angels,108,3,Oakland Athletics,133,13,JP Sears,Griffin Canning,,9,Oakland Coliseum,night,1,3,False,,
745228,2024,2024-07-19,2024-07-20T02:10:00Z,R,Regular Season,N,1,Final,F,Houston Astros,117,3,Seattle Mariners,136,0,Hunter Brown,Luis Castillo,Josh Hader,9,T-Mobile Park,night,1,3,False,,
746123,2024,2024-07-19,2024-07-20T02:10:00Z,R,Regular Season,N,1,Final,F,Boston Red Sox,111,1,Los Angeles Dodgers,119,4,Ryan Yarbrough,Brennan Bernardino,Daniel Hudson,9,Dodger Stadium,night,1,3,False,,
745720,2024,2024-07-20,2024-07-20T17:05:00Z,R,Regular Season,N,1,Final,F,Tampa Bay Rays,139,9,New York Yankees,147,1,Taj Bradley,Nestor Cortes,,9,Yankee Stadium,day,2,4,False,,
747093,2024,2024-07-20,2024-07-20T17:07:00Z,R,Regular Season,S,1,Final,F,St. Louis Cardinals,138,2,Atlanta Braves,144,3,Pierce Johnson,Chris Roycroft,,10,Truist Park,day,1,3,False,,
744910,2024,2024-07-20,2024-07-20T19:07:00Z,R,Regular Season,N,1,Final,F,Detroit Tigers,116,7,Toronto Blue Jays,141,3,Alex Faedo,Yusei Kikuchi,,9,Rogers Centre,day,2,3,False,,
745638,2024,2024-07-20,2024-07-20T20:07:00Z,R,Regular Season,N,1,Final,F,Los Angeles Angels,108,2,Oakland Athletics,133,8,Mitch Spence,Jack Kochanowicz,,9,Oakland Coliseum,day,2,3,False,,
746041,2024,2024-07-20,2024-07-20T20:10:00Z,R,Regular Season,N,1,Final,F,New York Mets,121,1,Miami Marlins,146,0,Luis Severino,Roddery Muñoz,Edwin Díaz,9,loanDepot park,day,2,4,False,,
745478,2024,2024-07-20,2024-07-20T22:40:00Z,R,Regular Season,N,1,Final,F,Philadelphia Phillies,143,1,Pittsburgh Pirates,134,4,Luis Ortiz,Cristopher Sánchez,,9,PNC Park,night,2,3,False,,
744830,2024,2024-07-20,2024-07-20T22:45:00Z,R,Regular Season,N,1,Final,F,Cincinnati Reds,113,4,Washington Nationals,120,5,Derek Law,Justin Wilson,Kyle Finnegan,9,Nationals Park,night,2,3,False,,
744994,2024,2024-07-20,2024-07-20T23:05:00Z,R,Regular Season,N,1,Final,F,Baltimore Orioles,110,8,Texas Rangers,140,4,Grayson Rodriguez,Max Scherzer,,9,Globe Life Field,night,2,3,False,,
745880,2024,2024-07-20,2024-07-20T23:10:00Z,R,Regular Season,N,1,Final,F,Milwaukee Brewers,158,8,Minnesota Twins,142,4,Jakob Junis,Steven Okert,,12,Target Field,night,1,2,False,,
746286,2024,2024-07-20,2024-07-20T23:10:00Z,R,Regular Season,N,1,Final,F,Chicago White Sox,145,1,Kansas City Royals,118,6,Brady Singer,Jonathan Cannon,,9,Kauffman Stadium,night,2,3,False,,
746613,2024,2024-07-20,2024-07-20T23:10:00Z,R,Regular Season,N,1,Final,F,San Diego Padres,135,7,Cleveland Guardians,114,0,Dylan Cease,Gavin Williams,,9,Progressive Field,night,2,3,False,,
746121,2024,2024-07-20,2024-07-20T23:15:00Z,R,Regular Season,N,1,Final,F,Boston Red Sox,111,6,Los Angeles Dodgers,119,7,Blake Treinen,Greg Weissert,,11,Dodger Stadium,day,2,3,False,,
746852,2024,2024-07-20,2024-07-20T23:15:00Z,R,Regular Season,N,1,Final,F,Arizona Diamondbacks,109,3,Chicago Cubs,112,0,Zac Gallen,Kyle Hendricks,Paul Sewald,9,Wrigley Field,night,2,3,False,,
747096,2024,2024-07-20,2024-07-20T23:20:00Z,R,Regular Season,S,2,Final,F,St. Louis Cardinals,138,9,Atlanta Braves,144,5,Sonny Gray,Bryce Elder,Kyle Leahy,9,Truist Park,night,2,3,False,,
746527,2024,2024-07-20,2024-07-21T00:10:00Z,R,Regular Season,N,1,Final,F,San Francisco Giants,137,3,Colorado Rockies,115,4,Kyle Freeland,Logan Webb,Victor Vodnik,9,Coors Field,night,2,3,False,,
745229,2024,2024-07-20,2024-07-21T01:40:00Z,R,Regular Season,N,1,Final,F,Houston Astros,117,4,Seattle Mariners,136,2,Tayler Scott,Ryne Stanek,Josh Hader,9,T-Mobile Park,night,2,3,False,,
745882,2024,2024-07-21,2024-07-21T17:05:00Z,R,Regular Season,N,1,Final,F,Milwaukee Brewers,158,8,Minnesota Twins,142,7,Jared Koenig,Griffin Jax,Trevor Megill,9,Target Field,day,2,2,False,,
744831,2024,2024-07-21,2024-07-21T17:35:00Z,R,Regular Season,N,1,Final,F,Cincinnati Reds,113,2,Washington Nationals,120,5,Robert Garcia,Lucas Sims,Kyle Finnegan,9,Nationals Park,day,3,3,False,,
745470,2024,2024-07-21,2024-07-21T17:35:00Z,R,Regular Season,N,1,Final,F,Philadelphia Phillies,143,6,Pittsburgh Pirates,134,0,Tyler Phillips,Marco Gonzales,,9,PNC Park,day,3,3,False,,
745722,2024,2024-07-21,2024-07-21T17:35:00Z,R,Regular Season,N,1,Final,F,Tampa Bay Rays,139,6,New York Yankees,147,4,Garrett Cleavinger,Marcus Stroman,Pete Fairbanks,9,Yankee Stadium,day,3,4,False,,
747094,2024,2024-07-21,2024-07-21T17:35:00Z,R,Regular Season,N,1,Final,F,St. Louis Cardinals,138,6,Atlanta Braves,144,2,Miles Mikolas,Spencer Schwellenbach,,9,Truist Park,day,3,3,False,,
744909,2024,2024-07-21,2024-07-21T17:37:00Z,R,Regular Season,N,1,Final,F,Detroit Tigers,116,4,Toronto Blue Jays,141,5,Kevin Gausman,Keider Montero,Chad Green,9,Rogers Centre,day,3,3,False,,
746042,2024,2024-07-21,2024-07-21T17:40:00Z,R,Regular Season,N,1,Final,F,New York Mets,121,2,Miami Marlins,146,4,Declan Cronin,Christian Scott,Tanner Scott,9,loanDepot park,day,3,4,False,,
746610,2024,2024-07-21,2024-07-21T17:40:00Z,R,Regular Season,N,1,Final,F,San Diego Padres,135,2,Cleveland Guardians,114,1,Michael King,Ben Lively,Robert Suarez,9,Progressive Field,day,3,3,False,,
746287,2024,2024-07-21,2024-07-21T18:10:00Z,R,Regular Season,N,1,Final,F,Chicago White Sox,145,1,Kansas City Royals,118,4,Seth Lugo,John Brebbia,,9,Kauffman Stadium,day,3,3,False,,
746853,2024,2024-07-21,2024-07-21T18:20:00Z,R,Regular Season,N,1,Final,F,Arizona Diamondbacks,109,1,Chicago Cubs,112,2,Héctor Neris,Joe Mantiply,,10,Wrigley Field,day,3,3,False,,
744991,2024,2024-07-21,2024-07-21T18:35:00Z,R,Regular Season,N,1,Final,F,Baltimore Orioles,110,2,Texas Rangers,140,3,Andrew Heaney,Dean Kremer,Kirby Yates,9,Globe Life Field,day,3,3,False,,
746528,2024,2024-07-21,2024-07-21T19:10:00Z,R,Regular Season,N,1,Final,F,San Francisco Giants,137,3,Colorado Rockies,115,2,Hayden Birdsong,Ryan Feltner,Camilo Doval,9,Coors Field,day,3,3,False,,
745633,2024,2024-07-21,2024-07-21T20:07:00Z,R,Regular Season,N,1,Final,F,Los Angeles Angels,108,8,Oakland Athletics,133,5,Luis García,Lucas Erceg,Carlos Estévez,9,Oakland Coliseum,day,3,3,False,,
745230,2024,2024-07-21,2024-07-21T20:10:00Z,R,Regular Season,N,1,Final,F,Houston Astros,117,4,Seattle Mariners,136,6,Bryan Woo,Ronel Blanco,Andrés Muñoz,9,T-Mobile Park,day,3,3,False,,
746125,2024,2024-07-21,2024-07-21T23:10:00Z,R,Regular Season,N,1,Final,F,Boston Red Sox,111,6,Los Angeles Dodgers,119,9,James Paxton,Kutter Crawford,Daniel Hudson,9,Dodger Stadium,day,3,3,False,,
745717,2024,2024-07-22,2024-07-22T17:05:00Z,R,Regular Season,N,1,Final,F,Tampa Bay Rays,139,1,New York Yankees,147,9,Carlos Rodón,Zack Littell,,9,Yankee Stadium,day,4,4,False,,
745473,2024,2024-07-22,2024-07-22T22:40:00Z,R,Regular Season,N,1,Final,F,St. Louis Cardinals,138,1,Pittsburgh Pirates,134,2,Aroldis Chapman,John King,David Bednar,9,PNC Park,night,1,3,False,,
746034,2024,2024-07-22,2024-07-22T22:40:00Z,R,Regular Season,N,1,Final,F,New York Mets,121,6,Miami Marlins,146,4,David Peterson,Yonny Chirinos,Edwin Díaz,9,loanDepot park,night,4,4,False,,
746612,2024,2024-07-22,2024-07-22T22:40:00Z,R,Regular Season,N,1,Final,F,Detroit Tigers,116,8,Cleveland Guardians,114,2,Tarik Skubal,Carlos Carrasco,,9,Progressive Field,night,1,4,False,,
747095,2024,2024-07-22,2024-07-22T23:20:00Z,R,Regular Season,N,1,Final,F,Cincinnati Reds,113,4,Atlanta Braves,144,1,Hunter Greene,Reynaldo López,,9,Truist Park,night,1,2,False,,
745881,2024,2024-07-22,2024-07-22T23:40:00Z,R,Regular Season,N,1,Final,F,Philadelphia Phillies,143,2,Minnesota Twins,142,7,Bailey Ober,Ranger Suarez,Cole Sands,9,Target Field,night,1,3,False,,
744988,2024,2024-07-22,2024-07-23T00:05:00Z,R,Regular Season,N,1,Final,F,Chicago White Sox,145,3,Texas Rangers,140,4,Jonathan Hernández,Steven Wilson,,10,Globe Life Field,night,1,4,False,,
746850,2024,2024-07-22,2024-07-23T00:05:00Z,R,Regular Season,N,1,Final,F,Milwaukee Brewers,158,1,Chicago Cubs,112,3,Drew Smyly,Tobias Myers,Héctor Neris,9,Wrigley Field,night,1,3,False,,
746280,2024,2024-07-22,2024-07-23T00:10:00Z,R,Regular Season,N,1,Final,F,Arizona Diamondbacks,109,4,Kansas City Royals,118,10,Cole Ragans,Yilber Díaz,,9,Kauffman Stadium,night,1,3,False,,
746526,2024,2024-07-22,2024-07-23T00:40:00Z,R,Regular Season,N,1,Final,F,Boston Red Sox,111,8,Colorado Rockies,115,9,Justin Lawrence,Bailey Horn,,12,Coors Field,night,1,3,False,,
745232,2024,2024-07-22,2024-07-23T01:40:00Z,R,Regular Season,N,1,Final,F,Los Angeles Angels,108,3,Seattle Mariners,136,1,Luis García,Trent Thornton,Carlos Estévez,9,T-Mobile Park,night,1,3,False,,
745635,2024,2024-07-22,2024-07-23T01:40:00Z,R,Regular Season,N,1,Final,F,Houston Astros,117,0,Oakland Athletics,133,4,Hogan Harris,Spencer Arrighetti,,9,Oakland Coliseum,night,1,3,False,,
746124,2024,2024-07-22,2024-07-23T02:10:00Z,R,Regular Season,N,1,Final,F,San Francisco Giants,137,2,Los Angeles Dodgers,119,3,Blake Treinen,Erik Miller,Daniel Hudson,9,Dodger Stadium,night,1,4,False,,
745475,2024,2024-07-23,2024-07-23T22:40:00Z,R,Regular Season,N,1,Final,F,St. Louis Cardinals,138,2,Pittsburgh Pirates,134,1,Ryan Fernandez,Paul Skenes,Ryan Helsley,9,PNC Park,night,2,3,False,,
746036,2024,2024-07-23,2024-07-23T22:40:00Z,R,Regular Season,N,1,Final,F,Baltimore Orioles,110,3,Miami Marlins,146,6,A.J. Puk,Albert Suárez,Tanner Scott,9,loanDepot park,night,1,3,False,,
746614,2024,2024-07-23,2024-07-23T22:40:00Z,R,Regular Season,N,1,Final,F,Detroit Tigers,116,4,Cleveland Guardians,114,5,Cade Smith,Joey Wentz,Emmanuel Clase,9,Progressive Field,night,2,4,False,,
744828,2024,2024-07-23,2024-07-23T22:45:00Z,R,Regular Season,N,1,Final,F,San Diego Padres,135,4,Washington Nationals,120,0,Randy Vásquez,DJ Herz,,9,Nationals Park,night,1,3,False,,
745715,2024,2024-07-23,2024-07-23T23:05:00Z,R,Regular Season,N,1,Final,F,New York Mets,121,3,New York Yankees,147,2,Jose Quintana,Michael Tonkin,Jake Diekman,9,Yankee Stadium,night,1,2,False,,
744904,2024,2024-07-23,2024-07-23T23:07:00Z,R,Regular Season,N,1,Final,F,Tampa Bay Rays,139,4,Toronto Blue Jays,141,2,Tyler Alexander,José Berríos,Pete Fairbanks,9,Rogers Centre,night,1,3,False,,
745878,2024,2024-07-23,2024-07-23T23:40:00Z,R,Regular Season,N,1,Final,F,Philadelphia Phillies,143,3,Minnesota Twins,142,0,Gregory Soto,Jhoan Duran,Matt Strahm,9,Target Field,night,2,3,False,,
744985,2024,2024-07-23,2024-07-24T00:05:00Z,R,Regular Season,N,1,Final,F,Chicago White Sox,145,2,Texas Rangers,140,3,Jon Gray,Garrett Crochet,Kirby Yates,9,Globe Life Field,night,2,4,False,,
746848,2024,2024-07-23,2024-07-24T00:05:00Z,R,Regular Season,N,1,Final,F,Milwaukee Brewers,158,1,Chicago Cubs,112,0,Elvis Peguero,Jameson Taillon,Trevor Megill,9,Wrigley Field,night,2,3,False,,
746281,2024,2024-07-23,2024-07-24T00:10:00Z,R,Regular Season,N,1,Final,F,Arizona Diamondbacks,109,6,Kansas City Royals,118,2,Jordan Montgomery,Alec Marsh,,9,Kauffman Stadium,night,2,3,False,,
746524,2024,2024-07-23,2024-07-24T00:40:00Z,R,Regular Season,N,1,Final,F,Boston Red Sox,111,6,Colorado Rockies,115,0,Cooper Criswell,Ty Blach,,9,Coors Field,night,2,3,False,,
745227,2024,2024-07-23,2024-07-24T01:40:00Z,R,Regular Season,N,1,Final,F,Los Angeles Angels,108,5,Seattle Mariners,136,1,José Soriano,Logan Gilbert,,9,T-Mobile Park,night,2,3,False,,
745632,2024,2024-07-23,2024-07-24T01:40:00Z,R,Regular Season,N,1,Final,F,Houston Astros,117,2,Oakland Athletics,133,8,Osvaldo Bido,Jake Bloss,,9,Oakland Coliseum,night,2,3,False,,
746118,2024,2024-07-23,2024-07-24T02:10:00Z,R,Regular Season,N,1,Final,F,San Francisco Giants,137,2,Los Angeles Dodgers,119,5,Landon Knack,Jordan Hicks,Evan Phillips,9,Dodger Stadium,night,2,4,False,,
747091,2024,2024-07-24,2024-07-24T16:20:00Z,R,Regular Season,S,1,Final,F,Cincinnati Reds,113,9,Atlanta Braves,144,4,Sam Moll,Allan Winans,,9,Truist Park,day,2,2,False,,
745472,2024,2024-07-24,2024-07-24T16:35:00Z,R,Regular Season,N,1,Final,F,St. Louis Cardinals,138,0,Pittsburgh Pirates,134,5,Martín Pérez,Matthew Liberatore,,9,PNC Park,day,3,3,False,,
745877,2024,2024-07-24,2024-07-24T17:10:00Z,R,Regular Season,N,1,Final,F,Philadelphia Phillies,143,4,Minnesota Twins,142,5,Jhoan Duran,Gregory Soto,,9,Target Field,day,3,3,False,,
746851,2024,2024-07-24,2024-07-24T18:20:00Z,R,Regular Season,N,1,Final,F,Milwaukee Brewers,158,3,Chicago Cubs,112,2,Jakob Junis,Héctor Neris,Joel Payamps,9,Wrigley Field,day,3,3,False,,
746525,2024,2024-07-24,2024-07-24T19:10:00Z,R,Regular Season,N,1,Final,F,Boston Red Sox,111,7,Colorado Rockies,115,20,Cal Quantrill,Nick Pivetta,,9,Coors Field,day,3,3,False,,
745634,2024,2024-07-24,2024-07-24T19:37:00Z,R,Regular Season,N,1,Final,F,Houston Astros,117,8,Oakland Athletics,133,1,Hunter Brown,JP Sears,,9,Oakland Coliseum,day,3,3,False,,
745231,2024,2024-07-24,2024-07-24T19:40:00Z,R,Regular Season,N,1,Final,F,Los Angeles Angels,108,2,Seattle Mariners,136,1,Hans Crouse,Gregory Santos,Carlos Estévez,9,T-Mobile Park,day,3,3,False,,
746035,2024,2024-07-24,2024-07-24T22:40:00Z,R,Regular Season,N,1,Final,F,Baltimore Orioles,110,3,Miami Marlins,146,6,Andrew Nardi,Jacob Webb,Tanner Scott,9,loanDepot park,night,2,3,False,,
746611,2024,2024-07-24,2024-07-24T22:40:00Z,R,Regular Season,N,1,Final,F,Detroit Tigers,116,1,Cleveland Guardians,114,2,Hunter Gaddis,Beau Brieske,Emmanuel Clase,9,Progressive Field,night,3,4,False,,
744824,2024,2024-07-24,2024-07-24T22:45:00Z,R,Regular Season,N,1,Final,F,San Diego Padres,135,12,Washington Nationals,120,3,Matt Waldron,Mitchell Parker,,9,Nationals Park,night,2,3,False,,
745716,2024,2024-07-24,2024-07-24T23:05:00Z,R,Regular Season,N,1,Final,F,New York Mets,121,12,New York Yankees,147,3,Adam Ottavino,Gerrit Cole,,9,Yankee Stadium,night,2,2,False,,
744905,2024,2024-07-24,2024-07-24T23:07:00Z,R,Regular Season,N,1,Final,F,Tampa Bay Rays,139,3,Toronto Blue Jays,141,6,Génesis Cabrera,Jason Adam,,9,Rogers Centre,night,2,3,False,,
744989,2024,2024-07-24,2024-07-25T00:05:00Z,R,Regular Season,N,1,Final,F,Chicago White Sox,145,2,Texas Rangers,140,10,Nathan Eovaldi,Chris Flexen,,9,Globe Life Field,night,3,4,False,,
746279,2024,2024-07-24,2024-07-25T00:10:00Z,R,Regular Season,N,1,Final,F,Arizona Diamondbacks,109,8,Kansas City Royals,118,6,Joe Mantiply,James McArthur,,9,Kauffman Stadium,night,3,3,False,,
746119,2024,2024-07-24,2024-07-25T02:10:00Z,R,Regular Season,N,1,Final,F,San Francisco Giants,137,8,Los Angeles Dodgers,119,3,Robbie Ray,Tyler Glasnow,,9,Dodger Stadium,night,3,4,False,,
744827,2024,2024-07-25,2024-07-25T16:05:00Z,R,Regular Season,N,1,Final,F,San Diego Padres,135,3,Washington Nationals,120,0,Dylan Cease,Patrick Corbin,,9,Nationals Park,day,3,3,False,,
746037,2024,2024-07-25,2024-07-25T16:10:00Z,R,Regular Season,N,1,Final,F,Baltimore Orioles,110,7,Miami Marlins,146,6,Yennier Cano,Calvin Faucher,Cionel Pérez,10,loanDepot park,day,3,3,False,,
746609,2024,2024-07-25,2024-07-25T17:10:00Z,R,Regular Season,N,1,Final,F,Detroit Tigers,116,3,Cleveland Guardians,114,0,Easton Lucas,Gavin Williams,Shelby Miller,9,Progressive Field,day,4,4,False,,
744984,2024,2024-07-25,2024-07-25T18:35:00Z,R,Regular Season,N,1,Final,F,Chicago White Sox,145,1,Texas Rangers,140,2,Max Scherzer,Jonathan Cannon,David Robertson,9,Globe Life Field,day,4,4,False,,
744907,2024,2024-07-25,2024-07-25T19:07:00Z,R,Regular Season,N,1,Final,F,Tampa Bay Rays,139,13,Toronto Blue Jays,141,0,Taj Bradley,Chris Bassitt,,9,Rogers Centre,day,3,3,False,,
746117,2024,2024-07-25,2024-07-25T20:10:00Z,R,Regular Season,N,1,Final,F,San Francisco Giants,137,4,Los Angeles Dodgers,119,6,Blake Treinen,Tyler Rogers,Brent Honeywell,9,Dodger Stadium,day,4,4,False,,
745794,2024,2024-07-25,2024-07-25T23:10:00Z,R,Regular Season,N,1,Final,F,Atlanta Braves,144,2,New York Mets,121,3,Phil Maton,Pierce Johnson,,10,Citi Field,night,1,4,False,,
746199,2024,2024-07-25,2024-07-26T01:38:00Z,R,Regular Season,N,1,Final,F,Oakland Athletics,133,6,Los Angeles Angels,108,5,Ross Stripling,Kenny Rosenberg,Tyler Ferguson,9,Angel Stadium,night,1,4,False,,
745554,2024,2024-07-26,2024-07-26T22:40:00Z,R,Regular Season,N,1,Final,F,Cleveland Guardians,114,3,Philadelphia Phillies,143,1,Ben Lively,Cristopher Sánchez,Emmanuel Clase,9,Citizens Bank Park,night,1,3,False,,
746448,2024,2024-07-26,2024-07-26T22:40:00Z,R,Regular Season,N,1,Final,F,Minnesota Twins,142,9,Detroit Tigers,116,3,Pablo López,Keider Montero,,9,Comerica Park,night,1,3,False,,
745068,2024,2024-07-26,2024-07-26T22:50:00Z,R,Regular Season,N,1,Final,F,Cincinnati Reds,113,3,Tampa Bay Rays,139,2,Nick Martinez,Manuel Rodríguez,Alexis Díaz,10,Tropicana Field,night,1,3,False,,
747010,2024,2024-07-26,2024-07-26T23:05:00Z,R,Regular Season,N,1,Final,F,San Diego Padres,135,6,Baltimore Orioles,110,4,Robert Suarez,Craig Kimbrel,,9,Oriole Park at Camden Yards,night,1,3,False,,
744906,2024,2024-07-26,2024-07-26T23:07:00Z,R,Regular Season,N,1,Final,F,Texas Rangers,140,5,Toronto Blue Jays,141,6,Chad Green,Josh Sborz,,9,Rogers Centre,night,1,3,False,,
745792,2024,2024-07-26,2024-07-26T23:10:00Z,R,Regular Season,N,1,Final,F,Atlanta Braves,144,4,New York Mets,121,8,Kodai Senga,Charlie Morton,,9,Citi Field,night,2,4,False,,
746933,2024,2024-07-26,2024-07-26T23:10:00Z,R,Regular Season,N,1,Final,F,New York Yankees,147,7,Boston Red Sox,111,9,Bailey Horn,Luke Weaver,Kenley Jansen,9,Fenway Park,night,1,3,False,,
745964,2024,2024-07-26,2024-07-27T00:10:00Z,R,Regular Season,N,1,Final,F,Miami Marlins,146,6,Milwaukee Brewers,158,2,Trevor Rogers,Freddy Peralta,,9,American Family Field,night,1,3,False,,
746277,2024,2024-07-26,2024-07-27T00:10:00Z,R,Regular Season,N,1,Final,F,Chicago Cubs,112,0,Kansas City Royals,118,6,Brady Singer,Kyle Hendricks,,9,Kauffman Stadium,night,1,3,False,,
746361,2024,2024-07-26,2024-07-27T00:10:00Z,R,Regular Season,N,1,Final,F,Los Angeles Dodgers,119,0,Houston Astros,117,5,Framber Valdez,Gavin Stone,,9,Minute Maid Park,night,1,3,False,,
746767,2024,2024-07-26,2024-07-27T00:10:00Z,R,Regular Season,N,1,Final,F,Seattle Mariners,136,10,Chicago White Sox,145,0,George Kirby,Drew Thorpe,,9,Guaranteed Rate Field,night,1,3,False,,
745146,2024,2024-07-26,2024-07-27T00:15:00Z,R,Regular Season,N,1,Final,F,Washington Nationals,120,10,St. Louis Cardinals,138,8,Jacob Barnes,Ryan Fernandez,,10,Busch Stadium,night,1,3,False,,
746200,2024,2024-07-26,2024-07-27T01:38:00Z,R,Regular Season,N,1,Final,F,Oakland Athletics,133,5,Los Angeles Angels,108,4,Paul Blackburn,Hans Crouse,Lucas Erceg,9,Angel Stadium,night,2,4,False,,
747174,2024,2024-07-26,2024-07-27T01:40:00Z,R,Regular Season,N,1,Final,F,Pittsburgh Pirates,134,3,Arizona Diamondbacks,109,4,Zac Gallen,Carmen Mlodzinski,Paul Sewald,9,Chase Field,night,1,3,False,,
745315,2024,2024-07-26,2024-07-27T02:15:00Z,R,Regular Season,N,1,Final,F,Colorado Rockies,115,4,San Francisco Giants,137,11,Kyle Harrison,Kyle Freeland,,9,Oracle Park,night,1,4,False,,
744908,2024,2024-07-27,2024-07-27T19:07:00Z,R,Regular Season,N,1,Final,F,Texas Rangers,140,3,Toronto Blue Jays,141,7,Kevin Gausman,Michael Lorenzen,,9,Rogers Centre,day,2,3,False,,
747006,2024,2024-07-27,2024-07-27T20:05:00Z,R,Regular Season,N,1,Final,F,San Diego Padres,135,9,Baltimore Orioles,110,4,Michael King,Dean Kremer,,9,Oriole Park at Camden Yards,day,2,3,False,,
745059,2024,2024-07-27,2024-07-27T20:10:00Z,R,Regular Season,N,1,Final,F,Cincinnati Reds,113,0,Tampa Bay Rays,139,4,Zack Littell,Andrew Abbott,,9,Tropicana Field,day,2,3,False,,
745793,2024,2024-07-27,2024-07-27T20:10:00Z,R,Regular Season,N,1,Final,F,Atlanta Braves,144,4,New York Mets,121,0,Spencer Schwellenbach,Tylor Megill,,9,Citi Field,day,3,4,False,,
745553,2024,2024-07-27,2024-07-27T22:05:00Z,R,Regular Season,N,1,Final,F,Cleveland Guardians,114,0,Philadelphia Phillies,143,8,Tyler Phillips,Carlos Carrasco,,9,Citizens Bank Park,night,2,3,False,,
746446,2024,2024-07-27,2024-07-27T22:10:00Z,R,Regular Season,N,1,Final,F,Minnesota Twins,142,2,Detroit Tigers,116,7,Tarik Skubal,Joe Ryan,,9,Comerica Park,night,2,3,False,,
745307,2024,2024-07-27,2024-07-27T23:05:00Z,R,Regular Season,Y,1,Final,F,Colorado Rockies,115,1,San Francisco Giants,137,4,Ryan Walker,Justin Lawrence,Camilo Doval,9,Oracle Park,night,2,4,False,,
745310,2024,2024-07-27,2024-07-27T23:10:00Z,R,Regular Season,Y,2,Final,F,Colorado Rockies,115,0,San Francisco Giants,137,5,Hayden Birdsong,Tanner Gordon,,9,Oracle Park,night,3,4,False,,
745966,2024,2024-07-27,2024-07-27T23:10:00Z,R,Regular Season,N,1,Final,F,Miami Marlins,146,7,Milwaukee Brewers,158,3,Bryan Hoeing,Jared Koenig,,9,American Family Field,night,2,3,False,,
746278,2024,2024-07-27,2024-07-27T23:10:00Z,R,Regular Season,N,1,Final,F,Chicago Cubs,112,9,Kansas City Royals,118,4,Julian Merryweather,Seth Lugo,,9,Kauffman Stadium,night,2,3,False,,
746362,2024,2024-07-27,2024-07-27T23:10:00Z,R,Regular Season,N,1,Final,F,Los Angeles Dodgers,119,6,Houston Astros,117,7,Josh Hader,Blake Treinen,,9,Minute Maid Park,night,2,3,False,,
745150,2024,2024-07-27,2024-07-27T23:15:00Z,R,Regular Season,N,1,Final,F,Washington Nationals,120,14,St. Louis Cardinals,138,3,Jake Irvin,Kyle Gibson,,9,Busch Stadium,night,2,3,False,,
746768,2024,2024-07-27,2024-07-27T23:15:00Z,R,Regular Season,N,1,Final,F,Seattle Mariners,136,6,Chicago White Sox,145,3,Collin Snider,Erick Fedde,Andrés Muñoz,9,Guaranteed Rate Field,night,2,3,False,,
746931,2024,2024-07-27,2024-07-27T23:15:00Z,R,Regular Season,N,1,Final,F,New York Yankees,147,11,Boston Red Sox,111,8,Clay Holmes,Chase Anderson,,10,Fenway Park,night,2,3,False,,
747171,2024,2024-07-27,2024-07-28T00:10:00Z,R,Regular Season,N,1,Final,F,Pittsburgh Pirates,134,5,Arizona Diamondbacks,109,9,Brandon Pfaadt,Quinn Priester,,9,Chase Field,night,2,3,False,,
746203,2024,2024-07-27,2024-07-28T01:38:00Z,R,Regular Season,N,1,Final,F,Oakland Athletics,133,3,Los Angeles Angels,108,1,Mitch Spence,Tyler Anderson,Tyler Ferguson,9,Angel Stadium,night,3,4,False,,
745063,2024,2024-07-28,2024-07-28T15:35:00Z,R,Regular Season,N,1,Final,F,Cincinnati Reds,113,1,Tampa Bay Rays,139,2,Garrett Cleavinger,Fernando Cruz,Pete Fairbanks,9,Tropicana Field,day,3,3,False,,
745550,2024,2024-07-28,2024-07-28T17:35:00Z,R,Regular Season,N,1,Final,F,Cleveland Guardians,114,4,Philadelphia Phillies,143,3,Tim Herrin,José Alvarado,Emmanuel Clase,9,Citizens Bank Park,day,3,3,False,,
747008,2024,2024-07-28,2024-07-28T17:35:00Z,R,Regular Season,N,1,Final,F,San Diego Padres,135,6,Baltimore Orioles,110,8,Cionel Pérez,Randy Vásquez,Yennier Cano,9,Oriole Park at Camden Yards,day,3,3,False,,
744902,2024,2024-07-28,2024-07-28T17:37:00Z,R,Regular Season,N,1,Final,F,Texas Rangers,140,3,Toronto Blue Jays,141,7,José Berríos,Jonathan Hernández,Zach Pop,9,Rogers Centre,day,3,3,False,,
745795,2024,2024-07-28,2024-07-28T17:40:00Z,R,Regular Season,N,1,Final,F,Atlanta Braves,144,9,New York Mets,121,2,Dylan Lee,David Peterson,,9,Citi Field,day,4,4,False,,
746445,2024,2024-07-28,2024-07-28T17:40:00Z,R,Regular Season,N,1,Final,F,Minnesota Twins,142,5,Detroit Tigers,116,0,Bailey Ober,Alex Faedo,,9,Comerica Park,day,3,3,False,,
745961,2024,2024-07-28,2024-07-28T18:10:00Z,R,Regular Season,N,1,Final,F,Miami Marlins,146,2,Milwaukee Brewers,158,6,Jakob Junis,Kyle Tyler,,9,American Family Field,day,3,3,False,,
746274,2024,2024-07-28,2024-07-28T18:10:00Z,R,Regular Season,N,1,Final,F,Chicago Cubs,112,7,Kansas City Royals,118,3,Javier Assad,Cole Ragans,,9,Kauffman Stadium,day,3,3,False,,
746364,2024,2024-07-28,2024-07-28T18:10:00Z,R,Regular Season,N,1,Final,F,Los Angeles Dodgers,119,6,Houston Astros,117,2,River Ryan,Spencer Arrighetti,,9,Minute Maid Park,day,3,3,False,,
746770,2024,2024-07-28,2024-07-28T18:10:00Z,R,Regular Season,N,1,Final,F,Seattle Mariners,136,6,Chicago White Sox,145,3,Bryce Miller,Garrett Crochet,Andrés Muñoz,9,Guaranteed Rate Field,day,3,3,False,,
745145,2024,2024-07-28,2024-07-28T18:15:00Z,R,Regular Season,N,1,Final,F,Washington Nationals,120,3,St. Louis Cardinals,138,4,Ryan Helsley,Dylan Floro,,9,Busch Stadium,day,3,3,False,,
745305,2024,2024-07-28,2024-07-28T20:05:00Z,R,Regular Season,N,1,Final,F,Colorado Rockies,115,4,San Francisco Giants,137,5,Randy Rodríguez,Austin Gomber,Camilo Doval,9,Oracle Park,day,4,4,False,,
746195,2024,2024-07-28,2024-07-28T20:07:00Z,R,Regular Season,N,1,Final,F,Oakland Athletics,133,6,Los Angeles Angels,108,8,Roansy Contreras,Osvaldo Bido,Luis García,9,Angel Stadium,day,4,4,False,,
747173,2024,2024-07-28,2024-07-28T20:10:00Z,R,Regular Season,N,1,Final,F,Pittsburgh Pirates,134,6,Arizona Diamondbacks,109,5,Aroldis Chapman,Justin Martinez,,10,Chase Field,day,3,3,False,,
746929,2024,2024-07-28,2024-07-28T23:10:00Z,R,Regular Season,N,1,Final,F,New York Yankees,147,8,Boston Red Sox,111,2,Carlos Rodón,Tanner Houck,,9,Fenway Park,night,3,3,False,,
747007,2024,2024-07-29,2024-07-29T19:05:00Z,R,Regular Season,Y,1,Final,F,Toronto Blue Jays,141,5,Baltimore Orioles,110,11,Zach Eflin,Yariel Rodríguez,,9,Oriole Park at Camden Yards,day,1,4,False,,
747039,2024,2024-07-29,2024-07-29T19:10:00Z,R,Regular Season,Y,2,Final,F,Toronto Blue Jays,141,8,Baltimore Orioles,110,4,Bowden Francis,Cade Povich,,9,Oriole Park at Camden Yards,day,2,4,False,,
745547,2024,2024-07-29,2024-07-29T22:40:00Z,R,Regular Season,N,1,Final,F,New York Yankees,147,14,Philadelphia Phillies,143,4,Luis Gil,Zack Wheeler,,9,Citizens Bank Park,night,1,3,False,,
746444,2024,2024-07-29,2024-07-29T22:40:00Z,R,Regular Season,N,1,Final,F,Cleveland Guardians,114,8,Detroit Tigers,116,4,Tanner Bibee,Beau Brieske,,9,Comerica Park,night,1,2,False,,
745791,2024,2024-07-29,2024-07-29T23:10:00Z,R,Regular Season,N,1,Final,F,Minnesota Twins,142,2,New York Mets,121,15,Jose Quintana,Simeon Woods Richardson,José Buttó,9,Citi Field,night,1,3,False,,
746684,2024,2024-07-29,2024-07-29T23:10:00Z,R,Regular Season,N,1,Final,F,Chicago Cubs,112,1,Cincinnati Reds,113,7,Carson Spiers,Jameson Taillon,,9,Great American Ball Park,night,1,3,False,,
746928,2024,2024-07-29,2024-07-29T23:10:00Z,R,Regular Season,N,1,Final,F,Seattle Mariners,136,7,Boston Red Sox,111,14,Nick Pivetta,Logan Gilbert,,9,Fenway Park,night,1,3,False,,
745147,2024,2024-07-29,2024-07-29T23:45:00Z,R,Regular Season,N,1,Final,F,Texas Rangers,140,6,St. Louis Cardinals,138,3,Nathan Eovaldi,Andre Pallante,Kirby Yates,9,Busch Stadium,night,1,3,False,,
745959,2024,2024-07-29,2024-07-30T00:10:00Z,R,Regular Season,N,1,Final,F,Atlanta Braves,144,3,Milwaukee Brewers,158,8,Hoby Milner,Jesse Chavez,,9,American Family Field,night,1,3,False,,
746360,2024,2024-07-29,2024-07-30T00:10:00Z,R,Regular Season,N,1,Final,F,Pittsburgh Pirates,134,5,Houston Astros,117,3,Aroldis Chapman,Josh Hader,David Bednar,9,Minute Maid Park,night,1,3,False,,
746765,2024,2024-07-29,2024-07-30T00:10:00Z,R,Regular Season,N,1,Final,F,Kansas City Royals,118,8,Chicago White Sox,145,5,Chris Stratton,John Brebbia,James McArthur,9,Guaranteed Rate Field,night,1,3,False,,
747172,2024,2024-07-29,2024-07-30T01:40:00Z,R,Regular Season,N,1,Final,F,Washington Nationals,120,8,Arizona Diamondbacks,109,9,Joe Mantiply,Kyle Finnegan,,9,Chase Field,night,1,3,False,,
746441,2024,2024-07-30,2024-07-30T17:10:00Z,R,Regular Season,N,1,Final,F,Cleveland Guardians,114,5,Detroit Tigers,116,0,Gavin Williams,Alex Faedo,,9,Comerica Park,day,2,2,False,,
747005,2024,2024-07-30,2024-07-30T22:35:00Z,R,Regular Season,N,1,Final,F,Toronto Blue Jays,141,2,Baltimore Orioles,110,6,Corbin Burnes,Chris Bassitt,,9,Oriole Park at Camden Yards,night,3,4,False,,
745546,2024,2024-07-30,2024-07-30T22:40:00Z,R,Regular Season,N,1,Final,F,New York Yankees,147,7,Philadelphia Phillies,143,6,Michael Tonkin,Orion Kerkering,,12,Citizens Bank Park,night,2,3,False,,
745060,2024,2024-07-30,2024-07-30T22:50:00Z,R,Regular Season,N,1,Final,F,Miami Marlins,146,3,Tampa Bay Rays,139,9,Tyler Alexander,Declan Cronin,,9,Tropicana Field,night,1,2,False,,
745787,2024,2024-07-30,2024-07-30T23:10:00Z,R,Regular Season,N,1,Final,F,Minnesota Twins,142,0,New York Mets,121,2,Sean Manaea,David Festa,Edwin Díaz,9,Citi Field,night,2,3,False,,
746683,2024,2024-07-30,2024-07-30T23:10:00Z,R,Regular Season,N,1,Final,F,Chicago Cubs,112,3,Cincinnati Reds,113,6,Nick Martinez,Justin Steele,Alexis Díaz,9,Great American Ball Park,night,2,3,False,,
746926,2024,2024-07-30,2024-07-30T23:10:00Z,R,Regular Season,N,1,Final,F,Seattle Mariners,136,10,Boston Red Sox,111,6,Luis Castillo,James Paxton,,9,Fenway Park,night,2,3,False,,
745149,2024,2024-07-30,2024-07-30T23:45:00Z,R,Regular Season,N,1,Final,F,Texas Rangers,140,1,St. Louis Cardinals,138,8,Lance Lynn,Max Scherzer,,9,Busch Stadium,night,2,3,False,,
745958,2024,2024-07-30,2024-07-31T00:10:00Z,R,Regular Season,N,1,Final,F,Atlanta Braves,144,5,Milwaukee Brewers,158,1,Bryce Elder,Joe Ross,,9,American Family Field,night,2,3,False,,
746365,2024,2024-07-30,2024-07-31T00:10:00Z,R,Regular Season,N,1,Final,F,Pittsburgh Pirates,134,6,Houston Astros,117,2,Bailey Falter,Hunter Brown,,9,Minute Maid Park,night,2,3,False,,
746763,2024,2024-07-30,2024-07-31T00:10:00Z,R,Regular Season,N,1,Final,F,Kansas City Royals,118,4,Chicago White Sox,145,3,Michael Wacha,Fraser Ellard,Sam Long,9,Guaranteed Rate Field,night,2,3,False,,
746197,2024,2024-07-30,2024-07-31T01:38:00Z,R,Regular Season,N,1,Final,F,Colorado Rockies,115,7,Los Angeles Angels,108,10,José Quijada,Jake Bird,Hunter Strickland,9,Angel Stadium,night,1,3,False,,
745389,2024,2024-07-30,2024-07-31T01:40:00Z,R,Regular Season,N,1,Final,F,Los Angeles Dodgers,119,5,San Diego Padres,135,6,Robert Suarez,Alex Vesia,,10,Petco Park,night,1,2,False,,
747167,2024,2024-07-30,2024-07-31T01:40:00Z,R,Regular Season,N,1,Final,F,Washington Nationals,120,0,Arizona Diamondbacks,109,17,Ryne Nelson,Patrick Corbin,,9,Chase Field,night,2,3,False,,
745309,2024,2024-07-30,2024-07-31T01:45:00Z,R,Regular Season,N,1,Final,F,Oakland Athletics,133,5,San Francisco Giants,137,2,JP Sears,Robbie Ray,,9,Oracle Park,night,1,2,False,,
745061,2024,2024-07-31,2024-07-31T16:10:00Z,R,Regular Season,N,1,Final,F,Miami Marlins,146,6,Tampa Bay Rays,139,2,Roddery Muñoz,Taj Bradley,,9,Tropicana Field,day,2,2,False,,
745543,2024,2024-07-31,2024-07-31T16:35:00Z,R,Regular Season,N,1,Final,F,New York Yankees,147,6,Philadelphia Phillies,143,5,Nestor Cortes,Cristopher Sánchez,Clay Holmes,9,Citizens Bank Park,day,3,3,False,,
747003,2024,2024-07-31,2024-07-31T16:35:00Z,R,Regular Season,N,1,Final,F,Toronto Blue Jays,141,4,Baltimore Orioles,110,10,Grayson Rodriguez,Paolo Espino,,9,Oriole Park at Camden Yards,day,4,4,False,,
745789,2024,2024-07-31,2024-07-31T17:10:00Z,R,Regular Season,N,1,Final,F,Minnesota Twins,142,8,New York Mets,121,3,Pablo López,Luis Severino,,9,Citi Field,day,3,3,False,,
745960,2024,2024-07-31,2024-07-31T18:10:00Z,R,Regular Season,N,1,Final,F,Atlanta Braves,144,6,Milwaukee Brewers,158,2,Pierce Johnson,Jared Koenig,,9,American Family Field,day,3,3,False,,
746764,2024,2024-07-31,2024-07-31T18:10:00Z,R,Regular Season,N,1,Final,F,Kansas City Royals,118,10,Chicago White Sox,145,3,Brady Singer,Drew Thorpe,,9,Guaranteed Rate Field,day,3,3,False,,
745148,2024,2024-07-31,2024-07-31T18:15:00Z,R,Regular Season,N,1,Final,F,Texas Rangers,140,1,St. Louis Cardinals,138,10,Michael McGreevy,Andrew Heaney,,9,Busch Stadium,day,3,3,False,,
747170,2024,2024-07-31,2024-07-31T19:40:00Z,R,Regular Season,N,1,Final,F,Washington Nationals,120,4,Arizona Diamondbacks,109,5,Zac Gallen,MacKenzie Gore,Ryan Thompson,9,Chase Field,day,3,3,False,,
746925,2024,2024-07-31,2024-07-31T20:10:00Z,R,Regular Season,N,1,Final,F,Seattle Mariners,136,2,Boston Red Sox,111,3,Zack Kelly,Jhonathan Díaz,,10,Fenway Park,day,3,3,False,,
746678,2024,2024-07-31,2024-07-31T23:10:00Z,R,Regular Season,N,1,Final,F,Chicago Cubs,112,13,Cincinnati Reds,113,4,Kyle Hendricks,Nick Lodolo,,9,Great American Ball Park,night,3,3,False,,
746363,2024,2024-07-31,2024-08-01T00:10:00Z,R,Regular Season,N,1,Final,F,Pittsburgh Pirates,134,4,Houston Astros,117,5,Framber Valdez,Colin Holderman,Josh Hader,9,Minute Maid Park,night,3,3,False,,
745386,2024,2024-07-31,2024-08-01T00:40:00Z,R,Regular Season,N,1,Final,F,Los Angeles Dodgers,119,1,San Diego Padres,135,8,Dylan Cease,Clayton Kershaw,,9,Petco Park,night,2,2,False,,
746198,2024,2024-07-31,2024-08-01T01:38:00Z,R,Regular Season,N,1,Final,F,Colorado Rockies,115,2,Los Angeles Angels,108,1,Kyle Freeland,Hans Crouse,Victor Vodnik,9,Angel Stadium,night,2,3,False,,
745306,2024,2024-07-31,2024-08-01T01:45:00Z,R,Regular Season,N,1,Final,F,Oakland Athletics,133,0,San Francisco Giants,137,1,Logan Webb,Ross Stripling,,9,Oracle Park,night,2,2,False,,
746442,2024,2024-08-01,2024-08-01T22:40:00Z,R,Regular Season,N,1,Final,F,Kansas City Royals,118,7,Detroit Tigers,116,1,Seth Lugo,Keider Montero,,9,Comerica Park,night,1,4,False,,
746607,2024,2024-08-01,2024-08-01T22:40:00Z,R,Regular Season,N,1,Final,F,Baltimore Orioles,110,3,Cleveland Guardians,114,10,Ben Lively,Trevor Rogers,,9,Progressive Field,night,1,4,False,,
747092,2024,2024-08-01,2024-08-01T23:20:00Z,R,Regular Season,N,1,Final,F,Miami Marlins,146,2,Atlanta Braves,144,4,Charlie Morton,Max Meyer,Raisel Iglesias,9,Truist Park,night,1,4,False,,
746849,2024,2024-08-01,2024-08-02T00:05:00Z,R,Regular Season,N,1,Final,F,St. Louis Cardinals,138,4,Chicago Cubs,112,5,Nate Pearson,Ryan Helsley,,9,Wrigley Field,night,1,4,False,,
746196,2024,2024-08-01,2024-08-02T01:38:00Z,R,Regular Season,N,1,Final,F,Colorado Rockies,115,5,Los Angeles Angels,108,4,Victor Vodnik,Hans Crouse,Tyler Kinley,10,Angel Stadium,night,3,3,False,,
746845,2024,2024-08-02,2024-08-02T18:20:00Z,R,Regular Season,N,1,Final,F,St. Louis Cardinals,138,3,Chicago Cubs,112,6,Tyson Miller,Erick Fedde,Héctor Neris,9,Wrigley Field,day,2,4,False,,
745471,2024,2024-08-02,2024-08-02T22:40:00Z,R,Regular Season,N,1,Final,F,Arizona Diamondbacks,109,9,Pittsburgh Pirates,134,8,Dylan Floro,Colin Holderman,Ryan Thompson,9,PNC Park,night,1,3,False,,
746443,2024,2024-08-02,2024-08-02T22:40:00Z,R,Regular Season,N,1,Final,F,Kansas City Royals,118,9,Detroit Tigers,116,2,Cole Ragans,Tarik Skubal,,9,Comerica Park,night,2,4,False,,
744825,2024,2024-08-02,2024-08-02T22:45:00Z,R,Regular Season,N,1,Final,F,Milwaukee Brewers,158,8,Washington Nationals,120,3,Frankie Montas,Jake Irvin,,9,Nationals Park,night,1,3,False,,
745719,2024,2024-08-02,2024-08-02T23:05:00Z,R,Regular Season,N,1,Final,F,Toronto Blue Jays,141,8,New York Yankees,147,5,Brendon Little,Marcus Stroman,Chad Green,9,Yankee Stadium,night,1,3,False,,
746605,2024,2024-08-02,2024-08-02T23:10:00Z,R,Regular Season,N,1,Final,F,Baltimore Orioles,110,4,Cleveland Guardians,114,8,Cade Smith,Dean Kremer,,9,Progressive Field,night,2,4,False,,
746679,2024,2024-08-02,2024-08-02T23:10:00Z,R,Regular Season,N,1,Final,F,San Francisco Giants,137,3,Cincinnati Reds,113,0,Blake Snell,Andrew Abbott,,9,Great American Ball Park,night,1,3,False,,
747089,2024,2024-08-02,2024-08-02T23:20:00Z,R,Regular Season,N,1,Final,F,Miami Marlins,146,3,Atlanta Braves,144,5,Aaron Bummer,Calvin Faucher,Joe Jiménez,9,Truist Park,night,2,4,False,,
744986,2024,2024-08-02,2024-08-03T00:05:00Z,R,Regular Season,N,1,Final,F,Boston Red Sox,111,11,Texas Rangers,140,6,Kutter Crawford,José Ureña,,9,Globe Life Field,night,1,3,False,,
745875,2024,2024-08-02,2024-08-03T00:10:00Z,R,Regular Season,N,1,Final,F,Chicago White Sox,145,2,Minnesota Twins,142,10,Joe Ryan,Davis Martin,,9,Target Field,night,1,3,False,,
746354,2024,2024-08-02,2024-08-03T00:10:00Z,R,Regular Season,N,1,Final,F,Tampa Bay Rays,139,2,Houston Astros,117,3,Bryan Abreu,Kevin Kelly,Josh Hader,9,Minute Maid Park,night,1,3,False,,
746193,2024,2024-08-02,2024-08-03T01:38:00Z,R,Regular Season,N,1,Final,F,New York Mets,121,5,Los Angeles Angels,108,1,Paul Blackburn,Tyler Anderson,,9,Angel Stadium,night,1,3,False,,
745224,2024,2024-08-02,2024-08-03T01:40:00Z,R,Regular Season,N,1,Final,F,Philadelphia Phillies,143,2,Seattle Mariners,136,10,Bryan Woo,Tyler Phillips,,9,T-Mobile Park,night,1,3,False,,
745387,2024,2024-08-02,2024-08-03T01:40:00Z,R,Regular Season,N,1,Final,F,Colorado Rockies,115,5,San Diego Padres,135,2,Austin Gomber,Jeremiah Estrada,Victor Vodnik,9,Petco Park,night,1,3,False,,
745631,2024,2024-08-02,2024-08-03T01:40:00Z,R,Regular Season,N,1,Final,F,Los Angeles Dodgers,119,5,Oakland Athletics,133,6,Joey Estes,Gavin Stone,,9,Oakland Coliseum,night,1,3,False,,
745714,2024,2024-08-03,2024-08-03T17:05:00Z,R,Regular Season,N,1,Final,F,Toronto Blue Jays,141,3,New York Yankees,147,8,Carlos Rodón,José Berríos,Clay Holmes,9,Yankee Stadium,day,2,3,False,,
746846,2024,2024-08-03,2024-08-03T18:20:00Z,R,Regular Season,N,1,Final,F,St. Louis Cardinals,138,5,Chicago Cubs,112,4,JoJo Romero,Héctor Neris,Ryan Helsley,9,Wrigley Field,day,3,4,False,,
744823,2024,2024-08-03,2024-08-03T20:05:00Z,R,Regular Season,N,1,Final,F,Milwaukee Brewers,158,4,Washington Nationals,120,6,DJ Herz,Aaron Civale,Kyle Finnegan,9,Nationals Park,day,2,3,False,,
746440,2024,2024-08-03,2024-08-03T22:10:00Z,R,Regular Season,N,1,Final,F,Kansas City Royals,118,5,Detroit Tigers,116,6,Jason Foley,James McArthur,,11,Comerica Park,night,3,4,False,,
745474,2024,2024-08-03,2024-08-03T22:40:00Z,R,Regular Season,N,1,Final,F,Arizona Diamondbacks,109,2,Pittsburgh Pirates,134,4,Kyle Nicolas,Slade Cecconi,David Bednar,9,PNC Park,night,2,3,False,,
744987,2024,2024-08-03,2024-08-03T23:05:00Z,R,Regular Season,N,1,Final,F,Boston Red Sox,111,4,Texas Rangers,140,7,José Leclerc,Tanner Houck,Kirby Yates,9,Globe Life Field,night,2,3,False,,
745876,2024,2024-08-03,2024-08-03T23:10:00Z,R,Regular Season,N,1,Final,F,Chicago White Sox,145,2,Minnesota Twins,142,6,Bailey Ober,Touki Toussaint,,9,Target Field,night,2,3,False,,
746358,2024,2024-08-03,2024-08-03T23:15:00Z,R,Regular Season,N,1,Final,F,Tampa Bay Rays,139,6,Houston Astros,117,1,Zack Littell,Ronel Blanco,,9,Minute Maid Park,night,2,3,False,,
746608,2024,2024-08-03,2024-08-03T23:15:00Z,R,Regular Season,N,1,Final,F,Baltimore Orioles,110,7,Cleveland Guardians,114,4,Zach Eflin,Joey Cantillo,Yennier Cano,9,Progressive Field,night,3,4,False,,
746681,2024,2024-08-03,2024-08-03T23:15:00Z,R,Regular Season,N,1,Final,F,San Francisco Giants,137,4,Cincinnati Reds,113,6,Hunter Greene,Kyle Harrison,Alexis Díaz,9,Great American Ball Park,night,2,3,False,,
747087,2024,2024-08-03,2024-08-03T23:20:00Z,R,Regular Season,N,1,Final,F,Miami Marlins,146,4,Atlanta Braves,144,3,Declan Cronin,Pierce Johnson,Calvin Faucher,9,Truist Park,night,3,4,False,,
745388,2024,2024-08-03,2024-08-04T00:40:00Z,R,Regular Season,N,1,Final,F,Colorado Rockies,115,2,San Diego Padres,135,3,Jason Adam,Peter Lambert,Robert Suarez,9,Petco Park,night,2,3,False,,
745636,2024,2024-08-03,2024-08-04T01:07:00Z,R,Regular Season,N,1,Final,F,Los Angeles Dodgers,119,10,Oakland Athletics,133,0,Jack Flaherty,Mitch Spence,,9,Oakland Coliseum,night,2,3,False,,
746194,2024,2024-08-03,2024-08-04T01:38:00Z,R,Regular Season,N,1,Final,F,New York Mets,121,4,Los Angeles Angels,108,5,Matt Moore,Huascar Brazobán,Ben Joyce,9,Angel Stadium,night,2,3,False,,
745225,2024,2024-08-03,2024-08-04T01:40:00Z,R,Regular Season,N,1,Final,F,Philadelphia Phillies,143,5,Seattle Mariners,136,6,Collin Snider,Carlos Estévez,,10,T-Mobile Park,night,2,3,False,,
746680,2024,2024-08-04,2024-08-04T16:05:00Z,R,Regular Season,N,1,Final,F,San Francisco Giants,137,8,Cincinnati Reds,113,2,Robbie Ray,Carson Spiers,,9,Great American Ball Park,day,3,3,False,,
744826,2024,2024-08-04,2024-08-04T17:35:00Z,R,Regular Season,N,1,Final,F,Milwaukee Brewers,158,3,Washington Nationals,120,4,Mitchell Parker,Tobias Myers,Kyle Finnegan,9,Nationals Park,day,3,3,False,,
745468,2024,2024-08-04,2024-08-04T17:35:00Z,R,Regular Season,N,1,Final,F,Arizona Diamondbacks,109,6,Pittsburgh Pirates,134,5,Paul Sewald,Colin Holderman,A.J. Puk,9,PNC Park,day,3,3,False,,
745718,2024,2024-08-04,2024-08-04T17:35:00Z,R,Regular Season,N,1,Final,F,Toronto Blue Jays,141,3,New York Yankees,147,4,Mark Leiter Jr.,Bowden Francis,,10,Yankee Stadium,day,3,3,False,,
747088,2024,2024-08-04,2024-08-04T17:35:00Z,R,Regular Season,N,1,Final,F,Miami Marlins,146,7,Atlanta Braves,144,0,Edward Cabrera,Max Fried,,9,Truist Park,day,4,4,False,,
746439,2024,2024-08-04,2024-08-04T17:40:00Z,R,Regular Season,N,1,Final,F,Kansas City Royals,118,3,Detroit Tigers,116,2,Chris Stratton,Shelby Miller,Hunter Harvey,9,Comerica Park,day,4,4,False,,
746606,2024,2024-08-04,2024-08-04T17:40:00Z,R,Regular Season,N,1,Final,F,Baltimore Orioles,110,9,Cleveland Guardians,114,5,Corbin Burnes,Gavin Williams,,9,Progressive Field,day,4,4,False,,
745879,2024,2024-08-04,2024-08-04T18:10:00Z,R,Regular Season,N,1,Final,F,Chicago White Sox,145,7,Minnesota Twins,142,13,Cole Sands,Chris Flexen,,9,Target Field,day,3,3,False,,
746356,2024,2024-08-04,2024-08-04T18:10:00Z,R,Regular Season,N,1,Final,F,Tampa Bay Rays,139,1,Houston Astros,117,0,Tyler Alexander,Spencer Arrighetti,Pete Fairbanks,9,Minute Maid Park,day,3,3,False,,
744979,2024,2024-08-04,2024-08-04T18:35:00Z,R,Regular Season,N,1,Final,F,Boston Red Sox,111,7,Texas Rangers,140,2,Cam Booser,Nathan Eovaldi,,9,Globe Life Field,day,3,3,False,,
745627,2024,2024-08-04,2024-08-04T20:07:00Z,R,Regular Season,N,1,Final,F,Los Angeles Dodgers,119,3,Oakland Athletics,133,2,Alex Vesia,Osvaldo Bido,Anthony Banda,9,Oakland Coliseum,day,3,3,False,,
746191,2024,2024-08-04,2024-08-04T20:07:00Z,R,Regular Season,N,1,Final,F,New York Mets,121,2,Los Angeles Angels,108,3,Griffin Canning,Jose Quintana,Roansy Contreras,9,Angel Stadium,day,3,3,False,,
745222,2024,2024-08-04,2024-08-04T20:10:00Z,R,Regular Season,N,1,Final,F,Philadelphia Phillies,143,6,Seattle Mariners,136,0,Zack Wheeler,Logan Gilbert,,9,T-Mobile Park,day,3,3,False,,
745384,2024,2024-08-04,2024-08-04T20:10:00Z,R,Regular Season,N,1,Final,F,Colorado Rockies,115,2,San Diego Padres,135,10,Matt Waldron,Cal Quantrill,,9,Petco Park,day,3,3,False,,
746844,2024,2024-08-04,2024-08-04T23:10:00Z,R,Regular Season,N,1,Final,F,St. Louis Cardinals,138,2,Chicago Cubs,112,6,Justin Steele,Miles Mikolas,,9,Wrigley Field,night,4,4,False,,
745184,2024,2024-08-05,2024-08-05T21:15:00Z,R,Regular Season,N,1,Final,F,New York Mets,121,6,St. Louis Cardinals,138,0,Sean Manaea,Andre Pallante,,9,Busch Stadium,day,1,1,False,,
746038,2024,2024-08-05,2024-08-05T22:40:00Z,R,Regular Season,N,1,Final,F,Cincinnati Reds,113,10,Miami Marlins,146,3,Nick Martinez,Roddery Muñoz,,9,loanDepot park,night,1,4,False,,
746600,2024,2024-08-05,2024-08-05T22:40:00Z,R,Regular Season,N,1,Final,F,Arizona Diamondbacks,109,7,Cleveland Guardians,114,6,Ryan Thompson,Emmanuel Clase,Justin Martinez,10,Progressive Field,night,1,3,False,,
744821,2024,2024-08-05,2024-08-05T22:45:00Z,R,Regular Season,N,1,Final,F,San Francisco Giants,137,4,Washington Nationals,120,1,Logan Webb,Patrick Corbin,Camilo Doval,9,Nationals Park,night,1,4,False,,
744982,2024,2024-08-05,2024-08-06T00:05:00Z,R,Regular Season,N,1,Final,F,Houston Astros,117,3,Texas Rangers,140,4,Kirby Yates,Caleb Ferguson,,10,Globe Life Field,night,1,3,False,,
746847,2024,2024-08-05,2024-08-06T00:05:00Z,R,Regular Season,N,1,Final,F,Minnesota Twins,142,3,Chicago Cubs,112,0,David Festa,Kyle Hendricks,Griffin Jax,9,Wrigley Field,night,1,3,False,,
746276,2024,2024-08-05,2024-08-06T00:10:00Z,R,Regular Season,N,1,Final,F,Boston Red Sox,111,9,Kansas City Royals,118,5,James Paxton,Brady Singer,,9,Kauffman Stadium,night,1,3,False,,
745628,2024,2024-08-05,2024-08-06T01:40:00Z,R,Regular Season,N,1,Final,F,Chicago White Sox,145,1,Oakland Athletics,133,5,JP Sears,Ky Bush,,9,Oakland Coliseum,night,1,3,False,,
746116,2024,2024-08-05,2024-08-06T02:10:00Z,R,Regular Season,N,1,Final,F,Philadelphia Phillies,143,3,Los Angeles Dodgers,119,5,Tyler Glasnow,Aaron Nola,Daniel Hudson,9,Dodger Stadium,night,1,3,False,,
745467,2024,2024-08-06,2024-08-06T22:40:00Z,R,Regular Season,N,1,Final,F,San Diego Padres,135,6,Pittsburgh Pirates,134,0,Bryan Hoeing,Jake Woodford,,9,PNC Park,night,1,3,False,,
746033,2024,2024-08-06,2024-08-06T22:40:00Z,R,Regular Season,N,1,Final,F,Cincinnati Reds,113,8,Miami Marlins,146,2,Nick Lodolo,Max Meyer,,9,loanDepot park,night,2,4,False,,
744817,2024,2024-08-06,2024-08-06T22:45:00Z,R,Regular Season,N,1,Final,F,San Francisco Giants,137,5,Washington Nationals,120,11,MacKenzie Gore,Hayden Birdsong,,9,Nationals Park,night,2,4,False,,
744901,2024,2024-08-06,2024-08-06T23:07:00Z,R,Regular Season,N,1,Final,F,Baltimore Orioles,110,2,Toronto Blue Jays,141,5,Chris Bassitt,Gregory Soto,Chad Green,9,Rogers Centre,night,1,3,False,,
747086,2024,2024-08-06,2024-08-06T23:20:00Z,R,Regular Season,N,1,Final,F,Milwaukee Brewers,158,10,Atlanta Braves,144,0,Colin Rea,Bryce Elder,,9,Truist Park,night,1,3,False,,
745141,2024,2024-08-06,2024-08-06T23:45:00Z,R,Regular Season,N,1,Final,F,Tampa Bay Rays,139,3,St. Louis Cardinals,138,4,Sonny Gray,Jeffrey Springs,Ryan Helsley,9,Busch Stadium,night,1,3,False,,
744983,2024,2024-08-06,2024-08-07T00:05:00Z,R,Regular Season,N,1,Final,F,Houston Astros,117,4,Texas Rangers,140,2,Framber Valdez,Tyler Mahle,Josh Hader,9,Globe Life Field,night,2,3,False,,
746840,2024,2024-08-06,2024-08-07T00:05:00Z,R,Regular Season,N,1,Final,F,Minnesota Twins,142,3,Chicago Cubs,112,7,Shota Imanaga,Pablo López,,9,Wrigley Field,night,2,3,False,,
746273,2024,2024-08-06,2024-08-07T00:10:00Z,R,Regular Season,N,1,Final,F,Boston Red Sox,111,6,Kansas City Royals,118,5,Brennan Bernardino,Seth Lugo,Kenley Jansen,9,Kauffman Stadium,night,2,3,False,,
746519,2024,2024-08-06,2024-08-07T00:40:00Z,R,Regular Season,N,1,Final,F,New York Mets,121,3,Colorado Rockies,115,6,Justin Lawrence,Luis Severino,Victor Vodnik,9,Coors Field,night,1,3,False,,
745221,2024,2024-08-06,2024-08-07T01:40:00Z,R,Regular Season,N,1,Final,F,Detroit Tigers,116,4,Seattle Mariners,136,2,Keider Montero,Luis Castillo,Tyler Holton,9,T-Mobile Park,night,1,3,False,,
745629,2024,2024-08-06,2024-08-07T01:40:00Z,R,Regular Season,N,1,Final,F,Chicago White Sox,145,5,Oakland Athletics,133,1,Jonathan Cannon,Ross Stripling,,9,Oakland Coliseum,night,2,3,False,,
746120,2024,2024-08-06,2024-08-07T02:10:00Z,R,Regular Season,N,1,Final,F,Philadelphia Phillies,143,6,Los Angeles Dodgers,119,2,Cristopher Sánchez,Clayton Kershaw,,9,Dodger Stadium,night,2,3,False,,
746604,2024,2024-08-07,2024-08-07T17:10:00Z,R,Regular Season,Y,1,Final,F,Arizona Diamondbacks,109,7,Cleveland Guardians,114,3,Brandon Pfaadt,Ben Lively,,9,Progressive Field,day,2,3,False,,
746602,2024,2024-08-07,2024-08-07T17:15:00Z,R,Regular Season,Y,2,Final,F,Arizona Diamondbacks,109,5,Cleveland Guardians,114,3,Eduardo Rodriguez,Carlos Carrasco,Justin Martinez,9,Progressive Field,day,3,3,False,,
746842,2024,2024-08-07,2024-08-07T18:20:00Z,R,Regular Season,N,1,Final,F,Minnesota Twins,142,2,Chicago Cubs,112,8,Jorge López,Trevor Richards,,9,Wrigley Field,day,3,3,False,,
744981,2024,2024-08-07,2024-08-07T18:35:00Z,R,Regular Season,N,1,Final,F,Houston Astros,117,6,Texas Rangers,140,4,Yusei Kikuchi,José Ureña,Josh Hader,9,Globe Life Field,day,3,3,False,,
745630,2024,2024-08-07,2024-08-07T19:37:00Z,R,Regular Season,N,1,Final,F,Chicago White Sox,145,2,Oakland Athletics,133,3,T.J. McFarland,Touki Toussaint,Mason Miller,9,Oakland Coliseum,day,3,3,False,,
745709,2024,2024-08-07,2024-08-07T20:05:00Z,R,Regular Season,Y,1,Final,F,Los Angeles Angels,108,2,New York Yankees,147,5,Luis Gil,Davis Daniel,Clay Holmes,9,Yankee Stadium,night,1,3,False,,
745713,2024,2024-08-07,2024-08-07T20:10:00Z,R,Regular Season,Y,2,Final,F,Los Angeles Angels,108,8,New York Yankees,147,2,Hunter Strickland,Will Warren,,9,Yankee Stadium,night,2,3,False,,
745469,2024,2024-08-07,2024-08-07T22:40:00Z,R,Regular Season,N,1,Final,F,San Diego Padres,135,9,Pittsburgh Pirates,134,8,Tanner Scott,Colin Holderman,Adrian Morejon,10,PNC Park,night,2,3,False,,
746031,2024,2024-08-07,2024-08-07T22:40:00Z,R,Regular Season,N,1,Final,F,Cincinnati Reds,113,4,Miami Marlins,146,6,Valente Bellozo,Andrew Abbott,Calvin Faucher,9,loanDepot park,night,3,4,False,,
744822,2024,2024-08-07,2024-08-07T22:45:00Z,R,Regular Season,N,1,Final,F,San Francisco Giants,137,7,Washington Nationals,120,4,Blake Snell,Jake Irvin,Camilo Doval,9,Nationals Park,night,3,4,False,,
744903,2024,2024-08-07,2024-08-07T23:07:00Z,R,Regular Season,N,1,Final,F,Baltimore Orioles,110,7,Toronto Blue Jays,141,3,Burch Smith,Ryan Burr,,9,Rogers Centre,night,2,3,False,,
747085,2024,2024-08-07,2024-08-07T23:20:00Z,R,Regular Season,N,1,Final,F,Milwaukee Brewers,158,8,Atlanta Braves,144,5,Freddy Peralta,Pierce Johnson,,9,Truist Park,night,2,3,False,,
745142,2024,2024-08-07,2024-08-07T23:45:00Z,R,Regular Season,N,1,Final,F,Tampa Bay Rays,139,2,St. Louis Cardinals,138,5,Erick Fedde,Taj Bradley,Ryan Helsley,9,Busch Stadium,night,2,3,False,,
746272,2024,2024-08-07,2024-08-08T00:10:00Z,R,Regular Season,N,1,Final,F,Boston Red Sox,111,4,Kansas City Royals,118,8,Cole Ragans,Kutter Crawford,,9,Kauffman Stadium,night,3,3,False,,
746521,2024,2024-08-07,2024-08-08T00:40:00Z,R,Regular Season,N,1,Final,F,New York Mets,121,5,Colorado Rockies,115,3,José Buttó,Victor Vodnik,Edwin Díaz,9,Coors Field,night,2,3,False,,
745223,2024,2024-08-07,2024-08-08T01:40:00Z,R,Regular Season,N,1,Final,F,Detroit Tigers,116,6,Seattle Mariners,136,2,Tarik Skubal,George Kirby,,9,T-Mobile Park,night,2,3,False,,
746115,2024,2024-08-07,2024-08-08T02:10:00Z,R,Regular Season,N,1,Final,F,Philadelphia Phillies,143,9,Los Angeles Dodgers,119,4,Tyler Phillips,Alex Vesia,,9,Dodger Stadium,night,3,3,False,,
744819,2024,2024-08-08,2024-08-08T16:05:00Z,R,Regular Season,N,1,Final,F,San Francisco Giants,137,9,Washington Nationals,120,5,Camilo Doval,Robert Garcia,,10,Nationals Park,day,4,4,False,,
747081,2024,2024-08-08,2024-08-08T16:20:00Z,R,Regular Season,N,1,Final,F,Milwaukee Brewers,158,16,Atlanta Braves,144,7,Elvis Peguero,Charlie Morton,,9,Truist Park,day,3,3,False,,
745466,2024,2024-08-08,2024-08-08T16:35:00Z,R,Regular Season,N,1,Final,F,San Diego Padres,135,7,Pittsburgh Pirates,134,6,Jason Adam,David Bednar,Robert Suarez,9,PNC Park,day,3,3,False,,
746522,2024,2024-08-08,2024-08-08T19:10:00Z,R,Regular Season,N,1,Final,F,New York Mets,121,9,Colorado Rockies,115,1,David Peterson,Austin Gomber,,9,Coors Field,day,3,3,False,,
746030,2024,2024-08-08,2024-08-08T22:10:00Z,R,Regular Season,N,1,Final,F,Cincinnati Reds,113,10,Miami Marlins,146,4,Buck Farmer,Emmanuel Ramirez,,10,loanDepot park,night,4,4,False,,
745710,2024,2024-08-08,2024-08-08T23:05:00Z,R,Regular Season,N,1,Final,F,Los Angeles Angels,108,9,New York Yankees,147,4,Tyler Anderson,Nestor Cortes,,9,Yankee Stadium,night,3,3,False,,
744899,2024,2024-08-08,2024-08-08T23:07:00Z,R,Regular Season,N,1,Final,F,Baltimore Orioles,110,6,Toronto Blue Jays,141,7,Kevin Gausman,Dean Kremer,Chad Green,9,Rogers Centre,night,3,3,False,,
745143,2024,2024-08-08,2024-08-08T23:15:00Z,R,Regular Season,N,1,Final,F,Tampa Bay Rays,139,6,St. Louis Cardinals,138,4,Richard Lovelady,JoJo Romero,Pete Fairbanks,9,Busch Stadium,night,3,3,False,,
745226,2024,2024-08-08,2024-08-09T01:40:00Z,R,Regular Season,N,1,Final,F,Detroit Tigers,116,3,Seattle Mariners,136,4,JT Chargois,Will Vest,,9,T-Mobile Park,night,3,3,False,,
747169,2024,2024-08-08,2024-08-09T01:40:00Z,R,Regular Season,N,1,Final,F,Philadelphia Phillies,143,6,Arizona Diamondbacks,109,4,Kolby Allard,Jordan Montgomery,Carlos Estévez,9,Chase Field,night,1,4,False,,
745927,2024,2024-08-09,2024-08-09T18:10:00Z,R,Regular Season,S,1,Final,F,Cleveland Guardians,114,2,Minnesota Twins,142,4,Bailey Ober,Joey Cantillo,Jhoan Duran,9,Target Field,day,1,4,False,,
744818,2024,2024-08-09,2024-08-09T22:45:00Z,R,Regular Season,N,1,Final,F,Los Angeles Angels,108,2,Washington Nationals,120,3,Kyle Finnegan,Matt Moore,,10,Nationals Park,night,1,3,False,,
745062,2024,2024-08-09,2024-08-09T22:50:00Z,R,Regular Season,N,1,Final,F,Baltimore Orioles,110,4,Tampa Bay Rays,139,1,Zach Eflin,Zack Littell,,9,Tropicana Field,night,1,3,False,,
744900,2024,2024-08-09,2024-08-09T23:07:00Z,R,Regular Season,N,1,Final,F,Oakland Athletics,133,1,Toronto Blue Jays,141,3,José Berríos,Mitch Spence,Chad Green,9,Rogers Centre,night,1,3,False,,
746032,2024,2024-08-09,2024-08-09T23:10:00Z,R,Regular Season,N,1,Final,F,San Diego Padres,135,6,Miami Marlins,146,2,Jason Adam,Brett de Geus,,10,loanDepot park,night,1,3,False,,
746927,2024,2024-08-09,2024-08-09T23:10:00Z,R,Regular Season,N,1,Final,F,Houston Astros,117,8,Boston Red Sox,111,4,Kaleb Ort,Lucas Sims,,9,Fenway Park,night,1,3,False,,
745871,2024,2024-08-09,2024-08-10T00:10:00Z,R,Regular Season,S,2,Final,F,Cleveland Guardians,114,3,Minnesota Twins,142,6,Cole Sands,Alex Cobb,Trevor Richards,9,Target Field,night,2,4,False,,
745957,2024,2024-08-09,2024-08-10T00:10:00Z,R,Regular Season,N,1,Final,F,Cincinnati Reds,113,3,Milwaukee Brewers,158,8,Aaron Civale,Carson Spiers,,9,American Family Field,night,1,3,False,,
746275,2024,2024-08-09,2024-08-10T00:10:00Z,R,Regular Season,N,1,Final,F,St. Louis Cardinals,138,8,Kansas City Royals,118,5,Matthew Liberatore,Will Smith,Ryan Helsley,9,Kauffman Stadium,night,1,2,False,,
746760,2024,2024-08-09,2024-08-10T00:10:00Z,R,Regular Season,N,1,Final,F,Chicago Cubs,112,7,Chicago White Sox,145,6,Jameson Taillon,Garrett Crochet,Héctor Neris,9,Guaranteed Rate Field,night,1,2,False,,
746523,2024,2024-08-09,2024-08-10T00:40:00Z,R,Regular Season,N,1,Final,F,Atlanta Braves,144,5,Colorado Rockies,115,6,Tyler Kinley,A.J. Minter,Victor Vodnik,9,Coors Field,night,1,3,False,,
747168,2024,2024-08-09,2024-08-10T01:40:00Z,R,Regular Season,N,1,Final,F,Philadelphia Phillies,143,2,Arizona Diamondbacks,109,3,Justin Martinez,Jeff Hoffman,,9,Chase Field,night,2,4,False,,
745220,2024,2024-08-09,2024-08-10T02:10:00Z,R,Regular Season,N,1,Final,F,New York Mets,121,0,Seattle Mariners,136,6,Bryce Miller,Jose Quintana,,9,T-Mobile Park,night,1,3,False,,
746113,2024,2024-08-09,2024-08-10T02:10:00Z,R,Regular Season,N,1,Final,F,Pittsburgh Pirates,134,5,Los Angeles Dodgers,119,9,Jack Flaherty,Mitch Keller,,9,Dodger Stadium,night,1,3,False,,
745308,2024,2024-08-09,2024-08-10T02:15:00Z,R,Regular Season,N,1,Final,F,Detroit Tigers,116,2,San Francisco Giants,137,3,Tyler Rogers,Jason Foley,,9,Oracle Park,night,1,3,False,,
745712,2024,2024-08-10,2024-08-10T17:05:00Z,R,Regular Season,Y,1,Final,F,Texas Rangers,140,0,New York Yankees,147,8,Carlos Rodón,Nathan Eovaldi,,9,Yankee Stadium,day,1,3,False,,
745708,2024,2024-08-10,2024-08-10T17:10:00Z,R,Regular Season,Y,2,Final,F,Texas Rangers,140,9,New York Yankees,147,4,Cody Bradford,Luke Weaver,,9,Yankee Stadium,day,2,3,False,,
744897,2024,2024-08-10,2024-08-10T19:07:00Z,R,Regular Season,N,1,Final,F,Oakland Athletics,133,1,Toronto Blue Jays,141,0,Osvaldo Bido,Yariel Rodríguez,Mason Miller,9,Rogers Centre,day,2,3,False,,
745304,2024,2024-08-10,2024-08-10T20:05:00Z,R,Regular Season,N,1,Final,F,Detroit Tigers,116,1,San Francisco Giants,137,3,Logan Webb,Brant Hurter,Ryan Walker,9,Oracle Park,day,2,3,False,,
746026,2024,2024-08-10,2024-08-10T20:10:00Z,R,Regular Season,N,1,Final,F,San Diego Padres,135,9,Miami Marlins,146,8,Robert Suarez,John McMillon,Tanner Scott,10,loanDepot park,day,2,3,False,,
746922,2024,2024-08-10,2024-08-10T20:10:00Z,R,Regular Season,N,1,Final,F,Houston Astros,117,5,Boston Red Sox,111,4,Spencer Arrighetti,Brad Keller,Josh Hader,9,Fenway Park,day,2,3,False,,
744820,2024,2024-08-10,2024-08-10T22:45:00Z,R,Regular Season,N,1,Final,F,Los Angeles Angels,108,4,Washington Nationals,120,5,Derek Law,Roansy Contreras,,10,Nationals Park,night,2,3,False,,
745873,2024,2024-08-10,2024-08-10T23:10:00Z,R,Regular Season,N,1,Final,F,Cleveland Guardians,114,2,Minnesota Twins,142,1,Gavin Williams,Simeon Woods Richardson,Emmanuel Clase,,Target Field,night,3,4,False,,
745955,2024,2024-08-10,2024-08-10T23:10:00Z,R,Regular Season,N,1,Final,F,Cincinnati Reds,113,0,Milwaukee Brewers,158,1,Joel Payamps,Tony Santillan,Devin Williams,9,American Family Field,night,2,3,False,,
746269,2024,2024-08-10,2024-08-10T23:10:00Z,R,Regular Season,N,1,Final,F,St. Louis Cardinals,138,3,Kansas City Royals,118,8,Michael Wacha,Ryan Fernandez,Lucas Erceg,9,Kauffman Stadium,night,2,2,False,,
745056,2024,2024-08-10,2024-08-10T23:15:00Z,R,Regular Season,N,1,Final,F,Baltimore Orioles,110,7,Tampa Bay Rays,139,5,Burch Smith,Colin Poche,Seranthony Domínguez,9,Tropicana Field,night,2,3,False,,
746761,2024,2024-08-10,2024-08-10T23:15:00Z,R,Regular Season,N,1,Final,F,Chicago Cubs,112,3,Chicago White Sox,145,1,Porter Hodge,Chad Kuhl,Héctor Neris,9,Guaranteed Rate Field,night,2,2,False,,
746520,2024,2024-08-10,2024-08-11T00:10:00Z,R,Regular Season,N,1,Final,F,Atlanta Braves,144,11,Colorado Rockies,115,8,Pierce Johnson,Angel Chivilli,Raisel Iglesias,9,Coors Field,night,2,3,False,,
747164,2024,2024-08-10,2024-08-11T00:10:00Z,R,Regular Season,N,1,Final,F,Philadelphia Phillies,143,1,Arizona Diamondbacks,109,11,Kevin Ginkel,Aaron Nola,,9,Chase Field,night,3,4,False,,
746112,2024,2024-08-10,2024-08-11T01:10:00Z,R,Regular Season,N,1,Final,F,Pittsburgh Pirates,134,1,Los Angeles Dodgers,119,4,Michael Kopech,Paul Skenes,,9,Dodger Stadium,night,2,3,False,,
745219,2024,2024-08-10,2024-08-11T01:40:00Z,R,Regular Season,N,1,Final,F,New York Mets,121,0,Seattle Mariners,136,4,Logan Gilbert,Sean Manaea,,9,T-Mobile Park,night,2,3,False,,
744816,2024,2024-08-11,2024-08-11T15:35:00Z,R,Regular Season,N,1,Final,F,Los Angeles Angels,108,6,Washington Nationals,120,4,Jack Kochanowicz,MacKenzie Gore,,9,Nationals Park,day,3,3,False,,
745711,2024,2024-08-11,2024-08-11T17:35:00Z,R,Regular Season,N,1,Final,F,Texas Rangers,140,7,New York Yankees,147,8,Marcus Stroman,Andrew Heaney,Clay Holmes,9,Yankee Stadium,day,3,3,False,,
746923,2024,2024-08-11,2024-08-11T17:35:00Z,R,Regular Season,N,1,Final,F,Houston Astros,117,10,Boston Red Sox,111,2,Hunter Brown,Lucas Sims,,9,Fenway Park,day,3,3,False,,
744895,2024,2024-08-11,2024-08-11T17:37:00Z,R,Regular Season,N,1,Final,F,Oakland Athletics,133,8,Toronto Blue Jays,141,4,JP Sears,Chris Bassitt,,9,Rogers Centre,day,3,3,False,,
745057,2024,2024-08-11,2024-08-11T17:40:00Z,R,Regular Season,N,1,Final,F,Baltimore Orioles,110,1,Tampa Bay Rays,139,2,Manuel Rodríguez,Craig Kimbrel,Pete Fairbanks,9,Tropicana Field,day,3,3,False,,
746025,2024,2024-08-11,2024-08-11T17:40:00Z,R,Regular Season,N,1,Final,F,San Diego Padres,135,6,Miami Marlins,146,7,Max Meyer,Dylan Cease,George Soriano,9,loanDepot park,day,3,3,False,,
745872,2024,2024-08-11,2024-08-11T18:10:00Z,R,Regular Season,N,1,Final,F,Cleveland Guardians,114,5,Minnesota Twins,142,3,Tanner Bibee,Caleb Thielbar,Emmanuel Clase,9,Target Field,day,4,4,False,,
745956,2024,2024-08-11,2024-08-11T18:10:00Z,R,Regular Season,N,1,Final,F,Cincinnati Reds,113,4,Milwaukee Brewers,158,3,Buck Farmer,Joe Ross,Alexis Díaz,9,American Family Field,day,3,3,False,,
746517,2024,2024-08-11,2024-08-11T19:10:00Z,R,Regular Season,N,1,Final,F,Atlanta Braves,144,8,Colorado Rockies,115,9,Josh Rogers,Joe Jiménez,Victor Vodnik,9,Coors Field,day,3,3,False,,
745303,2024,2024-08-11,2024-08-11T20:05:00Z,R,Regular Season,N,1,Final,F,Detroit Tigers,116,5,San Francisco Giants,137,4,Keider Montero,Hayden Birdsong,Will Vest,9,Oracle Park,day,3,3,False,,
746114,2024,2024-08-11,2024-08-11T20:10:00Z,R,Regular Season,N,1,Final,F,Pittsburgh Pirates,134,5,Los Angeles Dodgers,119,6,Evan Phillips,David Bednar,,10,Dodger Stadium,day,3,3,False,,
747166,2024,2024-08-11,2024-08-11T20:10:00Z,R,Regular Season,N,1,Final,F,Philadelphia Phillies,143,5,Arizona Diamondbacks,109,12,Merrill Kelly,Cristopher Sánchez,,9,Chase Field,day,4,4,False,,
745216,2024,2024-08-11,2024-08-11T23:10:00Z,R,Regular Season,N,1,Final,F,New York Mets,121,1,Seattle Mariners,136,12,Luis Castillo,Luis Severino,,9,T-Mobile Park,day,3,3,False,,
746603,2024,2024-08-12,2024-08-12T22:40:00Z,R,Regular Season,N,1,Final,F,Chicago Cubs,112,8,Cleveland Guardians,114,9,Nick Sandlin,Julian Merryweather,Emmanuel Clase,9,Progressive Field,night,1,3,False,,
746682,2024,2024-08-12,2024-08-12T22:40:00Z,R,Regular Season,N,1,Final,F,St. Louis Cardinals,138,1,Cincinnati Reds,113,6,Andrew Abbott,Sonny Gray,,9,Great American Ball Park,night,1,3,False,,
745058,2024,2024-08-12,2024-08-12T22:50:00Z,R,Regular Season,N,1,Final,F,Houston Astros,117,6,Tampa Bay Rays,139,1,Framber Valdez,Taj Bradley,,9,Tropicana Field,night,1,3,False,,
746921,2024,2024-08-12,2024-08-12T23:10:00Z,R,Regular Season,N,1,Final,F,Texas Rangers,140,4,Boston Red Sox,111,5,Josh Winckowski,Gerson Garabito,,10,Fenway Park,night,1,3,False,,
745874,2024,2024-08-12,2024-08-12T23:40:00Z,R,Regular Season,N,1,Final,F,Kansas City Royals,118,3,Minnesota Twins,142,8,Pablo López,Brady Singer,,9,Target Field,night,1,3,False,,
745953,2024,2024-08-12,2024-08-13T00:10:00Z,R,Regular Season,N,1,Final,F,Los Angeles Dodgers,119,5,Milwaukee Brewers,158,2,Clayton Kershaw,Freddy Peralta,Daniel Hudson,9,American Family Field,night,1,4,False,,
746762,2024,2024-08-12,2024-08-13T00:10:00Z,R,Regular Season,N,1,Final,F,New York Yankees,147,2,Chicago White Sox,145,12,Touki Toussaint,Luis Gil,,9,Guaranteed Rate Field,night,1,3,False,,
746192,2024,2024-08-12,2024-08-13T01:38:00Z,R,Regular Season,N,1,Final,F,Toronto Blue Jays,141,4,Los Angeles Angels,108,2,Bowden Francis,Davis Daniel,Chad Green,9,Angel Stadium,night,1,3,False,,
745383,2024,2024-08-12,2024-08-13T01:40:00Z,R,Regular Season,N,1,Final,F,Pittsburgh Pirates,134,1,San Diego Padres,135,2,Jeremiah Estrada,Jake Woodford,Robert Suarez,9,Petco Park,night,1,3,False,,
747165,2024,2024-08-12,2024-08-13T01:40:00Z,R,Regular Season,N,1,Final,F,Colorado Rockies,115,4,Arizona Diamondbacks,109,5,Brandon Pfaadt,Anthony Molina,Justin Martinez,9,Chase Field,night,1,3,False,,
745300,2024,2024-08-12,2024-08-13T01:45:00Z,R,Regular Season,N,1,Final,F,Atlanta Braves,144,1,San Francisco Giants,137,0,Raisel Iglesias,Taylor Rogers,,10,Oracle Park,night,1,4,False,,
747004,2024,2024-08-13,2024-08-13T22:35:00Z,R,Regular Season,N,1,Final,F,Washington Nationals,120,9,Baltimore Orioles,110,3,Jake Irvin,Trevor Rogers,,9,Oriole Park at Camden Yards,night,1,2,False,,
745548,2024,2024-08-13,2024-08-13T22:40:00Z,R,Regular Season,N,1,Final,F,Miami Marlins,146,5,Philadelphia Phillies,143,0,Valente Bellozo,Taijuan Walker,,9,Citizens Bank Park,night,1,2,False,,
746435,2024,2024-08-13,2024-08-13T22:40:00Z,R,Regular Season,N,1,Final,F,Seattle Mariners,136,1,Detroit Tigers,116,15,Tarik Skubal,George Kirby,Joey Wentz,9,Comerica Park,night,1,3,False,,
746601,2024,2024-08-13,2024-08-13T22:40:00Z,R,Regular Season,N,1,Final,F,Chicago Cubs,112,1,Cleveland Guardians,114,2,Pedro Avila,Drew Smyly,Emmanuel Clase,9,Progressive Field,night,2,3,False,,
746673,2024,2024-08-13,2024-08-13T22:40:00Z,R,Regular Season,N,1,Final,F,St. Louis Cardinals,138,1,Cincinnati Reds,113,4,Hunter Greene,Erick Fedde,Alexis Díaz,9,Great American Ball Park,night,2,3,False,,
745055,2024,2024-08-13,2024-08-13T22:50:00Z,R,Regular Season,N,1,Final,F,Houston Astros,117,3,Tampa Bay Rays,139,2,Yusei Kikuchi,Shane Baz,Josh Hader,9,Tropicana Field,night,2,3,False,,
745788,2024,2024-08-13,2024-08-13T23:10:00Z,R,Regular Season,N,1,Final,F,Oakland Athletics,133,9,New York Mets,121,4,Austin Adams,Paul Blackburn,,9,Citi Field,night,1,3,False,,
746924,2024,2024-08-13,2024-08-13T23:10:00Z,R,Regular Season,N,1,Final,F,Texas Rangers,140,4,Boston Red Sox,111,9,Kutter Crawford,José Ureña,Kenley Jansen,9,Fenway Park,night,2,3,False,,
745867,2024,2024-08-13,2024-08-13T23:40:00Z,R,Regular Season,N,1,Final,F,Kansas City Royals,118,3,Minnesota Twins,142,13,Zebby Matthews,Seth Lugo,,9,Target Field,night,2,3,False,,
745954,2024,2024-08-13,2024-08-14T00:10:00Z,R,Regular Season,N,1,Final,F,Los Angeles Dodgers,119,7,Milwaukee Brewers,158,2,Gavin Stone,Colin Rea,Landon Knack,9,American Family Field,night,2,4,False,,
746757,2024,2024-08-13,2024-08-14T00:10:00Z,R,Regular Season,N,1,Final,F,New York Yankees,147,4,Chicago White Sox,145,1,Nestor Cortes,Jonathan Cannon,Jake Cousins,9,Guaranteed Rate Field,night,2,3,False,,
746187,2024,2024-08-13,2024-08-14T01:38:00Z,R,Regular Season,N,1,Final,F,Toronto Blue Jays,141,6,Los Angeles Angels,108,1,Kevin Gausman,Carson Fulmer,,9,Angel Stadium,night,2,3,False,,
745382,2024,2024-08-13,2024-08-14T01:40:00Z,R,Regular Season,N,1,Final,F,Pittsburgh Pirates,134,0,San Diego Padres,135,3,Michael King,Luis Ortiz,Robert Suarez,9,Petco Park,night,2,3,False,,
747160,2024,2024-08-13,2024-08-14T01:40:00Z,R,Regular Season,N,1,Final,F,Colorado Rockies,115,3,Arizona Diamondbacks,109,4,Joe Mantiply,Victor Vodnik,,9,Chase Field,night,2,3,False,,
745302,2024,2024-08-13,2024-08-14T01:45:00Z,R,Regular Season,N,1,Final,F,Atlanta Braves,144,4,San Francisco Giants,137,3,Dylan Lee,Randy Rodríguez,Raisel Iglesias,10,Oracle Park,night,2,4,False,,
745869,2024,2024-08-14,2024-08-14T17:10:00Z,R,Regular Season,N,1,Final,F,Kansas City Royals,118,4,Minnesota Twins,142,1,Cole Ragans,Louis Varland,Lucas Erceg,9,Target Field,day,3,3,False,,
747163,2024,2024-08-14,2024-08-14T19:40:00Z,R,Regular Season,N,1,Final,F,Colorado Rockies,115,4,Arizona Diamondbacks,109,11,Jordan Montgomery,Tanner Gordon,,9,Chase Field,day,3,3,False,,
745381,2024,2024-08-14,2024-08-14T20:10:00Z,R,Regular Season,N,1,Final,F,Pittsburgh Pirates,134,2,San Diego Padres,135,8,Martín Pérez,Mitch Keller,,9,Petco Park,day,3,3,False,,
746919,2024,2024-08-14,2024-08-14T22:10:00Z,R,Regular Season,N,1,Final,F,Texas Rangers,140,9,Boston Red Sox,111,7,Matt Festa,Zack Kelly,Kirby Yates,10,Fenway Park,night,3,3,False,,
747000,2024,2024-08-14,2024-08-14T22:35:00Z,R,Regular Season,N,1,Final,F,Washington Nationals,120,1,Baltimore Orioles,110,4,Dean Kremer,DJ Herz,Seranthony Domínguez,9,Oriole Park at Camden Yards,night,2,2,False,,
745544,2024,2024-08-14,2024-08-14T22:40:00Z,R,Regular Season,N,1,Final,F,Miami Marlins,146,5,Philadelphia Phillies,143,9,José Ruiz,Edward Cabrera,,9,Citizens Bank Park,night,2,2,False,,
746436,2024,2024-08-14,2024-08-14T22:40:00Z,R,Regular Season,N,1,Final,F,Seattle Mariners,136,2,Detroit Tigers,116,3,Tyler Holton,Collin Snider,,10,Comerica Park,night,2,3,False,,
746598,2024,2024-08-14,2024-08-14T22:40:00Z,R,Regular Season,N,1,Final,F,Chicago Cubs,112,1,Cleveland Guardians,114,6,Alex Cobb,Jameson Taillon,,9,Progressive Field,night,3,3,False,,
746677,2024,2024-08-14,2024-08-14T22:40:00Z,R,Regular Season,N,1,Final,F,St. Louis Cardinals,138,2,Cincinnati Reds,113,9,Sam Moll,Kyle Gibson,,9,Great American Ball Park,night,3,3,False,,
745053,2024,2024-08-14,2024-08-14T22:50:00Z,R,Regular Season,N,1,Final,F,Houston Astros,117,2,Tampa Bay Rays,139,1,Josh Hader,Garrett Cleavinger,,10,Tropicana Field,night,3,3,False,,
745790,2024,2024-08-14,2024-08-14T23:10:00Z,R,Regular Season,N,1,Final,F,Oakland Athletics,133,1,New York Mets,121,9,David Peterson,Joey Estes,,9,Citi Field,night,2,3,False,,
745951,2024,2024-08-14,2024-08-15T00:10:00Z,R,Regular Season,N,1,Final,F,Los Angeles Dodgers,119,4,Milwaukee Brewers,158,5,Joel Payamps,Brent Honeywell,Devin Williams,9,American Family Field,night,3,4,False,,
746759,2024,2024-08-14,2024-08-15T00:10:00Z,R,Regular Season,N,1,Final,F,New York Yankees,147,10,Chicago White Sox,145,2,Tim Hill,Dominic Leone,Michael Tonkin,9,Guaranteed Rate Field,night,3,3,False,,
746188,2024,2024-08-14,2024-08-15T01:38:00Z,R,Regular Season,N,1,Final,F,Toronto Blue Jays,141,9,Los Angeles Angels,108,2,José Berríos,Tyler Anderson,,9,Angel Stadium,night,3,3,False,,
745301,2024,2024-08-14,2024-08-15T01:45:00Z,R,Regular Season,N,1,Final,F,Atlanta Braves,144,13,San Francisco Giants,137,2,Grant Holmes,Robbie Ray,,9,Oracle Park,night,3,4,False,,
745783,2024,2024-08-15,2024-08-15T17:10:00Z,R,Regular Season,N,1,Final,F,Oakland Athletics,133,7,New York Mets,121,6,Tyler Ferguson,Reed Garrett,Mason Miller,9,Citi Field,day,3,3,False,,
746437,2024,2024-08-15,2024-08-15T17:10:00Z,R,Regular Season,N,1,Final,F,Seattle Mariners,136,1,Detroit Tigers,116,2,Shelby Miller,Andrés Muñoz,Jason Foley,9,Comerica Park,day,3,3,False,,
745950,2024,2024-08-15,2024-08-15T18:10:00Z,R,Regular Season,N,1,Final,F,Los Angeles Dodgers,119,4,Milwaukee Brewers,158,6,Bryan Hudson,Daniel Hudson,Devin Williams,9,American Family Field,day,4,4,False,,
745298,2024,2024-08-15,2024-08-15T19:45:00Z,R,Regular Season,N,1,Final,F,Atlanta Braves,144,0,San Francisco Giants,137,6,Logan Webb,Max Fried,,9,Oracle Park,day,4,4,False,,
747002,2024,2024-08-15,2024-08-15T22:35:00Z,R,Regular Season,N,1,Final,F,Boston Red Sox,111,1,Baltimore Orioles,110,5,Zach Eflin,Nick Pivetta,,9,Oriole Park at Camden Yards,night,1,4,False,,
745545,2024,2024-08-15,2024-08-15T22:40:00Z,R,Regular Season,N,1,Final,F,Washington Nationals,120,3,Philadelphia Phillies,143,13,Zack Wheeler,Mitchell Parker,,9,Citizens Bank Park,night,1,4,False,,
744980,2024,2024-08-15,2024-08-16T00:05:00Z,R,Regular Season,N,1,Final,F,Minnesota Twins,142,3,Texas Rangers,140,2,Jorge Alcala,Kirby Yates,Jhoan Duran,9,Globe Life Field,night,1,4,False,,
746843,2024,2024-08-16,2024-08-16T18:20:00Z,R,Regular Season,N,1,Final,F,Toronto Blue Jays,141,5,Chicago Cubs,112,6,Tyson Miller,Chad Green,,10,Wrigley Field,day,1,3,False,,
745462,2024,2024-08-16,2024-08-16T22:40:00Z,R,Regular Season,N,1,Final,F,Seattle Mariners,136,3,Pittsburgh Pirates,134,5,Paul Skenes,Logan Gilbert,David Bednar,9,PNC Park,night,1,3,False,,
745542,2024,2024-08-16,2024-08-16T22:40:00Z,R,Regular Season,N,1,Final,F,Washington Nationals,120,2,Philadelphia Phillies,143,3,Carlos Estévez,Kyle Finnegan,,9,Citizens Bank Park,night,2,4,False,,
746438,2024,2024-08-16,2024-08-16T22:40:00Z,R,Regular Season,N,1,Final,F,New York Yankees,147,3,Detroit Tigers,116,0,Gerrit Cole,Beau Brieske,Clay Holmes,9,Comerica Park,night,1,3,False,,
746674,2024,2024-08-16,2024-08-16T22:40:00Z,R,Regular Season,N,1,Final,F,Kansas City Royals,118,7,Cincinnati Reds,113,1,Michael Lorenzen,Nick Martinez,,9,Great American Ball Park,night,1,3,False,,
745054,2024,2024-08-16,2024-08-16T22:50:00Z,R,Regular Season,N,1,Final,F,Arizona Diamondbacks,109,4,Tampa Bay Rays,139,5,Pete Fairbanks,Justin Martinez,,9,Tropicana Field,night,1,3,False,,
747001,2024,2024-08-16,2024-08-16T23:05:00Z,R,Regular Season,N,1,Final,F,Boston Red Sox,111,12,Baltimore Orioles,110,10,Cooper Criswell,Corbin Burnes,Kenley Jansen,9,Oriole Park at Camden Yards,night,2,4,False,,
745784,2024,2024-08-16,2024-08-16T23:10:00Z,R,Regular Season,N,1,Final,F,Miami Marlins,146,3,New York Mets,121,7,Sean Manaea,Roddery Muñoz,,9,Citi Field,night,1,3,False,,
744974,2024,2024-08-16,2024-08-17T00:05:00Z,R,Regular Season,N,1,Final,F,Minnesota Twins,142,4,Texas Rangers,140,3,Simeon Woods Richardson,Andrew Heaney,Jhoan Duran,9,Globe Life Field,night,2,4,False,,
745949,2024,2024-08-16,2024-08-17T00:10:00Z,R,Regular Season,N,1,Final,F,Cleveland Guardians,114,3,Milwaukee Brewers,158,5,Aaron Civale,Gavin Williams,Joel Payamps,9,American Family Field,night,1,3,False,,
746357,2024,2024-08-16,2024-08-17T00:10:00Z,R,Regular Season,N,1,Final,F,Chicago White Sox,145,5,Houston Astros,117,4,Justin Anderson,Spencer Arrighetti,Chad Kuhl,9,Minute Maid Park,night,1,3,False,,
745144,2024,2024-08-16,2024-08-17T00:15:00Z,R,Regular Season,N,1,Final,F,Los Angeles Dodgers,119,7,St. Louis Cardinals,138,6,Justin Wrobleski,Miles Mikolas,Michael Kopech,9,Busch Stadium,night,1,3,False,,
746518,2024,2024-08-16,2024-08-17T00:40:00Z,R,Regular Season,N,1,Final,F,San Diego Padres,135,3,Colorado Rockies,115,7,Cal Quantrill,Matt Waldron,,9,Coors Field,night,1,3,False,,
746189,2024,2024-08-16,2024-08-17T01:38:00Z,R,Regular Season,N,1,Final,F,Atlanta Braves,144,2,Los Angeles Angels,108,3,Brock Burke,Spencer Schwellenbach,Ben Joyce,9,Angel Stadium,night,1,3,False,,
745463,2024,2024-08-17,2024-08-17T17:05:00Z,R,Regular Season,N,1,Final,F,Seattle Mariners,136,2,Pittsburgh Pirates,134,7,Bailey Falter,Luis Castillo,David Bednar,9,PNC Park,day,2,3,False,,
746434,2024,2024-08-17,2024-08-17T17:10:00Z,R,Regular Season,N,1,Final,F,New York Yankees,147,0,Detroit Tigers,116,4,Keider Montero,Carlos Rodón,,9,Comerica Park,day,2,3,False,,
746841,2024,2024-08-17,2024-08-17T18:20:00Z,R,Regular Season,N,1,Final,F,Toronto Blue Jays,141,2,Chicago Cubs,112,3,Nate Pearson,Chris Bassitt,Jorge López,9,Wrigley Field,day,2,3,False,,
745049,2024,2024-08-17,2024-08-17T20:10:00Z,R,Regular Season,N,1,Final,F,Arizona Diamondbacks,109,1,Tampa Bay Rays,139,6,Jeffrey Springs,Zac Gallen,Richard Lovelady,9,Tropicana Field,day,2,3,False,,
745785,2024,2024-08-17,2024-08-17T20:10:00Z,R,Regular Season,N,1,Final,F,Miami Marlins,146,0,New York Mets,121,4,Luis Severino,Max Meyer,,9,Citi Field,day,2,3,False,,
745537,2024,2024-08-17,2024-08-17T22:05:00Z,R,Regular Season,N,1,Final,F,Washington Nationals,120,1,Philadelphia Phillies,143,5,Cristopher Sánchez,MacKenzie Gore,,9,Citizens Bank Park,night,3,4,False,,
746675,2024,2024-08-17,2024-08-17T22:40:00Z,R,Regular Season,N,1,Final,F,Kansas City Royals,118,13,Cincinnati Reds,113,1,Michael Wacha,Nick Lodolo,,9,Great American Ball Park,night,2,3,False,,
744977,2024,2024-08-17,2024-08-17T23:05:00Z,R,Regular Season,N,1,Final,F,Minnesota Twins,142,5,Texas Rangers,140,2,Ronny Henriquez,Nathan Eovaldi,Cole Sands,9,Globe Life Field,night,3,4,False,,
746997,2024,2024-08-17,2024-08-17T23:05:00Z,R,Regular Season,N,1,Final,F,Boston Red Sox,111,5,Baltimore Orioles,110,1,Brayan Bello,Cade Povich,,9,Oriole Park at Camden Yards,night,3,4,False,,
745626,2024,2024-08-17,2024-08-17T23:07:00Z,R,Regular Season,N,1,Final,F,San Francisco Giants,137,0,Oakland Athletics,133,2,Osvaldo Bido,Hayden Birdsong,Michel Otañez,9,Oakland Coliseum,day,1,2,False,,
746355,2024,2024-08-17,2024-08-17T23:10:00Z,R,Regular Season,N,1,Final,F,Chicago White Sox,145,1,Houston Astros,117,6,Hunter Brown,Chris Flexen,,9,Minute Maid Park,night,2,3,False,,
745140,2024,2024-08-17,2024-08-17T23:15:00Z,R,Regular Season,N,1,Final,F,Los Angeles Dodgers,119,2,St. Louis Cardinals,138,5,Andre Pallante,Bobby Miller,Ryan Helsley,9,Busch Stadium,night,2,3,False,,
745952,2024,2024-08-17,2024-08-17T23:15:00Z,R,Regular Season,N,1,Final,F,Cleveland Guardians,114,1,Milwaukee Brewers,158,2,Freddy Peralta,Tanner Bibee,Devin Williams,9,American Family Field,night,2,3,False,,
746515,2024,2024-08-17,2024-08-18T00:10:00Z,R,Regular Season,N,1,Final,F,San Diego Padres,135,8,Colorado Rockies,115,3,Dylan Cease,Kyle Freeland,,9,Coors Field,night,2,3,False,,
746190,2024,2024-08-17,2024-08-18T01:38:00Z,R,Regular Season,N,1,Final,F,Atlanta Braves,144,11,Los Angeles Angels,108,3,Chris Sale,Griffin Canning,,9,Angel Stadium,night,2,3,False,,
745786,2024,2024-08-18,2024-08-18T16:05:00Z,R,Regular Season,N,1,Final,F,Miami Marlins,146,3,New York Mets,121,2,Andrew Nardi,Reed Garrett,Calvin Faucher,9,Citi Field,day,3,3,False,,
745464,2024,2024-08-18,2024-08-18T17:35:00Z,R,Regular Season,N,1,Final,F,Seattle Mariners,136,10,Pittsburgh Pirates,134,3,George Kirby,Jake Woodford,,9,PNC Park,day,3,3,False,,
745539,2024,2024-08-18,2024-08-18T17:35:00Z,R,Regular Season,N,1,Final,F,Washington Nationals,120,6,Philadelphia Phillies,143,4,Jacob Barnes,Matt Strahm,Kyle Finnegan,9,Citizens Bank Park,day,4,4,False,,
746999,2024,2024-08-18,2024-08-18T17:35:00Z,R,Regular Season,N,1,Final,F,Boston Red Sox,111,2,Baltimore Orioles,110,4,Albert Suárez,Kutter Crawford,Seranthony Domínguez,9,Oriole Park at Camden Yards,day,4,4,False,,
745051,2024,2024-08-18,2024-08-18T17:40:00Z,R,Regular Season,N,1,Final,F,Arizona Diamondbacks,109,7,Tampa Bay Rays,139,8,Edwin Uceta,Justin Martinez,,12,Tropicana Field,day,3,3,False,,
746676,2024,2024-08-18,2024-08-18T17:40:00Z,R,Regular Season,N,1,Final,F,Kansas City Royals,118,8,Cincinnati Reds,113,1,Brady Singer,Andrew Abbott,,9,Great American Ball Park,day,3,3,False,,
745948,2024,2024-08-18,2024-08-18T18:10:00Z,R,Regular Season,N,1,Final,F,Cleveland Guardians,114,0,Milwaukee Brewers,158,2,Colin Rea,Ben Lively,Jared Koenig,9,American Family Field,day,3,3,False,,
746359,2024,2024-08-18,2024-08-18T18:10:00Z,R,Regular Season,N,1,Final,F,Chicago White Sox,145,0,Houston Astros,117,2,Framber Valdez,Ky Bush,Josh Hader,9,Minute Maid Park,day,3,3,False,,
745139,2024,2024-08-18,2024-08-18T18:15:00Z,R,Regular Season,N,1,Final,F,Los Angeles Dodgers,119,2,St. Louis Cardinals,138,1,Clayton Kershaw,Sonny Gray,Michael Kopech,9,Busch Stadium,day,3,3,False,,
746838,2024,2024-08-18,2024-08-18T18:20:00Z,R,Regular Season,N,1,Final,F,Toronto Blue Jays,141,1,Chicago Cubs,112,0,Bowden Francis,Shota Imanaga,Chad Green,9,Wrigley Field,day,3,3,False,,
744975,2024,2024-08-18,2024-08-18T18:35:00Z,R,Regular Season,N,1,Final,F,Minnesota Twins,142,5,Texas Rangers,140,6,Andrew Chafin,Jhoan Duran,,10,Globe Life Field,day,4,4,False,,
746516,2024,2024-08-18,2024-08-18T19:10:00Z,R,Regular Season,N,1,Final,F,San Diego Padres,135,2,Colorado Rockies,115,3,Angel Chivilli,Bryan Hoeing,Victor Vodnik,9,Coors Field,day,3,3,False,,
745621,2024,2024-08-18,2024-08-18T20:07:00Z,R,Regular Season,N,1,Final,F,San Francisco Giants,137,4,Oakland Athletics,133,2,Ryan Walker,Dany Jiménez,,10,Oakland Coliseum,day,2,2,False,,
746186,2024,2024-08-18,2024-08-18T20:07:00Z,R,Regular Season,N,1,Final,F,Atlanta Braves,144,3,Los Angeles Angels,108,1,Charlie Morton,Jack Kochanowicz,Raisel Iglesias,9,Angel Stadium,day,3,3,False,,
746431,2024,2024-08-18,2024-08-18T23:10:00Z,R,Regular Season,N,1,Final,F,New York Yankees,147,2,Detroit Tigers,116,3,Beau Brieske,Mark Leiter Jr.,,10,Journey Bank Ballpark,night,3,3,False,,
746027,2024,2024-08-19,2024-08-19T22:40:00Z,R,Regular Season,N,1,Final,F,Arizona Diamondbacks,109,9,Miami Marlins,146,6,Brandon Pfaadt,Adam Oller,,9,loanDepot park,night,1,3,False,,
744898,2024,2024-08-19,2024-08-19T23:07:00Z,R,Regular Season,N,1,Final,F,Cincinnati Reds,113,6,Toronto Blue Jays,141,3,Tony Santillan,Kevin Gausman,,9,Rogers Centre,night,1,3,False,,
745780,2024,2024-08-19,2024-08-19T23:10:00Z,R,Regular Season,N,1,Final,F,Baltimore Orioles,110,3,New York Mets,121,4,Edwin Díaz,Seranthony Domínguez,,9,Citi Field,night,1,3,False,,
744976,2024,2024-08-19,2024-08-20T00:05:00Z,R,Regular Season,N,1,Final,F,Pittsburgh Pirates,134,3,Texas Rangers,140,4,José Ureña,Luis Ortiz,Kirby Yates,9,Globe Life Field,night,1,3,False,,
746270,2024,2024-08-19,2024-08-20T00:10:00Z,R,Regular Season,N,1,Final,F,Los Angeles Angels,108,3,Kansas City Royals,118,5,Seth Lugo,Carson Fulmer,John Schreiber,9,Kauffman Stadium,night,1,3,False,,
746351,2024,2024-08-19,2024-08-20T00:10:00Z,R,Regular Season,N,1,Final,F,Boston Red Sox,111,4,Houston Astros,117,5,Josh Hader,Kenley Jansen,,9,Minute Maid Park,night,1,3,False,,
745380,2024,2024-08-19,2024-08-20T01:40:00Z,R,Regular Season,N,1,Final,F,Minnesota Twins,142,3,San Diego Padres,135,5,Michael King,Zebby Matthews,Robert Suarez,9,Petco Park,night,1,3,False,,
745620,2024,2024-08-19,2024-08-20T01:40:00Z,R,Regular Season,N,1,Final,F,Tampa Bay Rays,139,0,Oakland Athletics,133,3,Joe Boyle,Taj Bradley,Mason Miller,9,Oakland Coliseum,night,1,4,False,,
745294,2024,2024-08-19,2024-08-20T01:45:00Z,R,Regular Season,N,1,Final,F,Chicago White Sox,145,3,San Francisco Giants,137,5,Kyle Harrison,Jonathan Cannon,Jordan Hicks,9,Oracle Park,night,1,3,False,,
746109,2024,2024-08-19,2024-08-20T02:10:00Z,R,Regular Season,N,1,Final,F,Seattle Mariners,136,0,Los Angeles Dodgers,119,3,Gavin Stone,Bryan Woo,Evan Phillips,9,Dodger Stadium,night,1,3,False,,
746029,2024,2024-08-20,2024-08-20T22:40:00Z,R,Regular Season,N,1,Final,F,Arizona Diamondbacks,109,3,Miami Marlins,146,1,Eduardo Rodriguez,Edward Cabrera,Justin Martinez,9,loanDepot park,night,2,3,False,,
744814,2024,2024-08-20,2024-08-20T22:45:00Z,R,Regular Season,N,1,Final,F,Colorado Rockies,115,3,Washington Nationals,120,1,Austin Gomber,DJ Herz,Angel Chivilli,9,Nationals Park,night,1,3,False,,
745707,2024,2024-08-20,2024-08-20T23:05:00Z,R,Regular Season,N,1,Final,F,Cleveland Guardians,114,9,New York Yankees,147,5,Tim Herrin,Tim Mayza,,12,Yankee Stadium,night,1,3,False,,
744896,2024,2024-08-20,2024-08-20T23:07:00Z,R,Regular Season,N,1,Final,F,Cincinnati Reds,113,3,Toronto Blue Jays,141,10,José Berríos,Carson Spiers,,9,Rogers Centre,night,2,3,False,,
745782,2024,2024-08-20,2024-08-20T23:10:00Z,R,Regular Season,N,1,Final,F,Baltimore Orioles,110,9,New York Mets,121,5,Dean Kremer,Jose Quintana,,9,Citi Field,night,2,3,False,,
747083,2024,2024-08-20,2024-08-20T23:20:00Z,R,Regular Season,N,1,Final,F,Philadelphia Phillies,143,1,Atlanta Braves,144,3,Grant Holmes,Zack Wheeler,Raisel Iglesias,9,Truist Park,night,1,3,False,,
745136,2024,2024-08-20,2024-08-20T23:45:00Z,R,Regular Season,N,1,Final,F,Milwaukee Brewers,158,3,St. Louis Cardinals,138,2,Frankie Montas,Erick Fedde,Devin Williams,9,Busch Stadium,night,1,3,False,,
744978,2024,2024-08-20,2024-08-21T00:05:00Z,R,Regular Season,N,1,Final,F,Pittsburgh Pirates,134,4,Texas Rangers,140,0,Mitch Keller,Cody Bradford,,9,Globe Life Field,night,2,3,False,,
746839,2024,2024-08-20,2024-08-21T00:05:00Z,R,Regular Season,N,1,Final,F,Detroit Tigers,116,1,Chicago Cubs,112,3,Javier Assad,Bryan Sammons,Porter Hodge,9,Wrigley Field,night,1,3,False,,
746266,2024,2024-08-20,2024-08-21T00:10:00Z,R,Regular Season,N,1,Final,F,Los Angeles Angels,108,9,Kansas City Royals,118,5,Tyler Anderson,Cole Ragans,,9,Kauffman Stadium,night,2,3,False,,
746349,2024,2024-08-20,2024-08-21T00:10:00Z,R,Regular Season,N,1,Final,F,Boston Red Sox,111,6,Houston Astros,117,5,Zack Kelly,Kaleb Ort,Kenley Jansen,9,Minute Maid Park,night,2,3,False,,
745374,2024,2024-08-20,2024-08-21T01:40:00Z,R,Regular Season,N,1,Final,F,Minnesota Twins,142,5,San Diego Padres,135,7,Tanner Scott,Steven Okert,Robert Suarez,9,Petco Park,night,2,3,False,,
745624,2024,2024-08-20,2024-08-21T01:40:00Z,R,Regular Season,N,1,Final,F,Tampa Bay Rays,139,1,Oakland Athletics,133,0,Shane Baz,Joey Estes,Edwin Uceta,9,Oakland Coliseum,night,2,4,False,,
745295,2024,2024-08-20,2024-08-21T01:45:00Z,R,Regular Season,N,1,Final,F,Chicago White Sox,145,1,San Francisco Giants,137,4,Robbie Ray,Davis Martin,Ryan Walker,9,Oracle Park,night,2,3,False,,
746107,2024,2024-08-20,2024-08-21T02:10:00Z,R,Regular Season,N,1,Final,F,Seattle Mariners,136,3,Los Angeles Dodgers,119,6,Joe Kelly,Andrés Muñoz,Daniel Hudson,9,Dodger Stadium,night,2,3,False,,
745781,2024,2024-08-21,2024-08-21T17:10:00Z,R,Regular Season,N,1,Final,F,Baltimore Orioles,110,3,New York Mets,121,4,Edwin Díaz,Seranthony Domínguez,,9,Citi Field,day,3,3,False,,
746350,2024,2024-08-21,2024-08-21T18:10:00Z,R,Regular Season,N,1,Final,F,Boston Red Sox,111,4,Houston Astros,117,1,Josh Winckowski,Justin Verlander,Chris Martin,9,Minute Maid Park,day,3,3,False,,
744973,2024,2024-08-21,2024-08-21T18:35:00Z,R,Regular Season,N,1,Final,F,Pittsburgh Pirates,134,0,Texas Rangers,140,1,Kirby Yates,David Bednar,,9,Globe Life Field,day,3,3,False,,
745297,2024,2024-08-21,2024-08-21T19:45:00Z,R,Regular Season,N,1,Final,F,Chicago White Sox,145,6,San Francisco Giants,137,2,Fraser Ellard,Erik Miller,,9,Oracle Park,day,3,3,False,,
745375,2024,2024-08-21,2024-08-21T22:40:00Z,R,Regular Season,N,1,Final,F,Minnesota Twins,142,11,San Diego Padres,135,4,Simeon Woods Richardson,Matt Waldron,,9,Petco Park,day,3,3,False,,
746028,2024,2024-08-21,2024-08-21T22:40:00Z,R,Regular Season,N,1,Final,F,Arizona Diamondbacks,109,10,Miami Marlins,146,8,Dylan Floro,Andrew Nardi,Justin Martinez,9,loanDepot park,night,3,3,False,,
744812,2024,2024-08-21,2024-08-21T22:45:00Z,R,Regular Season,N,1,Final,F,Colorado Rockies,115,1,Washington Nationals,120,6,Mitchell Parker,Tanner Gordon,,9,Nationals Park,night,2,3,False,,
745704,2024,2024-08-21,2024-08-21T23:05:00Z,R,Regular Season,N,1,Final,F,Cleveland Guardians,114,1,New York Yankees,147,8,Nestor Cortes,Joey Cantillo,,9,Yankee Stadium,night,2,3,False,,
744893,2024,2024-08-21,2024-08-21T23:07:00Z,R,Regular Season,N,1,Final,F,Cincinnati Reds,113,11,Toronto Blue Jays,141,7,Emilio Pagán,Brendon Little,,9,Rogers Centre,night,3,3,False,,
747084,2024,2024-08-21,2024-08-21T23:20:00Z,R,Regular Season,N,1,Final,F,Philadelphia Phillies,143,3,Atlanta Braves,144,2,Matt Strahm,Joe Jiménez,Carlos Estévez,9,Truist Park,night,2,3,False,,
745138,2024,2024-08-21,2024-08-21T23:45:00Z,R,Regular Season,N,1,Final,F,Milwaukee Brewers,158,6,St. Louis Cardinals,138,10,Ryan Helsley,Trevor Megill,,10,Busch Stadium,night,2,3,False,,
746837,2024,2024-08-21,2024-08-22T00:05:00Z,R,Regular Season,N,1,Final,F,Detroit Tigers,116,8,Chicago Cubs,112,2,Brant Hurter,Jameson Taillon,,9,Wrigley Field,night,2,3,False,,
746267,2024,2024-08-21,2024-08-22T00:10:00Z,R,Regular Season,N,1,Final,F,Los Angeles Angels,108,0,Kansas City Royals,118,3,Michael Lorenzen,Johnny Cueto,Lucas Erceg,9,Kauffman Stadium,night,3,3,False,,
745622,2024,2024-08-21,2024-08-22T01:40:00Z,R,Regular Season,N,1,Final,F,Tampa Bay Rays,139,4,Oakland Athletics,133,2,Ryan Pepiot,Mitch Spence,Manuel Rodríguez,9,Oakland Coliseum,night,3,4,False,,
746110,2024,2024-08-21,2024-08-22T02:10:00Z,R,Regular Season,N,1,Final,F,Seattle Mariners,136,4,Los Angeles Dodgers,119,8,Jack Flaherty,Logan Gilbert,,9,Dodger Stadium,night,3,3,False,,
744815,2024,2024-08-22,2024-08-22T17:05:00Z,R,Regular Season,N,1,Final,F,Colorado Rockies,115,3,Washington Nationals,120,8,Patrick Corbin,Cal Quantrill,,9,Nationals Park,day,3,3,False,,
745705,2024,2024-08-22,2024-08-22T17:05:00Z,R,Regular Season,N,1,Final,F,Cleveland Guardians,114,0,New York Yankees,147,6,Gerrit Cole,Gavin Williams,,9,Yankee Stadium,day,3,3,False,,
745137,2024,2024-08-22,2024-08-22T18:15:00Z,R,Regular Season,N,1,Final,F,Milwaukee Brewers,158,0,St. Louis Cardinals,138,3,Andrew Kittredge,Nick Mears,Ryan Helsley,9,Busch Stadium,day,3,3,False,,
746836,2024,2024-08-22,2024-08-22T18:20:00Z,R,Regular Season,N,1,Final,F,Detroit Tigers,116,2,Chicago Cubs,112,10,Justin Steele,Kenta Maeda,,9,Wrigley Field,day,3,3,False,,
745623,2024,2024-08-22,2024-08-22T19:37:00Z,R,Regular Season,N,1,Final,F,Tampa Bay Rays,139,1,Oakland Athletics,133,3,Osvaldo Bido,Jeffrey Springs,Mason Miller,9,Oakland Coliseum,day,4,4,False,,
745465,2024,2024-08-22,2024-08-22T22:40:00Z,R,Regular Season,N,1,Final,F,Cincinnati Reds,113,0,Pittsburgh Pirates,134,7,Paul Skenes,Nick Lodolo,,9,PNC Park,night,1,4,False,,
744894,2024,2024-08-22,2024-08-22T23:07:00Z,R,Regular Season,N,1,Final,F,Los Angeles Angels,108,3,Toronto Blue Jays,141,5,Ryan Yarbrough,Brock Burke,,9,Rogers Centre,night,1,4,False,,
746998,2024,2024-08-22,2024-08-22T23:08:00Z,R,Regular Season,N,1,Final,F,Houston Astros,117,6,Baltimore Orioles,110,0,Spencer Arrighetti,Corbin Burnes,,9,Oriole Park at Camden Yards,night,1,4,False,,
747082,2024,2024-08-22,2024-08-22T23:08:00Z,R,Regular Season,N,1,Final,F,Philadelphia Phillies,143,2,Atlanta Braves,144,3,Spencer Schwellenbach,Cristopher Sánchez,Raisel Iglesias,9,Truist Park,night,3,3,False,,
745379,2024,2024-08-22,2024-08-23T01:40:00Z,R,Regular Season,N,1,Final,F,New York Mets,121,8,San Diego Padres,135,3,Luis Severino,Dylan Cease,,9,Petco Park,night,1,4,False,,
745460,2024,2024-08-23,2024-08-23T22:40:00Z,R,Regular Season,N,1,Final,F,Cincinnati Reds,113,5,Pittsburgh Pirates,134,6,Dennis Santana,Justin Wilson,David Bednar,9,PNC Park,night,2,4,False,,
745702,2024,2024-08-23,2024-08-23T23:05:00Z,R,Regular Season,N,1,Final,F,Colorado Rockies,115,0,New York Yankees,147,3,Carlos Rodón,Kyle Freeland,Clay Holmes,9,Yankee Stadium,night,1,3,False,,
746995,2024,2024-08-23,2024-08-23T23:05:00Z,R,Regular Season,N,1,Final,F,Houston Astros,117,5,Baltimore Orioles,110,7,Craig Kimbrel,Bryan Abreu,Seranthony Domínguez,9,Oriole Park at Camden Yards,night,2,4,False,,
744889,2024,2024-08-23,2024-08-23T23:07:00Z,R,Regular Season,N,1,Final,F,Los Angeles Angels,108,4,Toronto Blue Jays,141,5,Chad Green,Roansy Contreras,,9,Rogers Centre,night,2,4,False,,
746024,2024,2024-08-23,2024-08-23T23:10:00Z,R,Regular Season,N,1,Final,F,Chicago Cubs,112,6,Miami Marlins,146,3,Porter Hodge,Brett de Geus,Jorge López,9,loanDepot park,night,1,3,False,,
746597,2024,2024-08-23,2024-08-23T23:10:00Z,R,Regular Season,N,1,Final,F,Texas Rangers,140,5,Cleveland Guardians,114,3,Nathan Eovaldi,Tanner Bibee,Kirby Yates,9,Progressive Field,night,1,3,False,,
746920,2024,2024-08-23,2024-08-23T23:10:00Z,R,Regular Season,N,1,Final,F,Arizona Diamondbacks,109,12,Boston Red Sox,111,2,Ryne Nelson,Brayan Bello,,9,Fenway Park,night,1,3,False,,
747080,2024,2024-08-23,2024-08-23T23:20:00Z,R,Regular Season,N,1,Final,F,Washington Nationals,120,2,Atlanta Braves,144,3,Raisel Iglesias,Eduardo Salazar,,10,Truist Park,night,1,3,False,,
745870,2024,2024-08-23,2024-08-24T00:10:00Z,R,Regular Season,N,1,Final,F,St. Louis Cardinals,138,6,Minnesota Twins,142,1,Andre Pallante,David Festa,,9,Target Field,night,1,3,False,,
746268,2024,2024-08-23,2024-08-24T00:10:00Z,R,Regular Season,N,1,Final,F,Philadelphia Phillies,143,4,Kansas City Royals,118,7,Michael Wacha,Taijuan Walker,Lucas Erceg,9,Kauffman Stadium,night,1,3,False,,
746758,2024,2024-08-23,2024-08-24T00:10:00Z,R,Regular Season,N,1,Final,F,Detroit Tigers,116,5,Chicago White Sox,145,2,Will Vest,Fraser Ellard,Jason Foley,9,Guaranteed Rate Field,night,1,4,False,,
745378,2024,2024-08-23,2024-08-24T01:40:00Z,R,Regular Season,N,1,Final,F,New York Mets,121,0,San Diego Padres,135,7,Joe Musgrove,Paul Blackburn,,9,Petco Park,night,2,4,False,,
745625,2024,2024-08-23,2024-08-24T01:40:00Z,R,Regular Season,N,1,Final,F,Milwaukee Brewers,158,11,Oakland Athletics,133,3,Bryan Hudson,JP Sears,,9,Oakland Coliseum,night,1,3,False,,
745217,2024,2024-08-23,2024-08-24T02:10:00Z,R,Regular Season,N,1,Final,F,San Francisco Giants,137,5,Seattle Mariners,136,6,Collin Snider,Erik Miller,,10,T-Mobile Park,night,1,3,False,,
746111,2024,2024-08-23,2024-08-24T02:10:00Z,R,Regular Season,N,1,Final,F,Tampa Bay Rays,139,3,Los Angeles Dodgers,119,7,Michael Kopech,Manuel Rodríguez,,9,Dodger Stadium,night,1,3,False,,
745703,2024,2024-08-24,2024-08-24T18:05:00Z,R,Regular Season,N,1,Final,F,Colorado Rockies,115,9,New York Yankees,147,2,Bradley Blalock,Will Warren,,9,Yankee Stadium,day,2,3,False,,
744890,2024,2024-08-24,2024-08-24T19:07:00Z,R,Regular Season,N,1,Final,F,Los Angeles Angels,108,1,Toronto Blue Jays,141,3,Bowden Francis,Carson Fulmer,Chad Green,9,Rogers Centre,day,3,4,False,,
746996,2024,2024-08-24,2024-08-24T20:05:00Z,R,Regular Season,N,1,Final,F,Houston Astros,117,2,Baltimore Orioles,110,3,Keegan Akin,Framber Valdez,Seranthony Domínguez,9,Oriole Park at Camden Yards,day,3,4,False,,
745617,2024,2024-08-24,2024-08-24T20:07:00Z,R,Regular Season,N,1,Final,F,Milwaukee Brewers,158,9,Oakland Athletics,133,5,Colin Rea,Joe Boyle,,9,Oakland Coliseum,day,2,3,False,,
745218,2024,2024-08-24,2024-08-24T20:10:00Z,R,Regular Season,N,1,Final,F,San Francisco Giants,137,4,Seattle Mariners,136,3,Spencer Bivens,George Kirby,Ryan Walker,9,T-Mobile Park,day,2,3,False,,
746022,2024,2024-08-24,2024-08-24T20:10:00Z,R,Regular Season,N,1,Final,F,Chicago Cubs,112,14,Miami Marlins,146,2,Shota Imanaga,Valente Bellozo,,9,loanDepot park,day,2,3,False,,
746917,2024,2024-08-24,2024-08-24T20:10:00Z,R,Regular Season,N,1,Final,F,Arizona Diamondbacks,109,4,Boston Red Sox,111,1,Zac Gallen,Kutter Crawford,,9,Fenway Park,day,2,3,False,,
745457,2024,2024-08-24,2024-08-24T22:40:00Z,R,Regular Season,N,1,Final,F,Cincinnati Reds,113,10,Pittsburgh Pirates,134,2,Julian Aguiar,Jake Woodford,Casey Kelly,9,PNC Park,night,3,4,False,,
745868,2024,2024-08-24,2024-08-24T23:10:00Z,R,Regular Season,N,1,Final,F,St. Louis Cardinals,138,0,Minnesota Twins,142,6,Pablo López,Sonny Gray,,9,Target Field,night,2,3,False,,
746271,2024,2024-08-24,2024-08-24T23:10:00Z,R,Regular Season,N,1,Final,F,Philadelphia Phillies,143,11,Kansas City Royals,118,2,Ranger Suarez,Brady Singer,,9,Kauffman Stadium,night,2,3,False,,
746599,2024,2024-08-24,2024-08-24T23:10:00Z,R,Regular Season,N,1,Final,F,Texas Rangers,140,5,Cleveland Guardians,114,13,Ben Lively,Jon Gray,,9,Progressive Field,night,2,3,False,,
746756,2024,2024-08-24,2024-08-24T23:10:00Z,R,Regular Season,N,1,Final,F,Detroit Tigers,116,13,Chicago White Sox,145,4,Tarik Skubal,Ky Bush,,9,Guaranteed Rate Field,night,2,4,False,,
747077,2024,2024-08-24,2024-08-24T23:20:00Z,R,Regular Season,N,1,Final,F,Washington Nationals,120,2,Atlanta Braves,144,4,Aaron Bummer,Robert Garcia,Pierce Johnson,9,Truist Park,night,2,3,False,,
745377,2024,2024-08-24,2024-08-25T00:40:00Z,R,Regular Season,N,1,Final,F,New York Mets,121,7,San Diego Padres,135,1,David Peterson,Michael King,,9,Petco Park,night,3,4,False,,
746108,2024,2024-08-24,2024-08-25T01:10:00Z,R,Regular Season,N,1,Final,F,Tampa Bay Rays,139,9,Los Angeles Dodgers,119,8,Manuel Rodríguez,Joe Kelly,Garrett Cleavinger,10,Dodger Stadium,night,2,3,False,,
747078,2024,2024-08-25,2024-08-25T16:05:00Z,R,Regular Season,N,1,Final,F,Washington Nationals,120,5,Atlanta Braves,144,1,Jacob Barnes,Luke Jackson,Kyle Finnegan,9,Truist Park,day,3,3,False,,
745459,2024,2024-08-25,2024-08-25T17:35:00Z,R,Regular Season,N,1,Final,F,Cincinnati Reds,113,3,Pittsburgh Pirates,134,4,Aroldis Chapman,Alexis Díaz,,9,PNC Park,day,4,4,False,,
745706,2024,2024-08-25,2024-08-25T17:35:00Z,R,Regular Season,N,1,Final,F,Colorado Rockies,115,3,New York Yankees,147,10,Marcus Stroman,Austin Gomber,,9,Yankee Stadium,day,3,3,False,,
746918,2024,2024-08-25,2024-08-25T17:35:00Z,R,Regular Season,N,1,Final,F,Arizona Diamondbacks,109,7,Boston Red Sox,111,5,Merrill Kelly,Tanner Houck,Justin Martinez,9,Fenway Park,day,3,3,False,,
744892,2024,2024-08-25,2024-08-25T17:37:00Z,R,Regular Season,N,1,Final,F,Los Angeles Angels,108,2,Toronto Blue Jays,141,8,Kevin Gausman,Tyler Anderson,,9,Rogers Centre,day,4,4,False,,
746023,2024,2024-08-25,2024-08-25T17:40:00Z,R,Regular Season,N,1,Final,F,Chicago Cubs,112,2,Miami Marlins,146,7,Adam Oller,Javier Assad,,9,loanDepot park,day,3,3,False,,
746595,2024,2024-08-25,2024-08-25T17:40:00Z,R,Regular Season,N,1,Final,F,Texas Rangers,140,2,Cleveland Guardians,114,4,Matthew Boyd,Cody Bradford,Emmanuel Clase,9,Progressive Field,day,3,3,False,,
745863,2024,2024-08-25,2024-08-25T18:10:00Z,R,Regular Season,N,1,Final,F,St. Louis Cardinals,138,3,Minnesota Twins,142,2,Shawn Armstrong,Jhoan Duran,Ryan Helsley,9,Target Field,day,3,3,False,,
746263,2024,2024-08-25,2024-08-25T18:10:00Z,R,Regular Season,N,1,Final,F,Philadelphia Phillies,143,11,Kansas City Royals,118,3,Kolby Allard,Seth Lugo,,9,Kauffman Stadium,day,3,3,False,,
746754,2024,2024-08-25,2024-08-25T18:10:00Z,R,Regular Season,N,1,Final,F,Detroit Tigers,116,9,Chicago White Sox,145,4,Bryan Sammons,Jonathan Cannon,,9,Guaranteed Rate Field,day,3,4,False,,
745618,2024,2024-08-25,2024-08-25T20:07:00Z,R,Regular Season,N,1,Final,F,Milwaukee Brewers,158,3,Oakland Athletics,133,4,Joey Estes,Frankie Montas,Mason Miller,9,Oakland Coliseum,day,3,3,False,,
745212,2024,2024-08-25,2024-08-25T20:10:00Z,R,Regular Season,N,1,Final,F,San Francisco Giants,137,3,Seattle Mariners,136,4,Bryan Woo,Sean Hjelle,Andrés Muñoz,9,T-Mobile Park,day,3,3,False,,
745376,2024,2024-08-25,2024-08-25T20:10:00Z,R,Regular Season,N,1,Final,F,New York Mets,121,2,San Diego Padres,135,3,Robert Suarez,Edwin Díaz,,9,Petco Park,day,4,4,False,,
746106,2024,2024-08-25,2024-08-25T20:10:00Z,R,Regular Season,N,1,Final,F,Tampa Bay Rays,139,1,Los Angeles Dodgers,119,3,Blake Treinen,Richard Lovelady,Anthony Banda,9,Dodger Stadium,day,3,3,False,,
746994,2024,2024-08-25,2024-08-25T23:10:00Z,R,Regular Season,N,1,Final,F,Houston Astros,117,6,Baltimore Orioles,110,3,Héctor Neris,Burch Smith,Josh Hader,9,Oriole Park at Camden Yards,night,4,4,False,,
746628,2024,2024-08-26,2024-08-26T17:10:00Z,R,Regular Season,S,1,Final,F,Kansas City Royals,118,4,Cleveland Guardians,114,3,John Schreiber,Hunter Gaddis,Lucas Erceg,9,Progressive Field,day,1,4,False,,
746942,2024,2024-06-26,2024-08-26T18:05:00Z,R,Regular Season,N,1,Final,F,Toronto Blue Jays,141,4,Boston Red Sox,111,1,Zach Pop,Nick Pivetta,Chad Green,9,Fenway Park,day,1,4,False,,
745458,2024,2024-08-26,2024-08-26T22:40:00Z,R,Regular Season,N,1,Final,F,Chicago Cubs,112,18,Pittsburgh Pirates,134,8,Jameson Taillon,Mitch Keller,,9,PNC Park,night,1,3,False,,
745538,2024,2024-08-26,2024-08-26T22:40:00Z,R,Regular Season,N,1,Final,F,Houston Astros,117,2,Philadelphia Phillies,143,3,Matt Strahm,Josh Hader,,10,Citizens Bank Park,night,1,3,False,,
746596,2024,2024-08-26,2024-08-26T22:40:00Z,R,Regular Season,S,2,Final,F,Kansas City Royals,118,9,Cleveland Guardians,114,4,Sam Long,Logan Allen,Daniel Lynch IV,9,Progressive Field,night,2,4,False,,
744813,2024,2024-08-26,2024-08-26T22:45:00Z,R,Regular Season,N,1,Final,F,New York Yankees,147,5,Washington Nationals,120,2,Nestor Cortes,Mitchell Parker,Clay Holmes,9,Nationals Park,night,1,3,False,,
746915,2024,2024-08-26,2024-08-26T23:10:00Z,R,Regular Season,N,1,Final,F,Toronto Blue Jays,141,7,Boston Red Sox,111,3,José Berríos,Brad Keller,Brendon Little,9,Fenway Park,night,1,4,False,,
745865,2024,2024-08-26,2024-08-26T23:40:00Z,R,Regular Season,N,1,Final,F,Atlanta Braves,144,10,Minnesota Twins,142,6,Max Fried,Bailey Ober,,9,Target Field,night,1,3,False,,
745133,2024,2024-08-26,2024-08-26T23:45:00Z,R,Regular Season,N,1,Final,F,San Diego Padres,135,7,St. Louis Cardinals,138,4,Randy Vásquez,Kyle Gibson,,9,Busch Stadium,night,1,4,False,,
746753,2024,2024-08-26,2024-08-27T00:10:00Z,R,Regular Season,N,1,Final,F,Detroit Tigers,116,6,Chicago White Sox,145,3,Sean Guenther,Jared Shuster,Tyler Holton,9,Guaranteed Rate Field,night,4,4,False,,
746513,2024,2024-08-26,2024-08-27T00:40:00Z,R,Regular Season,N,1,Final,F,Miami Marlins,146,2,Colorado Rockies,115,3,Jake Bird,Edward Cabrera,Tyler Kinley,9,Coors Field,night,1,4,False,,
745215,2024,2024-08-26,2024-08-27T01:40:00Z,R,Regular Season,N,1,Final,F,Tampa Bay Rays,139,1,Seattle Mariners,136,5,Bryce Miller,Ryan Pepiot,,9,T-Mobile Park,night,1,3,False,,
745461,2024,2024-08-27,2024-08-27T22:40:00Z,R,Regular Season,N,1,Final,F,Chicago Cubs,112,9,Pittsburgh Pirates,134,5,Justin Steele,Jared Jones,,9,PNC Park,night,2,3,False,,
745540,2024,2024-08-27,2024-08-27T22:40:00Z,R,Regular Season,N,1,Final,F,Houston Astros,117,0,Philadelphia Phillies,143,5,Aaron Nola,Justin Verlander,,9,Citizens Bank Park,night,2,3,False,,
746429,2024,2024-08-27,2024-08-27T22:40:00Z,R,Regular Season,N,1,Final,F,Los Angeles Angels,108,2,Detroit Tigers,116,6,Brant Hurter,Johnny Cueto,Jason Foley,9,Comerica Park,night,1,3,False,,
746594,2024,2024-08-27,2024-08-27T22:40:00Z,R,Regular Season,N,1,Final,F,Kansas City Royals,118,6,Cleveland Guardians,114,1,James McArthur,Gavin Williams,,9,Progressive Field,night,3,4,False,,
746671,2024,2024-08-27,2024-08-27T22:40:00Z,R,Regular Season,N,1,Final,F,Oakland Athletics,133,5,Cincinnati Reds,113,4,Michel Otañez,Tony Santillan,Mason Miller,9,Great American Ball Park,night,1,3,False,,
744811,2024,2024-08-27,2024-08-27T22:45:00Z,R,Regular Season,N,1,Final,F,New York Yankees,147,2,Washington Nationals,120,4,Patrick Corbin,Gerrit Cole,Kyle Finnegan,9,Nationals Park,night,2,3,False,,
746916,2024,2024-08-27,2024-08-27T23:10:00Z,R,Regular Season,N,1,Final,F,Toronto Blue Jays,141,3,Boston Red Sox,111,6,Greg Weissert,Yariel Rodríguez,,9,Fenway Park,night,2,4,False,,
745864,2024,2024-08-27,2024-08-27T23:40:00Z,R,Regular Season,N,1,Final,F,Atlanta Braves,144,8,Minnesota Twins,142,6,Raisel Iglesias,Jhoan Duran,,10,Target Field,night,2,3,False,,
745132,2024,2024-08-27,2024-08-27T23:45:00Z,R,Regular Season,N,1,Final,F,San Diego Padres,135,7,St. Louis Cardinals,138,5,Yuki Matsui,John King,Tanner Scott,9,Busch Stadium,night,2,4,False,,
745946,2024,2024-08-27,2024-08-28T00:10:00Z,R,Regular Season,N,1,Final,F,San Francisco Giants,137,5,Milwaukee Brewers,158,4,Camilo Doval,Joel Payamps,Ryan Walker,9,American Family Field,night,1,3,False,,
746510,2024,2024-08-27,2024-08-28T00:40:00Z,R,Regular Season,N,1,Final,F,Miami Marlins,146,9,Colorado Rockies,115,8,George Soriano,Angel Chivilli,Calvin Faucher,9,Coors Field,night,2,4,False,,
745213,2024,2024-08-27,2024-08-28T01:40:00Z,R,Regular Season,N,1,Final,F,Tampa Bay Rays,139,3,Seattle Mariners,136,2,Edwin Uceta,JT Chargois,Manuel Rodríguez,9,T-Mobile Park,night,2,3,False,,
747162,2024,2024-08-27,2024-08-28T01:40:00Z,R,Regular Season,N,1,Final,F,New York Mets,121,8,Arizona Diamondbacks,109,3,Sean Manaea,Brandon Pfaadt,,9,Chase Field,night,1,3,False,,
746105,2024,2024-08-27,2024-08-28T02:10:00Z,R,Regular Season,N,1,Final,F,Baltimore Orioles,110,3,Los Angeles Dodgers,119,2,Matt Bowman,Jack Flaherty,Seranthony Domínguez,9,Dodger Stadium,night,1,3,False,,
745452,2024,2024-08-28,2024-08-28T16:35:00Z,R,Regular Season,N,1,Final,F,Chicago Cubs,112,14,Pittsburgh Pirates,134,10,Porter Hodge,David Bednar,,9,PNC Park,day,3,3,False,,
746589,2024,2024-08-28,2024-08-28T17:10:00Z,R,Regular Season,N,1,Final,F,Kansas City Royals,118,5,Cleveland Guardians,114,7,Eli Morgan,Lucas Erceg,Emmanuel Clase,9,Progressive Field,day,4,4,False,,
745541,2024,2024-08-28,2024-08-28T20:05:00Z,R,Regular Season,N,1,Final,F,Houston Astros,117,10,Philadelphia Phillies,143,0,Spencer Arrighetti,Taijuan Walker,,9,Citizens Bank Park,day,3,3,False,,
745211,2024,2024-08-28,2024-08-28T20:10:00Z,R,Regular Season,N,1,Final,F,Tampa Bay Rays,139,2,Seattle Mariners,136,6,Luis Castillo,Tyler Alexander,,9,T-Mobile Park,day,3,3,False,,
746755,2024,2024-08-27,2024-08-28T21:10:00Z,R,Regular Season,N,1,Final,F,Texas Rangers,140,3,Chicago White Sox,145,1,Matt Festa,Chris Flexen,Kirby Yates,9,Guaranteed Rate Field,day,1,3,False,,
746430,2024,2024-08-28,2024-08-28T22:40:00Z,R,Regular Season,N,1,Final,F,Los Angeles Angels,108,2,Detroit Tigers,116,3,Kenta Maeda,Griffin Canning,Jason Foley,9,Comerica Park,night,2,3,False,,
746672,2024,2024-08-28,2024-08-28T22:40:00Z,R,Regular Season,N,1,Final,F,Oakland Athletics,133,9,Cincinnati Reds,113,6,Tyler Ferguson,Emilio Pagán,Mason Miller,9,Great American Ball Park,night,2,3,False,,
744809,2024,2024-08-28,2024-08-28T22:45:00Z,R,Regular Season,N,1,Final,F,New York Yankees,147,2,Washington Nationals,120,5,MacKenzie Gore,Carlos Rodón,Kyle Finnegan,9,Nationals Park,night,3,3,False,,
746913,2024,2024-08-28,2024-08-28T23:10:00Z,R,Regular Season,N,1,Final,F,Toronto Blue Jays,141,0,Boston Red Sox,111,3,Brayan Bello,Chris Bassitt,Kenley Jansen,9,Fenway Park,night,3,4,False,,
745866,2024,2024-08-28,2024-08-28T23:40:00Z,R,Regular Season,N,1,Final,F,Atlanta Braves,144,5,Minnesota Twins,142,1,Chris Sale,David Festa,,9,Target Field,night,3,3,False,,
745134,2024,2024-08-28,2024-08-28T23:45:00Z,R,Regular Season,N,1,Final,F,San Diego Padres,135,3,St. Louis Cardinals,138,4,Ryan Helsley,Robert Suarez,,9,Busch Stadium,night,3,4,False,,
745943,2024,2024-08-28,2024-08-29T00:10:00Z,R,Regular Season,N,1,Final,F,San Francisco Giants,137,3,Milwaukee Brewers,158,5,Freddy Peralta,Kyle Harrison,Devin Williams,9,American Family Field,night,2,3,False,,
746752,2024,2024-08-28,2024-08-29T00:10:00Z,R,Regular Season,N,1,Final,F,Texas Rangers,140,4,Chicago White Sox,145,3,José Ureña,Justin Anderson,Grant Anderson,9,Guaranteed Rate Field,night,2,3,False,,
746512,2024,2024-08-28,2024-08-29T00:40:00Z,R,Regular Season,N,1,Final,F,Miami Marlins,146,2,Colorado Rockies,115,8,Kyle Freeland,Max Meyer,,9,Coors Field,night,3,4,False,,
747161,2024,2024-08-28,2024-08-29T01:40:00Z,R,Regular Season,N,1,Final,F,New York Mets,121,5,Arizona Diamondbacks,109,8,Ryan Thompson,Edwin Díaz,Justin Martinez,9,Chase Field,night,2,3,False,,
746103,2024,2024-08-28,2024-08-29T02:10:00Z,R,Regular Season,N,1,Final,F,Baltimore Orioles,110,4,Los Angeles Dodgers,119,6,Anthony Banda,Corbin Burnes,Michael Kopech,9,Dodger Stadium,night,2,3,False,,
746432,2024,2024-08-29,2024-08-29T17:10:00Z,R,Regular Season,N,1,Final,F,Los Angeles Angels,108,3,Detroit Tigers,116,0,Jack Kochanowicz,Keider Montero,Ben Joyce,9,Comerica Park,day,3,3,False,,
745945,2024,2024-08-29,2024-08-29T18:10:00Z,R,Regular Season,N,1,Final,F,San Francisco Giants,137,0,Milwaukee Brewers,158,6,Aaron Civale,Hayden Birdsong,,9,American Family Field,day,3,3,False,,
746748,2024,2024-08-29,2024-08-29T18:10:00Z,R,Regular Season,N,1,Final,F,Texas Rangers,140,2,Chicago White Sox,145,1,Nathan Eovaldi,Nick Nastrini,Kirby Yates,9,Guaranteed Rate Field,day,3,3,False,,
745135,2024,2024-08-29,2024-08-29T18:15:00Z,R,Regular Season,N,1,Final,F,San Diego Padres,135,1,St. Louis Cardinals,138,4,Sonny Gray,Michael King,Ryan Helsley,9,Busch Stadium,day,4,4,False,,
746514,2024,2024-08-29,2024-08-29T19:10:00Z,R,Regular Season,N,1,Final,F,Miami Marlins,146,12,Colorado Rockies,115,8,Jesus Tinoco,Bradley Blalock,,9,Coors Field,day,4,4,False,,
747159,2024,2024-08-29,2024-08-29T19:40:00Z,R,Regular Season,N,1,Final,F,New York Mets,121,3,Arizona Diamondbacks,109,2,José Buttó,Justin Martinez,Edwin Díaz,9,Chase Field,day,3,3,False,,
746670,2024,2024-08-29,2024-08-29T21:10:00Z,R,Regular Season,N,1,Final,F,Oakland Athletics,133,9,Cincinnati Reds,113,10,Emilio Pagán,Grant Holman,,9,Great American Ball Park,night,3,3,False,,
745531,2024,2024-08-29,2024-08-29T22:40:00Z,R,Regular Season,N,1,Final,F,Atlanta Braves,144,4,Philadelphia Phillies,143,5,Orion Kerkering,Grant Holmes,Jeff Hoffman,9,Citizens Bank Park,night,1,4,False,,
746914,2024,2024-08-29,2024-08-29T23:10:00Z,R,Regular Season,N,1,Final,F,Toronto Blue Jays,141,2,Boston Red Sox,111,0,Bowden Francis,Kutter Crawford,Chad Green,9,Fenway Park,night,4,4,False,,
746352,2024,2024-08-29,2024-08-30T00:10:00Z,R,Regular Season,N,1,Final,F,Kansas City Royals,118,3,Houston Astros,117,6,Ryan Pressly,Lucas Erceg,Josh Hader,9,Minute Maid Park,night,1,4,False,,
746102,2024,2024-08-29,2024-08-30T02:10:00Z,R,Regular Season,N,1,Final,F,Baltimore Orioles,110,3,Los Angeles Dodgers,119,6,Bobby Miller,Cade Povich,Evan Phillips,9,Dodger Stadium,night,3,3,False,,
746730,2024,2024-08-30,2024-08-30T16:40:00Z,R,Regular Season,S,1,Final,F,Milwaukee Brewers,158,5,Cincinnati Reds,113,4,Trevor Megill,Alexis Díaz,Devin Williams,10,Great American Ball Park,day,1,4,False,,
745533,2024,2024-08-30,2024-08-30T22:40:00Z,R,Regular Season,N,1,Final,F,Atlanta Braves,144,7,Philadelphia Phillies,143,2,Reynaldo López,Ranger Suarez,,9,Citizens Bank Park,night,2,4,False,,
746433,2024,2024-08-30,2024-08-30T22:40:00Z,R,Regular Season,N,1,Final,F,Boston Red Sox,111,7,Detroit Tigers,116,5,Kenley Jansen,Shelby Miller,Chris Martin,10,Comerica Park,night,1,3,False,,
746665,2024,2024-08-30,2024-08-30T22:40:00Z,R,Regular Season,S,2,Final,F,Milwaukee Brewers,158,14,Cincinnati Reds,113,0,DL Hall,Rhett Lowder,,9,Great American Ball Park,night,2,4,False,,
744810,2024,2024-08-30,2024-08-30T22:45:00Z,R,Regular Season,N,1,Final,F,Chicago Cubs,112,7,Washington Nationals,120,6,Shota Imanaga,Jake Irvin,Keegan Thompson,9,Nationals Park,night,1,3,False,,
745052,2024,2024-08-30,2024-08-30T22:50:00Z,R,Regular Season,N,1,Final,F,San Diego Padres,135,13,Tampa Bay Rays,139,5,Martín Pérez,Taj Bradley,,9,Tropicana Field,night,1,3,False,,
745700,2024,2024-08-30,2024-08-30T23:05:00Z,R,Regular Season,N,1,Final,F,St. Louis Cardinals,138,3,New York Yankees,147,6,Marcus Stroman,Erick Fedde,Clay Holmes,9,Yankee Stadium,night,1,3,False,,
746593,2024,2024-08-30,2024-08-30T23:10:00Z,R,Regular Season,N,1,Final,F,Pittsburgh Pirates,134,8,Cleveland Guardians,114,10,Pedro Avila,Carmen Mlodzinski,Emmanuel Clase,9,Progressive Field,night,1,3,False,,
744969,2024,2024-08-30,2024-08-31T00:05:00Z,R,Regular Season,N,1,Final,F,Oakland Athletics,133,9,Texas Rangers,140,2,JP Sears,Jon Gray,,9,Globe Life Field,night,1,3,False,,
745862,2024,2024-08-30,2024-08-31T00:10:00Z,R,Regular Season,N,1,Final,F,Toronto Blue Jays,141,0,Minnesota Twins,142,2,Pablo López,Kevin Gausman,Jhoan Duran,9,Target Field,night,1,3,False,,
746353,2024,2024-08-30,2024-08-31T00:10:00Z,R,Regular Season,N,1,Final,F,Kansas City Royals,118,2,Houston Astros,117,3,Josh Hader,James McArthur,,9,Minute Maid Park,night,2,4,False,,
746749,2024,2024-08-30,2024-08-31T00:10:00Z,R,Regular Season,N,1,Final,F,New York Mets,121,5,Chicago White Sox,145,1,Tylor Megill,Jonathan Cannon,,9,Guaranteed Rate Field,night,1,3,False,,
746511,2024,2024-08-30,2024-08-31T00:40:00Z,R,Regular Season,N,1,Final,F,Baltimore Orioles,110,5,Colorado Rockies,115,3,Albert Suárez,Austin Gomber,Seranthony Domínguez,9,Coors Field,night,1,3,False,,
746184,2024,2024-08-30,2024-08-31T01:38:00Z,R,Regular Season,N,1,Final,F,Seattle Mariners,136,9,Los Angeles Angels,108,5,George Kirby,Sam Aldegheri,,9,Angel Stadium,night,1,3,False,,
747156,2024,2024-08-30,2024-08-31T01:40:00Z,R,Regular Season,N,1,Final,F,Los Angeles Dodgers,119,10,Arizona Diamondbacks,109,9,Ryan Brasier,Dylan Floro,,9,Chase Field,night,1,4,False,,
745299,2024,2024-08-30,2024-08-31T02:15:00Z,R,Regular Season,N,1,Final,F,Miami Marlins,146,1,San Francisco Giants,137,3,Tyler Rogers,Mike Baumann,Ryan Walker,9,Oracle Park,night,1,3,False,,
745699,2024,2024-08-31,2024-08-31T17:05:00Z,R,Regular Season,N,1,Final,F,St. Louis Cardinals,138,6,New York Yankees,147,5,Kyle Gibson,Will Warren,Ryan Helsley,9,Yankee Stadium,day,2,3,False,,
744808,2024,2024-08-31,2024-08-31T20:05:00Z,R,Regular Season,N,1,Final,F,Chicago Cubs,112,5,Washington Nationals,120,3,Javier Assad,DJ Herz,Porter Hodge,9,Nationals Park,day,2,3,False,,
745050,2024,2024-08-31,2024-08-31T20:10:00Z,R,Regular Season,N,1,Final,F,San Diego Padres,135,4,Tampa Bay Rays,139,11,Shane Baz,Randy Vásquez,,9,Tropicana Field,day,2,3,False,,
746424,2024,2024-08-31,2024-08-31T22:10:00Z,R,Regular Season,N,1,Final,F,Boston Red Sox,111,1,Detroit Tigers,116,2,Tarik Skubal,Nick Pivetta,Tyler Holton,9,Comerica Park,night,2,3,False,,
746590,2024,2024-08-31,2024-08-31T22:10:00Z,R,Regular Season,N,1,Final,F,Pittsburgh Pirates,134,3,Cleveland Guardians,114,0,Luis Ortiz,Matthew Boyd,Aroldis Chapman,9,Progressive Field,night,2,3,False,,
744971,2024,2024-08-31,2024-08-31T23:05:00Z,R,Regular Season,N,1,Final,F,Oakland Athletics,133,2,Texas Rangers,140,3,Kirby Yates,Tyler Ferguson,,9,Globe Life Field,night,2,3,False,,
745859,2024,2024-08-31,2024-08-31T23:10:00Z,R,Regular Season,N,1,Final,F,Toronto Blue Jays,141,15,Minnesota Twins,142,0,José Berríos,Zebby Matthews,,9,Target Field,night,2,3,False,,
746348,2024,2024-08-31,2024-08-31T23:10:00Z,R,Regular Season,N,1,Final,F,Kansas City Royals,118,2,Houston Astros,117,5,Yusei Kikuchi,Cole Ragans,Ryan Pressly,9,Minute Maid Park,night,3,4,False,,
746751,2024,2024-08-31,2024-08-31T23:10:00Z,R,Regular Season,N,1,Final,F,New York Mets,121,5,Chicago White Sox,145,3,Jose Quintana,Davis Martin,José Buttó,9,Guaranteed Rate Field,night,2,3,False,,
745532,2024,2024-08-31,2024-08-31T23:15:00Z,R,Regular Season,N,1,Final,F,Atlanta Braves,144,0,Philadelphia Phillies,143,3,Zack Wheeler,Max Fried,Carlos Estévez,9,Citizens Bank Park,night,3,4,False,,
746667,2024,2024-08-31,2024-08-31T23:15:00Z,R,Regular Season,N,1,Final,F,Milwaukee Brewers,158,5,Cincinnati Reds,113,4,Aaron Ashby,Justin Wilson,Devin Williams,9,Great American Ball Park,night,3,4,False,,
746507,2024,2024-08-31,2024-09-01T00:10:00Z,R,Regular Season,N,1,Final,F,Baltimore Orioles,110,5,Colorado Rockies,115,7,Jeff Criswell,Craig Kimbrel,Tyler Kinley,9,Coors Field,night,2,3,False,,
747158,2024,2024-08-31,2024-09-01T00:10:00Z,R,Regular Season,N,1,Final,F,Los Angeles Dodgers,119,8,Arizona Diamondbacks,109,6,Ben Casparius,Ryan Thompson,Evan Phillips,9,Chase Field,night,2,4,False,,
745296,2024,2024-08-31,2024-09-01T01:05:00Z,R,Regular Season,N,1,Final,F,Miami Marlins,146,4,San Francisco Giants,137,3,Edward Cabrera,Mason Black,Calvin Faucher,9,Oracle Park,night,2,3,False,,
746182,2024,2024-08-31,2024-09-01T01:38:00Z,R,Regular Season,N,1,Final,F,Seattle Mariners,136,4,Los Angeles Angels,108,5,Ben Joyce,Andrés Muñoz,,9,Angel Stadium,night,2,3,False,,
746669,2024,2024-09-01,2024-09-01T16:10:00Z,R,Regular Season,N,1,Final,F,Milwaukee Brewers,158,3,Cincinnati Reds,113,4,Alexis Díaz,Bryse Wilson,,11,Great American Ball Park,day,4,4,False,,
744806,2024,2024-09-01,2024-09-01T17:35:00Z,R,Regular Season,N,1,Final,F,Chicago Cubs,112,14,Washington Nationals,120,1,Jordan Wicks,Mitchell Parker,,9,Nationals Park,day,3,3,False,,
745701,2024,2024-09-01,2024-09-01T17:35:00Z,R,Regular Season,N,1,Final,F,St. Louis Cardinals,138,14,New York Yankees,147,7,JoJo Romero,Jake Cousins,,9,Yankee Stadium,day,3,3,False,,
745048,2024,2024-09-01,2024-09-01T17:40:00Z,R,Regular Season,N,1,Final,F,San Diego Padres,135,4,Tampa Bay Rays,139,3,Tanner Scott,Manuel Rodríguez,Robert Suarez,9,Tropicana Field,day,3,3,False,,
746426,2024,2024-09-01,2024-09-01T17:40:00Z,R,Regular Season,N,1,Final,F,Boston Red Sox,111,1,Detroit Tigers,116,4,Brant Hurter,Rich Hill,Jason Foley,9,Comerica Park,day,3,3,False,,
746592,2024,2024-09-01,2024-09-01T17:40:00Z,R,Regular Season,N,1,Final,F,Pittsburgh Pirates,134,1,Cleveland Guardians,114,6,Alex Cobb,Mitch Keller,,9,Progressive Field,day,3,3,False,,
745861,2024,2024-09-01,2024-09-01T18:10:00Z,R,Regular Season,N,1,Final,F,Toronto Blue Jays,141,3,Minnesota Twins,142,4,Griffin Jax,Chad Green,Jhoan Duran,9,Target Field,day,3,3,False,,
746347,2024,2024-09-01,2024-09-01T18:10:00Z,R,Regular Season,N,1,Final,F,Kansas City Royals,118,2,Houston Astros,117,7,Ronel Blanco,Alec Marsh,,9,Minute Maid Park,day,4,4,False,,
746750,2024,2024-09-01,2024-09-01T18:10:00Z,R,Regular Season,N,1,Final,F,New York Mets,121,2,Chicago White Sox,145,0,Sean Manaea,Garrett Crochet,Edwin Díaz,9,Guaranteed Rate Field,day,3,3,False,,
744970,2024,2024-09-01,2024-09-01T18:35:00Z,R,Regular Season,N,1,Final,F,Oakland Athletics,133,4,Texas Rangers,140,6,Matt Festa,Mason Miller,,10,Globe Life Field,day,3,3,False,,
746505,2024,2024-09-01,2024-09-01T19:10:00Z,R,Regular Season,N,1,Final,F,Baltimore Orioles,110,6,Colorado Rockies,115,1,Zach Eflin,Ty Blach,,9,Coors Field,day,3,3,False,,
745292,2024,2024-09-01,2024-09-01T20:05:00Z,R,Regular Season,N,1,Final,F,Miami Marlins,146,7,San Francisco Giants,137,5,Xzavion Curry,Logan Webb,Calvin Faucher,9,Oracle Park,day,3,3,False,,
746183,2024,2024-09-01,2024-09-01T20:07:00Z,R,Regular Season,N,1,Final,F,Seattle Mariners,136,2,Los Angeles Angels,108,3,Caden Dana,Bryce Miller,Ben Joyce,9,Angel Stadium,day,3,3,False,,
747157,2024,2024-09-01,2024-09-01T20:10:00Z,R,Regular Season,N,1,Final,F,Los Angeles Dodgers,119,3,Arizona Diamondbacks,109,14,Brandon Pfaadt,Justin Wrobleski,,9,Chase Field,day,3,4,False,,
745536,2024,2024-09-01,2024-09-01T23:10:00Z,R,Regular Season,N,1,Final,F,Atlanta Braves,144,2,Philadelphia Phillies,143,3,Carlos Estévez,Aaron Bummer,,11,Citizens Bank Park,night,4,4,False,,
745947,2024,2024-09-02,2024-09-02T18:10:00Z,R,Regular Season,N,1,Final,F,St. Louis Cardinals,138,3,Milwaukee Brewers,158,9,Freddy Peralta,Andre Pallante,,9,American Family Field,day,1,3,False,,
746992,2024,2024-09-02,2024-09-02T19:05:00Z,R,Regular Season,N,1,Final,F,Chicago White Sox,145,3,Baltimore Orioles,110,13,Corbin Burnes,Chris Flexen,Cole Irvin,9,Oriole Park at Camden Yards,day,1,3,False,,
746265,2024,2024-09-02,2024-09-02T20:10:00Z,R,Regular Season,N,1,Final,F,Cleveland Guardians,114,4,Kansas City Royals,118,2,Gavin Williams,Michael Wacha,Emmanuel Clase,9,Kauffman Stadium,day,1,3,False,,
746668,2024,2024-09-02,2024-09-02T20:10:00Z,R,Regular Season,N,1,Final,F,Houston Astros,117,3,Cincinnati Reds,113,5,Carson Spiers,Justin Verlander,Justin Wilson,9,Great American Ball Park,day,1,3,False,,
747155,2024,2024-09-02,2024-09-02T20:10:00Z,R,Regular Season,N,1,Final,F,Los Angeles Dodgers,119,11,Arizona Diamondbacks,109,6,Jack Flaherty,Eduardo Rodriguez,,9,Chase Field,day,4,4,False,,
745373,2024,2024-09-02,2024-09-02T22:40:00Z,R,Regular Season,N,1,Final,F,Detroit Tigers,116,0,San Diego Padres,135,3,Joe Musgrove,Brenan Hanifee,Robert Suarez,9,Petco Park,day,1,3,False,,
745046,2024,2024-09-02,2024-09-02T22:50:00Z,R,Regular Season,N,1,Final,F,Minnesota Twins,142,5,Tampa Bay Rays,139,4,Jorge Alcala,Zack Littell,Jhoan Duran,9,Tropicana Field,night,1,4,False,,
745619,2024,2024-09-02,2024-09-02T23:07:00Z,R,Regular Season,N,1,Final,F,Seattle Mariners,136,4,Oakland Athletics,133,5,Tyler Ferguson,Austin Voth,,9,Oakland Coliseum,day,1,4,False,,
745779,2024,2024-09-02,2024-09-02T23:10:00Z,R,Regular Season,N,1,Final,F,Boston Red Sox,111,1,New York Mets,121,4,Luis Severino,Brayan Bello,Phil Maton,9,Citi Field,night,1,3,False,,
746833,2024,2024-09-02,2024-09-02T23:40:00Z,R,Regular Season,N,1,Final,F,Pittsburgh Pirates,134,5,Chicago Cubs,112,3,Jalen Beeks,Jorge López,Dennis Santana,9,Wrigley Field,night,1,3,False,,
744972,2024,2024-09-02,2024-09-03T00:05:00Z,R,Regular Season,N,1,Final,F,New York Yankees,147,8,Texas Rangers,140,4,Gerrit Cole,Jack Leiter,,9,Globe Life Field,night,1,3,False,,
746991,2024,2024-09-03,2024-09-03T22:35:00Z,R,Regular Season,N,1,Final,F,Chicago White Sox,145,0,Baltimore Orioles,110,9,Cade Povich,Nick Nastrini,,9,Oriole Park at Camden Yards,night,2,3,False,,
746020,2024,2024-09-03,2024-09-03T22:40:00Z,R,Regular Season,N,1,Final,F,Washington Nationals,120,6,Miami Marlins,146,2,Patrick Corbin,Max Meyer,,9,loanDepot park,night,1,2,False,,
745047,2024,2024-09-03,2024-09-03T22:50:00Z,R,Regular Season,N,1,Final,F,Minnesota Twins,142,1,Tampa Bay Rays,139,2,Jeffrey Springs,David Festa,Garrett Cleavinger,9,Tropicana Field,night,2,4,False,,
744891,2024,2024-09-03,2024-09-03T23:07:00Z,R,Regular Season,N,1,Final,F,Philadelphia Phillies,143,10,Toronto Blue Jays,141,9,Orion Kerkering,Chad Green,Matt Strahm,9,Rogers Centre,night,1,2,False,,
745778,2024,2024-09-03,2024-09-03T23:10:00Z,R,Regular Season,N,1,Final,F,Boston Red Sox,111,2,New York Mets,121,7,David Peterson,Kutter Crawford,,9,Citi Field,night,2,3,False,,
747079,2024,2024-09-03,2024-09-03T23:20:00Z,R,Regular Season,N,1,Final,F,Colorado Rockies,115,0,Atlanta Braves,144,3,Chris Sale,Kyle Freeland,Raisel Iglesias,9,Truist Park,night,1,3,False,,
745944,2024,2024-09-03,2024-09-03T23:40:00Z,R,Regular Season,N,1,Final,F,St. Louis Cardinals,138,7,Milwaukee Brewers,158,4,Ryan Helsley,Elvis Peguero,,12,American Family Field,night,2,3,False,,
746264,2024,2024-09-03,2024-09-03T23:40:00Z,R,Regular Season,N,1,Final,F,Cleveland Guardians,114,7,Kansas City Royals,118,1,Tanner Bibee,Brady Singer,,9,Kauffman Stadium,night,2,3,False,,
746834,2024,2024-09-03,2024-09-03T23:40:00Z,R,Regular Season,N,1,Final,F,Pittsburgh Pirates,134,5,Chicago Cubs,112,0,Paul Skenes,Kyle Hendricks,,9,Wrigley Field,night,2,3,False,,
744968,2024,2024-09-03,2024-09-04T00:05:00Z,R,Regular Season,N,1,Final,F,New York Yankees,147,4,Texas Rangers,140,7,Walter Pennington,Clay Holmes,,9,Globe Life Field,night,2,3,False,,
746185,2024,2024-09-03,2024-09-04T01:38:00Z,R,Regular Season,N,1,Final,F,Los Angeles Dodgers,119,6,Los Angeles Angels,108,2,Michael Kopech,Roansy Contreras,,10,Angel Stadium,night,1,2,False,,
745615,2024,2024-09-03,2024-09-04T01:40:00Z,R,Regular Season,N,1,Final,F,Seattle Mariners,136,2,Oakland Athletics,133,3,Hogan Harris,Trent Thornton,,9,Oakland Coliseum,night,2,4,False,,
745293,2024,2024-09-03,2024-09-04T01:45:00Z,R,Regular Season,N,1,Final,F,Arizona Diamondbacks,109,8,San Francisco Giants,137,7,Ryne Nelson,Kyle Harrison,Justin Martinez,9,Oracle Park,night,1,3,False,,
744887,2024,2024-09-04,2024-09-04T19:07:00Z,R,Regular Season,N,1,Final,F,Philadelphia Phillies,143,4,Toronto Blue Jays,141,2,Cristopher Sánchez,Bowden Francis,Carlos Estévez,9,Rogers Centre,day,2,2,False,,
746990,2024,2024-09-04,2024-09-04T22:35:00Z,R,Regular Season,N,1,Final,F,Chicago White Sox,145,8,Baltimore Orioles,110,1,Jonathan Cannon,Albert Suárez,,9,Oriole Park at Camden Yards,night,3,3,False,,
746019,2024,2024-09-04,2024-09-04T22:40:00Z,R,Regular Season,N,1,Final,F,Washington Nationals,120,3,Miami Marlins,146,4,John McMillon,Derek Law,,10,loanDepot park,night,2,2,False,,
746666,2024,2024-09-04,2024-09-04T22:40:00Z,R,Regular Season,N,1,Final,F,Houston Astros,117,5,Cincinnati Reds,113,12,Nick Martinez,Spencer Arrighetti,Brent Suter,9,Great American Ball Park,night,2,3,False,,
745045,2024,2024-09-04,2024-09-04T22:50:00Z,R,Regular Season,N,1,Final,F,Minnesota Twins,142,4,Tampa Bay Rays,139,9,Tyler Alexander,Louis Varland,,9,Tropicana Field,night,3,4,False,,
745776,2024,2024-09-04,2024-09-04T23:10:00Z,R,Regular Season,N,1,Final,F,Boston Red Sox,111,3,New York Mets,121,8,Danny Young,Tanner Houck,,9,Citi Field,night,3,3,False,,
747075,2024,2024-09-04,2024-09-04T23:20:00Z,R,Regular Season,N,1,Final,F,Colorado Rockies,115,2,Atlanta Braves,144,5,Charlie Morton,Bradley Blalock,Raisel Iglesias,9,Truist Park,night,2,3,False,,
745938,2024,2024-09-04,2024-09-04T23:40:00Z,R,Regular Season,N,1,Final,F,St. Louis Cardinals,138,3,Milwaukee Brewers,158,2,Andrew Kittredge,Joel Payamps,Ryan Fernandez,10,American Family Field,night,3,3,False,,
746262,2024,2024-09-04,2024-09-04T23:40:00Z,R,Regular Season,N,1,Final,F,Cleveland Guardians,114,1,Kansas City Royals,118,4,Seth Lugo,Ben Lively,Lucas Erceg,9,Kauffman Stadium,night,3,3,False,,
746835,2024,2024-09-04,2024-09-04T23:40:00Z,R,Regular Season,N,1,Final,F,Pittsburgh Pirates,134,0,Chicago Cubs,112,12,Shota Imanaga,Domingo Germán,,9,Wrigley Field,night,3,3,False,,
744964,2024,2024-09-04,2024-09-05T00:05:00Z,R,Regular Season,N,1,Final,F,New York Yankees,147,6,Texas Rangers,140,10,Nathan Eovaldi,Marcus Stroman,Kirby Yates,9,Globe Life Field,night,3,3,False,,
746178,2024,2024-09-04,2024-09-05T01:38:00Z,R,Regular Season,N,1,Final,F,Los Angeles Dodgers,119,1,Los Angeles Angels,108,10,Griffin Canning,Bobby Miller,,9,Angel Stadium,night,2,2,False,,
745370,2024,2024-09-04,2024-09-05T01:40:00Z,R,Regular Season,N,1,Final,F,Detroit Tigers,116,5,San Diego Padres,135,6,Jeremiah Estrada,Jason Foley,,10,Petco Park,night,2,3,False,,
745614,2024,2024-09-04,2024-09-05T01:40:00Z,R,Regular Season,N,1,Final,F,Seattle Mariners,136,16,Oakland Athletics,133,3,George Kirby,JP Sears,,9,Oakland Coliseum,night,3,4,False,,
745290,2024,2024-09-04,2024-09-05T01:45:00Z,R,Regular Season,N,1,Final,F,Arizona Diamondbacks,109,6,San Francisco Giants,137,4,Zac Gallen,Hayden Birdsong,,9,Oracle Park,night,2,3,False,,
745042,2024,2024-09-05,2024-09-05T17:10:00Z,R,Regular Season,N,1,Final,F,Minnesota Twins,142,4,Tampa Bay Rays,139,3,Pablo López,Taj Bradley,Jhoan Duran,9,Tropicana Field,day,4,4,False,,
746664,2024,2024-09-05,2024-09-05T17:10:00Z,R,Regular Season,N,1,Final,F,Houston Astros,117,0,Cincinnati Reds,113,1,Tony Santillan,Bryan Abreu,Alexis Díaz,9,Great American Ball Park,day,3,3,False,,
745612,2024,2024-09-05,2024-09-05T19:37:00Z,R,Regular Season,N,1,Final,F,Seattle Mariners,136,6,Oakland Athletics,133,4,Bryan Woo,Joey Estes,,9,Oakland Coliseum,day,4,4,False,,
745289,2024,2024-09-05,2024-09-05T19:45:00Z,R,Regular Season,N,1,Final,F,Arizona Diamondbacks,109,2,San Francisco Giants,137,3,Ryan Walker,Kevin Ginkel,,9,Oracle Park,day,3,3,False,,
745451,2024,2024-09-05,2024-09-05T22:40:00Z,R,Regular Season,N,1,Final,F,Washington Nationals,120,4,Pittsburgh Pirates,134,9,Bailey Falter,Jake Irvin,Aroldis Chapman,9,PNC Park,night,1,4,False,,
746021,2024,2024-09-05,2024-09-05T22:40:00Z,R,Regular Season,N,1,Final,F,Philadelphia Phillies,143,5,Miami Marlins,146,2,Ranger Suarez,Adam Oller,Matt Strahm,9,loanDepot park,night,1,4,False,,
747073,2024,2024-09-05,2024-09-05T23:20:00Z,R,Regular Season,N,1,Final,F,Colorado Rockies,115,3,Atlanta Braves,144,1,Austin Gomber,Reynaldo López,Tyler Kinley,9,Truist Park,night,3,3,False,,
744966,2024,2024-09-05,2024-09-06T00:05:00Z,R,Regular Season,N,1,Final,F,Los Angeles Angels,108,1,Texas Rangers,140,3,Cody Bradford,Jack Kochanowicz,Kirby Yates,9,Globe Life Field,night,1,4,False,,
745369,2024,2024-09-05,2024-09-06T00:40:00Z,R,Regular Season,N,1,Final,F,Detroit Tigers,116,4,San Diego Padres,135,3,Ricky Vanasco,Robert Suarez,Tyler Holton,9,Petco Park,night,3,3,False,,
746832,2024,2024-09-06,2024-09-06T18:20:00Z,R,Regular Season,N,1,Final,F,New York Yankees,147,3,Chicago Cubs,112,0,Luis Gil,Jordan Wicks,Luke Weaver,9,Wrigley Field,day,1,3,False,,
745941,2024,2024-09-06,2024-09-06T22:10:00Z,R,Regular Season,N,1,Final,F,Colorado Rockies,115,3,Milwaukee Brewers,158,2,Ryan Feltner,Frankie Montas,Tyler Kinley,9,American Family Field,night,1,3,False,,
746993,2024,2024-09-06,2024-09-06T23:05:00Z,R,Regular Season,N,1,Final,F,Tampa Bay Rays,139,0,Baltimore Orioles,110,2,Dean Kremer,Shane Baz,Seranthony Domínguez,9,Oriole Park at Camden Yards,night,1,3,False,,
745777,2024,2024-09-06,2024-09-06T23:10:00Z,R,Regular Season,N,1,Final,F,Cincinnati Reds,113,4,New York Mets,121,6,José Buttó,Justin Wilson,,10,Citi Field,night,1,3,False,,
746016,2024,2024-09-06,2024-09-06T23:10:00Z,R,Regular Season,N,1,Final,F,Philadelphia Phillies,143,16,Miami Marlins,146,2,Zack Wheeler,Austin Kitchen,,9,loanDepot park,night,2,4,False,,
746912,2024,2024-09-06,2024-09-06T23:10:00Z,R,Regular Season,N,1,Final,F,Chicago White Sox,145,1,Boston Red Sox,111,3,Zack Kelly,Matt Foster,Josh Winckowski,9,Fenway Park,night,1,3,False,,
747074,2024,2024-09-06,2024-09-06T23:20:00Z,R,Regular Season,N,1,Final,F,Toronto Blue Jays,141,1,Atlanta Braves,144,3,Max Fried,Kevin Gausman,Raisel Iglesias,9,Truist Park,night,1,3,False,,
744967,2024,2024-09-06,2024-09-07T00:05:00Z,R,Regular Season,N,1,Final,F,Los Angeles Angels,108,5,Texas Rangers,140,1,Sam Aldegheri,Gerson Garabito,,9,Globe Life Field,night,2,4,False,,
746257,2024,2024-09-06,2024-09-07T00:10:00Z,R,Regular Season,N,1,Final,F,Minnesota Twins,142,0,Kansas City Royals,118,5,Cole Ragans,Zebby Matthews,,9,Kauffman Stadium,night,1,3,False,,
746343,2024,2024-09-06,2024-09-07T00:10:00Z,R,Regular Season,N,1,Final,F,Arizona Diamondbacks,109,0,Houston Astros,117,8,Framber Valdez,Brandon Pfaadt,,9,Minute Maid Park,night,1,3,False,,
745131,2024,2024-09-06,2024-09-07T00:15:00Z,R,Regular Season,N,1,Final,F,Seattle Mariners,136,6,St. Louis Cardinals,138,1,Bryce Miller,Erick Fedde,,9,Busch Stadium,night,1,3,False,,
745371,2024,2024-09-06,2024-09-07T01:40:00Z,R,Regular Season,N,1,Final,F,San Francisco Giants,137,1,San Diego Padres,135,5,Michael King,Mason Black,,9,Petco Park,night,1,3,False,,
745611,2024,2024-09-06,2024-09-07T01:40:00Z,R,Regular Season,N,1,Final,F,Detroit Tigers,116,6,Oakland Athletics,133,7,Grant Holman,Beau Brieske,,13,Oakland Coliseum,night,1,3,False,,
746104,2024,2024-09-06,2024-09-07T02:10:00Z,R,Regular Season,N,1,Final,F,Cleveland Guardians,114,3,Los Angeles Dodgers,119,1,Matthew Boyd,Landon Knack,Emmanuel Clase,9,Dodger Stadium,night,1,3,False,,
745455,2024,2024-09-07,2024-09-07T17:35:00Z,R,Regular Season,S,1,Final,F,Washington Nationals,120,5,Pittsburgh Pirates,134,3,DJ Herz,Luis Ortiz,Kyle Finnegan,9,PNC Park,day,2,4,False,,
746829,2024,2024-09-07,2024-09-07T18:20:00Z,R,Regular Season,N,1,Final,F,New York Yankees,147,2,Chicago Cubs,112,0,Nestor Cortes,Javier Assad,,9,Wrigley Field,day,2,3,False,,
746986,2024,2024-09-07,2024-09-07T20:05:00Z,R,Regular Season,N,1,Final,F,Tampa Bay Rays,139,7,Baltimore Orioles,110,1,Ryan Pepiot,Zach Eflin,,9,Oriole Park at Camden Yards,day,2,3,False,,
745613,2024,2024-09-07,2024-09-07T20:07:00Z,R,Regular Season,N,1,Final,F,Detroit Tigers,116,2,Oakland Athletics,133,1,Brant Hurter,T.J. McFarland,Jason Foley,9,Oakland Coliseum,day,2,3,False,,
745775,2024,2024-09-07,2024-09-07T20:10:00Z,R,Regular Season,N,1,Final,F,Cincinnati Reds,113,0,New York Mets,121,4,Jose Quintana,Sam Moll,,9,Citi Field,day,2,3,False,,
746018,2024,2024-09-07,2024-09-07T20:10:00Z,R,Regular Season,N,1,Final,F,Philadelphia Phillies,143,5,Miami Marlins,146,9,John McMillon,Aaron Nola,,9,loanDepot park,day,3,4,False,,
746344,2024,2024-09-07,2024-09-07T20:10:00Z,R,Regular Season,N,1,Final,F,Arizona Diamondbacks,109,5,Houston Astros,117,11,Yusei Kikuchi,Eduardo Rodriguez,,9,Minute Maid Park,day,2,3,False,,
745456,2024,2024-09-07,2024-09-07T22:40:00Z,R,Regular Season,S,2,Final,F,Washington Nationals,120,8,Pittsburgh Pirates,134,6,Robert Garcia,Aroldis Chapman,Kyle Finnegan,9,PNC Park,night,3,4,False,,
744963,2024,2024-09-07,2024-09-07T23:05:00Z,R,Regular Season,N,1,Final,F,Los Angeles Angels,108,4,Texas Rangers,140,6,José Leclerc,Victor Mederos,Kirby Yates,9,Globe Life Field,night,3,4,False,,
745942,2024,2024-09-07,2024-09-07T23:10:00Z,R,Regular Season,N,1,Final,F,Colorado Rockies,115,2,Milwaukee Brewers,158,5,Tobias Myers,Ty Blach,Devin Williams,9,American Family Field,night,2,3,False,,
745125,2024,2024-09-07,2024-09-07T23:15:00Z,R,Regular Season,N,1,Final,F,Seattle Mariners,136,0,St. Louis Cardinals,138,2,Andrew Kittredge,Logan Gilbert,Ryan Helsley,9,Busch Stadium,night,2,3,False,,
746259,2024,2024-09-07,2024-09-07T23:15:00Z,R,Regular Season,N,1,Final,F,Minnesota Twins,142,2,Kansas City Royals,118,4,Daniel Lynch IV,Jhoan Duran,Lucas Erceg,9,Kauffman Stadium,night,2,3,False,,
746911,2024,2024-09-07,2024-09-07T23:15:00Z,R,Regular Season,N,1,Final,F,Chicago White Sox,145,5,Boston Red Sox,111,7,Cooper Criswell,Garrett Crochet,Kenley Jansen,9,Fenway Park,night,2,3,False,,
747076,2024,2024-09-07,2024-09-07T23:20:00Z,R,Regular Season,N,1,Final,F,Toronto Blue Jays,141,9,Atlanta Braves,144,5,José Berríos,Spencer Schwellenbach,,9,Truist Park,night,2,3,False,,
745372,2024,2024-09-07,2024-09-08T00:40:00Z,R,Regular Season,N,1,Final,F,San Francisco Giants,137,6,San Diego Padres,135,3,Logan Webb,Dylan Cease,Ryan Walker,9,Petco Park,night,2,3,False,,
746099,2024,2024-09-07,2024-09-08T01:10:00Z,R,Regular Season,N,1,Final,F,Cleveland Guardians,114,2,Los Angeles Dodgers,119,7,Brent Honeywell,Gavin Williams,,9,Dodger Stadium,night,2,3,False,,
746989,2024,2024-09-08,2024-09-08T16:05:00Z,R,Regular Season,N,1,Final,F,Tampa Bay Rays,139,2,Baltimore Orioles,110,0,Zack Littell,Corbin Burnes,Edwin Uceta,9,Oriole Park at Camden Yards,day,3,3,False,,
745453,2024,2024-09-08,2024-09-08T17:35:00Z,R,Regular Season,N,1,Final,F,Washington Nationals,120,3,Pittsburgh Pirates,134,7,Jared Jones,Patrick Corbin,,9,PNC Park,day,4,4,False,,
746910,2024,2024-09-08,2024-09-08T17:35:00Z,R,Regular Season,N,1,Final,F,Chicago White Sox,145,7,Boston Red Sox,111,2,Fraser Ellard,Zack Kelly,,9,Fenway Park,day,3,3,False,,
747072,2024,2024-09-08,2024-09-08T17:35:00Z,R,Regular Season,N,1,Final,F,Toronto Blue Jays,141,3,Atlanta Braves,144,4,Raisel Iglesias,Zach Pop,,11,Truist Park,day,3,3,False,,
745774,2024,2024-09-08,2024-09-08T17:40:00Z,R,Regular Season,N,1,Final,F,Cincinnati Reds,113,3,New York Mets,121,1,Buck Farmer,Phil Maton,Alexis Díaz,9,Citi Field,day,3,3,False,,
746017,2024,2024-09-08,2024-09-08T17:40:00Z,R,Regular Season,N,1,Final,F,Philadelphia Phillies,143,1,Miami Marlins,146,10,Edward Cabrera,Seth Johnson,,9,loanDepot park,day,4,4,False,,
745940,2024,2024-09-08,2024-09-08T18:10:00Z,R,Regular Season,N,1,Final,F,Colorado Rockies,115,4,Milwaukee Brewers,158,1,Kyle Freeland,Freddy Peralta,Tyler Kinley,9,American Family Field,day,3,3,False,,
746258,2024,2024-09-08,2024-09-08T18:10:00Z,R,Regular Season,N,1,Final,F,Minnesota Twins,142,0,Kansas City Royals,118,2,Michael Wacha,Simeon Woods Richardson,Lucas Erceg,9,Kauffman Stadium,day,3,3,False,,
745128,2024,2024-09-08,2024-09-08T18:15:00Z,R,Regular Season,N,1,Final,F,Seattle Mariners,136,10,St. Louis Cardinals,138,4,Trent Thornton,Miles Mikolas,,9,Busch Stadium,day,3,3,False,,
746827,2024,2024-09-08,2024-09-08T18:20:00Z,R,Regular Season,N,1,Final,F,New York Yankees,147,1,Chicago Cubs,112,2,Jameson Taillon,Gerrit Cole,Porter Hodge,9,Wrigley Field,day,3,3,False,,
744965,2024,2024-09-08,2024-09-08T18:35:00Z,R,Regular Season,N,1,Final,F,Los Angeles Angels,108,4,Texas Rangers,140,7,Andrew Heaney,Caden Dana,Kirby Yates,9,Globe Life Field,day,4,4,False,,
745616,2024,2024-09-08,2024-09-08T20:07:00Z,R,Regular Season,N,1,Final,F,Detroit Tigers,116,9,Oakland Athletics,133,1,Ty Madden,J.T. Ginn,,9,Oakland Coliseum,day,3,3,False,,
745368,2024,2024-09-08,2024-09-08T20:10:00Z,R,Regular Season,N,1,Final,F,San Francisco Giants,137,7,San Diego Padres,135,6,Erik Miller,Joe Musgrove,Ryan Walker,9,Petco Park,day,3,3,False,,
746098,2024,2024-09-08,2024-09-08T20:10:00Z,R,Regular Season,N,1,Final,F,Cleveland Guardians,114,0,Los Angeles Dodgers,119,4,Jack Flaherty,Tanner Bibee,,9,Dodger Stadium,day,3,3,False,,
746345,2024,2024-09-08,2024-09-08T23:10:00Z,R,Regular Season,N,1,Final,F,Arizona Diamondbacks,109,12,Houston Astros,117,6,Kevin Ginkel,Justin Verlander,,9,Minute Maid Park,night,3,3,False,,
745454,2024,2024-09-09,2024-09-09T22:40:00Z,R,Regular Season,N,1,Final,F,Miami Marlins,146,2,Pittsburgh Pirates,134,3,Paul Skenes,Valente Bellozo,Aroldis Chapman,9,PNC Park,night,1,3,False,,
745534,2024,2024-09-09,2024-09-09T22:40:00Z,R,Regular Season,N,1,Final,F,Tampa Bay Rays,139,1,Philadelphia Phillies,143,2,Carlos Estévez,Garrett Cleavinger,,9,Citizens Bank Park,night,1,3,False,,
747090,2024,2024-09-09,2024-09-09T22:40:00Z,R,Regular Season,N,1,Final,F,Cincinnati Reds,113,1,Atlanta Braves,144,0,Nick Martinez,Charlie Morton,Alexis Díaz,9,Truist Park,night,1,1,False,,
745698,2024,2024-09-09,2024-09-09T23:05:00Z,R,Regular Season,N,1,Final,F,Kansas City Royals,118,4,New York Yankees,147,10,Jake Cousins,James McArthur,,9,Yankee Stadium,night,1,3,False,,
744888,2024,2024-09-09,2024-09-09T23:07:00Z,R,Regular Season,N,1,Final,F,New York Mets,121,3,Toronto Blue Jays,141,2,Ryne Stanek,Tommy Nance,Edwin Díaz,9,Rogers Centre,night,1,3,False,,
746909,2024,2024-09-09,2024-09-09T23:10:00Z,R,Regular Season,N,1,Final,F,Baltimore Orioles,110,3,Boston Red Sox,111,12,Brayan Bello,Cade Povich,Josh Winckowski,9,Fenway Park,night,1,3,False,,
745860,2024,2024-09-09,2024-09-09T23:40:00Z,R,Regular Season,N,1,Final,F,Los Angeles Angels,108,6,Minnesota Twins,142,2,Reid Detmers,David Festa,José Suarez,9,Target Field,night,1,3,False,,
746746,2024,2024-09-09,2024-09-09T23:40:00Z,R,Regular Season,N,1,Final,F,Cleveland Guardians,114,5,Chicago White Sox,145,3,Joey Cantillo,Jared Shuster,Emmanuel Clase,9,Guaranteed Rate Field,night,1,3,False,,
746101,2024,2024-09-09,2024-09-10T02:10:00Z,R,Regular Season,N,1,Final,F,Chicago Cubs,112,10,Los Angeles Dodgers,119,4,Keegan Thompson,Walker Buehler,,9,Dodger Stadium,night,1,3,False,,
745446,2024,2024-09-10,2024-09-10T22:40:00Z,R,Regular Season,N,1,Final,F,Miami Marlins,146,4,Pittsburgh Pirates,134,6,Joey Wentz,Adam Oller,Aroldis Chapman,9,PNC Park,night,2,3,False,,
745535,2024,2024-09-10,2024-09-10T22:40:00Z,R,Regular Season,N,1,Final,F,Tampa Bay Rays,139,4,Philadelphia Phillies,143,9,José Alvarado,Richard Lovelady,,9,Citizens Bank Park,night,2,3,False,,
746428,2024,2024-09-10,2024-09-10T22:40:00Z,R,Regular Season,N,1,Final,F,Colorado Rockies,115,0,Detroit Tigers,116,11,Keider Montero,Bradley Blalock,,9,Comerica Park,night,1,3,False,,
744807,2024,2024-09-10,2024-09-10T22:45:00Z,R,Regular Season,N,1,Final,F,Atlanta Braves,144,12,Washington Nationals,120,0,Jesse Chavez,MacKenzie Gore,,9,Nationals Park,night,1,2,False,,
745694,2024,2024-09-10,2024-09-10T23:05:00Z,R,Regular Season,N,1,Final,F,Kansas City Royals,118,5,New York Yankees,147,0,Seth Lugo,Marcus Stroman,,9,Yankee Stadium,night,2,3,False,,
744886,2024,2024-09-10,2024-09-10T23:07:00Z,R,Regular Season,N,1,Final,F,New York Mets,121,2,Toronto Blue Jays,141,6,Chris Bassitt,David Peterson,,9,Rogers Centre,night,2,3,False,,
746907,2024,2024-09-10,2024-09-10T23:10:00Z,R,Regular Season,N,1,Final,F,Baltimore Orioles,110,5,Boston Red Sox,111,3,Albert Suárez,Kutter Crawford,Seranthony Domínguez,9,Fenway Park,night,2,3,False,,
745856,2024,2024-09-10,2024-09-10T23:40:00Z,R,Regular Season,N,1,Final,F,Los Angeles Angels,108,5,Minnesota Twins,142,10,Pablo López,Griffin Canning,,9,Target Field,night,2,3,False,,
746747,2024,2024-09-10,2024-09-10T23:40:00Z,R,Regular Season,N,1,Final,F,Cleveland Guardians,114,5,Chicago White Sox,145,0,Pedro Avila,Jonathan Cannon,,9,Guaranteed Rate Field,night,2,3,False,,
745126,2024,2024-09-10,2024-09-10T23:45:00Z,R,Regular Season,N,1,Final,F,Cincinnati Reds,113,3,St. Louis Cardinals,138,0,Rhett Lowder,Andre Pallante,Emilio Pagán,9,Busch Stadium,night,1,3,False,,
746346,2024,2024-09-10,2024-09-11T00:10:00Z,R,Regular Season,N,1,Final,F,Oakland Athletics,133,4,Houston Astros,117,3,Hogan Harris,Héctor Neris,,12,Minute Maid Park,night,1,3,False,,
745210,2024,2024-09-10,2024-09-11T01:40:00Z,R,Regular Season,N,1,Final,F,San Diego Padres,135,7,Seattle Mariners,136,3,Yu Darvish,George Kirby,Robert Suarez,9,T-Mobile Park,night,1,2,False,,
747152,2024,2024-09-10,2024-09-11T01:40:00Z,R,Regular Season,N,1,Final,F,Texas Rangers,140,0,Arizona Diamondbacks,109,6,Zac Gallen,Nathan Eovaldi,,9,Chase Field,night,1,2,False,,
745291,2024,2024-09-10,2024-09-11T01:45:00Z,R,Regular Season,N,1,Final,F,Milwaukee Brewers,158,3,San Francisco Giants,137,2,Aaron Civale,Landen Roupp,Devin Williams,9,Oracle Park,night,1,3,False,,
746097,2024,2024-09-10,2024-09-11T02:10:00Z,R,Regular Season,N,1,Final,F,Chicago Cubs,112,6,Los Angeles Dodgers,119,3,Shota Imanaga,Evan Phillips,Porter Hodge,9,Dodger Stadium,night,2,3,False,,
745450,2024,2024-09-11,2024-09-11T16:35:00Z,R,Regular Season,N,1,Final,F,Miami Marlins,146,1,Pittsburgh Pirates,134,3,Bailey Falter,Jonathan Bermúdez,Jalen Beeks,9,PNC Park,day,3,3,False,,
746745,2024,2024-09-11,2024-09-11T18:10:00Z,R,Regular Season,N,1,Final,F,Cleveland Guardians,114,6,Chicago White Sox,145,4,Nick Sandlin,Davis Martin,Emmanuel Clase,9,Guaranteed Rate Field,day,3,3,False,,
744881,2024,2024-09-11,2024-09-11T19:07:00Z,R,Regular Season,N,1,Final,F,New York Mets,121,6,Toronto Blue Jays,141,2,Danny Young,Chad Green,Edwin Díaz,9,Rogers Centre,day,3,3,False,,
747154,2024,2024-09-11,2024-09-11T19:40:00Z,R,Regular Season,N,1,Final,F,Texas Rangers,140,4,Arizona Diamondbacks,109,14,Dylan Floro,Cody Bradford,Jordan Montgomery,9,Chase Field,day,2,2,False,,
745525,2024,2024-09-11,2024-09-11T22:40:00Z,R,Regular Season,N,1,Final,F,Tampa Bay Rays,139,2,Philadelphia Phillies,143,3,Zack Wheeler,Drew Rasmussen,Carlos Estévez,9,Citizens Bank Park,night,3,3,False,,
746425,2024,2024-09-11,2024-09-11T22:40:00Z,R,Regular Season,N,1,Final,F,Colorado Rockies,115,4,Detroit Tigers,116,7,Tyler Holton,Tanner Gordon,Jason Foley,9,Comerica Park,night,2,3,False,,
744804,2024,2024-09-11,2024-09-11T22:45:00Z,R,Regular Season,N,1,Final,F,Atlanta Braves,144,1,Washington Nationals,120,5,Jake Irvin,Max Fried,,9,Nationals Park,night,2,2,False,,
745697,2024,2024-09-11,2024-09-11T23:05:00Z,R,Regular Season,N,1,Final,F,Kansas City Royals,118,3,New York Yankees,147,4,Luke Weaver,Kris Bubic,,11,Yankee Stadium,night,3,3,False,,
745857,2024,2024-09-11,2024-09-11T23:10:00Z,R,Regular Season,N,1,Final,F,Los Angeles Angels,108,4,Minnesota Twins,142,6,Cole Sands,Jack Kochanowicz,Jhoan Duran,9,Target Field,night,3,3,False,,
746908,2024,2024-09-11,2024-09-11T23:10:00Z,R,Regular Season,N,1,Final,F,Baltimore Orioles,110,3,Boston Red Sox,111,5,Greg Weissert,Keegan Akin,,10,Fenway Park,night,3,3,False,,
745127,2024,2024-09-11,2024-09-11T23:45:00Z,R,Regular Season,N,1,Final,F,Cincinnati Reds,113,1,St. Louis Cardinals,138,2,JoJo Romero,Buck Farmer,Ryan Helsley,9,Busch Stadium,night,2,3,False,,
746342,2024,2024-09-11,2024-09-12T00:10:00Z,R,Regular Season,N,1,Final,F,Oakland Athletics,133,5,Houston Astros,117,4,Joey Estes,Hunter Brown,Mason Miller,9,Minute Maid Park,night,2,3,False,,
745214,2024,2024-09-11,2024-09-12T01:40:00Z,R,Regular Season,N,1,Final,F,San Diego Padres,135,2,Seattle Mariners,136,5,Bryan Woo,Michael King,Andrés Muñoz,9,T-Mobile Park,night,2,2,False,,
745285,2024,2024-09-11,2024-09-12T01:45:00Z,R,Regular Season,N,1,Final,F,Milwaukee Brewers,158,2,San Francisco Giants,137,13,Blake Snell,Colin Rea,,9,Oracle Park,night,2,3,False,,
746100,2024,2024-09-11,2024-09-12T02:10:00Z,R,Regular Season,N,1,Final,F,Chicago Cubs,112,8,Los Angeles Dodgers,119,10,Alex Vesia,Shawn Armstrong,Michael Kopech,9,Dodger Stadium,night,3,3,False,,
746427,2024,2024-09-12,2024-09-12T17:10:00Z,R,Regular Season,N,1,Final,F,Colorado Rockies,115,4,Detroit Tigers,116,2,Seth Halvorsen,Jason Foley,Tyler Kinley,9,Comerica Park,day,3,3,False,,
745129,2024,2024-09-12,2024-09-12T17:15:00Z,R,Regular Season,N,1,Final,F,Cincinnati Reds,113,1,St. Louis Cardinals,138,6,Sonny Gray,Carson Spiers,JoJo Romero,9,Busch Stadium,day,3,3,False,,
746337,2024,2024-09-12,2024-09-12T18:10:00Z,R,Regular Season,N,1,Final,F,Oakland Athletics,133,3,Houston Astros,117,6,Ryan Pressly,T.J. McFarland,,9,Minute Maid Park,day,3,3,False,,
744805,2024,2024-09-12,2024-09-12T22:45:00Z,R,Regular Season,N,1,Final,F,Miami Marlins,146,6,Washington Nationals,120,3,Anthony Bender,Derek Law,Jesus Tinoco,9,Nationals Park,night,1,4,False,,
745695,2024,2024-09-12,2024-09-12T23:15:00Z,R,Regular Season,N,1,Final,F,Boston Red Sox,111,1,New York Yankees,147,2,Clay Holmes,Josh Winckowski,,10,Yankee Stadium,night,1,4,False,,
746591,2024,2024-09-12,2024-09-12T23:15:00Z,R,Regular Season,N,1,Final,F,Tampa Bay Rays,139,5,Cleveland Guardians,114,2,Cole Sulser,Gavin Williams,Richard Lovelady,9,Progressive Field,night,1,4,False,,
745208,2024,2024-09-12,2024-09-13T01:40:00Z,R,Regular Season,N,1,Final,F,Texas Rangers,140,5,Seattle Mariners,136,4,Matt Festa,Collin Snider,Kirby Yates,9,T-Mobile Park,night,1,4,False,,
745288,2024,2024-09-12,2024-09-13T01:45:00Z,R,Regular Season,N,1,Final,F,Milwaukee Brewers,158,3,San Francisco Giants,137,0,Frankie Montas,Camilo Doval,Devin Williams,9,Oracle Park,night,3,3,False,,
745447,2024,2024-09-13,2024-09-13T22:40:00Z,R,Regular Season,N,1,Final,F,Kansas City Royals,118,8,Pittsburgh Pirates,134,3,Alec Marsh,Luis Ortiz,,9,PNC Park,night,1,3,False,,
745529,2024,2024-09-13,2024-09-13T22:40:00Z,R,Regular Season,N,1,Final,F,New York Mets,121,11,Philadelphia Phillies,143,3,Jose Quintana,Aaron Nola,,9,Citizens Bank Park,night,1,3,False,,
746423,2024,2024-09-13,2024-09-13T22:40:00Z,R,Regular Season,N,1,Final,F,Baltimore Orioles,110,0,Detroit Tigers,116,1,Brant Hurter,Zach Eflin,Tyler Holton,9,Comerica Park,night,1,3,False,,
744800,2024,2024-09-13,2024-09-13T22:45:00Z,R,Regular Season,N,1,Final,F,Miami Marlins,146,1,Washington Nationals,120,4,DJ Herz,Edward Cabrera,Kyle Finnegan,9,Nationals Park,night,2,4,False,,
745696,2024,2024-09-13,2024-09-13T23:05:00Z,R,Regular Season,N,1,Final,F,Boston Red Sox,111,4,New York Yankees,147,5,Mark Leiter Jr.,Cam Booser,Luke Weaver,9,Yankee Stadium,night,2,4,False,,
744882,2024,2024-09-13,2024-09-13T23:07:00Z,R,Regular Season,N,1,Final,F,St. Louis Cardinals,138,3,Toronto Blue Jays,141,4,Erik Swanson,Ryan Fernandez,,11,Rogers Centre,night,1,3,False,,
746586,2024,2024-09-13,2024-09-13T23:10:00Z,R,Regular Season,N,1,Final,F,Tampa Bay Rays,139,3,Cleveland Guardians,114,1,Zack Littell,Tanner Bibee,Edwin Uceta,9,Progressive Field,night,2,4,False,,
747069,2024,2024-09-13,2024-09-13T23:20:00Z,R,Regular Season,N,1,Final,F,Los Angeles Dodgers,119,2,Atlanta Braves,144,6,Spencer Schwellenbach,Landon Knack,,9,Truist Park,night,1,4,False,,
746744,2024,2024-09-13,2024-09-13T23:40:00Z,R,Regular Season,N,1,Final,F,Oakland Athletics,133,2,Chicago White Sox,145,0,Brady Basso,Garrett Crochet,Mason Miller,9,Guaranteed Rate Field,night,1,3,False,,
745855,2024,2024-09-13,2024-09-14T00:10:00Z,R,Regular Season,N,1,Final,F,Cincinnati Reds,113,8,Minnesota Twins,142,4,Julian Aguiar,Bailey Ober,,9,Target Field,night,1,3,False,,
746509,2024,2024-09-13,2024-09-14T00:40:00Z,R,Regular Season,N,1,Final,F,Chicago Cubs,112,5,Colorado Rockies,115,9,Victor Vodnik,Drew Smyly,,9,Coors Field,night,1,3,False,,
746181,2024,2024-09-13,2024-09-14T01:38:00Z,R,Regular Season,N,1,Final,F,Houston Astros,117,5,Los Angeles Angels,108,3,Yusei Kikuchi,Sam Aldegheri,Josh Hader,9,Angel Stadium,night,1,3,False,,
747153,2024,2024-09-13,2024-09-14T01:40:00Z,R,Regular Season,N,1,Final,F,Milwaukee Brewers,158,2,Arizona Diamondbacks,109,1,Freddy Peralta,Eduardo Rodriguez,Devin Williams,9,Chase Field,night,1,3,False,,
745207,2024,2024-09-13,2024-09-14T02:10:00Z,R,Regular Season,N,1,Final,F,Texas Rangers,140,4,Seattle Mariners,136,5,JT Chargois,David Robertson,Andrés Muñoz,9,T-Mobile Park,night,2,4,False,,
745286,2024,2024-09-13,2024-09-14T02:15:00Z,R,Regular Season,N,1,Final,F,San Diego Padres,135,5,San Francisco Giants,137,0,Dylan Cease,Logan Webb,,9,Oracle Park,night,1,3,False,,
745448,2024,2024-09-14,2024-09-14T17:05:00Z,R,Regular Season,N,1,Final,F,Kansas City Royals,118,5,Pittsburgh Pirates,134,1,Michael Wacha,Mitch Keller,,9,PNC Park,day,2,3,False,,
745689,2024,2024-09-14,2024-09-14T17:05:00Z,R,Regular Season,N,1,Final,F,Boston Red Sox,111,7,New York Yankees,147,1,Brayan Bello,Gerrit Cole,,9,Yankee Stadium,day,3,4,False,,
744884,2024,2024-09-14,2024-09-14T19:07:00Z,R,Regular Season,N,1,Final,F,St. Louis Cardinals,138,2,Toronto Blue Jays,141,7,José Berríos,Kyle Gibson,,9,Rogers Centre,day,2,3,False,,
744803,2024,2024-09-14,2024-09-14T20:05:00Z,R,Regular Season,N,1,Final,F,Miami Marlins,146,1,Washington Nationals,120,4,Patrick Corbin,Valente Bellozo,Kyle Finnegan,9,Nationals Park,day,3,4,False,,
745528,2024,2024-09-14,2024-09-14T20:05:00Z,R,Regular Season,N,1,Final,F,New York Mets,121,4,Philadelphia Phillies,143,6,Orion Kerkering,Danny Young,Carlos Estévez,9,Citizens Bank Park,day,2,3,False,,
746422,2024,2024-09-14,2024-09-14T22:10:00Z,R,Regular Season,N,1,Final,F,Baltimore Orioles,110,4,Detroit Tigers,116,2,Corbin Burnes,Ty Madden,,9,Comerica Park,night,2,3,False,,
746584,2024,2024-09-14,2024-09-14T22:10:00Z,R,Regular Season,N,1,Final,F,Tampa Bay Rays,139,1,Cleveland Guardians,114,6,Joey Cantillo,Tyler Alexander,,9,Progressive Field,night,3,4,False,,
745858,2024,2024-09-14,2024-09-14T23:10:00Z,R,Regular Season,N,1,Final,F,Cincinnati Reds,113,11,Minnesota Twins,142,1,Nick Martinez,Simeon Woods Richardson,Brent Suter,9,Target Field,night,2,3,False,,
746740,2024,2024-09-14,2024-09-14T23:10:00Z,R,Regular Season,N,1,Final,F,Oakland Athletics,133,6,Chicago White Sox,145,7,Gus Varland,Hogan Harris,,9,Guaranteed Rate Field,night,2,3,False,,
747070,2024,2024-09-14,2024-09-14T23:20:00Z,R,Regular Season,N,1,Final,F,Los Angeles Dodgers,119,1,Atlanta Braves,144,10,Chris Sale,Jack Flaherty,,9,Truist Park,night,2,4,False,,
746508,2024,2024-09-14,2024-09-15T00:10:00Z,R,Regular Season,N,1,Final,F,Chicago Cubs,112,5,Colorado Rockies,115,6,Tyler Kinley,Drew Smyly,,10,Coors Field,night,2,3,False,,
747148,2024,2024-09-14,2024-09-15T00:10:00Z,R,Regular Season,N,1,Final,F,Milwaukee Brewers,158,15,Arizona Diamondbacks,109,8,Tobias Myers,Brandon Pfaadt,,9,Chase Field,night,2,3,False,,
745284,2024,2024-09-14,2024-09-15T01:05:00Z,R,Regular Season,N,1,Final,F,San Diego Padres,135,8,San Francisco Giants,137,0,Joe Musgrove,Mason Black,,9,Oracle Park,night,2,3,False,,
746177,2024,2024-09-14,2024-09-15T01:38:00Z,R,Regular Season,N,1,Final,F,Houston Astros,117,5,Los Angeles Angels,108,3,Justin Verlander,Tyler Anderson,Ryan Pressly,9,Angel Stadium,night,2,3,False,,
745209,2024,2024-09-14,2024-09-15T01:40:00Z,R,Regular Season,N,1,Final,F,Texas Rangers,140,4,Seattle Mariners,136,5,Andrés Muñoz,José Leclerc,,9,T-Mobile Park,night,3,4,False,,
746419,2024,2024-09-15,2024-09-15T16:10:00Z,R,Regular Season,N,1,Final,F,Baltimore Orioles,110,2,Detroit Tigers,116,4,Keider Montero,Cade Povich,Jason Foley,9,Comerica Park,day,3,3,False,,
745852,2024,2024-09-15,2024-09-15T17:05:00Z,R,Regular Season,N,1,Final,F,Cincinnati Reds,113,2,Minnesota Twins,142,9,Cole Sands,Rhett Lowder,,9,Target Field,day,3,3,False,,
744801,2024,2024-09-15,2024-09-15T17:35:00Z,R,Regular Season,N,1,Final,F,Miami Marlins,146,3,Washington Nationals,120,4,MacKenzie Gore,Adam Oller,José A. Ferrer,9,Nationals Park,day,4,4,False,,
745449,2024,2024-09-15,2024-09-15T17:35:00Z,R,Regular Season,N,1,Final,F,Kansas City Royals,118,3,Pittsburgh Pirates,134,4,Carmen Mlodzinski,Brady Singer,Aroldis Chapman,9,PNC Park,day,3,3,False,,
745530,2024,2024-09-15,2024-09-15T17:35:00Z,R,Regular Season,N,1,Final,F,New York Mets,121,1,Philadelphia Phillies,143,2,José Ruiz,Edwin Díaz,,9,Citizens Bank Park,day,3,3,False,,
745693,2024,2024-09-15,2024-09-15T17:35:00Z,R,Regular Season,N,1,Final,F,Boston Red Sox,111,2,New York Yankees,147,5,Carlos Rodón,Kutter Crawford,Tommy Kahnle,9,Yankee Stadium,day,4,4,False,,
744883,2024,2024-09-15,2024-09-15T17:37:00Z,R,Regular Season,N,1,Final,F,St. Louis Cardinals,138,2,Toronto Blue Jays,141,3,Zach Pop,Andrew Kittredge,Chad Green,9,Rogers Centre,day,3,3,False,,
746585,2024,2024-09-15,2024-09-15T17:40:00Z,R,Regular Season,N,1,Final,F,Tampa Bay Rays,139,0,Cleveland Guardians,114,2,Ben Lively,Taj Bradley,Emmanuel Clase,9,Progressive Field,day,4,4,False,,
746741,2024,2024-09-15,2024-09-15T18:10:00Z,R,Regular Season,N,1,Final,F,Oakland Athletics,133,3,Chicago White Sox,145,4,Sean Burke,JP Sears,Fraser Ellard,9,Guaranteed Rate Field,day,3,3,False,,
746506,2024,2024-09-15,2024-09-15T19:10:00Z,R,Regular Season,N,1,Final,F,Chicago Cubs,112,6,Colorado Rockies,115,2,Kyle Hendricks,Cal Quantrill,Tyson Miller,9,Coors Field,day,3,3,False,,
745287,2024,2024-09-15,2024-09-15T20:05:00Z,R,Regular Season,N,1,Final,F,San Diego Padres,135,4,San Francisco Giants,137,3,Robert Suarez,Camilo Doval,Adrian Morejon,10,Oracle Park,day,3,3,False,,
746180,2024,2024-09-15,2024-09-15T20:07:00Z,R,Regular Season,N,1,Final,F,Houston Astros,117,6,Los Angeles Angels,108,4,Ronel Blanco,Caden Dana,Josh Hader,9,Angel Stadium,day,3,3,False,,
745206,2024,2024-09-15,2024-09-15T20:10:00Z,R,Regular Season,N,1,Final,F,Texas Rangers,140,0,Seattle Mariners,136,7,George Kirby,Andrew Heaney,,9,T-Mobile Park,day,4,4,False,,
747151,2024,2024-09-15,2024-09-15T20:10:00Z,R,Regular Season,N,1,Final,F,Milwaukee Brewers,158,10,Arizona Diamondbacks,109,11,Blake Walston,Jared Koenig,,10,Chase Field,day,3,3,False,,
747071,2024,2024-09-15,2024-09-15T23:10:00Z,R,Regular Season,N,1,Final,F,Los Angeles Dodgers,119,9,Atlanta Braves,144,2,Michael Kopech,Raisel Iglesias,,9,Truist Park,night,3,4,False,,
746588,2024,2024-09-16,2024-09-16T22:40:00Z,R,Regular Season,N,1,Final,F,Minnesota Twins,142,3,Cleveland Guardians,114,4,Andrew Walters,Griffin Jax,Emmanuel Clase,9,Progressive Field,night,1,4,False,,
745773,2024,2024-09-16,2024-09-16T23:10:00Z,R,Regular Season,N,1,Final,F,Washington Nationals,120,1,New York Mets,121,2,Reed Garrett,Jacob Barnes,,10,Citi Field,night,1,3,False,,
747067,2024,2024-09-16,2024-09-16T23:20:00Z,R,Regular Season,N,1,Final,F,Los Angeles Dodgers,119,9,Atlanta Braves,144,0,Evan Phillips,Max Fried,,9,Truist Park,night,4,4,False,,
745939,2024,2024-09-16,2024-09-16T23:40:00Z,R,Regular Season,N,1,Final,F,Philadelphia Phillies,143,2,Milwaukee Brewers,158,6,Aaron Civale,Ranger Suarez,Colin Rea,9,American Family Field,night,1,3,False,,
746260,2024,2024-09-16,2024-09-16T23:40:00Z,R,Regular Season,N,1,Final,F,Detroit Tigers,116,7,Kansas City Royals,118,6,Brenan Hanifee,Sam Long,Jason Foley,9,Kauffman Stadium,night,1,3,False,,
746828,2024,2024-09-16,2024-09-16T23:40:00Z,R,Regular Season,N,1,Final,F,Oakland Athletics,133,2,Chicago Cubs,112,9,Shota Imanaga,Joey Estes,,9,Wrigley Field,night,1,3,False,,
745130,2024,2024-09-16,2024-09-16T23:45:00Z,R,Regular Season,N,1,Final,F,Pittsburgh Pirates,134,0,St. Louis Cardinals,138,4,Andre Pallante,Paul Skenes,,9,Busch Stadium,night,1,4,False,,
746502,2024,2024-09-16,2024-09-17T00:40:00Z,R,Regular Season,N,1,Final,F,Arizona Diamondbacks,109,2,Colorado Rockies,115,3,Seth Halvorsen,Ryan Thompson,,9,Coors Field,night,1,3,False,,
746179,2024,2024-09-16,2024-09-17T01:38:00Z,R,Regular Season,N,1,Final,F,Chicago White Sox,145,8,Los Angeles Angels,108,4,Jonathan Cannon,Reid Detmers,,9,Angel Stadium,night,1,3,False,,
745367,2024,2024-09-16,2024-09-17T01:40:00Z,R,Regular Season,N,1,Final,F,Houston Astros,117,1,San Diego Padres,135,3,Yu Darvish,Spencer Arrighetti,Robert Suarez,9,Petco Park,night,1,3,False,,
746987,2024,2024-09-17,2024-09-17T22:35:00Z,R,Regular Season,N,1,Final,F,San Francisco Giants,137,10,Baltimore Orioles,110,0,Blake Snell,Albert Suárez,,9,Oriole Park at Camden Yards,night,1,3,False,,
746015,2024,2024-09-17,2024-09-17T22:40:00Z,R,Regular Season,N,1,Final,F,Los Angeles Dodgers,119,9,Miami Marlins,146,11,Anthony Veneziano,Michael Grove,,9,loanDepot park,night,1,3,False,,
746587,2024,2024-09-17,2024-09-17T22:40:00Z,R,Regular Season,N,1,Final,F,Minnesota Twins,142,4,Cleveland Guardians,114,1,Cole Sands,Gavin Williams,Griffin Jax,9,Progressive Field,night,2,4,False,,
746659,2024,2024-09-17,2024-09-17T22:40:00Z,R,Regular Season,N,1,Final,F,Atlanta Braves,144,5,Cincinnati Reds,113,6,Brent Suter,Pierce Johnson,Alexis Díaz,9,Great American Ball Park,night,1,3,False,,
745044,2024,2024-09-17,2024-09-17T22:50:00Z,R,Regular Season,N,1,Final,F,Boston Red Sox,111,3,Tampa Bay Rays,139,8,Shane Baz,Nick Pivetta,,9,Tropicana Field,night,1,3,False,,
745772,2024,2024-09-17,2024-09-17T23:10:00Z,R,Regular Season,N,1,Final,F,Washington Nationals,120,1,New York Mets,121,10,Tylor Megill,Mitchell Parker,,9,Citi Field,night,2,3,False,,
745935,2024,2024-09-17,2024-09-17T23:40:00Z,R,Regular Season,N,1,Final,F,Philadelphia Phillies,143,5,Milwaukee Brewers,158,1,Zack Wheeler,Frankie Montas,,9,American Family Field,night,2,3,False,,
746261,2024,2024-09-17,2024-09-17T23:40:00Z,R,Regular Season,N,1,Final,F,Detroit Tigers,116,3,Kansas City Royals,118,1,Tyler Holton,Lucas Erceg,Jason Foley,10,Kauffman Stadium,night,2,3,False,,
746830,2024,2024-09-17,2024-09-17T23:40:00Z,R,Regular Season,N,1,Final,F,Oakland Athletics,133,4,Chicago Cubs,112,3,Mitch Spence,Jordan Wicks,Mason Miller,9,Wrigley Field,night,2,3,False,,
745122,2024,2024-09-17,2024-09-17T23:45:00Z,R,Regular Season,N,1,Final,F,Pittsburgh Pirates,134,1,St. Louis Cardinals,138,3,Lance Lynn,Bailey Falter,Ryan Helsley,9,Busch Stadium,night,2,4,False,,
744961,2024,2024-09-17,2024-09-18T00:05:00Z,R,Regular Season,N,1,Final,F,Toronto Blue Jays,141,8,Texas Rangers,140,13,Matt Festa,Tommy Nance,,9,Globe Life Field,night,1,3,False,,
746503,2024,2024-09-17,2024-09-18T00:40:00Z,R,Regular Season,N,1,Final,F,Arizona Diamondbacks,109,2,Colorado Rockies,115,8,Ryan Feltner,Jordan Montgomery,,9,Coors Field,night,2,3,False,,
746176,2024,2024-09-17,2024-09-18T01:38:00Z,R,Regular Season,N,1,Final,F,Chicago White Sox,145,0,Los Angeles Angels,108,5,Griffin Canning,Davis Martin,,9,Angel Stadium,night,2,3,False,,
745205,2024,2024-09-17,2024-09-18T01:40:00Z,R,Regular Season,N,1,Final,F,New York Yankees,147,11,Seattle Mariners,136,2,Luis Gil,Bryan Woo,Marcus Stroman,9,T-Mobile Park,night,1,3,False,,
745366,2024,2024-09-17,2024-09-18T01:40:00Z,R,Regular Season,N,1,Final,F,Houston Astros,117,4,San Diego Padres,135,3,Josh Hader,Adrian Morejon,Héctor Neris,10,Petco Park,night,2,3,False,,
746831,2024,2024-09-18,2024-09-18T18:20:00Z,R,Regular Season,N,1,Final,F,Oakland Athletics,133,5,Chicago Cubs,112,3,Tyler Ferguson,Nate Pearson,Mason Miller,9,Wrigley Field,day,3,3,False,,
746500,2024,2024-09-18,2024-09-18T19:10:00Z,R,Regular Season,N,1,Final,F,Arizona Diamondbacks,109,9,Colorado Rockies,115,4,Eduardo Rodriguez,Austin Gomber,,9,Coors Field,day,3,3,False,,
746172,2024,2024-09-18,2024-09-18T20:07:00Z,R,Regular Season,N,1,Final,F,Chicago White Sox,145,3,Los Angeles Angels,108,4,José Quijada,Jairo Iriarte,,13,Angel Stadium,day,3,3,False,,
746988,2024,2024-09-18,2024-09-18T22:35:00Z,R,Regular Season,N,1,Final,F,San Francisco Giants,137,5,Baltimore Orioles,110,3,Hayden Birdsong,Dean Kremer,Ryan Walker,9,Oriole Park at Camden Yards,night,2,3,False,,
745365,2024,2024-09-18,2024-09-18T22:40:00Z,R,Regular Season,N,1,Final,F,Houston Astros,117,0,San Diego Padres,135,4,Dylan Cease,Framber Valdez,Tanner Scott,9,Petco Park,day,3,3,False,,
746014,2024,2024-09-18,2024-09-18T22:40:00Z,R,Regular Season,N,1,Final,F,Los Angeles Dodgers,119,8,Miami Marlins,146,4,Landon Knack,Ryan Weathers,,9,loanDepot park,night,2,3,False,,
746582,2024,2024-09-18,2024-09-18T22:40:00Z,R,Regular Season,N,1,Final,F,Minnesota Twins,142,4,Cleveland Guardians,114,5,Hunter Gaddis,Ronny Henriquez,,10,Progressive Field,night,3,4,False,,
746662,2024,2024-09-18,2024-09-18T22:40:00Z,R,Regular Season,N,1,Final,F,Atlanta Braves,144,7,Cincinnati Reds,113,1,Spencer Schwellenbach,Tony Santillan,,9,Great American Ball Park,night,2,3,False,,
745040,2024,2024-09-18,2024-09-18T22:50:00Z,R,Regular Season,N,1,Final,F,Boston Red Sox,111,2,Tampa Bay Rays,139,1,Justin Slaten,Drew Rasmussen,Kenley Jansen,9,Tropicana Field,night,2,3,False,,
745771,2024,2024-09-18,2024-09-18T23:10:00Z,R,Regular Season,N,1,Final,F,Washington Nationals,120,0,New York Mets,121,10,Jose Quintana,DJ Herz,,9,Citi Field,night,3,3,False,,
745933,2024,2024-09-18,2024-09-18T23:40:00Z,R,Regular Season,N,1,Final,F,Philadelphia Phillies,143,1,Milwaukee Brewers,158,2,Devin Williams,Carlos Estévez,,9,American Family Field,night,3,3,False,,
746254,2024,2024-09-18,2024-09-18T23:40:00Z,R,Regular Season,N,1,Final,F,Detroit Tigers,116,4,Kansas City Royals,118,2,Tarik Skubal,Alec Marsh,Will Vest,9,Kauffman Stadium,night,3,3,False,,
745121,2024,2024-09-18,2024-09-18T23:45:00Z,R,Regular Season,N,1,Final,F,Pittsburgh Pirates,134,5,St. Louis Cardinals,138,10,Michael McGreevy,David Bednar,,9,Busch Stadium,night,3,4,False,,
744959,2024,2024-09-18,2024-09-19T00:05:00Z,R,Regular Season,N,1,Final,F,Toronto Blue Jays,141,0,Texas Rangers,140,2,Cody Bradford,Bowden Francis,Kirby Yates,9,Globe Life Field,night,2,3,False,,
745199,2024,2024-09-18,2024-09-19T01:40:00Z,R,Regular Season,N,1,Final,F,New York Yankees,147,2,Seattle Mariners,136,1,Luke Weaver,Collin Snider,Ian Hamilton,10,T-Mobile Park,night,2,3,False,,
746985,2024,2024-09-19,2024-09-19T17:05:00Z,R,Regular Season,N,1,Final,F,San Francisco Giants,137,3,Baltimore Orioles,110,5,Gregory Soto,Ryan Walker,,9,Oriole Park at Camden Yards,day,3,3,False,,
746579,2024,2024-09-19,2024-09-19T17:10:00Z,R,Regular Season,N,1,Final,F,Minnesota Twins,142,2,Cleveland Guardians,114,3,Eli Morgan,Caleb Thielbar,,10,Progressive Field,day,4,4,False,,
746663,2024,2024-09-19,2024-09-19T17:10:00Z,R,Regular Season,N,1,Final,F,Atlanta Braves,144,15,Cincinnati Reds,113,3,Chris Sale,Julian Aguiar,,9,Great American Ball Park,day,3,3,False,,
744962,2024,2024-09-19,2024-09-19T18:35:00Z,R,Regular Season,N,1,Final,F,Toronto Blue Jays,141,4,Texas Rangers,140,0,Kevin Gausman,Kumar Rocker,,9,Globe Life Field,day,3,3,False,,
745204,2024,2024-09-19,2024-09-19T20:10:00Z,R,Regular Season,N,1,Final,F,New York Yankees,147,2,Seattle Mariners,136,3,Logan Gilbert,Clarke Schmidt,Andrés Muñoz,9,T-Mobile Park,day,3,3,False,,
746011,2024,2024-09-19,2024-09-19T20:40:00Z,R,Regular Season,N,1,Final,F,Los Angeles Dodgers,119,20,Miami Marlins,146,4,Jack Flaherty,Edward Cabrera,,9,loanDepot park,day,3,3,False,,
745041,2024,2024-09-19,2024-09-19T22:50:00Z,R,Regular Season,N,1,Final,F,Boston Red Sox,111,0,Tampa Bay Rays,139,2,Zack Littell,Brayan Bello,Garrett Cleavinger,9,Tropicana Field,night,3,3,False,,
745120,2024,2024-09-19,2024-09-19T23:15:00Z,R,Regular Season,N,1,Final,F,Pittsburgh Pirates,134,3,St. Louis Cardinals,138,2,Carmen Mlodzinski,JoJo Romero,Aroldis Chapman,9,Busch Stadium,night,4,4,False,,
745769,2024,2024-09-19,2024-09-19T23:15:00Z,R,Regular Season,N,1,Final,F,Philadelphia Phillies,143,6,New York Mets,121,10,Luis Severino,Taijuan Walker,,9,Citi Field,night,1,4,False,,
745937,2024,2024-09-19,2024-09-19T23:15:00Z,R,Regular Season,N,1,Final,F,Arizona Diamondbacks,109,5,Milwaukee Brewers,158,1,Brandon Pfaadt,Tobias Myers,,9,American Family Field,night,1,4,False,,
746823,2024,2024-09-19,2024-09-19T23:40:00Z,R,Regular Season,N,1,Final,F,Washington Nationals,120,6,Chicago Cubs,112,7,Ethan Roberts,Robert Garcia,Porter Hodge,9,Wrigley Field,night,1,4,False,,
746341,2024,2024-09-19,2024-09-20T00:10:00Z,R,Regular Season,N,1,Final,F,Los Angeles Angels,108,1,Houston Astros,117,3,Bryan Abreu,Ryan Miller,Josh Hader,9,Minute Maid Park,night,1,4,False,,
746824,2024,2024-09-20,2024-09-20T18:20:00Z,R,Regular Season,N,1,Final,F,Washington Nationals,120,1,Chicago Cubs,112,3,Jameson Taillon,Trevor Williams,Porter Hodge,9,Wrigley Field,day,2,4,False,,
746661,2024,2024-09-20,2024-09-20T22:40:00Z,R,Regular Season,N,1,Final,F,Pittsburgh Pirates,134,3,Cincinnati Reds,113,8,Nick Martinez,Mitch Keller,,9,Great American Ball Park,night,1,3,False,,
745043,2024,2024-09-20,2024-09-20T22:50:00Z,R,Regular Season,N,1,Final,F,Toronto Blue Jays,141,0,Tampa Bay Rays,139,1,Kevin Kelly,José Berríos,Hunter Bigge,9,Tropicana Field,night,1,3,False,,
746984,2024,2024-09-20,2024-09-20T23:05:00Z,R,Regular Season,N,1,Final,F,Detroit Tigers,116,1,Baltimore Orioles,110,7,Corbin Burnes,Tyler Holton,,9,Oriole Park at Camden Yards,night,1,3,False,,
745770,2024,2024-09-20,2024-09-20T23:10:00Z,R,Regular Season,N,1,Final,F,Philadelphia Phillies,143,12,New York Mets,121,2,Cristopher Sánchez,David Peterson,,9,Citi Field,night,2,4,False,,
746013,2024,2024-09-20,2024-09-20T23:10:00Z,R,Regular Season,N,1,Final,F,Atlanta Braves,144,3,Miami Marlins,146,4,Valente Bellozo,Charlie Morton,Jesus Tinoco,9,loanDepot park,night,1,3,False,,
746905,2024,2024-09-20,2024-09-20T23:10:00Z,R,Regular Season,N,1,Final,F,Minnesota Twins,142,4,Boston Red Sox,111,2,Scott Blewett,Cooper Criswell,Griffin Jax,12,Fenway Park,night,1,3,False,,
744960,2024,2024-09-20,2024-09-21T00:05:00Z,R,Regular Season,N,1,Final,F,Seattle Mariners,136,8,Texas Rangers,140,2,George Kirby,Jack Leiter,,9,Globe Life Field,night,1,3,False,,
745934,2024,2024-09-20,2024-09-21T00:10:00Z,R,Regular Season,N,1,Final,F,Arizona Diamondbacks,109,7,Milwaukee Brewers,158,4,Zac Gallen,DL Hall,A.J. Puk,9,American Family Field,night,2,4,False,,
746256,2024,2024-09-20,2024-09-21T00:10:00Z,R,Regular Season,N,1,Final,F,San Francisco Giants,137,2,Kansas City Royals,118,1,Mason Black,Michael Wacha,Camilo Doval,9,Kauffman Stadium,night,1,3,False,,
746340,2024,2024-09-20,2024-09-21T00:10:00Z,R,Regular Season,N,1,Final,F,Los Angeles Angels,108,7,Houston Astros,117,9,Héctor Neris,Tyler Anderson,Josh Hader,9,Minute Maid Park,night,2,4,False,,
745123,2024,2024-09-20,2024-09-21T00:15:00Z,R,Regular Season,N,1,Final,F,Cleveland Guardians,114,5,St. Louis Cardinals,138,1,Ben Lively,Kyle Gibson,Erik Sabrowski,9,Busch Stadium,night,1,3,False,,
745364,2024,2024-09-20,2024-09-21T01:40:00Z,R,Regular Season,N,1,Final,F,Chicago White Sox,145,2,San Diego Padres,135,3,Adrian Morejon,Justin Anderson,,10,Petco Park,night,1,3,False,,
745606,2024,2024-09-20,2024-09-21T01:40:00Z,R,Regular Season,N,1,Final,F,New York Yankees,147,4,Oakland Athletics,133,2,Gerrit Cole,T.J. McFarland,Luke Weaver,10,Oakland Coliseum,night,1,3,False,,
746094,2024,2024-09-20,2024-09-21T02:10:00Z,R,Regular Season,N,1,Final,F,Colorado Rockies,115,4,Los Angeles Dodgers,119,6,Alex Vesia,Kyle Freeland,Michael Kopech,9,Dodger Stadium,night,1,3,False,,
746660,2024,2024-09-21,2024-09-21T17:10:00Z,R,Regular Season,N,1,Final,F,Pittsburgh Pirates,134,1,Cincinnati Reds,113,7,Rhett Lowder,Jared Jones,,9,Great American Ball Park,day,2,3,False,,
746826,2024,2024-09-21,2024-09-21T18:20:00Z,R,Regular Season,N,1,Final,F,Washington Nationals,120,5,Chicago Cubs,112,1,MacKenzie Gore,Kyle Hendricks,,9,Wrigley Field,day,3,4,False,,
746983,2024,2024-09-21,2024-09-21T20:05:00Z,R,Regular Season,N,1,Final,F,Detroit Tigers,116,6,Baltimore Orioles,110,4,Beau Brieske,Yennier Cano,,10,Oriole Park at Camden Yards,day,2,3,False,,
745038,2024,2024-09-21,2024-09-21T20:10:00Z,R,Regular Season,N,1,Final,F,Toronto Blue Jays,141,2,Tampa Bay Rays,139,3,Taj Bradley,Yariel Rodríguez,Drew Rasmussen,9,Tropicana Field,day,2,3,False,,
745768,2024,2024-09-21,2024-09-21T20:10:00Z,R,Regular Season,N,1,Final,F,Philadelphia Phillies,143,3,New York Mets,121,6,Sean Manaea,Orion Kerkering,Edwin Díaz,9,Citi Field,day,3,4,False,,
746012,2024,2024-09-21,2024-09-21T20:10:00Z,R,Regular Season,N,1,Final,F,Atlanta Braves,144,6,Miami Marlins,146,2,Max Fried,Lake Bachar,,9,loanDepot park,day,2,3,False,,
746255,2024,2024-09-21,2024-09-21T21:10:00Z,R,Regular Season,N,1,Final,F,San Francisco Giants,137,9,Kansas City Royals,118,0,Landen Roupp,Brady Singer,,9,Kauffman Stadium,day,2,3,False,,
744958,2024,2024-09-21,2024-09-21T23:05:00Z,R,Regular Season,N,1,Final,F,Seattle Mariners,136,8,Texas Rangers,140,4,Emerson Hancock,Andrew Chafin,,9,Globe Life Field,night,2,3,False,,
745936,2024,2024-09-21,2024-09-21T23:10:00Z,R,Regular Season,N,1,Final,F,Arizona Diamondbacks,109,5,Milwaukee Brewers,158,0,Merrill Kelly,Aaron Civale,,9,American Family Field,night,3,4,False,,
746338,2024,2024-09-21,2024-09-21T23:10:00Z,R,Regular Season,N,1,Final,F,Los Angeles Angels,108,4,Houston Astros,117,10,Ronel Blanco,Reid Detmers,,9,Minute Maid Park,night,3,4,False,,
745124,2024,2024-09-21,2024-09-21T23:15:00Z,R,Regular Season,N,1,Final,F,Cleveland Guardians,114,5,St. Louis Cardinals,138,6,Miles Mikolas,Matthew Boyd,Ryan Helsley,9,Busch Stadium,night,2,3,False,,
745360,2024,2024-09-21,2024-09-22T00:40:00Z,R,Regular Season,N,1,Final,F,Chicago White Sox,145,2,San Diego Padres,135,6,Martín Pérez,Chris Flexen,Tanner Scott,9,Petco Park,night,2,3,False,,
745610,2024,2024-09-21,2024-09-22T01:07:00Z,R,Regular Season,N,1,Final,F,New York Yankees,147,10,Oakland Athletics,133,0,Carlos Rodón,JP Sears,,9,Oakland Coliseum,night,2,3,False,,
746096,2024,2024-09-21,2024-09-22T01:10:00Z,R,Regular Season,N,1,Final,F,Colorado Rockies,115,6,Los Angeles Dodgers,119,3,Victor Vodnik,Walker Buehler,Seth Halvorsen,9,Dodger Stadium,night,2,3,False,,
746903,2024,2024-09-22,2024-09-22T16:35:00Z,R,Regular Season,S,1,Final,F,Minnesota Twins,142,1,Boston Red Sox,111,8,Nick Pivetta,Pablo López,,9,Fenway Park,day,2,3,False,,
746657,2024,2024-09-22,2024-09-22T17:10:00Z,R,Regular Season,N,1,Final,F,Pittsburgh Pirates,134,2,Cincinnati Reds,113,0,Paul Skenes,Hunter Greene,Aroldis Chapman,9,Great American Ball Park,day,3,3,False,,
746982,2024,2024-09-22,2024-09-22T17:35:00Z,R,Regular Season,N,1,Final,F,Detroit Tigers,116,4,Baltimore Orioles,110,3,Sean Guenther,Albert Suárez,Jason Foley,9,Oriole Park at Camden Yards,day,3,3,False,,
745036,2024,2024-09-22,2024-09-22T17:40:00Z,R,Regular Season,N,1,Final,F,Toronto Blue Jays,141,3,Tampa Bay Rays,139,4,Kevin Kelly,Génesis Cabrera,Edwin Uceta,9,Tropicana Field,day,3,3,False,,
746010,2024,2024-09-22,2024-09-22T17:40:00Z,R,Regular Season,N,1,Final,F,Atlanta Braves,144,5,Miami Marlins,146,4,Pierce Johnson,Declan Cronin,Raisel Iglesias,9,loanDepot park,day,3,3,False,,
745929,2024,2024-09-22,2024-09-22T18:10:00Z,R,Regular Season,N,1,Final,F,Arizona Diamondbacks,109,9,Milwaukee Brewers,158,10,Jared Koenig,Justin Martinez,Devin Williams,9,American Family Field,day,4,4,False,,
746253,2024,2024-09-22,2024-09-22T18:10:00Z,R,Regular Season,N,1,Final,F,San Francisco Giants,137,2,Kansas City Royals,118,0,Blake Snell,Seth Lugo,Ryan Walker,9,Kauffman Stadium,day,3,3,False,,
746339,2024,2024-09-22,2024-09-22T18:10:00Z,R,Regular Season,N,1,Final,F,Los Angeles Angels,108,9,Houston Astros,117,8,Brock Burke,Josh Hader,Guillo Zuñiga,9,Minute Maid Park,day,4,4,False,,
745118,2024,2024-09-22,2024-09-22T18:15:00Z,R,Regular Season,N,1,Final,F,Cleveland Guardians,114,1,St. Louis Cardinals,138,2,Andre Pallante,Tim Herrin,Ryan Helsley,9,Busch Stadium,day,3,3,False,,
746825,2024,2024-09-22,2024-09-22T18:20:00Z,R,Regular Season,N,1,Final,F,Washington Nationals,120,0,Chicago Cubs,112,5,Shota Imanaga,Jake Irvin,,9,Wrigley Field,day,4,4,False,,
744955,2024,2024-09-22,2024-09-22T18:35:00Z,R,Regular Season,N,1,Final,F,Seattle Mariners,136,5,Texas Rangers,140,6,Kirby Yates,Andrés Muñoz,,9,Globe Life Field,day,3,3,False,,
745608,2024,2024-09-22,2024-09-22T20:07:00Z,R,Regular Season,N,1,Final,F,New York Yankees,147,7,Oakland Athletics,133,4,Luis Gil,Joey Estes,Luke Weaver,9,Oakland Coliseum,day,3,3,False,,
745358,2024,2024-09-22,2024-09-22T20:10:00Z,R,Regular Season,N,1,Final,F,Chicago White Sox,145,2,San Diego Padres,135,4,Jeremiah Estrada,Fraser Ellard,Robert Suarez,9,Petco Park,day,3,3,False,,
746092,2024,2024-09-22,2024-09-22T20:10:00Z,R,Regular Season,N,1,Final,F,Colorado Rockies,115,5,Los Angeles Dodgers,119,6,Blake Treinen,Seth Halvorsen,,9,Dodger Stadium,day,3,3,False,,
746906,2024,2024-09-22,2024-09-22T21:35:00Z,R,Regular Season,S,2,Final,F,Minnesota Twins,142,3,Boston Red Sox,111,9,Kutter Crawford,Cole Irvin,,9,Fenway Park,night,3,3,False,,
745767,2024,2024-09-22,2024-09-22T23:15:00Z,R,Regular Season,N,1,Final,F,Philadelphia Phillies,143,1,New York Mets,121,2,Phil Maton,Zack Wheeler,Edwin Díaz,9,Citi Field,night,4,4,False,,
745527,2024,2024-09-23,2024-09-23T22:40:00Z,R,Regular Season,N,1,Final,F,Chicago Cubs,112,2,Philadelphia Phillies,143,6,Aaron Nola,Caleb Kilian,,9,Citizens Bank Park,night,1,3,False,,
744885,2024,2024-09-23,2024-09-23T23:07:00Z,R,Regular Season,N,1,Final,F,Boston Red Sox,111,4,Toronto Blue Jays,141,1,Tanner Houck,Chris Bassitt,,9,Rogers Centre,night,1,3,False,,
746334,2024,2024-09-23,2024-09-24T00:10:00Z,R,Regular Season,N,1,Final,F,Seattle Mariners,136,6,Houston Astros,117,1,Bryce Miller,Hunter Brown,,9,Minute Maid Park,night,1,3,False,,
747150,2024,2024-09-23,2024-09-24T01:40:00Z,R,Regular Season,N,1,Final,F,San Francisco Giants,137,6,Arizona Diamondbacks,109,3,Hayden Birdsong,Eduardo Rodriguez,Ryan Walker,9,Chase Field,night,1,3,False,,
746421,2024,2024-09-24,2024-09-24T17:10:00Z,R,Regular Season,N,1,Final,F,Tampa Bay Rays,139,1,Detroit Tigers,116,2,Tarik Skubal,Ryan Pepiot,Beau Brieske,9,Comerica Park,day,1,3,False,,
745441,2024,2024-09-24,2024-09-24T22:40:00Z,R,Regular Season,N,1,Final,F,Milwaukee Brewers,158,7,Pittsburgh Pirates,134,2,Hoby Milner,Bailey Falter,,9,PNC Park,night,1,3,False,,
745526,2024,2024-09-24,2024-09-24T22:40:00Z,R,Regular Season,N,1,Final,F,Chicago Cubs,112,10,Philadelphia Phillies,143,4,Drew Smyly,Tanner Banks,,9,Citizens Bank Park,night,2,3,False,,
746581,2024,2024-09-24,2024-09-24T22:40:00Z,R,Regular Season,N,1,Final,F,Cincinnati Reds,113,1,Cleveland Guardians,114,6,Tanner Bibee,Carson Spiers,,9,Progressive Field,night,1,2,False,,
744802,2024,2024-09-24,2024-09-24T22:45:00Z,R,Regular Season,N,1,Final,F,Kansas City Royals,118,1,Washington Nationals,120,0,Angel Zerpa,Kyle Finnegan,Lucas Erceg,10,Nationals Park,night,1,3,False,,
745688,2024,2024-09-24,2024-09-24T23:05:00Z,R,Regular Season,N,1,Final,F,Baltimore Orioles,110,5,New York Yankees,147,3,Dean Kremer,Clarke Schmidt,Seranthony Domínguez,9,Yankee Stadium,night,1,3,False,,
744876,2024,2024-09-24,2024-09-24T23:07:00Z,R,Regular Season,N,1,Final,F,Boston Red Sox,111,6,Toronto Blue Jays,141,5,Chris Martin,Tommy Nance,Chase Shugart,10,Rogers Centre,night,2,3,False,,
747068,2024,2024-09-24,2024-09-24T23:20:00Z,R,Regular Season,N,1,Final,F,New York Mets,121,1,Atlanta Braves,144,5,Spencer Schwellenbach,Luis Severino,,9,Truist Park,night,1,1,False,,
745851,2024,2024-09-24,2024-09-24T23:40:00Z,R,Regular Season,N,1,Final,F,Miami Marlins,146,4,Minnesota Twins,142,1,Ryan Weathers,Bailey Ober,Jesus Tinoco,9,Target Field,night,1,3,False,,
746743,2024,2024-09-24,2024-09-24T23:40:00Z,R,Regular Season,N,1,Final,F,Los Angeles Angels,108,2,Chicago White Sox,145,3,Prelander Berroa,Hunter Strickland,Justin Anderson,9,Guaranteed Rate Field,night,1,3,False,,
746336,2024,2024-09-24,2024-09-25T00:10:00Z,R,Regular Season,N,1,Final,F,Seattle Mariners,136,3,Houston Astros,117,4,Framber Valdez,Logan Gilbert,Josh Hader,9,Minute Maid Park,night,2,3,False,,
746504,2024,2024-09-24,2024-09-25T00:40:00Z,R,Regular Season,N,1,Final,F,St. Louis Cardinals,138,7,Colorado Rockies,115,3,Andrew Kittredge,Angel Chivilli,,9,Coors Field,night,1,3,False,,
745605,2024,2024-09-24,2024-09-25T01:40:00Z,R,Regular Season,N,1,Final,F,Texas Rangers,140,4,Oakland Athletics,133,5,Mason Miller,Josh Sborz,,9,Oakland Coliseum,night,1,3,False,,
747149,2024,2024-09-24,2024-09-25T01:40:00Z,R,Regular Season,N,1,Final,F,San Francisco Giants,137,11,Arizona Diamondbacks,109,0,Logan Webb,Brandon Pfaadt,,9,Chase Field,night,2,3,False,,
746093,2024,2024-09-24,2024-09-25T02:10:00Z,R,Regular Season,N,1,Final,F,San Diego Padres,135,4,Los Angeles Dodgers,119,2,Michael King,Landon Knack,Robert Suarez,9,Dodger Stadium,night,1,3,False,,
746331,2024,2024-09-25,2024-09-25T18:10:00Z,R,Regular Season,N,1,Final,F,Seattle Mariners,136,8,Houston Astros,117,1,George Kirby,Yusei Kikuchi,,9,Minute Maid Park,day,3,3,False,,
745521,2024,2024-09-25,2024-09-25T22:05:00Z,R,Regular Season,N,1,Final,F,Chicago Cubs,112,6,Philadelphia Phillies,143,9,José Ruiz,Javier Assad,,9,Citizens Bank Park,night,3,3,False,,
745442,2024,2024-09-25,2024-09-25T22:40:00Z,R,Regular Season,N,1,Final,F,Milwaukee Brewers,158,1,Pittsburgh Pirates,134,2,Luis Ortiz,Freddy Peralta,Aroldis Chapman,9,PNC Park,night,2,3,False,,
746420,2024,2024-09-25,2024-09-25T22:40:00Z,R,Regular Season,N,1,Final,F,Tampa Bay Rays,139,1,Detroit Tigers,116,7,Sean Guenther,Zack Littell,,9,Comerica Park,night,2,3,False,,
746583,2024,2024-09-25,2024-09-25T22:40:00Z,R,Regular Season,N,1,Final,F,Cincinnati Reds,113,2,Cleveland Guardians,114,5,Hunter Gaddis,Emilio Pagán,Emmanuel Clase,9,Progressive Field,night,2,2,False,,
744795,2024,2024-09-25,2024-09-25T22:45:00Z,R,Regular Season,N,1,Final,F,Kansas City Royals,118,3,Washington Nationals,120,0,Daniel Lynch IV,DJ Herz,Lucas Erceg,9,Nationals Park,night,2,3,False,,
745690,2024,2024-09-25,2024-09-25T23:05:00Z,R,Regular Season,N,1,Final,F,Baltimore Orioles,110,9,New York Yankees,147,7,Jacob Webb,Marcus Stroman,Keegan Akin,9,Yankee Stadium,night,2,3,False,,
744877,2024,2024-09-25,2024-09-25T23:07:00Z,R,Regular Season,N,1,Final,F,Boston Red Sox,111,1,Toronto Blue Jays,141,6,Kevin Gausman,Richard Fitts,,9,Rogers Centre,night,3,3,False,,
745854,2024,2024-09-25,2024-09-25T23:40:00Z,R,Regular Season,N,1,Final,F,Miami Marlins,146,3,Minnesota Twins,142,8,Griffin Jax,Michael Petersen,,9,Target Field,night,2,3,False,,
746742,2024,2024-09-25,2024-09-25T23:40:00Z,R,Regular Season,N,1,Final,F,Los Angeles Angels,108,3,Chicago White Sox,145,4,Jared Shuster,José Quijada,,10,Guaranteed Rate Field,night,2,3,False,,
746501,2024,2024-09-25,2024-09-26T00:40:00Z,R,Regular Season,N,1,Final,F,St. Louis Cardinals,138,5,Colorado Rockies,115,2,Erick Fedde,Austin Gomber,Ryan Helsley,9,Coors Field,night,2,3,False,,
745607,2024,2024-09-25,2024-09-26T01:40:00Z,R,Regular Season,N,1,Final,F,Texas Rangers,140,5,Oakland Athletics,133,1,Matt Festa,Brady Basso,,9,Oakland Coliseum,night,2,3,False,,
747144,2024,2024-09-25,2024-09-26T01:40:00Z,R,Regular Season,N,1,Final,F,San Francisco Giants,137,2,Arizona Diamondbacks,109,8,Zac Gallen,Mason Black,,9,Chase Field,night,3,3,False,,
746095,2024,2024-09-25,2024-09-26T02:10:00Z,R,Regular Season,N,1,Final,F,San Diego Padres,135,3,Los Angeles Dodgers,119,4,Alex Vesia,Jeremiah Estrada,Michael Kopech,9,Dodger Stadium,night,2,3,False,,
745443,2024,2024-09-26,2024-09-26T16:35:00Z,R,Regular Season,N,1,Final,F,Milwaukee Brewers,158,5,Pittsburgh Pirates,134,2,Aaron Civale,Mitch Keller,Devin Williams,9,PNC Park,day,3,3,False,,
744796,2024,2024-09-26,2024-09-26T17:05:00Z,R,Regular Season,N,1,Final,F,Kansas City Royals,118,7,Washington Nationals,120,4,Kris Bubic,Kyle Finnegan,Lucas Erceg,9,Nationals Park,day,3,3,False,,
746415,2024,2024-09-26,2024-09-26T17:10:00Z,R,Regular Season,N,1,Final,F,Tampa Bay Rays,139,3,Detroit Tigers,116,4,Beau Brieske,Garrett Cleavinger,Jason Foley,9,Comerica Park,day,3,3,False,,
746738,2024,2024-09-26,2024-09-26T18:10:00Z,R,Regular Season,N,1,Final,F,Los Angeles Angels,108,0,Chicago White Sox,145,7,Chris Flexen,Tyler Anderson,,9,Guaranteed Rate Field,day,3,3,False,,
746495,2024,2024-09-26,2024-09-26T19:10:00Z,R,Regular Season,N,1,Final,F,St. Louis Cardinals,138,8,Colorado Rockies,115,10,Angel Chivilli,Ryan Fernandez,Seth Halvorsen,9,Coors Field,day,3,3,False,,
745609,2024,2024-09-26,2024-09-26T19:37:00Z,R,Regular Season,N,1,Final,F,Texas Rangers,140,2,Oakland Athletics,133,3,J.T. Ginn,Kumar Rocker,Mason Miller,9,Oakland Coliseum,day,3,3,False,,
745691,2024,2024-09-26,2024-09-26T23:05:00Z,R,Regular Season,N,1,Final,F,Baltimore Orioles,110,1,New York Yankees,147,10,Gerrit Cole,Corbin Burnes,,9,Yankee Stadium,night,3,3,False,,
745853,2024,2024-09-26,2024-09-26T23:40:00Z,R,Regular Season,N,1,Final,F,Miami Marlins,146,8,Minnesota Twins,142,6,Anthony Maldonado,Scott Blewett,Darren McCaughan,13,Target Field,night,3,3,False,,
746088,2024,2024-09-26,2024-09-27T02:10:00Z,R,Regular Season,N,1,Final,F,San Diego Padres,135,2,Los Angeles Dodgers,119,7,Anthony Banda,Tanner Scott,,9,Dodger Stadium,night,3,3,False,,
746822,2024,2024-09-27,2024-09-27T18:20:00Z,R,Regular Season,N,1,Final,F,Cincinnati Reds,113,0,Chicago Cubs,112,1,Jameson Taillon,Nick Martinez,Porter Hodge,9,Wrigley Field,day,1,3,False,,
746417,2024,2024-09-27,2024-09-27T22:40:00Z,R,Regular Season,N,1,Final,F,Chicago White Sox,145,1,Detroit Tigers,116,4,Brant Hurter,Jared Shuster,Jason Foley,9,Comerica Park,night,1,3,False,,
744797,2024,2024-09-27,2024-09-27T22:45:00Z,R,Regular Season,N,1,Final,F,Philadelphia Phillies,143,1,Washington Nationals,120,9,Trevor Williams,Ranger Suarez,,9,Nationals Park,night,1,3,False,,
745692,2024,2024-09-27,2024-09-27T23:05:00Z,R,Regular Season,N,1,Final,F,Pittsburgh Pirates,134,4,New York Yankees,147,2,Carmen Mlodzinski,Tommy Kahnle,Aroldis Chapman,9,Yankee Stadium,night,1,3,False,,
744879,2024,2024-09-27,2024-09-27T23:07:00Z,R,Regular Season,N,1,Final,F,Miami Marlins,146,15,Toronto Blue Jays,141,5,Adam Oller,José Berríos,,9,Rogers Centre,night,1,3,False,,
746580,2024,2024-09-27,2024-09-27T23:10:00Z,R,Regular Season,N,1,Final,F,Houston Astros,117,5,Cleveland Guardians,114,2,Ronel Blanco,Joey Cantillo,,9,Progressive Field,night,1,3,False,,
746904,2024,2024-09-27,2024-09-27T23:10:00Z,R,Regular Season,N,1,Final,F,Tampa Bay Rays,139,2,Boston Red Sox,111,1,Taj Bradley,Nick Pivetta,Edwin Uceta,9,Fenway Park,night,1,3,False,,
747065,2024,2024-09-27,2024-09-27T23:20:00Z,R,Regular Season,N,1,Final,F,Kansas City Royals,118,0,Atlanta Braves,144,3,Max Fried,Brady Singer,Raisel Iglesias,9,Truist Park,night,1,3,False,,
745847,2024,2024-09-27,2024-09-28T00:10:00Z,R,Regular Season,N,1,Final,F,Baltimore Orioles,110,7,Minnesota Twins,142,2,Cade Povich,Pablo López,,9,Target Field,night,1,3,False,,
745930,2024,2024-09-27,2024-09-28T00:10:00Z,R,Regular Season,N,1,Final,F,New York Mets,121,4,Milwaukee Brewers,158,8,Joe Ross,Sean Manaea,Trevor Megill,9,American Family Field,night,1,3,False,,
746494,2024,2024-09-27,2024-09-28T00:10:00Z,R,Regular Season,N,1,Final,F,Los Angeles Dodgers,119,11,Colorado Rockies,115,4,Ben Casparius,Cal Quantrill,,9,Coors Field,night,1,3,False,,
746173,2024,2024-09-27,2024-09-28T01:38:00Z,R,Regular Season,N,1,Final,F,Texas Rangers,140,5,Los Angeles Angels,108,2,Daniel Robert,Reid Detmers,Kirby Yates,9,Angel Stadium,night,1,3,False,,
747145,2024,2024-09-27,2024-09-28T01:40:00Z,R,Regular Season,N,1,Final,F,San Diego Padres,135,5,Arizona Diamondbacks,109,3,Yu Darvish,Merrill Kelly,Robert Suarez,9,Chase Field,night,1,3,False,,
745202,2024,2024-09-27,2024-09-28T02:10:00Z,R,Regular Season,N,1,Final,F,Oakland Athletics,133,0,Seattle Mariners,136,2,Bryan Woo,JP Sears,Troy Taylor,9,T-Mobile Park,night,1,3,False,,
745280,2024,2024-09-27,2024-09-28T02:15:00Z,R,Regular Season,N,1,Final,F,St. Louis Cardinals,138,6,San Francisco Giants,137,3,Miles Mikolas,Landen Roupp,Ryan Helsley,9,Oracle Park,night,1,3,False,,
745685,2024,2024-09-28,2024-09-28T17:05:00Z,R,Regular Season,N,1,Final,F,Pittsburgh Pirates,134,9,New York Yankees,147,4,Mike Burrows,Luis Gil,Aroldis Chapman,9,Yankee Stadium,day,2,3,False,,
746414,2024,2024-09-28,2024-09-28T17:10:00Z,R,Regular Season,N,1,Final,F,Chicago White Sox,145,4,Detroit Tigers,116,0,Sean Burke,Beau Brieske,,9,Comerica Park,day,2,3,False,,
746819,2024,2024-09-28,2024-09-28T18:20:00Z,R,Regular Season,N,1,Final,F,Cincinnati Reds,113,0,Chicago Cubs,112,3,Tyson Miller,Buck Farmer,Porter Hodge,9,Wrigley Field,day,2,3,False,,
744878,2024,2024-09-28,2024-09-28T19:07:00Z,R,Regular Season,N,1,Final,F,Miami Marlins,146,8,Toronto Blue Jays,141,1,Xzavion Curry,Yariel Rodríguez,Darren McCaughan,9,Rogers Centre,day,2,3,False,,
744799,2024,2024-09-28,2024-09-28T20:05:00Z,R,Regular Season,N,1,Final,F,Philadelphia Phillies,143,3,Washington Nationals,120,6,José A. Ferrer,Jeff Hoffman,,9,Nationals Park,day,2,3,False,,
745281,2024,2024-09-28,2024-09-28T20:05:00Z,R,Regular Season,N,1,Final,F,St. Louis Cardinals,138,5,San Francisco Giants,137,6,Ryan Walker,Matthew Liberatore,Spencer Bivens,9,Oracle Park,day,2,3,False,,
746902,2024,2024-09-28,2024-09-28T20:10:00Z,R,Regular Season,N,1,Final,F,Tampa Bay Rays,139,7,Boston Red Sox,111,2,Shane Baz,Kutter Crawford,,9,Fenway Park,day,2,3,False,,
746578,2024,2024-09-28,2024-09-28T22:10:00Z,R,Regular Season,N,1,Final,F,Houston Astros,117,4,Cleveland Guardians,114,3,Justin Verlander,Ben Lively,Shawn Dubin,9,Progressive Field,night,2,3,False,,
745849,2024,2024-09-28,2024-09-28T23:15:00Z,R,Regular Season,N,1,Final,F,Baltimore Orioles,110,9,Minnesota Twins,142,2,Tucker Davidson,Zebby Matthews,,9,Target Field,night,2,3,False,,
745931,2024,2024-09-28,2024-09-28T23:15:00Z,R,Regular Season,N,1,Final,F,New York Mets,121,0,Milwaukee Brewers,158,6,Tobias Myers,Jose Quintana,,9,American Family Field,night,2,3,False,,
747066,2024,2024-09-28,2024-09-28T23:20:00Z,R,Regular Season,N,1,Final,F,Kansas City Royals,118,1,Atlanta Braves,144,2,Raisel Iglesias,Sam Long,,9,Truist Park,night,2,3,False,,
746499,2024,2024-09-28,2024-09-29T00:10:00Z,R,Regular Season,N,1,Final,F,Los Angeles Dodgers,119,13,Colorado Rockies,115,2,Yoshinobu Yamamoto,Antonio Senzatela,Justin Wrobleski,9,Coors Field,night,2,3,False,,
747146,2024,2024-09-28,2024-09-29T00:10:00Z,R,Regular Season,N,1,Final,F,San Diego Padres,135,5,Arizona Diamondbacks,109,0,Wandy Peralta,A.J. Puk,,9,Chase Field,night,2,3,False,,
746171,2024,2024-09-28,2024-09-29T01:38:00Z,R,Regular Season,N,1,Final,F,Texas Rangers,140,9,Los Angeles Angels,108,8,Dane Dunning,José Quijada,Kirby Yates,9,Angel Stadium,night,2,3,False,,
745203,2024,2024-09-28,2024-09-29T01:40:00Z,R,Regular Season,N,1,Final,F,Oakland Athletics,133,6,Seattle Mariners,136,7,Eduard Bazardo,Scott Alexander,,10,T-Mobile Park,night,2,3,False,,
744798,2024,2024-09-29,2024-09-29T19:05:00Z,R,Regular Season,N,1,Final,F,Philadelphia Phillies,143,6,Washington Nationals,120,3,Aaron Nola,Jake Irvin,José Ruiz,9,Nationals Park,day,3,3,False,,
745282,2024,2024-09-29,2024-09-29T19:05:00Z,R,Regular Season,N,1,Final,F,St. Louis Cardinals,138,6,San Francisco Giants,137,1,Michael McGreevy,Hayden Birdsong,,9,Oracle Park,day,3,3,False,,
745686,2024,2024-09-29,2024-09-29T19:05:00Z,R,Regular Season,N,1,Final,F,Pittsburgh Pirates,134,4,New York Yankees,147,6,Luke Weaver,Colin Holderman,Clay Holmes,9,Yankee Stadium,day,3,3,False,,
746901,2024,2024-09-29,2024-09-29T19:05:00Z,R,Regular Season,N,1,Final,F,Tampa Bay Rays,139,1,Boston Red Sox,111,3,Quinn Priester,Ryan Pepiot,Justin Slaten,9,Fenway Park,day,3,3,False,,
744880,2024,2024-09-29,2024-09-29T19:07:00Z,R,Regular Season,N,1,Final,F,Miami Marlins,146,3,Toronto Blue Jays,141,1,Ryan Weathers,Ryan Burr,Anthony Bender,9,Rogers Centre,day,3,3,False,,
746174,2024,2024-09-29,2024-09-29T19:07:00Z,R,Regular Season,N,1,Final,F,Texas Rangers,140,8,Los Angeles Angels,108,0,Nathan Eovaldi,Jack Kochanowicz,,9,Angel Stadium,day,3,3,False,,
745201,2024,2024-09-29,2024-09-29T19:10:00Z,R,Regular Season,N,1,Final,F,Oakland Athletics,133,4,Seattle Mariners,136,6,Logan Gilbert,Mitch Spence,,9,T-Mobile Park,day,3,3,False,,
745846,2024,2024-09-29,2024-09-29T19:10:00Z,R,Regular Season,N,1,Final,F,Baltimore Orioles,110,6,Minnesota Twins,142,2,Albert Suárez,Bailey Ober,,9,Target Field,day,3,3,False,,
745932,2024,2024-09-29,2024-09-29T19:10:00Z,R,Regular Season,N,1,Final,F,New York Mets,121,5,Milwaukee Brewers,158,0,David Peterson,Colin Rea,,9,American Family Field,day,3,3,False,,
746416,2024,2024-09-29,2024-09-29T19:10:00Z,R,Regular Season,N,1,Final,F,Chicago White Sox,145,9,Detroit Tigers,116,5,Jonathan Cannon,Kenta Maeda,Enyel De Los Santos,9,Comerica Park,day,3,3,False,,
746496,2024,2024-09-29,2024-09-29T19:10:00Z,R,Regular Season,N,1,Final,F,Los Angeles Dodgers,119,2,Colorado Rockies,115,1,Evan Phillips,Victor Vodnik,Edgardo Henriquez,9,Coors Field,day,3,3,False,,
746577,2024,2024-09-29,2024-09-29T19:10:00Z,R,Regular Season,N,1,Cancelled,C,Houston Astros,117,,Cleveland Guardians,114,,,,,,Progressive Field,day,3,3,,,
747147,2024,2024-09-29,2024-09-29T19:10:00Z,R,Regular Season,N,1,Final,F,San Diego Padres,135,2,Arizona Diamondbacks,109,11,Brandon Pfaadt,Martín Pérez,Ryne Nelson,9,Chase Field,day,3,3,False,,
746820,2024,2024-09-29,2024-09-29T19:20:00Z,R,Regular Season,N,1,Final,F,Cincinnati Reds,113,3,Chicago Cubs,112,0,Tony Santillan,Ethan Roberts,Buck Farmer,10,Wrigley Field,day,3,3,False,,
747061,2024,2024-09-29,2024-09-29T19:20:00Z,R,Regular Season,N,1,Final,F,Kansas City Royals,118,4,Atlanta Braves,144,2,Alec Marsh,Charlie Morton,Kris Bubic,9,Truist Park,day,3,3,False,,
747139,2024,2024-09-30,2024-09-30T17:10:00Z,R,Regular Season,Y,1,Final,F,New York Mets,121,8,Atlanta Braves,144,7,Edwin Díaz,Pierce Johnson,,9,Truist Park,day,1,2,False,,
747064,2024,2024-09-30,2024-09-30T17:15:00Z,R,Regular Season,Y,2,Final,F,New York Mets,121,0,Atlanta Braves,144,3,Daysbel Hernández,Joey Lucchesi,Raisel Iglesias,9,Truist Park,day,2,2,False,,
775345,2024,2024-10-01,2024-10-01T18:32:00Z,F,AL Wild Card Series,N,1,Final,F,Detroit Tigers,116,3,Houston Astros,117,1,Tarik Skubal,Framber Valdez,Beau Brieske,9,Minute Maid Park,day,1,3,False,,
775343,2024,2024-10-01,2024-10-01T20:08:00Z,F,AL Wild Card Series,N,1,Final,F,Kansas City Royals,118,1,Baltimore Orioles,110,0,Cole Ragans,Corbin Burnes,Lucas Erceg,9,Oriole Park at Camden Yards,day,1,3,False,,
775340,2024,2024-10-01,2024-10-01T21:32:00Z,F,NL Wild Card Series,N,1,Final,F,New York Mets,121,8,Milwaukee Brewers,158,4,Luis Severino,Joel Payamps,,9,American Family Field,day,1,3,False,,
775333,2024,2024-10-01,2024-10-02T00:38:00Z,F,NL Wild Card Series,N,1,Final,F,Atlanta Braves,144,0,San Diego Padres,135,4,Michael King,AJ Smith-Shawver,,9,Petco Park,night,1,3,False,,
775344,2024,2024-10-02,2024-10-02T18:32:00Z,F,AL Wild Card Series,N,1,Final,F,Detroit Tigers,116,5,Houston Astros,117,2,Sean Guenther,Ryan Pressly,Will Vest,9,Minute Maid Park,day,2,3,False,,
775341,2024,2024-10-02,2024-10-02T20:38:00Z,F,AL Wild Card Series,N,1,Final,F,Kansas City Royals,118,2,Baltimore Orioles,110,1,Angel Zerpa,Cionel Pérez,Lucas Erceg,9,Oriole Park at Camden Yards,day,2,3,False,,
775339,2024,2024-10-02,2024-10-02T23:38:00Z,F,NL Wild Card Series,N,1,Final,F,New York Mets,121,3,Milwaukee Brewers,158,5,Joe Ross,Phil Maton,Devin Williams,9,American Family Field,night,2,3,False,,
775336,2024,2024-10-02,2024-10-03T00:38:00Z,F,NL Wild Card Series,N,1,Final,F,Atlanta Braves,144,4,San Diego Padres,135,5,Bryan Hoeing,Max Fried,Robert Suarez,9,Petco Park,night,2,3,False,,
775337,2024,2024-10-03,2024-10-03T23:08:00Z,F,NL Wild Card Series,N,1,Final,F,New York Mets,121,4,Milwaukee Brewers,158,2,Edwin Díaz,Devin Williams,David Peterson,9,American Family Field,night,3,3,False,,
775324,2024,2024-10-05,2024-10-05T17:08:00Z,D,AL Division Series,N,1,Final,F,Detroit Tigers,116,0,Cleveland Guardians,114,7,Cade Smith,Tyler Holton,,9,Progressive Field,day,1,5,False,,
775318,2024,2024-10-05,2024-10-05T20:08:00Z,D,NL Division Series,N,1,Final,F,New York Mets,121,6,Philadelphia Phillies,143,2,Reed Garrett,Jeff Hoffman,,9,Citizens Bank Park,day,1,5,False,,
775334,2024,2024-10-05,2024-10-05T22:38:00Z,D,AL Division Series,N,1,Final,F,Kansas City Royals,118,5,New York Yankees,147,6,Clay Holmes,Michael Lorenzen,Luke Weaver,9,Yankee Stadium,night,1,5,False,,
775323,2024,2024-10-05,2024-10-06T00:38:00Z,D,NL Division Series,N,1,Final,F,San Diego Padres,135,5,Los Angeles Dodgers,119,7,Ryan Brasier,Adrian Morejon,Blake Treinen,9,Dodger Stadium,night,1,5,False,,
775319,2024,2024-10-06,2024-10-06T20:08:00Z,D,NL Division Series,N,1,Final,F,New York Mets,121,6,Philadelphia Phillies,143,7,Jeff Hoffman,Tylor Megill,,9,Citizens Bank Park,day,2,5,False,,
775322,2024,2024-10-06,2024-10-07T00:03:00Z,D,NL Division Series,N,1,Final,F,San Diego Padres,135,10,Los Angeles Dodgers,119,2,Yu Darvish,Jack Flaherty,,9,Dodger Stadium,night,2,5,False,,
775325,2024,2024-10-07,2024-10-07T20:08:00Z,D,AL Division Series,N,1,Final,F,Detroit Tigers,116,3,Cleveland Guardians,114,0,Will Vest,Emmanuel Clase,Beau Brieske,9,Progressive Field,day,2,5,False,,
775332,2024,2024-10-07,2024-10-07T23:38:00Z,D,AL Division Series,N,1,Final,F,Kansas City Royals,118,4,New York Yankees,147,2,Angel Zerpa,Carlos Rodón,Lucas Erceg,9,Yankee Stadium,night,2,5,False,,
775316,2024,2024-10-08,2024-10-08T21:08:00Z,D,NL Division Series,N,1,Final,F,Philadelphia Phillies,143,2,New York Mets,121,7,Sean Manaea,Aaron Nola,,9,Citi Field,night,3,5,False,,
775321,2024,2024-10-08,2024-10-09T01:08:00Z,D,NL Division Series,N,1,Final,F,Los Angeles Dodgers,119,5,San Diego Padres,135,6,Michael King,Walker Buehler,Robert Suarez,9,Petco Park,night,3,5,False,,
775328,2024,2024-10-09,2024-10-09T19:08:00Z,D,AL Division Series,N,1,Final,F,Cleveland Guardians,114,0,Detroit Tigers,116,3,Brant Hurter,Alex Cobb,Tyler Holton,9,Comerica Park,day,3,5,False,,
775313,2024,2024-10-09,2024-10-09T21:08:00Z,D,NL Division Series,N,1,Final,F,Philadelphia Phillies,143,1,New York Mets,121,4,David Peterson,Jeff Hoffman,Edwin Díaz,9,Citi Field,night,4,5,False,,
775329,2024,2024-10-09,2024-10-09T23:08:00Z,D,AL Division Series,N,1,Final,F,New York Yankees,147,3,Kansas City Royals,118,2,Tommy Kahnle,Kris Bubic,Luke Weaver,9,Kauffman Stadium,night,3,5,False,,
775320,2024,2024-10-09,2024-10-10T01:08:00Z,D,NL Division Series,N,1,Final,F,Los Angeles Dodgers,119,8,San Diego Padres,135,0,Evan Phillips,Dylan Cease,,9,Petco Park,night,4,5,False,,
775327,2024,2024-10-10,2024-10-10T22:08:00Z,D,AL Division Series,N,1,Final,F,Cleveland Guardians,114,5,Detroit Tigers,116,4,Hunter Gaddis,Beau Brieske,Emmanuel Clase,9,Comerica Park,night,4,5,False,,
775331,2024,2024-10-10,2024-10-11T00:08:00Z,D,AL Division Series,N,1,Final,F,New York Yankees,147,3,Kansas City Royals,118,1,Gerrit Cole,Michael Wacha,Luke Weaver,9,Kauffman Stadium,night,4,5,False,,
775317,2024,2024-10-11,2024-10-12T00:08:00Z,D,NL Division Series,N,1,Final,F,San Diego Padres,135,0,Los Angeles Dodgers,119,2,Yoshinobu Yamamoto,Yu Darvish,Blake Treinen,9,Dodger Stadium,night,5,5,False,,
775326,2024,2024-10-12,2024-10-12T17:08:00Z,D,AL Division Series,N,1,Final,F,Detroit Tigers,116,3,Cleveland Guardians,114,7,Tim Herrin,Tarik Skubal,Emmanuel Clase,9,Progressive Field,day,5,5,False,,
775307,2024,2024-10-13,2024-10-14T00:15:00Z,L,NL Championship Series,N,1,Final,F,New York Mets,121,0,Los Angeles Dodgers,119,9,Jack Flaherty,Kodai Senga,,9,Dodger Stadium,night,1,7,False,,
775306,2024,2024-10-14,2024-10-14T20:08:00Z,L,NL Championship Series,N,1,Final,F,New York Mets,121,7,Los Angeles Dodgers,119,3,Sean Manaea,Ryan Brasier,Edwin Díaz,9,Dodger Stadium,day,2,7,False,,
775314,2024,2024-10-14,2024-10-14T23:38:00Z,L,AL Championship Series,N,1,Final,F,Cleveland Guardians,114,2,New York Yankees,147,5,Carlos Rodón,Alex Cobb,Luke Weaver,9,Yankee Stadium,night,1,7,False,,
775312,2024,2024-10-15,2024-10-15T23:38:00Z,L,AL Championship Series,N,1,Final,F,Cleveland Guardians,114,3,New York Yankees,147,6,Clay Holmes,Tanner Bibee,,9,Yankee Stadium,night,2,7,False,,
775305,2024,2024-10-16,2024-10-17T00:08:00Z,L,NL Championship Series,N,1,Final,F,Los Angeles Dodgers,119,8,New York Mets,121,0,Michael Kopech,Luis Severino,,9,Citi Field,night,3,7,False,,
775310,2024,2024-10-17,2024-10-17T21:08:00Z,L,AL Championship Series,N,1,Final,F,New York Yankees,147,5,Cleveland Guardians,114,7,Pedro Avila,Clay Holmes,,10,Progressive Field,night,3,7,False,,
775303,2024,2024-10-17,2024-10-18T00:08:00Z,L,NL Championship Series,N,1,Final,F,Los Angeles Dodgers,119,10,New York Mets,121,2,Evan Phillips,Jose Quintana,,9,Citi Field,night,4,7,False,,
775299,2024,2024-10-18,2024-10-18T21:08:00Z,L,NL Championship Series,N,1,Final,F,Los Angeles Dodgers,119,6,New York Mets,121,12,Ryne Stanek,Jack Flaherty,,9,Citi Field,night,5,7,False,,
775311,2024,2024-10-18,2024-10-19T00:08:00Z,L,AL Championship Series,N,1,Final,F,New York Yankees,147,8,Cleveland Guardians,114,6,Mark Leiter Jr.,Emmanuel Clase,Tommy Kahnle,9,Progressive Field,night,4,7,False,,
775309,2024,2024-10-19,2024-10-20T00:08:00Z,L,AL Championship Series,N,1,Final,F,New York Yankees,147,5,Cleveland Guardians,114,2,Luke Weaver,Hunter Gaddis,,10,Progressive Field,night,5,7,False,,
775302,2024,2024-10-20,2024-10-21T00:08:00Z,L,NL Championship Series,N,1,Final,F,New York Mets,121,5,Los Angeles Dodgers,119,10,Ben Casparius,Sean Manaea,Blake Treinen,9,Dodger Stadium,night,6,7,False,,
775300,2024,2024-10-25,2024-10-26T00:08:00Z,W,World Series,N,1,Final,F,New York Yankees,147,3,Los Angeles Dodgers,119,6,Blake Treinen,Jake Cousins,,10,Dodger Stadium,night,1,7,False,,
775294,2024,2024-10-26,2024-10-27T00:08:00Z,W,World Series,N,1,Final,F,New York Yankees,147,2,Los Angeles Dodgers,119,4,Yoshinobu Yamamoto,Carlos Rodón,Alex Vesia,9,Dodger Stadium,night,2,7,False,,
775298,2024,2024-10-28,2024-10-29T00:08:00Z,W,World Series,N,1,Final,F,Los Angeles Dodgers,119,4,New York Yankees,147,2,Walker Buehler,Clarke Schmidt,,9,Yankee Stadium,night,3,7,False,,
775297,2024,2024-10-29,2024-10-30T00:08:00Z,W,World Series,N,1,Final,F,Los Angeles Dodgers,119,4,New York Yankees,147,11,Clay Holmes,Daniel Hudson,,9,Yankee Stadium,night,4,7,False,,
775296,2024,2024-10-30,2024-10-31T00:08:00Z,W,World Series,N,1,Final,F,Los Angeles Dodgers,119,7,New York Yankees,147,6,Blake Treinen,Tommy Kahnle,Walker Buehler,9,Yankee Stadium,night,5,7,False,,
