gamePk,season,officialDate,gameDate,gameType,seriesDescription,doubleHeader,gameNumber,status,codedState,away,awayId,awayScore,home,homeId,homeScore,winner,loser,save,innings,venue,dayNight,seriesGameNumber,gamesInSeries,isTie,resumeDate,rescheduleDate
346787,2013,2013-03-31,2013-04-01T00:05:00Z,R,Regular Season,N,1,Final,F,Texas Rangers,140,2,Houston Astros,117,8,Bud Norris,Matt Harrison,Erik Bedard,9,Minute Maid Park,night,1,3,False,,
346187,2013,2013-04-01,2013-04-01T17:05:00Z,R,Regular Season,N,1,Final,F,Miami Marlins,146,0,Washington Nationals,120,2,Stephen Strasburg,Ricky Nolasco,Rafael Soriano,9,Nationals Park,day,1,3,False,,
346755,2013,2013-04-01,2013-04-01T17:05:00Z,R,Regular Season,N,1,Final,F,Boston Red Sox,111,8,New York Yankees,147,2,Jon Lester,CC Sabathia,,9,Yankee Stadium,day,1,3,False,,
346189,2013,2013-04-01,2013-04-01T17:10:00Z,R,Regular Season,N,1,Final,F,San Diego Padres,135,2,New York Mets,121,11,Jonathon Niese,Edinson Volquez,,9,Citi Field,day,1,3,False,,
346184,2013,2013-04-01,2013-04-01T17:35:00Z,R,Regular Season,N,1,Final,F,Chicago Cubs,112,3,Pittsburgh Pirates,134,1,Jeff Samardzija,A.J. Burnett,Kyuji Fujikawa,9,PNC Park,day,1,3,False,,
346752,2013,2013-04-01,2013-04-01T18:10:00Z,R,Regular Season,N,1,Final,F,Colorado Rockies,115,4,Milwaukee Brewers,158,5,Jim Henderson,Adam Ottavino,,10,Miller Park,day,1,3,False,,
346183,2013,2013-04-01,2013-04-01T20:10:00Z,R,Regular Season,N,1,Final,F,Los Angeles Angels,108,3,Cincinnati Reds,113,1,Mark Lowe,J.J. Hoover,Ernesto Frieri,13,Great American Ball Park,day,1,3,False,,
346185,2013,2013-04-01,2013-04-01T20:10:00Z,R,Regular Season,N,1,Final,F,Detroit Tigers,116,4,Minnesota Twins,142,2,Justin Verlander,Vance Worley,Phil Coke,9,Target Field,day,1,3,False,,
346186,2013,2013-04-01,2013-04-01T20:10:00Z,R,Regular Season,N,1,Final,F,Kansas City Royals,118,0,Chicago White Sox,145,1,Chris Sale,James Shields,Addison Reed,9,U.S. Cellular Field,day,1,3,False,,
346753,2013,2013-04-01,2013-04-01T20:10:00Z,R,Regular Season,N,1,Final,F,San Francisco Giants,137,0,Los Angeles Dodgers,119,4,Clayton Kershaw,George Kontos,,9,Dodger Stadium,day,1,3,False,,
346188,2013,2013-04-01,2013-04-01T23:10:00Z,R,Regular Season,N,1,Final,F,Philadelphia Phillies,143,5,Atlanta Braves,144,7,Luis Avilán,Cole Hamels,Craig Kimbrel,9,Turner Field,night,1,3,False,,
346190,2013,2013-04-01,2013-04-02T02:05:00Z,R,Regular Season,N,1,Final,F,Seattle Mariners,136,2,Oakland Athletics,133,0,Félix Hernández,Brett Anderson,Tom Wilhelmsen,9,O.co Coliseum,night,1,4,False,,
346191,2013,2013-04-01,2013-04-02T02:10:00Z,R,Regular Season,N,1,Final,F,St. Louis Cardinals,138,2,Arizona Diamondbacks,109,6,Ian Kennedy,Adam Wainwright,,9,Chase Field,night,1,3,False,,
346754,2013,2013-04-02,2013-04-02T19:10:00Z,R,Regular Season,N,1,Final,F,Baltimore Orioles,110,7,Tampa Bay Rays,139,4,Jason Hammel,Jake McGee,Jim Johnson,9,Tropicana Field,day,1,3,False,,
346760,2013,2013-04-02,2013-04-02T23:07:00Z,R,Regular Season,N,1,Final,F,Cleveland Indians,114,4,Toronto Blue Jays,141,1,Justin Masterson,R.A. Dickey,Chris Perez,9,Rogers Centre,night,1,3,False,,
346758,2013,2013-04-02,2013-04-03T00:10:00Z,R,Regular Season,N,1,Final,F,Texas Rangers,140,7,Houston Astros,117,0,Yu Darvish,Lucas Harrell,,9,Minute Maid Park,night,2,3,False,,
346759,2013,2013-04-02,2013-04-03T00:10:00Z,R,Regular Season,N,1,Final,F,Colorado Rockies,115,8,Milwaukee Brewers,158,4,Edgmer Escalona,Michael Gonzalez,Rafael Betancourt,9,Miller Park,night,2,3,False,,
346757,2013,2013-04-02,2013-04-03T01:40:00Z,R,Regular Season,N,1,Final,F,St. Louis Cardinals,138,6,Arizona Diamondbacks,109,1,Jaime García,Trevor Cahill,,9,Chase Field,night,2,3,False,,
346756,2013,2013-04-02,2013-04-03T02:05:00Z,R,Regular Season,N,1,Final,F,Seattle Mariners,136,7,Oakland Athletics,133,1,Hisashi Iwakuma,Jarrod Parker,,9,O.co Coliseum,night,2,4,False,,
346761,2013,2013-04-02,2013-04-03T02:10:00Z,R,Regular Season,N,1,Final,F,San Francisco Giants,137,3,Los Angeles Dodgers,119,0,Madison Bumgarner,Hyun Jin Ryu,Sergio Romo,9,Dodger Stadium,night,2,3,False,,
346767,2013,2013-04-03,2013-04-03T18:10:00Z,R,Regular Season,N,1,Final,F,Kansas City Royals,118,2,Chicago White Sox,145,5,Jake Peavy,Ervin Santana,Addison Reed,9,U.S. Cellular Field,day,2,3,False,,
346773,2013,2013-04-03,2013-04-03T18:10:00Z,R,Regular Season,N,1,Final,F,Texas Rangers,140,4,Houston Astros,117,0,Alexi Ogando,Philip Humber,,9,Minute Maid Park,day,3,3,False,,
346766,2013,2013-04-03,2013-04-03T20:10:00Z,R,Regular Season,N,1,Final,F,Detroit Tigers,116,2,Minnesota Twins,142,3,Glen Perkins,Phil Coke,,9,Target Field,day,2,3,False,,
346764,2013,2013-04-03,2013-04-03T23:05:00Z,R,Regular Season,N,1,Final,F,Boston Red Sox,111,7,New York Yankees,147,4,Clay Buchholz,Hiroki Kuroda,Joel Hanrahan,9,Yankee Stadium,night,2,3,False,,
346765,2013,2013-04-03,2013-04-03T23:05:00Z,R,Regular Season,N,1,Final,F,Chicago Cubs,112,0,Pittsburgh Pirates,134,3,Wandy Rodriguez,Edwin Jackson,Jason Grilli,9,PNC Park,night,2,3,False,,
346768,2013,2013-04-03,2013-04-03T23:05:00Z,R,Regular Season,N,1,Final,F,Miami Marlins,146,0,Washington Nationals,120,3,Gio Gonzalez,Kevin Slowey,Rafael Soriano,9,Nationals Park,night,2,3,False,,
346774,2013,2013-04-03,2013-04-03T23:07:00Z,R,Regular Season,N,1,Final,F,Cleveland Indians,114,3,Toronto Blue Jays,141,2,Matt Albers,Sergio Santos,Joe Smith,11,Rogers Centre,night,2,3,False,,
346762,2013,2013-04-03,2013-04-03T23:10:00Z,R,Regular Season,N,1,Final,F,Los Angeles Angels,108,4,Cincinnati Reds,113,5,Aroldis Chapman,Scott Downs,,9,Great American Ball Park,night,2,3,False,,
346763,2013,2013-04-03,2013-04-03T23:10:00Z,R,Regular Season,N,1,Final,F,Baltimore Orioles,110,7,Tampa Bay Rays,139,8,Fernando Rodney,Tommy Hunter,,9,Tropicana Field,night,2,3,False,,
346769,2013,2013-04-03,2013-04-03T23:10:00Z,R,Regular Season,N,1,Final,F,Philadelphia Phillies,143,2,Atlanta Braves,144,9,Paul Maholm,Roy Halladay,,9,Turner Field,night,2,3,False,,
346770,2013,2013-04-03,2013-04-03T23:10:00Z,R,Regular Season,N,1,Final,F,San Diego Padres,135,4,New York Mets,121,8,Matt Harvey,Clayton Richard,,9,Citi Field,night,2,3,False,,
346775,2013,2013-04-03,2013-04-04T00:10:00Z,R,Regular Season,N,1,Final,F,Colorado Rockies,115,7,Milwaukee Brewers,158,3,Juan Nicasio,Wily Peralta,,9,Miller Park,night,3,3,False,,
346772,2013,2013-04-03,2013-04-04T01:40:00Z,R,Regular Season,N,1,Final,F,St. Louis Cardinals,138,9,Arizona Diamondbacks,109,10,Josh Collmenter,Fernando Salas,,16,Chase Field,night,3,3,False,,
346771,2013,2013-04-03,2013-04-04T02:05:00Z,R,Regular Season,N,1,Final,F,Seattle Mariners,136,2,Oakland Athletics,133,6,Tommy Milone,Joe Saunders,,9,O.co Coliseum,night,3,4,False,,
346776,2013,2013-04-03,2013-04-04T02:10:00Z,R,Regular Season,N,1,Final,F,San Francisco Giants,137,5,Los Angeles Dodgers,119,3,Tim Lincecum,Josh Beckett,Sergio Romo,9,Dodger Stadium,night,3,3,False,,
346777,2013,2013-04-04,2013-04-04T16:35:00Z,R,Regular Season,N,1,Final,F,Los Angeles Angels,108,4,Cincinnati Reds,113,5,Bronson Arroyo,Joe Blanton,Aroldis Chapman,9,Great American Ball Park,day,3,3,False,,
346780,2013,2013-04-04,2013-04-04T16:35:00Z,R,Regular Season,N,1,Final,F,Chicago Cubs,112,3,Pittsburgh Pirates,134,2,Travis Wood,James McDonald,Carlos Marmol,9,PNC Park,day,3,3,False,,
346781,2013,2013-04-04,2013-04-04T17:10:00Z,R,Regular Season,N,1,Final,F,Detroit Tigers,116,2,Minnesota Twins,142,8,Mike Pelfrey,Rick Porcello,,9,Target Field,day,3,3,False,,
346785,2013,2013-04-04,2013-04-04T17:10:00Z,R,Regular Season,N,1,Final,F,San Diego Padres,135,2,New York Mets,121,1,Eric Stults,Dillon Gee,Huston Street,9,Citi Field,day,3,3,False,,
346782,2013,2013-04-04,2013-04-04T18:10:00Z,R,Regular Season,N,1,Final,F,Kansas City Royals,118,3,Chicago White Sox,145,1,Jeremy Guthrie,Gavin Floyd,Greg Holland,9,U.S. Cellular Field,day,3,3,False,,
346778,2013,2013-04-04,2013-04-04T19:10:00Z,R,Regular Season,N,1,Final,F,Baltimore Orioles,110,6,Tampa Bay Rays,139,3,Miguel González,Roberto Hernandez,Jim Johnson,9,Tropicana Field,day,3,3,False,,
346786,2013,2013-04-04,2013-04-04T19:35:00Z,R,Regular Season,N,1,Final,F,Seattle Mariners,136,2,Oakland Athletics,133,8,A.J. Griffin,Brandon Maurer,,9,O.co Coliseum,day,4,4,False,,
346783,2013,2013-04-04,2013-04-04T20:05:00Z,R,Regular Season,N,1,Final,F,Miami Marlins,146,1,Washington Nationals,120,6,Jordan Zimmermann,Wade LeBlanc,,9,Nationals Park,day,3,3,False,,
346779,2013,2013-04-04,2013-04-04T23:05:00Z,R,Regular Season,N,1,Final,F,Boston Red Sox,111,2,New York Yankees,147,4,Andy Pettitte,Ryan Dempster,Mariano Rivera,9,Yankee Stadium,night,3,3,False,,
346788,2013,2013-04-04,2013-04-04T23:07:00Z,R,Regular Season,N,1,Final,F,Cleveland Indians,114,8,Toronto Blue Jays,141,10,Steve Delabar,Brett Myers,Casey Janssen,9,Rogers Centre,night,3,3,False,,
346784,2013,2013-04-04,2013-04-04T23:10:00Z,R,Regular Season,N,1,Final,F,Philadelphia Phillies,143,2,Atlanta Braves,144,0,Cliff Lee,Kris Medlen,Jonathan Papelbon,9,Turner Field,night,3,3,False,,
346794,2013,2013-04-05,2013-04-05T17:08:00Z,R,Regular Season,N,1,Final,F,New York Yankees,147,3,Detroit Tigers,116,8,Doug Fister,Iván Nova,Drew Smyly,9,Comerica Park,day,1,3,False,,
346789,2013,2013-04-05,2013-04-05T18:05:00Z,R,Regular Season,N,1,Final,F,Los Angeles Angels,108,2,Texas Rangers,140,3,Tanner Scheppers,Scott Downs,Joe Nathan,9,Rangers Ballpark in Arlington,day,1,3,False,,
346793,2013,2013-04-05,2013-04-05T19:05:00Z,R,Regular Season,N,1,Final,F,Minnesota Twins,142,5,Baltimore Orioles,110,9,Luis Ayala,Casey Fien,,9,Oriole Park at Camden Yards,day,1,3,False,,
346800,2013,2013-04-05,2013-04-05T20:05:00Z,R,Regular Season,N,1,Final,F,Kansas City Royals,118,13,Philadelphia Phillies,143,4,Bruce Chen,Kyle Kendrick,,9,Citizens Bank Park,day,1,3,False,,
346796,2013,2013-04-05,2013-04-05T20:10:00Z,R,Regular Season,N,1,Final,F,San Diego Padres,135,2,Colorado Rockies,115,5,Jeff Francis,Jason Marquis,Rafael Betancourt,9,Coors Field,day,1,3,False,,
346798,2013,2013-04-05,2013-04-05T20:35:00Z,R,Regular Season,N,1,Final,F,St. Louis Cardinals,138,0,San Francisco Giants,137,1,Barry Zito,Jake Westbrook,Sergio Romo,9,AT&T Park,day,1,3,False,,
346801,2013,2013-04-05,2013-04-05T23:07:00Z,R,Regular Season,N,1,Final,F,Boston Red Sox,111,6,Toronto Blue Jays,141,4,Junichi Tazawa,Esmil Rogers,Joel Hanrahan,9,Rogers Centre,night,1,3,False,,
346791,2013,2013-04-05,2013-04-05T23:10:00Z,R,Regular Season,N,1,Final,F,Cleveland Indians,114,0,Tampa Bay Rays,139,4,Matt Moore,Zach McAllister,,9,Tropicana Field,night,1,3,False,,
346792,2013,2013-04-05,2013-04-05T23:10:00Z,R,Regular Season,N,1,Final,F,Miami Marlins,146,7,New York Mets,121,5,Alex Sanabia,Jeremy Hefner,,9,Citi Field,night,1,3,False,,
346799,2013,2013-04-05,2013-04-05T23:10:00Z,R,Regular Season,N,1,Final,F,Washington Nationals,120,0,Cincinnati Reds,113,15,Homer Bailey,Dan Haren,,9,Great American Ball Park,night,1,3,False,,
346790,2013,2013-04-05,2013-04-05T23:30:00Z,R,Regular Season,N,1,Final,F,Chicago Cubs,112,1,Atlanta Braves,144,4,Mike Minor,Scott Feldman,Craig Kimbrel,9,Turner Field,night,1,3,False,,
346795,2013,2013-04-05,2013-04-06T00:10:00Z,R,Regular Season,N,1,Final,F,Oakland Athletics,133,8,Houston Astros,117,3,Dan Straily,Brad Peacock,,9,Minute Maid Park,night,1,3,False,,
346797,2013,2013-04-05,2013-04-06T00:10:00Z,R,Regular Season,N,1,Final,F,Seattle Mariners,136,8,Chicago White Sox,145,7,Kameron Loe,Nate Jones,Tom Wilhelmsen,10,U.S. Cellular Field,night,1,3,False,,
346802,2013,2013-04-05,2013-04-06T00:10:00Z,R,Regular Season,N,1,Final,F,Arizona Diamondbacks,109,3,Milwaukee Brewers,158,1,Wade Miley,Burke Badenhop,J.J. Putz,9,Miller Park,night,1,3,False,,
346803,2013,2013-04-05,2013-04-06T02:10:00Z,R,Regular Season,N,1,Final,F,Pittsburgh Pirates,134,0,Los Angeles Dodgers,119,3,Zack Greinke,Jonathan Sánchez,Brandon League,9,Dodger Stadium,night,1,3,False,,
346817,2013,2013-04-06,2013-04-06T17:07:00Z,R,Regular Season,N,1,Final,F,Boston Red Sox,111,0,Toronto Blue Jays,141,5,J.A. Happ,John Lackey,,9,Rogers Centre,day,2,3,False,,
346808,2013,2013-04-06,2013-04-06T17:10:00Z,R,Regular Season,N,1,Final,F,Miami Marlins,146,3,New York Mets,121,7,Brandon Lyon,Ryan Webb,,9,Citi Field,day,2,3,False,,
346814,2013,2013-04-06,2013-04-06T17:10:00Z,R,Regular Season,N,1,Final,F,Seattle Mariners,136,3,Chicago White Sox,145,4,Donnie Veal,Félix Hernández,Addison Reed,9,U.S. Cellular Field,day,2,3,False,,
346816,2013,2013-04-06,2013-04-06T17:10:00Z,R,Regular Season,N,1,Final,F,Washington Nationals,120,7,Cincinnati Reds,113,6,Craig Stammen,J.J. Hoover,,11,Great American Ball Park,day,2,3,False,,
346804,2013,2013-04-06,2013-04-06T20:05:00Z,R,Regular Season,N,1,Final,F,Los Angeles Angels,108,8,Texas Rangers,140,4,Tommy Hanson,Matt Harrison,,9,Rangers Ballpark in Arlington,day,2,3,False,,
346810,2013,2013-04-06,2013-04-06T20:05:00Z,R,Regular Season,N,1,Final,F,New York Yankees,147,4,Detroit Tigers,116,8,Max Scherzer,Phil Hughes,,9,Comerica Park,day,2,3,False,,
346815,2013,2013-04-06,2013-04-06T20:05:00Z,R,Regular Season,N,1,Final,F,St. Louis Cardinals,138,6,San Francisco Giants,137,3,Shelby Miller,Ryan Vogelsong,Mitchell Boggs,9,AT&T Park,day,2,3,False,,
346809,2013,2013-04-06,2013-04-06T23:05:00Z,R,Regular Season,N,1,Final,F,Minnesota Twins,142,6,Baltimore Orioles,110,5,Josh Roenicke,Jim Johnson,Glen Perkins,9,Oriole Park at Camden Yards,night,2,3,False,,
346818,2013,2013-04-06,2013-04-06T23:05:00Z,R,Regular Season,N,1,Final,F,Kansas City Royals,118,3,Philadelphia Phillies,143,4,Antonio Bastardo,Greg Holland,,9,Citizens Bank Park,night,2,3,False,,
346805,2013,2013-04-06,2013-04-06T23:10:00Z,R,Regular Season,N,1,Final,F,Arizona Diamondbacks,109,9,Milwaukee Brewers,158,2,Patrick Corbin,Mike Fiers,,9,Miller Park,night,2,3,False,,
346806,2013,2013-04-06,2013-04-06T23:10:00Z,R,Regular Season,N,1,Final,F,Chicago Cubs,112,5,Atlanta Braves,144,6,Eric O'Flaherty,Carlos Marmol,,9,Turner Field,night,2,3,False,,
346807,2013,2013-04-06,2013-04-06T23:10:00Z,R,Regular Season,N,1,Final,F,Cleveland Indians,114,0,Tampa Bay Rays,139,6,Alex Cobb,Trevor Bauer,,9,Tropicana Field,night,2,3,False,,
346811,2013,2013-04-06,2013-04-06T23:10:00Z,R,Regular Season,N,1,Final,F,Oakland Athletics,133,6,Houston Astros,117,3,Bartolo Colon,Bud Norris,Grant Balfour,9,Minute Maid Park,night,2,3,False,,
346813,2013,2013-04-06,2013-04-07T00:10:00Z,R,Regular Season,N,1,Final,F,San Diego Padres,135,3,Colorado Rockies,115,6,Jon Garland,Tyson Ross,Rafael Betancourt,9,Coors Field,night,2,3,False,,
346812,2013,2013-04-06,2013-04-07T01:10:00Z,R,Regular Season,N,1,Final,F,Pittsburgh Pirates,134,0,Los Angeles Dodgers,119,1,Clayton Kershaw,A.J. Burnett,Brandon League,9,Dodger Stadium,night,2,3,False,,
346831,2013,2013-04-07,2013-04-07T17:07:00Z,R,Regular Season,N,1,Final,F,Boston Red Sox,111,13,Toronto Blue Jays,141,0,Jon Lester,R.A. Dickey,,9,Rogers Centre,day,3,3,False,,
346824,2013,2013-04-07,2013-04-07T17:08:00Z,R,Regular Season,N,1,Final,F,New York Yankees,147,7,Detroit Tigers,116,0,CC Sabathia,Justin Verlander,,9,Comerica Park,day,3,3,False,,
346822,2013,2013-04-07,2013-04-07T17:10:00Z,R,Regular Season,N,1,Final,F,Miami Marlins,146,3,New York Mets,121,4,Scott Rice,Steve Cishek,,9,Citi Field,day,3,3,False,,
346830,2013,2013-04-07,2013-04-07T17:10:00Z,R,Regular Season,N,1,Final,F,Washington Nationals,120,3,Cincinnati Reds,113,6,Johnny Cueto,Stephen Strasburg,Aroldis Chapman,9,Great American Ball Park,day,3,3,False,,
346820,2013,2013-04-07,2013-04-07T17:35:00Z,R,Regular Season,N,1,Final,F,Chicago Cubs,112,1,Atlanta Braves,144,5,Tim Hudson,Jeff Samardzija,,9,Turner Field,day,3,3,False,,
346823,2013,2013-04-07,2013-04-07T17:35:00Z,R,Regular Season,N,1,Final,F,Minnesota Twins,142,4,Baltimore Orioles,110,3,Anthony Swarzak,Jason Hammel,Glen Perkins,9,Oriole Park at Camden Yards,day,3,3,False,,
346832,2013,2013-04-07,2013-04-07T17:35:00Z,R,Regular Season,N,1,Final,F,Kansas City Royals,118,9,Philadelphia Phillies,143,8,James Shields,Cole Hamels,Kelvin Herrera,9,Citizens Bank Park,day,3,3,False,,
346821,2013,2013-04-07,2013-04-07T17:40:00Z,R,Regular Season,N,1,Final,F,Cleveland Indians,114,13,Tampa Bay Rays,139,0,Justin Masterson,David Price,,9,Tropicana Field,day,3,3,False,,
346825,2013,2013-04-07,2013-04-07T18:10:00Z,R,Regular Season,N,1,Final,F,Oakland Athletics,133,9,Houston Astros,117,3,Brett Anderson,Lucas Harrell,,9,Minute Maid Park,day,3,3,False,,
346828,2013,2013-04-07,2013-04-07T18:10:00Z,R,Regular Season,N,1,Final,F,Seattle Mariners,136,3,Chicago White Sox,145,4,Addison Reed,Kameron Loe,,10,U.S. Cellular Field,day,3,3,False,,
346833,2013,2013-04-07,2013-04-07T18:10:00Z,R,Regular Season,N,1,Final,F,Arizona Diamondbacks,109,8,Milwaukee Brewers,158,7,Tony Sipp,John Axford,Heath Bell,11,Miller Park,day,3,3,False,,
346826,2013,2013-04-07,2013-04-07T20:10:00Z,R,Regular Season,N,1,Final,F,Pittsburgh Pirates,134,2,Los Angeles Dodgers,119,6,Hyun Jin Ryu,Jeff Locke,,9,Dodger Stadium,day,3,3,False,,
346827,2013,2013-04-07,2013-04-07T20:10:00Z,R,Regular Season,N,1,Final,F,San Diego Padres,135,1,Colorado Rockies,115,9,Jhoulys Chacín,Edinson Volquez,,9,Coors Field,day,3,3,False,,
346829,2013,2013-04-07,2013-04-07T20:35:00Z,R,Regular Season,N,1,Final,F,St. Louis Cardinals,138,14,San Francisco Giants,137,3,Adam Wainwright,Matt Cain,,9,AT&T Park,day,3,3,False,,
346819,2013,2013-04-07,2013-04-08T00:05:00Z,R,Regular Season,N,1,Final,F,Los Angeles Angels,108,3,Texas Rangers,140,7,Yu Darvish,Jered Weaver,,9,Rangers Ballpark in Arlington,night,3,3,False,,
346834,2013,2013-04-08,2013-04-08T18:05:00Z,R,Regular Season,N,1,Final,F,Baltimore Orioles,110,1,Boston Red Sox,111,3,Clay Buchholz,Wei-Yin Chen,Joel Hanrahan,9,Fenway Park,day,1,3,False,,
346836,2013,2013-04-08,2013-04-08T18:20:00Z,R,Regular Season,N,1,Final,F,Milwaukee Brewers,158,7,Chicago Cubs,112,4,Marco Estrada,Edwin Jackson,Jim Henderson,9,Wrigley Field,day,1,2,False,,
346838,2013,2013-04-08,2013-04-08T20:05:00Z,R,Regular Season,N,1,Final,F,New York Yankees,147,11,Cleveland Indians,114,6,Hiroki Kuroda,Ubaldo Jiménez,,9,Progressive Field,day,1,2,False,,
346837,2013,2013-04-08,2013-04-08T20:10:00Z,R,Regular Season,N,1,Final,F,Minnesota Twins,142,1,Kansas City Royals,118,3,Ervin Santana,Kevin Correia,Aaron Crow,9,Kauffman Stadium,day,1,3,False,,
346841,2013,2013-04-08,2013-04-08T20:15:00Z,R,Regular Season,N,1,Final,F,Cincinnati Reds,113,13,St. Louis Cardinals,138,4,Sam LeCure,Mitchell Boggs,,9,Busch Stadium,day,1,3,False,,
346842,2013,2013-04-08,2013-04-08T23:05:00Z,R,Regular Season,N,1,Final,F,New York Mets,121,7,Philadelphia Phillies,143,2,Matt Harvey,Roy Halladay,,9,Citizens Bank Park,night,1,3,False,,
346843,2013,2013-04-08,2013-04-08T23:10:00Z,R,Regular Season,N,1,Final,F,Atlanta Braves,144,2,Miami Marlins,146,0,Paul Maholm,Kevin Slowey,Craig Kimbrel,9,Marlins Park,night,1,3,False,,
346840,2013,2013-04-08,2013-04-09T00:05:00Z,R,Regular Season,N,1,Final,F,Tampa Bay Rays,139,4,Texas Rangers,140,5,Alexi Ogando,Jeremy Hellickson,Joe Nathan,9,Rangers Ballpark in Arlington,night,1,3,False,,
346839,2013,2013-04-08,2013-04-09T01:40:00Z,R,Regular Season,N,1,Final,F,Pittsburgh Pirates,134,5,Arizona Diamondbacks,109,3,Jeanmar Gómez,Trevor Cahill,Jason Grilli,9,Chase Field,night,1,3,False,,
346844,2013,2013-04-08,2013-04-09T02:10:00Z,R,Regular Season,N,1,Final,F,Houston Astros,117,0,Seattle Mariners,136,3,Joe Saunders,Philip Humber,Tom Wilhelmsen,9,Safeco Field,night,1,3,False,,
346835,2013,2013-04-08,2013-04-09T02:15:00Z,R,Regular Season,N,1,Final,F,Colorado Rockies,115,2,San Francisco Giants,137,4,Madison Bumgarner,Jorge De La Rosa,Sergio Romo,9,AT&T Park,night,1,3,False,,
346854,2013,2013-04-09,2013-04-09T17:08:00Z,R,Regular Season,N,1,Final,F,Toronto Blue Jays,141,3,Detroit Tigers,116,7,Aníbal Sánchez,Brandon Morrow,,9,Comerica Park,day,1,3,False,,
346847,2013,2013-04-09,2013-04-09T22:40:00Z,R,Regular Season,N,1,Final,F,Los Angeles Dodgers,119,3,San Diego Padres,135,9,Luke Gregerson,Ronald Belisario,,9,Petco Park,day,1,3,False,,
346845,2013,2013-04-09,2013-04-09T23:05:00Z,R,Regular Season,N,1,Final,F,Chicago White Sox,145,7,Washington Nationals,120,8,Craig Stammen,Jake Peavy,Rafael Soriano,9,Nationals Park,night,1,3,False,,
346850,2013,2013-04-09,2013-04-09T23:05:00Z,R,Regular Season,N,1,Final,F,New York Yankees,147,14,Cleveland Indians,114,1,Andy Pettitte,Carlos Carrasco,,9,Progressive Field,night,2,2,False,,
346855,2013,2013-04-09,2013-04-09T23:05:00Z,R,Regular Season,N,1,Final,F,New York Mets,121,3,Philadelphia Phillies,143,8,Cliff Lee,Dillon Gee,,9,Citizens Bank Park,night,2,3,False,,
346856,2013,2013-04-09,2013-04-09T23:10:00Z,R,Regular Season,N,1,Final,F,Atlanta Braves,144,3,Miami Marlins,146,2,Kris Medlen,Wade LeBlanc,Craig Kimbrel,9,Marlins Park,night,2,3,False,,
346848,2013,2013-04-09,2013-04-10T00:05:00Z,R,Regular Season,N,1,Final,F,Milwaukee Brewers,158,3,Chicago Cubs,112,6,Carlos Marmol,John Axford,Kyuji Fujikawa,9,Wrigley Field,night,2,2,False,,
346853,2013,2013-04-09,2013-04-10T00:05:00Z,R,Regular Season,N,1,Final,F,Tampa Bay Rays,139,1,Texas Rangers,140,6,Nick Tepesch,Roberto Hernandez,,9,Rangers Ballpark in Arlington,night,2,3,False,,
346849,2013,2013-04-09,2013-04-10T00:10:00Z,R,Regular Season,N,1,Final,F,Minnesota Twins,142,4,Kansas City Royals,118,7,Jeremy Guthrie,Mike Pelfrey,Greg Holland,9,Kauffman Stadium,night,2,3,False,,
346857,2013,2013-04-09,2013-04-10T00:15:00Z,R,Regular Season,N,1,Final,F,Cincinnati Reds,113,1,St. Louis Cardinals,138,5,Lance Lynn,Bronson Arroyo,,9,Busch Stadium,night,2,3,False,,
346852,2013,2013-04-09,2013-04-10T01:40:00Z,R,Regular Season,N,1,Final,F,Pittsburgh Pirates,134,6,Arizona Diamondbacks,109,5,James McDonald,Brandon McCarthy,Jason Grilli,9,Chase Field,night,2,3,False,,
346851,2013,2013-04-09,2013-04-10T02:05:00Z,R,Regular Season,N,1,Final,F,Oakland Athletics,133,9,Los Angeles Angels,108,5,Ryan Cook,Kevin Jepsen,,9,Angel Stadium of Anaheim,night,1,3,False,,
346858,2013,2013-04-09,2013-04-10T02:10:00Z,R,Regular Season,N,1,Final,F,Houston Astros,117,16,Seattle Mariners,136,9,Paul Clemens,Brandon Maurer,,9,Safeco Field,night,2,3,False,,
346846,2013,2013-04-09,2013-04-10T02:15:00Z,R,Regular Season,N,1,Final,F,Colorado Rockies,115,6,San Francisco Giants,137,9,Santiago Casilla,Matt Belisle,Sergio Romo,9,AT&T Park,night,2,3,False,,
346869,2013,2013-04-10,2013-04-10T17:08:00Z,R,Regular Season,N,1,Final,F,Toronto Blue Jays,141,8,Detroit Tigers,116,6,Aaron Loup,Brayan Villarreal,Casey Janssen,9,Comerica Park,day,2,3,False,,
346870,2013,2013-04-10,2013-04-10T17:45:00Z,R,Regular Season,N,1,Final,F,Cincinnati Reds,113,0,St. Louis Cardinals,138,10,Jake Westbrook,Homer Bailey,,9,Busch Stadium,day,3,3,False,,
346868,2013,2013-04-10,2013-04-10T18:05:00Z,R,Regular Season,N,1,Final,F,Tampa Bay Rays,139,2,Texas Rangers,140,0,Matt Moore,Derek Holland,Fernando Rodney,9,Rangers Ballpark in Arlington,day,3,3,False,,
346867,2013,2013-04-10,2013-04-10T19:40:00Z,R,Regular Season,N,1,Final,F,Pittsburgh Pirates,134,2,Arizona Diamondbacks,109,10,Wade Miley,Jonathan Sánchez,,9,Chase Field,day,3,3,False,,
346861,2013,2013-04-10,2013-04-10T19:45:00Z,R,Regular Season,N,1,Final,F,Colorado Rockies,115,0,San Francisco Giants,137,10,Barry Zito,Jeff Francis,,9,AT&T Park,day,3,3,False,,
346860,2013,2013-04-10,2013-04-10T23:05:00Z,R,Regular Season,N,1,Final,F,Chicago White Sox,145,2,Washington Nationals,120,5,Jordan Zimmermann,Gavin Floyd,Rafael Soriano,9,Nationals Park,night,2,3,False,,
346871,2013,2013-04-10,2013-04-10T23:05:00Z,R,Regular Season,N,1,Final,F,New York Mets,121,3,Philadelphia Phillies,143,7,Kyle Kendrick,Jeremy Hefner,,9,Citizens Bank Park,night,3,3,False,,
346859,2013,2013-04-10,2013-04-10T23:10:00Z,R,Regular Season,N,1,Final,F,Baltimore Orioles,110,8,Boston Red Sox,111,5,Darren O'Day,Joel Hanrahan,Jim Johnson,9,Fenway Park,night,2,3,False,,
346872,2013,2013-04-10,2013-04-10T23:10:00Z,R,Regular Season,N,1,Final,F,Atlanta Braves,144,8,Miami Marlins,146,0,Mike Minor,Alex Sanabia,,9,Marlins Park,night,3,3,False,,
346864,2013,2013-04-10,2013-04-11T00:10:00Z,R,Regular Season,N,1,Final,F,Minnesota Twins,142,0,Kansas City Royals,118,3,Wade Davis,Liam Hendriks,Kelvin Herrera,9,Kauffman Stadium,night,3,3,False,,
346866,2013,2013-04-10,2013-04-11T02:05:00Z,R,Regular Season,N,1,Final,F,Oakland Athletics,133,11,Los Angeles Angels,108,5,Tommy Milone,Joe Blanton,,9,Angel Stadium of Anaheim,night,2,3,False,,
346862,2013,2013-04-10,2013-04-11T02:10:00Z,R,Regular Season,N,1,Final,F,Los Angeles Dodgers,119,4,San Diego Padres,135,3,Chad Billingsley,Eric Stults,Brandon League,9,Petco Park,night,2,3,False,,
346873,2013,2013-04-10,2013-04-11T02:10:00Z,R,Regular Season,N,1,Final,F,Houston Astros,117,8,Seattle Mariners,136,3,Brad Peacock,Blake Beavan,,9,Safeco Field,night,3,3,False,,
346880,2013,2013-04-11,2013-04-11T17:08:00Z,R,Regular Season,N,1,Final,F,Toronto Blue Jays,141,1,Detroit Tigers,116,11,Doug Fister,Josh Johnson,,9,Comerica Park,day,3,3,False,,
346879,2013,2013-04-11,2013-04-11T18:20:00Z,R,Regular Season,N,1,Final,F,San Francisco Giants,137,7,Chicago Cubs,112,6,Ryan Vogelsong,Scott Feldman,Sergio Romo,9,Wrigley Field,day,1,4,False,,
346875,2013,2013-04-11,2013-04-11T23:05:00Z,R,Regular Season,N,1,Final,F,Chicago White Sox,145,4,Washington Nationals,120,7,Dan Haren,Dylan Axelrod,Rafael Soriano,9,Nationals Park,night,3,3,False,,
346874,2013,2013-04-11,2013-04-11T23:10:00Z,R,Regular Season,N,1,Final,F,Baltimore Orioles,110,3,Boston Red Sox,111,2,Brian Matusz,Clayton Mortensen,Jim Johnson,9,Fenway Park,night,3,3,False,,
346878,2013,2013-04-11,2013-04-12T02:05:00Z,R,Regular Season,N,1,Final,F,Oakland Athletics,133,8,Los Angeles Angels,108,1,A.J. Griffin,Jason Vargas,,9,Angel Stadium of Anaheim,night,3,3,False,,
346876,2013,2013-04-11,2013-04-12T02:10:00Z,R,Regular Season,N,1,Final,F,Los Angeles Dodgers,119,3,San Diego Padres,135,2,Matt Guerrier,Luke Gregerson,Kenley Jansen,9,Petco Park,night,3,3,False,,
346881,2013,2013-04-11,2013-04-12T02:10:00Z,R,Regular Season,N,1,Final,F,Texas Rangers,140,4,Seattle Mariners,136,3,Joe Ortiz,Félix Hernández,Joe Nathan,9,Safeco Field,night,1,4,False,,
346891,2013,2013-04-12,2013-04-12T18:20:00Z,R,Regular Season,N,1,Final,F,San Francisco Giants,137,3,Chicago Cubs,112,4,Kyuji Fujikawa,Sergio Romo,,9,Wrigley Field,day,2,4,False,,
346882,2013,2013-04-12,2013-04-12T23:05:00Z,R,Regular Season,N,1,Final,F,Atlanta Braves,144,6,Washington Nationals,120,4,Eric O'Flaherty,Craig Stammen,Craig Kimbrel,10,Nationals Park,night,1,3,False,,
346883,2013,2013-04-12,2013-04-12T23:05:00Z,R,Regular Season,N,1,Final,F,Baltimore Orioles,110,2,New York Yankees,147,5,CC Sabathia,Miguel González,Mariano Rivera,9,Yankee Stadium,night,1,3,False,,
346884,2013,2013-04-12,2013-04-12T23:05:00Z,R,Regular Season,N,1,Final,F,Chicago White Sox,145,0,Cleveland Indians,114,1,Justin Masterson,Jesse Crain,,9,Progressive Field,night,1,3,False,,
346885,2013,2013-04-12,2013-04-12T23:05:00Z,R,Regular Season,N,1,Final,F,Cincinnati Reds,113,5,Pittsburgh Pirates,134,6,Tony Watson,J.J. Hoover,Jason Grilli,9,PNC Park,night,1,3,False,,
346894,2013,2013-04-12,2013-04-12T23:10:00Z,R,Regular Season,N,1,Final,F,Philadelphia Phillies,143,3,Miami Marlins,146,1,Phillippe Aumont,Jon Rauch,Jonathan Papelbon,10,Marlins Park,night,1,3,False,,
346890,2013,2013-04-12,2013-04-13T00:10:00Z,R,Regular Season,N,1,Final,F,New York Mets,121,16,Minnesota Twins,142,5,Jonathon Niese,Vance Worley,,9,Target Field,night,1,2,False,,
346893,2013,2013-04-12,2013-04-13T00:10:00Z,R,Regular Season,N,1,Final,F,Toronto Blue Jays,141,8,Kansas City Royals,118,4,J.A. Happ,Luis Mendoza,Aaron Loup,9,Kauffman Stadium,night,1,3,False,,
346895,2013,2013-04-12,2013-04-13T00:15:00Z,R,Regular Season,N,1,Final,F,Milwaukee Brewers,158,0,St. Louis Cardinals,138,2,Shelby Miller,Kyle Lohse,Mitchell Boggs,9,Busch Stadium,night,1,3,False,,
346889,2013,2013-04-12,2013-04-13T01:40:00Z,R,Regular Season,N,1,Final,F,Los Angeles Dodgers,119,0,Arizona Diamondbacks,109,3,Patrick Corbin,Clayton Kershaw,J.J. Putz,9,Chase Field,night,1,3,False,,
346887,2013,2013-04-12,2013-04-13T02:05:00Z,R,Regular Season,N,1,Final,F,Detroit Tigers,116,3,Oakland Athletics,133,4,Chris Resop,Brayan Villarreal,,12,O.co Coliseum,night,1,3,False,,
346888,2013,2013-04-12,2013-04-13T02:05:00Z,R,Regular Season,N,1,Final,F,Houston Astros,117,5,Los Angeles Angels,108,0,Bud Norris,Tommy Hanson,,9,Angel Stadium of Anaheim,night,1,3,False,,
346886,2013,2013-04-12,2013-04-13T02:10:00Z,R,Regular Season,N,1,Final,F,Colorado Rockies,115,7,San Diego Padres,135,5,Rex Brothers,Huston Street,Rafael Betancourt,9,Petco Park,night,1,3,False,,
346896,2013,2013-04-12,2013-04-13T02:10:00Z,R,Regular Season,N,1,Final,F,Texas Rangers,140,1,Seattle Mariners,136,3,Hisashi Iwakuma,Yu Darvish,Tom Wilhelmsen,9,Safeco Field,night,2,4,False,,
346897,2013,2013-04-13,2013-04-13T17:05:00Z,R,Regular Season,N,1,Final,F,Atlanta Braves,144,3,Washington Nationals,120,1,Tim Hudson,Stephen Strasburg,Craig Kimbrel,9,Nationals Park,day,2,3,False,,
346906,2013,2013-04-13,2013-04-13T17:05:00Z,R,Regular Season,N,1,Final,F,San Francisco Giants,137,3,Chicago Cubs,112,2,Madison Bumgarner,Jeff Samardzija,Santiago Casilla,9,Wrigley Field,day,3,4,False,,
346907,2013,2013-04-13,2013-04-13T17:05:00Z,R,Regular Season,N,1,Final,F,Tampa Bay Rays,139,1,Boston Red Sox,111,2,Junichi Tazawa,Brandon Gomes,,10,Fenway Park,day,1,3,False,,
346898,2013,2013-04-13,2013-04-13T20:05:00Z,R,Regular Season,N,1,Final,F,Baltimore Orioles,110,5,New York Yankees,147,3,Jason Hammel,Phil Hughes,Jim Johnson,9,Yankee Stadium,day,2,3,False,,
346899,2013,2013-04-13,2013-04-13T20:05:00Z,R,Regular Season,N,1,Final,F,Chicago White Sox,145,4,Cleveland Indians,114,9,Zach McAllister,Chris Sale,,9,Progressive Field,day,2,3,False,,
346902,2013,2013-04-13,2013-04-13T20:05:00Z,R,Regular Season,N,1,Final,F,Detroit Tigers,116,7,Oakland Athletics,133,3,Justin Verlander,Brett Anderson,,9,O.co Coliseum,day,2,3,False,,
346905,2013,2013-04-13,2013-04-13T20:10:00Z,R,Regular Season,N,1,Final,F,New York Mets,121,4,Minnesota Twins,142,2,Matt Harvey,Scott Diamond,Bobby Parnell,9,Target Field,day,2,2,False,,
346910,2013,2013-04-13,2013-04-13T20:15:00Z,R,Regular Season,N,1,Final,F,Milwaukee Brewers,158,0,St. Louis Cardinals,138,8,Adam Wainwright,Yovani Gallardo,,9,Busch Stadium,day,2,3,False,,
346900,2013,2013-04-13,2013-04-13T23:05:00Z,R,Regular Season,N,1,Final,F,Cincinnati Reds,113,1,Pittsburgh Pirates,134,3,Jeff Locke,Alfredo Simon,Jason Grilli,9,PNC Park,night,2,3,False,,
346909,2013,2013-04-13,2013-04-13T23:10:00Z,R,Regular Season,N,1,Final,F,Toronto Blue Jays,141,3,Kansas City Royals,118,2,R.A. Dickey,James Shields,Casey Janssen,9,Kauffman Stadium,night,2,3,False,,
346911,2013,2013-04-13,2013-04-13T23:10:00Z,R,Regular Season,N,1,Final,F,Philadelphia Phillies,143,1,Miami Marlins,146,2,Steve Cishek,Phillippe Aumont,,9,Marlins Park,night,2,3,False,,
346904,2013,2013-04-13,2013-04-14T00:10:00Z,R,Regular Season,N,1,Final,F,Los Angeles Dodgers,119,7,Arizona Diamondbacks,109,5,Hyun Jin Ryu,Ian Kennedy,Brandon League,9,Chase Field,night,2,3,False,,
346901,2013,2013-04-13,2013-04-14T00:40:00Z,R,Regular Season,N,1,Final,F,Colorado Rockies,115,9,San Diego Padres,135,5,Jhoulys Chacín,Edinson Volquez,,9,Petco Park,night,2,3,False,,
346903,2013,2013-04-13,2013-04-14T01:05:00Z,R,Regular Season,N,1,Final,F,Houston Astros,117,4,Los Angeles Angels,108,5,Michael Roth,Jose Veras,,9,Angel Stadium of Anaheim,night,2,3,False,,
346908,2013,2013-04-13,2013-04-14T01:10:00Z,R,Regular Season,N,1,Final,F,Texas Rangers,140,3,Seattle Mariners,136,1,Joe Ortiz,Carter Capps,Joe Nathan,9,Safeco Field,night,3,4,False,,
346914,2013,2013-04-14,2013-04-14T17:05:00Z,R,Regular Season,N,1,Final,F,Chicago White Sox,145,3,Cleveland Indians,114,1,Jake Peavy,Brett Myers,Addison Reed,9,Progressive Field,day,3,3,False,,
346924,2013,2013-04-14,2013-04-14T17:10:00Z,R,Regular Season,N,1,Final,F,Philadelphia Phillies,143,2,Miami Marlins,146,1,Roy Halladay,Jon Rauch,Jonathan Papelbon,9,Marlins Park,day,3,3,False,,
346912,2013,2013-04-14,2013-04-14T17:35:00Z,R,Regular Season,N,1,Final,F,Atlanta Braves,144,9,Washington Nationals,120,0,Paul Maholm,Gio Gonzalez,,9,Nationals Park,day,3,3,False,,
346915,2013,2013-04-14,2013-04-14T17:35:00Z,R,Regular Season,N,1,Final,F,Cincinnati Reds,113,7,Pittsburgh Pirates,134,10,Jared Hughes,Jonathan Broxton,,9,PNC Park,day,3,3,False,,
346922,2013,2013-04-14,2013-04-14T17:35:00Z,R,Regular Season,N,1,Final,F,Tampa Bay Rays,139,0,Boston Red Sox,111,5,Clay Buchholz,Alex Cobb,,9,Fenway Park,day,2,3,False,,
346923,2013,2013-04-14,2013-04-14T18:10:00Z,R,Regular Season,N,1,Final,F,Toronto Blue Jays,141,2,Kansas City Royals,118,3,Kelvin Herrera,Darren Oliver,,9,Kauffman Stadium,day,3,3,False,,
346925,2013,2013-04-14,2013-04-14T18:15:00Z,R,Regular Season,N,1,Final,F,Milwaukee Brewers,158,4,St. Louis Cardinals,138,3,Brandon Kintzler,Fernando Salas,Burke Badenhop,10,Busch Stadium,day,3,3,False,,
346921,2013,2013-04-14,2013-04-14T18:20:00Z,R,Regular Season,N,1,Final,F,San Francisco Giants,137,10,Chicago Cubs,112,7,George Kontos,Shawn Camp,Sergio Romo,10,Wrigley Field,day,4,4,False,,
346918,2013,2013-04-14,2013-04-14T19:35:00Z,R,Regular Season,N,1,Final,F,Houston Astros,117,1,Los Angeles Angels,108,4,C.J. Wilson,Philip Humber,Ernesto Frieri,9,Angel Stadium of Anaheim,day,3,3,False,,
346917,2013,2013-04-14,2013-04-14T20:05:00Z,R,Regular Season,N,1,Final,F,Detroit Tigers,116,10,Oakland Athletics,133,1,Aníbal Sánchez,Jarrod Parker,,9,O.co Coliseum,day,3,3,False,,
346916,2013,2013-04-14,2013-04-14T20:10:00Z,R,Regular Season,N,1,Final,F,Colorado Rockies,115,2,San Diego Padres,135,1,Jorge De La Rosa,Dale Thayer,Rafael Betancourt,9,Petco Park,day,3,3,False,,
346919,2013,2013-04-14,2013-04-14T20:10:00Z,R,Regular Season,N,1,Final,F,Los Angeles Dodgers,119,0,Arizona Diamondbacks,109,1,J.J. Putz,Josh Beckett,,9,Chase Field,day,3,3,False,,
346926,2013,2013-04-14,2013-04-14T20:10:00Z,R,Regular Season,N,1,Final,F,Texas Rangers,140,3,Seattle Mariners,136,4,Brandon Maurer,Nick Tepesch,Tom Wilhelmsen,9,Safeco Field,day,4,4,False,,
346913,2013,2013-04-14,2013-04-15T00:05:00Z,R,Regular Season,N,1,Final,F,Baltimore Orioles,110,0,New York Yankees,147,3,Hiroki Kuroda,Wei-Yin Chen,,9,Yankee Stadium,night,3,3,False,,
346932,2013,2013-04-15,2013-04-15T15:05:00Z,R,Regular Season,N,1,Final,F,Tampa Bay Rays,139,2,Boston Red Sox,111,3,Andrew Bailey,Joel Peralta,,9,Fenway Park,day,3,3,False,,
346931,2013,2013-04-15,2013-04-15T23:05:00Z,R,Regular Season,N,1,Final,F,St. Louis Cardinals,138,10,Pittsburgh Pirates,134,6,Lance Lynn,James McDonald,,9,PNC Park,night,1,2,False,,
346933,2013,2013-04-15,2013-04-15T23:07:00Z,R,Regular Season,N,1,Final,F,Chicago White Sox,145,3,Toronto Blue Jays,141,4,Mark Buehrle,Gavin Floyd,Casey Janssen,9,Rogers Centre,night,1,4,False,,
346930,2013,2013-04-15,2013-04-15T23:10:00Z,R,Regular Season,N,1,Final,F,Philadelphia Phillies,143,2,Cincinnati Reds,113,4,Bronson Arroyo,Jeremy Horst,Aroldis Chapman,9,Great American Ball Park,night,1,3,False,,
346934,2013,2013-04-15,2013-04-15T23:10:00Z,R,Regular Season,N,1,Final,F,Washington Nationals,120,10,Miami Marlins,146,3,Jordan Zimmermann,Wade LeBlanc,,9,Marlins Park,night,1,3,False,,
346927,2013,2013-04-15,2013-04-16T00:10:00Z,R,Regular Season,N,1,Final,F,Los Angeles Angels,108,2,Minnesota Twins,142,8,Kevin Correia,Joe Blanton,,9,Target Field,night,1,2,False,,
346928,2013,2013-04-15,2013-04-16T02:05:00Z,R,Regular Season,N,1,Final,F,Houston Astros,117,2,Oakland Athletics,133,11,Tommy Milone,Erik Bedard,,9,O.co Coliseum,night,1,3,False,,
346935,2013,2013-04-15,2013-04-16T02:10:00Z,R,Regular Season,N,1,Final,F,San Diego Padres,135,6,Los Angeles Dodgers,119,3,Eric Stults,Ronald Belisario,Huston Street,9,Dodger Stadium,night,1,3,False,,
346929,2013,2013-04-16,2013-04-16T19:10:00Z,R,Regular Season,S,1,Final,F,New York Mets,121,4,Colorado Rockies,115,8,Juan Nicasio,Dillon Gee,,9,Coors Field,day,1,3,False,,
346937,2013,2013-04-16,2013-04-16T23:05:00Z,R,Regular Season,N,1,Final,F,Arizona Diamondbacks,109,2,New York Yankees,147,4,Iván Nova,Brandon McCarthy,Mariano Rivera,9,Yankee Stadium,night,1,3,False,,
346938,2013,2013-04-16,2013-04-16T23:05:00Z,R,Regular Season,N,1,Final,F,Boston Red Sox,111,7,Cleveland Indians,114,2,Félix Doubront,Ubaldo Jiménez,,9,Progressive Field,night,1,3,False,,
346944,2013,2013-04-16,2013-04-16T23:05:00Z,R,Regular Season,N,1,Final,F,Tampa Bay Rays,139,4,Baltimore Orioles,110,5,Jake Arrieta,Roberto Hernandez,Jim Johnson,9,Oriole Park at Camden Yards,night,1,3,False,,
346946,2013,2013-04-16,2013-04-16T23:07:00Z,R,Regular Season,N,1,Final,F,Chicago White Sox,145,4,Toronto Blue Jays,141,3,Matt Lindstrom,Steve Delabar,Addison Reed,9,Rogers Centre,night,2,4,False,,
346940,2013,2013-04-16,2013-04-16T23:10:00Z,R,Regular Season,N,1,Final,F,Kansas City Royals,118,3,Atlanta Braves,144,6,Eric O'Flaherty,Kelvin Herrera,,9,Turner Field,night,1,2,False,,
346947,2013,2013-04-16,2013-04-16T23:10:00Z,R,Regular Season,N,1,Final,F,Washington Nationals,120,2,Miami Marlins,146,8,Alex Sanabia,Dan Haren,,9,Marlins Park,night,2,3,False,,
346945,2013,2013-04-16,2013-04-17T00:05:00Z,R,Regular Season,N,1,Final,F,Texas Rangers,140,4,Chicago Cubs,112,2,Derek Holland,Travis Wood,Joe Nathan,9,Wrigley Field,night,1,2,False,,
346936,2013,2013-04-16,2013-04-17T00:10:00Z,R,Regular Season,N,1,Final,F,Los Angeles Angels,108,6,Minnesota Twins,142,8,Mike Pelfrey,Jason Vargas,Glen Perkins,9,Target Field,night,2,2,False,,
346948,2013,2013-04-16,2013-04-17T00:10:00Z,R,Regular Season,N,1,Final,F,San Francisco Giants,137,8,Milwaukee Brewers,158,10,Brandon Kintzler,Barry Zito,Jim Henderson,9,Miller Park,night,1,3,False,,
346941,2013,2013-04-16,2013-04-17T00:40:00Z,R,Regular Season,S,2,Final,F,New York Mets,121,8,Colorado Rockies,115,9,Rafael Betancourt,Greg Burke,,10,Coors Field,night,2,3,False,,
346939,2013,2013-04-16,2013-04-17T02:05:00Z,R,Regular Season,N,1,Final,F,Houston Astros,117,3,Oakland Athletics,133,4,Sean Doolittle,Rhiner Cruz,Grant Balfour,9,O.co Coliseum,night,2,3,False,,
346949,2013,2013-04-16,2013-04-17T02:10:00Z,R,Regular Season,N,1,Final,F,Detroit Tigers,116,6,Seattle Mariners,136,2,Doug Fister,Aaron Harang,,9,Safeco Field,night,1,3,False,,
346950,2013,2013-04-16,2013-04-17T02:10:00Z,R,Regular Season,N,1,Final,F,San Diego Padres,135,9,Los Angeles Dodgers,119,2,Jason Marquis,Chris Capuano,,9,Dodger Stadium,night,2,3,False,,
346955,2013,2013-04-17,2013-04-17T16:10:00Z,R,Regular Season,N,1,Final,F,Kansas City Royals,118,1,Atlanta Braves,144,0,Wade Davis,Mike Minor,Greg Holland,9,Turner Field,day,2,2,False,,
346954,2013,2013-04-17,2013-04-17T19:35:00Z,R,Regular Season,N,1,Final,F,Houston Astros,117,5,Oakland Athletics,133,7,Bartolo Colon,Bud Norris,Grant Balfour,9,O.co Coliseum,day,3,3,False,,
346942,2013,2013-04-16,2013-04-17T21:30:00Z,R,Regular Season,N,1,Final,F,Philadelphia Phillies,143,0,Cincinnati Reds,113,1,Aroldis Chapman,Phillippe Aumont,,9,Great American Ball Park,night,2,3,False,,
346952,2013,2013-04-17,2013-04-17T23:05:00Z,R,Regular Season,N,1,Final,F,Arizona Diamondbacks,109,3,New York Yankees,147,4,CC Sabathia,David Hernandez,Mariano Rivera,9,Yankee Stadium,night,2,3,False,,
346953,2013,2013-04-17,2013-04-17T23:05:00Z,R,Regular Season,N,1,Final,F,Boston Red Sox,111,6,Cleveland Indians,114,3,Alfredo Aceves,Justin Masterson,Andrew Bailey,9,Progressive Field,night,2,3,False,,
346958,2013,2013-04-17,2013-04-17T23:05:00Z,R,Regular Season,N,1,Final,F,St. Louis Cardinals,138,0,Pittsburgh Pirates,134,5,A.J. Burnett,Shelby Miller,,9,PNC Park,night,2,2,False,,
346959,2013,2013-04-17,2013-04-17T23:05:00Z,R,Regular Season,N,1,Final,F,Tampa Bay Rays,139,6,Baltimore Orioles,110,2,Matt Moore,Chris Tillman,,9,Oriole Park at Camden Yards,night,2,3,False,,
346961,2013,2013-04-17,2013-04-17T23:07:00Z,R,Regular Season,N,1,Final,F,Chicago White Sox,145,7,Toronto Blue Jays,141,0,Jose Quintana,J.A. Happ,,9,Rogers Centre,night,3,4,False,,
346957,2013,2013-04-17,2013-04-17T23:10:00Z,R,Regular Season,N,1,Final,F,Philadelphia Phillies,143,2,Cincinnati Reds,113,11,Mike Leake,John Lannan,,9,Great American Ball Park,night,3,3,False,,
346962,2013,2013-04-17,2013-04-17T23:10:00Z,R,Regular Season,N,1,Final,F,Washington Nationals,120,6,Miami Marlins,146,1,Ross Detwiler,Ricky Nolasco,,9,Marlins Park,night,3,3,False,,
346963,2013,2013-04-17,2013-04-18T00:10:00Z,R,Regular Season,N,1,Final,F,San Francisco Giants,137,3,Milwaukee Brewers,158,4,Jim Henderson,Santiago Casilla,,9,Miller Park,night,2,3,False,,
346964,2013,2013-04-17,2013-04-18T02:10:00Z,R,Regular Season,N,1,Final,F,Detroit Tigers,116,2,Seattle Mariners,136,1,Drew Smyly,Charlie Furbush,Joaquín Benoit,14,Safeco Field,night,2,3,False,,
346965,2013,2013-04-17,2013-04-18T02:10:00Z,R,Regular Season,N,1,Final,F,San Diego Padres,135,7,Los Angeles Dodgers,119,2,Brad Brach,Clayton Kershaw,,9,Dodger Stadium,night,3,3,False,,
346973,2013,2013-04-18,2013-04-18T17:10:00Z,R,Regular Season,N,1,Final,F,San Francisco Giants,137,2,Milwaukee Brewers,158,7,Yovani Gallardo,Matt Cain,,9,Miller Park,day,3,3,False,,
346972,2013,2013-04-18,2013-04-18T18:20:00Z,R,Regular Season,N,1,Final,F,Texas Rangers,140,2,Chicago Cubs,112,6,Carlos Villanueva,Alexi Ogando,,9,Wrigley Field,day,2,2,False,,
346970,2013,2013-04-18,2013-04-18T19:10:00Z,R,Regular Season,N,1,Final,F,New York Mets,121,3,Colorado Rockies,115,11,Jon Garland,Jonathon Niese,,9,Coors Field,day,3,3,False,,
346974,2013,2013-04-18,2013-04-18T19:40:00Z,R,Regular Season,N,1,Final,F,Detroit Tigers,116,0,Seattle Mariners,136,2,Carter Capps,Justin Verlander,Tom Wilhelmsen,9,Safeco Field,day,3,3,False,,
346966,2013,2013-04-18,2013-04-18T23:05:00Z,R,Regular Season,N,1,Final,F,Arizona Diamondbacks,109,6,New York Yankees,147,2,Heath Bell,David Phelps,,12,Yankee Stadium,night,3,3,False,,
346967,2013,2013-04-18,2013-04-18T23:05:00Z,R,Regular Season,N,1,Final,F,Atlanta Braves,144,6,Pittsburgh Pirates,134,4,Anthony Varvaro,Jared Hughes,Craig Kimbrel,9,PNC Park,night,1,4,False,,
346968,2013,2013-04-18,2013-04-18T23:05:00Z,R,Regular Season,N,1,Final,F,Boston Red Sox,111,6,Cleveland Indians,114,3,Jon Lester,Zach McAllister,Andrew Bailey,9,Progressive Field,night,3,3,False,,
346971,2013,2013-04-18,2013-04-18T23:05:00Z,R,Regular Season,N,1,Final,F,Tampa Bay Rays,139,6,Baltimore Orioles,110,10,Troy Patton,Jamey Wright,,10,Oriole Park at Camden Yards,night,3,3,False,,
346975,2013,2013-04-18,2013-04-18T23:05:00Z,R,Regular Season,N,1,Final,F,St. Louis Cardinals,138,4,Philadelphia Phillies,143,3,Adam Wainwright,Mike Adams,Edward Mujica,9,Citizens Bank Park,night,1,4,False,,
346976,2013,2013-04-18,2013-04-18T23:07:00Z,R,Regular Season,N,1,Final,F,Chicago White Sox,145,1,Toronto Blue Jays,141,3,R.A. Dickey,Chris Sale,Casey Janssen,9,Rogers Centre,night,4,4,False,,
346969,2013,2013-04-18,2013-04-18T23:10:00Z,R,Regular Season,N,1,Final,F,Miami Marlins,146,1,Cincinnati Reds,113,11,Tony Cingrani,José Fernández,,9,Great American Ball Park,night,1,4,False,,
346978,2013,2013-04-19,2013-04-19T23:05:00Z,R,Regular Season,N,1,Final,F,Atlanta Braves,144,0,Pittsburgh Pirates,134,6,Wandy Rodriguez,Tim Hudson,,9,PNC Park,night,2,4,False,,
346989,2013,2013-04-19,2013-04-19T23:05:00Z,R,Regular Season,N,1,Completed Early,F,St. Louis Cardinals,138,2,Philadelphia Phillies,143,8,Roy Halladay,Jaime García,,7,Citizens Bank Park,night,2,4,False,,
346990,2013,2013-04-19,2013-04-19T23:07:00Z,R,Regular Season,N,1,Final,F,New York Yankees,147,9,Toronto Blue Jays,141,4,Andy Pettitte,Brandon Morrow,,9,Rogers Centre,night,1,3,False,,
346983,2013,2013-04-19,2013-04-19T23:10:00Z,R,Regular Season,N,1,Final,F,Miami Marlins,146,2,Cincinnati Reds,113,1,Mike Dunn,Aroldis Chapman,Steve Cishek,9,Great American Ball Park,night,2,4,False,,
346985,2013,2013-04-19,2013-04-19T23:10:00Z,R,Regular Season,N,1,Final,F,Oakland Athletics,133,3,Tampa Bay Rays,139,8,Alex Cobb,Brett Anderson,,9,Tropicana Field,night,1,3,False,,
346988,2013,2013-04-19,2013-04-19T23:10:00Z,R,Regular Season,N,1,Final,F,Washington Nationals,120,1,New York Mets,121,7,Matt Harvey,Stephen Strasburg,,9,Citi Field,night,1,3,False,,
346987,2013,2013-04-19,2013-04-20T00:05:00Z,R,Regular Season,N,1,Final,F,Seattle Mariners,136,0,Texas Rangers,140,7,Yu Darvish,Joe Saunders,,9,Rangers Ballpark in Arlington,night,1,3,False,,
346979,2013,2013-04-19,2013-04-20T00:10:00Z,R,Regular Season,N,1,Final,F,Cleveland Indians,114,2,Houston Astros,117,3,Lucas Harrell,Brett Myers,Jose Veras,9,Minute Maid Park,night,1,3,False,,
346991,2013,2013-04-19,2013-04-20T00:10:00Z,R,Regular Season,N,1,Final,F,Chicago Cubs,112,4,Milwaukee Brewers,158,5,Marco Estrada,Jeff Samardzija,Jim Henderson,9,Miller Park,night,1,3,False,,
346977,2013,2013-04-19,2013-04-20T00:40:00Z,R,Regular Season,N,1,Final,F,Arizona Diamondbacks,109,1,Colorado Rockies,115,3,Jhoulys Chacín,Ian Kennedy,Rafael Betancourt,9,Coors Field,night,1,3,False,,
346980,2013,2013-04-19,2013-04-20T02:05:00Z,R,Regular Season,N,1,Final,F,Detroit Tigers,116,1,Los Angeles Angels,108,8,Tommy Hanson,Aníbal Sánchez,,9,Angel Stadium of Anaheim,night,1,3,False,,
346986,2013,2013-04-19,2013-04-20T02:15:00Z,R,Regular Season,N,1,Final,F,San Diego Padres,135,2,San Francisco Giants,137,3,Santiago Casilla,Luke Gregerson,,9,AT&T Park,night,1,3,False,,
346982,2013,2013-04-20,2013-04-20T17:05:00Z,R,Regular Season,S,1,Final,F,Los Angeles Dodgers,119,5,Baltimore Orioles,110,7,Darren O'Day,Paco Rodríguez,Jim Johnson,9,Oriole Park at Camden Yards,day,1,3,False,,
347005,2013,2013-04-20,2013-04-20T17:07:00Z,R,Regular Season,N,1,Final,F,New York Yankees,147,5,Toronto Blue Jays,141,3,Shawn Kelley,Aaron Loup,Mariano Rivera,11,Rogers Centre,day,2,3,False,,
346997,2013,2013-04-20,2013-04-20T17:10:00Z,R,Regular Season,N,1,Final,F,Kansas City Royals,118,3,Boston Red Sox,111,4,Clay Buchholz,Kelvin Herrera,Andrew Bailey,9,Fenway Park,day,1,3,False,,
346999,2013,2013-04-20,2013-04-20T17:10:00Z,R,Regular Season,N,1,Final,F,Miami Marlins,146,2,Cincinnati Reds,113,3,Alfredo Simon,Steve Cishek,,13,Great American Ball Park,day,3,4,False,,
346996,2013,2013-04-20,2013-04-20T19:05:00Z,R,Regular Season,N,1,Final,F,Detroit Tigers,116,0,Los Angeles Angels,108,10,Garrett Richards,Rick Porcello,,9,Angel Stadium of Anaheim,day,2,3,False,,
347000,2013,2013-04-20,2013-04-20T19:05:00Z,R,Regular Season,N,1,Final,F,Minnesota Twins,142,2,Chicago White Sox,145,1,Casey Fien,Héctor Santiago,Glen Perkins,10,U.S. Cellular Field,day,1,2,False,,
347004,2013,2013-04-20,2013-04-20T19:05:00Z,R,Regular Season,N,1,Final,F,Washington Nationals,120,7,New York Mets,121,6,Tyler Clippard,Josh Edgin,Rafael Soriano,9,Citi Field,day,2,3,False,,
346993,2013,2013-04-20,2013-04-20T23:05:00Z,R,Regular Season,N,1,Final,F,Atlanta Braves,144,1,Pittsburgh Pirates,134,3,James McDonald,Paul Maholm,Jason Grilli,9,PNC Park,night,3,4,False,,
346998,2013,2013-04-20,2013-04-20T23:05:00Z,R,Regular Season,S,2,Final,F,Los Angeles Dodgers,119,1,Baltimore Orioles,110,6,Wei-Yin Chen,Josh Beckett,Tommy Hunter,9,Oriole Park at Camden Yards,night,2,3,False,,
347006,2013,2013-04-20,2013-04-20T23:05:00Z,R,Regular Season,N,1,Final,F,St. Louis Cardinals,138,5,Philadelphia Phillies,143,0,Lance Lynn,Cliff Lee,,9,Citizens Bank Park,night,3,4,False,,
346994,2013,2013-04-20,2013-04-20T23:10:00Z,R,Regular Season,N,1,Final,F,Chicago Cubs,112,1,Milwaukee Brewers,158,5,Hiram Burgos,Edwin Jackson,,9,Miller Park,night,2,3,False,,
346995,2013,2013-04-20,2013-04-20T23:10:00Z,R,Regular Season,N,1,Final,F,Cleveland Indians,114,19,Houston Astros,117,6,Corey Kluber,Philip Humber,,9,Minute Maid Park,night,2,3,False,,
347001,2013,2013-04-20,2013-04-20T23:10:00Z,R,Regular Season,N,1,Final,F,Oakland Athletics,133,0,Tampa Bay Rays,139,1,Jeremy Hellickson,Jarrod Parker,Fernando Rodney,9,Tropicana Field,night,2,3,False,,
347003,2013,2013-04-20,2013-04-21T00:05:00Z,R,Regular Season,N,1,Final,F,Seattle Mariners,136,0,Texas Rangers,140,5,Derek Lowe,Brandon Maurer,,9,Rangers Ballpark in Arlington,night,2,3,False,,
346992,2013,2013-04-20,2013-04-21T00:10:00Z,R,Regular Season,N,1,Final,F,Arizona Diamondbacks,109,3,Colorado Rockies,115,4,Jorge De La Rosa,Trevor Cahill,Rafael Betancourt,9,Coors Field,night,2,3,False,,
347002,2013,2013-04-20,2013-04-21T01:05:00Z,R,Regular Season,N,1,Final,F,San Diego Padres,135,0,San Francisco Giants,137,2,Tim Lincecum,Andrew Cashner,Sergio Romo,9,AT&T Park,night,2,3,False,,
347019,2013,2013-04-21,2013-04-21T17:07:00Z,R,Regular Season,N,1,Final,F,New York Yankees,147,4,Toronto Blue Jays,141,8,Brett Cecil,Boone Logan,,9,Rogers Centre,day,3,3,False,,
347013,2013,2013-04-21,2013-04-21T17:10:00Z,R,Regular Season,N,1,Final,F,Miami Marlins,146,6,Cincinnati Reds,113,10,Logan Ondrusek,Alex Sanabia,,9,Great American Ball Park,day,4,4,False,,
347018,2013,2013-04-21,2013-04-21T17:10:00Z,R,Regular Season,N,1,Final,F,Washington Nationals,120,0,New York Mets,121,2,Dillon Gee,Jordan Zimmermann,Bobby Parnell,9,Citi Field,day,3,3,False,,
347008,2013,2013-04-21,2013-04-21T17:35:00Z,R,Regular Season,N,1,Final,F,Atlanta Braves,144,2,Pittsburgh Pirates,134,4,Justin Wilson,Kris Medlen,Jason Grilli,9,PNC Park,day,4,4,False,,
347011,2013,2013-04-21,2013-04-21T17:35:00Z,R,Regular Season,S,1,Final,F,Kansas City Royals,118,4,Boston Red Sox,111,2,Ervin Santana,Ryan Dempster,Greg Holland,9,Fenway Park,day,2,3,False,,
347012,2013,2013-04-21,2013-04-21T17:35:00Z,R,Regular Season,N,1,Final,F,Los Angeles Dodgers,119,7,Baltimore Orioles,110,4,J.P. Howell,Jake Arrieta,Brandon League,9,Oriole Park at Camden Yards,day,3,3,False,,
347015,2013,2013-04-21,2013-04-21T17:40:00Z,R,Regular Season,N,1,Final,F,Oakland Athletics,133,1,Tampa Bay Rays,139,8,Roberto Hernandez,Tommy Milone,,9,Tropicana Field,day,3,3,False,,
347009,2013,2013-04-21,2013-04-21T18:10:00Z,R,Regular Season,N,1,Final,F,Cleveland Indians,114,5,Houston Astros,117,4,Cody Allen,Hector Ambriz,Chris Perez,9,Minute Maid Park,day,3,3,False,,
347014,2013,2013-04-21,2013-04-21T18:10:00Z,R,Regular Season,N,1,Final,F,Minnesota Twins,142,5,Chicago White Sox,145,3,Scott Diamond,Matt Lindstrom,Glen Perkins,9,U.S. Cellular Field,day,2,2,False,,
347021,2013,2013-04-21,2013-04-21T18:10:00Z,R,Regular Season,N,1,Final,F,Chicago Cubs,112,2,Milwaukee Brewers,158,4,Wily Peralta,Scott Feldman,Jim Henderson,9,Miller Park,day,3,3,False,,
347017,2013,2013-04-21,2013-04-21T19:05:00Z,R,Regular Season,N,1,Final,F,Seattle Mariners,136,3,Texas Rangers,140,11,Justin Grimm,Aaron Harang,Michael Kirkman,9,Rangers Ballpark in Arlington,day,3,3,False,,
347010,2013,2013-04-21,2013-04-21T19:35:00Z,R,Regular Season,N,1,Final,F,Detroit Tigers,116,3,Los Angeles Angels,108,4,Jerome Williams,Phil Coke,,13,Angel Stadium of Anaheim,day,3,3,False,,
347016,2013,2013-04-21,2013-04-21T20:05:00Z,R,Regular Season,N,1,Final,F,San Diego Padres,135,0,San Francisco Giants,137,5,Barry Zito,Eric Stults,,9,AT&T Park,day,3,3,False,,
347007,2013,2013-04-21,2013-04-21T20:10:00Z,R,Regular Season,N,1,Final,F,Arizona Diamondbacks,109,5,Colorado Rockies,115,4,Heath Bell,Wilton Lopez,J.J. Putz,9,Coors Field,day,3,3,False,,
346981,2013,2013-04-21,2013-04-21T23:00:00Z,R,Regular Season,S,2,Final,F,Kansas City Royals,118,5,Boston Red Sox,111,4,Kelvin Herrera,Andrew Miller,Greg Holland,10,Fenway Park,night,3,3,False,,
347020,2013,2013-04-21,2013-04-22T00:05:00Z,R,Regular Season,N,1,Final,F,St. Louis Cardinals,138,3,Philadelphia Phillies,143,7,Mike Adams,Mitchell Boggs,,9,Citizens Bank Park,night,4,4,False,,
347029,2013,2013-04-22,2013-04-22T22:35:00Z,R,Regular Season,N,1,Final,F,Oakland Athletics,133,6,Boston Red Sox,111,9,Félix Doubront,A.J. Griffin,Andrew Bailey,9,Fenway Park,night,1,3,False,,
347031,2013,2013-04-22,2013-04-22T23:05:00Z,R,Regular Season,N,1,Final,F,St. Louis Cardinals,138,3,Washington Nationals,120,2,Shelby Miller,Dan Haren,Edward Mujica,9,Nationals Park,night,1,3,False,,
347033,2013,2013-04-22,2013-04-22T23:05:00Z,R,Regular Season,N,1,Final,F,Toronto Blue Jays,141,1,Baltimore Orioles,110,2,Jim Johnson,Aaron Loup,,9,Oriole Park at Camden Yards,night,1,3,False,,
347034,2013,2013-04-22,2013-04-22T23:05:00Z,R,Regular Season,N,1,Final,F,Pittsburgh Pirates,134,2,Philadelphia Phillies,143,3,Raul Valdes,Jared Hughes,Jonathan Papelbon,9,Citizens Bank Park,night,1,4,False,,
347024,2013,2013-04-22,2013-04-22T23:10:00Z,R,Regular Season,N,1,Final,F,Chicago Cubs,112,4,Cincinnati Reds,113,5,Alfredo Simon,Michael Bowden,,13,Great American Ball Park,night,1,3,False,,
347028,2013,2013-04-22,2013-04-22T23:10:00Z,R,Regular Season,N,1,Final,F,New York Yankees,147,1,Tampa Bay Rays,139,5,Matt Moore,CC Sabathia,,9,Tropicana Field,night,1,3,False,,
347025,2013,2013-04-22,2013-04-23T00:10:00Z,R,Regular Season,N,1,Final,F,Cleveland Indians,114,3,Chicago White Sox,145,2,Justin Masterson,Matt Thornton,Chris Perez,9,U.S. Cellular Field,night,1,2,False,,
347030,2013,2013-04-22,2013-04-23T00:10:00Z,R,Regular Season,N,1,Final,F,Seattle Mariners,136,7,Houston Astros,117,1,Félix Hernández,Brad Peacock,,9,Minute Maid Park,night,1,3,False,,
347032,2013,2013-04-22,2013-04-23T02:05:00Z,R,Regular Season,N,1,Final,F,Texas Rangers,140,7,Los Angeles Angels,108,6,Tanner Scheppers,Ernesto Frieri,Joe Nathan,9,Angel Stadium of Anaheim,night,1,3,False,,
347027,2013,2013-04-22,2013-04-23T02:10:00Z,R,Regular Season,N,1,Final,F,Milwaukee Brewers,158,7,San Diego Padres,135,1,Kyle Lohse,Jason Marquis,,9,Petco Park,night,1,3,False,,
347022,2013,2013-04-22,2013-04-23T02:15:00Z,R,Regular Season,N,1,Final,F,Arizona Diamondbacks,109,4,San Francisco Giants,137,5,Sergio Romo,Tony Sipp,,9,AT&T Park,night,1,3,False,,
347041,2013,2013-04-23,2013-04-23T18:10:00Z,R,Regular Season,S,1,Final,F,Miami Marlins,146,3,Minnesota Twins,142,4,Kevin Correia,José Fernández,Glen Perkins,9,Target Field,day,1,2,False,,
347023,2013,2013-04-23,2013-04-23T19:10:00Z,R,Regular Season,S,1,Final,F,Atlanta Braves,144,4,Colorado Rockies,115,3,Mike Minor,Jeff Francis,Craig Kimbrel,9,Coors Field,day,1,3,False,,
347044,2013,2013-04-23,2013-04-23T22:35:00Z,R,Regular Season,N,1,Completed Early,F,Oakland Athletics,133,13,Boston Red Sox,111,0,Bartolo Colon,Alfredo Aceves,,7,Fenway Park,night,2,3,False,,
347046,2013,2013-04-23,2013-04-23T23:05:00Z,R,Regular Season,N,1,Final,F,St. Louis Cardinals,138,2,Washington Nationals,120,0,Adam Wainwright,Ross Detwiler,Edward Mujica,9,Nationals Park,night,2,3,False,,
347048,2013,2013-04-23,2013-04-23T23:05:00Z,R,Regular Season,N,1,Final,F,Toronto Blue Jays,141,3,Baltimore Orioles,110,4,Miguel González,R.A. Dickey,Jim Johnson,9,Oriole Park at Camden Yards,night,2,3,False,,
347049,2013,2013-04-23,2013-04-23T23:05:00Z,R,Regular Season,N,1,Final,F,Pittsburgh Pirates,134,2,Philadelphia Phillies,143,0,Jeff Locke,Cole Hamels,Jason Grilli,9,Citizens Bank Park,night,2,4,False,,
347037,2013,2013-04-23,2013-04-23T23:10:00Z,R,Regular Season,N,1,Final,F,Chicago Cubs,112,4,Cincinnati Reds,113,2,Carlos Marmol,Manny Parra,Kevin Gregg,10,Great American Ball Park,night,2,3,False,,
347040,2013,2013-04-23,2013-04-23T23:10:00Z,R,Regular Season,N,1,Final,F,Los Angeles Dodgers,119,7,New York Mets,121,2,Ronald Belisario,Brandon Lyon,,9,Citi Field,night,1,3,False,,
347043,2013,2013-04-23,2013-04-23T23:10:00Z,R,Regular Season,N,1,Final,F,New York Yankees,147,4,Tampa Bay Rays,139,3,David Robertson,David Price,Mariano Rivera,9,Tropicana Field,night,2,3,False,,
347026,2013,2013-04-23,2013-04-24T00:10:00Z,R,Regular Season,S,2,Final,F,Miami Marlins,146,8,Minnesota Twins,142,5,Ricky Nolasco,Mike Pelfrey,Steve Cishek,9,Target Field,night,2,2,False,,
347045,2013,2013-04-23,2013-04-24T00:10:00Z,R,Regular Season,N,1,Final,F,Seattle Mariners,136,2,Houston Astros,117,3,Bud Norris,Hisashi Iwakuma,Jose Veras,9,Minute Maid Park,night,2,3,False,,
347036,2013,2013-04-23,2013-04-24T00:40:00Z,R,Regular Season,S,2,Final,F,Atlanta Braves,144,10,Colorado Rockies,115,2,Julio Teheran,Jon Garland,,9,Coors Field,night,2,3,False,,
347047,2013,2013-04-23,2013-04-24T02:05:00Z,R,Regular Season,N,1,Final,F,Texas Rangers,140,4,Los Angeles Angels,108,5,Dane De La Rosa,Joe Ortiz,,11,Angel Stadium of Anaheim,night,2,3,False,,
347042,2013,2013-04-23,2013-04-24T02:10:00Z,R,Regular Season,N,1,Final,F,Milwaukee Brewers,158,6,San Diego Padres,135,3,Yovani Gallardo,Clayton Richard,Jim Henderson,9,Petco Park,night,2,3,False,,
347035,2013,2013-04-23,2013-04-24T02:15:00Z,R,Regular Season,N,1,Final,F,Arizona Diamondbacks,109,6,San Francisco Giants,137,4,Brad Ziegler,Santiago Casilla,Matt Reynolds,11,AT&T Park,night,2,3,False,,
347052,2013,2013-04-24,2013-04-24T16:35:00Z,R,Regular Season,N,1,Final,F,Chicago Cubs,112,0,Cincinnati Reds,113,1,Mat Latos,Jeff Samardzija,Aroldis Chapman,9,Great American Ball Park,day,3,3,False,,
347062,2013,2013-04-24,2013-04-24T16:35:00Z,R,Regular Season,N,1,Final,F,Toronto Blue Jays,141,6,Baltimore Orioles,110,5,Esmil Rogers,Jim Johnson,Casey Janssen,11,Oriole Park at Camden Yards,day,3,3,False,,
347060,2013,2013-04-24,2013-04-24T17:05:00Z,R,Regular Season,N,1,Final,F,St. Louis Cardinals,138,4,Washington Nationals,120,2,Jaime García,Stephen Strasburg,Edward Mujica,9,Nationals Park,day,3,3,False,,
347053,2013,2013-04-24,2013-04-24T18:10:00Z,R,Regular Season,N,1,Final,F,Cleveland Indians,114,2,Chicago White Sox,145,3,Jose Quintana,Zach McAllister,Addison Reed,9,U.S. Cellular Field,day,2,2,False,,
347059,2013,2013-04-24,2013-04-24T18:10:00Z,R,Regular Season,N,1,Final,F,Seattle Mariners,136,3,Houston Astros,117,10,Lucas Harrell,Joe Saunders,,9,Minute Maid Park,day,3,3,False,,
347051,2013,2013-04-24,2013-04-24T19:10:00Z,R,Regular Season,N,1,Final,F,Atlanta Braves,144,5,Colorado Rockies,115,6,Matt Belisle,Luis Ayala,,12,Coors Field,day,3,3,False,,
347050,2013,2013-04-24,2013-04-24T19:45:00Z,R,Regular Season,N,1,Final,F,Arizona Diamondbacks,109,3,San Francisco Giants,137,2,David Hernandez,Chad Gaudin,Matt Reynolds,10,AT&T Park,day,3,3,False,,
347058,2013,2013-04-24,2013-04-24T20:05:00Z,R,Regular Season,N,1,Final,F,Oakland Athletics,133,5,Boston Red Sox,111,6,Jon Lester,Brett Anderson,Andrew Bailey,9,Fenway Park,day,3,3,False,,
347063,2013,2013-04-24,2013-04-24T23:05:00Z,R,Regular Season,N,1,Final,F,Pittsburgh Pirates,134,5,Philadelphia Phillies,143,3,Vin Mazzaro,Mike Adams,Jason Grilli,9,Citizens Bank Park,night,3,4,False,,
347054,2013,2013-04-24,2013-04-24T23:08:00Z,R,Regular Season,N,1,Final,F,Kansas City Royals,118,5,Detroit Tigers,116,7,Max Scherzer,Wade Davis,Jose Valverde,9,Comerica Park,night,1,2,False,,
347055,2013,2013-04-24,2013-04-24T23:10:00Z,R,Regular Season,N,1,Final,F,Los Angeles Dodgers,119,3,New York Mets,121,7,Bobby Parnell,Josh Wall,,10,Citi Field,night,2,3,False,,
347057,2013,2013-04-24,2013-04-24T23:10:00Z,R,Regular Season,N,1,Final,F,New York Yankees,147,0,Tampa Bay Rays,139,3,Alex Cobb,Andy Pettitte,Fernando Rodney,9,Tropicana Field,night,3,3,False,,
347061,2013,2013-04-24,2013-04-25T02:05:00Z,R,Regular Season,N,1,Final,F,Texas Rangers,140,11,Los Angeles Angels,108,3,Yu Darvish,Michael Roth,,9,Angel Stadium of Anaheim,night,3,3,False,,
347056,2013,2013-04-24,2013-04-25T02:10:00Z,R,Regular Season,N,1,Final,F,Milwaukee Brewers,158,1,San Diego Padres,135,2,Edinson Volquez,Marco Estrada,Huston Street,9,Petco Park,night,3,3,False,,
347073,2013,2013-04-25,2013-04-25T17:05:00Z,R,Regular Season,N,1,Final,F,Pittsburgh Pirates,134,6,Philadelphia Phillies,143,4,Justin Wilson,Phillippe Aumont,Tony Watson,9,Citizens Bank Park,day,4,4,False,,
347068,2013,2013-04-25,2013-04-25T17:08:00Z,R,Regular Season,N,1,Final,F,Kansas City Royals,118,8,Detroit Tigers,116,3,Tim Collins,Phil Coke,,10,Comerica Park,day,2,2,False,,
347069,2013,2013-04-25,2013-04-25T17:10:00Z,R,Regular Season,N,1,Final,F,Los Angeles Dodgers,119,3,New York Mets,121,2,Kenley Jansen,Scott Rice,Brandon League,9,Citi Field,day,3,3,False,,
347067,2013,2013-04-25,2013-04-25T22:35:00Z,R,Regular Season,N,1,Final,F,Houston Astros,117,2,Boston Red Sox,111,7,Clay Buchholz,Philip Humber,,9,Fenway Park,night,1,4,False,,
347065,2013,2013-04-25,2013-04-25T23:05:00Z,R,Regular Season,N,1,Final,F,Cincinnati Reds,113,1,Washington Nationals,120,8,Gio Gonzalez,Bronson Arroyo,,9,Nationals Park,night,1,4,False,,
347072,2013,2013-04-25,2013-04-25T23:05:00Z,R,Regular Season,N,1,Final,F,Toronto Blue Jays,141,3,New York Yankees,147,5,Hiroki Kuroda,Mark Buehrle,Mariano Rivera,9,Yankee Stadium,night,1,4,False,,
347074,2013,2013-04-25,2013-04-25T23:10:00Z,R,Regular Season,N,1,Final,F,Chicago Cubs,112,4,Miami Marlins,146,3,Shawn Camp,Steve Cishek,Carlos Marmol,9,Marlins Park,night,1,4,False,,
347070,2013,2013-04-25,2013-04-26T00:10:00Z,R,Regular Season,N,1,Final,F,Tampa Bay Rays,139,2,Chicago White Sox,145,5,Chris Sale,Jeremy Hellickson,Addison Reed,9,U.S. Cellular Field,night,1,4,False,,
347071,2013,2013-04-25,2013-04-26T00:10:00Z,R,Regular Season,N,1,Final,F,Texas Rangers,140,2,Minnesota Twins,142,1,Nick Tepesch,Vance Worley,Joe Nathan,9,Target Field,night,1,4,False,,
347066,2013,2013-04-25,2013-04-26T01:40:00Z,R,Regular Season,N,1,Final,F,Colorado Rockies,115,2,Arizona Diamondbacks,109,3,Trevor Cahill,Jorge De La Rosa,J.J. Putz,9,Chase Field,night,1,4,False,,
347064,2013,2013-04-25,2013-04-26T02:05:00Z,R,Regular Season,N,1,Final,F,Baltimore Orioles,110,10,Oakland Athletics,133,2,Jason Hammel,Jarrod Parker,,9,O.co Coliseum,night,1,4,False,,
347075,2013,2013-04-25,2013-04-26T02:10:00Z,R,Regular Season,N,1,Final,F,Los Angeles Angels,108,0,Seattle Mariners,136,6,Brandon Maurer,Garrett Richards,,9,Safeco Field,night,1,4,False,,
347078,2013,2013-04-26,2013-04-26T23:05:00Z,R,Regular Season,N,1,Final,F,Cincinnati Reds,113,0,Washington Nationals,120,1,Jordan Zimmermann,Homer Bailey,,9,Nationals Park,night,2,4,False,,
347086,2013,2013-04-26,2013-04-26T23:05:00Z,R,Regular Season,N,1,Final,F,Toronto Blue Jays,141,4,New York Yankees,147,6,David Phelps,Brad Lincoln,Mariano Rivera,9,Yankee Stadium,night,2,4,False,,
347076,2013,2013-04-26,2013-04-26T23:08:00Z,R,Regular Season,N,1,Final,F,Atlanta Braves,144,0,Detroit Tigers,116,10,Aníbal Sánchez,Paul Maholm,,9,Comerica Park,night,1,3,False,,
347081,2013,2013-04-26,2013-04-26T23:10:00Z,R,Regular Season,N,1,Final,F,Houston Astros,117,3,Boston Red Sox,111,7,Ryan Dempster,Erik Bedard,,9,Fenway Park,night,2,4,False,,
347082,2013,2013-04-26,2013-04-26T23:10:00Z,R,Regular Season,N,1,Final,F,Philadelphia Phillies,143,4,New York Mets,121,0,Kyle Kendrick,Dillon Gee,,9,Citi Field,night,1,3,False,,
347087,2013,2013-04-26,2013-04-26T23:10:00Z,R,Regular Season,N,1,Final,F,Chicago Cubs,112,4,Miami Marlins,146,2,Scott Feldman,Wade LeBlanc,Kevin Gregg,9,Marlins Park,night,2,4,False,,
347084,2013,2013-04-26,2013-04-27T00:10:00Z,R,Regular Season,N,1,Final,F,Tampa Bay Rays,139,4,Chicago White Sox,145,5,Jake Peavy,Roberto Hernandez,Addison Reed,9,U.S. Cellular Field,night,2,4,False,,
347085,2013,2013-04-26,2013-04-27T00:10:00Z,R,Regular Season,N,1,Final,F,Texas Rangers,140,4,Minnesota Twins,142,3,Justin Grimm,Scott Diamond,Joe Nathan,9,Target Field,night,2,4,False,,
347088,2013,2013-04-26,2013-04-27T00:15:00Z,R,Regular Season,N,1,Final,F,Pittsburgh Pirates,134,1,St. Louis Cardinals,138,9,Lance Lynn,Jonathan Sánchez,,9,Busch Stadium,night,1,3,False,,
347080,2013,2013-04-26,2013-04-27T01:40:00Z,R,Regular Season,N,1,Final,F,Colorado Rockies,115,6,Arizona Diamondbacks,109,3,Juan Nicasio,Brandon McCarthy,Rafael Betancourt,9,Chase Field,night,2,4,False,,
347077,2013,2013-04-26,2013-04-27T02:05:00Z,R,Regular Season,N,1,Final,F,Baltimore Orioles,110,3,Oakland Athletics,133,0,Wei-Yin Chen,Tommy Milone,Jim Johnson,9,O.co Coliseum,night,2,4,False,,
347083,2013,2013-04-26,2013-04-27T02:10:00Z,R,Regular Season,N,1,Final,F,San Francisco Giants,137,1,San Diego Padres,135,2,Andrew Cashner,Tim Lincecum,Huston Street,9,Petco Park,night,1,3,False,,
347089,2013,2013-04-26,2013-04-27T02:10:00Z,R,Regular Season,N,1,Final,F,Los Angeles Angels,108,6,Seattle Mariners,136,3,C.J. Wilson,Aaron Harang,Ernesto Frieri,9,Safeco Field,night,2,4,False,,
347090,2013,2013-04-26,2013-04-27T02:10:00Z,R,Regular Season,N,1,Final,F,Milwaukee Brewers,158,5,Los Angeles Dodgers,119,7,Ronald Belisario,Michael Gonzalez,Brandon League,9,Dodger Stadium,night,1,3,False,,
347092,2013,2013-04-27,2013-04-27T17:05:00Z,R,Regular Season,N,1,Final,F,Atlanta Braves,144,4,Detroit Tigers,116,7,Rick Porcello,Kris Medlen,Jose Valverde,9,Comerica Park,day,2,3,False,,
347094,2013,2013-04-27,2013-04-27T17:05:00Z,R,Regular Season,N,1,Final,F,Cincinnati Reds,113,3,Washington Nationals,120,6,Dan Haren,Mike Leake,Rafael Soriano,9,Nationals Park,day,3,4,False,,
347099,2013,2013-04-27,2013-04-27T17:05:00Z,R,Regular Season,N,1,Final,F,Philadelphia Phillies,143,9,New York Mets,121,4,Jonathan Pettibone,Shaun Marcum,,9,Citi Field,day,2,3,False,,
347093,2013,2013-04-27,2013-04-27T20:05:00Z,R,Regular Season,N,1,Final,F,Baltimore Orioles,110,7,Oakland Athletics,133,3,Chris Tillman,A.J. Griffin,Jim Johnson,9,O.co Coliseum,day,3,4,False,,
347103,2013,2013-04-27,2013-04-27T20:05:00Z,R,Regular Season,N,1,Final,F,Toronto Blue Jays,141,4,New York Yankees,147,5,CC Sabathia,Esmil Rogers,Joba Chamberlain,9,Yankee Stadium,day,3,4,False,,
347102,2013,2013-04-27,2013-04-27T20:10:00Z,R,Regular Season,N,1,Final,F,Texas Rangers,140,2,Minnesota Twins,142,7,Pedro Hernandez,Derek Holland,,9,Target Field,day,3,4,False,,
347104,2013,2013-04-27,2013-04-27T20:15:00Z,R,Regular Season,N,1,Final,F,Pittsburgh Pirates,134,5,St. Louis Cardinals,138,3,A.J. Burnett,Joe Kelly,Jason Grilli,9,Busch Stadium,day,2,3,False,,
347095,2013,2013-04-27,2013-04-27T23:10:00Z,R,Regular Season,N,1,Final,F,Cleveland Indians,114,2,Kansas City Royals,118,3,Ervin Santana,Scott Kazmir,Greg Holland,9,Kauffman Stadium,night,1,4,False,,
347097,2013,2013-04-27,2013-04-27T23:10:00Z,R,Regular Season,N,1,Final,F,Houston Astros,117,4,Boston Red Sox,111,8,Félix Doubront,Brad Peacock,,9,Fenway Park,night,3,4,False,,
347101,2013,2013-04-27,2013-04-27T23:10:00Z,R,Regular Season,N,1,Final,F,Tampa Bay Rays,139,10,Chicago White Sox,145,4,Matt Moore,Gavin Floyd,,9,U.S. Cellular Field,night,3,4,False,,
347105,2013,2013-04-27,2013-04-27T23:10:00Z,R,Regular Season,N,1,Final,F,Chicago Cubs,112,3,Miami Marlins,146,2,Travis Wood,Alex Sanabia,Kevin Gregg,9,Marlins Park,night,3,4,False,,
347096,2013,2013-04-27,2013-04-28T00:10:00Z,R,Regular Season,N,1,Final,F,Colorado Rockies,115,2,Arizona Diamondbacks,109,3,J.J. Putz,Edgmer Escalona,,10,Chase Field,night,3,4,False,,
347100,2013,2013-04-27,2013-04-28T00:40:00Z,R,Regular Season,N,1,Final,F,San Francisco Giants,137,7,San Diego Padres,135,8,Joe Thatcher,Sergio Romo,,12,Petco Park,night,2,3,False,,
347091,2013,2013-04-27,2013-04-28T01:10:00Z,R,Regular Season,N,1,Final,F,Los Angeles Angels,108,2,Seattle Mariners,136,3,Félix Hernández,Joe Blanton,Tom Wilhelmsen,9,Safeco Field,night,3,4,False,,
347098,2013,2013-04-27,2013-04-28T01:10:00Z,R,Regular Season,N,1,Final,F,Milwaukee Brewers,158,6,Los Angeles Dodgers,119,4,Wily Peralta,Matt Guerrier,Jim Henderson,9,Dodger Stadium,night,2,3,False,,
347117,2013,2013-04-28,2013-04-28T17:05:00Z,R,Regular Season,N,1,Final,F,Toronto Blue Jays,141,2,New York Yankees,147,3,Boone Logan,R.A. Dickey,Mariano Rivera,9,Yankee Stadium,day,4,4,False,,
347113,2013,2013-04-28,2013-04-28T17:10:00Z,R,Regular Season,N,1,Final,F,Philadelphia Phillies,143,5,New York Mets,121,1,Cole Hamels,Jonathon Niese,,9,Citi Field,day,3,3,False,,
347118,2013,2013-04-28,2013-04-28T17:10:00Z,R,Regular Season,N,1,Final,F,Chicago Cubs,112,4,Miami Marlins,146,6,Ricky Nolasco,Carlos Villanueva,Steve Cishek,9,Marlins Park,day,4,4,False,,
347108,2013,2013-04-28,2013-04-28T17:35:00Z,R,Regular Season,N,1,Final,F,Cincinnati Reds,113,5,Washington Nationals,120,2,Tony Cingrani,Ross Detwiler,Aroldis Chapman,9,Nationals Park,day,4,4,False,,
347111,2013,2013-04-28,2013-04-28T17:35:00Z,R,Regular Season,N,1,Final,F,Houston Astros,117,1,Boston Red Sox,111,6,John Lackey,Bud Norris,,9,Fenway Park,day,4,4,False,,
347109,2013,2013-04-28,2013-04-28T18:10:00Z,R,Regular Season,S,1,Final,F,Cleveland Indians,114,0,Kansas City Royals,118,9,Jeremy Guthrie,Justin Masterson,,9,Kauffman Stadium,day,2,4,False,,
347115,2013,2013-04-28,2013-04-28T18:10:00Z,R,Regular Season,N,1,Final,F,Tampa Bay Rays,139,8,Chicago White Sox,145,3,David Price,Nate Jones,,9,U.S. Cellular Field,day,4,4,False,,
347116,2013,2013-04-28,2013-04-28T18:10:00Z,R,Regular Season,N,1,Final,F,Texas Rangers,140,0,Minnesota Twins,142,5,Kevin Correia,Alexi Ogando,,9,Target Field,day,4,4,False,,
347119,2013,2013-04-28,2013-04-28T18:15:00Z,R,Regular Season,N,1,Final,F,Pittsburgh Pirates,134,9,St. Louis Cardinals,138,0,Jeff Locke,Shelby Miller,,9,Busch Stadium,day,3,3,False,,
347107,2013,2013-04-28,2013-04-28T20:05:00Z,R,Regular Season,N,1,Final,F,Baltimore Orioles,110,8,Oakland Athletics,133,9,Jerry Blevins,Pedro Strop,,10,O.co Coliseum,day,4,4,False,,
347110,2013,2013-04-28,2013-04-28T20:10:00Z,R,Regular Season,N,1,Final,F,Colorado Rockies,115,2,Arizona Diamondbacks,109,4,Patrick Corbin,Jon Garland,J.J. Putz,9,Chase Field,day,4,4,False,,
347112,2013,2013-04-28,2013-04-28T20:10:00Z,R,Regular Season,N,1,Final,F,Milwaukee Brewers,158,0,Los Angeles Dodgers,119,2,Clayton Kershaw,Kyle Lohse,Brandon League,9,Dodger Stadium,day,3,3,False,,
347114,2013,2013-04-28,2013-04-28T20:10:00Z,R,Regular Season,N,1,Final,F,San Francisco Giants,137,4,San Diego Padres,135,6,Jason Marquis,Ryan Vogelsong,Huston Street,9,Petco Park,day,3,3,False,,
347120,2013,2013-04-28,2013-04-28T20:10:00Z,R,Regular Season,N,1,Final,F,Los Angeles Angels,108,1,Seattle Mariners,136,2,Carter Capps,Jason Vargas,Tom Wilhelmsen,9,Safeco Field,day,4,4,False,,
347106,2013,2013-04-28,2013-04-29T00:08:00Z,R,Regular Season,N,1,Final,F,Atlanta Braves,144,3,Detroit Tigers,116,8,Doug Fister,Mike Minor,,9,Comerica Park,night,3,3,False,,
347079,2013,2013-04-28,2013-04-29T00:10:00Z,R,Regular Season,S,2,Final,F,Cleveland Indians,114,10,Kansas City Royals,118,3,Corey Kluber,Will Smith,,9,Kauffman Stadium,night,3,4,False,,
347123,2013,2013-04-29,2013-04-29T23:05:00Z,R,Regular Season,N,1,Final,F,Houston Astros,117,9,New York Yankees,147,1,Lucas Harrell,Andy Pettitte,,9,Yankee Stadium,night,1,3,False,,
347124,2013,2013-04-29,2013-04-29T23:08:00Z,R,Regular Season,N,1,Final,F,Minnesota Twins,142,3,Detroit Tigers,116,4,Max Scherzer,Mike Pelfrey,Joaquín Benoit,9,Comerica Park,night,1,3,False,,
347127,2013,2013-04-29,2013-04-29T23:10:00Z,R,Regular Season,N,1,Final,F,Washington Nationals,120,2,Atlanta Braves,144,3,Jordan Walden,Tyler Clippard,Craig Kimbrel,9,Turner Field,night,1,4,False,,
347128,2013,2013-04-29,2013-04-29T23:10:00Z,R,Regular Season,N,1,Final,F,New York Mets,121,3,Miami Marlins,146,4,Jon Rauch,Shaun Marcum,,15,Marlins Park,night,1,3,False,,
347125,2013,2013-04-29,2013-04-30T00:05:00Z,R,Regular Season,N,1,Final,F,San Diego Padres,135,3,Chicago Cubs,112,5,Michael Bowden,Clayton Richard,Kevin Gregg,9,Wrigley Field,night,1,4,False,,
347122,2013,2013-04-29,2013-04-30T00:10:00Z,R,Regular Season,N,1,Final,F,Cleveland Indians,114,9,Kansas City Royals,118,0,Ubaldo Jiménez,Wade Davis,,9,Kauffman Stadium,night,4,4,False,,
347129,2013,2013-04-29,2013-04-30T00:10:00Z,R,Regular Season,N,1,Final,F,Pittsburgh Pirates,134,4,Milwaukee Brewers,158,10,Yovani Gallardo,Wandy Rodriguez,,9,Miller Park,night,1,3,False,,
347130,2013,2013-04-29,2013-04-30T00:15:00Z,R,Regular Season,N,1,Final,F,Cincinnati Reds,113,2,St. Louis Cardinals,138,1,Mat Latos,Adam Wainwright,Aroldis Chapman,9,Busch Stadium,night,1,3,False,,
347126,2013,2013-04-29,2013-04-30T01:40:00Z,R,Regular Season,N,1,Final,F,San Francisco Giants,137,6,Arizona Diamondbacks,109,4,Jean Machi,Brad Ziegler,Sergio Romo,9,Chase Field,night,1,3,False,,
347121,2013,2013-04-29,2013-04-30T02:05:00Z,R,Regular Season,N,1,Final,F,Los Angeles Angels,108,8,Oakland Athletics,133,10,Jerry Blevins,Barry Enright,,19,O.co Coliseum,night,1,3,False,,
347131,2013,2013-04-29,2013-04-30T02:10:00Z,R,Regular Season,N,1,Final,F,Baltimore Orioles,110,2,Seattle Mariners,136,6,Joe Saunders,Zack Britton,,9,Safeco Field,night,1,3,False,,
347132,2013,2013-04-29,2013-04-30T02:10:00Z,R,Regular Season,N,1,Final,F,Colorado Rockies,115,12,Los Angeles Dodgers,119,2,Tyler Chatwood,Ted Lilly,,9,Dodger Stadium,night,1,3,False,,
347135,2013,2013-04-30,2013-04-30T23:05:00Z,R,Regular Season,N,1,Final,F,Houston Astros,117,4,New York Yankees,147,7,Hiroki Kuroda,Philip Humber,Mariano Rivera,9,Yankee Stadium,night,2,3,False,,
347137,2013,2013-04-30,2013-04-30T23:05:00Z,R,Regular Season,N,1,Final,F,Philadelphia Phillies,143,2,Cleveland Indians,114,14,Zach McAllister,Roy Halladay,,9,Progressive Field,night,1,2,False,,
347142,2013,2013-04-30,2013-04-30T23:07:00Z,R,Regular Season,N,1,Final,F,Boston Red Sox,111,7,Toronto Blue Jays,141,9,Steve Delabar,Junichi Tazawa,Casey Janssen,9,Rogers Centre,night,1,3,False,,
347136,2013,2013-04-30,2013-04-30T23:08:00Z,R,Regular Season,N,1,Final,F,Minnesota Twins,142,1,Detroit Tigers,116,6,Justin Verlander,Vance Worley,,9,Comerica Park,night,2,3,False,,
347141,2013,2013-04-30,2013-04-30T23:10:00Z,R,Regular Season,N,1,Final,F,Washington Nationals,120,1,Atlanta Braves,144,8,Tim Hudson,Gio Gonzalez,,9,Turner Field,night,2,4,False,,
347143,2013,2013-04-30,2013-04-30T23:10:00Z,R,Regular Season,N,1,Final,F,New York Mets,121,1,Miami Marlins,146,2,Ryan Webb,Jeremy Hefner,,9,Marlins Park,night,2,3,False,,
347134,2013,2013-04-30,2013-05-01T00:05:00Z,R,Regular Season,N,1,Final,F,Chicago White Sox,145,6,Texas Rangers,140,10,Yu Darvish,Matt Lindstrom,,9,Rangers Ballpark in Arlington,night,1,3,False,,
347138,2013,2013-04-30,2013-05-01T00:05:00Z,R,Regular Season,N,1,Final,F,San Diego Padres,135,13,Chicago Cubs,112,7,Edinson Volquez,Edwin Jackson,,9,Wrigley Field,night,2,4,False,,
347140,2013,2013-04-30,2013-05-01T00:10:00Z,R,Regular Season,N,1,Final,F,Tampa Bay Rays,139,2,Kansas City Royals,118,8,James Shields,Alex Cobb,,9,Kauffman Stadium,night,1,2,False,,
347144,2013,2013-04-30,2013-05-01T00:10:00Z,R,Regular Season,N,1,Final,F,Pittsburgh Pirates,134,8,Milwaukee Brewers,158,12,Tom Gorzelanny,Bryan Morris,,9,Miller Park,night,2,3,False,,
347145,2013,2013-04-30,2013-05-01T00:15:00Z,R,Regular Season,N,1,Final,F,Cincinnati Reds,113,1,St. Louis Cardinals,138,2,Jaime García,Bronson Arroyo,Edward Mujica,9,Busch Stadium,night,2,3,False,,
347139,2013,2013-04-30,2013-05-01T01:40:00Z,R,Regular Season,N,1,Final,F,San Francisco Giants,137,2,Arizona Diamondbacks,109,1,Sandy Rosario,J.J. Putz,Sergio Romo,9,Chase Field,night,2,3,False,,
347133,2013,2013-04-30,2013-05-01T02:05:00Z,R,Regular Season,N,1,Final,F,Los Angeles Angels,108,6,Oakland Athletics,133,10,Jarrod Parker,Garrett Richards,,9,O.co Coliseum,night,2,3,False,,
347146,2013,2013-04-30,2013-05-01T02:10:00Z,R,Regular Season,N,1,Final,F,Baltimore Orioles,110,7,Seattle Mariners,136,2,Jason Hammel,Brandon Maurer,,9,Safeco Field,night,2,3,False,,
347147,2013,2013-04-30,2013-05-01T02:10:00Z,R,Regular Season,N,1,Final,F,Colorado Rockies,115,2,Los Angeles Dodgers,119,6,Hyun Jin Ryu,Jorge De La Rosa,,9,Dodger Stadium,night,2,3,False,,
347157,2013,2013-05-01,2013-05-01T16:40:00Z,R,Regular Season,N,1,Final,F,New York Mets,121,7,Miami Marlins,146,6,Dillon Gee,AJ Ramos,Bobby Parnell,9,Marlins Park,day,3,3,False,,
347151,2013,2013-05-01,2013-05-01T17:08:00Z,R,Regular Season,N,1,Final,F,Minnesota Twins,142,6,Detroit Tigers,116,2,Scott Diamond,Aníbal Sánchez,,9,Comerica Park,day,3,3,False,,
347158,2013,2013-05-01,2013-05-01T17:10:00Z,R,Regular Season,N,1,Final,F,Pittsburgh Pirates,134,6,Milwaukee Brewers,158,4,Bryan Morris,John Axford,Jason Grilli,9,Miller Park,day,3,3,False,,
347159,2013,2013-05-01,2013-05-01T17:45:00Z,R,Regular Season,N,1,Final,F,Cincinnati Reds,113,2,St. Louis Cardinals,138,4,Lance Lynn,Homer Bailey,Edward Mujica,9,Busch Stadium,day,3,3,False,,
347148,2013,2013-05-01,2013-05-01T19:35:00Z,R,Regular Season,N,1,Final,F,Los Angeles Angels,108,5,Oakland Athletics,133,4,C.J. Wilson,Tommy Milone,Ernesto Frieri,9,O.co Coliseum,day,3,3,False,,
347150,2013,2013-05-01,2013-05-01T23:05:00Z,R,Regular Season,N,1,Final,F,Houston Astros,117,4,New York Yankees,147,5,Boone Logan,Paul Clemens,Mariano Rivera,9,Yankee Stadium,night,3,3,False,,
347152,2013,2013-05-01,2013-05-01T23:05:00Z,R,Regular Season,N,1,Final,F,Philadelphia Phillies,143,0,Cleveland Indians,114,6,Trevor Bauer,Cliff Lee,,9,Progressive Field,night,2,2,False,,
347160,2013,2013-05-01,2013-05-01T23:07:00Z,R,Regular Season,N,1,Final,F,Boston Red Sox,111,10,Toronto Blue Jays,141,1,Clay Buchholz,Mark Buehrle,,9,Rogers Centre,night,2,3,False,,
347156,2013,2013-05-01,2013-05-01T23:10:00Z,R,Regular Season,N,1,Final,F,Washington Nationals,120,2,Atlanta Braves,144,0,Jordan Zimmermann,Paul Maholm,Rafael Soriano,9,Turner Field,night,3,4,False,,
347149,2013,2013-05-01,2013-05-02T00:05:00Z,R,Regular Season,N,1,Final,F,Chicago White Sox,145,5,Texas Rangers,140,2,Chris Sale,Nick Tepesch,Addison Reed,9,Rangers Ballpark in Arlington,night,2,3,False,,
347153,2013,2013-05-01,2013-05-02T00:05:00Z,R,Regular Season,N,1,Final,F,San Diego Padres,135,2,Chicago Cubs,112,6,Scott Feldman,Andrew Cashner,,9,Wrigley Field,night,3,4,False,,
347155,2013,2013-05-01,2013-05-02T00:10:00Z,R,Regular Season,N,1,Final,F,Tampa Bay Rays,139,8,Kansas City Royals,118,9,Bruce Chen,Jake McGee,Greg Holland,9,Kauffman Stadium,night,2,2,False,,
347154,2013,2013-05-01,2013-05-02T01:40:00Z,R,Regular Season,N,1,Final,F,San Francisco Giants,137,9,Arizona Diamondbacks,109,6,George Kontos,David Hernandez,Sergio Romo,9,Chase Field,night,3,3,False,,
347161,2013,2013-05-01,2013-05-02T02:10:00Z,R,Regular Season,N,1,Final,F,Baltimore Orioles,110,3,Seattle Mariners,136,8,Aaron Harang,Wei-Yin Chen,,9,Safeco Field,night,3,3,False,,
347162,2013,2013-05-01,2013-05-02T02:10:00Z,R,Regular Season,N,1,Final,F,Colorado Rockies,115,7,Los Angeles Dodgers,119,3,Josh Outman,Josh Beckett,,9,Dodger Stadium,night,3,3,False,,
347166,2013,2013-05-02,2013-05-02T18:20:00Z,R,Regular Season,N,1,Final,F,San Diego Padres,135,4,Chicago Cubs,112,2,Joe Thatcher,Travis Wood,Huston Street,9,Wrigley Field,day,4,4,False,,
347169,2013,2013-05-02,2013-05-02T23:05:00Z,R,Regular Season,N,1,Final,F,Miami Marlins,146,2,Philadelphia Phillies,143,7,Kyle Kendrick,Alex Sanabia,,9,Citizens Bank Park,night,1,4,False,,
347170,2013,2013-05-02,2013-05-02T23:07:00Z,R,Regular Season,N,1,Final,F,Boston Red Sox,111,3,Toronto Blue Jays,141,1,Ryan Dempster,J.A. Happ,Joel Hanrahan,9,Rogers Centre,night,3,3,False,,
347168,2013,2013-05-02,2013-05-02T23:10:00Z,R,Regular Season,N,1,Final,F,Washington Nationals,120,3,Atlanta Braves,144,1,Dan Haren,Kris Medlen,Rafael Soriano,9,Turner Field,night,4,4,False,,
347164,2013,2013-05-02,2013-05-03T00:05:00Z,R,Regular Season,N,1,Final,F,Chicago White Sox,145,3,Texas Rangers,140,1,Héctor Santiago,Justin Grimm,Addison Reed,9,Rangers Ballpark in Arlington,night,3,3,False,,
347165,2013,2013-05-02,2013-05-03T00:10:00Z,R,Regular Season,N,1,Final,F,Detroit Tigers,116,7,Houston Astros,117,3,Luke Putkonen,Dallas Keuchel,,14,Minute Maid Park,night,1,4,False,,
347171,2013,2013-05-02,2013-05-03T00:10:00Z,R,Regular Season,N,1,Final,F,St. Louis Cardinals,138,6,Milwaukee Brewers,158,5,Jake Westbrook,Wily Peralta,Edward Mujica,9,Miller Park,night,1,4,False,,
347163,2013,2013-05-02,2013-05-03T02:05:00Z,R,Regular Season,N,1,Final,F,Baltimore Orioles,110,5,Los Angeles Angels,108,1,Chris Tillman,Joe Blanton,,9,Angel Stadium of Anaheim,night,1,4,False,,
347176,2013,2013-05-03,2013-05-03T18:20:00Z,R,Regular Season,N,1,Final,F,Cincinnati Reds,113,6,Chicago Cubs,112,5,Mike Leake,Carlos Villanueva,J.J. Hoover,9,Wrigley Field,day,1,3,False,,
347179,2013,2013-05-03,2013-05-03T23:05:00Z,R,Regular Season,N,1,Final,F,Minnesota Twins,142,6,Cleveland Indians,114,7,Chris Perez,Casey Fien,,10,Progressive Field,night,1,3,False,,
347181,2013,2013-05-03,2013-05-03T23:05:00Z,R,Regular Season,N,1,Final,F,Oakland Athletics,133,2,New York Yankees,147,0,A.J. Griffin,CC Sabathia,Grant Balfour,9,Yankee Stadium,night,1,3,False,,
347183,2013,2013-05-03,2013-05-03T23:05:00Z,R,Regular Season,N,1,Final,F,Washington Nationals,120,1,Pittsburgh Pirates,134,3,A.J. Burnett,Ross Detwiler,Jason Grilli,9,PNC Park,night,1,3,False,,
347184,2013,2013-05-03,2013-05-03T23:05:00Z,R,Regular Season,N,1,Final,F,Miami Marlins,146,1,Philadelphia Phillies,143,4,Jonathan Pettibone,Ricky Nolasco,Jonathan Papelbon,9,Citizens Bank Park,night,2,4,False,,
347185,2013,2013-05-03,2013-05-03T23:07:00Z,R,Regular Season,N,1,Final,F,Seattle Mariners,136,4,Toronto Blue Jays,141,0,Félix Hernández,Ricky Romero,,9,Rogers Centre,night,1,3,False,,
347180,2013,2013-05-03,2013-05-03T23:30:00Z,R,Regular Season,N,1,Final,F,New York Mets,121,7,Atlanta Braves,144,5,Bobby Parnell,Jordan Walden,Jeurys Familia,10,Turner Field,night,1,2,False,,
347174,2013,2013-05-03,2013-05-04T00:05:00Z,R,Regular Season,N,1,Final,F,Boston Red Sox,111,0,Texas Rangers,140,7,Derek Holland,Félix Doubront,,9,Rangers Ballpark in Arlington,night,1,3,False,,
347177,2013,2013-05-03,2013-05-04T00:10:00Z,R,Regular Season,N,1,Final,F,Detroit Tigers,116,4,Houston Astros,117,3,Drew Smyly,Jose Veras,Jose Valverde,9,Minute Maid Park,night,2,4,False,,
347186,2013,2013-05-03,2013-05-04T00:10:00Z,R,Regular Season,N,1,Final,F,St. Louis Cardinals,138,6,Milwaukee Brewers,158,1,Shelby Miller,Kyle Lohse,,9,Miller Park,night,2,4,False,,
347182,2013,2013-05-03,2013-05-04T00:40:00Z,R,Regular Season,N,1,Final,F,Tampa Bay Rays,139,7,Colorado Rockies,115,4,Kyle Farnsworth,Matt Belisle,Fernando Rodney,10,Coors Field,night,1,3,False,,
347173,2013,2013-05-03,2013-05-04T02:05:00Z,R,Regular Season,N,1,Final,F,Baltimore Orioles,110,0,Los Angeles Angels,108,4,Jason Vargas,Miguel González,,9,Angel Stadium of Anaheim,night,2,4,False,,
347172,2013,2013-05-03,2013-05-04T02:10:00Z,R,Regular Season,N,1,Final,F,Arizona Diamondbacks,109,6,San Diego Padres,135,7,Jason Marquis,Wade Miley,Huston Street,9,Petco Park,night,1,3,False,,
347178,2013,2013-05-03,2013-05-04T02:15:00Z,R,Regular Season,N,1,Final,F,Los Angeles Dodgers,119,1,San Francisco Giants,137,2,Sergio Romo,Ronald Belisario,,9,AT&T Park,night,1,3,False,,
347191,2013,2013-05-04,2013-05-04T17:05:00Z,R,Regular Season,N,1,Final,F,Cincinnati Reds,113,6,Chicago Cubs,112,4,Logan Ondrusek,Carlos Marmol,Aroldis Chapman,9,Wrigley Field,day,2,3,False,,
347194,2013,2013-05-04,2013-05-04T17:05:00Z,R,Regular Season,N,1,Final,F,Minnesota Twins,142,3,Cleveland Indians,114,7,Scott Kazmir,Kevin Correia,,9,Progressive Field,day,2,3,False,,
347196,2013,2013-05-04,2013-05-04T17:05:00Z,R,Regular Season,N,1,Final,F,Oakland Athletics,133,2,New York Yankees,147,4,Phil Hughes,Bartolo Colon,,9,Yankee Stadium,day,2,3,False,,
347200,2013,2013-05-04,2013-05-04T17:07:00Z,R,Regular Season,N,1,Final,F,Seattle Mariners,136,8,Toronto Blue Jays,141,1,Hisashi Iwakuma,R.A. Dickey,,9,Rogers Centre,day,2,3,False,,
347188,2013,2013-05-04,2013-05-04T20:05:00Z,R,Regular Season,N,1,Final,F,Baltimore Orioles,110,5,Los Angeles Angels,108,4,Tommy Hunter,Garrett Richards,Jim Johnson,10,Angel Stadium of Anaheim,day,3,4,False,,
347197,2013,2013-05-04,2013-05-04T20:05:00Z,R,Regular Season,N,1,Final,F,St. Louis Cardinals,138,7,Milwaukee Brewers,158,6,Seth Maness,Jim Henderson,Edward Mujica,9,Miller Park,day,3,4,False,,
347199,2013,2013-05-04,2013-05-04T20:05:00Z,R,Regular Season,N,1,Final,F,Washington Nationals,120,5,Pittsburgh Pirates,134,4,Tyler Clippard,Tony Watson,Rafael Soriano,9,PNC Park,day,2,3,False,,
347201,2013,2013-05-04,2013-05-04T23:05:00Z,R,Regular Season,N,1,Final,F,Miami Marlins,146,2,Philadelphia Phillies,143,0,José Fernández,Cole Hamels,Steve Cishek,9,Citizens Bank Park,night,3,4,False,,
347190,2013,2013-05-04,2013-05-04T23:10:00Z,R,Regular Season,N,1,Final,F,Chicago White Sox,145,0,Kansas City Royals,118,2,Jeremy Guthrie,Dylan Axelrod,,9,Kauffman Stadium,night,1,3,False,,
347192,2013,2013-05-04,2013-05-04T23:10:00Z,R,Regular Season,N,1,Final,F,Detroit Tigers,116,17,Houston Astros,117,2,Max Scherzer,Lucas Harrell,,9,Minute Maid Park,night,3,4,False,,
347189,2013,2013-05-04,2013-05-05T00:05:00Z,R,Regular Season,N,1,Final,F,Boston Red Sox,111,1,Texas Rangers,140,5,Alexi Ogando,John Lackey,,9,Rangers Ballpark in Arlington,night,2,3,False,,
347198,2013,2013-05-04,2013-05-05T00:10:00Z,R,Regular Season,N,1,Final,F,Tampa Bay Rays,139,3,Colorado Rockies,115,9,Jon Garland,David Price,,9,Coors Field,night,2,3,False,,
347187,2013,2013-05-04,2013-05-05T00:40:00Z,R,Regular Season,N,1,Final,F,Arizona Diamondbacks,109,8,San Diego Padres,135,1,Patrick Corbin,Clayton Richard,,9,Petco Park,night,2,3,False,,
347193,2013,2013-05-04,2013-05-05T01:05:00Z,R,Regular Season,N,1,Final,F,Los Angeles Dodgers,119,9,San Francisco Giants,137,10,Santiago Casilla,Brandon League,,10,AT&T Park,night,2,3,False,,
347209,2013,2013-05-05,2013-05-05T17:05:00Z,R,Regular Season,N,1,Final,F,Minnesota Twins,142,4,Cleveland Indians,114,2,Mike Pelfrey,Corey Kluber,Glen Perkins,9,Progressive Field,day,3,3,False,,
347211,2013,2013-05-05,2013-05-05T17:05:00Z,R,Regular Season,N,1,Final,F,Oakland Athletics,133,5,New York Yankees,147,4,Sean Doolittle,Boone Logan,Grant Balfour,9,Yankee Stadium,day,3,3,False,,
347214,2013,2013-05-05,2013-05-05T17:07:00Z,R,Regular Season,N,1,Final,F,Seattle Mariners,136,2,Toronto Blue Jays,141,10,Brandon Morrow,Joe Saunders,,9,Rogers Centre,day,3,3,False,,
347210,2013,2013-05-05,2013-05-05T17:35:00Z,R,Regular Season,N,1,Final,F,New York Mets,121,4,Atlanta Braves,144,9,Tim Hudson,Jonathon Niese,,9,Turner Field,day,2,2,False,,
347213,2013,2013-05-05,2013-05-05T17:35:00Z,R,Regular Season,N,1,Final,F,Washington Nationals,120,6,Pittsburgh Pirates,134,2,Gio Gonzalez,Wandy Rodriguez,,9,PNC Park,day,3,3,False,,
347205,2013,2013-05-05,2013-05-05T18:10:00Z,R,Regular Season,N,1,Final,F,Chicago White Sox,145,5,Kansas City Royals,118,6,Greg Holland,Brian Omogrosso,,10,Kauffman Stadium,day,2,3,False,,
347215,2013,2013-05-05,2013-05-05T18:10:00Z,R,Regular Season,N,1,Final,F,St. Louis Cardinals,138,10,Milwaukee Brewers,158,1,Jaime García,Marco Estrada,,9,Miller Park,day,4,4,False,,
347206,2013,2013-05-05,2013-05-05T18:20:00Z,R,Regular Season,N,1,Final,F,Cincinnati Reds,113,7,Chicago Cubs,112,4,Mat Latos,Edwin Jackson,J.J. Hoover,9,Wrigley Field,day,3,3,False,,
347216,2013,2013-05-05,2013-05-05T18:35:00Z,R,Regular Season,N,1,Final,F,Miami Marlins,146,14,Philadelphia Phillies,143,2,Kevin Slowey,Roy Halladay,,9,Citizens Bank Park,day,4,4,False,,
347204,2013,2013-05-05,2013-05-05T19:05:00Z,R,Regular Season,N,1,Final,F,Boston Red Sox,111,3,Texas Rangers,140,4,Joe Nathan,Clayton Mortensen,,9,Rangers Ballpark in Arlington,day,3,3,False,,
347203,2013,2013-05-05,2013-05-05T19:35:00Z,R,Regular Season,N,1,Final,F,Baltimore Orioles,110,8,Los Angeles Angels,108,4,Jason Hammel,Jerome Williams,Darren O'Day,9,Angel Stadium of Anaheim,day,4,4,False,,
347202,2013,2013-05-05,2013-05-05T20:10:00Z,R,Regular Season,N,1,Final,F,Arizona Diamondbacks,109,1,San Diego Padres,135,5,Edinson Volquez,Ian Kennedy,,9,Petco Park,day,3,3,False,,
347207,2013,2013-05-05,2013-05-05T20:10:00Z,R,Regular Season,N,1,Final,F,Detroit Tigers,116,9,Houston Astros,117,0,Justin Verlander,Philip Humber,,9,Minute Maid Park,day,4,4,False,,
347212,2013,2013-05-05,2013-05-05T20:10:00Z,R,Regular Season,N,1,Final,F,Tampa Bay Rays,139,8,Colorado Rockies,115,3,Alex Cobb,Jhoulys Chacín,,9,Coors Field,day,3,3,False,,
347208,2013,2013-05-05,2013-05-06T00:00:00Z,R,Regular Season,N,1,Final,F,Los Angeles Dodgers,119,3,San Francisco Giants,137,4,Matt Cain,Hyun Jin Ryu,Sergio Romo,9,AT&T Park,day,3,3,False,,
347175,2013,2013-05-06,2013-05-06T18:10:00Z,R,Regular Season,N,1,Final,F,Chicago White Sox,145,2,Kansas City Royals,118,1,Jesse Crain,Kelvin Herrera,Addison Reed,11,Kauffman Stadium,day,3,3,False,,
347220,2013,2013-05-06,2013-05-06T23:05:00Z,R,Regular Season,N,1,Final,F,Oakland Athletics,133,3,Cleveland Indians,114,7,Ubaldo Jiménez,Jarrod Parker,,9,Progressive Field,night,1,4,False,,
347217,2013,2013-05-06,2013-05-06T23:10:00Z,R,Regular Season,N,1,Final,F,Atlanta Braves,144,7,Cincinnati Reds,113,4,Paul Maholm,Bronson Arroyo,Craig Kimbrel,9,Great American Ball Park,night,1,3,False,,
347219,2013,2013-05-06,2013-05-06T23:10:00Z,R,Regular Season,N,1,Final,F,Minnesota Twins,142,5,Boston Red Sox,111,6,Clayton Mortensen,Jared Burton,,11,Fenway Park,night,1,4,False,,
347222,2013,2013-05-06,2013-05-06T23:10:00Z,R,Regular Season,N,1,Final,F,Toronto Blue Jays,141,8,Tampa Bay Rays,139,7,Darren Oliver,Fernando Rodney,Casey Janssen,9,Tropicana Field,night,1,4,False,,
346960,2013,2013-05-06,2013-05-07T00:05:00Z,R,Regular Season,N,1,Final,F,Texas Rangers,140,2,Chicago Cubs,112,9,Scott Feldman,Nick Tepesch,,9,Wrigley Field,night,1,1,False,,
347218,2013,2013-05-06,2013-05-07T02:10:00Z,R,Regular Season,N,1,Final,F,Miami Marlins,146,0,San Diego Padres,135,5,Andrew Cashner,Wade LeBlanc,,9,Petco Park,night,1,3,False,,
347223,2013,2013-05-06,2013-05-07T02:10:00Z,R,Regular Season,N,1,Final,F,Arizona Diamondbacks,109,9,Los Angeles Dodgers,119,2,Trevor Cahill,Chris Capuano,,9,Dodger Stadium,night,1,3,False,,
347221,2013,2013-05-06,2013-05-07T02:15:00Z,R,Regular Season,N,1,Final,F,Philadelphia Phillies,143,6,San Francisco Giants,137,2,Cliff Lee,Madison Bumgarner,,9,AT&T Park,night,1,3,False,,
347228,2013,2013-05-07,2013-05-07T23:05:00Z,R,Regular Season,N,1,Final,F,Kansas City Royals,118,3,Baltimore Orioles,110,4,Tommy Hunter,Tim Collins,Jim Johnson,9,Oriole Park at Camden Yards,night,1,3,False,,
347232,2013,2013-05-07,2013-05-07T23:05:00Z,R,Regular Season,N,1,Final,F,Oakland Athletics,133,0,Cleveland Indians,114,1,Zach McAllister,Tommy Milone,Chris Perez,9,Progressive Field,night,2,4,False,,
347234,2013,2013-05-07,2013-05-07T23:05:00Z,R,Regular Season,N,1,Final,F,Seattle Mariners,136,1,Pittsburgh Pirates,134,4,Jeanmar Gómez,Aaron Harang,Jason Grilli,9,PNC Park,night,1,2,False,,
347225,2013,2013-05-07,2013-05-07T23:10:00Z,R,Regular Season,N,1,Final,F,Atlanta Braves,144,4,Cincinnati Reds,113,5,Jonathan Broxton,Craig Kimbrel,,9,Great American Ball Park,night,2,3,False,,
347226,2013,2013-05-07,2013-05-07T23:10:00Z,R,Regular Season,N,1,Final,F,Chicago White Sox,145,0,New York Mets,121,1,Bobby Parnell,Nate Jones,,10,Citi Field,night,1,2,False,,
347230,2013,2013-05-07,2013-05-07T23:10:00Z,R,Regular Season,N,1,Final,F,Minnesota Twins,142,6,Boston Red Sox,111,1,Scott Diamond,Ryan Dempster,,9,Fenway Park,night,2,4,False,,
347236,2013,2013-05-07,2013-05-07T23:10:00Z,R,Regular Season,N,1,Final,F,Toronto Blue Jays,141,6,Tampa Bay Rays,139,4,Steve Delabar,Joel Peralta,Casey Janssen,9,Tropicana Field,night,2,4,False,,
347235,2013,2013-05-07,2013-05-08T00:05:00Z,R,Regular Season,N,1,Final,F,St. Louis Cardinals,138,1,Chicago Cubs,112,2,Travis Wood,Lance Lynn,Kevin Gregg,9,Wrigley Field,night,1,2,False,,
347224,2013,2013-05-07,2013-05-08T00:10:00Z,R,Regular Season,N,1,Final,F,Los Angeles Angels,108,6,Houston Astros,117,7,Jordan Lyles,C.J. Wilson,Jose Veras,9,Minute Maid Park,night,1,3,False,,
347237,2013,2013-05-07,2013-05-08T00:10:00Z,R,Regular Season,N,1,Final,F,Texas Rangers,140,3,Milwaukee Brewers,158,6,Wily Peralta,Justin Grimm,Jim Henderson,9,Miller Park,night,1,2,False,,
347231,2013,2013-05-07,2013-05-08T00:40:00Z,R,Regular Season,N,1,Final,F,New York Yankees,147,0,Colorado Rockies,115,2,Jorge De La Rosa,Hiroki Kuroda,Rafael Betancourt,9,Coors Field,night,1,3,False,,
347229,2013,2013-05-07,2013-05-08T02:10:00Z,R,Regular Season,N,1,Final,F,Miami Marlins,146,1,San Diego Padres,135,5,Eric Stults,Alex Sanabia,,9,Petco Park,night,2,3,False,,
347238,2013,2013-05-07,2013-05-08T02:10:00Z,R,Regular Season,N,1,Final,F,Arizona Diamondbacks,109,5,Los Angeles Dodgers,119,3,David Hernandez,Brandon League,Heath Bell,9,Dodger Stadium,night,2,3,False,,
347233,2013,2013-05-07,2013-05-08T02:15:00Z,R,Regular Season,N,1,Final,F,Philadelphia Phillies,143,6,San Francisco Giants,137,2,Kyle Kendrick,Tim Lincecum,,9,AT&T Park,night,2,3,False,,
347240,2013,2013-05-08,2013-05-08T16:35:00Z,R,Regular Season,N,1,Final,F,Atlanta Braves,144,7,Cincinnati Reds,113,2,Mike Minor,Mike Leake,,9,Great American Ball Park,day,3,3,False,,
347249,2013,2013-05-08,2013-05-08T16:35:00Z,R,Regular Season,N,1,Final,F,Seattle Mariners,136,2,Pittsburgh Pirates,134,1,Félix Hernández,A.J. Burnett,Tom Wilhelmsen,9,PNC Park,day,2,2,False,,
347250,2013,2013-05-08,2013-05-08T18:20:00Z,R,Regular Season,N,1,Final,F,St. Louis Cardinals,138,5,Chicago Cubs,112,4,Seth Maness,Michael Bowden,Edward Mujica,9,Wrigley Field,day,2,2,False,,
347244,2013,2013-05-08,2013-05-08T19:40:00Z,R,Regular Season,N,1,Final,F,Miami Marlins,146,0,San Diego Padres,135,1,Jason Marquis,Ricky Nolasco,Huston Street,9,Petco Park,day,3,3,False,,
347248,2013,2013-05-08,2013-05-08T19:45:00Z,R,Regular Season,N,1,Final,F,Philadelphia Phillies,143,3,San Francisco Giants,137,4,Javier López,Antonio Bastardo,,10,AT&T Park,day,3,3,False,,
347242,2013,2013-05-08,2013-05-08T23:05:00Z,R,Regular Season,N,1,Final,F,Detroit Tigers,116,1,Washington Nationals,120,3,Jordan Zimmermann,Aníbal Sánchez,Rafael Soriano,9,Nationals Park,night,1,2,False,,
347243,2013,2013-05-08,2013-05-08T23:05:00Z,R,Regular Season,N,1,Final,F,Kansas City Royals,118,3,Baltimore Orioles,110,5,Chris Tillman,Luis Mendoza,Jim Johnson,9,Oriole Park at Camden Yards,night,2,3,False,,
347247,2013,2013-05-08,2013-05-08T23:05:00Z,R,Regular Season,N,1,Final,F,Oakland Athletics,133,3,Cleveland Indians,114,4,Justin Masterson,A.J. Griffin,Chris Perez,9,Progressive Field,night,3,4,False,,
347241,2013,2013-05-08,2013-05-08T23:10:00Z,R,Regular Season,N,1,Final,F,Chicago White Sox,145,6,New York Mets,121,3,Jake Peavy,Jeremy Hefner,,9,Citi Field,night,2,2,False,,
347245,2013,2013-05-08,2013-05-08T23:10:00Z,R,Regular Season,N,1,Final,F,Minnesota Twins,142,15,Boston Red Sox,111,8,Ryan Pressly,Allen Webster,,9,Fenway Park,night,3,4,False,,
347251,2013,2013-05-08,2013-05-08T23:10:00Z,R,Regular Season,N,1,Final,F,Toronto Blue Jays,141,4,Tampa Bay Rays,139,10,Matt Moore,Ricky Romero,,9,Tropicana Field,night,3,4,False,,
347239,2013,2013-05-08,2013-05-09T00:10:00Z,R,Regular Season,N,1,Final,F,Los Angeles Angels,108,1,Houston Astros,117,3,Bud Norris,Joe Blanton,Jose Veras,9,Minute Maid Park,night,2,3,False,,
347252,2013,2013-05-08,2013-05-09T00:10:00Z,R,Regular Season,N,1,Final,F,Texas Rangers,140,4,Milwaukee Brewers,158,1,Derek Holland,Kyle Lohse,Joe Nathan,9,Miller Park,night,2,2,False,,
347246,2013,2013-05-08,2013-05-09T00:40:00Z,R,Regular Season,N,1,Final,F,New York Yankees,147,3,Colorado Rockies,115,2,David Robertson,Rafael Betancourt,Mariano Rivera,9,Coors Field,night,2,3,False,,
347253,2013,2013-05-08,2013-05-09T02:10:00Z,R,Regular Season,N,1,Final,F,Arizona Diamondbacks,109,3,Los Angeles Dodgers,119,2,Wade Miley,Kenley Jansen,Heath Bell,9,Dodger Stadium,night,3,3,False,,
347259,2013,2013-05-09,2013-05-09T16:05:00Z,R,Regular Season,N,1,Final,F,Oakland Athletics,133,2,Cleveland Indians,114,9,Scott Kazmir,Bartolo Colon,,9,Progressive Field,day,4,4,False,,
347258,2013,2013-05-09,2013-05-09T19:10:00Z,R,Regular Season,N,1,Final,F,New York Yankees,147,3,Colorado Rockies,115,1,Adam Warren,Jeff Francis,Mariano Rivera,9,Coors Field,day,3,3,False,,
347227,2013,2013-05-09,2013-05-09T20:05:00Z,R,Regular Season,N,1,Final,F,Detroit Tigers,116,4,Washington Nationals,120,5,Dan Haren,Doug Fister,Rafael Soriano,9,Nationals Park,day,2,2,False,,
347256,2013,2013-05-09,2013-05-09T23:05:00Z,R,Regular Season,N,1,Final,F,Kansas City Royals,118,6,Baltimore Orioles,110,2,Jeremy Guthrie,Freddy Garcia,,9,Oriole Park at Camden Yards,night,3,3,False,,
347257,2013,2013-05-09,2013-05-09T23:10:00Z,R,Regular Season,N,1,Final,F,Minnesota Twins,142,5,Boston Red Sox,111,3,Kevin Correia,John Lackey,Glen Perkins,9,Fenway Park,night,4,4,False,,
347261,2013,2013-05-09,2013-05-09T23:10:00Z,R,Regular Season,N,1,Final,F,Pittsburgh Pirates,134,2,New York Mets,121,3,Bobby Parnell,Jason Grilli,,9,Citi Field,night,1,4,False,,
347262,2013,2013-05-09,2013-05-09T23:10:00Z,R,Regular Season,N,1,Final,F,Toronto Blue Jays,141,4,Tampa Bay Rays,139,5,Kyle Farnsworth,Aaron Loup,,10,Tropicana Field,night,4,4,False,,
347254,2013,2013-05-09,2013-05-10T00:10:00Z,R,Regular Season,N,1,Final,F,Los Angeles Angels,108,6,Houston Astros,117,5,Garrett Richards,Hector Ambriz,Ernesto Frieri,9,Minute Maid Park,night,3,3,False,,
347260,2013,2013-05-09,2013-05-10T01:40:00Z,R,Regular Season,N,1,Final,F,Philadelphia Phillies,143,1,Arizona Diamondbacks,109,2,Patrick Corbin,Cole Hamels,Heath Bell,9,Chase Field,night,1,4,False,,
347255,2013,2013-05-09,2013-05-10T02:15:00Z,R,Regular Season,N,1,Final,F,Atlanta Braves,144,6,San Francisco Giants,137,3,Julio Teheran,Ryan Vogelsong,Craig Kimbrel,9,AT&T Park,night,1,4,False,,
347266,2013,2013-05-10,2013-05-10T23:05:00Z,R,Regular Season,N,1,Final,F,Chicago Cubs,112,3,Washington Nationals,120,7,Ross Detwiler,Jeff Samardzija,,9,Nationals Park,night,1,3,False,,
347267,2013,2013-05-10,2013-05-10T23:08:00Z,R,Regular Season,N,1,Final,F,Cleveland Indians,114,4,Detroit Tigers,116,10,Max Scherzer,Corey Kluber,,9,Comerica Park,night,1,3,False,,
347268,2013,2013-05-10,2013-05-10T23:10:00Z,R,Regular Season,N,1,Final,F,Milwaukee Brewers,158,3,Cincinnati Reds,113,4,Alfredo Simon,Yovani Gallardo,Aroldis Chapman,9,Great American Ball Park,night,1,3,False,,
347271,2013,2013-05-10,2013-05-10T23:10:00Z,R,Regular Season,N,1,Final,F,Pittsburgh Pirates,134,7,New York Mets,121,3,Wandy Rodriguez,Shaun Marcum,Jason Grilli,9,Citi Field,night,2,4,False,,
347272,2013,2013-05-10,2013-05-10T23:10:00Z,R,Regular Season,N,1,Final,F,San Diego Padres,135,3,Tampa Bay Rays,139,6,Jake McGee,Dale Thayer,Fernando Rodney,9,Tropicana Field,night,1,3,False,,
347274,2013,2013-05-10,2013-05-10T23:10:00Z,R,Regular Season,N,1,Final,F,Toronto Blue Jays,141,0,Boston Red Sox,111,5,Jon Lester,Ramón Ortiz,,9,Fenway Park,night,1,3,False,,
347263,2013,2013-05-10,2013-05-11T00:10:00Z,R,Regular Season,N,1,Final,F,Los Angeles Angels,108,7,Chicago White Sox,145,5,Michael Kohn,Dylan Axelrod,Ernesto Frieri,9,U.S. Cellular Field,night,1,3,False,,
347265,2013,2013-05-10,2013-05-11T00:10:00Z,R,Regular Season,N,1,Final,F,Baltimore Orioles,110,9,Minnesota Twins,142,6,Tommy Hunter,Anthony Swarzak,Jim Johnson,10,Target Field,night,1,3,False,,
347269,2013,2013-05-10,2013-05-11T00:10:00Z,R,Regular Season,N,1,Final,F,New York Yankees,147,11,Kansas City Royals,118,6,Phil Hughes,Wade Davis,,9,Kauffman Stadium,night,1,3,False,,
347273,2013,2013-05-10,2013-05-11T00:10:00Z,R,Regular Season,N,1,Final,F,Texas Rangers,140,4,Houston Astros,117,2,Robbie Ross Jr.,Wesley Wright,Joe Nathan,9,Minute Maid Park,night,1,3,False,,
347275,2013,2013-05-10,2013-05-11T00:15:00Z,R,Regular Season,N,1,Final,F,Colorado Rockies,115,0,St. Louis Cardinals,138,3,Shelby Miller,Jon Garland,,9,Busch Stadium,night,1,3,False,,
347270,2013,2013-05-10,2013-05-11T01:40:00Z,R,Regular Season,N,1,Final,F,Philadelphia Phillies,143,2,Arizona Diamondbacks,109,3,Tony Sipp,Mike Adams,David Hernandez,9,Chase Field,night,2,4,False,,
347276,2013,2013-05-10,2013-05-11T02:10:00Z,R,Regular Season,N,1,Final,F,Miami Marlins,146,5,Los Angeles Dodgers,119,4,José Fernández,Ronald Belisario,Steve Cishek,9,Dodger Stadium,night,1,3,False,,
347277,2013,2013-05-10,2013-05-11T02:10:00Z,R,Regular Season,N,1,Final,F,Oakland Athletics,133,3,Seattle Mariners,136,6,Hisashi Iwakuma,Dan Straily,Tom Wilhelmsen,9,Safeco Field,night,1,3,False,,
347264,2013,2013-05-10,2013-05-11T02:15:00Z,R,Regular Season,N,1,Final,F,Atlanta Braves,144,2,San Francisco Giants,137,8,Matt Cain,Tim Hudson,,9,AT&T Park,night,2,4,False,,
347289,2013,2013-05-11,2013-05-11T17:10:00Z,R,Regular Season,N,1,Final,F,Pittsburgh Pirates,134,11,New York Mets,121,2,Francisco Liriano,Jonathon Niese,,9,Citi Field,day,3,4,False,,
347292,2013,2013-05-11,2013-05-11T17:35:00Z,R,Regular Season,N,1,Final,F,Toronto Blue Jays,141,3,Boston Red Sox,111,2,Darren Oliver,Junichi Tazawa,Casey Janssen,9,Fenway Park,day,2,3,False,,
347283,2013,2013-05-11,2013-05-11T18:15:00Z,R,Regular Season,N,1,Final,F,Colorado Rockies,115,0,St. Louis Cardinals,138,3,Adam Wainwright,Jhoulys Chacín,,9,Busch Stadium,day,2,3,False,,
347279,2013,2013-05-11,2013-05-11T20:05:00Z,R,Regular Season,N,1,Final,F,Atlanta Braves,144,1,San Francisco Giants,137,10,Madison Bumgarner,Paul Maholm,,9,AT&T Park,day,3,4,False,,
347281,2013,2013-05-11,2013-05-11T20:05:00Z,R,Regular Season,N,1,Final,F,Chicago Cubs,112,8,Washington Nationals,120,2,Edwin Jackson,Stephen Strasburg,,9,Nationals Park,day,2,3,False,,
347285,2013,2013-05-11,2013-05-11T20:10:00Z,R,Regular Season,N,1,Final,F,Milwaukee Brewers,158,7,Cincinnati Reds,113,13,Mat Latos,Hiram Burgos,,9,Great American Ball Park,day,2,3,False,,
347290,2013,2013-05-11,2013-05-11T22:10:00Z,R,Regular Season,N,1,Final,F,San Diego Padres,135,7,Tampa Bay Rays,139,8,Cesár Ramos,Huston Street,,9,Tropicana Field,night,2,3,False,,
347282,2013,2013-05-11,2013-05-11T23:08:00Z,R,Regular Season,N,1,Final,F,Cleveland Indians,114,7,Detroit Tigers,116,6,Ubaldo Jiménez,Justin Verlander,Chris Perez,9,Comerica Park,night,2,3,False,,
347278,2013,2013-05-11,2013-05-11T23:10:00Z,R,Regular Season,N,1,Final,F,Los Angeles Angels,108,3,Chicago White Sox,145,2,Jerome Williams,Jose Quintana,Ernesto Frieri,9,U.S. Cellular Field,night,2,3,False,,
347280,2013,2013-05-11,2013-05-11T23:10:00Z,R,Regular Season,N,1,Final,F,Baltimore Orioles,110,5,Minnesota Twins,142,8,Vance Worley,Steve Johnson,Jared Burton,9,Target Field,night,2,3,False,,
347286,2013,2013-05-11,2013-05-11T23:10:00Z,R,Regular Season,N,1,Final,F,New York Yankees,147,3,Kansas City Royals,118,2,Andy Pettitte,James Shields,Mariano Rivera,9,Kauffman Stadium,night,2,3,False,,
347291,2013,2013-05-11,2013-05-11T23:10:00Z,R,Regular Season,N,1,Final,F,Texas Rangers,140,8,Houston Astros,117,7,Yu Darvish,Philip Humber,Joe Nathan,9,Minute Maid Park,night,2,3,False,,
347288,2013,2013-05-11,2013-05-12T00:10:00Z,R,Regular Season,N,1,Final,F,Philadelphia Phillies,143,3,Arizona Diamondbacks,109,1,Cliff Lee,Trevor Cahill,Jonathan Papelbon,9,Chase Field,night,3,4,False,,
347284,2013,2013-05-11,2013-05-12T01:10:00Z,R,Regular Season,N,1,Final,F,Miami Marlins,146,1,Los Angeles Dodgers,119,7,Hyun Jin Ryu,Kevin Slowey,,9,Dodger Stadium,night,2,3,False,,
347287,2013,2013-05-11,2013-05-12T01:10:00Z,R,Regular Season,N,1,Final,F,Oakland Athletics,133,4,Seattle Mariners,136,3,Jarrod Parker,Brandon Maurer,Grant Balfour,9,Safeco Field,night,2,3,False,,
347297,2013,2013-05-12,2013-05-12T17:08:00Z,R,Regular Season,N,1,Final,F,Cleveland Indians,114,4,Detroit Tigers,116,3,Joe Smith,Darin Downs,Cody Allen,10,Comerica Park,day,3,3,False,,
347299,2013,2013-05-12,2013-05-12T17:10:00Z,R,Regular Season,N,1,Final,F,Milwaukee Brewers,158,1,Cincinnati Reds,113,5,Bronson Arroyo,Wily Peralta,,9,Great American Ball Park,day,3,3,False,,
347302,2013,2013-05-12,2013-05-12T17:10:00Z,R,Regular Season,N,1,Final,F,Pittsburgh Pirates,134,3,New York Mets,121,2,Justin Wilson,Scott Rice,Jason Grilli,9,Citi Field,day,4,4,False,,
347296,2013,2013-05-12,2013-05-12T17:35:00Z,R,Regular Season,N,1,Final,F,Chicago Cubs,112,2,Washington Nationals,120,1,James Russell,Rafael Soriano,Kevin Gregg,9,Nationals Park,day,3,3,False,,
347305,2013,2013-05-12,2013-05-12T17:35:00Z,R,Regular Season,N,1,Final,F,Toronto Blue Jays,141,12,Boston Red Sox,111,4,Chad Jenkins,Ryan Dempster,,9,Fenway Park,day,3,3,False,,
347303,2013,2013-05-12,2013-05-12T17:40:00Z,R,Regular Season,N,1,Final,F,San Diego Padres,135,2,Tampa Bay Rays,139,4,Roberto Hernandez,Eric Stults,Fernando Rodney,9,Tropicana Field,day,3,3,False,,
347295,2013,2013-05-12,2013-05-12T18:10:00Z,R,Regular Season,N,1,Final,F,Baltimore Orioles,110,6,Minnesota Twins,142,0,Wei-Yin Chen,Scott Diamond,,9,Target Field,day,3,3,False,,
347300,2013,2013-05-12,2013-05-12T18:10:00Z,R,Regular Season,N,1,Final,F,New York Yankees,147,4,Kansas City Royals,118,2,Hiroki Kuroda,Ervin Santana,Mariano Rivera,9,Kauffman Stadium,day,3,3,False,,
347304,2013,2013-05-12,2013-05-12T18:10:00Z,R,Regular Season,N,1,Final,F,Texas Rangers,140,12,Houston Astros,117,7,Nick Tepesch,Jordan Lyles,,9,Minute Maid Park,day,3,3,False,,
347306,2013,2013-05-12,2013-05-12T18:15:00Z,R,Regular Season,N,1,Final,F,Colorado Rockies,115,8,St. Louis Cardinals,138,2,Jorge De La Rosa,Jaime García,,9,Busch Stadium,day,3,3,False,,
347294,2013,2013-05-12,2013-05-12T20:05:00Z,R,Regular Season,N,1,Final,F,Atlanta Braves,144,1,San Francisco Giants,137,5,Tim Lincecum,Kris Medlen,,9,AT&T Park,day,4,4,False,,
347298,2013,2013-05-12,2013-05-12T20:10:00Z,R,Regular Season,N,1,Final,F,Miami Marlins,146,3,Los Angeles Dodgers,119,5,Chris Capuano,Tom Koehler,,9,Dodger Stadium,day,3,3,False,,
347301,2013,2013-05-12,2013-05-12T20:10:00Z,R,Regular Season,N,1,Final,F,Philadelphia Phillies,143,4,Arizona Diamondbacks,109,2,Justin De Fratus,Matt Reynolds,Jonathan Papelbon,10,Chase Field,day,4,4,False,,
347307,2013,2013-05-12,2013-05-12T20:10:00Z,R,Regular Season,N,1,Final,F,Oakland Athletics,133,1,Seattle Mariners,136,6,Joe Saunders,Tommy Milone,,9,Safeco Field,day,3,3,False,,
347293,2013,2013-05-12,2013-05-13T00:05:00Z,R,Regular Season,N,1,Final,F,Los Angeles Angels,108,0,Chicago White Sox,145,3,Chris Sale,C.J. Wilson,,9,U.S. Cellular Field,night,3,3,False,,
346865,2013,2013-05-13,2013-05-13T16:05:00Z,R,Regular Season,Y,1,Final,F,New York Yankees,147,0,Cleveland Indians,114,1,Justin Masterson,David Phelps,,9,Progressive Field,day,1,2,False,,
346877,2013,2013-05-13,2013-05-13T16:10:00Z,R,Regular Season,Y,2,Final,F,New York Yankees,147,7,Cleveland Indians,114,0,Vidal Nuño,Trevor Bauer,Adam Warren,9,Progressive Field,day,2,2,False,,
347313,2013,2013-05-13,2013-05-13T23:05:00Z,R,Regular Season,N,1,Final,F,Milwaukee Brewers,158,5,Pittsburgh Pirates,134,1,Marco Estrada,A.J. Burnett,,9,PNC Park,night,1,4,False,,
347315,2013,2013-05-13,2013-05-13T23:05:00Z,R,Regular Season,N,1,Final,F,New York Mets,121,3,St. Louis Cardinals,138,6,Lance Lynn,Scott Rice,Edward Mujica,9,Busch Stadium,night,1,4,False,,
347311,2013,2013-05-13,2013-05-13T23:08:00Z,R,Regular Season,N,1,Final,F,Houston Astros,117,2,Detroit Tigers,116,7,Aníbal Sánchez,Bud Norris,,9,Comerica Park,night,1,3,False,,
347310,2013,2013-05-13,2013-05-14T00:05:00Z,R,Regular Season,N,1,Final,F,Colorado Rockies,115,1,Chicago Cubs,112,9,Travis Wood,Juan Nicasio,,9,Wrigley Field,night,1,3,False,,
347309,2013,2013-05-13,2013-05-14T00:10:00Z,R,Regular Season,N,1,Final,F,Chicago White Sox,145,3,Minnesota Twins,142,10,Pedro Hernandez,Héctor Santiago,,9,Target Field,night,1,3,False,,
347308,2013,2013-05-13,2013-05-14T01:40:00Z,R,Regular Season,N,1,Final,F,Atlanta Braves,144,10,Arizona Diamondbacks,109,1,Mike Minor,Wade Miley,,9,Chase Field,night,1,3,False,,
347312,2013,2013-05-13,2013-05-14T02:05:00Z,R,Regular Season,N,1,Final,F,Kansas City Royals,118,11,Los Angeles Angels,108,4,Luis Mendoza,Joe Blanton,Luke Hochevar,9,Angel Stadium of Anaheim,night,1,3,False,,
347314,2013,2013-05-13,2013-05-14T02:05:00Z,R,Regular Season,N,1,Final,F,Texas Rangers,140,1,Oakland Athletics,133,5,A.J. Griffin,Justin Grimm,,9,O.co Coliseum,night,1,3,False,,
347316,2013,2013-05-13,2013-05-14T02:10:00Z,R,Regular Season,N,1,Final,F,Washington Nationals,120,6,Los Angeles Dodgers,119,2,Jordan Zimmermann,Josh Beckett,,9,Dodger Stadium,night,1,3,False,,
347323,2013,2013-05-14,2013-05-14T23:05:00Z,R,Regular Season,N,1,Final,F,Milwaukee Brewers,158,3,Pittsburgh Pirates,134,4,Vin Mazzaro,Mike Fiers,,12,PNC Park,night,2,4,False,,
347324,2013,2013-05-14,2013-05-14T23:05:00Z,R,Regular Season,N,1,Final,F,San Diego Padres,135,3,Baltimore Orioles,110,2,Luke Gregerson,Jim Johnson,Huston Street,9,Oriole Park at Camden Yards,night,1,2,False,,
347325,2013,2013-05-14,2013-05-14T23:05:00Z,R,Regular Season,N,1,Final,F,Seattle Mariners,136,3,New York Yankees,147,4,Shawn Kelley,Charlie Furbush,Mariano Rivera,9,Yankee Stadium,night,1,3,False,,
347327,2013,2013-05-14,2013-05-14T23:05:00Z,R,Regular Season,N,1,Final,F,Cleveland Indians,114,2,Philadelphia Phillies,143,6,Jonathan Pettibone,Scott Kazmir,,9,Citizens Bank Park,night,1,2,False,,
347328,2013,2013-05-14,2013-05-14T23:07:00Z,R,Regular Season,N,1,Final,F,San Francisco Giants,137,6,Toronto Blue Jays,141,10,R.A. Dickey,Barry Zito,,9,Rogers Centre,night,1,2,False,,
347321,2013,2013-05-14,2013-05-14T23:08:00Z,R,Regular Season,N,1,Final,F,Houston Astros,117,2,Detroit Tigers,116,6,Doug Fister,Lucas Harrell,,9,Comerica Park,night,2,3,False,,
347318,2013,2013-05-14,2013-05-14T23:10:00Z,R,Regular Season,N,1,Final,F,Boston Red Sox,111,3,Tampa Bay Rays,139,5,Matt Moore,John Lackey,Fernando Rodney,9,Tropicana Field,night,1,3,False,,
347329,2013,2013-05-14,2013-05-14T23:10:00Z,R,Regular Season,N,1,Final,F,Cincinnati Reds,113,6,Miami Marlins,146,2,Homer Bailey,Ricky Nolasco,,9,Marlins Park,night,1,3,False,,
347320,2013,2013-05-14,2013-05-15T00:05:00Z,R,Regular Season,N,1,Final,F,Colorado Rockies,115,9,Chicago Cubs,112,4,Jeff Francis,Carlos Villanueva,,9,Wrigley Field,night,2,3,False,,
347319,2013,2013-05-14,2013-05-15T00:10:00Z,R,Regular Season,N,1,Final,F,Chicago White Sox,145,4,Minnesota Twins,142,2,Jake Peavy,Kevin Correia,Addison Reed,9,Target Field,night,2,3,False,,
347330,2013,2013-05-14,2013-05-15T00:15:00Z,R,Regular Season,N,1,Final,F,New York Mets,121,4,St. Louis Cardinals,138,10,John Gast,Dillon Gee,,9,Busch Stadium,night,2,4,False,,
347317,2013,2013-05-14,2013-05-15T01:40:00Z,R,Regular Season,N,1,Final,F,Atlanta Braves,144,0,Arizona Diamondbacks,109,2,Patrick Corbin,Julio Teheran,Heath Bell,9,Chase Field,night,2,3,False,,
347322,2013,2013-05-14,2013-05-15T02:05:00Z,R,Regular Season,N,1,Final,F,Kansas City Royals,118,2,Los Angeles Angels,108,6,Jason Vargas,Jeremy Guthrie,,9,Angel Stadium of Anaheim,night,2,3,False,,
347326,2013,2013-05-14,2013-05-15T02:05:00Z,R,Regular Season,N,1,Final,F,Texas Rangers,140,6,Oakland Athletics,133,5,Tanner Scheppers,Chris Resop,Joe Nathan,10,O.co Coliseum,night,2,3,False,,
347331,2013,2013-05-14,2013-05-15T02:10:00Z,R,Regular Season,N,1,Final,F,Washington Nationals,120,0,Los Angeles Dodgers,119,2,Clayton Kershaw,Dan Haren,Kenley Jansen,9,Dodger Stadium,night,2,3,False,,
347339,2013,2013-05-15,2013-05-15T16:35:00Z,R,Regular Season,N,1,Final,F,San Diego Padres,135,8,Baltimore Orioles,110,4,Jason Marquis,Freddy Garcia,,9,Oriole Park at Camden Yards,day,2,2,False,,
347342,2013,2013-05-15,2013-05-15T17:05:00Z,R,Regular Season,N,1,Final,F,Cleveland Indians,114,10,Philadelphia Phillies,143,4,Corey Kluber,Cole Hamels,,9,Citizens Bank Park,day,2,2,False,,
347336,2013,2013-05-15,2013-05-15T17:08:00Z,R,Regular Season,N,1,Final,F,Houston Astros,117,7,Detroit Tigers,116,5,Hector Ambriz,Al Alburquerque,Jose Veras,9,Comerica Park,day,3,3,False,,
347334,2013,2013-05-15,2013-05-15T17:10:00Z,R,Regular Season,N,1,Final,F,Chicago White Sox,145,9,Minnesota Twins,142,4,Dylan Axelrod,Mike Pelfrey,,9,Target Field,day,3,3,False,,
347341,2013,2013-05-15,2013-05-15T19:35:00Z,R,Regular Season,N,1,Final,F,Texas Rangers,140,6,Oakland Athletics,133,2,Alexi Ogando,Dan Straily,,9,O.co Coliseum,day,3,3,False,,
347332,2013,2013-05-15,2013-05-15T19:40:00Z,R,Regular Season,N,1,Final,F,Atlanta Braves,144,3,Arizona Diamondbacks,109,5,Ian Kennedy,Tim Hudson,Heath Bell,9,Chase Field,day,3,3,False,,
347338,2013,2013-05-15,2013-05-15T23:05:00Z,R,Regular Season,N,1,Final,F,Milwaukee Brewers,158,1,Pittsburgh Pirates,134,3,Wandy Rodriguez,Yovani Gallardo,Jason Grilli,9,PNC Park,night,3,4,False,,
347340,2013,2013-05-15,2013-05-15T23:05:00Z,R,Regular Season,N,1,Final,F,Seattle Mariners,136,12,New York Yankees,147,2,Hisashi Iwakuma,Phil Hughes,,9,Yankee Stadium,night,2,3,False,,
347343,2013,2013-05-15,2013-05-15T23:07:00Z,R,Regular Season,N,1,Final,F,San Francisco Giants,137,3,Toronto Blue Jays,141,11,Ramón Ortiz,Ryan Vogelsong,,9,Rogers Centre,night,2,2,False,,
347333,2013,2013-05-15,2013-05-15T23:10:00Z,R,Regular Season,N,1,Final,F,Boston Red Sox,111,9,Tampa Bay Rays,139,2,Jon Lester,David Price,,9,Tropicana Field,night,2,3,False,,
347344,2013,2013-05-15,2013-05-15T23:10:00Z,R,Regular Season,N,1,Final,F,Cincinnati Reds,113,4,Miami Marlins,146,0,Mike Leake,Alex Sanabia,,9,Marlins Park,night,2,3,False,,
347335,2013,2013-05-15,2013-05-16T00:05:00Z,R,Regular Season,N,1,Final,F,Colorado Rockies,115,3,Chicago Cubs,112,6,Jeff Samardzija,Jon Garland,,9,Wrigley Field,night,3,3,False,,
347345,2013,2013-05-15,2013-05-16T00:15:00Z,R,Regular Season,N,1,Final,F,New York Mets,121,2,St. Louis Cardinals,138,4,Seth Maness,Shaun Marcum,Edward Mujica,9,Busch Stadium,night,3,4,False,,
347337,2013,2013-05-15,2013-05-16T02:05:00Z,R,Regular Season,N,1,Final,F,Kansas City Royals,118,9,Los Angeles Angels,108,5,Wade Davis,Barry Enright,,9,Angel Stadium of Anaheim,night,3,3,False,,
347346,2013,2013-05-15,2013-05-16T02:10:00Z,R,Regular Season,N,1,Final,F,Washington Nationals,120,1,Los Angeles Dodgers,119,3,Zack Greinke,Ross Detwiler,Brandon League,9,Dodger Stadium,night,3,3,False,,
347354,2013,2013-05-16,2013-05-16T17:45:00Z,R,Regular Season,N,1,Final,F,New York Mets,121,5,St. Louis Cardinals,138,2,Jonathon Niese,Adam Wainwright,Bobby Parnell,9,Busch Stadium,day,4,4,False,,
347350,2013,2013-05-16,2013-05-16T23:05:00Z,R,Regular Season,N,1,Final,F,Milwaukee Brewers,158,1,Pittsburgh Pirates,134,7,Francisco Liriano,Hiram Burgos,,9,PNC Park,night,4,4,False,,
347351,2013,2013-05-16,2013-05-16T23:05:00Z,R,Regular Season,N,1,Final,F,Seattle Mariners,136,3,New York Yankees,147,2,Oliver Pérez,Andy Pettitte,Tom Wilhelmsen,9,Yankee Stadium,night,3,3,False,,
347347,2013,2013-05-16,2013-05-16T23:10:00Z,R,Regular Season,N,1,Final,F,Boston Red Sox,111,4,Tampa Bay Rays,139,3,Junichi Tazawa,Fernando Rodney,,9,Tropicana Field,night,3,3,False,,
347355,2013,2013-05-16,2013-05-16T23:10:00Z,R,Regular Season,N,1,Final,F,Cincinnati Reds,113,5,Miami Marlins,146,3,Aroldis Chapman,Steve Cishek,J.J. Hoover,10,Marlins Park,night,3,3,False,,
347349,2013,2013-05-16,2013-05-17T00:05:00Z,R,Regular Season,N,1,Final,F,Detroit Tigers,116,4,Texas Rangers,140,10,Yu Darvish,Justin Verlander,,9,Rangers Ballpark in Arlington,night,1,4,False,,
347352,2013,2013-05-16,2013-05-17T00:40:00Z,R,Regular Season,N,1,Final,F,San Francisco Giants,137,8,Colorado Rockies,115,6,Matt Cain,Jhoulys Chacín,Sergio Romo,9,Coors Field,night,1,4,False,,
347348,2013,2013-05-16,2013-05-17T02:05:00Z,R,Regular Season,N,1,Final,F,Chicago White Sox,145,5,Los Angeles Angels,108,4,Matt Lindstrom,Dane De La Rosa,Addison Reed,9,Angel Stadium of Anaheim,night,1,4,False,,
347353,2013,2013-05-16,2013-05-17T02:10:00Z,R,Regular Season,N,1,Final,F,Washington Nationals,120,6,San Diego Padres,135,2,Stephen Strasburg,Edinson Volquez,,9,Petco Park,night,1,4,False,,
347362,2013,2013-05-17,2013-05-17T18:20:00Z,R,Regular Season,N,1,Final,F,New York Mets,121,3,Chicago Cubs,112,2,Matt Harvey,Edwin Jackson,Bobby Parnell,9,Wrigley Field,day,1,3,False,,
347359,2013,2013-05-17,2013-05-17T23:05:00Z,R,Regular Season,N,1,Final,F,Houston Astros,117,4,Pittsburgh Pirates,134,5,Justin Wilson,Édgar González,,9,PNC Park,night,1,3,False,,
347363,2013,2013-05-17,2013-05-17T23:05:00Z,R,Regular Season,N,1,Final,F,Seattle Mariners,136,3,Cleveland Indians,114,6,Vinnie Pestano,Lucas Luetge,,10,Progressive Field,night,1,4,False,,
347365,2013,2013-05-17,2013-05-17T23:05:00Z,R,Regular Season,N,1,Final,F,Tampa Bay Rays,139,12,Baltimore Orioles,110,10,Jeremy Hellickson,Jason Hammel,Joel Peralta,9,Oriole Park at Camden Yards,night,1,3,False,,
347366,2013,2013-05-17,2013-05-17T23:05:00Z,R,Regular Season,N,1,Final,F,Toronto Blue Jays,141,0,New York Yankees,147,5,Hiroki Kuroda,Mark Buehrle,,9,Yankee Stadium,night,1,2,False,,
347368,2013,2013-05-17,2013-05-17T23:05:00Z,R,Regular Season,N,1,Final,F,Cincinnati Reds,113,3,Philadelphia Phillies,143,5,Justin De Fratus,Sean Marshall,Jonathan Papelbon,9,Citizens Bank Park,night,1,3,False,,
347369,2013,2013-05-17,2013-05-17T23:10:00Z,R,Regular Season,N,1,Final,F,Arizona Diamondbacks,109,9,Miami Marlins,146,2,Trevor Cahill,Kevin Slowey,,9,Marlins Park,night,1,3,False,,
347361,2013,2013-05-17,2013-05-17T23:30:00Z,R,Regular Season,N,1,Final,F,Los Angeles Dodgers,119,5,Atlanta Braves,144,8,Paul Maholm,Paco Rodríguez,Craig Kimbrel,9,Turner Field,night,1,3,False,,
347358,2013,2013-05-17,2013-05-18T00:05:00Z,R,Regular Season,N,1,Final,F,Detroit Tigers,116,2,Texas Rangers,140,1,Rick Porcello,Nick Tepesch,Jose Valverde,9,Rangers Ballpark in Arlington,night,2,4,False,,
347356,2013,2013-05-17,2013-05-18T00:10:00Z,R,Regular Season,N,1,Final,F,Boston Red Sox,111,3,Minnesota Twins,142,2,Alex Wilson,Josh Roenicke,Koji Uehara,10,Target Field,night,1,3,False,,
347370,2013,2013-05-17,2013-05-18T00:15:00Z,R,Regular Season,N,1,Final,F,Milwaukee Brewers,158,6,St. Louis Cardinals,138,7,Jaime García,Wily Peralta,Edward Mujica,9,Busch Stadium,night,1,3,False,,
347364,2013,2013-05-17,2013-05-18T00:40:00Z,R,Regular Season,N,1,Final,F,San Francisco Giants,137,9,Colorado Rockies,115,10,Jorge De La Rosa,Madison Bumgarner,Rafael Betancourt,9,Coors Field,night,2,4,False,,
347357,2013,2013-05-17,2013-05-18T02:05:00Z,R,Regular Season,N,1,Final,F,Chicago White Sox,145,3,Los Angeles Angels,108,0,Chris Sale,C.J. Wilson,Addison Reed,9,Angel Stadium of Anaheim,night,2,4,False,,
347360,2013,2013-05-17,2013-05-18T02:05:00Z,R,Regular Season,N,1,Final,F,Kansas City Royals,118,1,Oakland Athletics,133,2,Sean Doolittle,James Shields,Grant Balfour,9,O.co Coliseum,night,1,3,False,,
347367,2013,2013-05-17,2013-05-18T02:10:00Z,R,Regular Season,N,1,Final,F,Washington Nationals,120,6,San Diego Padres,135,5,Rafael Soriano,Huston Street,Drew Storen,10,Petco Park,night,2,4,False,,
347378,2013,2013-05-18,2013-05-18T17:05:00Z,R,Regular Season,N,1,Final,F,New York Mets,121,2,Chicago Cubs,112,8,Scott Feldman,Jeremy Hefner,,9,Wrigley Field,day,2,3,False,,
347379,2013,2013-05-18,2013-05-18T17:05:00Z,R,Regular Season,N,1,Final,F,Seattle Mariners,136,4,Cleveland Indians,114,5,Chris Perez,Oliver Pérez,,9,Progressive Field,day,2,4,False,,
347382,2013,2013-05-18,2013-05-18T17:05:00Z,R,Regular Season,N,1,Final,F,Toronto Blue Jays,141,2,New York Yankees,147,7,David Phelps,Brandon Morrow,,9,Yankee Stadium,day,2,2,False,,
347372,2013,2013-05-18,2013-05-18T20:05:00Z,R,Regular Season,N,1,Final,F,Chicago White Sox,145,9,Los Angeles Angels,108,12,Robert Coello,Nate Jones,Ernesto Frieri,9,Angel Stadium of Anaheim,day,3,4,False,,
347381,2013,2013-05-18,2013-05-18T20:05:00Z,R,Regular Season,N,1,Final,F,Tampa Bay Rays,139,10,Baltimore Orioles,110,6,Alex Torres,Jim Johnson,,9,Oriole Park at Camden Yards,day,2,3,False,,
347384,2013,2013-05-18,2013-05-18T20:05:00Z,R,Regular Season,N,1,Final,F,Cincinnati Reds,113,10,Philadelphia Phillies,143,0,Bronson Arroyo,Kyle Kendrick,,9,Citizens Bank Park,day,2,3,False,,
347374,2013,2013-05-18,2013-05-18T23:05:00Z,R,Regular Season,N,1,Final,F,Houston Astros,117,4,Pittsburgh Pirates,134,2,José Cisnero,Bryan Morris,Jose Veras,11,PNC Park,night,2,3,False,,
347371,2013,2013-05-18,2013-05-18T23:10:00Z,R,Regular Season,N,1,Final,F,Boston Red Sox,111,12,Minnesota Twins,142,5,Craig Breslow,Scott Diamond,,9,Target Field,night,2,3,False,,
347376,2013,2013-05-18,2013-05-18T23:10:00Z,R,Regular Season,N,1,Final,F,Los Angeles Dodgers,119,1,Atlanta Braves,144,3,Cory Gearrin,Kenley Jansen,Craig Kimbrel,9,Turner Field,night,2,3,False,,
347385,2013,2013-05-18,2013-05-18T23:10:00Z,R,Regular Season,N,1,Final,F,Arizona Diamondbacks,109,1,Miami Marlins,146,0,Brandon McCarthy,Tom Koehler,,9,Marlins Park,night,2,3,False,,
347377,2013,2013-05-18,2013-05-18T23:15:00Z,R,Regular Season,N,1,Final,F,Milwaukee Brewers,158,6,St. Louis Cardinals,138,4,John Axford,Joe Kelly,Jim Henderson,10,Busch Stadium,night,2,3,False,,
347373,2013,2013-05-18,2013-05-19T00:05:00Z,R,Regular Season,N,1,Final,F,Detroit Tigers,116,2,Texas Rangers,140,7,Justin Grimm,Aníbal Sánchez,,9,Rangers Ballpark in Arlington,night,3,4,False,,
347380,2013,2013-05-18,2013-05-19T00:10:00Z,R,Regular Season,N,1,Final,F,San Francisco Giants,137,2,Colorado Rockies,115,10,Tyler Chatwood,Tim Lincecum,,9,Coors Field,night,3,4,False,,
347383,2013,2013-05-18,2013-05-19T00:40:00Z,R,Regular Season,N,1,Final,F,Washington Nationals,120,1,San Diego Padres,135,2,Eric Stults,Jordan Zimmermann,Huston Street,9,Petco Park,night,3,4,False,,
347375,2013,2013-05-18,2013-05-19T01:05:00Z,R,Regular Season,N,1,Final,F,Kansas City Royals,118,1,Oakland Athletics,133,2,Tommy Milone,Ervin Santana,Grant Balfour,9,O.co Coliseum,night,2,3,False,,
347393,2013,2013-05-19,2013-05-19T17:05:00Z,R,Regular Season,N,1,Final,F,Seattle Mariners,136,0,Cleveland Indians,114,6,Justin Masterson,Félix Hernández,,9,Progressive Field,day,3,4,False,,
347398,2013,2013-05-19,2013-05-19T17:10:00Z,R,Regular Season,N,1,Final,F,Arizona Diamondbacks,109,1,Miami Marlins,146,2,Ricky Nolasco,Wade Miley,Mike Dunn,9,Marlins Park,day,3,3,False,,
347389,2013,2013-05-19,2013-05-19T17:35:00Z,R,Regular Season,N,1,Final,F,Houston Astros,117,0,Pittsburgh Pirates,134,1,Jeff Locke,Lucas Harrell,Jason Grilli,9,PNC Park,day,3,3,False,,
347391,2013,2013-05-19,2013-05-19T17:35:00Z,R,Regular Season,N,1,Final,F,Los Angeles Dodgers,119,2,Atlanta Braves,144,5,Luis Avilán,Kenley Jansen,Craig Kimbrel,9,Turner Field,day,3,3,False,,
347395,2013,2013-05-19,2013-05-19T17:35:00Z,R,Regular Season,N,1,Final,F,Tampa Bay Rays,139,3,Baltimore Orioles,110,1,Matt Moore,Chris Tillman,Fernando Rodney,9,Oriole Park at Camden Yards,day,3,3,False,,
347399,2013,2013-05-19,2013-05-19T17:35:00Z,R,Regular Season,N,1,Final,F,Cincinnati Reds,113,2,Philadelphia Phillies,143,3,Antonio Bastardo,Aroldis Chapman,,9,Citizens Bank Park,day,3,3,False,,
347386,2013,2013-05-19,2013-05-19T18:10:00Z,R,Regular Season,N,1,Final,F,Boston Red Sox,111,5,Minnesota Twins,142,1,John Lackey,Pedro Hernandez,,9,Target Field,day,3,3,False,,
347400,2013,2013-05-19,2013-05-19T18:15:00Z,R,Regular Season,N,1,Final,F,Milwaukee Brewers,158,2,St. Louis Cardinals,138,4,John Gast,Kyle Lohse,Edward Mujica,9,Busch Stadium,day,3,3,False,,
347392,2013,2013-05-19,2013-05-19T18:20:00Z,R,Regular Season,N,1,Final,F,New York Mets,121,4,Chicago Cubs,112,3,Scott Rice,Kyuji Fujikawa,Bobby Parnell,9,Wrigley Field,day,3,3,False,,
347387,2013,2013-05-19,2013-05-19T19:35:00Z,R,Regular Season,N,1,Final,F,Chicago White Sox,145,2,Los Angeles Angels,108,6,Jason Vargas,Jake Peavy,Ernesto Frieri,9,Angel Stadium of Anaheim,day,4,4,False,,
347390,2013,2013-05-19,2013-05-19T20:05:00Z,R,Regular Season,N,1,Final,F,Kansas City Royals,118,3,Oakland Athletics,133,4,Jerry Blevins,Kelvin Herrera,Ryan Cook,9,O.co Coliseum,day,3,3,False,,
347394,2013,2013-05-19,2013-05-19T20:10:00Z,R,Regular Season,N,1,Final,F,San Francisco Giants,137,0,Colorado Rockies,115,5,Juan Nicasio,Barry Zito,,9,Coors Field,day,4,4,False,,
347397,2013,2013-05-19,2013-05-19T20:10:00Z,R,Regular Season,N,1,Final,F,Washington Nationals,120,4,San Diego Padres,135,13,Andrew Cashner,Dan Haren,,9,Petco Park,day,4,4,False,,
347388,2013,2013-05-19,2013-05-20T00:05:00Z,R,Regular Season,N,1,Final,F,Detroit Tigers,116,8,Texas Rangers,140,11,Robbie Ross Jr.,Jose Ortega,Joe Nathan,9,Rangers Ballpark in Arlington,night,4,4,False,,
347408,2013,2013-05-20,2013-05-20T16:05:00Z,R,Regular Season,N,1,Final,F,Seattle Mariners,136,8,Cleveland Indians,114,10,Joe Smith,Charlie Furbush,,10,Progressive Field,day,4,4,False,,
347411,2013,2013-05-20,2013-05-20T17:07:00Z,R,Regular Season,N,1,Final,F,Tampa Bay Rays,139,5,Toronto Blue Jays,141,7,R.A. Dickey,Josh Lueke,,9,Rogers Centre,day,1,3,False,,
347406,2013,2013-05-20,2013-05-20T23:05:00Z,R,Regular Season,N,1,Final,F,New York Yankees,147,6,Baltimore Orioles,110,4,David Robertson,Pedro Strop,Mariano Rivera,10,Oriole Park at Camden Yards,night,1,3,False,,
347403,2013,2013-05-20,2013-05-20T23:10:00Z,R,Regular Season,N,1,Final,F,Cincinnati Reds,113,4,New York Mets,121,3,Johnny Cueto,Shaun Marcum,Aroldis Chapman,9,Citi Field,night,1,3,False,,
347405,2013,2013-05-20,2013-05-20T23:10:00Z,R,Regular Season,N,1,Final,F,Minnesota Twins,142,1,Atlanta Braves,144,5,Julio Teheran,Kevin Correia,Cory Gearrin,9,Turner Field,night,1,3,False,,
347412,2013,2013-05-20,2013-05-20T23:10:00Z,R,Regular Season,N,1,Final,F,Philadelphia Phillies,143,1,Miami Marlins,146,5,Alex Sanabia,Cole Hamels,,9,Marlins Park,night,1,3,False,,
347407,2013,2013-05-20,2013-05-21T00:05:00Z,R,Regular Season,N,1,Final,F,Oakland Athletics,133,9,Texas Rangers,140,2,Bartolo Colon,Josh Lindblom,,9,Rangers Ballpark in Arlington,night,1,3,False,,
347402,2013,2013-05-20,2013-05-21T00:10:00Z,R,Regular Season,N,1,Final,F,Boston Red Sox,111,4,Chicago White Sox,145,6,Dylan Axelrod,Jon Lester,Addison Reed,9,U.S. Cellular Field,night,1,3,False,,
347404,2013,2013-05-20,2013-05-21T00:10:00Z,R,Regular Season,N,1,Final,F,Kansas City Royals,118,5,Houston Astros,117,6,Dallas Keuchel,Jeremy Guthrie,Jose Veras,9,Minute Maid Park,night,1,3,False,,
347413,2013,2013-05-20,2013-05-21T00:10:00Z,R,Regular Season,N,1,Final,F,Los Angeles Dodgers,119,3,Milwaukee Brewers,158,1,Clayton Kershaw,Yovani Gallardo,,9,Miller Park,night,1,3,False,,
347401,2013,2013-05-20,2013-05-21T00:40:00Z,R,Regular Season,N,1,Final,F,Arizona Diamondbacks,109,5,Colorado Rockies,115,1,Patrick Corbin,Jon Garland,,9,Coors Field,night,1,3,False,,
347409,2013,2013-05-20,2013-05-21T02:10:00Z,R,Regular Season,N,1,Final,F,St. Louis Cardinals,138,2,San Diego Padres,135,4,Jason Marquis,Shelby Miller,Huston Street,9,Petco Park,night,1,3,False,,
347410,2013,2013-05-20,2013-05-21T02:15:00Z,R,Regular Season,N,1,Final,F,Washington Nationals,120,0,San Francisco Giants,137,8,Ryan Vogelsong,Zach Duke,,9,AT&T Park,night,1,3,False,,
347416,2013,2013-05-21,2013-05-21T23:05:00Z,R,Regular Season,N,1,Final,F,Chicago Cubs,112,4,Pittsburgh Pirates,134,5,Wandy Rodriguez,James Russell,Jason Grilli,9,PNC Park,night,1,3,False,,
347418,2013,2013-05-21,2013-05-21T23:05:00Z,R,Regular Season,N,1,Final,F,Detroit Tigers,116,5,Cleveland Indians,114,1,Max Scherzer,Corey Kluber,,9,Progressive Field,night,1,2,False,,
347421,2013,2013-05-21,2013-05-21T23:05:00Z,R,Regular Season,N,1,Final,F,New York Yankees,147,2,Baltimore Orioles,110,3,Jim Johnson,Vidal Nuño,,10,Oriole Park at Camden Yards,night,2,3,False,,
347426,2013,2013-05-21,2013-05-21T23:07:00Z,R,Regular Season,N,1,Final,F,Tampa Bay Rays,139,4,Toronto Blue Jays,141,3,Alex Cobb,Ramón Ortiz,Fernando Rodney,9,Rogers Centre,night,2,3,False,,
347417,2013,2013-05-21,2013-05-21T23:10:00Z,R,Regular Season,N,1,Final,F,Cincinnati Reds,113,4,New York Mets,121,0,Mike Leake,Jonathon Niese,,9,Citi Field,night,2,3,False,,
347420,2013,2013-05-21,2013-05-21T23:10:00Z,R,Regular Season,N,1,Final,F,Minnesota Twins,142,4,Atlanta Braves,144,5,Craig Kimbrel,Brian Duensing,,10,Turner Field,night,2,3,False,,
347427,2013,2013-05-21,2013-05-21T23:10:00Z,R,Regular Season,N,1,Final,F,Philadelphia Phillies,143,7,Miami Marlins,146,3,Tyler Cloyd,Duane Below,,9,Marlins Park,night,2,3,False,,
347422,2013,2013-05-21,2013-05-22T00:05:00Z,R,Regular Season,N,1,Final,F,Oakland Athletics,133,1,Texas Rangers,140,0,Dan Straily,Yu Darvish,Grant Balfour,9,Rangers Ballpark in Arlington,night,2,3,False,,
347415,2013,2013-05-21,2013-05-22T00:10:00Z,R,Regular Season,N,1,Final,F,Boston Red Sox,111,1,Chicago White Sox,145,3,Jose Quintana,Félix Doubront,Addison Reed,9,U.S. Cellular Field,night,2,3,False,,
347419,2013,2013-05-21,2013-05-22T00:10:00Z,R,Regular Season,N,1,Final,F,Kansas City Royals,118,7,Houston Astros,117,3,Bruce Chen,Paul Clemens,,9,Minute Maid Park,night,2,3,False,,
347428,2013,2013-05-21,2013-05-22T00:10:00Z,R,Regular Season,N,1,Final,F,Los Angeles Dodgers,119,2,Milwaukee Brewers,158,5,Mike Fiers,Zack Greinke,Jim Henderson,9,Miller Park,night,2,3,False,,
347414,2013,2013-05-21,2013-05-22T00:40:00Z,R,Regular Season,N,1,Final,F,Arizona Diamondbacks,109,4,Colorado Rockies,115,5,Wilton Lopez,Matt Reynolds,,10,Coors Field,night,2,3,False,,
347423,2013,2013-05-21,2013-05-22T02:05:00Z,R,Regular Season,N,1,Final,F,Seattle Mariners,136,0,Los Angeles Angels,108,12,Jerome Williams,Aaron Harang,,9,Angel Stadium of Anaheim,night,1,2,False,,
347424,2013,2013-05-21,2013-05-22T02:10:00Z,R,Regular Season,N,1,Final,F,St. Louis Cardinals,138,10,San Diego Padres,135,2,Adam Wainwright,Edinson Volquez,,9,Petco Park,night,2,3,False,,
347425,2013,2013-05-21,2013-05-22T02:15:00Z,R,Regular Season,N,1,Final,F,Washington Nationals,120,2,San Francisco Giants,137,4,Jeremy Affeldt,Yunesky Maya,,10,AT&T Park,night,2,3,False,,
347435,2013,2013-05-22,2013-05-22T16:10:00Z,R,Regular Season,N,1,Final,F,Minnesota Twins,142,3,Atlanta Braves,144,8,Paul Maholm,Vance Worley,,9,Turner Field,day,3,3,False,,
347432,2013,2013-05-22,2013-05-22T17:10:00Z,R,Regular Season,N,1,Final,F,Cincinnati Reds,113,7,New York Mets,121,4,Alfredo Simon,Bobby Parnell,Aroldis Chapman,9,Citi Field,day,3,3,False,,
347441,2013,2013-05-22,2013-05-22T17:10:00Z,R,Regular Season,N,1,Final,F,Los Angeles Dodgers,119,9,Milwaukee Brewers,158,2,Hyun Jin Ryu,Wily Peralta,,9,Miller Park,day,3,3,False,,
347437,2013,2013-05-22,2013-05-22T18:05:00Z,R,Regular Season,N,1,Final,F,Oakland Athletics,133,1,Texas Rangers,140,3,Ross Wolf,Jarrod Parker,Joe Nathan,9,Rangers Ballpark in Arlington,day,3,3,False,,
347429,2013,2013-05-22,2013-05-22T19:10:00Z,R,Regular Season,N,1,Final,F,Arizona Diamondbacks,109,1,Colorado Rockies,115,4,Jorge De La Rosa,Trevor Cahill,Rex Brothers,9,Coors Field,day,3,3,False,,
347440,2013,2013-05-22,2013-05-22T19:45:00Z,R,Regular Season,N,1,Final,F,Washington Nationals,120,2,San Francisco Giants,137,1,Tyler Clippard,Jeremy Affeldt,Rafael Soriano,10,AT&T Park,day,3,3,False,,
347442,2013,2013-05-22,2013-05-22T20:37:00Z,R,Regular Season,N,1,Final,F,Tampa Bay Rays,139,3,Toronto Blue Jays,141,4,Aaron Loup,Cesár Ramos,,10,Rogers Centre,day,3,3,False,,
347431,2013,2013-05-22,2013-05-22T23:05:00Z,R,Regular Season,N,1,Final,F,Chicago Cubs,112,0,Pittsburgh Pirates,134,1,Francisco Liriano,Jeff Samardzija,Mark Melancon,9,PNC Park,night,2,3,False,,
347433,2013,2013-05-22,2013-05-22T23:05:00Z,R,Regular Season,N,1,Final,F,Detroit Tigers,116,11,Cleveland Indians,114,7,Justin Verlander,Ubaldo Jiménez,,9,Progressive Field,night,2,2,False,,
347436,2013,2013-05-22,2013-05-22T23:05:00Z,R,Regular Season,N,1,Final,F,New York Yankees,147,3,Baltimore Orioles,110,6,Jason Hammel,Hiroki Kuroda,,9,Oriole Park at Camden Yards,night,3,3,False,,
347438,2013,2013-05-22,2013-05-22T23:05:00Z,R,Regular Season,N,1,Final,F,Seattle Mariners,136,1,Los Angeles Angels,108,7,C.J. Wilson,Brandon Maurer,,9,Angel Stadium of Anaheim,day,2,2,False,,
347443,2013,2013-05-22,2013-05-22T23:10:00Z,R,Regular Season,N,1,Final,F,Philadelphia Phillies,143,3,Miami Marlins,146,0,Cliff Lee,Kevin Slowey,,9,Marlins Park,night,3,3,False,,
347430,2013,2013-05-22,2013-05-23T00:10:00Z,R,Regular Season,N,1,Final,F,Boston Red Sox,111,6,Chicago White Sox,145,2,Clay Buchholz,Héctor Santiago,,9,U.S. Cellular Field,night,3,3,False,,
347434,2013,2013-05-22,2013-05-23T00:10:00Z,R,Regular Season,N,1,Final,F,Kansas City Royals,118,1,Houston Astros,117,3,Jordan Lyles,James Shields,Jose Veras,9,Minute Maid Park,night,3,3,False,,
347439,2013,2013-05-22,2013-05-23T02:10:00Z,R,Regular Season,N,1,Final,F,St. Louis Cardinals,138,5,San Diego Padres,135,3,Tyler Lyons,Burch Smith,,9,Petco Park,night,3,3,False,,
347445,2013,2013-05-23,2013-05-23T16:35:00Z,R,Regular Season,N,1,Final,F,Chicago Cubs,112,2,Pittsburgh Pirates,134,4,Vin Mazzaro,Edwin Jackson,Jason Grilli,9,PNC Park,day,3,3,False,,
347448,2013,2013-05-23,2013-05-23T23:07:00Z,R,Regular Season,N,1,Final,F,Baltimore Orioles,110,6,Toronto Blue Jays,141,12,Brandon Morrow,Kevin Gausman,,9,Rogers Centre,night,1,4,False,,
347447,2013,2013-05-23,2013-05-23T23:08:00Z,R,Regular Season,N,1,Final,F,Minnesota Twins,142,6,Detroit Tigers,116,7,Joaquín Benoit,Jared Burton,Jose Valverde,9,Comerica Park,night,1,4,False,,
347446,2013,2013-05-23,2013-05-23T23:10:00Z,R,Regular Season,N,1,Final,F,Cleveland Indians,114,12,Boston Red Sox,111,3,Zach McAllister,Ryan Dempster,Scott Barnes,9,Fenway Park,night,1,4,False,,
347444,2013,2013-05-23,2013-05-24T00:10:00Z,R,Regular Season,N,1,Final,F,Los Angeles Angels,108,5,Kansas City Royals,118,4,Joe Blanton,Ervin Santana,Robert Coello,9,Kauffman Stadium,night,1,4,False,,
347458,2013,2013-05-24,2013-05-24T23:05:00Z,R,Regular Season,N,1,Final,F,Philadelphia Phillies,143,2,Washington Nationals,120,5,Jordan Zimmermann,Kyle Kendrick,Rafael Soriano,9,Nationals Park,night,1,3,False,,
347460,2013,2013-05-24,2013-05-24T23:07:00Z,R,Regular Season,N,1,Final,F,Baltimore Orioles,110,10,Toronto Blue Jays,141,6,Chris Tillman,Sean Nolin,,9,Rogers Centre,night,2,4,False,,
347455,2013,2013-05-24,2013-05-24T23:08:00Z,R,Regular Season,N,1,Final,F,Minnesota Twins,142,0,Detroit Tigers,116,6,Aníbal Sánchez,Samuel Deduno,,9,Comerica Park,night,2,4,False,,
347451,2013,2013-05-24,2013-05-24T23:10:00Z,R,Regular Season,N,1,Final,F,Chicago Cubs,112,4,Cincinnati Reds,113,7,Bronson Arroyo,Scott Feldman,Aroldis Chapman,9,Great American Ball Park,night,1,3,False,,
347452,2013,2013-05-24,2013-05-24T23:10:00Z,R,Regular Season,N,1,Final,F,Cleveland Indians,114,1,Boston Red Sox,111,8,John Lackey,Justin Masterson,,9,Fenway Park,night,2,4,False,,
347456,2013,2013-05-24,2013-05-24T23:10:00Z,R,Regular Season,N,1,Final,F,New York Yankees,147,9,Tampa Bay Rays,139,4,David Phelps,Roberto Hernandez,,9,Tropicana Field,night,1,3,False,,
347449,2013,2013-05-24,2013-05-25T00:10:00Z,R,Regular Season,N,1,Final,F,Los Angeles Angels,108,5,Kansas City Royals,118,2,Jason Vargas,Luke Hochevar,Garrett Richards,9,Kauffman Stadium,night,2,4,False,,
347454,2013,2013-05-24,2013-05-25T00:10:00Z,R,Regular Season,N,1,Final,F,Miami Marlins,146,3,Chicago White Sox,145,4,Nate Jones,Ryan Webb,,11,U.S. Cellular Field,night,1,3,False,,
347457,2013,2013-05-24,2013-05-25T00:10:00Z,R,Regular Season,N,1,Final,F,Oakland Athletics,133,6,Houston Astros,117,5,Pat Neshek,Jose Veras,Grant Balfour,9,Minute Maid Park,night,1,3,False,,
347461,2013,2013-05-24,2013-05-25T00:10:00Z,R,Regular Season,N,1,Final,F,Pittsburgh Pirates,134,1,Milwaukee Brewers,158,2,Marco Estrada,A.J. Burnett,Francisco Rodríguez,9,Miller Park,night,1,3,False,,
347459,2013,2013-05-24,2013-05-25T01:40:00Z,R,Regular Season,N,1,Final,F,San Diego Padres,135,2,Arizona Diamondbacks,109,5,Brandon McCarthy,Eric Stults,Heath Bell,9,Chase Field,night,1,3,False,,
347462,2013,2013-05-24,2013-05-25T02:10:00Z,R,Regular Season,N,1,Final,F,St. Louis Cardinals,138,7,Los Angeles Dodgers,119,0,Lance Lynn,Chris Capuano,,9,Dodger Stadium,night,1,3,False,,
347463,2013,2013-05-24,2013-05-25T02:10:00Z,R,Regular Season,N,1,Final,F,Texas Rangers,140,9,Seattle Mariners,136,5,Justin Grimm,Joe Saunders,Joe Nathan,9,Safeco Field,night,1,3,False,,
347453,2013,2013-05-24,2013-05-25T02:15:00Z,R,Regular Season,N,1,Final,F,Colorado Rockies,115,5,San Francisco Giants,137,0,Tyler Chatwood,Tim Lincecum,,9,AT&T Park,night,1,3,False,,
347478,2013,2013-05-25,2013-05-25T17:07:00Z,R,Regular Season,N,1,Final,F,Baltimore Orioles,110,6,Toronto Blue Jays,141,5,Freddy Garcia,R.A. Dickey,Jim Johnson,9,Rogers Centre,day,3,4,False,,
347467,2013,2013-05-25,2013-05-25T17:35:00Z,R,Regular Season,N,1,Final,F,Cleveland Indians,114,4,Boston Red Sox,111,7,Junichi Tazawa,Vinnie Pestano,Andrew Bailey,9,Fenway Park,day,3,4,False,,
347464,2013,2013-05-25,2013-05-25T18:10:00Z,R,Regular Season,N,1,Final,F,Los Angeles Angels,108,7,Kansas City Royals,118,0,Billy Buckner,Jeremy Guthrie,,9,Kauffman Stadium,day,3,4,False,,
347468,2013,2013-05-25,2013-05-25T20:05:00Z,R,Regular Season,N,1,Final,F,Colorado Rockies,115,5,San Francisco Giants,137,6,Sergio Romo,Rafael Betancourt,,10,AT&T Park,day,2,3,False,,
347470,2013,2013-05-25,2013-05-25T20:08:00Z,R,Regular Season,N,1,Final,F,Minnesota Twins,142,3,Detroit Tigers,116,2,P.J. Walters,Doug Fister,Glen Perkins,9,Comerica Park,day,3,4,False,,
347466,2013,2013-05-25,2013-05-25T20:10:00Z,R,Regular Season,N,1,Final,F,Chicago Cubs,112,2,Cincinnati Reds,113,5,Homer Bailey,Travis Wood,Aroldis Chapman,9,Great American Ball Park,day,2,3,False,,
347471,2013,2013-05-25,2013-05-25T20:10:00Z,R,Regular Season,N,1,Final,F,New York Yankees,147,4,Tampa Bay Rays,139,3,Iván Nova,Josh Lueke,Mariano Rivera,11,Tropicana Field,day,2,3,False,,
347474,2013,2013-05-25,2013-05-25T20:10:00Z,R,Regular Season,N,1,Final,F,Pittsburgh Pirates,134,5,Milwaukee Brewers,158,2,Jeff Locke,Mike Fiers,,9,Miller Park,day,2,3,False,,
347450,2013,2013-05-24,2013-05-25T22:10:00Z,R,Regular Season,N,1,Final,F,Atlanta Braves,144,7,New York Mets,121,5,Anthony Varvaro,Brandon Lyon,Craig Kimbrel,10,Citi Field,night,1,3,False,,
347469,2013,2013-05-25,2013-05-25T23:15:00Z,R,Regular Season,N,1,Final,F,Miami Marlins,146,1,Chicago White Sox,145,2,Jake Peavy,Ryan Webb,,9,U.S. Cellular Field,night,2,3,False,,
347472,2013,2013-05-25,2013-05-25T23:15:00Z,R,Regular Season,N,1,Final,F,Oakland Athletics,133,11,Houston Astros,117,5,A.J. Griffin,Lucas Harrell,,9,Minute Maid Park,night,2,3,False,,
347473,2013,2013-05-25,2013-05-25T23:15:00Z,R,Regular Season,N,1,Final,F,Philadelphia Phillies,143,5,Washington Nationals,120,3,Chad Durbin,Drew Storen,Jonathan Papelbon,9,Nationals Park,night,2,3,False,,
347476,2013,2013-05-25,2013-05-25T23:15:00Z,R,Regular Season,N,1,Final,F,St. Louis Cardinals,138,3,Los Angeles Dodgers,119,5,Paco Rodríguez,Seth Maness,Brandon League,9,Dodger Stadium,day,2,3,False,,
347465,2013,2013-05-25,2013-05-25T23:25:00Z,R,Regular Season,N,1,Final,F,Atlanta Braves,144,6,New York Mets,121,0,Mike Minor,Dillon Gee,,9,Citi Field,night,2,3,False,,
347475,2013,2013-05-25,2013-05-26T02:10:00Z,R,Regular Season,N,1,Final,F,San Diego Padres,135,10,Arizona Diamondbacks,109,4,Andrew Cashner,Wade Miley,,9,Chase Field,night,2,3,False,,
347477,2013,2013-05-25,2013-05-26T02:10:00Z,R,Regular Season,N,1,Final,F,Texas Rangers,140,5,Seattle Mariners,136,2,Derek Holland,Félix Hernández,Joe Nathan,9,Safeco Field,night,2,3,False,,
347491,2013,2013-05-26,2013-05-26T17:07:00Z,R,Regular Season,N,1,Final,F,Baltimore Orioles,110,5,Toronto Blue Jays,141,6,Steve Delabar,Jim Johnson,,9,Rogers Centre,day,4,4,False,,
347485,2013,2013-05-26,2013-05-26T17:08:00Z,R,Regular Season,N,1,Final,F,Minnesota Twins,142,1,Detroit Tigers,116,6,Max Scherzer,Mike Pelfrey,,9,Comerica Park,day,4,4,False,,
347481,2013,2013-05-26,2013-05-26T17:10:00Z,R,Regular Season,N,1,Final,F,Chicago Cubs,112,5,Cincinnati Reds,113,4,Kevin Gregg,J.J. Hoover,,10,Great American Ball Park,day,3,3,False,,
347482,2013,2013-05-26,2013-05-26T17:35:00Z,R,Regular Season,N,1,Final,F,Cleveland Indians,114,5,Boston Red Sox,111,6,Craig Breslow,Chris Perez,,9,Fenway Park,day,4,4,False,,
347488,2013,2013-05-26,2013-05-26T17:35:00Z,R,Regular Season,N,1,Final,F,Philadelphia Phillies,143,1,Washington Nationals,120,6,Stephen Strasburg,Cole Hamels,,9,Nationals Park,day,3,3,False,,
347486,2013,2013-05-26,2013-05-26T17:40:00Z,R,Regular Season,N,1,Final,F,New York Yankees,147,3,Tampa Bay Rays,139,8,Alex Cobb,CC Sabathia,,9,Tropicana Field,day,3,3,False,,
347479,2013,2013-05-26,2013-05-26T18:10:00Z,R,Regular Season,N,1,Final,F,Los Angeles Angels,108,5,Kansas City Royals,118,2,Jerome Williams,Wade Davis,Ernesto Frieri,9,Kauffman Stadium,day,4,4,False,,
347484,2013,2013-05-26,2013-05-26T18:10:00Z,R,Regular Season,N,1,Final,F,Miami Marlins,146,3,Chicago White Sox,145,5,Dylan Axelrod,Alex Sanabia,Addison Reed,9,U.S. Cellular Field,day,3,3,False,,
347487,2013,2013-05-26,2013-05-26T18:10:00Z,R,Regular Season,N,1,Final,F,Oakland Athletics,133,6,Houston Astros,117,2,Bartolo Colon,Dallas Keuchel,,9,Minute Maid Park,day,3,3,False,,
347492,2013,2013-05-26,2013-05-26T18:10:00Z,R,Regular Season,N,1,Final,F,Pittsburgh Pirates,134,5,Milwaukee Brewers,158,4,Wandy Rodriguez,Yovani Gallardo,Jason Grilli,9,Miller Park,day,3,3,False,,
347483,2013,2013-05-26,2013-05-26T20:05:00Z,R,Regular Season,N,1,Final,F,Colorado Rockies,115,3,San Francisco Giants,137,7,Matt Cain,Jon Garland,,9,AT&T Park,day,3,3,False,,
347489,2013,2013-05-26,2013-05-26T20:10:00Z,R,Regular Season,N,1,Final,F,San Diego Padres,135,5,Arizona Diamondbacks,109,6,Patrick Corbin,Tommy Layne,Heath Bell,9,Chase Field,day,3,3,False,,
347490,2013,2013-05-26,2013-05-26T20:10:00Z,R,Regular Season,N,1,Final,F,St. Louis Cardinals,138,5,Los Angeles Dodgers,119,3,Seth Maness,Clayton Kershaw,Edward Mujica,9,Dodger Stadium,day,3,3,False,,
347493,2013,2013-05-26,2013-05-26T20:10:00Z,R,Regular Season,N,1,Final,F,Texas Rangers,140,3,Seattle Mariners,136,4,Yoervis Medina,Michael Kirkman,,13,Safeco Field,day,3,3,False,,
347480,2013,2013-05-26,2013-05-27T00:05:00Z,R,Regular Season,N,1,Final,F,Atlanta Braves,144,2,New York Mets,121,4,LaTroy Hawkins,Cory Gearrin,Bobby Parnell,9,Citi Field,night,3,3,False,,
347494,2013,2013-05-27,2013-05-27T17:05:00Z,R,Regular Season,N,1,Final,F,Baltimore Orioles,110,6,Washington Nationals,120,2,Jason Hammel,Gio Gonzalez,,9,Nationals Park,day,1,4,False,,
347502,2013,2013-05-27,2013-05-27T17:08:00Z,R,Regular Season,N,1,Final,F,Pittsburgh Pirates,134,5,Detroit Tigers,116,6,Justin Verlander,Francisco Liriano,Jose Valverde,9,Comerica Park,day,1,4,False,,
347496,2013,2013-05-27,2013-05-27T17:10:00Z,R,Regular Season,N,1,Final,F,Cleveland Indians,114,2,Cincinnati Reds,113,4,Jonathan Broxton,Nick Hagadone,Aroldis Chapman,9,Great American Ball Park,day,1,4,False,,
347497,2013,2013-05-27,2013-05-27T18:10:00Z,R,Regular Season,N,1,Final,F,Colorado Rockies,115,2,Houston Astros,117,3,Paul Clemens,Wilton Lopez,,12,Minute Maid Park,day,1,4,False,,
347503,2013,2013-05-27,2013-05-27T18:10:00Z,R,Regular Season,N,1,Final,F,St. Louis Cardinals,138,6,Kansas City Royals,118,3,Adam Wainwright,James Shields,Edward Mujica,9,Kauffman Stadium,day,1,4,False,,
347509,2013,2013-05-27,2013-05-27T18:10:00Z,R,Regular Season,N,1,Final,F,Minnesota Twins,142,6,Milwaukee Brewers,158,3,Kevin Correia,Wily Peralta,Glen Perkins,9,Miller Park,day,1,4,False,,
347498,2013,2013-05-27,2013-05-27T19:10:00Z,R,Regular Season,N,1,Final,F,Miami Marlins,146,6,Tampa Bay Rays,139,10,Jake McGee,José Fernández,,9,Tropicana Field,day,1,4,False,,
347504,2013,2013-05-27,2013-05-27T19:40:00Z,R,Regular Season,S,1,Final,F,Texas Rangers,140,3,Arizona Diamondbacks,109,5,Tyler Skaggs,Martín Pérez,Heath Bell,9,Chase Field,day,1,3,False,,
347533,2013,2013-05-27,2013-05-27T20:05:00Z,R,Regular Season,N,1,Final,F,San Francisco Giants,137,1,Oakland Athletics,133,4,Dan Straily,Madison Bumgarner,Grant Balfour,9,O.co Coliseum,day,1,4,False,,
347506,2013,2013-05-27,2013-05-27T20:10:00Z,R,Regular Season,N,1,Final,F,San Diego Padres,135,0,Seattle Mariners,136,9,Aaron Harang,Clayton Richard,,9,Safeco Field,day,1,4,False,,
347507,2013,2013-05-27,2013-05-27T23:07:00Z,R,Regular Season,N,1,Final,F,Atlanta Braves,144,3,Toronto Blue Jays,141,9,Mark Buehrle,Tim Hudson,,9,Rogers Centre,night,1,4,False,,
347495,2013,2013-05-27,2013-05-27T23:10:00Z,R,Regular Season,N,1,Final,F,Chicago Cubs,112,7,Chicago White Sox,145,0,Jeff Samardzija,Jose Quintana,,9,U.S. Cellular Field,night,1,3,False,,
347499,2013,2013-05-27,2013-05-27T23:10:00Z,R,Regular Season,N,1,Final,F,New York Yankees,147,1,New York Mets,121,2,Brandon Lyon,David Robertson,Bobby Parnell,9,Citi Field,night,1,4,False,,
347501,2013,2013-05-27,2013-05-27T23:10:00Z,R,Regular Season,N,1,Final,F,Philadelphia Phillies,143,3,Boston Red Sox,111,9,Alfredo Aceves,Tyler Cloyd,,9,Fenway Park,night,1,4,False,,
347508,2013,2013-05-27,2013-05-28T00:10:00Z,R,Regular Season,N,1,Final,F,Los Angeles Angels,108,7,Los Angeles Dodgers,119,8,Ronald Belisario,Robert Coello,Brandon League,9,Dodger Stadium,night,1,4,False,,
347505,2013,2013-05-27,2013-05-28T01:40:00Z,R,Regular Season,S,2,Final,F,Texas Rangers,140,4,Arizona Diamondbacks,109,5,Brad Ziegler,Jason Frasor,,9,Chase Field,night,2,3,False,,
347520,2013,2013-05-28,2013-05-28T16:37:00Z,R,Regular Season,N,1,Final,F,Atlanta Braves,144,7,Toronto Blue Jays,141,6,Cory Gearrin,Thad Weber,Craig Kimbrel,10,Rogers Centre,day,2,4,False,,
347513,2013,2013-05-28,2013-05-28T18:10:00Z,R,Regular Season,N,1,Final,F,Colorado Rockies,115,2,Houston Astros,117,1,Matt Belisle,Jose Veras,Rafael Betancourt,9,Minute Maid Park,day,2,4,False,,
347510,2013,2013-05-28,2013-05-28T23:05:00Z,R,Regular Season,N,1,Final,F,Baltimore Orioles,110,3,Washington Nationals,120,9,Zach Duke,Kevin Gausman,,9,Nationals Park,night,2,4,False,,
347518,2013,2013-05-28,2013-05-28T23:08:00Z,R,Regular Season,N,1,Final,F,Pittsburgh Pirates,134,1,Detroit Tigers,116,0,Mark Melancon,Jose Ortega,Jason Grilli,11,Comerica Park,night,2,4,False,,
347512,2013,2013-05-28,2013-05-28T23:10:00Z,R,Regular Season,N,1,Final,F,Cleveland Indians,114,2,Cincinnati Reds,113,8,Mat Latos,Zach McAllister,,9,Great American Ball Park,night,2,4,False,,
347514,2013,2013-05-28,2013-05-28T23:10:00Z,R,Regular Season,N,1,Final,F,Miami Marlins,146,6,Tampa Bay Rays,139,7,Fernando Rodney,Mike Dunn,,9,Tropicana Field,night,2,4,False,,
347515,2013,2013-05-28,2013-05-28T23:10:00Z,R,Regular Season,N,1,Final,F,New York Yankees,147,1,New York Mets,121,2,Scott Rice,Mariano Rivera,,9,Citi Field,night,2,4,False,,
347517,2013,2013-05-28,2013-05-28T23:10:00Z,R,Regular Season,N,1,Final,F,Philadelphia Phillies,143,3,Boston Red Sox,111,1,Cliff Lee,Ryan Dempster,Jonathan Papelbon,9,Fenway Park,night,2,4,False,,
347519,2013,2013-05-28,2013-05-29T00:10:00Z,R,Regular Season,N,1,Final,F,St. Louis Cardinals,138,4,Kansas City Royals,118,1,Tyler Lyons,Ervin Santana,Edward Mujica,9,Kauffman Stadium,night,2,4,False,,
347522,2013,2013-05-28,2013-05-29T00:10:00Z,R,Regular Season,N,1,Final,F,Minnesota Twins,142,6,Milwaukee Brewers,158,5,Ryan Pressly,Burke Badenhop,Brian Duensing,14,Miller Park,night,2,4,False,,
347548,2013,2013-05-28,2013-05-29T02:05:00Z,R,Regular Season,N,1,Final,F,San Francisco Giants,137,3,Oakland Athletics,133,6,Jarrod Parker,Mike Kickham,,9,O.co Coliseum,night,2,4,False,,
347521,2013,2013-05-28,2013-05-29T02:10:00Z,R,Regular Season,N,1,Final,F,San Diego Padres,135,6,Seattle Mariners,136,1,Edinson Volquez,Brandon Maurer,,9,Safeco Field,night,2,4,False,,
347523,2013,2013-05-28,2013-05-29T02:10:00Z,R,Regular Season,N,1,Final,F,Los Angeles Angels,108,0,Los Angeles Dodgers,119,3,Hyun Jin Ryu,Joe Blanton,,9,Dodger Stadium,night,2,4,False,,
347525,2013,2013-05-29,2013-05-29T18:20:00Z,R,Regular Season,N,1,Final,F,Chicago White Sox,145,3,Chicago Cubs,112,9,Scott Feldman,John Danks,,9,Wrigley Field,day,2,3,False,,
347526,2013,2013-05-29,2013-05-29T23:05:00Z,R,Regular Season,N,1,Final,F,Cincinnati Reds,113,2,Cleveland Indians,114,5,Justin Masterson,Bronson Arroyo,,9,Progressive Field,night,3,4,False,,
347527,2013,2013-05-29,2013-05-29T23:05:00Z,R,Regular Season,N,1,Final,F,Detroit Tigers,116,3,Pittsburgh Pirates,134,5,Bryan Morris,Aníbal Sánchez,Jason Grilli,9,PNC Park,night,3,4,False,,
347531,2013,2013-05-29,2013-05-29T23:05:00Z,R,Regular Season,N,1,Final,F,New York Mets,121,9,New York Yankees,147,4,Jeremy Hefner,David Phelps,,9,Yankee Stadium,night,3,4,False,,
347535,2013,2013-05-29,2013-05-29T23:05:00Z,R,Regular Season,N,1,Final,F,Washington Nationals,120,6,Baltimore Orioles,110,9,Steve Johnson,Jordan Zimmermann,Jim Johnson,9,Oriole Park at Camden Yards,night,3,4,False,,
347536,2013,2013-05-29,2013-05-29T23:05:00Z,R,Regular Season,N,1,Final,F,Boston Red Sox,111,3,Philadelphia Phillies,143,4,Kyle Kendrick,John Lackey,Jonathan Papelbon,9,Citizens Bank Park,night,3,4,False,,
347534,2013,2013-05-29,2013-05-29T23:10:00Z,R,Regular Season,N,1,Final,F,Toronto Blue Jays,141,3,Atlanta Braves,144,0,Juan Pablo Pérez,Kris Medlen,Casey Janssen,9,Turner Field,night,3,4,False,,
347537,2013,2013-05-29,2013-05-29T23:10:00Z,R,Regular Season,N,1,Final,F,Tampa Bay Rays,139,3,Miami Marlins,146,1,Roberto Hernandez,Tom Koehler,Fernando Rodney,9,Marlins Park,night,3,4,False,,
347530,2013,2013-05-29,2013-05-30T00:10:00Z,R,Regular Season,N,1,Final,F,Milwaukee Brewers,158,1,Minnesota Twins,142,4,Samuel Deduno,Marco Estrada,Glen Perkins,9,Target Field,night,3,4,False,,
347538,2013,2013-05-29,2013-05-30T00:15:00Z,R,Regular Season,N,1,Final,F,Kansas City Royals,118,3,St. Louis Cardinals,138,5,Randy Choate,Aaron Crow,Edward Mujica,9,Busch Stadium,night,3,4,False,,
347528,2013,2013-05-29,2013-05-30T00:40:00Z,R,Regular Season,N,1,Final,F,Houston Astros,117,6,Colorado Rockies,115,3,Paul Clemens,Edgmer Escalona,,9,Coors Field,night,3,4,False,,
347529,2013,2013-05-29,2013-05-30T02:05:00Z,R,Regular Season,N,1,Final,F,Los Angeles Dodgers,119,3,Los Angeles Angels,108,4,Jered Weaver,Chris Capuano,Ernesto Frieri,9,Angel Stadium of Anaheim,night,3,4,False,,
347532,2013,2013-05-29,2013-05-30T02:10:00Z,R,Regular Season,N,1,Final,F,Seattle Mariners,136,2,San Diego Padres,135,3,Luke Gregerson,Yoervis Medina,,10,Petco Park,night,3,4,False,,
347500,2013,2013-05-29,2013-05-30T02:15:00Z,R,Regular Season,N,1,Final,F,Oakland Athletics,133,9,San Francisco Giants,137,6,Tommy Milone,Tim Lincecum,Grant Balfour,9,AT&T Park,night,3,4,False,,
347539,2013,2013-05-30,2013-05-30T18:05:00Z,R,Regular Season,N,1,Final,F,Arizona Diamondbacks,109,5,Texas Rangers,140,9,Justin Grimm,Brandon McCarthy,,9,Rangers Ballpark in Arlington,day,3,3,False,,
347540,2013,2013-05-30,2013-05-30T18:20:00Z,R,Regular Season,N,1,Final,F,Chicago White Sox,145,3,Chicago Cubs,112,8,Travis Wood,Jake Peavy,,9,Wrigley Field,day,3,3,False,,
347547,2013,2013-05-30,2013-05-30T19:40:00Z,R,Regular Season,N,1,Final,F,Seattle Mariners,136,7,San Diego Padres,135,1,Félix Hernández,Andrew Cashner,,9,Petco Park,day,4,4,False,,
347516,2013,2013-05-30,2013-05-30T19:45:00Z,R,Regular Season,N,1,Final,F,Oakland Athletics,133,2,San Francisco Giants,137,5,Barry Zito,A.J. Griffin,Sergio Romo,9,AT&T Park,day,4,4,False,,
347541,2013,2013-05-30,2013-05-30T23:05:00Z,R,Regular Season,N,1,Final,F,Cincinnati Reds,113,1,Cleveland Indians,114,7,Scott Kazmir,Homer Bailey,,9,Progressive Field,night,4,4,False,,
347542,2013,2013-05-30,2013-05-30T23:05:00Z,R,Regular Season,N,1,Final,F,Detroit Tigers,116,0,Pittsburgh Pirates,134,1,Bryan Morris,Luke Putkonen,,11,PNC Park,night,4,4,False,,
347546,2013,2013-05-30,2013-05-30T23:05:00Z,R,Regular Season,N,1,Final,F,New York Mets,121,3,New York Yankees,147,1,Dillon Gee,Vidal Nuño,Bobby Parnell,9,Yankee Stadium,night,4,4,False,,
347550,2013,2013-05-30,2013-05-30T23:05:00Z,R,Regular Season,N,1,Final,F,Washington Nationals,120,0,Baltimore Orioles,110,2,Freddy Garcia,Dan Haren,Jim Johnson,9,Oriole Park at Camden Yards,night,4,4,False,,
347551,2013,2013-05-30,2013-05-30T23:05:00Z,R,Regular Season,N,1,Final,F,Boston Red Sox,111,9,Philadelphia Phillies,143,2,Franklin Morales,Jonathan Pettibone,,9,Citizens Bank Park,night,4,4,False,,
347549,2013,2013-05-30,2013-05-30T23:10:00Z,R,Regular Season,N,1,Final,F,Toronto Blue Jays,141,3,Atlanta Braves,144,11,Mike Minor,R.A. Dickey,,9,Turner Field,night,4,4,False,,
347552,2013,2013-05-30,2013-05-30T23:10:00Z,R,Regular Season,N,1,Final,F,Tampa Bay Rays,139,5,Miami Marlins,146,2,Alex Colomé,Ricky Nolasco,Fernando Rodney,9,Marlins Park,night,4,4,False,,
347545,2013,2013-05-30,2013-05-31T00:10:00Z,R,Regular Season,N,1,Final,F,Milwaukee Brewers,158,6,Minnesota Twins,142,8,P.J. Walters,Kyle Lohse,Jared Burton,9,Target Field,night,4,4,False,,
347553,2013,2013-05-30,2013-05-31T00:15:00Z,R,Regular Season,N,1,Final,F,Kansas City Royals,118,4,St. Louis Cardinals,138,2,Louis Coleman,Mitchell Boggs,Greg Holland,9,Busch Stadium,night,4,4,False,,
347543,2013,2013-05-30,2013-05-31T00:40:00Z,R,Regular Season,N,1,Final,F,Houston Astros,117,7,Colorado Rockies,115,5,Lucas Harrell,Juan Nicasio,Hector Ambriz,9,Coors Field,night,4,4,False,,
347544,2013,2013-05-30,2013-05-31T02:05:00Z,R,Regular Season,N,1,Final,F,Los Angeles Dodgers,119,2,Los Angeles Angels,108,3,Jason Vargas,Ted Lilly,Ernesto Frieri,9,Angel Stadium of Anaheim,night,4,4,False,,
347554,2013,2013-05-31,2013-05-31T18:20:00Z,R,Regular Season,N,1,Final,F,Arizona Diamondbacks,109,2,Chicago Cubs,112,7,Matt Garza,Wade Miley,,9,Wrigley Field,day,1,3,False,,
347555,2013,2013-05-31,2013-05-31T23:05:00Z,R,Regular Season,N,1,Final,F,Boston Red Sox,111,1,New York Yankees,147,4,CC Sabathia,Jon Lester,Mariano Rivera,9,Yankee Stadium,night,1,3,False,,
347557,2013,2013-05-31,2013-05-31T23:05:00Z,R,Regular Season,N,1,Final,F,Cincinnati Reds,113,6,Pittsburgh Pirates,134,0,Johnny Cueto,Wandy Rodriguez,,9,PNC Park,night,1,3,False,,
347558,2013,2013-05-31,2013-05-31T23:05:00Z,R,Regular Season,N,1,Final,F,Detroit Tigers,116,5,Baltimore Orioles,110,7,Darren O'Day,Jose Valverde,,9,Oriole Park at Camden Yards,night,1,3,False,,
347563,2013,2013-05-31,2013-05-31T23:05:00Z,R,Regular Season,N,1,Final,F,Tampa Bay Rays,139,9,Cleveland Indians,114,2,Jamey Wright,Scott Barnes,Cesár Ramos,9,Progressive Field,night,1,3,False,,
347566,2013,2013-05-31,2013-05-31T23:05:00Z,R,Regular Season,N,1,Final,F,Milwaukee Brewers,158,8,Philadelphia Phillies,143,5,Yovani Gallardo,Cole Hamels,Francisco Rodríguez,9,Citizens Bank Park,night,1,3,False,,
347567,2013,2013-05-31,2013-05-31T23:10:00Z,R,Regular Season,N,1,Final,F,New York Mets,121,1,Miami Marlins,146,5,Jacob Turner,Shaun Marcum,,9,Marlins Park,night,1,3,False,,
347565,2013,2013-05-31,2013-05-31T23:30:00Z,R,Regular Season,N,1,Final,F,Washington Nationals,120,3,Atlanta Braves,144,2,Craig Stammen,Julio Teheran,Rafael Soriano,9,Turner Field,night,1,3,False,,
347560,2013,2013-05-31,2013-06-01T00:05:00Z,R,Regular Season,N,1,Final,F,Kansas City Royals,118,2,Texas Rangers,140,7,Derek Holland,Wade Davis,,9,Rangers Ballpark in Arlington,night,1,3,False,,
347562,2013,2013-05-31,2013-06-01T00:10:00Z,R,Regular Season,N,1,Final,F,Seattle Mariners,136,3,Minnesota Twins,142,0,Hisashi Iwakuma,Mike Pelfrey,Tom Wilhelmsen,9,Target Field,night,1,3,False,,
347561,2013,2013-05-31,2013-06-01T00:40:00Z,R,Regular Season,N,1,Final,F,Los Angeles Dodgers,119,7,Colorado Rockies,115,5,Brandon League,Rafael Betancourt,Ronald Belisario,10,Coors Field,night,1,3,False,,
347556,2013,2013-05-31,2013-06-01T02:05:00Z,R,Regular Season,N,1,Final,F,Chicago White Sox,145,0,Oakland Athletics,133,3,Bartolo Colon,Dylan Axelrod,,9,O.co Coliseum,night,1,3,False,,
347559,2013,2013-05-31,2013-06-01T02:05:00Z,R,Regular Season,N,1,Final,F,Houston Astros,117,6,Los Angeles Angels,108,3,Dallas Keuchel,Tommy Hanson,Jose Veras,9,Angel Stadium of Anaheim,night,1,4,False,,
347564,2013,2013-05-31,2013-06-01T02:10:00Z,R,Regular Season,N,1,Final,F,Toronto Blue Jays,141,3,San Diego Padres,135,4,Clayton Richard,Todd Redmond,,17,Petco Park,night,1,3,False,,
347579,2013,2013-06-01,2013-06-01T17:05:00Z,R,Regular Season,N,1,Final,F,Tampa Bay Rays,139,0,Cleveland Indians,114,5,Ubaldo Jiménez,Chris Archer,,9,Progressive Field,day,2,3,False,,
347577,2013,2013-06-01,2013-06-01T17:10:00Z,R,Regular Season,N,1,Final,F,Seattle Mariners,136,4,Minnesota Twins,142,5,Caleb Thielbar,Tom Wilhelmsen,,9,Target Field,day,2,3,False,,
347568,2013,2013-06-01,2013-06-01T17:15:00Z,R,Regular Season,S,1,Final,F,San Francisco Giants,137,0,St. Louis Cardinals,138,8,Shelby Miller,Matt Cain,,9,Busch Stadium,day,1,3,False,,
347571,2013,2013-06-01,2013-06-01T20:05:00Z,R,Regular Season,N,1,Final,F,Chicago White Sox,145,3,Oakland Athletics,133,4,Jerry Blevins,Héctor Santiago,,10,O.co Coliseum,day,2,3,False,,
347573,2013,2013-06-01,2013-06-01T20:05:00Z,R,Regular Season,N,1,Final,F,Detroit Tigers,116,10,Baltimore Orioles,110,3,Justin Verlander,Jason Hammel,,9,Oriole Park at Camden Yards,day,2,3,False,,
347575,2013,2013-06-01,2013-06-01T20:05:00Z,R,Regular Season,N,1,Final,F,Kansas City Royals,118,4,Texas Rangers,140,1,Aaron Crow,Robbie Ross Jr.,Greg Holland,10,Rangers Ballpark in Arlington,day,2,3,False,,
347582,2013,2013-06-01,2013-06-01T20:05:00Z,R,Regular Season,N,1,Final,F,Milwaukee Brewers,158,4,Philadelphia Phillies,143,3,Wily Peralta,Tyler Cloyd,Francisco Rodríguez,9,Citizens Bank Park,day,2,3,False,,
347576,2013,2013-06-01,2013-06-01T20:10:00Z,R,Regular Season,N,1,Final,F,Los Angeles Dodgers,119,6,Colorado Rockies,115,7,Matt Belisle,Matt Guerrier,,10,Coors Field,day,2,3,False,,
347583,2013,2013-06-01,2013-06-01T20:10:00Z,R,Regular Season,N,1,Final,F,New York Mets,121,1,Miami Marlins,146,8,José Fernández,Collin McHugh,,9,Marlins Park,day,2,3,False,,
347569,2013,2013-06-01,2013-06-01T23:15:00Z,R,Regular Season,N,1,Final,F,Arizona Diamondbacks,109,12,Chicago Cubs,112,4,Ian Kennedy,Carlos Marmol,,9,Wrigley Field,night,2,3,False,,
347570,2013,2013-06-01,2013-06-01T23:15:00Z,R,Regular Season,N,1,Final,F,Boston Red Sox,111,11,New York Yankees,147,1,Félix Doubront,Phil Hughes,,9,Yankee Stadium,night,2,3,False,,
347572,2013,2013-06-01,2013-06-01T23:15:00Z,R,Regular Season,N,1,Final,F,Cincinnati Reds,113,2,Pittsburgh Pirates,134,0,Mike Leake,Francisco Liriano,Aroldis Chapman,9,PNC Park,night,2,3,False,,
347578,2013,2013-06-01,2013-06-01T23:15:00Z,R,Regular Season,S,2,Final,F,San Francisco Giants,137,1,St. Louis Cardinals,138,7,Adam Wainwright,Madison Bumgarner,,9,Busch Stadium,night,2,3,False,,
347581,2013,2013-06-01,2013-06-01T23:15:00Z,R,Regular Season,N,1,Final,F,Washington Nationals,120,1,Atlanta Braves,144,2,Jordan Walden,Henry Alberto Rodriguez,,10,Turner Field,night,2,3,False,,
347574,2013,2013-06-01,2013-06-02T02:05:00Z,R,Regular Season,N,1,Final,F,Houston Astros,117,2,Los Angeles Angels,108,0,Bud Norris,Jerome Williams,Jose Veras,9,Angel Stadium of Anaheim,night,2,4,False,,
347580,2013,2013-06-01,2013-06-02T02:10:00Z,R,Regular Season,N,1,Final,F,Toronto Blue Jays,141,3,San Diego Padres,135,4,Robbie Erlin,Mark Buehrle,Luke Gregerson,9,Petco Park,night,2,3,False,,
347593,2013,2013-06-02,2013-06-02T17:05:00Z,R,Regular Season,N,1,Final,F,Tampa Bay Rays,139,11,Cleveland Indians,114,3,Jeremy Hellickson,Zach McAllister,,9,Progressive Field,day,3,3,False,,
347596,2013,2013-06-02,2013-06-02T17:10:00Z,R,Regular Season,N,1,Final,F,New York Mets,121,6,Miami Marlins,146,11,Wade LeBlanc,Scott Rice,,9,Marlins Park,day,3,3,False,,
347587,2013,2013-06-02,2013-06-02T17:35:00Z,R,Regular Season,N,1,Final,F,Cincinnati Reds,113,4,Pittsburgh Pirates,134,5,Justin Wilson,Alfredo Simon,,11,PNC Park,day,3,3,False,,
347588,2013,2013-06-02,2013-06-02T17:35:00Z,R,Regular Season,N,1,Final,F,Detroit Tigers,116,2,Baltimore Orioles,110,4,Brian Matusz,Rick Porcello,Jim Johnson,9,Oriole Park at Camden Yards,day,3,3,False,,
347595,2013,2013-06-02,2013-06-02T17:35:00Z,R,Regular Season,N,1,Final,F,Washington Nationals,120,3,Atlanta Braves,144,6,Paul Maholm,Nate Karns,Craig Kimbrel,9,Turner Field,day,3,3,False,,
347597,2013,2013-06-02,2013-06-02T17:35:00Z,R,Regular Season,N,1,Final,F,Milwaukee Brewers,158,5,Philadelphia Phillies,143,7,Cliff Lee,Mike Fiers,Antonio Bastardo,9,Citizens Bank Park,day,3,3,False,,
347592,2013,2013-06-02,2013-06-02T18:10:00Z,R,Regular Season,N,1,Final,F,Seattle Mariners,136,0,Minnesota Twins,142,10,Scott Diamond,Jeremy Bonderman,,9,Target Field,day,3,3,False,,
347598,2013,2013-06-02,2013-06-02T18:15:00Z,R,Regular Season,N,1,Final,F,San Francisco Giants,137,4,St. Louis Cardinals,138,2,Chad Gaudin,Tyler Lyons,Sergio Romo,9,Busch Stadium,day,3,3,False,,
347584,2013,2013-06-02,2013-06-02T18:20:00Z,R,Regular Season,N,1,Final,F,Arizona Diamondbacks,109,8,Chicago Cubs,112,4,Patrick Corbin,Edwin Jackson,,9,Wrigley Field,day,3,3,False,,
347590,2013,2013-06-02,2013-06-02T19:05:00Z,R,Regular Season,N,1,Final,F,Kansas City Royals,118,1,Texas Rangers,140,3,Tanner Scheppers,Juan Gutierrez,Joe Nathan,9,Rangers Ballpark in Arlington,day,3,3,False,,
347589,2013,2013-06-02,2013-06-02T19:35:00Z,R,Regular Season,N,1,Final,F,Houston Astros,117,5,Los Angeles Angels,108,4,Jordan Lyles,C.J. Wilson,Hector Ambriz,9,Angel Stadium of Anaheim,day,3,4,False,,
347586,2013,2013-06-02,2013-06-02T20:05:00Z,R,Regular Season,N,1,Final,F,Chicago White Sox,145,0,Oakland Athletics,133,2,Jarrod Parker,Chris Sale,Grant Balfour,9,O.co Coliseum,day,3,3,False,,
347591,2013,2013-06-02,2013-06-02T20:10:00Z,R,Regular Season,N,1,Final,F,Los Angeles Dodgers,119,2,Colorado Rockies,115,7,Jorge De La Rosa,Matt Magill,,9,Coors Field,day,3,3,False,,
347585,2013,2013-06-02,2013-06-03T00:00:00Z,R,Regular Season,N,1,Completed Early,F,Boston Red Sox,111,3,New York Yankees,147,0,Clay Buchholz,Hiroki Kuroda,,6,Yankee Stadium,night,3,3,False,,
347594,2013,2013-06-02,2013-06-03T02:10:00Z,R,Regular Season,N,1,Final,F,Toronto Blue Jays,141,7,San Diego Padres,135,4,Casey Janssen,Brad Boxberger,Aaron Loup,11,Petco Park,night,3,3,False,,
347599,2013,2013-06-03,2013-06-03T23:05:00Z,R,Regular Season,N,1,Final,F,Cleveland Indians,114,4,New York Yankees,147,7,Shawn Kelley,Justin Masterson,Mariano Rivera,9,Yankee Stadium,night,1,3,False,,
347603,2013,2013-06-03,2013-06-03T23:05:00Z,R,Regular Season,N,1,Final,F,Miami Marlins,146,2,Philadelphia Phillies,143,7,Kyle Kendrick,Tom Koehler,,9,Citizens Bank Park,night,1,3,False,,
347600,2013,2013-06-03,2013-06-03T23:10:00Z,R,Regular Season,N,1,Final,F,Colorado Rockies,115,0,Cincinnati Reds,113,3,Bronson Arroyo,Tyler Chatwood,Aroldis Chapman,9,Great American Ball Park,night,1,3,False,,
347602,2013,2013-06-03,2013-06-03T23:10:00Z,R,Regular Season,N,1,Final,F,Pittsburgh Pirates,134,2,Atlanta Braves,144,7,Kris Medlen,A.J. Burnett,,9,Turner Field,night,1,3,False,,
347604,2013,2013-06-03,2013-06-04T00:10:00Z,R,Regular Season,N,1,Final,F,Oakland Athletics,133,10,Milwaukee Brewers,158,2,Tommy Milone,Marco Estrada,,9,Miller Park,night,1,3,False,,
347605,2013,2013-06-03,2013-06-04T00:15:00Z,R,Regular Season,N,1,Final,F,Arizona Diamondbacks,109,1,St. Louis Cardinals,138,7,Lance Lynn,Trevor Cahill,,9,Busch Stadium,night,1,4,False,,
347601,2013,2013-06-03,2013-06-04T02:05:00Z,R,Regular Season,N,1,Final,F,Houston Astros,117,2,Los Angeles Angels,108,1,Erik Bedard,Joe Blanton,Jose Veras,9,Angel Stadium of Anaheim,night,4,4,False,,
347606,2013,2013-06-03,2013-06-04T02:10:00Z,R,Regular Season,N,1,Final,F,Chicago White Sox,145,2,Seattle Mariners,136,4,Joe Saunders,John Danks,Tom Wilhelmsen,9,Safeco Field,night,1,3,False,,
347607,2013,2013-06-03,2013-06-04T02:10:00Z,R,Regular Season,N,1,Final,F,San Diego Padres,135,1,Los Angeles Dodgers,119,2,Stephen Fife,Eric Stults,Brandon League,9,Dodger Stadium,night,1,3,False,,
347610,2013,2013-06-04,2013-06-04T23:05:00Z,R,Regular Season,N,1,Final,F,Cleveland Indians,114,3,New York Yankees,147,4,David Phelps,Scott Kazmir,Mariano Rivera,9,Yankee Stadium,night,2,3,False,,
347613,2013,2013-06-04,2013-06-04T23:05:00Z,R,Regular Season,N,1,Final,F,New York Mets,121,2,Washington Nationals,120,3,Tyler Clippard,Bobby Parnell,,9,Nationals Park,night,1,2,False,,
347618,2013,2013-06-04,2013-06-04T23:05:00Z,R,Regular Season,N,1,Final,F,Miami Marlins,146,3,Philadelphia Phillies,143,7,Michael Stutes,Edgar Olmos,,11,Citizens Bank Park,night,2,3,False,,
347615,2013,2013-06-04,2013-06-04T23:08:00Z,R,Regular Season,N,1,Final,F,Tampa Bay Rays,139,1,Detroit Tigers,116,10,Aníbal Sánchez,Matt Moore,,9,Comerica Park,night,1,3,False,,
347611,2013,2013-06-04,2013-06-04T23:10:00Z,R,Regular Season,N,1,Final,F,Colorado Rockies,115,5,Cincinnati Reds,113,4,Josh Outman,Sam LeCure,Rex Brothers,9,Great American Ball Park,night,2,3,False,,
347614,2013,2013-06-04,2013-06-04T23:10:00Z,R,Regular Season,N,1,Final,F,Pittsburgh Pirates,134,4,Atlanta Braves,144,5,Anthony Varvaro,Mark Melancon,,10,Turner Field,night,2,3,False,,
347616,2013,2013-06-04,2013-06-04T23:10:00Z,R,Regular Season,N,1,Final,F,Texas Rangers,140,5,Boston Red Sox,111,17,Ryan Dempster,Justin Grimm,,9,Fenway Park,night,1,3,False,,
347608,2013,2013-06-04,2013-06-05T00:10:00Z,R,Regular Season,N,1,Final,F,Baltimore Orioles,110,4,Houston Astros,117,1,Chris Tillman,Lucas Harrell,Jim Johnson,9,Minute Maid Park,night,1,3,False,,
347612,2013,2013-06-04,2013-06-05T00:10:00Z,R,Regular Season,N,1,Final,F,Minnesota Twins,142,3,Kansas City Royals,118,0,Samuel Deduno,Luis Mendoza,Glen Perkins,9,Kauffman Stadium,night,1,3,False,,
347619,2013,2013-06-04,2013-06-05T00:10:00Z,R,Regular Season,N,1,Final,F,Oakland Athletics,133,3,Milwaukee Brewers,158,4,John Axford,Pat Neshek,,10,Miller Park,night,2,3,False,,
347620,2013,2013-06-04,2013-06-05T00:15:00Z,R,Regular Season,N,1,Final,F,Arizona Diamondbacks,109,7,St. Louis Cardinals,138,6,Josh Collmenter,Victor Marte,Heath Bell,14,Busch Stadium,night,2,4,False,,
347609,2013,2013-06-04,2013-06-05T02:05:00Z,R,Regular Season,N,1,Final,F,Chicago Cubs,112,3,Los Angeles Angels,108,4,Robert Coello,Carlos Villanueva,Ernesto Frieri,9,Angel Stadium of Anaheim,night,1,2,False,,
347621,2013,2013-06-04,2013-06-05T02:10:00Z,R,Regular Season,N,1,Final,F,Chicago White Sox,145,4,Seattle Mariners,136,7,Félix Hernández,Jake Peavy,Tom Wilhelmsen,9,Safeco Field,night,2,3,False,,
347622,2013,2013-06-04,2013-06-05T02:10:00Z,R,Regular Season,N,1,Final,F,San Diego Padres,135,7,Los Angeles Dodgers,119,9,J.P. Howell,Tyson Ross,Brandon League,9,Dodger Stadium,night,2,3,False,,
347617,2013,2013-06-04,2013-06-05T02:15:00Z,R,Regular Season,N,1,Final,F,Toronto Blue Jays,141,1,San Francisco Giants,137,2,Tim Lincecum,Josh Johnson,Sergio Romo,9,AT&T Park,night,1,2,False,,
347629,2013,2013-06-05,2013-06-05T16:10:00Z,R,Regular Season,N,1,Final,F,Pittsburgh Pirates,134,0,Atlanta Braves,144,5,Julio Teheran,Wandy Rodriguez,,9,Turner Field,day,3,3,False,,
347625,2013,2013-06-05,2013-06-05T17:05:00Z,R,Regular Season,N,1,Final,F,Cleveland Indians,114,4,New York Yankees,147,6,CC Sabathia,Corey Kluber,,9,Yankee Stadium,day,3,3,False,,
347633,2013,2013-06-05,2013-06-05T17:05:00Z,R,Regular Season,N,1,Final,F,Miami Marlins,146,1,Philadelphia Phillies,143,6,Cole Hamels,AJ Ramos,,9,Citizens Bank Park,day,3,3,False,,
347634,2013,2013-06-05,2013-06-05T18:10:00Z,R,Regular Season,N,1,Final,F,Oakland Athletics,133,6,Milwaukee Brewers,158,1,Bartolo Colon,Yovani Gallardo,,9,Miller Park,day,3,3,False,,
347635,2013,2013-06-05,2013-06-05T19:40:00Z,R,Regular Season,N,1,Final,F,Chicago White Sox,145,7,Seattle Mariners,136,5,Addison Reed,Hector Noesí,,16,Safeco Field,day,3,3,False,,
347632,2013,2013-06-05,2013-06-05T19:45:00Z,R,Regular Season,N,1,Final,F,Toronto Blue Jays,141,4,San Francisco Giants,137,0,R.A. Dickey,Barry Zito,Casey Janssen,9,AT&T Park,day,2,2,False,,
347624,2013,2013-06-05,2013-06-05T23:05:00Z,R,Regular Season,N,1,Final,F,Chicago Cubs,112,8,Los Angeles Angels,108,6,Kevin Gregg,Robert Coello,,10,Angel Stadium of Anaheim,day,2,2,False,,
347628,2013,2013-06-05,2013-06-05T23:05:00Z,R,Regular Season,N,1,Final,F,New York Mets,121,10,Washington Nationals,120,1,Dillon Gee,Dan Haren,,9,Nationals Park,night,2,2,False,,
347630,2013,2013-06-05,2013-06-05T23:08:00Z,R,Regular Season,N,1,Final,F,Tampa Bay Rays,139,3,Detroit Tigers,116,0,Joel Peralta,Doug Fister,Fernando Rodney,9,Comerica Park,night,2,3,False,,
347626,2013,2013-06-05,2013-06-05T23:10:00Z,R,Regular Season,N,1,Final,F,Colorado Rockies,115,12,Cincinnati Reds,113,4,Jon Garland,Pedro Villarreal,,9,Great American Ball Park,night,3,3,False,,
347631,2013,2013-06-05,2013-06-05T23:10:00Z,R,Regular Season,N,1,Final,F,Texas Rangers,140,3,Boston Red Sox,111,2,Neal Cotts,Craig Breslow,Joe Nathan,9,Fenway Park,night,2,3,False,,
347623,2013,2013-06-05,2013-06-06T00:10:00Z,R,Regular Season,N,1,Final,F,Baltimore Orioles,110,7,Houston Astros,117,11,Dallas Keuchel,Freddy Garcia,,9,Minute Maid Park,night,2,3,False,,
347627,2013,2013-06-05,2013-06-06T00:10:00Z,R,Regular Season,N,1,Final,F,Minnesota Twins,142,1,Kansas City Royals,118,4,Jeremy Guthrie,P.J. Walters,Greg Holland,9,Kauffman Stadium,night,2,3,False,,
347636,2013,2013-06-05,2013-06-06T00:15:00Z,R,Regular Season,N,1,Final,F,Arizona Diamondbacks,109,10,St. Louis Cardinals,138,3,Wade Miley,Joe Kelly,,9,Busch Stadium,night,3,4,False,,
347637,2013,2013-06-05,2013-06-06T02:10:00Z,R,Regular Season,N,1,Final,F,San Diego Padres,135,6,Los Angeles Dodgers,119,2,Jason Marquis,Clayton Kershaw,,9,Dodger Stadium,night,3,3,False,,
347643,2013,2013-06-06,2013-06-06T17:08:00Z,R,Regular Season,N,1,Final,F,Tampa Bay Rays,139,2,Detroit Tigers,116,5,Max Scherzer,Roberto Hernandez,Jose Valverde,9,Comerica Park,day,3,3,False,,
347638,2013,2013-06-06,2013-06-06T18:10:00Z,R,Regular Season,N,1,Final,F,Baltimore Orioles,110,3,Houston Astros,117,1,Miguel González,Bud Norris,Jim Johnson,9,Minute Maid Park,day,3,3,False,,
347644,2013,2013-06-06,2013-06-06T23:10:00Z,R,Regular Season,N,1,Final,F,Texas Rangers,140,3,Boston Red Sox,111,6,Andrew Bailey,Michael Kirkman,,9,Fenway Park,night,3,3,False,,
347645,2013,2013-06-06,2013-06-06T23:15:00Z,R,Regular Season,N,1,Final,F,Arizona Diamondbacks,109,8,St. Louis Cardinals,138,12,Shelby Miller,Ian Kennedy,Edward Mujica,9,Busch Stadium,night,4,4,False,,
347639,2013,2013-06-06,2013-06-07T00:10:00Z,R,Regular Season,N,1,Final,F,Minnesota Twins,142,3,Kansas City Royals,118,7,Tim Collins,Jared Burton,,9,Kauffman Stadium,night,3,3,False,,
347641,2013,2013-06-06,2013-06-07T00:10:00Z,R,Regular Season,N,1,Final,F,Oakland Athletics,133,5,Chicago White Sox,145,4,Jerry Blevins,Matt Thornton,Grant Balfour,10,U.S. Cellular Field,night,1,4,False,,
347646,2013,2013-06-06,2013-06-07T00:10:00Z,R,Regular Season,N,1,Final,F,Philadelphia Phillies,143,5,Milwaukee Brewers,158,1,Tyler Cloyd,Wily Peralta,,9,Miller Park,night,1,4,False,,
347642,2013,2013-06-06,2013-06-07T00:40:00Z,R,Regular Season,N,1,Final,F,San Diego Padres,135,6,Colorado Rockies,115,5,Luke Gregerson,Manny Corpas,Brad Boxberger,12,Coors Field,night,1,4,False,,
347647,2013,2013-06-06,2013-06-07T02:10:00Z,R,Regular Season,N,1,Final,F,Atlanta Braves,144,0,Los Angeles Dodgers,119,5,Zack Greinke,Tim Hudson,,9,Dodger Stadium,night,1,4,False,,
347648,2013,2013-06-06,2013-06-07T02:10:00Z,R,Regular Season,N,1,Final,F,New York Yankees,147,6,Seattle Mariners,136,1,Phil Hughes,Aaron Harang,,9,Safeco Field,night,1,4,False,,
347656,2013,2013-06-07,2013-06-07T18:20:00Z,R,Regular Season,N,1,Final,F,Pittsburgh Pirates,134,2,Chicago Cubs,112,0,Francisco Liriano,Travis Wood,Jason Grilli,9,Wrigley Field,day,1,3,False,,
347660,2013,2013-06-07,2013-06-07T23:07:00Z,R,Regular Season,N,1,Final,F,Texas Rangers,140,1,Toronto Blue Jays,141,6,Neil Wagner,Nick Tepesch,,9,Rogers Centre,night,1,3,False,,
347651,2013,2013-06-07,2013-06-07T23:08:00Z,R,Regular Season,N,1,Final,F,Cleveland Indians,114,5,Detroit Tigers,116,7,Justin Verlander,Ubaldo Jiménez,,9,Comerica Park,night,1,3,False,,
347650,2013,2013-06-07,2013-06-07T23:10:00Z,R,Regular Season,N,1,Final,F,Baltimore Orioles,110,1,Tampa Bay Rays,139,2,Chris Archer,Jason Hammel,Fernando Rodney,9,Tropicana Field,night,1,3,False,,
347659,2013,2013-06-07,2013-06-07T23:10:00Z,R,Regular Season,N,1,Final,F,St. Louis Cardinals,138,9,Cincinnati Reds,113,2,Adam Wainwright,Mike Leake,,9,Great American Ball Park,night,1,3,False,,
347652,2013,2013-06-07,2013-06-08T00:10:00Z,R,Regular Season,N,1,Final,F,Houston Astros,117,2,Kansas City Royals,118,4,Kelvin Herrera,Wesley Wright,Greg Holland,9,Kauffman Stadium,night,1,3,False,,
347655,2013,2013-06-07,2013-06-08T00:10:00Z,R,Regular Season,N,1,Final,F,Oakland Athletics,133,4,Chicago White Sox,145,3,Jarrod Parker,Chris Sale,Grant Balfour,9,U.S. Cellular Field,night,2,4,False,,
347661,2013,2013-06-07,2013-06-08T00:10:00Z,R,Regular Season,N,1,Final,F,Philadelphia Phillies,143,4,Milwaukee Brewers,158,5,Francisco Rodríguez,Jeremy Horst,,9,Miller Park,night,2,4,False,,
347657,2013,2013-06-07,2013-06-08T00:40:00Z,R,Regular Season,N,1,Final,F,San Diego Padres,135,9,Colorado Rockies,115,10,Matt Belisle,Joe Thatcher,,9,Coors Field,night,2,4,False,,
347658,2013,2013-06-07,2013-06-08T01:40:00Z,R,Regular Season,N,1,Final,F,San Francisco Giants,137,1,Arizona Diamondbacks,109,3,Brad Ziegler,Jeremy Affeldt,Heath Bell,9,Chase Field,night,1,3,False,,
347662,2013,2013-06-07,2013-06-08T02:10:00Z,R,Regular Season,N,1,Final,F,Atlanta Braves,144,1,Los Angeles Dodgers,119,2,Brandon League,Anthony Varvaro,,10,Dodger Stadium,night,2,4,False,,
347663,2013,2013-06-07,2013-06-08T02:10:00Z,R,Regular Season,N,1,Final,F,New York Yankees,147,1,Seattle Mariners,136,4,Jeremy Bonderman,Hiroki Kuroda,Tom Wilhelmsen,9,Safeco Field,night,2,4,False,,
347649,2013,2013-06-08,2013-06-08T17:05:00Z,R,Regular Season,S,1,Final,F,Los Angeles Angels,108,9,Boston Red Sox,111,5,Tommy Hanson,Félix Doubront,Ernesto Frieri,9,Fenway Park,day,1,3,False,,
347678,2013,2013-06-08,2013-06-08T17:07:00Z,R,Regular Season,N,1,Final,F,Texas Rangers,140,3,Toronto Blue Jays,141,4,Aaron Loup,Ross Wolf,,18,Rogers Centre,day,2,3,False,,
347669,2013,2013-06-08,2013-06-08T17:10:00Z,R,Regular Season,N,1,Final,F,Miami Marlins,146,2,New York Mets,121,1,Kevin Slowey,Shaun Marcum,Steve Cishek,20,Citi Field,day,1,2,False,,
347670,2013,2013-06-08,2013-06-08T20:05:00Z,R,Regular Season,N,1,Final,F,Minnesota Twins,142,4,Washington Nationals,120,3,Josh Roenicke,Craig Stammen,Glen Perkins,11,Nationals Park,day,1,3,False,,
347674,2013,2013-06-08,2013-06-08T20:05:00Z,R,Regular Season,N,1,Final,F,Pittsburgh Pirates,134,6,Chicago Cubs,112,2,A.J. Burnett,Jeff Samardzija,,9,Wrigley Field,day,2,3,False,,
347667,2013,2013-06-08,2013-06-08T20:08:00Z,R,Regular Season,N,1,Final,F,Cleveland Indians,114,4,Detroit Tigers,116,6,Rick Porcello,Carlos Carrasco,Jose Valverde,9,Comerica Park,day,2,3,False,,
347666,2013,2013-06-08,2013-06-08T20:10:00Z,R,Regular Season,N,1,Final,F,Baltimore Orioles,110,0,Tampa Bay Rays,139,8,Jeremy Hellickson,Kevin Gausman,,9,Tropicana Field,day,2,3,False,,
347671,2013,2013-06-08,2013-06-08T20:10:00Z,R,Regular Season,N,1,Final,F,New York Yankees,147,3,Seattle Mariners,136,1,Andy Pettitte,Joe Saunders,Mariano Rivera,9,Safeco Field,day,3,4,False,,
347672,2013,2013-06-08,2013-06-08T20:10:00Z,R,Regular Season,N,1,Final,F,Oakland Athletics,133,1,Chicago White Sox,145,4,John Danks,Sean Doolittle,Addison Reed,9,U.S. Cellular Field,day,3,4,False,,
347664,2013,2013-06-08,2013-06-08T23:15:00Z,R,Regular Season,S,2,Final,F,Los Angeles Angels,108,2,Boston Red Sox,111,7,Clay Buchholz,C.J. Wilson,,9,Fenway Park,night,2,3,False,,
347668,2013,2013-06-08,2013-06-08T23:15:00Z,R,Regular Season,N,1,Final,F,Houston Astros,117,2,Kansas City Royals,118,7,Ervin Santana,Erik Bedard,,9,Kauffman Stadium,night,2,3,False,,
347673,2013,2013-06-08,2013-06-08T23:15:00Z,R,Regular Season,N,1,Final,F,Philadelphia Phillies,143,3,Milwaukee Brewers,158,4,Tyler Thornburg,Kyle Kendrick,Francisco Rodríguez,9,Miller Park,night,3,4,False,,
347675,2013,2013-06-08,2013-06-08T23:15:00Z,R,Regular Season,N,1,Final,F,San Diego Padres,135,4,Colorado Rockies,115,2,Eric Stults,Jeff Francis,Luke Gregerson,9,Coors Field,night,3,4,False,,
347677,2013,2013-06-08,2013-06-08T23:15:00Z,R,Regular Season,N,1,Final,F,St. Louis Cardinals,138,2,Cincinnati Reds,113,4,Mat Latos,Tyler Lyons,Aroldis Chapman,9,Great American Ball Park,night,2,3,False,,
347665,2013,2013-06-08,2013-06-09T02:10:00Z,R,Regular Season,N,1,Final,F,Atlanta Braves,144,2,Los Angeles Dodgers,119,1,Kris Medlen,Stephen Fife,Craig Kimbrel,9,Dodger Stadium,night,3,4,False,,
347676,2013,2013-06-08,2013-06-09T02:10:00Z,R,Regular Season,N,1,Final,F,San Francisco Giants,137,10,Arizona Diamondbacks,109,5,Madison Bumgarner,Trevor Cahill,,9,Chase Field,night,2,3,False,,
347691,2013,2013-06-09,2013-06-09T17:07:00Z,R,Regular Season,N,1,Final,F,Texas Rangers,140,6,Toronto Blue Jays,141,4,Neal Cotts,Neil Wagner,Joe Nathan,9,Rogers Centre,day,3,3,False,,
347682,2013,2013-06-09,2013-06-09T17:08:00Z,R,Regular Season,N,1,Final,F,Cleveland Indians,114,1,Detroit Tigers,116,4,Jose Alvarez,Justin Masterson,Joaquín Benoit,9,Comerica Park,day,3,3,False,,
347684,2013,2013-06-09,2013-06-09T17:10:00Z,R,Regular Season,N,1,Final,F,Miami Marlins,146,8,New York Mets,121,4,Chad Qualls,Bobby Parnell,,10,Citi Field,day,2,2,False,,
347679,2013,2013-06-09,2013-06-09T17:35:00Z,R,Regular Season,N,1,Final,F,Los Angeles Angels,108,5,Boston Red Sox,111,10,Ryan Dempster,Joe Blanton,,9,Fenway Park,day,3,3,False,,
347685,2013,2013-06-09,2013-06-09T17:35:00Z,R,Regular Season,S,1,Final,F,Minnesota Twins,142,0,Washington Nationals,120,7,Jordan Zimmermann,Scott Diamond,,9,Nationals Park,day,2,3,False,,
347681,2013,2013-06-09,2013-06-09T17:40:00Z,R,Regular Season,N,1,Final,F,Baltimore Orioles,110,10,Tampa Bay Rays,139,7,Chris Tillman,Matt Moore,Jim Johnson,9,Tropicana Field,day,3,3,False,,
347683,2013,2013-06-09,2013-06-09T18:10:00Z,R,Regular Season,N,1,Final,F,Houston Astros,117,0,Kansas City Royals,118,2,Aaron Crow,Hector Ambriz,Greg Holland,9,Kauffman Stadium,day,3,3,False,,
347686,2013,2013-06-09,2013-06-09T18:10:00Z,R,Regular Season,N,1,Final,F,Oakland Athletics,133,2,Chicago White Sox,145,4,Héctor Santiago,A.J. Griffin,Addison Reed,9,U.S. Cellular Field,day,4,4,False,,
347692,2013,2013-06-09,2013-06-09T18:10:00Z,R,Regular Season,N,1,Final,F,Philadelphia Phillies,143,1,Milwaukee Brewers,158,9,Kyle Lohse,Jonathan Pettibone,,9,Miller Park,day,4,4,False,,
347687,2013,2013-06-09,2013-06-09T18:20:00Z,R,Regular Season,N,1,Final,F,Pittsburgh Pirates,134,1,Chicago Cubs,112,4,Edwin Jackson,Justin Wilson,Kevin Gregg,9,Wrigley Field,day,3,3,False,,
347680,2013,2013-06-09,2013-06-09T20:10:00Z,R,Regular Season,N,1,Final,F,Atlanta Braves,144,8,Los Angeles Dodgers,119,1,Mike Minor,Matt Magill,,9,Dodger Stadium,day,4,4,False,,
347688,2013,2013-06-09,2013-06-09T20:10:00Z,R,Regular Season,N,1,Final,F,San Diego Padres,135,7,Colorado Rockies,115,8,Rex Brothers,Tyson Ross,,10,Coors Field,day,4,4,False,,
347689,2013,2013-06-09,2013-06-09T20:10:00Z,R,Regular Season,N,1,Final,F,San Francisco Giants,137,6,Arizona Diamondbacks,109,2,Chad Gaudin,Tyler Skaggs,,9,Chase Field,day,3,3,False,,
347693,2013,2013-06-09,2013-06-09T20:10:00Z,R,Regular Season,N,1,Final,F,New York Yankees,147,2,Seattle Mariners,136,1,David Robertson,Yoervis Medina,Mariano Rivera,9,Safeco Field,day,4,4,False,,
347654,2013,2013-06-09,2013-06-09T23:05:00Z,R,Regular Season,S,2,Final,F,Minnesota Twins,142,4,Washington Nationals,120,5,Tyler Clippard,Anthony Swarzak,Rafael Soriano,9,Nationals Park,night,3,3,False,,
347690,2013,2013-06-09,2013-06-10T00:05:00Z,R,Regular Season,N,1,Final,F,St. Louis Cardinals,138,11,Cincinnati Reds,113,4,Trevor Rosenthal,J.J. Hoover,,10,Great American Ball Park,night,3,3,False,,
347694,2013,2013-06-10,2013-06-10T23:05:00Z,R,Regular Season,N,1,Final,F,Los Angeles Angels,108,3,Baltimore Orioles,110,4,Freddy Garcia,Jered Weaver,Jim Johnson,9,Oriole Park at Camden Yards,night,1,3,False,,
347696,2013,2013-06-10,2013-06-10T23:10:00Z,R,Regular Season,N,1,Final,F,Boston Red Sox,111,10,Tampa Bay Rays,139,8,Franklin Morales,Cesár Ramos,,14,Tropicana Field,night,1,3,False,,
347701,2013,2013-06-10,2013-06-10T23:10:00Z,R,Regular Season,N,1,Final,F,Milwaukee Brewers,158,6,Miami Marlins,146,1,Yovani Gallardo,Ricky Nolasco,,9,Marlins Park,night,1,3,False,,
347697,2013,2013-06-10,2013-06-11T00:05:00Z,R,Regular Season,N,1,Final,F,Cincinnati Reds,113,6,Chicago Cubs,112,2,Homer Bailey,Scott Feldman,,9,Wrigley Field,night,1,4,False,,
347698,2013,2013-06-10,2013-06-11T00:05:00Z,R,Regular Season,N,1,Final,F,Cleveland Indians,114,3,Texas Rangers,140,6,Robbie Ross Jr.,Scott Kazmir,Joe Nathan,9,Rangers Ballpark in Arlington,night,1,3,False,,
347699,2013,2013-06-10,2013-06-11T00:10:00Z,R,Regular Season,N,1,Final,F,Detroit Tigers,116,2,Kansas City Royals,118,3,Jeremy Guthrie,Doug Fister,Greg Holland,9,Kauffman Stadium,night,1,3,False,,
347700,2013,2013-06-10,2013-06-11T00:10:00Z,R,Regular Season,N,1,Final,F,Toronto Blue Jays,141,6,Chicago White Sox,145,10,Nate Jones,R.A. Dickey,,9,U.S. Cellular Field,night,1,2,False,,
347695,2013,2013-06-10,2013-06-11T02:10:00Z,R,Regular Season,N,1,Final,F,Atlanta Braves,144,6,San Diego Padres,135,7,Jason Marquis,Julio Teheran,Dale Thayer,9,Petco Park,night,1,3,False,,
347702,2013,2013-06-10,2013-06-11T02:10:00Z,R,Regular Season,N,1,Final,F,Arizona Diamondbacks,109,5,Los Angeles Dodgers,119,4,Tony Sipp,Brandon League,Heath Bell,9,Dodger Stadium,night,1,3,False,,
347703,2013,2013-06-10,2013-06-11T02:10:00Z,R,Regular Season,N,1,Final,F,Houston Astros,117,2,Seattle Mariners,136,3,Hisashi Iwakuma,Dallas Keuchel,Tom Wilhelmsen,9,Safeco Field,night,1,3,False,,
347704,2013,2013-06-11,2013-06-11T23:05:00Z,R,Regular Season,N,1,Final,F,Los Angeles Angels,108,2,Baltimore Orioles,110,3,Miguel González,Jason Vargas,Jim Johnson,9,Oriole Park at Camden Yards,night,2,3,False,,
347712,2013,2013-06-11,2013-06-11T23:05:00Z,R,Regular Season,N,1,Final,F,San Francisco Giants,137,2,Pittsburgh Pirates,134,8,Gerrit Cole,Tim Lincecum,,9,PNC Park,night,1,3,False,,
347706,2013,2013-06-11,2013-06-11T23:10:00Z,R,Regular Season,N,1,Final,F,Boston Red Sox,111,3,Tampa Bay Rays,139,8,Roberto Hernandez,Jon Lester,,9,Tropicana Field,night,2,3,False,,
347713,2013,2013-06-11,2013-06-11T23:10:00Z,R,Regular Season,N,1,Final,F,St. Louis Cardinals,138,9,New York Mets,121,2,Michael Wacha,Jeremy Hefner,,9,Citi Field,night,1,3,False,,
347716,2013,2013-06-11,2013-06-11T23:10:00Z,R,Regular Season,N,1,Final,F,Milwaukee Brewers,158,4,Miami Marlins,146,5,Chad Qualls,Jim Henderson,Steve Cishek,9,Marlins Park,night,2,3,False,,
347707,2013,2013-06-11,2013-06-12T00:05:00Z,R,Regular Season,N,1,Final,F,Cincinnati Reds,113,12,Chicago Cubs,112,2,Tony Cingrani,Matt Garza,,9,Wrigley Field,night,2,4,False,,
347708,2013,2013-06-11,2013-06-12T00:05:00Z,R,Regular Season,N,1,Final,F,Cleveland Indians,114,5,Texas Rangers,140,2,Corey Kluber,Derek Holland,,9,Rangers Ballpark in Arlington,night,2,3,False,,
347709,2013,2013-06-11,2013-06-12T00:10:00Z,R,Regular Season,N,1,Final,F,Detroit Tigers,116,3,Kansas City Royals,118,2,Max Scherzer,Aaron Crow,Jose Valverde,9,Kauffman Stadium,night,2,3,False,,
347711,2013,2013-06-11,2013-06-12T00:10:00Z,R,Regular Season,N,1,Final,F,Philadelphia Phillies,143,2,Minnesota Twins,142,3,Brian Duensing,Mike Adams,Glen Perkins,9,Target Field,night,1,3,False,,
347714,2013,2013-06-11,2013-06-12T00:10:00Z,R,Regular Season,N,1,Final,F,Toronto Blue Jays,141,7,Chicago White Sox,145,5,Brett Cecil,Ramon Troncoso,Casey Janssen,10,U.S. Cellular Field,night,2,2,False,,
347715,2013,2013-06-11,2013-06-12T00:40:00Z,R,Regular Season,N,1,Final,F,Washington Nationals,120,3,Colorado Rockies,115,8,Jhoulys Chacín,Dan Haren,,9,Coors Field,night,1,3,False,,
347710,2013,2013-06-11,2013-06-12T02:05:00Z,R,Regular Season,N,1,Final,F,New York Yankees,147,4,Oakland Athletics,133,6,Bartolo Colon,CC Sabathia,Grant Balfour,9,O.co Coliseum,night,1,3,False,,
347705,2013,2013-06-11,2013-06-12T02:10:00Z,R,Regular Season,N,1,Final,F,Atlanta Braves,144,2,San Diego Padres,135,3,Andrew Cashner,Tim Hudson,Luke Gregerson,9,Petco Park,night,2,3,False,,
347717,2013,2013-06-11,2013-06-12T02:10:00Z,R,Regular Season,N,1,Final,F,Arizona Diamondbacks,109,3,Los Angeles Dodgers,119,5,Matt Guerrier,David Hernandez,Kenley Jansen,9,Dodger Stadium,night,2,3,False,,
347718,2013,2013-06-11,2013-06-12T02:10:00Z,R,Regular Season,N,1,Final,F,Houston Astros,117,0,Seattle Mariners,136,4,Aaron Harang,Bud Norris,,9,Safeco Field,night,2,3,False,,
347719,2013,2013-06-12,2013-06-12T16:35:00Z,R,Regular Season,N,1,Final,F,Los Angeles Angels,108,9,Baltimore Orioles,110,5,Jerome Williams,Pedro Strop,,9,Oriole Park at Camden Yards,day,3,3,False,,
347724,2013,2013-06-12,2013-06-12T18:10:00Z,R,Regular Season,N,1,Final,F,Detroit Tigers,116,2,Kansas City Royals,118,3,Greg Holland,Phil Coke,,10,Kauffman Stadium,day,3,3,False,,
347722,2013,2013-06-12,2013-06-12T18:20:00Z,R,Regular Season,N,1,Final,F,Cincinnati Reds,113,2,Chicago Cubs,112,1,Mike Leake,Travis Wood,Aroldis Chapman,9,Wrigley Field,day,3,4,False,,
347720,2013,2013-06-12,2013-06-12T19:40:00Z,R,Regular Season,N,1,Final,F,Atlanta Braves,144,3,San Diego Padres,135,5,Edinson Volquez,Paul Maholm,Nick Vincent,9,Petco Park,day,3,3,False,,
347727,2013,2013-06-12,2013-06-12T23:05:00Z,R,Regular Season,N,1,Final,F,San Francisco Giants,137,8,Pittsburgh Pirates,134,12,Francisco Liriano,Barry Zito,,9,PNC Park,night,2,3,False,,
347721,2013,2013-06-12,2013-06-12T23:10:00Z,R,Regular Season,N,1,Final,F,Boston Red Sox,111,2,Tampa Bay Rays,139,1,Alfredo Aceves,Chris Archer,Andrew Bailey,9,Tropicana Field,night,3,3,False,,
347728,2013,2013-06-12,2013-06-12T23:10:00Z,R,Regular Season,N,1,Final,F,St. Louis Cardinals,138,1,New York Mets,121,5,Dillon Gee,Shelby Miller,,9,Citi Field,night,2,3,False,,
347731,2013,2013-06-12,2013-06-12T23:10:00Z,R,Regular Season,N,1,Final,F,Milwaukee Brewers,158,10,Miami Marlins,146,1,Alfredo Figaro,Kevin Slowey,,9,Marlins Park,night,3,3,False,,
347723,2013,2013-06-12,2013-06-13T00:05:00Z,R,Regular Season,N,1,Final,F,Cleveland Indians,114,5,Texas Rangers,140,2,Ubaldo Jiménez,Nick Tepesch,,9,Rangers Ballpark in Arlington,night,3,3,False,,
347726,2013,2013-06-12,2013-06-13T00:10:00Z,R,Regular Season,N,1,Final,F,Philadelphia Phillies,143,3,Minnesota Twins,142,4,Brian Duensing,Antonio Bastardo,Glen Perkins,9,Target Field,night,2,3,False,,
347730,2013,2013-06-12,2013-06-13T00:40:00Z,R,Regular Season,N,1,Final,F,Washington Nationals,120,5,Colorado Rockies,115,1,Ross Ohlendorf,Jorge De La Rosa,,9,Coors Field,night,2,3,False,,
347725,2013,2013-06-12,2013-06-13T02:05:00Z,R,Regular Season,N,1,Final,F,New York Yankees,147,2,Oakland Athletics,133,5,Dan Straily,Phil Hughes,Grant Balfour,9,O.co Coliseum,night,2,3,False,,
347732,2013,2013-06-12,2013-06-13T02:10:00Z,R,Regular Season,N,1,Final,F,Arizona Diamondbacks,109,8,Los Angeles Dodgers,119,6,Josh Collmenter,Ronald Belisario,,12,Dodger Stadium,night,3,3,False,,
347733,2013,2013-06-12,2013-06-13T02:10:00Z,R,Regular Season,N,1,Final,F,Houston Astros,117,6,Seattle Mariners,136,1,Paul Clemens,Tom Wilhelmsen,,9,Safeco Field,night,3,3,False,,
347740,2013,2013-06-13,2013-06-13T17:10:00Z,R,Regular Season,N,1,Final,F,St. Louis Cardinals,138,2,New York Mets,121,1,Adam Wainwright,Matt Harvey,Edward Mujica,9,Citi Field,day,3,3,False,,
347735,2013,2013-06-13,2013-06-13T18:20:00Z,R,Regular Season,N,1,Final,F,Cincinnati Reds,113,5,Chicago Cubs,112,6,Héctor Rondón,Jonathan Broxton,,14,Wrigley Field,day,4,4,False,,
347742,2013,2013-06-13,2013-06-13T19:10:00Z,R,Regular Season,N,1,Final,F,Washington Nationals,120,5,Colorado Rockies,115,4,Craig Stammen,Matt Belisle,Rafael Soriano,9,Coors Field,day,3,3,False,,
347737,2013,2013-06-13,2013-06-13T19:35:00Z,R,Regular Season,N,1,Final,F,New York Yankees,147,2,Oakland Athletics,133,3,Jesse Chavez,Preston Claiborne,,18,O.co Coliseum,day,3,3,False,,
347734,2013,2013-06-13,2013-06-13T23:05:00Z,R,Regular Season,N,1,Final,F,Boston Red Sox,111,4,Baltimore Orioles,110,5,T.J. McFarland,Alex Wilson,,13,Oriole Park at Camden Yards,night,1,4,False,,
347739,2013,2013-06-13,2013-06-13T23:05:00Z,R,Regular Season,N,1,Final,F,San Francisco Giants,137,10,Pittsburgh Pirates,134,0,Matt Cain,Charlie Morton,,9,PNC Park,night,3,3,False,,
347736,2013,2013-06-13,2013-06-13T23:10:00Z,R,Regular Season,N,1,Final,F,Kansas City Royals,118,10,Tampa Bay Rays,139,1,Ervin Santana,Jeremy Hellickson,,9,Tropicana Field,night,1,4,False,,
347741,2013,2013-06-13,2013-06-14T00:05:00Z,R,Regular Season,N,1,Final,F,Toronto Blue Jays,141,3,Texas Rangers,140,1,Esmil Rogers,Neal Cotts,Casey Janssen,9,Rangers Ballpark in Arlington,night,1,4,False,,
347738,2013,2013-06-13,2013-06-14T00:10:00Z,R,Regular Season,N,1,Final,F,Philadelphia Phillies,143,3,Minnesota Twins,142,2,Cliff Lee,Jared Burton,Jonathan Papelbon,9,Target Field,night,3,3,False,,
347744,2013,2013-06-14,2013-06-14T23:05:00Z,R,Regular Season,N,1,Final,F,Boston Red Sox,111,0,Baltimore Orioles,110,2,Chris Tillman,Ryan Dempster,Jim Johnson,9,Oriole Park at Camden Yards,night,2,4,False,,
347749,2013,2013-06-14,2013-06-14T23:05:00Z,R,Regular Season,N,1,Final,F,Los Angeles Dodgers,119,0,Pittsburgh Pirates,134,3,Jeff Locke,Stephen Fife,Jason Grilli,9,PNC Park,night,1,3,False,,
347756,2013,2013-06-14,2013-06-14T23:05:00Z,R,Regular Season,N,1,Final,F,Washington Nationals,120,1,Cleveland Indians,114,2,Joe Smith,Fernando Abad,,9,Progressive Field,night,1,3,False,,
347746,2013,2013-06-14,2013-06-14T23:10:00Z,R,Regular Season,N,1,Final,F,Chicago Cubs,112,6,New York Mets,121,3,Edwin Jackson,Shaun Marcum,Kevin Gregg,9,Citi Field,night,1,3,False,,
347748,2013,2013-06-14,2013-06-14T23:10:00Z,R,Regular Season,N,1,Final,F,Kansas City Royals,118,7,Tampa Bay Rays,139,2,Luis Mendoza,Matt Moore,,9,Tropicana Field,night,2,4,False,,
347750,2013,2013-06-14,2013-06-14T23:10:00Z,R,Regular Season,N,1,Final,F,Milwaukee Brewers,158,3,Cincinnati Reds,113,4,Alfredo Simon,Burke Badenhop,,10,Great American Ball Park,night,1,3,False,,
347757,2013,2013-06-14,2013-06-14T23:10:00Z,R,Regular Season,N,1,Final,F,St. Louis Cardinals,138,4,Miami Marlins,146,5,José Fernández,Jake Westbrook,Steve Cishek,9,Marlins Park,night,1,3,False,,
347754,2013,2013-06-14,2013-06-14T23:30:00Z,R,Regular Season,N,1,Final,F,San Francisco Giants,137,6,Atlanta Braves,144,0,Madison Bumgarner,Kris Medlen,,9,Turner Field,night,1,3,False,,
347755,2013,2013-06-14,2013-06-15T00:05:00Z,R,Regular Season,N,1,Final,F,Toronto Blue Jays,141,8,Texas Rangers,140,0,Mark Buehrle,Justin Grimm,,9,Rangers Ballpark in Arlington,night,2,4,False,,
347745,2013,2013-06-14,2013-06-15T00:10:00Z,R,Regular Season,N,1,Final,F,Chicago White Sox,145,1,Houston Astros,117,2,Erik Bedard,Chris Sale,Jose Veras,9,Minute Maid Park,night,1,4,False,,
347747,2013,2013-06-14,2013-06-15T00:10:00Z,R,Regular Season,N,1,Final,F,Detroit Tigers,116,4,Minnesota Twins,142,0,Rick Porcello,Scott Diamond,,9,Target Field,night,1,3,False,,
347752,2013,2013-06-14,2013-06-15T00:40:00Z,R,Regular Season,N,1,Final,F,Philadelphia Phillies,143,8,Colorado Rockies,115,7,Michael Stutes,Wilton Lopez,Jonathan Papelbon,9,Coors Field,night,1,3,False,,
347751,2013,2013-06-14,2013-06-15T02:05:00Z,R,Regular Season,N,1,Final,F,New York Yankees,147,2,Los Angeles Angels,108,5,C.J. Wilson,Andy Pettitte,Ernesto Frieri,9,Angel Stadium of Anaheim,night,1,3,False,,
347753,2013,2013-06-14,2013-06-15T02:05:00Z,R,Regular Season,N,1,Final,F,Seattle Mariners,136,3,Oakland Athletics,133,2,Joe Saunders,Tommy Milone,Oliver Pérez,9,O.co Coliseum,night,1,3,False,,
347743,2013,2013-06-14,2013-06-15T02:10:00Z,R,Regular Season,N,1,Final,F,Arizona Diamondbacks,109,1,San Diego Padres,135,2,Eric Stults,Trevor Cahill,,9,Petco Park,night,1,3,False,,
347761,2013,2013-06-15,2013-06-15T17:10:00Z,R,Regular Season,N,1,Final,F,Chicago Cubs,112,5,New York Mets,121,2,Scott Feldman,Jonathon Niese,Kevin Gregg,9,Citi Field,day,2,3,False,,
347759,2013,2013-06-15,2013-06-15T20:05:00Z,R,Regular Season,N,1,Final,F,Boston Red Sox,111,5,Baltimore Orioles,110,4,John Lackey,Freddy Garcia,Andrew Bailey,9,Oriole Park at Camden Yards,day,3,4,False,,
347764,2013,2013-06-15,2013-06-15T20:05:00Z,R,Regular Season,N,1,Final,F,Los Angeles Dodgers,119,5,Pittsburgh Pirates,134,3,Peter Moylan,Vin Mazzaro,Brandon League,11,PNC Park,day,2,3,False,,
347769,2013,2013-06-15,2013-06-15T20:05:00Z,R,Regular Season,N,1,Final,F,San Francisco Giants,137,5,Atlanta Braves,144,6,Craig Kimbrel,Sergio Romo,,9,Turner Field,day,2,3,False,,
347770,2013,2013-06-15,2013-06-15T20:05:00Z,R,Regular Season,N,1,Final,F,Toronto Blue Jays,141,6,Texas Rangers,140,1,R.A. Dickey,Josh Lindblom,,9,Rangers Ballpark in Arlington,day,3,4,False,,
347763,2013,2013-06-15,2013-06-15T20:10:00Z,R,Regular Season,N,1,Final,F,Kansas City Royals,118,3,Tampa Bay Rays,139,5,Alex Torres,Jeremy Guthrie,Fernando Rodney,9,Tropicana Field,day,3,4,False,,
347765,2013,2013-06-15,2013-06-15T20:10:00Z,R,Regular Season,N,1,Final,F,Milwaukee Brewers,158,6,Cincinnati Reds,113,0,Yovani Gallardo,Homer Bailey,,9,Great American Ball Park,day,2,3,False,,
347767,2013,2013-06-15,2013-06-15T20:10:00Z,R,Regular Season,N,1,Final,F,Philadelphia Phillies,143,5,Colorado Rockies,115,10,Tyler Chatwood,Jonathan Pettibone,,9,Coors Field,day,2,3,False,,
347772,2013,2013-06-15,2013-06-15T20:10:00Z,R,Regular Season,N,1,Final,F,St. Louis Cardinals,138,13,Miami Marlins,146,7,Lance Lynn,Tom Koehler,,9,Marlins Park,day,2,3,False,,
347760,2013,2013-06-15,2013-06-15T23:15:00Z,R,Regular Season,N,1,Final,F,Chicago White Sox,145,3,Houston Astros,117,4,Lucas Harrell,John Danks,Jose Veras,9,Minute Maid Park,night,2,4,False,,
347762,2013,2013-06-15,2013-06-15T23:15:00Z,R,Regular Season,N,1,Final,F,Detroit Tigers,116,3,Minnesota Twins,142,6,Samuel Deduno,Darin Downs,Glen Perkins,9,Target Field,night,2,3,False,,
347766,2013,2013-06-15,2013-06-15T23:15:00Z,R,Regular Season,N,1,Final,F,New York Yankees,147,2,Los Angeles Angels,108,6,Tommy Hanson,David Phelps,,9,Angel Stadium of Anaheim,day,2,3,False,,
347768,2013,2013-06-15,2013-06-15T23:15:00Z,R,Regular Season,N,1,Final,F,Seattle Mariners,136,4,Oakland Athletics,133,0,Félix Hernández,A.J. Griffin,,9,O.co Coliseum,day,2,3,False,,
347771,2013,2013-06-15,2013-06-15T23:15:00Z,R,Regular Season,N,1,Final,F,Washington Nationals,120,7,Cleveland Indians,114,6,Drew Storen,Vinnie Pestano,Rafael Soriano,9,Progressive Field,night,2,3,False,,
347758,2013,2013-06-15,2013-06-16T02:10:00Z,R,Regular Season,N,1,Final,F,Arizona Diamondbacks,109,4,San Diego Padres,135,6,Jason Marquis,Wade Miley,Huston Street,9,Petco Park,night,2,3,False,,
347786,2013,2013-06-16,2013-06-16T17:05:00Z,R,Regular Season,N,1,Final,F,Washington Nationals,120,0,Cleveland Indians,114,2,Corey Kluber,Stephen Strasburg,Vinnie Pestano,9,Progressive Field,day,3,3,False,,
347776,2013,2013-06-16,2013-06-16T17:10:00Z,R,Regular Season,N,1,Final,F,Chicago Cubs,112,3,New York Mets,121,4,Bobby Parnell,Carlos Marmol,,9,Citi Field,day,3,3,False,,
347780,2013,2013-06-16,2013-06-16T17:10:00Z,R,Regular Season,N,1,Final,F,Milwaukee Brewers,158,1,Cincinnati Reds,113,5,Johnny Cueto,Wily Peralta,Alfredo Simon,9,Great American Ball Park,day,3,3,False,,
347787,2013,2013-06-16,2013-06-16T17:10:00Z,R,Regular Season,N,1,Final,F,St. Louis Cardinals,138,2,Miami Marlins,146,7,Ricky Nolasco,Tyler Lyons,Steve Cishek,9,Marlins Park,day,3,3,False,,
347774,2013,2013-06-16,2013-06-16T17:35:00Z,R,Regular Season,N,1,Final,F,Boston Red Sox,111,3,Baltimore Orioles,110,6,Miguel González,Jon Lester,Jim Johnson,9,Oriole Park at Camden Yards,day,4,4,False,,
347779,2013,2013-06-16,2013-06-16T17:35:00Z,R,Regular Season,N,1,Final,F,Los Angeles Dodgers,119,3,Pittsburgh Pirates,134,6,Gerrit Cole,Zack Greinke,Jason Grilli,9,PNC Park,day,3,3,False,,
347778,2013,2013-06-16,2013-06-16T17:40:00Z,R,Regular Season,N,1,Final,F,Kansas City Royals,118,5,Tampa Bay Rays,139,3,Wade Davis,Roberto Hernandez,Greg Holland,9,Tropicana Field,day,4,4,False,,
347775,2013,2013-06-16,2013-06-16T18:10:00Z,R,Regular Season,N,1,Final,F,Chicago White Sox,145,4,Houston Astros,117,5,Dallas Keuchel,Héctor Santiago,Jose Veras,9,Minute Maid Park,day,3,4,False,,
347777,2013,2013-06-16,2013-06-16T18:10:00Z,R,Regular Season,N,1,Final,F,Detroit Tigers,116,5,Minnesota Twins,142,2,Doug Fister,P.J. Walters,Joaquín Benoit,9,Target Field,day,3,3,False,,
347785,2013,2013-06-16,2013-06-16T19:05:00Z,R,Regular Season,N,1,Final,F,Toronto Blue Jays,141,7,Texas Rangers,140,2,Chien-Ming Wang,Derek Holland,,9,Rangers Ballpark in Arlington,day,4,4,False,,
347781,2013,2013-06-16,2013-06-16T19:35:00Z,R,Regular Season,N,1,Final,F,New York Yankees,147,6,Los Angeles Angels,108,5,CC Sabathia,Jered Weaver,Mariano Rivera,9,Angel Stadium of Anaheim,day,3,3,False,,
347783,2013,2013-06-16,2013-06-16T20:05:00Z,R,Regular Season,N,1,Final,F,Seattle Mariners,136,2,Oakland Athletics,133,10,Bartolo Colon,Hisashi Iwakuma,,9,O.co Coliseum,day,3,3,False,,
347773,2013,2013-06-16,2013-06-16T20:10:00Z,R,Regular Season,N,1,Final,F,Arizona Diamondbacks,109,1,San Diego Padres,135,4,Clayton Richard,David Hernandez,Huston Street,9,Petco Park,day,3,3,False,,
347782,2013,2013-06-16,2013-06-16T20:10:00Z,R,Regular Season,N,1,Final,F,Philadelphia Phillies,143,2,Colorado Rockies,115,5,Jhoulys Chacín,Cole Hamels,Rex Brothers,9,Coors Field,day,3,3,False,,
347784,2013,2013-06-16,2013-06-17T00:05:00Z,R,Regular Season,N,1,Final,F,San Francisco Giants,137,0,Atlanta Braves,144,3,Julio Teheran,Tim Lincecum,Craig Kimbrel,9,Turner Field,night,3,3,False,,
347790,2013,2013-06-17,2013-06-17T23:05:00Z,R,Regular Season,N,1,Final,F,Kansas City Royals,118,2,Cleveland Indians,114,1,Aaron Crow,Bryan Shaw,Greg Holland,9,Progressive Field,night,1,3,False,,
347797,2013,2013-06-17,2013-06-17T23:05:00Z,R,Regular Season,N,1,Final,F,Washington Nationals,120,4,Philadelphia Phillies,143,5,Jonathan Papelbon,Fernando Abad,,9,Citizens Bank Park,night,1,3,False,,
347799,2013,2013-06-17,2013-06-17T23:05:00Z,R,Regular Season,N,1,Final,F,Chicago Cubs,112,2,St. Louis Cardinals,138,5,Shelby Miller,Travis Wood,Edward Mujica,9,Busch Stadium,night,1,4,False,,
347798,2013,2013-06-17,2013-06-17T23:07:00Z,R,Regular Season,N,1,Final,F,Colorado Rockies,115,0,Toronto Blue Jays,141,2,Brett Cecil,Matt Belisle,Casey Janssen,9,Rogers Centre,night,1,3,False,,
347788,2013,2013-06-17,2013-06-17T23:08:00Z,R,Regular Season,N,1,Final,F,Baltimore Orioles,110,1,Detroit Tigers,116,5,Max Scherzer,Jake Arrieta,Drew Smyly,9,Comerica Park,night,1,3,False,,
347792,2013,2013-06-17,2013-06-17T23:10:00Z,R,Regular Season,N,1,Final,F,New York Mets,121,1,Atlanta Braves,144,2,David Carpenter,Dillon Gee,,9,Turner Field,night,1,5,False,,
347794,2013,2013-06-17,2013-06-17T23:10:00Z,R,Regular Season,N,1,Final,F,Pittsburgh Pirates,134,1,Cincinnati Reds,113,4,Mike Leake,Francisco Liriano,Aroldis Chapman,9,Great American Ball Park,night,1,4,False,,
347793,2013,2013-06-17,2013-06-18T00:05:00Z,R,Regular Season,N,1,Final,F,Oakland Athletics,133,7,Texas Rangers,140,8,Neal Cotts,Jesse Chavez,Joe Nathan,9,Rangers Ballpark in Arlington,night,1,4,False,,
347789,2013,2013-06-17,2013-06-18T00:10:00Z,R,Regular Season,N,1,Final,F,Chicago White Sox,145,4,Houston Astros,117,2,Nate Jones,Bud Norris,Addison Reed,9,Minute Maid Park,night,4,4,False,,
347791,2013,2013-06-17,2013-06-18T01:40:00Z,R,Regular Season,N,1,Final,F,Miami Marlins,146,3,Arizona Diamondbacks,109,2,Mike Dunn,Heath Bell,Steve Cishek,9,Chase Field,night,1,3,False,,
347796,2013,2013-06-17,2013-06-18T02:05:00Z,R,Regular Season,N,1,Final,F,Seattle Mariners,136,3,Los Angeles Angels,108,11,Jason Vargas,Aaron Harang,,9,Angel Stadium of Anaheim,night,1,4,False,,
347795,2013,2013-06-17,2013-06-18T02:15:00Z,R,Regular Season,N,1,Final,F,San Diego Padres,135,5,San Francisco Giants,137,3,Nick Vincent,Jose Mijares,Huston Street,13,AT&T Park,night,1,3,False,,
346892,2013,2013-06-18,2013-06-18T17:05:00Z,R,Regular Season,S,1,Final,F,Tampa Bay Rays,139,1,Boston Red Sox,111,5,Alfredo Aceves,Chris Archer,,9,Fenway Park,day,1,3,False,,
347195,2013,2013-06-18,2013-06-18T17:10:00Z,R,Regular Season,S,1,Final,F,New York Mets,121,4,Atlanta Braves,144,3,Matt Harvey,Alex Wood,Bobby Parnell,9,Turner Field,day,2,5,False,,
347802,2013,2013-06-18,2013-06-18T23:05:00Z,R,Regular Season,N,1,Final,F,Kansas City Royals,118,3,Cleveland Indians,114,4,Cody Allen,Kelvin Herrera,Vinnie Pestano,9,Progressive Field,night,2,3,False,,
347812,2013,2013-06-18,2013-06-18T23:05:00Z,R,Regular Season,N,1,Final,F,Washington Nationals,120,2,Philadelphia Phillies,143,4,Cliff Lee,Ross Detwiler,Jonathan Papelbon,9,Citizens Bank Park,night,2,3,False,,
347813,2013,2013-06-18,2013-06-18T23:07:00Z,R,Regular Season,N,1,Final,F,Colorado Rockies,115,3,Toronto Blue Jays,141,8,Esmil Rogers,Jeff Francis,,9,Rogers Centre,night,2,3,False,,
347800,2013,2013-06-18,2013-06-18T23:08:00Z,R,Regular Season,N,1,Final,F,Baltimore Orioles,110,5,Detroit Tigers,116,2,Zack Britton,Justin Verlander,Jim Johnson,9,Comerica Park,night,2,3,False,,
347806,2013,2013-06-18,2013-06-18T23:10:00Z,R,Regular Season,S,2,Final,F,New York Mets,121,6,Atlanta Braves,144,1,Zack Wheeler,Paul Maholm,,9,Turner Field,night,3,5,False,,
347808,2013,2013-06-18,2013-06-18T23:10:00Z,R,Regular Season,N,1,Final,F,Pittsburgh Pirates,134,4,Cincinnati Reds,113,0,Charlie Morton,Mat Latos,,9,Great American Ball Park,night,2,4,False,,
347807,2013,2013-06-18,2013-06-19T00:05:00Z,R,Regular Season,N,1,Final,F,Oakland Athletics,133,6,Texas Rangers,140,2,Jarrod Parker,Yu Darvish,,9,Rangers Ballpark in Arlington,night,2,4,False,,
347811,2013,2013-06-18,2013-06-19T00:05:00Z,R,Regular Season,S,2,Final,F,Tampa Bay Rays,139,1,Boston Red Sox,111,3,Andrew Bailey,Joel Peralta,,9,Fenway Park,night,2,3,False,,
347801,2013,2013-06-18,2013-06-19T00:10:00Z,R,Regular Season,N,1,Final,F,Chicago White Sox,145,5,Minnesota Twins,142,7,Jared Burton,Ramon Troncoso,Glen Perkins,9,Target Field,night,1,3,False,,
347805,2013,2013-06-18,2013-06-19T00:10:00Z,R,Regular Season,N,1,Final,F,Milwaukee Brewers,158,1,Houston Astros,117,10,Jordan Lyles,Alfredo Figaro,,9,Minute Maid Park,night,1,3,False,,
347814,2013,2013-06-18,2013-06-19T00:15:00Z,R,Regular Season,N,1,Final,F,Chicago Cubs,112,4,St. Louis Cardinals,138,2,Jeff Samardzija,Adam Wainwright,Kevin Gregg,9,Busch Stadium,night,2,4,False,,
347804,2013,2013-06-18,2013-06-19T01:40:00Z,R,Regular Season,N,1,Final,F,Miami Marlins,146,2,Arizona Diamondbacks,109,3,David Hernandez,Chad Qualls,,9,Chase Field,night,2,3,False,,
347810,2013,2013-06-18,2013-06-19T02:05:00Z,R,Regular Season,N,1,Final,F,Seattle Mariners,136,3,Los Angeles Angels,108,2,Charlie Furbush,Garrett Richards,Yoervis Medina,10,Angel Stadium of Anaheim,night,2,4,False,,
347809,2013,2013-06-18,2013-06-19T02:15:00Z,R,Regular Season,N,1,Final,F,San Diego Padres,135,4,San Francisco Giants,137,5,Jean Machi,Dale Thayer,Sergio Romo,9,AT&T Park,night,2,3,False,,
347803,2013,2013-06-19,2013-06-19T17:05:00Z,R,Regular Season,S,1,Final,F,Los Angeles Dodgers,119,4,New York Yankees,147,6,Hiroki Kuroda,Hyun Jin Ryu,Mariano Rivera,9,Yankee Stadium,day,1,2,False,,
347815,2013,2013-06-19,2013-06-19T17:08:00Z,R,Regular Season,N,1,Final,F,Baltimore Orioles,110,13,Detroit Tigers,116,3,Chris Tillman,Rick Porcello,,9,Comerica Park,day,3,3,False,,
347819,2013,2013-06-19,2013-06-19T19:40:00Z,R,Regular Season,N,1,Final,F,Miami Marlins,146,1,Arizona Diamondbacks,109,3,David Hernandez,José Fernández,Heath Bell,9,Chase Field,day,3,3,False,,
347824,2013,2013-06-19,2013-06-19T19:45:00Z,R,Regular Season,N,1,Final,F,San Diego Padres,135,2,San Francisco Giants,137,4,Madison Bumgarner,Luke Gregerson,Sergio Romo,9,AT&T Park,day,3,3,False,,
347817,2013,2013-06-19,2013-06-19T23:05:00Z,R,Regular Season,N,1,Final,F,Kansas City Royals,118,3,Cleveland Indians,114,6,Justin Masterson,Luis Mendoza,,9,Progressive Field,night,3,3,False,,
347818,2013,2013-06-19,2013-06-19T23:05:00Z,R,Regular Season,S,2,Final,F,Los Angeles Dodgers,119,6,New York Yankees,147,0,Chris Capuano,Phil Hughes,,9,Yankee Stadium,night,2,2,False,,
347827,2013,2013-06-19,2013-06-19T23:05:00Z,R,Regular Season,N,1,Final,F,Washington Nationals,120,6,Philadelphia Phillies,143,2,Drew Storen,Michael Stutes,,11,Citizens Bank Park,night,3,3,False,,
347828,2013,2013-06-19,2013-06-19T23:07:00Z,R,Regular Season,N,1,Final,F,Colorado Rockies,115,2,Toronto Blue Jays,141,5,Mark Buehrle,Juan Nicasio,Casey Janssen,9,Rogers Centre,night,3,3,False,,
347821,2013,2013-06-19,2013-06-19T23:10:00Z,R,Regular Season,N,1,Final,F,New York Mets,121,3,Atlanta Braves,144,5,Kris Medlen,Shaun Marcum,Craig Kimbrel,9,Turner Field,night,4,5,False,,
347823,2013,2013-06-19,2013-06-19T23:10:00Z,R,Regular Season,N,1,Final,F,Pittsburgh Pirates,134,1,Cincinnati Reds,113,2,Manny Parra,Vin Mazzaro,,13,Great American Ball Park,night,3,4,False,,
347826,2013,2013-06-19,2013-06-19T23:10:00Z,R,Regular Season,N,1,Final,F,Tampa Bay Rays,139,6,Boston Red Sox,111,2,Jeremy Hellickson,Ryan Dempster,,9,Fenway Park,night,3,3,False,,
347822,2013,2013-06-19,2013-06-20T00:05:00Z,R,Regular Season,N,1,Final,F,Oakland Athletics,133,4,Texas Rangers,140,9,Justin Grimm,Tommy Milone,,9,Rangers Ballpark in Arlington,night,3,4,False,,
347816,2013,2013-06-19,2013-06-20T00:10:00Z,R,Regular Season,N,1,Final,F,Chicago White Sox,145,4,Minnesota Twins,142,7,Kevin Correia,Chris Sale,Glen Perkins,9,Target Field,night,2,3,False,,
347820,2013,2013-06-19,2013-06-20T00:10:00Z,R,Regular Season,N,1,Final,F,Milwaukee Brewers,158,3,Houston Astros,117,1,John Axford,Hector Ambriz,Francisco Rodríguez,9,Minute Maid Park,night,2,3,False,,
347829,2013,2013-06-19,2013-06-20T00:15:00Z,R,Regular Season,N,1,Final,F,Chicago Cubs,112,1,St. Louis Cardinals,138,4,Jake Westbrook,Edwin Jackson,Edward Mujica,9,Busch Stadium,night,3,4,False,,
347825,2013,2013-06-19,2013-06-20T02:05:00Z,R,Regular Season,N,1,Final,F,Seattle Mariners,136,0,Los Angeles Angels,108,1,C.J. Wilson,Joe Saunders,Ernesto Frieri,9,Angel Stadium of Anaheim,night,3,4,False,,
347838,2013,2013-06-20,2013-06-20T16:35:00Z,R,Regular Season,N,1,Final,F,Pittsburgh Pirates,134,5,Cincinnati Reds,113,3,Bryan Morris,Alfredo Simon,Tony Watson,9,Great American Ball Park,day,4,4,False,,
347831,2013,2013-06-20,2013-06-20T17:10:00Z,R,Regular Season,N,1,Final,F,Chicago White Sox,145,4,Minnesota Twins,142,8,Scott Diamond,John Danks,,9,Target Field,day,3,3,False,,
347837,2013,2013-06-20,2013-06-20T18:05:00Z,R,Regular Season,N,1,Final,F,Oakland Athletics,133,3,Texas Rangers,140,4,Tanner Scheppers,Sean Doolittle,Joe Nathan,9,Rangers Ballpark in Arlington,day,4,4,False,,
347835,2013,2013-06-20,2013-06-20T18:10:00Z,R,Regular Season,N,1,Final,F,Milwaukee Brewers,158,4,Houston Astros,117,7,Hector Ambriz,Michael Gonzalez,,10,Minute Maid Park,day,3,3,False,,
347832,2013,2013-06-20,2013-06-20T23:05:00Z,R,Regular Season,N,1,Final,F,Colorado Rockies,115,1,Washington Nationals,120,5,Jordan Zimmermann,Roy Oswalt,,9,Nationals Park,night,1,4,False,,
347840,2013,2013-06-20,2013-06-20T23:05:00Z,R,Regular Season,N,1,Final,F,Tampa Bay Rays,139,8,New York Yankees,147,3,Matt Moore,Andy Pettitte,,9,Yankee Stadium,night,1,4,False,,
347830,2013,2013-06-20,2013-06-20T23:08:00Z,R,Regular Season,N,1,Final,F,Boston Red Sox,111,3,Detroit Tigers,116,4,Drew Smyly,Andrew Bailey,,9,Comerica Park,night,1,4,False,,
347836,2013,2013-06-20,2013-06-20T23:10:00Z,R,Regular Season,N,1,Final,F,New York Mets,121,4,Atlanta Braves,144,3,LaTroy Hawkins,Mike Minor,Bobby Parnell,9,Turner Field,night,5,5,False,,
347841,2013,2013-06-20,2013-06-21T00:15:00Z,R,Regular Season,N,1,Final,F,Chicago Cubs,112,1,St. Louis Cardinals,138,6,Lance Lynn,Scott Feldman,,9,Busch Stadium,night,4,4,False,,
347839,2013,2013-06-20,2013-06-21T02:05:00Z,R,Regular Season,N,1,Final,F,Seattle Mariners,136,9,Los Angeles Angels,108,10,Scott Downs,Carter Capps,Ernesto Frieri,9,Angel Stadium of Anaheim,night,4,4,False,,
347833,2013,2013-06-20,2013-06-21T02:10:00Z,R,Regular Season,N,1,Final,F,Los Angeles Dodgers,119,3,San Diego Padres,135,6,Nick Vincent,Matt Guerrier,,9,Petco Park,night,1,4,False,,
347834,2013,2013-06-20,2013-06-21T02:15:00Z,R,Regular Season,N,1,Final,F,Miami Marlins,146,2,San Francisco Giants,137,1,Tom Koehler,Jeremy Affeldt,Steve Cishek,9,AT&T Park,night,1,4,False,,
347846,2013,2013-06-21,2013-06-21T18:20:00Z,R,Regular Season,N,1,Final,F,Houston Astros,117,1,Chicago Cubs,112,3,Matt Garza,Dallas Keuchel,Kevin Gregg,9,Wrigley Field,day,1,3,False,,
347845,2013,2013-06-21,2013-06-21T23:05:00Z,R,Regular Season,N,1,Final,F,Colorado Rockies,115,1,Washington Nationals,120,2,Stephen Strasburg,Manny Corpas,Rafael Soriano,9,Nationals Park,night,2,4,False,,
347849,2013,2013-06-21,2013-06-21T23:05:00Z,R,Regular Season,N,1,Final,F,Minnesota Twins,142,1,Cleveland Indians,114,5,Scott Kazmir,Samuel Deduno,,9,Progressive Field,night,1,3,False,,
347851,2013,2013-06-21,2013-06-21T23:05:00Z,R,Regular Season,N,1,Final,F,Tampa Bay Rays,139,2,New York Yankees,147,6,David Phelps,Roberto Hernandez,,9,Yankee Stadium,night,2,4,False,,
347852,2013,2013-06-21,2013-06-21T23:05:00Z,R,Regular Season,N,1,Final,F,New York Mets,121,4,Philadelphia Phillies,143,3,Jeremy Hefner,Cole Hamels,Bobby Parnell,9,Citizens Bank Park,night,1,3,False,,
347853,2013,2013-06-21,2013-06-21T23:07:00Z,R,Regular Season,N,1,Final,F,Baltimore Orioles,110,6,Toronto Blue Jays,141,7,Casey Janssen,Brian Matusz,,9,Rogers Centre,night,1,3,False,,
347842,2013,2013-06-21,2013-06-21T23:08:00Z,R,Regular Season,N,1,Final,F,Boston Red Sox,111,10,Detroit Tigers,116,6,Jon Lester,Doug Fister,,9,Comerica Park,night,2,4,False,,
347843,2013,2013-06-21,2013-06-22T00:10:00Z,R,Regular Season,N,1,Final,F,Chicago White Sox,145,9,Kansas City Royals,118,1,Héctor Santiago,Jeremy Guthrie,,9,Kauffman Stadium,night,1,3,False,,
347854,2013,2013-06-21,2013-06-22T00:10:00Z,R,Regular Season,N,1,Final,F,Atlanta Braves,144,0,Milwaukee Brewers,158,2,Wily Peralta,Julio Teheran,Jim Henderson,9,Miller Park,night,1,3,False,,
347855,2013,2013-06-21,2013-06-22T00:15:00Z,R,Regular Season,N,1,Final,F,Texas Rangers,140,6,St. Louis Cardinals,138,4,Neal Cotts,Trevor Rosenthal,Joe Nathan,9,Busch Stadium,night,1,3,False,,
347844,2013,2013-06-21,2013-06-22T01:40:00Z,R,Regular Season,N,1,Final,F,Cincinnati Reds,113,5,Arizona Diamondbacks,109,11,Will Harris,Johnny Cueto,,9,Chase Field,night,1,3,False,,
347850,2013,2013-06-21,2013-06-22T02:05:00Z,R,Regular Season,N,1,Final,F,Pittsburgh Pirates,134,5,Los Angeles Angels,108,2,Gerrit Cole,Jered Weaver,Jason Grilli,9,Angel Stadium of Anaheim,night,1,3,False,,
347847,2013,2013-06-21,2013-06-22T02:10:00Z,R,Regular Season,N,1,Final,F,Los Angeles Dodgers,119,2,San Diego Padres,135,5,Tim Stauffer,Clayton Kershaw,Huston Street,9,Petco Park,night,2,4,False,,
347856,2013,2013-06-21,2013-06-22T02:10:00Z,R,Regular Season,N,1,Final,F,Oakland Athletics,133,6,Seattle Mariners,136,3,Bartolo Colon,Hisashi Iwakuma,Grant Balfour,9,Safeco Field,night,1,3,False,,
347848,2013,2013-06-21,2013-06-22T02:15:00Z,R,Regular Season,N,1,Final,F,Miami Marlins,146,6,San Francisco Giants,137,3,AJ Ramos,Jake Dunning,Steve Cishek,9,AT&T Park,night,2,4,False,,
347861,2013,2013-06-22,2013-06-22T16:05:00Z,R,Regular Season,N,1,Final,F,Colorado Rockies,115,7,Washington Nationals,120,1,Jhoulys Chacín,Dan Haren,,9,Nationals Park,day,3,4,False,,
347868,2013,2013-06-22,2013-06-22T17:05:00Z,R,Regular Season,N,1,Final,F,Tampa Bay Rays,139,5,New York Yankees,147,7,CC Sabathia,Joel Peralta,Mariano Rivera,9,Yankee Stadium,day,3,4,False,,
347870,2013,2013-06-22,2013-06-22T17:07:00Z,R,Regular Season,N,1,Final,F,Baltimore Orioles,110,2,Toronto Blue Jays,141,4,Darren Oliver,Miguel González,Casey Janssen,9,Rogers Centre,day,2,3,False,,
347859,2013,2013-06-22,2013-06-22T18:10:00Z,R,Regular Season,N,1,Final,F,Chicago White Sox,145,3,Kansas City Royals,118,2,Jesse Crain,Aaron Crow,Addison Reed,9,Kauffman Stadium,day,2,3,False,,
347862,2013,2013-06-22,2013-06-22T20:05:00Z,R,Regular Season,N,1,Final,F,Houston Astros,117,4,Chicago Cubs,112,3,José Cisnero,Kevin Gregg,Jose Veras,9,Wrigley Field,day,2,3,False,,
347864,2013,2013-06-22,2013-06-22T20:05:00Z,R,Regular Season,N,1,Final,F,Miami Marlins,146,1,San Francisco Giants,137,2,Sandy Rosario,Mike Dunn,,11,AT&T Park,day,3,4,False,,
347871,2013,2013-06-22,2013-06-22T20:05:00Z,R,Regular Season,N,1,Final,F,New York Mets,121,7,Philadelphia Phillies,143,8,Jonathan Papelbon,Carlos Torres,,9,Citizens Bank Park,day,2,3,False,,
347857,2013,2013-06-22,2013-06-22T20:10:00Z,R,Regular Season,N,1,Final,F,Atlanta Braves,144,0,Milwaukee Brewers,158,2,Burke Badenhop,Tim Hudson,Francisco Rodríguez,9,Miller Park,day,2,3,False,,
347858,2013,2013-06-22,2013-06-22T23:15:00Z,R,Regular Season,N,1,Final,F,Boston Red Sox,111,3,Detroit Tigers,116,10,Max Scherzer,Allen Webster,,9,Comerica Park,night,3,4,False,,
347860,2013,2013-06-22,2013-06-22T23:15:00Z,R,Regular Season,N,1,Final,F,Cincinnati Reds,113,3,Arizona Diamondbacks,109,4,Brad Ziegler,Aroldis Chapman,,9,Chase Field,day,2,3,False,,
347863,2013,2013-06-22,2013-06-22T23:15:00Z,R,Regular Season,N,1,Final,F,Los Angeles Dodgers,119,6,San Diego Padres,135,1,Zack Greinke,Edinson Volquez,,9,Petco Park,day,3,4,False,,
347865,2013,2013-06-22,2013-06-22T23:15:00Z,R,Regular Season,N,1,Final,F,Minnesota Twins,142,7,Cleveland Indians,114,8,Corey Kluber,P.J. Walters,Vinnie Pestano,9,Progressive Field,night,2,3,False,,
347869,2013,2013-06-22,2013-06-22T23:15:00Z,R,Regular Season,N,1,Final,F,Texas Rangers,140,4,St. Louis Cardinals,138,2,Martín Pérez,Shelby Miller,Joe Nathan,9,Busch Stadium,night,2,3,False,,
347867,2013,2013-06-22,2013-06-23T02:05:00Z,R,Regular Season,N,1,Final,F,Pittsburgh Pirates,134,6,Los Angeles Angels,108,1,Francisco Liriano,Jerome Williams,,9,Angel Stadium of Anaheim,night,2,3,False,,
347866,2013,2013-06-22,2013-06-23T02:10:00Z,R,Regular Season,N,1,Final,F,Oakland Athletics,133,5,Seattle Mariners,136,7,Yoervis Medina,Ryan Cook,,9,Safeco Field,night,2,3,False,,
347879,2013,2013-06-23,2013-06-23T17:05:00Z,R,Regular Season,N,1,Final,F,Minnesota Twins,142,5,Cleveland Indians,114,3,Pedro Hernandez,Carlos Carrasco,Glen Perkins,9,Progressive Field,day,3,3,False,,
347882,2013,2013-06-23,2013-06-23T17:07:00Z,R,Regular Season,N,1,Final,F,Baltimore Orioles,110,5,Toronto Blue Jays,141,13,Josh Johnson,Freddy Garcia,,9,Rogers Centre,day,3,3,False,,
347872,2013,2013-06-23,2013-06-23T17:08:00Z,R,Regular Season,N,1,Final,F,Boston Red Sox,111,5,Detroit Tigers,116,7,Joaquín Benoit,Andrew Miller,,9,Comerica Park,day,4,4,False,,
347875,2013,2013-06-23,2013-06-23T17:35:00Z,R,Regular Season,N,1,Final,F,Colorado Rockies,115,7,Washington Nationals,120,6,Jorge De La Rosa,Ross Detwiler,Rex Brothers,9,Nationals Park,day,4,4,False,,
347883,2013,2013-06-23,2013-06-23T17:35:00Z,R,Regular Season,N,1,Final,F,New York Mets,121,8,Philadelphia Phillies,143,0,Matt Harvey,John Lannan,,9,Citizens Bank Park,day,3,3,False,,
347881,2013,2013-06-23,2013-06-23T18:05:00Z,R,Regular Season,N,1,Final,F,Tampa Bay Rays,139,3,New York Yankees,147,1,Chris Archer,Iván Nova,Fernando Rodney,9,Yankee Stadium,day,4,4,False,,
347873,2013,2013-06-23,2013-06-23T18:10:00Z,R,Regular Season,N,1,Final,F,Chicago White Sox,145,6,Kansas City Royals,118,7,Luke Hochevar,Jesse Crain,Greg Holland,9,Kauffman Stadium,day,3,3,False,,
347884,2013,2013-06-23,2013-06-23T18:10:00Z,R,Regular Season,N,1,Final,F,Atlanta Braves,144,7,Milwaukee Brewers,158,4,Paul Maholm,Alfredo Figaro,Craig Kimbrel,9,Miller Park,day,3,3,False,,
347876,2013,2013-06-23,2013-06-23T18:20:00Z,R,Regular Season,N,1,Final,F,Houston Astros,117,6,Chicago Cubs,112,14,Jeff Samardzija,Jordan Lyles,,9,Wrigley Field,day,3,3,False,,
347880,2013,2013-06-23,2013-06-23T19:35:00Z,R,Regular Season,N,1,Final,F,Pittsburgh Pirates,134,10,Los Angeles Angels,108,9,Mark Melancon,Kevin Jepsen,,10,Angel Stadium of Anaheim,day,3,3,False,,
347878,2013,2013-06-23,2013-06-23T20:05:00Z,R,Regular Season,N,1,Final,F,Miami Marlins,146,7,San Francisco Giants,137,2,Nathan Eovaldi,Matt Cain,,9,AT&T Park,day,4,4,False,,
347874,2013,2013-06-23,2013-06-23T20:10:00Z,R,Regular Season,N,1,Final,F,Cincinnati Reds,113,4,Arizona Diamondbacks,109,2,Mat Latos,Randall Delgado,Aroldis Chapman,9,Chase Field,day,3,3,False,,
347877,2013,2013-06-23,2013-06-23T20:10:00Z,R,Regular Season,N,1,Final,F,Los Angeles Dodgers,119,3,San Diego Padres,135,1,Brandon League,Huston Street,Kenley Jansen,9,Petco Park,day,4,4,False,,
347886,2013,2013-06-23,2013-06-23T20:10:00Z,R,Regular Season,N,1,Final,F,Oakland Athletics,133,3,Seattle Mariners,136,6,Oliver Pérez,Grant Balfour,,10,Safeco Field,day,3,3,False,,
347885,2013,2013-06-23,2013-06-24T00:05:00Z,R,Regular Season,N,1,Final,F,Texas Rangers,140,2,St. Louis Cardinals,138,1,Robbie Ross Jr.,Adam Wainwright,Joe Nathan,9,Busch Stadium,night,3,3,False,,
347887,2013,2013-06-24,2013-06-24T23:05:00Z,R,Regular Season,N,1,Final,F,Cleveland Indians,114,5,Baltimore Orioles,110,2,Ubaldo Jiménez,Zack Britton,Vinnie Pestano,9,Oriole Park at Camden Yards,night,1,4,False,,
347889,2013,2013-06-24,2013-06-24T23:10:00Z,R,Regular Season,N,1,Final,F,Toronto Blue Jays,141,1,Tampa Bay Rays,139,4,Jeremy Hellickson,Esmil Rogers,Fernando Rodney,9,Tropicana Field,night,1,3,False,,
347888,2013,2013-06-24,2013-06-25T02:10:00Z,R,Regular Season,N,1,Final,F,Philadelphia Phillies,143,3,San Diego Padres,135,4,Joe Thatcher,Justin De Fratus,,10,Petco Park,night,1,3,False,,
347890,2013,2013-06-24,2013-06-25T02:10:00Z,R,Regular Season,N,1,Final,F,San Francisco Giants,137,1,Los Angeles Dodgers,119,3,Paco Rodríguez,Madison Bumgarner,Kenley Jansen,9,Dodger Stadium,night,1,3,False,,
347892,2013,2013-06-25,2013-06-25T23:05:00Z,R,Regular Season,N,1,Final,F,Arizona Diamondbacks,109,5,Washington Nationals,120,7,Gio Gonzalez,Trevor Cahill,Rafael Soriano,9,Nationals Park,night,1,3,False,,
347895,2013,2013-06-25,2013-06-25T23:05:00Z,R,Regular Season,N,1,Final,F,Cleveland Indians,114,3,Baltimore Orioles,110,6,Chris Tillman,Justin Masterson,Jim Johnson,9,Oriole Park at Camden Yards,night,2,4,False,,
347900,2013,2013-06-25,2013-06-25T23:05:00Z,R,Regular Season,N,1,Final,F,Texas Rangers,140,3,New York Yankees,147,4,Mariano Rivera,Tanner Scheppers,,9,Yankee Stadium,night,1,3,False,,
347891,2013,2013-06-25,2013-06-25T23:08:00Z,R,Regular Season,N,1,Final,F,Los Angeles Angels,108,14,Detroit Tigers,116,8,C.J. Wilson,Rick Porcello,,9,Comerica Park,night,1,3,False,,
347896,2013,2013-06-25,2013-06-25T23:10:00Z,R,Regular Season,N,1,Final,F,Colorado Rockies,115,4,Boston Red Sox,111,11,Ryan Dempster,Juan Nicasio,,9,Fenway Park,night,1,2,False,,
347901,2013,2013-06-25,2013-06-25T23:10:00Z,R,Regular Season,N,1,Final,F,Toronto Blue Jays,141,1,Tampa Bay Rays,139,5,Matt Moore,Mark Buehrle,,9,Tropicana Field,night,2,3,False,,
347902,2013,2013-06-25,2013-06-25T23:10:00Z,R,Regular Season,N,1,Final,F,Minnesota Twins,142,2,Miami Marlins,146,4,AJ Ramos,Kevin Correia,Steve Cishek,9,Marlins Park,night,1,2,False,,
347893,2013,2013-06-25,2013-06-26T00:10:00Z,R,Regular Season,N,1,Final,F,Atlanta Braves,144,4,Kansas City Royals,118,3,Kris Medlen,Tim Collins,Craig Kimbrel,9,Kauffman Stadium,night,1,2,False,,
347897,2013,2013-06-25,2013-06-26T00:10:00Z,R,Regular Season,N,1,Final,F,New York Mets,121,4,Chicago White Sox,145,5,Addison Reed,LaTroy Hawkins,,9,U.S. Cellular Field,night,1,2,False,,
347899,2013,2013-06-25,2013-06-26T00:10:00Z,R,Regular Season,N,1,Final,F,St. Louis Cardinals,138,13,Houston Astros,117,5,Jake Westbrook,Lucas Harrell,,9,Minute Maid Park,night,1,2,False,,
347903,2013,2013-06-25,2013-06-26T00:10:00Z,R,Regular Season,N,1,Final,F,Chicago Cubs,112,3,Milwaukee Brewers,158,9,Kyle Lohse,Edwin Jackson,,9,Miller Park,night,1,3,False,,
347894,2013,2013-06-25,2013-06-26T02:05:00Z,R,Regular Season,N,1,Final,F,Cincinnati Reds,113,3,Oakland Athletics,133,7,Pat Neshek,Bronson Arroyo,,9,O.co Coliseum,night,1,2,False,,
347898,2013,2013-06-25,2013-06-26T02:10:00Z,R,Regular Season,N,1,Final,F,Philadelphia Phillies,143,6,San Diego Padres,135,2,Kyle Kendrick,Jason Marquis,,9,Petco Park,night,2,3,False,,
347904,2013,2013-06-25,2013-06-26T02:10:00Z,R,Regular Season,N,1,Final,F,Pittsburgh Pirates,134,9,Seattle Mariners,136,4,Jeff Locke,Joe Saunders,,9,Safeco Field,night,1,2,False,,
347905,2013,2013-06-25,2013-06-26T02:10:00Z,R,Regular Season,N,1,Final,F,San Francisco Giants,137,5,Los Angeles Dodgers,119,6,Stephen Fife,Mike Kickham,Paco Rodríguez,9,Dodger Stadium,night,2,3,False,,
347916,2013,2013-06-26,2013-06-26T16:10:00Z,R,Regular Season,N,1,Final,F,Toronto Blue Jays,141,3,Tampa Bay Rays,139,0,R.A. Dickey,Roberto Hernandez,,9,Tropicana Field,day,3,3,False,,
347917,2013,2013-06-26,2013-06-26T16:40:00Z,R,Regular Season,N,1,Final,F,Minnesota Twins,142,3,Miami Marlins,146,5,Kevin Slowey,Scott Diamond,Steve Cishek,9,Marlins Park,day,2,2,False,,
347909,2013,2013-06-26,2013-06-26T19:35:00Z,R,Regular Season,N,1,Final,F,Cincinnati Reds,113,0,Oakland Athletics,133,5,A.J. Griffin,Homer Bailey,,9,O.co Coliseum,day,2,2,False,,
347919,2013,2013-06-26,2013-06-26T19:40:00Z,R,Regular Season,N,1,Final,F,Pittsburgh Pirates,134,4,Seattle Mariners,136,2,Vin Mazzaro,Charlie Furbush,Mark Melancon,9,Safeco Field,day,2,2,False,,
347911,2013,2013-06-26,2013-06-26T20:05:00Z,R,Regular Season,N,1,Final,F,Colorado Rockies,115,3,Boston Red Sox,111,5,John Lackey,Roy Oswalt,Koji Uehara,9,Fenway Park,day,2,2,False,,
347907,2013,2013-06-26,2013-06-26T23:05:00Z,R,Regular Season,N,1,Final,F,Arizona Diamondbacks,109,2,Washington Nationals,120,3,Jordan Zimmermann,Wade Miley,Rafael Soriano,9,Nationals Park,night,2,3,False,,
347910,2013,2013-06-26,2013-06-26T23:05:00Z,R,Regular Season,N,1,Final,F,Cleveland Indians,114,4,Baltimore Orioles,110,3,Joe Smith,Jim Johnson,Vinnie Pestano,9,Oriole Park at Camden Yards,night,3,4,False,,
347915,2013,2013-06-26,2013-06-26T23:05:00Z,R,Regular Season,N,1,Final,F,Texas Rangers,140,8,New York Yankees,147,5,Justin Grimm,Andy Pettitte,Joe Nathan,9,Yankee Stadium,night,2,3,False,,
347906,2013,2013-06-26,2013-06-26T23:08:00Z,R,Regular Season,N,1,Final,F,Los Angeles Angels,108,7,Detroit Tigers,116,4,Dane De La Rosa,Jose Alvarez,Ernesto Frieri,9,Comerica Park,night,2,3,False,,
347908,2013,2013-06-26,2013-06-27T00:10:00Z,R,Regular Season,N,1,Final,F,Atlanta Braves,144,3,Kansas City Royals,118,4,Aaron Crow,Alex Wood,,10,Kauffman Stadium,night,2,2,False,,
347912,2013,2013-06-26,2013-06-27T00:10:00Z,R,Regular Season,N,1,Final,F,New York Mets,121,3,Chicago White Sox,145,0,Shaun Marcum,John Danks,Bobby Parnell,9,U.S. Cellular Field,night,2,2,False,,
347914,2013,2013-06-26,2013-06-27T00:10:00Z,R,Regular Season,N,1,Final,F,St. Louis Cardinals,138,3,Houston Astros,117,4,Erik Bedard,Lance Lynn,Jose Veras,9,Minute Maid Park,night,2,2,False,,
347918,2013,2013-06-26,2013-06-27T00:10:00Z,R,Regular Season,N,1,Final,F,Chicago Cubs,112,5,Milwaukee Brewers,158,4,Scott Feldman,Yovani Gallardo,Kevin Gregg,9,Miller Park,night,2,3,False,,
347913,2013,2013-06-26,2013-06-27T02:10:00Z,R,Regular Season,N,1,Final,F,Philadelphia Phillies,143,7,San Diego Padres,135,5,Joe Savery,Tommy Layne,Jonathan Papelbon,13,Petco Park,night,3,3,False,,
347920,2013,2013-06-26,2013-06-27T02:10:00Z,R,Regular Season,N,1,Final,F,San Francisco Giants,137,2,Los Angeles Dodgers,119,4,Clayton Kershaw,Tim Lincecum,Kenley Jansen,9,Dodger Stadium,night,3,3,False,,
347925,2013,2013-06-27,2013-06-27T17:05:00Z,R,Regular Season,N,1,Final,F,Texas Rangers,140,2,New York Yankees,147,0,Derek Holland,Phil Hughes,,9,Yankee Stadium,day,3,3,False,,
347921,2013,2013-06-27,2013-06-27T17:08:00Z,R,Regular Season,N,1,Final,F,Los Angeles Angels,108,3,Detroit Tigers,116,1,Kevin Jepsen,Phil Coke,Ernesto Frieri,10,Comerica Park,day,3,3,False,,
347927,2013,2013-06-27,2013-06-27T18:10:00Z,R,Regular Season,N,1,Final,F,Chicago Cubs,112,7,Milwaukee Brewers,158,2,Matt Garza,Wily Peralta,,9,Miller Park,day,3,3,False,,
347922,2013,2013-06-27,2013-06-27T20:05:00Z,R,Regular Season,N,1,Final,F,Arizona Diamondbacks,109,3,Washington Nationals,120,2,Josh Collmenter,Craig Stammen,Heath Bell,11,Nationals Park,day,3,3,False,,
346956,2013,2013-06-27,2013-06-27T22:10:00Z,R,Regular Season,N,1,Final,F,New York Mets,121,3,Colorado Rockies,115,2,LaTroy Hawkins,Matt Belisle,Bobby Parnell,9,Coors Field,day,1,1,False,,
347923,2013,2013-06-27,2013-06-27T23:05:00Z,R,Regular Season,N,1,Final,F,Cleveland Indians,114,3,Baltimore Orioles,110,7,Miguel González,Corey Kluber,,9,Oriole Park at Camden Yards,night,4,4,False,,
347926,2013,2013-06-27,2013-06-27T23:10:00Z,R,Regular Season,N,1,Final,F,Toronto Blue Jays,141,4,Boston Red Sox,111,7,Jon Lester,Chien-Ming Wang,Koji Uehara,9,Fenway Park,night,1,4,False,,
347924,2013,2013-06-27,2013-06-28T00:10:00Z,R,Regular Season,N,1,Final,F,Kansas City Royals,118,1,Minnesota Twins,142,3,Samuel Deduno,Jeremy Guthrie,Glen Perkins,9,Target Field,night,1,4,False,,
347928,2013,2013-06-27,2013-06-28T02:10:00Z,R,Regular Season,N,1,Final,F,Philadelphia Phillies,143,4,Los Angeles Dodgers,119,6,Zack Greinke,Justin De Fratus,Kenley Jansen,9,Dodger Stadium,night,1,4,False,,
347932,2013,2013-06-28,2013-06-28T21:10:00Z,R,Regular Season,Y,1,Final,F,Cleveland Indians,114,19,Chicago White Sox,145,10,Matt Albers,Brian Omogrosso,,9,U.S. Cellular Field,night,1,4,False,,
347038,2013,2013-06-28,2013-06-28T21:15:00Z,R,Regular Season,Y,2,Final,F,Cleveland Indians,114,9,Chicago White Sox,145,8,Matt Langwell,Addison Reed,Vinnie Pestano,9,U.S. Cellular Field,night,2,4,False,,
347935,2013,2013-06-28,2013-06-28T23:05:00Z,R,Regular Season,N,1,Final,F,Milwaukee Brewers,158,3,Pittsburgh Pirates,134,10,Gerrit Cole,Johnny Hellweg,Ryan Reid,9,PNC Park,night,1,3,False,,
347936,2013,2013-06-28,2013-06-28T23:05:00Z,R,Regular Season,N,1,Final,F,New York Yankees,147,3,Baltimore Orioles,110,4,Kevin Gausman,CC Sabathia,Tommy Hunter,9,Oriole Park at Camden Yards,night,1,3,False,,
347933,2013,2013-06-28,2013-06-28T23:10:00Z,R,Regular Season,N,1,Final,F,Detroit Tigers,116,6,Tampa Bay Rays,139,3,Max Scherzer,Alex Colomé,Joaquín Benoit,9,Tropicana Field,night,1,3,False,,
347939,2013,2013-06-28,2013-06-28T23:10:00Z,R,Regular Season,N,1,Final,F,Toronto Blue Jays,141,5,Boston Red Sox,111,7,Andrew Miller,Neil Wagner,Koji Uehara,9,Fenway Park,night,2,4,False,,
347940,2013,2013-06-28,2013-06-28T23:10:00Z,R,Regular Season,N,1,Final,F,Washington Nationals,120,6,New York Mets,121,4,Tyler Clippard,Bobby Parnell,Drew Storen,9,Citi Field,night,1,3,False,,
347941,2013,2013-06-28,2013-06-28T23:10:00Z,R,Regular Season,N,1,Final,F,San Diego Padres,135,9,Miami Marlins,146,2,Edinson Volquez,Ricky Nolasco,,9,Marlins Park,night,1,4,False,,
347930,2013,2013-06-28,2013-06-28T23:30:00Z,R,Regular Season,N,1,Final,F,Arizona Diamondbacks,109,0,Atlanta Braves,144,3,Julio Teheran,Randall Delgado,Craig Kimbrel,9,Turner Field,night,1,3,False,,
347931,2013,2013-06-28,2013-06-29T00:05:00Z,R,Regular Season,N,1,Final,F,Cincinnati Reds,113,0,Texas Rangers,140,4,Martín Pérez,Johnny Cueto,,9,Rangers Ballpark in Arlington,night,1,3,False,,
347929,2013,2013-06-28,2013-06-29T00:10:00Z,R,Regular Season,N,1,Final,F,Los Angeles Angels,108,4,Houston Astros,117,2,Dane De La Rosa,Paul Clemens,Ernesto Frieri,9,Minute Maid Park,night,1,3,False,,
347934,2013,2013-06-28,2013-06-29T00:10:00Z,R,Regular Season,N,1,Final,F,Kansas City Royals,118,9,Minnesota Twins,142,3,James Shields,P.J. Walters,,9,Target Field,night,2,4,False,,
347937,2013,2013-06-28,2013-06-29T00:40:00Z,R,Regular Season,N,1,Final,F,San Francisco Giants,137,1,Colorado Rockies,115,4,Jhoulys Chacín,Barry Zito,,9,Coors Field,night,1,3,False,,
347938,2013,2013-06-28,2013-06-29T02:05:00Z,R,Regular Season,N,1,Final,F,St. Louis Cardinals,138,1,Oakland Athletics,133,6,Bartolo Colon,Shelby Miller,,9,O.co Coliseum,night,1,3,False,,
347942,2013,2013-06-28,2013-06-29T02:10:00Z,R,Regular Season,N,1,Final,F,Chicago Cubs,112,4,Seattle Mariners,136,5,Yoervis Medina,Blake Parker,,10,Safeco Field,night,1,3,False,,
347943,2013,2013-06-28,2013-06-29T02:10:00Z,R,Regular Season,N,1,Final,F,Philadelphia Phillies,143,16,Los Angeles Dodgers,119,1,John Lannan,Chris Capuano,,9,Dodger Stadium,night,2,4,False,,
347957,2013,2013-06-29,2013-06-29T17:10:00Z,R,Regular Season,N,1,Final,F,Washington Nationals,120,1,New York Mets,121,5,Dillon Gee,Taylor Jordan,,9,Citi Field,day,2,3,False,,
347945,2013,2013-06-29,2013-06-29T20:05:00Z,R,Regular Season,N,1,Final,F,Arizona Diamondbacks,109,5,Atlanta Braves,144,11,Jordan Walden,David Hernandez,,9,Turner Field,day,2,3,False,,
347955,2013,2013-06-29,2013-06-29T20:05:00Z,R,Regular Season,N,1,Final,F,St. Louis Cardinals,138,7,Oakland Athletics,133,1,Adam Wainwright,Jesse Chavez,,9,O.co Coliseum,day,2,3,False,,
347956,2013,2013-06-29,2013-06-29T20:05:00Z,R,Regular Season,N,1,Final,F,Toronto Blue Jays,141,6,Boston Red Sox,111,2,Steve Delabar,Junichi Tazawa,,9,Fenway Park,day,3,4,False,,
347944,2013,2013-06-29,2013-06-29T20:10:00Z,R,Regular Season,N,1,Final,F,Los Angeles Angels,108,7,Houston Astros,117,2,Joe Blanton,Jordan Lyles,,9,Minute Maid Park,day,2,3,False,,
347948,2013,2013-06-29,2013-06-29T20:10:00Z,R,Regular Season,N,1,Final,F,Cleveland Indians,114,4,Chicago White Sox,145,3,Joe Martinez,Jesse Crain,Chris Perez,9,U.S. Cellular Field,day,3,4,False,,
347950,2013,2013-06-29,2013-06-29T20:10:00Z,R,Regular Season,N,1,Final,F,Kansas City Royals,118,2,Minnesota Twins,142,6,Kyle Gibson,Wade Davis,,9,Target Field,day,3,4,False,,
347954,2013,2013-06-29,2013-06-29T20:10:00Z,R,Regular Season,N,1,Final,F,San Francisco Giants,137,1,Colorado Rockies,115,2,Rafael Betancourt,Jeremy Affeldt,,9,Coors Field,day,2,3,False,,
347958,2013,2013-06-29,2013-06-29T23:10:00Z,R,Regular Season,N,1,Final,F,San Diego Padres,135,1,Miami Marlins,146,7,Jacob Turner,Eric Stults,,9,Marlins Park,night,2,4,False,,
347946,2013,2013-06-29,2013-06-29T23:15:00Z,R,Regular Season,N,1,Final,F,Chicago Cubs,112,5,Seattle Mariners,136,3,Carlos Villanueva,Oliver Pérez,Blake Parker,11,Safeco Field,day,2,3,False,,
347947,2013,2013-06-29,2013-06-29T23:15:00Z,R,Regular Season,N,1,Final,F,Cincinnati Reds,113,6,Texas Rangers,140,4,J.J. Hoover,Kyle McClellan,Aroldis Chapman,11,Rangers Ballpark in Arlington,night,2,3,False,,
347949,2013,2013-06-29,2013-06-29T23:15:00Z,R,Regular Season,N,1,Final,F,Detroit Tigers,116,3,Tampa Bay Rays,139,4,Fernando Rodney,Bruce Rondón,,10,Tropicana Field,night,2,3,False,,
347951,2013,2013-06-29,2013-06-29T23:15:00Z,R,Regular Season,N,1,Final,F,Milwaukee Brewers,158,1,Pittsburgh Pirates,134,2,Francisco Liriano,Donovan Hand,Jason Grilli,9,PNC Park,night,2,3,False,,
347952,2013,2013-06-29,2013-06-29T23:15:00Z,R,Regular Season,N,1,Final,F,New York Yankees,147,3,Baltimore Orioles,110,11,Zack Britton,David Phelps,,9,Oriole Park at Camden Yards,night,2,3,False,,
347953,2013,2013-06-29,2013-06-30T02:10:00Z,R,Regular Season,N,1,Final,F,Philadelphia Phillies,143,3,Los Angeles Dodgers,119,4,Kenley Jansen,Justin De Fratus,,9,Dodger Stadium,night,3,4,False,,
347971,2013,2013-06-30,2013-06-30T17:10:00Z,R,Regular Season,N,1,Final,F,Washington Nationals,120,13,New York Mets,121,2,Gio Gonzalez,Zack Wheeler,,9,Citi Field,day,3,3,False,,
347972,2013,2013-06-30,2013-06-30T17:10:00Z,R,Regular Season,N,1,Final,F,San Diego Padres,135,2,Miami Marlins,146,6,Steve Cishek,Tyson Ross,,9,Marlins Park,day,3,4,False,,
347960,2013,2013-06-30,2013-06-30T17:35:00Z,R,Regular Season,N,1,Final,F,Arizona Diamondbacks,109,2,Atlanta Braves,144,6,Paul Maholm,Trevor Cahill,,9,Turner Field,day,3,3,False,,
347965,2013,2013-06-30,2013-06-30T17:35:00Z,R,Regular Season,N,1,Final,F,Milwaukee Brewers,158,1,Pittsburgh Pirates,134,2,Tony Watson,Francisco Rodríguez,,14,PNC Park,day,3,3,False,,
347970,2013,2013-06-30,2013-06-30T17:35:00Z,R,Regular Season,N,1,Final,F,Toronto Blue Jays,141,4,Boston Red Sox,111,5,Koji Uehara,Juan Pablo Pérez,,9,Fenway Park,day,4,4,False,,
347963,2013,2013-06-30,2013-06-30T17:40:00Z,R,Regular Season,N,1,Final,F,Detroit Tigers,116,1,Tampa Bay Rays,139,3,Jeremy Hellickson,Rick Porcello,Fernando Rodney,9,Tropicana Field,day,3,3,False,,
347959,2013,2013-06-30,2013-06-30T18:10:00Z,R,Regular Season,N,1,Final,F,Los Angeles Angels,108,3,Houston Astros,117,1,C.J. Wilson,José Cisnero,Ernesto Frieri,9,Minute Maid Park,day,3,3,False,,
347962,2013,2013-06-30,2013-06-30T18:10:00Z,R,Regular Season,N,1,Final,F,Cleveland Indians,114,4,Chicago White Sox,145,0,Justin Masterson,Chris Sale,,9,U.S. Cellular Field,day,4,4,False,,
347964,2013,2013-06-30,2013-06-30T18:10:00Z,R,Regular Season,N,1,Final,F,Kansas City Royals,118,9,Minnesota Twins,142,8,Aaron Crow,Jared Burton,Greg Holland,9,Target Field,day,4,4,False,,
347961,2013,2013-06-30,2013-06-30T19:05:00Z,R,Regular Season,N,1,Final,F,Cincinnati Reds,113,2,Texas Rangers,140,3,Yu Darvish,Mat Latos,Joe Nathan,9,Rangers Ballpark in Arlington,day,3,3,False,,
347969,2013,2013-06-30,2013-06-30T20:05:00Z,R,Regular Season,N,1,Final,F,St. Louis Cardinals,138,5,Oakland Athletics,133,7,Tommy Milone,Jake Westbrook,Grant Balfour,9,O.co Coliseum,day,3,3,False,,
347967,2013,2013-06-30,2013-06-30T20:10:00Z,R,Regular Season,N,1,Final,F,Philadelphia Phillies,143,1,Los Angeles Dodgers,119,6,Stephen Fife,Kyle Kendrick,,9,Dodger Stadium,day,4,4,False,,
347968,2013,2013-06-30,2013-06-30T20:10:00Z,R,Regular Season,N,1,Final,F,San Francisco Giants,137,5,Colorado Rockies,115,2,Madison Bumgarner,Drew Pomeranz,Sergio Romo,9,Coors Field,day,3,3,False,,
347973,2013,2013-06-30,2013-06-30T20:10:00Z,R,Regular Season,N,1,Final,F,Chicago Cubs,112,7,Seattle Mariners,136,6,Edwin Jackson,Jeremy Bonderman,Kevin Gregg,9,Safeco Field,day,3,3,False,,
347966,2013,2013-06-30,2013-07-01T00:05:00Z,R,Regular Season,N,1,Final,F,New York Yankees,147,2,Baltimore Orioles,110,4,Chris Tillman,Hiroki Kuroda,Jim Johnson,9,Oriole Park at Camden Yards,night,3,3,False,,
347979,2013,2013-07-01,2013-07-01T17:07:00Z,R,Regular Season,N,1,Final,F,Detroit Tigers,116,3,Toronto Blue Jays,141,8,R.A. Dickey,Jose Alvarez,,9,Rogers Centre,day,1,4,False,,
347975,2013,2013-07-01,2013-07-01T23:05:00Z,R,Regular Season,N,1,Final,F,Milwaukee Brewers,158,5,Washington Nationals,120,10,Jordan Zimmermann,Yovani Gallardo,,9,Nationals Park,night,1,4,False,,
347974,2013,2013-07-01,2013-07-01T23:10:00Z,R,Regular Season,N,1,Final,F,Arizona Diamondbacks,109,4,New York Mets,121,5,David Aardsma,Josh Collmenter,,13,Citi Field,night,1,4,False,,
347977,2013,2013-07-01,2013-07-01T23:10:00Z,R,Regular Season,N,1,Completed Early,F,San Francisco Giants,137,1,Cincinnati Reds,113,8,Bronson Arroyo,Mike Kickham,,6,Great American Ball Park,night,1,3,False,,
347980,2013,2013-07-01,2013-07-01T23:10:00Z,R,Regular Season,N,1,Final,F,San Diego Padres,135,0,Miami Marlins,146,4,José Fernández,Jason Marquis,Steve Cishek,9,Marlins Park,night,4,4,False,,
347976,2013,2013-07-01,2013-07-02T00:10:00Z,R,Regular Season,N,1,Final,F,New York Yankees,147,10,Minnesota Twins,142,4,Joba Chamberlain,Jared Burton,,9,Target Field,night,1,4,False,,
347978,2013,2013-07-01,2013-07-02T00:10:00Z,R,Regular Season,N,1,Final,F,Tampa Bay Rays,139,12,Houston Astros,117,0,Matt Moore,Dallas Keuchel,,9,Minute Maid Park,night,1,4,False,,
347987,2013,2013-07-02,2013-07-02T23:05:00Z,R,Regular Season,N,1,Final,F,Milwaukee Brewers,158,4,Washington Nationals,120,0,Jim Henderson,Drew Storen,,9,Nationals Park,night,2,4,False,,
347989,2013,2013-07-02,2013-07-02T23:05:00Z,R,Regular Season,N,1,Final,F,Philadelphia Phillies,143,3,Pittsburgh Pirates,134,1,Jonathan Pettibone,Brandon Cumpton,Jonathan Papelbon,9,PNC Park,night,1,3,False,,
347995,2013,2013-07-02,2013-07-02T23:07:00Z,R,Regular Season,N,1,Final,F,Detroit Tigers,116,7,Toronto Blue Jays,141,6,Al Alburquerque,Neil Wagner,Joaquín Benoit,9,Rogers Centre,night,2,4,False,,
347981,2013,2013-07-02,2013-07-02T23:10:00Z,R,Regular Season,N,1,Final,F,Arizona Diamondbacks,109,1,New York Mets,121,9,Jeremy Hefner,Patrick Corbin,,9,Citi Field,night,2,4,False,,
347986,2013,2013-07-02,2013-07-02T23:10:00Z,R,Regular Season,N,1,Final,F,Miami Marlins,146,3,Atlanta Braves,144,11,Kris Medlen,Dan Jennings,,9,Turner Field,night,1,3,False,,
347990,2013,2013-07-02,2013-07-02T23:10:00Z,R,Regular Season,N,1,Final,F,San Diego Padres,135,1,Boston Red Sox,111,4,John Lackey,Robbie Erlin,Koji Uehara,9,Fenway Park,night,1,3,False,,
347992,2013,2013-07-02,2013-07-02T23:10:00Z,R,Regular Season,N,1,Final,F,San Francisco Giants,137,0,Cincinnati Reds,113,3,Homer Bailey,Tim Lincecum,,9,Great American Ball Park,night,2,3,False,,
347991,2013,2013-07-02,2013-07-03T00:05:00Z,R,Regular Season,N,1,Final,F,Seattle Mariners,136,9,Texas Rangers,140,2,Joe Saunders,Justin Grimm,,9,Rangers Ballpark in Arlington,night,1,3,False,,
347982,2013,2013-07-02,2013-07-03T00:10:00Z,R,Regular Season,N,1,Final,F,Baltimore Orioles,110,2,Chicago White Sox,145,5,John Danks,Jason Hammel,Addison Reed,9,U.S. Cellular Field,night,1,3,False,,
347984,2013,2013-07-02,2013-07-03T00:10:00Z,R,Regular Season,N,1,Final,F,Cleveland Indians,114,6,Kansas City Royals,118,5,Cody Allen,Tim Collins,Chris Perez,9,Kauffman Stadium,night,1,3,False,,
347988,2013,2013-07-02,2013-07-03T00:10:00Z,R,Regular Season,N,1,Final,F,New York Yankees,147,7,Minnesota Twins,142,3,Phil Hughes,Samuel Deduno,Mariano Rivera,9,Target Field,night,2,4,False,,
347994,2013,2013-07-02,2013-07-03T00:10:00Z,R,Regular Season,N,1,Final,F,Tampa Bay Rays,139,8,Houston Astros,117,0,David Price,Erik Bedard,,9,Minute Maid Park,night,2,4,False,,
347985,2013,2013-07-02,2013-07-03T00:40:00Z,R,Regular Season,N,1,Final,F,Los Angeles Dodgers,119,8,Colorado Rockies,115,0,Clayton Kershaw,Roy Oswalt,,9,Coors Field,night,1,3,False,,
347983,2013,2013-07-02,2013-07-03T02:05:00Z,R,Regular Season,N,1,Final,F,Chicago Cubs,112,7,Oakland Athletics,133,8,Dan Otero,James Russell,Grant Balfour,9,O.co Coliseum,night,1,3,False,,
347993,2013,2013-07-02,2013-07-03T02:05:00Z,R,Regular Season,N,1,Final,F,St. Louis Cardinals,138,1,Los Angeles Angels,108,5,Jered Weaver,Lance Lynn,,9,Angel Stadium of Anaheim,night,1,3,False,,
348002,2013,2013-07-03,2013-07-03T22:05:00Z,R,Regular Season,N,1,Final,F,Milwaukee Brewers,158,4,Washington Nationals,120,1,Kyle Lohse,Ross Detwiler,Francisco Rodríguez,9,Nationals Park,night,3,4,False,,
348004,2013,2013-07-03,2013-07-03T23:05:00Z,R,Regular Season,N,1,Final,F,Philadelphia Phillies,143,5,Pittsburgh Pirates,134,6,Jeff Locke,John Lannan,Jason Grilli,9,PNC Park,night,2,3,False,,
348010,2013,2013-07-03,2013-07-03T23:07:00Z,R,Regular Season,N,1,Final,F,Detroit Tigers,116,6,Toronto Blue Jays,141,2,Max Scherzer,Josh Johnson,,9,Rogers Centre,night,3,4,False,,
347996,2013,2013-07-03,2013-07-03T23:10:00Z,R,Regular Season,N,1,Final,F,Arizona Diamondbacks,109,5,New York Mets,121,3,Randall Delgado,Matt Harvey,Heath Bell,9,Citi Field,night,3,4,False,,
347997,2013,2013-07-03,2013-07-03T23:10:00Z,R,Regular Season,N,1,Final,F,Baltimore Orioles,110,4,Chicago White Sox,145,2,Darren O'Day,Matt Lindstrom,Jim Johnson,9,U.S. Cellular Field,night,2,3,False,,
348001,2013,2013-07-03,2013-07-03T23:10:00Z,R,Regular Season,N,1,Final,F,Miami Marlins,146,6,Atlanta Braves,144,3,Ricky Nolasco,Mike Minor,Steve Cishek,9,Turner Field,night,2,3,False,,
348005,2013,2013-07-03,2013-07-03T23:10:00Z,R,Regular Season,N,1,Final,F,San Diego Padres,135,1,Boston Red Sox,111,2,Koji Uehara,Luke Gregerson,,9,Fenway Park,night,2,3,False,,
348007,2013,2013-07-03,2013-07-03T23:10:00Z,R,Regular Season,N,1,Final,F,San Francisco Giants,137,2,Cincinnati Reds,113,3,J.J. Hoover,Javier López,,11,Great American Ball Park,night,3,3,False,,
348006,2013,2013-07-03,2013-07-04T00:05:00Z,R,Regular Season,N,1,Final,F,Seattle Mariners,136,4,Texas Rangers,140,2,Charlie Furbush,Robbie Ross Jr.,Tom Wilhelmsen,10,Rangers Ballpark in Arlington,night,2,3,False,,
347999,2013,2013-07-03,2013-07-04T00:10:00Z,R,Regular Season,N,1,Final,F,Cleveland Indians,114,5,Kansas City Royals,118,6,Will Smith,Cody Allen,Greg Holland,9,Kauffman Stadium,night,2,3,False,,
348000,2013,2013-07-03,2013-07-04T00:10:00Z,R,Regular Season,N,1,Final,F,Los Angeles Dodgers,119,10,Colorado Rockies,115,8,Zack Greinke,Tyler Chatwood,Kenley Jansen,9,Coors Field,night,2,3,False,,
348003,2013,2013-07-03,2013-07-04T00:10:00Z,R,Regular Season,N,1,Final,F,New York Yankees,147,3,Minnesota Twins,142,2,CC Sabathia,P.J. Walters,Mariano Rivera,9,Target Field,night,3,4,False,,
348009,2013,2013-07-03,2013-07-04T00:10:00Z,R,Regular Season,N,1,Final,F,Tampa Bay Rays,139,1,Houston Astros,117,4,Bud Norris,Roberto Hernandez,Jose Veras,9,Minute Maid Park,night,3,4,False,,
347998,2013,2013-07-03,2013-07-04T02:05:00Z,R,Regular Season,N,1,Final,F,Chicago Cubs,112,3,Oakland Athletics,133,1,Matt Garza,Bartolo Colon,Kevin Gregg,9,O.co Coliseum,night,2,3,False,,
348008,2013,2013-07-03,2013-07-04T02:05:00Z,R,Regular Season,N,1,Final,F,St. Louis Cardinals,138,12,Los Angeles Angels,108,2,Shelby Miller,Jerome Williams,,9,Angel Stadium of Anaheim,night,2,3,False,,
348017,2013,2013-07-04,2013-07-04T15:05:00Z,R,Regular Season,N,1,Final,F,Milwaukee Brewers,158,5,Washington Nationals,120,8,Drew Storen,Tom Gorzelanny,Rafael Soriano,9,Nationals Park,day,4,4,False,,
348011,2013,2013-07-04,2013-07-04T17:10:00Z,R,Regular Season,N,1,Final,F,Arizona Diamondbacks,109,5,New York Mets,121,4,Chaz Roe,Scott Rice,Brad Ziegler,15,Citi Field,day,4,4,False,,
348019,2013,2013-07-04,2013-07-04T17:35:00Z,R,Regular Season,N,1,Final,F,Philadelphia Phillies,143,6,Pittsburgh Pirates,134,4,Cole Hamels,Gerrit Cole,Jonathan Papelbon,9,PNC Park,day,3,3,False,,
348020,2013,2013-07-04,2013-07-04T17:35:00Z,R,Regular Season,N,1,Final,F,San Diego Padres,135,2,Boston Red Sox,111,8,Allen Webster,Eric Stults,,9,Fenway Park,day,3,3,False,,
348012,2013,2013-07-04,2013-07-04T18:10:00Z,R,Regular Season,N,1,Final,F,Baltimore Orioles,110,2,Chicago White Sox,145,3,Addison Reed,Tommy Hunter,,9,U.S. Cellular Field,day,3,3,False,,
348014,2013,2013-07-04,2013-07-04T18:10:00Z,R,Regular Season,N,1,Final,F,Cleveland Indians,114,7,Kansas City Royals,118,10,Luke Hochevar,Bryan Shaw,Greg Holland,9,Kauffman Stadium,day,3,3,False,,
348018,2013,2013-07-04,2013-07-04T18:10:00Z,R,Regular Season,N,1,Final,F,New York Yankees,147,9,Minnesota Twins,142,5,David Phelps,Kyle Gibson,,9,Target Field,day,4,4,False,,
348024,2013,2013-07-04,2013-07-04T18:10:00Z,R,Regular Season,N,1,Final,F,Tampa Bay Rays,139,7,Houston Astros,117,5,Jamey Wright,Josh Fields,Fernando Rodney,11,Minute Maid Park,day,4,4,False,,
348013,2013,2013-07-04,2013-07-04T20:05:00Z,R,Regular Season,N,1,Final,F,Chicago Cubs,112,0,Oakland Athletics,133,1,Dan Straily,Matt Guerrier,Grant Balfour,9,O.co Coliseum,day,3,3,False,,
348025,2013,2013-07-04,2013-07-04T23:07:00Z,R,Regular Season,N,1,Final,F,Detroit Tigers,116,11,Toronto Blue Jays,141,1,Justin Verlander,Esmil Rogers,,9,Rogers Centre,night,4,4,False,,
348016,2013,2013-07-04,2013-07-04T23:10:00Z,R,Regular Season,N,1,Final,F,Miami Marlins,146,4,Atlanta Braves,144,3,AJ Ramos,Craig Kimbrel,Steve Cishek,9,Turner Field,night,3,3,False,,
348021,2013,2013-07-04,2013-07-05T00:05:00Z,R,Regular Season,N,1,Final,F,Seattle Mariners,136,4,Texas Rangers,140,5,Josh Lindblom,Hisashi Iwakuma,Joe Nathan,9,Rangers Ballpark in Arlington,night,3,3,False,,
348015,2013,2013-07-04,2013-07-05T00:10:00Z,R,Regular Season,N,1,Final,F,Los Angeles Dodgers,119,5,Colorado Rockies,115,9,Jhoulys Chacín,Chris Capuano,,9,Coors Field,night,3,3,False,,
348023,2013,2013-07-04,2013-07-05T01:05:00Z,R,Regular Season,N,1,Final,F,St. Louis Cardinals,138,5,Los Angeles Angels,108,6,Scott Downs,Edward Mujica,,9,Angel Stadium of Anaheim,night,3,3,False,,
348034,2013,2013-07-05,2013-07-05T20:05:00Z,R,Regular Season,N,1,Final,F,Pittsburgh Pirates,134,6,Chicago Cubs,112,2,Francisco Liriano,Jeff Samardzija,,9,Wrigley Field,day,1,3,False,,
348026,2013,2013-07-05,2013-07-05T23:05:00Z,R,Regular Season,N,1,Final,F,Baltimore Orioles,110,2,New York Yankees,147,3,Iván Nova,Jim Johnson,,9,Yankee Stadium,night,1,3,False,,
348030,2013,2013-07-05,2013-07-05T23:05:00Z,R,Regular Season,N,1,Final,F,Detroit Tigers,116,7,Cleveland Indians,114,0,Rick Porcello,Justin Masterson,,9,Progressive Field,night,1,4,False,,
348035,2013,2013-07-05,2013-07-05T23:05:00Z,R,Regular Season,N,1,Final,F,San Diego Padres,135,5,Washington Nationals,120,8,Gio Gonzalez,Andrew Cashner,Rafael Soriano,9,Nationals Park,night,1,3,False,,
348037,2013,2013-07-05,2013-07-05T23:05:00Z,R,Regular Season,N,1,Final,F,Atlanta Braves,144,4,Philadelphia Phillies,143,5,Cliff Lee,Paul Maholm,Jonathan Papelbon,9,Citizens Bank Park,night,1,3,False,,
348038,2013,2013-07-05,2013-07-05T23:07:00Z,R,Regular Season,N,1,Final,F,Minnesota Twins,142,0,Toronto Blue Jays,141,4,Mark Buehrle,Kevin Correia,,9,Rogers Centre,night,1,3,False,,
348028,2013,2013-07-05,2013-07-05T23:10:00Z,R,Regular Season,N,1,Final,F,Chicago White Sox,145,3,Tampa Bay Rays,139,8,Jeremy Hellickson,Dylan Axelrod,,9,Tropicana Field,night,1,3,False,,
348036,2013,2013-07-05,2013-07-05T23:10:00Z,R,Regular Season,N,1,Final,F,Seattle Mariners,136,4,Cincinnati Reds,113,2,Aaron Harang,Mike Leake,Oliver Pérez,9,Great American Ball Park,night,1,3,False,,
348031,2013,2013-07-05,2013-07-06T00:05:00Z,R,Regular Season,N,1,Final,F,Houston Astros,117,5,Texas Rangers,140,10,Nick Tepesch,Lucas Harrell,,9,Rangers Ballpark in Arlington,night,1,3,False,,
348033,2013,2013-07-05,2013-07-06T00:10:00Z,R,Regular Season,N,1,Final,F,Oakland Athletics,133,6,Kansas City Royals,118,3,Tommy Milone,Wade Davis,Grant Balfour,9,Kauffman Stadium,night,1,3,False,,
348039,2013,2013-07-05,2013-07-06T00:10:00Z,R,Regular Season,N,1,Final,F,New York Mets,121,12,Milwaukee Brewers,158,5,Zack Wheeler,Johnny Hellweg,Josh Edgin,9,Miller Park,night,1,3,False,,
348040,2013,2013-07-05,2013-07-06T00:15:00Z,R,Regular Season,N,1,Final,F,Miami Marlins,146,1,St. Louis Cardinals,138,4,Jake Westbrook,Jacob Turner,Edward Mujica,9,Busch Stadium,night,1,3,False,,
348029,2013,2013-07-05,2013-07-06T01:40:00Z,R,Regular Season,N,1,Final,F,Colorado Rockies,115,0,Arizona Diamondbacks,109,5,Tyler Skaggs,Jorge De La Rosa,,9,Chase Field,night,1,3,False,,
348027,2013,2013-07-05,2013-07-06T02:05:00Z,R,Regular Season,N,1,Final,F,Boston Red Sox,111,6,Los Angeles Angels,108,2,Félix Doubront,C.J. Wilson,,9,Angel Stadium of Anaheim,night,1,3,False,,
348032,2013,2013-07-05,2013-07-06T02:15:00Z,R,Regular Season,N,1,Final,F,Los Angeles Dodgers,119,10,San Francisco Giants,137,2,Hyun Jin Ryu,Matt Cain,,9,AT&T Park,night,1,3,False,,
348041,2013,2013-07-06,2013-07-06T17:05:00Z,R,Regular Season,N,1,Final,F,Baltimore Orioles,110,4,New York Yankees,147,5,Andy Pettitte,Chris Tillman,Mariano Rivera,9,Yankee Stadium,day,2,3,False,,
348054,2013,2013-07-06,2013-07-06T17:07:00Z,R,Regular Season,N,1,Final,F,Minnesota Twins,142,6,Toronto Blue Jays,141,0,Mike Pelfrey,R.A. Dickey,,9,Rogers Centre,day,2,3,False,,
348050,2013,2013-07-06,2013-07-06T18:10:00Z,R,Regular Season,N,1,Final,F,Oakland Athletics,133,3,Kansas City Royals,118,4,Aaron Crow,Ryan Cook,Greg Holland,9,Kauffman Stadium,day,2,3,False,,
348048,2013,2013-07-06,2013-07-06T18:15:00Z,R,Regular Season,N,1,Final,F,Miami Marlins,146,4,St. Louis Cardinals,138,5,Edward Mujica,AJ Ramos,,9,Busch Stadium,day,2,3,False,,
348045,2013,2013-07-06,2013-07-06T20:05:00Z,R,Regular Season,N,1,Final,F,Detroit Tigers,116,9,Cleveland Indians,114,4,Aníbal Sánchez,Carlos Carrasco,,9,Progressive Field,day,2,4,False,,
348051,2013,2013-07-06,2013-07-06T20:05:00Z,R,Regular Season,N,1,Final,F,Pittsburgh Pirates,134,1,Chicago Cubs,112,4,Edwin Jackson,Charlie Morton,Kevin Gregg,9,Wrigley Field,day,2,3,False,,
348052,2013,2013-07-06,2013-07-06T20:05:00Z,R,Regular Season,N,1,Final,F,San Diego Padres,135,4,Washington Nationals,120,5,Ross Ohlendorf,Nick Vincent,Rafael Soriano,9,Nationals Park,day,2,3,False,,
348053,2013,2013-07-06,2013-07-06T20:10:00Z,R,Regular Season,N,1,Final,F,Seattle Mariners,136,4,Cincinnati Reds,113,13,Mat Latos,Jeremy Bonderman,,9,Great American Ball Park,day,2,3,False,,
348043,2013,2013-07-06,2013-07-06T23:15:00Z,R,Regular Season,N,1,Final,F,Chicago White Sox,145,0,Tampa Bay Rays,139,3,Matt Moore,Chris Sale,Fernando Rodney,9,Tropicana Field,night,2,3,False,,
348046,2013,2013-07-06,2013-07-06T23:15:00Z,R,Regular Season,N,1,Final,F,Houston Astros,117,9,Texas Rangers,140,5,Travis Blackley,Yu Darvish,,9,Rangers Ballpark in Arlington,night,2,3,False,,
348047,2013,2013-07-06,2013-07-06T23:15:00Z,R,Regular Season,N,1,Final,F,Los Angeles Dodgers,119,2,San Francisco Giants,137,4,Madison Bumgarner,Stephen Fife,Sergio Romo,9,AT&T Park,day,2,3,False,,
348049,2013,2013-07-06,2013-07-06T23:15:00Z,R,Regular Season,N,1,Final,F,New York Mets,121,6,Milwaukee Brewers,158,7,Yovani Gallardo,Shaun Marcum,Francisco Rodríguez,9,Miller Park,night,2,3,False,,
348055,2013,2013-07-06,2013-07-06T23:15:00Z,R,Regular Season,N,1,Final,F,Atlanta Braves,144,13,Philadelphia Phillies,143,4,Tim Hudson,Kyle Kendrick,,9,Citizens Bank Park,night,2,3,False,,
348042,2013,2013-07-06,2013-07-07T02:05:00Z,R,Regular Season,N,1,Final,F,Boston Red Sox,111,7,Los Angeles Angels,108,9,Dane De La Rosa,Craig Breslow,,11,Angel Stadium of Anaheim,night,2,3,False,,
348044,2013,2013-07-06,2013-07-07T02:10:00Z,R,Regular Season,N,1,Final,F,Colorado Rockies,115,1,Arizona Diamondbacks,109,11,Wade Miley,Drew Pomeranz,,9,Chase Field,night,2,3,False,,
348056,2013,2013-07-07,2013-07-07T17:05:00Z,R,Regular Season,N,1,Final,F,Baltimore Orioles,110,2,New York Yankees,147,1,Darren O'Day,Mariano Rivera,Jim Johnson,9,Yankee Stadium,day,3,3,False,,
348060,2013,2013-07-07,2013-07-07T17:05:00Z,R,Regular Season,N,1,Final,F,Detroit Tigers,116,6,Cleveland Indians,114,9,Cody Allen,Al Alburquerque,Chris Perez,9,Progressive Field,day,3,4,False,,
348067,2013,2013-07-07,2013-07-07T17:07:00Z,R,Regular Season,N,1,Final,F,Minnesota Twins,142,5,Toronto Blue Jays,141,11,Todd Redmond,Scott Diamond,,9,Rogers Centre,day,3,3,False,,
348066,2013,2013-07-07,2013-07-07T17:10:00Z,R,Regular Season,N,1,Final,F,Seattle Mariners,136,3,Cincinnati Reds,113,1,Joe Saunders,Bronson Arroyo,Tom Wilhelmsen,9,Great American Ball Park,day,3,3,False,,
348065,2013,2013-07-07,2013-07-07T17:35:00Z,R,Regular Season,N,1,Final,F,San Diego Padres,135,7,Washington Nationals,120,11,Stephen Strasburg,Robbie Erlin,,9,Nationals Park,day,3,3,False,,
348068,2013,2013-07-07,2013-07-07T17:35:00Z,R,Regular Season,N,1,Final,F,Atlanta Braves,144,3,Philadelphia Phillies,143,7,Jonathan Pettibone,Kris Medlen,,9,Citizens Bank Park,day,3,3,False,,
348058,2013,2013-07-07,2013-07-07T17:40:00Z,R,Regular Season,N,1,Final,F,Chicago White Sox,145,1,Tampa Bay Rays,139,3,David Price,John Danks,,9,Tropicana Field,day,3,3,False,,
348063,2013,2013-07-07,2013-07-07T18:10:00Z,R,Regular Season,N,1,Final,F,Oakland Athletics,133,10,Kansas City Royals,118,4,A.J. Griffin,Luis Mendoza,Jesse Chavez,9,Kauffman Stadium,day,3,3,False,,
348069,2013,2013-07-07,2013-07-07T18:10:00Z,R,Regular Season,N,1,Final,F,New York Mets,121,2,Milwaukee Brewers,158,1,Jeremy Hefner,Tom Gorzelanny,Bobby Parnell,9,Miller Park,day,3,3,False,,
348070,2013,2013-07-07,2013-07-07T18:15:00Z,R,Regular Season,N,1,Final,F,Miami Marlins,146,2,St. Louis Cardinals,138,3,Lance Lynn,José Fernández,Edward Mujica,9,Busch Stadium,day,3,3,False,,
348064,2013,2013-07-07,2013-07-07T18:20:00Z,R,Regular Season,N,1,Final,F,Pittsburgh Pirates,134,3,Chicago Cubs,112,4,Matt Guerrier,Bryan Morris,,11,Wrigley Field,day,3,3,False,,
348061,2013,2013-07-07,2013-07-07T19:05:00Z,R,Regular Season,N,1,Final,F,Houston Astros,117,4,Texas Rangers,140,5,Cory Burns,Erik Bedard,Joe Nathan,9,Rangers Ballpark in Arlington,day,3,3,False,,
348062,2013,2013-07-07,2013-07-07T20:05:00Z,R,Regular Season,N,1,Final,F,Los Angeles Dodgers,119,4,San Francisco Giants,137,1,Clayton Kershaw,Sergio Romo,Kenley Jansen,9,AT&T Park,day,3,3,False,,
348059,2013,2013-07-07,2013-07-07T20:10:00Z,R,Regular Season,N,1,Final,F,Colorado Rockies,115,1,Arizona Diamondbacks,109,6,Patrick Corbin,Roy Oswalt,,9,Chase Field,day,3,3,False,,
348057,2013,2013-07-07,2013-07-08T00:05:00Z,R,Regular Season,N,1,Final,F,Boston Red Sox,111,0,Los Angeles Angels,108,3,Jered Weaver,John Lackey,Ernesto Frieri,9,Angel Stadium of Anaheim,night,3,3,False,,
348072,2013,2013-07-08,2013-07-08T23:05:00Z,R,Regular Season,N,1,Final,F,Detroit Tigers,116,4,Cleveland Indians,114,2,Drew Smyly,Matt Albers,Joaquín Benoit,10,Progressive Field,night,4,4,False,,
348073,2013,2013-07-08,2013-07-08T23:05:00Z,R,Regular Season,N,1,Final,F,Kansas City Royals,118,5,New York Yankees,147,1,Jeremy Guthrie,Phil Hughes,Greg Holland,9,Yankee Stadium,night,1,4,False,,
348077,2013,2013-07-08,2013-07-08T23:05:00Z,R,Regular Season,N,1,Final,F,Oakland Athletics,133,2,Pittsburgh Pirates,134,1,Bartolo Colon,Jeff Locke,Grant Balfour,9,PNC Park,night,1,3,False,,
348078,2013,2013-07-08,2013-07-08T23:05:00Z,R,Regular Season,N,1,Final,F,Texas Rangers,140,8,Baltimore Orioles,110,5,Derek Holland,Scott Feldman,Joe Nathan,9,Oriole Park at Camden Yards,night,1,4,False,,
348079,2013,2013-07-08,2013-07-08T23:05:00Z,R,Regular Season,N,1,Final,F,Washington Nationals,120,2,Philadelphia Phillies,143,3,John Lannan,Dan Haren,Jonathan Papelbon,9,Citizens Bank Park,night,1,4,False,,
348075,2013,2013-07-08,2013-07-08T23:10:00Z,R,Regular Season,N,1,Final,F,Minnesota Twins,142,4,Tampa Bay Rays,139,7,Alex Torres,Samuel Deduno,Fernando Rodney,9,Tropicana Field,night,1,4,False,,
348080,2013,2013-07-08,2013-07-08T23:10:00Z,R,Regular Season,N,1,Final,F,Atlanta Braves,144,7,Miami Marlins,146,1,David Carpenter,Chris Hatcher,,14,Marlins Park,night,1,3,False,,
347511,2013,2013-07-08,2013-07-09T00:10:00Z,R,Regular Season,N,1,Final,F,Chicago Cubs,112,8,Chicago White Sox,145,2,Matt Garza,Matt Thornton,,9,U.S. Cellular Field,night,1,1,False,,
348081,2013,2013-07-08,2013-07-09T00:10:00Z,R,Regular Season,N,1,Final,F,Cincinnati Reds,113,3,Milwaukee Brewers,158,4,Kyle Lohse,Homer Bailey,Francisco Rodríguez,9,Miller Park,night,1,3,False,,
348074,2013,2013-07-08,2013-07-09T01:40:00Z,R,Regular Season,N,1,Final,F,Los Angeles Dodgers,119,6,Arizona Diamondbacks,109,1,Zack Greinke,Randall Delgado,,9,Chase Field,night,1,3,False,,
348071,2013,2013-07-08,2013-07-09T02:10:00Z,R,Regular Season,N,1,Final,F,Colorado Rockies,115,4,San Diego Padres,135,2,Tyler Chatwood,Edinson Volquez,Rafael Betancourt,9,Petco Park,night,1,3,False,,
348082,2013,2013-07-08,2013-07-09T02:10:00Z,R,Regular Season,N,1,Final,F,Boston Red Sox,111,4,Seattle Mariners,136,11,Félix Hernández,Jon Lester,,9,Safeco Field,night,1,4,False,,
348076,2013,2013-07-08,2013-07-09T02:15:00Z,R,Regular Season,N,1,Final,F,New York Mets,121,4,San Francisco Giants,137,3,Josh Edgin,George Kontos,Bobby Parnell,16,AT&T Park,night,1,3,False,,
348086,2013,2013-07-09,2013-07-09T23:05:00Z,R,Regular Season,N,1,Final,F,Kansas City Royals,118,3,New York Yankees,147,1,James Shields,CC Sabathia,Greg Holland,9,Yankee Stadium,night,2,4,False,,
348090,2013,2013-07-09,2013-07-09T23:05:00Z,R,Regular Season,N,1,Final,F,Oakland Athletics,133,2,Pittsburgh Pirates,134,1,Dan Straily,Gerrit Cole,Grant Balfour,9,PNC Park,night,2,3,False,,
348091,2013,2013-07-09,2013-07-09T23:05:00Z,R,Regular Season,N,1,Final,F,Texas Rangers,140,8,Baltimore Orioles,110,4,Martín Pérez,Zack Britton,,9,Oriole Park at Camden Yards,night,2,4,False,,
348092,2013,2013-07-09,2013-07-09T23:05:00Z,R,Regular Season,N,1,Final,F,Toronto Blue Jays,141,0,Cleveland Indians,114,3,Ubaldo Jiménez,Josh Johnson,Chris Perez,9,Progressive Field,night,1,3,False,,
348093,2013,2013-07-09,2013-07-09T23:05:00Z,R,Regular Season,N,1,Final,F,Washington Nationals,120,2,Philadelphia Phillies,143,4,Cole Hamels,Taylor Jordan,Antonio Bastardo,9,Citizens Bank Park,night,2,4,False,,
348084,2013,2013-07-09,2013-07-09T23:08:00Z,R,Regular Season,N,1,Final,F,Chicago White Sox,145,11,Detroit Tigers,116,4,Jose Quintana,Justin Verlander,,9,Comerica Park,night,1,3,False,,
348088,2013,2013-07-09,2013-07-09T23:10:00Z,R,Regular Season,N,1,Final,F,Minnesota Twins,142,1,Tampa Bay Rays,139,4,Chris Archer,Kyle Gibson,Fernando Rodney,9,Tropicana Field,night,2,4,False,,
348094,2013,2013-07-09,2013-07-09T23:10:00Z,R,Regular Season,N,1,Final,F,Atlanta Braves,144,6,Miami Marlins,146,4,Julio Teheran,Henderson Alvarez,Craig Kimbrel,9,Marlins Park,night,2,3,False,,
348083,2013,2013-07-09,2013-07-10T00:05:00Z,R,Regular Season,N,1,Final,F,Los Angeles Angels,108,2,Chicago Cubs,112,7,Travis Wood,Joe Blanton,,9,Wrigley Field,night,1,2,False,,
348095,2013,2013-07-09,2013-07-10T00:10:00Z,R,Regular Season,N,1,Final,F,Cincinnati Reds,113,0,Milwaukee Brewers,158,2,Wily Peralta,Tony Cingrani,,9,Miller Park,night,2,3,False,,
348096,2013,2013-07-09,2013-07-10T00:15:00Z,R,Regular Season,N,1,Final,F,Houston Astros,117,5,St. Louis Cardinals,138,9,Adam Wainwright,Bud Norris,Edward Mujica,9,Busch Stadium,night,1,2,False,,
348087,2013,2013-07-09,2013-07-10T01:40:00Z,R,Regular Season,N,1,Final,F,Los Angeles Dodgers,119,6,Arizona Diamondbacks,109,1,Ricky Nolasco,Ian Kennedy,,9,Chase Field,night,2,3,False,,
348085,2013,2013-07-09,2013-07-10T02:10:00Z,R,Regular Season,N,1,Final,F,Colorado Rockies,115,1,San Diego Padres,135,2,Eric Stults,Jhoulys Chacín,,9,Petco Park,night,2,3,False,,
348097,2013,2013-07-09,2013-07-10T02:10:00Z,R,Regular Season,N,1,Final,F,Boston Red Sox,111,11,Seattle Mariners,136,8,Craig Breslow,Blake Beavan,Koji Uehara,9,Safeco Field,night,2,4,False,,
348089,2013,2013-07-09,2013-07-10T02:15:00Z,R,Regular Season,N,1,Final,F,New York Mets,121,10,San Francisco Giants,137,6,Scott Rice,Jose Mijares,,9,AT&T Park,night,2,3,False,,
348108,2013,2013-07-10,2013-07-10T16:40:00Z,R,Regular Season,N,1,Final,F,Atlanta Braves,144,2,Miami Marlins,146,6,Jacob Turner,Paul Maholm,,9,Marlins Park,day,3,3,False,,
348109,2013,2013-07-10,2013-07-10T18:10:00Z,R,Regular Season,N,1,Final,F,Cincinnati Reds,113,6,Milwaukee Brewers,158,2,Mike Leake,Johnny Hellweg,,9,Miller Park,day,3,3,False,,
348104,2013,2013-07-10,2013-07-10T19:45:00Z,R,Regular Season,N,1,Final,F,New York Mets,121,7,San Francisco Giants,137,2,Zack Wheeler,Matt Cain,,9,AT&T Park,day,3,3,False,,
348101,2013,2013-07-10,2013-07-10T23:05:00Z,R,Regular Season,N,1,Final,F,Kansas City Royals,118,1,New York Yankees,147,8,Iván Nova,Wade Davis,,9,Yankee Stadium,night,3,4,False,,
348105,2013,2013-07-10,2013-07-10T23:05:00Z,R,Regular Season,N,1,Final,F,Oakland Athletics,133,0,Pittsburgh Pirates,134,5,Francisco Liriano,Tommy Milone,,9,PNC Park,night,3,3,False,,
348106,2013,2013-07-10,2013-07-10T23:05:00Z,R,Regular Season,N,1,Final,F,Texas Rangers,140,1,Baltimore Orioles,110,6,Wei-Yin Chen,Josh Lindblom,,9,Oriole Park at Camden Yards,night,3,4,False,,
348107,2013,2013-07-10,2013-07-10T23:05:00Z,R,Regular Season,N,1,Final,F,Toronto Blue Jays,141,5,Cleveland Indians,114,4,Neil Wagner,Rich Hill,Steve Delabar,9,Progressive Field,night,2,3,False,,
348110,2013,2013-07-10,2013-07-10T23:05:00Z,R,Regular Season,N,1,Final,F,Washington Nationals,120,5,Philadelphia Phillies,143,1,Gio Gonzalez,Cliff Lee,,9,Citizens Bank Park,night,3,4,False,,
348099,2013,2013-07-10,2013-07-10T23:08:00Z,R,Regular Season,N,1,Final,F,Chicago White Sox,145,5,Detroit Tigers,116,8,Rick Porcello,Dylan Axelrod,Joaquín Benoit,9,Comerica Park,night,2,3,False,,
348103,2013,2013-07-10,2013-07-10T23:10:00Z,R,Regular Season,N,1,Final,F,Minnesota Twins,142,3,Tampa Bay Rays,139,4,Cesár Ramos,Ryan Pressly,,13,Tropicana Field,night,3,4,False,,
348098,2013,2013-07-10,2013-07-11T00:05:00Z,R,Regular Season,N,1,Final,F,Los Angeles Angels,108,13,Chicago Cubs,112,2,C.J. Wilson,Jeff Samardzija,,9,Wrigley Field,night,2,2,False,,
348111,2013,2013-07-10,2013-07-11T00:15:00Z,R,Regular Season,N,1,Final,F,Houston Astros,117,4,St. Louis Cardinals,138,5,Seth Maness,Wesley Wright,Edward Mujica,9,Busch Stadium,night,2,2,False,,
348102,2013,2013-07-10,2013-07-11T01:40:00Z,R,Regular Season,N,1,Final,F,Los Angeles Dodgers,119,7,Arizona Diamondbacks,109,5,Kenley Jansen,Josh Collmenter,,14,Chase Field,night,3,3,False,,
348100,2013,2013-07-10,2013-07-11T02:10:00Z,R,Regular Season,N,1,Final,F,Colorado Rockies,115,5,San Diego Padres,135,4,Jorge De La Rosa,Andrew Cashner,Rafael Betancourt,9,Petco Park,night,3,3,False,,
348112,2013,2013-07-10,2013-07-11T02:10:00Z,R,Regular Season,N,1,Final,F,Boston Red Sox,111,11,Seattle Mariners,136,4,Félix Doubront,Aaron Harang,,9,Safeco Field,night,3,4,False,,
348121,2013,2013-07-11,2013-07-11T16:05:00Z,R,Regular Season,N,1,Final,F,Toronto Blue Jays,141,2,Cleveland Indians,114,4,Danny Salazar,R.A. Dickey,Chris Perez,9,Progressive Field,day,3,3,False,,
348117,2013,2013-07-11,2013-07-11T16:10:00Z,R,Regular Season,N,1,Final,F,Minnesota Twins,142,3,Tampa Bay Rays,139,4,Matt Moore,Mike Pelfrey,Jake McGee,9,Tropicana Field,day,4,4,False,,
348115,2013,2013-07-11,2013-07-11T17:05:00Z,R,Regular Season,N,1,Final,F,Kansas City Royals,118,4,New York Yankees,147,8,Andy Pettitte,Ervin Santana,,9,Yankee Stadium,day,4,4,False,,
348113,2013,2013-07-11,2013-07-11T17:08:00Z,R,Regular Season,N,1,Final,F,Chicago White Sox,145,6,Detroit Tigers,116,3,Chris Sale,Aníbal Sánchez,Addison Reed,9,Comerica Park,day,3,3,False,,
348122,2013,2013-07-11,2013-07-11T19:40:00Z,R,Regular Season,N,1,Final,F,Boston Red Sox,111,8,Seattle Mariners,136,7,Steven Wright,Tom Wilhelmsen,Koji Uehara,10,Safeco Field,day,4,4,False,,
348120,2013,2013-07-11,2013-07-11T23:05:00Z,R,Regular Season,N,1,Final,F,Texas Rangers,140,1,Baltimore Orioles,110,3,Miguel González,Ross Wolf,Jim Johnson,9,Oriole Park at Camden Yards,night,4,4,False,,
348123,2013,2013-07-11,2013-07-11T23:05:00Z,R,Regular Season,N,1,Final,F,Washington Nationals,120,1,Philadelphia Phillies,143,3,Kyle Kendrick,Jordan Zimmermann,Jonathan Papelbon,9,Citizens Bank Park,night,4,4,False,,
348114,2013,2013-07-11,2013-07-11T23:10:00Z,R,Regular Season,N,1,Final,F,Cincinnati Reds,113,5,Atlanta Braves,144,6,Tim Hudson,Mat Latos,Craig Kimbrel,9,Turner Field,night,1,4,False,,
348119,2013,2013-07-11,2013-07-12T00:05:00Z,R,Regular Season,N,1,Final,F,St. Louis Cardinals,138,0,Chicago Cubs,112,3,Edwin Jackson,Jake Westbrook,Kevin Gregg,9,Wrigley Field,night,1,4,False,,
348116,2013,2013-07-11,2013-07-12T01:40:00Z,R,Regular Season,N,1,Final,F,Milwaukee Brewers,158,3,Arizona Diamondbacks,109,5,Wade Miley,Jim Henderson,Brad Ziegler,9,Chase Field,night,1,4,False,,
348118,2013,2013-07-11,2013-07-12T02:10:00Z,R,Regular Season,N,1,Final,F,San Francisco Giants,137,4,San Diego Padres,135,2,Madison Bumgarner,Luke Gregerson,Sergio Romo,9,Petco Park,night,1,4,False,,
348124,2013,2013-07-11,2013-07-12T02:10:00Z,R,Regular Season,N,1,Final,F,Colorado Rockies,115,1,Los Angeles Dodgers,119,6,Chris Capuano,Drew Pomeranz,,9,Dodger Stadium,night,1,4,False,,
348133,2013,2013-07-12,2013-07-12T20:05:00Z,R,Regular Season,N,1,Final,F,St. Louis Cardinals,138,3,Chicago Cubs,112,2,Joe Kelly,Carlos Villanueva,Edward Mujica,9,Wrigley Field,day,2,4,False,,
348128,2013,2013-07-12,2013-07-12T23:05:00Z,R,Regular Season,N,1,Final,F,Kansas City Royals,118,0,Cleveland Indians,114,3,Corey Kluber,Tim Collins,Cody Allen,9,Progressive Field,night,1,3,False,,
348130,2013,2013-07-12,2013-07-12T23:05:00Z,R,Regular Season,N,1,Final,F,Minnesota Twins,142,0,New York Yankees,147,2,Hiroki Kuroda,Ryan Pressly,Mariano Rivera,9,Yankee Stadium,night,1,3,False,,
348131,2013,2013-07-12,2013-07-12T23:05:00Z,R,Regular Season,N,1,Final,F,New York Mets,121,2,Pittsburgh Pirates,134,3,Vin Mazzaro,Gonzalez Germen,,11,PNC Park,night,1,3,False,,
348135,2013,2013-07-12,2013-07-12T23:05:00Z,R,Regular Season,N,1,Final,F,Toronto Blue Jays,141,5,Baltimore Orioles,110,8,Chris Tillman,Mark Buehrle,Jim Johnson,9,Oriole Park at Camden Yards,night,1,3,False,,
348134,2013,2013-07-12,2013-07-12T23:08:00Z,R,Regular Season,N,1,Final,F,Texas Rangers,140,2,Detroit Tigers,116,7,Doug Fister,Justin Grimm,,9,Comerica Park,night,1,3,False,,
348127,2013,2013-07-12,2013-07-12T23:10:00Z,R,Regular Season,N,1,Final,F,Houston Astros,117,2,Tampa Bay Rays,139,1,Jarred Cosart,David Price,Jose Veras,9,Tropicana Field,night,1,3,False,,
348137,2013,2013-07-12,2013-07-12T23:10:00Z,R,Regular Season,N,1,Final,F,Washington Nationals,120,3,Miami Marlins,146,8,Nathan Eovaldi,Stephen Strasburg,,9,Marlins Park,night,1,3,False,,
348126,2013,2013-07-12,2013-07-12T23:30:00Z,R,Regular Season,N,1,Final,F,Cincinnati Reds,113,4,Atlanta Braves,144,2,Bronson Arroyo,Kris Medlen,Aroldis Chapman,9,Turner Field,night,2,4,False,,
348129,2013,2013-07-12,2013-07-13T01:40:00Z,R,Regular Season,N,1,Final,F,Milwaukee Brewers,158,1,Arizona Diamondbacks,109,2,Patrick Corbin,Tom Gorzelanny,David Hernandez,9,Chase Field,night,2,4,False,,
348125,2013,2013-07-12,2013-07-13T02:05:00Z,R,Regular Season,N,1,Final,F,Boston Red Sox,111,4,Oakland Athletics,133,2,John Lackey,Sean Doolittle,Koji Uehara,9,O.co Coliseum,night,1,3,False,,
348132,2013,2013-07-12,2013-07-13T02:10:00Z,R,Regular Season,N,1,Final,F,San Francisco Giants,137,10,San Diego Padres,135,1,Chad Gaudin,Sean O'Sullivan,,9,Petco Park,night,2,4,False,,
348138,2013,2013-07-12,2013-07-13T02:10:00Z,R,Regular Season,N,1,Final,F,Los Angeles Angels,108,3,Seattle Mariners,136,8,Joe Saunders,Jerome Williams,,9,Safeco Field,night,1,3,False,,
348139,2013,2013-07-12,2013-07-13T02:10:00Z,R,Regular Season,N,1,Final,F,Colorado Rockies,115,3,Los Angeles Dodgers,119,0,Juan Nicasio,Clayton Kershaw,Rafael Betancourt,9,Dodger Stadium,night,2,4,False,,
348147,2013,2013-07-13,2013-07-13T17:05:00Z,R,Regular Season,N,1,Final,F,Minnesota Twins,142,4,New York Yankees,147,1,Samuel Deduno,Phil Hughes,Glen Perkins,9,Yankee Stadium,day,2,3,False,,
348153,2013,2013-07-13,2013-07-13T19:05:00Z,R,Regular Season,S,1,Final,F,Chicago White Sox,145,5,Philadelphia Phillies,143,4,Ramon Troncoso,JC Ramírez,Addison Reed,11,Citizens Bank Park,day,1,3,False,,
348142,2013,2013-07-13,2013-07-13T20:05:00Z,R,Regular Season,N,1,Final,F,Cincinnati Reds,113,2,Atlanta Braves,144,5,Mike Minor,Homer Bailey,Craig Kimbrel,9,Turner Field,day,3,4,False,,
348152,2013,2013-07-13,2013-07-13T20:05:00Z,R,Regular Season,N,1,Final,F,Toronto Blue Jays,141,7,Baltimore Orioles,110,3,Aaron Loup,Jason Hammel,Casey Janssen,9,Oriole Park at Camden Yards,day,2,3,False,,
348144,2013,2013-07-13,2013-07-13T20:10:00Z,R,Regular Season,N,1,Final,F,Houston Astros,117,3,Tampa Bay Rays,139,4,Roberto Hernandez,Lucas Harrell,Fernando Rodney,9,Tropicana Field,day,2,3,False,,
348145,2013,2013-07-13,2013-07-13T23:05:00Z,R,Regular Season,N,1,Final,F,Kansas City Royals,118,3,Cleveland Indians,114,5,Scott Kazmir,Jeremy Guthrie,Chris Perez,9,Progressive Field,night,2,3,False,,
348143,2013,2013-07-13,2013-07-13T23:15:00Z,R,Regular Season,N,1,Final,F,Colorado Rockies,115,0,Los Angeles Dodgers,119,1,Zack Greinke,Tyler Chatwood,,9,Dodger Stadium,day,3,4,False,,
348148,2013,2013-07-13,2013-07-13T23:15:00Z,R,Regular Season,N,1,Final,F,New York Mets,121,2,Pittsburgh Pirates,134,4,Justin Wilson,Greg Burke,Jason Grilli,9,PNC Park,night,2,3,False,,
348150,2013,2013-07-13,2013-07-13T23:15:00Z,R,Regular Season,N,1,Final,F,St. Louis Cardinals,138,4,Chicago Cubs,112,6,Matt Garza,Lance Lynn,Kevin Gregg,9,Wrigley Field,night,3,4,False,,
348151,2013,2013-07-13,2013-07-13T23:15:00Z,R,Regular Season,N,1,Final,F,Texas Rangers,140,7,Detroit Tigers,116,1,Derek Holland,Max Scherzer,,9,Comerica Park,night,2,3,False,,
348154,2013,2013-07-13,2013-07-13T23:15:00Z,R,Regular Season,N,1,Final,F,Washington Nationals,120,1,Miami Marlins,146,2,Steve Cishek,Craig Stammen,,10,Marlins Park,night,2,3,False,,
348136,2013,2013-07-13,2013-07-14T00:45:00Z,R,Regular Season,S,2,Final,F,Chicago White Sox,145,1,Philadelphia Phillies,143,2,Joe Savery,Simon Castro,,13,Citizens Bank Park,night,2,3,False,,
348141,2013,2013-07-13,2013-07-14T02:05:00Z,R,Regular Season,N,1,Final,F,Boston Red Sox,111,0,Oakland Athletics,133,3,A.J. Griffin,Jon Lester,Grant Balfour,9,O.co Coliseum,night,2,3,False,,
348140,2013,2013-07-13,2013-07-14T02:10:00Z,R,Regular Season,N,1,Final,F,Los Angeles Angels,108,0,Seattle Mariners,136,6,Félix Hernández,Jered Weaver,,9,Safeco Field,night,2,3,False,,
348146,2013,2013-07-13,2013-07-14T02:10:00Z,R,Regular Season,N,1,Final,F,Milwaukee Brewers,158,4,Arizona Diamondbacks,109,5,Will Harris,Kyle Lohse,Brad Ziegler,9,Chase Field,night,3,4,False,,
348149,2013,2013-07-13,2013-07-14T02:10:00Z,R,Regular Season,N,1,Final,F,San Francisco Giants,137,9,San Diego Padres,135,0,Tim Lincecum,Edinson Volquez,,9,Petco Park,night,3,4,False,,
348159,2013,2013-07-14,2013-07-14T17:05:00Z,R,Regular Season,N,1,Final,F,Kansas City Royals,118,4,Cleveland Indians,114,6,Rich Hill,Tim Collins,Chris Perez,9,Progressive Field,day,3,3,False,,
348161,2013,2013-07-14,2013-07-14T17:05:00Z,R,Regular Season,N,1,Final,F,Minnesota Twins,142,10,New York Yankees,147,4,Kyle Gibson,CC Sabathia,,9,Yankee Stadium,day,3,3,False,,
348165,2013,2013-07-14,2013-07-14T17:08:00Z,R,Regular Season,N,1,Final,F,Texas Rangers,140,0,Detroit Tigers,116,5,Justin Verlander,Martín Pérez,,9,Comerica Park,day,3,3,False,,
348167,2013,2013-07-14,2013-07-14T17:10:00Z,R,Regular Season,N,1,Final,F,Washington Nationals,120,5,Miami Marlins,146,2,Craig Stammen,Steve Cishek,Rafael Soriano,10,Marlins Park,day,3,3,False,,
348156,2013,2013-07-14,2013-07-14T17:35:00Z,R,Regular Season,N,1,Final,F,Cincinnati Reds,113,8,Atlanta Braves,144,4,Logan Ondrusek,Julio Teheran,,9,Turner Field,day,4,4,False,,
348162,2013,2013-07-14,2013-07-14T17:35:00Z,R,Regular Season,N,1,Final,F,New York Mets,121,4,Pittsburgh Pirates,134,2,Dillon Gee,Gerrit Cole,Bobby Parnell,9,PNC Park,day,3,3,False,,
348166,2013,2013-07-14,2013-07-14T17:35:00Z,R,Regular Season,N,1,Final,F,Toronto Blue Jays,141,4,Baltimore Orioles,110,7,Scott Feldman,Josh Johnson,Jim Johnson,9,Oriole Park at Camden Yards,day,3,3,False,,
348168,2013,2013-07-14,2013-07-14T17:35:00Z,R,Regular Season,N,1,Final,F,Chicago White Sox,145,3,Philadelphia Phillies,143,4,Antonio Bastardo,David Purcey,,10,Citizens Bank Park,day,3,3,False,,
348158,2013,2013-07-14,2013-07-14T17:40:00Z,R,Regular Season,N,1,Final,F,Houston Astros,117,0,Tampa Bay Rays,139,5,Chris Archer,Erik Bedard,,9,Tropicana Field,day,3,3,False,,
348155,2013,2013-07-14,2013-07-14T20:05:00Z,R,Regular Season,N,1,Final,F,Boston Red Sox,111,2,Oakland Athletics,133,3,Ryan Cook,Matt Thornton,,11,O.co Coliseum,day,3,3,False,,
348157,2013,2013-07-14,2013-07-14T20:10:00Z,R,Regular Season,N,1,Final,F,Colorado Rockies,115,3,Los Angeles Dodgers,119,1,Jhoulys Chacín,Ricky Nolasco,Rafael Betancourt,9,Dodger Stadium,day,4,4,False,,
348160,2013,2013-07-14,2013-07-14T20:10:00Z,R,Regular Season,N,1,Final,F,Milwaukee Brewers,158,5,Arizona Diamondbacks,109,1,Wily Peralta,Ian Kennedy,,9,Chase Field,day,4,4,False,,
348163,2013,2013-07-14,2013-07-14T20:10:00Z,R,Regular Season,N,1,Final,F,San Francisco Giants,137,1,San Diego Padres,135,10,Eric Stults,Barry Zito,,9,Petco Park,day,4,4,False,,
348169,2013,2013-07-14,2013-07-14T20:10:00Z,R,Regular Season,N,1,Final,F,Los Angeles Angels,108,3,Seattle Mariners,136,4,Hisashi Iwakuma,Joe Blanton,Tom Wilhelmsen,9,Safeco Field,day,3,3,False,,
348164,2013,2013-07-14,2013-07-15T00:05:00Z,R,Regular Season,N,1,Final,F,St. Louis Cardinals,138,10,Chicago Cubs,112,6,Edward Mujica,Kevin Gregg,,9,Wrigley Field,night,4,4,False,,
348170,2013,2013-07-16,2013-07-17T00:00:00Z,A,MLB All-Star Game,N,1,Final,F,American League All-Stars,159,3,National League All-Stars,160,0,Chris Sale,Patrick Corbin,Joe Nathan,9,Citi Field,night,1,1,False,,
348177,2013,2013-07-19,2013-07-19T23:05:00Z,R,Regular Season,N,1,Final,F,Los Angeles Dodgers,119,3,Washington Nationals,120,2,Ronald Belisario,Rafael Soriano,Kenley Jansen,9,Nationals Park,night,1,3,False,,
348183,2013,2013-07-19,2013-07-19T23:07:00Z,R,Regular Season,N,1,Final,F,Tampa Bay Rays,139,8,Toronto Blue Jays,141,5,David Price,Brett Cecil,,9,Rogers Centre,night,1,3,False,,
348178,2013,2013-07-19,2013-07-19T23:10:00Z,R,Regular Season,N,1,Final,F,New York Yankees,147,2,Boston Red Sox,111,4,Félix Doubront,Andy Pettitte,Koji Uehara,9,Fenway Park,night,1,3,False,,
348180,2013,2013-07-19,2013-07-19T23:10:00Z,R,Regular Season,N,1,Final,F,Philadelphia Phillies,143,13,New York Mets,121,8,Kyle Kendrick,Jeremy Hefner,,9,Citi Field,night,1,3,False,,
348181,2013,2013-07-19,2013-07-19T23:10:00Z,R,Regular Season,N,1,Final,F,Pittsburgh Pirates,134,3,Cincinnati Reds,113,5,Mike Leake,Francisco Liriano,Aroldis Chapman,9,Great American Ball Park,night,1,3,False,,
348173,2013,2013-07-19,2013-07-20T00:05:00Z,R,Regular Season,N,1,Final,F,Baltimore Orioles,110,3,Texas Rangers,140,1,Wei-Yin Chen,Derek Holland,Jim Johnson,9,Rangers Ballpark in Arlington,night,1,3,False,,
348172,2013,2013-07-19,2013-07-20T00:10:00Z,R,Regular Season,N,1,Final,F,Atlanta Braves,144,6,Chicago White Sox,145,4,Tim Hudson,John Danks,Craig Kimbrel,9,U.S. Cellular Field,night,1,3,False,,
348175,2013,2013-07-19,2013-07-20T00:10:00Z,R,Regular Season,N,1,Final,F,Cleveland Indians,114,2,Minnesota Twins,142,3,Casey Fien,Joe Smith,Glen Perkins,9,Target Field,night,1,3,False,,
348176,2013,2013-07-19,2013-07-20T00:10:00Z,R,Regular Season,N,1,Final,F,Detroit Tigers,116,0,Kansas City Royals,118,1,Ervin Santana,Aníbal Sánchez,Greg Holland,9,Kauffman Stadium,night,1,3,False,,
348182,2013,2013-07-19,2013-07-20T00:10:00Z,R,Regular Season,N,1,Final,F,Seattle Mariners,136,10,Houston Astros,117,7,Joe Saunders,Bud Norris,Tom Wilhelmsen,9,Minute Maid Park,night,1,3,False,,
348184,2013,2013-07-19,2013-07-20T00:10:00Z,R,Regular Season,N,1,Final,F,Miami Marlins,146,0,Milwaukee Brewers,158,2,Kyle Lohse,Jacob Turner,Francisco Rodríguez,9,Miller Park,night,1,3,False,,
348185,2013,2013-07-19,2013-07-20T00:15:00Z,R,Regular Season,N,1,Final,F,San Diego Padres,135,6,St. Louis Cardinals,138,9,Jake Westbrook,Jason Marquis,Edward Mujica,9,Busch Stadium,night,1,3,False,,
348174,2013,2013-07-19,2013-07-20T00:40:00Z,R,Regular Season,N,1,Final,F,Chicago Cubs,112,3,Colorado Rockies,115,1,Jeff Samardzija,Edgmer Escalona,Kevin Gregg,9,Coors Field,night,1,3,False,,
348179,2013,2013-07-19,2013-07-20T02:05:00Z,R,Regular Season,N,1,Final,F,Oakland Athletics,133,1,Los Angeles Angels,108,4,Jered Weaver,A.J. Griffin,Ernesto Frieri,9,Angel Stadium of Anaheim,night,1,3,False,,
348171,2013,2013-07-19,2013-07-20T02:15:00Z,R,Regular Season,N,1,Final,F,Arizona Diamondbacks,109,0,San Francisco Giants,137,2,Chad Gaudin,Ian Kennedy,Sergio Romo,9,AT&T Park,night,1,3,False,,
348200,2013,2013-07-20,2013-07-20T17:07:00Z,R,Regular Season,N,1,Final,F,Tampa Bay Rays,139,4,Toronto Blue Jays,141,3,Jeremy Hellickson,Mark Buehrle,Fernando Rodney,9,Rogers Centre,day,2,3,False,,
348196,2013,2013-07-20,2013-07-20T17:10:00Z,R,Regular Season,N,1,Final,F,Philadelphia Phillies,143,4,New York Mets,121,5,Gonzalez Germen,Cole Hamels,Bobby Parnell,9,Citi Field,day,2,3,False,,
348187,2013,2013-07-20,2013-07-20T20:05:00Z,R,Regular Season,N,1,Final,F,Atlanta Braves,144,6,Chicago White Sox,145,10,Jake Peavy,Paul Maholm,,9,U.S. Cellular Field,day,2,3,False,,
348194,2013,2013-07-20,2013-07-20T20:05:00Z,R,Regular Season,N,1,Final,F,New York Yankees,147,5,Boston Red Sox,111,2,Hiroki Kuroda,John Lackey,Mariano Rivera,9,Fenway Park,day,2,3,False,,
348197,2013,2013-07-20,2013-07-20T20:05:00Z,R,Regular Season,N,1,Final,F,Pittsburgh Pirates,134,4,Cincinnati Reds,113,5,Mat Latos,A.J. Burnett,Aroldis Chapman,9,Great American Ball Park,day,2,3,False,,
348192,2013,2013-07-20,2013-07-20T23:05:00Z,R,Regular Season,N,1,Final,F,Los Angeles Dodgers,119,3,Washington Nationals,120,1,Chris Withrow,Craig Stammen,Kenley Jansen,10,Nationals Park,night,2,3,False,,
348190,2013,2013-07-20,2013-07-20T23:10:00Z,R,Regular Season,N,1,Final,F,Cleveland Indians,114,2,Minnesota Twins,142,3,Kevin Correia,Rich Hill,Glen Perkins,9,Target Field,night,2,3,False,,
348191,2013,2013-07-20,2013-07-20T23:10:00Z,R,Regular Season,N,1,Final,F,Detroit Tigers,116,5,Kansas City Royals,118,6,Jeremy Guthrie,Justin Verlander,Greg Holland,9,Kauffman Stadium,night,2,3,False,,
348193,2013,2013-07-20,2013-07-20T23:10:00Z,R,Regular Season,N,1,Final,F,Miami Marlins,146,0,Milwaukee Brewers,158,6,Yovani Gallardo,Nathan Eovaldi,,9,Miller Park,night,2,3,False,,
348199,2013,2013-07-20,2013-07-20T23:10:00Z,R,Regular Season,N,1,Final,F,Seattle Mariners,136,4,Houston Astros,117,2,Hisashi Iwakuma,Erik Bedard,Tom Wilhelmsen,9,Minute Maid Park,night,2,3,False,,
348198,2013,2013-07-20,2013-07-20T23:15:00Z,R,Regular Season,N,1,Final,F,San Diego Padres,135,5,St. Louis Cardinals,138,3,Edinson Volquez,Lance Lynn,Huston Street,9,Busch Stadium,night,2,3,False,,
348189,2013,2013-07-20,2013-07-21T00:10:00Z,R,Regular Season,N,1,Final,F,Chicago Cubs,112,3,Colorado Rockies,115,9,Juan Nicasio,Carlos Villanueva,,9,Coors Field,night,2,3,False,,
348188,2013,2013-07-20,2013-07-21T00:15:00Z,R,Regular Season,N,1,Final,F,Baltimore Orioles,110,7,Texas Rangers,140,4,Miguel González,Ross Wolf,Jim Johnson,9,Rangers Ballpark in Arlington,night,2,3,False,,
348186,2013,2013-07-20,2013-07-21T01:05:00Z,R,Regular Season,N,1,Final,F,Arizona Diamondbacks,109,3,San Francisco Giants,137,4,Matt Cain,Wade Miley,Sergio Romo,9,AT&T Park,night,2,3,False,,
348195,2013,2013-07-20,2013-07-21T01:05:00Z,R,Regular Season,N,1,Final,F,Oakland Athletics,133,0,Los Angeles Angels,108,2,C.J. Wilson,Dan Straily,Ernesto Frieri,9,Angel Stadium of Anaheim,night,2,3,False,,
348213,2013,2013-07-21,2013-07-21T17:07:00Z,R,Regular Season,N,1,Final,F,Tampa Bay Rays,139,4,Toronto Blue Jays,141,3,Chris Archer,R.A. Dickey,Fernando Rodney,9,Rogers Centre,day,3,3,False,,
348210,2013,2013-07-21,2013-07-21T17:10:00Z,R,Regular Season,N,1,Final,F,Philadelphia Phillies,143,0,New York Mets,121,5,Matt Harvey,Cliff Lee,,9,Citi Field,day,3,3,False,,
348211,2013,2013-07-21,2013-07-21T17:10:00Z,R,Regular Season,N,1,Final,F,Pittsburgh Pirates,134,3,Cincinnati Reds,113,2,Jeff Locke,Homer Bailey,Jason Grilli,9,Great American Ball Park,day,3,3,False,,
348207,2013,2013-07-21,2013-07-21T17:35:00Z,R,Regular Season,N,1,Final,F,Los Angeles Dodgers,119,9,Washington Nationals,120,2,Clayton Kershaw,Jordan Zimmermann,,9,Nationals Park,day,3,3,False,,
348202,2013,2013-07-21,2013-07-21T18:10:00Z,R,Regular Season,N,1,Final,F,Atlanta Braves,144,1,Chicago White Sox,145,3,Jose Quintana,Mike Minor,Addison Reed,9,U.S. Cellular Field,day,3,3,False,,
348205,2013,2013-07-21,2013-07-21T18:10:00Z,R,Regular Season,N,1,Final,F,Cleveland Indians,114,7,Minnesota Twins,142,1,Justin Masterson,Scott Diamond,,9,Target Field,day,3,3,False,,
348206,2013,2013-07-21,2013-07-21T18:10:00Z,R,Regular Season,N,1,Final,F,Detroit Tigers,116,4,Kansas City Royals,118,1,Doug Fister,James Shields,Joaquín Benoit,9,Kauffman Stadium,day,3,3,False,,
348212,2013,2013-07-21,2013-07-21T18:10:00Z,R,Regular Season,N,1,Final,F,Seattle Mariners,136,12,Houston Astros,117,5,Félix Hernández,Jordan Lyles,,9,Minute Maid Park,day,3,3,False,,
348214,2013,2013-07-21,2013-07-21T18:10:00Z,R,Regular Season,N,1,Final,F,Miami Marlins,146,0,Milwaukee Brewers,158,1,John Axford,Ryan Webb,,13,Miller Park,day,3,3,False,,
348215,2013,2013-07-21,2013-07-21T18:15:00Z,R,Regular Season,N,1,Final,F,San Diego Padres,135,2,St. Louis Cardinals,138,3,Adam Wainwright,Eric Stults,Edward Mujica,9,Busch Stadium,day,3,3,False,,
348209,2013,2013-07-21,2013-07-21T19:35:00Z,R,Regular Season,N,1,Final,F,Oakland Athletics,133,6,Los Angeles Angels,108,0,Bartolo Colon,Jerome Williams,,9,Angel Stadium of Anaheim,day,3,3,False,,
348201,2013,2013-07-21,2013-07-21T20:05:00Z,R,Regular Season,N,1,Final,F,Arizona Diamondbacks,109,3,San Francisco Giants,137,1,Randall Delgado,Madison Bumgarner,Brad Ziegler,9,AT&T Park,day,3,3,False,,
348204,2013,2013-07-21,2013-07-21T20:10:00Z,R,Regular Season,N,1,Final,F,Chicago Cubs,112,3,Colorado Rockies,115,4,Tyler Chatwood,Edwin Jackson,Rex Brothers,9,Coors Field,day,3,3,False,,
348203,2013,2013-07-21,2013-07-21T23:05:00Z,R,Regular Season,N,1,Final,F,Baltimore Orioles,110,4,Texas Rangers,140,2,Chris Tillman,Martín Pérez,Darren O'Day,9,Rangers Ballpark in Arlington,night,3,3,False,,
348208,2013,2013-07-21,2013-07-22T00:05:00Z,R,Regular Season,N,1,Final,F,New York Yankees,147,7,Boston Red Sox,111,8,Pedro Beato,Adam Warren,,11,Fenway Park,night,3,3,False,,
348223,2013,2013-07-22,2013-07-22T23:05:00Z,R,Regular Season,N,1,Final,F,New York Yankees,147,0,Texas Rangers,140,3,Yu Darvish,Iván Nova,Joe Nathan,9,Rangers Ballpark in Arlington,night,1,4,False,,
348225,2013,2013-07-22,2013-07-22T23:05:00Z,R,Regular Season,N,1,Final,F,Pittsburgh Pirates,134,6,Washington Nationals,120,5,Charlie Morton,Dan Haren,Vin Mazzaro,9,Nationals Park,night,1,4,False,,
348227,2013,2013-07-22,2013-07-22T23:07:00Z,R,Regular Season,N,1,Final,F,Los Angeles Dodgers,119,14,Toronto Blue Jays,141,5,Hyun Jin Ryu,Josh Johnson,,9,Rogers Centre,night,1,3,False,,
348216,2013,2013-07-22,2013-07-22T23:10:00Z,R,Regular Season,N,1,Final,F,Atlanta Braves,144,2,New York Mets,121,1,Jordan Walden,Bobby Parnell,Craig Kimbrel,9,Citi Field,night,1,4,False,,
348226,2013,2013-07-22,2013-07-22T23:10:00Z,R,Regular Season,N,1,Final,F,Tampa Bay Rays,139,3,Boston Red Sox,111,0,Matt Moore,Brandon Workman,,9,Fenway Park,night,1,3,False,,
348217,2013,2013-07-22,2013-07-23T00:10:00Z,R,Regular Season,N,1,Final,F,Baltimore Orioles,110,9,Kansas City Royals,118,2,Scott Feldman,Wade Davis,,9,Kauffman Stadium,night,1,4,False,,
348220,2013,2013-07-22,2013-07-23T00:10:00Z,R,Regular Season,N,1,Final,F,Detroit Tigers,116,7,Chicago White Sox,145,3,Max Scherzer,Chris Sale,,9,U.S. Cellular Field,night,1,4,False,,
348224,2013,2013-07-22,2013-07-23T00:10:00Z,R,Regular Season,N,1,Final,F,Oakland Athletics,133,4,Houston Astros,117,3,Ryan Cook,Wesley Wright,Grant Balfour,9,Minute Maid Park,night,1,3,False,,
348228,2013,2013-07-22,2013-07-23T00:10:00Z,R,Regular Season,N,1,Final,F,San Diego Padres,135,5,Milwaukee Brewers,158,3,Andrew Cashner,Tom Gorzelanny,Huston Street,9,Miller Park,night,1,4,False,,
348221,2013,2013-07-22,2013-07-23T00:40:00Z,R,Regular Season,N,1,Final,F,Miami Marlins,146,3,Colorado Rockies,115,1,Tom Koehler,Drew Pomeranz,Steve Cishek,9,Coors Field,night,1,4,False,,
348218,2013,2013-07-22,2013-07-23T01:40:00Z,R,Regular Season,N,1,Final,F,Chicago Cubs,112,4,Arizona Diamondbacks,109,2,Chris Rusin,Tyler Skaggs,Kevin Gregg,9,Chase Field,night,1,4,False,,
348222,2013,2013-07-22,2013-07-23T02:05:00Z,R,Regular Season,N,1,Final,F,Minnesota Twins,142,4,Los Angeles Angels,108,3,Samuel Deduno,Joe Blanton,Glen Perkins,9,Angel Stadium of Anaheim,night,1,3,False,,
348229,2013,2013-07-22,2013-07-23T02:10:00Z,R,Regular Season,N,1,Final,F,Cleveland Indians,114,1,Seattle Mariners,136,2,Aaron Harang,Ubaldo Jiménez,Tom Wilhelmsen,9,Safeco Field,night,1,3,False,,
348219,2013,2013-07-22,2013-07-23T02:15:00Z,R,Regular Season,N,1,Final,F,Cincinnati Reds,113,11,San Francisco Giants,137,0,Bronson Arroyo,Tim Lincecum,,9,AT&T Park,night,1,4,False,,
348233,2013,2013-07-23,2013-07-23T23:05:00Z,R,Regular Season,Y,1,Final,F,Cincinnati Reds,113,9,San Francisco Giants,137,3,Tony Cingrani,Eric Surkamp,,9,AT&T Park,night,2,4,False,,
348239,2013,2013-07-23,2013-07-23T23:05:00Z,R,Regular Season,N,1,Final,F,Pittsburgh Pirates,134,5,Washington Nationals,120,1,Gerrit Cole,Taylor Jordan,,9,Nationals Park,night,2,4,False,,
348241,2013,2013-07-23,2013-07-23T23:07:00Z,R,Regular Season,N,1,Final,F,Los Angeles Dodgers,119,10,Toronto Blue Jays,141,9,Brandon League,Darren Oliver,Kenley Jansen,9,Rogers Centre,night,2,3,False,,
348022,2013,2013-07-23,2013-07-23T23:10:00Z,R,Regular Season,Y,2,Final,F,San Francisco Giants,137,5,Cincinnati Reds,113,3,Santiago Casilla,Greg Reynolds,Sergio Romo,9,AT&T Park,night,3,4,False,,
348230,2013,2013-07-23,2013-07-23T23:10:00Z,R,Regular Season,N,1,Final,F,Atlanta Braves,144,1,New York Mets,121,4,Carlos Torres,Kris Medlen,Bobby Parnell,9,Citi Field,night,2,4,False,,
348240,2013,2013-07-23,2013-07-23T23:10:00Z,R,Regular Season,N,1,Final,F,Tampa Bay Rays,139,2,Boston Red Sox,111,6,Jon Lester,Roberto Hernandez,,9,Fenway Park,night,2,3,False,,
348237,2013,2013-07-23,2013-07-24T00:05:00Z,R,Regular Season,N,1,Final,F,New York Yankees,147,5,Texas Rangers,140,4,Joba Chamberlain,Joe Nathan,Mariano Rivera,9,Rangers Ballpark in Arlington,night,2,4,False,,
348231,2013,2013-07-23,2013-07-24T00:10:00Z,R,Regular Season,N,1,Final,F,Baltimore Orioles,110,2,Kansas City Royals,118,3,Bruce Chen,Jason Hammel,Greg Holland,9,Kauffman Stadium,night,2,4,False,,
348234,2013,2013-07-23,2013-07-24T00:10:00Z,R,Regular Season,N,1,Final,F,Detroit Tigers,116,6,Chicago White Sox,145,2,Rick Porcello,Héctor Santiago,,9,U.S. Cellular Field,night,2,4,False,,
348238,2013,2013-07-23,2013-07-24T00:10:00Z,R,Regular Season,N,1,Final,F,Oakland Athletics,133,4,Houston Astros,117,5,Josh Fields,Grant Balfour,,9,Minute Maid Park,night,2,3,False,,
348242,2013,2013-07-23,2013-07-24T00:10:00Z,R,Regular Season,N,1,Final,F,San Diego Padres,135,6,Milwaukee Brewers,158,2,Tyson Ross,Donovan Hand,,9,Miller Park,night,2,4,False,,
348243,2013,2013-07-23,2013-07-24T00:15:00Z,R,Regular Season,N,1,Final,F,Philadelphia Phillies,143,1,St. Louis Cardinals,138,4,Shelby Miller,Jonathan Pettibone,Edward Mujica,9,Busch Stadium,night,1,3,False,,
348235,2013,2013-07-23,2013-07-24T00:40:00Z,R,Regular Season,N,1,Final,F,Miami Marlins,146,4,Colorado Rockies,115,2,José Fernández,Jhoulys Chacín,Steve Cishek,9,Coors Field,night,2,4,False,,
348232,2013,2013-07-23,2013-07-24T01:40:00Z,R,Regular Season,N,1,Final,F,Chicago Cubs,112,4,Arizona Diamondbacks,109,10,Patrick Corbin,Travis Wood,,9,Chase Field,night,2,4,False,,
348236,2013,2013-07-23,2013-07-24T02:05:00Z,R,Regular Season,N,1,Final,F,Minnesota Twins,142,10,Los Angeles Angels,108,3,Glen Perkins,Ernesto Frieri,,10,Angel Stadium of Anaheim,night,2,3,False,,
348244,2013,2013-07-23,2013-07-24T02:10:00Z,R,Regular Season,N,1,Final,F,Cleveland Indians,114,3,Seattle Mariners,136,4,Erasmo Ramírez,Zach McAllister,Tom Wilhelmsen,9,Safeco Field,night,2,3,False,,
348253,2013,2013-07-24,2013-07-24T18:10:00Z,R,Regular Season,N,1,Final,F,Oakland Athletics,133,4,Houston Astros,117,3,A.J. Griffin,Travis Blackley,Ryan Cook,9,Minute Maid Park,day,3,3,False,,
348251,2013,2013-07-24,2013-07-24T19:35:00Z,R,Regular Season,N,1,Final,F,Minnesota Twins,142,0,Los Angeles Angels,108,1,Jered Weaver,Mike Pelfrey,Ernesto Frieri,9,Angel Stadium of Anaheim,day,3,3,False,,
348259,2013,2013-07-24,2013-07-24T19:40:00Z,R,Regular Season,N,1,Final,F,Cleveland Indians,114,10,Seattle Mariners,136,1,Scott Kazmir,Joe Saunders,,9,Safeco Field,day,3,3,False,,
348254,2013,2013-07-24,2013-07-24T23:05:00Z,R,Regular Season,N,1,Final,F,Pittsburgh Pirates,134,4,Washington Nationals,120,2,Francisco Liriano,Stephen Strasburg,Mark Melancon,9,Nationals Park,night,3,4,False,,
348256,2013,2013-07-24,2013-07-24T23:07:00Z,R,Regular Season,N,1,Final,F,Los Angeles Dodgers,119,8,Toronto Blue Jays,141,3,Brandon League,Juan Pablo Pérez,,10,Rogers Centre,night,3,3,False,,
348245,2013,2013-07-24,2013-07-24T23:10:00Z,R,Regular Season,N,1,Final,F,Atlanta Braves,144,8,New York Mets,121,2,Tim Hudson,Jeremy Hefner,,9,Citi Field,night,3,4,False,,
348255,2013,2013-07-24,2013-07-24T23:10:00Z,R,Regular Season,N,1,Final,F,Tampa Bay Rays,139,5,Boston Red Sox,111,1,David Price,Félix Doubront,,9,Fenway Park,night,3,3,False,,
348252,2013,2013-07-24,2013-07-25T00:05:00Z,R,Regular Season,N,1,Final,F,New York Yankees,147,1,Texas Rangers,140,3,Matt Garza,Andy Pettitte,Joe Nathan,9,Rangers Ballpark in Arlington,night,3,4,False,,
348246,2013,2013-07-24,2013-07-25T00:10:00Z,R,Regular Season,N,1,Final,F,Baltimore Orioles,110,3,Kansas City Royals,118,4,Luke Hochevar,Darren O'Day,,9,Kauffman Stadium,night,3,4,False,,
348249,2013,2013-07-24,2013-07-25T00:10:00Z,R,Regular Season,N,1,Final,F,Detroit Tigers,116,6,Chicago White Sox,145,2,Aníbal Sánchez,John Danks,,9,U.S. Cellular Field,night,3,4,False,,
348257,2013,2013-07-24,2013-07-25T00:10:00Z,R,Regular Season,N,1,Final,F,San Diego Padres,135,1,Milwaukee Brewers,158,3,Kyle Lohse,Sean O'Sullivan,Jim Henderson,9,Miller Park,night,3,4,False,,
348258,2013,2013-07-24,2013-07-25T00:15:00Z,R,Regular Season,N,1,Final,F,Philadelphia Phillies,143,3,St. Louis Cardinals,138,11,Jake Westbrook,John Lannan,,9,Busch Stadium,night,2,3,False,,
348250,2013,2013-07-24,2013-07-25T00:40:00Z,R,Regular Season,N,1,Final,F,Miami Marlins,146,1,Colorado Rockies,115,2,Jorge De La Rosa,Jacob Turner,Rex Brothers,9,Coors Field,night,3,4,False,,
348247,2013,2013-07-24,2013-07-25T01:40:00Z,R,Regular Season,N,1,Final,F,Chicago Cubs,112,7,Arizona Diamondbacks,109,6,Héctor Rondón,David Hernandez,,12,Chase Field,night,3,4,False,,
348248,2013,2013-07-24,2013-07-25T02:15:00Z,R,Regular Season,N,1,Final,F,Cincinnati Reds,113,8,San Francisco Giants,137,3,Mike Leake,Chad Gaudin,,9,AT&T Park,night,4,4,False,,
348261,2013,2013-07-25,2013-07-25T16:10:00Z,R,Regular Season,N,1,Final,F,Atlanta Braves,144,4,New York Mets,121,7,Zack Wheeler,Kameron Loe,Bobby Parnell,9,Citi Field,day,4,4,False,,
348267,2013,2013-07-25,2013-07-25T16:35:00Z,R,Regular Season,N,1,Final,F,Pittsburgh Pirates,134,7,Washington Nationals,120,9,Ian Krol,Bryan Morris,,9,Nationals Park,day,4,4,False,,
348266,2013,2013-07-25,2013-07-25T18:05:00Z,R,Regular Season,N,1,Final,F,New York Yankees,147,2,Texas Rangers,140,0,Hiroki Kuroda,Derek Holland,Mariano Rivera,9,Rangers Ballpark in Arlington,day,4,4,False,,
348264,2013,2013-07-25,2013-07-25T18:10:00Z,R,Regular Season,N,1,Final,F,Detroit Tigers,116,4,Chicago White Sox,145,7,Jake Peavy,Justin Verlander,Addison Reed,9,U.S. Cellular Field,day,4,4,False,,
348269,2013,2013-07-25,2013-07-25T18:10:00Z,R,Regular Season,N,1,Final,F,San Diego Padres,135,10,Milwaukee Brewers,158,8,Edinson Volquez,Yovani Gallardo,Huston Street,9,Miller Park,day,4,4,False,,
348265,2013,2013-07-25,2013-07-25T19:10:00Z,R,Regular Season,N,1,Final,F,Miami Marlins,146,5,Colorado Rockies,115,3,Dan Jennings,Adam Ottavino,Steve Cishek,9,Coors Field,day,4,4,False,,
348270,2013,2013-07-25,2013-07-25T23:07:00Z,R,Regular Season,N,1,Final,F,Houston Astros,117,0,Toronto Blue Jays,141,4,Mark Buehrle,Erik Bedard,,9,Rogers Centre,night,1,4,False,,
348271,2013,2013-07-25,2013-07-25T23:15:00Z,R,Regular Season,N,1,Final,F,Philadelphia Phillies,143,1,St. Louis Cardinals,138,3,Lance Lynn,Kyle Kendrick,Edward Mujica,9,Busch Stadium,night,3,3,False,,
348262,2013,2013-07-25,2013-07-26T00:10:00Z,R,Regular Season,N,1,Final,F,Baltimore Orioles,110,1,Kansas City Royals,118,7,Jeremy Guthrie,Miguel González,,9,Kauffman Stadium,night,4,4,False,,
348263,2013,2013-07-25,2013-07-26T01:40:00Z,R,Regular Season,N,1,Final,F,Chicago Cubs,112,1,Arizona Diamondbacks,109,3,Wade Miley,Carlos Villanueva,Brad Ziegler,9,Chase Field,night,4,4,False,,
348260,2013,2013-07-25,2013-07-26T02:05:00Z,R,Regular Season,N,1,Final,F,Los Angeles Angels,108,8,Oakland Athletics,133,3,C.J. Wilson,Dan Straily,,9,O.co Coliseum,night,1,4,False,,
348272,2013,2013-07-25,2013-07-26T02:10:00Z,R,Regular Season,N,1,Final,F,Cincinnati Reds,113,5,Los Angeles Dodgers,119,2,Mat Latos,Zack Greinke,Aroldis Chapman,9,Dodger Stadium,night,1,4,False,,
348273,2013,2013-07-25,2013-07-26T02:10:00Z,R,Regular Season,N,1,Final,F,Minnesota Twins,142,2,Seattle Mariners,136,8,Hisashi Iwakuma,Kevin Correia,,9,Safeco Field,night,1,4,False,,
347640,2013,2013-07-26,2013-07-26T17:35:00Z,R,Regular Season,S,1,Final,F,New York Mets,121,11,Washington Nationals,120,0,Jenrry Mejia,Jordan Zimmermann,,9,Nationals Park,day,1,4,False,,
348275,2013,2013-07-26,2013-07-26T23:05:00Z,R,Regular Season,N,1,Final,F,Boston Red Sox,111,0,Baltimore Orioles,110,6,Chris Tillman,John Lackey,,9,Oriole Park at Camden Yards,night,1,3,False,,
348279,2013,2013-07-26,2013-07-26T23:05:00Z,R,Regular Season,S,2,Final,F,New York Mets,121,1,Washington Nationals,120,2,Rafael Soriano,LaTroy Hawkins,,9,Nationals Park,night,2,4,False,,
348283,2013,2013-07-26,2013-07-26T23:05:00Z,R,Regular Season,N,1,Final,F,Tampa Bay Rays,139,10,New York Yankees,147,6,Jeremy Hellickson,CC Sabathia,Fernando Rodney,9,Yankee Stadium,night,1,3,False,,
348284,2013,2013-07-26,2013-07-26T23:05:00Z,R,Regular Season,N,1,Final,F,Texas Rangers,140,8,Cleveland Indians,114,11,Bryan Shaw,Jason Frasor,,11,Progressive Field,night,1,3,False,,
348285,2013,2013-07-26,2013-07-26T23:07:00Z,R,Regular Season,N,1,Final,F,Houston Astros,117,6,Toronto Blue Jays,141,12,Brett Cecil,Paul Clemens,,9,Rogers Centre,night,2,4,False,,
348280,2013,2013-07-26,2013-07-26T23:08:00Z,R,Regular Season,N,1,Final,F,Philadelphia Phillies,143,1,Detroit Tigers,116,2,Doug Fister,Cole Hamels,Joaquín Benoit,9,Comerica Park,night,1,3,False,,
348286,2013,2013-07-26,2013-07-26T23:10:00Z,R,Regular Season,N,1,Final,F,Pittsburgh Pirates,134,0,Miami Marlins,146,2,Henderson Alvarez,Jeff Locke,Steve Cishek,9,Marlins Park,night,1,3,False,,
348282,2013,2013-07-26,2013-07-26T23:30:00Z,R,Regular Season,N,1,Final,F,St. Louis Cardinals,138,1,Atlanta Braves,144,4,Mike Minor,Adam Wainwright,Craig Kimbrel,9,Turner Field,night,1,3,False,,
348277,2013,2013-07-26,2013-07-27T00:10:00Z,R,Regular Season,N,1,Final,F,Kansas City Royals,118,5,Chicago White Sox,145,1,James Shields,Jose Quintana,,9,U.S. Cellular Field,night,1,3,False,,
348278,2013,2013-07-26,2013-07-27T00:40:00Z,R,Regular Season,N,1,Final,F,Milwaukee Brewers,158,3,Colorado Rockies,115,8,Tyler Chatwood,Wily Peralta,,9,Coors Field,night,1,3,False,,
348281,2013,2013-07-26,2013-07-27T01:40:00Z,R,Regular Season,N,1,Final,F,San Diego Padres,135,0,Arizona Diamondbacks,109,10,Randall Delgado,Eric Stults,,9,Chase Field,night,1,3,False,,
348274,2013,2013-07-26,2013-07-27T02:05:00Z,R,Regular Season,N,1,Final,F,Los Angeles Angels,108,4,Oakland Athletics,133,6,Bartolo Colon,Jerome Williams,Grant Balfour,9,O.co Coliseum,night,2,4,False,,
348287,2013,2013-07-26,2013-07-27T02:10:00Z,R,Regular Season,N,1,Final,F,Cincinnati Reds,113,1,Los Angeles Dodgers,119,2,Clayton Kershaw,Homer Bailey,Kenley Jansen,9,Dodger Stadium,night,2,4,False,,
348288,2013,2013-07-26,2013-07-27T02:10:00Z,R,Regular Season,N,1,Final,F,Minnesota Twins,142,3,Seattle Mariners,136,2,Brian Duensing,Yoervis Medina,Glen Perkins,13,Safeco Field,night,2,4,False,,
348276,2013,2013-07-26,2013-07-27T02:15:00Z,R,Regular Season,N,1,Final,F,Chicago Cubs,112,3,San Francisco Giants,137,2,Matt Guerrier,Sergio Romo,Kevin Gregg,9,AT&T Park,night,1,3,False,,
348300,2013,2013-07-27,2013-07-27T17:05:00Z,R,Regular Season,N,1,Final,F,Tampa Bay Rays,139,1,New York Yankees,147,0,Chris Archer,Iván Nova,,9,Yankee Stadium,day,2,3,False,,
348302,2013,2013-07-27,2013-07-27T17:07:00Z,R,Regular Season,N,1,Final,F,Houston Astros,117,8,Toronto Blue Jays,141,6,Dallas Keuchel,Josh Johnson,Jose Veras,9,Rogers Centre,day,3,4,False,,
348289,2013,2013-07-27,2013-07-27T19:05:00Z,R,Regular Season,N,1,Final,F,Los Angeles Angels,108,1,Oakland Athletics,133,3,Tommy Milone,Scott Downs,Grant Balfour,9,O.co Coliseum,day,3,4,False,,
348296,2013,2013-07-27,2013-07-27T19:05:00Z,R,Regular Season,N,1,Final,F,New York Mets,121,1,Washington Nationals,120,4,Dan Haren,Dillon Gee,Rafael Soriano,9,Nationals Park,day,3,4,False,,
348299,2013,2013-07-27,2013-07-27T19:05:00Z,R,Regular Season,N,1,Final,F,St. Louis Cardinals,138,0,Atlanta Braves,144,2,Luis Avilán,Randy Choate,Craig Kimbrel,9,Turner Field,day,2,3,False,,
348295,2013,2013-07-27,2013-07-27T20:10:00Z,R,Regular Season,N,1,Final,F,Minnesota Twins,142,4,Seattle Mariners,136,0,Samuel Deduno,Aaron Harang,,9,Safeco Field,day,3,4,False,,
348290,2013,2013-07-27,2013-07-27T23:05:00Z,R,Regular Season,N,1,Final,F,Boston Red Sox,111,7,Baltimore Orioles,110,3,Ryan Dempster,Scott Feldman,,9,Oriole Park at Camden Yards,night,2,3,False,,
348301,2013,2013-07-27,2013-07-27T23:05:00Z,R,Regular Season,N,1,Final,F,Texas Rangers,140,0,Cleveland Indians,114,1,Justin Masterson,Yu Darvish,Chris Perez,9,Progressive Field,night,2,3,False,,
348297,2013,2013-07-27,2013-07-27T23:08:00Z,R,Regular Season,N,1,Final,F,Philadelphia Phillies,143,0,Detroit Tigers,116,10,Max Scherzer,Raul Valdes,,9,Comerica Park,night,2,3,False,,
348293,2013,2013-07-27,2013-07-27T23:10:00Z,R,Regular Season,N,1,Final,F,Kansas City Royals,118,1,Chicago White Sox,145,0,Wade Davis,Chris Sale,Greg Holland,9,U.S. Cellular Field,night,2,3,False,,
348303,2013,2013-07-27,2013-07-27T23:10:00Z,R,Regular Season,N,1,Final,F,Pittsburgh Pirates,134,7,Miami Marlins,146,4,Charlie Morton,Tom Koehler,Mark Melancon,9,Marlins Park,night,2,3,False,,
348294,2013,2013-07-27,2013-07-28T00:10:00Z,R,Regular Season,N,1,Final,F,Milwaukee Brewers,158,7,Colorado Rockies,115,5,Tom Gorzelanny,Collin McHugh,Jim Henderson,9,Coors Field,night,2,3,False,,
348298,2013,2013-07-27,2013-07-28T00:10:00Z,R,Regular Season,N,1,Final,F,San Diego Padres,135,12,Arizona Diamondbacks,109,3,Andrew Cashner,Tyler Skaggs,,9,Chase Field,night,2,3,False,,
348291,2013,2013-07-27,2013-07-28T01:05:00Z,R,Regular Season,N,1,Final,F,Chicago Cubs,112,1,San Francisco Giants,137,0,Pedro Strop,Sergio Romo,Kevin Gregg,9,AT&T Park,night,2,3,False,,
348292,2013,2013-07-27,2013-07-28T01:10:00Z,R,Regular Season,N,1,Final,F,Cincinnati Reds,113,1,Los Angeles Dodgers,119,4,Hyun Jin Ryu,Bronson Arroyo,Kenley Jansen,9,Dodger Stadium,night,3,4,False,,
348314,2013,2013-07-28,2013-07-28T17:05:00Z,R,Regular Season,N,1,Final,F,Tampa Bay Rays,139,5,New York Yankees,147,6,Mariano Rivera,Jake McGee,,9,Yankee Stadium,day,3,3,False,,
348315,2013,2013-07-28,2013-07-28T17:05:00Z,R,Regular Season,N,1,Final,F,Texas Rangers,140,0,Cleveland Indians,114,6,Ubaldo Jiménez,Alexi Ogando,,9,Progressive Field,day,3,3,False,,
348316,2013,2013-07-28,2013-07-28T17:07:00Z,R,Regular Season,N,1,Final,F,Houston Astros,117,1,Toronto Blue Jays,141,2,Casey Janssen,José Cisnero,,9,Rogers Centre,day,4,4,False,,
348311,2013,2013-07-28,2013-07-28T17:08:00Z,R,Regular Season,N,1,Final,F,Philadelphia Phillies,143,4,Detroit Tigers,116,12,Rick Porcello,Jake Diekman,,9,Comerica Park,day,3,3,False,,
348317,2013,2013-07-28,2013-07-28T17:10:00Z,R,Regular Season,N,1,Final,F,Pittsburgh Pirates,134,2,Miami Marlins,146,3,José Fernández,Gerrit Cole,Steve Cishek,9,Marlins Park,day,3,3,False,,
348305,2013,2013-07-28,2013-07-28T17:35:00Z,R,Regular Season,N,1,Final,F,Boston Red Sox,111,5,Baltimore Orioles,110,0,Jon Lester,Jason Hammel,,9,Oriole Park at Camden Yards,day,3,3,False,,
348310,2013,2013-07-28,2013-07-28T17:35:00Z,R,Regular Season,N,1,Final,F,New York Mets,121,1,Washington Nationals,120,14,Taylor Jordan,Carlos Torres,,9,Nationals Park,day,4,4,False,,
348308,2013,2013-07-28,2013-07-28T18:10:00Z,R,Regular Season,N,1,Final,F,Kansas City Royals,118,4,Chicago White Sox,145,2,Aaron Crow,Donnie Veal,Greg Holland,12,U.S. Cellular Field,day,3,3,False,,
348304,2013,2013-07-28,2013-07-28T20:05:00Z,R,Regular Season,N,1,Final,F,Los Angeles Angels,108,6,Oakland Athletics,133,10,Jesse Chavez,Juan Gutierrez,,9,O.co Coliseum,day,4,4,False,,
348306,2013,2013-07-28,2013-07-28T20:05:00Z,R,Regular Season,N,1,Final,F,Chicago Cubs,112,2,San Francisco Giants,137,1,Travis Wood,Tim Lincecum,Kevin Gregg,9,AT&T Park,day,3,3,False,,
348307,2013,2013-07-28,2013-07-28T20:10:00Z,R,Regular Season,N,1,Final,F,Cincinnati Reds,113,0,Los Angeles Dodgers,119,1,Brandon League,Curtis Partch,,11,Dodger Stadium,day,4,4,False,,
348309,2013,2013-07-28,2013-07-28T20:10:00Z,R,Regular Season,N,1,Final,F,Milwaukee Brewers,158,5,Colorado Rockies,115,6,Matt Belisle,John Axford,Rex Brothers,9,Coors Field,day,3,3,False,,
348312,2013,2013-07-28,2013-07-28T20:10:00Z,R,Regular Season,N,1,Final,F,San Diego Padres,135,1,Arizona Diamondbacks,109,0,Tyson Ross,Patrick Corbin,Huston Street,9,Chase Field,day,3,3,False,,
348318,2013,2013-07-28,2013-07-28T20:10:00Z,R,Regular Season,N,1,Final,F,Minnesota Twins,142,4,Seattle Mariners,136,6,Erasmo Ramírez,Kyle Gibson,Tom Wilhelmsen,9,Safeco Field,day,4,4,False,,
348313,2013,2013-07-28,2013-07-29T00:05:00Z,R,Regular Season,N,1,Final,F,St. Louis Cardinals,138,2,Atlanta Braves,144,5,Kris Medlen,Shelby Miller,Craig Kimbrel,9,Turner Field,night,3,3,False,,
348268,2013,2013-07-29,2013-07-29T22:10:00Z,R,Regular Season,N,1,Final,F,Tampa Bay Rays,139,2,Boston Red Sox,111,1,David Price,Félix Doubront,Fernando Rodney,9,Fenway Park,night,1,1,False,,
348319,2013,2013-07-29,2013-07-29T23:05:00Z,R,Regular Season,N,1,Final,F,Los Angeles Angels,108,3,Texas Rangers,140,4,Jason Frasor,Ernesto Frieri,,9,Rangers Ballpark in Arlington,night,1,3,False,,
348320,2013,2013-07-29,2013-07-29T23:05:00Z,R,Regular Season,N,1,Final,F,Chicago White Sox,145,2,Cleveland Indians,114,3,Chris Perez,Ramon Troncoso,,9,Progressive Field,night,1,4,False,,
348324,2013,2013-07-29,2013-07-29T23:05:00Z,R,Regular Season,N,1,Final,F,St. Louis Cardinals,138,2,Pittsburgh Pirates,134,9,Francisco Liriano,Jake Westbrook,,9,PNC Park,night,1,5,False,,
348322,2013,2013-07-29,2013-07-29T23:10:00Z,R,Regular Season,N,1,Final,F,Colorado Rockies,115,8,Atlanta Braves,144,9,Scott Downs,Edgmer Escalona,,10,Turner Field,night,1,4,False,,
348326,2013,2013-07-29,2013-07-29T23:10:00Z,R,Regular Season,N,1,Final,F,New York Mets,121,6,Miami Marlins,146,5,David Aardsma,AJ Ramos,Bobby Parnell,9,Marlins Park,night,1,4,False,,
348323,2013,2013-07-29,2013-07-30T00:05:00Z,R,Regular Season,N,1,Final,F,Milwaukee Brewers,158,5,Chicago Cubs,112,0,Brandon Kintzler,Pedro Strop,,9,Wrigley Field,night,1,4,False,,
348325,2013,2013-07-29,2013-07-30T02:05:00Z,R,Regular Season,N,1,Final,F,Toronto Blue Jays,141,4,Oakland Athletics,133,9,A.J. Griffin,Esmil Rogers,,9,O.co Coliseum,night,1,3,False,,
348321,2013,2013-07-29,2013-07-30T02:10:00Z,R,Regular Season,N,1,Final,F,Cincinnati Reds,113,1,San Diego Padres,135,2,Luke Gregerson,Aroldis Chapman,,9,Petco Park,night,1,3,False,,
346863,2013,2013-07-30,2013-07-30T18:20:00Z,R,Regular Season,S,1,Final,F,Milwaukee Brewers,158,6,Chicago Cubs,112,5,Rob Wooten,James Russell,Jim Henderson,9,Wrigley Field,day,2,4,False,,
348336,2013,2013-07-30,2013-07-30T20:05:00Z,R,Regular Season,Y,1,Final,F,St. Louis Cardinals,138,1,Pittsburgh Pirates,134,2,Vin Mazzaro,Kevin Siegrist,,11,PNC Park,night,2,5,False,,
346943,2013,2013-07-30,2013-07-30T20:10:00Z,R,Regular Season,Y,2,Final,F,St. Louis Cardinals,138,0,Pittsburgh Pirates,134,6,Brandon Cumpton,Tyler Lyons,,9,PNC Park,night,3,5,False,,
348329,2013,2013-07-30,2013-07-30T23:05:00Z,R,Regular Season,N,1,Final,F,Chicago White Sox,145,4,Cleveland Indians,114,7,Bryan Shaw,Donnie Veal,Chris Perez,9,Progressive Field,night,2,4,False,,
348332,2013,2013-07-30,2013-07-30T23:05:00Z,R,Regular Season,N,1,Final,F,Houston Astros,117,3,Baltimore Orioles,110,4,Wei-Yin Chen,Lucas Harrell,Jim Johnson,9,Oriole Park at Camden Yards,night,1,3,False,,
348339,2013,2013-07-30,2013-07-30T23:05:00Z,R,Regular Season,N,1,Final,F,San Francisco Giants,137,3,Philadelphia Phillies,143,7,John Lannan,Barry Zito,,9,Citizens Bank Park,night,1,3,False,,
348338,2013,2013-07-30,2013-07-30T23:08:00Z,R,Regular Season,N,1,Final,F,Washington Nationals,120,1,Detroit Tigers,116,5,Aníbal Sánchez,Stephen Strasburg,,9,Comerica Park,night,1,2,False,,
348328,2013,2013-07-30,2013-07-30T23:10:00Z,R,Regular Season,N,1,Final,F,Arizona Diamondbacks,109,2,Tampa Bay Rays,139,5,Roberto Hernandez,Ian Kennedy,,9,Tropicana Field,night,1,2,False,,
348331,2013,2013-07-30,2013-07-30T23:10:00Z,R,Regular Season,N,1,Final,F,Colorado Rockies,115,3,Atlanta Braves,144,11,Alex Wood,Juan Nicasio,,9,Turner Field,night,2,4,False,,
348335,2013,2013-07-30,2013-07-30T23:10:00Z,R,Regular Season,N,1,Final,F,Seattle Mariners,136,2,Boston Red Sox,111,8,Brandon Workman,Joe Saunders,,9,Fenway Park,night,1,3,False,,
348340,2013,2013-07-30,2013-07-30T23:10:00Z,R,Regular Season,N,1,Final,F,New York Mets,121,4,Miami Marlins,146,2,Scott Atchison,Steve Cishek,Bobby Parnell,10,Marlins Park,night,2,4,False,,
348327,2013,2013-07-30,2013-07-31T00:05:00Z,R,Regular Season,N,1,Final,F,Los Angeles Angels,108,11,Texas Rangers,140,14,Joe Nathan,Daniel Stange,,10,Rangers Ballpark in Arlington,night,2,3,False,,
348334,2013,2013-07-30,2013-07-31T00:05:00Z,R,Regular Season,S,2,Final,F,Milwaukee Brewers,158,3,Chicago Cubs,112,2,Burke Badenhop,Kevin Gregg,Jim Henderson,9,Wrigley Field,night,3,4,False,,
348333,2013,2013-07-30,2013-07-31T00:10:00Z,R,Regular Season,N,1,Final,F,Kansas City Royals,118,7,Minnesota Twins,142,2,Ervin Santana,Mike Pelfrey,,9,Target Field,night,1,3,False,,
348337,2013,2013-07-30,2013-07-31T02:05:00Z,R,Regular Season,N,1,Final,F,Toronto Blue Jays,141,5,Oakland Athletics,133,0,Mark Buehrle,Dan Straily,,9,O.co Coliseum,night,2,3,False,,
348330,2013,2013-07-30,2013-07-31T02:10:00Z,R,Regular Season,N,1,Final,F,Cincinnati Reds,113,2,San Diego Padres,135,4,Dale Thayer,Manny Parra,Huston Street,9,Petco Park,night,2,3,False,,
348341,2013,2013-07-30,2013-07-31T02:10:00Z,R,Regular Season,N,1,Final,F,New York Yankees,147,2,Los Angeles Dodgers,119,3,Kenley Jansen,Shawn Kelley,,9,Dodger Stadium,night,1,2,False,,
348354,2013,2013-07-31,2013-07-31T17:08:00Z,R,Regular Season,N,1,Final,F,Washington Nationals,120,1,Detroit Tigers,116,11,Justin Verlander,Gio Gonzalez,,9,Comerica Park,day,2,2,False,,
348353,2013,2013-07-31,2013-07-31T19:35:00Z,R,Regular Season,N,1,Final,F,Toronto Blue Jays,141,5,Oakland Athletics,133,2,Casey Janssen,Jesse Chavez,Brett Cecil,10,O.co Coliseum,day,3,3,False,,
348345,2013,2013-07-31,2013-07-31T19:40:00Z,R,Regular Season,N,1,Final,F,Cincinnati Reds,113,4,San Diego Padres,135,1,Homer Bailey,Eric Stults,Aroldis Chapman,9,Petco Park,day,3,3,False,,
348344,2013,2013-07-31,2013-07-31T23:05:00Z,R,Regular Season,N,1,Final,F,Chicago White Sox,145,5,Cleveland Indians,114,6,Chris Perez,Dylan Axelrod,,10,Progressive Field,night,3,4,False,,
348347,2013,2013-07-31,2013-07-31T23:05:00Z,R,Regular Season,N,1,Final,F,Houston Astros,117,11,Baltimore Orioles,110,0,Brett Oberholtzer,Miguel González,,9,Oriole Park at Camden Yards,night,2,3,False,,
348352,2013,2013-07-31,2013-07-31T23:05:00Z,R,Regular Season,N,1,Final,F,St. Louis Cardinals,138,4,Pittsburgh Pirates,134,5,Tony Watson,Trevor Rosenthal,Mark Melancon,9,PNC Park,night,4,5,False,,
348355,2013,2013-07-31,2013-07-31T23:05:00Z,R,Regular Season,N,1,Final,F,San Francisco Giants,137,9,Philadelphia Phillies,143,2,Chad Gaudin,Kyle Kendrick,,9,Citizens Bank Park,night,2,3,False,,
348343,2013,2013-07-31,2013-07-31T23:10:00Z,R,Regular Season,N,1,Final,F,Arizona Diamondbacks,109,7,Tampa Bay Rays,139,0,Wade Miley,Jeremy Hellickson,,9,Tropicana Field,night,2,2,False,,
348346,2013,2013-07-31,2013-07-31T23:10:00Z,R,Regular Season,N,1,Final,F,Colorado Rockies,115,0,Atlanta Braves,144,9,Mike Minor,Tyler Chatwood,,9,Turner Field,night,3,4,False,,
348351,2013,2013-07-31,2013-07-31T23:10:00Z,R,Regular Season,N,1,Final,F,Seattle Mariners,136,4,Boston Red Sox,111,5,Drake Britton,Lucas Luetge,,15,Fenway Park,night,2,3,False,,
348356,2013,2013-07-31,2013-07-31T23:10:00Z,R,Regular Season,N,1,Final,F,New York Mets,121,2,Miami Marlins,146,3,Henderson Alvarez,Jenrry Mejia,Mike Dunn,9,Marlins Park,night,3,4,False,,
348342,2013,2013-07-31,2013-08-01T00:05:00Z,R,Regular Season,N,1,Final,F,Los Angeles Angels,108,1,Texas Rangers,140,2,Joe Nathan,Michael Kohn,,9,Rangers Ballpark in Arlington,night,3,3,False,,
348349,2013,2013-07-31,2013-08-01T00:05:00Z,R,Regular Season,N,1,Final,F,Milwaukee Brewers,158,1,Chicago Cubs,112,6,Edwin Jackson,Wily Peralta,,9,Wrigley Field,night,4,4,False,,
348348,2013,2013-07-31,2013-08-01T00:10:00Z,R,Regular Season,N,1,Final,F,Kansas City Royals,118,4,Minnesota Twins,142,3,Jeremy Guthrie,Caleb Thielbar,Greg Holland,9,Target Field,night,2,3,False,,
348350,2013,2013-07-31,2013-08-01T02:10:00Z,R,Regular Season,N,1,Final,F,New York Yankees,147,3,Los Angeles Dodgers,119,0,Boone Logan,Ronald Belisario,Mariano Rivera,9,Dodger Stadium,night,2,2,False,,
348357,2013,2013-08-01,2013-08-01T16:05:00Z,R,Regular Season,N,1,Final,F,Chicago White Sox,145,1,Cleveland Indians,114,6,Justin Masterson,Chris Sale,,9,Progressive Field,day,4,4,False,,
348365,2013,2013-08-01,2013-08-01T16:40:00Z,R,Regular Season,N,1,Final,F,New York Mets,121,0,Miami Marlins,146,3,Tom Koehler,Matt Harvey,Steve Cishek,9,Marlins Park,day,4,4,False,,
348360,2013,2013-08-01,2013-08-01T17:10:00Z,R,Regular Season,N,1,Final,F,Kansas City Royals,118,7,Minnesota Twins,142,2,James Shields,Scott Diamond,,9,Target Field,day,3,3,False,,
347524,2013,2013-08-01,2013-08-01T23:05:00Z,R,Regular Season,N,1,Final,F,Arizona Diamondbacks,109,1,Texas Rangers,140,7,Yu Darvish,Zeke Spruill,,9,Rangers Ballpark in Arlington,night,1,1,False,,
348359,2013,2013-08-01,2013-08-01T23:05:00Z,R,Regular Season,N,1,Final,F,Houston Astros,117,3,Baltimore Orioles,110,6,Bud Norris,Jordan Lyles,Jim Johnson,9,Oriole Park at Camden Yards,night,3,3,False,,
348363,2013,2013-08-01,2013-08-01T23:05:00Z,R,Regular Season,N,1,Final,F,St. Louis Cardinals,138,13,Pittsburgh Pirates,134,0,Joe Kelly,Charlie Morton,,9,PNC Park,night,5,5,False,,
348366,2013,2013-08-01,2013-08-01T23:05:00Z,R,Regular Season,N,1,Final,F,San Francisco Giants,137,2,Philadelphia Phillies,143,1,Matt Cain,Jonathan Papelbon,Sergio Romo,9,Citizens Bank Park,night,3,3,False,,
348358,2013,2013-08-01,2013-08-01T23:10:00Z,R,Regular Season,N,1,Final,F,Colorado Rockies,115,2,Atlanta Braves,144,11,Julio Teheran,Chad Bettis,,9,Turner Field,night,4,4,False,,
348362,2013,2013-08-01,2013-08-01T23:10:00Z,R,Regular Season,N,1,Final,F,Seattle Mariners,136,7,Boston Red Sox,111,8,Steven Wright,Oliver Pérez,,9,Fenway Park,night,3,3,False,,
348361,2013,2013-08-01,2013-08-02T00:05:00Z,R,Regular Season,N,1,Final,F,Los Angeles Dodgers,119,6,Chicago Cubs,112,4,Ricky Nolasco,Chris Rusin,Kenley Jansen,9,Wrigley Field,night,1,4,False,,
348364,2013,2013-08-01,2013-08-02T02:05:00Z,R,Regular Season,N,1,Final,F,Toronto Blue Jays,141,2,Los Angeles Angels,108,8,Garrett Richards,Josh Johnson,,9,Angel Stadium of Anaheim,night,1,4,False,,
348372,2013,2013-08-02,2013-08-02T20:05:00Z,R,Regular Season,N,1,Final,F,Los Angeles Dodgers,119,6,Chicago Cubs,112,2,Hyun Jin Ryu,Travis Wood,,9,Wrigley Field,day,2,4,False,,
348369,2013,2013-08-02,2013-08-02T23:05:00Z,R,Regular Season,N,1,Final,F,Colorado Rockies,115,4,Pittsburgh Pirates,134,2,Jhoulys Chacín,Gerrit Cole,Rex Brothers,9,PNC Park,night,1,3,False,,
348374,2013,2013-08-02,2013-08-02T23:05:00Z,R,Regular Season,N,1,Final,F,Seattle Mariners,136,8,Baltimore Orioles,110,11,Chris Tillman,Aaron Harang,Jim Johnson,9,Oriole Park at Camden Yards,night,1,3,False,,
348379,2013,2013-08-02,2013-08-02T23:05:00Z,R,Regular Season,N,1,Final,F,Atlanta Braves,144,6,Philadelphia Phillies,143,4,Kris Medlen,Ethan Martin,Craig Kimbrel,9,Citizens Bank Park,night,1,3,False,,
348368,2013,2013-08-02,2013-08-02T23:08:00Z,R,Regular Season,N,1,Final,F,Chicago White Sox,145,1,Detroit Tigers,116,2,Doug Fister,Héctor Santiago,Joaquín Benoit,9,Comerica Park,night,1,3,False,,
348367,2013,2013-08-02,2013-08-02T23:10:00Z,R,Regular Season,N,1,Final,F,Arizona Diamondbacks,109,7,Boston Red Sox,111,6,Randall Delgado,Pedro Beato,Brad Ziegler,9,Fenway Park,night,1,3,False,,
348371,2013,2013-08-02,2013-08-02T23:10:00Z,R,Regular Season,N,1,Final,F,Kansas City Royals,118,2,New York Mets,121,4,Carlos Torres,Luis Mendoza,,11,Citi Field,night,1,3,False,,
348375,2013,2013-08-02,2013-08-02T23:10:00Z,R,Regular Season,N,1,Final,F,San Francisco Giants,137,4,Tampa Bay Rays,139,1,Madison Bumgarner,Chris Archer,Sergio Romo,9,Tropicana Field,night,1,3,False,,
348376,2013,2013-08-02,2013-08-02T23:10:00Z,R,Regular Season,N,1,Final,F,St. Louis Cardinals,138,13,Cincinnati Reds,113,3,Shelby Miller,Bronson Arroyo,,9,Great American Ball Park,night,1,3,False,,
348380,2013,2013-08-02,2013-08-02T23:10:00Z,R,Regular Season,N,1,Final,F,Cleveland Indians,114,0,Miami Marlins,146,10,José Fernández,Ubaldo Jiménez,,9,Marlins Park,night,1,3,False,,
348370,2013,2013-08-02,2013-08-03T00:10:00Z,R,Regular Season,N,1,Final,F,Houston Astros,117,3,Minnesota Twins,142,4,Ryan Pressly,Dallas Keuchel,,13,Target Field,night,1,3,False,,
348381,2013,2013-08-02,2013-08-03T00:10:00Z,R,Regular Season,N,1,Final,F,Washington Nationals,120,4,Milwaukee Brewers,158,1,Jordan Zimmermann,Alfredo Figaro,Rafael Soriano,9,Miller Park,night,1,3,False,,
348377,2013,2013-08-02,2013-08-03T02:05:00Z,R,Regular Season,N,1,Final,F,Texas Rangers,140,8,Oakland Athletics,133,3,Jason Frasor,Tommy Milone,,9,O.co Coliseum,night,1,3,False,,
348378,2013,2013-08-02,2013-08-03T02:05:00Z,R,Regular Season,N,1,Final,F,Toronto Blue Jays,141,5,Los Angeles Angels,108,7,Dane De La Rosa,Steve Delabar,Ernesto Frieri,9,Angel Stadium of Anaheim,night,2,4,False,,
348373,2013,2013-08-02,2013-08-03T02:10:00Z,R,Regular Season,N,1,Final,F,New York Yankees,147,2,San Diego Padres,135,7,Andrew Cashner,CC Sabathia,,9,Petco Park,night,1,3,False,,
348386,2013,2013-08-03,2013-08-03T17:10:00Z,R,Regular Season,N,1,Final,F,Kansas City Royals,118,4,New York Mets,121,3,Kelvin Herrera,David Aardsma,Greg Holland,12,Citi Field,day,2,3,False,,
348387,2013,2013-08-03,2013-08-03T20:05:00Z,R,Regular Season,N,1,Final,F,Los Angeles Dodgers,119,3,Chicago Cubs,112,0,Chris Capuano,Jeff Samardzija,Kenley Jansen,9,Wrigley Field,day,3,4,False,,
348392,2013,2013-08-03,2013-08-03T20:05:00Z,R,Regular Season,N,1,Final,F,Texas Rangers,140,2,Oakland Athletics,133,4,Jarrod Parker,Matt Garza,Grant Balfour,9,O.co Coliseum,day,2,3,False,,
348395,2013,2013-08-03,2013-08-03T20:05:00Z,R,Regular Season,N,1,Final,F,Atlanta Braves,144,5,Philadelphia Phillies,143,4,Luis Avilán,Jake Diekman,Craig Kimbrel,12,Citizens Bank Park,day,2,3,False,,
348384,2013,2013-08-03,2013-08-03T23:05:00Z,R,Regular Season,N,1,Final,F,Colorado Rockies,115,2,Pittsburgh Pirates,134,5,Francisco Liriano,Jorge De La Rosa,Mark Melancon,9,PNC Park,night,2,3,False,,
348389,2013,2013-08-03,2013-08-03T23:05:00Z,R,Regular Season,N,1,Final,F,Seattle Mariners,136,8,Baltimore Orioles,110,4,Erasmo Ramírez,Scott Feldman,Danny Farquhar,9,Oriole Park at Camden Yards,night,2,3,False,,
348383,2013,2013-08-03,2013-08-03T23:08:00Z,R,Regular Season,N,1,Final,F,Chicago White Sox,145,0,Detroit Tigers,116,3,Max Scherzer,John Danks,Joaquín Benoit,9,Comerica Park,night,2,3,False,,
348382,2013,2013-08-03,2013-08-03T23:10:00Z,R,Regular Season,N,1,Final,F,Arizona Diamondbacks,109,2,Boston Red Sox,111,5,Jake Peavy,Patrick Corbin,Koji Uehara,9,Fenway Park,night,2,3,False,,
348385,2013,2013-08-03,2013-08-03T23:10:00Z,R,Regular Season,N,1,Final,F,Houston Astros,117,4,Minnesota Twins,142,6,Brian Duensing,Lucas Harrell,Glen Perkins,9,Target Field,night,2,3,False,,
348390,2013,2013-08-03,2013-08-03T23:10:00Z,R,Regular Season,N,1,Final,F,San Francisco Giants,137,1,Tampa Bay Rays,139,2,Fernando Rodney,Jean Machi,,10,Tropicana Field,night,2,3,False,,
348391,2013,2013-08-03,2013-08-03T23:10:00Z,R,Regular Season,N,1,Final,F,St. Louis Cardinals,138,3,Cincinnati Reds,113,8,Tony Cingrani,Jake Westbrook,,9,Great American Ball Park,night,2,3,False,,
348394,2013,2013-08-03,2013-08-03T23:10:00Z,R,Regular Season,N,1,Final,F,Washington Nationals,120,3,Milwaukee Brewers,158,0,Dan Haren,Donovan Hand,Rafael Soriano,9,Miller Park,night,2,3,False,,
348396,2013,2013-08-03,2013-08-03T23:10:00Z,R,Regular Season,N,1,Final,F,Cleveland Indians,114,4,Miami Marlins,146,3,Cody Allen,Dan Jennings,Chris Perez,9,Marlins Park,night,2,3,False,,
348388,2013,2013-08-03,2013-08-04T00:40:00Z,R,Regular Season,N,1,Final,F,New York Yankees,147,3,San Diego Padres,135,0,Iván Nova,Tyson Ross,Mariano Rivera,9,Petco Park,night,2,3,False,,
348393,2013,2013-08-03,2013-08-04T01:05:00Z,R,Regular Season,N,1,Final,F,Toronto Blue Jays,141,3,Los Angeles Angels,108,7,Jered Weaver,Esmil Rogers,,9,Angel Stadium of Anaheim,night,3,4,False,,
348398,2013,2013-08-04,2013-08-04T17:08:00Z,R,Regular Season,N,1,Final,F,Chicago White Sox,145,2,Detroit Tigers,116,3,Bruce Rondón,Dylan Axelrod,,12,Comerica Park,day,3,3,False,,
348401,2013,2013-08-04,2013-08-04T17:10:00Z,R,Regular Season,N,1,Final,F,Kansas City Royals,118,6,New York Mets,121,2,Ervin Santana,Zack Wheeler,,9,Citi Field,day,3,3,False,,
348406,2013,2013-08-04,2013-08-04T17:10:00Z,R,Regular Season,N,1,Final,F,St. Louis Cardinals,138,15,Cincinnati Reds,113,2,Lance Lynn,Mike Leake,,9,Great American Ball Park,day,3,3,False,,
348409,2013,2013-08-04,2013-08-04T17:10:00Z,R,Regular Season,N,1,Final,F,Cleveland Indians,114,2,Miami Marlins,146,0,Scott Kazmir,Nathan Eovaldi,Chris Perez,9,Marlins Park,day,3,3,False,,
348397,2013,2013-08-04,2013-08-04T17:35:00Z,R,Regular Season,N,1,Final,F,Arizona Diamondbacks,109,0,Boston Red Sox,111,4,Félix Doubront,Brandon McCarthy,,9,Fenway Park,day,3,3,False,,
348399,2013,2013-08-04,2013-08-04T17:35:00Z,R,Regular Season,N,1,Final,F,Colorado Rockies,115,1,Pittsburgh Pirates,134,5,A.J. Burnett,Juan Nicasio,,9,PNC Park,day,3,3,False,,
348404,2013,2013-08-04,2013-08-04T17:35:00Z,R,Regular Season,N,1,Final,F,Seattle Mariners,136,3,Baltimore Orioles,110,2,Joe Saunders,Wei-Yin Chen,Danny Farquhar,9,Oriole Park at Camden Yards,day,3,3,False,,
348405,2013,2013-08-04,2013-08-04T17:40:00Z,R,Regular Season,N,1,Final,F,San Francisco Giants,137,3,Tampa Bay Rays,139,4,Alex Torres,Jose Mijares,Fernando Rodney,9,Tropicana Field,day,3,3,False,,
348400,2013,2013-08-04,2013-08-04T18:10:00Z,R,Regular Season,N,1,Final,F,Houston Astros,117,2,Minnesota Twins,142,3,Caleb Thielbar,Brad Peacock,Glen Perkins,9,Target Field,day,3,3,False,,
348411,2013,2013-08-04,2013-08-04T18:10:00Z,R,Regular Season,N,1,Final,F,Washington Nationals,120,5,Milwaukee Brewers,158,8,John Axford,Fernando Abad,Jim Henderson,9,Miller Park,day,3,3,False,,
348402,2013,2013-08-04,2013-08-04T18:20:00Z,R,Regular Season,N,1,Final,F,Los Angeles Dodgers,119,1,Chicago Cubs,112,0,Stephen Fife,Carlos Villanueva,Kenley Jansen,9,Wrigley Field,day,4,4,False,,
348408,2013,2013-08-04,2013-08-04T19:35:00Z,R,Regular Season,N,1,Final,F,Toronto Blue Jays,141,6,Los Angeles Angels,108,5,Brett Cecil,Ernesto Frieri,Casey Janssen,9,Angel Stadium of Anaheim,day,4,4,False,,
348407,2013,2013-08-04,2013-08-04T20:05:00Z,R,Regular Season,N,1,Final,F,Texas Rangers,140,4,Oakland Athletics,133,0,Derek Holland,A.J. Griffin,,9,O.co Coliseum,day,3,3,False,,
348403,2013,2013-08-04,2013-08-04T20:10:00Z,R,Regular Season,N,1,Final,F,New York Yankees,147,3,San Diego Padres,135,6,Ian Kennedy,Phil Hughes,Huston Street,9,Petco Park,day,3,3,False,,
348410,2013,2013-08-04,2013-08-05T00:05:00Z,R,Regular Season,N,1,Final,F,Atlanta Braves,144,4,Philadelphia Phillies,143,1,Alex Wood,Cliff Lee,Craig Kimbrel,9,Citizens Bank Park,night,3,3,False,,
348412,2013,2013-08-05,2013-08-05T23:05:00Z,R,Regular Season,N,1,Final,F,Atlanta Braves,144,3,Washington Nationals,120,2,David Carpenter,Tyler Clippard,Jordan Walden,9,Nationals Park,night,1,3,False,,
348414,2013,2013-08-05,2013-08-05T23:05:00Z,R,Regular Season,N,1,Final,F,Detroit Tigers,116,4,Cleveland Indians,114,2,Al Alburquerque,Chris Perez,Joaquín Benoit,9,Progressive Field,night,1,4,False,,
348419,2013,2013-08-05,2013-08-05T23:05:00Z,R,Regular Season,N,1,Final,F,Los Angeles Dodgers,119,3,St. Louis Cardinals,138,2,Zack Greinke,Adam Wainwright,Paco Rodríguez,9,Busch Stadium,night,1,4,False,,
348413,2013,2013-08-05,2013-08-06T00:10:00Z,R,Regular Season,N,1,Final,F,Boston Red Sox,111,0,Houston Astros,117,2,Brett Oberholtzer,John Lackey,Josh Fields,9,Minute Maid Park,night,1,3,False,,
348416,2013,2013-08-05,2013-08-06T00:10:00Z,R,Regular Season,N,1,Final,F,Minnesota Twins,142,0,Kansas City Royals,118,13,Jeremy Guthrie,Kevin Correia,,9,Kauffman Stadium,night,1,3,False,,
348417,2013,2013-08-05,2013-08-06T00:10:00Z,R,Regular Season,N,1,Final,F,New York Yankees,147,1,Chicago White Sox,145,8,Jose Quintana,Andy Pettitte,,9,U.S. Cellular Field,night,1,3,False,,
348418,2013,2013-08-05,2013-08-06T02:05:00Z,R,Regular Season,N,1,Final,F,Texas Rangers,140,5,Los Angeles Angels,108,2,Martín Pérez,Jerome Williams,Joe Nathan,9,Angel Stadium of Anaheim,night,1,3,False,,
348420,2013,2013-08-05,2013-08-06T02:10:00Z,R,Regular Season,N,1,Final,F,Toronto Blue Jays,141,3,Seattle Mariners,136,1,R.A. Dickey,Hisashi Iwakuma,Casey Janssen,9,Safeco Field,night,1,3,False,,
348415,2013,2013-08-05,2013-08-06T02:15:00Z,R,Regular Season,N,1,Final,F,Milwaukee Brewers,158,2,San Francisco Giants,137,4,Santiago Casilla,John Axford,Sergio Romo,9,AT&T Park,night,1,4,False,,
348421,2013,2013-08-06,2013-08-06T23:05:00Z,R,Regular Season,N,1,Final,F,Atlanta Braves,144,2,Washington Nationals,120,1,Julio Teheran,Gio Gonzalez,Craig Kimbrel,9,Nationals Park,night,2,3,False,,
348425,2013,2013-08-06,2013-08-06T23:05:00Z,R,Regular Season,N,1,Final,F,Detroit Tigers,116,5,Cleveland Indians,114,1,Justin Verlander,Justin Masterson,,9,Progressive Field,night,2,4,False,,
348426,2013,2013-08-06,2013-08-06T23:05:00Z,R,Regular Season,N,1,Final,F,Miami Marlins,146,3,Pittsburgh Pirates,134,4,Bryan Morris,Mike Dunn,,9,PNC Park,night,1,3,False,,
348433,2013,2013-08-06,2013-08-06T23:05:00Z,R,Regular Season,N,1,Final,F,Chicago Cubs,112,8,Philadelphia Phillies,143,9,Kyle Kendrick,Edwin Jackson,,9,Citizens Bank Park,night,1,3,False,,
348424,2013,2013-08-06,2013-08-06T23:10:00Z,R,Regular Season,N,1,Final,F,Colorado Rockies,115,2,New York Mets,121,3,Scott Atchison,Wilton Lopez,LaTroy Hawkins,9,Citi Field,night,1,3,False,,
348430,2013,2013-08-06,2013-08-06T23:10:00Z,R,Regular Season,N,1,Final,F,Oakland Athletics,133,1,Cincinnati Reds,113,3,Mat Latos,Dan Straily,Aroldis Chapman,9,Great American Ball Park,night,1,2,False,,
348423,2013,2013-08-06,2013-08-07T00:10:00Z,R,Regular Season,N,1,Final,F,Boston Red Sox,111,15,Houston Astros,117,10,Brandon Workman,Jordan Lyles,,9,Minute Maid Park,night,2,3,False,,
348428,2013,2013-08-06,2013-08-07T00:10:00Z,R,Regular Season,N,1,Final,F,Minnesota Twins,142,7,Kansas City Royals,118,0,Andrew Albers,James Shields,,9,Kauffman Stadium,night,2,3,False,,
348429,2013,2013-08-06,2013-08-07T00:10:00Z,R,Regular Season,N,1,Final,F,New York Yankees,147,2,Chicago White Sox,145,3,Chris Sale,Hiroki Kuroda,Addison Reed,9,U.S. Cellular Field,night,2,3,False,,
348434,2013,2013-08-06,2013-08-07T00:15:00Z,R,Regular Season,N,1,Final,F,Los Angeles Dodgers,119,1,St. Louis Cardinals,138,5,Joe Kelly,Clayton Kershaw,,9,Busch Stadium,night,2,4,False,,
348431,2013,2013-08-06,2013-08-07T01:40:00Z,R,Regular Season,N,1,Final,F,Tampa Bay Rays,139,1,Arizona Diamondbacks,109,6,Wade Miley,Jeremy Hellickson,,9,Chase Field,night,1,2,False,,
348432,2013,2013-08-06,2013-08-07T02:05:00Z,R,Regular Season,N,1,Final,F,Texas Rangers,140,8,Los Angeles Angels,108,3,Yu Darvish,Kevin Jepsen,Tanner Scheppers,9,Angel Stadium of Anaheim,night,2,3,False,,
348422,2013,2013-08-06,2013-08-07T02:10:00Z,R,Regular Season,N,1,Final,F,Baltimore Orioles,110,4,San Diego Padres,135,1,Bud Norris,Edinson Volquez,Jim Johnson,9,Petco Park,night,1,2,False,,
348435,2013,2013-08-06,2013-08-07T02:10:00Z,R,Regular Season,N,1,Final,F,Toronto Blue Jays,141,7,Seattle Mariners,136,2,Josh Johnson,Félix Hernández,,9,Safeco Field,night,2,3,False,,
348427,2013,2013-08-06,2013-08-07T02:15:00Z,R,Regular Season,N,1,Final,F,Milwaukee Brewers,158,3,San Francisco Giants,137,1,Wily Peralta,Matt Cain,Jim Henderson,9,AT&T Park,night,2,4,False,,
348445,2013,2013-08-07,2013-08-07T16:35:00Z,R,Regular Season,N,1,Final,F,Oakland Athletics,133,5,Cincinnati Reds,113,6,Homer Bailey,Bartolo Colon,Aroldis Chapman,9,Great American Ball Park,day,2,2,False,,
348437,2013,2013-08-07,2013-08-07T19:40:00Z,R,Regular Season,N,1,Final,F,Baltimore Orioles,110,10,San Diego Padres,135,3,Francisco Rodríguez,Luke Gregerson,,9,Petco Park,day,2,2,False,,
348450,2013,2013-08-07,2013-08-07T19:40:00Z,R,Regular Season,N,1,Final,F,Toronto Blue Jays,141,7,Seattle Mariners,136,9,Brandon Maurer,Aaron Loup,Danny Farquhar,9,Safeco Field,day,3,3,False,,
348436,2013,2013-08-07,2013-08-07T23:05:00Z,R,Regular Season,N,1,Final,F,Atlanta Braves,144,6,Washington Nationals,120,3,Kris Medlen,Ryan Mattheus,Craig Kimbrel,9,Nationals Park,night,3,3,False,,
348440,2013,2013-08-07,2013-08-07T23:05:00Z,R,Regular Season,N,1,Final,F,Detroit Tigers,116,6,Cleveland Indians,114,5,Jeremy Bonderman,Bryan Shaw,Joaquín Benoit,14,Progressive Field,night,3,4,False,,
348441,2013,2013-08-07,2013-08-07T23:05:00Z,R,Regular Season,N,1,Final,F,Miami Marlins,146,2,Pittsburgh Pirates,134,4,Charlie Morton,Tom Koehler,Mark Melancon,9,PNC Park,night,2,3,False,,
348448,2013,2013-08-07,2013-08-07T23:05:00Z,R,Regular Season,N,1,Final,F,Chicago Cubs,112,5,Philadelphia Phillies,143,2,Pedro Strop,Luis García,Kevin Gregg,9,Citizens Bank Park,night,2,3,False,,
348439,2013,2013-08-07,2013-08-07T23:10:00Z,R,Regular Season,N,1,Final,F,Colorado Rockies,115,0,New York Mets,121,5,Matt Harvey,Jhoulys Chacín,,9,Citi Field,night,2,3,False,,
348438,2013,2013-08-07,2013-08-08T00:10:00Z,R,Regular Season,N,1,Final,F,Boston Red Sox,111,7,Houston Astros,117,5,Junichi Tazawa,Josh Fields,Koji Uehara,9,Minute Maid Park,night,3,3,False,,
348443,2013,2013-08-07,2013-08-08T00:10:00Z,R,Regular Season,N,1,Final,F,Minnesota Twins,142,2,Kansas City Royals,118,5,Louis Coleman,Samuel Deduno,Greg Holland,9,Kauffman Stadium,night,3,3,False,,
348444,2013,2013-08-07,2013-08-08T00:10:00Z,R,Regular Season,N,1,Final,F,New York Yankees,147,5,Chicago White Sox,145,6,Dylan Axelrod,Adam Warren,,12,U.S. Cellular Field,night,3,3,False,,
348449,2013,2013-08-07,2013-08-08T00:15:00Z,R,Regular Season,N,1,Final,F,Los Angeles Dodgers,119,13,St. Louis Cardinals,138,4,Ricky Nolasco,Jake Westbrook,,9,Busch Stadium,night,3,4,False,,
348446,2013,2013-08-07,2013-08-08T01:40:00Z,R,Regular Season,N,1,Final,F,Tampa Bay Rays,139,8,Arizona Diamondbacks,109,9,J.J. Putz,Joel Peralta,Brad Ziegler,9,Chase Field,night,2,2,False,,
348447,2013,2013-08-07,2013-08-08T02:05:00Z,R,Regular Season,N,1,Final,F,Texas Rangers,140,10,Los Angeles Angels,108,3,Alexi Ogando,Tommy Hanson,,9,Angel Stadium of Anaheim,night,3,3,False,,
348442,2013,2013-08-07,2013-08-08T02:15:00Z,R,Regular Season,N,1,Final,F,Milwaukee Brewers,158,6,San Francisco Giants,137,1,Alfredo Figaro,Madison Bumgarner,,9,AT&T Park,night,3,4,False,,
348452,2013,2013-08-08,2013-08-08T16:10:00Z,R,Regular Season,N,1,Final,F,Colorado Rockies,115,1,New York Mets,121,2,Dillon Gee,Jeff Manship,LaTroy Hawkins,9,Citi Field,day,3,3,False,,
348454,2013,2013-08-08,2013-08-08T16:35:00Z,R,Regular Season,N,1,Final,F,Miami Marlins,146,4,Pittsburgh Pirates,134,5,Jared Hughes,Steve Ames,,10,PNC Park,day,3,3,False,,
348456,2013,2013-08-08,2013-08-08T17:05:00Z,R,Regular Season,N,1,Final,F,Chicago Cubs,112,1,Philadelphia Phillies,143,12,Ethan Martin,Jeff Samardzija,,9,Citizens Bank Park,day,3,3,False,,
348455,2013,2013-08-08,2013-08-08T19:45:00Z,R,Regular Season,N,1,Final,F,Milwaukee Brewers,158,1,San Francisco Giants,137,4,Tim Lincecum,Donovan Hand,,9,AT&T Park,day,4,4,False,,
348453,2013,2013-08-08,2013-08-08T23:05:00Z,R,Regular Season,N,1,Final,F,Detroit Tigers,116,10,Cleveland Indians,114,3,Max Scherzer,Zach McAllister,,9,Progressive Field,night,4,4,False,,
348451,2013,2013-08-08,2013-08-09T00:10:00Z,R,Regular Season,N,1,Final,F,Boston Red Sox,111,1,Kansas City Royals,118,5,Bruce Chen,Jon Lester,Luke Hochevar,9,Kauffman Stadium,night,1,4,False,,
348457,2013,2013-08-08,2013-08-09T00:15:00Z,R,Regular Season,N,1,Final,F,Los Angeles Dodgers,119,5,St. Louis Cardinals,138,1,Hyun Jin Ryu,Carlos Martinez,,9,Busch Stadium,night,4,4,False,,
346984,2013,2013-08-09,2013-08-09T18:10:00Z,R,Regular Season,S,1,Final,F,Minnesota Twins,142,7,Chicago White Sox,145,5,Brian Duensing,Donnie Veal,,9,U.S. Cellular Field,day,1,4,False,,
348458,2013,2013-08-09,2013-08-09T23:05:00Z,R,Regular Season,N,1,Final,F,Los Angeles Angels,108,5,Cleveland Indians,114,2,Jered Weaver,Scott Kazmir,Dane De La Rosa,9,Progressive Field,night,1,3,False,,
348461,2013,2013-08-09,2013-08-09T23:05:00Z,R,Regular Season,N,1,Final,F,Detroit Tigers,116,3,New York Yankees,147,4,Shawn Kelley,Al Alburquerque,,10,Yankee Stadium,night,1,3,False,,
348465,2013,2013-08-09,2013-08-09T23:05:00Z,R,Regular Season,N,1,Final,F,Philadelphia Phillies,143,2,Washington Nationals,120,9,Dan Haren,John Lannan,,9,Nationals Park,night,1,3,False,,
348469,2013,2013-08-09,2013-08-09T23:07:00Z,R,Regular Season,N,1,Final,F,Oakland Athletics,133,14,Toronto Blue Jays,141,6,Jarrod Parker,Esmil Rogers,,9,Rogers Centre,night,1,4,False,,
348467,2013,2013-08-09,2013-08-09T23:10:00Z,R,Regular Season,N,1,Final,F,San Diego Padres,135,2,Cincinnati Reds,113,7,Bronson Arroyo,Andrew Cashner,,9,Great American Ball Park,night,1,3,False,,
348462,2013,2013-08-09,2013-08-09T23:30:00Z,R,Regular Season,N,1,Final,F,Miami Marlins,146,0,Atlanta Braves,144,5,Brandon Beachy,Jacob Turner,,9,Turner Field,night,1,3,False,,
348460,2013,2013-08-09,2013-08-10T00:10:00Z,R,Regular Season,N,1,Final,F,Boston Red Sox,111,6,Kansas City Royals,118,9,Francisley Bueno,Drake Britton,Greg Holland,9,Kauffman Stadium,night,2,4,False,,
348463,2013,2013-08-09,2013-08-10T00:10:00Z,R,Regular Season,S,2,Final,F,Minnesota Twins,142,3,Chicago White Sox,145,2,Brian Duensing,Dylan Axelrod,Glen Perkins,10,U.S. Cellular Field,night,2,4,False,,
348468,2013,2013-08-09,2013-08-10T00:10:00Z,R,Regular Season,N,1,Final,F,Texas Rangers,140,9,Houston Astros,117,5,Matt Garza,Josh Zeid,Neal Cotts,9,Minute Maid Park,night,1,4,False,,
348470,2013,2013-08-09,2013-08-10T00:15:00Z,R,Regular Season,N,1,Final,F,Chicago Cubs,112,3,St. Louis Cardinals,138,0,Chris Rusin,Lance Lynn,Kevin Gregg,9,Busch Stadium,night,1,3,False,,
348466,2013,2013-08-09,2013-08-10T00:40:00Z,R,Regular Season,N,1,Final,F,Pittsburgh Pirates,134,1,Colorado Rockies,115,10,Jorge De La Rosa,Francisco Liriano,,9,Coors Field,night,1,3,False,,
348464,2013,2013-08-09,2013-08-10T01:40:00Z,R,Regular Season,N,1,Final,F,New York Mets,121,4,Arizona Diamondbacks,109,5,Brad Ziegler,Scott Atchison,,9,Chase Field,night,1,3,False,,
348471,2013,2013-08-09,2013-08-10T02:10:00Z,R,Regular Season,N,1,Final,F,Milwaukee Brewers,158,10,Seattle Mariners,136,5,Kyle Lohse,Joe Saunders,,9,Safeco Field,night,1,3,False,,
348472,2013,2013-08-09,2013-08-10T02:10:00Z,R,Regular Season,N,1,Final,F,Tampa Bay Rays,139,6,Los Angeles Dodgers,119,7,Ronald Belisario,Fernando Rodney,,9,Dodger Stadium,night,1,3,False,,
348459,2013,2013-08-09,2013-08-10T02:15:00Z,R,Regular Season,N,1,Final,F,Baltimore Orioles,110,5,San Francisco Giants,137,2,Jim Johnson,Javier López,Tommy Hunter,10,AT&T Park,night,1,3,False,,
348477,2013,2013-08-10,2013-08-10T17:05:00Z,R,Regular Season,N,1,Final,F,Detroit Tigers,116,9,New York Yankees,147,3,Aníbal Sánchez,Phil Hughes,,9,Yankee Stadium,day,2,3,False,,
348487,2013,2013-08-10,2013-08-10T17:07:00Z,R,Regular Season,N,1,Final,F,Oakland Athletics,133,4,Toronto Blue Jays,141,5,Mark Buehrle,Sonny Gray,Casey Janssen,9,Rogers Centre,day,2,4,False,,
348474,2013,2013-08-10,2013-08-10T20:05:00Z,R,Regular Season,N,1,Final,F,Baltimore Orioles,110,2,San Francisco Giants,137,3,Guillermo Moscoso,Wei-Yin Chen,Sergio Romo,9,AT&T Park,day,2,3,False,,
348480,2013,2013-08-10,2013-08-10T20:05:00Z,R,Regular Season,N,1,Final,F,Minnesota Twins,142,4,Chicago White Sox,145,5,David Purcey,Mike Pelfrey,Addison Reed,9,U.S. Cellular Field,day,3,4,False,,
348485,2013,2013-08-10,2013-08-10T20:05:00Z,R,Regular Season,N,1,Final,F,Tampa Bay Rays,139,0,Los Angeles Dodgers,119,5,Zack Greinke,Roberto Hernandez,,9,Dodger Stadium,day,2,3,False,,
348473,2013,2013-08-10,2013-08-10T23:05:00Z,R,Regular Season,N,1,Final,F,Los Angeles Angels,108,7,Cleveland Indians,114,2,C.J. Wilson,Ubaldo Jiménez,,9,Progressive Field,night,2,3,False,,
348482,2013,2013-08-10,2013-08-10T23:05:00Z,R,Regular Season,N,1,Final,F,Philadelphia Phillies,143,5,Washington Nationals,120,8,Tanner Roark,Jake Diekman,Rafael Soriano,9,Nationals Park,night,2,3,False,,
348475,2013,2013-08-10,2013-08-10T23:10:00Z,R,Regular Season,N,1,Final,F,Boston Red Sox,111,5,Kansas City Royals,118,3,Brandon Workman,Jeremy Guthrie,Koji Uehara,9,Kauffman Stadium,night,3,4,False,,
348478,2013,2013-08-10,2013-08-10T23:10:00Z,R,Regular Season,N,1,Final,F,Miami Marlins,146,1,Atlanta Braves,144,0,Mike Dunn,Jordan Walden,Steve Cishek,9,Turner Field,night,2,3,False,,
348484,2013,2013-08-10,2013-08-10T23:10:00Z,R,Regular Season,N,1,Final,F,San Diego Padres,135,3,Cincinnati Reds,113,1,Tyson Ross,Tony Cingrani,Huston Street,9,Great American Ball Park,night,2,3,False,,
348486,2013,2013-08-10,2013-08-10T23:10:00Z,R,Regular Season,N,1,Final,F,Texas Rangers,140,5,Houston Astros,117,4,Jason Frasor,Lucas Harrell,Joe Nathan,9,Minute Maid Park,night,2,4,False,,
348476,2013,2013-08-10,2013-08-10T23:15:00Z,R,Regular Season,N,1,Final,F,Chicago Cubs,112,6,St. Louis Cardinals,138,5,Blake Parker,Trevor Rosenthal,Kevin Gregg,9,Busch Stadium,night,2,3,False,,
348481,2013,2013-08-10,2013-08-11T00:10:00Z,R,Regular Season,N,1,Final,F,New York Mets,121,4,Arizona Diamondbacks,109,1,Zack Wheeler,Brandon McCarthy,LaTroy Hawkins,9,Chase Field,night,2,3,False,,
348483,2013,2013-08-10,2013-08-11T00:10:00Z,R,Regular Season,N,1,Final,F,Pittsburgh Pirates,134,4,Colorado Rockies,115,6,Wilton Lopez,A.J. Burnett,Rex Brothers,9,Coors Field,night,2,3,False,,
348479,2013,2013-08-10,2013-08-11T01:10:00Z,R,Regular Season,N,1,Final,F,Milwaukee Brewers,158,10,Seattle Mariners,136,0,Tom Gorzelanny,Hisashi Iwakuma,,9,Safeco Field,night,2,3,False,,
348488,2013,2013-08-11,2013-08-11T17:05:00Z,R,Regular Season,N,1,Final,F,Los Angeles Angels,108,5,Cleveland Indians,114,6,Matt Albers,Juan Gutierrez,Chris Perez,9,Progressive Field,day,3,3,False,,
348491,2013,2013-08-11,2013-08-11T17:05:00Z,R,Regular Season,N,1,Final,F,Detroit Tigers,116,4,New York Yankees,147,5,Mariano Rivera,Jose Veras,,9,Yankee Stadium,day,3,3,False,,
348500,2013,2013-08-11,2013-08-11T17:07:00Z,R,Regular Season,N,1,Final,F,Oakland Athletics,133,6,Toronto Blue Jays,141,4,Ryan Cook,Darren Oliver,Grant Balfour,9,Rogers Centre,day,3,4,False,,
348497,2013,2013-08-11,2013-08-11T17:10:00Z,R,Regular Season,N,1,Final,F,San Diego Padres,135,2,Cincinnati Reds,113,3,Sam LeCure,Tim Stauffer,,13,Great American Ball Park,day,3,3,False,,
348492,2013,2013-08-11,2013-08-11T17:35:00Z,R,Regular Season,N,1,Final,F,Miami Marlins,146,4,Atlanta Braves,144,9,Mike Minor,Dan Jennings,,9,Turner Field,day,3,3,False,,
348490,2013,2013-08-11,2013-08-11T18:10:00Z,R,Regular Season,N,1,Final,F,Boston Red Sox,111,3,Kansas City Royals,118,4,James Shields,John Lackey,Greg Holland,9,Kauffman Stadium,day,4,4,False,,
348493,2013,2013-08-11,2013-08-11T18:10:00Z,R,Regular Season,N,1,Final,F,Minnesota Twins,142,5,Chicago White Sox,145,2,Kevin Correia,Jose Quintana,,9,U.S. Cellular Field,day,4,4,False,,
348499,2013,2013-08-11,2013-08-11T18:10:00Z,R,Regular Season,N,1,Final,F,Texas Rangers,140,6,Houston Astros,117,1,Martín Pérez,Dallas Keuchel,,9,Minute Maid Park,day,3,4,False,,
348501,2013,2013-08-11,2013-08-11T18:15:00Z,R,Regular Season,N,1,Final,F,Chicago Cubs,112,4,St. Louis Cardinals,138,8,Randy Choate,Blake Parker,Edward Mujica,9,Busch Stadium,day,3,3,False,,
348489,2013,2013-08-11,2013-08-11T20:05:00Z,R,Regular Season,N,1,Final,F,Baltimore Orioles,110,10,San Francisco Giants,137,2,Troy Patton,Matt Cain,,9,AT&T Park,day,3,3,False,,
348494,2013,2013-08-11,2013-08-11T20:10:00Z,R,Regular Season,N,1,Final,F,New York Mets,121,9,Arizona Diamondbacks,109,5,Jonathon Niese,Zeke Spruill,,9,Chase Field,day,3,3,False,,
348496,2013,2013-08-11,2013-08-11T20:10:00Z,R,Regular Season,N,1,Final,F,Pittsburgh Pirates,134,2,Colorado Rockies,115,3,Manny Corpas,Bryan Morris,Rex Brothers,9,Coors Field,day,3,3,False,,
348502,2013,2013-08-11,2013-08-11T20:10:00Z,R,Regular Season,N,1,Final,F,Milwaukee Brewers,158,0,Seattle Mariners,136,2,Félix Hernández,Wily Peralta,Danny Farquhar,9,Safeco Field,day,3,3,False,,
348495,2013,2013-08-11,2013-08-11T21:05:00Z,R,Regular Season,N,1,Final,F,Philadelphia Phillies,143,0,Washington Nationals,120,6,Stephen Strasburg,Kyle Kendrick,,9,Nationals Park,night,3,3,False,,
348498,2013,2013-08-11,2013-08-12T00:05:00Z,R,Regular Season,N,1,Final,F,Tampa Bay Rays,139,2,Los Angeles Dodgers,119,8,Clayton Kershaw,Jeremy Hellickson,,9,Dodger Stadium,night,3,3,False,,
348512,2013,2013-08-12,2013-08-12T16:37:00Z,R,Regular Season,N,1,Final,F,Oakland Athletics,133,5,Toronto Blue Jays,141,1,Ryan Cook,Casey Janssen,,9,Rogers Centre,day,4,4,False,,
348511,2013,2013-08-12,2013-08-12T18:10:00Z,R,Regular Season,N,1,Final,F,Texas Rangers,140,2,Houston Astros,117,1,Yu Darvish,Brett Oberholtzer,Joe Nathan,9,Minute Maid Park,day,4,4,False,,
348503,2013,2013-08-12,2013-08-12T23:05:00Z,R,Regular Season,N,1,Final,F,Los Angeles Angels,108,1,New York Yankees,147,2,Hiroki Kuroda,Garrett Richards,David Robertson,9,Yankee Stadium,night,1,4,False,,
348509,2013,2013-08-12,2013-08-12T23:10:00Z,R,Regular Season,N,1,Final,F,Philadelphia Phillies,143,5,Atlanta Braves,144,1,Cole Hamels,Julio Teheran,,9,Turner Field,night,1,3,False,,
348505,2013,2013-08-12,2013-08-13T00:05:00Z,R,Regular Season,N,1,Final,F,Cincinnati Reds,113,2,Chicago Cubs,112,0,Mat Latos,Travis Wood,Aroldis Chapman,9,Wrigley Field,night,1,3,False,,
348506,2013,2013-08-12,2013-08-13T00:10:00Z,R,Regular Season,N,1,Final,F,Cleveland Indians,114,0,Minnesota Twins,142,3,Andrew Albers,Danny Salazar,,9,Target Field,night,1,3,False,,
348507,2013,2013-08-12,2013-08-13T00:10:00Z,R,Regular Season,N,1,Final,F,Detroit Tigers,116,2,Chicago White Sox,145,6,Chris Sale,Doug Fister,,9,U.S. Cellular Field,night,1,3,False,,
348508,2013,2013-08-12,2013-08-13T00:10:00Z,R,Regular Season,N,1,Final,F,Miami Marlins,146,2,Kansas City Royals,118,6,Wade Davis,Tom Koehler,,9,Kauffman Stadium,night,1,3,False,,
348510,2013,2013-08-12,2013-08-13T00:40:00Z,R,Regular Season,N,1,Final,F,San Diego Padres,135,2,Colorado Rockies,115,14,Jhoulys Chacín,Edinson Volquez,,9,Coors Field,night,1,3,False,,
348504,2013,2013-08-12,2013-08-13T01:40:00Z,R,Regular Season,N,1,Final,F,Baltimore Orioles,110,6,Arizona Diamondbacks,109,7,Brad Ziegler,Darren O'Day,,9,Chase Field,night,1,3,False,,
348513,2013,2013-08-12,2013-08-13T02:10:00Z,R,Regular Season,N,1,Final,F,New York Mets,121,2,Los Angeles Dodgers,119,4,Ricky Nolasco,Jenrry Mejia,Kenley Jansen,9,Dodger Stadium,night,1,3,False,,
348514,2013,2013-08-13,2013-08-13T23:05:00Z,R,Regular Season,N,1,Final,F,Los Angeles Angels,108,7,New York Yankees,147,14,CC Sabathia,Jason Vargas,,9,Yankee Stadium,night,2,4,False,,
348525,2013,2013-08-13,2013-08-13T23:05:00Z,R,Regular Season,N,1,Final,F,San Francisco Giants,137,2,Washington Nationals,120,4,Tanner Roark,Guillermo Moscoso,Rafael Soriano,9,Nationals Park,night,1,3,False,,
348526,2013,2013-08-13,2013-08-13T23:07:00Z,R,Regular Season,N,1,Final,F,Boston Red Sox,111,4,Toronto Blue Jays,141,2,Koji Uehara,Aaron Loup,,11,Rogers Centre,night,1,3,False,,
348522,2013,2013-08-13,2013-08-13T23:10:00Z,R,Regular Season,N,1,Final,F,Philadelphia Phillies,143,1,Atlanta Braves,144,3,Kris Medlen,Ethan Martin,Craig Kimbrel,9,Turner Field,night,2,3,False,,
348524,2013,2013-08-13,2013-08-13T23:10:00Z,R,Regular Season,N,1,Final,F,Seattle Mariners,136,5,Tampa Bay Rays,139,4,Erasmo Ramírez,Chris Archer,Danny Farquhar,9,Tropicana Field,night,1,3,False,,
348516,2013,2013-08-13,2013-08-14T00:05:00Z,R,Regular Season,N,1,Final,F,Cincinnati Reds,113,6,Chicago Cubs,112,4,J.J. Hoover,Eduardo Sanchez,Aroldis Chapman,11,Wrigley Field,night,2,3,False,,
348521,2013,2013-08-13,2013-08-14T00:05:00Z,R,Regular Season,N,1,Final,F,Milwaukee Brewers,158,5,Texas Rangers,140,1,Marco Estrada,Alexi Ogando,Jim Henderson,9,Rangers Ballpark in Arlington,night,1,2,False,,
348517,2013,2013-08-13,2013-08-14T00:10:00Z,R,Regular Season,N,1,Final,F,Cleveland Indians,114,5,Minnesota Twins,142,2,Zach McAllister,Samuel Deduno,Chris Perez,9,Target Field,night,2,3,False,,
348518,2013,2013-08-13,2013-08-14T00:10:00Z,R,Regular Season,N,1,Final,F,Detroit Tigers,116,3,Chicago White Sox,145,4,Addison Reed,Jeremy Bonderman,,11,U.S. Cellular Field,night,2,3,False,,
348520,2013,2013-08-13,2013-08-14T00:10:00Z,R,Regular Season,N,1,Final,F,Miami Marlins,146,1,Kansas City Royals,118,0,Chad Qualls,Kelvin Herrera,Steve Cishek,10,Kauffman Stadium,night,2,3,False,,
348527,2013,2013-08-13,2013-08-14T00:15:00Z,R,Regular Season,N,1,Final,F,Pittsburgh Pirates,134,3,St. Louis Cardinals,138,4,Sam Freeman,Jared Hughes,,14,Busch Stadium,night,1,3,False,,
348523,2013,2013-08-13,2013-08-14T00:40:00Z,R,Regular Season,N,1,Final,F,San Diego Padres,135,7,Colorado Rockies,115,5,Tim Stauffer,Jeff Manship,Huston Street,9,Coors Field,night,2,3,False,,
348515,2013,2013-08-13,2013-08-14T01:40:00Z,R,Regular Season,N,1,Final,F,Baltimore Orioles,110,3,Arizona Diamondbacks,109,4,Heath Bell,T.J. McFarland,,11,Chase Field,night,2,3,False,,
348519,2013,2013-08-13,2013-08-14T02:05:00Z,R,Regular Season,N,1,Final,F,Houston Astros,117,5,Oakland Athletics,133,4,Jordan Lyles,Bartolo Colon,Chia-Jen Lo,9,O.co Coliseum,night,1,3,False,,
348528,2013,2013-08-13,2013-08-14T02:10:00Z,R,Regular Season,N,1,Final,F,New York Mets,121,2,Los Angeles Dodgers,119,4,Hyun Jin Ryu,Matt Harvey,Kenley Jansen,9,Dodger Stadium,night,2,3,False,,
348532,2013,2013-08-14,2013-08-14T17:10:00Z,R,Regular Season,N,1,Final,F,Cleveland Indians,114,9,Minnesota Twins,142,8,Chris Perez,Ryan Pressly,Joe Smith,12,Target Field,day,3,3,False,,
348533,2013,2013-08-14,2013-08-14T18:10:00Z,R,Regular Season,N,1,Final,F,Detroit Tigers,116,6,Chicago White Sox,145,4,Rick Porcello,John Danks,Joaquín Benoit,9,U.S. Cellular Field,day,3,3,False,,
348535,2013,2013-08-14,2013-08-14T18:10:00Z,R,Regular Season,N,1,Final,F,Miami Marlins,146,5,Kansas City Royals,118,2,Dan Jennings,Tim Collins,Steve Cishek,9,Kauffman Stadium,day,3,3,False,,
348531,2013,2013-08-14,2013-08-14T18:20:00Z,R,Regular Season,N,1,Final,F,Cincinnati Reds,113,5,Chicago Cubs,112,0,Bronson Arroyo,Chris Rusin,,9,Wrigley Field,day,3,3,False,,
348538,2013,2013-08-14,2013-08-14T19:10:00Z,R,Regular Season,N,1,Final,F,San Diego Padres,135,2,Colorado Rockies,115,4,Jorge De La Rosa,Andrew Cashner,Rex Brothers,9,Coors Field,day,3,3,False,,
348530,2013,2013-08-14,2013-08-14T19:40:00Z,R,Regular Season,N,1,Final,F,Baltimore Orioles,110,4,Arizona Diamondbacks,109,5,Heath Bell,Bud Norris,,14,Chase Field,day,3,3,False,,
348529,2013,2013-08-14,2013-08-14T23:05:00Z,R,Regular Season,N,1,Final,F,Los Angeles Angels,108,3,New York Yankees,147,11,Iván Nova,Jered Weaver,,9,Yankee Stadium,night,3,4,False,,
348540,2013,2013-08-14,2013-08-14T23:05:00Z,R,Regular Season,N,1,Final,F,San Francisco Giants,137,5,Washington Nationals,120,6,Jordan Zimmermann,Tim Lincecum,Rafael Soriano,9,Nationals Park,night,2,3,False,,
348541,2013,2013-08-14,2013-08-14T23:07:00Z,R,Regular Season,N,1,Final,F,Boston Red Sox,111,3,Toronto Blue Jays,141,4,Brad Lincoln,Brandon Workman,,10,Rogers Centre,night,2,3,False,,
348537,2013,2013-08-14,2013-08-14T23:10:00Z,R,Regular Season,N,1,Final,F,Philadelphia Phillies,143,3,Atlanta Braves,144,6,Brandon Beachy,John Lannan,Craig Kimbrel,9,Turner Field,night,3,3,False,,
348539,2013,2013-08-14,2013-08-14T23:10:00Z,R,Regular Season,N,1,Final,F,Seattle Mariners,136,4,Tampa Bay Rays,139,5,Joel Peralta,Danny Farquhar,,9,Tropicana Field,night,2,3,False,,
348536,2013,2013-08-14,2013-08-15T00:05:00Z,R,Regular Season,N,1,Final,F,Milwaukee Brewers,158,4,Texas Rangers,140,5,Jason Frasor,John Axford,Joe Nathan,9,Rangers Ballpark in Arlington,night,2,2,False,,
348542,2013,2013-08-14,2013-08-15T00:15:00Z,R,Regular Season,N,1,Final,F,Pittsburgh Pirates,134,5,St. Louis Cardinals,138,1,Francisco Liriano,Shelby Miller,,9,Busch Stadium,night,2,3,False,,
348534,2013,2013-08-14,2013-08-15T02:05:00Z,R,Regular Season,N,1,Final,F,Houston Astros,117,2,Oakland Athletics,133,1,Lucas Harrell,Sean Doolittle,Josh Fields,11,O.co Coliseum,night,2,3,False,,
348543,2013,2013-08-14,2013-08-15T02:10:00Z,R,Regular Season,N,1,Final,F,New York Mets,121,4,Los Angeles Dodgers,119,5,Paco Rodríguez,Pedro Feliciano,,12,Dodger Stadium,night,3,3,False,,
348544,2013,2013-08-15,2013-08-15T17:05:00Z,R,Regular Season,N,1,Final,F,Los Angeles Angels,108,8,New York Yankees,147,4,C.J. Wilson,Phil Hughes,,9,Yankee Stadium,day,4,4,False,,
348551,2013,2013-08-15,2013-08-15T17:45:00Z,R,Regular Season,N,1,Final,F,Pittsburgh Pirates,134,5,St. Louis Cardinals,138,6,Kevin Siegrist,Bryan Morris,,12,Busch Stadium,day,3,3,False,,
348546,2013,2013-08-15,2013-08-15T19:35:00Z,R,Regular Season,N,1,Final,F,Houston Astros,117,0,Oakland Athletics,133,5,Sonny Gray,Erik Bedard,,9,O.co Coliseum,day,3,3,False,,
348550,2013,2013-08-15,2013-08-15T20:05:00Z,R,Regular Season,N,1,Final,F,San Francisco Giants,137,4,Washington Nationals,120,3,Javier López,Rafael Soriano,Sergio Romo,9,Nationals Park,day,3,3,False,,
348552,2013,2013-08-15,2013-08-15T23:07:00Z,R,Regular Season,N,1,Final,F,Boston Red Sox,111,1,Toronto Blue Jays,141,2,Mark Buehrle,Jake Peavy,Casey Janssen,9,Rogers Centre,night,3,3,False,,
348547,2013,2013-08-15,2013-08-15T23:08:00Z,R,Regular Season,N,1,Final,F,Kansas City Royals,118,1,Detroit Tigers,116,4,Aníbal Sánchez,Jeremy Guthrie,Joaquín Benoit,9,Comerica Park,night,1,5,False,,
348549,2013,2013-08-15,2013-08-15T23:10:00Z,R,Regular Season,N,1,Final,F,Seattle Mariners,136,1,Tampa Bay Rays,139,7,Alex Cobb,Joe Saunders,,9,Tropicana Field,night,3,3,False,,
348545,2013,2013-08-15,2013-08-16T00:10:00Z,R,Regular Season,N,1,Final,F,Chicago White Sox,145,3,Minnesota Twins,142,4,Jared Burton,Ramon Troncoso,,9,Target Field,night,1,4,False,,
348553,2013,2013-08-15,2013-08-16T00:10:00Z,R,Regular Season,N,1,Final,F,Cincinnati Reds,113,2,Milwaukee Brewers,158,1,Tony Cingrani,Kyle Lohse,Aroldis Chapman,9,Miller Park,night,1,4,False,,
348548,2013,2013-08-15,2013-08-16T02:10:00Z,R,Regular Season,N,1,Final,F,New York Mets,121,4,San Diego Padres,135,1,Scott Atchison,Luke Gregerson,Gonzalez Germen,9,Petco Park,night,1,4,False,,
347039,2013,2013-08-16,2013-08-16T17:08:00Z,R,Regular Season,S,1,Final,F,Kansas City Royals,118,2,Detroit Tigers,116,1,Danny Duffy,Justin Verlander,Greg Holland,9,Comerica Park,day,2,5,False,,
348563,2013,2013-08-16,2013-08-16T20:05:00Z,R,Regular Season,N,1,Final,F,St. Louis Cardinals,138,0,Chicago Cubs,112,7,Jake Arrieta,Jake Westbrook,,9,Wrigley Field,day,1,3,False,,
348554,2013,2013-08-16,2013-08-16T23:05:00Z,R,Regular Season,N,1,Final,F,Arizona Diamondbacks,109,2,Pittsburgh Pirates,134,6,Gerrit Cole,Brandon McCarthy,,9,PNC Park,night,1,3,False,,
348557,2013,2013-08-16,2013-08-16T23:05:00Z,R,Regular Season,N,1,Final,F,Colorado Rockies,115,6,Baltimore Orioles,110,3,Juan Nicasio,Wei-Yin Chen,,9,Oriole Park at Camden Yards,night,1,3,False,,
348566,2013,2013-08-16,2013-08-16T23:05:00Z,R,Regular Season,N,1,Final,F,Los Angeles Dodgers,119,4,Philadelphia Phillies,143,0,Zack Greinke,Cliff Lee,,9,Citizens Bank Park,night,1,3,False,,
348559,2013,2013-08-16,2013-08-16T23:08:00Z,R,Regular Season,S,2,Final,F,Kansas City Royals,118,3,Detroit Tigers,116,0,James Shields,Jose Alvarez,Greg Holland,9,Comerica Park,night,3,5,False,,
348560,2013,2013-08-16,2013-08-16T23:10:00Z,R,Regular Season,N,1,Final,F,New York Yankees,147,10,Boston Red Sox,111,3,Andy Pettitte,Félix Doubront,,9,Fenway Park,night,1,3,False,,
348564,2013,2013-08-16,2013-08-16T23:10:00Z,R,Regular Season,N,1,Final,F,Toronto Blue Jays,141,4,Tampa Bay Rays,139,5,Fernando Rodney,Aaron Loup,,9,Tropicana Field,night,1,3,False,,
348567,2013,2013-08-16,2013-08-16T23:10:00Z,R,Regular Season,N,1,Final,F,San Francisco Giants,137,14,Miami Marlins,146,10,Sandy Rosario,Nathan Eovaldi,,9,Marlins Park,night,1,3,False,,
348565,2013,2013-08-16,2013-08-16T23:30:00Z,R,Regular Season,N,1,Final,F,Washington Nationals,120,2,Atlanta Braves,144,3,Scott Downs,Ian Krol,,10,Turner Field,night,1,3,False,,
348562,2013,2013-08-16,2013-08-17T00:05:00Z,R,Regular Season,N,1,Final,F,Seattle Mariners,136,3,Texas Rangers,140,1,Hisashi Iwakuma,Neal Cotts,Danny Farquhar,9,Rangers Ballpark in Arlington,night,1,3,False,,
348555,2013,2013-08-16,2013-08-17T00:10:00Z,R,Regular Season,N,1,Final,F,Chicago White Sox,145,5,Minnesota Twins,142,2,Jose Quintana,Kevin Correia,Addison Reed,9,Target Field,night,2,4,False,,
348568,2013,2013-08-16,2013-08-17T00:10:00Z,R,Regular Season,N,1,Final,F,Cincinnati Reds,113,6,Milwaukee Brewers,158,7,John Axford,Aroldis Chapman,,9,Miller Park,night,2,4,False,,
348556,2013,2013-08-16,2013-08-17T02:05:00Z,R,Regular Season,N,1,Final,F,Cleveland Indians,114,2,Oakland Athletics,133,3,Sean Doolittle,Justin Masterson,Grant Balfour,9,O.co Coliseum,night,1,3,False,,
348558,2013,2013-08-16,2013-08-17T02:05:00Z,R,Regular Season,N,1,Final,F,Houston Astros,117,8,Los Angeles Angels,108,2,Brad Peacock,Jerome Williams,,9,Angel Stadium of Anaheim,night,1,3,False,,
348561,2013,2013-08-16,2013-08-17T02:10:00Z,R,Regular Season,N,1,Final,F,New York Mets,121,5,San Diego Padres,135,2,Jonathon Niese,Ian Kennedy,LaTroy Hawkins,9,Petco Park,night,2,4,False,,
348569,2013,2013-08-17,2013-08-17T20:05:00Z,R,Regular Season,N,1,Final,F,Arizona Diamondbacks,109,15,Pittsburgh Pirates,134,5,Trevor Cahill,Jeff Locke,,9,PNC Park,day,2,3,False,,
348576,2013,2013-08-17,2013-08-17T20:05:00Z,R,Regular Season,N,1,Final,F,New York Yankees,147,1,Boston Red Sox,111,6,John Lackey,Hiroki Kuroda,,9,Fenway Park,day,2,3,False,,
348579,2013,2013-08-17,2013-08-17T20:05:00Z,R,Regular Season,N,1,Final,F,St. Louis Cardinals,138,4,Chicago Cubs,112,0,Joe Kelly,Travis Wood,,9,Wrigley Field,day,2,3,False,,
348573,2013,2013-08-17,2013-08-17T23:05:00Z,R,Regular Season,N,1,Final,F,Colorado Rockies,115,4,Baltimore Orioles,110,8,Bud Norris,Chad Bettis,,9,Oriole Park at Camden Yards,night,2,3,False,,
348582,2013,2013-08-17,2013-08-17T23:05:00Z,R,Regular Season,N,1,Final,F,Los Angeles Dodgers,119,5,Philadelphia Phillies,143,0,Clayton Kershaw,Kyle Kendrick,,9,Citizens Bank Park,night,2,3,False,,
348575,2013,2013-08-17,2013-08-17T23:08:00Z,R,Regular Season,N,1,Final,F,Kansas City Royals,118,5,Detroit Tigers,116,6,Joaquín Benoit,Aaron Crow,,9,Comerica Park,night,4,5,False,,
348570,2013,2013-08-17,2013-08-17T23:10:00Z,R,Regular Season,N,1,Final,F,Chicago White Sox,145,8,Minnesota Twins,142,5,Chris Sale,Andrew Albers,Addison Reed,9,Target Field,night,3,4,False,,
348571,2013,2013-08-17,2013-08-17T23:10:00Z,R,Regular Season,N,1,Final,F,Cincinnati Reds,113,0,Milwaukee Brewers,158,2,Yovani Gallardo,Mat Latos,Jim Henderson,9,Miller Park,night,3,4,False,,
348580,2013,2013-08-17,2013-08-17T23:10:00Z,R,Regular Season,N,1,Final,F,Toronto Blue Jays,141,6,Tampa Bay Rays,139,2,J.A. Happ,Roberto Hernandez,,9,Tropicana Field,night,2,3,False,,
348581,2013,2013-08-17,2013-08-17T23:10:00Z,R,Regular Season,N,1,Final,F,Washington Nationals,120,8,Atlanta Braves,144,7,Craig Stammen,Kris Medlen,Dan Haren,15,Turner Field,night,2,3,False,,
348583,2013,2013-08-17,2013-08-17T23:10:00Z,R,Regular Season,N,1,Final,F,San Francisco Giants,137,6,Miami Marlins,146,4,Matt Cain,Henderson Alvarez,Sergio Romo,9,Marlins Park,night,2,3,False,,
348578,2013,2013-08-17,2013-08-18T00:05:00Z,R,Regular Season,N,1,Final,F,Seattle Mariners,136,3,Texas Rangers,140,15,Martín Pérez,Félix Hernández,,9,Rangers Ballpark in Arlington,night,2,3,False,,
348577,2013,2013-08-17,2013-08-18T00:40:00Z,R,Regular Season,N,1,Final,F,New York Mets,121,2,San Diego Padres,135,8,Edinson Volquez,David Aardsma,,9,Petco Park,night,3,4,False,,
348572,2013,2013-08-17,2013-08-18T01:05:00Z,R,Regular Season,N,1,Final,F,Cleveland Indians,114,7,Oakland Athletics,133,1,Ubaldo Jiménez,Dan Straily,,9,O.co Coliseum,night,2,3,False,,
348574,2013,2013-08-17,2013-08-18T01:05:00Z,R,Regular Season,N,1,Final,F,Houston Astros,117,5,Los Angeles Angels,108,6,Ernesto Frieri,Josh Fields,,10,Angel Stadium of Anaheim,night,2,3,False,,
348589,2013,2013-08-18,2013-08-18T17:08:00Z,R,Regular Season,N,1,Final,F,Kansas City Royals,118,3,Detroit Tigers,116,6,Max Scherzer,Bruce Chen,,9,Comerica Park,day,5,5,False,,
348596,2013,2013-08-18,2013-08-18T17:10:00Z,R,Regular Season,N,1,Final,F,San Francisco Giants,137,5,Miami Marlins,146,6,Chad Qualls,Sandy Rosario,Steve Cishek,9,Marlins Park,day,3,3,False,,
348584,2013,2013-08-18,2013-08-18T17:35:00Z,R,Regular Season,N,1,Final,F,Arizona Diamondbacks,109,4,Pittsburgh Pirates,134,2,Brad Ziegler,Kris Johnson,J.J. Putz,16,PNC Park,day,3,3,False,,
348587,2013,2013-08-18,2013-08-18T17:35:00Z,R,Regular Season,N,1,Final,F,Colorado Rockies,115,2,Baltimore Orioles,110,7,Scott Feldman,Jhoulys Chacín,,9,Oriole Park at Camden Yards,day,3,3,False,,
348595,2013,2013-08-18,2013-08-18T17:35:00Z,R,Regular Season,N,1,Final,F,Washington Nationals,120,1,Atlanta Braves,144,2,Julio Teheran,Gio Gonzalez,Craig Kimbrel,9,Turner Field,day,3,3,False,,
348597,2013,2013-08-18,2013-08-18T17:35:00Z,R,Regular Season,N,1,Final,F,Los Angeles Dodgers,119,2,Philadelphia Phillies,143,3,Jonathan Papelbon,Brandon League,,9,Citizens Bank Park,day,3,3,False,,
348594,2013,2013-08-18,2013-08-18T17:40:00Z,R,Regular Season,N,1,Final,F,Toronto Blue Jays,141,1,Tampa Bay Rays,139,2,Jake McGee,Brad Lincoln,,10,Tropicana Field,day,3,3,False,,
348585,2013,2013-08-18,2013-08-18T18:10:00Z,R,Regular Season,N,1,Final,F,Chicago White Sox,145,5,Minnesota Twins,142,2,Héctor Santiago,Samuel Deduno,Addison Reed,9,Target Field,day,4,4,False,,
348598,2013,2013-08-18,2013-08-18T18:10:00Z,R,Regular Season,N,1,Final,F,Cincinnati Reds,113,9,Milwaukee Brewers,158,1,Homer Bailey,Wily Peralta,,9,Miller Park,day,4,4,False,,
348593,2013,2013-08-18,2013-08-18T18:20:00Z,R,Regular Season,N,1,Final,F,St. Louis Cardinals,138,6,Chicago Cubs,112,1,Adam Wainwright,Edwin Jackson,,9,Wrigley Field,day,3,3,False,,
348592,2013,2013-08-18,2013-08-18T19:05:00Z,R,Regular Season,N,1,Final,F,Seattle Mariners,136,4,Texas Rangers,140,3,Yoervis Medina,Joe Nathan,Danny Farquhar,9,Rangers Ballpark in Arlington,day,3,3,False,,
348588,2013,2013-08-18,2013-08-18T19:35:00Z,R,Regular Season,N,1,Final,F,Houston Astros,117,7,Los Angeles Angels,108,5,Brett Oberholtzer,Juan Gutierrez,Kevin Chapman,9,Angel Stadium of Anaheim,day,3,3,False,,
348586,2013,2013-08-18,2013-08-18T20:05:00Z,R,Regular Season,N,1,Final,F,Cleveland Indians,114,3,Oakland Athletics,133,7,Dan Otero,Scott Kazmir,,9,O.co Coliseum,day,3,3,False,,
348591,2013,2013-08-18,2013-08-18T20:10:00Z,R,Regular Season,N,1,Final,F,New York Mets,121,3,San Diego Padres,135,4,Huston Street,Pedro Feliciano,,9,Petco Park,day,4,4,False,,
348590,2013,2013-08-18,2013-08-19T00:05:00Z,R,Regular Season,N,1,Final,F,New York Yankees,147,9,Boston Red Sox,111,6,CC Sabathia,Ryan Dempster,Mariano Rivera,9,Fenway Park,night,3,3,False,,
346920,2013,2013-08-19,2013-08-19T18:10:00Z,R,Regular Season,N,1,Final,F,New York Mets,121,6,Minnesota Twins,142,1,Dillon Gee,Kyle Gibson,,9,Target Field,day,1,1,False,,
348605,2013,2013-08-19,2013-08-19T23:05:00Z,R,Regular Season,N,1,Final,F,Tampa Bay Rays,139,4,Baltimore Orioles,110,3,David Price,Chris Tillman,Fernando Rodney,9,Oriole Park at Camden Yards,night,1,3,False,,
348607,2013,2013-08-19,2013-08-19T23:05:00Z,R,Regular Season,N,1,Final,F,Colorado Rockies,115,4,Philadelphia Phillies,143,5,Ethan Martin,Jeff Manship,Jonathan Papelbon,9,Citizens Bank Park,night,1,4,False,,
348599,2013,2013-08-19,2013-08-19T23:10:00Z,R,Regular Season,N,1,Final,F,Arizona Diamondbacks,109,3,Cincinnati Reds,113,5,Bronson Arroyo,Randall Delgado,Aroldis Chapman,9,Great American Ball Park,night,1,4,False,,
348608,2013,2013-08-19,2013-08-19T23:10:00Z,R,Regular Season,N,1,Final,F,Los Angeles Dodgers,119,2,Miami Marlins,146,6,José Fernández,Hyun Jin Ryu,,9,Marlins Park,night,1,4,False,,
348602,2013,2013-08-19,2013-08-20T00:05:00Z,R,Regular Season,N,1,Final,F,Houston Astros,117,5,Texas Rangers,140,16,Matt Garza,Lucas Harrell,,9,Rangers Ballpark in Arlington,night,1,3,False,,
348606,2013,2013-08-19,2013-08-20T00:05:00Z,R,Regular Season,N,1,Final,F,Washington Nationals,120,1,Chicago Cubs,112,11,Jeff Samardzija,Jordan Zimmermann,,9,Wrigley Field,night,1,4,False,,
348609,2013,2013-08-19,2013-08-20T00:10:00Z,R,Regular Season,N,1,Final,F,St. Louis Cardinals,138,8,Milwaukee Brewers,158,5,Michael Wacha,Brandon Kintzler,Edward Mujica,9,Miller Park,night,1,3,False,,
348601,2013,2013-08-19,2013-08-20T02:05:00Z,R,Regular Season,N,1,Final,F,Cleveland Indians,114,5,Los Angeles Angels,108,2,Zach McAllister,Jered Weaver,,9,Angel Stadium of Anaheim,night,1,3,False,,
348604,2013,2013-08-19,2013-08-20T02:05:00Z,R,Regular Season,N,1,Final,F,Seattle Mariners,136,1,Oakland Athletics,133,2,Jarrod Parker,Carter Capps,,9,O.co Coliseum,night,1,3,False,,
348603,2013,2013-08-19,2013-08-20T02:10:00Z,R,Regular Season,N,1,Final,F,Pittsburgh Pirates,134,3,San Diego Padres,135,1,Francisco Liriano,Andrew Cashner,Mark Melancon,9,Petco Park,night,1,3,False,,
348600,2013,2013-08-19,2013-08-20T02:15:00Z,R,Regular Season,N,1,Final,F,Boston Red Sox,111,7,San Francisco Giants,137,0,Jon Lester,Tim Lincecum,,9,AT&T Park,night,1,3,False,,
347396,2013,2013-08-20,2013-08-20T17:05:00Z,R,Regular Season,S,1,Final,F,Toronto Blue Jays,141,4,New York Yankees,147,8,Iván Nova,Neil Wagner,,9,Yankee Stadium,day,1,4,False,,
348619,2013,2013-08-20,2013-08-20T23:05:00Z,R,Regular Season,N,1,Final,F,Tampa Bay Rays,139,7,Baltimore Orioles,110,4,Alex Cobb,Miguel González,Fernando Rodney,9,Oriole Park at Camden Yards,night,2,3,False,,
348620,2013,2013-08-20,2013-08-20T23:05:00Z,R,Regular Season,S,2,Final,F,Toronto Blue Jays,141,2,New York Yankees,147,3,Mariano Rivera,Darren Oliver,,9,Yankee Stadium,night,2,4,False,,
348622,2013,2013-08-20,2013-08-20T23:05:00Z,R,Regular Season,N,1,Final,F,Colorado Rockies,115,5,Philadelphia Phillies,143,3,Jorge De La Rosa,Tyler Cloyd,Rafael Betancourt,9,Citizens Bank Park,night,2,4,False,,
348616,2013,2013-08-20,2013-08-20T23:08:00Z,R,Regular Season,N,1,Final,F,Minnesota Twins,142,6,Detroit Tigers,116,3,Mike Pelfrey,Rick Porcello,Glen Perkins,9,Comerica Park,night,1,3,False,,
348610,2013,2013-08-20,2013-08-20T23:10:00Z,R,Regular Season,N,1,Final,F,Arizona Diamondbacks,109,5,Cincinnati Reds,113,2,Patrick Corbin,Tony Cingrani,,9,Great American Ball Park,night,2,4,False,,
348611,2013,2013-08-20,2013-08-20T23:10:00Z,R,Regular Season,N,1,Final,F,Atlanta Braves,144,3,New York Mets,121,5,Zack Wheeler,Brandon Beachy,LaTroy Hawkins,9,Citi Field,night,1,2,False,,
348623,2013,2013-08-20,2013-08-20T23:10:00Z,R,Regular Season,N,1,Final,F,Los Angeles Dodgers,119,6,Miami Marlins,146,4,Chris Withrow,Dan Jennings,Kenley Jansen,9,Marlins Park,night,2,4,False,,
348615,2013,2013-08-20,2013-08-21T00:05:00Z,R,Regular Season,N,1,Final,F,Houston Astros,117,2,Texas Rangers,140,4,Neal Cotts,Jarred Cosart,Joe Nathan,9,Rangers Ballpark in Arlington,night,2,3,False,,
348621,2013,2013-08-20,2013-08-21T00:05:00Z,R,Regular Season,N,1,Final,F,Washington Nationals,120,4,Chicago Cubs,112,2,Dan Haren,Chris Rusin,Rafael Soriano,9,Wrigley Field,night,2,4,False,,
348613,2013,2013-08-20,2013-08-21T00:10:00Z,R,Regular Season,N,1,Final,F,Chicago White Sox,145,2,Kansas City Royals,118,0,John Danks,Ervin Santana,Addison Reed,9,Kauffman Stadium,night,1,3,False,,
348624,2013,2013-08-20,2013-08-21T00:10:00Z,R,Regular Season,N,1,Final,F,St. Louis Cardinals,138,3,Milwaukee Brewers,158,6,Kyle Lohse,Lance Lynn,Jim Henderson,9,Miller Park,night,2,3,False,,
348614,2013,2013-08-20,2013-08-21T02:05:00Z,R,Regular Season,N,1,Final,F,Cleveland Indians,114,4,Los Angeles Angels,108,1,Carlos Carrasco,Joe Blanton,,14,Angel Stadium of Anaheim,night,2,3,False,,
348618,2013,2013-08-20,2013-08-21T02:05:00Z,R,Regular Season,N,1,Final,F,Seattle Mariners,136,7,Oakland Athletics,133,4,Brandon Maurer,Sean Doolittle,Danny Farquhar,9,O.co Coliseum,night,2,3,False,,
348617,2013,2013-08-20,2013-08-21T02:10:00Z,R,Regular Season,N,1,Final,F,Pittsburgh Pirates,134,8,San Diego Padres,135,1,A.J. Burnett,Tyson Ross,,9,Petco Park,night,2,3,False,,
348612,2013,2013-08-20,2013-08-21T02:15:00Z,R,Regular Season,N,1,Final,F,Boston Red Sox,111,2,San Francisco Giants,137,3,Sergio Romo,Franklin Morales,,9,AT&T Park,night,2,3,False,,
348626,2013,2013-08-21,2013-08-21T17:10:00Z,R,Regular Season,N,1,Final,F,Atlanta Braves,144,4,New York Mets,121,1,Luis Avilán,Scott Atchison,Craig Kimbrel,10,Citi Field,day,2,2,False,,
348637,2013,2013-08-21,2013-08-21T18:10:00Z,R,Regular Season,N,1,Final,F,St. Louis Cardinals,138,8,Milwaukee Brewers,158,6,Kevin Siegrist,Tom Gorzelanny,Edward Mujica,9,Miller Park,day,3,3,False,,
348633,2013,2013-08-21,2013-08-21T19:35:00Z,R,Regular Season,N,1,Final,F,Seattle Mariners,136,5,Oakland Athletics,133,3,Hisashi Iwakuma,A.J. Griffin,Danny Farquhar,9,O.co Coliseum,day,3,3,False,,
348627,2013,2013-08-21,2013-08-21T19:45:00Z,R,Regular Season,N,1,Final,F,Boston Red Sox,111,12,San Francisco Giants,137,1,Félix Doubront,Barry Zito,,9,AT&T Park,day,3,3,False,,
348632,2013,2013-08-21,2013-08-21T22:40:00Z,R,Regular Season,N,1,Final,F,Pittsburgh Pirates,134,1,San Diego Padres,135,2,Ian Kennedy,Gerrit Cole,Huston Street,9,Petco Park,day,3,3,False,,
348629,2013,2013-08-21,2013-08-21T23:05:00Z,R,Regular Season,N,1,Final,F,Cleveland Indians,114,3,Los Angeles Angels,108,1,Justin Masterson,Jerome Williams,Chris Perez,9,Angel Stadium of Anaheim,day,3,3,False,,
348634,2013,2013-08-21,2013-08-21T23:05:00Z,R,Regular Season,N,1,Final,F,Tampa Bay Rays,139,2,Baltimore Orioles,110,4,Wei-Yin Chen,Jeremy Hellickson,Tommy Hunter,9,Oriole Park at Camden Yards,night,3,3,False,,
348635,2013,2013-08-21,2013-08-21T23:05:00Z,R,Regular Season,N,1,Final,F,Toronto Blue Jays,141,2,New York Yankees,147,4,David Huff,R.A. Dickey,Mariano Rivera,9,Yankee Stadium,night,3,4,False,,
348638,2013,2013-08-21,2013-08-21T23:05:00Z,R,Regular Season,N,1,Final,F,Colorado Rockies,115,3,Philadelphia Phillies,143,4,Jake Diekman,Rafael Betancourt,,9,Citizens Bank Park,night,3,4,False,,
348631,2013,2013-08-21,2013-08-21T23:08:00Z,R,Regular Season,N,1,Final,F,Minnesota Twins,142,1,Detroit Tigers,116,7,Drew Smyly,Kevin Correia,Jose Veras,9,Comerica Park,night,2,3,False,,
348625,2013,2013-08-21,2013-08-21T23:10:00Z,R,Regular Season,N,1,Final,F,Arizona Diamondbacks,109,7,Cincinnati Reds,113,10,Mike Leake,Brandon McCarthy,Aroldis Chapman,9,Great American Ball Park,night,3,4,False,,
348639,2013,2013-08-21,2013-08-21T23:10:00Z,R,Regular Season,N,1,Final,F,Los Angeles Dodgers,119,4,Miami Marlins,146,1,Zack Greinke,Nathan Eovaldi,Kenley Jansen,9,Marlins Park,night,3,4,False,,
348630,2013,2013-08-21,2013-08-22T00:05:00Z,R,Regular Season,N,1,Final,F,Houston Astros,117,4,Texas Rangers,140,5,Joe Nathan,Chia-Jen Lo,,9,Rangers Ballpark in Arlington,night,3,3,False,,
348636,2013,2013-08-21,2013-08-22T00:05:00Z,R,Regular Season,N,1,Final,F,Washington Nationals,120,11,Chicago Cubs,112,6,Tanner Roark,James Russell,,9,Wrigley Field,night,3,4,False,,
348628,2013,2013-08-21,2013-08-22T00:10:00Z,R,Regular Season,N,1,Final,F,Chicago White Sox,145,5,Kansas City Royals,118,2,André Rienzo,Jeremy Guthrie,Addison Reed,9,Kauffman Stadium,night,2,3,False,,
348640,2013,2013-08-22,2013-08-22T16:35:00Z,R,Regular Season,N,1,Final,F,Arizona Diamondbacks,109,1,Cincinnati Reds,113,2,Mat Latos,Eury De La Rosa,Sam LeCure,9,Great American Ball Park,day,4,4,False,,
348646,2013,2013-08-22,2013-08-22T16:40:00Z,R,Regular Season,N,1,Final,F,Los Angeles Dodgers,119,6,Miami Marlins,146,0,Clayton Kershaw,Henderson Alvarez,,9,Marlins Park,day,4,4,False,,
348644,2013,2013-08-22,2013-08-22T17:05:00Z,R,Regular Season,N,1,Final,F,Toronto Blue Jays,141,3,New York Yankees,147,5,Andy Pettitte,J.A. Happ,David Robertson,9,Yankee Stadium,day,4,4,False,,
348642,2013,2013-08-22,2013-08-22T17:08:00Z,R,Regular Season,N,1,Final,F,Minnesota Twins,142,7,Detroit Tigers,116,6,Casey Fien,Bruce Rondón,Glen Perkins,9,Comerica Park,day,3,3,False,,
348645,2013,2013-08-22,2013-08-22T18:20:00Z,R,Regular Season,N,1,Final,F,Washington Nationals,120,5,Chicago Cubs,112,4,Craig Stammen,Michael Bowden,Drew Storen,13,Wrigley Field,day,4,4,False,,
348647,2013,2013-08-22,2013-08-22T23:05:00Z,R,Regular Season,N,1,Final,F,Colorado Rockies,115,4,Philadelphia Phillies,143,5,Cesar Jimenez,Rafael Betancourt,,9,Citizens Bank Park,night,4,4,False,,
348641,2013,2013-08-22,2013-08-23T00:10:00Z,R,Regular Season,N,1,Final,F,Chicago White Sox,145,4,Kansas City Royals,118,3,Jake Petricka,Luke Hochevar,Addison Reed,12,Kauffman Stadium,night,3,3,False,,
348648,2013,2013-08-22,2013-08-23T00:15:00Z,R,Regular Season,N,1,Final,F,Atlanta Braves,144,2,St. Louis Cardinals,138,6,Joe Kelly,Paul Maholm,,9,Busch Stadium,night,1,4,False,,
348643,2013,2013-08-22,2013-08-23T02:15:00Z,R,Regular Season,N,1,Final,F,Pittsburgh Pirates,134,10,San Francisco Giants,137,5,Jeanmar Gómez,Guillermo Moscoso,,9,AT&T Park,night,1,4,False,,
348652,2013,2013-08-23,2013-08-23T23:05:00Z,R,Regular Season,N,1,Final,F,Minnesota Twins,142,5,Cleveland Indians,114,1,Samuel Deduno,Ubaldo Jiménez,,9,Progressive Field,night,1,3,False,,
348654,2013,2013-08-23,2013-08-23T23:05:00Z,R,Regular Season,N,1,Final,F,Oakland Athletics,133,7,Baltimore Orioles,110,9,Francisco Rodríguez,Ryan Cook,Jim Johnson,9,Oriole Park at Camden Yards,night,1,3,False,,
348659,2013,2013-08-23,2013-08-23T23:05:00Z,R,Regular Season,N,1,Final,F,Arizona Diamondbacks,109,3,Philadelphia Phillies,143,4,Jonathan Papelbon,Heath Bell,,9,Citizens Bank Park,night,1,3,False,,
348650,2013,2013-08-23,2013-08-23T23:10:00Z,R,Regular Season,N,1,Final,F,Detroit Tigers,116,6,New York Mets,121,1,Doug Fister,Daisuke Matsuzaka,,9,Citi Field,night,1,3,False,,
348651,2013,2013-08-23,2013-08-23T23:10:00Z,R,Regular Season,N,1,Final,F,Milwaukee Brewers,158,6,Cincinnati Reds,113,4,Rob Wooten,Alfredo Simon,Jim Henderson,9,Great American Ball Park,night,1,3,False,,
348653,2013,2013-08-23,2013-08-23T23:10:00Z,R,Regular Season,N,1,Final,F,New York Yankees,147,2,Tampa Bay Rays,139,7,Chris Archer,Hiroki Kuroda,,9,Tropicana Field,night,1,3,False,,
348660,2013,2013-08-23,2013-08-23T23:10:00Z,R,Regular Season,N,1,Final,F,Colorado Rockies,115,3,Miami Marlins,146,2,Jhoulys Chacín,Chad Qualls,Rex Brothers,9,Marlins Park,night,1,3,False,,
348656,2013,2013-08-23,2013-08-24T00:10:00Z,R,Regular Season,N,1,Final,F,Texas Rangers,140,11,Chicago White Sox,145,5,Martín Pérez,Chris Sale,,9,U.S. Cellular Field,night,1,3,False,,
348657,2013,2013-08-23,2013-08-24T00:10:00Z,R,Regular Season,N,1,Final,F,Toronto Blue Jays,141,4,Houston Astros,117,12,Jordan Lyles,Todd Redmond,,9,Minute Maid Park,night,1,3,False,,
348658,2013,2013-08-23,2013-08-24T00:10:00Z,R,Regular Season,N,1,Final,F,Washington Nationals,120,11,Kansas City Royals,118,10,Tanner Roark,Bruce Chen,Rafael Soriano,9,Kauffman Stadium,night,1,3,False,,
348661,2013,2013-08-23,2013-08-24T00:15:00Z,R,Regular Season,N,1,Final,F,Atlanta Braves,144,1,St. Louis Cardinals,138,3,Adam Wainwright,Kris Medlen,,9,Busch Stadium,night,2,4,False,,
348649,2013,2013-08-23,2013-08-24T02:10:00Z,R,Regular Season,N,1,Final,F,Chicago Cubs,112,6,San Diego Padres,135,8,Nick Vincent,James Russell,Huston Street,9,Petco Park,night,1,3,False,,
348662,2013,2013-08-23,2013-08-24T02:10:00Z,R,Regular Season,N,1,Final,F,Los Angeles Angels,108,2,Seattle Mariners,136,0,Garrett Richards,Félix Hernández,Ernesto Frieri,9,Safeco Field,night,1,3,False,,
348663,2013,2013-08-23,2013-08-24T02:10:00Z,R,Regular Season,N,1,Final,F,Boston Red Sox,111,0,Los Angeles Dodgers,119,2,Ricky Nolasco,John Lackey,Kenley Jansen,9,Dodger Stadium,night,1,3,False,,
348655,2013,2013-08-23,2013-08-24T02:15:00Z,R,Regular Season,N,1,Final,F,Pittsburgh Pirates,134,3,San Francisco Giants,137,1,Charlie Morton,Madison Bumgarner,Mark Melancon,9,AT&T Park,night,2,4,False,,
348666,2013,2013-08-24,2013-08-24T20:05:00Z,R,Regular Season,N,1,Final,F,Boston Red Sox,111,4,Los Angeles Dodgers,119,2,Jon Lester,Hyun Jin Ryu,Koji Uehara,9,Dodger Stadium,day,2,3,False,,
348668,2013,2013-08-24,2013-08-24T20:05:00Z,R,Regular Season,N,1,Final,F,Detroit Tigers,116,3,New York Mets,121,0,Max Scherzer,Matt Harvey,Joaquín Benoit,9,Citi Field,day,2,3,False,,
348672,2013,2013-08-24,2013-08-24T20:05:00Z,R,Regular Season,N,1,Final,F,Oakland Athletics,133,2,Baltimore Orioles,110,1,Jarrod Parker,Darren O'Day,Grant Balfour,9,Oriole Park at Camden Yards,day,2,3,False,,
348670,2013,2013-08-24,2013-08-24T23:05:00Z,R,Regular Season,N,1,Final,F,Minnesota Twins,142,2,Cleveland Indians,114,7,Zach McAllister,Liam Hendriks,,9,Progressive Field,night,2,3,False,,
348677,2013,2013-08-24,2013-08-24T23:05:00Z,R,Regular Season,N,1,Final,F,Arizona Diamondbacks,109,12,Philadelphia Phillies,143,7,Trevor Cahill,Casper Wells,,18,Citizens Bank Park,night,2,3,False,,
348669,2013,2013-08-24,2013-08-24T23:10:00Z,R,Regular Season,N,1,Final,F,Milwaukee Brewers,158,3,Cincinnati Reds,113,6,Bronson Arroyo,John Axford,Aroldis Chapman,9,Great American Ball Park,night,2,3,False,,
348671,2013,2013-08-24,2013-08-24T23:10:00Z,R,Regular Season,N,1,Final,F,New York Yankees,147,2,Tampa Bay Rays,139,4,David Price,CC Sabathia,Fernando Rodney,9,Tropicana Field,night,2,3,False,,
348674,2013,2013-08-24,2013-08-24T23:10:00Z,R,Regular Season,N,1,Final,F,Texas Rangers,140,2,Chicago White Sox,145,3,Nate Jones,Tanner Scheppers,,9,U.S. Cellular Field,night,2,3,False,,
348675,2013,2013-08-24,2013-08-24T23:10:00Z,R,Regular Season,N,1,Final,F,Toronto Blue Jays,141,5,Houston Astros,117,8,Brad Peacock,Chien-Ming Wang,Chia-Jen Lo,9,Minute Maid Park,night,2,3,False,,
348676,2013,2013-08-24,2013-08-24T23:10:00Z,R,Regular Season,N,1,Final,F,Washington Nationals,120,7,Kansas City Royals,118,2,Jordan Zimmermann,Wade Davis,,9,Kauffman Stadium,night,2,3,False,,
348678,2013,2013-08-24,2013-08-24T23:10:00Z,R,Regular Season,N,1,Final,F,Colorado Rockies,115,0,Miami Marlins,146,3,José Fernández,Jeff Manship,Steve Cishek,9,Marlins Park,night,2,3,False,,
348665,2013,2013-08-24,2013-08-24T23:15:00Z,R,Regular Season,N,1,Final,F,Atlanta Braves,144,2,St. Louis Cardinals,138,6,Shelby Miller,Julio Teheran,Edward Mujica,9,Busch Stadium,night,3,4,False,,
348667,2013,2013-08-24,2013-08-25T00:40:00Z,R,Regular Season,N,1,Final,F,Chicago Cubs,112,3,San Diego Padres,135,2,Jeff Samardzija,Eric Stults,Kevin Gregg,9,Petco Park,night,2,3,False,,
348673,2013,2013-08-24,2013-08-25T01:05:00Z,R,Regular Season,N,1,Final,F,Pittsburgh Pirates,134,3,San Francisco Giants,137,6,Tim Lincecum,Francisco Liriano,Sergio Romo,9,AT&T Park,night,3,4,False,,
348664,2013,2013-08-24,2013-08-25T01:10:00Z,R,Regular Season,N,1,Final,F,Los Angeles Angels,108,5,Seattle Mariners,136,1,Jason Vargas,Erasmo Ramírez,,9,Safeco Field,night,2,3,False,,
348683,2013,2013-08-25,2013-08-25T17:05:00Z,R,Regular Season,N,1,Final,F,Minnesota Twins,142,1,Cleveland Indians,114,3,Joe Smith,Jared Burton,Chris Perez,9,Progressive Field,day,3,3,False,,
348681,2013,2013-08-25,2013-08-25T17:10:00Z,R,Regular Season,N,1,Final,F,Detroit Tigers,116,11,New York Mets,121,3,Rick Porcello,Dillon Gee,,9,Citi Field,day,3,3,False,,
348682,2013,2013-08-25,2013-08-25T17:10:00Z,R,Regular Season,N,1,Final,F,Milwaukee Brewers,158,3,Cincinnati Reds,113,1,Marco Estrada,Greg Reynolds,Jim Henderson,9,Great American Ball Park,day,3,3,False,,
348690,2013,2013-08-25,2013-08-25T17:10:00Z,R,Regular Season,N,1,Final,F,Colorado Rockies,115,4,Miami Marlins,146,3,Jorge De La Rosa,Jacob Turner,Rex Brothers,9,Marlins Park,day,3,3,False,,
348685,2013,2013-08-25,2013-08-25T17:35:00Z,R,Regular Season,N,1,Final,F,Oakland Athletics,133,3,Baltimore Orioles,110,10,Scott Feldman,Sonny Gray,,9,Oriole Park at Camden Yards,day,3,3,False,,
348691,2013,2013-08-25,2013-08-25T17:35:00Z,R,Regular Season,N,1,Final,F,Arizona Diamondbacks,109,5,Philadelphia Phillies,143,9,Roy Halladay,Patrick Corbin,,9,Citizens Bank Park,day,3,3,False,,
348684,2013,2013-08-25,2013-08-25T17:40:00Z,R,Regular Season,N,1,Final,F,New York Yankees,147,3,Tampa Bay Rays,139,2,Boone Logan,Jamey Wright,Mariano Rivera,11,Tropicana Field,day,3,3,False,,
348687,2013,2013-08-25,2013-08-25T18:10:00Z,R,Regular Season,N,1,Final,F,Texas Rangers,140,2,Chicago White Sox,145,5,John Danks,Matt Garza,Addison Reed,9,U.S. Cellular Field,day,3,3,False,,
348688,2013,2013-08-25,2013-08-25T18:10:00Z,R,Regular Season,N,1,Final,F,Toronto Blue Jays,141,2,Houston Astros,117,1,Mark Buehrle,Chia-Jen Lo,Casey Janssen,9,Minute Maid Park,day,3,3,False,,
348689,2013,2013-08-25,2013-08-25T18:10:00Z,R,Regular Season,N,1,Final,F,Washington Nationals,120,4,Kansas City Royals,118,6,Kelvin Herrera,Craig Stammen,Greg Holland,9,Kauffman Stadium,day,3,3,False,,
348692,2013,2013-08-25,2013-08-25T18:15:00Z,R,Regular Season,N,1,Final,F,Atlanta Braves,144,5,St. Louis Cardinals,138,2,Mike Minor,Lance Lynn,Craig Kimbrel,9,Busch Stadium,day,4,4,False,,
348686,2013,2013-08-25,2013-08-25T20:05:00Z,R,Regular Season,N,1,Final,F,Pittsburgh Pirates,134,0,San Francisco Giants,137,4,Ryan Vogelsong,A.J. Burnett,,9,AT&T Park,day,4,4,False,,
348680,2013,2013-08-25,2013-08-25T20:10:00Z,R,Regular Season,N,1,Final,F,Chicago Cubs,112,2,San Diego Padres,135,3,Dale Thayer,Héctor Rondón,,15,Petco Park,day,3,3,False,,
348693,2013,2013-08-25,2013-08-25T20:10:00Z,R,Regular Season,N,1,Final,F,Los Angeles Angels,108,7,Seattle Mariners,136,1,Jered Weaver,Aaron Harang,,9,Safeco Field,day,3,3,False,,
348679,2013,2013-08-25,2013-08-26T00:05:00Z,R,Regular Season,N,1,Final,F,Boston Red Sox,111,8,Los Angeles Dodgers,119,1,Jake Peavy,Chris Capuano,,9,Dodger Stadium,night,3,3,False,,
347167,2013,2013-08-26,2013-08-26T18:10:00Z,R,Regular Season,N,1,Final,F,Tampa Bay Rays,139,1,Kansas City Royals,118,11,Jeremy Guthrie,Jeremy Hellickson,,9,Kauffman Stadium,day,1,1,False,,
348699,2013,2013-08-26,2013-08-26T23:05:00Z,R,Regular Season,N,1,Final,F,Cincinnati Reds,113,6,St. Louis Cardinals,138,8,Carlos Martinez,Manny Parra,Edward Mujica,9,Busch Stadium,night,1,3,False,,
348741,2013,2013-08-26,2013-08-26T23:07:00Z,R,Regular Season,N,1,Final,F,New York Yankees,147,2,Toronto Blue Jays,141,5,R.A. Dickey,Phil Hughes,Casey Janssen,9,Rogers Centre,night,1,3,False,,
348695,2013,2013-08-26,2013-08-26T23:08:00Z,R,Regular Season,N,1,Final,F,Oakland Athletics,133,8,Detroit Tigers,116,6,A.J. Griffin,Jose Alvarez,Grant Balfour,9,Comerica Park,night,1,4,False,,
348696,2013,2013-08-26,2013-08-26T23:10:00Z,R,Regular Season,N,1,Final,F,Philadelphia Phillies,143,2,New York Mets,121,1,Cliff Lee,Zack Wheeler,Jonathan Papelbon,9,Citi Field,night,1,4,False,,
348694,2013,2013-08-26,2013-08-27T00:10:00Z,R,Regular Season,N,1,Final,F,Houston Astros,117,10,Chicago White Sox,145,8,David Martinez,Addison Reed,Jordan Lyles,9,U.S. Cellular Field,night,1,3,False,,
348698,2013,2013-08-26,2013-08-27T00:40:00Z,R,Regular Season,N,1,Final,F,San Francisco Giants,137,1,Colorado Rockies,115,6,Juan Nicasio,Barry Zito,,9,Coors Field,night,1,3,False,,
348697,2013,2013-08-26,2013-08-27T01:40:00Z,R,Regular Season,N,1,Final,F,San Diego Padres,135,1,Arizona Diamondbacks,109,6,Brandon McCarthy,Tyson Ross,,9,Chase Field,night,1,3,False,,
348700,2013,2013-08-26,2013-08-27T02:10:00Z,R,Regular Season,N,1,Final,F,Chicago Cubs,112,2,Los Angeles Dodgers,119,6,Zack Greinke,Jake Arrieta,,9,Dodger Stadium,night,1,3,False,,
348701,2013,2013-08-26,2013-08-27T02:10:00Z,R,Regular Season,N,1,Final,F,Texas Rangers,140,8,Seattle Mariners,136,3,Travis Blackley,Joe Saunders,,9,Safeco Field,night,1,3,False,,
348707,2013,2013-08-27,2013-08-27T23:05:00Z,R,Regular Season,N,1,Final,F,Miami Marlins,146,1,Washington Nationals,120,2,Ross Ohlendorf,Nathan Eovaldi,Rafael Soriano,9,Nationals Park,night,1,3,False,,
348708,2013,2013-08-27,2013-08-27T23:05:00Z,R,Regular Season,N,1,Final,F,Milwaukee Brewers,158,7,Pittsburgh Pirates,134,6,Rob Wooten,Bryan Morris,Jim Henderson,9,PNC Park,night,1,3,False,,
348713,2013,2013-08-27,2013-08-27T23:07:00Z,R,Regular Season,N,1,Final,F,New York Yankees,147,7,Toronto Blue Jays,141,1,Andy Pettitte,J.A. Happ,,9,Rogers Centre,night,2,3,False,,
348709,2013,2013-08-27,2013-08-27T23:08:00Z,R,Regular Season,N,1,Completed Early,F,Oakland Athletics,133,6,Detroit Tigers,116,3,Tommy Milone,Justin Verlander,,6,Comerica Park,night,2,4,False,,
348702,2013,2013-08-27,2013-08-27T23:10:00Z,R,Regular Season,N,1,Final,F,Los Angeles Angels,108,6,Tampa Bay Rays,139,5,Ernesto Frieri,Fernando Rodney,Dane De La Rosa,9,Tropicana Field,night,1,3,False,,
348703,2013,2013-08-27,2013-08-27T23:10:00Z,R,Regular Season,N,1,Final,F,Baltimore Orioles,110,2,Boston Red Sox,111,13,Félix Doubront,Wei-Yin Chen,,9,Fenway Park,night,1,3,False,,
348704,2013,2013-08-27,2013-08-27T23:10:00Z,R,Regular Season,N,1,Final,F,Cleveland Indians,114,0,Atlanta Braves,144,2,Alex Wood,Danny Salazar,Craig Kimbrel,9,Turner Field,night,1,3,False,,
348710,2013,2013-08-27,2013-08-27T23:10:00Z,R,Regular Season,N,1,Final,F,Philadelphia Phillies,143,0,New York Mets,121,5,Jonathon Niese,Kyle Kendrick,,9,Citi Field,night,2,4,False,,
348705,2013,2013-08-27,2013-08-28T00:10:00Z,R,Regular Season,N,1,Final,F,Houston Astros,117,3,Chicago White Sox,145,4,Donnie Veal,Erik Bedard,Addison Reed,9,U.S. Cellular Field,night,2,3,False,,
348706,2013,2013-08-27,2013-08-28T00:10:00Z,R,Regular Season,N,1,Final,F,Kansas City Royals,118,6,Minnesota Twins,142,1,James Shields,Jared Burton,,9,Target Field,night,1,3,False,,
348714,2013,2013-08-27,2013-08-28T00:15:00Z,R,Regular Season,N,1,Final,F,Cincinnati Reds,113,1,St. Louis Cardinals,138,6,Joe Kelly,Mat Latos,,9,Busch Stadium,night,2,3,False,,
348712,2013,2013-08-27,2013-08-28T00:40:00Z,R,Regular Season,N,1,Final,F,San Francisco Giants,137,5,Colorado Rockies,115,3,Yusmeiro Petit,Chad Bettis,Sergio Romo,9,Coors Field,night,2,3,False,,
348711,2013,2013-08-27,2013-08-28T01:40:00Z,R,Regular Season,N,1,Final,F,San Diego Padres,135,9,Arizona Diamondbacks,109,10,Heath Bell,Dale Thayer,,10,Chase Field,night,2,3,False,,
348715,2013,2013-08-27,2013-08-28T02:10:00Z,R,Regular Season,N,1,Final,F,Chicago Cubs,112,3,Los Angeles Dodgers,119,2,Travis Wood,Clayton Kershaw,Kevin Gregg,9,Dodger Stadium,night,2,3,False,,
348716,2013,2013-08-27,2013-08-28T02:10:00Z,R,Regular Season,N,1,Final,F,Texas Rangers,140,4,Seattle Mariners,136,3,Tanner Scheppers,Danny Farquhar,Joe Nathan,10,Safeco Field,night,2,3,False,,
348731,2013,2013-08-28,2013-08-28T19:10:00Z,R,Regular Season,N,1,Final,F,Chicago Cubs,112,0,Los Angeles Dodgers,119,4,Ricky Nolasco,Edwin Jackson,,9,Dodger Stadium,day,3,3,False,,
348728,2013,2013-08-28,2013-08-28T19:40:00Z,R,Regular Season,N,1,Final,F,Texas Rangers,140,12,Seattle Mariners,136,4,Martín Pérez,Félix Hernández,,9,Safeco Field,day,3,3,False,,
348722,2013,2013-08-28,2013-08-28T23:05:00Z,R,Regular Season,N,1,Final,F,Miami Marlins,146,3,Washington Nationals,120,4,Drew Storen,Mike Dunn,Rafael Soriano,9,Nationals Park,night,2,3,False,,
348723,2013,2013-08-28,2013-08-28T23:05:00Z,R,Regular Season,N,1,Final,F,Milwaukee Brewers,158,1,Pittsburgh Pirates,134,7,Charlie Morton,Tom Gorzelanny,,9,PNC Park,night,2,3,False,,
348729,2013,2013-08-28,2013-08-28T23:07:00Z,R,Regular Season,N,1,Final,F,New York Yankees,147,2,Toronto Blue Jays,141,7,Todd Redmond,Hiroki Kuroda,,9,Rogers Centre,night,3,3,False,,
348724,2013,2013-08-28,2013-08-28T23:08:00Z,R,Regular Season,N,1,Final,F,Oakland Athletics,133,14,Detroit Tigers,116,4,Dan Straily,Doug Fister,Brett Anderson,9,Comerica Park,night,3,4,False,,
348717,2013,2013-08-28,2013-08-28T23:10:00Z,R,Regular Season,N,1,Final,F,Los Angeles Angels,108,1,Tampa Bay Rays,139,4,Chris Archer,Garrett Richards,Fernando Rodney,9,Tropicana Field,night,2,3,False,,
348718,2013,2013-08-28,2013-08-28T23:10:00Z,R,Regular Season,N,1,Final,F,Baltimore Orioles,110,3,Boston Red Sox,111,4,Craig Breslow,Tommy Hunter,Koji Uehara,9,Fenway Park,night,2,3,False,,
348719,2013,2013-08-28,2013-08-28T23:10:00Z,R,Regular Season,N,1,Final,F,Cleveland Indians,114,2,Atlanta Braves,144,3,Craig Kimbrel,Joe Smith,,9,Turner Field,night,2,3,False,,
348725,2013,2013-08-28,2013-08-28T23:10:00Z,R,Regular Season,N,1,Final,F,Philadelphia Phillies,143,6,New York Mets,121,2,Cole Hamels,Daisuke Matsuzaka,,9,Citi Field,night,3,4,False,,
348720,2013,2013-08-28,2013-08-29T00:10:00Z,R,Regular Season,N,1,Final,F,Houston Astros,117,1,Chicago White Sox,145,6,Chris Sale,Lucas Harrell,,9,U.S. Cellular Field,night,3,3,False,,
348721,2013,2013-08-28,2013-08-29T00:10:00Z,R,Regular Season,N,1,Final,F,Kansas City Royals,118,8,Minnesota Twins,142,1,Danny Duffy,Andrew Albers,,9,Target Field,night,2,3,False,,
348730,2013,2013-08-28,2013-08-29T00:15:00Z,R,Regular Season,N,1,Final,F,Cincinnati Reds,113,10,St. Louis Cardinals,138,0,Homer Bailey,Adam Wainwright,,9,Busch Stadium,night,3,3,False,,
348727,2013,2013-08-28,2013-08-29T00:40:00Z,R,Regular Season,N,1,Final,F,San Francisco Giants,137,4,Colorado Rockies,115,5,Jhoulys Chacín,Madison Bumgarner,Rex Brothers,9,Coors Field,night,3,3,False,,
348726,2013,2013-08-28,2013-08-29T01:40:00Z,R,Regular Season,N,1,Final,F,San Diego Padres,135,5,Arizona Diamondbacks,109,1,Robbie Erlin,Wade Miley,,9,Chase Field,night,3,3,False,,
348738,2013,2013-08-29,2013-08-29T17:08:00Z,R,Regular Season,N,1,Final,F,Oakland Athletics,133,6,Detroit Tigers,116,7,Joaquín Benoit,Grant Balfour,,9,Comerica Park,day,4,4,False,,
348732,2013,2013-08-29,2013-08-29T17:10:00Z,R,Regular Season,N,1,Final,F,Los Angeles Angels,108,2,Tampa Bay Rays,139,0,Jason Vargas,Jake Odorizzi,Ernesto Frieri,9,Tropicana Field,day,3,3,False,,
348735,2013,2013-08-29,2013-08-29T17:10:00Z,R,Regular Season,N,1,Final,F,Kansas City Royals,118,3,Minnesota Twins,142,1,Bruce Chen,Samuel Deduno,Greg Holland,9,Target Field,day,3,3,False,,
348739,2013,2013-08-29,2013-08-29T17:10:00Z,R,Regular Season,N,1,Final,F,Philadelphia Phillies,143,3,New York Mets,121,11,Carlos Torres,Ethan Martin,,9,Citi Field,day,4,4,False,,
348736,2013,2013-08-29,2013-08-29T23:05:00Z,R,Regular Season,N,1,Final,F,Miami Marlins,146,0,Washington Nationals,120,9,Gio Gonzalez,Tom Koehler,,9,Nationals Park,night,3,3,False,,
348737,2013,2013-08-29,2013-08-29T23:05:00Z,R,Regular Season,N,1,Final,F,Milwaukee Brewers,158,4,Pittsburgh Pirates,134,0,Yovani Gallardo,Gerrit Cole,,9,PNC Park,night,3,3,False,,
348733,2013,2013-08-29,2013-08-29T23:10:00Z,R,Regular Season,N,1,Final,F,Baltimore Orioles,110,3,Boston Red Sox,111,2,Chris Tillman,Jon Lester,Jim Johnson,9,Fenway Park,night,3,3,False,,
348734,2013,2013-08-29,2013-08-29T23:10:00Z,R,Regular Season,N,1,Final,F,Cleveland Indians,114,1,Atlanta Braves,144,3,Kris Medlen,Ubaldo Jiménez,Craig Kimbrel,9,Turner Field,night,3,3,False,,
348740,2013,2013-08-29,2013-08-30T00:10:00Z,R,Regular Season,N,1,Final,F,Seattle Mariners,136,3,Houston Astros,117,2,Erasmo Ramírez,Jordan Lyles,Danny Farquhar,9,Minute Maid Park,night,1,4,False,,
348749,2013,2013-08-30,2013-08-30T18:20:00Z,R,Regular Season,N,1,Final,F,Philadelphia Phillies,143,6,Chicago Cubs,112,5,B.J. Rosenberg,Kevin Gregg,Jonathan Papelbon,9,Wrigley Field,day,1,3,False,,
348742,2013,2013-08-30,2013-08-30T23:05:00Z,R,Regular Season,N,1,Final,F,Baltimore Orioles,110,5,New York Yankees,147,8,CC Sabathia,Miguel González,Mariano Rivera,9,Yankee Stadium,night,1,3,False,,
348748,2013,2013-08-30,2013-08-30T23:05:00Z,R,Regular Season,N,1,Final,F,New York Mets,121,3,Washington Nationals,120,2,Dillon Gee,Jordan Zimmermann,LaTroy Hawkins,9,Nationals Park,night,1,3,False,,
348752,2013,2013-08-30,2013-08-30T23:05:00Z,R,Regular Season,N,1,Final,F,St. Louis Cardinals,138,0,Pittsburgh Pirates,134,5,Francisco Liriano,Shelby Miller,,9,PNC Park,night,1,3,False,,
348754,2013,2013-08-30,2013-08-30T23:07:00Z,R,Regular Season,N,1,Final,F,Kansas City Royals,118,2,Toronto Blue Jays,141,3,Mark Buehrle,Ervin Santana,Casey Janssen,9,Rogers Centre,night,1,3,False,,
348745,2013,2013-08-30,2013-08-30T23:08:00Z,R,Regular Season,N,1,Completed Early,F,Cleveland Indians,114,2,Detroit Tigers,116,7,Rick Porcello,Zach McAllister,Bruce Rondón,7,Comerica Park,night,1,3,False,,
348743,2013,2013-08-30,2013-08-30T23:10:00Z,R,Regular Season,N,1,Final,F,Chicago White Sox,145,3,Boston Red Sox,111,4,Ryan Dempster,Héctor Santiago,Koji Uehara,9,Fenway Park,night,1,3,False,,
348746,2013,2013-08-30,2013-08-30T23:30:00Z,R,Regular Season,N,1,Final,F,Miami Marlins,146,1,Atlanta Braves,144,2,Julio Teheran,José Fernández,Anthony Varvaro,9,Turner Field,night,1,3,False,,
348747,2013,2013-08-30,2013-08-31T00:05:00Z,R,Regular Season,N,1,Final,F,Minnesota Twins,142,3,Texas Rangers,140,2,Liam Hendriks,Yu Darvish,Glen Perkins,9,Rangers Ballpark in Arlington,night,1,3,False,,
348750,2013,2013-08-30,2013-08-31T00:10:00Z,R,Regular Season,N,1,Final,F,Seattle Mariners,136,7,Houston Astros,117,1,Taijuan Walker,Brad Peacock,,9,Minute Maid Park,night,2,4,False,,
348755,2013,2013-08-30,2013-08-31T00:10:00Z,R,Regular Season,N,1,Final,F,Los Angeles Angels,108,5,Milwaukee Brewers,158,0,Jered Weaver,Wily Peralta,,9,Miller Park,night,1,3,False,,
348744,2013,2013-08-30,2013-08-31T00:40:00Z,R,Regular Season,N,1,Final,F,Cincinnati Reds,113,6,Colorado Rockies,115,9,Jorge De La Rosa,Bronson Arroyo,,9,Coors Field,night,1,3,False,,
348751,2013,2013-08-30,2013-08-31T01:40:00Z,R,Regular Season,N,1,Final,F,San Francisco Giants,137,1,Arizona Diamondbacks,109,0,Tim Lincecum,Randall Delgado,Sergio Romo,9,Chase Field,night,1,3,False,,
348753,2013,2013-08-30,2013-08-31T02:05:00Z,R,Regular Season,N,1,Final,F,Tampa Bay Rays,139,3,Oakland Athletics,133,4,Ryan Cook,David Price,Grant Balfour,9,O.co Coliseum,night,1,3,False,,
348756,2013,2013-08-30,2013-08-31T02:10:00Z,R,Regular Season,N,1,Final,F,San Diego Padres,135,2,Los Angeles Dodgers,119,9,Hyun Jin Ryu,Eric Stults,,9,Dodger Stadium,night,1,3,False,,
348758,2013,2013-08-31,2013-08-31T17:05:00Z,R,Regular Season,N,1,Final,F,Baltimore Orioles,110,0,New York Yankees,147,2,Iván Nova,Scott Feldman,,9,Yankee Stadium,day,2,3,False,,
348771,2013,2013-08-31,2013-08-31T17:07:00Z,R,Regular Season,N,1,Final,F,Kansas City Royals,118,2,Toronto Blue Jays,141,4,R.A. Dickey,Kelvin Herrera,Casey Janssen,9,Rogers Centre,day,2,3,False,,
348765,2013,2013-08-31,2013-08-31T20:05:00Z,R,Regular Season,N,1,Final,F,Philadelphia Phillies,143,3,Chicago Cubs,112,4,Carlos Villanueva,Zach Miner,Kevin Gregg,9,Wrigley Field,day,2,3,False,,
348764,2013,2013-08-31,2013-08-31T23:05:00Z,R,Regular Season,N,1,Final,F,New York Mets,121,11,Washington Nationals,120,3,Zack Wheeler,Dan Haren,,9,Nationals Park,night,2,3,False,,
348769,2013,2013-08-31,2013-08-31T23:05:00Z,R,Regular Season,N,1,Final,F,St. Louis Cardinals,138,1,Pittsburgh Pirates,134,7,A.J. Burnett,Lance Lynn,,9,PNC Park,night,2,3,False,,
348761,2013,2013-08-31,2013-08-31T23:08:00Z,R,Regular Season,N,1,Final,F,Cleveland Indians,114,5,Detroit Tigers,116,10,Aníbal Sánchez,Scott Kazmir,,9,Comerica Park,night,2,3,False,,
348757,2013,2013-08-31,2013-08-31T23:10:00Z,R,Regular Season,N,1,Final,F,Los Angeles Angels,108,6,Milwaukee Brewers,158,5,Dane De La Rosa,Jim Henderson,Ernesto Frieri,9,Miller Park,night,2,3,False,,
348759,2013,2013-08-31,2013-08-31T23:10:00Z,R,Regular Season,N,1,Final,F,Chicago White Sox,145,2,Boston Red Sox,111,7,Jake Peavy,John Danks,,9,Fenway Park,night,2,3,False,,
348762,2013,2013-08-31,2013-08-31T23:10:00Z,R,Regular Season,N,1,Final,F,Miami Marlins,146,4,Atlanta Braves,144,5,Luis Ayala,Ryan Webb,,11,Turner Field,night,2,3,False,,
348767,2013,2013-08-31,2013-08-31T23:10:00Z,R,Regular Season,N,1,Final,F,Seattle Mariners,136,3,Houston Astros,117,1,Joe Saunders,Dallas Keuchel,Danny Farquhar,9,Minute Maid Park,night,3,4,False,,
348763,2013,2013-08-31,2013-09-01T00:05:00Z,R,Regular Season,N,1,Final,F,Minnesota Twins,142,1,Texas Rangers,140,2,Joe Nathan,Caleb Thielbar,,9,Rangers Ballpark in Arlington,night,2,3,False,,
348760,2013,2013-08-31,2013-09-01T00:10:00Z,R,Regular Season,N,1,Final,F,Cincinnati Reds,113,8,Colorado Rockies,115,3,Greg Reynolds,Juan Nicasio,,9,Coors Field,night,2,3,False,,
348768,2013,2013-08-31,2013-09-01T00:10:00Z,R,Regular Season,N,1,Final,F,San Francisco Giants,137,3,Arizona Diamondbacks,109,4,Brad Ziegler,Sandy Rosario,,9,Chase Field,night,2,3,False,,
348770,2013,2013-08-31,2013-09-01T01:05:00Z,R,Regular Season,N,1,Final,F,Tampa Bay Rays,139,1,Oakland Athletics,133,2,Sonny Gray,Alex Cobb,Grant Balfour,9,O.co Coliseum,night,2,3,False,,
348766,2013,2013-08-31,2013-09-01T01:10:00Z,R,Regular Season,N,1,Final,F,San Diego Padres,135,1,Los Angeles Dodgers,119,2,Brian Wilson,Nick Vincent,Kenley Jansen,9,Dodger Stadium,night,2,3,False,,
348772,2013,2013-09-01,2013-09-01T17:05:00Z,R,Regular Season,N,1,Final,F,Baltimore Orioles,110,7,New York Yankees,147,3,Kevin Gausman,Shawn Kelley,,9,Yankee Stadium,day,3,3,False,,
348785,2013,2013-09-01,2013-09-01T17:07:00Z,R,Regular Season,N,1,Final,F,Kansas City Royals,118,5,Toronto Blue Jays,141,0,James Shields,J.A. Happ,,9,Rogers Centre,day,3,3,False,,
348775,2013,2013-09-01,2013-09-01T17:08:00Z,R,Regular Season,N,1,Final,F,Cleveland Indians,114,4,Detroit Tigers,116,0,Joe Smith,Joaquín Benoit,,9,Comerica Park,day,3,3,False,,
348773,2013,2013-09-01,2013-09-01T17:35:00Z,R,Regular Season,N,1,Final,F,Chicago White Sox,145,6,Boston Red Sox,111,7,Brandon Workman,André Rienzo,Koji Uehara,9,Fenway Park,day,3,3,False,,
348783,2013,2013-09-01,2013-09-01T17:35:00Z,R,Regular Season,N,1,Final,F,St. Louis Cardinals,138,7,Pittsburgh Pirates,134,2,Joe Kelly,Kris Johnson,,9,PNC Park,day,3,3,False,,
348781,2013,2013-09-01,2013-09-01T18:10:00Z,R,Regular Season,N,1,Final,F,Seattle Mariners,136,0,Houston Astros,117,2,Brett Oberholtzer,Charlie Furbush,,9,Minute Maid Park,day,4,4,False,,
348786,2013,2013-09-01,2013-09-01T18:10:00Z,R,Regular Season,N,1,Final,F,Los Angeles Angels,108,5,Milwaukee Brewers,158,3,C.J. Wilson,Rob Wooten,Ernesto Frieri,9,Miller Park,day,3,3,False,,
348779,2013,2013-09-01,2013-09-01T18:20:00Z,R,Regular Season,N,1,Final,F,Philadelphia Phillies,143,1,Chicago Cubs,112,7,Jake Arrieta,Kyle Kendrick,,9,Wrigley Field,day,3,3,False,,
348777,2013,2013-09-01,2013-09-01T19:05:00Z,R,Regular Season,N,1,Final,F,Minnesota Twins,142,4,Texas Rangers,140,2,Kevin Correia,Travis Blackley,Glen Perkins,9,Rangers Ballpark in Arlington,day,3,3,False,,
348784,2013,2013-09-01,2013-09-01T20:05:00Z,R,Regular Season,N,1,Final,F,Tampa Bay Rays,139,1,Oakland Athletics,133,5,A.J. Griffin,Alex Torres,,9,O.co Coliseum,day,3,3,False,,
348774,2013,2013-09-01,2013-09-01T20:10:00Z,R,Regular Season,N,1,Final,F,Cincinnati Reds,113,4,Colorado Rockies,115,7,Adam Ottavino,Mike Leake,,9,Coors Field,day,3,3,False,,
348780,2013,2013-09-01,2013-09-01T20:10:00Z,R,Regular Season,N,1,Final,F,San Diego Padres,135,1,Los Angeles Dodgers,119,2,Zack Greinke,Dale Thayer,Kenley Jansen,9,Dodger Stadium,day,3,3,False,,
348782,2013,2013-09-01,2013-09-01T20:10:00Z,R,Regular Season,N,1,Final,F,San Francisco Giants,137,8,Arizona Diamondbacks,109,2,Yusmeiro Petit,Patrick Corbin,,9,Chase Field,day,3,3,False,,
348776,2013,2013-09-01,2013-09-01T21:00:00Z,R,Regular Season,N,1,Final,F,Miami Marlins,146,7,Atlanta Braves,144,0,Nathan Eovaldi,Alex Wood,,9,Turner Field,day,3,3,False,,
348778,2013,2013-09-01,2013-09-02T00:05:00Z,R,Regular Season,N,1,Final,F,New York Mets,121,5,Washington Nationals,120,6,Erik Davis,Gonzalez Germen,Rafael Soriano,9,Nationals Park,night,3,3,False,,
348788,2013,2013-09-02,2013-09-02T17:05:00Z,R,Regular Season,N,1,Final,F,Chicago White Sox,145,1,New York Yankees,147,9,David Huff,Jose Quintana,,9,Yankee Stadium,day,1,3,False,,
348793,2013,2013-09-02,2013-09-02T17:10:00Z,R,Regular Season,N,1,Final,F,New York Mets,121,5,Atlanta Braves,144,13,Paul Maholm,Daisuke Matsuzaka,,9,Turner Field,day,1,3,False,,
348796,2013,2013-09-02,2013-09-02T17:10:00Z,R,Regular Season,N,1,Final,F,St. Louis Cardinals,138,2,Cincinnati Reds,113,7,Mat Latos,Adam Wainwright,,9,Great American Ball Park,day,1,4,False,,
348789,2013,2013-09-02,2013-09-02T17:35:00Z,R,Regular Season,N,1,Final,F,Detroit Tigers,116,3,Boston Red Sox,111,0,Doug Fister,John Lackey,Jose Veras,9,Fenway Park,day,1,3,False,,
348792,2013,2013-09-02,2013-09-02T18:10:00Z,R,Regular Season,N,1,Final,F,Minnesota Twins,142,10,Houston Astros,117,6,Josh Roenicke,Chia-Jen Lo,,9,Minute Maid Park,day,1,3,False,,
348794,2013,2013-09-02,2013-09-02T18:10:00Z,R,Regular Season,N,1,Final,F,Seattle Mariners,136,1,Kansas City Royals,118,3,Will Smith,Félix Hernández,Greg Holland,9,Kauffman Stadium,day,1,4,False,,
348800,2013,2013-09-02,2013-09-02T18:10:00Z,R,Regular Season,N,1,Final,F,Pittsburgh Pirates,134,5,Milwaukee Brewers,158,2,Charlie Morton,Tyler Thornburg,Mark Melancon,9,Miller Park,day,1,3,False,,
348791,2013,2013-09-02,2013-09-02T18:20:00Z,R,Regular Season,N,1,Final,F,Miami Marlins,146,4,Chicago Cubs,112,3,Henderson Alvarez,Travis Wood,Steve Cishek,9,Wrigley Field,day,1,3,False,,
348795,2013,2013-09-02,2013-09-02T19:40:00Z,R,Regular Season,N,1,Final,F,San Francisco Giants,137,1,San Diego Padres,135,4,Ian Kennedy,Barry Zito,Huston Street,9,Petco Park,day,1,3,False,,
348787,2013,2013-09-02,2013-09-02T20:05:00Z,R,Regular Season,N,1,Final,F,Baltimore Orioles,110,7,Cleveland Indians,114,2,Bud Norris,Justin Masterson,,9,Progressive Field,day,1,3,False,,
348798,2013,2013-09-02,2013-09-02T20:05:00Z,R,Regular Season,N,1,Final,F,Texas Rangers,140,2,Oakland Athletics,133,4,Dan Straily,Derek Holland,Grant Balfour,9,O.co Coliseum,day,1,3,False,,
348790,2013,2013-09-02,2013-09-02T20:10:00Z,R,Regular Season,N,1,Final,F,Los Angeles Dodgers,119,10,Colorado Rockies,115,8,Clayton Kershaw,Jeff Manship,Kenley Jansen,9,Coors Field,day,1,3,False,,
348799,2013,2013-09-02,2013-09-02T20:10:00Z,R,Regular Season,N,1,Final,F,Toronto Blue Jays,141,4,Arizona Diamondbacks,109,1,Esmil Rogers,Brandon McCarthy,Casey Janssen,9,Chase Field,day,1,3,False,,
348801,2013,2013-09-02,2013-09-02T23:05:00Z,R,Regular Season,N,1,Final,F,Washington Nationals,120,2,Philadelphia Phillies,143,3,B.J. Rosenberg,Tyler Clippard,Jonathan Papelbon,9,Citizens Bank Park,night,1,3,False,,
348797,2013,2013-09-02,2013-09-03T01:05:00Z,R,Regular Season,N,1,Final,F,Tampa Bay Rays,139,2,Los Angeles Angels,108,11,Garrett Richards,Chris Archer,,9,Angel Stadium of Anaheim,night,1,4,False,,
348802,2013,2013-09-03,2013-09-03T23:05:00Z,R,Regular Season,N,1,Final,F,Baltimore Orioles,110,3,Cleveland Indians,114,4,Ubaldo Jiménez,Chris Tillman,,9,Progressive Field,night,2,3,False,,
348803,2013,2013-09-03,2013-09-03T23:05:00Z,R,Regular Season,N,1,Final,F,Chicago White Sox,145,4,New York Yankees,147,6,Boone Logan,Nate Jones,Mariano Rivera,9,Yankee Stadium,night,2,3,False,,
348815,2013,2013-09-03,2013-09-03T23:05:00Z,R,Regular Season,N,1,Final,F,Washington Nationals,120,9,Philadelphia Phillies,143,6,Gio Gonzalez,Ethan Martin,Rafael Soriano,9,Citizens Bank Park,night,2,3,False,,
348804,2013,2013-09-03,2013-09-03T23:10:00Z,R,Regular Season,N,1,Final,F,Detroit Tigers,116,1,Boston Red Sox,111,2,Jon Lester,Max Scherzer,Koji Uehara,9,Fenway Park,night,2,3,False,,
348808,2013,2013-09-03,2013-09-03T23:10:00Z,R,Regular Season,N,1,Final,F,New York Mets,121,1,Atlanta Braves,144,3,Kris Medlen,Carlos Torres,Craig Kimbrel,9,Turner Field,night,2,3,False,,
348811,2013,2013-09-03,2013-09-03T23:10:00Z,R,Regular Season,N,1,Final,F,St. Louis Cardinals,138,0,Cincinnati Reds,113,1,Homer Bailey,Seth Maness,Aroldis Chapman,9,Great American Ball Park,night,2,4,False,,
348806,2013,2013-09-03,2013-09-04T00:05:00Z,R,Regular Season,N,1,Final,F,Miami Marlins,146,6,Chicago Cubs,112,2,Ryan Webb,Edwin Jackson,,9,Wrigley Field,night,2,3,False,,
348807,2013,2013-09-03,2013-09-04T00:10:00Z,R,Regular Season,N,1,Final,F,Minnesota Twins,142,9,Houston Astros,117,6,Caleb Thielbar,Kevin Chapman,Josh Roenicke,12,Minute Maid Park,night,2,3,False,,
348809,2013,2013-09-03,2013-09-04T00:10:00Z,R,Regular Season,N,1,Final,F,Seattle Mariners,136,3,Kansas City Royals,118,4,Luke Hochevar,Yoervis Medina,Greg Holland,9,Kauffman Stadium,night,2,4,False,,
348816,2013,2013-09-03,2013-09-04T00:10:00Z,R,Regular Season,N,1,Final,F,Pittsburgh Pirates,134,4,Milwaukee Brewers,158,3,Vin Mazzaro,Jim Henderson,Mark Melancon,9,Miller Park,night,2,3,False,,
348805,2013,2013-09-03,2013-09-04T00:40:00Z,R,Regular Season,N,1,Final,F,Los Angeles Dodgers,119,7,Colorado Rockies,115,4,Ricky Nolasco,Jhoulys Chacín,Chris Withrow,9,Coors Field,night,2,3,False,,
348814,2013,2013-09-03,2013-09-04T01:40:00Z,R,Regular Season,N,1,Final,F,Toronto Blue Jays,141,10,Arizona Diamondbacks,109,4,Todd Redmond,Wade Miley,,9,Chase Field,night,2,3,False,,
348812,2013,2013-09-03,2013-09-04T02:05:00Z,R,Regular Season,N,1,Final,F,Tampa Bay Rays,139,7,Los Angeles Angels,108,1,Matt Moore,Jason Vargas,Roberto Hernandez,9,Angel Stadium of Anaheim,night,2,4,False,,
348813,2013,2013-09-03,2013-09-04T02:05:00Z,R,Regular Season,N,1,Final,F,Texas Rangers,140,5,Oakland Athletics,133,1,Martín Pérez,Bartolo Colon,,9,O.co Coliseum,night,2,3,False,,
348810,2013,2013-09-03,2013-09-04T02:10:00Z,R,Regular Season,N,1,Final,F,San Francisco Giants,137,2,San Diego Padres,135,3,Tim Stauffer,Jake Dunning,Huston Street,9,Petco Park,night,2,3,False,,
348823,2013,2013-09-04,2013-09-04T16:10:00Z,R,Regular Season,N,1,Final,F,New York Mets,121,5,Atlanta Braves,144,2,Dillon Gee,Kameron Loe,LaTroy Hawkins,9,Turner Field,day,3,3,False,,
348822,2013,2013-09-04,2013-09-04T18:10:00Z,R,Regular Season,N,1,Final,F,Minnesota Twins,142,5,Houston Astros,117,6,Erik Bedard,Brian Duensing,,9,Minute Maid Park,day,3,3,False,,
348821,2013,2013-09-04,2013-09-04T18:20:00Z,R,Regular Season,N,1,Final,F,Miami Marlins,146,7,Chicago Cubs,112,9,Carlos Villanueva,Ryan Webb,Kevin Gregg,9,Wrigley Field,day,3,3,False,,
348828,2013,2013-09-04,2013-09-04T19:35:00Z,R,Regular Season,N,1,Final,F,Texas Rangers,140,4,Oakland Athletics,133,11,Jarrod Parker,Yu Darvish,Brett Anderson,9,O.co Coliseum,day,3,3,False,,
348829,2013,2013-09-04,2013-09-04T19:40:00Z,R,Regular Season,N,1,Final,F,Toronto Blue Jays,141,3,Arizona Diamondbacks,109,4,Will Harris,Luis Pérez,,10,Chase Field,day,3,3,False,,
348825,2013,2013-09-04,2013-09-04T22:40:00Z,R,Regular Season,N,1,Final,F,San Francisco Giants,137,13,San Diego Padres,135,5,Tim Lincecum,Eric Stults,,9,Petco Park,day,3,3,False,,
348817,2013,2013-09-04,2013-09-04T23:05:00Z,R,Regular Season,N,1,Final,F,Baltimore Orioles,110,4,Cleveland Indians,114,6,Bryan Shaw,Kevin Gausman,Chris Perez,9,Progressive Field,night,3,3,False,,
348818,2013,2013-09-04,2013-09-04T23:05:00Z,R,Regular Season,N,1,Final,F,Chicago White Sox,145,5,New York Yankees,147,6,CC Sabathia,Erik Johnson,Mariano Rivera,9,Yankee Stadium,night,3,3,False,,
348830,2013,2013-09-04,2013-09-04T23:05:00Z,R,Regular Season,N,1,Final,F,Washington Nationals,120,3,Philadelphia Phillies,143,2,Jordan Zimmermann,Jake Diekman,Rafael Soriano,9,Citizens Bank Park,night,3,3,False,,
348819,2013,2013-09-04,2013-09-04T23:10:00Z,R,Regular Season,N,1,Final,F,Detroit Tigers,116,4,Boston Red Sox,111,20,Ryan Dempster,Rick Porcello,,9,Fenway Park,night,3,3,False,,
348826,2013,2013-09-04,2013-09-04T23:10:00Z,R,Regular Season,N,1,Final,F,St. Louis Cardinals,138,5,Cincinnati Reds,113,4,Carlos Martinez,Logan Ondrusek,,16,Great American Ball Park,night,3,4,False,,
348824,2013,2013-09-04,2013-09-05T00:10:00Z,R,Regular Season,N,1,Final,F,Seattle Mariners,136,6,Kansas City Royals,118,4,Lucas Luetge,Aaron Crow,Danny Farquhar,9,Kauffman Stadium,night,3,4,False,,
348831,2013,2013-09-04,2013-09-05T00:10:00Z,R,Regular Season,N,1,Final,F,Pittsburgh Pirates,134,3,Milwaukee Brewers,158,9,Wily Peralta,Francisco Liriano,,9,Miller Park,night,3,3,False,,
348820,2013,2013-09-04,2013-09-05T00:40:00Z,R,Regular Season,N,1,Final,F,Los Angeles Dodgers,119,5,Colorado Rockies,115,7,Jorge De La Rosa,Edinson Volquez,Rex Brothers,9,Coors Field,night,3,3,False,,
348827,2013,2013-09-04,2013-09-05T02:05:00Z,R,Regular Season,N,1,Final,F,Tampa Bay Rays,139,3,Los Angeles Angels,108,1,Jeremy Hellickson,Jered Weaver,Fernando Rodney,9,Angel Stadium of Anaheim,night,3,4,False,,
348836,2013,2013-09-05,2013-09-05T18:10:00Z,R,Regular Season,N,1,Final,F,Seattle Mariners,136,6,Kansas City Royals,118,7,Louis Coleman,Chance Ruffin,,13,Kauffman Stadium,day,4,4,False,,
348833,2013,2013-09-05,2013-09-05T23:05:00Z,R,Regular Season,N,1,Final,F,Boston Red Sox,111,9,New York Yankees,147,8,Craig Breslow,Joba Chamberlain,Koji Uehara,10,Yankee Stadium,night,1,4,False,,
348834,2013,2013-09-05,2013-09-05T23:05:00Z,R,Regular Season,N,1,Final,F,Chicago White Sox,145,1,Baltimore Orioles,110,3,Miguel González,Jose Quintana,Jim Johnson,9,Oriole Park at Camden Yards,night,1,4,False,,
348837,2013,2013-09-05,2013-09-05T23:10:00Z,R,Regular Season,N,1,Final,F,St. Louis Cardinals,138,2,Cincinnati Reds,113,6,Tony Cingrani,Lance Lynn,,9,Great American Ball Park,night,4,4,False,,
348835,2013,2013-09-05,2013-09-06T02:05:00Z,R,Regular Season,N,1,Final,F,Houston Astros,117,3,Oakland Athletics,133,2,Brad Peacock,Sonny Gray,Josh Fields,9,O.co Coliseum,night,1,4,False,,
348838,2013,2013-09-05,2013-09-06T02:05:00Z,R,Regular Season,N,1,Final,F,Tampa Bay Rays,139,2,Los Angeles Angels,108,6,Jerome Williams,David Price,,9,Angel Stadium of Anaheim,night,4,4,False,,
348832,2013,2013-09-05,2013-09-06T02:15:00Z,R,Regular Season,N,1,Final,F,Arizona Diamondbacks,109,4,San Francisco Giants,137,2,Trevor Cahill,Ryan Vogelsong,Brad Ziegler,9,AT&T Park,night,1,4,False,,
348846,2013,2013-09-06,2013-09-06T18:20:00Z,R,Regular Season,N,1,Final,F,Milwaukee Brewers,158,5,Chicago Cubs,112,8,Carlos Villanueva,Kyle Lohse,Kevin Gregg,9,Wrigley Field,day,1,3,False,,
348840,2013,2013-09-06,2013-09-06T23:05:00Z,R,Regular Season,N,1,Final,F,Boston Red Sox,111,12,New York Yankees,147,8,Brandon Workman,Preston Claiborne,,9,Yankee Stadium,night,2,4,False,,
348841,2013,2013-09-06,2013-09-06T23:05:00Z,R,Regular Season,N,1,Final,F,Chicago White Sox,145,0,Baltimore Orioles,110,4,Scott Feldman,John Danks,,9,Oriole Park at Camden Yards,night,2,4,False,,
348847,2013,2013-09-06,2013-09-06T23:05:00Z,R,Regular Season,N,1,Final,F,New York Mets,121,1,Cleveland Indians,114,8,Scott Kazmir,Zack Wheeler,,9,Progressive Field,night,1,3,False,,
348850,2013,2013-09-06,2013-09-06T23:05:00Z,R,Regular Season,N,1,Final,F,Atlanta Braves,144,1,Philadelphia Phillies,143,2,Cliff Lee,Mike Minor,Jonathan Papelbon,9,Citizens Bank Park,night,1,3,False,,
348845,2013,2013-09-06,2013-09-06T23:10:00Z,R,Regular Season,N,1,Final,F,Los Angeles Dodgers,119,2,Cincinnati Reds,113,3,Mike Leake,J.P. Howell,Aroldis Chapman,9,Great American Ball Park,night,1,3,False,,
348851,2013,2013-09-06,2013-09-06T23:10:00Z,R,Regular Season,N,1,Final,F,Washington Nationals,120,0,Miami Marlins,146,7,José Fernández,Dan Haren,,9,Marlins Park,night,1,3,False,,
348843,2013,2013-09-06,2013-09-07T00:10:00Z,R,Regular Season,N,1,Final,F,Detroit Tigers,116,16,Kansas City Royals,118,2,Aníbal Sánchez,James Shields,,9,Kauffman Stadium,night,1,3,False,,
348849,2013,2013-09-06,2013-09-07T00:10:00Z,R,Regular Season,N,1,Final,F,Toronto Blue Jays,141,6,Minnesota Twins,142,5,R.A. Dickey,Mike Pelfrey,Casey Janssen,9,Target Field,night,1,3,False,,
348852,2013,2013-09-06,2013-09-07T00:15:00Z,R,Regular Season,N,1,Final,F,Pittsburgh Pirates,134,8,St. Louis Cardinals,138,12,Joe Kelly,A.J. Burnett,Edward Mujica,9,Busch Stadium,night,1,3,False,,
348844,2013,2013-09-06,2013-09-07T02:05:00Z,R,Regular Season,N,1,Final,F,Houston Astros,117,5,Oakland Athletics,133,7,A.J. Griffin,Dallas Keuchel,Grant Balfour,9,O.co Coliseum,night,2,4,False,,
348848,2013,2013-09-06,2013-09-07T02:05:00Z,R,Regular Season,N,1,Final,F,Texas Rangers,140,5,Los Angeles Angels,108,6,C.J. Wilson,Matt Garza,Ernesto Frieri,9,Angel Stadium of Anaheim,night,1,3,False,,
348842,2013,2013-09-06,2013-09-07T02:10:00Z,R,Regular Season,N,1,Final,F,Colorado Rockies,115,3,San Diego Padres,135,4,Huston Street,Rex Brothers,,9,Petco Park,night,1,3,False,,
348853,2013,2013-09-06,2013-09-07T02:10:00Z,R,Regular Season,N,1,Final,F,Tampa Bay Rays,139,4,Seattle Mariners,136,6,Carter Capps,Joel Peralta,Danny Farquhar,9,Safeco Field,night,1,3,False,,
348839,2013,2013-09-06,2013-09-07T02:15:00Z,R,Regular Season,N,1,Final,F,Arizona Diamondbacks,109,0,San Francisco Giants,137,3,Yusmeiro Petit,Patrick Corbin,,9,AT&T Park,night,2,4,False,,
348855,2013,2013-09-07,2013-09-07T17:05:00Z,R,Regular Season,N,1,Final,F,Boston Red Sox,111,13,New York Yankees,147,9,John Lackey,David Huff,,9,Yankee Stadium,day,3,4,False,,
348856,2013,2013-09-07,2013-09-07T17:05:00Z,R,Regular Season,N,1,Final,F,Chicago White Sox,145,3,Baltimore Orioles,110,4,Tommy Hunter,Addison Reed,,10,Oriole Park at Camden Yards,day,3,4,False,,
348860,2013,2013-09-07,2013-09-07T17:05:00Z,R,Regular Season,N,1,Final,F,Los Angeles Dodgers,119,3,Cincinnati Reds,113,4,J.J. Hoover,Brian Wilson,,10,Great American Ball Park,day,2,3,False,,
348859,2013,2013-09-07,2013-09-07T20:05:00Z,R,Regular Season,N,1,Final,F,Houston Astros,117,1,Oakland Athletics,133,2,Dan Straily,Brett Oberholtzer,Sean Doolittle,9,O.co Coliseum,day,3,4,False,,
348861,2013,2013-09-07,2013-09-07T20:05:00Z,R,Regular Season,N,1,Final,F,Milwaukee Brewers,158,5,Chicago Cubs,112,3,Johnny Hellweg,Jake Arrieta,Jim Henderson,9,Wrigley Field,day,2,3,False,,
348862,2013,2013-09-07,2013-09-07T22:05:00Z,R,Regular Season,N,1,Final,F,New York Mets,121,4,Cleveland Indians,114,9,Corey Kluber,Jonathon Niese,,9,Progressive Field,night,2,3,False,,
348867,2013,2013-09-07,2013-09-07T23:05:00Z,R,Regular Season,N,1,Final,F,Atlanta Braves,144,5,Philadelphia Phillies,143,6,Jonathan Papelbon,Freddy Garcia,,9,Citizens Bank Park,night,2,3,False,,
348858,2013,2013-09-07,2013-09-07T23:10:00Z,R,Regular Season,N,1,Final,F,Detroit Tigers,116,3,Kansas City Royals,118,4,Wade Davis,Justin Verlander,Greg Holland,9,Kauffman Stadium,night,2,3,False,,
348866,2013,2013-09-07,2013-09-07T23:10:00Z,R,Regular Season,N,1,Final,F,Toronto Blue Jays,141,11,Minnesota Twins,142,2,J.A. Happ,Kevin Correia,,9,Target Field,night,2,3,False,,
348868,2013,2013-09-07,2013-09-07T23:10:00Z,R,Regular Season,N,1,Final,F,Washington Nationals,120,9,Miami Marlins,146,2,Tanner Roark,Nathan Eovaldi,,9,Marlins Park,night,2,3,False,,
348863,2013,2013-09-07,2013-09-07T23:15:00Z,R,Regular Season,N,1,Final,F,Pittsburgh Pirates,134,0,St. Louis Cardinals,138,5,Adam Wainwright,Jeff Locke,,9,Busch Stadium,night,2,3,False,,
348857,2013,2013-09-07,2013-09-08T00:40:00Z,R,Regular Season,N,1,Final,F,Colorado Rockies,115,1,San Diego Padres,135,2,Luke Gregerson,Matt Belisle,Huston Street,9,Petco Park,night,2,3,False,,
348854,2013,2013-09-07,2013-09-08T01:05:00Z,R,Regular Season,N,1,Final,F,Arizona Diamondbacks,109,2,San Francisco Giants,137,1,Brandon McCarthy,Matt Cain,Brad Ziegler,9,AT&T Park,night,3,4,False,,
348865,2013,2013-09-07,2013-09-08T01:05:00Z,R,Regular Season,N,1,Final,F,Texas Rangers,140,3,Los Angeles Angels,108,8,Garrett Richards,Derek Holland,,9,Angel Stadium of Anaheim,night,2,3,False,,
348864,2013,2013-09-07,2013-09-08T01:10:00Z,R,Regular Season,N,1,Final,F,Tampa Bay Rays,139,2,Seattle Mariners,136,6,James Paxton,Chris Archer,,9,Safeco Field,night,2,3,False,,
348870,2013,2013-09-08,2013-09-08T17:05:00Z,R,Regular Season,N,1,Final,F,Boston Red Sox,111,3,New York Yankees,147,4,Mariano Rivera,Brandon Workman,,9,Yankee Stadium,day,4,4,False,,
348877,2013,2013-09-08,2013-09-08T17:05:00Z,R,Regular Season,N,1,Final,F,New York Mets,121,2,Cleveland Indians,114,1,Frank Francisco,Chris Perez,LaTroy Hawkins,9,Progressive Field,day,3,3,False,,
348880,2013,2013-09-08,2013-09-08T17:10:00Z,R,Regular Season,N,1,Final,F,Washington Nationals,120,6,Miami Marlins,146,4,Stephen Strasburg,Jacob Turner,Rafael Soriano,9,Marlins Park,day,3,3,False,,
348871,2013,2013-09-08,2013-09-08T17:35:00Z,R,Regular Season,N,1,Final,F,Chicago White Sox,145,4,Baltimore Orioles,110,2,André Rienzo,Bud Norris,Addison Reed,9,Oriole Park at Camden Yards,day,4,4,False,,
348881,2013,2013-09-08,2013-09-08T17:35:00Z,R,Regular Season,N,1,Final,F,Atlanta Braves,144,2,Philadelphia Phillies,143,3,Cole Hamels,David Carpenter,B.J. Rosenberg,9,Citizens Bank Park,day,3,3,False,,
348873,2013,2013-09-08,2013-09-08T18:10:00Z,R,Regular Season,N,1,Final,F,Detroit Tigers,116,2,Kansas City Royals,118,5,Bruce Chen,Doug Fister,Greg Holland,9,Kauffman Stadium,day,3,3,False,,
348879,2013,2013-09-08,2013-09-08T18:10:00Z,R,Regular Season,N,1,Final,F,Toronto Blue Jays,141,2,Minnesota Twins,142,0,Esmil Rogers,Jared Burton,Casey Janssen,9,Target Field,day,3,3,False,,
348882,2013,2013-09-08,2013-09-08T18:15:00Z,R,Regular Season,N,1,Final,F,Pittsburgh Pirates,134,2,St. Louis Cardinals,138,9,Michael Wacha,Charlie Morton,,9,Busch Stadium,day,3,3,False,,
348876,2013,2013-09-08,2013-09-08T18:20:00Z,R,Regular Season,N,1,Final,F,Milwaukee Brewers,158,3,Chicago Cubs,112,1,Yovani Gallardo,Justin Grimm,Jim Henderson,9,Wrigley Field,day,3,3,False,,
348878,2013,2013-09-08,2013-09-08T19:35:00Z,R,Regular Season,N,1,Final,F,Texas Rangers,140,4,Los Angeles Angels,108,3,Alexi Ogando,Michael Kohn,Joe Nathan,9,Angel Stadium of Anaheim,day,3,3,False,,
348869,2013,2013-09-08,2013-09-08T20:05:00Z,R,Regular Season,N,1,Final,F,Arizona Diamondbacks,109,2,San Francisco Giants,137,3,Javier López,Joe Thatcher,,11,AT&T Park,day,4,4,False,,
348874,2013,2013-09-08,2013-09-08T20:05:00Z,R,Regular Season,N,1,Final,F,Houston Astros,117,2,Oakland Athletics,133,7,Bartolo Colon,Lucas Harrell,Brett Anderson,9,O.co Coliseum,day,4,4,False,,
348872,2013,2013-09-08,2013-09-08T20:10:00Z,R,Regular Season,N,1,Final,F,Colorado Rockies,115,2,San Diego Padres,135,5,Nick Vincent,Roy Oswalt,Huston Street,9,Petco Park,day,3,3,False,,
348883,2013,2013-09-08,2013-09-08T20:10:00Z,R,Regular Season,N,1,Final,F,Tampa Bay Rays,139,4,Seattle Mariners,136,1,Jake McGee,Yoervis Medina,Fernando Rodney,9,Safeco Field,day,3,3,False,,
348875,2013,2013-09-08,2013-09-09T00:05:00Z,R,Regular Season,N,1,Final,F,Los Angeles Dodgers,119,2,Cincinnati Reds,113,3,Aroldis Chapman,Ronald Belisario,,9,Great American Ball Park,night,3,3,False,,
348887,2013,2013-09-09,2013-09-09T23:05:00Z,R,Regular Season,N,1,Final,F,Kansas City Royals,118,3,Cleveland Indians,114,4,Ubaldo Jiménez,Ervin Santana,Chris Perez,9,Progressive Field,night,1,3,False,,
348888,2013,2013-09-09,2013-09-09T23:05:00Z,R,Regular Season,N,1,Final,F,New York Yankees,147,2,Baltimore Orioles,110,4,Chris Tillman,CC Sabathia,Jim Johnson,9,Oriole Park at Camden Yards,night,1,4,False,,
346951,2013,2013-09-09,2013-09-09T23:10:00Z,R,Regular Season,N,1,Final,F,Los Angeles Angels,108,3,Minnesota Twins,142,6,Casey Fien,Cory Rasmus,Glen Perkins,9,Target Field,night,1,1,False,,
348884,2013,2013-09-09,2013-09-09T23:10:00Z,R,Regular Season,N,1,Final,F,Chicago Cubs,112,2,Cincinnati Reds,113,0,Travis Wood,Bronson Arroyo,Kevin Gregg,9,Great American Ball Park,night,1,3,False,,
348890,2013,2013-09-09,2013-09-09T23:10:00Z,R,Regular Season,N,1,Final,F,Washington Nationals,120,9,New York Mets,121,0,Gio Gonzalez,Carlos Torres,,9,Citi Field,night,1,4,False,,
348891,2013,2013-09-09,2013-09-09T23:10:00Z,R,Regular Season,N,1,Final,F,Atlanta Braves,144,5,Miami Marlins,146,2,Kris Medlen,Henderson Alvarez,Craig Kimbrel,9,Marlins Park,night,1,4,False,,
348889,2013,2013-09-09,2013-09-10T00:05:00Z,R,Regular Season,N,1,Final,F,Pittsburgh Pirates,134,1,Texas Rangers,140,0,Gerrit Cole,Yu Darvish,Mark Melancon,9,Rangers Ballpark in Arlington,night,1,3,False,,
348886,2013,2013-09-09,2013-09-10T00:10:00Z,R,Regular Season,N,1,Final,F,Detroit Tigers,116,1,Chicago White Sox,145,5,Chris Sale,Max Scherzer,,9,U.S. Cellular Field,night,1,3,False,,
348892,2013,2013-09-09,2013-09-10T02:10:00Z,R,Regular Season,N,1,Final,F,Arizona Diamondbacks,109,1,Los Angeles Dodgers,119,8,Ricky Nolasco,Randall Delgado,,9,Dodger Stadium,night,1,3,False,,
348893,2013,2013-09-09,2013-09-10T02:10:00Z,R,Regular Season,N,1,Final,F,Houston Astros,117,6,Seattle Mariners,136,4,Kevin Chapman,Danny Farquhar,Josh Fields,9,Safeco Field,night,1,3,False,,
348885,2013,2013-09-09,2013-09-10T02:15:00Z,R,Regular Season,N,1,Final,F,Colorado Rockies,115,2,San Francisco Giants,137,3,Santiago Casilla,Adam Ottavino,,10,AT&T Park,night,1,3,False,,
348898,2013,2013-09-10,2013-09-10T23:05:00Z,R,Regular Season,N,1,Final,F,Kansas City Royals,118,6,Cleveland Indians,114,3,Jeremy Guthrie,Zach McAllister,Greg Holland,9,Progressive Field,night,2,3,False,,
348899,2013,2013-09-10,2013-09-10T23:05:00Z,R,Regular Season,N,1,Final,F,New York Yankees,147,7,Baltimore Orioles,110,5,Adam Warren,Kevin Gausman,Mariano Rivera,9,Oriole Park at Camden Yards,night,2,4,False,,
348903,2013,2013-09-10,2013-09-10T23:05:00Z,R,Regular Season,N,1,Final,F,San Diego Padres,135,8,Philadelphia Phillies,143,2,Andrew Cashner,Tyler Cloyd,,9,Citizens Bank Park,night,1,3,False,,
348904,2013,2013-09-10,2013-09-10T23:07:00Z,R,Regular Season,N,1,Final,F,Los Angeles Angels,108,12,Toronto Blue Jays,141,6,Jerome Williams,Mark Buehrle,,9,Rogers Centre,night,1,3,False,,
348894,2013,2013-09-10,2013-09-10T23:10:00Z,R,Regular Season,N,1,Final,F,Boston Red Sox,111,2,Tampa Bay Rays,139,0,Clay Buchholz,David Price,Koji Uehara,9,Tropicana Field,night,1,3,False,,
348895,2013,2013-09-10,2013-09-10T23:10:00Z,R,Regular Season,N,1,Final,F,Chicago Cubs,112,9,Cincinnati Reds,113,1,Edwin Jackson,Tony Cingrani,,9,Great American Ball Park,night,2,3,False,,
348902,2013,2013-09-10,2013-09-10T23:10:00Z,R,Regular Season,N,1,Final,F,Washington Nationals,120,6,New York Mets,121,3,Jordan Zimmermann,Dillon Gee,Rafael Soriano,9,Citi Field,night,2,4,False,,
348905,2013,2013-09-10,2013-09-10T23:10:00Z,R,Regular Season,N,1,Final,F,Atlanta Braves,144,4,Miami Marlins,146,3,Julio Teheran,Tom Koehler,Craig Kimbrel,9,Marlins Park,night,2,4,False,,
348901,2013,2013-09-10,2013-09-11T00:05:00Z,R,Regular Season,N,1,Final,F,Pittsburgh Pirates,134,5,Texas Rangers,140,4,Francisco Liriano,Martín Pérez,Mark Melancon,9,Rangers Ballpark in Arlington,night,2,3,False,,
348897,2013,2013-09-10,2013-09-11T00:10:00Z,R,Regular Season,N,1,Final,F,Detroit Tigers,116,9,Chicago White Sox,145,1,Rick Porcello,Erik Johnson,,9,U.S. Cellular Field,night,2,3,False,,
348900,2013,2013-09-10,2013-09-11T00:10:00Z,R,Regular Season,N,1,Final,F,Oakland Athletics,133,3,Minnesota Twins,142,4,Anthony Swarzak,Ryan Cook,Glen Perkins,9,Target Field,night,1,3,False,,
348906,2013,2013-09-10,2013-09-11T00:15:00Z,R,Regular Season,N,1,Final,F,Milwaukee Brewers,158,2,St. Louis Cardinals,138,4,Shelby Miller,Wily Peralta,,9,Busch Stadium,night,1,3,False,,
348907,2013,2013-09-10,2013-09-11T02:10:00Z,R,Regular Season,N,1,Final,F,Arizona Diamondbacks,109,3,Los Angeles Dodgers,119,5,Chris Withrow,Josh Collmenter,,11,Dodger Stadium,night,2,3,False,,
348908,2013,2013-09-10,2013-09-11T02:10:00Z,R,Regular Season,N,1,Final,F,Houston Astros,117,13,Seattle Mariners,136,2,Jordan Lyles,Joe Saunders,,9,Safeco Field,night,2,3,False,,
348896,2013,2013-09-10,2013-09-11T02:15:00Z,R,Regular Season,N,1,Final,F,Colorado Rockies,115,9,San Francisco Giants,137,8,Wilton Lopez,Sergio Romo,Rex Brothers,9,AT&T Park,night,2,3,False,,
348913,2013,2013-09-11,2013-09-11T16:05:00Z,R,Regular Season,N,1,Final,F,Kansas City Royals,118,6,Cleveland Indians,114,2,James Shields,Scott Kazmir,Greg Holland,9,Progressive Field,day,3,3,False,,
348910,2013,2013-09-11,2013-09-11T16:35:00Z,R,Regular Season,N,1,Final,F,Chicago Cubs,112,0,Cincinnati Reds,113,6,Mike Leake,Jeff Samardzija,,9,Great American Ball Park,day,3,3,False,,
348916,2013,2013-09-11,2013-09-11T18:05:00Z,R,Regular Season,N,1,Final,F,Pittsburgh Pirates,134,7,Texas Rangers,140,5,A.J. Burnett,Matt Garza,Kyle Farnsworth,9,Rangers Ballpark in Arlington,day,3,3,False,,
348911,2013,2013-09-11,2013-09-11T19:45:00Z,R,Regular Season,N,1,Final,F,Colorado Rockies,115,3,San Francisco Giants,137,4,Guillermo Moscoso,Matt Belisle,Santiago Casilla,9,AT&T Park,day,3,3,False,,
348914,2013,2013-09-11,2013-09-11T23:05:00Z,R,Regular Season,N,1,Final,F,New York Yankees,147,5,Baltimore Orioles,110,4,David Robertson,Tommy Hunter,Mariano Rivera,9,Oriole Park at Camden Yards,night,3,4,False,,
348918,2013,2013-09-11,2013-09-11T23:05:00Z,R,Regular Season,N,1,Final,F,San Diego Padres,135,2,Philadelphia Phillies,143,4,Cliff Lee,Nick Vincent,Jonathan Papelbon,9,Citizens Bank Park,night,2,3,False,,
348919,2013,2013-09-11,2013-09-11T23:07:00Z,R,Regular Season,N,1,Final,F,Los Angeles Angels,108,5,Toronto Blue Jays,141,4,C.J. Wilson,Steve Delabar,Ernesto Frieri,9,Rogers Centre,night,2,3,False,,
348909,2013,2013-09-11,2013-09-11T23:10:00Z,R,Regular Season,N,1,Final,F,Boston Red Sox,111,7,Tampa Bay Rays,139,3,Koji Uehara,Joel Peralta,,10,Tropicana Field,night,2,3,False,,
348917,2013,2013-09-11,2013-09-11T23:10:00Z,R,Regular Season,N,1,Final,F,Washington Nationals,120,3,New York Mets,121,0,Dan Haren,Zack Wheeler,Rafael Soriano,9,Citi Field,night,3,4,False,,
348920,2013,2013-09-11,2013-09-11T23:10:00Z,R,Regular Season,N,1,Final,F,Atlanta Braves,144,2,Miami Marlins,146,5,José Fernández,Mike Minor,,9,Marlins Park,night,3,4,False,,
348912,2013,2013-09-11,2013-09-12T00:10:00Z,R,Regular Season,N,1,Final,F,Detroit Tigers,116,1,Chicago White Sox,145,0,Aníbal Sánchez,Matt Lindstrom,Joaquín Benoit,9,U.S. Cellular Field,night,3,3,False,,
348915,2013,2013-09-11,2013-09-12T00:10:00Z,R,Regular Season,N,1,Final,F,Oakland Athletics,133,18,Minnesota Twins,142,3,Sonny Gray,Mike Pelfrey,,9,Target Field,night,2,3,False,,
348921,2013,2013-09-11,2013-09-12T00:15:00Z,R,Regular Season,N,1,Final,F,Milwaukee Brewers,158,1,St. Louis Cardinals,138,5,Trevor Rosenthal,Brandon Kintzler,,9,Busch Stadium,night,2,3,False,,
348922,2013,2013-09-11,2013-09-12T02:10:00Z,R,Regular Season,N,1,Final,F,Arizona Diamondbacks,109,4,Los Angeles Dodgers,119,1,Patrick Corbin,Hyun Jin Ryu,Brad Ziegler,9,Dodger Stadium,night,3,3,False,,
348923,2013,2013-09-11,2013-09-12T02:10:00Z,R,Regular Season,N,1,Final,F,Houston Astros,117,6,Seattle Mariners,136,1,Brad Peacock,Brandon Maurer,Josh Zeid,9,Safeco Field,night,3,3,False,,
348930,2013,2013-09-12,2013-09-12T16:40:00Z,R,Regular Season,N,1,Final,F,Atlanta Braves,144,6,Miami Marlins,146,1,Freddy Garcia,Brian Flynn,,9,Marlins Park,day,4,4,False,,
348928,2013,2013-09-12,2013-09-12T17:10:00Z,R,Regular Season,N,1,Final,F,Oakland Athletics,133,8,Minnesota Twins,142,2,A.J. Griffin,Scott Diamond,,9,Target Field,day,3,3,False,,
348929,2013,2013-09-12,2013-09-12T17:10:00Z,R,Regular Season,N,1,Final,F,Washington Nationals,120,7,New York Mets,121,2,Tanner Roark,Aaron Harang,,9,Citi Field,day,4,4,False,,
348925,2013,2013-09-12,2013-09-12T23:05:00Z,R,Regular Season,N,1,Final,F,Chicago Cubs,112,1,Pittsburgh Pirates,134,3,Jeff Locke,Chris Rusin,Mark Melancon,9,PNC Park,night,1,4,False,,
348927,2013,2013-09-12,2013-09-12T23:05:00Z,R,Regular Season,N,1,Final,F,New York Yankees,147,6,Baltimore Orioles,110,5,Mariano Rivera,Jim Johnson,,9,Oriole Park at Camden Yards,night,4,4,False,,
348931,2013,2013-09-12,2013-09-12T23:05:00Z,R,Regular Season,N,1,Final,F,San Diego Padres,135,5,Philadelphia Phillies,143,10,Justin De Fratus,Tyson Ross,,9,Citizens Bank Park,night,3,3,False,,
348932,2013,2013-09-12,2013-09-12T23:07:00Z,R,Regular Season,N,1,Final,F,Los Angeles Angels,108,4,Toronto Blue Jays,141,3,Garrett Richards,J.A. Happ,Ernesto Frieri,9,Rogers Centre,night,3,3,False,,
348924,2013,2013-09-12,2013-09-12T23:10:00Z,R,Regular Season,N,1,Final,F,Boston Red Sox,111,3,Tampa Bay Rays,139,4,Jake McGee,Rubby De La Rosa,Fernando Rodney,9,Tropicana Field,night,3,3,False,,
348926,2013,2013-09-12,2013-09-13T00:10:00Z,R,Regular Season,N,1,Final,F,Cleveland Indians,114,14,Chicago White Sox,145,3,Corey Kluber,John Danks,,9,U.S. Cellular Field,night,1,4,False,,
348933,2013,2013-09-12,2013-09-13T00:15:00Z,R,Regular Season,N,1,Final,F,Milwaukee Brewers,158,5,St. Louis Cardinals,138,3,Tyler Thornburg,Joe Kelly,Jim Henderson,9,Busch Stadium,night,3,3,False,,
348934,2013,2013-09-12,2013-09-13T02:10:00Z,R,Regular Season,N,1,Final,F,San Francisco Giants,137,2,Los Angeles Dodgers,119,3,Brian Wilson,Jeremy Affeldt,,10,Dodger Stadium,night,1,4,False,,
348937,2013,2013-09-13,2013-09-13T18:10:00Z,R,Regular Season,N,1,Final,F,Cleveland Indians,114,3,Chicago White Sox,145,1,Bryan Shaw,Héctor Santiago,Chris Perez,9,U.S. Cellular Field,day,2,4,False,,
348936,2013,2013-09-13,2013-09-13T23:05:00Z,R,Regular Season,N,1,Final,F,Chicago Cubs,112,5,Pittsburgh Pirates,134,4,Carlos Villanueva,Jason Grilli,Kevin Gregg,9,PNC Park,night,2,4,False,,
348943,2013,2013-09-13,2013-09-13T23:05:00Z,R,Regular Season,N,1,Final,F,Philadelphia Phillies,143,1,Washington Nationals,120,6,Ross Ohlendorf,Kyle Kendrick,,9,Nationals Park,night,1,3,False,,
348946,2013,2013-09-13,2013-09-13T23:07:00Z,R,Regular Season,N,1,Final,F,Baltimore Orioles,110,5,Toronto Blue Jays,141,3,Tommy Hunter,Steve Delabar,Jim Johnson,9,Rogers Centre,night,1,3,False,,
348939,2013,2013-09-13,2013-09-13T23:08:00Z,R,Regular Season,N,1,Final,F,Kansas City Royals,118,3,Detroit Tigers,116,6,Justin Verlander,Bruce Chen,Joaquín Benoit,9,Comerica Park,night,1,3,False,,
348940,2013,2013-09-13,2013-09-13T23:10:00Z,R,Regular Season,N,1,Final,F,Miami Marlins,146,3,New York Mets,121,4,Jonathon Niese,Brad Hand,LaTroy Hawkins,9,Citi Field,night,1,4,False,,
348941,2013,2013-09-13,2013-09-13T23:10:00Z,R,Regular Season,N,1,Final,F,New York Yankees,147,4,Boston Red Sox,111,8,Brandon Workman,Hiroki Kuroda,,9,Fenway Park,night,1,3,False,,
348944,2013,2013-09-13,2013-09-13T23:30:00Z,R,Regular Season,N,1,Final,F,San Diego Padres,135,4,Atlanta Braves,144,3,Nick Vincent,Jordan Walden,Huston Street,9,Turner Field,night,1,3,False,,
348942,2013,2013-09-13,2013-09-14T00:05:00Z,R,Regular Season,N,1,Final,F,Oakland Athletics,133,9,Texas Rangers,140,8,Dan Straily,Derek Holland,Sean Doolittle,9,Rangers Ballpark in Arlington,night,1,3,False,,
348935,2013,2013-09-13,2013-09-14T00:10:00Z,R,Regular Season,N,1,Final,F,Los Angeles Angels,108,7,Houston Astros,117,9,Dallas Keuchel,Jason Vargas,Josh Fields,9,Minute Maid Park,night,1,3,False,,
348945,2013,2013-09-13,2013-09-14T00:10:00Z,R,Regular Season,N,1,Final,F,Tampa Bay Rays,139,3,Minnesota Twins,142,0,Chris Archer,Kevin Correia,Fernando Rodney,9,Target Field,night,1,3,False,,
348947,2013,2013-09-13,2013-09-14T00:10:00Z,R,Regular Season,N,1,Final,F,Cincinnati Reds,113,1,Milwaukee Brewers,158,5,Kyle Lohse,Mat Latos,,9,Miller Park,night,1,3,False,,
348948,2013,2013-09-13,2013-09-14T00:15:00Z,R,Regular Season,N,1,Final,F,Seattle Mariners,136,1,St. Louis Cardinals,138,2,Kevin Siegrist,Chance Ruffin,,10,Busch Stadium,night,1,3,False,,
348938,2013,2013-09-13,2013-09-14T01:40:00Z,R,Regular Season,N,1,Final,F,Colorado Rockies,115,7,Arizona Diamondbacks,109,5,Josh Outman,Will Harris,Rex Brothers,9,Chase Field,night,1,3,False,,
348949,2013,2013-09-13,2013-09-14T02:10:00Z,R,Regular Season,N,1,Final,F,San Francisco Giants,137,4,Los Angeles Dodgers,119,2,Madison Bumgarner,Clayton Kershaw,Sergio Romo,9,Dodger Stadium,night,2,4,False,,
348952,2013,2013-09-14,2013-09-14T17:05:00Z,R,Regular Season,N,1,Final,F,Cincinnati Reds,113,7,Milwaukee Brewers,158,3,Homer Bailey,Johnny Hellweg,Aroldis Chapman,9,Miller Park,day,2,3,False,,
348957,2013,2013-09-14,2013-09-14T17:05:00Z,R,Regular Season,N,1,Final,F,New York Yankees,147,1,Boston Red Sox,111,5,Jon Lester,CC Sabathia,,9,Fenway Park,day,2,3,False,,
348958,2013,2013-09-14,2013-09-14T17:05:00Z,R,Regular Season,N,1,Final,F,Oakland Athletics,133,1,Texas Rangers,140,0,Bartolo Colon,Yu Darvish,Grant Balfour,9,Rangers Ballpark in Arlington,day,2,3,False,,
348964,2013,2013-09-14,2013-09-14T20:07:00Z,R,Regular Season,N,1,Final,F,Baltimore Orioles,110,3,Toronto Blue Jays,141,4,Jeremy Jeffress,Chris Tillman,Casey Janssen,9,Rogers Centre,day,2,3,False,,
348956,2013,2013-09-14,2013-09-14T20:10:00Z,R,Regular Season,Y,1,Final,F,Miami Marlins,146,3,New York Mets,121,0,Henderson Alvarez,Carlos Torres,Steve Cishek,9,Citi Field,night,2,4,False,,
347653,2013,2013-09-14,2013-09-14T20:15:00Z,R,Regular Season,Y,2,Final,F,Miami Marlins,146,1,New York Mets,121,3,Daisuke Matsuzaka,Jacob Turner,LaTroy Hawkins,9,Citi Field,night,3,4,False,,
348951,2013,2013-09-14,2013-09-14T23:05:00Z,R,Regular Season,N,1,Final,F,Chicago Cubs,112,1,Pittsburgh Pirates,134,2,Gerrit Cole,James Russell,Mark Melancon,9,PNC Park,night,3,4,False,,
348959,2013,2013-09-14,2013-09-14T23:05:00Z,R,Regular Season,N,1,Final,F,Philadelphia Phillies,143,5,Washington Nationals,120,4,Cole Hamels,Gio Gonzalez,Jonathan Papelbon,9,Nationals Park,night,2,3,False,,
348955,2013,2013-09-14,2013-09-14T23:08:00Z,R,Regular Season,N,1,Final,F,Kansas City Royals,118,1,Detroit Tigers,116,0,Ervin Santana,Doug Fister,Greg Holland,9,Comerica Park,night,2,3,False,,
348950,2013,2013-09-14,2013-09-14T23:10:00Z,R,Regular Season,N,1,Final,F,Los Angeles Angels,108,6,Houston Astros,117,2,Jered Weaver,Brett Oberholtzer,,9,Minute Maid Park,night,2,3,False,,
348953,2013,2013-09-14,2013-09-14T23:10:00Z,R,Regular Season,N,1,Final,F,Cleveland Indians,114,8,Chicago White Sox,145,1,Ubaldo Jiménez,André Rienzo,,9,U.S. Cellular Field,night,3,4,False,,
348960,2013,2013-09-14,2013-09-14T23:10:00Z,R,Regular Season,N,1,Final,F,San Diego Padres,135,1,Atlanta Braves,144,2,Kris Medlen,Robbie Erlin,Craig Kimbrel,9,Turner Field,night,2,3,False,,
348963,2013,2013-09-14,2013-09-14T23:10:00Z,R,Regular Season,N,1,Final,F,Tampa Bay Rays,139,7,Minnesota Twins,142,0,Brandon Gomes,Andrew Albers,,9,Target Field,night,2,3,False,,
348961,2013,2013-09-14,2013-09-14T23:15:00Z,R,Regular Season,N,1,Final,F,Seattle Mariners,136,4,St. Louis Cardinals,138,1,James Paxton,Michael Wacha,Danny Farquhar,9,Busch Stadium,night,2,3,False,,
348954,2013,2013-09-14,2013-09-15T00:10:00Z,R,Regular Season,N,1,Final,F,Colorado Rockies,115,2,Arizona Diamondbacks,109,9,Wade Miley,Roy Oswalt,,9,Chase Field,night,2,3,False,,
348962,2013,2013-09-14,2013-09-15T01:10:00Z,R,Regular Season,N,1,Final,F,San Francisco Giants,137,19,Los Angeles Dodgers,119,3,Tim Lincecum,Ricky Nolasco,,9,Dodger Stadium,night,3,4,False,,
348977,2013,2013-09-15,2013-09-15T17:07:00Z,R,Regular Season,N,1,Final,F,Baltimore Orioles,110,3,Toronto Blue Jays,141,1,Miguel González,Mark Buehrle,Jim Johnson,9,Rogers Centre,day,3,3,False,,
348969,2013,2013-09-15,2013-09-15T17:08:00Z,R,Regular Season,N,1,Final,F,Kansas City Royals,118,2,Detroit Tigers,116,3,Drew Smyly,Jeremy Guthrie,Joaquín Benoit,9,Comerica Park,day,3,3,False,,
348970,2013,2013-09-15,2013-09-15T17:10:00Z,R,Regular Season,N,1,Final,F,Miami Marlins,146,0,New York Mets,121,1,Vic Black,Zach Phillips,,12,Citi Field,day,4,4,False,,
348966,2013,2013-09-15,2013-09-15T17:35:00Z,R,Regular Season,N,1,Final,F,Chicago Cubs,112,2,Pittsburgh Pirates,134,3,Kyle Farnsworth,Pedro Strop,Mark Melancon,9,PNC Park,day,4,4,False,,
348973,2013,2013-09-15,2013-09-15T17:35:00Z,R,Regular Season,N,1,Final,F,Philadelphia Phillies,143,2,Washington Nationals,120,11,Jordan Zimmermann,Tyler Cloyd,,9,Nationals Park,day,3,3,False,,
348974,2013,2013-09-15,2013-09-15T17:35:00Z,R,Regular Season,N,1,Final,F,San Diego Padres,135,4,Atlanta Braves,144,0,Burch Smith,Julio Teheran,,9,Turner Field,day,3,3,False,,
348965,2013,2013-09-15,2013-09-15T18:10:00Z,R,Regular Season,N,1,Final,F,Los Angeles Angels,108,2,Houston Astros,117,1,Jerome Williams,Paul Clemens,Ernesto Frieri,9,Minute Maid Park,day,3,3,False,,
348967,2013,2013-09-15,2013-09-15T18:10:00Z,R,Regular Season,N,1,Final,F,Cleveland Indians,114,7,Chicago White Sox,145,1,Zach McAllister,Chris Sale,,9,U.S. Cellular Field,day,4,4,False,,
348976,2013,2013-09-15,2013-09-15T18:10:00Z,R,Regular Season,N,1,Final,F,Tampa Bay Rays,139,4,Minnesota Twins,142,6,Casey Fien,Joel Peralta,Glen Perkins,9,Target Field,day,3,3,False,,
348978,2013,2013-09-15,2013-09-15T18:10:00Z,R,Regular Season,N,1,Final,F,Cincinnati Reds,113,5,Milwaukee Brewers,158,6,Jim Henderson,Zach Duke,,9,Miller Park,day,3,3,False,,
348979,2013,2013-09-15,2013-09-15T18:15:00Z,R,Regular Season,N,1,Final,F,Seattle Mariners,136,2,St. Louis Cardinals,138,12,Shelby Miller,Erasmo Ramírez,,9,Busch Stadium,day,3,3,False,,
348972,2013,2013-09-15,2013-09-15T19:05:00Z,R,Regular Season,N,1,Final,F,Oakland Athletics,133,5,Texas Rangers,140,1,Tommy Milone,Martín Pérez,,9,Rangers Ballpark in Arlington,day,3,3,False,,
348968,2013,2013-09-15,2013-09-15T20:10:00Z,R,Regular Season,N,1,Final,F,Colorado Rockies,115,2,Arizona Diamondbacks,109,8,Randall Delgado,Jhoulys Chacín,,9,Chase Field,day,3,3,False,,
348975,2013,2013-09-15,2013-09-15T20:10:00Z,R,Regular Season,N,1,Final,F,San Francisco Giants,137,4,Los Angeles Dodgers,119,3,Jean Machi,Paco Rodríguez,Sergio Romo,9,Dodger Stadium,day,4,4,False,,
348971,2013,2013-09-15,2013-09-16T00:05:00Z,R,Regular Season,N,1,Final,F,New York Yankees,147,2,Boston Red Sox,111,9,Clay Buchholz,Iván Nova,,9,Fenway Park,night,3,3,False,,
348986,2013,2013-09-16,2013-09-16T23:05:00Z,R,Regular Season,N,1,Final,F,San Diego Padres,135,2,Pittsburgh Pirates,134,0,Andrew Cashner,A.J. Burnett,,9,PNC Park,night,1,4,False,,
348990,2013,2013-09-16,2013-09-16T23:05:00Z,R,Regular Season,N,1,Final,F,Miami Marlins,146,2,Philadelphia Phillies,143,12,Cliff Lee,Sam Dyson,,9,Citizens Bank Park,night,1,3,False,,
348987,2013,2013-09-16,2013-09-16T23:08:00Z,R,Regular Season,N,1,Final,F,Seattle Mariners,136,2,Detroit Tigers,116,4,Rick Porcello,Joe Saunders,Joaquín Benoit,9,Comerica Park,night,1,4,False,,
348989,2013,2013-09-16,2013-09-16T23:10:00Z,R,Regular Season,N,1,Final,F,Texas Rangers,140,2,Tampa Bay Rays,139,6,Alex Cobb,Matt Garza,,9,Tropicana Field,night,1,4,False,,
348982,2013,2013-09-16,2013-09-17T00:10:00Z,R,Regular Season,N,1,Final,F,Cincinnati Reds,113,6,Houston Astros,117,1,Johnny Cueto,Erik Bedard,,9,Minute Maid Park,night,1,3,False,,
348983,2013,2013-09-16,2013-09-17T00:10:00Z,R,Regular Season,N,1,Final,F,Cleveland Indians,114,1,Kansas City Royals,118,7,James Shields,Scott Kazmir,,9,Kauffman Stadium,night,1,3,False,,
348985,2013,2013-09-16,2013-09-17T00:10:00Z,R,Regular Season,N,1,Final,F,Minnesota Twins,142,1,Chicago White Sox,145,12,Erik Johnson,Liam Hendriks,,9,U.S. Cellular Field,night,1,3,False,,
348991,2013,2013-09-16,2013-09-17T00:10:00Z,R,Regular Season,N,1,Final,F,Chicago Cubs,112,1,Milwaukee Brewers,158,6,Wily Peralta,Edwin Jackson,,9,Miller Park,night,1,4,False,,
348988,2013,2013-09-16,2013-09-17T00:40:00Z,R,Regular Season,N,1,Final,F,St. Louis Cardinals,138,2,Colorado Rockies,115,6,Chad Bettis,Trevor Rosenthal,,9,Coors Field,night,1,4,False,,
348984,2013,2013-09-16,2013-09-17T01:40:00Z,R,Regular Season,N,1,Final,F,Los Angeles Dodgers,119,1,Arizona Diamondbacks,109,2,Trevor Cahill,Hyun Jin Ryu,Brad Ziegler,9,Chase Field,night,1,4,False,,
348980,2013,2013-09-16,2013-09-17T02:05:00Z,R,Regular Season,N,1,Final,F,Los Angeles Angels,108,12,Oakland Athletics,133,1,C.J. Wilson,Jarrod Parker,,9,O.co Coliseum,night,1,3,False,,
348981,2013,2013-09-17,2013-09-17T17:05:00Z,R,Regular Season,S,1,Final,F,Atlanta Braves,144,5,Washington Nationals,120,6,Ian Krol,Craig Kimbrel,,9,Nationals Park,day,1,3,False,,
348993,2013,2013-09-17,2013-09-17T23:05:00Z,R,Regular Season,S,2,Final,F,Atlanta Braves,144,0,Washington Nationals,120,4,Tanner Roark,Freddy Garcia,,9,Nationals Park,night,2,3,False,,
348999,2013,2013-09-17,2013-09-17T23:05:00Z,R,Regular Season,N,1,Final,F,San Diego Padres,135,5,Pittsburgh Pirates,134,2,Eric Stults,Jeff Locke,Luke Gregerson,9,PNC Park,night,2,4,False,,
349004,2013,2013-09-17,2013-09-17T23:05:00Z,R,Regular Season,N,1,Final,F,Miami Marlins,146,4,Philadelphia Phillies,143,6,Roy Halladay,Brian Flynn,Jonathan Papelbon,9,Citizens Bank Park,night,2,3,False,,
349005,2013,2013-09-17,2013-09-17T23:07:00Z,R,Regular Season,N,1,Final,F,New York Yankees,147,0,Toronto Blue Jays,141,2,R.A. Dickey,Andy Pettitte,Casey Janssen,9,Rogers Centre,night,1,3,False,,
349000,2013,2013-09-17,2013-09-17T23:08:00Z,R,Regular Season,N,1,Final,F,Seattle Mariners,136,2,Detroit Tigers,116,6,Al Alburquerque,Yoervis Medina,,9,Comerica Park,night,2,4,False,,
348994,2013,2013-09-17,2013-09-17T23:10:00Z,R,Regular Season,N,1,Final,F,Baltimore Orioles,110,3,Boston Red Sox,111,2,Tommy Hunter,Koji Uehara,Jim Johnson,9,Fenway Park,night,1,3,False,,
349001,2013,2013-09-17,2013-09-17T23:10:00Z,R,Regular Season,N,1,Final,F,San Francisco Giants,137,8,New York Mets,121,5,Yusmeiro Petit,Sean Henn,,9,Citi Field,night,1,3,False,,
349003,2013,2013-09-17,2013-09-17T23:10:00Z,R,Regular Season,N,1,Final,F,Texas Rangers,140,7,Tampa Bay Rays,139,1,Alexi Ogando,Jeremy Hellickson,,9,Tropicana Field,night,2,4,False,,
348995,2013,2013-09-17,2013-09-18T00:10:00Z,R,Regular Season,N,1,Final,F,Cincinnati Reds,113,10,Houston Astros,117,0,Mike Leake,Jordan Lyles,,9,Minute Maid Park,night,2,3,False,,
348996,2013,2013-09-17,2013-09-18T00:10:00Z,R,Regular Season,N,1,Final,F,Cleveland Indians,114,5,Kansas City Royals,118,3,Cody Allen,Wade Davis,Chris Perez,9,Kauffman Stadium,night,2,3,False,,
348998,2013,2013-09-17,2013-09-18T00:10:00Z,R,Regular Season,N,1,Final,F,Minnesota Twins,142,3,Chicago White Sox,145,4,Jose Quintana,Mike Pelfrey,Addison Reed,9,U.S. Cellular Field,night,2,3,False,,
349006,2013,2013-09-17,2013-09-18T00:10:00Z,R,Regular Season,N,1,Final,F,Chicago Cubs,112,3,Milwaukee Brewers,158,4,Jim Henderson,Justin Grimm,,9,Miller Park,night,2,4,False,,
349002,2013,2013-09-17,2013-09-18T00:40:00Z,R,Regular Season,N,1,Final,F,St. Louis Cardinals,138,11,Colorado Rockies,115,4,Joe Kelly,Juan Nicasio,,9,Coors Field,night,2,4,False,,
348997,2013,2013-09-17,2013-09-18T01:40:00Z,R,Regular Season,N,1,Final,F,Los Angeles Dodgers,119,9,Arizona Diamondbacks,109,3,Zack Greinke,Patrick Corbin,,9,Chase Field,night,2,4,False,,
348992,2013,2013-09-17,2013-09-18T02:05:00Z,R,Regular Season,N,1,Final,F,Los Angeles Angels,108,1,Oakland Athletics,133,2,Grant Balfour,Michael Kohn,,9,O.co Coliseum,night,2,3,False,,
349013,2013,2013-09-18,2013-09-18T18:10:00Z,R,Regular Season,N,1,Final,F,Minnesota Twins,142,4,Chicago White Sox,145,3,Scott Diamond,John Danks,Glen Perkins,9,U.S. Cellular Field,day,3,3,False,,
349007,2013,2013-09-18,2013-09-18T19:35:00Z,R,Regular Season,N,1,Final,F,Los Angeles Angels,108,5,Oakland Athletics,133,4,Juan Gutierrez,Jesse Chavez,Ernesto Frieri,11,O.co Coliseum,day,3,3,False,,
349008,2013,2013-09-18,2013-09-18T23:05:00Z,R,Regular Season,N,1,Final,F,Atlanta Braves,144,5,Washington Nationals,120,2,Kameron Loe,Ross Ohlendorf,Craig Kimbrel,9,Nationals Park,night,3,3,False,,
349014,2013,2013-09-18,2013-09-18T23:05:00Z,R,Regular Season,N,1,Final,F,San Diego Padres,135,3,Pittsburgh Pirates,134,2,Dale Thayer,Mark Melancon,Huston Street,9,PNC Park,night,3,4,False,,
349019,2013,2013-09-18,2013-09-18T23:05:00Z,R,Regular Season,N,1,Final,F,Miami Marlins,146,4,Philadelphia Phillies,143,3,Brad Hand,Cesar Jimenez,Steve Cishek,10,Citizens Bank Park,night,3,3,False,,
349020,2013,2013-09-18,2013-09-18T23:07:00Z,R,Regular Season,N,1,Final,F,New York Yankees,147,4,Toronto Blue Jays,141,3,David Huff,Steve Delabar,Mariano Rivera,9,Rogers Centre,night,2,3,False,,
349015,2013,2013-09-18,2013-09-18T23:08:00Z,R,Regular Season,N,1,Final,F,Seattle Mariners,136,8,Detroit Tigers,116,0,Hisashi Iwakuma,Justin Verlander,,9,Comerica Park,night,3,4,False,,
349009,2013,2013-09-18,2013-09-18T23:10:00Z,R,Regular Season,N,1,Final,F,Baltimore Orioles,110,5,Boston Red Sox,111,3,T.J. McFarland,Franklin Morales,Jim Johnson,12,Fenway Park,night,2,3,False,,
349016,2013,2013-09-18,2013-09-18T23:10:00Z,R,Regular Season,N,1,Final,F,San Francisco Giants,137,4,New York Mets,121,5,Vic Black,Sergio Romo,,9,Citi Field,night,2,3,False,,
349018,2013,2013-09-18,2013-09-18T23:10:00Z,R,Regular Season,N,1,Final,F,Texas Rangers,140,3,Tampa Bay Rays,139,4,Brandon Gomes,Joe Ortiz,,12,Tropicana Field,night,3,4,False,,
349010,2013,2013-09-18,2013-09-19T00:10:00Z,R,Regular Season,N,1,Final,F,Cincinnati Reds,113,6,Houston Astros,117,5,Alfredo Simon,Jorge De Leon,Aroldis Chapman,13,Minute Maid Park,night,3,3,False,,
349011,2013,2013-09-18,2013-09-19T00:10:00Z,R,Regular Season,N,1,Final,F,Cleveland Indians,114,2,Kansas City Royals,118,7,Bruce Chen,Danny Salazar,,9,Kauffman Stadium,night,3,3,False,,
349021,2013,2013-09-18,2013-09-19T00:10:00Z,R,Regular Season,N,1,Final,F,Chicago Cubs,112,0,Milwaukee Brewers,158,7,Tyler Thornburg,Chris Rusin,,9,Miller Park,night,3,4,False,,
349017,2013,2013-09-18,2013-09-19T00:40:00Z,R,Regular Season,N,1,Final,F,St. Louis Cardinals,138,4,Colorado Rockies,115,3,Adam Wainwright,Tyler Chatwood,Edward Mujica,9,Coors Field,night,3,4,False,,
349012,2013,2013-09-18,2013-09-19T02:10:00Z,R,Regular Season,N,1,Final,F,Los Angeles Dodgers,119,4,Arizona Diamondbacks,109,9,Brandon McCarthy,Stephen Fife,,9,Chase Field,night,3,4,False,,
349027,2013,2013-09-19,2013-09-19T16:35:00Z,R,Regular Season,N,1,Final,F,San Diego Padres,135,1,Pittsburgh Pirates,134,10,Gerrit Cole,Ian Kennedy,,9,PNC Park,day,4,4,False,,
349028,2013,2013-09-19,2013-09-19T17:08:00Z,R,Regular Season,N,1,Final,F,Seattle Mariners,136,4,Detroit Tigers,116,5,Doug Fister,Charlie Furbush,Joaquín Benoit,9,Comerica Park,day,4,4,False,,
349029,2013,2013-09-19,2013-09-19T17:10:00Z,R,Regular Season,N,1,Final,F,San Francisco Giants,137,2,New York Mets,121,1,Madison Bumgarner,Jonathon Niese,Javier López,9,Citi Field,day,3,3,False,,
349032,2013,2013-09-19,2013-09-19T18:10:00Z,R,Regular Season,N,1,Final,F,Chicago Cubs,112,5,Milwaukee Brewers,158,1,Jake Arrieta,Kyle Lohse,,9,Miller Park,day,4,4,False,,
349030,2013,2013-09-19,2013-09-19T19:10:00Z,R,Regular Season,N,1,Final,F,St. Louis Cardinals,138,6,Colorado Rockies,115,7,Rob Scahill,Fernando Salas,,15,Coors Field,day,4,4,False,,
349024,2013,2013-09-19,2013-09-19T19:40:00Z,R,Regular Season,N,1,Final,F,Los Angeles Dodgers,119,7,Arizona Diamondbacks,109,6,J.P. Howell,Josh Collmenter,Kenley Jansen,9,Chase Field,day,4,4,False,,
349023,2013,2013-09-19,2013-09-19T23:05:00Z,R,Regular Season,N,1,Final,F,Houston Astros,117,1,Cleveland Indians,114,2,Bryan Shaw,Rhiner Cruz,,11,Progressive Field,night,1,4,False,,
349025,2013,2013-09-19,2013-09-19T23:05:00Z,R,Regular Season,N,1,Final,F,Miami Marlins,146,2,Washington Nationals,120,3,Gio Gonzalez,Henderson Alvarez,Rafael Soriano,9,Nationals Park,night,1,4,False,,
349033,2013,2013-09-19,2013-09-19T23:07:00Z,R,Regular Season,N,1,Final,F,New York Yankees,147,2,Toronto Blue Jays,141,6,Todd Redmond,Hiroki Kuroda,Casey Janssen,9,Rogers Centre,night,3,3,False,,
349022,2013,2013-09-19,2013-09-19T23:10:00Z,R,Regular Season,N,1,Final,F,Baltimore Orioles,110,1,Boston Red Sox,111,3,John Lackey,Chris Tillman,,9,Fenway Park,night,3,3,False,,
349031,2013,2013-09-19,2013-09-19T23:10:00Z,R,Regular Season,N,1,Final,F,Texas Rangers,140,8,Tampa Bay Rays,139,2,Yu Darvish,Matt Moore,,9,Tropicana Field,night,4,4,False,,
349026,2013,2013-09-19,2013-09-20T02:05:00Z,R,Regular Season,N,1,Final,F,Minnesota Twins,142,6,Oakland Athletics,133,8,Sean Doolittle,Shairon Martis,,9,O.co Coliseum,night,1,4,False,,
349035,2013,2013-09-20,2013-09-20T18:20:00Z,R,Regular Season,N,1,Final,F,Atlanta Braves,144,9,Chicago Cubs,112,5,David Carpenter,Kevin Gregg,,9,Wrigley Field,day,1,3,False,,
349038,2013,2013-09-20,2013-09-20T23:05:00Z,R,Regular Season,N,1,Final,F,Cincinnati Reds,113,6,Pittsburgh Pirates,134,5,J.J. Hoover,Kyle Farnsworth,Aroldis Chapman,10,PNC Park,night,1,3,False,,
349039,2013,2013-09-20,2013-09-20T23:05:00Z,R,Regular Season,N,1,Completed Early,F,Houston Astros,117,1,Cleveland Indians,114,2,Zach McAllister,Brett Oberholtzer,Bryan Shaw,7,Progressive Field,night,2,4,False,,
349041,2013,2013-09-20,2013-09-20T23:05:00Z,R,Regular Season,N,1,Final,F,Miami Marlins,146,0,Washington Nationals,120,8,Jordan Zimmermann,Jacob Turner,,9,Nationals Park,night,2,4,False,,
349044,2013,2013-09-20,2013-09-20T23:05:00Z,R,Regular Season,N,1,Final,F,San Francisco Giants,137,1,New York Yankees,147,5,CC Sabathia,Tim Lincecum,,9,Yankee Stadium,night,1,3,False,,
349047,2013,2013-09-20,2013-09-20T23:05:00Z,R,Regular Season,N,1,Final,F,New York Mets,121,6,Philadelphia Phillies,143,4,Daisuke Matsuzaka,Cole Hamels,LaTroy Hawkins,9,Citizens Bank Park,night,1,3,False,,
349037,2013,2013-09-20,2013-09-20T23:08:00Z,R,Regular Season,N,1,Final,F,Chicago White Sox,145,5,Detroit Tigers,116,12,Max Scherzer,Dylan Axelrod,,9,Comerica Park,night,1,3,False,,
349036,2013,2013-09-20,2013-09-20T23:10:00Z,R,Regular Season,N,1,Final,F,Baltimore Orioles,110,4,Tampa Bay Rays,139,5,Jeremy Hellickson,Bud Norris,,18,Tropicana Field,night,1,4,False,,
349046,2013,2013-09-20,2013-09-20T23:10:00Z,R,Regular Season,N,1,Final,F,Toronto Blue Jays,141,3,Boston Red Sox,111,6,Jon Lester,Esmil Rogers,Koji Uehara,9,Fenway Park,night,1,3,False,,
349034,2013,2013-09-20,2013-09-21T00:10:00Z,R,Regular Season,N,1,Final,F,Arizona Diamondbacks,109,4,Colorado Rockies,115,9,Jhoulys Chacín,Tony Sipp,,9,Coors Field,night,1,3,False,,
349045,2013,2013-09-20,2013-09-21T00:10:00Z,R,Regular Season,N,1,Final,F,Texas Rangers,140,1,Kansas City Royals,118,2,Luke Hochevar,Jason Frasor,Greg Holland,9,Kauffman Stadium,night,1,3,False,,
349048,2013,2013-09-20,2013-09-21T00:10:00Z,R,Regular Season,N,1,Final,F,St. Louis Cardinals,138,7,Milwaukee Brewers,158,6,John Axford,Michael Blazek,Carlos Martinez,10,Miller Park,night,1,3,False,,
349042,2013,2013-09-20,2013-09-21T02:05:00Z,R,Regular Season,N,1,Final,F,Minnesota Twins,142,0,Oakland Athletics,133,11,Bartolo Colon,Andrew Albers,,9,O.co Coliseum,night,2,4,False,,
349043,2013,2013-09-20,2013-09-21T02:05:00Z,R,Regular Season,N,1,Final,F,Seattle Mariners,136,2,Los Angeles Angels,108,3,Cory Rasmus,Bobby LaFromboise,,11,Angel Stadium of Anaheim,night,1,3,False,,
349040,2013,2013-09-20,2013-09-21T02:10:00Z,R,Regular Season,N,1,Final,F,Los Angeles Dodgers,119,0,San Diego Padres,135,2,Robbie Erlin,Edinson Volquez,Huston Street,9,Petco Park,night,1,3,False,,
349051,2013,2013-09-21,2013-09-21T17:05:00Z,R,Regular Season,N,1,Final,F,Baltimore Orioles,110,1,Tampa Bay Rays,139,5,Alex Cobb,Miguel González,,9,Tropicana Field,day,2,4,False,,
349059,2013,2013-09-21,2013-09-21T17:05:00Z,R,Regular Season,N,1,Final,F,San Francisco Giants,137,0,New York Yankees,147,6,Iván Nova,Ryan Vogelsong,,9,Yankee Stadium,day,2,3,False,,
349050,2013,2013-09-21,2013-09-21T20:05:00Z,R,Regular Season,N,1,Final,F,Atlanta Braves,144,1,Chicago Cubs,112,3,Carlos Villanueva,Scott Downs,Pedro Strop,9,Wrigley Field,day,2,3,False,,
349057,2013,2013-09-21,2013-09-21T20:05:00Z,R,Regular Season,N,1,Final,F,Minnesota Twins,142,1,Oakland Athletics,133,9,Jarrod Parker,Pedro Hernandez,,9,O.co Coliseum,day,3,4,False,,
349054,2013,2013-09-21,2013-09-21T22:05:00Z,R,Regular Season,N,1,Final,F,Houston Astros,117,1,Cleveland Indians,114,4,Scott Kazmir,Paul Clemens,,9,Progressive Field,night,3,4,False,,
349053,2013,2013-09-21,2013-09-21T23:05:00Z,R,Regular Season,N,1,Final,F,Cincinnati Reds,113,2,Pittsburgh Pirates,134,4,A.J. Burnett,Homer Bailey,Jason Grilli,9,PNC Park,night,2,3,False,,
349063,2013,2013-09-21,2013-09-21T23:05:00Z,R,Regular Season,N,1,Completed Early,F,New York Mets,121,5,Philadelphia Phillies,143,4,Dillon Gee,Tyler Cloyd,,7,Citizens Bank Park,night,2,3,False,,
349052,2013,2013-09-21,2013-09-21T23:08:00Z,R,Regular Season,N,1,Final,F,Chicago White Sox,145,6,Detroit Tigers,116,7,Al Alburquerque,Jake Petricka,,12,Comerica Park,night,2,3,False,,
349060,2013,2013-09-21,2013-09-21T23:10:00Z,R,Regular Season,N,1,Final,F,St. Louis Cardinals,138,7,Milwaukee Brewers,158,2,Lance Lynn,Yovani Gallardo,,9,Miller Park,night,2,3,False,,
349061,2013,2013-09-21,2013-09-21T23:10:00Z,R,Regular Season,N,1,Final,F,Texas Rangers,140,3,Kansas City Royals,118,1,Matt Garza,Jeremy Guthrie,Joe Nathan,9,Kauffman Stadium,night,2,3,False,,
349062,2013,2013-09-21,2013-09-21T23:10:00Z,R,Regular Season,N,1,Final,F,Toronto Blue Jays,141,4,Boston Red Sox,111,2,Mark Buehrle,Clay Buchholz,Casey Janssen,9,Fenway Park,night,2,3,False,,
349049,2013,2013-09-21,2013-09-22T00:10:00Z,R,Regular Season,N,1,Final,F,Arizona Diamondbacks,109,7,Colorado Rockies,115,2,Trevor Cahill,Collin McHugh,,9,Coors Field,night,2,3,False,,
349055,2013,2013-09-21,2013-09-22T00:40:00Z,R,Regular Season,N,1,Final,F,Los Angeles Dodgers,119,4,San Diego Padres,135,0,Clayton Kershaw,Burch Smith,,9,Petco Park,night,2,3,False,,
349058,2013,2013-09-21,2013-09-22T01:05:00Z,R,Regular Season,N,1,Final,F,Seattle Mariners,136,5,Los Angeles Angels,108,6,Jerome Williams,Joe Saunders,Ernesto Frieri,9,Angel Stadium of Anaheim,night,2,3,False,,
349069,2013,2013-09-22,2013-09-22T17:05:00Z,R,Regular Season,N,1,Final,F,Houston Astros,117,2,Cleveland Indians,114,9,Corey Kluber,Erik Bedard,,9,Progressive Field,day,4,4,False,,
349074,2013,2013-09-22,2013-09-22T17:05:00Z,R,Regular Season,N,1,Final,F,San Francisco Giants,137,2,New York Yankees,147,1,Javier López,Andy Pettitte,Sergio Romo,9,Yankee Stadium,day,3,3,False,,
349067,2013,2013-09-22,2013-09-22T17:08:00Z,R,Regular Season,N,1,Final,F,Chicago White Sox,145,6,Detroit Tigers,116,3,Erik Johnson,Aníbal Sánchez,,9,Comerica Park,day,3,3,False,,
349068,2013,2013-09-22,2013-09-22T17:35:00Z,R,Regular Season,N,1,Final,F,Cincinnati Reds,113,11,Pittsburgh Pirates,134,3,Bronson Arroyo,Jeff Locke,,9,PNC Park,day,3,3,False,,
349071,2013,2013-09-22,2013-09-22T17:35:00Z,R,Regular Season,S,1,Final,F,Miami Marlins,146,4,Washington Nationals,120,2,Tom Koehler,Dan Haren,Steve Cishek,9,Nationals Park,day,3,4,False,,
349076,2013,2013-09-22,2013-09-22T17:35:00Z,R,Regular Season,N,1,Final,F,Toronto Blue Jays,141,2,Boston Red Sox,111,5,Félix Doubront,R.A. Dickey,Koji Uehara,9,Fenway Park,day,3,3,False,,
349077,2013,2013-09-22,2013-09-22T17:35:00Z,R,Regular Season,N,1,Final,F,New York Mets,121,4,Philadelphia Phillies,143,3,Carlos Torres,Cliff Lee,LaTroy Hawkins,9,Citizens Bank Park,day,3,3,False,,
349066,2013,2013-09-22,2013-09-22T17:40:00Z,R,Regular Season,N,1,Final,F,Baltimore Orioles,110,1,Tampa Bay Rays,139,3,Brandon Gomes,Scott Feldman,Fernando Rodney,9,Tropicana Field,day,3,4,False,,
349075,2013,2013-09-22,2013-09-22T18:10:00Z,R,Regular Season,N,1,Final,F,Texas Rangers,140,0,Kansas City Royals,118,4,Tim Collins,Neal Cotts,,10,Kauffman Stadium,day,3,3,False,,
349065,2013,2013-09-22,2013-09-22T18:20:00Z,R,Regular Season,N,1,Final,F,Atlanta Braves,144,5,Chicago Cubs,112,2,Julio Teheran,Edwin Jackson,Craig Kimbrel,9,Wrigley Field,day,3,3,False,,
349073,2013,2013-09-22,2013-09-22T19:35:00Z,R,Regular Season,N,1,Final,F,Seattle Mariners,136,3,Los Angeles Angels,108,2,Oliver Pérez,C.J. Wilson,Danny Farquhar,9,Angel Stadium of Anaheim,day,3,3,False,,
349072,2013,2013-09-22,2013-09-22T20:05:00Z,R,Regular Season,N,1,Final,F,Minnesota Twins,142,7,Oakland Athletics,133,11,Sonny Gray,Cole De Vries,,9,O.co Coliseum,day,4,4,False,,
349064,2013,2013-09-22,2013-09-22T20:10:00Z,R,Regular Season,N,1,Final,F,Arizona Diamondbacks,109,13,Colorado Rockies,115,9,Will Harris,Juan Nicasio,,9,Coors Field,day,3,3,False,,
349070,2013,2013-09-22,2013-09-22T20:10:00Z,R,Regular Season,N,1,Final,F,Los Angeles Dodgers,119,1,San Diego Padres,135,0,J.P. Howell,Andrew Cashner,Kenley Jansen,9,Petco Park,day,3,3,False,,
349056,2013,2013-09-22,2013-09-22T23:05:00Z,R,Regular Season,S,2,Final,F,Miami Marlins,146,4,Washington Nationals,120,5,Rafael Soriano,Sam Dyson,,9,Nationals Park,night,4,4,False,,
349078,2013,2013-09-22,2013-09-23T00:05:00Z,R,Regular Season,N,1,Final,F,St. Louis Cardinals,138,4,Milwaukee Brewers,158,6,Wily Peralta,Joe Kelly,Jim Henderson,9,Miller Park,night,3,3,False,,
349080,2013,2013-09-23,2013-09-23T19:10:00Z,R,Regular Season,N,1,Final,F,Baltimore Orioles,110,4,Tampa Bay Rays,139,5,Joel Peralta,Tommy Hunter,,9,Tropicana Field,day,4,4,False,,
349083,2013,2013-09-23,2013-09-23T23:10:00Z,R,Regular Season,N,1,Final,F,Milwaukee Brewers,158,5,Atlanta Braves,144,0,Marco Estrada,Mike Minor,,9,Turner Field,night,1,3,False,,
349084,2013,2013-09-23,2013-09-23T23:10:00Z,R,Regular Season,N,1,Final,F,New York Mets,121,2,Cincinnati Reds,113,3,Manny Parra,Greg Burke,,10,Great American Ball Park,night,1,3,False,,
349087,2013,2013-09-23,2013-09-23T23:10:00Z,R,Regular Season,N,1,Final,F,Philadelphia Phillies,143,0,Miami Marlins,146,4,Nathan Eovaldi,Roy Halladay,,9,Marlins Park,night,1,3,False,,
349082,2013,2013-09-23,2013-09-24T00:05:00Z,R,Regular Season,N,1,Final,F,Houston Astros,117,0,Texas Rangers,140,12,Derek Holland,Jordan Lyles,,9,Rangers Ballpark in Arlington,night,1,3,False,,
349086,2013,2013-09-23,2013-09-24T00:05:00Z,R,Regular Season,N,1,Final,F,Pittsburgh Pirates,134,2,Chicago Cubs,112,1,Mark Melancon,Kevin Gregg,Jason Grilli,9,Wrigley Field,night,1,3,False,,
347729,2013,2013-09-23,2013-09-24T00:10:00Z,R,Regular Season,N,1,Final,F,Toronto Blue Jays,141,2,Chicago White Sox,145,3,Jose Quintana,J.A. Happ,Addison Reed,9,U.S. Cellular Field,night,1,1,False,,
349081,2013,2013-09-23,2013-09-24T00:10:00Z,R,Regular Season,N,1,Final,F,Detroit Tigers,116,3,Minnesota Twins,142,4,Anthony Swarzak,Luke Putkonen,,11,Target Field,night,1,3,False,,
349088,2013,2013-09-23,2013-09-24T00:15:00Z,R,Regular Season,N,1,Final,F,Washington Nationals,120,3,St. Louis Cardinals,138,4,Adam Wainwright,Tanner Roark,Trevor Rosenthal,9,Busch Stadium,night,1,3,False,,
349085,2013,2013-09-23,2013-09-24T02:05:00Z,R,Regular Season,N,1,Final,F,Oakland Athletics,133,10,Los Angeles Angels,108,5,Tommy Milone,Garrett Richards,,9,Angel Stadium of Anaheim,night,1,3,False,,
349079,2013,2013-09-23,2013-09-24T02:10:00Z,R,Regular Season,N,1,Final,F,Arizona Diamondbacks,109,1,San Diego Padres,135,4,Eric Stults,Brandon McCarthy,Huston Street,9,Petco Park,night,1,4,False,,
349089,2013,2013-09-23,2013-09-24T02:10:00Z,R,Regular Season,N,1,Final,F,Kansas City Royals,118,6,Seattle Mariners,136,5,Wade Davis,Lucas Luetge,Greg Holland,12,Safeco Field,night,1,3,False,,
349092,2013,2013-09-24,2013-09-24T23:05:00Z,R,Regular Season,N,1,Final,F,Chicago White Sox,145,4,Cleveland Indians,114,5,Bryan Shaw,Addison Reed,,9,Progressive Field,night,1,2,False,,
349100,2013,2013-09-24,2013-09-24T23:05:00Z,R,Regular Season,N,1,Final,F,Tampa Bay Rays,139,7,New York Yankees,147,0,Matt Moore,Hiroki Kuroda,Jake Odorizzi,9,Yankee Stadium,night,1,3,False,,
349101,2013,2013-09-24,2013-09-24T23:05:00Z,R,Regular Season,N,1,Final,F,Toronto Blue Jays,141,3,Baltimore Orioles,110,2,Sergio Santos,Francisco Rodríguez,Casey Janssen,10,Oriole Park at Camden Yards,night,1,3,False,,
349096,2013,2013-09-24,2013-09-24T23:10:00Z,R,Regular Season,N,1,Final,F,Milwaukee Brewers,158,2,Atlanta Braves,144,3,Craig Kimbrel,Donovan Hand,,9,Turner Field,night,2,3,False,,
349097,2013,2013-09-24,2013-09-24T23:10:00Z,R,Regular Season,N,1,Final,F,New York Mets,121,4,Cincinnati Reds,113,2,Jonathon Niese,Mike Leake,Vic Black,9,Great American Ball Park,night,2,3,False,,
349102,2013,2013-09-24,2013-09-24T23:10:00Z,R,Regular Season,N,1,Final,F,Philadelphia Phillies,143,2,Miami Marlins,146,1,Michael Stutes,Henderson Alvarez,Jonathan Papelbon,9,Marlins Park,night,2,3,False,,
349094,2013,2013-09-24,2013-09-25T00:05:00Z,R,Regular Season,N,1,Final,F,Houston Astros,117,2,Texas Rangers,140,3,Neal Cotts,Brad Peacock,Joe Nathan,9,Rangers Ballpark in Arlington,night,2,3,False,,
349099,2013,2013-09-24,2013-09-25T00:05:00Z,R,Regular Season,N,1,Final,F,Pittsburgh Pirates,134,8,Chicago Cubs,112,2,Gerrit Cole,Chris Rusin,,9,Wrigley Field,night,2,3,False,,
349093,2013,2013-09-24,2013-09-25T00:10:00Z,R,Regular Season,N,1,Final,F,Detroit Tigers,116,4,Minnesota Twins,142,2,Doug Fister,Scott Diamond,Joaquín Benoit,9,Target Field,night,2,3,False,,
349103,2013,2013-09-24,2013-09-25T00:15:00Z,R,Regular Season,N,1,Final,F,Washington Nationals,120,0,St. Louis Cardinals,138,2,Michael Wacha,Gio Gonzalez,Trevor Rosenthal,9,Busch Stadium,night,2,3,False,,
349091,2013,2013-09-24,2013-09-25T00:40:00Z,R,Regular Season,N,1,Final,F,Boston Red Sox,111,3,Colorado Rockies,115,8,Tyler Chatwood,John Lackey,,9,Coors Field,night,1,2,False,,
349098,2013,2013-09-24,2013-09-25T02:05:00Z,R,Regular Season,N,1,Final,F,Oakland Athletics,133,0,Los Angeles Angels,108,3,Jason Vargas,A.J. Griffin,,9,Angel Stadium of Anaheim,night,2,3,False,,
349090,2013,2013-09-24,2013-09-25T02:10:00Z,R,Regular Season,N,1,Final,F,Arizona Diamondbacks,109,2,San Diego Padres,135,1,Josh Collmenter,Luke Gregerson,Brad Ziegler,12,Petco Park,night,2,4,False,,
349104,2013,2013-09-24,2013-09-25T02:10:00Z,R,Regular Season,N,1,Final,F,Kansas City Royals,118,0,Seattle Mariners,136,4,James Paxton,Bruce Chen,,9,Safeco Field,night,2,3,False,,
349095,2013,2013-09-24,2013-09-25T02:15:00Z,R,Regular Season,N,1,Final,F,Los Angeles Dodgers,119,2,San Francisco Giants,137,1,Hyun Jin Ryu,Matt Cain,Kenley Jansen,9,AT&T Park,night,1,3,False,,
349112,2013,2013-09-25,2013-09-25T16:35:00Z,R,Regular Season,N,1,Final,F,New York Mets,121,1,Cincinnati Reds,113,0,Daisuke Matsuzaka,Mat Latos,LaTroy Hawkins,9,Great American Ball Park,day,3,3,False,,
349117,2013,2013-09-25,2013-09-25T17:45:00Z,R,Regular Season,N,1,Final,F,Washington Nationals,120,1,St. Louis Cardinals,138,4,Shelby Miller,Jordan Zimmermann,Trevor Rosenthal,9,Busch Stadium,day,3,3,False,,
349114,2013,2013-09-25,2013-09-25T18:20:00Z,R,Regular Season,N,1,Final,F,Pittsburgh Pirates,134,2,Chicago Cubs,112,4,Jake Arrieta,Francisco Liriano,Kevin Gregg,9,Wrigley Field,day,3,3,False,,
349113,2013,2013-09-25,2013-09-25T19:35:00Z,R,Regular Season,N,1,Final,F,Oakland Athletics,133,1,Los Angeles Angels,108,3,Jered Weaver,Dan Straily,Ernesto Frieri,9,Angel Stadium of Anaheim,day,3,3,False,,
349107,2013,2013-09-25,2013-09-25T23:05:00Z,R,Regular Season,N,1,Final,F,Chicago White Sox,145,2,Cleveland Indians,114,7,Danny Salazar,Dylan Axelrod,,9,Progressive Field,night,2,2,False,,
349115,2013,2013-09-25,2013-09-25T23:05:00Z,R,Regular Season,N,1,Final,F,Tampa Bay Rays,139,8,New York Yankees,147,3,David Price,Phil Hughes,,9,Yankee Stadium,night,2,3,False,,
349116,2013,2013-09-25,2013-09-25T23:05:00Z,R,Regular Season,N,1,Final,F,Toronto Blue Jays,141,5,Baltimore Orioles,110,9,T.J. McFarland,Esmil Rogers,Jason Hammel,9,Oriole Park at Camden Yards,night,2,3,False,,
349111,2013,2013-09-25,2013-09-25T23:10:00Z,R,Regular Season,N,1,Final,F,Milwaukee Brewers,158,4,Atlanta Braves,144,0,Kyle Lohse,Paul Maholm,,9,Turner Field,night,3,3,False,,
349119,2013,2013-09-25,2013-09-25T23:10:00Z,R,Regular Season,N,1,Final,F,Philadelphia Phillies,143,2,Miami Marlins,146,3,Chad Qualls,Ethan Martin,Steve Cishek,9,Marlins Park,night,3,3,False,,
349109,2013,2013-09-25,2013-09-26T00:05:00Z,R,Regular Season,N,1,Final,F,Houston Astros,117,3,Texas Rangers,140,7,Martín Pérez,Dallas Keuchel,,9,Rangers Ballpark in Arlington,night,3,3,False,,
349108,2013,2013-09-25,2013-09-26T00:10:00Z,R,Regular Season,N,1,Final,F,Detroit Tigers,116,1,Minnesota Twins,142,0,Max Scherzer,Kevin Correia,Joaquín Benoit,9,Target Field,night,3,3,False,,
349106,2013,2013-09-25,2013-09-26T00:40:00Z,R,Regular Season,N,1,Final,F,Boston Red Sox,111,15,Colorado Rockies,115,5,Jake Peavy,Jhoulys Chacín,,9,Coors Field,night,2,2,False,,
349105,2013,2013-09-25,2013-09-26T02:10:00Z,R,Regular Season,N,1,Final,F,Arizona Diamondbacks,109,2,San Diego Padres,135,12,Ian Kennedy,Randall Delgado,,9,Petco Park,night,3,4,False,,
349118,2013,2013-09-25,2013-09-26T02:10:00Z,R,Regular Season,N,1,Final,F,Kansas City Royals,118,0,Seattle Mariners,136,6,Hisashi Iwakuma,Ervin Santana,,9,Safeco Field,night,3,3,False,,
349110,2013,2013-09-25,2013-09-26T02:15:00Z,R,Regular Season,N,1,Final,F,Los Angeles Dodgers,119,4,San Francisco Giants,137,6,Barry Zito,Ricky Nolasco,Sergio Romo,9,AT&T Park,night,2,3,False,,
349121,2013,2013-09-26,2013-09-26T22:40:00Z,R,Regular Season,N,1,Final,F,Arizona Diamondbacks,109,2,San Diego Padres,135,3,Nick Vincent,Josh Collmenter,,11,Petco Park,day,4,4,False,,
349127,2013,2013-09-26,2013-09-26T23:05:00Z,R,Regular Season,N,1,Final,F,Tampa Bay Rays,139,4,New York Yankees,147,0,Alex Cobb,Iván Nova,,9,Yankee Stadium,night,3,3,False,,
349128,2013,2013-09-26,2013-09-26T23:05:00Z,R,Regular Season,N,1,Final,F,Toronto Blue Jays,141,2,Baltimore Orioles,110,3,Miguel González,Mark Buehrle,Jim Johnson,9,Oriole Park at Camden Yards,night,3,3,False,,
349125,2013,2013-09-26,2013-09-26T23:10:00Z,R,Regular Season,N,1,Final,F,Milwaukee Brewers,158,4,New York Mets,121,2,Alfredo Figaro,Dillon Gee,Jim Henderson,9,Citi Field,night,1,4,False,,
349126,2013,2013-09-26,2013-09-26T23:10:00Z,R,Regular Season,N,1,Final,F,Philadelphia Phillies,143,1,Atlanta Braves,144,7,David Hale,Tyler Cloyd,,9,Turner Field,night,1,4,False,,
349120,2013,2013-09-26,2013-09-27T00:05:00Z,R,Regular Season,N,1,Final,F,Los Angeles Angels,108,5,Texas Rangers,140,6,Joe Nathan,Michael Kohn,,9,Rangers Ballpark in Arlington,night,1,4,False,,
349122,2013,2013-09-26,2013-09-27T00:10:00Z,R,Regular Season,N,1,Final,F,Cleveland Indians,114,6,Minnesota Twins,142,5,Bryan Shaw,Andrew Albers,Joe Smith,9,Target Field,night,1,4,False,,
349123,2013,2013-09-26,2013-09-27T00:10:00Z,R,Regular Season,N,1,Final,F,Kansas City Royals,118,3,Chicago White Sox,145,2,Jeremy Guthrie,André Rienzo,Greg Holland,9,U.S. Cellular Field,night,1,4,False,,
349124,2013,2013-09-26,2013-09-27T02:15:00Z,R,Regular Season,N,1,Final,F,Los Angeles Dodgers,119,2,San Francisco Giants,137,3,Santiago Casilla,Paco Rodríguez,Sergio Romo,9,AT&T Park,night,3,3,False,,
349130,2013,2013-09-27,2013-09-27T23:05:00Z,R,Regular Season,N,1,Final,F,Boston Red Sox,111,12,Baltimore Orioles,110,3,Clay Buchholz,Scott Feldman,,9,Oriole Park at Camden Yards,night,1,3,False,,
349139,2013,2013-09-27,2013-09-27T23:07:00Z,R,Regular Season,N,1,Final,F,Tampa Bay Rays,139,3,Toronto Blue Jays,141,6,R.A. Dickey,Jeremy Hellickson,Sergio Santos,9,Rogers Centre,night,1,3,False,,
349133,2013,2013-09-27,2013-09-27T23:10:00Z,R,Regular Season,N,1,Final,F,Milwaukee Brewers,158,4,New York Mets,121,2,Yovani Gallardo,Carlos Torres,Jim Henderson,9,Citi Field,night,2,4,False,,
349136,2013,2013-09-27,2013-09-27T23:10:00Z,R,Regular Season,N,1,Final,F,Pittsburgh Pirates,134,4,Cincinnati Reds,113,1,A.J. Burnett,Homer Bailey,Jason Grilli,9,Great American Ball Park,night,1,3,False,,
349140,2013,2013-09-27,2013-09-27T23:10:00Z,R,Regular Season,N,1,Final,F,Detroit Tigers,116,2,Miami Marlins,146,3,Tom Koehler,Jose Alvarez,Steve Cishek,9,Marlins Park,night,1,3,False,,
349135,2013,2013-09-27,2013-09-27T23:30:00Z,R,Regular Season,N,1,Final,F,Philadelphia Phillies,143,0,Atlanta Braves,144,1,Kris Medlen,Cliff Lee,Craig Kimbrel,9,Turner Field,night,2,4,False,,
349129,2013,2013-09-27,2013-09-28T00:05:00Z,R,Regular Season,N,1,Final,F,Los Angeles Angels,108,3,Texas Rangers,140,5,Neal Cotts,Juan Gutierrez,Joe Nathan,9,Rangers Ballpark in Arlington,night,2,4,False,,
349131,2013,2013-09-27,2013-09-28T00:10:00Z,R,Regular Season,N,1,Final,F,Cleveland Indians,114,12,Minnesota Twins,142,6,Corey Kluber,Pedro Hernandez,,9,Target Field,night,2,4,False,,
349132,2013,2013-09-27,2013-09-28T00:10:00Z,R,Regular Season,N,1,Final,F,Kansas City Royals,118,6,Chicago White Sox,145,1,James Shields,Chris Sale,,9,U.S. Cellular Field,night,2,4,False,,
349134,2013,2013-09-27,2013-09-28T00:10:00Z,R,Regular Season,N,1,Final,F,New York Yankees,147,3,Houston Astros,117,2,Adam Warren,Brett Oberholtzer,David Robertson,9,Minute Maid Park,night,1,3,False,,
349141,2013,2013-09-27,2013-09-28T00:15:00Z,R,Regular Season,N,1,Final,F,Chicago Cubs,112,0,St. Louis Cardinals,138,7,Lance Lynn,Travis Wood,,9,Busch Stadium,night,1,3,False,,
349138,2013,2013-09-27,2013-09-28T01:40:00Z,R,Regular Season,N,1,Final,F,Washington Nationals,120,8,Arizona Diamondbacks,109,4,Stephen Strasburg,Patrick Corbin,,9,Chase Field,night,1,3,False,,
349142,2013,2013-09-27,2013-09-28T02:10:00Z,R,Regular Season,N,1,Final,F,Colorado Rockies,115,0,Los Angeles Dodgers,119,11,Clayton Kershaw,Collin McHugh,,9,Dodger Stadium,night,1,3,False,,
349143,2013,2013-09-27,2013-09-28T02:10:00Z,R,Regular Season,N,1,Final,F,Oakland Athletics,133,8,Seattle Mariners,136,2,Bartolo Colon,Félix Hernández,,9,Safeco Field,night,1,3,False,,
349137,2013,2013-09-27,2013-09-28T02:15:00Z,R,Regular Season,N,1,Final,F,San Diego Padres,135,3,San Francisco Giants,137,7,Ryan Vogelsong,Burch Smith,,9,AT&T Park,night,1,3,False,,
349144,2013,2013-09-28,2013-09-28T16:05:00Z,R,Regular Season,N,1,Final,F,Los Angeles Angels,108,4,Texas Rangers,140,7,Joakim Soria,Garrett Richards,Joe Nathan,9,Rangers Ballpark in Arlington,day,3,4,False,,
349147,2013,2013-09-28,2013-09-28T17:05:00Z,R,Regular Season,N,1,Final,F,Cleveland Indians,114,5,Minnesota Twins,142,1,Scott Kazmir,Cole De Vries,,9,Target Field,day,3,4,False,,
349154,2013,2013-09-28,2013-09-28T17:05:00Z,R,Regular Season,N,1,Final,F,Pittsburgh Pirates,134,8,Cincinnati Reds,113,3,Vin Mazzaro,Bronson Arroyo,,9,Great American Ball Park,day,2,3,False,,
349157,2013,2013-09-28,2013-09-28T17:05:00Z,R,Regular Season,N,1,Final,F,Tampa Bay Rays,139,2,Toronto Blue Jays,141,7,J.A. Happ,Alex Torres,,9,Rogers Centre,day,2,3,False,,
349155,2013,2013-09-28,2013-09-28T20:05:00Z,R,Regular Season,N,1,Final,F,San Diego Padres,135,9,San Francisco Giants,137,3,Eric Stults,Yusmeiro Petit,,9,AT&T Park,day,2,3,False,,
349150,2013,2013-09-28,2013-09-28T20:10:00Z,R,Regular Season,N,1,Final,F,Milwaukee Brewers,158,4,New York Mets,121,2,Donovan Hand,Scott Atchison,Alfredo Figaro,10,Citi Field,day,3,4,False,,
349152,2013,2013-09-28,2013-09-28T20:10:00Z,R,Regular Season,N,1,Final,F,Oakland Athletics,133,5,Seattle Mariners,136,7,Brandon Maurer,Jarrod Parker,Danny Farquhar,9,Safeco Field,day,2,3,False,,
349146,2013,2013-09-28,2013-09-28T20:15:00Z,R,Regular Season,N,1,Final,F,Chicago Cubs,112,2,St. Louis Cardinals,138,6,Adam Wainwright,Edwin Jackson,Seth Maness,9,Busch Stadium,day,2,3,False,,
349145,2013,2013-09-28,2013-09-28T23:05:00Z,R,Regular Season,N,1,Final,F,Boston Red Sox,111,5,Baltimore Orioles,110,6,Kevin Gausman,Junichi Tazawa,Jim Johnson,9,Oriole Park at Camden Yards,night,2,3,False,,
349149,2013,2013-09-28,2013-09-28T23:10:00Z,R,Regular Season,N,1,Final,F,Kansas City Royals,118,5,Chicago White Sox,145,6,Erik Johnson,Yordano Ventura,Addison Reed,9,U.S. Cellular Field,night,3,4,False,,
349151,2013,2013-09-28,2013-09-28T23:10:00Z,R,Regular Season,N,1,Final,F,New York Yankees,147,2,Houston Astros,117,1,Andy Pettitte,Paul Clemens,,9,Minute Maid Park,night,2,3,False,,
349153,2013,2013-09-28,2013-09-28T23:10:00Z,R,Regular Season,N,1,Final,F,Philadelphia Phillies,143,5,Atlanta Braves,144,4,Luis García,Mike Minor,,9,Turner Field,night,3,4,False,,
349158,2013,2013-09-28,2013-09-28T23:10:00Z,R,Regular Season,N,1,Final,F,Detroit Tigers,116,1,Miami Marlins,146,2,Steve Cishek,Evan Reed,,10,Marlins Park,night,2,3,False,,
349156,2013,2013-09-28,2013-09-29T00:10:00Z,R,Regular Season,N,1,Final,F,Washington Nationals,120,2,Arizona Diamondbacks,109,0,Dan Haren,Brandon McCarthy,Rafael Soriano,9,Chase Field,night,2,3,False,,
349148,2013,2013-09-28,2013-09-29T01:10:00Z,R,Regular Season,N,1,Final,F,Colorado Rockies,115,1,Los Angeles Dodgers,119,0,Juan Nicasio,Zack Greinke,Rex Brothers,9,Dodger Stadium,night,2,3,False,,
349170,2013,2013-09-29,2013-09-29T17:07:00Z,R,Regular Season,N,1,Final,F,Tampa Bay Rays,139,7,Toronto Blue Jays,141,6,Matt Moore,Todd Redmond,Fernando Rodney,9,Rogers Centre,day,3,3,False,,
349164,2013,2013-09-29,2013-09-29T17:10:00Z,R,Regular Season,N,1,Final,F,Milwaukee Brewers,158,2,New York Mets,121,3,Vic Black,Brandon Kintzler,Frank Francisco,9,Citi Field,day,4,4,False,,
349167,2013,2013-09-29,2013-09-29T17:10:00Z,R,Regular Season,N,1,Final,F,Pittsburgh Pirates,134,4,Cincinnati Reds,113,2,Brandon Cumpton,Greg Reynolds,Kyle Farnsworth,9,Great American Ball Park,day,3,3,False,,
349171,2013,2013-09-29,2013-09-29T17:10:00Z,R,Regular Season,N,1,Final,F,Detroit Tigers,116,0,Miami Marlins,146,1,Henderson Alvarez,Luke Putkonen,,9,Marlins Park,day,3,3,False,,
349160,2013,2013-09-29,2013-09-29T17:35:00Z,R,Regular Season,N,1,Final,F,Boston Red Sox,111,6,Baltimore Orioles,110,7,T.J. McFarland,Rubby De La Rosa,Jim Johnson,9,Oriole Park at Camden Yards,day,3,3,False,,
349166,2013,2013-09-29,2013-09-29T17:35:00Z,R,Regular Season,N,1,Final,F,Philadelphia Phillies,143,5,Atlanta Braves,144,12,Julio Teheran,Zach Miner,,9,Turner Field,day,4,4,False,,
349161,2013,2013-09-29,2013-09-29T18:10:00Z,R,Regular Season,N,1,Final,F,Cleveland Indians,114,5,Minnesota Twins,142,1,Ubaldo Jiménez,Scott Diamond,,9,Target Field,day,4,4,False,,
349163,2013,2013-09-29,2013-09-29T18:10:00Z,R,Regular Season,N,1,Final,F,Kansas City Royals,118,4,Chicago White Sox,145,1,Bruce Chen,Jose Quintana,Greg Holland,9,U.S. Cellular Field,day,4,4,False,,
349165,2013,2013-09-29,2013-09-29T18:10:00Z,R,Regular Season,N,1,Final,F,New York Yankees,147,5,Houston Astros,117,1,Matt Daley,Lucas Harrell,,14,Minute Maid Park,day,3,3,False,,
349172,2013,2013-09-29,2013-09-29T18:15:00Z,R,Regular Season,N,1,Final,F,Chicago Cubs,112,0,St. Louis Cardinals,138,4,Joe Kelly,Jeff Samardzija,,9,Busch Stadium,day,3,3,False,,
349159,2013,2013-09-29,2013-09-29T19:05:00Z,R,Regular Season,N,1,Final,F,Los Angeles Angels,108,2,Texas Rangers,140,6,Neal Cotts,Jason Vargas,,9,Rangers Ballpark in Arlington,day,4,4,False,,
349168,2013,2013-09-29,2013-09-29T20:05:00Z,R,Regular Season,N,1,Final,F,San Diego Padres,135,6,San Francisco Giants,137,7,Sergio Romo,Huston Street,,9,AT&T Park,day,3,3,False,,
349162,2013,2013-09-29,2013-09-29T20:10:00Z,R,Regular Season,N,1,Final,F,Colorado Rockies,115,2,Los Angeles Dodgers,119,1,Jeff Francis,Hyun Jin Ryu,Rex Brothers,9,Dodger Stadium,day,3,3,False,,
349169,2013,2013-09-29,2013-09-29T20:10:00Z,R,Regular Season,N,1,Final,F,Washington Nationals,120,2,Arizona Diamondbacks,109,3,David Hernandez,Ryan Mattheus,Brad Ziegler,9,Chase Field,day,3,3,False,,
349173,2013,2013-09-29,2013-09-29T20:10:00Z,R,Regular Season,N,1,Final,F,Oakland Athletics,133,9,Seattle Mariners,136,0,Sonny Gray,Erasmo Ramírez,,9,Safeco Field,day,3,3,False,,
385292,2013,2013-09-30,2013-10-01T00:07:00Z,R,Regular Season,N,1,Final,F,Tampa Bay Rays,139,5,Texas Rangers,140,2,David Price,Martín Pérez,,9,Rangers Ballpark in Arlington,night,1,1,False,,
379694,2013,2013-10-01,2013-10-02T00:00:00Z,F,NL Wild Card Game,N,1,Final,F,Cincinnati Reds,113,2,Pittsburgh Pirates,134,6,Francisco Liriano,Johnny Cueto,,9,PNC Park,night,1,1,False,,
379695,2013,2013-10-02,2013-10-03T00:00:00Z,F,AL Wild Card Game,N,1,Final,F,Tampa Bay Rays,139,4,Cleveland Indians,114,0,Alex Cobb,Danny Salazar,,9,Progressive Field,night,1,1,False,,
379696,2013,2013-10-03,2013-10-03T21:00:00Z,D,NL Division Series,N,1,Final,F,Pittsburgh Pirates,134,1,St. Louis Cardinals,138,9,Adam Wainwright,A.J. Burnett,,9,Busch Stadium,day,1,5,False,,
379697,2013,2013-10-03,2013-10-04T00:30:00Z,D,NL Division Series,N,1,Final,F,Los Angeles Dodgers,119,6,Atlanta Braves,144,1,Clayton Kershaw,Kris Medlen,,9,Turner Field,night,1,5,False,,
379700,2013,2013-10-04,2013-10-04T17:00:00Z,D,NL Division Series,N,1,Final,F,Pittsburgh Pirates,134,7,St. Louis Cardinals,138,1,Gerrit Cole,Lance Lynn,,9,Busch Stadium,day,2,5,False,,
379698,2013,2013-10-04,2013-10-04T19:00:00Z,D,AL Division Series,N,1,Final,F,Tampa Bay Rays,139,2,Boston Red Sox,111,12,Jon Lester,Matt Moore,,9,Fenway Park,day,1,5,False,,
379701,2013,2013-10-04,2013-10-04T22:00:00Z,D,NL Division Series,N,1,Final,F,Los Angeles Dodgers,119,3,Atlanta Braves,144,4,Mike Minor,Zack Greinke,Craig Kimbrel,9,Turner Field,night,2,5,False,,
379699,2013,2013-10-04,2013-10-05T01:30:00Z,D,AL Division Series,N,1,Final,F,Detroit Tigers,116,3,Oakland Athletics,133,2,Max Scherzer,Bartolo Colon,Joaquín Benoit,9,O.co Coliseum,night,1,5,False,,
379702,2013,2013-10-05,2013-10-05T21:30:00Z,D,AL Division Series,N,1,Final,F,Tampa Bay Rays,139,4,Boston Red Sox,111,7,John Lackey,David Price,Koji Uehara,9,Fenway Park,night,2,5,False,,
379703,2013,2013-10-05,2013-10-06T01:00:00Z,D,AL Division Series,N,1,Final,F,Detroit Tigers,116,0,Oakland Athletics,133,1,Grant Balfour,Al Alburquerque,,9,O.co Coliseum,night,2,5,False,,
379704,2013,2013-10-06,2013-10-06T20:30:00Z,D,NL Division Series,N,1,Final,F,St. Louis Cardinals,138,3,Pittsburgh Pirates,134,5,Mark Melancon,Carlos Martinez,Jason Grilli,9,PNC Park,day,3,5,False,,
379705,2013,2013-10-06,2013-10-07T00:00:00Z,D,NL Division Series,N,1,Final,F,Atlanta Braves,144,6,Los Angeles Dodgers,119,13,Chris Capuano,Julio Teheran,,9,Dodger Stadium,day,3,5,False,,
379707,2013,2013-10-07,2013-10-07T17:00:00Z,D,AL Division Series,N,1,Final,F,Oakland Athletics,133,6,Detroit Tigers,116,3,Jarrod Parker,Aníbal Sánchez,Grant Balfour,9,Comerica Park,day,3,5,False,,
379708,2013,2013-10-07,2013-10-07T19:00:00Z,D,NL Division Series,N,1,Final,F,St. Louis Cardinals,138,2,Pittsburgh Pirates,134,1,Michael Wacha,Charlie Morton,Trevor Rosenthal,9,PNC Park,day,4,5,False,,
379706,2013,2013-10-07,2013-10-07T22:00:00Z,D,AL Division Series,N,1,Final,F,Boston Red Sox,111,4,Tampa Bay Rays,139,5,Fernando Rodney,Koji Uehara,,9,Tropicana Field,night,3,5,False,,
379709,2013,2013-10-07,2013-10-08T01:30:00Z,D,NL Division Series,N,1,Final,F,Atlanta Braves,144,3,Los Angeles Dodgers,119,4,Brian Wilson,David Carpenter,Kenley Jansen,9,Dodger Stadium,night,4,5,False,,
379711,2013,2013-10-08,2013-10-08T21:00:00Z,D,AL Division Series,N,1,Final,F,Oakland Athletics,133,6,Detroit Tigers,116,8,Max Scherzer,Sean Doolittle,,9,Comerica Park,day,4,5,False,,
379710,2013,2013-10-08,2013-10-09T00:30:00Z,D,AL Division Series,N,1,Final,F,Boston Red Sox,111,3,Tampa Bay Rays,139,1,Craig Breslow,Jake McGee,Koji Uehara,9,Tropicana Field,night,4,5,False,,
379712,2013,2013-10-09,2013-10-10T00:00:00Z,D,NL Division Series,N,1,Final,F,Pittsburgh Pirates,134,1,St. Louis Cardinals,138,6,Adam Wainwright,Gerrit Cole,,9,Busch Stadium,night,5,5,False,,
379715,2013,2013-10-10,2013-10-11T00:00:00Z,D,AL Division Series,N,1,Final,F,Detroit Tigers,116,3,Oakland Athletics,133,0,Justin Verlander,Sonny Gray,Joaquín Benoit,9,O.co Coliseum,day,5,5,False,,
379716,2013,2013-10-11,2013-10-12T00:30:00Z,L,NL Championship Series,N,1,Final,F,Los Angeles Dodgers,119,2,St. Louis Cardinals,138,3,Lance Lynn,Chris Withrow,,13,Busch Stadium,night,1,7,False,,
379718,2013,2013-10-12,2013-10-12T20:00:00Z,L,NL Championship Series,N,1,Final,F,Los Angeles Dodgers,119,0,St. Louis Cardinals,138,1,Michael Wacha,Clayton Kershaw,Trevor Rosenthal,9,Busch Stadium,day,2,7,False,,
379717,2013,2013-10-12,2013-10-13T00:00:00Z,L,AL Championship Series,N,1,Final,F,Detroit Tigers,116,1,Boston Red Sox,111,0,Aníbal Sánchez,Jon Lester,Joaquín Benoit,9,Fenway Park,night,1,7,False,,
379719,2013,2013-10-13,2013-10-14T00:00:00Z,L,AL Championship Series,N,1,Final,F,Detroit Tigers,116,5,Boston Red Sox,111,6,Koji Uehara,Rick Porcello,,9,Fenway Park,night,2,7,False,,
379720,2013,2013-10-14,2013-10-15T00:00:00Z,L,NL Championship Series,N,1,Final,F,St. Louis Cardinals,138,0,Los Angeles Dodgers,119,3,Hyun Jin Ryu,Adam Wainwright,Kenley Jansen,9,Dodger Stadium,day,3,7,False,,
379721,2013,2013-10-15,2013-10-15T20:00:00Z,L,AL Championship Series,N,1,Final,F,Boston Red Sox,111,1,Detroit Tigers,116,0,John Lackey,Justin Verlander,Koji Uehara,9,Comerica Park,day,3,7,False,,
379722,2013,2013-10-15,2013-10-16T00:00:00Z,L,NL Championship Series,N,1,Final,F,St. Louis Cardinals,138,4,Los Angeles Dodgers,119,2,Lance Lynn,Ricky Nolasco,Trevor Rosenthal,9,Dodger Stadium,day,4,7,False,,
379724,2013,2013-10-16,2013-10-16T20:00:00Z,L,NL Championship Series,N,1,Final,F,St. Louis Cardinals,138,4,Los Angeles Dodgers,119,6,Zack Greinke,Joe Kelly,,9,Dodger Stadium,day,5,7,False,,
379723,2013,2013-10-16,2013-10-17T00:00:00Z,L,AL Championship Series,N,1,Final,F,Boston Red Sox,111,3,Detroit Tigers,116,7,Doug Fister,Jake Peavy,,9,Comerica Park,night,4,7,False,,
379725,2013,2013-10-17,2013-10-18T00:00:00Z,L,AL Championship Series,N,1,Final,F,Boston Red Sox,111,4,Detroit Tigers,116,3,Jon Lester,Aníbal Sánchez,Koji Uehara,9,Comerica Park,night,5,7,False,,
379726,2013,2013-10-18,2013-10-19T00:30:00Z,L,NL Championship Series,N,1,Final,F,Los Angeles Dodgers,119,0,St. Louis Cardinals,138,9,Michael Wacha,Clayton Kershaw,,9,Busch Stadium,night,6,7,False,,
379727,2013,2013-10-19,2013-10-20T00:00:00Z,L,AL Championship Series,N,1,Final,F,Detroit Tigers,116,2,Boston Red Sox,111,5,Junichi Tazawa,Max Scherzer,Koji Uehara,9,Fenway Park,night,6,7,False,,
379730,2013,2013-10-23,2013-10-23T23:30:00Z,W,World Series,N,1,Final,F,St. Louis Cardinals,138,1,Boston Red Sox,111,8,Jon Lester,Adam Wainwright,,9,Fenway Park,night,1,7,False,,
379731,2013,2013-10-24,2013-10-24T23:30:00Z,W,World Series,N,1,Final,F,St. Louis Cardinals,138,4,Boston Red Sox,111,2,Michael Wacha,John Lackey,Trevor Rosenthal,9,Fenway Park,night,2,7,False,,
379732,2013,2013-10-26,2013-10-26T23:30:00Z,W,World Series,N,1,Final,F,Boston Red Sox,111,4,St. Louis Cardinals,138,5,Trevor Rosenthal,Brandon Workman,,9,Busch Stadium,night,3,7,False,,
379733,2013,2013-10-27,2013-10-28T00:00:00Z,W,World Series,N,1,Final,F,Boston Red Sox,111,4,St. Louis Cardinals,138,2,Félix Doubront,Lance Lynn,Koji Uehara,9,Busch Stadium,night,4,7,False,,
379734,2013,2013-10-28,2013-10-28T23:30:00Z,W,World Series,N,1,Final,F,Boston Red Sox,111,3,St. Louis Cardinals,138,1,Jon Lester,Adam Wainwright,Koji Uehara,9,Busch Stadium,night,5,7,False,,
379735,2013,2013-10-30,2013-10-30T23:30:00Z,W,World Series,N,1,Final,F,St. Louis Cardinals,138,1,Boston Red Sox,111,6,John Lackey,Michael Wacha,,9,Fenway Park,night,6,7,False,,
