gamePk,season,officialDate,gameDate,gameType,seriesDescription,doubleHeader,gameNumber,status,codedState,away,awayId,awayScore,home,homeId,homeScore,winner,loser,save,innings,venue,dayNight,seriesGameNumber,gamesInSeries,isTie,resumeDate,rescheduleDate
630851,2020,2020-07-23,2020-07-23T23:08:00Z,R,Regular Season,N,1,Completed Early,F,New York Yankees,147,4,Washington Nationals,120,1,Gerrit Cole,Max Scherzer,,6,Nationals Park,night,1,3,False,,
631377,2020,2020-07-23,2020-07-24T02:08:00Z,R,Regular Season,N,1,Final,F,San Francisco Giants,137,1,Los Angeles Dodgers,119,8,Adam Kolarek,Tyler Rogers,,9,Dodger Stadium,night,1,4,False,,
631242,2020,2020-07-24,2020-07-24T20:10:00Z,R,Regular Season,N,1,Final,F,Atlanta Braves,144,0,New York Mets,121,1,Seth Lugo,Chris Martin,Edwin Díaz,9,Citi Field,day,1,3,False,,
631589,2020,2020-07-24,2020-07-24T22:10:00Z,R,Regular Season,N,1,Final,F,Detroit Tigers,116,1,Cincinnati Reds,113,7,Sonny Gray,Matthew Boyd,,9,Great American Ball Park,night,1,3,False,,
630966,2020,2020-07-24,2020-07-24T22:40:00Z,R,Regular Season,N,1,Final,F,Toronto Blue Jays,141,6,Tampa Bay Rays,139,4,Jordan Romano,Charlie Morton,Ken Giles,9,Tropicana Field,night,1,3,False,,
631121,2020,2020-07-24,2020-07-24T23:05:00Z,R,Regular Season,N,1,Final,F,Miami Marlins,146,5,Philadelphia Phillies,143,2,Sandy Alcantara,Aaron Nola,Brandon Kintzler,9,Citizens Bank Park,night,1,3,False,,
631563,2020,2020-07-24,2020-07-24T23:10:00Z,R,Regular Season,N,1,Final,F,Kansas City Royals,118,0,Cleveland Indians,114,2,Shane Bieber,Danny Duffy,Brad Hand,9,Progressive Field,night,1,3,False,,
631641,2020,2020-07-24,2020-07-24T23:10:00Z,R,Regular Season,N,1,Final,F,Milwaukee Brewers,158,0,Chicago Cubs,112,3,Kyle Hendricks,Brandon Woodruff,,9,Wrigley Field,night,1,3,False,,
631664,2020,2020-07-24,2020-07-24T23:30:00Z,R,Regular Season,N,1,Final,F,Baltimore Orioles,110,2,Boston Red Sox,111,13,Nathan Eovaldi,Tommy Milone,,9,Fenway Park,night,1,3,False,,
630941,2020,2020-07-24,2020-07-25T00:05:00Z,R,Regular Season,N,1,Final,F,Colorado Rockies,115,0,Texas Rangers,140,1,Lance Lynn,Germán Márquez,José Leclerc,9,Globe Life Field,night,1,3,False,,
631514,2020,2020-07-24,2020-07-25T00:10:00Z,R,Regular Season,N,1,Final,F,Minnesota Twins,142,10,Chicago White Sox,145,5,Trevor May,Lucas Giolito,,9,Guaranteed Rate Field,night,1,3,False,,
630989,2020,2020-07-24,2020-07-25T00:15:00Z,R,Regular Season,N,1,Final,F,Pittsburgh Pirates,134,4,St. Louis Cardinals,138,5,Jack Flaherty,Joe Musgrove,Kwang Hyun Kim,9,Busch Stadium,night,1,3,False,,
631091,2020,2020-07-24,2020-07-25T01:10:00Z,R,Regular Season,N,1,Final,F,Arizona Diamondbacks,109,2,San Diego Padres,135,7,Chris Paddack,Madison Bumgarner,,9,Petco Park,night,1,4,False,,
631438,2020,2020-07-24,2020-07-25T01:10:00Z,R,Regular Season,N,1,Final,F,Seattle Mariners,136,2,Houston Astros,117,8,Justin Verlander,Marco Gonzales,,9,Minute Maid Park,night,1,4,False,,
631378,2020,2020-07-24,2020-07-25T01:40:00Z,R,Regular Season,N,1,Final,F,San Francisco Giants,137,1,Los Angeles Dodgers,119,9,Ross Stripling,Tyler Anderson,,9,Dodger Stadium,night,2,4,False,,
631182,2020,2020-07-24,2020-07-25T02:10:00Z,R,Regular Season,N,1,Final,F,Los Angeles Angels,108,3,Oakland Athletics,133,7,Burch Smith,Hansel Robles,,10,Oakland Coliseum,night,1,4,False,,
631642,2020,2020-07-25,2020-07-25T17:05:00Z,R,Regular Season,N,1,Final,F,Milwaukee Brewers,158,8,Chicago Cubs,112,3,Brent Suter,Yu Darvish,,9,Wrigley Field,day,2,3,False,,
631666,2020,2020-07-25,2020-07-25T17:35:00Z,R,Regular Season,N,1,Final,F,Baltimore Orioles,110,7,Boston Red Sox,111,2,Alex Cobb,Martín Pérez,,9,Fenway Park,day,2,3,False,,
631515,2020,2020-07-25,2020-07-25T18:10:00Z,R,Regular Season,N,1,Final,F,Minnesota Twins,142,3,Chicago White Sox,145,10,Dallas Keuchel,Randy Dobnak,,9,Guaranteed Rate Field,day,2,3,False,,
630992,2020,2020-07-25,2020-07-25T18:15:00Z,R,Regular Season,N,1,Final,F,Pittsburgh Pirates,134,1,St. Louis Cardinals,138,9,Adam Wainwright,Trevor Williams,,9,Busch Stadium,day,2,3,False,,
630967,2020,2020-07-25,2020-07-25T19:10:00Z,R,Regular Season,N,1,Final,F,Toronto Blue Jays,141,1,Tampa Bay Rays,139,4,Nick Anderson,Sam Gaviglio,Oliver Drake,9,Tropicana Field,day,2,3,False,,
630942,2020,2020-07-25,2020-07-25T20:05:00Z,R,Regular Season,N,1,Final,F,Colorado Rockies,115,3,Texas Rangers,140,2,Daniel Bard,Mike Minor,Wade Davis,9,Globe Life Field,day,2,3,False,,
631108,2020,2020-07-25,2020-07-25T20:05:00Z,R,Regular Season,N,1,Final,F,Miami Marlins,146,1,Philadelphia Phillies,143,7,Zack Wheeler,Alex Vesia,,9,Citizens Bank Park,day,2,3,False,,
631181,2020,2020-07-25,2020-07-25T20:10:00Z,R,Regular Season,N,1,Final,F,Los Angeles Angels,108,4,Oakland Athletics,133,1,Dylan Bundy,Sean Manaea,Hansel Robles,9,Oakland Coliseum,day,2,4,False,,
631241,2020,2020-07-25,2020-07-25T20:10:00Z,R,Regular Season,N,1,Final,F,Atlanta Braves,144,5,New York Mets,121,3,Luke Jackson,Hunter Strickland,,10,Citi Field,day,2,3,False,,
631382,2020,2020-07-25,2020-07-25T20:10:00Z,R,Regular Season,N,1,Final,F,San Francisco Giants,137,5,Los Angeles Dodgers,119,4,Caleb Baragar,Alex Wood,Trevor Gott,9,Dodger Stadium,day,3,4,False,,
631453,2020,2020-07-25,2020-07-25T20:10:00Z,R,Regular Season,N,1,Final,F,Seattle Mariners,136,2,Houston Astros,117,7,Lance McCullers Jr.,Taijuan Walker,,9,Minute Maid Park,day,2,4,False,,
631565,2020,2020-07-25,2020-07-25T21:10:00Z,R,Regular Season,N,1,Final,F,Kansas City Royals,118,3,Cleveland Indians,114,2,Scott Barlow,James Karinchak,Greg Holland,10,Progressive Field,night,2,3,False,,
631603,2020,2020-07-25,2020-07-25T21:10:00Z,R,Regular Season,N,1,Final,F,Detroit Tigers,116,6,Cincinnati Reds,113,4,Buck Farmer,Raisel Iglesias,Joe Jiménez,9,Great American Ball Park,night,2,3,False,,
630899,2020,2020-07-25,2020-07-25T23:15:00Z,R,Regular Season,N,1,Final,F,New York Yankees,147,2,Washington Nationals,120,9,Tanner Rainey,James Paxton,,9,Nationals Park,night,2,3,False,,
631092,2020,2020-07-25,2020-07-26T01:10:00Z,R,Regular Season,N,1,Final,F,Arizona Diamondbacks,109,1,San Diego Padres,135,5,Dinelson Lamet,Robbie Ray,,9,Petco Park,night,2,4,False,,
630856,2020,2020-07-26,2020-07-26T17:05:00Z,R,Regular Season,N,1,Final,F,New York Yankees,147,3,Washington Nationals,120,2,Chad Green,Sean Doolittle,Zack Britton,9,Nationals Park,day,3,3,False,,
631126,2020,2020-07-26,2020-07-26T17:05:00Z,R,Regular Season,N,1,Final,F,Miami Marlins,146,11,Philadelphia Phillies,143,6,Stephen Tarpley,Cole Irvin,,9,Citizens Bank Park,day,3,3,False,,
630968,2020,2020-07-26,2020-07-26T17:10:00Z,R,Regular Season,N,1,Final,F,Toronto Blue Jays,141,5,Tampa Bay Rays,139,6,Chaz Roe,Shun Yamaguchi,,10,Tropicana Field,day,3,3,False,,
631566,2020,2020-07-26,2020-07-26T17:10:00Z,R,Regular Season,N,1,Final,F,Kansas City Royals,118,2,Cleveland Indians,114,9,Carlos Carrasco,Ronald Bolaños,,9,Progressive Field,day,3,3,False,,
631591,2020,2020-07-26,2020-07-26T17:10:00Z,R,Regular Season,N,1,Final,F,Detroit Tigers,116,3,Cincinnati Reds,113,2,José Cisnero,Michael Lorenzen,Joe Jiménez,9,Great American Ball Park,day,3,3,False,,
631668,2020,2020-07-26,2020-07-26T17:35:00Z,R,Regular Season,N,1,Final,F,Baltimore Orioles,110,7,Boston Red Sox,111,4,Wade LeBlanc,Ryan Weber,Cole Sulser,9,Fenway Park,day,3,3,False,,
631441,2020,2020-07-26,2020-07-26T18:10:00Z,R,Regular Season,N,1,Final,F,Seattle Mariners,136,7,Houston Astros,117,6,Dan Altavilla,Chris Devenski,Taylor Williams,9,Minute Maid Park,day,3,4,False,,
631517,2020,2020-07-26,2020-07-26T18:10:00Z,R,Regular Season,N,1,Final,F,Minnesota Twins,142,14,Chicago White Sox,145,2,Kenta Maeda,Reynaldo López,,9,Guaranteed Rate Field,day,3,3,False,,
630993,2020,2020-07-26,2020-07-26T18:15:00Z,R,Regular Season,N,1,Final,F,Pittsburgh Pirates,134,5,St. Louis Cardinals,138,1,Mitch Keller,Dakota Hudson,,9,Busch Stadium,day,3,3,False,,
631643,2020,2020-07-26,2020-07-26T18:20:00Z,R,Regular Season,N,1,Final,F,Milwaukee Brewers,158,1,Chicago Cubs,112,9,Tyler Chatwood,Freddy Peralta,,9,Wrigley Field,day,3,3,False,,
630943,2020,2020-07-26,2020-07-26T18:35:00Z,R,Regular Season,N,1,Final,F,Colorado Rockies,115,5,Texas Rangers,140,2,Kyle Freeland,Joe Palumbo,Wade Davis,9,Globe Life Field,day,3,3,False,,
631097,2020,2020-07-26,2020-07-26T20:10:00Z,R,Regular Season,N,1,Final,F,Arizona Diamondbacks,109,4,San Diego Padres,135,3,Archie Bradley,Kirby Yates,,9,Petco Park,day,3,4,False,,
631165,2020,2020-07-26,2020-07-26T20:10:00Z,R,Regular Season,N,1,Final,F,Los Angeles Angels,108,4,Oakland Athletics,133,6,Yusmeiro Petit,Shohei Ohtani,Liam Hendriks,9,Oakland Coliseum,day,3,4,False,,
631240,2020,2020-07-26,2020-07-26T23:08:00Z,R,Regular Season,N,1,Final,F,Atlanta Braves,144,14,New York Mets,121,1,Jhoulys Chacín,Rick Porcello,,9,Citi Field,night,3,3,False,,
631384,2020,2020-07-26,2020-07-27T02:08:00Z,R,Regular Season,N,1,Final,F,San Francisco Giants,137,3,Los Angeles Dodgers,119,1,Wandy Peralta,Brusdar Graterol,Trevor Gott,9,Dodger Stadium,night,4,4,False,,
631168,2020,2020-07-27,2020-07-27T19:40:00Z,R,Regular Season,N,1,Final,F,Los Angeles Angels,108,0,Oakland Athletics,133,3,Burch Smith,Griffin Canning,Joakim Soria,9,Oakland Coliseum,day,4,4,False,,
631098,2020,2020-07-27,2020-07-27T20:10:00Z,R,Regular Season,N,1,Final,F,Arizona Diamondbacks,109,2,San Diego Padres,135,6,Cal Quantrill,Luke Weaver,,9,Petco Park,day,4,4,False,,
630861,2020,2020-07-27,2020-07-27T22:05:00Z,R,Regular Season,N,1,Final,F,Toronto Blue Jays,141,4,Washington Nationals,120,1,Ryan Borucki,Aníbal Sánchez,Anthony Bass,9,Nationals Park,night,1,4,False,,
630969,2020,2020-07-27,2020-07-27T22:40:00Z,R,Regular Season,N,1,Final,F,Atlanta Braves,144,5,Tampa Bay Rays,139,14,Diego Castillo,Mike Foltynewicz,,9,Tropicana Field,night,1,4,False,,
631592,2020,2020-07-27,2020-07-27T22:40:00Z,R,Regular Season,N,1,Final,F,Chicago Cubs,112,8,Cincinnati Reds,113,7,Jon Lester,Wade Miley,Jeremy Jeffress,9,Great American Ball Park,night,1,4,False,,
631130,2020,2020-07-27,2020-07-27T23:05:00Z,R,Regular Season,N,1,Final,F,Milwaukee Brewers,158,6,Pittsburgh Pirates,134,5,David Phelps,Dovydas Neverauskas,,11,PNC Park,night,1,3,False,,
631442,2020,2020-07-27,2020-07-27T23:10:00Z,R,Regular Season,N,1,Final,F,Seattle Mariners,136,5,Houston Astros,117,8,Brandon Bielak,Kendall Graveman,Roberto Osuna,9,Minute Maid Park,night,4,4,False,,
631489,2020,2020-07-27,2020-07-27T23:10:00Z,R,Regular Season,N,1,Final,F,Kansas City Royals,118,14,Detroit Tigers,116,6,Foster Griffin,Kyle Funkhouser,,9,Comerica Park,night,1,4,False,,
631669,2020,2020-07-27,2020-07-27T23:35:00Z,R,Regular Season,N,1,Final,F,New York Mets,121,7,Boston Red Sox,111,4,Michael Wacha,Josh Osich,Seth Lugo,9,Fenway Park,night,1,4,False,,
631573,2020,2020-07-28,2020-07-28T19:40:00Z,R,Regular Season,Y,1,Final,F,Chicago White Sox,145,3,Cleveland Indians,114,4,Aaron Civale,Dylan Cease,Brad Hand,9,Progressive Field,day,1,3,False,,
631567,2020,2020-07-28,2020-07-28T19:45:00Z,R,Regular Season,Y,2,Final,F,Chicago White Sox,145,3,Cleveland Indians,114,5,Adam Plutko,Carlos Rodón,Cam Hill,9,Progressive Field,day,1,3,False,,
630866,2020,2020-07-28,2020-07-28T22:05:00Z,R,Regular Season,N,1,Final,F,Toronto Blue Jays,141,5,Washington Nationals,120,1,Tanner Roark,Austin Voth,,9,Nationals Park,night,2,4,False,,
630970,2020,2020-07-28,2020-07-28T22:40:00Z,R,Regular Season,N,1,Final,F,Atlanta Braves,144,2,Tampa Bay Rays,139,5,Pete Fairbanks,Kyle Wright,Oliver Drake,9,Tropicana Field,night,2,4,False,,
631593,2020,2020-07-28,2020-07-28T22:40:00Z,R,Regular Season,N,1,Final,F,Chicago Cubs,112,8,Cincinnati Reds,113,5,Alec Mills,Cody Reed,,9,Great American Ball Park,night,2,4,False,,
631132,2020,2020-07-28,2020-07-28T23:05:00Z,R,Regular Season,N,1,Final,F,Milwaukee Brewers,158,6,Pittsburgh Pirates,134,8,Geoff Hartlieb,Bobby Wahl,Nick Burdi,9,PNC Park,night,2,3,False,,
631490,2020,2020-07-28,2020-07-28T23:10:00Z,R,Regular Season,N,1,Final,F,Kansas City Royals,118,3,Detroit Tigers,116,4,Tyler Alexander,Tyler Zuber,Joe Jiménez,9,Comerica Park,night,2,4,False,,
631663,2020,2020-07-28,2020-07-28T23:30:00Z,R,Regular Season,N,1,Final,F,New York Mets,121,8,Boston Red Sox,111,3,David Peterson,Matt Hall,,9,Fenway Park,night,2,4,False,,
631269,2020,2020-07-28,2020-07-29T00:10:00Z,R,Regular Season,N,1,Final,F,St. Louis Cardinals,138,3,Minnesota Twins,142,6,Homer Bailey,Carlos Martinez,Sergio Romo,9,Target Field,night,1,2,False,,
630944,2020,2020-07-28,2020-07-29T01:05:00Z,R,Regular Season,N,1,Final,F,Arizona Diamondbacks,109,4,Texas Rangers,140,1,Merrill Kelly,Kyle Gibson,Archie Bradley,9,Globe Life Field,night,1,2,False,,
631443,2020,2020-07-28,2020-07-29T01:10:00Z,R,Regular Season,N,1,Final,F,Los Angeles Dodgers,119,5,Houston Astros,117,2,Adam Kolarek,Framber Valdez,Kenley Jansen,9,Minute Maid Park,night,1,2,False,,
631171,2020,2020-07-28,2020-07-29T01:40:00Z,R,Regular Season,N,1,Final,F,Colorado Rockies,115,8,Oakland Athletics,133,3,Antonio Senzatela,Daniel Mengden,,9,Oakland Coliseum,night,1,2,False,,
631387,2020,2020-07-28,2020-07-29T01:40:00Z,R,Regular Season,N,1,Final,F,Seattle Mariners,136,2,Los Angeles Angels,108,10,Ryan Buchter,Justus Sheffield,,9,Angel Stadium,night,1,3,False,,
631014,2020,2020-07-28,2020-07-29T01:45:00Z,R,Regular Season,N,1,Final,F,San Diego Padres,135,5,San Francisco Giants,137,3,Zach Davies,Jeff Samardzija,Drew Pomeranz,9,Oracle Park,night,1,3,False,,
631172,2020,2020-07-29,2020-07-29T19:40:00Z,R,Regular Season,N,1,Final,F,Colorado Rockies,115,5,Oakland Athletics,133,1,Germán Márquez,Frankie Montas,,9,Oakland Coliseum,day,2,2,False,,
630940,2020,2020-07-29,2020-07-29T20:05:00Z,R,Regular Season,N,1,Final,F,Arizona Diamondbacks,109,4,Texas Rangers,140,7,Jonathan Hernández,Andrew Chafin,Nick Goody,9,Globe Life Field,day,2,2,False,,
630916,2020,2020-07-29,2020-07-29T22:05:00Z,R,Regular Season,N,1,Final,F,Washington Nationals,120,4,Toronto Blue Jays,141,0,Daniel Hudson,Shun Yamaguchi,,10,Nationals Park,night,3,4,False,,
631569,2020,2020-07-29,2020-07-29T22:10:00Z,R,Regular Season,N,1,Final,F,Chicago White Sox,145,4,Cleveland Indians,114,0,Aaron Bummer,Brad Hand,,9,Progressive Field,night,3,3,False,,
631594,2020,2020-07-29,2020-07-29T22:40:00Z,R,Regular Season,N,1,Final,F,Chicago Cubs,112,7,Cincinnati Reds,113,12,Sonny Gray,Kyle Hendricks,,9,Great American Ball Park,night,3,4,False,,
631137,2020,2020-07-29,2020-07-29T23:05:00Z,R,Regular Season,N,1,Final,F,Milwaukee Brewers,158,3,Pittsburgh Pirates,134,0,Brandon Woodruff,Joe Musgrove,Josh Hader,9,PNC Park,night,3,3,False,,
630272,2020,2020-07-29,2020-07-29T23:10:00Z,R,Regular Season,N,1,Final,F,Tampa Bay Rays,139,4,Atlanta Braves,144,7,Darren O'Day,Oliver Drake,Mark Melancon,9,Truist Park,night,3,4,False,,
631239,2020,2020-07-29,2020-07-29T23:10:00Z,R,Regular Season,N,1,Final,F,Boston Red Sox,111,6,New York Mets,121,5,Heath Hembree,Justin Wilson,Brandon Workman,9,Citi Field,night,3,4,False,,
631444,2020,2020-07-29,2020-07-29T23:10:00Z,R,Regular Season,N,1,Final,F,Los Angeles Dodgers,119,4,Houston Astros,117,2,Dennis Santana,Cy Sneed,,13,Minute Maid Park,night,2,2,False,,
631492,2020,2020-07-29,2020-07-29T23:10:00Z,R,Regular Season,N,1,Final,F,Kansas City Royals,118,4,Detroit Tigers,116,5,Bryan Garcia,Ian Kennedy,Joe Jiménez,9,Comerica Park,night,3,4,False,,
630495,2020,2020-07-29,2020-07-29T23:35:00Z,R,Regular Season,N,1,Final,F,New York Yankees,147,9,Baltimore Orioles,110,3,Gerrit Cole,Asher Wojciechowski,,9,Oriole Park at Camden Yards,night,1,2,False,,
631270,2020,2020-07-29,2020-07-30T00:10:00Z,R,Regular Season,N,1,Final,F,St. Louis Cardinals,138,0,Minnesota Twins,142,3,Rich Hill,Daniel Ponce de Leon,Taylor Rogers,9,Target Field,night,2,2,False,,
631033,2020,2020-07-29,2020-07-30T01:45:00Z,R,Regular Season,N,1,Final,F,San Diego Padres,135,6,San Francisco Giants,137,7,Tyler Rogers,Matt Strahm,,9,Oracle Park,night,2,3,False,,
631389,2020,2020-07-29,2020-07-30T02:10:00Z,R,Regular Season,N,1,Final,F,Seattle Mariners,136,10,Los Angeles Angels,108,7,Bryan Shaw,Jacob Barnes,Dan Altavilla,9,Angel Stadium,night,2,3,False,,
630917,2020,2020-07-30,2020-07-30T20:05:00Z,R,Regular Season,N,1,Final,F,Washington Nationals,120,6,Toronto Blue Jays,141,4,Ryne Harper,Hyun Jin Ryu,Daniel Hudson,9,Nationals Park,day,4,4,False,,
630496,2020,2020-07-30,2020-07-30T23:05:00Z,R,Regular Season,N,1,Final,F,New York Yankees,147,8,Baltimore Orioles,110,6,Jonathan Loáisiga,Cole Sulser,Zack Britton,9,Oriole Park at Camden Yards,night,2,2,False,,
631238,2020,2020-07-30,2020-07-30T23:07:00Z,R,Regular Season,N,1,Final,F,Boston Red Sox,111,4,New York Mets,121,2,Martín Pérez,Steven Matz,Brandon Workman,9,Citi Field,night,4,4,False,,
631271,2020,2020-07-30,2020-07-30T23:07:00Z,R,Regular Season,N,1,Final,F,Cleveland Indians,114,2,Minnesota Twins,142,0,Shane Bieber,José Berríos,James Karinchak,9,Target Field,night,1,4,False,,
630346,2020,2020-07-30,2020-07-30T23:10:00Z,R,Regular Season,N,1,Final,F,Tampa Bay Rays,139,1,Atlanta Braves,144,2,Max Fried,Ryan Yarbrough,Mark Melancon,9,Truist Park,night,4,4,False,,
631494,2020,2020-07-30,2020-07-30T23:10:00Z,R,Regular Season,N,1,Final,F,Kansas City Royals,118,5,Detroit Tigers,116,3,Greg Holland,José Cisnero,Trevor Rosenthal,9,Comerica Park,night,4,4,False,,
630145,2020,2020-07-30,2020-07-31T01:40:00Z,R,Regular Season,N,1,Final,F,Los Angeles Dodgers,119,6,Arizona Diamondbacks,109,3,Ross Stripling,Robbie Ray,Pedro Báez,9,Chase Field,night,1,4,False,,
631390,2020,2020-07-30,2020-07-31T01:40:00Z,R,Regular Season,N,1,Final,F,Seattle Mariners,136,8,Los Angeles Angels,108,5,Marco Gonzales,Dylan Bundy,,9,Angel Stadium,night,3,3,False,,
631018,2020,2020-07-30,2020-07-31T01:45:00Z,R,Regular Season,N,1,Final,F,San Diego Padres,135,12,San Francisco Giants,137,7,Pierce Johnson,Tyler Rogers,,10,Oracle Park,night,3,3,False,,
631222,2020,2020-07-31,2020-07-31T23:05:00Z,R,Regular Season,N,1,Final,F,Boston Red Sox,111,1,New York Yankees,147,5,Jordan Montgomery,Ryan Weber,,9,Yankee Stadium,night,1,3,False,,
630275,2020,2020-07-31,2020-07-31T23:10:00Z,R,Regular Season,N,1,Final,F,New York Mets,121,10,Atlanta Braves,144,11,Grant Dayton,Seth Lugo,Chris Martin,9,Truist Park,night,1,4,False,,
631480,2020,2020-07-31,2020-07-31T23:10:00Z,R,Regular Season,N,1,Final,F,Cincinnati Reds,113,2,Detroit Tigers,116,7,Spencer Turnbull,Luis Castillo,,9,Comerica Park,night,1,3,False,,
630592,2020,2020-07-31,2020-07-31T23:35:00Z,R,Regular Season,N,1,Final,F,Tampa Bay Rays,139,3,Baltimore Orioles,110,6,Paul Fry,Pete Fairbanks,Cole Sulser,9,Oriole Park at Camden Yards,night,1,3,False,,
631410,2020,2020-07-31,2020-08-01T00:05:00Z,R,Regular Season,N,1,Final,F,Chicago White Sox,145,3,Kansas City Royals,118,2,Dallas Keuchel,Kris Bubic,Alex Colomé,9,Kauffman Stadium,night,1,3,False,,
631272,2020,2020-07-31,2020-08-01T00:10:00Z,R,Regular Season,N,1,Final,F,Cleveland Indians,114,1,Minnesota Twins,142,4,Randy Dobnak,Mike Clevinger,Taylor Rogers,9,Target Field,night,2,4,False,,
631539,2020,2020-07-31,2020-08-01T00:10:00Z,R,Regular Season,N,1,Final,F,San Diego Padres,135,8,Colorado Rockies,115,7,Craig Stammen,Wade Davis,Drew Pomeranz,9,Coors Field,night,1,3,False,,
631647,2020,2020-07-31,2020-08-01T00:15:00Z,R,Regular Season,N,1,Final,F,Pittsburgh Pirates,134,3,Chicago Cubs,112,6,Yu Darvish,Trevor Williams,,9,Wrigley Field,night,1,3,False,,
631019,2020,2020-07-31,2020-08-01T01:10:00Z,R,Regular Season,N,1,Final,F,Texas Rangers,140,2,San Francisco Giants,137,9,Conner Menez,Mike Minor,,9,Oracle Park,night,1,3,False,,
631391,2020,2020-07-31,2020-08-01T01:10:00Z,R,Regular Season,N,1,Final,F,Houston Astros,117,9,Los Angeles Angels,108,6,Brandon Bielak,Matt Andriese,Andre Scrubb,9,Angel Stadium,night,1,3,False,,
630201,2020,2020-07-31,2020-08-01T01:40:00Z,R,Regular Season,N,1,Final,F,Los Angeles Dodgers,119,3,Arizona Diamondbacks,109,5,Héctor Rondón,Blake Treinen,Archie Bradley,9,Chase Field,night,2,4,False,,
631066,2020,2020-07-31,2020-08-01T01:40:00Z,R,Regular Season,N,1,Final,F,Oakland Athletics,133,3,Seattle Mariners,136,5,Taijuan Walker,Sean Manaea,Taylor Williams,9,T-Mobile Park,night,1,4,False,,
631413,2020,2020-08-01,2020-08-01T23:05:00Z,R,Regular Season,N,1,Final,F,Chicago White Sox,145,11,Kansas City Royals,118,5,Matt Foster,Ronald Bolaños,Codi Heuer,9,Kauffman Stadium,night,2,3,False,,
631224,2020,2020-08-01,2020-08-01T23:07:00Z,R,Regular Season,N,1,Final,F,Boston Red Sox,111,2,New York Yankees,147,5,Nick Nelson,Zack Godley,David Hale,9,Yankee Stadium,night,2,3,False,,
631392,2020,2020-08-01,2020-08-01T23:07:00Z,R,Regular Season,N,1,Final,F,Houston Astros,117,4,Los Angeles Angels,108,5,Ryan Buchter,Nivaldo Rodriguez,,10,Angel Stadium,day,2,3,False,,
630278,2020,2020-08-01,2020-08-01T23:10:00Z,R,Regular Season,N,1,Final,F,New York Mets,121,1,Atlanta Braves,144,7,Josh Tomlin,Michael Wacha,,9,Truist Park,night,2,4,False,,
631273,2020,2020-08-01,2020-08-01T23:10:00Z,R,Regular Season,N,1,Final,F,Cleveland Indians,114,0,Minnesota Twins,142,3,Kenta Maeda,Carlos Carrasco,Taylor Rogers,9,Target Field,night,3,4,False,,
630492,2020,2020-08-01,2020-08-01T23:35:00Z,R,Regular Season,N,1,Final,F,Tampa Bay Rays,139,4,Baltimore Orioles,110,5,Travis Lakins,Oliver Drake,,11,Oriole Park at Camden Yards,night,2,3,False,,
630100,2020,2020-08-01,2020-08-02T00:10:00Z,R,Regular Season,N,1,Final,F,Los Angeles Dodgers,119,11,Arizona Diamondbacks,109,2,Julio Urías,Luke Weaver,,9,Chase Field,night,3,4,False,,
631540,2020,2020-08-01,2020-08-02T00:10:00Z,R,Regular Season,N,1,Final,F,San Diego Padres,135,1,Colorado Rockies,115,6,Kyle Freeland,Joey Lucchesi,,9,Coors Field,night,2,3,False,,
631622,2020,2020-08-01,2020-08-02T00:15:00Z,R,Regular Season,N,1,Final,F,Pittsburgh Pirates,134,3,Chicago Cubs,112,4,Tyler Chatwood,Mitch Keller,Rowan Wick,9,Wrigley Field,night,2,3,False,,
631020,2020,2020-08-01,2020-08-02T01:10:00Z,R,Regular Season,N,1,Final,F,Texas Rangers,140,3,San Francisco Giants,137,7,Caleb Baragar,Jordan Lyles,,9,Oracle Park,night,2,3,False,,
631067,2020,2020-08-01,2020-08-02T01:10:00Z,R,Regular Season,N,1,Final,F,Oakland Athletics,133,3,Seattle Mariners,136,2,Joakim Soria,Dan Altavilla,Liam Hendriks,10,T-Mobile Park,night,2,4,False,,
631470,2020,2020-08-02,2020-08-02T16:10:00Z,R,Regular Season,Y,1,Final,F,Cincinnati Reds,113,4,Detroit Tigers,116,3,Raisel Iglesias,Joe Jiménez,,7,Comerica Park,day,2,3,False,,
631469,2020,2020-08-02,2020-08-02T16:15:00Z,R,Regular Season,Y,2,Final,F,Cincinnati Reds,113,4,Detroit Tigers,116,0,Trevor Bauer,Daniel Norris,,7,Comerica Park,day,3,3,False,,
630493,2020,2020-08-02,2020-08-02T17:05:00Z,R,Regular Season,N,1,Final,F,Tampa Bay Rays,139,1,Baltimore Orioles,110,5,Evan Phillips,Jalen Beeks,Cole Sulser,9,Oriole Park at Camden Yards,day,3,3,False,,
630280,2020,2020-08-02,2020-08-02T17:10:00Z,R,Regular Season,N,1,Final,F,New York Mets,121,0,Atlanta Braves,144,4,Tyler Matzek,David Peterson,,9,Truist Park,day,3,4,False,,
631415,2020,2020-08-02,2020-08-02T18:05:00Z,R,Regular Season,N,1,Final,F,Chicago White Sox,145,9,Kansas City Royals,118,2,Dylan Cease,Scott Barlow,,9,Kauffman Stadium,day,3,3,False,,
631274,2020,2020-08-02,2020-08-02T18:10:00Z,R,Regular Season,N,1,Final,F,Cleveland Indians,114,1,Minnesota Twins,142,3,Devin Smeltzer,Aaron Civale,Sergio Romo,9,Target Field,day,4,4,False,,
631606,2020,2020-08-02,2020-08-02T18:20:00Z,R,Regular Season,N,1,Final,F,Pittsburgh Pirates,134,1,Chicago Cubs,112,2,Jeremy Jeffress,Cody Ponce,,11,Wrigley Field,day,3,3,False,,
631541,2020,2020-08-02,2020-08-02T19:10:00Z,R,Regular Season,N,1,Final,F,San Diego Padres,135,6,Colorado Rockies,115,9,Antonio Senzatela,Zach Davies,Jairo Díaz,9,Coors Field,day,3,3,False,,
631021,2020,2020-08-02,2020-08-02T20:05:00Z,R,Regular Season,N,1,Final,F,Texas Rangers,140,9,San Francisco Giants,137,5,Jonathan Hernández,Andrew Triggs,,9,Oracle Park,day,3,3,False,,
630101,2020,2020-08-02,2020-08-02T20:10:00Z,R,Regular Season,N,1,Final,F,Los Angeles Dodgers,119,3,Arizona Diamondbacks,109,0,Clayton Kershaw,Merrill Kelly,Kenley Jansen,9,Chase Field,day,4,4,False,,
631068,2020,2020-08-02,2020-08-02T20:10:00Z,R,Regular Season,N,1,Final,F,Oakland Athletics,133,3,Seattle Mariners,136,2,Chris Bassitt,Kendall Graveman,Liam Hendriks,9,T-Mobile Park,day,3,4,False,,
631393,2020,2020-08-02,2020-08-02T20:10:00Z,R,Regular Season,N,1,Final,F,Houston Astros,117,6,Los Angeles Angels,108,5,Blake Taylor,Jacob Barnes,,11,Angel Stadium,day,3,3,False,,
631210,2020,2020-08-02,2020-08-02T23:08:00Z,R,Regular Season,N,1,Final,F,Boston Red Sox,111,7,New York Yankees,147,9,Adam Ottavino,Matt Barnes,Zack Britton,9,Yankee Stadium,night,3,3,False,,
631596,2020,2020-08-03,2020-08-03T22:40:00Z,R,Regular Season,N,1,Final,F,Cleveland Indians,114,2,Cincinnati Reds,113,3,Sonny Gray,Zach Plesac,Raisel Iglesias,9,Great American Ball Park,night,1,4,False,,
631219,2020,2020-08-03,2020-08-03T23:05:00Z,R,Regular Season,N,1,Final,F,Philadelphia Phillies,143,3,New York Yankees,147,6,Gerrit Cole,Jake Arrieta,Zack Britton,9,Yankee Stadium,night,1,4,False,,
630281,2020,2020-08-03,2020-08-03T23:10:00Z,R,Regular Season,N,1,Final,F,New York Mets,121,7,Atlanta Braves,144,2,Jacob deGrom,Michael Soroka,,9,Truist Park,night,4,4,False,,
631275,2020,2020-08-03,2020-08-04T00:10:00Z,R,Regular Season,N,1,Final,F,Pittsburgh Pirates,134,4,Minnesota Twins,142,5,Taylor Rogers,Nick Burdi,,9,Target Field,night,1,4,False,,
631293,2020,2020-08-03,2020-08-04T00:10:00Z,R,Regular Season,N,1,Final,F,Chicago White Sox,145,6,Milwaukee Brewers,158,4,Ross Detwiler,David Phelps,Alex Colomé,9,Miller Park,night,1,4,False,,
631645,2020,2020-08-03,2020-08-04T00:15:00Z,R,Regular Season,N,1,Final,F,Kansas City Royals,118,0,Chicago Cubs,112,2,Alec Mills,Danny Duffy,Rowan Wick,9,Wrigley Field,night,1,4,False,,
631542,2020,2020-08-03,2020-08-04T00:40:00Z,R,Regular Season,N,1,Final,F,San Francisco Giants,137,6,Colorado Rockies,115,7,Jeff Hoffman,Wandy Peralta,Jairo Díaz,9,Coors Field,night,1,4,False,,
631070,2020,2020-08-03,2020-08-04T01:10:00Z,R,Regular Season,N,1,Final,F,Oakland Athletics,133,11,Seattle Mariners,136,1,Frankie Montas,Justus Sheffield,,9,T-Mobile Park,night,4,4,False,,
631090,2020,2020-08-03,2020-08-04T01:10:00Z,R,Regular Season,N,1,Final,F,Los Angeles Dodgers,119,4,San Diego Padres,135,5,Chris Paddack,Brusdar Graterol,Kirby Yates,9,Petco Park,night,1,3,False,,
631276,2020,2020-08-04,2020-08-04T18:10:00Z,R,Regular Season,N,1,Final,F,Pittsburgh Pirates,134,3,Minnesota Twins,142,7,José Berríos,Joe Musgrove,Trevor May,9,Target Field,day,2,4,False,,
631597,2020,2020-08-04,2020-08-04T22:10:00Z,R,Regular Season,N,1,Final,F,Cleveland Indians,114,4,Cincinnati Reds,113,2,Shane Bieber,Nate Jones,Brad Hand,9,Great American Ball Park,night,2,4,False,,
630971,2020,2020-08-04,2020-08-04T22:40:00Z,R,Regular Season,N,1,Final,F,Boston Red Sox,111,1,Tampa Bay Rays,139,5,Charlie Morton,Nathan Eovaldi,Nick Anderson,9,Tropicana Field,night,1,2,False,,
630874,2020,2020-08-04,2020-08-04T23:05:00Z,R,Regular Season,N,1,Final,F,New York Mets,121,3,Washington Nationals,120,5,Patrick Corbin,Steven Matz,Daniel Hudson,9,Nationals Park,night,1,2,False,,
630284,2020,2020-08-04,2020-08-04T23:10:00Z,R,Regular Season,N,1,Final,F,Toronto Blue Jays,141,1,Atlanta Braves,144,10,Max Fried,Matt Shoemaker,,9,Truist Park,night,1,3,False,,
630575,2020,2020-08-04,2020-08-04T23:35:00Z,R,Regular Season,N,1,Final,F,Miami Marlins,146,4,Baltimore Orioles,110,0,Pablo López,John Means,,9,Oriole Park at Camden Yards,night,1,4,False,,
631294,2020,2020-08-04,2020-08-05T00:10:00Z,R,Regular Season,N,1,Final,F,Chicago White Sox,145,3,Milwaukee Brewers,158,2,Lucas Giolito,Devin Williams,Alex Colomé,9,Miller Park,night,2,4,False,,
631608,2020,2020-08-04,2020-08-05T00:15:00Z,R,Regular Season,N,1,Final,F,Kansas City Royals,118,4,Chicago Cubs,112,5,Kyle Hendricks,Brady Singer,Kyle Ryan,9,Wrigley Field,night,2,4,False,,
631543,2020,2020-08-04,2020-08-05T00:40:00Z,R,Regular Season,N,1,Final,F,San Francisco Giants,137,2,Colorado Rockies,115,5,Germán Márquez,Kevin Gausman,Yency Almonte,9,Coors Field,night,2,4,False,,
630109,2020,2020-08-04,2020-08-05T01:10:00Z,R,Regular Season,N,1,Final,F,Houston Astros,117,8,Arizona Diamondbacks,109,2,Cristian Javier,Madison Bumgarner,,9,Chase Field,night,1,3,False,,
631069,2020,2020-08-04,2020-08-05T01:10:00Z,R,Regular Season,N,1,Final,F,Los Angeles Dodgers,119,5,San Diego Padres,135,2,Dustin May,Craig Stammen,Kenley Jansen,9,Petco Park,night,2,3,False,,
631173,2020,2020-08-04,2020-08-05T01:10:00Z,R,Regular Season,N,1,Final,F,Texas Rangers,140,1,Oakland Athletics,133,5,Liam Hendriks,Edinson Volquez,,9,Oakland Coliseum,night,1,3,False,,
631057,2020,2020-08-04,2020-08-05T02:10:00Z,R,Regular Season,N,1,Final,F,Los Angeles Angels,108,5,Seattle Mariners,136,3,Andrew Heaney,Justin Dunn,Ty Buttrey,9,T-Mobile Park,night,1,3,False,,
631220,2020,2020-08-05,2020-08-05T20:05:00Z,R,Regular Season,Y,1,Final,F,Philadelphia Phillies,143,11,New York Yankees,147,7,Zack Wheeler,J.A. Happ,Héctor Neris,7,Citizens Bank Park,night,2,4,False,,
631127,2020,2020-08-05,2020-08-05T20:10:00Z,R,Regular Season,Y,2,Final,F,New York Yankees,147,3,Philadelphia Phillies,143,1,Adam Ottavino,Tommy Hunter,Zack Britton,7,Citizens Bank Park,night,3,4,False,,
630591,2020,2020-08-05,2020-08-05T21:05:00Z,R,Regular Season,Y,1,Final,F,Miami Marlins,146,1,Baltimore Orioles,110,0,Nick Vincent,Alex Cobb,Brandon Kintzler,7,Oriole Park at Camden Yards,night,2,4,False,,
631339,2020,2020-08-05,2020-08-05T21:10:00Z,R,Regular Season,Y,2,Final,F,Baltimore Orioles,110,1,Miami Marlins,146,2,Brian Moran,Asher Wojciechowski,Stephen Tarpley,7,Oriole Park at Camden Yards,night,3,4,False,,
630878,2020,2020-08-05,2020-08-05T22:05:00Z,R,Regular Season,N,1,Final,F,New York Mets,121,3,Washington Nationals,120,1,Rick Porcello,Erick Fedde,Seth Lugo,9,Nationals Park,night,2,2,False,,
630972,2020,2020-08-05,2020-08-05T22:40:00Z,R,Regular Season,N,1,Final,F,Boston Red Sox,111,5,Tampa Bay Rays,139,0,Martín Pérez,Ryan Yarbrough,,9,Tropicana Field,night,2,2,False,,
631140,2020,2020-08-05,2020-08-05T23:05:00Z,R,Regular Season,N,1,Final,F,Minnesota Twins,142,5,Pittsburgh Pirates,134,2,Randy Dobnak,Trevor Williams,,9,PNC Park,night,3,4,False,,
630307,2020,2020-08-05,2020-08-05T23:10:00Z,R,Regular Season,N,1,Final,F,Toronto Blue Jays,141,2,Atlanta Braves,144,1,Hyun Jin Ryu,Sean Newcomb,Anthony Bass,9,Truist Park,night,2,3,False,,
631570,2020,2020-08-05,2020-08-05T23:10:00Z,R,Regular Season,N,1,Final,F,Cincinnati Reds,113,0,Cleveland Indians,114,2,Mike Clevinger,Tejay Antone,Brad Hand,9,Progressive Field,night,3,4,False,,
631417,2020,2020-08-05,2020-08-06T00:05:00Z,R,Regular Season,N,1,Final,F,Chicago Cubs,112,6,Kansas City Royals,118,1,Yu Darvish,Kris Bubic,,9,Kauffman Stadium,night,1,2,False,,
631518,2020,2020-08-05,2020-08-06T00:10:00Z,R,Regular Season,N,1,Final,F,Milwaukee Brewers,158,1,Chicago White Sox,145,0,Adrian Houser,Dallas Keuchel,Josh Hader,9,Guaranteed Rate Field,night,3,4,False,,
631544,2020,2020-08-05,2020-08-06T00:40:00Z,R,Regular Season,N,1,Final,F,San Francisco Giants,137,4,Colorado Rockies,115,3,Logan Webb,Jon Gray,Trevor Gott,9,Coors Field,night,3,4,False,,
630110,2020,2020-08-05,2020-08-06T01:10:00Z,R,Regular Season,N,1,Final,F,Houston Astros,117,7,Arizona Diamondbacks,109,14,Robbie Ray,Lance McCullers Jr.,,9,Chase Field,night,2,3,False,,
631085,2020,2020-08-05,2020-08-06T01:10:00Z,R,Regular Season,N,1,Final,F,Los Angeles Dodgers,119,7,San Diego Padres,135,6,Ross Stripling,Garrett Richards,Kenley Jansen,9,Petco Park,night,3,3,False,,
631174,2020,2020-08-05,2020-08-06T01:10:00Z,R,Regular Season,N,1,Final,F,Texas Rangers,140,4,Oakland Athletics,133,6,T.J. McFarland,Ian Gibaut,Joakim Soria,9,Oakland Coliseum,night,2,3,False,,
631043,2020,2020-08-05,2020-08-06T01:40:00Z,R,Regular Season,N,1,Final,F,Los Angeles Angels,108,6,Seattle Mariners,136,7,Marco Gonzales,Julio Teheran,Carl Edwards Jr.,9,T-Mobile Park,night,2,3,False,,
631148,2020,2020-08-06,2020-08-06T17:35:00Z,R,Regular Season,N,1,Final,F,Minnesota Twins,142,5,Pittsburgh Pirates,134,6,Sam Howard,Taylor Rogers,,9,PNC Park,day,4,4,False,,
631545,2020,2020-08-06,2020-08-06T19:10:00Z,R,Regular Season,N,1,Final,F,San Francisco Giants,137,4,Colorado Rockies,115,6,Yency Almonte,Rico Garcia,Jairo Díaz,9,Coors Field,day,4,4,False,,
631175,2020,2020-08-06,2020-08-06T19:40:00Z,R,Regular Season,N,1,Final,F,Texas Rangers,140,4,Oakland Athletics,133,6,Mike Fiers,Mike Minor,Liam Hendriks,9,Oakland Coliseum,day,3,3,False,,
631042,2020,2020-08-06,2020-08-06T20:10:00Z,R,Regular Season,N,1,Final,F,Los Angeles Angels,108,6,Seattle Mariners,136,1,Dylan Bundy,Taijuan Walker,,9,T-Mobile Park,day,3,3,False,,
631129,2020,2020-08-06,2020-08-06T22:05:00Z,R,Regular Season,N,1,Final,F,New York Yankees,147,4,Philadelphia Phillies,143,5,Deolis Guerra,Jordan Montgomery,Héctor Neris,9,Citizens Bank Park,night,4,4,False,,
631571,2020,2020-08-06,2020-08-06T22:10:00Z,R,Regular Season,N,1,Final,F,Cincinnati Reds,113,0,Cleveland Indians,114,13,Carlos Carrasco,Luis Castillo,,9,Progressive Field,night,4,4,False,,
630111,2020,2020-08-06,2020-08-06T23:07:00Z,R,Regular Season,N,1,Final,F,Houston Astros,117,4,Arizona Diamondbacks,109,5,Junior Guerra,Ryan Pressly,,9,Chase Field,day,3,3,False,,
631425,2020,2020-08-06,2020-08-06T23:07:00Z,R,Regular Season,N,1,Final,F,Chicago Cubs,112,2,Kansas City Royals,118,13,Brad Keller,Tyler Chatwood,,9,Kauffman Stadium,night,2,2,False,,
630313,2020,2020-08-06,2020-08-06T23:10:00Z,R,Regular Season,N,1,Final,F,Toronto Blue Jays,141,3,Atlanta Braves,144,4,Mark Melancon,Wilmer Font,,9,Truist Park,night,3,3,False,,
631340,2020,2020-08-06,2020-08-06T23:35:00Z,R,Regular Season,N,1,Final,F,Baltimore Orioles,110,7,Miami Marlins,146,8,Mike Morin,Evan Phillips,Brandon Kintzler,9,Oriole Park at Camden Yards,night,4,4,False,,
631513,2020,2020-08-06,2020-08-07T00:10:00Z,R,Regular Season,N,1,Final,F,Milwaukee Brewers,158,8,Chicago White Sox,145,3,Josh Lindblom,Gio Gonzalez,,9,Guaranteed Rate Field,night,4,4,False,,
630879,2020,2020-08-07,2020-08-07T22:05:00Z,R,Regular Season,N,1,Final,F,Baltimore Orioles,110,11,Washington Nationals,120,0,Tommy Milone,Aníbal Sánchez,,9,Nationals Park,night,1,2,False,,
630974,2020,2020-08-07,2020-08-07T22:40:00Z,R,Regular Season,N,1,Final,F,New York Yankees,147,0,Tampa Bay Rays,139,1,Chaz Roe,Adam Ottavino,,9,Tropicana Field,night,1,4,False,,
631105,2020,2020-08-07,2020-08-07T23:05:00Z,R,Regular Season,N,1,Final,F,Detroit Tigers,116,17,Pittsburgh Pirates,134,13,Bryan Garcia,Dovydas Neverauskas,,11,PNC Park,night,1,3,False,,
631237,2020,2020-08-07,2020-08-07T23:10:00Z,R,Regular Season,N,1,Final,F,Miami Marlins,146,4,New York Mets,121,3,Stephen Tarpley,Michael Wacha,Nick Vincent,9,Citi Field,night,1,3,False,,
631623,2020,2020-08-07,2020-08-07T23:30:00Z,R,Regular Season,N,1,Final,F,Toronto Blue Jays,141,3,Boston Red Sox,111,5,Heath Hembree,Tanner Roark,Brandon Workman,9,Fenway Park,night,1,3,False,,
631419,2020,2020-08-07,2020-08-08T00:05:00Z,R,Regular Season,N,1,Final,F,Minnesota Twins,142,2,Kansas City Royals,118,3,Greg Holland,Matt Wisler,Trevor Rosenthal,9,Kauffman Stadium,night,1,3,False,,
631295,2020,2020-08-07,2020-08-08T00:10:00Z,R,Regular Season,N,1,Final,F,Cincinnati Reds,113,8,Milwaukee Brewers,158,3,Trevor Bauer,Eric Lauer,,9,Miller Park,night,1,3,False,,
631504,2020,2020-08-07,2020-08-08T00:10:00Z,R,Regular Season,N,1,Final,F,Cleveland Indians,114,0,Chicago White Sox,145,2,Dylan Cease,Aaron Civale,Alex Colomé,9,Guaranteed Rate Field,night,1,3,False,,
630920,2020,2020-08-07,2020-08-08T01:05:00Z,R,Regular Season,N,1,Final,F,Los Angeles Angels,108,3,Texas Rangers,140,4,Jordan Lyles,Griffin Canning,Rafael Montero,9,Globe Life Field,night,1,3,False,,
631073,2020,2020-08-07,2020-08-08T01:10:00Z,R,Regular Season,N,1,Final,F,Arizona Diamondbacks,109,0,San Diego Padres,135,3,Zach Davies,Luke Weaver,Kirby Yates,9,Petco Park,night,1,3,False,,
631176,2020,2020-08-07,2020-08-08T01:10:00Z,R,Regular Season,N,1,Final,F,Houston Astros,117,2,Oakland Athletics,133,3,J.B. Wendelken,Cy Sneed,,13,Oakland Coliseum,night,1,3,False,,
631045,2020,2020-08-07,2020-08-08T01:40:00Z,R,Regular Season,N,1,Final,F,Colorado Rockies,115,8,Seattle Mariners,136,4,Antonio Senzatela,Yusei Kikuchi,,9,T-Mobile Park,night,1,3,False,,
631358,2020,2020-08-07,2020-08-08T01:40:00Z,R,Regular Season,N,1,Final,F,San Francisco Giants,137,2,Los Angeles Dodgers,119,7,Dylan Floro,Jeff Samardzija,,9,Dodger Stadium,night,1,3,False,,
630962,2020,2020-08-08,2020-08-08T18:10:00Z,R,Regular Season,Y,1,Final,F,New York Yankees,147,8,Tampa Bay Rays,139,4,Chad Green,Tyler Glasnow,,7,Tropicana Field,day,2,4,False,,
631503,2020,2020-08-08,2020-08-08T18:10:00Z,R,Regular Season,N,1,Final,F,Cleveland Indians,114,7,Chicago White Sox,145,1,Zach Plesac,Drew Anderson,,9,Guaranteed Rate Field,day,2,3,False,,
630973,2020,2020-08-08,2020-08-08T18:15:00Z,R,Regular Season,Y,2,Final,F,New York Yankees,147,3,Tampa Bay Rays,139,5,Pete Fairbanks,Michael King,Nick Anderson,7,Tropicana Field,day,3,4,False,,
631106,2020,2020-08-08,2020-08-08T20:05:00Z,R,Regular Season,N,1,Final,F,Detroit Tigers,116,11,Pittsburgh Pirates,134,5,Iván Nova,Derek Holland,,9,PNC Park,day,2,3,False,,
631177,2020,2020-08-08,2020-08-08T20:10:00Z,R,Regular Season,N,1,Final,F,Houston Astros,117,1,Oakland Athletics,133,3,Frankie Montas,Framber Valdez,Liam Hendriks,9,Oakland Coliseum,day,2,3,False,,
630880,2020,2020-08-08,2020-08-08T22:05:00Z,R,Regular Season,N,1,Final,F,Baltimore Orioles,110,5,Washington Nationals,120,3,Shawn Armstrong,Daniel Hudson,Miguel Castro,9,Nationals Park,night,2,2,False,,
631133,2020,2020-08-08,2020-08-08T22:05:00Z,R,Regular Season,N,1,Final,F,Atlanta Braves,144,0,Philadelphia Phillies,143,5,Jake Arrieta,Kyle Wright,,9,Citizens Bank Park,night,1,4,False,,
630935,2020,2020-08-08,2020-08-08T23:05:00Z,R,Regular Season,N,1,Final,F,Los Angeles Angels,108,0,Texas Rangers,140,2,Edinson Volquez,Patrick Sandoval,Rafael Montero,9,Globe Life Field,night,2,3,False,,
631420,2020,2020-08-08,2020-08-08T23:05:00Z,R,Regular Season,N,1,Final,F,Minnesota Twins,142,6,Kansas City Royals,118,9,Tyler Zuber,Lewis Thorpe,Trevor Rosenthal,9,Kauffman Stadium,night,2,3,False,,
631236,2020,2020-08-08,2020-08-08T23:10:00Z,R,Regular Season,N,1,Final,F,Miami Marlins,146,4,New York Mets,121,8,David Peterson,Daniel Castano,,9,Citi Field,night,2,3,False,,
631296,2020,2020-08-08,2020-08-08T23:10:00Z,R,Regular Season,N,1,Final,F,Cincinnati Reds,113,4,Milwaukee Brewers,158,1,Anthony DeSclafani,Brett Anderson,Raisel Iglesias,9,Miller Park,night,2,3,False,,
631658,2020,2020-08-08,2020-08-08T23:30:00Z,R,Regular Season,N,1,Final,F,Toronto Blue Jays,141,2,Boston Red Sox,111,1,Anthony Kay,Marcus Walden,Anthony Bass,9,Fenway Park,night,2,3,False,,
631046,2020,2020-08-08,2020-08-09T01:10:00Z,R,Regular Season,N,1,Final,F,Colorado Rockies,115,5,Seattle Mariners,136,0,Jeff Hoffman,Anthony Misiewicz,,9,T-Mobile Park,night,2,3,False,,
631074,2020,2020-08-08,2020-08-09T01:10:00Z,R,Regular Season,N,1,Final,F,Arizona Diamondbacks,109,3,San Diego Padres,135,2,Merrill Kelly,Chris Paddack,Archie Bradley,9,Petco Park,night,2,3,False,,
631343,2020,2020-08-08,2020-08-09T01:10:00Z,R,Regular Season,N,1,Final,F,San Francisco Giants,137,5,Los Angeles Dodgers,119,4,Johnny Cueto,Clayton Kershaw,Trevor Gott,9,Dodger Stadium,night,2,3,False,,
631136,2020,2020-08-09,2020-08-09T17:05:00Z,R,Regular Season,Y,1,Final,F,Atlanta Braves,144,5,Philadelphia Phillies,143,2,Tyler Matzek,Deolis Guerra,Mark Melancon,7,Citizens Bank Park,day,2,4,False,,
630946,2020,2020-08-09,2020-08-09T17:10:00Z,R,Regular Season,N,1,Final,F,New York Yankees,147,3,Tampa Bay Rays,139,4,Ryan Thompson,Zack Britton,,9,Tropicana Field,day,4,4,False,,
631131,2020,2020-08-09,2020-08-09T17:10:00Z,R,Regular Season,Y,2,Completed Early,F,Atlanta Braves,144,8,Philadelphia Phillies,143,0,Max Fried,Spencer Howard,,7,Citizens Bank Park,day,3,4,False,,
631235,2020,2020-08-09,2020-08-09T17:10:00Z,R,Regular Season,N,1,Final,F,Miami Marlins,146,2,New York Mets,121,4,Jacob deGrom,Pablo López,Seth Lugo,9,Citi Field,day,3,3,False,,
631110,2020,2020-08-09,2020-08-09T17:35:00Z,R,Regular Season,N,1,Final,F,Detroit Tigers,116,2,Pittsburgh Pirates,134,1,Spencer Turnbull,Richard Rodríguez,Joe Jiménez,9,PNC Park,day,3,3,False,,
631630,2020,2020-08-09,2020-08-09T17:35:00Z,R,Regular Season,N,1,Final,F,Toronto Blue Jays,141,3,Boston Red Sox,111,5,Matt Barnes,Thomas Hatch,,9,Fenway Park,day,3,3,False,,
631421,2020,2020-08-09,2020-08-09T18:05:00Z,R,Regular Season,N,1,Final,F,Minnesota Twins,142,2,Kansas City Royals,118,4,Brady Singer,José Berríos,Scott Barlow,9,Kauffman Stadium,day,3,3,False,,
631297,2020,2020-08-09,2020-08-09T18:10:00Z,R,Regular Season,N,1,Final,F,Cincinnati Reds,113,3,Milwaukee Brewers,158,9,Brent Suter,Sonny Gray,,9,Miller Park,day,3,3,False,,
630922,2020,2020-08-09,2020-08-09T18:35:00Z,R,Regular Season,N,1,Final,F,Los Angeles Angels,108,3,Texas Rangers,140,7,Lance Lynn,Andrew Heaney,,9,Globe Life Field,day,3,3,False,,
631047,2020,2020-08-09,2020-08-09T20:10:00Z,R,Regular Season,N,1,Final,F,Colorado Rockies,115,3,Seattle Mariners,136,5,Justus Sheffield,Germán Márquez,Taylor Williams,9,T-Mobile Park,day,3,3,False,,
631075,2020,2020-08-09,2020-08-09T20:10:00Z,R,Regular Season,N,1,Final,F,Arizona Diamondbacks,109,5,San Diego Padres,135,9,Dinelson Lamet,Madison Bumgarner,,9,Petco Park,day,3,3,False,,
631178,2020,2020-08-09,2020-08-09T20:10:00Z,R,Regular Season,N,1,Final,F,Houston Astros,117,2,Oakland Athletics,133,7,Jesús Luzardo,Cristian Javier,Burch Smith,9,Oakland Coliseum,day,3,3,False,,
631373,2020,2020-08-09,2020-08-09T20:10:00Z,R,Regular Season,N,1,Final,F,San Francisco Giants,137,2,Los Angeles Dodgers,119,6,Jake McGee,Tyler Rogers,,9,Dodger Stadium,day,3,3,False,,
631506,2020,2020-08-09,2020-08-09T23:08:00Z,R,Regular Season,N,1,Final,F,Cleveland Indians,114,5,Chicago White Sox,145,4,Phil Maton,Jimmy Cordero,Oliver Pérez,10,Guaranteed Rate Field,night,3,3,False,,
631138,2020,2020-08-10,2020-08-10T22:05:00Z,R,Regular Season,N,1,Final,F,Atlanta Braves,144,8,Philadelphia Phillies,143,13,Aaron Nola,Sean Newcomb,,9,Citizens Bank Park,night,4,4,False,,
631233,2020,2020-08-10,2020-08-10T23:10:00Z,R,Regular Season,N,1,Final,F,Washington Nationals,120,16,New York Mets,121,4,Patrick Corbin,Steven Matz,,9,Citi Field,night,1,4,False,,
631473,2020,2020-08-10,2020-08-10T23:10:00Z,R,Regular Season,N,1,Final,F,Chicago White Sox,145,1,Detroit Tigers,116,5,Daniel Norris,Dallas Keuchel,,9,Comerica Park,night,1,3,False,,
631631,2020,2020-08-10,2020-08-10T23:30:00Z,R,Regular Season,N,1,Final,F,Tampa Bay Rays,139,8,Boston Red Sox,111,7,Aaron Loup,Jeffrey Springs,Andrew Kittredge,9,Fenway Park,night,1,4,False,,
631298,2020,2020-08-10,2020-08-11T00:10:00Z,R,Regular Season,N,1,Final,F,Minnesota Twins,142,4,Milwaukee Brewers,158,2,Randy Dobnak,Adrian Houser,Taylor Rogers,9,Miller Park,night,1,3,False,,
631546,2020,2020-08-10,2020-08-11T00:40:00Z,R,Regular Season,N,1,Final,F,Arizona Diamondbacks,109,12,Colorado Rockies,115,8,Alex Young,Jon Gray,Archie Bradley,9,Coors Field,night,1,3,False,,
630923,2020,2020-08-10,2020-08-11T01:05:00Z,R,Regular Season,N,1,Final,F,Seattle Mariners,136,10,Texas Rangers,140,2,Justin Dunn,Kyle Gibson,,9,Globe Life Field,night,1,3,False,,
631445,2020,2020-08-10,2020-08-11T01:10:00Z,R,Regular Season,N,1,Final,F,San Francisco Giants,137,4,Houston Astros,117,6,Lance McCullers Jr.,Logan Webb,Ryan Pressly,9,Minute Maid Park,night,1,3,False,,
631346,2020,2020-08-10,2020-08-11T01:40:00Z,R,Regular Season,N,1,Final,F,San Diego Padres,135,2,Los Angeles Dodgers,119,1,Cal Quantrill,Dustin May,Drew Pomeranz,9,Dodger Stadium,night,1,4,False,,
631395,2020,2020-08-10,2020-08-11T01:40:00Z,R,Regular Season,N,1,Final,F,Oakland Athletics,133,9,Los Angeles Angels,108,10,Félix Peña,Yusmeiro Petit,Ty Buttrey,9,Angel Stadium,night,1,3,False,,
630901,2020,2020-08-11,2020-08-11T22:37:00Z,R,Regular Season,N,1,Final,F,Miami Marlins,146,4,Toronto Blue Jays,141,5,A.J. Cole,Stephen Tarpley,,10,Sahlen Field,night,1,2,False,,
631598,2020,2020-08-11,2020-08-11T22:40:00Z,R,Regular Season,N,1,Final,F,Kansas City Royals,118,5,Cincinnati Reds,113,6,Lucas Sims,Josh Staumont,,10,Great American Ball Park,night,1,2,False,,
631139,2020,2020-08-11,2020-08-11T23:05:00Z,R,Regular Season,N,1,Final,F,Baltimore Orioles,110,10,Philadelphia Phillies,143,9,Cole Sulser,Deolis Guerra,Travis Lakins,10,Citizens Bank Park,night,1,3,False,,
631192,2020,2020-08-11,2020-08-11T23:05:00Z,R,Regular Season,N,1,Final,F,Atlanta Braves,144,6,New York Yankees,147,9,Jordan Montgomery,Touki Toussaint,Zack Britton,9,Yankee Stadium,night,1,2,False,,
631243,2020,2020-08-11,2020-08-11T23:10:00Z,R,Regular Season,N,1,Final,F,Washington Nationals,120,2,New York Mets,121,1,Max Scherzer,Rick Porcello,Daniel Hudson,9,Citi Field,night,2,4,False,,
631474,2020,2020-08-11,2020-08-11T23:10:00Z,R,Regular Season,N,1,Final,F,Chicago White Sox,145,8,Detroit Tigers,116,4,Matt Foster,Tyler Alexander,,9,Comerica Park,night,2,3,False,,
631572,2020,2020-08-11,2020-08-11T23:10:00Z,R,Regular Season,N,1,Final,F,Chicago Cubs,112,7,Cleveland Indians,114,1,Jon Lester,Adam Plutko,,9,Progressive Field,night,1,2,False,,
631646,2020,2020-08-11,2020-08-11T23:30:00Z,R,Regular Season,N,1,Final,F,Tampa Bay Rays,139,8,Boston Red Sox,111,2,John Curtiss,Martín Pérez,,9,Fenway Park,night,2,4,False,,
631299,2020,2020-08-11,2020-08-12T00:10:00Z,R,Regular Season,N,1,Final,F,Minnesota Twins,142,4,Milwaukee Brewers,158,6,Devin Williams,Taylor Rogers,Josh Hader,9,Miller Park,night,2,3,False,,
631547,2020,2020-08-11,2020-08-12T00:40:00Z,R,Regular Season,N,1,Final,F,Arizona Diamondbacks,109,7,Colorado Rockies,115,8,Carlos Estévez,Kevin Ginkel,Daniel Bard,9,Coors Field,night,2,3,False,,
630924,2020,2020-08-11,2020-08-12T01:05:00Z,R,Regular Season,N,1,Final,F,Seattle Mariners,136,2,Texas Rangers,140,4,Edinson Volquez,Marco Gonzales,Rafael Montero,9,Globe Life Field,night,2,3,False,,
631446,2020,2020-08-11,2020-08-12T01:10:00Z,R,Regular Season,N,1,Final,F,San Francisco Giants,137,7,Houston Astros,117,6,Trevor Gott,Cy Sneed,Tyler Rogers,10,Minute Maid Park,night,2,3,False,,
631347,2020,2020-08-11,2020-08-12T01:40:00Z,R,Regular Season,N,1,Final,F,San Diego Padres,135,6,Los Angeles Dodgers,119,2,Garrett Richards,Ross Stripling,Drew Pomeranz,9,Dodger Stadium,night,2,4,False,,
631396,2020,2020-08-11,2020-08-12T01:40:00Z,R,Regular Season,N,1,Final,F,Oakland Athletics,133,0,Los Angeles Angels,108,6,Dylan Bundy,Mike Fiers,,9,Angel Stadium,night,2,3,False,,
631475,2020,2020-08-12,2020-08-12T17:10:00Z,R,Regular Season,N,1,Final,F,Chicago White Sox,145,7,Detroit Tigers,116,5,Dylan Cease,Matthew Boyd,Alex Colomé,9,Comerica Park,day,3,3,False,,
631535,2020,2020-08-12,2020-08-12T19:10:00Z,R,Regular Season,N,1,Final,F,Arizona Diamondbacks,109,13,Colorado Rockies,115,7,Andrew Chafin,Tyler Kinley,,9,Coors Field,day,3,3,False,,
631397,2020,2020-08-12,2020-08-12T20:10:00Z,R,Regular Season,N,1,Final,F,Oakland Athletics,133,8,Los Angeles Angels,108,4,Chris Bassitt,Griffin Canning,,9,Angel Stadium,day,3,3,False,,
631568,2020,2020-08-12,2020-08-12T22:10:00Z,R,Regular Season,N,1,Final,F,Chicago Cubs,112,7,Cleveland Indians,114,2,Kyle Hendricks,Carlos Carrasco,,9,Progressive Field,night,2,2,False,,
630902,2020,2020-08-12,2020-08-12T22:37:00Z,R,Regular Season,N,1,Final,F,Miami Marlins,146,14,Toronto Blue Jays,141,11,Brandon Kintzler,Rafael Dolis,Josh A. Smith,10,Sahlen Field,night,2,2,False,,
631599,2020,2020-08-12,2020-08-12T22:40:00Z,R,Regular Season,N,1,Final,F,Kansas City Royals,118,5,Cincinnati Reds,113,4,Brad Keller,Wade Miley,Trevor Rosenthal,9,Great American Ball Park,night,2,2,False,,
631141,2020,2020-08-12,2020-08-12T23:05:00Z,R,Regular Season,N,1,Final,F,Baltimore Orioles,110,5,Philadelphia Phillies,143,4,Shawn Armstrong,Zach Eflin,Cole Sulser,9,Citizens Bank Park,night,2,3,False,,
631208,2020,2020-08-12,2020-08-12T23:05:00Z,R,Regular Season,N,1,Final,F,Atlanta Braves,144,3,New York Yankees,147,6,Jonathan Loáisiga,Tyler Matzek,Zack Britton,9,Yankee Stadium,night,2,2,False,,
631232,2020,2020-08-12,2020-08-12T23:10:00Z,R,Regular Season,N,1,Final,F,Washington Nationals,120,6,New York Mets,121,11,Jeurys Familia,Aníbal Sánchez,,9,Citi Field,night,3,4,False,,
631300,2020,2020-08-12,2020-08-12T23:10:00Z,R,Regular Season,N,1,Final,F,Minnesota Twins,142,12,Milwaukee Brewers,158,2,Kenta Maeda,Eric Lauer,,9,Miller Park,night,3,3,False,,
631447,2020,2020-08-12,2020-08-12T23:10:00Z,R,Regular Season,N,1,Final,F,San Francisco Giants,137,1,Houston Astros,117,5,Zack Greinke,Caleb Baragar,,9,Minute Maid Park,night,3,3,False,,
631648,2020,2020-08-12,2020-08-12T23:30:00Z,R,Regular Season,N,1,Final,F,Tampa Bay Rays,139,9,Boston Red Sox,111,5,Blake Snell,Zack Godley,,9,Fenway Park,night,3,4,False,,
630926,2020,2020-08-12,2020-08-13T01:05:00Z,R,Regular Season,N,1,Final,F,Seattle Mariners,136,4,Texas Rangers,140,7,Jonathan Hernández,Erik Swanson,Rafael Montero,9,Globe Life Field,night,3,3,False,,
631350,2020,2020-08-12,2020-08-13T01:40:00Z,R,Regular Season,N,1,Final,F,San Diego Padres,135,0,Los Angeles Dodgers,119,6,Blake Treinen,Zach Davies,,9,Dodger Stadium,night,3,4,False,,
631471,2020,2020-08-13,2020-08-13T07:33:00Z,R,Regular Season,Y,2,Cancelled,C,St. Louis Cardinals,138,,Detroit Tigers,116,,,,,,Comerica Park,day,2,2,,,
631231,2020,2020-08-13,2020-08-13T17:10:00Z,R,Regular Season,N,1,Final,F,Washington Nationals,120,2,New York Mets,121,8,David Peterson,Austin Voth,,9,Citi Field,day,4,4,False,,
631472,2020,2020-08-13,2020-08-13T17:10:00Z,R,Regular Season,Y,1,Cancelled,C,St. Louis Cardinals,138,,Detroit Tigers,116,,,,,,Comerica Park,day,1,2,,,
631142,2020,2020-08-13,2020-08-13T20:05:00Z,R,Regular Season,N,1,Final,F,Baltimore Orioles,110,11,Philadelphia Phillies,143,4,Thomas Eshelman,Jake Arrieta,,9,Citizens Bank Park,day,3,3,False,,
631650,2020,2020-08-13,2020-08-13T20:30:00Z,R,Regular Season,N,1,Final,F,Tampa Bay Rays,139,17,Boston Red Sox,111,8,Jalen Beeks,Kyle Hart,Anthony Banda,9,Fenway Park,day,4,4,False,,
631600,2020,2020-08-13,2020-08-13T21:10:00Z,R,Regular Season,N,1,Final,F,Pittsburgh Pirates,134,9,Cincinnati Reds,113,6,Trevor Williams,Anthony DeSclafani,,9,Great American Ball Park,night,1,4,False,,
631609,2020,2020-08-13,2020-08-13T23:15:00Z,R,Regular Season,N,1,Final,F,Milwaukee Brewers,158,2,Chicago Cubs,112,4,Yu Darvish,Brett Anderson,Rowan Wick,9,Wrigley Field,night,1,4,False,,
631351,2020,2020-08-13,2020-08-14T01:40:00Z,R,Regular Season,N,1,Final,F,San Diego Padres,135,2,Los Angeles Dodgers,119,11,Julio Urías,Chris Paddack,,9,Dodger Stadium,night,4,4,False,,
630882,2020,2020-08-09,2020-08-14T21:05:00Z,R,Regular Season,N,1,Final,F,Baltimore Orioles,110,6,Washington Nationals,120,2,Travis Lakins,Stephen Strasburg,,9,Oriole Park at Camden Yards,night,2,4,False,,
630903,2020,2020-08-14,2020-08-14T22:37:00Z,R,Regular Season,N,1,Final,F,Tampa Bay Rays,139,4,Toronto Blue Jays,141,12,Wilmer Font,Ryan Thompson,,9,Sahlen Field,night,1,3,False,,
631683,2020,2020-08-14,2020-08-14T22:59:00Z,R,Regular Season,N,1,Final,F,Washington Nationals,120,15,Baltimore Orioles,110,3,Erick Fedde,Tommy Milone,,9,Oriole Park at Camden Yards,night,2,4,False,,
631150,2020,2020-08-14,2020-08-14T23:05:00Z,R,Regular Season,N,1,Final,F,New York Mets,121,5,Philadelphia Phillies,143,6,Héctor Neris,Seth Lugo,,9,Citizens Bank Park,night,1,3,False,,
631196,2020,2020-08-14,2020-08-14T23:05:00Z,R,Regular Season,N,1,Final,F,Boston Red Sox,111,3,New York Yankees,147,10,Gerrit Cole,Colten Brewer,,9,Yankee Stadium,night,1,4,False,,
631322,2020,2020-08-14,2020-08-14T23:10:00Z,R,Regular Season,N,1,Final,F,Atlanta Braves,144,2,Miami Marlins,146,8,Pablo López,Kyle Wright,,9,Marlins Park,night,1,3,False,,
631476,2020,2020-08-14,2020-08-14T23:10:00Z,R,Regular Season,N,1,Final,F,Cleveland Indians,114,10,Detroit Tigers,116,5,Aaron Civale,Iván Nova,,9,Comerica Park,night,1,3,False,,
631601,2020,2020-08-14,2020-08-14T23:10:00Z,R,Regular Season,N,1,Final,F,Pittsburgh Pirates,134,1,Cincinnati Reds,113,8,Sonny Gray,Chad Kuhl,,9,Great American Ball Park,night,2,4,False,,
631610,2020,2020-08-14,2020-08-15T00:15:00Z,R,Regular Season,N,1,Final,F,Milwaukee Brewers,158,4,Chicago Cubs,112,3,Freddy Peralta,Alec Mills,Josh Hader,9,Wrigley Field,night,2,4,False,,
631516,2020,2020-08-14,2020-08-15T00:40:00Z,R,Regular Season,N,1,Final,F,Texas Rangers,140,3,Colorado Rockies,115,2,Lance Lynn,Daniel Bard,,9,Coors Field,night,1,3,False,,
631448,2020,2020-08-14,2020-08-15T01:10:00Z,R,Regular Season,N,1,Final,F,Seattle Mariners,136,1,Houston Astros,117,11,Framber Valdez,Nestor Cortes,,9,Minute Maid Park,night,1,3,False,,
630115,2020,2020-08-14,2020-08-15T01:40:00Z,R,Regular Season,N,1,Final,F,San Diego Padres,135,1,Arizona Diamondbacks,109,5,Merrill Kelly,Dinelson Lamet,,9,Chase Field,night,1,3,False,,
631381,2020,2020-08-14,2020-08-15T01:40:00Z,R,Regular Season,N,1,Final,F,Los Angeles Dodgers,119,7,Los Angeles Angels,108,4,Clayton Kershaw,Patrick Sandoval,Kenley Jansen,9,Angel Stadium,night,1,3,False,,
631022,2020,2020-08-14,2020-08-15T01:45:00Z,R,Regular Season,N,1,Final,F,Oakland Athletics,133,8,San Francisco Giants,137,7,Joakim Soria,Jarlín García,Liam Hendriks,10,Oracle Park,night,1,3,False,,
631508,2020,2020-08-15,2020-08-15T17:10:00Z,R,Regular Season,Y,1,Final,F,St. Louis Cardinals,138,5,Chicago White Sox,145,1,Adam Wainwright,Lucas Giolito,,7,Guaranteed Rate Field,day,1,3,False,,
631507,2020,2020-08-15,2020-08-15T17:15:00Z,R,Regular Season,Y,2,Final,F,St. Louis Cardinals,138,6,Chicago White Sox,145,3,Génesis Cabrera,Evan Marshall,Andrew Miller,7,Guaranteed Rate Field,day,2,3,False,,
631280,2020,2020-08-15,2020-08-15T17:35:00Z,R,Regular Season,Y,1,Final,F,Kansas City Royals,118,2,Minnesota Twins,142,4,Tyler Duffey,Gabe Speier,Taylor Rogers,7,Target Field,day,1,4,False,,
631279,2020,2020-08-15,2020-08-15T17:40:00Z,R,Regular Season,Y,2,Final,F,Kansas City Royals,118,4,Minnesota Twins,142,2,Danny Duffy,José Berríos,Trevor Rosenthal,7,Target Field,day,2,4,False,,
631611,2020,2020-08-15,2020-08-15T19:20:00Z,R,Regular Season,N,1,Final,F,Milwaukee Brewers,158,6,Chicago Cubs,112,5,David Phelps,Jeremy Jeffress,Alex Claudio,10,Wrigley Field,day,3,4,False,,
631151,2020,2020-08-15,2020-08-15T22:05:00Z,R,Regular Season,N,1,Final,F,New York Mets,121,2,Philadelphia Phillies,143,6,Aaron Nola,Steven Matz,,9,Citizens Bank Park,night,2,3,False,,
631330,2020,2020-08-15,2020-08-15T22:10:00Z,R,Regular Season,N,1,Final,F,Atlanta Braves,144,2,Miami Marlins,146,1,Will Smith,Brandon Kintzler,Mark Melancon,9,Marlins Park,night,2,3,False,,
631477,2020,2020-08-15,2020-08-15T22:10:00Z,R,Regular Season,N,1,Final,F,Cleveland Indians,114,3,Detroit Tigers,116,1,Shane Bieber,Spencer Turnbull,Brad Hand,9,Comerica Park,night,2,3,False,,
631023,2020,2020-08-15,2020-08-15T23:07:00Z,R,Regular Season,N,1,Final,F,Oakland Athletics,133,7,San Francisco Giants,137,6,T.J. McFarland,Trevor Gott,Liam Hendriks,9,Oracle Park,day,2,3,False,,
631197,2020,2020-08-15,2020-08-15T23:07:00Z,R,Regular Season,N,1,Final,F,Boston Red Sox,111,5,New York Yankees,147,11,James Paxton,Nathan Eovaldi,,9,Yankee Stadium,night,2,4,False,,
631449,2020,2020-08-15,2020-08-15T23:10:00Z,R,Regular Season,N,1,Final,F,Seattle Mariners,136,1,Houston Astros,117,2,Cristian Javier,Nick Margevicius,Ryan Pressly,9,Minute Maid Park,night,2,3,False,,
630568,2020,2020-08-15,2020-08-15T23:35:00Z,R,Regular Season,N,1,Final,F,Washington Nationals,120,3,Baltimore Orioles,110,7,Asher Wojciechowski,Patrick Corbin,Cole Sulser,9,Oriole Park at Camden Yards,night,3,4,False,,
630116,2020,2020-08-15,2020-08-16T00:10:00Z,R,Regular Season,N,1,Final,F,San Diego Padres,135,6,Arizona Diamondbacks,109,7,Stefan Crichton,Pierce Johnson,Archie Bradley,9,Chase Field,night,2,3,False,,
631533,2020,2020-08-15,2020-08-16T00:10:00Z,R,Regular Season,N,1,Final,F,Texas Rangers,140,6,Colorado Rockies,115,4,Kyle Gibson,Germán Márquez,Rafael Montero,9,Coors Field,night,2,3,False,,
631363,2020,2020-08-15,2020-08-16T01:40:00Z,R,Regular Season,N,1,Final,F,Los Angeles Dodgers,119,6,Los Angeles Angels,108,5,Jake McGee,Keynan Middleton,Kenley Jansen,10,Angel Stadium,night,2,3,False,,
631124,2020,2020-08-16,2020-08-16T17:05:00Z,R,Regular Season,N,1,Final,F,New York Mets,121,2,Philadelphia Phillies,143,6,Zack Wheeler,Rick Porcello,,9,Citizens Bank Park,day,3,3,False,,
631679,2020,2020-08-16,2020-08-16T17:05:00Z,R,Regular Season,N,1,Final,F,Washington Nationals,120,6,Baltimore Orioles,110,5,Max Scherzer,Travis Lakins,Daniel Hudson,9,Oriole Park at Camden Yards,day,4,4,False,,
630905,2020,2020-08-15,2020-08-16T17:07:00Z,R,Regular Season,N,1,Final,F,Tampa Bay Rays,139,3,Toronto Blue Jays,141,2,Aaron Loup,Jordan Romano,Nick Anderson,9,Sahlen Field,day,3,3,False,,
631324,2020,2020-08-16,2020-08-16T17:10:00Z,R,Regular Season,N,1,Final,F,Atlanta Braves,144,4,Miami Marlins,146,0,Darren O'Day,Nick Vincent,,9,Marlins Park,day,3,3,False,,
631479,2020,2020-08-16,2020-08-16T17:10:00Z,R,Regular Season,N,1,Final,F,Cleveland Indians,114,8,Detroit Tigers,116,5,Oliver Pérez,John Schreiber,,9,Comerica Park,day,3,3,False,,
630872,2020,2020-08-16,2020-08-16T18:07:00Z,R,Regular Season,N,1,Final,F,Tampa Bay Rays,139,7,Toronto Blue Jays,141,5,Aaron Loup,Wilmer Font,Aaron Slegers,8,Sahlen Field,day,3,3,False,,
631252,2020,2020-08-16,2020-08-16T18:10:00Z,R,Regular Season,N,1,Final,F,Kansas City Royals,118,2,Minnesota Twins,142,4,Randy Dobnak,Brady Singer,Sergio Romo,9,Target Field,day,3,4,False,,
631450,2020,2020-08-16,2020-08-16T18:10:00Z,R,Regular Season,N,1,Final,F,Seattle Mariners,136,2,Houston Astros,117,3,Ryan Pressly,Erik Swanson,,9,Minute Maid Park,day,3,3,False,,
631491,2020,2020-08-16,2020-08-16T18:10:00Z,R,Regular Season,N,1,Final,F,St. Louis Cardinals,138,2,Chicago White Sox,145,7,Dallas Keuchel,Dakota Hudson,,9,Guaranteed Rate Field,day,3,3,False,,
631612,2020,2020-08-16,2020-08-16T18:20:00Z,R,Regular Season,N,1,Final,F,Milwaukee Brewers,158,6,Chicago Cubs,112,5,Eric Yardley,Jason Adam,Josh Hader,9,Wrigley Field,day,4,4,False,,
631521,2020,2020-08-16,2020-08-16T19:10:00Z,R,Regular Season,N,1,Final,F,Texas Rangers,140,6,Colorado Rockies,115,10,Jon Gray,Kolby Allard,Carlos Estévez,9,Coors Field,day,3,3,False,,
631024,2020,2020-08-16,2020-08-16T20:05:00Z,R,Regular Season,N,1,Final,F,Oakland Athletics,133,15,San Francisco Giants,137,3,Mike Fiers,Logan Webb,,9,Oracle Park,day,3,3,False,,
630117,2020,2020-08-16,2020-08-16T20:10:00Z,R,Regular Season,N,1,Final,F,San Diego Padres,135,4,Arizona Diamondbacks,109,5,Taylor Clarke,Emilio Pagán,Archie Bradley,9,Chase Field,day,3,3,False,,
631364,2020,2020-08-16,2020-08-16T20:10:00Z,R,Regular Season,N,1,Final,F,Los Angeles Dodgers,119,8,Los Angeles Angels,108,3,Scott Alexander,Julio Teheran,,9,Angel Stadium,day,3,3,False,,
631198,2020,2020-08-16,2020-08-16T23:08:00Z,R,Regular Season,N,1,Final,F,Boston Red Sox,111,2,New York Yankees,147,4,J.A. Happ,Chris Mazza,Zack Britton,9,Yankee Stadium,night,3,4,False,,
631613,2020,2020-08-17,2020-08-17T21:15:00Z,R,Regular Season,Y,1,Final,F,St. Louis Cardinals,138,3,Chicago Cubs,112,1,Giovanny Gallegos,Kyle Hendricks,Andrew Miller,7,Wrigley Field,night,1,3,False,,
630996,2020,2020-08-17,2020-08-17T21:20:00Z,R,Regular Season,Y,2,Final,F,Chicago Cubs,112,5,St. Louis Cardinals,138,4,Duane Underwood Jr.,Tyler Webb,Jeremy Jeffress,7,Wrigley Field,night,2,5,False,,
631199,2020,2020-08-17,2020-08-17T23:05:00Z,R,Regular Season,N,1,Final,F,Boston Red Sox,111,3,New York Yankees,147,6,Michael King,Martín Pérez,,9,Yankee Stadium,night,4,4,False,,
630316,2020,2020-08-17,2020-08-17T23:10:00Z,R,Regular Season,N,1,Final,F,Washington Nationals,120,6,Atlanta Braves,144,7,Will Smith,Daniel Hudson,,9,Truist Park,night,1,3,False,,
631325,2020,2020-08-17,2020-08-17T23:10:00Z,R,Regular Season,N,1,Final,F,New York Mets,121,11,Miami Marlins,146,4,Chasen Shreve,Jordan Yamamoto,Franklyn Kilome,9,Marlins Park,night,1,6,False,,
631678,2020,2020-08-17,2020-08-17T23:35:00Z,R,Regular Season,N,1,Final,F,Toronto Blue Jays,141,7,Baltimore Orioles,110,2,Hyun Jin Ryu,Alex Cobb,,9,Oriole Park at Camden Yards,night,1,3,False,,
631258,2020,2020-08-17,2020-08-18T00:10:00Z,R,Regular Season,N,1,Final,F,Kansas City Royals,118,1,Minnesota Twins,142,4,Devin Smeltzer,Kris Bubic,,9,Target Field,night,4,4,False,,
631493,2020,2020-08-17,2020-08-18T00:10:00Z,R,Regular Season,N,1,Final,F,Detroit Tigers,116,2,Chicago White Sox,145,7,Codi Heuer,Matthew Boyd,,9,Guaranteed Rate Field,night,1,4,False,,
630927,2020,2020-08-17,2020-08-18T01:05:00Z,R,Regular Season,N,1,Final,F,San Diego Padres,135,14,Texas Rangers,140,4,Zach Davies,Jordan Lyles,,9,Globe Life Field,night,1,4,False,,
631451,2020,2020-08-17,2020-08-18T01:10:00Z,R,Regular Season,N,1,Final,F,Colorado Rockies,115,1,Houston Astros,117,2,Brandon Bielak,Kyle Freeland,Blake Taylor,9,Minute Maid Park,night,1,4,False,,
630118,2020,2020-08-17,2020-08-18T01:40:00Z,R,Regular Season,N,1,Final,F,Oakland Athletics,133,3,Arizona Diamondbacks,109,4,Stefan Crichton,Joakim Soria,,9,Chase Field,night,1,4,False,,
631352,2020,2020-08-17,2020-08-18T01:40:00Z,R,Regular Season,N,1,Final,F,Seattle Mariners,136,9,Los Angeles Dodgers,119,11,Caleb Ferguson,Matt Magill,Kenley Jansen,9,Dodger Stadium,night,1,4,False,,
631365,2020,2020-08-17,2020-08-18T01:40:00Z,R,Regular Season,N,1,Final,F,San Francisco Giants,137,6,Los Angeles Angels,108,7,Ty Buttrey,Trevor Gott,,9,Angel Stadium,night,1,4,False,,
631452,2020,2020-08-18,2020-08-18T19:10:00Z,R,Regular Season,N,1,Final,F,Colorado Rockies,115,1,Houston Astros,117,2,Andre Scrubb,Jairo Díaz,,11,Minute Maid Park,day,2,4,False,,
630928,2020,2020-08-18,2020-08-18T20:05:00Z,R,Regular Season,N,1,Final,F,San Diego Padres,135,6,Texas Rangers,140,4,Craig Stammen,Mike Minor,Cal Quantrill,9,Globe Life Field,day,2,4,False,,
631366,2020,2020-08-18,2020-08-18T20:10:00Z,R,Regular Season,N,1,Final,F,San Francisco Giants,137,8,Los Angeles Angels,108,2,Jarlín García,Dylan Bundy,,9,Angel Stadium,day,2,4,False,,
630174,2020,2020-08-18,2020-08-18T22:10:00Z,R,Regular Season,N,1,Final,F,Oakland Athletics,133,1,Arizona Diamondbacks,109,10,Luke Weaver,Frankie Montas,,9,Chase Field,day,2,4,False,,
631114,2020,2020-08-18,2020-08-18T23:05:00Z,R,Regular Season,N,1,Final,F,Cleveland Indians,114,6,Pittsburgh Pirates,134,3,Nick Wittgren,Sam Howard,Brad Hand,10,PNC Park,night,1,3,False,,
631200,2020,2020-08-18,2020-08-18T23:05:00Z,R,Regular Season,N,1,Final,F,Tampa Bay Rays,139,6,New York Yankees,147,3,Blake Snell,Masahiro Tanaka,Chaz Roe,9,Yankee Stadium,night,1,3,False,,
630322,2020,2020-08-18,2020-08-18T23:10:00Z,R,Regular Season,N,1,Final,F,Washington Nationals,120,8,Atlanta Braves,144,5,Wander Suero,Tyler Matzek,Daniel Hudson,9,Truist Park,night,2,3,False,,
631326,2020,2020-08-18,2020-08-18T23:10:00Z,R,Regular Season,N,1,Final,F,New York Mets,121,8,Miami Marlins,146,3,Justin Wilson,Humberto Mejía,,9,Marlins Park,night,2,6,False,,
631353,2020,2020-08-18,2020-08-18T23:10:00Z,R,Regular Season,N,1,Final,F,Seattle Mariners,136,1,Los Angeles Dodgers,119,2,Blake Treinen,Dan Altavilla,,9,Dodger Stadium,day,2,4,False,,
631651,2020,2020-08-18,2020-08-18T23:30:00Z,R,Regular Season,N,1,Final,F,Philadelphia Phillies,143,13,Boston Red Sox,111,6,Blake Parker,Josh Taylor,,9,Fenway Park,night,1,2,False,,
631681,2020,2020-08-18,2020-08-18T23:35:00Z,R,Regular Season,N,1,Final,F,Toronto Blue Jays,141,8,Baltimore Orioles,110,7,Anthony Bass,Cole Sulser,,10,Oriole Park at Camden Yards,night,2,3,False,,
631260,2020,2020-08-18,2020-08-19T00:10:00Z,R,Regular Season,N,1,Final,F,Milwaukee Brewers,158,3,Minnesota Twins,142,4,Jorge Alcala,David Phelps,,12,Target Field,night,1,3,False,,
631496,2020,2020-08-18,2020-08-19T00:10:00Z,R,Regular Season,N,1,Final,F,Detroit Tigers,116,4,Chicago White Sox,145,10,Dylan Cease,Tarik Skubal,,9,Guaranteed Rate Field,night,2,4,False,,
631620,2020,2020-08-18,2020-08-19T00:15:00Z,R,Regular Season,N,1,Final,F,St. Louis Cardinals,138,3,Chicago Cubs,112,6,Yu Darvish,Daniel Ponce de Leon,Rowan Wick,9,Wrigley Field,night,3,5,False,,
631682,2020,2020-08-19,2020-08-19T17:05:00Z,R,Regular Season,N,1,Final,F,Toronto Blue Jays,141,5,Baltimore Orioles,110,2,Tanner Roark,Tommy Milone,Rafael Dolis,9,Oriole Park at Camden Yards,day,3,3,False,,
631652,2020,2020-08-19,2020-08-19T17:35:00Z,R,Regular Season,N,1,Final,F,Philadelphia Phillies,143,3,Boston Red Sox,111,6,Austin Brice,Jake Arrieta,Brandon Workman,9,Fenway Park,day,2,2,False,,
631621,2020,2020-08-19,2020-08-19T18:20:00Z,R,Regular Season,Y,1,Final,F,St. Louis Cardinals,138,9,Chicago Cubs,112,3,Tyler Webb,Alec Mills,,7,Wrigley Field,day,3,3,False,,
630997,2020,2020-08-19,2020-08-19T18:25:00Z,R,Regular Season,Y,2,Final,F,Chicago Cubs,112,4,St. Louis Cardinals,138,2,Jeremy Jeffress,Andrew Miller,Craig Kimbrel,7,Wrigley Field,day,5,5,False,,
631418,2020,2020-08-19,2020-08-19T21:05:00Z,R,Regular Season,Y,1,Final,F,Cincinnati Reds,113,0,Kansas City Royals,118,4,Brad Keller,Luis Castillo,Trevor Rosenthal,7,Kauffman Stadium,night,1,2,False,,
631422,2020,2020-08-19,2020-08-19T21:10:00Z,R,Regular Season,Y,2,Final,F,Cincinnati Reds,113,5,Kansas City Royals,118,0,Trevor Bauer,Matt Harvey,,7,Kauffman Stadium,night,2,2,False,,
631120,2020,2020-08-19,2020-08-19T23:05:00Z,R,Regular Season,N,1,Final,F,Cleveland Indians,114,6,Pittsburgh Pirates,134,1,Aaron Civale,Dovydas Neverauskas,,9,PNC Park,night,2,3,False,,
631201,2020,2020-08-19,2020-08-19T23:05:00Z,R,Regular Season,N,1,Final,F,Tampa Bay Rays,139,4,New York Yankees,147,2,Pete Fairbanks,Zack Britton,Jalen Beeks,9,Yankee Stadium,night,2,3,False,,
631327,2020,2020-08-19,2020-08-19T23:10:00Z,R,Regular Season,N,1,Final,F,New York Mets,121,5,Miami Marlins,146,3,Edwin Díaz,Brandon Kintzler,,9,Marlins Park,night,3,6,False,,
631249,2020,2020-08-19,2020-08-20T00:10:00Z,R,Regular Season,N,1,Final,F,Milwaukee Brewers,158,9,Minnesota Twins,142,3,Brett Anderson,Rich Hill,,9,Target Field,night,2,3,False,,
631497,2020,2020-08-19,2020-08-20T00:10:00Z,R,Regular Season,N,1,Final,F,Detroit Tigers,116,3,Chicago White Sox,145,5,Evan Marshall,Gregory Soto,Alex Colomé,9,Guaranteed Rate Field,night,3,4,False,,
631522,2020,2020-08-19,2020-08-20T00:40:00Z,R,Regular Season,N,1,Final,F,Houston Astros,117,13,Colorado Rockies,115,6,Framber Valdez,Ryan Castellani,,9,Coors Field,night,3,4,False,,
631076,2020,2020-08-19,2020-08-20T01:10:00Z,R,Regular Season,N,1,Final,F,Texas Rangers,140,3,San Diego Padres,135,6,Tim Hill,Rafael Montero,,10,Petco Park,night,3,4,False,,
631048,2020,2020-08-19,2020-08-20T01:40:00Z,R,Regular Season,N,1,Final,F,Los Angeles Dodgers,119,4,Seattle Mariners,136,6,Taijuan Walker,Dennis Santana,Taylor Williams,9,T-Mobile Park,night,3,4,False,,
631179,2020,2020-08-19,2020-08-20T01:40:00Z,R,Regular Season,N,1,Final,F,Arizona Diamondbacks,109,1,Oakland Athletics,133,4,Jesús Luzardo,Merrill Kelly,Liam Hendriks,9,Oakland Coliseum,night,3,4,False,,
631025,2020,2020-08-19,2020-08-20T01:45:00Z,R,Regular Season,N,1,Final,F,Los Angeles Angels,108,2,San Francisco Giants,137,7,Johnny Cueto,Patrick Sandoval,,9,Oracle Park,night,3,4,False,,
631202,2020,2020-08-20,2020-08-20T17:05:00Z,R,Regular Season,N,1,Final,F,Tampa Bay Rays,139,10,New York Yankees,147,5,Diego Castillo,Adam Ottavino,,9,Yankee Stadium,day,3,3,False,,
630919,2020,2020-08-20,2020-08-20T17:07:00Z,R,Regular Season,Y,1,Final,F,Philadelphia Phillies,143,2,Toronto Blue Jays,141,3,Jordan Romano,Deolis Guerra,,7,Sahlen Field,day,1,2,False,,
630918,2020,2020-08-20,2020-08-20T17:12:00Z,R,Regular Season,Y,2,Final,F,Philadelphia Phillies,143,8,Toronto Blue Jays,141,9,Anthony Kay,Héctor Neris,A.J. Cole,7,Sahlen Field,day,2,2,False,,
631498,2020,2020-08-20,2020-08-20T18:10:00Z,R,Regular Season,N,1,Final,F,Detroit Tigers,116,0,Chicago White Sox,145,9,Lucas Giolito,Spencer Turnbull,,9,Guaranteed Rate Field,day,4,4,False,,
631523,2020,2020-08-20,2020-08-20T19:10:00Z,R,Regular Season,N,1,Final,F,Houston Astros,117,10,Colorado Rockies,115,8,Enoli Paredes,Germán Márquez,Ryan Pressly,9,Coors Field,day,4,4,False,,
631118,2020,2020-08-20,2020-08-20T23:05:00Z,R,Regular Season,N,1,Final,F,Cleveland Indians,114,2,Pittsburgh Pirates,134,0,Shane Bieber,Trevor Williams,Brad Hand,9,PNC Park,night,3,3,False,,
631049,2020,2020-08-20,2020-08-20T23:10:00Z,R,Regular Season,N,1,Final,F,Los Angeles Dodgers,119,6,Seattle Mariners,136,1,Clayton Kershaw,Yusei Kikuchi,,9,T-Mobile Park,day,4,4,False,,
631248,2020,2020-08-20,2020-08-20T23:10:00Z,R,Regular Season,N,1,Final,F,Milwaukee Brewers,158,1,Minnesota Twins,142,7,José Berríos,Brandon Woodruff,,9,Target Field,night,3,3,False,,
631684,2020,2020-08-20,2020-08-20T23:35:00Z,R,Regular Season,N,1,Final,F,Boston Red Sox,111,7,Baltimore Orioles,110,1,Nathan Eovaldi,Asher Wojciechowski,,9,Oriole Park at Camden Yards,night,1,4,False,,
631077,2020,2020-08-20,2020-08-21T00:10:00Z,R,Regular Season,N,1,Final,F,Texas Rangers,140,7,San Diego Padres,135,8,Pierce Johnson,Luis García,,10,Petco Park,night,4,4,False,,
630986,2020,2020-08-20,2020-08-21T00:15:00Z,R,Regular Season,N,1,Final,F,Cincinnati Reds,113,4,St. Louis Cardinals,138,5,Seth Elledge,Raisel Iglesias,,9,Busch Stadium,night,1,4,False,,
631180,2020,2020-08-20,2020-08-21T01:40:00Z,R,Regular Season,N,1,Final,F,Arizona Diamondbacks,109,1,Oakland Athletics,133,5,Sean Manaea,Alex Young,,9,Oakland Coliseum,night,4,4,False,,
631026,2020,2020-08-20,2020-08-21T01:45:00Z,R,Regular Season,N,1,Final,F,Los Angeles Angels,108,5,San Francisco Giants,137,10,Kevin Gausman,José Suarez,,9,Oracle Park,night,4,4,False,,
630886,2020,2020-08-21,2020-08-21T22:05:00Z,R,Regular Season,N,1,Final,F,Miami Marlins,146,3,Washington Nationals,120,2,Elieser Hernández,Patrick Corbin,Brandon Kintzler,9,Nationals Park,night,1,5,False,,
630960,2020,2020-08-21,2020-08-21T22:40:00Z,R,Regular Season,N,1,Final,F,Toronto Blue Jays,141,6,Tampa Bay Rays,139,5,Thomas Hatch,Aaron Loup,Jordan Romano,10,Tropicana Field,night,1,4,False,,
631103,2020,2020-08-21,2020-08-21T23:05:00Z,R,Regular Season,N,1,Final,F,Milwaukee Brewers,158,2,Pittsburgh Pirates,134,7,Chad Kuhl,Adrian Houser,,9,PNC Park,night,1,3,False,,
630324,2020,2020-08-21,2020-08-21T23:10:00Z,R,Regular Season,N,1,Final,F,Philadelphia Phillies,143,2,Atlanta Braves,144,11,Max Fried,Aaron Nola,,9,Truist Park,night,1,3,False,,
631548,2020,2020-08-21,2020-08-21T23:10:00Z,R,Regular Season,N,1,Final,F,Detroit Tigers,116,10,Cleveland Indians,114,5,Rony García,Adam Plutko,,9,Progressive Field,night,1,3,False,,
631665,2020,2020-08-21,2020-08-21T23:35:00Z,R,Regular Season,N,1,Final,F,Boston Red Sox,111,8,Baltimore Orioles,110,5,Darwinzon Hernández,John Means,Matt Barnes,9,Oriole Park at Camden Yards,night,2,4,False,,
631409,2020,2020-08-21,2020-08-22T00:05:00Z,R,Regular Season,N,1,Final,F,Minnesota Twins,142,2,Kansas City Royals,118,7,Danny Duffy,Jake Odorizzi,,9,Kauffman Stadium,night,1,3,False,,
630990,2020,2020-08-21,2020-08-22T00:15:00Z,R,Regular Season,N,1,Final,F,Cincinnati Reds,113,4,St. Louis Cardinals,138,2,Michael Lorenzen,Génesis Cabrera,Raisel Iglesias,9,Busch Stadium,night,2,4,False,,
631633,2020,2020-08-21,2020-08-22T00:15:00Z,R,Regular Season,N,1,Final,F,Chicago White Sox,145,10,Chicago Cubs,112,1,Dallas Keuchel,Jon Lester,,9,Wrigley Field,night,1,3,False,,
631050,2020,2020-08-21,2020-08-22T01:10:00Z,R,Regular Season,N,1,Final,F,Texas Rangers,140,4,Seattle Mariners,136,7,Nick Margevicius,Kolby Allard,Taylor Williams,9,T-Mobile Park,night,1,3,False,,
631078,2020,2020-08-21,2020-08-22T01:10:00Z,R,Regular Season,N,1,Final,F,Houston Astros,117,3,San Diego Padres,135,4,Javy Guerra,Lance McCullers Jr.,Emilio Pagán,9,Petco Park,night,1,3,False,,
631186,2020,2020-08-21,2020-08-22T01:40:00Z,R,Regular Season,N,1,Final,F,Los Angeles Angels,108,3,Oakland Athletics,133,5,Mike Fiers,Andrew Heaney,Liam Hendriks,9,Oakland Coliseum,night,1,3,False,,
631348,2020,2020-08-21,2020-08-22T01:40:00Z,R,Regular Season,N,1,Final,F,Colorado Rockies,115,1,Los Angeles Dodgers,119,5,Walker Buehler,Jon Gray,,9,Dodger Stadium,night,1,3,False,,
631027,2020,2020-08-21,2020-08-22T01:45:00Z,R,Regular Season,N,1,Final,F,Arizona Diamondbacks,109,2,San Francisco Giants,137,6,Logan Webb,Robbie Ray,,9,Oracle Park,night,1,3,False,,
630890,2020,2020-08-22,2020-08-22T20:05:00Z,R,Regular Season,Y,1,Final,F,Miami Marlins,146,4,Washington Nationals,120,5,Kyle Finnegan,Daniel Castano,Daniel Hudson,7,Nationals Park,night,2,5,False,,
631104,2020,2020-08-22,2020-08-22T20:05:00Z,R,Regular Season,N,1,Final,F,Milwaukee Brewers,158,5,Pittsburgh Pirates,134,12,Derek Holland,Josh Lindblom,,9,PNC Park,day,2,3,False,,
631154,2020,2020-08-22,2020-08-22T20:10:00Z,R,Regular Season,N,1,Final,F,Los Angeles Angels,108,4,Oakland Athletics,133,3,Matt Andriese,Chris Bassitt,Ty Buttrey,9,Oakland Coliseum,day,2,3,False,,
631341,2020,2020-08-22,2020-08-22T20:10:00Z,R,Regular Season,Y,2,Final,F,Washington Nationals,120,3,Miami Marlins,146,5,Sixto Sánchez,Wil Crowe,Brandon Kintzler,7,Nationals Park,night,3,5,False,,
630948,2020,2020-08-22,2020-08-22T22:40:00Z,R,Regular Season,N,1,Final,F,Toronto Blue Jays,141,1,Tampa Bay Rays,139,2,Anthony Banda,Anthony Bass,,10,Tropicana Field,night,2,4,False,,
631403,2020,2020-08-22,2020-08-22T23:05:00Z,R,Regular Season,N,1,Final,F,Minnesota Twins,142,7,Kansas City Royals,118,2,Randy Dobnak,Brady Singer,,9,Kauffman Stadium,night,2,3,False,,
630338,2020,2020-08-22,2020-08-22T23:10:00Z,R,Regular Season,N,1,Final,F,Philadelphia Phillies,143,5,Atlanta Braves,144,6,Mark Melancon,Brandon Workman,,9,Truist Park,night,2,3,False,,
631564,2020,2020-08-22,2020-08-22T23:10:00Z,R,Regular Season,N,1,Final,F,Detroit Tigers,116,1,Cleveland Indians,114,6,Triston McKenzie,Matthew Boyd,,9,Progressive Field,night,2,3,False,,
631667,2020,2020-08-22,2020-08-22T23:35:00Z,R,Regular Season,N,1,Final,F,Boston Red Sox,111,4,Baltimore Orioles,110,5,Miguel Castro,Matt Barnes,,10,Oriole Park at Camden Yards,night,3,4,False,,
630991,2020,2020-08-22,2020-08-23T00:15:00Z,R,Regular Season,N,1,Final,F,Cincinnati Reds,113,0,St. Louis Cardinals,138,3,Kwang Hyun Kim,Wade Miley,Giovanny Gallegos,9,Busch Stadium,night,3,4,False,,
631638,2020,2020-08-22,2020-08-23T00:15:00Z,R,Regular Season,N,1,Final,F,Chicago White Sox,145,7,Chicago Cubs,112,4,Gio Gonzalez,Kyle Hendricks,,9,Wrigley Field,night,2,3,False,,
631051,2020,2020-08-22,2020-08-23T01:10:00Z,R,Regular Season,N,1,Final,F,Texas Rangers,140,1,Seattle Mariners,136,10,Justus Sheffield,Jordan Lyles,,9,T-Mobile Park,night,2,3,False,,
631079,2020,2020-08-22,2020-08-23T01:10:00Z,R,Regular Season,N,1,Final,F,Houston Astros,117,2,San Diego Padres,135,13,Zach Davies,Brandon Bielak,,9,Petco Park,night,2,3,False,,
631349,2020,2020-08-22,2020-08-23T01:10:00Z,R,Regular Season,N,1,Final,F,Colorado Rockies,115,3,Los Angeles Dodgers,119,4,Kenley Jansen,Daniel Bard,,9,Dodger Stadium,night,2,3,False,,
631028,2020,2020-08-22,2020-08-23T01:15:00Z,R,Regular Season,N,1,Final,F,Arizona Diamondbacks,109,1,San Francisco Giants,137,5,Tyler Anderson,Matt Grace,,9,Oracle Park,night,2,3,False,,
630897,2020,2020-08-23,2020-08-23T16:35:00Z,R,Regular Season,N,1,Final,F,Miami Marlins,146,3,Washington Nationals,120,9,Aníbal Sánchez,Humberto Mejía,,9,Nationals Park,day,4,5,False,,
631670,2020,2020-08-23,2020-08-23T17:05:00Z,R,Regular Season,N,1,Final,F,Boston Red Sox,111,4,Baltimore Orioles,110,5,Thomas Eshelman,Zack Godley,Tanner Scott,9,Oriole Park at Camden Yards,day,4,4,False,,
630949,2020,2020-08-23,2020-08-23T17:10:00Z,R,Regular Season,N,1,Final,F,Toronto Blue Jays,141,4,Tampa Bay Rays,139,5,Josh Fleming,Ryan Borucki,John Curtiss,9,Tropicana Field,day,3,4,False,,
631551,2020,2020-08-23,2020-08-23T17:10:00Z,R,Regular Season,N,1,Final,F,Detroit Tigers,116,7,Cleveland Indians,114,4,Daniel Norris,Carlos Carrasco,,9,Progressive Field,day,3,3,False,,
631107,2020,2020-08-23,2020-08-23T17:35:00Z,R,Regular Season,N,1,Final,F,Milwaukee Brewers,158,4,Pittsburgh Pirates,134,5,Chris Stratton,David Phelps,Richard Rodríguez,9,PNC Park,day,3,3,False,,
631412,2020,2020-08-23,2020-08-23T18:05:00Z,R,Regular Season,N,1,Final,F,Minnesota Twins,142,5,Kansas City Royals,118,4,Tyler Clippard,Kris Bubic,Taylor Rogers,9,Kauffman Stadium,day,3,3,False,,
630976,2020,2020-08-23,2020-08-23T18:15:00Z,R,Regular Season,N,1,Final,F,Cincinnati Reds,113,2,St. Louis Cardinals,138,6,Génesis Cabrera,Tyler Mahle,,9,Busch Stadium,day,4,4,False,,
631639,2020,2020-08-23,2020-08-23T18:20:00Z,R,Regular Season,N,1,Final,F,Chicago White Sox,145,1,Chicago Cubs,112,2,Yu Darvish,Dylan Cease,Jeremy Jeffress,9,Wrigley Field,day,3,3,False,,
631029,2020,2020-08-23,2020-08-23T20:10:00Z,R,Regular Season,N,1,Final,F,Arizona Diamondbacks,109,1,San Francisco Giants,137,6,Caleb Baragar,Luke Weaver,,9,Oracle Park,day,3,3,False,,
631052,2020,2020-08-23,2020-08-23T20:10:00Z,R,Regular Season,N,1,Final,F,Texas Rangers,140,1,Seattle Mariners,136,4,Justin Dunn,Mike Minor,Taylor Williams,9,T-Mobile Park,day,3,3,False,,
631080,2020,2020-08-23,2020-08-23T20:10:00Z,R,Regular Season,N,1,Final,F,Houston Astros,117,3,San Diego Padres,135,5,Craig Stammen,Enoli Paredes,Emilio Pagán,9,Petco Park,day,3,3,False,,
631170,2020,2020-08-23,2020-08-23T20:10:00Z,R,Regular Season,N,1,Final,F,Los Angeles Angels,108,4,Oakland Athletics,133,5,Liam Hendriks,Ty Buttrey,,10,Oakland Coliseum,day,3,3,False,,
631354,2020,2020-08-23,2020-08-23T20:10:00Z,R,Regular Season,N,1,Final,F,Colorado Rockies,115,3,Los Angeles Dodgers,119,11,Victor González,Antonio Senzatela,,9,Dodger Stadium,day,3,3,False,,
630273,2020,2020-08-23,2020-08-23T23:08:00Z,R,Regular Season,N,1,Final,F,Philadelphia Phillies,143,5,Atlanta Braves,144,4,Zach Eflin,Josh Tomlin,Brandon Workman,9,Truist Park,night,3,3,False,,
630950,2020,2020-08-24,2020-08-24T19:10:00Z,R,Regular Season,N,1,Final,F,Toronto Blue Jays,141,6,Tampa Bay Rays,139,4,Thomas Hatch,Aaron Loup,Jordan Romano,9,Tropicana Field,day,4,4,False,,
630898,2020,2020-08-24,2020-08-24T22:05:00Z,R,Regular Season,N,1,Final,F,Miami Marlins,146,11,Washington Nationals,120,8,Pablo López,Austin Voth,Brandon Kintzler,9,Nationals Park,night,5,5,False,,
631468,2020,2020-08-24,2020-08-24T23:10:00Z,R,Regular Season,N,1,Final,F,Chicago Cubs,112,9,Detroit Tigers,116,3,Alec Mills,Casey Mize,,9,Comerica Park,night,1,3,False,,
631552,2020,2020-08-24,2020-08-24T23:10:00Z,R,Regular Season,N,1,Final,F,Minnesota Twins,142,3,Cleveland Indians,114,2,Kenta Maeda,Aaron Civale,Taylor Rogers,9,Progressive Field,night,1,3,False,,
630929,2020,2020-08-24,2020-08-25T00:05:00Z,R,Regular Season,N,1,Final,F,Oakland Athletics,133,2,Texas Rangers,140,3,Lance Lynn,Jesús Luzardo,Rafael Montero,9,Globe Life Field,night,1,4,False,,
631301,2020,2020-08-24,2020-08-25T00:10:00Z,R,Regular Season,N,1,Final,F,Cincinnati Reds,113,2,Milwaukee Brewers,158,4,Brett Anderson,Trevor Bauer,Josh Hader,9,Miller Park,night,1,4,False,,
630977,2020,2020-08-24,2020-08-25T00:15:00Z,R,Regular Season,N,1,Final,F,Kansas City Royals,118,3,St. Louis Cardinals,138,9,Jack Flaherty,Brad Keller,,9,Busch Stadium,night,1,3,False,,
631439,2020,2020-08-24,2020-08-25T01:10:00Z,R,Regular Season,N,1,Final,F,Los Angeles Angels,108,4,Houston Astros,117,11,Framber Valdez,Patrick Sandoval,,9,Minute Maid Park,night,1,4,False,,
630193,2020,2020-08-24,2020-08-25T01:40:00Z,R,Regular Season,N,1,Final,F,Colorado Rockies,115,3,Arizona Diamondbacks,109,2,Ryan Castellani,Taylor Widener,Daniel Bard,9,Chase Field,night,1,4,False,,
631423,2020,2020-08-25,2020-08-25T20:05:00Z,R,Regular Season,Y,1,Final,F,Los Angeles Angels,108,3,Houston Astros,117,6,Cristian Javier,José Suarez,Ryan Pressly,7,Minute Maid Park,day,2,4,False,,
631426,2020,2020-08-25,2020-08-25T20:10:00Z,R,Regular Season,Y,2,Final,F,Los Angeles Angels,108,12,Houston Astros,117,5,Félix Peña,Brandon Bielak,,7,Minute Maid Park,day,4,4,False,,
631227,2020,2020-08-25,2020-08-25T21:10:00Z,R,Regular Season,Y,1,Final,F,Miami Marlins,146,4,New York Mets,121,0,Richard Bleier,Rick Porcello,,7,Citi Field,night,4,6,False,,
631323,2020,2020-08-25,2020-08-25T21:15:00Z,R,Regular Season,Y,2,Final,F,New York Mets,121,0,Miami Marlins,146,3,Josh A. Smith,Jared Hughes,Nick Vincent,7,Citi Field,night,5,6,False,,
630855,2020,2020-08-25,2020-08-25T22:05:00Z,R,Regular Season,N,1,Final,F,Philadelphia Phillies,143,8,Washington Nationals,120,3,Jake Arrieta,Erick Fedde,,9,Nationals Park,night,1,2,False,,
630862,2020,2020-08-25,2020-08-25T22:37:00Z,R,Regular Season,N,1,Final,F,Boston Red Sox,111,9,Toronto Blue Jays,141,7,Phillips Valdez,Wilmer Font,Matt Barnes,9,Sahlen Field,night,1,2,False,,
630951,2020,2020-08-25,2020-08-25T22:40:00Z,R,Regular Season,N,1,Final,F,Baltimore Orioles,110,2,Tampa Bay Rays,139,4,Tyler Glasnow,Tommy Milone,Edgar García,9,Tropicana Field,night,1,2,False,,
631467,2020,2020-08-25,2020-08-25T23:10:00Z,R,Regular Season,N,1,Final,F,Chicago Cubs,112,1,Detroit Tigers,116,7,Spencer Turnbull,Tyler Chatwood,,9,Comerica Park,night,2,3,False,,
631553,2020,2020-08-25,2020-08-25T23:10:00Z,R,Regular Season,N,1,Final,F,Minnesota Twins,142,2,Cleveland Indians,114,4,Shane Bieber,Jorge Alcala,Brad Hand,9,Progressive Field,night,2,3,False,,
630930,2020,2020-08-25,2020-08-26T00:05:00Z,R,Regular Season,N,1,Final,F,Oakland Athletics,133,10,Texas Rangers,140,3,Sean Manaea,Kyle Gibson,,9,Globe Life Field,night,2,4,False,,
631302,2020,2020-08-25,2020-08-26T00:10:00Z,R,Regular Season,N,1,Final,F,Cincinnati Reds,113,2,Milwaukee Brewers,158,3,Brandon Woodruff,Luis Castillo,Josh Hader,9,Miller Park,night,2,4,False,,
631499,2020,2020-08-25,2020-08-26T00:10:00Z,R,Regular Season,N,1,Final,F,Pittsburgh Pirates,134,0,Chicago White Sox,145,4,Lucas Giolito,Steven Brault,,9,Guaranteed Rate Field,night,1,2,False,,
630978,2020,2020-08-25,2020-08-26T00:15:00Z,R,Regular Season,N,1,Final,F,Kansas City Royals,118,5,St. Louis Cardinals,138,4,Josh Staumont,John Gant,Trevor Rosenthal,9,Busch Stadium,night,2,3,False,,
631081,2020,2020-08-25,2020-08-26T01:10:00Z,R,Regular Season,N,1,Final,F,Seattle Mariners,136,8,San Diego Padres,135,3,Marco Gonzales,Chris Paddack,,9,Petco Park,night,1,3,False,,
630194,2020,2020-08-25,2020-08-26T01:40:00Z,R,Regular Season,N,1,Final,F,Colorado Rockies,115,5,Arizona Diamondbacks,109,4,Jairo Díaz,Stefan Crichton,Daniel Bard,9,Chase Field,night,2,4,False,,
631015,2020,2020-08-25,2020-08-26T01:45:00Z,R,Regular Season,N,1,Final,F,Los Angeles Dodgers,119,8,San Francisco Giants,137,10,Sam Selman,Dennis Santana,,11,Oracle Park,night,1,3,False,,
631500,2020,2020-08-26,2020-08-26T18:10:00Z,R,Regular Season,N,1,Final,F,Pittsburgh Pirates,134,3,Chicago White Sox,145,10,Dallas Keuchel,Trevor Williams,,9,Guaranteed Rate Field,day,2,2,False,,
630361,2020,2020-08-26,2020-08-26T20:10:00Z,R,Regular Season,Y,1,Final,F,New York Yankees,147,1,Atlanta Braves,144,5,Ian Anderson,Gerrit Cole,,7,Truist Park,night,1,2,False,,
630360,2020,2020-08-26,2020-08-26T20:15:00Z,R,Regular Season,Y,2,Final,F,New York Yankees,147,1,Atlanta Braves,144,2,Max Fried,Chad Green,Mark Melancon,7,Truist Park,night,2,2,False,,
630853,2020,2020-08-26,2020-08-26T22:05:00Z,R,Regular Season,N,1,Final,F,Philadelphia Phillies,143,3,Washington Nationals,120,2,Aaron Nola,Will Harris,Brandon Workman,9,Nationals Park,night,2,2,False,,
630863,2020,2020-08-26,2020-08-26T22:37:00Z,R,Regular Season,N,1,Final,F,Boston Red Sox,111,1,Toronto Blue Jays,141,9,Shun Yamaguchi,Colten Brewer,,9,Sahlen Field,night,2,2,False,,
630952,2020,2020-08-26,2020-08-26T22:40:00Z,R,Regular Season,N,1,Final,F,Baltimore Orioles,110,3,Tampa Bay Rays,139,4,Ryan Sherriff,Mychal Givens,Diego Castillo,9,Tropicana Field,night,2,2,False,,
631226,2020,2020-08-26,2020-08-26T23:10:00Z,R,Regular Season,N,1,Final,F,Miami Marlins,146,4,New York Mets,121,5,Brad Brach,Nick Vincent,,9,Citi Field,night,6,6,False,,
631455,2020,2020-08-26,2020-08-26T23:10:00Z,R,Regular Season,N,1,Final,F,Chicago Cubs,112,6,Detroit Tigers,116,7,Joe Jiménez,Ryan Tepera,,9,Comerica Park,night,3,3,False,,
631554,2020,2020-08-26,2020-08-26T23:10:00Z,R,Regular Season,N,1,Final,F,Minnesota Twins,142,3,Cleveland Indians,114,6,Phil Maton,Sergio Romo,Brad Hand,9,Progressive Field,night,3,3,False,,
630931,2020,2020-08-26,2020-08-27T00:05:00Z,R,Regular Season,N,1,Final,F,Oakland Athletics,133,3,Texas Rangers,140,1,Mike Fiers,Kolby Allard,Liam Hendriks,9,Globe Life Field,night,3,4,False,,
630979,2020,2020-08-26,2020-08-27T00:15:00Z,R,Regular Season,N,1,Final,F,Kansas City Royals,118,5,St. Louis Cardinals,138,6,Alex Reyes,Randy Rosario,,9,Busch Stadium,night,3,3,False,,
630099,2020,2020-08-26,2020-08-27T01:40:00Z,R,Regular Season,N,1,Final,F,Colorado Rockies,115,8,Arizona Diamondbacks,109,7,Jon Gray,Robbie Ray,Jeff Hoffman,9,Chase Field,night,3,4,False,,
631083,2020,2020-08-27,2020-08-27T19:10:00Z,R,Regular Season,Y,1,Final,F,Seattle Mariners,136,7,San Diego Padres,135,10,Pierce Johnson,Taylor Williams,,7,Petco Park,day,2,3,False,,
630999,2020,2020-08-27,2020-08-27T19:15:00Z,R,Regular Season,Y,1,Final,F,Pittsburgh Pirates,134,4,St. Louis Cardinals,138,3,Chris Stratton,John Gant,Richard Rodríguez,8,Busch Stadium,day,1,2,False,,
631082,2020,2020-08-27,2020-08-27T19:15:00Z,R,Regular Season,Y,2,Final,F,Seattle Mariners,136,8,San Diego Padres,135,3,Yusei Kikuchi,Garrett Richards,,7,Petco Park,day,3,3,False,,
631000,2020,2020-08-27,2020-08-27T19:20:00Z,R,Regular Season,Y,2,Final,F,Pittsburgh Pirates,134,2,St. Louis Cardinals,138,0,Cody Ponce,Johan Oviedo,Nik Turley,7,Busch Stadium,day,2,2,False,,
631017,2020,2020-08-27,2020-08-27T20:05:00Z,R,Regular Season,Y,1,Final,F,Los Angeles Dodgers,119,7,San Francisco Giants,137,0,Clayton Kershaw,Logan Webb,,7,Oracle Park,day,2,3,False,,
631001,2020,2020-08-27,2020-08-27T20:10:00Z,R,Regular Season,Y,2,Final,F,Los Angeles Dodgers,119,2,San Francisco Giants,137,0,Victor González,Kevin Gausman,Kenley Jansen,7,Oracle Park,day,3,3,False,,
631290,2020,2020-08-27,2020-08-27T21:10:00Z,R,Regular Season,Y,1,Final,F,Cincinnati Reds,113,6,Milwaukee Brewers,158,1,Sonny Gray,Adrian Houser,,7,Miller Park,night,3,4,False,,
631303,2020,2020-08-27,2020-08-27T21:15:00Z,R,Regular Season,Y,2,Final,F,Cincinnati Reds,113,6,Milwaukee Brewers,158,0,Lucas Sims,Josh Lindblom,,7,Miller Park,night,4,4,False,,
631203,2020,2020-08-28,2020-08-28T20:05:00Z,R,Regular Season,Y,1,Final,F,New York Mets,121,6,New York Yankees,147,4,Walker Lockett,Chad Green,Edwin Díaz,7,Yankee Stadium,night,1,5,False,,
631230,2020,2020-08-28,2020-08-28T20:10:00Z,R,Regular Season,Y,2,Final,F,New York Yankees,147,3,New York Mets,121,4,Jared Hughes,Aroldis Chapman,,7,Yankee Stadium,night,2,5,False,,
630871,2020,2020-08-28,2020-08-28T22:37:00Z,R,Regular Season,N,1,Final,F,Baltimore Orioles,110,4,Toronto Blue Jays,141,5,Rafael Dolis,Cole Sulser,,10,Sahlen Field,night,1,4,False,,
631125,2020,2020-08-28,2020-08-28T23:05:00Z,R,Regular Season,N,1,Final,F,Atlanta Braves,144,4,Philadelphia Phillies,143,7,Blake Parker,Mark Melancon,,11,Citizens Bank Park,night,1,3,False,,
631304,2020,2020-08-28,2020-08-28T23:10:00Z,R,Regular Season,N,1,Final,F,Tampa Bay Rays,139,2,Miami Marlins,146,0,Pete Fairbanks,Richard Bleier,Diego Castillo,9,Marlins Park,night,1,3,False,,
631501,2020,2020-08-28,2020-08-28T23:10:00Z,R,Regular Season,N,1,Final,F,Kansas City Royals,118,5,Chicago White Sox,145,6,Alex Colomé,Ian Kennedy,,9,Guaranteed Rate Field,night,1,3,False,,
631582,2020,2020-08-28,2020-08-28T23:10:00Z,R,Regular Season,N,1,Final,F,Chicago Cubs,112,5,Cincinnati Reds,113,6,Tyler Mahle,Kyle Hendricks,Raisel Iglesias,9,Great American Ball Park,night,1,3,False,,
631653,2020,2020-08-28,2020-08-28T23:30:00Z,R,Regular Season,N,1,Final,F,Washington Nationals,120,10,Boston Red Sox,111,2,Max Scherzer,Martín Pérez,,9,Fenway Park,night,1,3,False,,
630933,2020,2020-08-28,2020-08-29T00:05:00Z,R,Regular Season,N,1,Final,F,Los Angeles Dodgers,119,2,Texas Rangers,140,6,Jonathan Hernández,Jake McGee,,9,Globe Life Field,night,1,3,False,,
631291,2020,2020-08-28,2020-08-29T00:10:00Z,R,Regular Season,N,1,Final,F,Pittsburgh Pirates,134,1,Milwaukee Brewers,158,9,Corbin Burnes,Derek Holland,,9,Miller Park,night,1,4,False,,
630980,2020,2020-08-28,2020-08-29T00:15:00Z,R,Regular Season,N,1,Final,F,Cleveland Indians,114,14,St. Louis Cardinals,138,2,Cam Hill,Daniel Ponce de Leon,Adam Plutko,9,Busch Stadium,night,1,3,False,,
631524,2020,2020-08-28,2020-08-29T00:40:00Z,R,Regular Season,N,1,Final,F,San Diego Padres,135,10,Colorado Rockies,115,4,Zach Davies,Jeff Hoffman,,9,Coors Field,night,1,4,False,,
630216,2020,2020-08-28,2020-08-29T01:40:00Z,R,Regular Season,N,1,Final,F,San Francisco Giants,137,4,Arizona Diamondbacks,109,7,Zac Gallen,Tyler Anderson,,9,Chase Field,night,1,3,False,,
631394,2020,2020-08-28,2020-08-29T01:40:00Z,R,Regular Season,N,1,Final,F,Seattle Mariners,136,2,Los Angeles Angels,108,3,Andrew Heaney,Nick Margevicius,Ty Buttrey,9,Angel Stadium,night,1,4,False,,
631204,2020,2020-08-29,2020-08-29T17:05:00Z,R,Regular Season,N,1,Final,F,New York Mets,121,1,New York Yankees,147,2,Aroldis Chapman,Dellin Betances,,9,Yankee Stadium,day,3,5,False,,
631458,2020,2020-08-29,2020-08-29T17:10:00Z,R,Regular Season,Y,1,Final,F,Minnesota Twins,142,2,Detroit Tigers,116,8,Matthew Boyd,Randy Dobnak,,7,Comerica Park,day,2,4,False,,
630981,2020,2020-08-29,2020-08-29T17:15:00Z,R,Regular Season,N,1,Final,F,Cleveland Indians,114,2,St. Louis Cardinals,138,1,Nick Wittgren,Alex Reyes,Brad Hand,12,Busch Stadium,day,2,3,False,,
631134,2020,2020-08-29,2020-08-29T17:15:00Z,R,Regular Season,N,1,Final,F,Atlanta Braves,144,1,Philadelphia Phillies,143,4,Zach Eflin,Josh Tomlin,Brandon Workman,9,Citizens Bank Park,day,2,3,False,,
631457,2020,2020-08-29,2020-08-29T17:15:00Z,R,Regular Season,Y,2,Final,F,Minnesota Twins,142,2,Detroit Tigers,116,4,Tarik Skubal,Tyler Duffey,Gregory Soto,7,Comerica Park,day,2,3,False,,
631502,2020,2020-08-29,2020-08-29T18:10:00Z,R,Regular Season,N,1,Final,F,Kansas City Royals,118,9,Chicago White Sox,145,6,Jake Newberry,Zack Burdi,Jesse Hahn,9,Guaranteed Rate Field,day,2,3,False,,
631428,2020,2020-08-29,2020-08-29T20:10:00Z,R,Regular Season,Y,1,Final,F,Oakland Athletics,133,2,Houston Astros,117,4,Lance McCullers Jr.,Chris Bassitt,Ryan Pressly,7,Minute Maid Park,day,1,3,False,,
631581,2020,2020-08-29,2020-08-29T20:10:00Z,R,Regular Season,Y,1,Final,F,Chicago Cubs,112,3,Cincinnati Reds,113,0,Yu Darvish,Trevor Bauer,Jeremy Jeffress,7,Great American Ball Park,night,2,4,False,,
631427,2020,2020-08-29,2020-08-29T20:15:00Z,R,Regular Season,Y,2,Final,F,Oakland Athletics,133,3,Houston Astros,117,6,Zack Greinke,Frankie Montas,Ryan Pressly,7,Minute Maid Park,day,2,2,False,,
631595,2020,2020-08-29,2020-08-29T20:15:00Z,R,Regular Season,Y,2,Final,F,Chicago Cubs,112,5,Cincinnati Reds,113,6,Joel Kuhnel,Craig Kimbrel,,7,Great American Ball Park,night,3,4,False,,
631319,2020,2020-08-29,2020-08-29T22:10:00Z,R,Regular Season,N,1,Final,F,Tampa Bay Rays,139,4,Miami Marlins,146,0,Josh Fleming,Pablo López,,9,Marlins Park,night,2,3,False,,
630906,2020,2020-08-29,2020-08-29T22:37:00Z,R,Regular Season,N,1,Final,F,Baltimore Orioles,110,0,Toronto Blue Jays,141,5,Taijuan Walker,Alex Cobb,,9,Sahlen Field,night,2,4,False,,
630934,2020,2020-08-29,2020-08-29T23:05:00Z,R,Regular Season,N,1,Final,F,Los Angeles Dodgers,119,7,Texas Rangers,140,4,Blake Treinen,Lance Lynn,Kenley Jansen,9,Globe Life Field,night,2,3,False,,
631277,2020,2020-08-29,2020-08-29T23:10:00Z,R,Regular Season,N,1,Final,F,Pittsburgh Pirates,134,6,Milwaukee Brewers,158,7,Devin Williams,Richard Rodríguez,,9,Miller Park,night,2,4,False,,
631654,2020,2020-08-29,2020-08-29T23:30:00Z,R,Regular Season,N,1,Final,F,Washington Nationals,120,3,Boston Red Sox,111,5,Ryan Brasier,Aníbal Sánchez,Matt Barnes,9,Fenway Park,night,2,3,False,,
630217,2020,2020-08-29,2020-08-30T00:10:00Z,R,Regular Season,N,1,Final,F,San Francisco Giants,137,5,Arizona Diamondbacks,109,2,Jarlín García,Luke Weaver,Tyler Rogers,9,Chase Field,night,2,3,False,,
631525,2020,2020-08-29,2020-08-30T00:10:00Z,R,Regular Season,N,1,Final,F,San Diego Padres,135,3,Colorado Rockies,115,4,Daniel Bard,Craig Stammen,,9,Coors Field,night,2,4,False,,
631369,2020,2020-08-29,2020-08-30T01:40:00Z,R,Regular Season,N,1,Final,F,Seattle Mariners,136,3,Los Angeles Angels,108,16,Dylan Bundy,Justus Sheffield,,9,Angel Stadium,night,2,4,False,,
631205,2020,2020-08-30,2020-08-30T17:05:00Z,R,Regular Season,Y,1,Final,F,New York Mets,121,7,New York Yankees,147,8,Chad Green,Edwin Díaz,,8,Yankee Stadium,day,4,5,False,,
631229,2020,2020-08-30,2020-08-30T17:10:00Z,R,Regular Season,Y,2,Final,F,New York Yankees,147,5,New York Mets,121,2,Jonathan Holder,Drew Smith,Luis Cessa,8,Yankee Stadium,day,5,5,False,,
631306,2020,2020-08-30,2020-08-30T17:10:00Z,R,Regular Season,N,1,Final,F,Tampa Bay Rays,139,12,Miami Marlins,146,7,Blake Snell,Sandy Alcantara,,9,Marlins Park,day,3,3,False,,
631459,2020,2020-08-30,2020-08-30T17:10:00Z,R,Regular Season,N,1,Final,F,Minnesota Twins,142,2,Detroit Tigers,116,3,Tyler Alexander,Kenta Maeda,Gregory Soto,9,Comerica Park,day,4,4,False,,
631584,2020,2020-08-30,2020-08-30T17:10:00Z,R,Regular Season,N,1,Final,F,Chicago Cubs,112,10,Cincinnati Reds,113,1,Colin Rea,Luis Castillo,,9,Great American Ball Park,day,3,3,False,,
631655,2020,2020-08-30,2020-08-30T17:35:00Z,R,Regular Season,N,1,Final,F,Washington Nationals,120,5,Boston Red Sox,111,9,Josh Osich,Austin Voth,,9,Fenway Park,day,3,3,False,,
631278,2020,2020-08-30,2020-08-30T18:10:00Z,R,Regular Season,N,1,Final,F,Pittsburgh Pirates,134,5,Milwaukee Brewers,158,1,Nick Tropeano,Brandon Woodruff,,9,Miller Park,day,3,4,False,,
631505,2020,2020-08-30,2020-08-30T18:10:00Z,R,Regular Season,N,1,Final,F,Kansas City Royals,118,2,Chicago White Sox,145,5,Matt Foster,Tyler Zuber,,10,Guaranteed Rate Field,day,3,3,False,,
630982,2020,2020-08-30,2020-08-30T18:15:00Z,R,Regular Season,N,1,Final,F,Cleveland Indians,114,2,St. Louis Cardinals,138,7,Adam Wainwright,Aaron Civale,,9,Busch Stadium,day,3,3,False,,
630921,2020,2020-08-30,2020-08-30T18:35:00Z,R,Regular Season,N,1,Final,F,Los Angeles Dodgers,119,7,Texas Rangers,140,2,Scott Alexander,Kyle Gibson,,9,Globe Life Field,day,3,3,False,,
630852,2020,2020-08-30,2020-08-30T19:07:00Z,R,Regular Season,N,1,Final,F,Baltimore Orioles,110,5,Toronto Blue Jays,141,6,Anthony Bass,Cole Sulser,,9,Sahlen Field,day,3,4,False,,
631526,2020,2020-08-30,2020-08-30T19:10:00Z,R,Regular Season,N,1,Final,F,San Diego Padres,135,13,Colorado Rockies,115,2,Chris Paddack,Ryan Castellani,,9,Coors Field,day,3,4,False,,
630219,2020,2020-08-30,2020-08-30T20:10:00Z,R,Regular Season,N,1,Final,F,San Francisco Giants,137,4,Arizona Diamondbacks,109,1,Tony Watson,Stefan Crichton,Sam Coonrod,9,Chase Field,day,3,3,False,,
631371,2020,2020-08-30,2020-08-30T20:10:00Z,R,Regular Season,N,1,Final,F,Seattle Mariners,136,2,Los Angeles Angels,108,1,Taylor Williams,José Quijada,Yohan Ramírez,10,Angel Stadium,day,3,4,False,,
631135,2020,2020-08-30,2020-08-30T23:08:00Z,R,Regular Season,N,1,Final,F,Atlanta Braves,144,12,Philadelphia Phillies,143,10,A.J. Minter,Jake Arrieta,Mark Melancon,9,Citizens Bank Park,night,3,3,False,,
631223,2020,2020-08-31,2020-08-31T17:10:00Z,R,Regular Season,N,1,Final,F,Miami Marlins,146,5,New York Mets,121,3,Trevor Rogers,Jacob deGrom,Brandon Kintzler,9,Citi Field,day,1,1,False,,
630900,2020,2020-08-31,2020-08-31T18:07:00Z,R,Regular Season,N,1,Final,F,Baltimore Orioles,110,4,Toronto Blue Jays,141,3,César Valdez,Anthony Bass,,11,Sahlen Field,day,4,4,False,,
631374,2020,2020-08-31,2020-08-31T20:10:00Z,R,Regular Season,N,1,Final,F,Seattle Mariners,136,2,Los Angeles Angels,108,1,Marco Gonzales,Matt Andriese,,9,Angel Stadium,day,4,4,False,,
631585,2020,2020-08-31,2020-08-31T22:40:00Z,R,Regular Season,N,1,Final,F,St. Louis Cardinals,138,7,Cincinnati Reds,113,5,Dakota Hudson,Anthony DeSclafani,Giovanny Gallegos,9,Great American Ball Park,night,1,3,False,,
631143,2020,2020-08-31,2020-08-31T23:05:00Z,R,Regular Season,N,1,Final,F,Washington Nationals,120,6,Philadelphia Phillies,143,8,Spencer Howard,Erick Fedde,,9,Citizens Bank Park,night,1,4,False,,
631206,2020,2020-08-31,2020-08-31T23:05:00Z,R,Regular Season,N,1,Final,F,Tampa Bay Rays,139,5,New York Yankees,147,3,Tyler Glasnow,Gerrit Cole,Diego Castillo,9,Yankee Stadium,night,1,3,False,,
631656,2020,2020-08-31,2020-08-31T23:30:00Z,R,Regular Season,N,1,Final,F,Atlanta Braves,144,6,Boston Red Sox,111,3,Max Fried,Colten Brewer,Mark Melancon,9,Fenway Park,night,1,3,False,,
631281,2020,2020-08-31,2020-08-31T23:40:00Z,R,Regular Season,N,1,Final,F,Pittsburgh Pirates,134,5,Milwaukee Brewers,158,6,Devin Williams,Nik Turley,Josh Hader,9,Miller Park,night,4,4,False,,
631414,2020,2020-08-31,2020-09-01T00:05:00Z,R,Regular Season,N,1,Final,F,Cleveland Indians,114,1,Kansas City Royals,118,2,Scott Barlow,James Karinchak,Greg Holland,9,Kauffman Stadium,night,1,3,False,,
631247,2020,2020-08-31,2020-09-01T00:10:00Z,R,Regular Season,N,1,Final,F,Chicago White Sox,145,8,Minnesota Twins,142,5,Matt Foster,Taylor Rogers,Alex Colomé,9,Target Field,night,1,3,False,,
631527,2020,2020-08-31,2020-09-01T01:40:00Z,R,Regular Season,N,1,Final,F,San Diego Padres,135,6,Colorado Rockies,115,0,Adrian Morejon,Germán Márquez,,9,Coors Field,night,4,4,False,,
631307,2020,2020-09-01,2020-09-01T22:40:00Z,R,Regular Season,N,1,Final,F,Toronto Blue Jays,141,2,Miami Marlins,146,3,James Hoyt,Shun Yamaguchi,Brandon Kintzler,9,Marlins Park,night,1,2,False,,
631586,2020,2020-09-01,2020-09-01T22:40:00Z,R,Regular Season,N,1,Final,F,St. Louis Cardinals,138,16,Cincinnati Reds,113,2,Kwang Hyun Kim,Sonny Gray,,9,Great American Ball Park,night,2,3,False,,
631109,2020,2020-09-01,2020-09-01T23:05:00Z,R,Regular Season,N,1,Final,F,Chicago Cubs,112,8,Pittsburgh Pirates,134,7,Jeremy Jeffress,Kyle Crick,,11,PNC Park,night,1,3,False,,
631153,2020,2020-09-01,2020-09-01T23:05:00Z,R,Regular Season,N,1,Final,F,Washington Nationals,120,0,Philadelphia Phillies,143,6,Aaron Nola,Patrick Corbin,,9,Citizens Bank Park,night,2,4,False,,
631207,2020,2020-09-01,2020-09-01T23:05:00Z,R,Regular Season,N,1,Final,F,Tampa Bay Rays,139,3,New York Yankees,147,5,Masahiro Tanaka,Ryan Thompson,Aroldis Chapman,9,Yankee Stadium,night,2,3,False,,
631657,2020,2020-09-01,2020-09-01T23:30:00Z,R,Regular Season,N,1,Final,F,Atlanta Braves,144,10,Boston Red Sox,111,3,Ian Anderson,Robert Stock,,9,Fenway Park,night,2,3,False,,
631671,2020,2020-09-01,2020-09-01T23:35:00Z,R,Regular Season,N,1,Final,F,New York Mets,121,5,Baltimore Orioles,110,9,Thomas Eshelman,Franklyn Kilome,,9,Oriole Park at Camden Yards,night,1,2,False,,
631287,2020,2020-09-01,2020-09-01T23:40:00Z,R,Regular Season,N,1,Final,F,Detroit Tigers,116,12,Milwaukee Brewers,158,1,Daniel Norris,Josh Lindblom,,9,Miller Park,night,1,2,False,,
631416,2020,2020-09-01,2020-09-02T00:05:00Z,R,Regular Season,N,1,Final,F,Cleveland Indians,114,10,Kansas City Royals,118,1,Zach Plesac,Matt Harvey,,9,Kauffman Stadium,night,2,3,False,,
631261,2020,2020-09-01,2020-09-02T00:10:00Z,R,Regular Season,N,1,Final,F,Chicago White Sox,145,2,Minnesota Twins,142,3,Caleb Thielbar,Jimmy Cordero,Matt Wisler,9,Target Field,night,2,3,False,,
631430,2020,2020-09-01,2020-09-02T00:10:00Z,R,Regular Season,N,1,Final,F,Texas Rangers,140,6,Houston Astros,117,5,Jonathan Hernández,Blake Taylor,Rafael Montero,10,Minute Maid Park,night,1,3,False,,
631528,2020,2020-09-01,2020-09-02T00:40:00Z,R,Regular Season,N,1,Final,F,San Francisco Giants,137,23,Colorado Rockies,115,5,Kevin Gausman,Jon Gray,,9,Coors Field,night,1,2,False,,
631355,2020,2020-09-01,2020-09-02T01:40:00Z,R,Regular Season,N,1,Final,F,Arizona Diamondbacks,109,3,Los Angeles Dodgers,119,6,Julio Urías,Alex Young,Kenley Jansen,9,Dodger Stadium,night,1,3,False,,
631529,2020,2020-09-02,2020-09-02T19:10:00Z,R,Regular Season,N,1,Final,F,San Francisco Giants,137,6,Colorado Rockies,115,9,Mychal Givens,Sam Coonrod,Daniel Bard,9,Coors Field,day,2,2,False,,
631673,2020,2020-09-02,2020-09-02T20:05:00Z,R,Regular Season,N,1,Final,F,New York Mets,121,9,Baltimore Orioles,110,4,David Peterson,John Means,,9,Oriole Park at Camden Yards,day,2,2,False,,
631308,2020,2020-09-02,2020-09-02T22:40:00Z,R,Regular Season,N,1,Final,F,Toronto Blue Jays,141,2,Miami Marlins,146,1,Hyun Jin Ryu,Sixto Sánchez,Anthony Bass,9,Marlins Park,night,2,2,False,,
631587,2020,2020-09-02,2020-09-02T22:40:00Z,R,Regular Season,N,1,Final,F,St. Louis Cardinals,138,3,Cincinnati Reds,113,4,Raisel Iglesias,Giovanny Gallegos,,9,Great American Ball Park,night,3,3,False,,
631111,2020,2020-09-02,2020-09-02T23:05:00Z,R,Regular Season,N,1,Final,F,Chicago Cubs,112,8,Pittsburgh Pirates,134,2,Kyle Hendricks,Joe Musgrove,,9,PNC Park,night,2,3,False,,
631145,2020,2020-09-02,2020-09-02T23:05:00Z,R,Regular Season,N,1,Final,F,Washington Nationals,120,0,Philadelphia Phillies,143,3,Zack Wheeler,Max Scherzer,Brandon Workman,9,Citizens Bank Park,night,3,4,False,,
631194,2020,2020-09-02,2020-09-02T23:05:00Z,R,Regular Season,N,1,Final,F,Tampa Bay Rays,139,5,New York Yankees,147,2,John Curtiss,Jordan Montgomery,,9,Yankee Stadium,night,3,3,False,,
631624,2020,2020-09-02,2020-09-02T23:30:00Z,R,Regular Season,N,1,Final,F,Atlanta Braves,144,7,Boston Red Sox,111,5,Tyler Matzek,Andrew Triggs,Mark Melancon,9,Fenway Park,night,3,3,False,,
631283,2020,2020-09-02,2020-09-02T23:40:00Z,R,Regular Season,N,1,Final,F,Detroit Tigers,116,5,Milwaukee Brewers,158,8,Eric Yardley,Joe Jiménez,Josh Hader,9,Miller Park,night,2,2,False,,
631404,2020,2020-09-02,2020-09-03T00:05:00Z,R,Regular Season,N,1,Final,F,Cleveland Indians,114,5,Kansas City Royals,118,0,Triston McKenzie,Jakob Junis,,9,Kauffman Stadium,night,3,3,False,,
631253,2020,2020-09-02,2020-09-03T00:10:00Z,R,Regular Season,N,1,Final,F,Chicago White Sox,145,1,Minnesota Twins,142,8,José Berríos,Reynaldo López,,9,Target Field,night,3,3,False,,
631431,2020,2020-09-02,2020-09-03T00:10:00Z,R,Regular Season,N,1,Final,F,Texas Rangers,140,1,Houston Astros,117,2,Cristian Javier,Kolby Allard,Ryan Pressly,9,Minute Maid Park,night,2,3,False,,
631356,2020,2020-09-02,2020-09-03T01:40:00Z,R,Regular Season,N,1,Final,F,Arizona Diamondbacks,109,2,Los Angeles Dodgers,119,3,Kenley Jansen,Junior Guerra,,10,Dodger Stadium,night,2,3,False,,
631379,2020,2020-09-02,2020-09-03T01:40:00Z,R,Regular Season,N,1,Final,F,San Diego Padres,135,11,Los Angeles Angels,108,4,Tim Hill,Ty Buttrey,,9,Angel Stadium,night,1,2,False,,
631112,2020,2020-09-03,2020-09-03T17:35:00Z,R,Regular Season,N,1,Final,F,Chicago Cubs,112,2,Pittsburgh Pirates,134,6,JT Brubaker,Alec Mills,,9,PNC Park,day,3,3,False,,
631432,2020,2020-09-03,2020-09-03T18:10:00Z,R,Regular Season,N,1,Final,F,Texas Rangers,140,4,Houston Astros,117,8,Zack Greinke,Lance Lynn,,9,Minute Maid Park,day,3,3,False,,
631146,2020,2020-09-03,2020-09-03T20:05:00Z,R,Regular Season,N,1,Final,F,Washington Nationals,120,5,Philadelphia Phillies,143,6,Blake Parker,Sean Doolittle,,10,Citizens Bank Park,day,4,4,False,,
631234,2020,2020-09-03,2020-09-03T20:10:00Z,R,Regular Season,N,1,Final,F,New York Yankees,147,7,New York Mets,121,9,Edwin Díaz,Albert Abreu,,10,Citi Field,day,1,1,False,,
631368,2020,2020-09-03,2020-09-03T23:10:00Z,R,Regular Season,N,1,Final,F,San Diego Padres,135,0,Los Angeles Angels,108,2,Andrew Heaney,Mike Clevinger,Félix Peña,9,Angel Stadium,day,2,2,False,,
631614,2020,2020-09-03,2020-09-03T23:30:00Z,R,Regular Season,N,1,Final,F,Toronto Blue Jays,141,6,Boston Red Sox,111,2,Rafael Dolis,Phillips Valdez,,10,Fenway Park,night,1,5,False,,
631405,2020,2020-09-03,2020-09-04T00:05:00Z,R,Regular Season,N,1,Final,F,Chicago White Sox,145,11,Kansas City Royals,118,6,Dylan Cease,Danny Duffy,,9,Kauffman Stadium,night,1,4,False,,
631370,2020,2020-09-03,2020-09-04T01:40:00Z,R,Regular Season,N,1,Final,F,Arizona Diamondbacks,109,1,Los Angeles Dodgers,119,5,Clayton Kershaw,Luke Weaver,,9,Dodger Stadium,night,3,3,False,,
631262,2020,2020-09-04,2020-09-04T18:10:00Z,R,Regular Season,Y,1,Final,F,Detroit Tigers,116,0,Minnesota Twins,142,2,Randy Dobnak,Matthew Boyd,Taylor Rogers,7,Target Field,day,1,5,False,,
631456,2020,2020-09-04,2020-09-04T18:15:00Z,R,Regular Season,Y,2,Final,F,Minnesota Twins,142,3,Detroit Tigers,116,2,Sergio Romo,Joe Jiménez,Trevor May,8,Target Field,day,2,5,False,,
631113,2020,2020-09-04,2020-09-04T20:05:00Z,R,Regular Season,Y,1,Final,F,Cincinnati Reds,113,4,Pittsburgh Pirates,134,2,Luis Castillo,Steven Brault,Raisel Iglesias,7,PNC Park,night,1,4,False,,
630371,2020,2020-09-04,2020-09-04T20:10:00Z,R,Regular Season,Y,1,Final,F,Washington Nationals,120,1,Atlanta Braves,144,7,Darren O'Day,Austin Voth,,7,Truist Park,night,1,4,False,,
631602,2020,2020-09-04,2020-09-04T20:10:00Z,R,Regular Season,Y,2,Final,F,Pittsburgh Pirates,134,4,Cincinnati Reds,113,3,Sam Howard,Trevor Bauer,Richard Rodríguez,7,PNC Park,night,2,4,False,,
631649,2020,2020-09-04,2020-09-04T20:10:00Z,R,Regular Season,Y,1,Final,F,Toronto Blue Jays,141,8,Boston Red Sox,111,7,A.J. Cole,Zack Godley,Anthony Bass,7,Fenway Park,night,2,5,False,,
630323,2020,2020-09-04,2020-09-04T20:15:00Z,R,Regular Season,Y,2,Final,F,Washington Nationals,120,10,Atlanta Braves,144,9,Wander Suero,Will Smith,Daniel Hudson,7,Truist Park,night,3,3,False,,
630865,2020,2020-09-04,2020-09-04T20:15:00Z,R,Regular Season,Y,2,Final,F,Boston Red Sox,111,3,Toronto Blue Jays,141,2,Josh Taylor,Ross Stripling,Matt Barnes,7,Fenway Park,night,3,5,False,,
631674,2020,2020-09-04,2020-09-04T21:05:00Z,R,Regular Season,Y,1,Final,F,New York Yankees,147,6,Baltimore Orioles,110,5,Jonathan Holder,Travis Lakins,Chad Green,9,Oriole Park at Camden Yards,night,1,4,False,,
630497,2020,2020-09-04,2020-09-04T21:10:00Z,R,Regular Season,Y,2,Final,F,New York Yankees,147,3,Baltimore Orioles,110,6,Jorge López,Deivi García,César Valdez,7,Oriole Park at Camden Yards,night,2,4,False,,
630954,2020,2020-09-04,2020-09-04T22:40:00Z,R,Regular Season,N,1,Final,F,Miami Marlins,146,4,Tampa Bay Rays,139,5,Josh Fleming,Pablo López,Nick Anderson,9,Tropicana Field,night,1,3,False,,
631221,2020,2020-09-04,2020-09-04T23:10:00Z,R,Regular Season,N,1,Final,F,Philadelphia Phillies,143,5,New York Mets,121,3,Jake Arrieta,Jared Hughes,Brandon Workman,9,Citi Field,night,1,4,False,,
631555,2020,2020-09-04,2020-09-04T23:10:00Z,R,Regular Season,N,1,Final,F,Milwaukee Brewers,158,7,Cleveland Indians,114,1,Corbin Burnes,Phil Maton,,9,Progressive Field,night,1,3,False,,
631406,2020,2020-09-04,2020-09-05T00:05:00Z,R,Regular Season,N,1,Final,F,Chicago White Sox,145,7,Kansas City Royals,118,4,Codi Heuer,Brady Singer,Alex Colomé,9,Kauffman Stadium,night,2,4,False,,
631644,2020,2020-09-04,2020-09-05T00:15:00Z,R,Regular Season,N,1,Final,F,St. Louis Cardinals,138,1,Chicago Cubs,112,4,Yu Darvish,Jack Flaherty,Jeremy Jeffress,9,Wrigley Field,night,1,4,False,,
631041,2020,2020-09-04,2020-09-05T01:10:00Z,R,Regular Season,N,1,Final,F,Texas Rangers,140,3,Seattle Mariners,136,6,Yusei Kikuchi,Kyle Cody,,9,T-Mobile Park,night,1,4,False,,
631357,2020,2020-09-04,2020-09-05T01:10:00Z,R,Regular Season,N,1,Final,F,Houston Astros,117,5,Los Angeles Angels,108,6,Matt Andriese,Brooks Raley,,11,Angel Stadium,night,1,3,False,,
631156,2020,2020-09-04,2020-09-05T01:40:00Z,R,Regular Season,N,1,Final,F,San Diego Padres,135,7,Oakland Athletics,133,0,Zach Davies,Jesús Luzardo,,9,Oakland Coliseum,night,1,3,False,,
631345,2020,2020-09-04,2020-09-05T01:40:00Z,R,Regular Season,N,1,Final,F,Colorado Rockies,115,6,Los Angeles Dodgers,119,10,Caleb Ferguson,Carlos Estévez,,9,Dodger Stadium,night,1,3,False,,
631003,2020,2020-09-04,2020-09-05T01:45:00Z,R,Regular Season,N,1,Final,F,Arizona Diamondbacks,109,6,San Francisco Giants,137,5,Travis Bergen,Tyler Anderson,Kevin Ginkel,9,Oracle Park,night,1,4,False,,
631157,2020,2020-09-05,2020-09-05T20:07:00Z,R,Regular Season,N,1,Final,F,San Diego Padres,135,4,Oakland Athletics,133,8,Sean Manaea,Chris Paddack,,9,Oakland Coliseum,day,2,3,False,,
631607,2020,2020-09-05,2020-09-05T21:15:00Z,R,Regular Season,Y,1,Final,F,St. Louis Cardinals,138,4,Chicago Cubs,112,2,Adam Wainwright,Adbert Alzolay,Giovanny Gallegos,7,Wrigley Field,night,2,4,False,,
630998,2020,2020-09-05,2020-09-05T21:20:00Z,R,Regular Season,Y,2,Final,F,Chicago Cubs,112,1,St. Louis Cardinals,138,5,Ryan Helsley,Colin Rea,,7,Wrigley Field,night,3,5,False,,
630955,2020,2020-09-05,2020-09-05T22:40:00Z,R,Regular Season,N,1,Final,F,Miami Marlins,146,7,Tampa Bay Rays,139,3,Sandy Alcantara,Blake Snell,Brandon Kintzler,9,Tropicana Field,night,2,3,False,,
631115,2020,2020-09-05,2020-09-05T23:05:00Z,R,Regular Season,N,1,Final,F,Cincinnati Reds,113,6,Pittsburgh Pirates,134,2,Amir Garrett,Trevor Williams,,9,PNC Park,night,2,3,False,,
631408,2020,2020-09-05,2020-09-05T23:05:00Z,R,Regular Season,N,1,Final,F,Chicago White Sox,145,5,Kansas City Royals,118,3,Lucas Giolito,Kris Bubic,Alex Colomé,9,Kauffman Stadium,night,3,4,False,,
631388,2020,2020-09-05,2020-09-05T23:07:00Z,R,Regular Season,Y,1,Final,F,Houston Astros,117,9,Los Angeles Angels,108,10,Félix Peña,Enoli Paredes,,7,Angel Stadium,night,2,4,False,,
630383,2020,2020-09-05,2020-09-05T23:10:00Z,R,Regular Season,N,1,Final,F,Washington Nationals,120,10,Atlanta Braves,144,4,Kyle McGowin,Tyler Matzek,,9,Truist Park,night,2,3,False,,
631228,2020,2020-09-05,2020-09-05T23:10:00Z,R,Regular Season,N,1,Final,F,Philadelphia Phillies,143,1,New York Mets,121,5,Seth Lugo,Spencer Howard,,9,Citi Field,night,2,4,False,,
631264,2020,2020-09-05,2020-09-05T23:10:00Z,R,Regular Season,N,1,Final,F,Detroit Tigers,116,3,Minnesota Twins,142,4,Jorge Alcala,José Cisnero,,9,Target Field,night,2,4,False,,
631556,2020,2020-09-05,2020-09-05T23:10:00Z,R,Regular Season,N,1,Final,F,Milwaukee Brewers,158,3,Cleveland Indians,114,4,Brad Hand,Josh Hader,,9,Progressive Field,night,2,3,False,,
631440,2020,2020-09-05,2020-09-05T23:12:00Z,R,Regular Season,Y,2,Final,F,Los Angeles Angels,108,7,Houston Astros,117,6,Noé Ramirez,Humberto Castellanos,Ty Buttrey,7,Angel Stadium,night,3,4,False,,
631625,2020,2020-09-05,2020-09-05T23:30:00Z,R,Regular Season,N,1,Final,F,Toronto Blue Jays,141,8,Boston Red Sox,111,9,Mike Kickham,Anthony Bass,,9,Fenway Park,night,4,5,False,,
631675,2020,2020-09-05,2020-09-05T23:35:00Z,R,Regular Season,N,1,Final,F,New York Yankees,147,1,Baltimore Orioles,110,6,Dillon Tate,Gerrit Cole,,9,Oriole Park at Camden Yards,night,3,4,False,,
631044,2020,2020-09-05,2020-09-06T01:10:00Z,R,Regular Season,N,1,Final,F,Texas Rangers,140,3,Seattle Mariners,136,5,Joey Gerber,Jonathan Hernández,Yohan Ramírez,9,T-Mobile Park,night,2,4,False,,
631328,2020,2020-09-05,2020-09-06T01:10:00Z,R,Regular Season,N,1,Final,F,Colorado Rockies,115,5,Los Angeles Dodgers,119,2,Yency Almonte,Blake Treinen,Daniel Bard,9,Dodger Stadium,night,2,3,False,,
631004,2020,2020-09-05,2020-09-06T01:15:00Z,R,Regular Season,N,1,Final,F,Arizona Diamondbacks,109,3,San Francisco Giants,137,4,Caleb Baragar,Madison Bumgarner,Tony Watson,9,Oracle Park,night,2,4,False,,
631676,2020,2020-09-06,2020-09-06T17:05:00Z,R,Regular Season,N,1,Final,F,New York Yankees,147,1,Baltimore Orioles,110,5,Dean Kremer,Masahiro Tanaka,,9,Oriole Park at Camden Yards,day,4,4,False,,
630491,2020,2020-09-06,2020-09-06T17:10:00Z,R,Regular Season,N,1,Final,F,Washington Nationals,120,3,Atlanta Braves,144,10,Josh Tomlin,Patrick Corbin,,9,Truist Park,day,3,3,False,,
630956,2020,2020-09-06,2020-09-06T17:10:00Z,R,Regular Season,N,1,Final,F,Miami Marlins,146,4,Tampa Bay Rays,139,5,John Curtiss,Brandon Kintzler,,10,Tropicana Field,day,3,3,False,,
631209,2020,2020-09-06,2020-09-06T17:10:00Z,R,Regular Season,N,1,Final,F,Philadelphia Phillies,143,1,New York Mets,121,14,Jacob deGrom,Aaron Nola,,9,Citi Field,day,3,4,False,,
631557,2020,2020-09-06,2020-09-06T17:10:00Z,R,Regular Season,N,1,Final,F,Milwaukee Brewers,158,1,Cleveland Indians,114,4,Shane Bieber,Brett Anderson,Brad Hand,9,Progressive Field,day,3,3,False,,
631116,2020,2020-09-06,2020-09-06T17:35:00Z,R,Regular Season,N,1,Final,F,Cincinnati Reds,113,2,Pittsburgh Pirates,134,3,Richard Rodríguez,Raisel Iglesias,,9,PNC Park,day,3,3,False,,
631626,2020,2020-09-06,2020-09-06T17:35:00Z,R,Regular Season,N,1,Final,F,Toronto Blue Jays,141,10,Boston Red Sox,111,8,Thomas Hatch,Matt Hall,Rafael Dolis,9,Fenway Park,day,5,5,False,,
631407,2020,2020-09-06,2020-09-06T18:05:00Z,R,Regular Season,N,1,Final,F,Chicago White Sox,145,8,Kansas City Royals,118,2,Dallas Keuchel,Matt Harvey,,9,Kauffman Stadium,day,4,4,False,,
631254,2020,2020-09-06,2020-09-06T18:10:00Z,R,Regular Season,N,1,Final,F,Detroit Tigers,116,10,Minnesota Twins,142,8,Kyle Funkhouser,Sergio Romo,Bryan Garcia,9,Target Field,day,3,4,False,,
631005,2020,2020-09-06,2020-09-06T20:05:00Z,R,Regular Season,N,1,Final,F,Arizona Diamondbacks,109,2,San Francisco Giants,137,4,Caleb Baragar,Alex Young,Tyler Rogers,9,Oracle Park,day,3,4,False,,
631030,2020,2020-09-06,2020-09-06T20:10:00Z,R,Regular Season,N,1,Final,F,Texas Rangers,140,3,Seattle Mariners,136,4,Justin Dunn,Jordan Lyles,Yoshihisa Hirano,9,T-Mobile Park,day,3,4,False,,
631158,2020,2020-09-06,2020-09-06T20:10:00Z,R,Regular Season,N,1,Final,F,San Diego Padres,135,5,Oakland Athletics,133,3,Garrett Richards,Mike Fiers,Trevor Rosenthal,9,Oakland Coliseum,day,3,3,False,,
631359,2020,2020-09-06,2020-09-06T20:10:00Z,R,Regular Season,N,1,Final,F,Houston Astros,117,5,Los Angeles Angels,108,9,Mike Mayers,Framber Valdez,,9,Angel Stadium,day,4,4,False,,
631604,2020,2020-09-06,2020-09-06T23:08:00Z,R,Regular Season,N,1,Final,F,St. Louis Cardinals,138,7,Chicago Cubs,112,3,Dakota Hudson,Jon Lester,,9,Wrigley Field,night,4,5,False,,
631344,2020,2020-09-06,2020-09-07T02:10:00Z,R,Regular Season,N,1,Final,F,Colorado Rockies,115,7,Los Angeles Dodgers,119,6,Yency Almonte,Caleb Ferguson,Daniel Bard,9,Dodger Stadium,night,3,3,False,,
630415,2020,2020-09-07,2020-09-07T17:10:00Z,R,Regular Season,N,1,Final,F,Miami Marlins,146,5,Atlanta Braves,144,4,Brandon Kintzler,A.J. Minter,Nick Vincent,10,Truist Park,day,1,3,False,,
631225,2020,2020-09-07,2020-09-07T17:10:00Z,R,Regular Season,N,1,Final,F,Philadelphia Phillies,143,9,New York Mets,121,8,Brandon Workman,Miguel Castro,Héctor Neris,10,Citi Field,day,4,4,False,,
631255,2020,2020-09-07,2020-09-07T18:10:00Z,R,Regular Season,N,1,Final,F,Detroit Tigers,116,2,Minnesota Twins,142,6,Michael Pineda,Michael Fulmer,,9,Target Field,day,4,4,False,,
631031,2020,2020-09-07,2020-09-07T20:10:00Z,R,Regular Season,N,1,Final,F,Texas Rangers,140,4,Seattle Mariners,136,8,Marco Gonzales,Kolby Allard,Yohan Ramírez,9,T-Mobile Park,day,4,4,False,,
631605,2020,2020-09-07,2020-09-07T20:10:00Z,R,Regular Season,N,1,Final,F,St. Louis Cardinals,138,1,Chicago Cubs,112,5,Kyle Hendricks,Johan Oviedo,,9,Wrigley Field,day,5,5,False,,
630857,2020,2020-09-07,2020-09-07T22:05:00Z,R,Regular Season,N,1,Final,F,Tampa Bay Rays,139,1,Washington Nationals,120,6,Max Scherzer,Charlie Morton,Daniel Hudson,9,Nationals Park,night,1,2,False,,
631558,2020,2020-09-07,2020-09-07T22:10:00Z,R,Regular Season,N,1,Final,F,Kansas City Royals,118,2,Cleveland Indians,114,5,Zach Plesac,Brad Keller,Brad Hand,9,Progressive Field,night,1,4,False,,
630859,2020,2020-09-07,2020-09-07T22:37:00Z,R,Regular Season,N,1,Final,F,New York Yankees,147,7,Toronto Blue Jays,141,12,Sean Reid-Foley,Adam Ottavino,,9,Sahlen Field,night,1,3,False,,
631006,2020,2020-09-07,2020-09-08T00:05:00Z,R,Regular Season,N,1,Final,F,Arizona Diamondbacks,109,2,San Francisco Giants,137,4,Kevin Gausman,Zac Gallen,Sam Coonrod,9,Oracle Park,night,4,4,False,,
631084,2020,2020-09-07,2020-09-08T01:10:00Z,R,Regular Season,N,1,Final,F,Colorado Rockies,115,0,San Diego Padres,135,1,Drew Pomeranz,Carlos Estévez,,9,Petco Park,night,1,3,False,,
631159,2020,2020-09-07,2020-09-08T01:10:00Z,R,Regular Season,N,1,Final,F,Houston Astros,117,0,Oakland Athletics,133,6,Chris Bassitt,Cristian Javier,,9,Oakland Coliseum,night,1,4,False,,
630983,2020,2020-09-08,2020-09-08T19:15:00Z,R,Regular Season,Y,1,Final,F,Minnesota Twins,142,7,St. Louis Cardinals,138,3,José Berríos,Carlos Martinez,,7,Busch Stadium,day,1,2,False,,
630984,2020,2020-09-08,2020-09-08T19:20:00Z,R,Regular Season,Y,2,Final,F,Minnesota Twins,142,4,St. Louis Cardinals,138,6,Génesis Cabrera,Randy Dobnak,Giovanny Gallegos,7,Busch Stadium,day,2,2,False,,
631149,2020,2020-09-08,2020-09-08T20:05:00Z,R,Regular Season,Y,1,Final,F,Boston Red Sox,111,5,Philadelphia Phillies,143,6,Héctor Neris,Matt Barnes,,7,Citizens Bank Park,night,1,2,False,,
631152,2020,2020-09-08,2020-09-08T20:10:00Z,R,Regular Season,Y,2,Final,F,Boston Red Sox,111,5,Philadelphia Phillies,143,2,Chris Mazza,David Phelps,Marcus Walden,7,Citizens Bank Park,night,2,2,False,,
630867,2020,2020-09-08,2020-09-08T22:05:00Z,R,Regular Season,N,1,Final,F,Tampa Bay Rays,139,3,Washington Nationals,120,5,Aníbal Sánchez,Ryan Yarbrough,Daniel Hudson,9,Nationals Park,night,2,2,False,,
631429,2020,2020-09-08,2020-09-08T22:10:00Z,R,Regular Season,Y,1,Final,F,Oakland Athletics,133,4,Houston Astros,117,2,Frankie Montas,Zack Greinke,Liam Hendriks,7,Oakland Coliseum,day,2,5,False,,
631559,2020,2020-09-08,2020-09-08T22:10:00Z,R,Regular Season,N,1,Final,F,Kansas City Royals,118,8,Cleveland Indians,114,6,Greg Holland,Adam Cimber,Scott Barlow,9,Progressive Field,night,2,4,False,,
631160,2020,2020-09-08,2020-09-08T22:15:00Z,R,Regular Season,Y,2,Final,F,Houston Astros,117,5,Oakland Athletics,133,4,Enoli Paredes,J.B. Wendelken,Ryan Pressly,7,Oakland Coliseum,day,3,5,False,,
630860,2020,2020-09-08,2020-09-08T22:37:00Z,R,Regular Season,N,1,Final,F,New York Yankees,147,1,Toronto Blue Jays,141,2,Shun Yamaguchi,J.A. Happ,Rafael Dolis,9,Sahlen Field,night,2,3,False,,
631096,2020,2020-09-08,2020-09-08T23:05:00Z,R,Regular Season,N,1,Final,F,Chicago White Sox,145,4,Pittsburgh Pirates,134,5,Richard Rodríguez,Ross Detwiler,,9,PNC Park,night,1,2,False,,
630438,2020,2020-09-08,2020-09-08T23:10:00Z,R,Regular Season,N,1,Final,F,Miami Marlins,146,8,Atlanta Braves,144,0,Sixto Sánchez,Kyle Wright,,9,Truist Park,night,2,3,False,,
631211,2020,2020-09-08,2020-09-08T23:10:00Z,R,Regular Season,N,1,Final,F,Baltimore Orioles,110,11,New York Mets,121,2,John Means,Michael Wacha,,9,Citi Field,night,1,2,False,,
631460,2020,2020-09-08,2020-09-08T23:10:00Z,R,Regular Season,N,1,Final,F,Milwaukee Brewers,158,3,Detroit Tigers,116,8,Spencer Turnbull,Adrian Houser,,9,Comerica Park,night,1,2,False,,
630904,2020,2020-09-08,2020-09-09T00:05:00Z,R,Regular Season,N,1,Final,F,Los Angeles Angels,108,1,Texas Rangers,140,7,Lance Lynn,Andrew Heaney,,9,Globe Life Field,night,1,3,False,,
631615,2020,2020-09-08,2020-09-09T00:15:00Z,R,Regular Season,N,1,Final,F,Cincinnati Reds,113,0,Chicago Cubs,112,3,Alec Mills,Tyler Mahle,Jeremy Jeffress,9,Wrigley Field,night,1,3,False,,
631071,2020,2020-09-08,2020-09-09T01:10:00Z,R,Regular Season,N,1,Final,F,Colorado Rockies,115,5,San Diego Padres,135,14,Mike Clevinger,Chi Chi González,,9,Petco Park,night,2,3,False,,
630220,2020,2020-09-08,2020-09-09T01:40:00Z,R,Regular Season,N,1,Final,F,Los Angeles Dodgers,119,10,Arizona Diamondbacks,109,9,Kenley Jansen,Yoan López,,10,Chase Field,night,1,3,False,,
631007,2020,2020-09-08,2020-09-09T01:45:00Z,R,Regular Season,N,1,Final,F,Seattle Mariners,136,5,San Francisco Giants,137,6,Tyler Rogers,Anthony Misiewicz,Tony Watson,9,Oracle Park,night,1,2,False,,
631461,2020,2020-09-09,2020-09-09T17:10:00Z,R,Regular Season,N,1,Final,F,Milwaukee Brewers,158,19,Detroit Tigers,116,0,Corbin Burnes,Matthew Boyd,,9,Comerica Park,day,2,2,False,,
631560,2020,2020-09-09,2020-09-09T22:10:00Z,R,Regular Season,N,1,Final,F,Kansas City Royals,118,3,Cleveland Indians,114,0,Danny Duffy,Carlos Carrasco,Greg Holland,9,Progressive Field,night,3,4,False,,
630864,2020,2020-09-09,2020-09-09T22:37:00Z,R,Regular Season,N,1,Final,F,New York Yankees,147,7,Toronto Blue Jays,141,2,Deivi García,Ross Stripling,,9,Sahlen Field,night,3,3,False,,
631100,2020,2020-09-09,2020-09-09T23:05:00Z,R,Regular Season,N,1,Final,F,Chicago White Sox,145,8,Pittsburgh Pirates,134,1,Dane Dunning,JT Brubaker,,9,PNC Park,night,2,2,False,,
630439,2020,2020-09-09,2020-09-09T23:10:00Z,R,Regular Season,N,1,Final,F,Miami Marlins,146,9,Atlanta Braves,144,29,Grant Dayton,Pablo López,Bryse Wilson,9,Truist Park,night,3,3,False,,
631212,2020,2020-09-09,2020-09-09T23:10:00Z,R,Regular Season,N,1,Final,F,Baltimore Orioles,110,6,New York Mets,121,7,Jeurys Familia,Hunter Harvey,Edwin Díaz,9,Citi Field,night,2,2,False,,
630925,2020,2020-09-09,2020-09-10T00:05:00Z,R,Regular Season,N,1,Final,F,Los Angeles Angels,108,3,Texas Rangers,140,7,John King,Julio Teheran,,9,Globe Life Field,night,2,3,False,,
631056,2020,2020-09-09,2020-09-10T00:10:00Z,R,Regular Season,N,1,Final,F,Colorado Rockies,115,3,San Diego Padres,135,5,Zach Davies,Antonio Senzatela,Trevor Rosenthal,9,Petco Park,night,3,3,False,,
631616,2020,2020-09-09,2020-09-10T00:15:00Z,R,Regular Season,N,1,Final,F,Cincinnati Reds,113,3,Chicago Cubs,112,0,Trevor Bauer,Yu Darvish,Raisel Iglesias,9,Wrigley Field,night,2,3,False,,
631161,2020,2020-09-09,2020-09-10T01:10:00Z,R,Regular Season,N,1,Final,F,Houston Astros,117,2,Oakland Athletics,133,3,Liam Hendriks,Ryan Pressly,,9,Oakland Coliseum,night,3,4,False,,
630221,2020,2020-09-09,2020-09-10T01:40:00Z,R,Regular Season,N,1,Final,F,Los Angeles Dodgers,119,6,Arizona Diamondbacks,109,4,Jake McGee,Kevin Ginkel,Blake Treinen,10,Chase Field,night,2,3,False,,
631008,2020,2020-09-09,2020-09-10T01:45:00Z,R,Regular Season,N,1,Final,F,Seattle Mariners,136,1,San Francisco Giants,137,10,Tyler Anderson,Nick Margevicius,,9,Oracle Park,night,2,2,False,,
630994,2020,2020-09-10,2020-09-10T18:15:00Z,R,Regular Season,Y,1,Final,F,Detroit Tigers,116,2,St. Louis Cardinals,138,12,Jack Flaherty,Tarik Skubal,,7,Busch Stadium,day,1,2,False,,
630995,2020,2020-09-10,2020-09-10T18:20:00Z,R,Regular Season,Y,2,Final,F,Detroit Tigers,116,6,St. Louis Cardinals,138,3,José Cisnero,Giovanny Gallegos,Bryan Garcia,7,Busch Stadium,day,2,2,False,,
631162,2020,2020-09-10,2020-09-10T19:40:00Z,R,Regular Season,N,1,Final,F,Houston Astros,117,1,Oakland Athletics,133,3,Sean Manaea,José Urquidy,Liam Hendriks,9,Oakland Coliseum,day,4,4,False,,
630908,2020,2020-09-10,2020-09-10T20:05:00Z,R,Regular Season,N,1,Final,F,Los Angeles Angels,108,6,Texas Rangers,140,2,Dylan Bundy,Kyle Gibson,,9,Globe Life Field,day,3,3,False,,
630869,2020,2020-09-10,2020-09-10T22:05:00Z,R,Regular Season,N,1,Final,F,Atlanta Braves,144,7,Washington Nationals,120,6,Chris Martin,Tanner Rainey,Mark Melancon,9,Nationals Park,night,1,4,False,,
631561,2020,2020-09-10,2020-09-10T22:10:00Z,R,Regular Season,N,1,Final,F,Kansas City Royals,118,11,Cleveland Indians,114,1,Brady Singer,Aaron Civale,,9,Progressive Field,night,4,4,False,,
630957,2020,2020-09-10,2020-09-10T22:40:00Z,R,Regular Season,N,1,Final,F,Boston Red Sox,111,4,Tampa Bay Rays,139,3,Ryan Weber,Pete Fairbanks,Matt Barnes,9,Tropicana Field,night,1,4,False,,
631309,2020,2020-09-10,2020-09-10T22:40:00Z,R,Regular Season,N,1,Final,F,Philadelphia Phillies,143,6,Miami Marlins,146,7,Yimi García,Brandon Workman,,9,Marlins Park,night,1,7,False,,
631634,2020,2020-09-10,2020-09-11T00:15:00Z,R,Regular Season,N,1,Final,F,Cincinnati Reds,113,5,Chicago Cubs,112,8,Kyle Ryan,Sonny Gray,Jeremy Jeffress,9,Wrigley Field,night,3,3,False,,
631072,2020,2020-09-10,2020-09-11T01:10:00Z,R,Regular Season,N,1,Final,F,San Francisco Giants,137,1,San Diego Padres,135,6,Adrian Morejon,Trevor Cahill,,9,Petco Park,night,1,4,False,,
630223,2020,2020-09-10,2020-09-11T01:40:00Z,R,Regular Season,N,1,Final,F,Los Angeles Dodgers,119,2,Arizona Diamondbacks,109,5,Riley Smith,Tony Gonsolin,Travis Bergen,9,Chase Field,night,3,3,False,,
631184,2020,2020-09-11,2020-09-11T20:05:00Z,R,Regular Season,Y,1,Final,F,Baltimore Orioles,110,0,New York Yankees,147,6,Gerrit Cole,Alex Cobb,,7,Yankee Stadium,night,1,4,False,,
631183,2020,2020-09-11,2020-09-11T20:10:00Z,R,Regular Season,Y,2,Final,F,Baltimore Orioles,110,1,New York Yankees,147,10,Masahiro Tanaka,Keegan Akin,,7,Yankee Stadium,night,2,4,False,,
631310,2020,2020-09-11,2020-09-11T21:10:00Z,R,Regular Season,Y,1,Final,F,Philadelphia Phillies,143,11,Miami Marlins,146,0,Aaron Nola,Trevor Rogers,,7,Marlins Park,night,2,7,False,,
631318,2020,2020-09-11,2020-09-11T21:15:00Z,R,Regular Season,Y,2,Final,F,Philadelphia Phillies,143,3,Miami Marlins,146,5,James Hoyt,Ranger Suarez,Yimi García,7,Marlins Park,night,3,7,False,,
630873,2020,2020-09-11,2020-09-11T22:05:00Z,R,Regular Season,N,1,Final,F,Atlanta Braves,144,7,Washington Nationals,120,8,James Bourque,Grant Dayton,,12,Nationals Park,night,2,4,False,,
630868,2020,2020-09-11,2020-09-11T22:37:00Z,R,Regular Season,N,1,Final,F,New York Mets,121,18,Toronto Blue Jays,141,1,Jacob deGrom,Chase Anderson,Erasmo Ramírez,9,Sahlen Field,night,1,3,False,,
630958,2020,2020-09-11,2020-09-11T22:40:00Z,R,Regular Season,N,1,Final,F,Boston Red Sox,111,1,Tampa Bay Rays,139,11,Blake Snell,Matt Hall,,9,Tropicana Field,night,2,4,False,,
630909,2020,2020-09-11,2020-09-12T00:05:00Z,R,Regular Season,N,1,Final,F,Oakland Athletics,133,10,Texas Rangers,140,6,Mike Fiers,Luis García,,9,Globe Life Field,night,1,3,False,,
631399,2020,2020-09-11,2020-09-12T00:05:00Z,R,Regular Season,N,1,Final,F,Pittsburgh Pirates,134,3,Kansas City Royals,118,4,Kris Bubic,Steven Brault,Greg Holland,9,Kauffman Stadium,night,1,3,False,,
631256,2020,2020-09-11,2020-09-12T00:10:00Z,R,Regular Season,N,1,Final,F,Cleveland Indians,114,1,Minnesota Twins,142,3,Kenta Maeda,Shane Bieber,Taylor Rogers,9,Target Field,night,1,3,False,,
631284,2020,2020-09-11,2020-09-12T00:10:00Z,R,Regular Season,N,1,Final,F,Chicago Cubs,112,0,Milwaukee Brewers,158,1,Josh Hader,Rowan Wick,,9,Miller Park,night,1,3,False,,
631478,2020,2020-09-11,2020-09-12T00:10:00Z,R,Regular Season,N,1,Final,F,Detroit Tigers,116,3,Chicago White Sox,145,4,Evan Marshall,José Cisnero,Alex Colomé,9,Guaranteed Rate Field,night,1,3,False,,
630985,2020,2020-09-11,2020-09-12T00:15:00Z,R,Regular Season,N,1,Final,F,Cincinnati Reds,113,3,St. Louis Cardinals,138,1,Luis Castillo,Adam Wainwright,,9,Busch Stadium,night,1,3,False,,
631530,2020,2020-09-11,2020-09-12T00:40:00Z,R,Regular Season,N,1,Final,F,Los Angeles Angels,108,4,Colorado Rockies,115,8,Daniel Bard,Ty Buttrey,,9,Coors Field,night,1,3,False,,
630224,2020,2020-09-11,2020-09-12T01:40:00Z,R,Regular Season,N,1,Final,F,Seattle Mariners,136,3,Arizona Diamondbacks,109,4,Alex Young,Yusei Kikuchi,Stefan Crichton,9,Chase Field,night,1,3,False,,
631185,2020,2020-09-12,2020-09-12T17:05:00Z,R,Regular Season,N,1,Final,F,Baltimore Orioles,110,1,New York Yankees,147,2,Jonathan Holder,Hunter Harvey,,10,Yankee Stadium,day,3,4,False,,
630910,2020,2020-09-12,2020-09-12T21:05:00Z,R,Regular Season,Y,1,Final,F,Oakland Athletics,133,2,Texas Rangers,140,5,Wes Benjamin,Daulton Jefferies,Rafael Montero,7,Globe Life Field,night,2,4,False,,
630932,2020,2020-09-12,2020-09-12T21:10:00Z,R,Regular Season,Y,2,Final,F,Oakland Athletics,133,10,Texas Rangers,140,1,Chris Bassitt,Kolby Allard,,7,Globe Life Field,night,4,4,False,,
630877,2020,2020-09-12,2020-09-12T22:05:00Z,R,Regular Season,N,1,Final,F,Atlanta Braves,144,2,Washington Nationals,120,1,Ian Anderson,Patrick Corbin,Mark Melancon,9,Nationals Park,night,3,4,False,,
631311,2020,2020-09-12,2020-09-12T22:10:00Z,R,Regular Season,N,1,Final,F,Philadelphia Phillies,143,12,Miami Marlins,146,6,Heath Hembree,José Ureña,,9,Marlins Park,night,4,7,False,,
630870,2020,2020-09-12,2020-09-12T22:37:00Z,R,Regular Season,N,1,Final,F,New York Mets,121,2,Toronto Blue Jays,141,3,Robbie Ray,Seth Lugo,Rafael Dolis,9,Sahlen Field,night,2,3,False,,
630959,2020,2020-09-12,2020-09-12T22:40:00Z,R,Regular Season,N,1,Final,F,Boston Red Sox,111,4,Tampa Bay Rays,139,5,Tyler Glasnow,Marcus Walden,Diego Castillo,9,Tropicana Field,night,3,4,False,,
631400,2020,2020-09-12,2020-09-12T23:05:00Z,R,Regular Season,N,1,Final,F,Pittsburgh Pirates,134,4,Kansas City Royals,118,7,Kyle Zimmer,Trevor Williams,Greg Holland,9,Kauffman Stadium,night,2,3,False,,
631285,2020,2020-09-12,2020-09-12T23:10:00Z,R,Regular Season,N,1,Final,F,Chicago Cubs,112,4,Milwaukee Brewers,158,2,Jason Adam,Josh Hader,Craig Kimbrel,9,Miller Park,night,2,3,False,,
631495,2020,2020-09-12,2020-09-12T23:10:00Z,R,Regular Season,N,1,Final,F,Detroit Tigers,116,0,Chicago White Sox,145,14,Reynaldo López,Michael Fulmer,,9,Guaranteed Rate Field,night,2,3,False,,
631257,2020,2020-09-12,2020-09-13T00:07:00Z,R,Regular Season,N,1,Final,F,Cleveland Indians,114,4,Minnesota Twins,142,8,Rich Hill,Zach Plesac,,9,Target Field,night,2,3,False,,
631331,2020,2020-09-12,2020-09-13T00:07:00Z,R,Regular Season,N,1,Final,F,Houston Astros,117,7,Los Angeles Dodgers,119,5,Josh James,Kenley Jansen,Ryan Pressly,9,Dodger Stadium,night,1,2,False,,
630225,2020,2020-09-12,2020-09-13T00:10:00Z,R,Regular Season,N,1,Final,F,Seattle Mariners,136,7,Arizona Diamondbacks,109,3,Justus Sheffield,Zac Gallen,,9,Chase Field,night,2,3,False,,
631531,2020,2020-09-12,2020-09-13T00:10:00Z,R,Regular Season,N,1,Final,F,Los Angeles Angels,108,5,Colorado Rockies,115,2,Ty Buttrey,Tyler Kinley,Matt Andriese,11,Coors Field,night,2,3,False,,
630988,2020,2020-09-12,2020-09-13T00:15:00Z,R,Regular Season,N,1,Final,F,Cincinnati Reds,113,1,St. Louis Cardinals,138,7,Dakota Hudson,Tejay Antone,,9,Busch Stadium,night,2,3,False,,
630883,2020,2020-09-13,2020-09-13T16:35:00Z,R,Regular Season,N,1,Final,F,Atlanta Braves,144,8,Washington Nationals,120,4,Kyle Wright,Max Scherzer,,9,Nationals Park,day,4,4,False,,
631187,2020,2020-09-13,2020-09-13T17:05:00Z,R,Regular Season,N,1,Final,F,Baltimore Orioles,110,1,New York Yankees,147,3,Zack Britton,Dillon Tate,Aroldis Chapman,9,Yankee Stadium,day,4,4,False,,
630947,2020,2020-09-13,2020-09-13T17:10:00Z,R,Regular Season,N,1,Final,F,Boston Red Sox,111,6,Tampa Bay Rays,139,3,Martín Pérez,Pete Fairbanks,Matt Barnes,9,Tropicana Field,day,4,4,False,,
631312,2020,2020-09-13,2020-09-13T17:10:00Z,R,Regular Season,Y,1,Final,F,Philadelphia Phillies,143,1,Miami Marlins,146,2,Sixto Sánchez,Ramón Rosso,,7,Marlins Park,day,5,7,False,,
631320,2020,2020-09-13,2020-09-13T17:15:00Z,R,Regular Season,Y,2,Final,F,Philadelphia Phillies,143,1,Miami Marlins,146,8,Braxton Garrett,Zach Eflin,,7,Marlins Park,day,6,7,False,,
631401,2020,2020-09-13,2020-09-13T18:05:00Z,R,Regular Season,N,1,Final,F,Pittsburgh Pirates,134,0,Kansas City Royals,118,11,Brad Keller,Chad Kuhl,,9,Kauffman Stadium,day,3,3,False,,
631259,2020,2020-09-13,2020-09-13T18:10:00Z,R,Regular Season,N,1,Final,F,Cleveland Indians,114,5,Minnesota Twins,142,7,Caleb Thielbar,Triston McKenzie,Sergio Romo,9,Target Field,day,3,3,False,,
631286,2020,2020-09-13,2020-09-13T18:10:00Z,R,Regular Season,N,1,Final,F,Chicago Cubs,112,12,Milwaukee Brewers,158,0,Alec Mills,Adrian Houser,,9,Miller Park,day,3,3,False,,
631481,2020,2020-09-13,2020-09-13T18:10:00Z,R,Regular Season,N,1,Final,F,Detroit Tigers,116,2,Chicago White Sox,145,5,Jimmy Cordero,Spencer Turnbull,Alex Colomé,9,Guaranteed Rate Field,day,3,3,False,,
630961,2020,2020-09-13,2020-09-13T18:15:00Z,R,Regular Season,N,1,Final,F,Cincinnati Reds,113,10,St. Louis Cardinals,138,5,Archie Bradley,John Gant,Raisel Iglesias,9,Busch Stadium,day,3,3,False,,
630911,2020,2020-09-13,2020-09-13T18:35:00Z,R,Regular Season,N,1,Final,F,Oakland Athletics,133,3,Texas Rangers,140,6,Lance Lynn,Frankie Montas,,9,Globe Life Field,day,3,3,False,,
630875,2020,2020-09-13,2020-09-13T19:07:00Z,R,Regular Season,N,1,Final,F,New York Mets,121,3,Toronto Blue Jays,141,7,Hyun Jin Ryu,David Peterson,,9,Sahlen Field,day,3,3,False,,
631532,2020,2020-09-13,2020-09-13T19:10:00Z,R,Regular Season,N,1,Final,F,Los Angeles Angels,108,5,Colorado Rockies,115,3,Andrew Heaney,Carlos Estévez,Matt Andriese,9,Coors Field,day,3,3,False,,
630226,2020,2020-09-13,2020-09-13T20:10:00Z,R,Regular Season,N,1,Final,F,Seattle Mariners,136,7,Arizona Diamondbacks,109,3,Casey Sadler,Luke Weaver,,9,Chase Field,day,3,3,False,,
631060,2020,2020-09-13,2020-09-13T20:10:00Z,R,Regular Season,Y,1,Final,F,San Francisco Giants,137,0,San Diego Padres,135,6,Mike Clevinger,Johnny Cueto,,7,Petco Park,day,4,4,False,,
631058,2020,2020-09-13,2020-09-13T20:15:00Z,R,Regular Season,Y,2,Final,F,San Francisco Giants,137,1,San Diego Padres,135,3,Tim Hill,Sam Selman,Trevor Rosenthal,7,Petco Park,day,2,4,False,,
631332,2020,2020-09-13,2020-09-14T00:08:00Z,R,Regular Season,N,1,Final,F,Houston Astros,117,1,Los Angeles Dodgers,119,8,Victor González,Zack Greinke,,9,Dodger Stadium,night,2,2,False,,
631321,2020,2020-09-14,2020-09-14T20:10:00Z,R,Regular Season,N,1,Final,F,Philadelphia Phillies,143,2,Miami Marlins,146,6,Pablo López,Vince Velasquez,,9,Marlins Park,day,7,7,False,,
631588,2020,2020-09-14,2020-09-14T20:10:00Z,R,Regular Season,Y,1,Final,F,Pittsburgh Pirates,134,1,Cincinnati Reds,113,3,Raisel Iglesias,Sam Howard,,7,Great American Ball Park,night,1,4,False,,
631590,2020,2020-09-14,2020-09-14T20:15:00Z,R,Regular Season,Y,2,Final,F,Pittsburgh Pirates,134,4,Cincinnati Reds,113,9,Sal Romano,Nik Turley,,7,Great American Ball Park,night,2,4,False,,
631053,2020,2020-09-14,2020-09-14T21:10:00Z,R,Regular Season,Y,1,Final,F,Oakland Athletics,133,5,Seattle Mariners,136,6,Marco Gonzales,Joakim Soria,Yoshihisa Hirano,7,T-Mobile Park,day,1,2,False,,
631282,2020,2020-09-14,2020-09-14T21:10:00Z,R,Regular Season,Y,1,Final,F,St. Louis Cardinals,138,1,Milwaukee Brewers,158,2,Freddy Peralta,Ryan Helsley,,8,Miller Park,night,1,5,False,,
631054,2020,2020-09-14,2020-09-14T21:15:00Z,R,Regular Season,Y,2,Final,F,Oakland Athletics,133,9,Seattle Mariners,136,0,Mike Minor,Jimmy Yacabonis,,7,T-Mobile Park,day,2,2,False,,
631288,2020,2020-09-14,2020-09-14T21:15:00Z,R,Regular Season,Y,2,Final,F,St. Louis Cardinals,138,3,Milwaukee Brewers,158,2,Génesis Cabrera,Justin Topa,Tyler Webb,9,Miller Park,night,2,5,False,,
631677,2020,2020-09-14,2020-09-14T23:35:00Z,R,Regular Season,N,1,Final,F,Atlanta Braves,144,1,Baltimore Orioles,110,14,Jorge López,Touki Toussaint,,9,Oriole Park at Camden Yards,night,1,3,False,,
631482,2020,2020-09-14,2020-09-15T00:10:00Z,R,Regular Season,N,1,Final,F,Minnesota Twins,142,1,Chicago White Sox,145,3,Alex Colomé,Taylor Rogers,,9,Guaranteed Rate Field,night,1,4,False,,
631061,2020,2020-09-14,2020-09-15T01:10:00Z,R,Regular Season,N,1,Final,F,Los Angeles Dodgers,119,2,San Diego Padres,135,7,Dinelson Lamet,Clayton Kershaw,,9,Petco Park,night,1,3,False,,
630936,2020,2020-09-15,2020-09-15T22:40:00Z,R,Regular Season,N,1,Final,F,Washington Nationals,120,1,Tampa Bay Rays,139,6,Ryan Yarbrough,Aníbal Sánchez,Nick Anderson,9,Tropicana Field,night,1,2,False,,
631314,2020,2020-09-15,2020-09-15T22:40:00Z,R,Regular Season,N,1,Final,F,Boston Red Sox,111,2,Miami Marlins,146,0,Tanner Houck,Sandy Alcantara,Matt Barnes,9,Marlins Park,night,1,3,False,,
631574,2020,2020-09-15,2020-09-15T22:40:00Z,R,Regular Season,N,1,Final,F,Pittsburgh Pirates,134,1,Cincinnati Reds,113,4,Michael Lorenzen,Joe Musgrove,Amir Garrett,9,Great American Ball Park,night,2,3,False,,
631144,2020,2020-09-15,2020-09-15T23:05:00Z,R,Regular Season,N,1,Final,F,New York Mets,121,1,Philadelphia Phillies,143,4,Jake Arrieta,Rick Porcello,Héctor Neris,9,Citizens Bank Park,night,1,3,False,,
631195,2020,2020-09-15,2020-09-15T23:05:00Z,R,Regular Season,N,1,Final,F,Toronto Blue Jays,141,6,New York Yankees,147,20,Deivi García,Taijuan Walker,,9,Yankee Stadium,night,1,3,False,,
631462,2020,2020-09-15,2020-09-15T23:10:00Z,R,Regular Season,N,1,Final,F,Kansas City Royals,118,0,Detroit Tigers,116,6,Matthew Boyd,Jakob Junis,,9,Comerica Park,night,1,2,False,,
631680,2020,2020-09-15,2020-09-15T23:35:00Z,R,Regular Season,N,1,Final,F,Atlanta Braves,144,5,Baltimore Orioles,110,1,Darren O'Day,Thomas Eshelman,,9,Oriole Park at Camden Yards,night,2,3,False,,
631263,2020,2020-09-15,2020-09-15T23:40:00Z,R,Regular Season,N,1,Final,F,St. Louis Cardinals,138,3,Milwaukee Brewers,158,18,Brett Anderson,Jack Flaherty,,9,Miller Park,night,3,5,False,,
631433,2020,2020-09-15,2020-09-16T00:10:00Z,R,Regular Season,N,1,Final,F,Texas Rangers,140,1,Houston Astros,117,4,José Urquidy,Nick Goody,Ryan Pressly,9,Minute Maid Park,night,1,3,False,,
631483,2020,2020-09-15,2020-09-16T00:10:00Z,R,Regular Season,N,1,Final,F,Minnesota Twins,142,2,Chicago White Sox,145,6,Dane Dunning,Randy Dobnak,,9,Guaranteed Rate Field,night,2,4,False,,
631618,2020,2020-09-15,2020-09-16T00:15:00Z,R,Regular Season,N,1,Final,F,Cleveland Indians,114,5,Chicago Cubs,112,6,Jeremy Jeffress,Oliver Pérez,,9,Wrigley Field,night,1,2,False,,
631520,2020,2020-09-15,2020-09-16T00:40:00Z,R,Regular Season,N,1,Final,F,Oakland Athletics,133,1,Colorado Rockies,115,3,Antonio Senzatela,Sean Manaea,,9,Coors Field,night,1,2,False,,
631062,2020,2020-09-15,2020-09-16T01:10:00Z,R,Regular Season,N,1,Final,F,Los Angeles Dodgers,119,3,San Diego Padres,135,1,Tony Gonsolin,Zach Davies,Kenley Jansen,9,Petco Park,night,2,3,False,,
631360,2020,2020-09-15,2020-09-16T01:40:00Z,R,Regular Season,N,1,Final,F,Arizona Diamondbacks,109,9,Los Angeles Angels,108,8,Keury Mella,Matt Andriese,Stefan Crichton,9,Angel Stadium,night,1,3,False,,
630937,2020,2020-09-16,2020-09-16T17:10:00Z,R,Regular Season,N,1,Final,F,Washington Nationals,120,4,Tampa Bay Rays,139,2,Daniel Hudson,Nick Anderson,Kyle McGowin,10,Tropicana Field,day,2,2,False,,
631509,2020,2020-09-16,2020-09-16T19:10:00Z,R,Regular Season,N,1,Final,F,Oakland Athletics,133,3,Colorado Rockies,115,1,Mike Fiers,Germán Márquez,Liam Hendriks,9,Coors Field,day,2,2,False,,
631063,2020,2020-09-16,2020-09-16T20:10:00Z,R,Regular Season,N,1,Final,F,Los Angeles Dodgers,119,7,San Diego Padres,135,5,Adam Kolarek,Adrian Morejon,Pedro Báez,9,Petco Park,day,3,3,False,,
631265,2020,2020-09-16,2020-09-16T21:10:00Z,R,Regular Season,Y,1,Final,F,St. Louis Cardinals,138,4,Milwaukee Brewers,158,2,Adam Wainwright,Brandon Woodruff,,7,Miller Park,night,4,5,False,,
631289,2020,2020-09-16,2020-09-16T21:15:00Z,R,Regular Season,Y,2,Final,F,St. Louis Cardinals,138,0,Milwaukee Brewers,158,6,Freddy Peralta,Johan Oviedo,,7,Miller Park,night,5,5,False,,
631315,2020,2020-09-16,2020-09-16T22:40:00Z,R,Regular Season,N,1,Final,F,Boston Red Sox,111,4,Miami Marlins,146,8,Yimi García,Mike Kickham,,9,Marlins Park,night,2,3,False,,
631575,2020,2020-09-16,2020-09-16T22:40:00Z,R,Regular Season,N,1,Final,F,Pittsburgh Pirates,134,0,Cincinnati Reds,113,1,Luis Castillo,JT Brubaker,Raisel Iglesias,9,Great American Ball Park,night,3,3,False,,
631119,2020,2020-09-16,2020-09-16T23:05:00Z,R,Regular Season,N,1,Final,F,New York Mets,121,5,Philadelphia Phillies,143,4,Miguel Castro,Héctor Neris,Edwin Díaz,9,Citizens Bank Park,night,2,3,False,,
631189,2020,2020-09-16,2020-09-16T23:05:00Z,R,Regular Season,N,1,Final,F,Toronto Blue Jays,141,2,New York Yankees,147,13,Gerrit Cole,Tanner Roark,,9,Yankee Stadium,night,2,3,False,,
631463,2020,2020-09-16,2020-09-16T23:10:00Z,R,Regular Season,N,1,Final,F,Kansas City Royals,118,4,Detroit Tigers,116,0,Brady Singer,Tarik Skubal,,9,Comerica Park,night,2,2,False,,
631659,2020,2020-09-16,2020-09-16T23:35:00Z,R,Regular Season,N,1,Final,F,Atlanta Braves,144,1,Baltimore Orioles,110,5,Keegan Akin,Cole Hamels,,9,Oriole Park at Camden Yards,night,3,3,False,,
631434,2020,2020-09-16,2020-09-17T00:10:00Z,R,Regular Season,N,1,Final,F,Texas Rangers,140,1,Houston Astros,117,0,Kyle Gibson,Ryan Pressly,,9,Minute Maid Park,night,2,3,False,,
631484,2020,2020-09-16,2020-09-17T00:10:00Z,R,Regular Season,N,1,Final,F,Minnesota Twins,142,5,Chicago White Sox,145,1,Cody Stashak,Lucas Giolito,,9,Guaranteed Rate Field,night,3,4,False,,
631619,2020,2020-09-16,2020-09-17T00:15:00Z,R,Regular Season,N,1,Final,F,Cleveland Indians,114,2,Chicago Cubs,112,3,Jason Adam,Phil Maton,,10,Wrigley Field,night,2,2,False,,
631361,2020,2020-09-16,2020-09-17T01:40:00Z,R,Regular Season,N,1,Final,F,Arizona Diamondbacks,109,9,Los Angeles Angels,108,6,Taylor Clarke,Dylan Bundy,Stefan Crichton,9,Angel Stadium,night,2,3,False,,
631032,2020,2020-09-16,2020-09-17T01:45:00Z,R,Regular Season,N,1,Final,F,San Francisco Giants,137,9,Seattle Mariners,136,3,Trevor Cahill,Ljay Newsome,,9,Oracle Park,night,1,2,False,,
631313,2020,2020-09-17,2020-09-17T17:10:00Z,R,Regular Season,N,1,Final,F,Boston Red Sox,111,5,Miami Marlins,146,3,Nathan Eovaldi,José Ureña,Matt Barnes,9,Marlins Park,day,3,3,False,,
631485,2020,2020-09-17,2020-09-17T18:10:00Z,R,Regular Season,N,1,Final,F,Minnesota Twins,142,3,Chicago White Sox,145,4,Codi Heuer,Tyler Clippard,Alex Colomé,9,Guaranteed Rate Field,day,4,4,False,,
631034,2020,2020-09-17,2020-09-17T20:10:00Z,R,Regular Season,N,1,Final,F,San Francisco Giants,137,6,Seattle Mariners,136,4,Rico Garcia,Kendall Graveman,Sam Selman,9,Oracle Park,day,2,2,False,,
631362,2020,2020-09-17,2020-09-17T20:10:00Z,R,Regular Season,N,1,Final,F,Arizona Diamondbacks,109,3,Los Angeles Angels,108,7,Griffin Canning,Alex Young,,9,Angel Stadium,day,3,3,False,,
631660,2020,2020-09-17,2020-09-17T20:35:00Z,R,Regular Season,Y,1,Final,F,Tampa Bay Rays,139,3,Baltimore Orioles,110,1,Diego Castillo,César Valdez,,7,Oriole Park at Camden Yards,night,1,5,False,,
630953,2020,2020-09-17,2020-09-17T20:40:00Z,R,Regular Season,Y,2,Final,F,Baltimore Orioles,110,6,Tampa Bay Rays,139,10,Pete Fairbanks,Cole Sulser,,7,Oriole Park at Camden Yards,night,2,5,False,,
631101,2020,2020-09-17,2020-09-17T23:05:00Z,R,Regular Season,N,1,Final,F,St. Louis Cardinals,138,1,Pittsburgh Pirates,134,5,Steven Brault,Austin Gomber,,9,PNC Park,night,1,4,False,,
631117,2020,2020-09-17,2020-09-17T23:05:00Z,R,Regular Season,N,1,Final,F,New York Mets,121,10,Philadelphia Phillies,143,6,Justin Wilson,Brandon Workman,,9,Citizens Bank Park,night,3,3,False,,
631190,2020,2020-09-17,2020-09-17T23:05:00Z,R,Regular Season,N,1,Final,F,Toronto Blue Jays,141,7,New York Yankees,147,10,Masahiro Tanaka,Chase Anderson,Aroldis Chapman,9,Yankee Stadium,night,3,3,False,,
631435,2020,2020-09-17,2020-09-17T23:10:00Z,R,Regular Season,N,1,Final,F,Texas Rangers,140,1,Houston Astros,117,2,Framber Valdez,Jordan Lyles,Brooks Raley,9,Minute Maid Park,night,3,3,False,,
631464,2020,2020-09-17,2020-09-17T23:10:00Z,R,Regular Season,N,1,Final,F,Cleveland Indians,114,10,Detroit Tigers,116,3,Shane Bieber,Casey Mize,,9,Comerica Park,night,1,4,False,,
631510,2020,2020-09-17,2020-09-18T00:40:00Z,R,Regular Season,N,1,Final,F,Los Angeles Dodgers,119,9,Colorado Rockies,115,3,Dylan Floro,Kyle Freeland,,9,Coors Field,night,1,4,False,,
630907,2020,2020-09-18,2020-09-18T20:05:00Z,R,Regular Season,Y,1,Final,F,Philadelphia Phillies,143,7,Toronto Blue Jays,141,0,Zach Eflin,Robbie Ray,,7,Citizens Bank Park,night,1,4,False,,
631102,2020,2020-09-18,2020-09-18T20:05:00Z,R,Regular Season,Y,1,Final,F,St. Louis Cardinals,138,6,Pittsburgh Pirates,134,5,Alex Reyes,Trevor Williams,Ryan Helsley,7,PNC Park,night,2,4,False,,
630987,2020,2020-09-18,2020-09-18T20:10:00Z,R,Regular Season,Y,2,Final,F,Pittsburgh Pirates,134,2,St. Louis Cardinals,138,7,Andrew Miller,Chad Kuhl,,7,PNC Park,night,3,5,False,,
631122,2020,2020-09-18,2020-09-18T20:10:00Z,R,Regular Season,Y,2,Final,F,Toronto Blue Jays,141,7,Philadelphia Phillies,143,8,Connor Brogdon,Rafael Dolis,Héctor Neris,7,Citizens Bank Park,night,2,4,False,,
631316,2020,2020-09-18,2020-09-18T21:10:00Z,R,Regular Season,Y,1,Final,F,Washington Nationals,120,5,Miami Marlins,146,0,Erick Fedde,Sixto Sánchez,,7,Marlins Park,night,1,5,False,,
631342,2020,2020-09-18,2020-09-18T21:15:00Z,R,Regular Season,Y,2,Final,F,Washington Nationals,120,3,Miami Marlins,146,14,Yimi García,Wil Crowe,,7,Marlins Park,night,2,5,False,,
631213,2020,2020-09-18,2020-09-18T23:10:00Z,R,Regular Season,N,1,Final,F,Atlanta Braves,144,15,New York Mets,121,2,Max Fried,Steven Matz,,9,Citi Field,night,1,3,False,,
631465,2020,2020-09-18,2020-09-18T23:10:00Z,R,Regular Season,N,1,Final,F,Cleveland Indians,114,1,Detroit Tigers,116,0,Zach Plesac,Tyler Alexander,Brad Hand,9,Comerica Park,night,2,4,False,,
631576,2020,2020-09-18,2020-09-18T23:10:00Z,R,Regular Season,N,1,Final,F,Chicago White Sox,145,1,Cincinnati Reds,113,7,Tyler Mahle,Jonathan Stiever,,9,Great American Ball Park,night,1,3,False,,
631627,2020,2020-09-18,2020-09-18T23:30:00Z,R,Regular Season,N,1,Final,F,New York Yankees,147,6,Boston Red Sox,111,5,Jonathan Loáisiga,Ryan Weber,,12,Fenway Park,night,1,3,False,,
631661,2020,2020-09-18,2020-09-18T23:35:00Z,R,Regular Season,N,1,Final,F,Tampa Bay Rays,139,2,Baltimore Orioles,110,1,Tyler Glasnow,Alex Cobb,Ryan Sherriff,9,Oriole Park at Camden Yards,night,3,5,False,,
631266,2020,2020-09-18,2020-09-19T00:10:00Z,R,Regular Season,N,1,Final,F,Kansas City Royals,118,5,Milwaukee Brewers,158,9,Drew Rasmussen,Danny Duffy,,9,Miller Park,night,1,3,False,,
631436,2020,2020-09-18,2020-09-19T00:10:00Z,R,Regular Season,N,1,Final,F,Arizona Diamondbacks,109,6,Houston Astros,117,3,Zac Gallen,Luis Garcia,Stefan Crichton,9,Minute Maid Park,night,1,3,False,,
631511,2020,2020-09-18,2020-09-19T00:10:00Z,R,Regular Season,N,1,Final,F,Los Angeles Dodgers,119,15,Colorado Rockies,115,6,Mitch White,Ryan Castellani,,9,Coors Field,night,2,4,False,,
631629,2020,2020-09-18,2020-09-19T00:15:00Z,R,Regular Season,N,1,Final,F,Minnesota Twins,142,0,Chicago Cubs,112,1,Kyle Hendricks,Rich Hill,Jeremy Jeffress,9,Wrigley Field,night,1,3,False,,
631367,2020,2020-09-18,2020-09-19T01:10:00Z,R,Regular Season,N,1,Final,F,Texas Rangers,140,2,Los Angeles Angels,108,6,Jaime Barria,Wes Benjamin,,9,Angel Stadium,night,1,4,False,,
631040,2020,2020-09-18,2020-09-19T01:40:00Z,R,Regular Season,N,1,Final,F,San Diego Padres,135,6,Seattle Mariners,136,1,Chris Paddack,Yusei Kikuchi,,9,Petco Park,night,1,3,False,,
631163,2020,2020-09-18,2020-09-19T01:40:00Z,R,Regular Season,N,1,Final,F,San Francisco Giants,137,0,Oakland Athletics,133,6,Chris Bassitt,Logan Webb,,9,Oakland Coliseum,night,1,3,False,,
631164,2020,2020-09-19,2020-09-19T20:10:00Z,R,Regular Season,N,1,Final,F,San Francisco Giants,137,0,Oakland Athletics,133,6,Jesús Luzardo,Kevin Gausman,,9,Oakland Coliseum,day,2,3,False,,
631123,2020,2020-09-19,2020-09-19T22:05:00Z,R,Regular Season,N,1,Final,F,Toronto Blue Jays,141,1,Philadelphia Phillies,143,3,Vince Velasquez,Hyun Jin Ryu,Tommy Hunter,9,Citizens Bank Park,night,3,4,False,,
631317,2020,2020-09-19,2020-09-19T22:10:00Z,R,Regular Season,N,1,Final,F,Washington Nationals,120,3,Miami Marlins,146,7,Pablo López,Patrick Corbin,,9,Marlins Park,night,3,5,False,,
631466,2020,2020-09-19,2020-09-19T22:10:00Z,R,Regular Season,N,1,Final,F,Cleveland Indians,114,2,Detroit Tigers,116,5,José Cisnero,Phil Maton,Bryan Garcia,9,Comerica Park,night,3,4,False,,
631147,2020,2020-09-19,2020-09-19T23:05:00Z,R,Regular Season,N,1,Final,F,St. Louis Cardinals,138,5,Pittsburgh Pirates,134,4,Jake Woodford,Sam Howard,Génesis Cabrera,9,PNC Park,night,3,4,False,,
631214,2020,2020-09-19,2020-09-19T23:07:00Z,R,Regular Season,N,1,Final,F,Atlanta Braves,144,2,New York Mets,121,7,David Peterson,Ian Anderson,,9,Citi Field,night,2,3,False,,
631577,2020,2020-09-19,2020-09-19T23:07:00Z,R,Regular Season,N,1,Final,F,Chicago White Sox,145,5,Cincinnati Reds,113,0,Matt Foster,Trevor Bauer,,9,Great American Ball Park,night,2,3,False,,
631267,2020,2020-09-19,2020-09-19T23:10:00Z,R,Regular Season,N,1,Final,F,Kansas City Royals,118,0,Milwaukee Brewers,158,5,Corbin Burnes,Kris Bubic,,9,Miller Park,night,2,3,False,,
631437,2020,2020-09-19,2020-09-19T23:10:00Z,R,Regular Season,N,1,Final,F,Arizona Diamondbacks,109,2,Houston Astros,117,3,Enoli Paredes,Luke Weaver,Ryan Pressly,9,Minute Maid Park,night,2,3,False,,
631628,2020,2020-09-19,2020-09-19T23:30:00Z,R,Regular Season,N,1,Final,F,New York Yankees,147,8,Boston Red Sox,111,0,J.A. Happ,Chris Mazza,,9,Fenway Park,night,2,3,False,,
631662,2020,2020-09-19,2020-09-19T23:35:00Z,R,Regular Season,N,1,Final,F,Tampa Bay Rays,139,3,Baltimore Orioles,110,1,Charlie Morton,Jorge López,Ryan Thompson,9,Oriole Park at Camden Yards,night,4,5,False,,
631512,2020,2020-09-19,2020-09-20T00:10:00Z,R,Regular Season,N,1,Final,F,Los Angeles Dodgers,119,6,Colorado Rockies,115,1,Clayton Kershaw,Chi Chi González,,9,Coors Field,night,3,4,False,,
631632,2020,2020-09-19,2020-09-20T00:15:00Z,R,Regular Season,N,1,Final,F,Minnesota Twins,142,8,Chicago Cubs,112,1,Michael Pineda,Alec Mills,,9,Wrigley Field,night,2,3,False,,
631036,2020,2020-09-19,2020-09-20T01:10:00Z,R,Regular Season,N,1,Final,F,San Diego Padres,135,1,Seattle Mariners,136,4,Justus Sheffield,Dan Altavilla,Yoshihisa Hirano,9,Petco Park,night,2,3,False,,
631372,2020,2020-09-19,2020-09-20T01:10:00Z,R,Regular Season,N,1,Final,F,Texas Rangers,140,3,Los Angeles Angels,108,4,Mike Mayers,Brett Martin,,9,Angel Stadium,night,2,4,False,,
631672,2020,2020-09-20,2020-09-20T17:05:00Z,R,Regular Season,N,1,Final,F,Tampa Bay Rays,139,1,Baltimore Orioles,110,2,John Means,Ryan Yarbrough,César Valdez,9,Oriole Park at Camden Yards,day,5,5,False,,
631635,2020,2020-09-20,2020-09-20T17:07:00Z,R,Regular Season,N,1,Final,F,New York Yankees,147,2,Boston Red Sox,111,10,Tanner Houck,Deivi García,,9,Fenway Park,day,3,3,False,,
631215,2020,2020-09-20,2020-09-20T17:10:00Z,R,Regular Season,N,1,Final,F,Atlanta Braves,144,7,New York Mets,121,0,Kyle Wright,Rick Porcello,,9,Citi Field,day,3,3,False,,
631305,2020,2020-09-20,2020-09-20T17:10:00Z,R,Regular Season,Y,1,Final,F,Washington Nationals,120,1,Miami Marlins,146,2,Sandy Alcantara,Max Scherzer,Brandon Kintzler,7,Marlins Park,day,4,5,False,,
631454,2020,2020-09-20,2020-09-20T17:10:00Z,R,Regular Season,N,1,Final,F,Cleveland Indians,114,7,Detroit Tigers,116,4,Carlos Carrasco,Matthew Boyd,,9,Comerica Park,day,4,4,False,,
631578,2020,2020-09-20,2020-09-20T17:10:00Z,R,Regular Season,N,1,Final,F,Chicago White Sox,145,3,Cincinnati Reds,113,7,Lucas Sims,Dylan Cease,,9,Great American Ball Park,day,3,3,False,,
631329,2020,2020-09-20,2020-09-20T17:15:00Z,R,Regular Season,Y,2,Final,F,Washington Nationals,120,15,Miami Marlins,146,0,Ben Braymer,Braxton Garrett,,7,Marlins Park,day,5,5,False,,
631268,2020,2020-09-20,2020-09-20T18:10:00Z,R,Regular Season,N,1,Final,F,Kansas City Royals,118,3,Milwaukee Brewers,158,5,Josh Lindblom,Brad Keller,Josh Hader,9,Miller Park,day,3,3,False,,
631424,2020,2020-09-20,2020-09-20T18:10:00Z,R,Regular Season,N,1,Final,F,Arizona Diamondbacks,109,2,Houston Astros,117,3,Blake Taylor,Junior Guerra,Ryan Pressly,9,Minute Maid Park,day,3,3,False,,
631128,2020,2020-09-20,2020-09-20T19:05:00Z,R,Regular Season,N,1,Final,F,Toronto Blue Jays,141,6,Philadelphia Phillies,143,3,Taijuan Walker,Adonis Medina,Anthony Bass,9,Citizens Bank Park,day,4,4,False,,
631519,2020,2020-09-20,2020-09-20T19:10:00Z,R,Regular Season,N,1,Final,F,Los Angeles Dodgers,119,3,Colorado Rockies,115,6,Antonio Senzatela,Tony Gonsolin,Mychal Givens,9,Coors Field,day,4,4,False,,
631086,2020,2020-09-20,2020-09-20T20:05:00Z,R,Regular Season,N,1,Final,F,St. Louis Cardinals,138,2,Pittsburgh Pirates,134,1,Jack Flaherty,Derek Holland,Andrew Miller,9,PNC Park,day,5,5,False,,
631037,2020,2020-09-20,2020-09-20T20:10:00Z,R,Regular Season,N,1,Final,F,San Diego Padres,135,7,Seattle Mariners,136,4,Trevor Rosenthal,Casey Sadler,,11,Petco Park,day,3,3,False,,
631166,2020,2020-09-20,2020-09-20T20:10:00Z,R,Regular Season,N,1,Final,F,San Francisco Giants,137,14,Oakland Athletics,133,2,Tyler Anderson,Mike Minor,,9,Oakland Coliseum,day,3,3,False,,
631375,2020,2020-09-20,2020-09-20T20:10:00Z,R,Regular Season,N,1,Final,F,Texas Rangers,140,7,Los Angeles Angels,108,2,Kyle Cody,Julio Teheran,,9,Angel Stadium,day,3,4,False,,
631617,2020,2020-09-20,2020-09-20T23:08:00Z,R,Regular Season,N,1,Final,F,Minnesota Twins,142,4,Chicago Cubs,112,0,José Berríos,Yu Darvish,,9,Wrigley Field,night,3,3,False,,
631376,2020,2020-09-21,2020-09-21T20:10:00Z,R,Regular Season,N,1,Final,F,Texas Rangers,140,5,Los Angeles Angels,108,8,Dylan Bundy,Kyle Gibson,Mike Mayers,9,Angel Stadium,day,4,4,False,,
630884,2020,2020-09-21,2020-09-21T22:05:00Z,R,Regular Season,N,1,Final,F,Philadelphia Phillies,143,1,Washington Nationals,120,5,Aníbal Sánchez,Zack Wheeler,,9,Nationals Park,night,1,4,False,,
631562,2020,2020-09-21,2020-09-21T22:10:00Z,R,Regular Season,N,1,Final,F,Chicago White Sox,145,4,Cleveland Indians,114,7,Aaron Civale,Jace Fry,Brad Hand,9,Progressive Field,night,1,4,False,,
630876,2020,2020-09-21,2020-09-21T22:37:00Z,R,Regular Season,N,1,Final,F,New York Yankees,147,5,Toronto Blue Jays,141,11,T.J. Zeuch,Michael King,,9,Sahlen Field,night,1,4,False,,
631579,2020,2020-09-21,2020-09-21T22:40:00Z,R,Regular Season,N,1,Final,F,Milwaukee Brewers,158,3,Cincinnati Reds,113,6,Luis Castillo,Brandon Woodruff,,9,Great American Ball Park,night,1,3,False,,
631087,2020,2020-09-21,2020-09-21T23:05:00Z,R,Regular Season,N,1,Final,F,Chicago Cubs,112,5,Pittsburgh Pirates,134,0,Jon Lester,JT Brubaker,,9,PNC Park,night,1,4,False,,
630440,2020,2020-09-21,2020-09-21T23:10:00Z,R,Regular Season,N,1,Final,F,Miami Marlins,146,4,Atlanta Braves,144,5,Tyler Matzek,Trevor Rogers,Mark Melancon,9,Truist Park,night,1,4,False,,
631216,2020,2020-09-21,2020-09-21T23:10:00Z,R,Regular Season,N,1,Final,F,Tampa Bay Rays,139,2,New York Mets,121,1,Josh Fleming,Jacob deGrom,Nick Anderson,9,Citi Field,night,1,3,False,,
631402,2020,2020-09-21,2020-09-22T00:05:00Z,R,Regular Season,N,1,Final,F,St. Louis Cardinals,138,1,Kansas City Royals,118,4,Josh Staumont,Adam Wainwright,Greg Holland,9,Kauffman Stadium,night,1,3,False,,
631038,2020,2020-09-21,2020-09-22T01:10:00Z,R,Regular Season,N,1,Final,F,Houston Astros,117,1,Seattle Mariners,136,6,Marco Gonzales,Lance McCullers Jr.,,9,T-Mobile Park,night,1,3,False,,
631009,2020,2020-09-21,2020-09-22T01:45:00Z,R,Regular Season,N,1,Final,F,Colorado Rockies,115,7,San Francisco Giants,137,2,Germán Márquez,Johnny Cueto,,9,Oracle Park,night,1,4,False,,
630888,2020,2020-09-22,2020-09-22T19:05:00Z,R,Regular Season,Y,1,Final,F,Philadelphia Phillies,143,1,Washington Nationals,120,5,Austin Voth,Aaron Nola,,7,Nationals Park,day,2,4,False,,
630896,2020,2020-09-22,2020-09-22T19:10:00Z,R,Regular Season,Y,2,Final,F,Philadelphia Phillies,143,7,Washington Nationals,120,8,Daniel Hudson,Brandon Workman,,8,Nationals Park,day,3,4,False,,
631550,2020,2020-09-22,2020-09-22T22:10:00Z,R,Regular Season,N,1,Final,F,Chicago White Sox,145,3,Cleveland Indians,114,5,Phil Maton,Matt Foster,,10,Progressive Field,night,2,4,False,,
630881,2020,2020-09-22,2020-09-22T22:37:00Z,R,Regular Season,N,1,Final,F,New York Yankees,147,12,Toronto Blue Jays,141,1,Gerrit Cole,Tanner Roark,,9,Sahlen Field,night,2,4,False,,
631580,2020,2020-09-22,2020-09-22T22:40:00Z,R,Regular Season,N,1,Final,F,Milwaukee Brewers,158,3,Cincinnati Reds,113,2,Brett Anderson,Tejay Antone,Josh Hader,9,Great American Ball Park,night,2,3,False,,
631088,2020,2020-09-22,2020-09-22T23:05:00Z,R,Regular Season,N,1,Final,F,Chicago Cubs,112,2,Pittsburgh Pirates,134,3,Richard Rodríguez,Andrew Chafin,,9,PNC Park,night,2,4,False,,
630385,2020,2020-09-22,2020-09-22T23:10:00Z,R,Regular Season,N,1,Final,F,Miami Marlins,146,1,Atlanta Braves,144,11,Bryse Wilson,José Ureña,,9,Truist Park,night,2,4,False,,
631217,2020,2020-09-22,2020-09-22T23:10:00Z,R,Regular Season,N,1,Final,F,Tampa Bay Rays,139,2,New York Mets,121,5,Seth Lugo,Blake Snell,Edwin Díaz,9,Citi Field,night,2,3,False,,
631636,2020,2020-09-22,2020-09-22T23:30:00Z,R,Regular Season,N,1,Final,F,Baltimore Orioles,110,3,Boston Red Sox,111,8,Nick Pivetta,Keegan Akin,Matt Barnes,9,Fenway Park,night,1,3,False,,
631251,2020,2020-09-22,2020-09-22T23:40:00Z,R,Regular Season,N,1,Final,F,Detroit Tigers,116,4,Minnesota Twins,142,5,Taylor Rogers,Bryan Garcia,,10,Target Field,night,1,2,False,,
631411,2020,2020-09-22,2020-09-23T00:05:00Z,R,Regular Season,N,1,Final,F,St. Louis Cardinals,138,5,Kansas City Royals,118,0,Austin Gomber,Brady Singer,,9,Kauffman Stadium,night,2,3,False,,
630243,2020,2020-09-22,2020-09-23T01:10:00Z,R,Regular Season,N,1,Final,F,Texas Rangers,140,0,Arizona Diamondbacks,109,7,Riley Smith,Jordan Lyles,,9,Chase Field,night,1,2,False,,
631039,2020,2020-09-22,2020-09-23T01:10:00Z,R,Regular Season,N,1,Final,F,Houston Astros,117,6,Seattle Mariners,136,1,Framber Valdez,Casey Sadler,,9,T-Mobile Park,night,2,3,False,,
631064,2020,2020-09-22,2020-09-23T01:10:00Z,R,Regular Season,N,1,Final,F,Los Angeles Angels,108,4,San Diego Padres,135,2,Griffin Canning,Zach Davies,Mike Mayers,9,Petco Park,night,1,2,False,,
631333,2020,2020-09-22,2020-09-23T01:40:00Z,R,Regular Season,N,1,Final,F,Oakland Athletics,133,2,Los Angeles Dodgers,119,7,Dustin May,Frankie Montas,,9,Dodger Stadium,night,1,3,False,,
631010,2020,2020-09-22,2020-09-23T01:45:00Z,R,Regular Season,N,1,Final,F,Colorado Rockies,115,2,San Francisco Giants,137,5,Tyler Rogers,Jairo Díaz,Sam Coonrod,9,Oracle Park,night,2,4,False,,
631065,2020,2020-09-23,2020-09-23T20:10:00Z,R,Regular Season,N,1,Final,F,Los Angeles Angels,108,5,San Diego Padres,135,2,Patrick Sandoval,Adrian Morejon,Félix Peña,9,Petco Park,day,2,2,False,,
630892,2020,2020-09-23,2020-09-23T22:05:00Z,R,Regular Season,N,1,Final,F,Philadelphia Phillies,143,12,Washington Nationals,120,3,Zach Eflin,Erick Fedde,,9,Nationals Park,night,4,4,False,,
630263,2020,2020-09-23,2020-09-23T22:10:00Z,R,Regular Season,N,1,Final,F,Texas Rangers,140,3,Arizona Diamondbacks,109,7,Keury Mella,Nick Goody,,9,Chase Field,day,2,2,False,,
631534,2020,2020-09-23,2020-09-23T22:10:00Z,R,Regular Season,N,1,Final,F,Chicago White Sox,145,2,Cleveland Indians,114,3,Brad Hand,Gio Gonzalez,,9,Progressive Field,night,3,4,False,,
630885,2020,2020-09-23,2020-09-23T22:37:00Z,R,Regular Season,N,1,Final,F,New York Yankees,147,1,Toronto Blue Jays,141,14,A.J. Cole,Masahiro Tanaka,Ross Stripling,9,Sahlen Field,night,3,4,False,,
631035,2020,2020-09-23,2020-09-23T22:40:00Z,R,Regular Season,N,1,Final,F,Houston Astros,117,2,Seattle Mariners,136,3,Nick Margevicius,Zack Greinke,Yoshihisa Hirano,9,T-Mobile Park,day,3,3,False,,
631583,2020,2020-09-23,2020-09-23T22:40:00Z,R,Regular Season,N,1,Final,F,Milwaukee Brewers,158,1,Cincinnati Reds,113,6,Trevor Bauer,Adrian Houser,,9,Great American Ball Park,night,3,3,False,,
631089,2020,2020-09-23,2020-09-23T23:05:00Z,R,Regular Season,N,1,Final,F,Chicago Cubs,112,1,Pittsburgh Pirates,134,2,Trevor Williams,Kyle Hendricks,Richard Rodríguez,9,PNC Park,night,3,4,False,,
630554,2020,2020-09-23,2020-09-23T23:10:00Z,R,Regular Season,N,1,Final,F,Miami Marlins,146,4,Atlanta Braves,144,9,Luke Jackson,Josh A. Smith,,9,Truist Park,night,3,4,False,,
631218,2020,2020-09-23,2020-09-23T23:10:00Z,R,Regular Season,N,1,Final,F,Tampa Bay Rays,139,8,New York Mets,121,5,Tyler Glasnow,Michael Wacha,,9,Citi Field,night,3,3,False,,
631637,2020,2020-09-23,2020-09-23T23:30:00Z,R,Regular Season,N,1,Final,F,Baltimore Orioles,110,1,Boston Red Sox,111,9,Nathan Eovaldi,Dean Kremer,,9,Fenway Park,night,2,3,False,,
631250,2020,2020-09-23,2020-09-23T23:40:00Z,R,Regular Season,N,1,Final,F,Detroit Tigers,116,6,Minnesota Twins,142,7,Kenta Maeda,Casey Mize,Sergio Romo,9,Target Field,night,2,2,False,,
631380,2020,2020-09-23,2020-09-24T00:05:00Z,R,Regular Season,N,1,Final,F,St. Louis Cardinals,138,3,Kansas City Royals,118,12,Danny Duffy,Carlos Martinez,,9,Kauffman Stadium,night,3,3,False,,
631334,2020,2020-09-23,2020-09-24T01:40:00Z,R,Regular Season,N,1,Final,F,Oakland Athletics,133,6,Los Angeles Dodgers,119,4,Jake Diekman,Blake Treinen,Liam Hendriks,9,Dodger Stadium,night,2,3,False,,
631011,2020,2020-09-23,2020-09-24T01:45:00Z,R,Regular Season,N,1,Final,F,Colorado Rockies,115,2,San Francisco Giants,137,7,Logan Webb,Ryan Castellani,,9,Oracle Park,night,3,4,False,,
631099,2020,2020-09-24,2020-09-24T17:35:00Z,R,Regular Season,N,1,Final,F,Chicago Cubs,112,0,Pittsburgh Pirates,134,7,Chad Kuhl,Alec Mills,,9,PNC Park,day,4,4,False,,
631012,2020,2020-09-24,2020-09-24T19:45:00Z,R,Regular Season,N,1,Final,F,Colorado Rockies,115,5,San Francisco Giants,137,4,Daniel Bard,Trevor Cahill,Jairo Díaz,11,Oracle Park,day,4,4,False,,
630893,2020,2020-09-24,2020-09-24T22:05:00Z,R,Regular Season,N,1,Final,F,New York Mets,121,3,Washington Nationals,120,2,David Peterson,Patrick Corbin,Edwin Díaz,9,Nationals Park,night,1,4,False,,
631549,2020,2020-09-24,2020-09-24T22:10:00Z,R,Regular Season,N,1,Final,F,Chicago White Sox,145,4,Cleveland Indians,114,5,Cam Hill,Carlos Rodón,Brad Hand,9,Progressive Field,night,4,4,False,,
630887,2020,2020-09-24,2020-09-24T22:37:00Z,R,Regular Season,N,1,Final,F,New York Yankees,147,1,Toronto Blue Jays,141,4,Hyun Jin Ryu,Jordan Montgomery,Rafael Dolis,9,Sahlen Field,night,4,4,False,,
631685,2020,2020-09-24,2020-09-24T23:10:00Z,R,Regular Season,N,1,Final,F,Miami Marlins,146,4,Atlanta Braves,144,2,Pablo López,Ian Anderson,Brandon Kintzler,9,Truist Park,night,4,4,False,,
631640,2020,2020-09-24,2020-09-24T23:30:00Z,R,Regular Season,N,1,Final,F,Baltimore Orioles,110,13,Boston Red Sox,111,1,Alex Cobb,Martín Pérez,,9,Fenway Park,night,3,3,False,,
630912,2020,2020-09-24,2020-09-25T00:05:00Z,R,Regular Season,N,1,Final,F,Houston Astros,117,12,Texas Rangers,140,4,Cristian Javier,Lance Lynn,,9,Globe Life Field,night,1,4,False,,
631398,2020,2020-09-24,2020-09-25T00:05:00Z,R,Regular Season,N,1,Final,F,Detroit Tigers,116,7,Kansas City Royals,118,8,Jesse Hahn,Tyler Alexander,Jake Newberry,9,Kauffman Stadium,night,1,4,False,,
630975,2020,2020-09-24,2020-09-25T00:15:00Z,R,Regular Season,N,1,Final,F,Milwaukee Brewers,158,2,St. Louis Cardinals,138,4,Kwang Hyun Kim,Corbin Burnes,Andrew Miller,9,Busch Stadium,night,1,5,False,,
631335,2020,2020-09-24,2020-09-25T01:40:00Z,R,Regular Season,N,1,Final,F,Oakland Athletics,133,1,Los Angeles Dodgers,119,5,Dylan Floro,Mike Fiers,,9,Dodger Stadium,night,3,3,False,,
630963,2020,2020-09-25,2020-09-25T21:15:00Z,R,Regular Season,Y,1,Final,F,Milwaukee Brewers,158,3,St. Louis Cardinals,138,0,Devin Williams,Jack Flaherty,Josh Hader,7,Busch Stadium,night,2,5,False,,
631292,2020,2020-09-25,2020-09-25T21:20:00Z,R,Regular Season,Y,2,Final,F,St. Louis Cardinals,138,9,Milwaukee Brewers,158,1,Daniel Ponce de Leon,Josh Lindblom,,7,Busch Stadium,night,3,5,False,,
630889,2020,2020-09-25,2020-09-25T22:37:00Z,R,Regular Season,N,1,Final,F,Baltimore Orioles,110,5,Toronto Blue Jays,141,10,Nate Pearson,Jorge López,,9,Sahlen Field,night,1,3,False,,
630270,2020,2020-09-25,2020-09-25T22:40:00Z,R,Regular Season,Y,1,Final,F,Colorado Rockies,115,0,Arizona Diamondbacks,109,4,Zac Gallen,Antonio Senzatela,Stefan Crichton,7,Chase Field,day,1,4,False,,
630938,2020,2020-09-25,2020-09-25T22:40:00Z,R,Regular Season,N,1,Final,F,Philadelphia Phillies,143,4,Tampa Bay Rays,139,6,Nick Anderson,Adam Morgan,John Curtiss,9,Tropicana Field,night,1,3,False,,
630203,2020,2020-09-25,2020-09-25T22:45:00Z,R,Regular Season,Y,2,Final,F,Colorado Rockies,115,5,Arizona Diamondbacks,109,11,Taylor Clarke,Antonio Santos,,7,Chase Field,day,2,4,False,,
631191,2020,2020-09-25,2020-09-25T23:05:00Z,R,Regular Season,N,1,Final,F,Miami Marlins,146,4,New York Yankees,147,3,Brad Boxberger,Chad Green,Brandon Kintzler,10,Yankee Stadium,night,1,3,False,,
630569,2020,2020-09-25,2020-09-25T23:10:00Z,R,Regular Season,N,1,Final,F,Boston Red Sox,111,7,Atlanta Braves,144,8,Shane Greene,Jeffrey Springs,,11,Truist Park,night,1,3,False,,
631013,2020,2020-09-25,2020-09-25T23:10:00Z,R,Regular Season,Y,1,Final,F,San Diego Padres,135,4,San Francisco Giants,137,5,Tyler Anderson,Chris Paddack,,7,Oracle Park,night,1,4,False,,
631536,2020,2020-09-25,2020-09-25T23:10:00Z,R,Regular Season,N,1,Final,F,Pittsburgh Pirates,134,3,Cleveland Indians,114,4,Adam Plutko,Chris Stratton,,9,Progressive Field,night,1,3,False,,
631059,2020,2020-09-25,2020-09-25T23:15:00Z,R,Regular Season,Y,2,Final,F,San Francisco Giants,137,5,San Diego Padres,135,6,Luis Patiño,Sam Coonrod,,7,Oracle Park,night,2,4,False,,
630913,2020,2020-09-25,2020-09-26T00:05:00Z,R,Regular Season,N,1,Final,F,Houston Astros,117,4,Texas Rangers,140,5,Brett Martin,Enoli Paredes,,10,Globe Life Field,night,2,4,False,,
631383,2020,2020-09-25,2020-09-26T00:05:00Z,R,Regular Season,N,1,Final,F,Detroit Tigers,116,2,Kansas City Royals,118,3,Brad Keller,Spencer Turnbull,Jesse Hahn,9,Kauffman Stadium,night,2,4,False,,
631246,2020,2020-09-25,2020-09-26T00:10:00Z,R,Regular Season,N,1,Final,F,Cincinnati Reds,113,7,Minnesota Twins,142,2,Michael Lorenzen,José Berríos,,9,Target Field,night,1,3,False,,
631486,2020,2020-09-25,2020-09-26T00:10:00Z,R,Regular Season,N,1,Final,F,Chicago Cubs,112,10,Chicago White Sox,145,0,Yu Darvish,Dylan Cease,,9,Guaranteed Rate Field,night,1,3,False,,
631167,2020,2020-09-25,2020-09-26T01:40:00Z,R,Regular Season,N,1,Final,F,Seattle Mariners,136,1,Oakland Athletics,133,3,Jake Diekman,Joey Gerber,,10,Oakland Coliseum,night,1,3,False,,
631336,2020,2020-09-25,2020-09-26T01:40:00Z,R,Regular Season,N,1,Final,F,Los Angeles Angels,108,5,Los Angeles Dodgers,119,9,Brusdar Graterol,Matt Andriese,,9,Dodger Stadium,night,1,3,False,,
631193,2020,2020-09-26,2020-09-26T17:05:00Z,R,Regular Season,N,1,Final,F,Miami Marlins,146,4,New York Yankees,147,11,Deivi García,Stephen Tarpley,,9,Yankee Stadium,day,2,3,False,,
630895,2020,2020-09-26,2020-09-26T19:05:00Z,R,Regular Season,Y,1,Final,F,New York Mets,121,3,Washington Nationals,120,4,Max Scherzer,Miguel Castro,Will Harris,7,Nationals Park,day,2,4,False,,
630894,2020,2020-09-26,2020-09-26T19:10:00Z,R,Regular Season,Y,2,Final,F,New York Mets,121,3,Washington Nationals,120,5,Aníbal Sánchez,Rick Porcello,Daniel Hudson,7,Nationals Park,day,3,4,False,,
631169,2020,2020-09-26,2020-09-26T20:10:00Z,R,Regular Season,Y,1,Final,F,Seattle Mariners,136,5,Oakland Athletics,133,1,Kendall Graveman,Liam Hendriks,,8,Oakland Coliseum,day,2,4,False,,
631055,2020,2020-09-26,2020-09-26T20:15:00Z,R,Regular Season,Y,2,Final,F,Oakland Athletics,133,3,Seattle Mariners,136,12,Justin Dunn,Paul Blackburn,,7,Oakland Coliseum,day,3,4,False,,
630891,2020,2020-09-26,2020-09-26T22:37:00Z,R,Regular Season,N,1,Final,F,Baltimore Orioles,110,2,Toronto Blue Jays,141,5,Chase Anderson,John Means,Anthony Bass,9,Sahlen Field,night,2,3,False,,
630914,2020,2020-09-26,2020-09-26T23:05:00Z,R,Regular Season,N,1,Final,F,Houston Astros,117,1,Texas Rangers,140,6,Jimmy Herget,Brandon Bielak,,9,Globe Life Field,night,3,4,False,,
631385,2020,2020-09-26,2020-09-26T23:05:00Z,R,Regular Season,N,1,Final,F,Detroit Tigers,116,4,Kansas City Royals,118,3,Matthew Boyd,Carlos Hernández,Bryan Garcia,9,Kauffman Stadium,night,3,4,False,,
630939,2020,2020-09-26,2020-09-26T23:07:00Z,R,Regular Season,N,1,Final,F,Philadelphia Phillies,143,3,Tampa Bay Rays,139,4,Pete Fairbanks,Zack Wheeler,Aaron Slegers,9,Tropicana Field,night,2,3,False,,
630964,2020,2020-09-26,2020-09-26T23:07:00Z,R,Regular Season,N,1,Final,F,Milwaukee Brewers,158,3,St. Louis Cardinals,138,0,Brandon Woodruff,Adam Wainwright,Josh Hader,9,Busch Stadium,night,4,5,False,,
630570,2020,2020-09-26,2020-09-26T23:10:00Z,R,Regular Season,N,1,Final,F,Boston Red Sox,111,8,Atlanta Braves,144,2,Tanner Houck,Tucker Davidson,,9,Truist Park,night,2,3,False,,
631245,2020,2020-09-26,2020-09-26T23:10:00Z,R,Regular Season,N,1,Final,F,Cincinnati Reds,113,3,Minnesota Twins,142,7,Tyler Clippard,Luis Castillo,,9,Target Field,night,2,3,False,,
631487,2020,2020-09-26,2020-09-26T23:10:00Z,R,Regular Season,N,1,Final,F,Chicago Cubs,112,5,Chicago White Sox,145,9,Matt Foster,Jon Lester,,9,Guaranteed Rate Field,night,2,3,False,,
631537,2020,2020-09-26,2020-09-26T23:10:00Z,R,Regular Season,N,1,Final,F,Pittsburgh Pirates,134,8,Cleveland Indians,114,0,Joe Musgrove,Aaron Civale,,9,Progressive Field,night,2,3,False,,
630271,2020,2020-09-26,2020-09-27T00:10:00Z,R,Regular Season,N,1,Final,F,Colorado Rockies,115,10,Arizona Diamondbacks,109,3,Germán Márquez,Luke Weaver,,9,Chase Field,night,2,3,False,,
631337,2020,2020-09-26,2020-09-27T01:10:00Z,R,Regular Season,N,1,Final,F,Los Angeles Angels,108,6,Los Angeles Dodgers,119,7,Tony Gonsolin,Hansel Robles,Adam Kolarek,9,Dodger Stadium,night,2,3,False,,
631016,2020,2020-09-26,2020-09-27T01:15:00Z,R,Regular Season,N,1,Final,F,San Diego Padres,135,6,San Francisco Giants,137,2,Craig Stammen,Johnny Cueto,,9,Oracle Park,night,2,3,False,,
631386,2020,2020-09-27,2020-09-27T17:05:00Z,R,Regular Season,N,1,Final,F,Detroit Tigers,116,1,Kansas City Royals,118,3,Brady Singer,Tarik Skubal,Jesse Hahn,9,Kauffman Stadium,day,4,4,False,,
630854,2020,2020-09-27,2020-09-27T19:05:00Z,R,Regular Season,N,1,Final,F,New York Mets,121,5,Washington Nationals,120,15,Austin Voth,Seth Lugo,,9,Nationals Park,day,4,4,False,,
630915,2020,2020-09-27,2020-09-27T19:05:00Z,R,Regular Season,N,1,Final,F,Houston Astros,117,4,Texas Rangers,140,8,Wes Benjamin,Chase De Jong,,9,Globe Life Field,day,4,4,False,,
631002,2020,2020-09-27,2020-09-27T19:05:00Z,R,Regular Season,N,1,Final,F,San Diego Padres,135,5,San Francisco Giants,137,4,Dan Altavilla,Drew Smyly,Trevor Rosenthal,9,Oracle Park,day,3,3,False,,
631188,2020,2020-09-27,2020-09-27T19:05:00Z,R,Regular Season,N,1,Final,F,Miami Marlins,146,5,New York Yankees,147,0,Daniel Castano,Clarke Schmidt,,9,Yankee Stadium,day,3,3,False,,
630858,2020,2020-09-27,2020-09-27T19:07:00Z,R,Regular Season,N,1,Final,F,Baltimore Orioles,110,7,Toronto Blue Jays,141,5,Travis Lakins,Shun Yamaguchi,César Valdez,9,Sahlen Field,day,3,3,False,,
630202,2020,2020-09-27,2020-09-27T19:10:00Z,R,Regular Season,N,1,Final,F,Colorado Rockies,115,3,Arizona Diamondbacks,109,11,Madison Bumgarner,Kyle Freeland,,9,Chase Field,day,3,3,False,,
630573,2020,2020-09-27,2020-09-27T19:10:00Z,R,Regular Season,N,1,Final,F,Boston Red Sox,111,9,Atlanta Braves,144,1,Nick Pivetta,Will Smith,,9,Truist Park,day,3,3,False,,
630945,2020,2020-09-27,2020-09-27T19:10:00Z,R,Regular Season,N,1,Final,F,Philadelphia Phillies,143,0,Tampa Bay Rays,139,5,Josh Fleming,Aaron Nola,,9,Tropicana Field,day,3,3,False,,
631155,2020,2020-09-27,2020-09-27T19:10:00Z,R,Regular Season,N,1,Final,F,Seattle Mariners,136,2,Oakland Athletics,133,6,Yusmeiro Petit,Yoshihisa Hirano,,9,Oakland Coliseum,day,3,3,False,,
631244,2020,2020-09-27,2020-09-27T19:10:00Z,R,Regular Season,N,1,Final,F,Cincinnati Reds,113,5,Minnesota Twins,142,3,Raisel Iglesias,Caleb Thielbar,,10,Target Field,day,3,3,False,,
631338,2020,2020-09-27,2020-09-27T19:10:00Z,R,Regular Season,N,1,Final,F,Los Angeles Angels,108,0,Los Angeles Dodgers,119,5,Dustin May,Patrick Sandoval,,9,Dodger Stadium,day,3,3,False,,
631488,2020,2020-09-27,2020-09-27T19:10:00Z,R,Regular Season,N,1,Final,F,Chicago Cubs,112,10,Chicago White Sox,145,8,Adbert Alzolay,Reynaldo López,Andrew Chafin,9,Guaranteed Rate Field,day,3,3,False,,
631538,2020,2020-09-27,2020-09-27T19:10:00Z,R,Regular Season,N,1,Final,F,Pittsburgh Pirates,134,6,Cleveland Indians,114,8,James Karinchak,Nik Turley,Brad Hand,9,Progressive Field,day,3,3,False,,
630965,2020,2020-09-27,2020-09-27T19:15:00Z,R,Regular Season,N,1,Final,F,Milwaukee Brewers,158,2,St. Louis Cardinals,138,5,Giovanny Gallegos,Brett Anderson,Alex Reyes,9,Busch Stadium,day,5,5,False,,
635907,2020,2020-09-29,2020-09-29T18:08:00Z,F,AL Wild Card Series,N,1,Final,F,Houston Astros,117,4,Minnesota Twins,142,1,Framber Valdez,Sergio Romo,,9,Target Field,day,1,3,False,,
635910,2020,2020-09-29,2020-09-29T19:08:00Z,F,AL Wild Card Series,N,1,Final,F,Chicago White Sox,145,4,Oakland Athletics,133,1,Lucas Giolito,Jesús Luzardo,Alex Colomé,9,Oakland Coliseum,day,1,3,False,,
635913,2020,2020-09-29,2020-09-29T21:07:00Z,F,AL Wild Card Series,N,1,Final,F,Toronto Blue Jays,141,1,Tampa Bay Rays,139,3,Blake Snell,Robbie Ray,Pete Fairbanks,9,Tropicana Field,night,1,3,False,,
635904,2020,2020-09-29,2020-09-29T23:08:00Z,F,AL Wild Card Series,N,1,Final,F,New York Yankees,147,12,Cleveland Indians,114,3,Gerrit Cole,Shane Bieber,,9,Progressive Field,night,1,3,False,,
635914,2020,2020-09-30,2020-09-30T16:08:00Z,F,NL Wild Card Series,N,1,Final,F,Cincinnati Reds,113,0,Atlanta Braves,144,1,A.J. Minter,Archie Bradley,,13,Truist Park,day,1,3,False,,
635906,2020,2020-09-30,2020-09-30T17:08:00Z,F,AL Wild Card Series,N,1,Final,F,Houston Astros,117,3,Minnesota Twins,142,1,Cristian Javier,Cody Stashak,Ryan Pressly,9,Target Field,day,2,3,False,,
635889,2020,2020-09-30,2020-09-30T18:08:00Z,F,NL Wild Card Series,N,1,Final,F,Miami Marlins,146,5,Chicago Cubs,112,1,Sandy Alcantara,Kyle Hendricks,,9,Wrigley Field,day,1,3,False,,
635909,2020,2020-09-30,2020-09-30T19:10:00Z,F,AL Wild Card Series,N,1,Final,F,Chicago White Sox,145,3,Oakland Athletics,133,5,Chris Bassitt,Dallas Keuchel,Jake Diekman,9,Oakland Coliseum,day,2,3,False,,
635912,2020,2020-09-30,2020-09-30T20:07:00Z,F,AL Wild Card Series,N,1,Final,F,Toronto Blue Jays,141,2,Tampa Bay Rays,139,8,Tyler Glasnow,Hyun Jin Ryu,,9,Tropicana Field,day,2,3,False,,
635884,2020,2020-09-30,2020-09-30T21:08:00Z,F,NL Wild Card Series,N,1,Final,F,St. Louis Cardinals,138,7,San Diego Padres,135,4,Giovanny Gallegos,Chris Paddack,Alex Reyes,9,Petco Park,day,1,3,False,,
635903,2020,2020-09-30,2020-09-30T23:08:00Z,F,AL Wild Card Series,N,1,Final,F,New York Yankees,147,10,Cleveland Indians,114,9,Aroldis Chapman,Brad Hand,,9,Progressive Field,night,2,3,False,,
635893,2020,2020-09-30,2020-10-01T02:08:00Z,F,NL Wild Card Series,N,1,Final,F,Milwaukee Brewers,158,2,Los Angeles Dodgers,119,4,Julio Urías,Brent Suter,Kenley Jansen,9,Dodger Stadium,night,1,3,False,,
635894,2020,2020-10-01,2020-10-01T16:08:00Z,F,NL Wild Card Series,N,1,Final,F,Cincinnati Reds,113,0,Atlanta Braves,144,5,Ian Anderson,Luis Castillo,,9,Truist Park,day,2,3,False,,
635908,2020,2020-10-01,2020-10-01T19:10:00Z,F,AL Wild Card Series,N,1,Final,F,Chicago White Sox,145,4,Oakland Athletics,133,6,Frankie Montas,Evan Marshall,Liam Hendriks,9,Oakland Coliseum,day,3,3,False,,
635918,2020,2020-10-01,2020-10-01T23:08:00Z,F,NL Wild Card Series,N,1,Final,F,St. Louis Cardinals,138,9,San Diego Padres,135,11,Emilio Pagán,Daniel Ponce de Leon,Trevor Rosenthal,9,Petco Park,day,2,3,False,,
635876,2020,2020-10-01,2020-10-02T02:08:00Z,F,NL Wild Card Series,N,1,Final,F,Milwaukee Brewers,158,0,Los Angeles Dodgers,119,3,Clayton Kershaw,Brandon Woodruff,Brusdar Graterol,9,Dodger Stadium,night,2,3,False,,
635935,2020,2020-10-02,2020-10-02T18:08:00Z,F,NL Wild Card Series,N,1,Final,F,Miami Marlins,146,2,Chicago Cubs,112,0,Brad Boxberger,Yu Darvish,Brandon Kintzler,9,Wrigley Field,day,2,3,False,,
635932,2020,2020-10-02,2020-10-02T23:08:00Z,F,NL Wild Card Series,N,1,Final,F,St. Louis Cardinals,138,0,San Diego Padres,135,4,Austin Adams,Jack Flaherty,,9,Petco Park,day,3,3,False,,
635916,2020,2020-10-05,2020-10-05T20:07:00Z,D,AL Division Series,N,1,Final,F,Houston Astros,117,10,Oakland Athletics,133,5,Blake Taylor,J.B. Wendelken,,9,Dodger Stadium,day,1,5,False,,
635901,2020,2020-10-05,2020-10-06T00:07:00Z,D,AL Division Series,N,1,Final,F,New York Yankees,147,9,Tampa Bay Rays,139,3,Gerrit Cole,Blake Snell,,9,Petco Park,night,1,5,False,,
635885,2020,2020-10-06,2020-10-06T18:08:00Z,D,NL Division Series,N,1,Final,F,Miami Marlins,146,5,Atlanta Braves,144,9,Will Smith,Sandy Alcantara,,9,Minute Maid Park,day,1,5,False,,
635940,2020,2020-10-06,2020-10-06T20:37:00Z,D,AL Division Series,N,1,Final,F,Houston Astros,117,5,Oakland Athletics,133,2,Framber Valdez,Sean Manaea,Ryan Pressly,9,Dodger Stadium,day,2,5,False,,
635900,2020,2020-10-06,2020-10-07T00:10:00Z,D,AL Division Series,N,1,Final,F,New York Yankees,147,5,Tampa Bay Rays,139,7,Tyler Glasnow,J.A. Happ,Pete Fairbanks,9,Petco Park,night,2,5,False,,
635892,2020,2020-10-06,2020-10-07T01:38:00Z,D,NL Division Series,N,1,Final,F,San Diego Padres,135,1,Los Angeles Dodgers,119,5,Dustin May,Garrett Richards,,9,Globe Life Field,night,1,5,False,,
635883,2020,2020-10-07,2020-10-07T18:08:00Z,D,NL Division Series,N,1,Final,F,Miami Marlins,146,0,Atlanta Braves,144,2,Ian Anderson,Pablo López,Mark Melancon,9,Minute Maid Park,day,2,5,False,,
635927,2020,2020-10-07,2020-10-07T19:35:00Z,D,AL Division Series,N,1,Final,F,Oakland Athletics,133,9,Houston Astros,117,7,Liam Hendriks,Brooks Raley,,9,Dodger Stadium,day,3,5,False,,
635899,2020,2020-10-07,2020-10-07T23:10:00Z,D,AL Division Series,N,1,Final,F,Tampa Bay Rays,139,8,New York Yankees,147,4,Charlie Morton,Masahiro Tanaka,,9,Petco Park,day,3,5,False,,
635933,2020,2020-10-07,2020-10-08T01:08:00Z,D,NL Division Series,N,1,Final,F,San Diego Padres,135,5,Los Angeles Dodgers,119,6,Clayton Kershaw,Zach Davies,Joe Kelly,9,Globe Life Field,night,2,5,False,,
635921,2020,2020-10-08,2020-10-08T18:08:00Z,D,NL Division Series,N,1,Final,F,Atlanta Braves,144,7,Miami Marlins,146,0,Kyle Wright,Sixto Sánchez,,9,Minute Maid Park,day,3,5,False,,
635936,2020,2020-10-08,2020-10-08T19:35:00Z,D,AL Division Series,N,1,Final,F,Oakland Athletics,133,6,Houston Astros,117,11,Cristian Javier,Frankie Montas,,9,Dodger Stadium,day,4,5,False,,
635938,2020,2020-10-08,2020-10-08T23:10:00Z,D,AL Division Series,N,1,Final,F,Tampa Bay Rays,139,1,New York Yankees,147,5,Chad Green,Ryan Thompson,Aroldis Chapman,9,Petco Park,day,4,5,False,,
635898,2020,2020-10-08,2020-10-09T01:08:00Z,D,NL Division Series,N,1,Final,F,Los Angeles Dodgers,119,12,San Diego Padres,135,3,Julio Urías,Adrian Morejon,,9,Globe Life Field,night,3,5,False,,
635920,2020,2020-10-09,2020-10-09T23:10:00Z,D,AL Division Series,N,1,Final,F,New York Yankees,147,1,Tampa Bay Rays,139,2,Diego Castillo,Aroldis Chapman,,9,Petco Park,day,5,5,False,,
635917,2020,2020-10-11,2020-10-11T23:37:00Z,L,AL Championship Series,N,1,Final,F,Houston Astros,117,1,Tampa Bay Rays,139,2,Blake Snell,Framber Valdez,Diego Castillo,9,Petco Park,day,1,7,False,,
635937,2020,2020-10-12,2020-10-12T20:07:00Z,L,AL Championship Series,N,1,Final,F,Houston Astros,117,2,Tampa Bay Rays,139,4,Charlie Morton,Lance McCullers Jr.,Nick Anderson,9,Petco Park,day,2,7,False,,
635881,2020,2020-10-12,2020-10-13T00:08:00Z,L,NL Championship Series,N,1,Final,F,Atlanta Braves,144,5,Los Angeles Dodgers,119,1,Will Smith,Blake Treinen,,9,Globe Life Field,night,1,7,False,,
635931,2020,2020-10-13,2020-10-13T22:05:00Z,L,NL Championship Series,N,1,Final,F,Atlanta Braves,144,8,Los Angeles Dodgers,119,7,Tyler Matzek,Tony Gonsolin,Mark Melancon,9,Globe Life Field,night,2,7,False,,
635915,2020,2020-10-13,2020-10-14T00:40:00Z,L,AL Championship Series,N,1,Final,F,Tampa Bay Rays,139,5,Houston Astros,117,2,Ryan Yarbrough,José Urquidy,Diego Castillo,9,Petco Park,night,3,7,False,,
635880,2020,2020-10-14,2020-10-14T22:05:00Z,L,NL Championship Series,N,1,Final,F,Los Angeles Dodgers,119,15,Atlanta Braves,144,3,Julio Urías,Kyle Wright,,9,Globe Life Field,night,3,7,False,,
635939,2020,2020-10-14,2020-10-15T00:40:00Z,L,AL Championship Series,N,1,Final,F,Tampa Bay Rays,139,3,Houston Astros,117,4,Zack Greinke,Tyler Glasnow,Ryan Pressly,9,Petco Park,night,4,7,False,,
635930,2020,2020-10-15,2020-10-15T21:07:00Z,L,AL Championship Series,N,1,Final,F,Tampa Bay Rays,139,3,Houston Astros,117,4,Ryan Pressly,Nick Anderson,,9,Petco Park,day,5,7,False,,
635928,2020,2020-10-15,2020-10-16T00:08:00Z,L,NL Championship Series,N,1,Final,F,Los Angeles Dodgers,119,2,Atlanta Braves,144,10,Bryse Wilson,Clayton Kershaw,,9,Globe Life Field,night,4,7,False,,
635929,2020,2020-10-16,2020-10-16T22:07:00Z,L,AL Championship Series,N,1,Final,F,Houston Astros,117,7,Tampa Bay Rays,139,4,Framber Valdez,Blake Snell,Ryan Pressly,9,Petco Park,day,6,7,False,,
635879,2020,2020-10-16,2020-10-17T01:08:00Z,L,NL Championship Series,N,1,Final,F,Los Angeles Dodgers,119,7,Atlanta Braves,144,3,Blake Treinen,Will Smith,,9,Globe Life Field,night,5,7,False,,
635924,2020,2020-10-17,2020-10-17T20:38:00Z,L,NL Championship Series,N,1,Final,F,Atlanta Braves,144,1,Los Angeles Dodgers,119,3,Walker Buehler,Max Fried,Kenley Jansen,9,Globe Life Field,day,6,7,False,,
635895,2020,2020-10-17,2020-10-18T00:37:00Z,L,AL Championship Series,N,1,Final,F,Houston Astros,117,2,Tampa Bay Rays,139,4,Charlie Morton,Lance McCullers Jr.,Pete Fairbanks,9,Petco Park,night,7,7,False,,
635888,2020,2020-10-18,2020-10-19T00:15:00Z,L,NL Championship Series,N,1,Final,F,Atlanta Braves,144,3,Los Angeles Dodgers,119,4,Julio Urías,Chris Martin,,9,Globe Life Field,night,7,7,False,,
635925,2020,2020-10-20,2020-10-21T00:11:00Z,W,World Series,N,1,Final,F,Tampa Bay Rays,139,3,Los Angeles Dodgers,119,8,Clayton Kershaw,Tyler Glasnow,,9,Globe Life Field,night,1,7,False,,
635896,2020,2020-10-21,2020-10-22T00:08:00Z,W,World Series,N,1,Final,F,Tampa Bay Rays,139,6,Los Angeles Dodgers,119,4,Nick Anderson,Tony Gonsolin,Diego Castillo,9,Globe Life Field,night,2,7,False,,
635923,2020,2020-10-23,2020-10-24T00:08:00Z,W,World Series,N,1,Final,F,Los Angeles Dodgers,119,6,Tampa Bay Rays,139,2,Walker Buehler,Charlie Morton,,9,Globe Life Field,night,3,7,False,,
635897,2020,2020-10-24,2020-10-25T00:08:00Z,W,World Series,N,1,Final,F,Los Angeles Dodgers,119,7,Tampa Bay Rays,139,8,John Curtiss,Kenley Jansen,,9,Globe Life Field,night,4,7,False,,
635887,2020,2020-10-25,2020-10-26T00:08:00Z,W,World Series,N,1,Final,F,Los Angeles Dodgers,119,4,Tampa Bay Rays,139,2,Clayton Kershaw,Tyler Glasnow,Blake Treinen,9,Globe Life Field,night,5,7,False,,
635886,2020,2020-10-27,2020-10-28T00:08:00Z,W,World Series,N,1,Final,F,Tampa Bay Rays,139,1,Los Angeles Dodgers,119,3,Victor González,Nick Anderson,Julio Urías,9,Globe Life Field,night,6,7,False,,
