gamePk,season,officialDate,gameDate,gameType,seriesDescription,doubleHeader,gameNumber,status,codedState,away,awayId,awayScore,home,homeId,homeScore,winner,loser,save,innings,venue,dayNight,seriesGameNumber,gamesInSeries,isTie,resumeDate,rescheduleDate
39939,2006,2006-04-02,2006-04-03T00:05:00Z,R,Regular Season,N,1,Final,F,Cleveland Indians,114,4,Chicago White Sox,145,10,Brandon McCarthy,Fernando Cabrera,,9,U.S. Cellular Field,night,1,3,False,,
39947,2006,2006-04-03,2006-04-03T17:10:00Z,R,Regular Season,N,1,Final,F,Washington Nationals,120,2,New York Mets,121,3,Tom Glavine,Livan Hernandez,Billy Wagner,9,Shea Stadium,day,1,3,False,,
39946,2006,2006-04-03,2006-04-03T18:05:00Z,R,Regular Season,N,1,Final,F,Pittsburgh Pirates,134,2,Milwaukee Brewers,158,5,Justin Lehr,Salomon Torres,Derrick Turnbow,9,Miller Park,day,1,3,False,,
39952,2006,2006-04-03,2006-04-03T18:05:00Z,R,Regular Season,N,1,Final,F,Boston Red Sox,111,7,Texas Rangers,140,3,Curt Schilling,Kevin Millwood,,9,Ameriquest Field,day,1,3,False,,
39941,2006,2006-04-03,2006-04-03T18:10:00Z,R,Regular Season,N,1,Final,F,Chicago Cubs,112,16,Cincinnati Reds,113,7,Will Ohman,Aaron Harang,,9,Great American Ball Park,day,1,2,False,,
39940,2006,2006-04-03,2006-04-03T19:05:00Z,R,Regular Season,N,1,Final,F,Tampa Bay Devil Rays,139,6,Baltimore Orioles,110,9,Rodrigo Lopez,Scott Kazmir,Chris Ray,9,Oriole Park at Camden Yards,day,1,3,False,,
39949,2006,2006-04-03,2006-04-03T19:05:00Z,R,Regular Season,N,1,Final,F,St. Louis Cardinals,138,13,Philadelphia Phillies,143,5,Chris Carpenter,Jon Lieber,,9,Citizens Bank Park,day,1,3,False,,
39942,2006,2006-04-03,2006-04-03T20:05:00Z,R,Regular Season,N,1,Final,F,Arizona Diamondbacks,109,2,Colorado Rockies,115,3,Mike DeJean,Jason Grimsley,,11,Coors Field,day,1,3,False,,
39944,2006,2006-04-03,2006-04-03T20:10:00Z,R,Regular Season,N,1,Final,F,Detroit Tigers,116,3,Kansas City Royals,118,1,Kenny Rogers,Scott Elarton,Fernando Rodney,9,Kauffman Stadium,day,1,2,False,,
39945,2006,2006-04-03,2006-04-03T20:10:00Z,R,Regular Season,N,1,Final,F,Atlanta Braves,144,11,Los Angeles Dodgers,119,10,Oscar Villarreal,Derek Lowe,Chris Reitsma,9,Dodger Stadium,day,1,3,False,,
39951,2006,2006-04-03,2006-04-03T21:05:00Z,R,Regular Season,N,1,Final,F,Los Angeles Angels,108,5,Seattle Mariners,136,4,Scot Shields,George Sherrill,Francisco Rodríguez,9,Safeco Field,day,1,3,False,,
39943,2006,2006-04-03,2006-04-03T23:05:00Z,R,Regular Season,N,1,Final,F,Florida Marlins,146,0,Houston Astros,117,1,Roy Oswalt,Josh Johnson,Brad Lidge,9,Minute Maid Park,night,1,3,False,,
39950,2006,2006-04-03,2006-04-03T23:05:00Z,R,Regular Season,N,1,Final,F,San Francisco Giants,137,1,San Diego Padres,135,6,Jake Peavy,Jason Schmidt,,9,PETCO Park,day,1,2,False,,
39948,2006,2006-04-03,2006-04-04T02:05:00Z,R,Regular Season,N,1,Final,F,New York Yankees,147,15,Oakland Athletics,133,2,Randy Johnson,Barry Zito,,9,McAfee Coliseum,night,1,3,False,,
39953,2006,2006-04-04,2006-04-04T18:05:00Z,R,Regular Season,N,1,Final,F,Cleveland Indians,114,8,Chicago White Sox,145,2,Jake Westbrook,Freddy Garcia,,9,U.S. Cellular Field,day,2,3,False,,
39961,2006,2006-04-04,2006-04-04T23:15:00Z,R,Regular Season,N,1,Final,F,Minnesota Twins,142,3,Toronto Blue Jays,141,6,Roy Halladay,Johan Santana,B.J. Ryan,9,Rogers Centre,night,1,3,False,,
39954,2006,2006-04-04,2006-04-05T00:05:00Z,R,Regular Season,N,1,Final,F,Florida Marlins,146,11,Houston Astros,117,2,Sergio Mitre,Andy Pettitte,,9,Minute Maid Park,night,2,3,False,,
39956,2006,2006-04-04,2006-04-05T00:05:00Z,R,Regular Season,N,1,Final,F,Pittsburgh Pirates,134,5,Milwaukee Brewers,158,7,Chris Capuano,Victor Santos,Derrick Turnbow,9,Miller Park,night,2,3,False,,
39960,2006,2006-04-04,2006-04-05T00:05:00Z,R,Regular Season,N,1,Final,F,Boston Red Sox,111,4,Texas Rangers,140,10,Vicente Padilla,Tim Wakefield,,9,Ameriquest Field,night,2,3,False,,
39957,2006,2006-04-04,2006-04-05T02:05:00Z,R,Regular Season,N,1,Final,F,New York Yankees,147,3,Oakland Athletics,133,4,Huston Street,Scott Proctor,,9,McAfee Coliseum,night,2,3,False,,
39959,2006,2006-04-04,2006-04-05T02:05:00Z,R,Regular Season,N,1,Final,F,Los Angeles Angels,108,8,Seattle Mariners,136,10,Joel Pineiro,John Lackey,,9,Safeco Field,night,2,3,False,,
39955,2006,2006-04-04,2006-04-05T02:10:00Z,R,Regular Season,N,1,Final,F,Atlanta Braves,144,4,Los Angeles Dodgers,119,5,Brad Penny,John Smoltz,Danys Baez,9,Dodger Stadium,night,2,3,False,,
39964,2006,2006-04-05,2006-04-05T16:35:00Z,R,Regular Season,N,1,Final,F,Chicago Cubs,112,6,Cincinnati Reds,113,8,Bronson Arroyo,Glendon Rusch,David Weathers,9,Great American Ball Park,day,2,2,False,,
39963,2006,2006-04-05,2006-04-05T18:05:00Z,R,Regular Season,N,1,Final,F,Cleveland Indians,114,4,Chicago White Sox,145,3,Danny Graves,Neal Cotts,Bob Wickman,11,U.S. Cellular Field,day,3,3,False,,
39967,2006,2006-04-05,2006-04-05T18:10:00Z,R,Regular Season,N,1,Final,F,Detroit Tigers,116,14,Kansas City Royals,118,3,Jeremy Bonderman,Joe Mays,,9,Kauffman Stadium,day,2,2,False,,
39974,2006,2006-04-05,2006-04-05T22:35:00Z,R,Regular Season,N,1,Final,F,Los Angeles Angels,108,4,Seattle Mariners,136,6,Jarrod Washburn,Jeff Weaver,George Sherrill,9,Safeco Field,day,3,3,False,,
39962,2006,2006-04-05,2006-04-05T23:05:00Z,R,Regular Season,N,1,Final,F,Tampa Bay Devil Rays,139,6,Baltimore Orioles,110,16,Erik Bedard,Seth McClung,,9,Oriole Park at Camden Yards,night,2,3,False,,
39972,2006,2006-04-05,2006-04-05T23:05:00Z,R,Regular Season,N,1,Final,F,St. Louis Cardinals,138,4,Philadelphia Phillies,143,3,Brad Thompson,Tom Gordon,Jason Isringhausen,9,Citizens Bank Park,night,2,3,False,,
39976,2006,2006-04-05,2006-04-05T23:07:00Z,R,Regular Season,N,1,Final,F,Minnesota Twins,142,13,Toronto Blue Jays,141,4,Brad Radke,Josh Towers,,9,Rogers Centre,night,2,3,False,,
39970,2006,2006-04-05,2006-04-05T23:10:00Z,R,Regular Season,N,1,Final,F,Washington Nationals,120,9,New York Mets,121,5,Chad Cordero,Jorge Julio,,10,Shea Stadium,night,2,3,False,,
39966,2006,2006-04-05,2006-04-06T00:05:00Z,R,Regular Season,N,1,Final,F,Florida Marlins,146,5,Houston Astros,117,6,Wandy Rodriguez,Brian Moehler,Brad Lidge,9,Minute Maid Park,night,3,3,False,,
39969,2006,2006-04-05,2006-04-06T00:05:00Z,R,Regular Season,N,1,Final,F,Pittsburgh Pirates,134,2,Milwaukee Brewers,158,3,Matt Wise,Damaso Marte,Derrick Turnbow,9,Miller Park,night,3,3,False,,
39975,2006,2006-04-05,2006-04-06T00:05:00Z,R,Regular Season,N,1,Final,F,Boston Red Sox,111,2,Texas Rangers,140,1,Josh Beckett,Kameron Loe,Jonathan Papelbon,9,Ameriquest Field,night,3,3,False,,
39965,2006,2006-04-05,2006-04-06T00:35:00Z,R,Regular Season,N,1,Final,F,Arizona Diamondbacks,109,4,Colorado Rockies,115,2,Orlando Hernandez,Aaron Cook,Jose Valverde,9,Coors Field,night,2,3,False,,
39971,2006,2006-04-05,2006-04-06T02:05:00Z,R,Regular Season,N,1,Final,F,New York Yankees,147,4,Oakland Athletics,133,9,Joe Kennedy,Jaret Wright,,9,McAfee Coliseum,night,3,3,False,,
39973,2006,2006-04-05,2006-04-06T02:05:00Z,R,Regular Season,N,1,Final,F,San Francisco Giants,137,3,San Diego Padres,135,1,Matt Morris,Shawn Estes,Tim Worrell,9,PETCO Park,night,2,2,False,,
39968,2006,2006-04-05,2006-04-06T02:10:00Z,R,Regular Season,N,1,Final,F,Atlanta Braves,144,9,Los Angeles Dodgers,119,8,Oscar Villarreal,Franquelis Osoria,Chris Reitsma,9,Dodger Stadium,night,3,3,False,,
39981,2006,2006-04-06,2006-04-06T19:05:00Z,R,Regular Season,N,1,Final,F,St. Louis Cardinals,138,4,Philadelphia Phillies,143,2,Jason Marquis,Cory Lidle,Jason Isringhausen,9,Citizens Bank Park,day,3,3,False,,
39982,2006,2006-04-06,2006-04-06T20:35:00Z,R,Regular Season,N,1,Final,F,Atlanta Braves,144,4,San Francisco Giants,137,6,Jeff Fassero,Jorge Sosa,Tim Worrell,9,AT&T Park,day,1,4,False,,
39977,2006,2006-04-06,2006-04-06T23:05:00Z,R,Regular Season,N,1,Final,F,Tampa Bay Devil Rays,139,2,Baltimore Orioles,110,0,Mark Hendrickson,Kris Benson,,9,Oriole Park at Camden Yards,night,3,3,False,,
39985,2006,2006-04-06,2006-04-06T23:07:00Z,R,Regular Season,N,1,Final,F,Minnesota Twins,142,3,Toronto Blue Jays,141,6,Gustavo Chacín,Carlos Silva,B.J. Ryan,9,Rogers Centre,night,3,3,False,,
39978,2006,2006-04-06,2006-04-06T23:10:00Z,R,Regular Season,N,1,Final,F,Pittsburgh Pirates,134,5,Cincinnati Reds,113,6,Rick White,Michael Gonzalez,David Weathers,9,Great American Ball Park,night,1,4,False,,
39980,2006,2006-04-06,2006-04-06T23:10:00Z,R,Regular Season,N,1,Final,F,Washington Nationals,120,5,New York Mets,121,10,Pedro Martínez,Ramón Ortiz,,9,Shea Stadium,night,3,3,False,,
39984,2006,2006-04-06,2006-04-07T00:05:00Z,R,Regular Season,N,1,Final,F,Detroit Tigers,116,10,Texas Rangers,140,6,Nate Robertson,R.A. Dickey,,9,Ameriquest Field,night,1,4,False,,
39979,2006,2006-04-06,2006-04-07T00:35:00Z,R,Regular Season,N,1,Final,F,Arizona Diamondbacks,109,12,Colorado Rockies,115,5,Miguel Batista,Jeff Francis,,9,Coors Field,night,3,3,False,,
39983,2006,2006-04-06,2006-04-07T02:05:00Z,R,Regular Season,N,1,Final,F,Oakland Athletics,133,2,Seattle Mariners,136,6,Gil Meche,Esteban Loaiza,J.J. Putz,9,Safeco Field,night,1,4,False,,
39987,2006,2006-04-07,2006-04-07T18:20:00Z,R,Regular Season,N,1,Final,F,St. Louis Cardinals,138,1,Chicago Cubs,112,5,Greg Maddux,Jeff Suppan,,9,Wrigley Field,day,1,3,False,,
39989,2006,2006-04-07,2006-04-07T19:05:00Z,R,Regular Season,N,1,Final,F,Minnesota Twins,142,6,Cleveland Indians,114,11,Paul Byrd,Kyle Lohse,,9,Jacobs Field,day,1,3,False,,
39986,2006,2006-04-07,2006-04-07T23:05:00Z,R,Regular Season,N,1,Final,F,Boston Red Sox,111,14,Baltimore Orioles,110,8,Matt Clement,Daniel Cabrera,,9,Oriole Park at Camden Yards,night,1,3,False,,
39995,2006,2006-04-07,2006-04-07T23:05:00Z,R,Regular Season,N,1,Final,F,Los Angeles Dodgers,119,5,Philadelphia Phillies,143,3,Brett Tomko,Gavin Floyd,Danys Baez,9,Citizens Bank Park,night,1,3,False,,
40000,2006,2006-04-07,2006-04-07T23:07:00Z,R,Regular Season,N,1,Final,F,Tampa Bay Devil Rays,139,9,Toronto Blue Jays,141,8,Scott Dunn,Pete Walker,Dan Miceli,9,Rogers Centre,night,1,3,False,,
39988,2006,2006-04-07,2006-04-07T23:10:00Z,R,Regular Season,N,1,Final,F,Pittsburgh Pirates,134,6,Cincinnati Reds,113,7,Eric Milton,Paul Maholm,Kent Mercker,9,Great American Ball Park,night,2,4,False,,
39994,2006,2006-04-07,2006-04-07T23:10:00Z,R,Regular Season,N,1,Final,F,Florida Marlins,146,3,New York Mets,121,9,Steve Trachsel,Jason Vargas,,9,Shea Stadium,night,1,2,False,,
39990,2006,2006-04-07,2006-04-08T00:05:00Z,R,Regular Season,N,1,Final,F,Washington Nationals,120,1,Houston Astros,117,6,Brandon Backe,Tony Armas,,9,Minute Maid Park,night,1,4,False,,
39993,2006,2006-04-07,2006-04-08T00:05:00Z,R,Regular Season,N,1,Final,F,Arizona Diamondbacks,109,1,Milwaukee Brewers,158,3,Dave Bush,Russ Ortiz,Derrick Turnbow,9,Miller Park,night,1,3,False,,
39999,2006,2006-04-07,2006-04-08T00:05:00Z,R,Regular Season,N,1,Final,F,Detroit Tigers,116,5,Texas Rangers,140,2,Mike Maroth,John Koronka,Fernando Rodney,9,Ameriquest Field,night,2,4,False,,
39991,2006,2006-04-07,2006-04-08T00:10:00Z,R,Regular Season,N,1,Final,F,Chicago White Sox,145,7,Kansas City Royals,118,11,Mike Wood,Jon Garland,,9,Kauffman Stadium,night,1,3,False,,
39992,2006,2006-04-07,2006-04-08T02:05:00Z,R,Regular Season,N,1,Final,F,New York Yankees,147,1,Los Angeles Angels,108,4,Kelvim Escobar,Shawn Chacon,Francisco Rodríguez,9,Angel Stadium of Anaheim,night,1,3,False,,
39996,2006,2006-04-07,2006-04-08T02:05:00Z,R,Regular Season,N,1,Final,F,Colorado Rockies,115,10,San Diego Padres,135,4,Josh Fogg,Clay Hensley,,9,PETCO Park,night,1,3,False,,
39998,2006,2006-04-07,2006-04-08T02:05:00Z,R,Regular Season,N,1,Final,F,Oakland Athletics,133,5,Seattle Mariners,136,0,Joe Blanton,Félix Hernández,,9,Safeco Field,night,2,4,False,,
39997,2006,2006-04-07,2006-04-08T02:15:00Z,R,Regular Season,N,1,Final,F,Atlanta Braves,144,14,San Francisco Giants,137,6,Mike Remlinger,Tyler Walker,,9,AT&T Park,night,2,4,False,,
40015,2006,2006-04-08,2006-04-08T17:07:00Z,R,Regular Season,N,1,Final,F,Tampa Bay Devil Rays,139,4,Toronto Blue Jays,141,8,Brian Tallet,Jason Childers,,9,Rogers Centre,day,2,3,False,,
40003,2006,2006-04-08,2006-04-08T17:15:00Z,R,Regular Season,N,1,Final,F,Pittsburgh Pirates,134,9,Cincinnati Reds,113,11,Aaron Harang,Oliver Pérez,Rick White,9,Great American Ball Park,day,3,4,False,,
40008,2006,2006-04-08,2006-04-08T18:05:00Z,R,Regular Season,N,1,Final,F,Arizona Diamondbacks,109,4,Milwaukee Brewers,158,5,Dan Kolb,Luis Vizcaino,,9,Miller Park,day,2,3,False,,
40006,2006,2006-04-08,2006-04-08T18:10:00Z,R,Regular Season,N,1,Final,F,Chicago White Sox,145,3,Kansas City Royals,118,4,Elmer Dessens,Cliff Politte,Ambiorix Burgos,9,Kauffman Stadium,day,2,3,False,,
40002,2006,2006-04-08,2006-04-08T18:20:00Z,R,Regular Season,N,1,Final,F,St. Louis Cardinals,138,2,Chicago Cubs,112,3,Bob Howry,Brad Thompson,Ryan Dempster,9,Wrigley Field,day,2,3,False,,
40012,2006,2006-04-08,2006-04-08T20:05:00Z,R,Regular Season,N,1,Final,F,Atlanta Braves,144,6,San Francisco Giants,137,12,Jamey Wright,Tim Hudson,,9,AT&T Park,day,3,4,False,,
40001,2006,2006-04-08,2006-04-08T20:35:00Z,R,Regular Season,N,1,Final,F,Boston Red Sox,111,2,Baltimore Orioles,110,1,Curt Schilling,Bruce Chen,Jonathan Papelbon,9,Oriole Park at Camden Yards,day,2,3,False,,
40004,2006,2006-04-08,2006-04-08T21:05:00Z,R,Regular Season,N,1,Final,F,Minnesota Twins,142,0,Cleveland Indians,114,3,Jason Johnson,Scott Baker,Bob Wickman,9,Jacobs Field,night,2,3,False,,
40005,2006,2006-04-08,2006-04-08T23:05:00Z,R,Regular Season,N,1,Final,F,Washington Nationals,120,12,Houston Astros,117,8,Livan Hernandez,Chad Qualls,,9,Minute Maid Park,night,2,4,False,,
40014,2006,2006-04-08,2006-04-09T00:05:00Z,R,Regular Season,N,1,Final,F,Detroit Tigers,116,7,Texas Rangers,140,0,Justin Verlander,Kevin Millwood,,9,Ameriquest Field,night,3,4,False,,
40013,2006,2006-04-08,2006-04-09T01:05:00Z,R,Regular Season,N,1,Final,F,Oakland Athletics,133,3,Seattle Mariners,136,0,Barry Zito,Jamie Moyer,Huston Street,9,Safeco Field,night,3,4,False,,
40007,2006,2006-04-08,2006-04-09T02:05:00Z,R,Regular Season,N,1,Final,F,New York Yankees,147,2,Los Angeles Angels,108,3,Ervin Santana,Randy Johnson,Francisco Rodríguez,9,Angel Stadium of Anaheim,night,2,3,False,,
40011,2006,2006-04-08,2006-04-09T02:05:00Z,R,Regular Season,N,1,Final,F,Colorado Rockies,115,12,San Diego Padres,135,4,Zach Day,Dewon Brazelton,,9,PETCO Park,night,2,3,False,,
40019,2006,2006-04-09,2006-04-09T17:05:00Z,R,Regular Season,N,1,Final,F,Minnesota Twins,142,2,Cleveland Indians,114,3,Jake Westbrook,Johan Santana,Bob Wickman,9,Jacobs Field,day,3,3,False,,
40025,2006,2006-04-09,2006-04-09T17:05:00Z,R,Regular Season,Y,1,Final,F,Los Angeles Dodgers,119,3,Philadelphia Phillies,143,6,Tom Gordon,Tim Hamulack,,9,Citizens Bank Park,day,2,3,False,,
40030,2006,2006-04-09,2006-04-09T17:07:00Z,R,Regular Season,N,1,Final,F,Tampa Bay Devil Rays,139,5,Toronto Blue Jays,141,2,Scott Kazmir,Roy Halladay,Dan Miceli,9,Rogers Centre,day,3,3,False,,
40010,2006,2006-04-09,2006-04-09T17:10:00Z,R,Regular Season,Y,2,Final,F,Los Angeles Dodgers,119,6,Philadelphia Phillies,143,2,Brad Penny,Jon Lieber,,9,Citizens Bank Park,day,3,3,False,,
40024,2006,2006-04-09,2006-04-09T17:10:00Z,R,Regular Season,N,1,Final,F,Florida Marlins,146,2,New York Mets,121,3,Billy Wagner,Carlos Martinez,,9,Shea Stadium,day,2,2,False,,
40018,2006,2006-04-09,2006-04-09T17:15:00Z,R,Regular Season,N,1,Final,F,Pittsburgh Pirates,134,5,Cincinnati Reds,113,3,Victor Santos,Dave Williams,Roberto Hernandez,9,Great American Ball Park,day,4,4,False,,
40016,2006,2006-04-09,2006-04-09T17:35:00Z,R,Regular Season,N,1,Final,F,Boston Red Sox,111,4,Baltimore Orioles,110,1,Tim Wakefield,Rodrigo Lopez,Jonathan Papelbon,9,Oriole Park at Camden Yards,day,3,3,False,,
40020,2006,2006-04-09,2006-04-09T18:05:00Z,R,Regular Season,N,1,Final,F,Washington Nationals,120,3,Houston Astros,117,7,Andy Pettitte,Ryan Drese,,9,Minute Maid Park,day,3,4,False,,
40023,2006,2006-04-09,2006-04-09T18:05:00Z,R,Regular Season,N,1,Final,F,Arizona Diamondbacks,109,7,Milwaukee Brewers,158,0,Claudio Vargas,Chris Capuano,,9,Miller Park,day,3,3,False,,
40029,2006,2006-04-09,2006-04-09T18:05:00Z,R,Regular Season,N,1,Final,F,Detroit Tigers,116,3,Texas Rangers,140,5,Vicente Padilla,Kenny Rogers,Francisco Cordero,9,Ameriquest Field,day,4,4,False,,
40021,2006,2006-04-09,2006-04-09T18:10:00Z,R,Regular Season,N,1,Final,F,Chicago White Sox,145,3,Kansas City Royals,118,1,Mark Buehrle,Scott Elarton,Bobby Jenks,9,Kauffman Stadium,day,3,3,False,,
40022,2006,2006-04-09,2006-04-09T19:35:00Z,R,Regular Season,N,1,Final,F,New York Yankees,147,10,Los Angeles Angels,108,1,Mike Mussina,Bartolo Colon,,9,Angel Stadium of Anaheim,day,3,3,False,,
40026,2006,2006-04-09,2006-04-09T20:05:00Z,R,Regular Season,N,1,Final,F,Colorado Rockies,115,10,San Diego Padres,135,4,Jason Jennings,Jake Peavy,,9,PETCO Park,day,3,3,False,,
40027,2006,2006-04-09,2006-04-09T20:05:00Z,R,Regular Season,N,1,Final,F,Atlanta Braves,144,5,San Francisco Giants,137,6,Tim Worrell,Chris Reitsma,,9,AT&T Park,day,4,4,False,,
40028,2006,2006-04-09,2006-04-09T20:05:00Z,R,Regular Season,N,1,Final,F,Oakland Athletics,133,6,Seattle Mariners,136,4,Rich Harden,Joel Pineiro,Huston Street,9,Safeco Field,day,4,4,False,,
40017,2006,2006-04-09,2006-04-10T00:05:00Z,R,Regular Season,N,1,Final,F,St. Louis Cardinals,138,4,Chicago Cubs,112,8,Scott Williamson,Jason Isringhausen,,9,Wrigley Field,night,3,3,False,,
40032,2006,2006-04-10,2006-04-10T17:05:00Z,R,Regular Season,N,1,Final,F,Chicago White Sox,145,5,Detroit Tigers,116,3,Freddy Garcia,Jeremy Bonderman,Bobby Jenks,9,Comerica Park,day,1,3,False,,
40035,2006,2006-04-10,2006-04-10T17:35:00Z,R,Regular Season,N,1,Final,F,Los Angeles Dodgers,119,8,Pittsburgh Pirates,134,3,Odalis Perez,Zach Duke,,9,PNC Park,day,1,4,False,,
40033,2006,2006-04-10,2006-04-10T18:05:00Z,R,Regular Season,N,1,Final,F,Washington Nationals,120,4,Houston Astros,117,5,Chad Qualls,Mike Stanton,,12,Minute Maid Park,day,4,4,False,,
40036,2006,2006-04-10,2006-04-10T20:10:00Z,R,Regular Season,N,1,Final,F,Milwaukee Brewers,158,4,St. Louis Cardinals,138,6,Mark Mulder,Tomo Ohka,Jason Isringhausen,9,Busch Stadium,day,1,3,False,,
40031,2006,2006-04-10,2006-04-10T23:05:00Z,R,Regular Season,N,1,Final,F,Philadelphia Phillies,143,3,Atlanta Braves,144,5,Oscar Villarreal,Ryan Franklin,Chris Reitsma,9,Turner Field,night,1,3,False,,
40037,2006,2006-04-10,2006-04-10T23:15:00Z,R,Regular Season,N,1,Final,F,Baltimore Orioles,110,6,Tampa Bay Devil Rays,139,3,Erik Bedard,Seth McClung,Chris Ray,9,Tropicana Field,night,1,4,False,,
40034,2006,2006-04-10,2006-04-11T02:05:00Z,R,Regular Season,N,1,Final,F,Texas Rangers,140,2,Los Angeles Angels,108,5,John Lackey,Kameron Loe,Francisco Rodríguez,9,Angel Stadium of Anaheim,night,1,3,False,,
40045,2006,2006-04-11,2006-04-11T17:05:00Z,R,Regular Season,N,1,Final,F,Kansas City Royals,118,7,New York Yankees,147,9,Scott Proctor,Andrew Sisco,Mariano Rivera,9,Yankee Stadium I,day,1,3,False,,
40049,2006,2006-04-11,2006-04-11T17:05:00Z,R,Regular Season,N,1,Final,F,New York Mets,121,7,Washington Nationals,120,1,Brian Bannister,Ramón Ortiz,,9,Robert F. Kennedy Memorial Stadium,day,1,3,False,,
40039,2006,2006-04-11,2006-04-11T18:05:00Z,R,Regular Season,N,1,Final,F,Toronto Blue Jays,141,3,Boston Red Sox,111,5,Josh Beckett,Josh Towers,Jonathan Papelbon,9,Fenway Park,day,1,3,False,,
40040,2006,2006-04-11,2006-04-11T18:20:00Z,R,Regular Season,N,1,Final,F,Cincinnati Reds,113,9,Chicago Cubs,112,2,Bronson Arroyo,Glendon Rusch,,9,Wrigley Field,day,1,3,False,,
40042,2006,2006-04-11,2006-04-11T20:05:00Z,R,Regular Season,N,1,Final,F,San Diego Padres,135,9,Florida Marlins,146,3,Woody Williams,Sergio Mitre,,9,Dolphin Stadium,day,1,3,False,,
40041,2006,2006-04-11,2006-04-11T23:05:00Z,R,Regular Season,N,1,Final,F,Seattle Mariners,136,5,Cleveland Indians,114,9,Cliff Lee,Jarrod Washburn,,9,Jacobs Field,night,1,3,False,,
40046,2006,2006-04-11,2006-04-11T23:05:00Z,R,Regular Season,N,1,Final,F,Los Angeles Dodgers,119,6,Pittsburgh Pirates,134,7,Salomon Torres,Lance Carter,Michael Gonzalez,9,PNC Park,night,2,4,False,,
40048,2006,2006-04-11,2006-04-11T23:15:00Z,R,Regular Season,N,1,Final,F,Baltimore Orioles,110,8,Tampa Bay Devil Rays,139,4,Kris Benson,Jason Hammel,Chris Ray,9,Tropicana Field,night,2,4,False,,
40044,2006,2006-04-11,2006-04-12T00:10:00Z,R,Regular Season,N,1,Final,F,Oakland Athletics,133,6,Minnesota Twins,142,7,Brad Radke,Dan Haren,Joe Nathan,9,Hubert H. Humphrey Metrodome,night,1,3,False,,
40038,2006,2006-04-11,2006-04-12T01:40:00Z,R,Regular Season,N,1,Final,F,Colorado Rockies,115,6,Arizona Diamondbacks,109,5,Aaron Cook,Orlando Hernandez,Brian Fuentes,9,Chase Field,night,1,3,False,,
40043,2006,2006-04-11,2006-04-12T02:05:00Z,R,Regular Season,N,1,Final,F,Texas Rangers,140,4,Los Angeles Angels,108,5,J.C. Romero,Francisco Cordero,,9,Angel Stadium of Anaheim,night,2,3,False,,
40055,2006,2006-04-12,2006-04-12T17:05:00Z,R,Regular Season,N,1,Final,F,Chicago White Sox,145,4,Detroit Tigers,116,3,Jose Contreras,Nate Robertson,Bobby Jenks,9,Comerica Park,day,2,3,False,,
40056,2006,2006-04-12,2006-04-12T17:05:00Z,R,Regular Season,N,1,Final,F,San Diego Padres,135,7,Florida Marlins,146,2,Chris Young,Brian Moehler,,9,Dolphin Stadium,day,2,3,False,,
40059,2006,2006-04-12,2006-04-12T17:05:00Z,R,Regular Season,N,1,Final,F,Kansas City Royals,118,5,New York Yankees,147,12,Shawn Chacon,Jeremy Affeldt,,9,Yankee Stadium I,day,2,3,False,,
40053,2006,2006-04-12,2006-04-12T18:20:00Z,R,Regular Season,N,1,Final,F,Cincinnati Reds,113,1,Chicago Cubs,112,4,Greg Maddux,Brandon Claussen,Ryan Dempster,9,Wrigley Field,day,2,3,False,,
40052,2006,2006-04-12,2006-04-12T23:05:00Z,R,Regular Season,N,1,Final,F,Toronto Blue Jays,141,8,Boston Red Sox,111,4,Gustavo Chacín,David Wells,,9,Fenway Park,night,2,3,False,,
40054,2006,2006-04-12,2006-04-12T23:05:00Z,R,Regular Season,N,1,Final,F,Seattle Mariners,136,11,Cleveland Indians,114,9,Jake Woods,Paul Byrd,Eddie Guardado,9,Jacobs Field,night,2,3,False,,
40060,2006,2006-04-12,2006-04-12T23:05:00Z,R,Regular Season,N,1,Final,F,Los Angeles Dodgers,119,5,Pittsburgh Pirates,134,9,Salomon Torres,Hung-Chih Kuo,,9,PNC Park,night,3,4,False,,
40064,2006,2006-04-12,2006-04-12T23:05:00Z,R,Regular Season,N,1,Final,F,New York Mets,121,3,Washington Nationals,120,1,Pedro Martínez,Tony Armas,Billy Wagner,9,Robert F. Kennedy Memorial Stadium,night,2,3,False,,
40063,2006,2006-04-12,2006-04-12T23:15:00Z,R,Regular Season,N,1,Final,F,Baltimore Orioles,110,4,Tampa Bay Devil Rays,139,7,Shawn Camp,Sendy Rleal,Dan Miceli,9,Tropicana Field,night,3,4,False,,
40051,2006,2006-04-12,2006-04-12T23:35:00Z,R,Regular Season,N,1,Final,F,Philadelphia Phillies,143,7,Atlanta Braves,144,5,Cory Lidle,Jorge Sosa,Tom Gordon,9,Turner Field,night,2,3,False,,
40058,2006,2006-04-12,2006-04-13T00:10:00Z,R,Regular Season,N,1,Final,F,Oakland Athletics,133,5,Minnesota Twins,142,6,Carlos Silva,Esteban Loaiza,Joe Nathan,9,Hubert H. Humphrey Metrodome,night,2,3,False,,
40062,2006,2006-04-12,2006-04-13T00:10:00Z,R,Regular Season,N,1,Final,F,Milwaukee Brewers,158,3,St. Louis Cardinals,138,8,Jason Marquis,Dave Bush,,9,Busch Stadium,night,2,3,False,,
40050,2006,2006-04-12,2006-04-13T01:40:00Z,R,Regular Season,N,1,Final,F,Colorado Rockies,115,4,Arizona Diamondbacks,109,5,Greg Aquino,Ray King,Jose Valverde,9,Chase Field,night,2,3,False,,
40057,2006,2006-04-12,2006-04-13T02:05:00Z,R,Regular Season,N,1,Final,F,Texas Rangers,140,11,Los Angeles Angels,108,3,John Koronka,Kelvim Escobar,,9,Angel Stadium of Anaheim,night,3,3,False,,
40074,2006,2006-04-13,2006-04-13T16:35:00Z,R,Regular Season,N,1,Final,F,Los Angeles Dodgers,119,13,Pittsburgh Pirates,134,5,Derek Lowe,Oliver Pérez,,9,PNC Park,day,4,4,False,,
40070,2006,2006-04-13,2006-04-13T17:05:00Z,R,Regular Season,N,1,Final,F,Chicago White Sox,145,13,Detroit Tigers,116,9,Jon Garland,Justin Verlander,,9,Comerica Park,day,3,3,False,,
40071,2006,2006-04-13,2006-04-13T17:05:00Z,R,Regular Season,N,1,Final,F,San Diego Padres,135,2,Florida Marlins,146,9,Jason Vargas,Dewon Brazelton,,9,Dolphin Stadium,day,3,3,False,,
40073,2006,2006-04-13,2006-04-13T17:05:00Z,R,Regular Season,N,1,Final,F,Kansas City Royals,118,3,New York Yankees,147,9,Randy Johnson,Denny Bautista,,9,Yankee Stadium I,day,3,3,False,,
40078,2006,2006-04-13,2006-04-13T17:05:00Z,R,Regular Season,N,1,Final,F,New York Mets,121,13,Washington Nationals,120,4,Victor Zambrano,Livan Hernandez,,9,Robert F. Kennedy Memorial Stadium,day,3,3,False,,
40072,2006,2006-04-13,2006-04-13T17:10:00Z,R,Regular Season,N,1,Final,F,Oakland Athletics,133,2,Minnesota Twins,142,8,Kyle Lohse,Joe Blanton,,9,Hubert H. Humphrey Metrodome,day,3,3,False,,
40076,2006,2006-04-13,2006-04-13T17:10:00Z,R,Regular Season,N,1,Final,F,Milwaukee Brewers,158,4,St. Louis Cardinals,138,3,Jorge De La Rosa,Jason Isringhausen,Derrick Turnbow,11,Busch Stadium,day,3,3,False,,
40068,2006,2006-04-13,2006-04-13T18:20:00Z,R,Regular Season,N,1,Final,F,Cincinnati Reds,113,8,Chicago Cubs,112,3,Eric Milton,Carlos Zambrano,,9,Wrigley Field,day,3,3,False,,
40075,2006,2006-04-13,2006-04-13T19:35:00Z,R,Regular Season,S,1,Final,F,Houston Astros,117,3,San Francisco Giants,137,5,Matt Morris,Taylor Buchholz,Tim Worrell,9,AT&T Park,day,1,2,False,,
40067,2006,2006-04-13,2006-04-13T23:05:00Z,R,Regular Season,N,1,Final,F,Toronto Blue Jays,141,8,Boston Red Sox,111,6,Ted Lilly,Matt Clement,B.J. Ryan,9,Fenway Park,night,3,3,False,,
40069,2006,2006-04-13,2006-04-13T23:05:00Z,R,Regular Season,N,1,Final,F,Seattle Mariners,136,9,Cleveland Indians,114,5,Julio Mateo,Scott Sauerbeck,J.J. Putz,9,Jacobs Field,night,3,3,False,,
40077,2006,2006-04-13,2006-04-13T23:15:00Z,R,Regular Season,N,1,Final,F,Baltimore Orioles,110,6,Tampa Bay Devil Rays,139,5,Chris Ray,Dan Miceli,,9,Tropicana Field,night,4,4,False,,
40066,2006,2006-04-13,2006-04-13T23:35:00Z,R,Regular Season,N,1,Final,F,Philadelphia Phillies,143,7,Atlanta Braves,144,6,Gavin Floyd,Kyle Davies,Tom Gordon,9,Turner Field,night,3,3,False,,
40047,2006,2006-04-13,2006-04-14T01:05:00Z,R,Regular Season,S,2,Final,F,Houston Astros,117,8,San Francisco Giants,137,0,Roy Oswalt,Matt Cain,,9,AT&T Park,night,2,2,False,,
40065,2006,2006-04-13,2006-04-14T01:40:00Z,R,Regular Season,N,1,Final,F,Colorado Rockies,115,5,Arizona Diamondbacks,109,3,Josh Fogg,Russ Ortiz,Brian Fuentes,9,Chase Field,night,3,3,False,,
40081,2006,2006-04-14,2006-04-14T23:05:00Z,R,Regular Season,N,1,Final,F,Los Angeles Angels,108,5,Baltimore Orioles,110,6,Tim Byrdak,Scot Shields,,9,Oriole Park at Camden Yards,night,1,4,False,,
40082,2006,2006-04-14,2006-04-14T23:05:00Z,R,Regular Season,N,1,Final,F,Seattle Mariners,136,1,Boston Red Sox,111,2,Curt Schilling,Jamie Moyer,Jonathan Papelbon,9,Fenway Park,night,1,4,False,,
40085,2006,2006-04-14,2006-04-14T23:05:00Z,R,Regular Season,N,1,Final,F,Cleveland Indians,114,1,Detroit Tigers,116,5,Kenny Rogers,Jake Westbrook,,9,Comerica Park,night,1,4,False,,
40091,2006,2006-04-14,2006-04-14T23:05:00Z,R,Regular Season,N,1,Final,F,Chicago Cubs,112,11,Pittsburgh Pirates,134,6,Sean Marshall,Victor Santos,,9,PNC Park,night,1,3,False,,
40089,2006,2006-04-14,2006-04-14T23:10:00Z,R,Regular Season,N,1,Final,F,Milwaukee Brewers,158,3,New York Mets,121,4,Tom Glavine,Chris Capuano,Billy Wagner,9,Shea Stadium,night,1,3,False,,
40093,2006,2006-04-14,2006-04-14T23:15:00Z,R,Regular Season,N,1,Final,F,Kansas City Royals,118,2,Tampa Bay Devil Rays,139,7,Travis Harper,Scott Elarton,,9,Tropicana Field,night,1,3,False,,
40080,2006,2006-04-14,2006-04-14T23:35:00Z,R,Regular Season,N,1,Final,F,San Diego Padres,135,4,Atlanta Braves,144,5,Oscar Villarreal,Scott Linebrink,Chris Reitsma,9,Turner Field,night,1,3,False,,
40086,2006,2006-04-14,2006-04-14T23:35:00Z,R,Regular Season,N,1,Final,F,Washington Nationals,120,3,Florida Marlins,146,5,Dontrelle Willis,Ryan Drese,Joe Borowski,9,Dolphin Stadium,night,1,3,False,,
40088,2006,2006-04-14,2006-04-15T00:10:00Z,R,Regular Season,N,1,Final,F,New York Yankees,147,1,Minnesota Twins,142,5,Scott Baker,Mike Mussina,,9,Hubert H. Humphrey Metrodome,night,1,3,False,,
40092,2006,2006-04-14,2006-04-15T00:10:00Z,R,Regular Season,N,1,Final,F,Cincinnati Reds,113,1,St. Louis Cardinals,138,0,Aaron Harang,Chris Carpenter,David Weathers,9,Busch Stadium,night,1,3,False,,
40083,2006,2006-04-14,2006-04-15T00:35:00Z,R,Regular Season,N,1,Final,F,Toronto Blue Jays,141,13,Chicago White Sox,145,7,Pete Walker,Javier Vazquez,,9,U.S. Cellular Field,night,1,3,False,,
40084,2006,2006-04-14,2006-04-15T01:05:00Z,R,Regular Season,N,1,Final,F,Philadelphia Phillies,143,10,Colorado Rockies,115,8,Ryan Madson,Zach Day,Tom Gordon,9,Coors Field,night,1,3,False,,
40079,2006,2006-04-14,2006-04-15T01:40:00Z,R,Regular Season,N,1,Final,F,Houston Astros,117,1,Arizona Diamondbacks,109,5,Brandon Webb,Andy Pettitte,,9,Chase Field,night,1,3,False,,
40090,2006,2006-04-14,2006-04-15T02:05:00Z,R,Regular Season,N,1,Final,F,Texas Rangers,140,6,Oakland Athletics,133,3,Kevin Millwood,Barry Zito,,9,McAfee Coliseum,night,1,3,False,,
40087,2006,2006-04-14,2006-04-15T02:40:00Z,R,Regular Season,N,1,Final,F,San Francisco Giants,137,2,Los Angeles Dodgers,119,1,Jamey Wright,Hung-Chih Kuo,Tim Worrell,9,Dodger Stadium,night,1,3,False,,
40100,2006,2006-04-15,2006-04-15T17:05:00Z,R,Regular Season,N,1,Final,F,Cleveland Indians,114,7,Detroit Tigers,116,2,Roberto Hernandez,Jeremy Bonderman,,9,Comerica Park,day,2,4,False,,
40104,2006,2006-04-15,2006-04-15T17:10:00Z,R,Regular Season,N,1,Final,F,Milwaukee Brewers,158,8,New York Mets,121,2,Tomo Ohka,Steve Trachsel,,9,Shea Stadium,day,2,3,False,,
40097,2006,2006-04-15,2006-04-15T17:20:00Z,R,Regular Season,N,1,Final,F,Seattle Mariners,136,3,Boston Red Sox,111,0,Joel Pineiro,Tim Wakefield,Eddie Guardado,9,Fenway Park,day,2,4,False,,
40098,2006,2006-04-15,2006-04-15T18:05:00Z,R,Regular Season,N,1,Final,F,Toronto Blue Jays,141,2,Chicago White Sox,145,4,Mark Buehrle,A.J. Burnett,Bobby Jenks,9,U.S. Cellular Field,day,2,3,False,,
40107,2006,2006-04-15,2006-04-15T18:15:00Z,R,Regular Season,N,1,Final,F,Cincinnati Reds,113,3,St. Louis Cardinals,138,9,Sidney Ponson,Dave Williams,,9,Busch Stadium,day,2,3,False,,
40105,2006,2006-04-15,2006-04-15T20:05:00Z,R,Regular Season,N,1,Final,F,Texas Rangers,140,4,Oakland Athletics,133,5,Rich Harden,Vicente Padilla,Huston Street,9,McAfee Coliseum,day,2,3,False,,
40096,2006,2006-04-15,2006-04-15T20:35:00Z,R,Regular Season,N,1,Final,F,Los Angeles Angels,108,2,Baltimore Orioles,110,3,Erik Bedard,Bartolo Colon,Chris Ray,9,Oriole Park at Camden Yards,day,2,4,False,,
40101,2006,2006-04-15,2006-04-15T22:05:00Z,R,Regular Season,N,1,Final,F,Washington Nationals,120,2,Florida Marlins,146,1,John Patterson,Scott Olsen,Chad Cordero,9,Dolphin Stadium,night,2,3,False,,
40095,2006,2006-04-15,2006-04-15T23:05:00Z,R,Regular Season,N,1,Final,F,San Diego Padres,135,0,Atlanta Braves,144,2,John Smoltz,Jake Peavy,,9,Turner Field,night,2,3,False,,
40106,2006,2006-04-15,2006-04-15T23:05:00Z,R,Regular Season,N,1,Final,F,Chicago Cubs,112,1,Pittsburgh Pirates,134,2,Zach Duke,Jerome Williams,Michael Gonzalez,9,PNC Park,night,2,3,False,,
40103,2006,2006-04-15,2006-04-15T23:10:00Z,R,Regular Season,N,1,Final,F,New York Yankees,147,5,Minnesota Twins,142,6,Juan Rincon,Mariano Rivera,,9,Hubert H. Humphrey Metrodome,night,2,3,False,,
40108,2006,2006-04-15,2006-04-15T23:15:00Z,R,Regular Season,N,1,Final,F,Kansas City Royals,118,3,Tampa Bay Devil Rays,139,6,Seth McClung,Luke Hudson,Shawn Camp,9,Tropicana Field,night,2,3,False,,
40099,2006,2006-04-15,2006-04-16T00:05:00Z,R,Regular Season,N,1,Final,F,Philadelphia Phillies,143,6,Colorado Rockies,115,10,Ray King,Jon Lieber,,9,Coors Field,night,2,3,False,,
40094,2006,2006-04-15,2006-04-16T01:40:00Z,R,Regular Season,N,1,Final,F,Houston Astros,117,10,Arizona Diamondbacks,109,0,Wandy Rodriguez,Claudio Vargas,,9,Chase Field,night,2,3,False,,
40102,2006,2006-04-15,2006-04-16T02:10:00Z,R,Regular Season,N,1,Final,F,San Francisco Giants,137,1,Los Angeles Dodgers,119,3,Odalis Perez,Jason Schmidt,Danys Baez,9,Dodger Stadium,night,2,3,False,,
40110,2006,2006-04-16,2006-04-16T17:05:00Z,R,Regular Season,N,1,Final,F,San Diego Padres,135,4,Atlanta Braves,144,3,Scott Linebrink,Mike Remlinger,Trevor Hoffman,9,Turner Field,day,3,3,False,,
40115,2006,2006-04-16,2006-04-16T17:05:00Z,R,Regular Season,N,1,Final,F,Cleveland Indians,114,0,Detroit Tigers,116,1,Mike Maroth,Cliff Lee,Fernando Rodney,9,Comerica Park,day,3,4,False,,
40116,2006,2006-04-16,2006-04-16T17:05:00Z,R,Regular Season,N,1,Final,F,Washington Nationals,120,7,Florida Marlins,146,5,Gary Majewski,Matt Herges,Chad Cordero,9,Dolphin Stadium,day,3,3,False,,
40119,2006,2006-04-16,2006-04-16T17:10:00Z,R,Regular Season,N,1,Final,F,Milwaukee Brewers,158,3,New York Mets,121,9,Brian Bannister,Ben Sheets,,9,Shea Stadium,day,3,3,False,,
40123,2006,2006-04-16,2006-04-16T17:15:00Z,R,Regular Season,N,1,Final,F,Kansas City Royals,118,5,Tampa Bay Devil Rays,139,9,Brian Meadows,Steve Stemle,,9,Tropicana Field,day,3,3,False,,
40111,2006,2006-04-16,2006-04-16T17:35:00Z,R,Regular Season,N,1,Final,F,Los Angeles Angels,108,9,Baltimore Orioles,110,3,John Lackey,Kris Benson,,9,Oriole Park at Camden Yards,day,3,4,False,,
40121,2006,2006-04-16,2006-04-16T17:35:00Z,R,Regular Season,N,1,Final,F,Chicago Cubs,112,7,Pittsburgh Pirates,134,3,Glendon Rusch,Ian Snell,,9,PNC Park,day,3,3,False,,
40112,2006,2006-04-16,2006-04-16T18:05:00Z,R,Regular Season,N,1,Final,F,Seattle Mariners,136,2,Boston Red Sox,111,3,Josh Beckett,Jarrod Washburn,Jonathan Papelbon,9,Fenway Park,day,3,4,False,,
40113,2006,2006-04-16,2006-04-16T18:05:00Z,R,Regular Season,N,1,Completed Early,F,Toronto Blue Jays,141,4,Chicago White Sox,145,6,Freddy Garcia,Josh Towers,,5,U.S. Cellular Field,day,3,3,False,,
40122,2006,2006-04-16,2006-04-16T18:15:00Z,R,Regular Season,N,1,Final,F,Cincinnati Reds,113,7,St. Louis Cardinals,138,8,Braden Looper,David Weathers,,9,Busch Stadium,day,3,3,False,,
40114,2006,2006-04-16,2006-04-16T19:05:00Z,R,Regular Season,N,1,Final,F,Philadelphia Phillies,143,1,Colorado Rockies,115,0,Brett Myers,Aaron Cook,Tom Gordon,9,Coors Field,day,3,3,False,,
40120,2006,2006-04-16,2006-04-16T20:05:00Z,R,Regular Season,N,1,Final,F,Texas Rangers,140,5,Oakland Athletics,133,3,Francisco Cordero,Huston Street,,9,McAfee Coliseum,day,3,3,False,,
40118,2006,2006-04-16,2006-04-16T20:10:00Z,R,Regular Season,N,1,Final,F,New York Yankees,147,9,Minnesota Twins,142,3,Chien-Ming Wang,Brad Radke,,9,Hubert H. Humphrey Metrodome,day,3,3,False,,
40109,2006,2006-04-16,2006-04-16T20:40:00Z,R,Regular Season,N,1,Final,F,Houston Astros,117,8,Arizona Diamondbacks,109,5,Russ Springer,Orlando Hernandez,Brad Lidge,9,Chase Field,day,3,3,False,,
40117,2006,2006-04-16,2006-04-17T00:10:00Z,R,Regular Season,N,1,Final,F,San Francisco Giants,137,2,Los Angeles Dodgers,119,0,Brad Hennessey,Jae Weong Seo,Tim Worrell,9,Dodger Stadium,night,3,3,False,,
40126,2006,2006-04-17,2006-04-17T15:05:00Z,R,Regular Season,N,1,Final,F,Seattle Mariners,136,6,Boston Red Sox,111,7,Mike Timlin,Eddie Guardado,,9,Fenway Park,day,4,4,False,,
40130,2006,2006-04-17,2006-04-17T17:05:00Z,R,Regular Season,N,1,Final,F,Cleveland Indians,114,10,Detroit Tigers,116,2,Paul Byrd,Nate Robertson,,9,Comerica Park,day,4,4,False,,
40125,2006,2006-04-17,2006-04-17T23:05:00Z,R,Regular Season,N,1,Final,F,Los Angeles Angels,108,2,Baltimore Orioles,110,4,Daniel Cabrera,Jeff Weaver,Chris Ray,9,Oriole Park at Camden Yards,night,4,4,False,,
40134,2006,2006-04-17,2006-04-17T23:05:00Z,R,Regular Season,N,1,Final,F,St. Louis Cardinals,138,2,Pittsburgh Pirates,134,1,Jason Marquis,Paul Maholm,Jason Isringhausen,9,PNC Park,night,1,3,False,,
40128,2006,2006-04-17,2006-04-17T23:10:00Z,R,Regular Season,N,1,Final,F,Florida Marlins,146,1,Cincinnati Reds,113,9,Brandon Claussen,Brian Moehler,,9,Great American Ball Park,night,1,3,False,,
40133,2006,2006-04-17,2006-04-17T23:10:00Z,R,Regular Season,N,1,Final,F,Atlanta Braves,144,3,New York Mets,121,4,Pedro Martínez,Jorge Sosa,Billy Wagner,9,Shea Stadium,night,1,3,False,,
40127,2006,2006-04-17,2006-04-18T00:05:00Z,R,Regular Season,N,1,Final,F,Kansas City Royals,118,0,Chicago White Sox,145,9,Jose Contreras,Joe Mays,,9,U.S. Cellular Field,night,1,3,False,,
40131,2006,2006-04-17,2006-04-18T00:05:00Z,R,Regular Season,N,1,Final,F,Milwaukee Brewers,158,7,Houston Astros,117,8,Ezequiel Astacio,Matt Wise,Brad Lidge,9,Minute Maid Park,night,1,3,False,,
40129,2006,2006-04-17,2006-04-18T00:35:00Z,R,Regular Season,N,1,Final,F,San Diego Padres,135,5,Colorado Rockies,115,2,Chris Young,Jeff Francis,Trevor Hoffman,9,Coors Field,night,1,3,False,,
40124,2006,2006-04-17,2006-04-18T01:40:00Z,R,Regular Season,N,1,Final,F,San Francisco Giants,137,10,Arizona Diamondbacks,109,9,Steve Kline,Jose Valverde,Tim Worrell,9,Chase Field,night,1,4,False,,
40132,2006,2006-04-17,2006-04-18T02:10:00Z,R,Regular Season,N,1,Final,F,Chicago Cubs,112,4,Los Angeles Dodgers,119,1,Greg Maddux,Brett Tomko,Ryan Dempster,9,Dodger Stadium,night,1,3,False,,
40136,2006,2006-04-18,2006-04-18T23:05:00Z,R,Regular Season,N,1,Final,F,Cleveland Indians,114,15,Baltimore Orioles,110,1,Jason Johnson,Bruce Chen,,9,Oriole Park at Camden Yards,night,1,3,False,,
40137,2006,2006-04-18,2006-04-18T23:05:00Z,R,Regular Season,N,1,Final,F,Tampa Bay Devil Rays,139,4,Boston Red Sox,111,7,Mike Timlin,Ruddy Lugo,Jonathan Papelbon,9,Fenway Park,night,1,3,False,,
40146,2006,2006-04-18,2006-04-18T23:05:00Z,R,Regular Season,N,1,Final,F,Washington Nationals,120,10,Philadelphia Phillies,143,3,Tony Armas,Cory Lidle,,9,Citizens Bank Park,night,1,3,False,,
40147,2006,2006-04-18,2006-04-18T23:05:00Z,R,Regular Season,N,1,Final,F,St. Louis Cardinals,138,4,Pittsburgh Pirates,134,12,Oliver Pérez,Jeff Suppan,,9,PNC Park,night,2,3,False,,
40149,2006,2006-04-18,2006-04-18T23:07:00Z,R,Regular Season,N,1,Final,F,New York Yankees,147,5,Toronto Blue Jays,141,10,Gustavo Chacín,Randy Johnson,,9,Rogers Centre,night,1,2,False,,
40139,2006,2006-04-18,2006-04-18T23:10:00Z,R,Regular Season,N,1,Final,F,Florida Marlins,146,12,Cincinnati Reds,113,6,Josh Johnson,Eric Milton,,9,Great American Ball Park,night,2,3,False,,
40144,2006,2006-04-18,2006-04-18T23:10:00Z,R,Regular Season,N,1,Final,F,Atlanta Braves,144,7,New York Mets,121,1,Kyle Davies,Victor Zambrano,,9,Shea Stadium,night,2,3,False,,
40138,2006,2006-04-18,2006-04-19T00:05:00Z,R,Regular Season,N,1,Final,F,Kansas City Royals,118,1,Chicago White Sox,145,4,Jon Garland,Jeremy Affeldt,Bobby Jenks,9,U.S. Cellular Field,night,2,3,False,,
40141,2006,2006-04-18,2006-04-19T00:05:00Z,R,Regular Season,N,1,Final,F,Milwaukee Brewers,158,12,Houston Astros,117,13,Roy Oswalt,Doug Davis,Brad Lidge,9,Minute Maid Park,night,2,3,False,,
40143,2006,2006-04-18,2006-04-19T00:10:00Z,R,Regular Season,N,1,Final,F,Los Angeles Angels,108,8,Minnesota Twins,142,2,Kelvim Escobar,Carlos Silva,Scot Shields,9,Hubert H. Humphrey Metrodome,night,1,3,False,,
40140,2006,2006-04-18,2006-04-19T00:35:00Z,R,Regular Season,N,1,Final,F,San Diego Padres,135,2,Colorado Rockies,115,3,David Cortes,Jon Adkins,,11,Coors Field,night,2,3,False,,
40135,2006,2006-04-18,2006-04-19T01:40:00Z,R,Regular Season,N,1,Final,F,San Francisco Giants,137,4,Arizona Diamondbacks,109,7,Brandon Lyon,Matt Morris,,9,Chase Field,night,2,4,False,,
40145,2006,2006-04-18,2006-04-19T02:05:00Z,R,Regular Season,N,1,Final,F,Detroit Tigers,116,3,Oakland Athletics,133,4,Justin Duchscherer,Justin Verlander,Huston Street,9,McAfee Coliseum,night,1,3,False,,
40148,2006,2006-04-18,2006-04-19T02:05:00Z,R,Regular Season,N,1,Final,F,Texas Rangers,140,7,Seattle Mariners,136,4,John Koronka,Félix Hernández,Francisco Cordero,9,Safeco Field,night,1,3,False,,
40142,2006,2006-04-18,2006-04-19T02:10:00Z,R,Regular Season,N,1,Final,F,Chicago Cubs,112,1,Los Angeles Dodgers,119,2,Takashi Saito,Will Ohman,,9,Dodger Stadium,night,2,3,False,,
40154,2006,2006-04-19,2006-04-19T16:35:00Z,R,Regular Season,N,1,Final,F,Florida Marlins,146,8,Cincinnati Reds,113,9,Todd Coffey,Todd Wellemeyer,,9,Great American Ball Park,day,3,3,False,,
40162,2006,2006-04-19,2006-04-19T16:35:00Z,R,Regular Season,N,1,Final,F,St. Louis Cardinals,138,4,Pittsburgh Pirates,134,0,Chris Carpenter,Victor Santos,,9,PNC Park,day,3,3,False,,
40164,2006,2006-04-19,2006-04-19T16:37:00Z,R,Regular Season,N,1,Final,F,New York Yankees,147,3,Toronto Blue Jays,141,1,Mike Mussina,Ted Lilly,Mariano Rivera,9,Rogers Centre,day,2,2,False,,
40159,2006,2006-04-19,2006-04-19T17:10:00Z,R,Regular Season,N,1,Final,F,Atlanta Braves,144,2,New York Mets,121,1,Tim Hudson,Tom Glavine,,9,Shea Stadium,day,3,3,False,,
40153,2006,2006-04-19,2006-04-19T18:05:00Z,R,Regular Season,N,1,Final,F,Kansas City Royals,118,0,Chicago White Sox,145,4,Javier Vazquez,Scott Elarton,Bobby Jenks,9,U.S. Cellular Field,day,3,3,False,,
40155,2006,2006-04-19,2006-04-19T19:05:00Z,R,Regular Season,N,1,Final,F,San Diego Padres,135,13,Colorado Rockies,115,4,Chan Ho Park,Zach Day,,9,Coors Field,day,3,3,False,,
40151,2006,2006-04-19,2006-04-19T23:05:00Z,R,Regular Season,N,1,Final,F,Cleveland Indians,114,9,Baltimore Orioles,110,18,John Halama,Jake Westbrook,,9,Oriole Park at Camden Yards,night,2,3,False,,
40152,2006,2006-04-19,2006-04-19T23:05:00Z,R,Regular Season,N,1,Final,F,Tampa Bay Devil Rays,139,1,Boston Red Sox,111,9,Curt Schilling,Doug Waechter,,9,Fenway Park,night,2,3,False,,
40161,2006,2006-04-19,2006-04-19T23:05:00Z,R,Regular Season,N,1,Final,F,Washington Nationals,120,6,Philadelphia Phillies,143,7,Ryan Franklin,Mike Stanton,,10,Citizens Bank Park,night,2,3,False,,
40156,2006,2006-04-19,2006-04-20T00:05:00Z,R,Regular Season,N,1,Final,F,Milwaukee Brewers,158,7,Houston Astros,117,2,Chris Capuano,Andy Pettitte,,9,Minute Maid Park,night,3,3,False,,
40158,2006,2006-04-19,2006-04-20T00:10:00Z,R,Regular Season,N,1,Final,F,Los Angeles Angels,108,10,Minnesota Twins,142,12,Joe Nathan,J.C. Romero,,10,Hubert H. Humphrey Metrodome,night,2,3,False,,
40150,2006,2006-04-19,2006-04-20T01:40:00Z,R,Regular Season,N,1,Final,F,San Francisco Giants,137,3,Arizona Diamondbacks,109,10,Brandon Webb,Matt Cain,,9,Chase Field,night,3,4,False,,
40160,2006,2006-04-19,2006-04-20T02:05:00Z,R,Regular Season,N,1,Final,F,Detroit Tigers,116,11,Oakland Athletics,133,4,Kenny Rogers,Joe Blanton,,9,McAfee Coliseum,night,2,3,False,,
40163,2006,2006-04-19,2006-04-20T02:05:00Z,R,Regular Season,N,1,Final,F,Texas Rangers,140,6,Seattle Mariners,136,9,J.J. Putz,Francisco Cordero,,9,Safeco Field,night,2,3,False,,
40157,2006,2006-04-19,2006-04-20T02:10:00Z,R,Regular Season,N,1,Final,F,Chicago Cubs,112,5,Los Angeles Dodgers,119,4,Scott Williamson,Danys Baez,Ryan Dempster,9,Dodger Stadium,night,3,3,False,,
40169,2006,2006-04-20,2006-04-20T17:10:00Z,R,Regular Season,N,1,Final,F,Los Angeles Angels,108,6,Minnesota Twins,142,4,Kevin Gregg,Jesse Crain,Francisco Rodríguez,9,Hubert H. Humphrey Metrodome,day,3,3,False,,
40166,2006,2006-04-20,2006-04-20T19:05:00Z,R,Regular Season,N,1,Final,F,Cleveland Indians,114,4,Baltimore Orioles,110,9,Erik Bedard,Roberto Hernandez,,9,Oriole Park at Camden Yards,day,3,3,False,,
40170,2006,2006-04-20,2006-04-20T19:35:00Z,R,Regular Season,N,1,Final,F,Detroit Tigers,116,4,Oakland Athletics,133,3,Fernando Rodney,Justin Duchscherer,,9,McAfee Coliseum,day,3,3,False,,
40167,2006,2006-04-20,2006-04-20T23:05:00Z,R,Regular Season,N,1,Final,F,Tampa Bay Devil Rays,139,5,Boston Red Sox,111,1,Scott Kazmir,Tim Wakefield,Dan Miceli,9,Fenway Park,night,3,3,False,,
40171,2006,2006-04-20,2006-04-20T23:05:00Z,R,Regular Season,N,1,Final,F,Washington Nationals,120,10,Philadelphia Phillies,143,4,Billy Traber,Ryan Madson,,9,Citizens Bank Park,night,3,3,False,,
40168,2006,2006-04-20,2006-04-21T00:05:00Z,R,Regular Season,N,1,Final,F,Cincinnati Reds,113,12,Milwaukee Brewers,158,8,Matt Belisle,Justin Lehr,,9,Miller Park,night,1,4,False,,
40165,2006,2006-04-20,2006-04-21T01:40:00Z,R,Regular Season,N,1,Final,F,San Francisco Giants,137,9,Arizona Diamondbacks,109,7,Tim Worrell,Brandon Medders,,9,Chase Field,night,4,4,False,,
40172,2006,2006-04-20,2006-04-21T02:05:00Z,R,Regular Season,N,1,Final,F,New York Mets,121,7,San Diego Padres,135,2,Duaner Sanchez,Scott Linebrink,,9,PETCO Park,night,1,4,False,,
40173,2006,2006-04-20,2006-04-21T02:05:00Z,R,Regular Season,N,1,Final,F,Texas Rangers,140,4,Seattle Mariners,136,3,Rick Bauer,Eddie Guardado,Francisco Cordero,9,Safeco Field,night,3,3,False,,
40180,2006,2006-04-21,2006-04-21T23:05:00Z,R,Regular Season,N,1,Final,F,Baltimore Orioles,110,6,New York Yankees,147,5,Kris Benson,Chien-Ming Wang,Chris Ray,9,Yankee Stadium I,night,1,3,False,,
40182,2006,2006-04-21,2006-04-21T23:05:00Z,R,Regular Season,N,1,Final,F,Florida Marlins,146,4,Philadelphia Phillies,143,3,Scott Olsen,Jon Lieber,Joe Borowski,9,Citizens Bank Park,night,1,2,False,,
40188,2006,2006-04-21,2006-04-21T23:05:00Z,R,Regular Season,N,1,Final,F,Atlanta Braves,144,3,Washington Nationals,120,7,Mike Stanton,Lance Cormier,,9,Robert F. Kennedy Memorial Stadium,night,1,2,False,,
40187,2006,2006-04-21,2006-04-21T23:07:00Z,R,Regular Season,N,1,Final,F,Boston Red Sox,111,6,Toronto Blue Jays,141,7,Justin Speier,Keith Foulke,,12,Rogers Centre,night,1,3,False,,
40176,2006,2006-04-21,2006-04-22T00:05:00Z,R,Regular Season,N,1,Final,F,Pittsburgh Pirates,134,2,Houston Astros,117,3,Wandy Rodriguez,Zach Duke,Brad Lidge,9,Minute Maid Park,night,1,3,False,,
40179,2006,2006-04-21,2006-04-22T00:05:00Z,R,Regular Season,N,1,Final,F,Cincinnati Reds,113,3,Milwaukee Brewers,158,1,Bronson Arroyo,Ben Sheets,David Weathers,9,Miller Park,night,2,4,False,,
40186,2006,2006-04-21,2006-04-22T00:05:00Z,R,Regular Season,N,1,Final,F,Tampa Bay Devil Rays,139,7,Texas Rangers,140,13,C.J. Wilson,Seth McClung,,9,Ameriquest Field,night,1,3,False,,
40177,2006,2006-04-21,2006-04-22T00:10:00Z,R,Regular Season,N,1,Final,F,Cleveland Indians,114,6,Kansas City Royals,118,5,Danny Graves,Elmer Dessens,Bob Wickman,9,Kauffman Stadium,night,1,3,False,,
40185,2006,2006-04-21,2006-04-22T00:10:00Z,R,Regular Season,N,1,Final,F,Chicago Cubs,112,3,St. Louis Cardinals,138,9,Mark Mulder,Jerome Williams,,9,Busch Stadium,night,1,3,False,,
40174,2006,2006-04-21,2006-04-22T00:35:00Z,R,Regular Season,N,1,Final,F,Minnesota Twins,142,1,Chicago White Sox,145,7,Mark Buehrle,Johan Santana,,9,U.S. Cellular Field,night,1,3,False,,
40175,2006,2006-04-21,2006-04-22T01:05:00Z,R,Regular Season,N,1,Final,F,San Francisco Giants,137,8,Colorado Rockies,115,9,David Cortes,Tim Worrell,,9,Coors Field,night,1,3,False,,
40181,2006,2006-04-21,2006-04-22T02:05:00Z,R,Regular Season,N,1,Final,F,Los Angeles Angels,108,3,Oakland Athletics,133,5,Rich Harden,J.C. Romero,Kiko Calero,9,McAfee Coliseum,night,1,3,False,,
40183,2006,2006-04-21,2006-04-22T02:05:00Z,R,Regular Season,N,1,Final,F,New York Mets,121,1,San Diego Padres,135,2,Brian Sweeney,Chad Bradford,,14,PETCO Park,night,2,4,False,,
40184,2006,2006-04-21,2006-04-22T02:05:00Z,R,Regular Season,N,1,Final,F,Detroit Tigers,116,2,Seattle Mariners,136,1,Mike Maroth,Jarrod Washburn,Todd Jones,9,Safeco Field,night,1,3,False,,
40178,2006,2006-04-21,2006-04-22T02:40:00Z,R,Regular Season,N,1,Final,F,Arizona Diamondbacks,109,3,Los Angeles Dodgers,119,6,Odalis Perez,Orlando Hernandez,Danys Baez,9,Dodger Stadium,night,1,3,False,,
40195,2006,2006-04-22,2006-04-22T17:05:00Z,R,Regular Season,N,1,Final,F,Baltimore Orioles,110,1,New York Yankees,147,6,Shawn Chacon,Daniel Cabrera,,9,Yankee Stadium I,day,2,3,False,,
40202,2006,2006-04-22,2006-04-22T17:07:00Z,R,Regular Season,N,1,Final,F,Boston Red Sox,111,1,Toronto Blue Jays,141,8,Roy Halladay,Lenny DiNardo,Pete Walker,9,Rogers Centre,day,2,3,False,,
40194,2006,2006-04-22,2006-04-22T18:05:00Z,R,Regular Season,N,1,Final,F,Cincinnati Reds,113,0,Milwaukee Brewers,158,11,Dave Bush,Brandon Claussen,,9,Miller Park,day,3,4,False,,
40200,2006,2006-04-22,2006-04-22T18:15:00Z,R,Regular Season,N,1,Final,F,Chicago Cubs,112,1,St. Louis Cardinals,138,4,Sidney Ponson,Glendon Rusch,Jason Isringhausen,9,Busch Stadium,day,2,3,False,,
40196,2006,2006-04-22,2006-04-22T20:05:00Z,R,Regular Season,N,1,Final,F,Los Angeles Angels,108,5,Oakland Athletics,133,4,Jeff Weaver,Dan Haren,Francisco Rodríguez,9,McAfee Coliseum,day,2,3,False,,
40189,2006,2006-04-22,2006-04-22T23:05:00Z,R,Regular Season,N,1,Final,F,Minnesota Twins,142,2,Chicago White Sox,145,9,Freddy Garcia,Brad Radke,,9,U.S. Cellular Field,night,2,3,False,,
40191,2006,2006-04-22,2006-04-22T23:05:00Z,R,Regular Season,N,1,Final,F,Pittsburgh Pirates,134,0,Houston Astros,117,3,Taylor Buchholz,Ian Snell,Brad Lidge,9,Minute Maid Park,night,2,3,False,,
40192,2006,2006-04-22,2006-04-22T23:10:00Z,R,Regular Season,N,1,Final,F,Cleveland Indians,114,5,Kansas City Royals,118,11,Mike Wood,Paul Byrd,,9,Kauffman Stadium,night,2,3,False,,
40190,2006,2006-04-22,2006-04-23T00:05:00Z,R,Regular Season,N,1,Final,F,San Francisco Giants,137,6,Colorado Rockies,115,4,Brad Hennessey,Aaron Cook,Armando Benítez,9,Coors Field,night,2,3,False,,
40201,2006,2006-04-22,2006-04-23T00:05:00Z,R,Regular Season,N,1,Final,F,Tampa Bay Devil Rays,139,5,Texas Rangers,140,6,Francisco Cordero,Chad Orvella,,9,Ameriquest Field,night,2,3,False,,
40199,2006,2006-04-22,2006-04-23T01:05:00Z,R,Regular Season,N,1,Final,F,Detroit Tigers,116,2,Seattle Mariners,136,0,Nate Robertson,Gil Meche,Fernando Rodney,9,Safeco Field,night,2,3,False,,
40198,2006,2006-04-22,2006-04-23T02:05:00Z,R,Regular Season,N,1,Final,F,New York Mets,121,8,San Diego Padres,135,1,Pedro Martínez,Chris Young,,9,PETCO Park,night,3,4,False,,
40193,2006,2006-04-22,2006-04-23T02:10:00Z,R,Regular Season,N,1,Final,F,Arizona Diamondbacks,109,5,Los Angeles Dodgers,119,4,Miguel Batista,Jae Weong Seo,Jose Valverde,9,Dodger Stadium,night,2,3,False,,
40210,2006,2006-04-23,2006-04-23T17:05:00Z,R,Regular Season,N,1,Final,F,Baltimore Orioles,110,1,New York Yankees,147,7,Randy Johnson,Bruce Chen,,9,Yankee Stadium I,day,3,3,False,,
40217,2006,2006-04-23,2006-04-23T17:07:00Z,R,Regular Season,N,1,Final,F,Boston Red Sox,111,6,Toronto Blue Jays,141,3,Matt Clement,Josh Towers,Jonathan Papelbon,9,Rogers Centre,day,3,3,False,,
40212,2006,2006-04-23,2006-04-23T17:35:00Z,R,Regular Season,N,1,Final,F,Florida Marlins,146,2,Philadelphia Phillies,143,4,Brett Myers,Sergio Mitre,Tom Gordon,9,Citizens Bank Park,day,2,2,False,,
40204,2006,2006-04-23,2006-04-23T18:05:00Z,R,Regular Season,N,1,Final,F,Minnesota Twins,142,3,Chicago White Sox,145,7,Jose Contreras,Carlos Silva,,9,U.S. Cellular Field,day,3,3,False,,
40206,2006,2006-04-23,2006-04-23T18:05:00Z,R,Regular Season,N,1,Final,F,Pittsburgh Pirates,134,2,Houston Astros,117,7,Roy Oswalt,Paul Maholm,,9,Minute Maid Park,day,3,3,False,,
40209,2006,2006-04-23,2006-04-23T18:05:00Z,R,Regular Season,N,1,Final,F,Cincinnati Reds,113,11,Milwaukee Brewers,158,0,Aaron Harang,Doug Davis,,9,Miller Park,day,4,4,False,,
40216,2006,2006-04-23,2006-04-23T18:05:00Z,R,Regular Season,N,1,Final,F,Tampa Bay Devil Rays,139,3,Texas Rangers,140,8,John Koronka,Casey Fossum,,9,Ameriquest Field,day,3,3,False,,
40207,2006,2006-04-23,2006-04-23T18:10:00Z,R,Regular Season,N,1,Final,F,Cleveland Indians,114,1,Kansas City Royals,118,5,Jeremy Affeldt,Jason Johnson,,9,Kauffman Stadium,day,3,3,False,,
40215,2006,2006-04-23,2006-04-23T18:15:00Z,R,Regular Season,N,1,Final,F,Chicago Cubs,112,7,St. Louis Cardinals,138,3,Greg Maddux,Jason Marquis,,9,Busch Stadium,day,3,3,False,,
40205,2006,2006-04-23,2006-04-23T19:05:00Z,R,Regular Season,N,1,Final,F,San Francisco Giants,137,2,Colorado Rockies,115,3,David Cortes,Jeff Fassero,,10,Coors Field,day,3,3,False,,
40211,2006,2006-04-23,2006-04-23T20:05:00Z,R,Regular Season,N,1,Final,F,Los Angeles Angels,108,4,Oakland Athletics,133,3,Kelvim Escobar,Esteban Loaiza,Francisco Rodríguez,9,McAfee Coliseum,day,3,3,False,,
40213,2006,2006-04-23,2006-04-23T20:05:00Z,R,Regular Season,N,1,Final,F,New York Mets,121,4,San Diego Padres,135,7,Clay Hensley,Victor Zambrano,Trevor Hoffman,9,PETCO Park,day,4,4,False,,
40214,2006,2006-04-23,2006-04-23T20:05:00Z,R,Regular Season,N,1,Final,F,Detroit Tigers,116,6,Seattle Mariners,136,4,Justin Verlander,Félix Hernández,Todd Jones,9,Safeco Field,day,3,3,False,,
40208,2006,2006-04-23,2006-04-23T20:10:00Z,R,Regular Season,N,1,Final,F,Arizona Diamondbacks,109,4,Los Angeles Dodgers,119,6,Brett Tomko,Russ Ortiz,Danys Baez,9,Dodger Stadium,day,3,3,False,,
40218,2006,2006-04-23,2006-04-24T00:05:00Z,R,Regular Season,N,1,Final,F,Atlanta Braves,144,3,Washington Nationals,120,1,Lance Cormier,Gary Majewski,Mike Remlinger,9,Robert F. Kennedy Memorial Stadium,night,2,2,False,,
40219,2006,2006-04-24,2006-04-24T23:05:00Z,R,Regular Season,N,1,Final,F,Florida Marlins,146,3,Chicago Cubs,112,6,David Aardsma,Josh Johnson,Ryan Dempster,9,Wrigley Field,night,1,3,False,,
40223,2006,2006-04-24,2006-04-24T23:05:00Z,R,Regular Season,N,1,Final,F,Colorado Rockies,115,5,Philadelphia Phillies,143,6,Cory Lidle,Josh Fogg,Tom Gordon,9,Citizens Bank Park,night,1,4,False,,
40229,2006,2006-04-24,2006-04-24T23:05:00Z,R,Regular Season,N,1,Final,F,Cincinnati Reds,113,4,Washington Nationals,120,2,Elizardo Ramirez,Livan Hernandez,David Weathers,9,Robert F. Kennedy Memorial Stadium,night,1,3,False,,
40220,2006,2006-04-24,2006-04-25T00:05:00Z,R,Regular Season,N,1,Final,F,Los Angeles Dodgers,119,6,Houston Astros,117,2,Takashi Saito,Brad Lidge,Danys Baez,9,Minute Maid Park,night,1,3,False,,
40222,2006,2006-04-24,2006-04-25T00:05:00Z,R,Regular Season,N,1,Final,F,Atlanta Braves,144,2,Milwaukee Brewers,158,3,Chris Capuano,Kyle Davies,Derrick Turnbow,9,Miller Park,night,1,3,False,,
40228,2006,2006-04-24,2006-04-25T00:05:00Z,R,Regular Season,N,1,Final,F,Oakland Athletics,133,3,Texas Rangers,140,2,Joe Blanton,C.J. Wilson,Justin Duchscherer,9,Ameriquest Field,night,1,3,False,,
40227,2006,2006-04-24,2006-04-25T00:10:00Z,R,Regular Season,N,1,Final,F,Pittsburgh Pirates,134,2,St. Louis Cardinals,138,7,Chris Carpenter,Oliver Pérez,,9,Busch Stadium,night,1,3,False,,
40221,2006,2006-04-24,2006-04-25T02:05:00Z,R,Regular Season,N,1,Final,F,Detroit Tigers,116,0,Los Angeles Angels,108,3,Ervin Santana,Kenny Rogers,Francisco Rodríguez,9,Angel Stadium of Anaheim,night,1,3,False,,
40224,2006,2006-04-24,2006-04-25T02:05:00Z,R,Regular Season,N,1,Final,F,Arizona Diamondbacks,109,4,San Diego Padres,135,1,Brandon Webb,Chan Ho Park,Jose Valverde,9,PETCO Park,night,1,3,False,,
40226,2006,2006-04-24,2006-04-25T02:05:00Z,R,Regular Season,N,1,Final,F,Chicago White Sox,145,3,Seattle Mariners,136,4,Julio Mateo,Brandon McCarthy,,11,Safeco Field,night,1,3,False,,
40225,2006,2006-04-24,2006-04-25T02:15:00Z,R,Regular Season,N,1,Final,F,New York Mets,121,2,San Francisco Giants,137,6,Matt Cain,Tom Glavine,,9,AT&T Park,night,1,3,False,,
40231,2006,2006-04-25,2006-04-25T23:05:00Z,R,Regular Season,N,1,Final,F,Boston Red Sox,111,8,Cleveland Indians,114,6,Keith Foulke,Guillermo Mota,Jonathan Papelbon,9,Jacobs Field,night,1,3,False,,
40236,2006,2006-04-25,2006-04-25T23:05:00Z,R,Regular Season,N,1,Final,F,Tampa Bay Devil Rays,139,1,New York Yankees,147,9,Mike Mussina,Scott Kazmir,,9,Yankee Stadium I,night,1,3,False,,
40237,2006,2006-04-25,2006-04-25T23:05:00Z,R,Regular Season,N,1,Final,F,Colorado Rockies,115,7,Philadelphia Phillies,143,6,Ramon E Ramirez,Gavin Floyd,Brian Fuentes,9,Citizens Bank Park,night,2,4,False,,
40244,2006,2006-04-25,2006-04-25T23:05:00Z,R,Regular Season,N,1,Final,F,Cincinnati Reds,113,6,Washington Nationals,120,5,Dave Williams,Billy Traber,David Weathers,9,Robert F. Kennedy Memorial Stadium,night,2,3,False,,
40243,2006,2006-04-25,2006-04-25T23:07:00Z,R,Regular Season,N,1,Final,F,Baltimore Orioles,110,3,Toronto Blue Jays,141,7,Gustavo Chacín,Rodrigo Lopez,,9,Rogers Centre,night,1,3,False,,
40230,2006,2006-04-25,2006-04-26T00:05:00Z,R,Regular Season,N,1,Final,F,Florida Marlins,146,1,Chicago Cubs,112,3,Sean Marshall,Dontrelle Willis,Ryan Dempster,9,Wrigley Field,night,2,3,False,,
40232,2006,2006-04-25,2006-04-26T00:05:00Z,R,Regular Season,N,1,Final,F,Los Angeles Dodgers,119,3,Houston Astros,117,4,Ezequiel Astacio,Hung-Chih Kuo,,14,Minute Maid Park,night,2,3,False,,
40235,2006,2006-04-25,2006-04-26T00:05:00Z,R,Regular Season,N,1,Final,F,Atlanta Braves,144,2,Milwaukee Brewers,158,4,Tomo Ohka,Tim Hudson,Derrick Turnbow,9,Miller Park,night,2,3,False,,
40242,2006,2006-04-25,2006-04-26T00:05:00Z,R,Regular Season,N,1,Final,F,Oakland Athletics,133,5,Texas Rangers,140,6,Francisco Cordero,Chad Gaudin,,9,Ameriquest Field,night,2,3,False,,
40233,2006,2006-04-25,2006-04-26T00:10:00Z,R,Regular Season,N,1,Final,F,Minnesota Twins,142,2,Kansas City Royals,118,1,Francisco Liriano,Luke Hudson,Joe Nathan,9,Kauffman Stadium,night,1,3,False,,
40241,2006,2006-04-25,2006-04-26T00:10:00Z,R,Regular Season,N,1,Final,F,Pittsburgh Pirates,134,3,St. Louis Cardinals,138,6,Jeff Suppan,Victor Santos,Jason Isringhausen,9,Busch Stadium,night,2,3,False,,
40234,2006,2006-04-25,2006-04-26T02:05:00Z,R,Regular Season,N,1,Final,F,Detroit Tigers,116,5,Los Angeles Angels,108,2,Jeremy Bonderman,Hector Carrasco,Todd Jones,9,Angel Stadium of Anaheim,night,2,3,False,,
40238,2006,2006-04-25,2006-04-26T02:05:00Z,R,Regular Season,N,1,Final,F,Arizona Diamondbacks,109,7,San Diego Padres,135,0,Claudio Vargas,Jake Peavy,,9,PETCO Park,night,2,3,False,,
40240,2006,2006-04-25,2006-04-26T02:05:00Z,R,Regular Season,N,1,Final,F,Chicago White Sox,145,13,Seattle Mariners,136,3,Javier Vazquez,Joel Pineiro,Boone Logan,9,Safeco Field,night,2,3,False,,
40239,2006,2006-04-25,2006-04-26T02:15:00Z,R,Regular Season,N,1,Final,F,New York Mets,121,4,San Francisco Giants,137,1,Steve Trachsel,Jamey Wright,Billy Wagner,9,AT&T Park,night,2,3,False,,
40250,2006,2006-04-26,2006-04-26T17:05:00Z,R,Regular Season,N,1,Final,F,Atlanta Braves,144,4,Milwaukee Brewers,158,5,Ben Sheets,Jorge Sosa,Derrick Turnbow,9,Miller Park,day,3,3,False,,
40259,2006,2006-04-26,2006-04-26T17:05:00Z,R,Regular Season,N,1,Final,F,Cincinnati Reds,113,5,Washington Nationals,120,0,Bronson Arroyo,Ramón Ortiz,,9,Robert F. Kennedy Memorial Stadium,day,3,3,False,,
40256,2006,2006-04-26,2006-04-26T17:10:00Z,R,Regular Season,N,1,Final,F,Pittsburgh Pirates,134,3,St. Louis Cardinals,138,4,Jason Isringhausen,Roberto Hernandez,,9,Busch Stadium,day,3,3,False,,
40257,2006,2006-04-26,2006-04-26T18:05:00Z,R,Regular Season,N,1,Final,F,Oakland Athletics,133,6,Texas Rangers,140,4,Justin Duchscherer,C.J. Wilson,Joe Kennedy,10,Ameriquest Field,day,3,3,False,,
40245,2006,2006-04-26,2006-04-26T18:20:00Z,R,Regular Season,N,1,Final,F,Florida Marlins,146,7,Chicago Cubs,112,5,Ricky Nolasco,Scott Williamson,Joe Borowski,9,Wrigley Field,day,3,3,False,,
40249,2006,2006-04-26,2006-04-26T19:35:00Z,R,Regular Season,N,1,Final,F,Detroit Tigers,116,0,Los Angeles Angels,108,4,John Lackey,Mike Maroth,,9,Angel Stadium of Anaheim,day,3,3,False,,
40253,2006,2006-04-26,2006-04-26T19:35:00Z,R,Regular Season,N,1,Final,F,Arizona Diamondbacks,109,3,San Diego Padres,135,2,Orlando Hernandez,Woody Williams,Jose Valverde,9,PETCO Park,day,3,3,False,,
40254,2006,2006-04-26,2006-04-26T19:35:00Z,R,Regular Season,N,1,Final,F,New York Mets,121,9,San Francisco Giants,137,7,Darren Oliver,Scott Munter,,11,AT&T Park,day,3,3,False,,
40246,2006,2006-04-26,2006-04-26T23:05:00Z,R,Regular Season,N,1,Final,F,Boston Red Sox,111,1,Cleveland Indians,114,7,Cliff Lee,Tim Wakefield,,9,Jacobs Field,night,2,3,False,,
40251,2006,2006-04-26,2006-04-26T23:05:00Z,R,Regular Season,N,1,Final,F,Tampa Bay Devil Rays,139,4,New York Yankees,147,2,Chad Orvella,Mariano Rivera,Shawn Camp,10,Yankee Stadium I,night,2,3,False,,
40252,2006,2006-04-26,2006-04-26T23:05:00Z,R,Regular Season,N,1,Final,F,Colorado Rockies,115,5,Philadelphia Phillies,143,9,Ryan Madson,Jason Jennings,,9,Citizens Bank Park,night,3,4,False,,
40258,2006,2006-04-26,2006-04-26T23:07:00Z,R,Regular Season,N,1,Final,F,Baltimore Orioles,110,2,Toronto Blue Jays,141,8,Ted Lilly,Erik Bedard,,9,Rogers Centre,night,2,3,False,,
40247,2006,2006-04-26,2006-04-27T00:05:00Z,R,Regular Season,N,1,Final,F,Los Angeles Dodgers,119,5,Houston Astros,117,8,Wandy Rodriguez,Odalis Perez,,9,Minute Maid Park,night,3,3,False,,
40248,2006,2006-04-26,2006-04-27T00:10:00Z,R,Regular Season,N,1,Final,F,Minnesota Twins,142,1,Kansas City Royals,118,3,Runelvys Hernandez,Scott Baker,Ambiorix Burgos,9,Kauffman Stadium,night,2,3,False,,
40255,2006,2006-04-26,2006-04-27T02:05:00Z,R,Regular Season,N,1,Final,F,Chicago White Sox,145,1,Seattle Mariners,136,5,Jarrod Washburn,Mark Buehrle,,9,Safeco Field,night,3,3,False,,
40261,2006,2006-04-27,2006-04-27T18:10:00Z,R,Regular Season,N,1,Final,F,Minnesota Twins,142,7,Kansas City Royals,118,3,Johan Santana,Mark Redman,,9,Kauffman Stadium,day,3,3,False,,
40263,2006,2006-04-27,2006-04-27T19:05:00Z,R,Regular Season,N,1,Final,F,Colorado Rockies,115,6,Philadelphia Phillies,143,3,Aaron Cook,Ryan Franklin,Brian Fuentes,9,Citizens Bank Park,day,4,4,False,,
40260,2006,2006-04-27,2006-04-27T23:05:00Z,R,Regular Season,N,1,Final,F,Boston Red Sox,111,3,Cleveland Indians,114,15,Paul Byrd,Josh Beckett,,9,Jacobs Field,night,3,3,False,,
40262,2006,2006-04-27,2006-04-27T23:05:00Z,R,Regular Season,N,1,Final,F,Tampa Bay Devil Rays,139,1,New York Yankees,147,4,Shawn Chacon,Mark Hendrickson,Mariano Rivera,9,Yankee Stadium I,night,3,3,False,,
40265,2006,2006-04-27,2006-04-27T23:07:00Z,R,Regular Season,N,1,Final,F,Baltimore Orioles,110,7,Toronto Blue Jays,141,5,Kris Benson,Casey Janssen,,9,Rogers Centre,night,3,3,False,,
40264,2006,2006-04-27,2006-04-28T00:10:00Z,R,Regular Season,N,1,Final,F,Washington Nationals,120,2,St. Louis Cardinals,138,6,Sidney Ponson,Michael O'Connor,,9,Busch Stadium,night,1,4,False,,
40268,2006,2006-04-28,2006-04-28T18:20:00Z,R,Regular Season,N,1,Final,F,Milwaukee Brewers,158,2,Chicago Cubs,112,6,Greg Maddux,Dave Bush,,9,Wrigley Field,day,1,3,False,,
40267,2006,2006-04-28,2006-04-28T23:05:00Z,R,Regular Season,N,1,Final,F,Seattle Mariners,136,2,Baltimore Orioles,110,5,Daniel Cabrera,Gil Meche,Chris Ray,9,Oriole Park at Camden Yards,night,1,3,False,,
40270,2006,2006-04-28,2006-04-28T23:05:00Z,R,Regular Season,N,1,Final,F,Texas Rangers,140,6,Cleveland Indians,114,7,Jason Davis,Rick Bauer,Bob Wickman,9,Jacobs Field,night,1,3,False,,
40271,2006,2006-04-28,2006-04-28T23:05:00Z,R,Regular Season,N,1,Final,F,Minnesota Twins,142,0,Detroit Tigers,116,9,Nate Robertson,Brad Radke,,9,Comerica Park,night,1,3,False,,
40275,2006,2006-04-28,2006-04-28T23:05:00Z,R,Regular Season,N,1,Final,F,Toronto Blue Jays,141,7,New York Yankees,147,2,Roy Halladay,Jaret Wright,B.J. Ryan,9,Yankee Stadium I,night,1,3,False,,
40276,2006,2006-04-28,2006-04-28T23:05:00Z,R,Regular Season,N,1,Final,F,Philadelphia Phillies,143,1,Pittsburgh Pirates,134,3,Ian Snell,Brett Myers,Michael Gonzalez,9,PNC Park,night,1,3,False,,
40269,2006,2006-04-28,2006-04-28T23:10:00Z,R,Regular Season,N,1,Final,F,Houston Astros,117,4,Cincinnati Reds,113,5,Brandon Claussen,Roy Oswalt,David Weathers,9,Great American Ball Park,night,1,3,False,,
40280,2006,2006-04-28,2006-04-28T23:15:00Z,R,Regular Season,N,1,Final,F,Boston Red Sox,111,2,Tampa Bay Devil Rays,139,5,Casey Fossum,Matt Clement,Tyler Walker,9,Tropicana Field,night,1,3,False,,
40266,2006,2006-04-28,2006-04-28T23:35:00Z,R,Regular Season,N,1,Final,F,New York Mets,121,5,Atlanta Braves,144,2,Pedro Martínez,John Smoltz,Billy Wagner,9,Turner Field,night,1,3,False,,
40272,2006,2006-04-28,2006-04-28T23:35:00Z,R,Regular Season,N,1,Final,F,Colorado Rockies,115,3,Florida Marlins,146,2,Brian Fuentes,Matt Herges,Scott Dohmann,10,Dolphin Stadium,night,1,3,False,,
40273,2006,2006-04-28,2006-04-29T00:10:00Z,R,Regular Season,N,1,Final,F,Oakland Athletics,133,5,Kansas City Royals,118,3,Dan Haren,Joe Mays,Kirk Saarloos,9,Kauffman Stadium,night,1,2,False,,
40279,2006,2006-04-28,2006-04-29T00:10:00Z,R,Regular Season,N,1,Final,F,Washington Nationals,120,8,St. Louis Cardinals,138,3,Tony Armas,Jason Marquis,,9,Busch Stadium,night,2,4,False,,
40274,2006,2006-04-28,2006-04-29T02:05:00Z,R,Regular Season,N,1,Final,F,Chicago White Sox,145,8,Los Angeles Angels,108,5,Freddy Garcia,Jeff Weaver,,9,Angel Stadium of Anaheim,night,1,3,False,,
40277,2006,2006-04-28,2006-04-29T02:05:00Z,R,Regular Season,N,1,Final,F,Los Angeles Dodgers,119,3,San Diego Padres,135,0,Jae Weong Seo,Chris Young,Danys Baez,9,PETCO Park,night,1,3,False,,
40278,2006,2006-04-28,2006-04-29T02:15:00Z,R,Regular Season,N,1,Final,F,Arizona Diamondbacks,109,2,San Francisco Giants,137,10,Jason Schmidt,Miguel Batista,,9,AT&T Park,night,1,3,False,,
40286,2006,2006-04-29,2006-04-29T17:05:00Z,R,Regular Season,N,1,Final,F,Minnesota Twins,142,1,Detroit Tigers,116,18,Justin Verlander,Carlos Silva,,9,Comerica Park,day,2,3,False,,
40290,2006,2006-04-29,2006-04-29T17:05:00Z,R,Regular Season,N,1,Final,F,Toronto Blue Jays,141,6,New York Yankees,147,17,Randy Johnson,Josh Towers,,9,Yankee Stadium I,day,2,3,False,,
40284,2006,2006-04-29,2006-04-29T17:15:00Z,R,Regular Season,N,1,Final,F,Houston Astros,117,3,Cincinnati Reds,113,6,Aaron Harang,Andy Pettitte,David Weathers,9,Great American Ball Park,day,2,3,False,,
40294,2006,2006-04-29,2006-04-29T18:15:00Z,R,Regular Season,N,1,Final,F,Washington Nationals,120,1,St. Louis Cardinals,138,2,Braden Looper,Jon Rauch,Jason Isringhausen,9,Busch Stadium,day,3,4,False,,
40283,2006,2006-04-29,2006-04-29T18:20:00Z,R,Regular Season,N,1,Final,F,Milwaukee Brewers,158,16,Chicago Cubs,112,2,Doug Davis,Glendon Rusch,,9,Wrigley Field,day,2,3,False,,
40293,2006,2006-04-29,2006-04-29T20:05:00Z,R,Regular Season,N,1,Final,F,Arizona Diamondbacks,109,2,San Francisco Giants,137,3,Armando Benítez,Luis Vizcaino,,9,AT&T Park,day,2,3,False,,
40282,2006,2006-04-29,2006-04-29T20:35:00Z,R,Regular Season,N,1,Final,F,Seattle Mariners,136,8,Baltimore Orioles,110,6,Félix Hernández,Jim Brower,Eddie Guardado,9,Oriole Park at Camden Yards,day,2,3,False,,
40287,2006,2006-04-29,2006-04-29T22:05:00Z,R,Regular Season,N,1,Final,F,Colorado Rockies,115,8,Florida Marlins,146,7,Miguel Asencio,Randy Messenger,Brian Fuentes,9,Dolphin Stadium,night,2,3,False,,
40281,2006,2006-04-29,2006-04-29T23:05:00Z,R,Regular Season,N,1,Final,F,New York Mets,121,1,Atlanta Braves,144,0,Tom Glavine,John Thomson,Billy Wagner,9,Turner Field,night,2,3,False,,
40285,2006,2006-04-29,2006-04-29T23:05:00Z,R,Regular Season,N,1,Final,F,Texas Rangers,140,7,Cleveland Indians,114,5,Kevin Millwood,Roberto Hernandez,Akinori Otsuka,9,Jacobs Field,night,2,3,False,,
40291,2006,2006-04-29,2006-04-29T23:05:00Z,R,Regular Season,N,1,Final,F,Philadelphia Phillies,143,2,Pittsburgh Pirates,134,3,Paul Maholm,Cory Lidle,Roberto Hernandez,9,PNC Park,night,2,3,False,,
40295,2006,2006-04-29,2006-04-29T23:15:00Z,R,Regular Season,N,1,Final,F,Boston Red Sox,111,9,Tampa Bay Devil Rays,139,6,Keith Foulke,Tyler Walker,Jonathan Papelbon,9,Tropicana Field,night,2,3,False,,
40289,2006,2006-04-29,2006-04-30T02:05:00Z,R,Regular Season,N,1,Final,F,Chicago White Sox,145,2,Los Angeles Angels,108,1,Jose Contreras,Kelvim Escobar,Bobby Jenks,9,Angel Stadium of Anaheim,night,2,3,False,,
40292,2006,2006-04-29,2006-04-30T02:05:00Z,R,Regular Season,N,1,Final,F,Los Angeles Dodgers,119,4,San Diego Padres,135,2,Brett Tomko,Clay Hensley,Danys Baez,9,PETCO Park,night,2,3,False,,
40296,2006,2006-04-30,2006-04-30T17:05:00Z,R,Regular Season,N,1,Final,F,New York Mets,121,5,Atlanta Braves,144,8,Kyle Davies,Steve Trachsel,Chris Reitsma,9,Turner Field,day,3,3,False,,
40301,2006,2006-04-30,2006-04-30T17:05:00Z,R,Regular Season,N,1,Final,F,Minnesota Twins,142,0,Detroit Tigers,116,6,Kenny Rogers,Kyle Lohse,,9,Comerica Park,day,3,3,False,,
40302,2006,2006-04-30,2006-04-30T17:05:00Z,R,Regular Season,N,1,Final,F,Colorado Rockies,115,3,Florida Marlins,146,1,Byung-Hyun Kim,Sergio Mitre,Jose Mesa,9,Dolphin Stadium,day,3,3,False,,
40305,2006,2006-04-30,2006-04-30T17:05:00Z,R,Regular Season,N,1,Final,F,Toronto Blue Jays,141,1,New York Yankees,147,4,Mike Mussina,Gustavo Chacín,Mariano Rivera,9,Yankee Stadium I,day,3,3,False,,
40299,2006,2006-04-30,2006-04-30T17:15:00Z,R,Regular Season,N,1,Final,F,Houston Astros,117,3,Cincinnati Reds,113,2,Taylor Buchholz,Elizardo Ramirez,Brad Lidge,9,Great American Ball Park,day,3,3,False,,
40310,2006,2006-04-30,2006-04-30T17:15:00Z,R,Regular Season,N,1,Final,F,Boston Red Sox,111,4,Tampa Bay Devil Rays,139,5,Scott Kazmir,Curt Schilling,Shawn Camp,9,Tropicana Field,day,3,3,False,,
40297,2006,2006-04-30,2006-04-30T17:35:00Z,R,Regular Season,N,1,Final,F,Seattle Mariners,136,4,Baltimore Orioles,110,3,Jamie Moyer,Rodrigo Lopez,Eddie Guardado,9,Oriole Park at Camden Yards,day,3,3,False,,
40306,2006,2006-04-30,2006-04-30T17:35:00Z,R,Regular Season,N,1,Final,F,Philadelphia Phillies,143,5,Pittsburgh Pirates,134,1,Gavin Floyd,Oliver Pérez,,9,PNC Park,day,3,3,False,,
40303,2006,2006-04-30,2006-04-30T18:10:00Z,R,Regular Season,N,1,Final,F,Oakland Athletics,133,13,Kansas City Royals,118,6,Joe Blanton,Luke Hudson,,9,Kauffman Stadium,day,2,2,False,,
40309,2006,2006-04-30,2006-04-30T18:15:00Z,R,Regular Season,N,1,Final,F,Washington Nationals,120,2,St. Louis Cardinals,138,9,Jeff Suppan,Zach Day,,9,Busch Stadium,day,4,4,False,,
40298,2006,2006-04-30,2006-04-30T18:20:00Z,R,Regular Season,N,1,Final,F,Milwaukee Brewers,158,9,Chicago Cubs,112,0,Chris Capuano,Carlos Zambrano,,9,Wrigley Field,day,3,3,False,,
40304,2006,2006-04-30,2006-04-30T19:35:00Z,R,Regular Season,N,1,Final,F,Chicago White Sox,145,6,Los Angeles Angels,108,5,Cliff Politte,Scot Shields,Neal Cotts,9,Angel Stadium of Anaheim,day,3,3,False,,
40307,2006,2006-04-30,2006-04-30T20:05:00Z,R,Regular Season,N,1,Final,F,Los Angeles Dodgers,119,5,San Diego Padres,135,6,Scott Linebrink,Tim Hamulack,,10,PETCO Park,day,3,3,False,,
40308,2006,2006-04-30,2006-04-30T20:05:00Z,R,Regular Season,N,1,Final,F,Arizona Diamondbacks,109,8,San Francisco Giants,137,2,Brandon Webb,Matt Cain,,9,AT&T Park,day,3,3,False,,
40300,2006,2006-04-30,2006-05-01T00:05:00Z,R,Regular Season,N,1,Final,F,Texas Rangers,140,8,Cleveland Indians,114,4,Vicente Padilla,Jason Davis,,9,Jacobs Field,night,3,3,False,,
40312,2006,2006-05-01,2006-05-01T23:05:00Z,R,Regular Season,N,1,Final,F,Colorado Rockies,115,0,Atlanta Braves,144,2,Tim Hudson,Jason Jennings,,9,Turner Field,night,1,2,False,,
40313,2006,2006-05-01,2006-05-01T23:05:00Z,R,Regular Season,N,1,Final,F,Toronto Blue Jays,141,9,Baltimore Orioles,110,7,Ted Lilly,LaTroy Hawkins,B.J. Ryan,9,Oriole Park at Camden Yards,night,1,2,False,,
40314,2006,2006-05-01,2006-05-01T23:05:00Z,R,Regular Season,N,1,Final,F,New York Yankees,147,3,Boston Red Sox,111,7,Mike Timlin,Aaron Small,,9,Fenway Park,night,1,1,False,,
40317,2006,2006-05-01,2006-05-01T23:05:00Z,R,Regular Season,N,1,Final,F,Chicago White Sox,145,8,Cleveland Indians,114,6,Javier Vazquez,Cliff Lee,Bobby Jenks,9,Jacobs Field,night,1,2,False,,
40318,2006,2006-05-01,2006-05-01T23:05:00Z,R,Regular Season,N,1,Final,F,Kansas City Royals,118,2,Detroit Tigers,116,3,Jeremy Bonderman,Runelvys Hernandez,Todd Jones,9,Comerica Park,night,1,2,False,,
40319,2006,2006-05-01,2006-05-01T23:05:00Z,R,Regular Season,N,1,Final,F,Philadelphia Phillies,143,8,Florida Marlins,146,5,Rheal Cormier,Dontrelle Willis,Tom Gordon,9,Dolphin Stadium,night,1,2,False,,
40316,2006,2006-05-01,2006-05-01T23:10:00Z,R,Regular Season,N,1,Final,F,St. Louis Cardinals,138,1,Cincinnati Reds,113,6,Bronson Arroyo,Mark Mulder,,9,Great American Ball Park,night,1,2,False,,
40323,2006,2006-05-01,2006-05-01T23:10:00Z,R,Regular Season,N,1,Final,F,Washington Nationals,120,1,New York Mets,121,2,Billy Wagner,Gary Majewski,,9,Shea Stadium,night,1,2,False,,
40325,2006,2006-05-01,2006-05-01T23:15:00Z,R,Regular Season,N,1,Final,F,Texas Rangers,140,3,Tampa Bay Devil Rays,139,0,Kameron Loe,Seth McClung,Akinori Otsuka,9,Tropicana Field,night,1,2,False,,
40315,2006,2006-05-01,2006-05-02T00:05:00Z,R,Regular Season,N,1,Final,F,Pittsburgh Pirates,134,1,Chicago Cubs,112,2,Bob Howry,John Grabow,Ryan Dempster,9,Wrigley Field,night,1,2,False,,
40321,2006,2006-05-01,2006-05-02T00:05:00Z,R,Regular Season,N,1,Final,F,Houston Astros,117,2,Milwaukee Brewers,158,4,Matt Wise,Dan Wheeler,Derrick Turnbow,9,Miller Park,night,1,2,False,,
40322,2006,2006-05-01,2006-05-02T00:10:00Z,R,Regular Season,N,1,Final,F,Seattle Mariners,136,8,Minnesota Twins,142,2,Joel Pineiro,Scott Baker,,9,Hubert H. Humphrey Metrodome,night,1,2,False,,
40311,2006,2006-05-01,2006-05-02T01:40:00Z,R,Regular Season,N,1,Final,F,Los Angeles Dodgers,119,2,Arizona Diamondbacks,109,3,Claudio Vargas,Brad Penny,Jose Valverde,9,Chase Field,night,1,2,False,,
40320,2006,2006-05-01,2006-05-02T02:05:00Z,R,Regular Season,N,1,Final,F,Oakland Athletics,133,1,Los Angeles Angels,108,0,Barry Zito,Hector Carrasco,Justin Duchscherer,9,Angel Stadium of Anaheim,night,1,2,False,,
40324,2006,2006-05-01,2006-05-02T02:15:00Z,R,Regular Season,N,1,Final,F,San Diego Padres,135,10,San Francisco Giants,137,4,Jake Peavy,Jamey Wright,,9,AT&T Park,night,1,2,False,,
40332,2006,2006-05-02,2006-05-02T16:05:00Z,R,Regular Season,N,1,Final,F,Chicago White Sox,145,1,Cleveland Indians,114,7,CC Sabathia,Mark Buehrle,,9,Jacobs Field,day,2,2,False,,
40331,2006,2006-05-02,2006-05-02T16:35:00Z,R,Regular Season,N,1,Final,F,St. Louis Cardinals,138,2,Cincinnati Reds,113,3,Todd Coffey,Brian Falkenborg,,9,Great American Ball Park,day,2,2,False,,
40330,2006,2006-05-02,2006-05-02T18:20:00Z,R,Regular Season,N,1,Final,F,Pittsburgh Pirates,134,8,Chicago Cubs,112,0,Zach Duke,Angel Guzman,,9,Wrigley Field,day,2,2,False,,
40335,2006,2006-05-02,2006-05-02T19:35:00Z,R,Regular Season,N,1,Final,F,Oakland Athletics,133,10,Los Angeles Angels,108,3,Brad Halsey,John Lackey,,9,Angel Stadium of Anaheim,day,2,2,False,,
40339,2006,2006-05-02,2006-05-02T19:35:00Z,R,Regular Season,N,1,Final,F,San Diego Padres,135,5,San Francisco Giants,137,3,Woody Williams,Matt Morris,Trevor Hoffman,9,AT&T Park,day,2,2,False,,
40328,2006,2006-05-02,2006-05-02T23:05:00Z,R,Regular Season,N,1,Final,F,Toronto Blue Jays,141,2,Baltimore Orioles,110,9,Kris Benson,Casey Janssen,Todd Williams,9,Oriole Park at Camden Yards,night,2,2,False,,
40333,2006,2006-05-02,2006-05-02T23:05:00Z,R,Regular Season,N,1,Final,F,Kansas City Royals,118,1,Detroit Tigers,116,4,Mike Maroth,Mark Redman,Todd Jones,9,Comerica Park,night,2,2,False,,
40334,2006,2006-05-02,2006-05-02T23:05:00Z,R,Regular Season,N,1,Final,F,Philadelphia Phillies,143,7,Florida Marlins,146,5,Jon Lieber,Ricky Nolasco,Tom Gordon,9,Dolphin Stadium,night,2,2,False,,
40338,2006,2006-05-02,2006-05-02T23:10:00Z,R,Regular Season,N,1,Final,F,Washington Nationals,120,6,New York Mets,121,2,Michael O'Connor,John Maine,,9,Shea Stadium,night,2,2,False,,
40340,2006,2006-05-02,2006-05-02T23:15:00Z,R,Regular Season,N,1,Final,F,Texas Rangers,140,7,Tampa Bay Devil Rays,139,5,Robinson Tejeda,Mark Hendrickson,Akinori Otsuka,9,Tropicana Field,night,2,2,False,,
40327,2006,2006-05-02,2006-05-02T23:35:00Z,R,Regular Season,N,1,Final,F,Colorado Rockies,115,4,Atlanta Braves,144,5,Lance Cormier,Ray King,Chris Reitsma,9,Turner Field,night,2,2,False,,
40336,2006,2006-05-02,2006-05-03T00:05:00Z,R,Regular Season,N,1,Final,F,Houston Astros,117,8,Milwaukee Brewers,158,5,Fernando Nieve,Ben Sheets,Brad Lidge,9,Miller Park,night,2,2,False,,
40337,2006,2006-05-02,2006-05-03T00:10:00Z,R,Regular Season,N,1,Final,F,Seattle Mariners,136,1,Minnesota Twins,142,5,Johan Santana,Jarrod Washburn,,9,Hubert H. Humphrey Metrodome,night,2,2,False,,
40326,2006,2006-05-02,2006-05-03T01:40:00Z,R,Regular Season,N,1,Final,F,Los Angeles Dodgers,119,8,Arizona Diamondbacks,109,10,Luis Vizcaino,Takashi Saito,Jose Valverde,9,Chase Field,night,2,2,False,,
40342,2006,2006-05-03,2006-05-03T23:05:00Z,R,Regular Season,N,1,Final,F,Toronto Blue Jays,141,7,Boston Red Sox,111,6,Dustin McGowan,Jonathan Papelbon,B.J. Ryan,9,Fenway Park,night,1,2,False,,
40345,2006,2006-05-03,2006-05-03T23:05:00Z,R,Regular Season,N,1,Final,F,Los Angeles Angels,108,1,Detroit Tigers,116,2,Joel Zumaya,Jeff Weaver,Fernando Rodney,9,Comerica Park,night,1,2,False,,
40352,2006,2006-05-03,2006-05-03T23:05:00Z,R,Regular Season,N,1,Final,F,Atlanta Braves,144,4,Philadelphia Phillies,143,5,Rheal Cormier,Mike Remlinger,Tom Gordon,9,Citizens Bank Park,night,1,2,False,,
40355,2006,2006-05-03,2006-05-03T23:05:00Z,R,Regular Season,N,1,Final,F,Florida Marlins,146,6,Washington Nationals,120,5,Ricky Nolasco,Mike Stanton,Joe Borowski,9,Robert F. Kennedy Memorial Stadium,night,1,2,False,,
40350,2006,2006-05-03,2006-05-03T23:10:00Z,R,Regular Season,N,1,Final,F,Pittsburgh Pirates,134,3,New York Mets,121,4,Chad Bradford,Michael Gonzalez,,12,Shea Stadium,night,1,2,False,,
40353,2006,2006-05-03,2006-05-03T23:15:00Z,R,Regular Season,N,1,Final,F,New York Yankees,147,4,Tampa Bay Devil Rays,139,2,Kyle Farnsworth,Tyler Walker,Mariano Rivera,10,Tropicana Field,night,1,2,False,,
40343,2006,2006-05-03,2006-05-04T00:05:00Z,R,Regular Season,N,1,Final,F,Seattle Mariners,136,5,Chicago White Sox,145,6,Bobby Jenks,Jake Woods,,11,U.S. Cellular Field,night,1,2,False,,
40346,2006,2006-05-03,2006-05-04T00:05:00Z,R,Regular Season,N,1,Final,F,St. Louis Cardinals,138,4,Houston Astros,117,5,Roy Oswalt,Jason Marquis,Brad Lidge,9,Minute Maid Park,night,1,2,False,,
40348,2006,2006-05-03,2006-05-04T00:05:00Z,R,Regular Season,N,1,Final,F,San Francisco Giants,137,2,Milwaukee Brewers,158,0,Jason Schmidt,Dave Bush,,9,Miller Park,night,1,2,False,,
40354,2006,2006-05-03,2006-05-04T00:05:00Z,R,Regular Season,N,1,Final,F,Baltimore Orioles,110,1,Texas Rangers,140,2,Rick Bauer,John Halama,,12,Ameriquest Field,night,1,2,False,,
40349,2006,2006-05-03,2006-05-04T00:10:00Z,R,Regular Season,N,1,Final,F,Kansas City Royals,118,1,Minnesota Twins,142,6,Brad Radke,Joe Mays,,9,Hubert H. Humphrey Metrodome,night,1,2,False,,
40344,2006,2006-05-03,2006-05-04T00:35:00Z,R,Regular Season,N,1,Final,F,Cincinnati Reds,113,0,Colorado Rockies,115,3,Jeff Francis,Brandon Claussen,Brian Fuentes,9,Coors Field,night,1,2,False,,
40341,2006,2006-05-03,2006-05-04T01:40:00Z,R,Regular Season,N,1,Final,F,Chicago Cubs,112,1,Arizona Diamondbacks,109,5,Miguel Batista,Greg Maddux,Jose Valverde,9,Chase Field,night,1,2,False,,
40351,2006,2006-05-03,2006-05-04T02:05:00Z,R,Regular Season,N,1,Final,F,Cleveland Indians,114,14,Oakland Athletics,133,3,Paul Byrd,Dan Haren,,9,McAfee Coliseum,night,1,2,False,,
40347,2006,2006-05-03,2006-05-04T02:10:00Z,R,Regular Season,N,1,Final,F,San Diego Padres,135,11,Los Angeles Dodgers,119,5,Scott Cassidy,Franquelis Osoria,,9,Dodger Stadium,night,1,2,False,,
40360,2006,2006-05-04,2006-05-04T17:05:00Z,R,Regular Season,N,1,Final,F,Los Angeles Angels,108,7,Detroit Tigers,116,2,Kevin Gregg,Justin Verlander,,9,Comerica Park,day,2,2,False,,
40363,2006,2006-05-04,2006-05-04T17:05:00Z,R,Regular Season,N,1,Final,F,San Francisco Giants,137,4,Milwaukee Brewers,158,7,Doug Davis,Brad Hennessey,Derrick Turnbow,9,Miller Park,day,2,2,False,,
40358,2006,2006-05-04,2006-05-04T18:05:00Z,R,Regular Season,N,1,Final,F,Seattle Mariners,136,1,Chicago White Sox,145,4,Jose Contreras,Félix Hernández,Bobby Jenks,9,U.S. Cellular Field,day,2,2,False,,
40366,2006,2006-05-04,2006-05-04T19:35:00Z,R,Regular Season,N,1,Final,F,Cleveland Indians,114,4,Oakland Athletics,133,12,Kirk Saarloos,Jason Johnson,Chad Gaudin,9,McAfee Coliseum,day,2,2,False,,
40357,2006,2006-05-04,2006-05-04T23:05:00Z,R,Regular Season,N,1,Final,F,Toronto Blue Jays,141,4,Boston Red Sox,111,7,Matt Clement,Josh Towers,Jonathan Papelbon,9,Fenway Park,night,2,2,False,,
40367,2006,2006-05-04,2006-05-04T23:05:00Z,R,Regular Season,N,1,Final,F,Atlanta Braves,144,3,Philadelphia Phillies,143,6,Cory Lidle,John Thomson,Arthur Rhodes,9,Citizens Bank Park,night,2,2,False,,
40370,2006,2006-05-04,2006-05-04T23:05:00Z,R,Regular Season,N,1,Final,F,Florida Marlins,146,11,Washington Nationals,120,3,Josh Johnson,Livan Hernandez,,9,Robert F. Kennedy Memorial Stadium,night,2,2,False,,
40365,2006,2006-05-04,2006-05-04T23:10:00Z,R,Regular Season,N,1,Final,F,Pittsburgh Pirates,134,0,New York Mets,121,6,Tom Glavine,Paul Maholm,,9,Shea Stadium,night,2,2,False,,
40368,2006,2006-05-04,2006-05-04T23:15:00Z,R,Regular Season,N,1,Final,F,New York Yankees,147,10,Tampa Bay Devil Rays,139,5,Randy Johnson,Chad Orvella,,9,Tropicana Field,night,2,2,False,,
40361,2006,2006-05-04,2006-05-05T00:05:00Z,R,Regular Season,N,1,Final,F,St. Louis Cardinals,138,3,Houston Astros,117,4,Andy Pettitte,Chris Carpenter,Brad Lidge,9,Minute Maid Park,night,2,2,False,,
40369,2006,2006-05-04,2006-05-05T00:05:00Z,R,Regular Season,N,1,Final,F,Baltimore Orioles,110,2,Texas Rangers,140,8,Kevin Millwood,Bruce Chen,,9,Ameriquest Field,night,2,2,False,,
40364,2006,2006-05-04,2006-05-05T00:10:00Z,R,Regular Season,N,1,Final,F,Kansas City Royals,118,1,Minnesota Twins,142,0,Jeremy Affeldt,Carlos Silva,Ambiorix Burgos,9,Hubert H. Humphrey Metrodome,night,2,2,False,,
40359,2006,2006-05-04,2006-05-05T00:35:00Z,R,Regular Season,N,1,Final,F,Cincinnati Reds,113,7,Colorado Rockies,115,1,Aaron Harang,Josh Fogg,,9,Coors Field,night,2,2,False,,
40356,2006,2006-05-04,2006-05-05T01:40:00Z,R,Regular Season,N,1,Final,F,Chicago Cubs,112,0,Arizona Diamondbacks,109,6,Juan Cruz,Rich Hill,,9,Chase Field,night,2,2,False,,
40362,2006,2006-05-04,2006-05-05T02:10:00Z,R,Regular Season,N,1,Final,F,San Diego Padres,135,3,Los Angeles Dodgers,119,0,Alan Embree,Takashi Saito,Trevor Hoffman,9,Dodger Stadium,night,2,2,False,,
40372,2006,2006-05-05,2006-05-05T23:05:00Z,R,Regular Season,N,1,Final,F,Baltimore Orioles,110,3,Boston Red Sox,111,6,Curt Schilling,Rodrigo Lopez,Jonathan Papelbon,9,Fenway Park,night,1,3,False,,
40380,2006,2006-05-05,2006-05-05T23:05:00Z,R,Regular Season,N,1,Final,F,San Francisco Giants,137,3,Philadelphia Phillies,143,8,Gavin Floyd,Matt Cain,,9,Citizens Bank Park,night,1,3,False,,
40385,2006,2006-05-05,2006-05-05T23:05:00Z,R,Regular Season,N,1,Final,F,Pittsburgh Pirates,134,0,Washington Nationals,120,6,Zach Day,Oliver Pérez,,9,Robert F. Kennedy Memorial Stadium,night,1,3,False,,
40384,2006,2006-05-05,2006-05-05T23:07:00Z,R,Regular Season,N,1,Final,F,Los Angeles Angels,108,3,Toronto Blue Jays,141,13,Gustavo Chacín,Ervin Santana,,9,Rogers Centre,night,1,4,False,,
40378,2006,2006-05-05,2006-05-05T23:10:00Z,R,Regular Season,N,1,Final,F,Atlanta Braves,144,7,New York Mets,121,8,Jorge Julio,Jorge Sosa,,14,Shea Stadium,night,1,3,False,,
40375,2006,2006-05-05,2006-05-05T23:35:00Z,R,Regular Season,N,1,Final,F,St. Louis Cardinals,138,7,Florida Marlins,146,2,Jeff Suppan,Sergio Mitre,,9,Dolphin Stadium,night,1,3,False,,
40383,2006,2006-05-05,2006-05-06T00:05:00Z,R,Regular Season,N,1,Final,F,New York Yankees,147,8,Texas Rangers,140,7,Mike Mussina,Vicente Padilla,Mariano Rivera,9,Ameriquest Field,night,1,3,False,,
40377,2006,2006-05-05,2006-05-06T00:10:00Z,R,Regular Season,N,1,Final,F,Detroit Tigers,116,9,Minnesota Twins,142,6,Kenny Rogers,Kyle Lohse,Todd Jones,9,Hubert H. Humphrey Metrodome,night,1,3,False,,
40373,2006,2006-05-05,2006-05-06T00:35:00Z,R,Regular Season,N,1,Final,F,Kansas City Royals,118,5,Chicago White Sox,145,4,Elmer Dessens,Bobby Jenks,Ambiorix Burgos,9,U.S. Cellular Field,night,1,3,False,,
40374,2006,2006-05-05,2006-05-06T01:05:00Z,R,Regular Season,N,1,Final,F,Houston Astros,117,4,Colorado Rockies,115,5,Ramon E Ramirez,Brad Lidge,,9,Coors Field,night,1,3,False,,
40371,2006,2006-05-05,2006-05-06T01:40:00Z,R,Regular Season,N,1,Final,F,Cincinnati Reds,113,1,Arizona Diamondbacks,109,7,Brandon Webb,Elizardo Ramirez,,9,Chase Field,night,1,3,False,,
40379,2006,2006-05-05,2006-05-06T02:05:00Z,R,Regular Season,N,1,Final,F,Tampa Bay Devil Rays,139,3,Oakland Athletics,133,1,Scott Kazmir,Joe Blanton,Tyler Walker,9,McAfee Coliseum,night,1,3,False,,
40381,2006,2006-05-05,2006-05-06T02:05:00Z,R,Regular Season,N,1,Final,F,Chicago Cubs,112,0,San Diego Padres,135,1,Scott Cassidy,Scott Williamson,,11,PETCO Park,night,1,4,False,,
40382,2006,2006-05-05,2006-05-06T02:05:00Z,R,Regular Season,N,1,Final,F,Cleveland Indians,114,9,Seattle Mariners,136,4,Jake Westbrook,Rafael Soriano,,9,Safeco Field,night,1,3,False,,
40376,2006,2006-05-05,2006-05-06T02:40:00Z,R,Regular Season,N,1,Final,F,Milwaukee Brewers,158,3,Los Angeles Dodgers,119,4,Danys Baez,Matt Wise,,9,Dodger Stadium,night,1,3,False,,
40399,2006,2006-05-06,2006-05-06T17:07:00Z,R,Regular Season,N,1,Final,F,Los Angeles Angels,108,3,Toronto Blue Jays,141,0,Kelvim Escobar,Ted Lilly,Francisco Rodríguez,9,Rogers Centre,day,2,4,False,,
40393,2006,2006-05-06,2006-05-06T17:10:00Z,R,Regular Season,N,1,Final,F,Atlanta Braves,144,5,New York Mets,121,6,Bartolome Fortunato,Tim Hudson,Jorge Julio,9,Shea Stadium,day,2,3,False,,
40394,2006,2006-05-06,2006-05-06T20:05:00Z,R,Regular Season,N,1,Final,F,Tampa Bay Devil Rays,139,2,Oakland Athletics,133,3,Joe Kennedy,Chad Orvella,,9,McAfee Coliseum,day,2,3,False,,
40390,2006,2006-05-06,2006-05-06T22:05:00Z,R,Regular Season,N,1,Final,F,St. Louis Cardinals,138,7,Florida Marlins,146,6,Mark Mulder,Dontrelle Willis,Jason Isringhausen,9,Dolphin Stadium,night,2,3,False,,
40387,2006,2006-05-06,2006-05-06T23:05:00Z,R,Regular Season,N,1,Final,F,Baltimore Orioles,110,3,Boston Red Sox,111,9,Tim Wakefield,Erik Bedard,,9,Fenway Park,night,2,3,False,,
40388,2006,2006-05-06,2006-05-06T23:05:00Z,R,Regular Season,N,1,Final,F,Kansas City Royals,118,2,Chicago White Sox,145,9,Javier Vazquez,Runelvys Hernandez,,9,U.S. Cellular Field,night,2,3,False,,
40395,2006,2006-05-06,2006-05-06T23:05:00Z,R,Regular Season,N,1,Final,F,San Francisco Giants,137,1,Philadelphia Phillies,143,4,Ryan Madson,Jamey Wright,Tom Gordon,9,Citizens Bank Park,night,2,3,False,,
40400,2006,2006-05-06,2006-05-06T23:05:00Z,R,Regular Season,N,1,Final,F,Pittsburgh Pirates,134,5,Washington Nationals,120,4,Michael Gonzalez,Felix Rodriguez,,11,Robert F. Kennedy Memorial Stadium,night,2,3,False,,
40392,2006,2006-05-06,2006-05-06T23:10:00Z,R,Regular Season,N,1,Final,F,Detroit Tigers,116,6,Minnesota Twins,142,7,Juan Rincon,Todd Jones,,9,Hubert H. Humphrey Metrodome,night,2,3,False,,
40389,2006,2006-05-06,2006-05-07T00:05:00Z,R,Regular Season,N,1,Final,F,Houston Astros,117,0,Colorado Rockies,115,5,Jason Jennings,Wandy Rodriguez,,9,Coors Field,night,2,3,False,,
40398,2006,2006-05-06,2006-05-07T00:05:00Z,R,Regular Season,N,1,Final,F,New York Yankees,147,6,Texas Rangers,140,1,Shawn Chacon,Kameron Loe,,9,Ameriquest Field,night,2,3,False,,
40397,2006,2006-05-06,2006-05-07T01:05:00Z,R,Regular Season,N,1,Final,F,Cleveland Indians,114,1,Seattle Mariners,136,4,Joel Pineiro,Cliff Lee,J.J. Putz,9,Safeco Field,night,2,3,False,,
40386,2006,2006-05-06,2006-05-07T01:40:00Z,R,Regular Season,N,1,Final,F,Cincinnati Reds,113,1,Arizona Diamondbacks,109,3,Claudio Vargas,Bronson Arroyo,Jose Valverde,9,Chase Field,night,2,3,False,,
40396,2006,2006-05-06,2006-05-07T02:05:00Z,R,Regular Season,N,1,Final,F,Chicago Cubs,112,1,San Diego Padres,135,2,Scott Cassidy,Bob Howry,,10,PETCO Park,night,2,4,False,,
40391,2006,2006-05-06,2006-05-07T02:10:00Z,R,Regular Season,N,1,Final,F,Milwaukee Brewers,158,4,Los Angeles Dodgers,119,5,Danys Baez,Chris Demaria,,9,Dodger Stadium,night,2,3,False,,
40405,2006,2006-05-07,2006-05-07T17:05:00Z,R,Regular Season,N,1,Final,F,St. Louis Cardinals,138,9,Florida Marlins,146,1,Josh Hancock,Scott Olsen,,9,Dolphin Stadium,day,3,3,False,,
40415,2006,2006-05-07,2006-05-07T17:05:00Z,R,Regular Season,N,1,Final,F,Pittsburgh Pirates,134,4,Washington Nationals,120,5,Michael O'Connor,Zach Duke,Chad Cordero,9,Robert F. Kennedy Memorial Stadium,day,3,3,False,,
40414,2006,2006-05-07,2006-05-07T17:07:00Z,R,Regular Season,N,1,Final,F,Los Angeles Angels,108,1,Toronto Blue Jays,141,3,Casey Janssen,John Lackey,B.J. Ryan,9,Rogers Centre,day,3,4,False,,
40408,2006,2006-05-07,2006-05-07T17:10:00Z,R,Regular Season,N,1,Final,F,Atlanta Braves,144,13,New York Mets,121,3,John Smoltz,Jose Lima,,9,Shea Stadium,day,3,3,False,,
40402,2006,2006-05-07,2006-05-07T18:05:00Z,R,Regular Season,N,1,Final,F,Baltimore Orioles,110,3,Boston Red Sox,111,10,Lenny DiNardo,Kris Benson,,9,Fenway Park,day,3,3,False,,
40403,2006,2006-05-07,2006-05-07T18:05:00Z,R,Regular Season,N,1,Final,F,Kansas City Royals,118,2,Chicago White Sox,145,3,Brandon McCarthy,Elmer Dessens,Bobby Jenks,9,U.S. Cellular Field,day,3,3,False,,
40413,2006,2006-05-07,2006-05-07T18:05:00Z,R,Regular Season,N,1,Final,F,New York Yankees,147,8,Texas Rangers,140,5,Chien-Ming Wang,Robinson Tejeda,,9,Ameriquest Field,day,3,3,False,,
40407,2006,2006-05-07,2006-05-07T18:10:00Z,R,Regular Season,N,1,Final,F,Detroit Tigers,116,2,Minnesota Twins,142,4,Johan Santana,Mike Maroth,Joe Nathan,9,Hubert H. Humphrey Metrodome,day,3,3,False,,
40404,2006,2006-05-07,2006-05-07T19:05:00Z,R,Regular Season,N,1,Final,F,Houston Astros,117,3,Colorado Rockies,115,5,Aaron Cook,Fernando Nieve,Brian Fuentes,9,Coors Field,day,3,3,False,,
40409,2006,2006-05-07,2006-05-07T20:05:00Z,R,Regular Season,N,1,Final,F,Tampa Bay Devil Rays,139,3,Oakland Athletics,133,2,Mark Hendrickson,Brad Halsey,Tyler Walker,9,McAfee Coliseum,day,3,3,False,,
40411,2006,2006-05-07,2006-05-07T20:05:00Z,R,Regular Season,N,1,Final,F,Chicago Cubs,112,3,San Diego Padres,135,6,Woody Williams,Angel Guzman,Brian Sweeney,9,PETCO Park,day,3,4,False,,
40412,2006,2006-05-07,2006-05-07T20:05:00Z,R,Regular Season,N,1,Final,F,Cleveland Indians,114,2,Seattle Mariners,136,0,CC Sabathia,Jarrod Washburn,Bob Wickman,9,Safeco Field,day,3,3,False,,
40406,2006,2006-05-07,2006-05-07T20:10:00Z,R,Regular Season,N,1,Final,F,Milwaukee Brewers,158,2,Los Angeles Dodgers,119,10,Aaron Sele,Dave Bush,,9,Dodger Stadium,day,3,3,False,,
40401,2006,2006-05-07,2006-05-07T20:40:00Z,R,Regular Season,N,1,Final,F,Cincinnati Reds,113,9,Arizona Diamondbacks,109,8,Dave Williams,Orlando Hernandez,David Weathers,9,Chase Field,day,3,3,False,,
40410,2006,2006-05-07,2006-05-08T00:05:00Z,R,Regular Season,N,1,Final,F,San Francisco Giants,137,5,Philadelphia Phillies,143,9,Jon Lieber,Matt Morris,,9,Citizens Bank Park,night,3,3,False,,
40420,2006,2006-05-08,2006-05-08T23:05:00Z,R,Regular Season,N,1,Final,F,Minnesota Twins,142,4,Texas Rangers,140,6,John Koronka,Brad Radke,Akinori Otsuka,9,Ameriquest Field,night,1,3,False,,
40421,2006,2006-05-08,2006-05-08T23:07:00Z,R,Regular Season,N,1,Final,F,Los Angeles Angels,108,1,Toronto Blue Jays,141,5,Roy Halladay,Jeff Weaver,,9,Rogers Centre,night,4,4,False,,
40416,2006,2006-05-08,2006-05-09T00:10:00Z,R,Regular Season,N,1,Final,F,Cleveland Indians,114,3,Kansas City Royals,118,4,Mike Wood,Paul Byrd,Ambiorix Burgos,9,Kauffman Stadium,night,1,3,False,,
40419,2006,2006-05-08,2006-05-09T00:10:00Z,R,Regular Season,N,1,Final,F,Colorado Rockies,115,6,St. Louis Cardinals,138,2,Jeff Francis,Jason Marquis,Brian Fuentes,9,Busch Stadium,night,1,3,False,,
40417,2006,2006-05-08,2006-05-09T02:05:00Z,R,Regular Season,N,1,Final,F,Chicago Cubs,112,3,San Diego Padres,135,8,Chris Young,Greg Maddux,,9,PETCO Park,night,4,4,False,,
40418,2006,2006-05-08,2006-05-09T02:05:00Z,R,Regular Season,N,1,Final,F,Tampa Bay Devil Rays,139,3,Seattle Mariners,136,6,Gil Meche,Chad Orvella,J.J. Putz,9,Safeco Field,night,1,3,False,,
40061,2006,2006-05-08,2006-05-09T02:15:00Z,R,Regular Season,N,1,Final,F,Houston Astros,117,5,San Francisco Giants,137,7,Noah Lowry,Roy Oswalt,Armando Benítez,9,AT&T Park,night,1,1,False,,
40422,2006,2006-05-09,2006-05-09T23:05:00Z,R,Regular Season,N,1,Final,F,Detroit Tigers,116,6,Baltimore Orioles,110,7,LaTroy Hawkins,Fernando Rodney,Chris Ray,9,Oriole Park at Camden Yards,night,1,2,False,,
40425,2006,2006-05-09,2006-05-09T23:05:00Z,R,Regular Season,N,1,Final,F,Atlanta Braves,144,10,Florida Marlins,146,2,John Thomson,Brian Moehler,,9,Dolphin Stadium,night,1,3,False,,
40428,2006,2006-05-09,2006-05-09T23:05:00Z,R,Regular Season,N,1,Final,F,Boston Red Sox,111,14,New York Yankees,147,3,Josh Beckett,Randy Johnson,,9,Yankee Stadium I,night,1,3,False,,
40429,2006,2006-05-09,2006-05-09T23:05:00Z,R,Regular Season,N,1,Final,F,New York Mets,121,4,Philadelphia Phillies,143,5,Tom Gordon,Aaron Heilman,,9,Citizens Bank Park,night,1,3,False,,
40430,2006,2006-05-09,2006-05-09T23:05:00Z,R,Regular Season,N,1,Final,F,Arizona Diamondbacks,109,0,Pittsburgh Pirates,134,3,Ian Snell,Miguel Batista,Michael Gonzalez,9,PNC Park,night,1,2,False,,
40436,2006,2006-05-09,2006-05-09T23:07:00Z,R,Regular Season,N,1,Final,F,Oakland Athletics,133,6,Toronto Blue Jays,141,5,Dan Haren,Josh Towers,Huston Street,9,Rogers Centre,night,1,3,False,,
40424,2006,2006-05-09,2006-05-09T23:10:00Z,R,Regular Season,N,1,Final,F,Washington Nationals,120,7,Cincinnati Reds,113,1,Tony Armas,Brandon Claussen,,9,Great American Ball Park,night,1,3,False,,
40423,2006,2006-05-09,2006-05-10T00:05:00Z,R,Regular Season,N,1,Final,F,Los Angeles Angels,108,1,Chicago White Sox,145,9,Freddy Garcia,Kevin Gregg,,9,U.S. Cellular Field,night,1,2,False,,
40435,2006,2006-05-09,2006-05-10T00:05:00Z,R,Regular Season,N,1,Final,F,Minnesota Twins,142,15,Texas Rangers,140,5,Carlos Silva,Kevin Millwood,Francisco Liriano,9,Ameriquest Field,night,2,3,False,,
40426,2006,2006-05-09,2006-05-10T00:10:00Z,R,Regular Season,N,1,Final,F,Cleveland Indians,114,7,Kansas City Royals,118,10,Joel Peralta,Danny Graves,,9,Kauffman Stadium,night,2,3,False,,
40434,2006,2006-05-09,2006-05-10T00:10:00Z,R,Regular Season,N,1,Final,F,Colorado Rockies,115,2,St. Louis Cardinals,138,4,Adam Wainwright,Jose Mesa,Jason Isringhausen,9,Busch Stadium,night,2,3,False,,
40431,2006,2006-05-09,2006-05-10T02:05:00Z,R,Regular Season,N,1,Final,F,Milwaukee Brewers,158,5,San Diego Padres,135,4,Dan Kolb,Trevor Hoffman,Derrick Turnbow,10,PETCO Park,night,1,3,False,,
40433,2006,2006-05-09,2006-05-10T02:05:00Z,R,Regular Season,N,1,Final,F,Tampa Bay Devil Rays,139,1,Seattle Mariners,136,8,Félix Hernández,Doug Waechter,Rafael Soriano,9,Safeco Field,night,2,3,False,,
40427,2006,2006-05-09,2006-05-10T02:10:00Z,R,Regular Season,N,1,Final,F,Houston Astros,117,7,Los Angeles Dodgers,119,12,Takashi Saito,Dan Wheeler,,9,Dodger Stadium,night,1,3,False,,
40432,2006,2006-05-09,2006-05-10T02:15:00Z,R,Regular Season,N,1,Final,F,Chicago Cubs,112,1,San Francisco Giants,137,6,Jason Schmidt,Rich Hill,,9,AT&T Park,night,1,3,False,,
40449,2006,2006-05-10,2006-05-10T17:10:00Z,R,Regular Season,N,1,Final,F,Colorado Rockies,115,4,St. Louis Cardinals,138,7,Jeff Suppan,Byung-Hyun Kim,Jason Isringhausen,9,Busch Stadium,day,3,3,False,,
40450,2006,2006-05-10,2006-05-10T18:05:00Z,R,Regular Season,N,1,Final,F,Minnesota Twins,142,4,Texas Rangers,140,3,Kyle Lohse,Vicente Padilla,Joe Nathan,9,Ameriquest Field,day,3,3,False,,
40441,2006,2006-05-10,2006-05-10T18:10:00Z,R,Regular Season,N,1,Final,F,Cleveland Indians,114,8,Kansas City Royals,118,10,Ambiorix Burgos,Guillermo Mota,,9,Kauffman Stadium,day,3,3,False,,
40448,2006,2006-05-10,2006-05-10T20:35:00Z,R,Regular Season,N,1,Final,F,Tampa Bay Devil Rays,139,1,Seattle Mariners,136,0,Scott Kazmir,Jamie Moyer,Tyler Walker,9,Safeco Field,day,3,3,False,,
40437,2006,2006-05-10,2006-05-10T23:05:00Z,R,Regular Season,N,1,Final,F,Detroit Tigers,116,6,Baltimore Orioles,110,3,Justin Verlander,Rodrigo Lopez,Todd Jones,9,Oriole Park at Camden Yards,night,2,2,False,,
40440,2006,2006-05-10,2006-05-10T23:05:00Z,R,Regular Season,N,1,Final,F,Atlanta Braves,144,3,Florida Marlins,146,11,Josh Johnson,Kyle Davies,,9,Dolphin Stadium,night,2,3,False,,
40443,2006,2006-05-10,2006-05-10T23:05:00Z,R,Regular Season,N,1,Final,F,Boston Red Sox,111,3,New York Yankees,147,7,Mike Mussina,Curt Schilling,,9,Yankee Stadium I,night,2,3,False,,
40444,2006,2006-05-10,2006-05-10T23:05:00Z,R,Regular Season,N,1,Final,F,New York Mets,121,13,Philadelphia Phillies,143,4,Tom Glavine,Cory Lidle,,9,Citizens Bank Park,night,2,3,False,,
40445,2006,2006-05-10,2006-05-10T23:05:00Z,R,Regular Season,N,1,Final,F,Arizona Diamondbacks,109,7,Pittsburgh Pirates,134,4,Brandon Webb,Damaso Marte,Jose Valverde,9,PNC Park,night,2,2,False,,
40451,2006,2006-05-10,2006-05-10T23:07:00Z,R,Regular Season,N,1,Final,F,Oakland Athletics,133,7,Toronto Blue Jays,141,9,Francisco Del Rosario,Joe Blanton,B.J. Ryan,9,Rogers Centre,night,2,3,False,,
40439,2006,2006-05-10,2006-05-10T23:10:00Z,R,Regular Season,N,1,Final,F,Washington Nationals,120,6,Cincinnati Reds,113,9,David Weathers,Mike Stanton,,9,Great American Ball Park,night,2,3,False,,
40438,2006,2006-05-10,2006-05-11T00:05:00Z,R,Regular Season,N,1,Final,F,Los Angeles Angels,108,12,Chicago White Sox,145,5,Ervin Santana,Charlie Haeger,Francisco Rodríguez,9,U.S. Cellular Field,night,2,2,False,,
40446,2006,2006-05-10,2006-05-11T02:05:00Z,R,Regular Season,N,1,Final,F,Milwaukee Brewers,158,0,San Diego Padres,135,3,Chan Ho Park,Chris Capuano,Trevor Hoffman,9,PETCO Park,night,2,3,False,,
40442,2006,2006-05-10,2006-05-11T02:10:00Z,R,Regular Season,N,1,Final,F,Houston Astros,117,6,Los Angeles Dodgers,119,9,Brett Tomko,Taylor Buchholz,,9,Dodger Stadium,night,2,3,False,,
40447,2006,2006-05-10,2006-05-11T02:15:00Z,R,Regular Season,N,1,Final,F,Chicago Cubs,112,8,San Francisco Giants,137,1,Carlos Zambrano,Matt Cain,,9,AT&T Park,night,2,3,False,,
40462,2006,2006-05-11,2006-05-11T16:37:00Z,R,Regular Season,N,1,Final,F,Oakland Athletics,133,3,Toronto Blue Jays,141,8,Ted Lilly,Kirk Saarloos,,9,Rogers Centre,day,3,3,False,,
40456,2006,2006-05-11,2006-05-11T19:10:00Z,R,Regular Season,N,1,Final,F,Houston Astros,117,4,Los Angeles Dodgers,119,2,Wandy Rodriguez,Derek Lowe,Dan Wheeler,9,Dodger Stadium,day,3,3,False,,
40460,2006,2006-05-11,2006-05-11T19:35:00Z,R,Regular Season,N,1,Final,F,Milwaukee Brewers,158,5,San Diego Padres,135,8,Jake Peavy,Ben Hendrickson,,9,PETCO Park,day,3,3,False,,
40461,2006,2006-05-11,2006-05-11T19:35:00Z,R,Regular Season,N,1,Final,F,Chicago Cubs,112,3,San Francisco Giants,137,9,Jamey Wright,Sean Marshall,,9,AT&T Park,day,3,3,False,,
40455,2006,2006-05-11,2006-05-11T23:05:00Z,R,Regular Season,N,1,Final,F,Atlanta Braves,144,9,Florida Marlins,146,1,Tim Hudson,Dontrelle Willis,,9,Dolphin Stadium,night,3,3,False,,
40457,2006,2006-05-11,2006-05-11T23:05:00Z,R,Regular Season,N,1,Final,F,Boston Red Sox,111,5,New York Yankees,147,3,Tim Wakefield,Ron Villone,Jonathan Papelbon,9,Yankee Stadium I,night,3,3,False,,
40458,2006,2006-05-11,2006-05-11T23:05:00Z,R,Regular Season,N,1,Completed Early,F,New York Mets,121,0,Philadelphia Phillies,143,2,Gavin Floyd,Steve Trachsel,,5,Citizens Bank Park,night,3,3,False,,
40454,2006,2006-05-11,2006-05-11T23:10:00Z,R,Regular Season,N,1,Final,F,Washington Nationals,120,4,Cincinnati Reds,113,5,Brian Shackelford,Joey Eischen,,11,Great American Ball Park,night,3,3,False,,
40466,2006,2006-05-12,2006-05-12T18:20:00Z,R,Regular Season,N,1,Final,F,San Diego Padres,135,10,Chicago Cubs,112,5,Brian Sweeney,Glendon Rusch,,9,Wrigley Field,day,1,3,False,,
40464,2006,2006-05-12,2006-05-12T23:05:00Z,R,Regular Season,N,1,Final,F,Kansas City Royals,118,5,Baltimore Orioles,110,6,Todd Williams,Elmer Dessens,Chris Ray,9,Oriole Park at Camden Yards,night,1,3,False,,
40465,2006,2006-05-12,2006-05-12T23:05:00Z,R,Regular Season,N,1,Completed Early,F,Texas Rangers,140,6,Boston Red Sox,111,0,Kameron Loe,Matt Clement,,6,Fenway Park,night,1,1,False,,
40468,2006,2006-05-12,2006-05-12T23:05:00Z,R,Regular Season,N,1,Final,F,Detroit Tigers,116,5,Cleveland Indians,114,4,Kenny Rogers,Cliff Lee,Todd Jones,9,Jacobs Field,night,1,3,False,,
40473,2006,2006-05-12,2006-05-12T23:05:00Z,R,Regular Season,N,1,Final,F,Oakland Athletics,133,0,New York Yankees,147,2,Chien-Ming Wang,Barry Zito,Mariano Rivera,9,Yankee Stadium I,night,1,3,False,,
40474,2006,2006-05-12,2006-05-12T23:05:00Z,R,Regular Season,N,1,Final,F,Florida Marlins,146,9,Pittsburgh Pirates,134,12,Matt Capps,Todd Wellemeyer,Michael Gonzalez,9,PNC Park,night,1,3,False,,
40467,2006,2006-05-12,2006-05-12T23:10:00Z,R,Regular Season,N,1,Final,F,Philadelphia Phillies,143,8,Cincinnati Reds,113,4,Ryan Madson,Elizardo Ramirez,Tom Gordon,9,Great American Ball Park,night,1,3,False,,
40477,2006,2006-05-12,2006-05-12T23:15:00Z,R,Regular Season,N,1,Final,F,Toronto Blue Jays,141,1,Tampa Bay Devil Rays,139,4,Seth McClung,Casey Janssen,Tyler Walker,9,Tropicana Field,night,1,3,False,,
40463,2006,2006-05-12,2006-05-12T23:35:00Z,R,Regular Season,N,1,Final,F,Washington Nationals,120,2,Atlanta Braves,144,6,John Smoltz,Ramón Ortiz,,9,Turner Field,night,1,3,False,,
40469,2006,2006-05-12,2006-05-13T00:05:00Z,R,Regular Season,N,1,Final,F,Colorado Rockies,115,2,Houston Astros,117,12,Mike Gallo,Jason Jennings,,9,Minute Maid Park,night,1,3,False,,
40471,2006,2006-05-12,2006-05-13T00:05:00Z,R,Regular Season,N,1,Final,F,New York Mets,121,6,Milwaukee Brewers,158,9,Dave Bush,Jose Lima,Derrick Turnbow,9,Miller Park,night,1,3,False,,
40472,2006,2006-05-12,2006-05-13T00:10:00Z,R,Regular Season,N,1,Final,F,Chicago White Sox,145,1,Minnesota Twins,142,10,Johan Santana,Jon Garland,,9,Hubert H. Humphrey Metrodome,night,1,4,False,,
40476,2006,2006-05-12,2006-05-13T00:10:00Z,R,Regular Season,N,1,Final,F,Arizona Diamondbacks,109,3,St. Louis Cardinals,138,5,Mark Mulder,Juan Cruz,Jason Isringhausen,9,Busch Stadium,night,1,3,False,,
40470,2006,2006-05-12,2006-05-13T02:05:00Z,R,Regular Season,N,1,Final,F,Seattle Mariners,136,7,Los Angeles Angels,108,12,Kelvim Escobar,Joel Pineiro,Hector Carrasco,9,Angel Stadium of Anaheim,night,1,3,False,,
40475,2006,2006-05-12,2006-05-13T02:15:00Z,R,Regular Season,N,1,Final,F,Los Angeles Dodgers,119,6,San Francisco Giants,137,1,Brad Penny,Matt Morris,,9,AT&T Park,night,1,3,False,,
40488,2006,2006-05-13,2006-05-13T17:05:00Z,R,Regular Season,N,1,Final,F,Oakland Athletics,133,3,New York Yankees,147,4,Jaret Wright,Brad Halsey,Kyle Farnsworth,9,Yankee Stadium I,day,2,3,False,,
40481,2006,2006-05-13,2006-05-13T18:20:00Z,R,Regular Season,N,1,Final,F,San Diego Padres,135,4,Chicago Cubs,112,3,Cla Meredith,Ryan Dempster,Trevor Hoffman,9,Wrigley Field,day,2,3,False,,
40490,2006,2006-05-13,2006-05-13T20:05:00Z,R,Regular Season,N,1,Final,F,Los Angeles Dodgers,119,5,San Francisco Giants,137,6,Armando Benítez,Danys Baez,,9,AT&T Park,day,2,3,False,,
40479,2006,2006-05-13,2006-05-13T20:35:00Z,R,Regular Season,N,1,Final,F,Kansas City Royals,118,1,Baltimore Orioles,110,11,Kris Benson,Mark Redman,,9,Oriole Park at Camden Yards,day,2,3,False,,
40482,2006,2006-05-13,2006-05-13T22:10:00Z,R,Regular Season,N,1,Final,F,Philadelphia Phillies,143,2,Cincinnati Reds,113,0,Jon Lieber,Dave Williams,Tom Gordon,9,Great American Ball Park,night,2,3,False,,
40478,2006,2006-05-13,2006-05-13T23:05:00Z,R,Regular Season,N,1,Final,F,Washington Nationals,120,5,Atlanta Braves,144,8,Chris Reitsma,Chad Cordero,,9,Turner Field,night,2,3,False,,
40483,2006,2006-05-13,2006-05-13T23:05:00Z,R,Regular Season,N,1,Final,F,Detroit Tigers,116,3,Cleveland Indians,114,0,Jeremy Bonderman,CC Sabathia,Todd Jones,9,Jacobs Field,night,2,3,False,,
40484,2006,2006-05-13,2006-05-13T23:05:00Z,R,Regular Season,N,1,Final,F,Colorado Rockies,115,2,Houston Astros,117,1,Aaron Cook,Roy Oswalt,Brian Fuentes,9,Minute Maid Park,night,2,3,False,,
40486,2006,2006-05-13,2006-05-13T23:05:00Z,R,Regular Season,N,1,Final,F,New York Mets,121,9,Milwaukee Brewers,158,8,Chad Bradford,Derrick Turnbow,Billy Wagner,9,Miller Park,night,2,3,False,,
40489,2006,2006-05-13,2006-05-13T23:05:00Z,R,Regular Season,N,1,Final,F,Florida Marlins,146,4,Pittsburgh Pirates,134,3,Scott Olsen,Zach Duke,Joe Borowski,9,PNC Park,night,2,3,False,,
40487,2006,2006-05-13,2006-05-13T23:10:00Z,R,Regular Season,N,1,Final,F,Chicago White Sox,145,4,Minnesota Twins,142,8,Brad Radke,Javier Vazquez,,9,Hubert H. Humphrey Metrodome,night,2,4,False,,
40491,2006,2006-05-13,2006-05-13T23:15:00Z,R,Regular Season,N,1,Final,F,Arizona Diamondbacks,109,1,St. Louis Cardinals,138,9,Jason Marquis,Claudio Vargas,,9,Busch Stadium,night,2,3,False,,
40492,2006,2006-05-13,2006-05-13T23:15:00Z,R,Regular Season,N,1,Final,F,Toronto Blue Jays,141,8,Tampa Bay Devil Rays,139,1,Roy Halladay,Mark Hendrickson,,9,Tropicana Field,night,2,3,False,,
40485,2006,2006-05-13,2006-05-14T02:05:00Z,R,Regular Season,N,1,Final,F,Seattle Mariners,136,5,Los Angeles Angels,108,4,George Sherrill,Kevin Gregg,Jake Woods,13,Angel Stadium of Anaheim,night,2,3,False,,
40493,2006,2006-05-14,2006-05-14T17:05:00Z,R,Regular Season,N,1,Final,F,Washington Nationals,120,8,Atlanta Braves,144,1,Tony Armas,John Thomson,,9,Turner Field,day,3,3,False,,
40498,2006,2006-05-14,2006-05-14T17:05:00Z,R,Regular Season,N,1,Final,F,Detroit Tigers,116,3,Cleveland Indians,114,2,Mike Maroth,Jason Johnson,Fernando Rodney,9,Jacobs Field,day,3,3,False,,
40503,2006,2006-05-14,2006-05-14T17:05:00Z,R,Regular Season,N,1,Final,F,Oakland Athletics,133,6,New York Yankees,147,1,Dan Haren,Randy Johnson,,9,Yankee Stadium I,day,3,3,False,,
40497,2006,2006-05-14,2006-05-14T17:15:00Z,R,Regular Season,N,1,Final,F,Philadelphia Phillies,143,2,Cincinnati Reds,113,1,Geoff Geary,Chris Hammond,Tom Gordon,12,Great American Ball Park,day,3,3,False,,
40507,2006,2006-05-14,2006-05-14T17:15:00Z,R,Regular Season,N,1,Final,F,Toronto Blue Jays,141,8,Tampa Bay Devil Rays,139,3,Josh Towers,Casey Fossum,,9,Tropicana Field,day,3,3,False,,
40494,2006,2006-05-14,2006-05-14T17:35:00Z,R,Regular Season,N,1,Final,F,Kansas City Royals,118,7,Baltimore Orioles,110,8,John Halama,Ambiorix Burgos,,9,Oriole Park at Camden Yards,day,3,3,False,,
40504,2006,2006-05-14,2006-05-14T17:35:00Z,R,Regular Season,N,1,Final,F,Florida Marlins,146,8,Pittsburgh Pirates,134,2,Brian Moehler,Ian Snell,,9,PNC Park,day,3,3,False,,
40499,2006,2006-05-14,2006-05-14T18:05:00Z,R,Regular Season,N,1,Final,F,Colorado Rockies,115,0,Houston Astros,117,3,Andy Pettitte,Jeff Francis,,9,Minute Maid Park,day,3,3,False,,
40501,2006,2006-05-14,2006-05-14T18:05:00Z,R,Regular Season,N,1,Final,F,New York Mets,121,5,Milwaukee Brewers,158,6,Jorge De La Rosa,Chad Bradford,,10,Miller Park,day,3,3,False,,
40506,2006,2006-05-14,2006-05-14T18:15:00Z,R,Regular Season,N,1,Final,F,Arizona Diamondbacks,109,7,St. Louis Cardinals,138,6,Luis Vizcaino,Adam Wainwright,Jose Valverde,9,Busch Stadium,day,3,3,False,,
40496,2006,2006-05-14,2006-05-14T18:20:00Z,R,Regular Season,N,1,Final,F,San Diego Padres,135,9,Chicago Cubs,112,0,Clay Hensley,Rich Hill,,9,Wrigley Field,day,3,3,False,,
40500,2006,2006-05-14,2006-05-14T19:35:00Z,R,Regular Season,N,1,Final,F,Seattle Mariners,136,9,Los Angeles Angels,108,4,Gil Meche,Jeff Weaver,Emiliano Fruto,9,Angel Stadium of Anaheim,day,3,3,False,,
40505,2006,2006-05-14,2006-05-14T20:05:00Z,R,Regular Season,N,1,Final,F,Los Angeles Dodgers,119,6,San Francisco Giants,137,3,Odalis Perez,Steve Kline,Joe Beimel,9,AT&T Park,day,3,3,False,,
40502,2006,2006-05-14,2006-05-15T00:05:00Z,R,Regular Season,N,1,Final,F,Chicago White Sox,145,9,Minnesota Twins,142,7,Mark Buehrle,Carlos Silva,Bobby Jenks,9,Hubert H. Humphrey Metrodome,night,3,4,False,,
40514,2006,2006-05-15,2006-05-15T17:10:00Z,R,Regular Season,N,1,Final,F,Chicago White Sox,145,7,Minnesota Twins,142,3,Freddy Garcia,Scott Baker,,9,Hubert H. Humphrey Metrodome,day,4,4,False,,
40509,2006,2006-05-15,2006-05-15T23:05:00Z,R,Regular Season,N,1,Final,F,Florida Marlins,146,8,Atlanta Braves,144,11,Oscar Villarreal,Randy Messenger,Chris Reitsma,9,Turner Field,night,1,4,False,,
40510,2006,2006-05-15,2006-05-15T23:05:00Z,R,Regular Season,N,1,Final,F,Boston Red Sox,111,11,Baltimore Orioles,110,1,Josh Beckett,Rodrigo Lopez,,9,Oriole Park at Camden Yards,night,1,3,False,,
40515,2006,2006-05-15,2006-05-15T23:05:00Z,R,Regular Season,N,1,Final,F,Texas Rangers,140,4,New York Yankees,147,2,Kevin Millwood,Kyle Farnsworth,Akinori Otsuka,9,Yankee Stadium I,night,1,4,False,,
40513,2006,2006-05-15,2006-05-16T00:05:00Z,R,Regular Season,N,1,Final,F,San Francisco Giants,137,10,Houston Astros,117,1,Brad Hennessey,Taylor Buchholz,,9,Minute Maid Park,night,1,3,False,,
40512,2006,2006-05-15,2006-05-16T00:35:00Z,R,Regular Season,N,1,Final,F,Los Angeles Dodgers,119,5,Colorado Rockies,115,4,Brett Tomko,Ramon E Ramirez,Takashi Saito,9,Coors Field,night,1,3,False,,
40508,2006,2006-05-15,2006-05-16T01:40:00Z,R,Regular Season,N,1,Final,F,San Diego Padres,135,5,Arizona Diamondbacks,109,6,Jose Valverde,Scott Cassidy,,10,Chase Field,night,1,3,False,,
40518,2006,2006-05-16,2006-05-16T23:05:00Z,R,Regular Season,N,1,Final,F,Boston Red Sox,111,6,Baltimore Orioles,110,5,Curt Schilling,Todd Williams,Jonathan Papelbon,9,Oriole Park at Camden Yards,night,2,3,False,,
40520,2006,2006-05-16,2006-05-16T23:05:00Z,R,Regular Season,N,1,Final,F,Kansas City Royals,118,4,Cleveland Indians,114,6,Jason Davis,Ambiorix Burgos,,9,Jacobs Field,night,1,3,False,,
40522,2006,2006-05-16,2006-05-16T23:05:00Z,R,Regular Season,N,1,Final,F,Minnesota Twins,142,4,Detroit Tigers,116,7,Nate Robertson,Kyle Lohse,Todd Jones,9,Comerica Park,night,1,3,False,,
40526,2006,2006-05-16,2006-05-16T23:05:00Z,R,Regular Season,N,1,Final,F,Texas Rangers,140,13,New York Yankees,147,14,Mariano Rivera,Akinori Otsuka,,9,Yankee Stadium I,night,2,4,False,,
40528,2006,2006-05-16,2006-05-16T23:05:00Z,R,Regular Season,N,1,Final,F,Cincinnati Reds,113,3,Pittsburgh Pirates,134,9,Paul Maholm,Aaron Harang,,9,PNC Park,night,1,3,False,,
40530,2006,2006-05-16,2006-05-16T23:15:00Z,R,Regular Season,N,1,Final,F,Chicago White Sox,145,7,Tampa Bay Devil Rays,139,10,Scott Kazmir,Brandon McCarthy,Tyler Walker,9,Tropicana Field,night,1,3,False,,
40517,2006,2006-05-16,2006-05-16T23:35:00Z,R,Regular Season,N,1,Final,F,Florida Marlins,146,3,Atlanta Braves,144,4,Macay McBride,Joe Borowski,,11,Turner Field,night,2,4,False,,
40519,2006,2006-05-16,2006-05-17T00:05:00Z,R,Regular Season,N,1,Final,F,Washington Nationals,120,0,Chicago Cubs,112,4,Carlos Zambrano,Livan Hernandez,,9,Wrigley Field,night,1,3,False,,
40523,2006,2006-05-16,2006-05-17T00:05:00Z,R,Regular Season,N,1,Final,F,San Francisco Giants,137,14,Houston Astros,117,3,Jamey Wright,Wandy Rodriguez,,9,Minute Maid Park,night,2,3,False,,
40525,2006,2006-05-16,2006-05-17T00:05:00Z,R,Regular Season,N,1,Final,F,Philadelphia Phillies,143,2,Milwaukee Brewers,158,3,Derrick Turnbow,Ryan Franklin,,9,Miller Park,night,1,3,False,,
40529,2006,2006-05-16,2006-05-17T00:10:00Z,R,Regular Season,N,1,Final,F,New York Mets,121,8,St. Louis Cardinals,138,3,Tom Glavine,Jeff Suppan,,9,Busch Stadium,night,1,3,False,,
40521,2006,2006-05-16,2006-05-17T00:35:00Z,R,Regular Season,N,1,Final,F,Los Angeles Dodgers,119,1,Colorado Rockies,115,5,Byung-Hyun Kim,Derek Lowe,,9,Coors Field,night,2,3,False,,
40516,2006,2006-05-16,2006-05-17T01:40:00Z,R,Regular Season,N,1,Final,F,San Diego Padres,135,2,Arizona Diamondbacks,109,5,Jason Grimsley,Jake Peavy,Jose Valverde,9,Chase Field,night,2,3,False,,
40524,2006,2006-05-16,2006-05-17T02:05:00Z,R,Regular Season,N,1,Final,F,Toronto Blue Jays,141,3,Los Angeles Angels,108,8,Ervin Santana,Ted Lilly,,9,Angel Stadium of Anaheim,night,1,3,False,,
40527,2006,2006-05-16,2006-05-17T02:05:00Z,R,Regular Season,N,1,Final,F,Seattle Mariners,136,6,Oakland Athletics,133,12,Joe Blanton,Félix Hernández,,9,McAfee Coliseum,night,1,3,False,,
40536,2006,2006-05-17,2006-05-17T19:05:00Z,R,Regular Season,N,1,Final,F,Los Angeles Dodgers,119,3,Colorado Rockies,115,2,Brad Penny,Jason Jennings,Danys Baez,9,Coors Field,day,3,3,False,,
40533,2006,2006-05-17,2006-05-17T23:05:00Z,R,Regular Season,N,1,Final,F,Boston Red Sox,111,3,Baltimore Orioles,110,4,Erik Bedard,Tim Wakefield,Chris Ray,9,Oriole Park at Camden Yards,night,3,3,False,,
40535,2006,2006-05-17,2006-05-17T23:05:00Z,R,Regular Season,N,1,Final,F,Kansas City Royals,118,0,Cleveland Indians,114,5,Jake Westbrook,Jeremy Affeldt,,9,Jacobs Field,night,2,3,False,,
40537,2006,2006-05-17,2006-05-17T23:05:00Z,R,Regular Season,N,1,Final,F,Minnesota Twins,142,0,Detroit Tigers,116,2,Justin Verlander,Johan Santana,Todd Jones,9,Comerica Park,night,2,3,False,,
40541,2006,2006-05-17,2006-05-17T23:05:00Z,R,Regular Season,N,1,Final,F,Texas Rangers,140,3,New York Yankees,147,4,Chien-Ming Wang,Kameron Loe,Mariano Rivera,9,Yankee Stadium I,night,3,4,False,,
40543,2006,2006-05-17,2006-05-17T23:05:00Z,R,Regular Season,N,1,Final,F,Cincinnati Reds,113,2,Pittsburgh Pirates,134,7,Oliver Pérez,Bronson Arroyo,,9,PNC Park,night,2,3,False,,
40545,2006,2006-05-17,2006-05-17T23:15:00Z,R,Regular Season,N,1,Final,F,Chicago White Sox,145,5,Tampa Bay Devil Rays,139,2,Jon Garland,Ruddy Lugo,Bobby Jenks,9,Tropicana Field,night,2,3,False,,
40532,2006,2006-05-17,2006-05-17T23:35:00Z,R,Regular Season,N,1,Final,F,Florida Marlins,146,4,Atlanta Braves,144,6,Oscar Villarreal,Randy Messenger,,11,Turner Field,night,3,4,False,,
40534,2006,2006-05-17,2006-05-18T00:05:00Z,R,Regular Season,N,1,Final,F,Washington Nationals,120,0,Chicago Cubs,112,5,Sean Marshall,Zach Day,,9,Wrigley Field,night,2,3,False,,
40538,2006,2006-05-17,2006-05-18T00:05:00Z,R,Regular Season,N,1,Final,F,San Francisco Giants,137,10,Houston Astros,117,1,Matt Morris,Fernando Nieve,,9,Minute Maid Park,night,3,3,False,,
40540,2006,2006-05-17,2006-05-18T00:05:00Z,R,Regular Season,N,1,Final,F,Philadelphia Phillies,143,7,Milwaukee Brewers,158,8,Jose Capellan,Arthur Rhodes,,9,Miller Park,night,2,3,False,,
40544,2006,2006-05-17,2006-05-18T00:10:00Z,R,Regular Season,N,1,Final,F,New York Mets,121,0,St. Louis Cardinals,138,1,Mark Mulder,Steve Trachsel,Jason Isringhausen,9,Busch Stadium,night,2,3,False,,
40531,2006,2006-05-17,2006-05-18T01:40:00Z,R,Regular Season,N,1,Final,F,San Diego Padres,135,14,Arizona Diamondbacks,109,10,Mike Thompson,Juan Cruz,,9,Chase Field,night,3,3,False,,
40539,2006,2006-05-17,2006-05-18T02:05:00Z,R,Regular Season,N,1,Final,F,Toronto Blue Jays,141,3,Los Angeles Angels,108,0,Casey Janssen,Kelvim Escobar,B.J. Ryan,9,Angel Stadium of Anaheim,night,2,3,False,,
40542,2006,2006-05-17,2006-05-18T02:05:00Z,R,Regular Season,N,1,Final,F,Seattle Mariners,136,2,Oakland Athletics,133,7,Barry Zito,Jamie Moyer,,9,McAfee Coliseum,night,2,3,False,,
40548,2006,2006-05-18,2006-05-18T16:05:00Z,R,Regular Season,N,1,Final,F,Kansas City Royals,118,5,Cleveland Indians,114,6,Cliff Lee,Runelvys Hernandez,Bob Wickman,9,Jacobs Field,day,3,3,False,,
40554,2006,2006-05-18,2006-05-18T16:35:00Z,R,Regular Season,N,1,Final,F,Cincinnati Reds,113,9,Pittsburgh Pirates,134,8,Matt Belisle,Matt Capps,Todd Coffey,9,PNC Park,day,3,3,False,,
40546,2006,2006-05-18,2006-05-18T17:05:00Z,R,Regular Season,N,1,Final,F,Florida Marlins,146,1,Atlanta Braves,144,9,Jorge Sosa,Scott Olsen,,9,Turner Field,day,4,4,False,,
40549,2006,2006-05-18,2006-05-18T17:05:00Z,R,Regular Season,N,1,Final,F,Minnesota Twins,142,3,Detroit Tigers,116,5,Kenny Rogers,Brad Radke,Todd Jones,9,Comerica Park,day,3,3,False,,
40551,2006,2006-05-18,2006-05-18T17:05:00Z,R,Regular Season,N,1,Final,F,Philadelphia Phillies,143,4,Milwaukee Brewers,158,5,Justin Lehr,Ryan Madson,Derrick Turnbow,9,Miller Park,day,3,3,False,,
40552,2006,2006-05-18,2006-05-18T17:05:00Z,R,Regular Season,N,1,Final,F,Texas Rangers,140,6,New York Yankees,147,2,Vicente Padilla,Jaret Wright,,9,Yankee Stadium I,day,4,4,False,,
40555,2006,2006-05-18,2006-05-18T17:10:00Z,R,Regular Season,N,1,Final,F,New York Mets,121,3,St. Louis Cardinals,138,6,Jason Marquis,Jose Lima,Jason Isringhausen,9,Busch Stadium,day,3,3,False,,
40547,2006,2006-05-18,2006-05-18T18:20:00Z,R,Regular Season,N,1,Final,F,Washington Nationals,120,5,Chicago Cubs,112,3,Ramón Ortiz,Kerry Wood,Chad Cordero,9,Wrigley Field,day,3,3,False,,
40553,2006,2006-05-18,2006-05-18T19:35:00Z,R,Regular Season,N,1,Final,F,Seattle Mariners,136,3,Oakland Athletics,133,6,Kirk Saarloos,Joel Pineiro,Huston Street,9,McAfee Coliseum,day,3,3,False,,
40556,2006,2006-05-18,2006-05-18T23:15:00Z,R,Regular Season,N,1,Final,F,Chicago White Sox,145,4,Tampa Bay Devil Rays,139,5,Mark Hendrickson,Javier Vazquez,Tyler Walker,9,Tropicana Field,night,3,3,False,,
40550,2006,2006-05-18,2006-05-19T02:05:00Z,R,Regular Season,N,1,Final,F,Toronto Blue Jays,141,8,Los Angeles Angels,108,4,Jason Frasor,Francisco Rodríguez,,10,Angel Stadium of Anaheim,night,3,3,False,,
40558,2006,2006-05-19,2006-05-19T20:05:00Z,R,Regular Season,N,1,Final,F,Chicago Cubs,112,1,Chicago White Sox,145,6,Mark Buehrle,Greg Maddux,,9,U.S. Cellular Field,day,1,3,False,,
40559,2006,2006-05-19,2006-05-19T23:05:00Z,R,Regular Season,N,1,Final,F,Pittsburgh Pirates,134,1,Cleveland Indians,114,4,CC Sabathia,Zach Duke,,9,Jacobs Field,night,1,3,False,,
40561,2006,2006-05-19,2006-05-19T23:05:00Z,R,Regular Season,N,1,Final,F,Cincinnati Reds,113,9,Detroit Tigers,116,4,Brandon Claussen,Jeremy Bonderman,,9,Comerica Park,night,1,3,False,,
40568,2006,2006-05-19,2006-05-19T23:05:00Z,R,Regular Season,N,1,Final,F,Boston Red Sox,111,5,Philadelphia Phillies,143,3,Matt Clement,Jon Lieber,Jonathan Papelbon,9,Citizens Bank Park,night,1,3,False,,
40571,2006,2006-05-19,2006-05-19T23:05:00Z,R,Regular Season,N,1,Final,F,Baltimore Orioles,110,5,Washington Nationals,120,1,Kris Benson,Michael O'Connor,,9,Robert F. Kennedy Memorial Stadium,night,1,3,False,,
40566,2006,2006-05-19,2006-05-19T23:10:00Z,R,Regular Season,N,1,Final,F,New York Yankees,147,6,New York Mets,121,7,Billy Wagner,Mariano Rivera,,9,Shea Stadium,night,1,3,False,,
40570,2006,2006-05-19,2006-05-19T23:15:00Z,R,Regular Season,N,1,Final,F,Florida Marlins,146,4,Tampa Bay Devil Rays,139,5,Tyler Walker,Yusmeiro Petit,,10,Tropicana Field,night,1,3,False,,
40562,2006,2006-05-19,2006-05-20T00:05:00Z,R,Regular Season,N,1,Final,F,Texas Rangers,140,3,Houston Astros,117,5,Chad Qualls,Joaquín Benoit,Brad Lidge,9,Minute Maid Park,night,1,3,False,,
40565,2006,2006-05-19,2006-05-20T00:05:00Z,R,Regular Season,N,1,Final,F,Minnesota Twins,142,7,Milwaukee Brewers,158,1,Francisco Liriano,Doug Davis,,9,Miller Park,night,1,3,False,,
40563,2006,2006-05-19,2006-05-20T00:10:00Z,R,Regular Season,N,1,Final,F,St. Louis Cardinals,138,9,Kansas City Royals,118,6,Chris Carpenter,Mark Redman,Adam Wainwright,9,Kauffman Stadium,night,1,3,False,,
40560,2006,2006-05-19,2006-05-20T01:05:00Z,R,Regular Season,N,1,Final,F,Toronto Blue Jays,141,3,Colorado Rockies,115,8,Aaron Cook,Josh Towers,,9,Coors Field,night,1,3,False,,
40557,2006,2006-05-19,2006-05-20T01:40:00Z,R,Regular Season,N,1,Final,F,Atlanta Braves,144,9,Arizona Diamondbacks,109,10,Jose Valverde,Chris Reitsma,,9,Chase Field,night,1,3,False,,
40567,2006,2006-05-19,2006-05-20T02:05:00Z,R,Regular Season,N,1,Final,F,San Francisco Giants,137,0,Oakland Athletics,133,1,Dan Haren,Noah Lowry,Huston Street,9,McAfee Coliseum,night,1,3,False,,
40569,2006,2006-05-19,2006-05-20T02:05:00Z,R,Regular Season,N,1,Final,F,San Diego Padres,135,4,Seattle Mariners,136,7,Rafael Soriano,Scott Cassidy,,9,Safeco Field,night,1,3,False,,
40564,2006,2006-05-19,2006-05-20T02:40:00Z,R,Regular Season,N,1,Final,F,Los Angeles Angels,108,3,Los Angeles Dodgers,119,16,Aaron Sele,Jeff Weaver,,9,Dodger Stadium,night,1,3,False,,
40573,2006,2006-05-20,2006-05-20T17:20:00Z,R,Regular Season,N,1,Final,F,Chicago Cubs,112,0,Chicago White Sox,145,7,Freddy Garcia,Rich Hill,,9,U.S. Cellular Field,day,2,3,False,,
40581,2006,2006-05-20,2006-05-20T17:20:00Z,R,Regular Season,N,1,Final,F,New York Yankees,147,5,New York Mets,121,4,Mariano Rivera,Jorge Julio,,11,Shea Stadium,day,2,3,False,,
40582,2006,2006-05-20,2006-05-20T20:05:00Z,R,Regular Season,N,1,Final,F,San Francisco Giants,137,4,Oakland Athletics,133,2,Armando Benítez,Kiko Calero,,10,McAfee Coliseum,day,2,3,False,,
40579,2006,2006-05-20,2006-05-20T20:10:00Z,R,Regular Season,N,1,Final,F,Los Angeles Angels,108,4,Los Angeles Dodgers,119,8,Joe Beimel,Scot Shields,,9,Dodger Stadium,day,2,3,False,,
40574,2006,2006-05-20,2006-05-20T23:05:00Z,R,Regular Season,N,1,Final,F,Pittsburgh Pirates,134,9,Cleveland Indians,114,6,Ian Snell,Jason Johnson,Michael Gonzalez,9,Jacobs Field,night,2,3,False,,
40576,2006,2006-05-20,2006-05-20T23:05:00Z,R,Regular Season,N,1,Final,F,Cincinnati Reds,113,6,Detroit Tigers,116,7,Fernando Rodney,David Weathers,,10,Comerica Park,night,2,3,False,,
40577,2006,2006-05-20,2006-05-20T23:05:00Z,R,Regular Season,N,1,Final,F,Texas Rangers,140,6,Houston Astros,117,0,Kevin Millwood,Andy Pettitte,,9,Minute Maid Park,night,2,3,False,,
40580,2006,2006-05-20,2006-05-20T23:05:00Z,R,Regular Season,N,1,Final,F,Minnesota Twins,142,16,Milwaukee Brewers,158,10,Scott Baker,Ben Hendrickson,,9,Miller Park,night,2,3,False,,
40583,2006,2006-05-20,2006-05-20T23:05:00Z,R,Regular Season,N,1,Final,F,Boston Red Sox,111,8,Philadelphia Phillies,143,4,Josh Beckett,Brett Myers,,9,Citizens Bank Park,night,2,3,False,,
40586,2006,2006-05-20,2006-05-20T23:05:00Z,R,Regular Season,N,1,Final,F,Baltimore Orioles,110,3,Washington Nationals,120,8,Jon Rauch,Rodrigo Lopez,,9,Robert F. Kennedy Memorial Stadium,night,2,3,False,,
40578,2006,2006-05-20,2006-05-20T23:10:00Z,R,Regular Season,N,1,Final,F,St. Louis Cardinals,138,4,Kansas City Royals,118,2,Anthony Reyes,Denny Bautista,Jason Isringhausen,9,Kauffman Stadium,night,2,3,False,,
40585,2006,2006-05-20,2006-05-20T23:15:00Z,R,Regular Season,N,1,Final,F,Florida Marlins,146,3,Tampa Bay Devil Rays,139,4,Ruddy Lugo,Logan Kensing,,9,Tropicana Field,night,2,3,False,,
40575,2006,2006-05-20,2006-05-21T00:05:00Z,R,Regular Season,N,1,Final,F,Toronto Blue Jays,141,1,Colorado Rockies,115,5,Jeff Francis,Ty Taubenheim,,9,Coors Field,night,2,3,False,,
40572,2006,2006-05-20,2006-05-21T01:40:00Z,R,Regular Season,N,1,Final,F,Atlanta Braves,144,0,Arizona Diamondbacks,109,13,Brandon Webb,Travis Smith,,9,Chase Field,night,2,3,False,,
40584,2006,2006-05-20,2006-05-21T02:05:00Z,R,Regular Season,N,1,Final,F,San Diego Padres,135,3,Seattle Mariners,136,6,Gil Meche,Clay Hensley,J.J. Putz,9,Safeco Field,night,2,3,False,,
40589,2006,2006-05-21,2006-05-21T17:05:00Z,R,Regular Season,N,1,Final,F,Pittsburgh Pirates,134,2,Cleveland Indians,114,3,Bob Wickman,Michael Gonzalez,,10,Jacobs Field,day,3,3,False,,
40591,2006,2006-05-21,2006-05-21T17:05:00Z,R,Regular Season,N,1,Final,F,Cincinnati Reds,113,0,Detroit Tigers,116,1,Fernando Rodney,Aaron Harang,Todd Jones,9,Comerica Park,day,3,3,False,,
40601,2006,2006-05-21,2006-05-21T17:05:00Z,R,Regular Season,N,1,Final,F,Baltimore Orioles,110,1,Washington Nationals,120,3,Livan Hernandez,Bruce Chen,Chad Cordero,9,Robert F. Kennedy Memorial Stadium,day,3,3,False,,
40600,2006,2006-05-21,2006-05-21T17:15:00Z,R,Regular Season,N,1,Final,F,Florida Marlins,146,0,Tampa Bay Devil Rays,139,3,Scott Kazmir,Dontrelle Willis,Tyler Walker,9,Tropicana Field,day,3,3,False,,
40598,2006,2006-05-21,2006-05-21T17:35:00Z,R,Regular Season,N,1,Final,F,Boston Red Sox,111,5,Philadelphia Phillies,143,10,Cory Lidle,Lenny DiNardo,,9,Citizens Bank Park,day,3,3,False,,
40588,2006,2006-05-21,2006-05-21T18:05:00Z,R,Regular Season,N,1,Final,F,Chicago Cubs,112,7,Chicago White Sox,145,4,Carlos Zambrano,Neal Cotts,Ryan Dempster,9,U.S. Cellular Field,day,3,3,False,,
40592,2006,2006-05-21,2006-05-21T18:05:00Z,R,Regular Season,N,1,Final,F,Texas Rangers,140,0,Houston Astros,117,5,Taylor Buchholz,John Koronka,,9,Minute Maid Park,day,3,3,False,,
40595,2006,2006-05-21,2006-05-21T18:05:00Z,R,Regular Season,N,1,Final,F,Minnesota Twins,142,3,Milwaukee Brewers,158,5,Chris Capuano,Jesse Crain,Derrick Turnbow,9,Miller Park,day,3,3,False,,
40593,2006,2006-05-21,2006-05-21T18:10:00Z,R,Regular Season,N,1,Final,F,St. Louis Cardinals,138,10,Kansas City Royals,118,3,Jeff Suppan,Scott Elarton,,9,Kauffman Stadium,day,3,3,False,,
40590,2006,2006-05-21,2006-05-21T19:05:00Z,R,Regular Season,N,1,Final,F,Toronto Blue Jays,141,3,Colorado Rockies,115,5,Josh Fogg,Ted Lilly,Brian Fuentes,9,Coors Field,day,3,3,False,,
40597,2006,2006-05-21,2006-05-21T20:05:00Z,R,Regular Season,N,1,Final,F,San Francisco Giants,137,6,Oakland Athletics,133,0,Matt Cain,Joe Blanton,,9,McAfee Coliseum,day,3,3,False,,
40599,2006,2006-05-21,2006-05-21T20:05:00Z,R,Regular Season,N,1,Final,F,San Diego Padres,135,8,Seattle Mariners,136,10,Félix Hernández,Chan Ho Park,J.J. Putz,9,Safeco Field,day,3,3,False,,
40594,2006,2006-05-21,2006-05-21T20:10:00Z,R,Regular Season,N,1,Final,F,Los Angeles Angels,108,0,Los Angeles Dodgers,119,7,Derek Lowe,Ervin Santana,,9,Dodger Stadium,day,3,3,False,,
40587,2006,2006-05-21,2006-05-21T20:40:00Z,R,Regular Season,N,1,Final,F,Atlanta Braves,144,2,Arizona Diamondbacks,109,1,Tim Hudson,Juan Cruz,Macay McBride,9,Chase Field,day,3,3,False,,
40596,2006,2006-05-21,2006-05-22T00:05:00Z,R,Regular Season,N,1,Final,F,New York Yankees,147,3,New York Mets,121,4,Tom Glavine,Aaron Small,Billy Wagner,9,Shea Stadium,night,3,3,False,,
40613,2006,2006-05-22,2006-05-22T20:07:00Z,R,Regular Season,N,1,Final,F,Tampa Bay Devil Rays,139,4,Toronto Blue Jays,141,6,Casey Janssen,Seth McClung,B.J. Ryan,9,Rogers Centre,day,1,3,False,,
40603,2006,2006-05-22,2006-05-22T23:05:00Z,R,Regular Season,N,1,Final,F,New York Yankees,147,5,Boston Red Sox,111,9,Curt Schilling,Chien-Ming Wang,,9,Fenway Park,night,1,3,False,,
40606,2006,2006-05-22,2006-05-22T23:05:00Z,R,Regular Season,N,1,Final,F,Chicago Cubs,112,1,Florida Marlins,146,9,Ricky Nolasco,Sean Marshall,,9,Dolphin Stadium,night,1,3,False,,
40614,2006,2006-05-22,2006-05-22T23:05:00Z,R,Regular Season,N,1,Final,F,Houston Astros,117,10,Washington Nationals,120,3,Wandy Rodriguez,Zach Day,,9,Robert F. Kennedy Memorial Stadium,night,1,4,False,,
40605,2006,2006-05-22,2006-05-22T23:10:00Z,R,Regular Season,N,1,Final,F,Milwaukee Brewers,158,5,Cincinnati Reds,113,15,Bronson Arroyo,Dave Bush,,9,Great American Ball Park,night,1,3,False,,
40604,2006,2006-05-22,2006-05-23T00:05:00Z,R,Regular Season,N,1,Final,F,Oakland Athletics,133,4,Chicago White Sox,145,5,Bobby Jenks,Ron Flores,,10,U.S. Cellular Field,night,1,3,False,,
40612,2006,2006-05-22,2006-05-23T00:05:00Z,R,Regular Season,N,1,Final,F,Los Angeles Angels,108,2,Texas Rangers,140,3,Kameron Loe,Kelvim Escobar,Akinori Otsuka,9,Ameriquest Field,night,1,3,False,,
40607,2006,2006-05-22,2006-05-23T00:10:00Z,R,Regular Season,N,1,Final,F,Detroit Tigers,116,8,Kansas City Royals,118,0,Justin Verlander,Jeremy Affeldt,,9,Kauffman Stadium,night,1,4,False,,
40602,2006,2006-05-22,2006-05-23T01:40:00Z,R,Regular Season,N,1,Final,F,Pittsburgh Pirates,134,3,Arizona Diamondbacks,109,4,Brandon Medders,Damaso Marte,Jose Valverde,9,Chase Field,night,1,3,False,,
40609,2006,2006-05-22,2006-05-23T02:05:00Z,R,Regular Season,N,1,Final,F,Atlanta Braves,144,3,San Diego Padres,135,1,John Smoltz,Jake Peavy,Chris Reitsma,9,PETCO Park,night,1,3,False,,
40611,2006,2006-05-22,2006-05-23T02:05:00Z,R,Regular Season,N,1,Final,F,Baltimore Orioles,110,6,Seattle Mariners,136,8,Jamie Moyer,Erik Bedard,Eddie Guardado,9,Safeco Field,night,1,4,False,,
40608,2006,2006-05-22,2006-05-23T02:10:00Z,R,Regular Season,N,1,Final,F,Colorado Rockies,115,1,Los Angeles Dodgers,119,6,Jae Weong Seo,Byung-Hyun Kim,,9,Dodger Stadium,night,1,3,False,,
40610,2006,2006-05-22,2006-05-23T02:15:00Z,R,Regular Season,N,1,Final,F,St. Louis Cardinals,138,2,San Francisco Giants,137,9,Jamey Wright,Mark Mulder,,9,AT&T Park,night,1,3,False,,
40616,2006,2006-05-23,2006-05-23T23:05:00Z,R,Regular Season,N,1,Final,F,New York Yankees,147,7,Boston Red Sox,111,5,Jaret Wright,Tim Wakefield,Mariano Rivera,9,Fenway Park,night,2,3,False,,
40619,2006,2006-05-23,2006-05-23T23:05:00Z,R,Regular Season,N,1,Final,F,Chicago Cubs,112,4,Florida Marlins,146,5,Logan Kensing,Ryan Dempster,,9,Dolphin Stadium,night,2,3,False,,
40629,2006,2006-05-23,2006-05-23T23:05:00Z,R,Regular Season,N,1,Final,F,Houston Astros,117,1,Washington Nationals,120,4,Ramón Ortiz,Fernando Nieve,Chad Cordero,9,Robert F. Kennedy Memorial Stadium,night,2,4,False,,
40628,2006,2006-05-23,2006-05-23T23:07:00Z,R,Regular Season,N,1,Final,F,Tampa Bay Devil Rays,139,1,Toronto Blue Jays,141,4,Roy Halladay,Mark Hendrickson,B.J. Ryan,9,Rogers Centre,night,2,3,False,,
40618,2006,2006-05-23,2006-05-23T23:10:00Z,R,Regular Season,N,1,Final,F,Milwaukee Brewers,158,3,Cincinnati Reds,113,7,Elizardo Ramirez,Dana Eveland,,9,Great American Ball Park,night,2,3,False,,
40623,2006,2006-05-23,2006-05-23T23:10:00Z,R,Regular Season,N,1,Final,F,Philadelphia Phillies,143,8,New York Mets,121,9,Darren Oliver,Ryan Madson,,16,Shea Stadium,night,1,3,False,,
40617,2006,2006-05-23,2006-05-24T00:05:00Z,R,Regular Season,N,1,Final,F,Oakland Athletics,133,3,Chicago White Sox,145,9,Javier Vazquez,Kirk Saarloos,,9,U.S. Cellular Field,night,2,3,False,,
40627,2006,2006-05-23,2006-05-24T00:05:00Z,R,Regular Season,N,1,Final,F,Los Angeles Angels,108,7,Texas Rangers,140,6,Hector Carrasco,Francisco Cordero,Francisco Rodríguez,9,Ameriquest Field,night,2,3,False,,
40620,2006,2006-05-23,2006-05-24T00:10:00Z,R,Regular Season,N,1,Final,F,Detroit Tigers,116,8,Kansas City Royals,118,5,Joel Zumaya,Elmer Dessens,Todd Jones,9,Kauffman Stadium,night,2,4,False,,
40622,2006,2006-05-23,2006-05-24T00:10:00Z,R,Regular Season,N,1,Final,F,Cleveland Indians,114,5,Minnesota Twins,142,6,Joe Nathan,Guillermo Mota,,10,Hubert H. Humphrey Metrodome,night,1,2,False,,
40615,2006,2006-05-23,2006-05-24T01:40:00Z,R,Regular Season,N,1,Final,F,Pittsburgh Pirates,134,3,Arizona Diamondbacks,109,7,Claudio Vargas,Victor Santos,,9,Chase Field,night,2,3,False,,
40624,2006,2006-05-23,2006-05-24T02:05:00Z,R,Regular Season,N,1,Final,F,Atlanta Braves,144,1,San Diego Padres,135,2,Mike Thompson,Jorge Sosa,Trevor Hoffman,9,PETCO Park,night,2,3,False,,
40626,2006,2006-05-23,2006-05-24T02:05:00Z,R,Regular Season,N,1,Final,F,Baltimore Orioles,110,14,Seattle Mariners,136,4,John Halama,Joel Pineiro,Chris Ray,9,Safeco Field,night,2,4,False,,
40621,2006,2006-05-23,2006-05-24T02:10:00Z,R,Regular Season,N,1,Final,F,Colorado Rockies,115,1,Los Angeles Dodgers,119,8,Brad Penny,Jason Jennings,,9,Dodger Stadium,night,2,3,False,,
40625,2006,2006-05-23,2006-05-24T02:15:00Z,R,Regular Season,N,1,Final,F,St. Louis Cardinals,138,8,San Francisco Giants,137,5,Jason Marquis,Matt Morris,Jason Isringhausen,9,AT&T Park,night,2,3,False,,
40634,2006,2006-05-24,2006-05-24T17:05:00Z,R,Regular Season,N,1,Final,F,Chicago Cubs,112,3,Florida Marlins,146,9,Brian Moehler,Greg Maddux,,9,Dolphin Stadium,day,3,3,False,,
40637,2006,2006-05-24,2006-05-24T17:10:00Z,R,Regular Season,N,1,Final,F,Cleveland Indians,114,11,Minnesota Twins,142,0,CC Sabathia,Brad Radke,,9,Hubert H. Humphrey Metrodome,day,2,2,False,,
40642,2006,2006-05-24,2006-05-24T18:05:00Z,R,Regular Season,N,1,Final,F,Los Angeles Angels,108,8,Texas Rangers,140,5,Jeff Weaver,Robinson Tejeda,,9,Ameriquest Field,day,3,3,False,,
40640,2006,2006-05-24,2006-05-24T19:35:00Z,R,Regular Season,N,1,Final,F,St. Louis Cardinals,138,10,San Francisco Giants,137,4,Adam Wainwright,Noah Lowry,,9,AT&T Park,day,3,3,False,,
40630,2006,2006-05-24,2006-05-24T22:40:00Z,R,Regular Season,N,1,Final,F,Pittsburgh Pirates,134,7,Arizona Diamondbacks,109,8,Miguel Batista,Zach Duke,Jose Valverde,9,Chase Field,day,3,3,False,,
40631,2006,2006-05-24,2006-05-24T23:05:00Z,R,Regular Season,N,1,Final,F,New York Yankees,147,8,Boston Red Sox,111,6,Randy Johnson,Matt Clement,Mariano Rivera,9,Fenway Park,night,3,3,False,,
40644,2006,2006-05-24,2006-05-24T23:05:00Z,R,Regular Season,N,1,Final,F,Houston Astros,117,1,Washington Nationals,120,5,Gary Majewski,Dan Wheeler,,9,Robert F. Kennedy Memorial Stadium,night,3,4,False,,
40643,2006,2006-05-24,2006-05-24T23:07:00Z,R,Regular Season,N,1,Final,F,Tampa Bay Devil Rays,139,10,Toronto Blue Jays,141,8,Shawn Camp,Jason Frasor,Tyler Walker,9,Rogers Centre,night,3,3,False,,
40633,2006,2006-05-24,2006-05-24T23:10:00Z,R,Regular Season,N,1,Final,F,Milwaukee Brewers,158,6,Cincinnati Reds,113,2,Doug Davis,Brandon Claussen,,9,Great American Ball Park,night,3,3,False,,
40638,2006,2006-05-24,2006-05-24T23:10:00Z,R,Regular Season,N,1,Final,F,Philadelphia Phillies,143,4,New York Mets,121,5,Pedro Feliciano,Rheal Cormier,Billy Wagner,9,Shea Stadium,night,2,3,False,,
40632,2006,2006-05-24,2006-05-25T00:05:00Z,R,Regular Season,N,1,Final,F,Oakland Athletics,133,2,Chicago White Sox,145,3,Mark Buehrle,Dan Haren,Bobby Jenks,9,U.S. Cellular Field,night,3,3,False,,
40635,2006,2006-05-24,2006-05-25T00:10:00Z,R,Regular Season,N,1,Final,F,Detroit Tigers,116,6,Kansas City Royals,118,3,Jeremy Bonderman,Jimmy Gobble,Todd Jones,9,Kauffman Stadium,night,3,4,False,,
40639,2006,2006-05-24,2006-05-25T02:05:00Z,R,Regular Season,N,1,Final,F,Atlanta Braves,144,10,San Diego Padres,135,6,John Thomson,Chris Young,,9,PETCO Park,night,3,3,False,,
40641,2006,2006-05-24,2006-05-25T02:05:00Z,R,Regular Season,N,1,Final,F,Baltimore Orioles,110,4,Seattle Mariners,136,7,Jarrod Washburn,Kris Benson,J.J. Putz,9,Safeco Field,night,3,4,False,,
40636,2006,2006-05-24,2006-05-25T02:10:00Z,R,Regular Season,N,1,Final,F,Colorado Rockies,115,1,Los Angeles Dodgers,119,7,Aaron Sele,Aaron Cook,,9,Dodger Stadium,night,3,3,False,,
40650,2006,2006-05-25,2006-05-25T17:05:00Z,R,Regular Season,N,1,Final,F,Houston Astros,117,5,Washington Nationals,120,8,Tony Armas,Andy Pettitte,Chad Cordero,9,Robert F. Kennedy Memorial Stadium,day,4,4,False,,
40647,2006,2006-05-25,2006-05-25T17:10:00Z,R,Regular Season,N,1,Final,F,Philadelphia Phillies,143,5,New York Mets,121,3,Brett Myers,Pedro Feliciano,Tom Gordon,9,Shea Stadium,day,3,3,False,,
40646,2006,2006-05-25,2006-05-25T18:10:00Z,R,Regular Season,N,1,Final,F,Detroit Tigers,116,13,Kansas City Royals,118,8,Joel Zumaya,Elmer Dessens,,9,Kauffman Stadium,day,4,4,False,,
40648,2006,2006-05-25,2006-05-25T20:35:00Z,R,Regular Season,N,1,Final,F,Baltimore Orioles,110,2,Seattle Mariners,136,0,Rodrigo Lopez,Gil Meche,Chris Ray,9,Safeco Field,day,4,4,False,,
40645,2006,2006-05-25,2006-05-25T23:05:00Z,R,Regular Season,N,1,Final,F,Tampa Bay Devil Rays,139,1,Boston Red Sox,111,4,Josh Beckett,Doug Waechter,Jonathan Papelbon,9,Fenway Park,night,1,4,False,,
40649,2006,2006-05-25,2006-05-26T00:05:00Z,R,Regular Season,N,1,Final,F,Oakland Athletics,133,7,Texas Rangers,140,8,Akinori Otsuka,Huston Street,,9,Ameriquest Field,night,1,4,False,,
40652,2006,2006-05-26,2006-05-26T18:20:00Z,R,Regular Season,N,1,Final,F,Atlanta Braves,144,6,Chicago Cubs,112,5,Mike Remlinger,Ryan Dempster,Ken Ray,9,Wrigley Field,day,1,3,False,,
40651,2006,2006-05-26,2006-05-26T23:05:00Z,R,Regular Season,N,1,Final,F,Tampa Bay Devil Rays,139,4,Boston Red Sox,111,8,Julian Tavarez,Scott Kazmir,Jonathan Papelbon,9,Fenway Park,night,2,4,False,,
40654,2006,2006-05-26,2006-05-26T23:05:00Z,R,Regular Season,N,1,Final,F,Cleveland Indians,114,3,Detroit Tigers,116,8,Nate Robertson,Jake Westbrook,,9,Comerica Park,night,1,3,False,,
40658,2006,2006-05-26,2006-05-26T23:05:00Z,R,Regular Season,N,1,Final,F,Kansas City Royals,118,7,New York Yankees,147,6,Scott Elarton,Kyle Farnsworth,Andrew Sisco,9,Yankee Stadium I,night,1,3,False,,
40659,2006,2006-05-26,2006-05-26T23:05:00Z,R,Regular Season,N,1,Final,F,Milwaukee Brewers,158,6,Philadelphia Phillies,143,5,Derrick Turnbow,Tom Gordon,Brian Shouse,10,Citizens Bank Park,night,1,3,False,,
40660,2006,2006-05-26,2006-05-26T23:05:00Z,R,Regular Season,N,1,Final,F,Houston Astros,117,5,Pittsburgh Pirates,134,12,Ian Snell,Taylor Buchholz,,9,PNC Park,night,1,3,False,,
40665,2006,2006-05-26,2006-05-26T23:05:00Z,R,Regular Season,N,1,Final,F,Los Angeles Dodgers,119,4,Washington Nationals,120,10,Livan Hernandez,Brett Tomko,,9,Robert F. Kennedy Memorial Stadium,night,1,3,False,,
40664,2006,2006-05-26,2006-05-26T23:07:00Z,R,Regular Season,N,1,Final,F,Chicago White Sox,145,2,Toronto Blue Jays,141,8,Ted Lilly,Freddy Garcia,,9,Rogers Centre,night,1,3,False,,
40653,2006,2006-05-26,2006-05-26T23:10:00Z,R,Regular Season,N,1,Final,F,Arizona Diamondbacks,109,3,Cincinnati Reds,113,0,Brandon Webb,Eric Milton,,9,Great American Ball Park,night,1,3,False,,
40655,2006,2006-05-26,2006-05-26T23:35:00Z,R,Regular Season,N,1,Final,F,New York Mets,121,1,Florida Marlins,146,5,Josh Johnson,Pedro Martínez,,9,Dolphin Stadium,night,1,3,False,,
40663,2006,2006-05-26,2006-05-27T00:05:00Z,R,Regular Season,N,1,Final,F,Oakland Athletics,133,3,Texas Rangers,140,5,Francisco Cordero,Chad Gaudin,Akinori Otsuka,9,Ameriquest Field,night,2,4,False,,
40657,2006,2006-05-26,2006-05-27T00:32:00Z,R,Regular Season,N,1,Final,F,Seattle Mariners,136,1,Minnesota Twins,142,3,Francisco Liriano,Félix Hernández,Joe Nathan,9,Hubert H. Humphrey Metrodome,night,1,3,False,,
40656,2006,2006-05-26,2006-05-27T02:05:00Z,R,Regular Season,N,1,Final,F,Baltimore Orioles,110,2,Los Angeles Angels,108,5,Scot Shields,Todd Williams,Francisco Rodríguez,9,Angel Stadium of Anaheim,night,1,3,False,,
40661,2006,2006-05-26,2006-05-27T02:05:00Z,R,Regular Season,N,1,Final,F,St. Louis Cardinals,138,1,San Diego Padres,135,7,Clay Hensley,Jeff Suppan,,9,PETCO Park,night,1,3,False,,
40662,2006,2006-05-26,2006-05-27T02:15:00Z,R,Regular Season,N,1,Final,F,Colorado Rockies,115,0,San Francisco Giants,137,9,Jason Schmidt,Jeff Francis,,9,AT&T Park,night,1,3,False,,
40667,2006,2006-05-27,2006-05-27T17:20:00Z,R,Regular Season,N,1,Final,F,Atlanta Braves,144,2,Chicago Cubs,112,1,Horacio Ramirez,Sean Marshall,Mike Remlinger,9,Wrigley Field,day,2,3,False,,
40670,2006,2006-05-27,2006-05-27T17:20:00Z,R,Regular Season,N,1,Final,F,New York Mets,121,7,Florida Marlins,146,4,Tom Glavine,Dontrelle Willis,Billy Wagner,9,Dolphin Stadium,day,2,3,False,,
40680,2006,2006-05-27,2006-05-27T17:20:00Z,R,Regular Season,N,1,Final,F,Los Angeles Dodgers,119,3,Washington Nationals,120,1,Derek Lowe,Mike Stanton,Takashi Saito,9,Robert F. Kennedy Memorial Stadium,day,2,3,False,,
40673,2006,2006-05-27,2006-05-27T20:05:00Z,R,Regular Season,N,1,Final,F,Kansas City Royals,118,4,New York Yankees,147,15,Chien-Ming Wang,Jeremy Affeldt,,9,Yankee Stadium I,day,2,3,False,,
40676,2006,2006-05-27,2006-05-27T20:05:00Z,R,Regular Season,N,1,Final,F,St. Louis Cardinals,138,4,San Diego Padres,135,3,Sidney Ponson,Chan Ho Park,Jason Isringhausen,9,PETCO Park,day,2,3,False,,
40679,2006,2006-05-27,2006-05-27T20:07:00Z,R,Regular Season,N,1,Final,F,Chicago White Sox,145,2,Toronto Blue Jays,141,3,Scott Schoeneweis,Jeff Nelson,,11,Rogers Centre,day,2,3,False,,
40668,2006,2006-05-27,2006-05-27T22:10:00Z,R,Regular Season,N,1,Final,F,Arizona Diamondbacks,109,7,Cincinnati Reds,113,0,Juan Cruz,Aaron Harang,,9,Great American Ball Park,night,2,3,False,,
40666,2006,2006-05-27,2006-05-27T23:05:00Z,R,Regular Season,N,1,Final,F,Tampa Bay Devil Rays,139,4,Boston Red Sox,111,6,Curt Schilling,Seth McClung,Jonathan Papelbon,9,Fenway Park,night,3,4,False,,
40669,2006,2006-05-27,2006-05-27T23:05:00Z,R,Regular Season,N,1,Final,F,Cleveland Indians,114,1,Detroit Tigers,116,3,Justin Verlander,Paul Byrd,Todd Jones,9,Comerica Park,night,2,3,False,,
40674,2006,2006-05-27,2006-05-27T23:05:00Z,R,Regular Season,N,1,Final,F,Milwaukee Brewers,158,9,Philadelphia Phillies,143,6,Matt Wise,Ryan Franklin,Derrick Turnbow,9,Citizens Bank Park,night,2,3,False,,
40675,2006,2006-05-27,2006-05-27T23:05:00Z,R,Regular Season,N,1,Final,F,Houston Astros,117,7,Pittsburgh Pirates,134,8,Victor Santos,Mike Gallo,,18,PNC Park,night,2,3,False,,
40672,2006,2006-05-27,2006-05-27T23:10:00Z,R,Regular Season,N,1,Final,F,Seattle Mariners,136,5,Minnesota Twins,142,9,Boof Bonser,Jamie Moyer,Juan Rincon,9,Hubert H. Humphrey Metrodome,night,2,3,False,,
40678,2006,2006-05-27,2006-05-28T00:05:00Z,R,Regular Season,N,1,Final,F,Oakland Athletics,133,6,Texas Rangers,140,3,Barry Zito,Kameron Loe,Huston Street,9,Ameriquest Field,night,3,4,False,,
40677,2006,2006-05-27,2006-05-28T01:05:00Z,R,Regular Season,N,1,Final,F,Colorado Rockies,115,1,San Francisco Giants,137,4,Matt Cain,Josh Fogg,Armando Benítez,9,AT&T Park,night,2,3,False,,
40671,2006,2006-05-27,2006-05-28T02:05:00Z,R,Regular Season,N,1,Final,F,Baltimore Orioles,110,1,Los Angeles Angels,108,10,Jered Weaver,Erik Bedard,,9,Angel Stadium of Anaheim,night,2,3,False,,
40684,2006,2006-05-28,2006-05-28T17:05:00Z,R,Regular Season,N,1,Final,F,Cleveland Indians,114,9,Detroit Tigers,116,0,Jason Johnson,Kenny Rogers,,9,Comerica Park,day,3,3,False,,
40685,2006,2006-05-28,2006-05-28T17:05:00Z,R,Regular Season,N,1,Final,F,New York Mets,121,7,Florida Marlins,146,3,Orlando Hernandez,Ricky Nolasco,,9,Dolphin Stadium,day,3,3,False,,
40688,2006,2006-05-28,2006-05-28T17:05:00Z,R,Regular Season,N,1,Final,F,Kansas City Royals,118,5,New York Yankees,147,6,Jaret Wright,Runelvys Hernandez,Mariano Rivera,9,Yankee Stadium I,day,3,3,False,,
40695,2006,2006-05-28,2006-05-28T17:05:00Z,R,Regular Season,N,1,Final,F,Los Angeles Dodgers,119,4,Washington Nationals,120,10,Ramón Ortiz,Jae Weong Seo,,9,Robert F. Kennedy Memorial Stadium,day,3,3,False,,
40694,2006,2006-05-28,2006-05-28T17:07:00Z,R,Regular Season,N,1,Final,F,Chicago White Sox,145,7,Toronto Blue Jays,141,5,Jon Garland,Ty Taubenheim,Bobby Jenks,9,Rogers Centre,day,3,3,False,,
40683,2006,2006-05-28,2006-05-28T17:15:00Z,R,Regular Season,N,1,Final,F,Arizona Diamondbacks,109,4,Cincinnati Reds,113,5,David Weathers,Jose Valverde,,9,Great American Ball Park,day,3,3,False,,
40689,2006,2006-05-28,2006-05-28T17:35:00Z,R,Regular Season,N,1,Final,F,Milwaukee Brewers,158,2,Philadelphia Phillies,143,6,Ryan Madson,Dana Eveland,,9,Citizens Bank Park,day,3,3,False,,
40690,2006,2006-05-28,2006-05-28T17:35:00Z,R,Regular Season,N,1,Final,F,Houston Astros,117,5,Pittsburgh Pirates,134,4,Chad Qualls,Salomon Torres,Brad Lidge,10,PNC Park,day,3,3,False,,
40681,2006,2006-05-28,2006-05-28T18:05:00Z,R,Regular Season,N,1,Final,F,Tampa Bay Devil Rays,139,4,Boston Red Sox,111,5,Tim Wakefield,Mark Hendrickson,Julian Tavarez,9,Fenway Park,day,4,4,False,,
40687,2006,2006-05-28,2006-05-28T18:10:00Z,R,Regular Season,N,1,Final,F,Seattle Mariners,136,3,Minnesota Twins,142,4,Joe Nathan,Eddie Guardado,,10,Hubert H. Humphrey Metrodome,day,3,3,False,,
40682,2006,2006-05-28,2006-05-28T18:20:00Z,R,Regular Season,N,1,Final,F,Atlanta Braves,144,13,Chicago Cubs,112,12,Oscar Villarreal,Scott Eyre,Ken Ray,11,Wrigley Field,day,3,3,False,,
40686,2006,2006-05-28,2006-05-28T19:35:00Z,R,Regular Season,N,1,Final,F,Baltimore Orioles,110,7,Los Angeles Angels,108,6,Kurt Birkins,Kelvim Escobar,Chris Ray,9,Angel Stadium of Anaheim,day,3,3,False,,
40691,2006,2006-05-28,2006-05-28T20:05:00Z,R,Regular Season,N,1,Final,F,St. Louis Cardinals,138,8,San Diego Padres,135,10,Jake Peavy,Mark Mulder,Trevor Hoffman,9,PETCO Park,day,3,3,False,,
40692,2006,2006-05-28,2006-05-28T20:05:00Z,R,Regular Season,N,1,Final,F,Colorado Rockies,115,6,San Francisco Giants,137,3,Byung-Hyun Kim,Jamey Wright,Brian Fuentes,9,AT&T Park,day,3,3,False,,
40693,2006,2006-05-28,2006-05-29T00:05:00Z,R,Regular Season,N,1,Final,F,Oakland Athletics,133,3,Texas Rangers,140,4,Vicente Padilla,Kirk Saarloos,Akinori Otsuka,9,Ameriquest Field,night,4,4,False,,
40696,2006,2006-05-29,2006-05-29T17:05:00Z,R,Regular Season,N,1,Final,F,Los Angeles Dodgers,119,12,Atlanta Braves,144,5,Joe Beimel,John Thomson,,9,Turner Field,day,1,3,False,,
40699,2006,2006-05-29,2006-05-29T17:05:00Z,R,Regular Season,N,1,Final,F,Chicago White Sox,145,11,Cleveland Indians,114,0,Javier Vazquez,Cliff Lee,,9,Jacobs Field,day,1,4,False,,
40700,2006,2006-05-29,2006-05-29T17:05:00Z,R,Regular Season,N,1,Final,F,New York Yankees,147,4,Detroit Tigers,116,0,Randy Johnson,Jeremy Bonderman,,9,Comerica Park,day,1,4,False,,
40698,2006,2006-05-29,2006-05-29T18:20:00Z,R,Regular Season,N,1,Final,F,Cincinnati Reds,113,3,Chicago Cubs,112,7,Kerry Wood,Elizardo Ramirez,Ryan Dempster,9,Wrigley Field,day,1,3,False,,
40708,2006,2006-05-29,2006-05-29T20:15:00Z,R,Regular Season,N,1,Final,F,Houston Astros,117,1,St. Louis Cardinals,138,3,Jason Marquis,Trever Miller,Jason Isringhausen,9,Busch Stadium,day,1,3,False,,
40701,2006,2006-05-29,2006-05-29T22:05:00Z,R,Regular Season,N,1,Final,F,San Francisco Giants,137,1,Florida Marlins,146,5,Scott Olsen,Matt Morris,,9,Dolphin Stadium,night,1,3,False,,
40705,2006,2006-05-29,2006-05-29T23:05:00Z,R,Regular Season,N,1,Final,F,Washington Nationals,120,2,Philadelphia Phillies,143,11,Clay Condrey,Michael O'Connor,,9,Citizens Bank Park,night,1,3,False,,
40706,2006,2006-05-29,2006-05-29T23:05:00Z,R,Regular Season,N,1,Final,F,Milwaukee Brewers,158,3,Pittsburgh Pirates,134,14,Zach Duke,Doug Davis,,9,PNC Park,night,1,4,False,,
40710,2006,2006-05-29,2006-05-29T23:07:00Z,R,Regular Season,N,1,Final,F,Boston Red Sox,111,6,Toronto Blue Jays,141,7,B.J. Ryan,David Riske,,9,Rogers Centre,night,1,3,False,,
40703,2006,2006-05-29,2006-05-29T23:10:00Z,R,Regular Season,N,1,Final,F,Arizona Diamondbacks,109,7,New York Mets,121,8,Duaner Sanchez,Jose Valverde,,9,Shea Stadium,night,1,3,False,,
40709,2006,2006-05-29,2006-05-30T00:05:00Z,R,Regular Season,N,1,Final,F,Seattle Mariners,136,0,Texas Rangers,140,2,John Rheinecker,Jarrod Washburn,Rick Bauer,9,Ameriquest Field,night,1,3,False,,
40702,2006,2006-05-29,2006-05-30T01:05:00Z,R,Regular Season,N,1,Final,F,Minnesota Twins,142,3,Los Angeles Angels,108,4,Scot Shields,Jesse Crain,,11,Angel Stadium of Anaheim,night,1,3,False,,
40704,2006,2006-05-29,2006-05-30T01:05:00Z,R,Regular Season,N,1,Final,F,Kansas City Royals,118,6,Oakland Athletics,133,4,Seth Etherton,Dan Haren,Ambiorix Burgos,9,McAfee Coliseum,night,1,3,False,,
40707,2006,2006-05-29,2006-05-30T01:05:00Z,R,Regular Season,N,1,Final,F,Colorado Rockies,115,5,San Diego Padres,135,0,Jason Jennings,Mike Thompson,,9,PETCO Park,night,1,3,False,,
40712,2006,2006-05-30,2006-05-30T23:05:00Z,R,Regular Season,N,1,Final,F,Tampa Bay Devil Rays,139,5,Baltimore Orioles,110,7,Rodrigo Lopez,Doug Waechter,Chris Ray,9,Oriole Park at Camden Yards,night,1,3,False,,
40714,2006,2006-05-30,2006-05-30T23:05:00Z,R,Regular Season,N,1,Final,F,Chicago White Sox,145,3,Cleveland Indians,114,4,CC Sabathia,Mark Buehrle,Bob Wickman,9,Jacobs Field,night,2,4,False,,
40715,2006,2006-05-30,2006-05-30T23:05:00Z,R,Regular Season,N,1,Final,F,New York Yankees,147,11,Detroit Tigers,116,6,Mariano Rivera,Todd Jones,,11,Comerica Park,night,2,4,False,,
40716,2006,2006-05-30,2006-05-30T23:05:00Z,R,Regular Season,N,1,Final,F,San Francisco Giants,137,3,Florida Marlins,146,5,Brian Moehler,Noah Lowry,Joe Borowski,9,Dolphin Stadium,night,2,3,False,,
40720,2006,2006-05-30,2006-05-30T23:05:00Z,R,Regular Season,N,1,Final,F,Washington Nationals,120,2,Philadelphia Phillies,143,4,Brett Myers,Tony Armas,Tom Gordon,9,Citizens Bank Park,night,2,3,False,,
40721,2006,2006-05-30,2006-05-30T23:05:00Z,R,Regular Season,N,1,Final,F,Milwaukee Brewers,158,1,Pittsburgh Pirates,134,12,Victor Santos,Jorge De La Rosa,,9,PNC Park,night,2,4,False,,
40725,2006,2006-05-30,2006-05-30T23:07:00Z,R,Regular Season,N,1,Final,F,Boston Red Sox,111,5,Toronto Blue Jays,141,8,Gustavo Chacín,Josh Beckett,B.J. Ryan,9,Rogers Centre,night,2,3,False,,
40718,2006,2006-05-30,2006-05-30T23:10:00Z,R,Regular Season,N,1,Final,F,Arizona Diamondbacks,109,7,New York Mets,121,2,Miguel Batista,Alay Soler,,9,Shea Stadium,night,2,3,False,,
40711,2006,2006-05-30,2006-05-30T23:35:00Z,R,Regular Season,N,1,Final,F,Los Angeles Dodgers,119,8,Atlanta Braves,144,3,Danys Baez,Mike Remlinger,,9,Turner Field,night,2,3,False,,
40713,2006,2006-05-30,2006-05-31T00:05:00Z,R,Regular Season,N,1,Final,F,Cincinnati Reds,113,3,Chicago Cubs,112,8,Greg Maddux,Brandon Claussen,,9,Wrigley Field,night,2,3,False,,
40724,2006,2006-05-30,2006-05-31T00:05:00Z,R,Regular Season,N,1,Final,F,Seattle Mariners,136,4,Texas Rangers,140,6,Kevin Millwood,Gil Meche,Akinori Otsuka,9,Ameriquest Field,night,2,3,False,,
40723,2006,2006-05-30,2006-05-31T00:10:00Z,R,Regular Season,N,1,Final,F,Houston Astros,117,6,St. Louis Cardinals,138,3,Andy Pettitte,Josh Hancock,Brad Lidge,9,Busch Stadium,night,2,3,False,,
40717,2006,2006-05-30,2006-05-31T02:05:00Z,R,Regular Season,N,1,Final,F,Minnesota Twins,142,3,Los Angeles Angels,108,6,Jeff Weaver,Scott Baker,Francisco Rodríguez,9,Angel Stadium of Anaheim,night,2,3,False,,
40719,2006,2006-05-30,2006-05-31T02:05:00Z,R,Regular Season,N,1,Final,F,Kansas City Royals,118,8,Oakland Athletics,133,7,Elmer Dessens,Matt Roney,Ambiorix Burgos,10,McAfee Coliseum,night,2,3,False,,
40722,2006,2006-05-30,2006-05-31T02:05:00Z,R,Regular Season,N,1,Final,F,Colorado Rockies,115,0,San Diego Padres,135,2,Chris Young,Aaron Cook,Trevor Hoffman,9,PETCO Park,night,2,3,False,,
40735,2006,2006-05-31,2006-05-31T17:05:00Z,R,Regular Season,N,1,Final,F,Washington Nationals,120,3,Philadelphia Phillies,143,2,Livan Hernandez,Cory Lidle,Chad Cordero,9,Citizens Bank Park,day,3,3,False,,
40738,2006,2006-05-31,2006-05-31T17:10:00Z,R,Regular Season,N,1,Final,F,Houston Astros,117,3,St. Louis Cardinals,138,4,Braden Looper,Mike Gallo,,11,Busch Stadium,day,3,3,False,,
40739,2006,2006-05-31,2006-05-31T18:05:00Z,R,Regular Season,N,1,Final,F,Seattle Mariners,136,14,Texas Rangers,140,5,Félix Hernández,John Koronka,,9,Ameriquest Field,day,3,3,False,,
40734,2006,2006-05-31,2006-05-31T19:35:00Z,R,Regular Season,N,1,Final,F,Kansas City Royals,118,0,Oakland Athletics,133,7,Joe Blanton,Scott Elarton,,9,McAfee Coliseum,day,3,3,False,,
40737,2006,2006-05-31,2006-05-31T19:35:00Z,R,Regular Season,N,1,Final,F,Colorado Rockies,115,2,San Diego Padres,135,3,Clay Hensley,Jeff Francis,Trevor Hoffman,9,PETCO Park,day,3,3,False,,
40727,2006,2006-05-31,2006-05-31T23:05:00Z,R,Regular Season,N,1,Final,F,Tampa Bay Devil Rays,139,5,Baltimore Orioles,110,6,Sendy Rleal,Tyler Walker,,11,Oriole Park at Camden Yards,night,2,3,False,,
40729,2006,2006-05-31,2006-05-31T23:05:00Z,R,Regular Season,N,1,Final,F,Chicago White Sox,145,0,Cleveland Indians,114,5,Jake Westbrook,Freddy Garcia,,9,Jacobs Field,night,3,4,False,,
40730,2006,2006-05-31,2006-05-31T23:05:00Z,R,Regular Season,N,1,Final,F,New York Yankees,147,6,Detroit Tigers,116,1,Mike Mussina,Nate Robertson,,9,Comerica Park,night,3,4,False,,
40731,2006,2006-05-31,2006-05-31T23:05:00Z,R,Regular Season,N,1,Final,F,San Francisco Giants,137,6,Florida Marlins,146,1,Jason Schmidt,Josh Johnson,,9,Dolphin Stadium,night,3,3,False,,
40736,2006,2006-05-31,2006-05-31T23:05:00Z,R,Regular Season,N,1,Final,F,Milwaukee Brewers,158,1,Pittsburgh Pirates,134,6,Ian Snell,Chris Capuano,,9,PNC Park,night,3,4,False,,
40740,2006,2006-05-31,2006-05-31T23:07:00Z,R,Regular Season,N,1,Final,F,Boston Red Sox,111,8,Toronto Blue Jays,141,6,Jermaine Van Buren,Ted Lilly,Jonathan Papelbon,9,Rogers Centre,night,3,3,False,,
40733,2006,2006-05-31,2006-05-31T23:10:00Z,R,Regular Season,N,1,Final,F,Arizona Diamondbacks,109,0,New York Mets,121,1,Duaner Sanchez,Jason Grimsley,,13,Shea Stadium,night,3,3,False,,
40726,2006,2006-05-31,2006-05-31T23:35:00Z,R,Regular Season,N,1,Final,F,Los Angeles Dodgers,119,3,Atlanta Braves,144,9,Tim Hudson,Brett Tomko,,9,Turner Field,night,3,3,False,,
40728,2006,2006-05-31,2006-06-01T00:05:00Z,R,Regular Season,N,1,Final,F,Cincinnati Reds,113,3,Chicago Cubs,112,2,Eric Milton,Carlos Zambrano,Todd Coffey,9,Wrigley Field,night,3,3,False,,
40732,2006,2006-05-31,2006-06-01T02:05:00Z,R,Regular Season,N,1,Final,F,Minnesota Twins,142,7,Los Angeles Angels,108,1,Francisco Liriano,Ervin Santana,,9,Angel Stadium of Anaheim,night,3,3,False,,
40746,2006,2006-06-01,2006-06-01T16:35:00Z,R,Regular Season,N,1,Final,F,Milwaukee Brewers,158,3,Pittsburgh Pirates,134,4,John Grabow,Derrick Turnbow,,9,PNC Park,day,4,4,False,,
40697,2006,2006-06-01,2006-06-01T23:05:00Z,R,Regular Season,N,1,Final,F,Tampa Bay Devil Rays,139,8,Baltimore Orioles,110,6,Travis Harper,Erik Bedard,,9,Oriole Park at Camden Yards,night,3,3,False,,
40742,2006,2006-06-01,2006-06-01T23:05:00Z,R,Regular Season,N,1,Final,F,Chicago White Sox,145,8,Cleveland Indians,114,12,Fernando Cabrera,Matt Thornton,,9,Jacobs Field,night,4,4,False,,
40743,2006,2006-06-01,2006-06-01T23:05:00Z,R,Regular Season,N,1,Final,F,New York Yankees,147,6,Detroit Tigers,116,7,Fernando Rodney,Kyle Farnsworth,,9,Comerica Park,night,4,4,False,,
40741,2006,2006-06-01,2006-06-01T23:35:00Z,R,Regular Season,N,1,Final,F,Arizona Diamondbacks,109,2,Atlanta Braves,144,1,Juan Cruz,Horacio Ramirez,Jorge Julio,9,Turner Field,night,1,4,False,,
40745,2006,2006-06-01,2006-06-02T02:05:00Z,R,Regular Season,N,1,Final,F,Minnesota Twins,142,0,Oakland Athletics,133,4,Barry Zito,Boof Bonser,,9,McAfee Coliseum,night,1,4,False,,
40744,2006,2006-06-01,2006-06-02T02:10:00Z,R,Regular Season,N,1,Final,F,Philadelphia Phillies,143,2,Los Angeles Dodgers,119,7,Derek Lowe,Gavin Floyd,,9,Dodger Stadium,night,1,4,False,,
40748,2006,2006-06-02,2006-06-02T23:05:00Z,R,Regular Season,N,1,Final,F,New York Yankees,147,6,Baltimore Orioles,110,5,Kyle Farnsworth,Chris Ray,,9,Oriole Park at Camden Yards,night,1,3,False,,
40750,2006,2006-06-02,2006-06-02T23:05:00Z,R,Regular Season,N,1,Final,F,Los Angeles Angels,108,10,Cleveland Indians,114,3,Jered Weaver,Jason Johnson,,9,Jacobs Field,night,1,3,False,,
40752,2006,2006-06-02,2006-06-02T23:05:00Z,R,Regular Season,N,1,Final,F,Boston Red Sox,111,3,Detroit Tigers,116,2,Rudy Seanez,Todd Jones,Jonathan Papelbon,9,Comerica Park,night,1,3,False,,
40758,2006,2006-06-02,2006-06-02T23:05:00Z,R,Regular Season,N,1,Completed Early,F,San Diego Padres,135,7,Pittsburgh Pirates,134,0,Chan Ho Park,Oliver Pérez,,6,PNC Park,night,1,3,False,,
40761,2006,2006-06-02,2006-06-02T23:15:00Z,R,Regular Season,N,1,Final,F,Toronto Blue Jays,141,13,Tampa Bay Devil Rays,139,4,Casey Janssen,Seth McClung,,9,Tropicana Field,night,1,3,False,,
40753,2006,2006-06-02,2006-06-03T00:05:00Z,R,Regular Season,N,1,Final,F,Cincinnati Reds,113,14,Houston Astros,117,3,Aaron Harang,Wandy Rodriguez,,9,Minute Maid Park,night,1,3,False,,
40755,2006,2006-06-02,2006-06-03T00:05:00Z,R,Regular Season,N,1,Final,F,Washington Nationals,120,10,Milwaukee Brewers,158,4,Ramón Ortiz,Dana Eveland,,9,Miller Park,night,1,3,False,,
40760,2006,2006-06-02,2006-06-03T00:10:00Z,R,Regular Season,N,1,Final,F,Chicago Cubs,112,5,St. Louis Cardinals,138,4,Ryan Dempster,Josh Hancock,,14,Busch Stadium,night,1,3,False,,
40749,2006,2006-06-02,2006-06-03T00:35:00Z,R,Regular Season,N,1,Final,F,Texas Rangers,140,4,Chicago White Sox,145,3,Francisco Cordero,Brandon McCarthy,Akinori Otsuka,9,U.S. Cellular Field,night,1,3,False,,
40751,2006,2006-06-02,2006-06-03T01:05:00Z,R,Regular Season,N,1,Final,F,Florida Marlins,146,4,Colorado Rockies,115,2,Dontrelle Willis,Josh Fogg,Logan Kensing,9,Coors Field,night,1,3,False,,
40757,2006,2006-06-02,2006-06-03T02:05:00Z,R,Regular Season,N,1,Final,F,Minnesota Twins,142,2,Oakland Athletics,133,1,Johan Santana,Kirk Saarloos,Joe Nathan,9,McAfee Coliseum,night,2,4,False,,
40759,2006,2006-06-02,2006-06-03T02:05:00Z,R,Regular Season,N,1,Final,F,Kansas City Royals,118,0,Seattle Mariners,136,4,Jamie Moyer,Bob Keppel,,9,Safeco Field,night,1,4,False,,
40754,2006,2006-06-02,2006-06-03T02:40:00Z,R,Regular Season,N,1,Final,F,Philadelphia Phillies,143,8,Los Angeles Dodgers,119,6,Geoff Geary,Danys Baez,Tom Gordon,9,Dodger Stadium,night,2,4,False,,
40747,2006,2006-06-03,2006-06-03T17:05:00Z,R,Regular Season,S,1,Final,F,Arizona Diamondbacks,109,4,Atlanta Braves,144,2,Enrique Gonzalez,John Smoltz,Jorge Julio,9,Turner Field,day,2,4,False,,
40765,2006,2006-06-03,2006-06-03T17:20:00Z,R,Regular Season,N,1,Final,F,Los Angeles Angels,108,2,Cleveland Indians,114,14,Cliff Lee,Kelvim Escobar,,9,Jacobs Field,day,2,3,False,,
40771,2006,2006-06-03,2006-06-03T17:20:00Z,R,Regular Season,Y,1,Final,F,San Francisco Giants,137,6,New York Mets,121,4,Matt Cain,Orlando Hernandez,Armando Benítez,9,Shea Stadium,day,1,3,False,,
40756,2006,2006-06-03,2006-06-03T17:25:00Z,R,Regular Season,Y,2,Final,F,San Francisco Giants,137,2,New York Mets,121,3,Duaner Sanchez,Brian Wilson,,11,Shea Stadium,day,2,3,False,,
40772,2006,2006-06-03,2006-06-03T20:05:00Z,R,Regular Season,N,1,Final,F,Minnesota Twins,142,1,Oakland Athletics,133,2,Brad Halsey,Brad Radke,Huston Street,9,McAfee Coliseum,day,3,4,False,,
40775,2006,2006-06-03,2006-06-03T20:05:00Z,R,Regular Season,N,1,Final,F,Chicago Cubs,112,8,St. Louis Cardinals,138,5,Glendon Rusch,Mark Mulder,Bob Howry,9,Busch Stadium,day,2,3,False,,
40769,2006,2006-06-03,2006-06-03T20:10:00Z,R,Regular Season,N,1,Final,F,Philadelphia Phillies,143,2,Los Angeles Dodgers,119,8,Brad Penny,Eude Brito,,9,Dodger Stadium,day,3,4,False,,
40763,2006,2006-06-03,2006-06-03T20:35:00Z,R,Regular Season,N,1,Final,F,New York Yankees,147,6,Baltimore Orioles,110,5,Scott Proctor,Chris Ray,Chien-Ming Wang,10,Oriole Park at Camden Yards,day,2,3,False,,
40762,2006,2006-06-03,2006-06-03T23:05:00Z,R,Regular Season,S,2,Final,F,Arizona Diamondbacks,109,13,Atlanta Braves,144,9,Claudio Vargas,John Thomson,,9,Turner Field,night,3,4,False,,
40764,2006,2006-06-03,2006-06-03T23:05:00Z,R,Regular Season,N,1,Final,F,Texas Rangers,140,6,Chicago White Sox,145,8,Javier Vazquez,Vicente Padilla,Bobby Jenks,9,U.S. Cellular Field,night,2,3,False,,
40767,2006,2006-06-03,2006-06-03T23:05:00Z,R,Regular Season,N,1,Final,F,Boston Red Sox,111,2,Detroit Tigers,116,6,Jeremy Bonderman,Tim Wakefield,Fernando Rodney,9,Comerica Park,night,2,3,False,,
40768,2006,2006-06-03,2006-06-03T23:05:00Z,R,Regular Season,N,1,Final,F,Cincinnati Reds,113,7,Houston Astros,117,5,Bronson Arroyo,Andy Pettitte,,9,Minute Maid Park,night,2,3,False,,
40770,2006,2006-06-03,2006-06-03T23:05:00Z,R,Regular Season,N,1,Final,F,Washington Nationals,120,4,Milwaukee Brewers,158,3,Bill Bray,Derrick Turnbow,Chad Cordero,9,Miller Park,night,2,3,False,,
40773,2006,2006-06-03,2006-06-03T23:05:00Z,R,Regular Season,N,1,Final,F,San Diego Padres,135,4,Pittsburgh Pirates,134,6,Zach Duke,Mike Thompson,Michael Gonzalez,9,PNC Park,night,2,3,False,,
40776,2006,2006-06-03,2006-06-03T23:15:00Z,R,Regular Season,N,1,Final,F,Toronto Blue Jays,141,6,Tampa Bay Devil Rays,139,2,Roy Halladay,Mark Hendrickson,B.J. Ryan,9,Tropicana Field,night,2,3,False,,
40766,2006,2006-06-03,2006-06-04T00:05:00Z,R,Regular Season,N,1,Final,F,Florida Marlins,146,13,Colorado Rockies,115,0,Ricky Nolasco,Byung-Hyun Kim,,9,Coors Field,night,2,3,False,,
40774,2006,2006-06-03,2006-06-04T02:05:00Z,R,Regular Season,N,1,Final,F,Kansas City Royals,118,1,Seattle Mariners,136,12,Joel Pineiro,Seth Etherton,,9,Safeco Field,night,2,4,False,,
40777,2006,2006-06-04,2006-06-04T17:05:00Z,R,Regular Season,N,1,Final,F,Arizona Diamondbacks,109,9,Atlanta Braves,144,3,Miguel Batista,Jorge Sosa,,9,Turner Field,day,4,4,False,,
40782,2006,2006-06-04,2006-06-04T17:05:00Z,R,Regular Season,N,1,Final,F,Boston Red Sox,111,8,Detroit Tigers,116,3,Matt Clement,Zach Miner,,9,Comerica Park,day,3,3,False,,
40786,2006,2006-06-04,2006-06-04T17:10:00Z,R,Regular Season,N,1,Final,F,San Francisco Giants,137,7,New York Mets,121,6,Jonathan Sánchez,Pedro Feliciano,Jeremy Accardo,12,Shea Stadium,day,3,3,False,,
40791,2006,2006-06-04,2006-06-04T17:15:00Z,R,Regular Season,N,1,Final,F,Toronto Blue Jays,141,5,Tampa Bay Devil Rays,139,10,Doug Waechter,Gustavo Chacín,,9,Tropicana Field,day,3,3,False,,
40778,2006,2006-06-04,2006-06-04T17:35:00Z,R,Regular Season,N,1,Final,F,New York Yankees,147,4,Baltimore Orioles,110,11,Rodrigo Lopez,Aaron Small,,9,Oriole Park at Camden Yards,day,3,3,False,,
40788,2006,2006-06-04,2006-06-04T17:35:00Z,R,Regular Season,N,1,Final,F,San Diego Padres,135,1,Pittsburgh Pirates,134,0,Chris Young,Victor Santos,Trevor Hoffman,9,PNC Park,day,3,3,False,,
40779,2006,2006-06-04,2006-06-04T18:05:00Z,R,Regular Season,N,1,Final,F,Texas Rangers,140,10,Chicago White Sox,145,2,John Rheinecker,Mark Buehrle,,9,U.S. Cellular Field,day,3,3,False,,
40783,2006,2006-06-04,2006-06-04T18:05:00Z,R,Regular Season,N,1,Final,F,Cincinnati Reds,113,6,Houston Astros,117,4,Todd Coffey,Dan Wheeler,Esteban Yan,11,Minute Maid Park,day,3,3,False,,
40785,2006,2006-06-04,2006-06-04T18:05:00Z,R,Regular Season,N,1,Final,F,Washington Nationals,120,8,Milwaukee Brewers,158,4,Tony Armas,Jorge De La Rosa,,9,Miller Park,day,3,3,False,,
40790,2006,2006-06-04,2006-06-04T18:15:00Z,R,Regular Season,N,1,Final,F,Chicago Cubs,112,6,St. Louis Cardinals,138,9,Jason Marquis,Greg Maddux,Jason Isringhausen,9,Busch Stadium,day,3,3,False,,
40781,2006,2006-06-04,2006-06-04T19:05:00Z,R,Regular Season,N,1,Final,F,Florida Marlins,146,4,Colorado Rockies,115,3,Scott Olsen,Jason Jennings,Joe Borowski,9,Coors Field,day,3,3,False,,
40787,2006,2006-06-04,2006-06-04T20:05:00Z,R,Regular Season,N,1,Final,F,Minnesota Twins,142,1,Oakland Athletics,133,5,Brad Halsey,Carlos Silva,,9,McAfee Coliseum,day,4,4,False,,
40789,2006,2006-06-04,2006-06-04T20:05:00Z,R,Regular Season,N,1,Final,F,Kansas City Royals,118,9,Seattle Mariners,136,4,Mark Redman,Jarrod Washburn,Elmer Dessens,9,Safeco Field,day,3,4,False,,
40784,2006,2006-06-04,2006-06-04T20:10:00Z,R,Regular Season,N,1,Final,F,Philadelphia Phillies,143,6,Los Angeles Dodgers,119,4,Geoff Geary,Joe Beimel,Tom Gordon,9,Dodger Stadium,day,4,4,False,,
40780,2006,2006-06-04,2006-06-05T00:05:00Z,R,Regular Season,N,1,Final,F,Los Angeles Angels,108,14,Cleveland Indians,114,2,John Lackey,CC Sabathia,,9,Jacobs Field,night,3,3,False,,
40793,2006,2006-06-05,2006-06-05T23:05:00Z,R,Regular Season,N,1,Final,F,Washington Nationals,120,5,Atlanta Braves,144,4,Livan Hernandez,Tim Hudson,Chad Cordero,9,Turner Field,night,1,3,False,,
40794,2006,2006-06-05,2006-06-05T23:05:00Z,R,Regular Season,N,1,Final,F,Toronto Blue Jays,141,0,Baltimore Orioles,110,4,Daniel Cabrera,Ted Lilly,,9,Oriole Park at Camden Yards,night,1,4,False,,
40799,2006,2006-06-05,2006-06-05T23:05:00Z,R,Regular Season,N,1,Final,F,Boston Red Sox,111,5,New York Yankees,147,13,Mike Mussina,Josh Beckett,,9,Yankee Stadium I,night,1,3,False,,
40803,2006,2006-06-05,2006-06-05T23:15:00Z,R,Regular Season,N,1,Final,F,Los Angeles Angels,108,0,Tampa Bay Devil Rays,139,4,James Shields,Jeff Weaver,Tyler Walker,9,Tropicana Field,night,1,3,False,,
40796,2006,2006-06-05,2006-06-06T00:05:00Z,R,Regular Season,N,1,Final,F,Chicago Cubs,112,8,Houston Astros,117,0,Carlos Zambrano,Taylor Buchholz,,9,Minute Maid Park,night,1,3,False,,
40798,2006,2006-06-05,2006-06-06T00:05:00Z,R,Regular Season,N,1,Final,F,San Diego Padres,135,2,Milwaukee Brewers,158,5,Chris Capuano,Clay Hensley,Derrick Turnbow,9,Miller Park,night,1,4,False,,
40802,2006,2006-06-05,2006-06-06T00:10:00Z,R,Regular Season,N,1,Final,F,Cincinnati Reds,113,8,St. Louis Cardinals,138,7,Esteban Yan,Jason Isringhausen,Todd Coffey,9,Busch Stadium,night,1,3,False,,
40795,2006,2006-06-05,2006-06-06T01:05:00Z,R,Regular Season,N,1,Final,F,Pittsburgh Pirates,134,5,Colorado Rockies,115,2,Ian Snell,Aaron Cook,Michael Gonzalez,9,Coors Field,night,1,3,False,,
40792,2006,2006-06-05,2006-06-06T01:40:00Z,R,Regular Season,N,1,Final,F,Philadelphia Phillies,143,4,Arizona Diamondbacks,109,3,Aaron Fultz,Brandon Lyon,Tom Gordon,9,Chase Field,night,1,3,False,,
40801,2006,2006-06-05,2006-06-06T02:05:00Z,R,Regular Season,N,1,Final,F,Kansas City Royals,118,1,Seattle Mariners,136,4,Gil Meche,Mike Wood,J.J. Putz,9,Safeco Field,night,4,4,False,,
40797,2006,2006-06-05,2006-06-06T02:10:00Z,R,Regular Season,N,1,Final,F,New York Mets,121,4,Los Angeles Dodgers,119,1,Alay Soler,Brett Tomko,Chad Bradford,9,Dodger Stadium,night,1,3,False,,
40800,2006,2006-06-05,2006-06-06T02:15:00Z,R,Regular Season,N,1,Final,F,Florida Marlins,146,2,San Francisco Giants,137,14,Noah Lowry,Brian Moehler,Brad Hennessey,9,AT&T Park,night,1,3,False,,
40806,2006,2006-06-06,2006-06-06T23:05:00Z,R,Regular Season,N,1,Final,F,Toronto Blue Jays,141,6,Baltimore Orioles,110,4,Scott Downs,Chris Britton,B.J. Ryan,9,Oriole Park at Camden Yards,night,2,4,False,,
40808,2006,2006-06-06,2006-06-06T23:05:00Z,R,Regular Season,N,1,Final,F,Oakland Athletics,133,7,Cleveland Indians,114,6,Barry Zito,Rafael Betancourt,Huston Street,9,Jacobs Field,night,1,3,False,,
40814,2006,2006-06-06,2006-06-06T23:05:00Z,R,Regular Season,N,1,Final,F,Boston Red Sox,111,1,New York Yankees,147,2,Chien-Ming Wang,David Pauley,Mariano Rivera,9,Yankee Stadium I,night,2,3,False,,
40818,2006,2006-06-06,2006-06-06T23:15:00Z,R,Regular Season,N,1,Final,F,Los Angeles Angels,108,12,Tampa Bay Devil Rays,139,2,Ervin Santana,Scott Kazmir,,9,Tropicana Field,night,2,3,False,,
40805,2006,2006-06-06,2006-06-06T23:35:00Z,R,Regular Season,N,1,Final,F,Washington Nationals,120,3,Atlanta Braves,144,5,Horacio Ramirez,Shawn Hill,Ken Ray,9,Turner Field,night,2,3,False,,
40807,2006,2006-06-06,2006-06-07T00:05:00Z,R,Regular Season,N,1,Final,F,Detroit Tigers,116,3,Chicago White Sox,145,4,Brandon McCarthy,Fernando Rodney,Bobby Jenks,9,U.S. Cellular Field,night,1,3,False,,
40810,2006,2006-06-06,2006-06-07T00:05:00Z,R,Regular Season,N,1,Final,F,Chicago Cubs,112,1,Houston Astros,117,4,Wandy Rodriguez,Kerry Wood,,9,Minute Maid Park,night,2,3,False,,
40813,2006,2006-06-06,2006-06-07T00:05:00Z,R,Regular Season,N,1,Final,F,San Diego Padres,135,1,Milwaukee Brewers,158,5,Dave Bush,Jake Peavy,,9,Miller Park,night,2,4,False,,
40811,2006,2006-06-06,2006-06-07T00:10:00Z,R,Regular Season,N,1,Final,F,Texas Rangers,140,6,Kansas City Royals,118,2,Kevin Millwood,Scott Elarton,Francisco Cordero,9,Kauffman Stadium,night,1,3,False,,
40817,2006,2006-06-06,2006-06-07T00:10:00Z,R,Regular Season,N,1,Final,F,Cincinnati Reds,113,7,St. Louis Cardinals,138,0,Eric Milton,Chris Carpenter,,9,Busch Stadium,night,2,3,False,,
40809,2006,2006-06-06,2006-06-07T01:05:00Z,R,Regular Season,N,1,Final,F,Pittsburgh Pirates,134,4,Colorado Rockies,115,5,Jeff Francis,Paul Maholm,Brian Fuentes,9,Coors Field,night,2,3,False,,
40804,2006,2006-06-06,2006-06-07T01:40:00Z,R,Regular Season,N,1,Final,F,Philadelphia Phillies,143,10,Arizona Diamondbacks,109,1,Cole Hamels,Russ Ortiz,,9,Chase Field,night,2,3,False,,
40816,2006,2006-06-06,2006-06-07T02:05:00Z,R,Regular Season,N,1,Final,F,Minnesota Twins,142,2,Seattle Mariners,136,4,Félix Hernández,Francisco Liriano,J.J. Putz,9,Safeco Field,night,1,3,False,,
40812,2006,2006-06-06,2006-06-07T02:10:00Z,R,Regular Season,N,1,Final,F,New York Mets,121,5,Los Angeles Dodgers,119,8,Derek Lowe,Pedro Martínez,Eric Gagne,9,Dodger Stadium,night,2,3,False,,
40815,2006,2006-06-06,2006-06-07T02:15:00Z,R,Regular Season,N,1,Final,F,Florida Marlins,146,1,San Francisco Giants,137,2,Jason Schmidt,Josh Johnson,,9,AT&T Park,night,2,3,False,,
40825,2006,2006-06-07,2006-06-07T18:05:00Z,R,Regular Season,N,1,Final,F,Chicago Cubs,112,0,Houston Astros,117,1,Chris Sampson,Sean Marshall,Brad Lidge,9,Minute Maid Park,day,3,3,False,,
40824,2006,2006-06-07,2006-06-07T19:05:00Z,R,Regular Season,N,1,Final,F,Pittsburgh Pirates,134,9,Colorado Rockies,115,16,Scott Dohmann,Oliver Pérez,,9,Coors Field,day,3,3,False,,
40830,2006,2006-06-07,2006-06-07T19:35:00Z,R,Regular Season,N,1,Final,F,Florida Marlins,146,8,San Francisco Giants,137,1,Dontrelle Willis,Jamey Wright,,9,AT&T Park,day,3,3,False,,
40833,2006,2006-06-07,2006-06-07T20:15:00Z,R,Regular Season,N,1,Final,F,Los Angeles Angels,108,6,Tampa Bay Devil Rays,139,2,Jered Weaver,Seth McClung,,9,Tropicana Field,day,3,3,False,,
40819,2006,2006-06-07,2006-06-07T20:40:00Z,R,Regular Season,N,1,Final,F,Philadelphia Phillies,143,7,Arizona Diamondbacks,109,3,Ryan Madson,Dustin Nippert,,9,Chase Field,day,3,3,False,,
40821,2006,2006-06-07,2006-06-07T23:05:00Z,R,Regular Season,N,1,Final,F,Toronto Blue Jays,141,5,Baltimore Orioles,110,3,Casey Janssen,Kris Benson,B.J. Ryan,9,Oriole Park at Camden Yards,night,3,4,False,,
40823,2006,2006-06-07,2006-06-07T23:05:00Z,R,Regular Season,N,1,Final,F,Oakland Athletics,133,2,Cleveland Indians,114,11,Paul Byrd,Joe Blanton,,9,Jacobs Field,night,2,3,False,,
40820,2006,2006-06-07,2006-06-07T23:35:00Z,R,Regular Season,N,1,Final,F,Washington Nationals,120,5,Atlanta Braves,144,2,Ramón Ortiz,John Smoltz,Chad Cordero,9,Turner Field,night,3,3,False,,
40822,2006,2006-06-07,2006-06-08T00:05:00Z,R,Regular Season,N,1,Final,F,Detroit Tigers,116,3,Chicago White Sox,145,4,Jose Contreras,Justin Verlander,Bobby Jenks,9,U.S. Cellular Field,night,2,3,False,,
40828,2006,2006-06-07,2006-06-08T00:05:00Z,R,Regular Season,N,1,Final,F,San Diego Padres,135,6,Milwaukee Brewers,158,5,Scott Cassidy,Matt Wise,Trevor Hoffman,9,Miller Park,night,3,4,False,,
40826,2006,2006-06-07,2006-06-08T00:10:00Z,R,Regular Season,N,1,Final,F,Texas Rangers,140,4,Kansas City Royals,118,2,Akinori Otsuka,Ambiorix Burgos,Francisco Cordero,9,Kauffman Stadium,night,2,3,False,,
40832,2006,2006-06-07,2006-06-08T00:10:00Z,R,Regular Season,N,1,Final,F,Cincinnati Reds,113,7,St. Louis Cardinals,138,4,Aaron Harang,Sidney Ponson,Todd Coffey,9,Busch Stadium,night,3,3,False,,
40831,2006,2006-06-07,2006-06-08T02:05:00Z,R,Regular Season,N,1,Final,F,Minnesota Twins,142,9,Seattle Mariners,136,10,Julio Mateo,Jesse Crain,,11,Safeco Field,night,2,3,False,,
40827,2006,2006-06-07,2006-06-08T02:10:00Z,R,Regular Season,N,1,Final,F,New York Mets,121,9,Los Angeles Dodgers,119,7,Tom Glavine,Odalis Perez,Billy Wagner,9,Dodger Stadium,night,3,3,False,,
40838,2006,2006-06-08,2006-06-08T16:05:00Z,R,Regular Season,N,1,Final,F,Oakland Athletics,133,4,Cleveland Indians,114,1,Esteban Loaiza,Jason Johnson,Huston Street,9,Jacobs Field,day,3,3,False,,
40841,2006,2006-06-08,2006-06-08T18:05:00Z,R,Regular Season,N,1,Final,F,San Diego Padres,135,3,Milwaukee Brewers,158,4,Derrick Turnbow,Scott Cassidy,,10,Miller Park,day,4,4,False,,
40844,2006,2006-06-08,2006-06-08T20:35:00Z,R,Regular Season,N,1,Final,F,Minnesota Twins,142,7,Seattle Mariners,136,3,Johan Santana,Joel Pineiro,,9,Safeco Field,day,3,3,False,,
40835,2006,2006-06-08,2006-06-08T23:05:00Z,R,Regular Season,N,1,Final,F,Toronto Blue Jays,141,5,Baltimore Orioles,110,7,Kurt Birkins,Francisco Del Rosario,Chris Ray,9,Oriole Park at Camden Yards,night,4,4,False,,
40842,2006,2006-06-08,2006-06-08T23:05:00Z,R,Regular Season,N,1,Final,F,Boston Red Sox,111,9,New York Yankees,147,3,Curt Schilling,Jaret Wright,,9,Yankee Stadium I,night,3,3,False,,
40845,2006,2006-06-08,2006-06-08T23:05:00Z,R,Regular Season,N,1,Final,F,Philadelphia Phillies,143,2,Washington Nationals,120,5,Michael O'Connor,Eude Brito,Chad Cordero,9,Robert F. Kennedy Memorial Stadium,night,1,4,False,,
40837,2006,2006-06-08,2006-06-08T23:10:00Z,R,Regular Season,N,1,Final,F,Chicago Cubs,112,1,Cincinnati Reds,113,7,Bronson Arroyo,Glendon Rusch,,9,Great American Ball Park,night,1,4,False,,
40836,2006,2006-06-08,2006-06-09T00:05:00Z,R,Regular Season,N,1,Final,F,Detroit Tigers,116,6,Chicago White Sox,145,2,Kenny Rogers,Jon Garland,,9,U.S. Cellular Field,night,3,3,False,,
40839,2006,2006-06-08,2006-06-09T00:05:00Z,R,Regular Season,N,1,Final,F,Atlanta Braves,144,4,Houston Astros,117,7,Andy Pettitte,John Thomson,Brad Lidge,9,Minute Maid Park,night,1,4,False,,
40840,2006,2006-06-08,2006-06-09T00:10:00Z,R,Regular Season,N,1,Final,F,Texas Rangers,140,12,Kansas City Royals,118,16,Jimmy Gobble,Ron Mahay,,9,Kauffman Stadium,night,3,3,False,,
40834,2006,2006-06-08,2006-06-09T01:40:00Z,R,Regular Season,N,1,Final,F,New York Mets,121,7,Arizona Diamondbacks,109,1,Orlando Hernandez,Claudio Vargas,,9,Chase Field,night,1,4,False,,
40843,2006,2006-06-08,2006-06-09T02:15:00Z,R,Regular Season,N,1,Final,F,Pittsburgh Pirates,134,4,San Francisco Giants,137,5,Armando Benítez,Damaso Marte,,9,AT&T Park,night,1,4,False,,
40847,2006,2006-06-09,2006-06-09T23:05:00Z,R,Regular Season,N,1,Final,F,Texas Rangers,140,3,Boston Red Sox,111,4,Jonathan Papelbon,Francisco Cordero,,9,Fenway Park,night,1,4,False,,
40856,2006,2006-06-09,2006-06-09T23:05:00Z,R,Regular Season,N,1,Final,F,Oakland Athletics,133,6,New York Yankees,147,5,Dan Haren,Randy Johnson,Huston Street,9,Yankee Stadium I,night,1,3,False,,
40860,2006,2006-06-09,2006-06-09T23:05:00Z,R,Regular Season,N,1,Final,F,Philadelphia Phillies,143,8,Washington Nationals,120,9,Chad Cordero,Clay Condrey,,12,Robert F. Kennedy Memorial Stadium,night,2,4,False,,
40859,2006,2006-06-09,2006-06-09T23:07:00Z,R,Regular Season,N,1,Final,F,Detroit Tigers,116,5,Toronto Blue Jays,141,10,Jason Frasor,Todd Jones,,9,Rogers Centre,night,1,3,False,,
40849,2006,2006-06-09,2006-06-09T23:10:00Z,R,Regular Season,N,1,Final,F,Chicago Cubs,112,6,Cincinnati Reds,113,5,Greg Maddux,Elizardo Ramirez,Ryan Dempster,9,Great American Ball Park,night,2,4,False,,
40851,2006,2006-06-09,2006-06-10T00:05:00Z,R,Regular Season,N,1,Final,F,Atlanta Braves,144,2,Houston Astros,117,7,Fernando Nieve,Jorge Sosa,,9,Minute Maid Park,night,2,4,False,,
40854,2006,2006-06-09,2006-06-10T00:05:00Z,R,Regular Season,N,1,Final,F,St. Louis Cardinals,138,10,Milwaukee Brewers,158,6,Josh Hancock,Joe Winkelsas,Jason Isringhausen,9,Miller Park,night,1,3,False,,
40852,2006,2006-06-09,2006-06-10T00:10:00Z,R,Regular Season,N,1,Final,F,Tampa Bay Devil Rays,139,2,Kansas City Royals,118,4,Mark Redman,Mark Hendrickson,Ambiorix Burgos,9,Kauffman Stadium,night,1,3,False,,
40855,2006,2006-06-09,2006-06-10T00:10:00Z,R,Regular Season,N,1,Final,F,Baltimore Orioles,110,5,Minnesota Twins,142,7,Joe Nathan,Bruce Chen,,12,Hubert H. Humphrey Metrodome,night,1,3,False,,
40848,2006,2006-06-09,2006-06-10T00:35:00Z,R,Regular Season,N,1,Final,F,Cleveland Indians,114,4,Chicago White Sox,145,5,Matt Thornton,Rafael Betancourt,Bobby Jenks,9,U.S. Cellular Field,night,1,3,False,,
40850,2006,2006-06-09,2006-06-10T01:05:00Z,R,Regular Season,N,1,Final,F,Los Angeles Dodgers,119,3,Colorado Rockies,115,0,Brad Penny,Byung-Hyun Kim,Takashi Saito,9,Coors Field,night,1,3,False,,
40846,2006,2006-06-09,2006-06-10T01:40:00Z,R,Regular Season,N,1,Final,F,New York Mets,121,10,Arizona Diamondbacks,109,6,Steve Trachsel,Miguel Batista,,9,Chase Field,night,2,4,False,,
40853,2006,2006-06-09,2006-06-10T02:05:00Z,R,Regular Season,N,1,Final,F,Seattle Mariners,136,4,Los Angeles Angels,108,1,Jarrod Washburn,Kelvim Escobar,J.J. Putz,9,Angel Stadium of Anaheim,night,1,3,False,,
40857,2006,2006-06-09,2006-06-10T02:05:00Z,R,Regular Season,N,1,Final,F,Florida Marlins,146,2,San Diego Padres,135,3,Chris Young,Ricky Nolasco,Trevor Hoffman,9,PETCO Park,night,1,3,False,,
40858,2006,2006-06-09,2006-06-10T02:15:00Z,R,Regular Season,N,1,Final,F,Pittsburgh Pirates,134,3,San Francisco Giants,137,2,Victor Santos,Matt Morris,Michael Gonzalez,9,AT&T Park,night,2,4,False,,
40480,2006,2006-06-10,2006-06-10T17:20:00Z,R,Regular Season,S,1,Final,F,Texas Rangers,140,7,Boston Red Sox,111,4,Bryan Corey,Julian Tavarez,Akinori Otsuka,9,Fenway Park,day,2,4,False,,
40863,2006,2006-06-10,2006-06-10T17:20:00Z,R,Regular Season,N,1,Final,F,Cleveland Indians,114,3,Chicago White Sox,145,4,Agustin Montero,Bob Wickman,,11,U.S. Cellular Field,day,2,3,False,,
40871,2006,2006-06-10,2006-06-10T17:20:00Z,R,Regular Season,N,1,Final,F,Oakland Athletics,133,5,New York Yankees,147,2,Kirk Saarloos,Mike Mussina,Huston Street,9,Yankee Stadium I,day,2,3,False,,
40875,2006,2006-06-10,2006-06-10T17:20:00Z,R,Regular Season,N,1,Final,F,Philadelphia Phillies,143,6,Washington Nationals,120,2,Geoff Geary,Livan Hernandez,,9,Robert F. Kennedy Memorial Stadium,day,3,4,False,,
40867,2006,2006-06-10,2006-06-10T18:10:00Z,R,Regular Season,N,1,Final,F,Tampa Bay Devil Rays,139,9,Kansas City Royals,118,5,Casey Fossum,Mike Wood,,9,Kauffman Stadium,day,2,3,False,,
40866,2006,2006-06-10,2006-06-10T20:05:00Z,R,Regular Season,N,1,Final,F,Atlanta Braves,144,4,Houston Astros,117,2,Tim Hudson,Taylor Buchholz,Ken Ray,9,Minute Maid Park,day,3,4,False,,
40873,2006,2006-06-10,2006-06-10T20:05:00Z,R,Regular Season,N,1,Final,F,Pittsburgh Pirates,134,2,San Francisco Giants,137,0,Ian Snell,Noah Lowry,Michael Gonzalez,9,AT&T Park,day,3,4,False,,
40874,2006,2006-06-10,2006-06-10T20:07:00Z,R,Regular Season,N,1,Final,F,Detroit Tigers,116,5,Toronto Blue Jays,141,3,Zach Miner,Ted Lilly,Todd Jones,9,Rogers Centre,day,2,3,False,,
40864,2006,2006-06-10,2006-06-10T22:10:00Z,R,Regular Season,N,1,Final,F,Chicago Cubs,112,4,Cincinnati Reds,113,2,Carlos Zambrano,Brandon Claussen,Ryan Dempster,9,Great American Ball Park,night,3,4,False,,
40869,2006,2006-06-10,2006-06-10T23:05:00Z,R,Regular Season,N,1,Final,F,St. Louis Cardinals,138,3,Milwaukee Brewers,158,4,Matt Wise,Randy Flores,Derrick Turnbow,9,Miller Park,night,2,3,False,,
40870,2006,2006-06-10,2006-06-10T23:10:00Z,R,Regular Season,N,1,Final,F,Baltimore Orioles,110,9,Minnesota Twins,142,7,Daniel Cabrera,Carlos Silva,,9,Hubert H. Humphrey Metrodome,night,2,3,False,,
40865,2006,2006-06-10,2006-06-11T00:05:00Z,R,Regular Season,N,1,Final,F,Los Angeles Dodgers,119,9,Colorado Rockies,115,12,Jason Jennings,Brett Tomko,Brian Fuentes,9,Coors Field,night,2,3,False,,
40861,2006,2006-06-10,2006-06-11T01:40:00Z,R,Regular Season,N,1,Final,F,New York Mets,121,5,Arizona Diamondbacks,109,0,Alay Soler,Brandon Webb,,9,Chase Field,night,3,4,False,,
40868,2006,2006-06-10,2006-06-11T02:05:00Z,R,Regular Season,N,1,Final,F,Seattle Mariners,136,12,Los Angeles Angels,108,6,Gil Meche,John Lackey,,9,Angel Stadium of Anaheim,night,2,3,False,,
40872,2006,2006-06-10,2006-06-11T02:05:00Z,R,Regular Season,N,1,Final,F,Florida Marlins,146,2,San Diego Padres,135,1,Scott Olsen,Clay Hensley,Joe Borowski,9,PETCO Park,night,2,3,False,,
40862,2006,2006-06-11,2006-06-11T16:00:00Z,R,Regular Season,S,1,Final,F,Texas Rangers,140,4,Boston Red Sox,111,5,Manny Delcarmen,Akinori Otsuka,,9,Fenway Park,day,3,4,False,,
40886,2006,2006-06-11,2006-06-11T17:05:00Z,R,Regular Season,N,1,Final,F,Oakland Athletics,133,6,New York Yankees,147,5,Barry Zito,Kyle Farnsworth,Huston Street,9,Yankee Stadium I,day,3,3,False,,
40890,2006,2006-06-11,2006-06-11T17:05:00Z,R,Regular Season,N,1,Final,F,Philadelphia Phillies,143,0,Washington Nationals,120,6,Shawn Hill,Cole Hamels,,9,Robert F. Kennedy Memorial Stadium,day,4,4,False,,
40889,2006,2006-06-11,2006-06-11T17:07:00Z,R,Regular Season,N,1,Final,F,Detroit Tigers,116,10,Toronto Blue Jays,141,5,Nate Robertson,Ty Taubenheim,Joel Zumaya,9,Rogers Centre,day,3,3,False,,
40879,2006,2006-06-11,2006-06-11T17:15:00Z,R,Regular Season,N,1,Final,F,Chicago Cubs,112,9,Cincinnati Reds,113,3,Carlos Marmol,Eric Milton,,9,Great American Ball Park,day,4,4,False,,
40881,2006,2006-06-11,2006-06-11T18:05:00Z,R,Regular Season,N,1,Final,F,Atlanta Braves,144,4,Houston Astros,117,14,Wandy Rodriguez,Horacio Ramirez,,9,Minute Maid Park,day,4,4,False,,
40884,2006,2006-06-11,2006-06-11T18:05:00Z,R,Regular Season,N,1,Final,F,St. Louis Cardinals,138,7,Milwaukee Brewers,158,5,Josh Hancock,Dave Bush,Jason Isringhausen,9,Miller Park,day,3,3,False,,
40882,2006,2006-06-11,2006-06-11T18:10:00Z,R,Regular Season,N,1,Final,F,Tampa Bay Devil Rays,139,8,Kansas City Royals,118,2,James Shields,Scott Elarton,,9,Kauffman Stadium,day,3,3,False,,
40885,2006,2006-06-11,2006-06-11T18:10:00Z,R,Regular Season,N,1,Final,F,Baltimore Orioles,110,0,Minnesota Twins,142,4,Francisco Liriano,Erik Bedard,,9,Hubert H. Humphrey Metrodome,day,3,3,False,,
40880,2006,2006-06-11,2006-06-11T19:05:00Z,R,Regular Season,N,1,Final,F,Los Angeles Dodgers,119,6,Colorado Rockies,115,5,Danys Baez,Brian Fuentes,Takashi Saito,9,Coors Field,day,3,3,False,,
40883,2006,2006-06-11,2006-06-11T19:35:00Z,R,Regular Season,N,1,Final,F,Seattle Mariners,136,6,Los Angeles Angels,108,2,Félix Hernández,Jeff Weaver,,9,Angel Stadium of Anaheim,day,3,3,False,,
40887,2006,2006-06-11,2006-06-11T20:05:00Z,R,Regular Season,N,1,Final,F,Florida Marlins,146,7,San Diego Padres,135,3,Brian Moehler,Jake Peavy,Taylor Tankersley,9,PETCO Park,day,3,3,False,,
40888,2006,2006-06-11,2006-06-11T20:05:00Z,R,Regular Season,N,1,Final,F,Pittsburgh Pirates,134,7,San Francisco Giants,137,5,Matt Capps,Tim Worrell,Michael Gonzalez,9,AT&T Park,day,4,4,False,,
40876,2006,2006-06-11,2006-06-11T20:40:00Z,R,Regular Season,N,1,Final,F,New York Mets,121,15,Arizona Diamondbacks,109,2,Pedro Martínez,Russ Ortiz,,9,Chase Field,day,4,4,False,,
40877,2006,2006-06-11,2006-06-11T21:00:00Z,R,Regular Season,S,2,Final,F,Texas Rangers,140,13,Boston Red Sox,111,6,John Wasdin,David Pauley,,9,Fenway Park,day,4,4,False,,
40878,2006,2006-06-11,2006-06-12T00:05:00Z,R,Regular Season,N,1,Final,F,Cleveland Indians,114,10,Chicago White Sox,145,8,Jake Westbrook,Freddy Garcia,Bob Wickman,9,U.S. Cellular Field,night,3,3,False,,
40892,2006,2006-06-12,2006-06-12T23:05:00Z,R,Regular Season,N,1,Final,F,Tampa Bay Devil Rays,139,3,Detroit Tigers,116,4,Todd Jones,Brian Meadows,,13,Comerica Park,night,1,4,False,,
40894,2006,2006-06-12,2006-06-12T23:05:00Z,R,Regular Season,N,1,Final,F,Chicago White Sox,145,8,Texas Rangers,140,3,Jose Contreras,John Koronka,,9,Ameriquest Field,night,1,4,False,,
40896,2006,2006-06-12,2006-06-12T23:05:00Z,R,Regular Season,N,1,Final,F,Colorado Rockies,115,4,Washington Nationals,120,3,Jeff Francis,Ramón Ortiz,Brian Fuentes,9,Robert F. Kennedy Memorial Stadium,night,1,4,False,,
40895,2006,2006-06-12,2006-06-12T23:07:00Z,R,Regular Season,N,1,Final,F,Baltimore Orioles,110,6,Toronto Blue Jays,141,4,Kris Benson,Casey Janssen,Chris Ray,9,Rogers Centre,night,1,4,False,,
40891,2006,2006-06-12,2006-06-12T23:10:00Z,R,Regular Season,N,1,Final,F,Milwaukee Brewers,158,6,Cincinnati Reds,113,5,Zach Jackson,Kent Mercker,Derrick Turnbow,9,Great American Ball Park,night,1,3,False,,
40893,2006,2006-06-12,2006-06-13T02:05:00Z,R,Regular Season,N,1,Final,F,Kansas City Royals,118,3,Los Angeles Angels,108,4,Ervin Santana,Bob Keppel,Francisco Rodríguez,9,Angel Stadium of Anaheim,night,1,4,False,,
40900,2006,2006-06-13,2006-06-13T23:05:00Z,R,Regular Season,N,1,Final,F,Tampa Bay Devil Rays,139,1,Detroit Tigers,116,7,Kenny Rogers,Seth McClung,,9,Comerica Park,night,2,4,False,,
40901,2006,2006-06-13,2006-06-13T23:05:00Z,R,Regular Season,N,1,Final,F,Atlanta Braves,144,1,Florida Marlins,146,4,Josh Johnson,John Smoltz,Joe Borowski,9,Dolphin Stadium,night,1,3,False,,
40904,2006,2006-06-13,2006-06-13T23:05:00Z,R,Regular Season,N,1,Final,F,Cleveland Indians,114,0,New York Yankees,147,1,Chien-Ming Wang,Paul Byrd,Mariano Rivera,9,Yankee Stadium I,night,1,3,False,,
40906,2006,2006-06-13,2006-06-13T23:05:00Z,R,Regular Season,N,1,Final,F,New York Mets,121,9,Philadelphia Phillies,143,7,Chad Bradford,Ryan Madson,Billy Wagner,9,Citizens Bank Park,night,1,3,False,,
40907,2006,2006-06-13,2006-06-13T23:05:00Z,R,Regular Season,N,1,Final,F,St. Louis Cardinals,138,2,Pittsburgh Pirates,134,1,Chris Carpenter,Oliver Pérez,Jason Isringhausen,9,PNC Park,night,1,3,False,,
40911,2006,2006-06-13,2006-06-13T23:05:00Z,R,Regular Season,N,1,Final,F,Colorado Rockies,115,9,Washington Nationals,120,2,Josh Fogg,Michael O'Connor,,9,Robert F. Kennedy Memorial Stadium,night,2,4,False,,
40910,2006,2006-06-13,2006-06-13T23:07:00Z,R,Regular Season,N,1,Final,F,Baltimore Orioles,110,1,Toronto Blue Jays,141,7,Roy Halladay,Adam Loewen,,9,Rogers Centre,night,2,4,False,,
40899,2006,2006-06-13,2006-06-13T23:10:00Z,R,Regular Season,N,1,Final,F,Milwaukee Brewers,158,6,Cincinnati Reds,113,4,Doug Davis,Bronson Arroyo,Derrick Turnbow,9,Great American Ball Park,night,2,3,False,,
40898,2006,2006-06-13,2006-06-14T00:05:00Z,R,Regular Season,N,1,Final,F,Houston Astros,117,9,Chicago Cubs,112,2,Andy Pettitte,Sean Marshall,,9,Wrigley Field,night,1,3,False,,
40909,2006,2006-06-13,2006-06-14T00:05:00Z,R,Regular Season,N,1,Final,F,Chicago White Sox,145,5,Texas Rangers,140,2,Jon Garland,Kameron Loe,Bobby Jenks,9,Ameriquest Field,night,2,4,False,,
40903,2006,2006-06-13,2006-06-14T00:10:00Z,R,Regular Season,N,1,Final,F,Boston Red Sox,111,2,Minnesota Twins,142,5,Dennys Reyes,Julian Tavarez,,12,Hubert H. Humphrey Metrodome,night,1,3,False,,
40897,2006,2006-06-13,2006-06-14T01:40:00Z,R,Regular Season,N,1,Final,F,San Francisco Giants,137,1,Arizona Diamondbacks,109,2,Enrique Gonzalez,Jamey Wright,Jorge Julio,9,Chase Field,night,1,3,False,,
40902,2006,2006-06-13,2006-06-14T02:05:00Z,R,Regular Season,N,1,Final,F,Kansas City Royals,118,1,Los Angeles Angels,108,4,Jered Weaver,Brandon Duckworth,Francisco Rodríguez,9,Angel Stadium of Anaheim,night,2,4,False,,
40905,2006,2006-06-13,2006-06-14T02:05:00Z,R,Regular Season,N,1,Final,F,Seattle Mariners,136,0,Oakland Athletics,133,2,Joe Blanton,Jamie Moyer,Huston Street,9,McAfee Coliseum,night,1,3,False,,
40908,2006,2006-06-13,2006-06-14T02:05:00Z,R,Regular Season,N,1,Final,F,Los Angeles Dodgers,119,1,San Diego Padres,135,9,Chan Ho Park,Aaron Sele,,9,PETCO Park,night,1,3,False,,
40914,2006,2006-06-14,2006-06-14T16:35:00Z,R,Regular Season,N,1,Final,F,Milwaukee Brewers,158,0,Cincinnati Reds,113,3,Chris Hammond,Dan Kolb,,11,Great American Ball Park,day,3,3,False,,
40915,2006,2006-06-14,2006-06-14T23:05:00Z,R,Regular Season,N,1,Final,F,Tampa Bay Devil Rays,139,5,Detroit Tigers,116,1,Brian Meadows,Todd Jones,,12,Comerica Park,night,3,4,False,,
40916,2006,2006-06-14,2006-06-14T23:05:00Z,R,Regular Season,N,1,Final,F,Atlanta Braves,144,5,Florida Marlins,146,6,Taylor Tankersley,Oscar Villarreal,,10,Dolphin Stadium,night,2,3,False,,
40919,2006,2006-06-14,2006-06-14T23:05:00Z,R,Regular Season,N,1,Final,F,Cleveland Indians,114,1,New York Yankees,147,6,Randy Johnson,Jason Johnson,,9,Yankee Stadium I,night,2,3,False,,
40921,2006,2006-06-14,2006-06-14T23:05:00Z,R,Regular Season,N,1,Final,F,New York Mets,121,9,Philadelphia Phillies,143,3,Darren Oliver,Brett Myers,,9,Citizens Bank Park,night,2,3,False,,
40922,2006,2006-06-14,2006-06-14T23:05:00Z,R,Regular Season,N,1,Final,F,St. Louis Cardinals,138,7,Pittsburgh Pirates,134,9,Zach Duke,Sidney Ponson,Michael Gonzalez,9,PNC Park,night,2,3,False,,
40926,2006,2006-06-14,2006-06-14T23:05:00Z,R,Regular Season,N,1,Final,F,Colorado Rockies,115,14,Washington Nationals,120,8,Tom Martin,Bill Bray,,9,Robert F. Kennedy Memorial Stadium,night,3,4,False,,
40925,2006,2006-06-14,2006-06-14T23:07:00Z,R,Regular Season,N,1,Final,F,Baltimore Orioles,110,3,Toronto Blue Jays,141,6,Vinnie Chulk,Rodrigo Lopez,B.J. Ryan,9,Rogers Centre,night,3,4,False,,
40913,2006,2006-06-14,2006-06-15T00:05:00Z,R,Regular Season,N,1,Final,F,Houston Astros,117,5,Chicago Cubs,112,4,Roy Oswalt,Greg Maddux,Brad Lidge,9,Wrigley Field,night,2,3,False,,
40924,2006,2006-06-14,2006-06-15T00:05:00Z,R,Regular Season,N,1,Final,F,Chicago White Sox,145,0,Texas Rangers,140,8,Vicente Padilla,Javier Vazquez,,9,Ameriquest Field,night,3,4,False,,
40918,2006,2006-06-14,2006-06-15T00:10:00Z,R,Regular Season,N,1,Final,F,Boston Red Sox,111,1,Minnesota Twins,142,8,Brad Radke,Matt Clement,,9,Hubert H. Humphrey Metrodome,night,2,3,False,,
40912,2006,2006-06-14,2006-06-15T01:40:00Z,R,Regular Season,N,1,Final,F,San Francisco Giants,137,11,Arizona Diamondbacks,109,4,Matt Cain,Claudio Vargas,,9,Chase Field,night,2,3,False,,
40917,2006,2006-06-14,2006-06-15T02:05:00Z,R,Regular Season,N,1,Final,F,Kansas City Royals,118,4,Los Angeles Angels,108,3,Mark Redman,Scot Shields,Ambiorix Burgos,9,Angel Stadium of Anaheim,night,3,4,False,,
40920,2006,2006-06-14,2006-06-15T02:05:00Z,R,Regular Season,N,1,Final,F,Seattle Mariners,136,2,Oakland Athletics,133,7,Dan Haren,Joel Pineiro,,9,McAfee Coliseum,night,2,3,False,,
40923,2006,2006-06-14,2006-06-15T02:05:00Z,R,Regular Season,N,1,Final,F,Los Angeles Dodgers,119,3,San Diego Padres,135,5,Scott Linebrink,Hung-Chih Kuo,Trevor Hoffman,9,PETCO Park,night,2,3,False,,
40936,2006,2006-06-15,2006-06-15T16:35:00Z,R,Regular Season,N,1,Final,F,St. Louis Cardinals,138,6,Pittsburgh Pirates,134,5,Mark Mulder,Victor Santos,Jason Isringhausen,9,PNC Park,day,3,3,False,,
40939,2006,2006-06-15,2006-06-15T16:37:00Z,R,Regular Season,N,1,Final,F,Baltimore Orioles,110,2,Toronto Blue Jays,141,4,Ted Lilly,Daniel Cabrera,B.J. Ryan,9,Rogers Centre,day,4,4,False,,
40929,2006,2006-06-15,2006-06-15T17:05:00Z,R,Regular Season,N,1,Final,F,Tampa Bay Devil Rays,139,2,Detroit Tigers,116,6,Zach Miner,Casey Fossum,,9,Comerica Park,day,4,4,False,,
40933,2006,2006-06-15,2006-06-15T17:05:00Z,R,Regular Season,N,1,Final,F,Cleveland Indians,114,8,New York Yankees,147,4,Cliff Lee,Mike Mussina,,9,Yankee Stadium I,day,3,3,False,,
40935,2006,2006-06-15,2006-06-15T17:05:00Z,R,Regular Season,N,1,Final,F,New York Mets,121,5,Philadelphia Phillies,143,4,Steve Trachsel,Cory Lidle,Billy Wagner,9,Citizens Bank Park,day,3,3,False,,
40940,2006,2006-06-15,2006-06-15T17:05:00Z,R,Regular Season,N,1,Final,F,Colorado Rockies,115,8,Washington Nationals,120,1,Jason Jennings,Livan Hernandez,,9,Robert F. Kennedy Memorial Stadium,day,4,4,False,,
40928,2006,2006-06-15,2006-06-15T18:20:00Z,R,Regular Season,N,1,Final,F,Houston Astros,117,3,Chicago Cubs,112,2,Dave Borkowski,Bob Howry,Brad Lidge,9,Wrigley Field,day,3,3,False,,
40934,2006,2006-06-15,2006-06-15T19:35:00Z,R,Regular Season,N,1,Final,F,Seattle Mariners,136,6,Oakland Athletics,133,9,Esteban Loaiza,Jarrod Washburn,Huston Street,9,McAfee Coliseum,day,3,3,False,,
40937,2006,2006-06-15,2006-06-15T19:35:00Z,R,Regular Season,N,1,Final,F,Los Angeles Dodgers,119,7,San Diego Padres,135,3,Jonathan Broxton,Brian Sikorski,,9,PETCO Park,day,3,3,False,,
40927,2006,2006-06-15,2006-06-15T22:40:00Z,R,Regular Season,N,1,Final,F,San Francisco Giants,137,8,Arizona Diamondbacks,109,2,Matt Morris,Miguel Batista,,9,Chase Field,day,3,3,False,,
40930,2006,2006-06-15,2006-06-15T23:05:00Z,R,Regular Season,N,1,Final,F,Atlanta Braves,144,2,Florida Marlins,146,3,Ricky Nolasco,Jorge Sosa,Joe Borowski,9,Dolphin Stadium,night,3,3,False,,
40938,2006,2006-06-15,2006-06-16T00:05:00Z,R,Regular Season,N,1,Final,F,Chicago White Sox,145,8,Texas Rangers,140,2,Mark Buehrle,John Rheinecker,,9,Ameriquest Field,night,4,4,False,,
40932,2006,2006-06-15,2006-06-16T00:10:00Z,R,Regular Season,N,1,Final,F,Boston Red Sox,111,3,Minnesota Twins,142,5,Carlos Silva,Tim Wakefield,Joe Nathan,9,Hubert H. Humphrey Metrodome,night,3,3,False,,
40931,2006,2006-06-15,2006-06-16T02:05:00Z,R,Regular Season,N,1,Final,F,Kansas City Royals,118,2,Los Angeles Angels,108,3,Hector Carrasco,Elmer Dessens,,10,Angel Stadium of Anaheim,night,4,4,False,,
40942,2006,2006-06-16,2006-06-16T18:20:00Z,R,Regular Season,N,1,Final,F,Detroit Tigers,116,5,Chicago Cubs,112,3,Nate Robertson,Glendon Rusch,Todd Jones,9,Wrigley Field,day,1,3,False,,
40950,2006,2006-06-16,2006-06-16T23:05:00Z,R,Regular Season,N,1,Final,F,Tampa Bay Devil Rays,139,10,Philadelphia Phillies,143,4,James Shields,Cole Hamels,,9,Citizens Bank Park,night,1,3,False,,
40951,2006,2006-06-16,2006-06-16T23:05:00Z,R,Regular Season,N,1,Final,F,Minnesota Twins,142,4,Pittsburgh Pirates,134,2,Francisco Liriano,Ian Snell,Joe Nathan,9,PNC Park,night,1,3,False,,
40955,2006,2006-06-16,2006-06-16T23:05:00Z,R,Regular Season,N,1,Final,F,New York Yankees,147,7,Washington Nationals,120,5,Mariano Rivera,Chad Cordero,,9,Robert F. Kennedy Memorial Stadium,night,1,3,False,,
40943,2006,2006-06-16,2006-06-16T23:10:00Z,R,Regular Season,N,1,Final,F,Chicago White Sox,145,12,Cincinnati Reds,113,4,Freddy Garcia,Brandon Claussen,,9,Great American Ball Park,night,1,3,False,,
40948,2006,2006-06-16,2006-06-16T23:10:00Z,R,Regular Season,N,1,Final,F,Baltimore Orioles,110,6,New York Mets,121,3,Erik Bedard,Aaron Heilman,Chris Ray,9,Shea Stadium,night,1,3,False,,
40941,2006,2006-06-16,2006-06-16T23:35:00Z,R,Regular Season,N,1,Final,F,Boston Red Sox,111,4,Atlanta Braves,144,1,Jon Lester,Tim Hudson,Jonathan Papelbon,9,Turner Field,night,1,3,False,,
40944,2006,2006-06-16,2006-06-16T23:35:00Z,R,Regular Season,N,1,Final,F,Toronto Blue Jays,141,1,Florida Marlins,146,3,Scott Olsen,Ty Taubenheim,Taylor Tankersley,9,Dolphin Stadium,night,1,3,False,,
40945,2006,2006-06-16,2006-06-17T00:05:00Z,R,Regular Season,N,1,Final,F,Kansas City Royals,118,7,Houston Astros,117,2,Scott Elarton,Wandy Rodriguez,,9,Minute Maid Park,night,1,3,False,,
40947,2006,2006-06-16,2006-06-17T00:05:00Z,R,Regular Season,N,1,Final,F,Cleveland Indians,114,4,Milwaukee Brewers,158,6,Chris Capuano,CC Sabathia,Derrick Turnbow,9,Miller Park,night,1,3,False,,
40954,2006,2006-06-16,2006-06-17T00:05:00Z,R,Regular Season,N,1,Final,F,Arizona Diamondbacks,109,3,Texas Rangers,140,5,Kevin Millwood,Brandon Webb,Akinori Otsuka,9,Ameriquest Field,night,1,3,False,,
40953,2006,2006-06-16,2006-06-17T00:10:00Z,R,Regular Season,N,1,Final,F,Colorado Rockies,115,1,St. Louis Cardinals,138,8,Jason Marquis,Aaron Cook,,9,Busch Stadium,night,1,3,False,,
40946,2006,2006-06-16,2006-06-17T02:05:00Z,R,Regular Season,N,1,Final,F,San Diego Padres,135,5,Los Angeles Angels,108,4,Alan Embree,Francisco Rodríguez,Trevor Hoffman,9,Angel Stadium of Anaheim,night,1,3,False,,
40949,2006,2006-06-16,2006-06-17T02:05:00Z,R,Regular Season,N,1,Final,F,Los Angeles Dodgers,119,3,Oakland Athletics,133,7,Barry Zito,Brett Tomko,,9,McAfee Coliseum,night,1,3,False,,
40952,2006,2006-06-16,2006-06-17T02:05:00Z,R,Regular Season,N,1,Final,F,San Francisco Giants,137,4,Seattle Mariners,136,5,Félix Hernández,Noah Lowry,J.J. Putz,9,Safeco Field,night,1,3,False,,
40956,2006,2006-06-17,2006-06-17T17:20:00Z,R,Regular Season,N,1,Final,F,Boston Red Sox,111,5,Atlanta Braves,144,3,Josh Beckett,Lance Cormier,Jonathan Papelbon,9,Turner Field,day,2,3,False,,
40970,2006,2006-06-17,2006-06-17T17:20:00Z,R,Regular Season,N,1,Final,F,New York Yankees,147,9,Washington Nationals,120,11,Jon Rauch,Mariano Rivera,Chad Cordero,9,Robert F. Kennedy Memorial Stadium,day,2,3,False,,
40957,2006,2006-06-17,2006-06-17T20:05:00Z,R,Regular Season,N,1,Final,F,Detroit Tigers,116,9,Chicago Cubs,112,3,Justin Verlander,Carlos Marmol,,9,Wrigley Field,day,2,3,False,,
40967,2006,2006-06-17,2006-06-17T20:05:00Z,R,Regular Season,N,1,Final,F,San Francisco Giants,137,1,Seattle Mariners,136,8,Gil Meche,Jason Schmidt,,9,Safeco Field,day,2,3,False,,
40961,2006,2006-06-17,2006-06-17T20:10:00Z,R,Regular Season,N,1,Final,F,San Diego Padres,135,2,Los Angeles Angels,108,3,Ervin Santana,Jake Peavy,Francisco Rodríguez,9,Angel Stadium of Anaheim,day,2,3,False,,
40959,2006,2006-06-17,2006-06-17T22:05:00Z,R,Regular Season,N,1,Final,F,Toronto Blue Jays,141,2,Florida Marlins,146,8,Brian Moehler,Casey Janssen,,9,Dolphin Stadium,night,2,3,False,,
40958,2006,2006-06-17,2006-06-17T22:10:00Z,R,Regular Season,N,1,Final,F,Chicago White Sox,145,8,Cincinnati Reds,113,6,Matt Thornton,Todd Coffey,Bobby Jenks,9,Great American Ball Park,night,2,3,False,,
40960,2006,2006-06-17,2006-06-17T23:05:00Z,R,Regular Season,N,1,Final,F,Kansas City Royals,118,2,Houston Astros,117,7,Taylor Buchholz,Bob Keppel,,9,Minute Maid Park,night,2,3,False,,
40962,2006,2006-06-17,2006-06-17T23:05:00Z,R,Regular Season,N,1,Final,F,Cleveland Indians,114,2,Milwaukee Brewers,158,3,Jose Capellan,Bob Wickman,,9,Miller Park,night,2,3,False,,
40965,2006,2006-06-17,2006-06-17T23:05:00Z,R,Regular Season,N,1,Final,F,Tampa Bay Devil Rays,139,7,Philadelphia Phillies,143,2,Scott Kazmir,Scott Mathieson,,9,Citizens Bank Park,night,2,3,False,,
40966,2006,2006-06-17,2006-06-17T23:05:00Z,R,Regular Season,N,1,Final,F,Minnesota Twins,142,5,Pittsburgh Pirates,134,3,Jesse Crain,Damaso Marte,Joe Nathan,9,PNC Park,night,2,3,False,,
40963,2006,2006-06-17,2006-06-17T23:10:00Z,R,Regular Season,N,1,Final,F,Baltimore Orioles,110,4,New York Mets,121,2,Kris Benson,Pedro Martínez,Chris Ray,9,Shea Stadium,night,2,3,False,,
40968,2006,2006-06-17,2006-06-17T23:15:00Z,R,Regular Season,N,1,Final,F,Colorado Rockies,115,5,St. Louis Cardinals,138,6,Jeff Suppan,Jeff Francis,Jason Isringhausen,9,Busch Stadium,night,2,3,False,,
40969,2006,2006-06-17,2006-06-18T00:05:00Z,R,Regular Season,N,1,Final,F,Arizona Diamondbacks,109,4,Texas Rangers,140,8,John Koronka,Kevin Jarvis,,9,Ameriquest Field,night,2,3,False,,
40964,2006,2006-06-17,2006-06-18T01:05:00Z,R,Regular Season,N,1,Final,F,Los Angeles Dodgers,119,4,Oakland Athletics,133,5,Steve Karsay,Jae Weong Seo,,17,McAfee Coliseum,night,2,3,False,,
40974,2006,2006-06-18,2006-06-18T17:05:00Z,R,Regular Season,N,1,Final,F,Toronto Blue Jays,141,1,Florida Marlins,146,4,Josh Johnson,Roy Halladay,Joe Borowski,9,Dolphin Stadium,day,3,3,False,,
40985,2006,2006-06-18,2006-06-18T17:05:00Z,R,Regular Season,N,1,Final,F,New York Yankees,147,2,Washington Nationals,120,3,Gary Majewski,Chien-Ming Wang,,9,Robert F. Kennedy Memorial Stadium,day,3,3,False,,
40978,2006,2006-06-18,2006-06-18T17:10:00Z,R,Regular Season,N,1,Final,F,Baltimore Orioles,110,4,New York Mets,121,9,Tom Glavine,Adam Loewen,,9,Shea Stadium,day,3,3,False,,
40973,2006,2006-06-18,2006-06-18T17:15:00Z,R,Regular Season,N,1,Final,F,Chicago White Sox,145,8,Cincinnati Reds,113,1,Jon Garland,Aaron Harang,,9,Great American Ball Park,day,3,3,False,,
40980,2006,2006-06-18,2006-06-18T17:35:00Z,R,Regular Season,N,1,Final,F,Tampa Bay Devil Rays,139,5,Philadelphia Phillies,143,8,Ryan Madson,Seth McClung,Tom Gordon,9,Citizens Bank Park,day,3,3,False,,
40981,2006,2006-06-18,2006-06-18T17:35:00Z,R,Regular Season,N,1,Final,F,Minnesota Twins,142,8,Pittsburgh Pirates,134,2,Johan Santana,Oliver Pérez,,9,PNC Park,day,3,3,False,,
40975,2006,2006-06-18,2006-06-18T18:05:00Z,R,Regular Season,N,1,Final,F,Kansas City Royals,118,7,Houston Astros,117,4,Jimmy Gobble,Chad Qualls,Ambiorix Burgos,9,Minute Maid Park,day,3,3,False,,
40977,2006,2006-06-18,2006-06-18T18:05:00Z,R,Regular Season,N,1,Final,F,Cleveland Indians,114,3,Milwaukee Brewers,158,6,Derrick Turnbow,Rafael Betancourt,,9,Miller Park,day,3,3,False,,
40984,2006,2006-06-18,2006-06-18T18:05:00Z,R,Regular Season,N,1,Final,F,Arizona Diamondbacks,109,7,Texas Rangers,140,10,Francisco Cordero,Luis Vizcaino,Akinori Otsuka,9,Ameriquest Field,day,3,3,False,,
40983,2006,2006-06-18,2006-06-18T18:15:00Z,R,Regular Season,N,1,Final,F,Colorado Rockies,115,1,St. Louis Cardinals,138,4,Chris Carpenter,Josh Fogg,Jason Isringhausen,9,Busch Stadium,day,3,3,False,,
40972,2006,2006-06-18,2006-06-18T18:20:00Z,R,Regular Season,N,1,Final,F,Detroit Tigers,116,12,Chicago Cubs,112,3,Kenny Rogers,Mark Prior,,9,Wrigley Field,day,3,3,False,,
40976,2006,2006-06-18,2006-06-18T19:35:00Z,R,Regular Season,N,1,Final,F,San Diego Padres,135,7,Los Angeles Angels,108,3,Chan Ho Park,Bartolo Colon,,9,Angel Stadium of Anaheim,day,3,3,False,,
40979,2006,2006-06-18,2006-06-18T20:05:00Z,R,Regular Season,N,1,Final,F,Los Angeles Dodgers,119,2,Oakland Athletics,133,5,Joe Blanton,Aaron Sele,Huston Street,9,McAfee Coliseum,day,3,3,False,,
40982,2006,2006-06-18,2006-06-18T20:05:00Z,R,Regular Season,N,1,Final,F,San Francisco Giants,137,1,Seattle Mariners,136,5,Jamie Moyer,Jamey Wright,,9,Safeco Field,day,3,3,False,,
40971,2006,2006-06-18,2006-06-19T00:05:00Z,R,Regular Season,N,1,Final,F,Boston Red Sox,111,10,Atlanta Braves,144,7,Rudy Seanez,Macay McBride,Jonathan Papelbon,9,Turner Field,night,3,3,False,,
40459,2006,2006-06-19,2006-06-19T16:35:00Z,R,Regular Season,N,1,Final,F,Arizona Diamondbacks,109,5,Pittsburgh Pirates,134,4,Greg Aquino,Salomon Torres,Jorge Julio,11,PNC Park,day,1,1,False,,
40987,2006,2006-06-19,2006-06-19T23:05:00Z,R,Regular Season,N,1,Final,F,Washington Nationals,120,3,Boston Red Sox,111,6,Kyle Snyder,Tony Armas,Mike Timlin,9,Fenway Park,night,1,3,False,,
40988,2006,2006-06-19,2006-06-19T23:05:00Z,R,Regular Season,N,1,Final,F,Chicago Cubs,112,12,Cleveland Indians,114,8,Sean Marshall,Jason Johnson,,9,Jacobs Field,night,1,3,False,,
41030,2006,2006-06-19,2006-06-19T23:05:00Z,R,Regular Season,N,1,Final,F,New York Yankees,147,2,Philadelphia Phillies,143,4,Brett Myers,Randy Johnson,Tom Gordon,9,Citizens Bank Park,night,1,3,False,,
40991,2006,2006-06-19,2006-06-19T23:10:00Z,R,Regular Season,N,1,Final,F,Cincinnati Reds,113,4,New York Mets,121,2,Bronson Arroyo,Orlando Hernandez,,9,Shea Stadium,night,1,4,False,,
40990,2006,2006-06-19,2006-06-20T00:05:00Z,R,Regular Season,N,1,Final,F,Detroit Tigers,116,3,Milwaukee Brewers,158,1,Jeremy Bonderman,Matt Wise,Todd Jones,9,Miller Park,night,1,3,False,,
40989,2006,2006-06-19,2006-06-20T01:05:00Z,R,Regular Season,N,1,Final,F,Oakland Athletics,133,0,Colorado Rockies,115,7,Byung-Hyun Kim,Dan Haren,,9,Coors Field,night,1,3,False,,
40992,2006,2006-06-19,2006-06-20T02:15:00Z,R,Regular Season,N,1,Final,F,Los Angeles Angels,108,1,San Francisco Giants,137,2,Matt Cain,Kelvim Escobar,Armando Benítez,9,AT&T Park,night,1,3,False,,
40994,2006,2006-06-20,2006-06-20T23:05:00Z,R,Regular Season,N,1,Final,F,Florida Marlins,146,6,Baltimore Orioles,110,2,Dontrelle Willis,Daniel Cabrera,Joe Borowski,9,Oriole Park at Camden Yards,night,1,3,False,,
40995,2006,2006-06-20,2006-06-20T23:05:00Z,R,Regular Season,N,1,Final,F,Washington Nationals,120,3,Boston Red Sox,111,11,Tim Wakefield,Livan Hernandez,,9,Fenway Park,night,2,3,False,,
40997,2006,2006-06-20,2006-06-20T23:05:00Z,R,Regular Season,N,1,Final,F,Chicago Cubs,112,2,Cleveland Indians,114,4,Cliff Lee,Greg Maddux,Bob Wickman,9,Jacobs Field,night,2,3,False,,
41004,2006,2006-06-20,2006-06-20T23:05:00Z,R,Regular Season,N,1,Final,F,New York Yankees,147,9,Philadelphia Phillies,143,7,T.J. Beam,Arthur Rhodes,Mariano Rivera,9,Citizens Bank Park,night,2,3,False,,
41003,2006,2006-06-20,2006-06-20T23:10:00Z,R,Regular Season,N,1,Final,F,Cincinnati Reds,113,2,New York Mets,121,9,Steve Trachsel,Elizardo Ramirez,,9,Shea Stadium,night,2,4,False,,
41007,2006,2006-06-20,2006-06-20T23:15:00Z,R,Regular Season,N,1,Final,F,Arizona Diamondbacks,109,5,Tampa Bay Devil Rays,139,8,Mark Hendrickson,Miguel Batista,,9,Tropicana Field,night,1,3,False,,
40993,2006,2006-06-20,2006-06-20T23:35:00Z,R,Regular Season,N,1,Final,F,Toronto Blue Jays,141,6,Atlanta Braves,144,5,Scott Schoeneweis,Tyler Yates,B.J. Ryan,9,Turner Field,night,1,3,False,,
40996,2006,2006-06-20,2006-06-21T00:05:00Z,R,Regular Season,N,1,Final,F,St. Louis Cardinals,138,6,Chicago White Sox,145,20,Javier Vazquez,Mark Mulder,,9,U.S. Cellular Field,night,1,3,False,,
40999,2006,2006-06-20,2006-06-21T00:05:00Z,R,Regular Season,N,1,Final,F,Minnesota Twins,142,6,Houston Astros,117,5,Joe Nathan,Trever Miller,,10,Minute Maid Park,night,1,3,False,,
41002,2006,2006-06-20,2006-06-21T00:05:00Z,R,Regular Season,N,1,Final,F,Detroit Tigers,116,10,Milwaukee Brewers,158,1,Zach Miner,Rick Helling,,9,Miller Park,night,2,3,False,,
41008,2006,2006-06-20,2006-06-21T00:05:00Z,R,Regular Season,N,1,Final,F,San Diego Padres,135,6,Texas Rangers,140,5,Mike Thompson,Scott Feldman,Trevor Hoffman,9,Ameriquest Field,night,1,3,False,,
41000,2006,2006-06-20,2006-06-21T00:10:00Z,R,Regular Season,N,1,Final,F,Pittsburgh Pirates,134,6,Kansas City Royals,118,10,Mark Redman,Kip Wells,,9,Kauffman Stadium,night,1,3,False,,
40998,2006,2006-06-20,2006-06-21T01:05:00Z,R,Regular Season,N,1,Final,F,Oakland Athletics,133,0,Colorado Rockies,115,6,Jason Jennings,Esteban Loaiza,,9,Coors Field,night,2,3,False,,
41001,2006,2006-06-20,2006-06-21T02:10:00Z,R,Regular Season,N,1,Final,F,Seattle Mariners,136,9,Los Angeles Dodgers,119,4,Joel Pineiro,Brad Penny,Rafael Soriano,9,Dodger Stadium,night,1,3,False,,
41005,2006,2006-06-20,2006-06-21T02:15:00Z,R,Regular Season,N,1,Final,F,Los Angeles Angels,108,2,San Francisco Giants,137,3,Matt Morris,John Lackey,Armando Benítez,9,AT&T Park,night,2,3,False,,
41018,2006,2006-06-21,2006-06-21T18:05:00Z,R,Regular Season,N,1,Final,F,Detroit Tigers,116,3,Milwaukee Brewers,158,4,Chris Capuano,Joel Zumaya,Derrick Turnbow,9,Miller Park,day,3,3,False,,
41021,2006,2006-06-21,2006-06-21T19:35:00Z,R,Regular Season,N,1,Final,F,Los Angeles Angels,108,6,San Francisco Giants,137,3,Scot Shields,Jeremy Accardo,Francisco Rodríguez,9,AT&T Park,day,3,3,False,,
41010,2006,2006-06-21,2006-06-21T23:05:00Z,R,Regular Season,N,1,Final,F,Florida Marlins,146,0,Baltimore Orioles,110,4,Erik Bedard,Ricky Nolasco,,9,Oriole Park at Camden Yards,night,2,3,False,,
41011,2006,2006-06-21,2006-06-21T23:05:00Z,R,Regular Season,N,1,Final,F,Washington Nationals,120,3,Boston Red Sox,111,9,Jon Lester,Shawn Hill,,9,Fenway Park,night,3,3,False,,
41013,2006,2006-06-21,2006-06-21T23:05:00Z,R,Regular Season,N,1,Completed Early,F,Chicago Cubs,112,9,Cleveland Indians,114,2,Carlos Zambrano,CC Sabathia,,7,Jacobs Field,night,3,3,False,,
41020,2006,2006-06-21,2006-06-21T23:05:00Z,R,Regular Season,N,1,Final,F,New York Yankees,147,5,Philadelphia Phillies,143,0,Jaret Wright,Cole Hamels,,9,Citizens Bank Park,night,3,3,False,,
41019,2006,2006-06-21,2006-06-21T23:10:00Z,R,Regular Season,N,1,Final,F,Cincinnati Reds,113,6,New York Mets,121,5,Jason Standridge,Billy Wagner,Todd Coffey,9,Shea Stadium,night,3,4,False,,
41022,2006,2006-06-21,2006-06-21T23:15:00Z,R,Regular Season,N,1,Final,F,Arizona Diamondbacks,109,2,Tampa Bay Devil Rays,139,3,James Shields,Brandon Webb,Brian Meadows,9,Tropicana Field,night,2,3,False,,
41009,2006,2006-06-21,2006-06-21T23:35:00Z,R,Regular Season,N,1,Final,F,Toronto Blue Jays,141,6,Atlanta Braves,144,3,Ted Lilly,Tim Hudson,B.J. Ryan,9,Turner Field,night,2,3,False,,
41012,2006,2006-06-21,2006-06-22T00:05:00Z,R,Regular Season,N,1,Final,F,St. Louis Cardinals,138,5,Chicago White Sox,145,13,Mark Buehrle,Jason Marquis,,9,U.S. Cellular Field,night,2,3,False,,
41015,2006,2006-06-21,2006-06-22T00:05:00Z,R,Regular Season,N,1,Final,F,Minnesota Twins,142,3,Houston Astros,117,5,Dan Wheeler,Kyle Lohse,Brad Lidge,9,Minute Maid Park,night,2,3,False,,
41023,2006,2006-06-21,2006-06-22T00:05:00Z,R,Regular Season,N,1,Final,F,San Diego Padres,135,3,Texas Rangers,140,2,Scott Linebrink,Akinori Otsuka,Trevor Hoffman,9,Ameriquest Field,night,2,3,False,,
41016,2006,2006-06-21,2006-06-22T00:10:00Z,R,Regular Season,N,1,Final,F,Pittsburgh Pirates,134,4,Kansas City Royals,118,6,Elmer Dessens,Salomon Torres,Ambiorix Burgos,9,Kauffman Stadium,night,2,3,False,,
41014,2006,2006-06-21,2006-06-22T01:05:00Z,R,Regular Season,N,1,Final,F,Oakland Athletics,133,3,Colorado Rockies,115,2,Kiko Calero,Ray King,,11,Coors Field,night,3,3,False,,
41017,2006,2006-06-21,2006-06-22T02:10:00Z,R,Regular Season,N,1,Final,F,Seattle Mariners,136,8,Los Angeles Dodgers,119,5,Julio Mateo,Danys Baez,J.J. Putz,9,Dodger Stadium,night,2,3,False,,
41031,2006,2006-06-22,2006-06-22T16:15:00Z,R,Regular Season,N,1,Final,F,Arizona Diamondbacks,109,1,Tampa Bay Devil Rays,139,4,Scott Kazmir,Édgar González,Brian Meadows,9,Tropicana Field,day,3,3,False,,
41029,2006,2006-06-22,2006-06-22T17:10:00Z,R,Regular Season,N,1,Final,F,Cincinnati Reds,113,2,New York Mets,121,6,Pedro Martínez,Eric Milton,Chad Bradford,9,Shea Stadium,day,4,4,False,,
41032,2006,2006-06-22,2006-06-22T18:05:00Z,R,Regular Season,N,1,Final,F,San Diego Padres,135,3,Texas Rangers,140,5,John Rheinecker,Clay Hensley,Akinori Otsuka,9,Ameriquest Field,day,3,3,False,,
41027,2006,2006-06-22,2006-06-22T18:10:00Z,R,Regular Season,N,1,Final,F,Pittsburgh Pirates,134,7,Kansas City Royals,118,15,Scott Elarton,Paul Maholm,,9,Kauffman Stadium,day,3,3,False,,
40986,2006,2006-06-22,2006-06-22T23:05:00Z,R,Regular Season,N,1,Final,F,Florida Marlins,146,8,Baltimore Orioles,110,5,Randy Messenger,Todd Williams,Joe Borowski,10,Oriole Park at Camden Yards,night,3,3,False,,
41024,2006,2006-06-22,2006-06-22T23:35:00Z,R,Regular Season,N,1,Final,F,Toronto Blue Jays,141,3,Atlanta Braves,144,2,Ty Taubenheim,Mike Remlinger,B.J. Ryan,9,Turner Field,night,3,3,False,,
41025,2006,2006-06-22,2006-06-23T00:05:00Z,R,Regular Season,N,1,Final,F,St. Louis Cardinals,138,0,Chicago White Sox,145,1,Freddy Garcia,Anthony Reyes,Bobby Jenks,9,U.S. Cellular Field,night,3,3,False,,
41026,2006,2006-06-22,2006-06-23T00:05:00Z,R,Regular Season,N,1,Final,F,Minnesota Twins,142,4,Houston Astros,117,2,Francisco Liriano,Roger Clemens,Joe Nathan,9,Minute Maid Park,night,3,3,False,,
41028,2006,2006-06-22,2006-06-23T02:10:00Z,R,Regular Season,N,1,Final,F,Seattle Mariners,136,2,Los Angeles Dodgers,119,4,Derek Lowe,Félix Hernández,,9,Dodger Stadium,night,3,3,False,,
41034,2006,2006-06-23,2006-06-23T23:05:00Z,R,Regular Season,N,1,Final,F,Washington Nationals,120,1,Baltimore Orioles,110,2,Rodrigo Lopez,John Patterson,Chris Ray,9,Oriole Park at Camden Yards,night,1,3,False,,
41035,2006,2006-06-23,2006-06-23T23:05:00Z,R,Regular Season,N,1,Final,F,Philadelphia Phillies,143,2,Boston Red Sox,111,10,Josh Beckett,Ryan Madson,,9,Fenway Park,night,1,3,False,,
41037,2006,2006-06-23,2006-06-23T23:05:00Z,R,Regular Season,N,1,Final,F,Cincinnati Reds,113,3,Cleveland Indians,114,0,Aaron Harang,Jake Westbrook,,9,Jacobs Field,night,1,3,False,,
41039,2006,2006-06-23,2006-06-23T23:05:00Z,R,Regular Season,N,1,Final,F,St. Louis Cardinals,138,6,Detroit Tigers,116,10,Justin Verlander,Chris Carpenter,,9,Comerica Park,night,1,3,False,,
41043,2006,2006-06-23,2006-06-23T23:05:00Z,R,Regular Season,N,1,Final,F,Florida Marlins,146,5,New York Yankees,147,6,Chien-Ming Wang,Brian Moehler,Mariano Rivera,9,Yankee Stadium I,night,1,3,False,,
41047,2006,2006-06-23,2006-06-23T23:07:00Z,R,Regular Season,N,1,Final,F,New York Mets,121,6,Toronto Blue Jays,141,1,Tom Glavine,Casey Janssen,,9,Rogers Centre,night,1,3,False,,
41046,2006,2006-06-23,2006-06-23T23:15:00Z,R,Regular Season,N,1,Final,F,Atlanta Braves,144,4,Tampa Bay Devil Rays,139,3,Jorge Sosa,Chad Harville,,11,Tropicana Field,night,1,3,False,,
41040,2006,2006-06-23,2006-06-24T00:10:00Z,R,Regular Season,N,1,Final,F,Milwaukee Brewers,158,7,Kansas City Royals,118,2,Dave Bush,Bob Keppel,,9,Kauffman Stadium,night,1,3,False,,
41042,2006,2006-06-23,2006-06-24T00:10:00Z,R,Regular Season,N,1,Final,F,Chicago Cubs,112,2,Minnesota Twins,142,7,Johan Santana,Carlos Marmol,,9,Hubert H. Humphrey Metrodome,night,1,3,False,,
41036,2006,2006-06-23,2006-06-24T00:35:00Z,R,Regular Season,N,1,Final,F,Houston Astros,117,4,Chicago White Sox,145,7,Jose Contreras,Andy Pettitte,Bobby Jenks,9,U.S. Cellular Field,night,1,3,False,,
41038,2006,2006-06-23,2006-06-24T01:05:00Z,R,Regular Season,N,1,Final,F,Texas Rangers,140,8,Colorado Rockies,115,6,John Koronka,Jeff Francis,Akinori Otsuka,9,Coors Field,night,1,3,False,,
41033,2006,2006-06-23,2006-06-24T01:40:00Z,R,Regular Season,N,1,Final,F,Los Angeles Angels,108,8,Arizona Diamondbacks,109,2,Ervin Santana,Enrique Gonzalez,,9,Chase Field,night,1,3,False,,
41044,2006,2006-06-23,2006-06-24T02:05:00Z,R,Regular Season,N,1,Final,F,Seattle Mariners,136,1,San Diego Padres,135,2,Scott Linebrink,Julio Mateo,,10,PETCO Park,night,1,3,False,,
41045,2006,2006-06-23,2006-06-24T02:15:00Z,R,Regular Season,N,1,Final,F,Oakland Athletics,133,4,San Francisco Giants,137,3,Kiko Calero,Armando Benítez,Huston Street,9,AT&T Park,night,1,3,False,,
41041,2006,2006-06-23,2006-06-24T02:40:00Z,R,Regular Season,N,1,Final,F,Pittsburgh Pirates,134,4,Los Angeles Dodgers,119,10,Brett Tomko,Oliver Pérez,,9,Dodger Stadium,night,1,3,False,,
41050,2006,2006-06-24,2006-06-24T17:20:00Z,R,Regular Season,N,1,Final,F,Philadelphia Phillies,143,3,Boston Red Sox,111,5,Jonathan Papelbon,Tom Gordon,,10,Fenway Park,day,2,3,False,,
41051,2006,2006-06-24,2006-06-24T17:20:00Z,R,Regular Season,N,1,Final,F,Houston Astros,117,5,Chicago White Sox,145,6,Matt Thornton,Dan Wheeler,,10,U.S. Cellular Field,day,2,3,False,,
41052,2006,2006-06-24,2006-06-24T17:20:00Z,R,Regular Season,N,1,Final,F,Cincinnati Reds,113,0,Cleveland Indians,114,4,Paul Byrd,Bronson Arroyo,,9,Jacobs Field,day,2,3,False,,
41060,2006,2006-06-24,2006-06-24T20:05:00Z,R,Regular Season,N,1,Final,F,Oakland Athletics,133,7,San Francisco Giants,137,8,Tim Worrell,Huston Street,,9,AT&T Park,day,2,3,False,,
41062,2006,2006-06-24,2006-06-24T20:07:00Z,R,Regular Season,N,1,Final,F,New York Mets,121,4,Toronto Blue Jays,141,7,Roy Halladay,Orlando Hernandez,B.J. Ryan,9,Rogers Centre,day,2,3,False,,
41049,2006,2006-06-24,2006-06-24T20:35:00Z,R,Regular Season,N,1,Final,F,Washington Nationals,120,2,Baltimore Orioles,110,3,Todd Williams,Chad Cordero,,9,Oriole Park at Camden Yards,day,2,3,False,,
41054,2006,2006-06-24,2006-06-24T23:05:00Z,R,Regular Season,N,1,Final,F,St. Louis Cardinals,138,6,Detroit Tigers,116,7,Joel Zumaya,Tyler Johnson,,10,Comerica Park,night,2,3,False,,
41055,2006,2006-06-24,2006-06-24T23:10:00Z,R,Regular Season,N,1,Final,F,Milwaukee Brewers,158,5,Kansas City Royals,118,6,Brandon Duckworth,Doug Davis,Ambiorix Burgos,9,Kauffman Stadium,night,2,3,False,,
41057,2006,2006-06-24,2006-06-24T23:10:00Z,R,Regular Season,N,1,Final,F,Chicago Cubs,112,0,Minnesota Twins,142,3,Boof Bonser,Mark Prior,Joe Nathan,9,Hubert H. Humphrey Metrodome,night,2,3,False,,
41061,2006,2006-06-24,2006-06-24T23:15:00Z,R,Regular Season,N,1,Final,F,Atlanta Braves,144,2,Tampa Bay Devil Rays,139,3,Tim Corcoran,Lance Cormier,Chad Harville,9,Tropicana Field,night,2,3,False,,
41053,2006,2006-06-24,2006-06-25T00:05:00Z,R,Regular Season,N,1,Final,F,Texas Rangers,140,6,Colorado Rockies,115,11,Josh Fogg,Robinson Tejeda,,9,Coors Field,night,2,3,False,,
41048,2006,2006-06-24,2006-06-25T01:40:00Z,R,Regular Season,N,1,Final,F,Los Angeles Angels,108,6,Arizona Diamondbacks,109,4,Brendan Donnelly,Brandon Medders,Francisco Rodríguez,13,Chase Field,night,2,3,False,,
41059,2006,2006-06-24,2006-06-25T02:05:00Z,R,Regular Season,N,1,Final,F,Seattle Mariners,136,9,San Diego Padres,135,5,Jamie Moyer,Chan Ho Park,,9,PETCO Park,night,2,3,False,,
41056,2006,2006-06-24,2006-06-25T02:10:00Z,R,Regular Season,N,1,Final,F,Pittsburgh Pirates,134,0,Los Angeles Dodgers,119,7,Aaron Sele,Zach Duke,,9,Dodger Stadium,night,2,3,False,,
41077,2006,2006-06-25,2006-06-25T16:07:00Z,R,Regular Season,N,1,Final,F,New York Mets,121,7,Toronto Blue Jays,141,4,Steve Trachsel,Josh Towers,Billy Wagner,9,Rogers Centre,day,3,3,False,,
41067,2006,2006-06-25,2006-06-25T17:05:00Z,R,Regular Season,N,1,Final,F,Cincinnati Reds,113,4,Cleveland Indians,114,2,Elizardo Ramirez,Jeremy Sowers,Todd Coffey,9,Jacobs Field,day,3,3,False,,
41069,2006,2006-06-25,2006-06-25T17:05:00Z,R,Regular Season,N,1,Final,F,St. Louis Cardinals,138,1,Detroit Tigers,116,4,Wilfredo Ledezma,Sidney Ponson,Todd Jones,9,Comerica Park,day,3,3,False,,
41073,2006,2006-06-25,2006-06-25T17:05:00Z,R,Regular Season,S,1,Final,F,Florida Marlins,146,1,New York Yankees,147,2,Mike Mussina,Dontrelle Willis,Mariano Rivera,9,Yankee Stadium I,day,2,3,False,,
41076,2006,2006-06-25,2006-06-25T17:15:00Z,R,Regular Season,N,1,Final,F,Atlanta Braves,144,4,Tampa Bay Devil Rays,139,1,Chuck James,Mark Hendrickson,Jorge Sosa,9,Tropicana Field,day,3,3,False,,
41064,2006,2006-06-25,2006-06-25T17:35:00Z,R,Regular Season,N,1,Final,F,Washington Nationals,120,9,Baltimore Orioles,110,5,Livan Hernandez,Daniel Cabrera,,9,Oriole Park at Camden Yards,day,3,3,False,,
41070,2006,2006-06-25,2006-06-25T18:10:00Z,R,Regular Season,N,1,Final,F,Milwaukee Brewers,158,0,Kansas City Royals,118,6,Mark Redman,Rick Helling,Jimmy Gobble,9,Kauffman Stadium,day,3,3,False,,
41072,2006,2006-06-25,2006-06-25T18:10:00Z,R,Regular Season,N,1,Final,F,Chicago Cubs,112,1,Minnesota Twins,142,8,Brad Radke,Sean Marshall,,9,Hubert H. Humphrey Metrodome,day,3,3,False,,
41068,2006,2006-06-25,2006-06-25T19:05:00Z,R,Regular Season,N,1,Final,F,Texas Rangers,140,0,Colorado Rockies,115,3,Byung-Hyun Kim,Vicente Padilla,Brian Fuentes,9,Coors Field,day,3,3,False,,
41074,2006,2006-06-25,2006-06-25T20:05:00Z,R,Regular Season,N,1,Final,F,Seattle Mariners,136,9,San Diego Padres,135,4,George Sherrill,Alan Embree,,9,PETCO Park,day,3,3,False,,
41071,2006,2006-06-25,2006-06-25T20:10:00Z,R,Regular Season,N,1,Final,F,Pittsburgh Pirates,134,4,Los Angeles Dodgers,119,7,Brad Penny,Kip Wells,Takashi Saito,9,Dodger Stadium,day,3,3,False,,
41075,2006,2006-06-25,2006-06-25T20:15:00Z,R,Regular Season,N,1,Final,F,Oakland Athletics,133,10,San Francisco Giants,137,4,Esteban Loaiza,Matt Cain,,9,AT&T Park,day,3,3,False,,
41063,2006,2006-06-25,2006-06-25T20:40:00Z,R,Regular Season,N,1,Final,F,Los Angeles Angels,108,7,Arizona Diamondbacks,109,9,Miguel Batista,Kelvim Escobar,Jorge Julio,9,Chase Field,day,3,3,False,,
41058,2006,2006-06-25,2006-06-26T00:05:00Z,R,Regular Season,S,2,Final,F,Florida Marlins,146,5,New York Yankees,147,0,Aníbal Sánchez,Shawn Chacon,,9,Yankee Stadium I,night,3,3,False,,
41066,2006,2006-06-25,2006-06-26T00:05:00Z,R,Regular Season,N,1,Final,F,Houston Astros,117,10,Chicago White Sox,145,9,Fernando Nieve,Brandon McCarthy,,13,U.S. Cellular Field,night,3,3,False,,
41065,2006,2006-06-26,2006-06-26T17:05:00Z,R,Regular Season,N,1,Final,F,Philadelphia Phillies,143,7,Boston Red Sox,111,8,Craig Hansen,Clay Condrey,,12,Fenway Park,day,3,3,False,,
41079,2006,2006-06-26,2006-06-26T23:05:00Z,R,Regular Season,N,1,Final,F,Houston Astros,117,4,Detroit Tigers,116,10,Zach Miner,Wandy Rodriguez,,9,Comerica Park,night,1,3,False,,
41080,2006,2006-06-26,2006-06-26T23:05:00Z,R,Regular Season,N,1,Final,F,Tampa Bay Devil Rays,139,5,Florida Marlins,146,8,Josh Johnson,James Shields,Joe Borowski,9,Dolphin Stadium,night,1,3,False,,
41083,2006,2006-06-26,2006-06-26T23:05:00Z,R,Regular Season,N,1,Final,F,Atlanta Braves,144,2,New York Yankees,147,5,Randy Johnson,Tim Hudson,Mariano Rivera,9,Yankee Stadium I,night,1,3,False,,
41078,2006,2006-06-26,2006-06-27T00:05:00Z,R,Regular Season,N,1,Final,F,Milwaukee Brewers,158,6,Chicago Cubs,112,0,Chris Capuano,Greg Maddux,,9,Wrigley Field,night,1,4,False,,
41082,2006,2006-06-26,2006-06-27T00:10:00Z,R,Regular Season,N,1,Final,F,Los Angeles Dodgers,119,2,Minnesota Twins,142,8,Carlos Silva,Chad Billingsley,,9,Hubert H. Humphrey Metrodome,night,1,3,False,,
41084,2006,2006-06-26,2006-06-27T00:10:00Z,R,Regular Season,N,1,Final,F,Cleveland Indians,114,10,St. Louis Cardinals,138,3,Cliff Lee,Jason Marquis,,9,Busch Stadium,night,1,3,False,,
41081,2006,2006-06-26,2006-06-27T02:05:00Z,R,Regular Season,N,1,Final,F,Colorado Rockies,115,4,Los Angeles Angels,108,5,John Lackey,Jose Mesa,Francisco Rodríguez,9,Angel Stadium of Anaheim,night,1,3,False,,
41087,2006,2006-06-27,2006-06-27T23:05:00Z,R,Regular Season,N,1,Final,F,New York Mets,121,4,Boston Red Sox,111,9,Jon Lester,Alay Soler,,9,Fenway Park,night,1,3,False,,
41090,2006,2006-06-27,2006-06-27T23:05:00Z,R,Regular Season,N,1,Final,F,Houston Astros,117,0,Detroit Tigers,116,4,Nate Robertson,Roger Clemens,,9,Comerica Park,night,2,3,False,,
41091,2006,2006-06-27,2006-06-27T23:05:00Z,R,Regular Season,N,1,Final,F,Tampa Bay Devil Rays,139,4,Florida Marlins,146,8,Ricky Nolasco,Scott Kazmir,,9,Dolphin Stadium,night,2,3,False,,
41094,2006,2006-06-27,2006-06-27T23:05:00Z,R,Regular Season,N,1,Final,F,Atlanta Braves,144,5,New York Yankees,147,2,Horacio Ramirez,Jaret Wright,,9,Yankee Stadium I,night,2,3,False,,
41095,2006,2006-06-27,2006-06-27T23:05:00Z,R,Regular Season,N,1,Final,F,Chicago White Sox,145,4,Pittsburgh Pirates,134,2,Mark Buehrle,Ian Snell,Bobby Jenks,9,PNC Park,night,1,3,False,,
41099,2006,2006-06-27,2006-06-27T23:07:00Z,R,Regular Season,N,1,Final,F,Washington Nationals,120,0,Toronto Blue Jays,141,6,A.J. Burnett,Ramón Ortiz,,9,Rogers Centre,night,1,3,False,,
41089,2006,2006-06-27,2006-06-27T23:10:00Z,R,Regular Season,N,1,Final,F,Kansas City Royals,118,9,Cincinnati Reds,113,8,Jeremy Affeldt,Todd Coffey,Ambiorix Burgos,9,Great American Ball Park,night,1,3,False,,
41088,2006,2006-06-27,2006-06-28T00:05:00Z,R,Regular Season,N,1,Final,F,Milwaukee Brewers,158,8,Chicago Cubs,112,5,Brian Shouse,Ryan Dempster,Derrick Turnbow,9,Wrigley Field,night,2,4,False,,
41093,2006,2006-06-27,2006-06-28T00:10:00Z,R,Regular Season,N,1,Final,F,Los Angeles Dodgers,119,2,Minnesota Twins,142,9,Francisco Liriano,Derek Lowe,,9,Hubert H. Humphrey Metrodome,night,2,3,False,,
41098,2006,2006-06-27,2006-06-28T00:10:00Z,R,Regular Season,N,1,Final,F,Cleveland Indians,114,3,St. Louis Cardinals,138,1,CC Sabathia,Anthony Reyes,Bob Wickman,9,Busch Stadium,night,2,3,False,,
41085,2006,2006-06-27,2006-06-28T01:40:00Z,R,Regular Season,N,1,Final,F,Seattle Mariners,136,11,Arizona Diamondbacks,109,7,Jake Woods,Brandon Lyon,J.J. Putz,9,Chase Field,night,1,3,False,,
41092,2006,2006-06-27,2006-06-28T02:05:00Z,R,Regular Season,N,1,Final,F,Colorado Rockies,115,12,Los Angeles Angels,108,4,Aaron Cook,Jeff Weaver,,9,Angel Stadium of Anaheim,night,2,3,False,,
41096,2006,2006-06-27,2006-06-28T02:05:00Z,R,Regular Season,N,1,Final,F,Oakland Athletics,133,0,San Diego Padres,135,3,Chris Young,Barry Zito,Trevor Hoffman,9,PETCO Park,night,1,3,False,,
41097,2006,2006-06-27,2006-06-28T02:15:00Z,R,Regular Season,N,1,Final,F,Texas Rangers,140,3,San Francisco Giants,137,5,Matt Morris,Kevin Millwood,Jeremy Accardo,9,AT&T Park,night,1,3,False,,
41105,2006,2006-06-28,2006-06-28T17:05:00Z,R,Regular Season,N,1,Final,F,Houston Astros,117,0,Detroit Tigers,116,5,Justin Verlander,Andy Pettitte,,9,Comerica Park,day,3,3,False,,
41109,2006,2006-06-28,2006-06-28T17:05:00Z,R,Regular Season,N,1,Final,F,Atlanta Braves,144,3,New York Yankees,147,4,Ron Villone,Jorge Sosa,,12,Yankee Stadium I,day,3,3,False,,
41108,2006,2006-06-28,2006-06-28T17:10:00Z,R,Regular Season,N,1,Final,F,Los Angeles Dodgers,119,3,Minnesota Twins,142,6,Johan Santana,Odalis Perez,Joe Nathan,9,Hubert H. Humphrey Metrodome,day,3,3,False,,
41086,2006,2006-06-28,2006-06-28T17:35:00Z,R,Regular Season,S,1,Final,F,Philadelphia Phillies,143,4,Baltimore Orioles,110,7,Erik Bedard,Cole Hamels,Chris Ray,9,Oriole Park at Camden Yards,day,1,3,False,,
41103,2006,2006-06-28,2006-06-28T18:20:00Z,R,Regular Season,N,1,Final,F,Milwaukee Brewers,158,3,Chicago Cubs,112,6,Bob Howry,Dan Kolb,Ryan Dempster,9,Wrigley Field,day,3,4,False,,
41101,2006,2006-06-28,2006-06-28T23:05:00Z,R,Regular Season,S,2,Final,F,Philadelphia Phillies,143,5,Baltimore Orioles,110,12,Kris Benson,Scott Mathieson,,9,Oriole Park at Camden Yards,night,2,3,False,,
41102,2006,2006-06-28,2006-06-28T23:05:00Z,R,Regular Season,N,1,Final,F,New York Mets,121,2,Boston Red Sox,111,10,Josh Beckett,Pedro Martínez,,9,Fenway Park,night,2,3,False,,
41106,2006,2006-06-28,2006-06-28T23:05:00Z,R,Regular Season,N,1,Final,F,Tampa Bay Devil Rays,139,3,Florida Marlins,146,1,Casey Fossum,Scott Olsen,Brian Meadows,9,Dolphin Stadium,night,3,3,False,,
41110,2006,2006-06-28,2006-06-28T23:05:00Z,R,Regular Season,N,1,Final,F,Chicago White Sox,145,4,Pittsburgh Pirates,134,3,Freddy Garcia,Paul Maholm,Bobby Jenks,9,PNC Park,night,2,3,False,,
41114,2006,2006-06-28,2006-06-28T23:07:00Z,R,Regular Season,N,1,Final,F,Washington Nationals,120,1,Toronto Blue Jays,141,6,Ted Lilly,Shawn Hill,,9,Rogers Centre,night,2,3,False,,
41104,2006,2006-06-28,2006-06-28T23:10:00Z,R,Regular Season,N,1,Final,F,Kansas City Royals,118,2,Cincinnati Reds,113,7,Aaron Harang,Scott Elarton,,9,Great American Ball Park,night,2,3,False,,
41113,2006,2006-06-28,2006-06-29T00:10:00Z,R,Regular Season,N,1,Final,F,Cleveland Indians,114,4,St. Louis Cardinals,138,5,Jason Isringhausen,Bob Wickman,,9,Busch Stadium,night,3,3,False,,
41100,2006,2006-06-28,2006-06-29T01:40:00Z,R,Regular Season,N,1,Final,F,Seattle Mariners,136,10,Arizona Diamondbacks,109,3,Félix Hernández,Édgar González,,9,Chase Field,night,2,3,False,,
41107,2006,2006-06-28,2006-06-29T02:05:00Z,R,Regular Season,N,1,Final,F,Colorado Rockies,115,6,Los Angeles Angels,108,2,Ramon E Ramirez,Scot Shields,,9,Angel Stadium of Anaheim,night,3,3,False,,
41111,2006,2006-06-28,2006-06-29T02:05:00Z,R,Regular Season,N,1,Final,F,Oakland Athletics,133,1,San Diego Padres,135,8,Clay Hensley,Joe Blanton,,9,PETCO Park,night,2,3,False,,
41112,2006,2006-06-28,2006-06-29T02:15:00Z,R,Regular Season,N,1,Final,F,Texas Rangers,140,1,San Francisco Giants,137,5,Noah Lowry,John Rheinecker,,9,AT&T Park,night,2,3,False,,
41120,2006,2006-06-29,2006-06-29T16:35:00Z,R,Regular Season,N,1,Final,F,Chicago White Sox,145,6,Pittsburgh Pirates,134,7,Michael Gonzalez,Cliff Politte,,9,PNC Park,day,3,3,False,,
41118,2006,2006-06-29,2006-06-29T18:20:00Z,R,Regular Season,N,1,Final,F,Milwaukee Brewers,158,5,Chicago Cubs,112,4,Geremi Gonzalez,Mark Prior,Derrick Turnbow,9,Wrigley Field,day,4,4,False,,
41121,2006,2006-06-29,2006-06-29T19:35:00Z,R,Regular Season,N,1,Final,F,Oakland Athletics,133,6,San Diego Padres,135,5,Ron Flores,Scott Cassidy,Chad Gaudin,14,PETCO Park,day,3,3,False,,
41122,2006,2006-06-29,2006-06-29T19:35:00Z,R,Regular Season,N,1,Final,F,Texas Rangers,140,1,San Francisco Giants,137,2,Jonathan Sánchez,Scott Feldman,Jeremy Accardo,9,AT&T Park,day,3,3,False,,
41116,2006,2006-06-29,2006-06-29T23:05:00Z,R,Regular Season,N,1,Final,F,Philadelphia Phillies,143,4,Baltimore Orioles,110,0,Ryan Madson,Rodrigo Lopez,Tom Gordon,9,Oriole Park at Camden Yards,night,3,3,False,,
41117,2006,2006-06-29,2006-06-29T23:05:00Z,R,Regular Season,N,1,Final,F,New York Mets,121,2,Boston Red Sox,111,4,Curt Schilling,Aaron Heilman,Jonathan Papelbon,9,Fenway Park,night,3,3,False,,
41123,2006,2006-06-29,2006-06-29T23:07:00Z,R,Regular Season,N,1,Final,F,Washington Nationals,120,4,Toronto Blue Jays,141,8,Roy Halladay,John Patterson,,9,Rogers Centre,night,3,3,False,,
41119,2006,2006-06-29,2006-06-29T23:10:00Z,R,Regular Season,N,1,Final,F,Kansas City Royals,118,5,Cincinnati Reds,113,6,David Weathers,Elmer Dessens,Todd Coffey,9,Great American Ball Park,night,3,3,False,,
41115,2006,2006-06-29,2006-06-30T01:40:00Z,R,Regular Season,N,1,Final,F,Seattle Mariners,136,3,Arizona Diamondbacks,109,2,Eddie Guardado,Jorge Julio,J.J. Putz,9,Chase Field,night,3,3,False,,
41125,2006,2006-06-30,2006-06-30T18:20:00Z,R,Regular Season,N,1,Final,F,Chicago White Sox,145,6,Chicago Cubs,112,2,Jon Garland,Sean Marshall,,9,Wrigley Field,day,1,3,False,,
41130,2006,2006-06-30,2006-06-30T23:05:00Z,R,Regular Season,N,1,Final,F,New York Mets,121,0,New York Yankees,147,2,Ron Villone,Orlando Hernandez,Mariano Rivera,9,Yankee Stadium I,night,1,3,False,,
41132,2006,2006-06-30,2006-06-30T23:05:00Z,R,Regular Season,N,1,Final,F,Detroit Tigers,116,7,Pittsburgh Pirates,134,6,Roman Colon,Kip Wells,Todd Jones,9,PNC Park,night,1,3,False,,
41137,2006,2006-06-30,2006-06-30T23:05:00Z,R,Regular Season,N,1,Final,F,Tampa Bay Devil Rays,139,11,Washington Nationals,120,1,Tim Corcoran,Michael O'Connor,,9,Robert F. Kennedy Memorial Stadium,night,1,3,False,,
41136,2006,2006-06-30,2006-06-30T23:07:00Z,R,Regular Season,N,1,Final,F,Philadelphia Phillies,143,1,Toronto Blue Jays,141,8,Casey Janssen,Adam Bernero,,9,Rogers Centre,night,1,3,False,,
41126,2006,2006-06-30,2006-06-30T23:10:00Z,R,Regular Season,N,1,Final,F,Cleveland Indians,114,8,Cincinnati Reds,113,9,Kent Mercker,Bob Wickman,,9,Great American Ball Park,night,1,3,False,,
41124,2006,2006-06-30,2006-06-30T23:35:00Z,R,Regular Season,N,1,Final,F,Baltimore Orioles,110,3,Atlanta Braves,144,5,Chuck James,Kurt Birkins,Jorge Sosa,9,Turner Field,night,1,3,False,,
41127,2006,2006-06-30,2006-06-30T23:35:00Z,R,Regular Season,N,1,Final,F,Boston Red Sox,111,2,Florida Marlins,146,5,Dontrelle Willis,Jason Johnson,Joe Borowski,9,Dolphin Stadium,night,1,3,False,,
41129,2006,2006-06-30,2006-07-01T00:10:00Z,R,Regular Season,N,1,Final,F,Milwaukee Brewers,158,2,Minnesota Twins,142,8,Brad Radke,Carlos Villanueva,,9,Hubert H. Humphrey Metrodome,night,1,3,False,,
41134,2006,2006-06-30,2006-07-01T00:10:00Z,R,Regular Season,N,1,Final,F,Kansas City Royals,118,7,St. Louis Cardinals,138,5,Ambiorix Burgos,Braden Looper,,10,Busch Stadium,night,1,3,False,,
41135,2006,2006-06-30,2006-07-01T00:35:00Z,R,Regular Season,N,1,Final,F,Houston Astros,117,1,Texas Rangers,140,3,Vicente Padilla,Roy Oswalt,Akinori Otsuka,9,Ameriquest Field,night,1,3,False,,
41006,2006,2006-06-30,2006-07-01T02:05:00Z,R,Regular Season,N,1,Final,F,Colorado Rockies,115,2,Seattle Mariners,136,0,Josh Fogg,Jamie Moyer,,9,Safeco Field,night,1,3,False,,
41128,2006,2006-06-30,2006-07-01T02:05:00Z,R,Regular Season,N,1,Final,F,Los Angeles Dodgers,119,6,Los Angeles Angels,108,1,Brad Penny,Bartolo Colon,,9,Angel Stadium of Anaheim,night,1,3,False,,
41131,2006,2006-06-30,2006-07-01T02:05:00Z,R,Regular Season,N,1,Final,F,Arizona Diamondbacks,109,6,Oakland Athletics,133,4,Claudio Vargas,Brad Halsey,Jorge Julio,9,McAfee Coliseum,night,1,3,False,,
41133,2006,2006-06-30,2006-07-01T02:05:00Z,R,Regular Season,N,1,Final,F,San Francisco Giants,137,5,San Diego Padres,135,6,Brian Sikorski,Jeremy Accardo,,9,PETCO Park,night,1,4,False,,
41139,2006,2006-07-01,2006-07-01T17:20:00Z,R,Regular Season,N,1,Final,F,Chicago White Sox,145,8,Chicago Cubs,112,6,Neal Cotts,Ryan Dempster,Bobby Jenks,9,Wrigley Field,day,2,3,False,,
41144,2006,2006-07-01,2006-07-01T17:20:00Z,R,Regular Season,N,1,Final,F,New York Mets,121,8,New York Yankees,147,3,Steve Trachsel,Randy Johnson,,9,Yankee Stadium I,day,2,3,False,,
41150,2006,2006-07-01,2006-07-01T17:20:00Z,R,Regular Season,N,1,Final,F,Houston Astros,117,7,Texas Rangers,140,0,Taylor Buchholz,John Wasdin,,9,Ameriquest Field,day,2,3,False,,
39958,2006,2006-07-01,2006-07-01T19:05:00Z,R,Regular Season,S,1,Final,F,San Francisco Giants,137,4,San Diego Padres,135,7,Jon Adkins,Brian Wilson,Trevor Hoffman,9,PETCO Park,day,2,4,False,,
41145,2006,2006-07-01,2006-07-01T20:05:00Z,R,Regular Season,N,1,Final,F,Arizona Diamondbacks,109,7,Oakland Athletics,133,2,Miguel Batista,Esteban Loaiza,,9,McAfee Coliseum,day,2,3,False,,
41151,2006,2006-07-01,2006-07-01T20:07:00Z,R,Regular Season,N,1,Final,F,Philadelphia Phillies,143,2,Toronto Blue Jays,141,5,Scott Downs,Cory Lidle,B.J. Ryan,9,Rogers Centre,day,2,3,False,,
41142,2006,2006-07-01,2006-07-01T20:10:00Z,R,Regular Season,N,1,Final,F,Los Angeles Dodgers,119,2,Los Angeles Angels,108,9,Kelvim Escobar,Mark Hendrickson,,9,Angel Stadium of Anaheim,day,2,3,False,,
41141,2006,2006-07-01,2006-07-01T22:05:00Z,R,Regular Season,N,1,Final,F,Boston Red Sox,111,11,Florida Marlins,146,5,Tim Wakefield,Brian Moehler,,9,Dolphin Stadium,night,2,3,False,,
41140,2006,2006-07-01,2006-07-01T22:10:00Z,R,Regular Season,N,1,Final,F,Cleveland Indians,114,12,Cincinnati Reds,113,7,Cliff Lee,Joe Mays,,9,Great American Ball Park,night,2,3,False,,
41138,2006,2006-07-01,2006-07-01T23:05:00Z,R,Regular Season,N,1,Final,F,Baltimore Orioles,110,7,Atlanta Braves,144,4,Kurt Birkins,Tim Hudson,,9,Turner Field,night,2,3,False,,
41146,2006,2006-07-01,2006-07-01T23:05:00Z,R,Regular Season,N,1,Final,F,Detroit Tigers,116,2,Pittsburgh Pirates,134,9,Matt Capps,Jason Grilli,,9,PNC Park,night,2,3,False,,
41152,2006,2006-07-01,2006-07-01T23:05:00Z,R,Regular Season,N,1,Final,F,Tampa Bay Devil Rays,139,3,Washington Nationals,120,4,Chad Cordero,Brian Meadows,,10,Robert F. Kennedy Memorial Stadium,night,2,3,False,,
41143,2006,2006-07-01,2006-07-01T23:10:00Z,R,Regular Season,N,1,Final,F,Milwaukee Brewers,158,7,Minnesota Twins,142,10,Juan Rincon,Derrick Turnbow,Joe Nathan,9,Hubert H. Humphrey Metrodome,night,2,3,False,,
41149,2006,2006-07-01,2006-07-01T23:15:00Z,R,Regular Season,N,1,Final,F,Kansas City Royals,118,8,St. Louis Cardinals,138,7,Luke Hudson,Jason Isringhausen,,11,Busch Stadium,night,2,3,False,,
41147,2006,2006-07-01,2006-07-02T02:05:00Z,R,Regular Season,S,2,Final,F,San Francisco Giants,137,4,San Diego Padres,135,1,Steve Kline,Alan Embree,Armando Benítez,10,PETCO Park,night,3,4,False,,
41148,2006,2006-07-01,2006-07-02T02:05:00Z,R,Regular Season,N,1,Final,F,Colorado Rockies,115,7,Seattle Mariners,136,8,Julio Mateo,David Cortes,J.J. Putz,9,Safeco Field,night,2,3,False,,
41153,2006,2006-07-02,2006-07-02T17:05:00Z,R,Regular Season,N,1,Final,F,Baltimore Orioles,110,3,Atlanta Braves,144,10,Horacio Ramirez,Kris Benson,,9,Turner Field,day,3,3,False,,
41156,2006,2006-07-02,2006-07-02T17:05:00Z,R,Regular Season,N,1,Final,F,Boston Red Sox,111,4,Florida Marlins,146,3,Mike Timlin,Randy Messenger,Jonathan Papelbon,9,Dolphin Stadium,day,3,3,False,,
41167,2006,2006-07-02,2006-07-02T17:05:00Z,R,Regular Season,N,1,Final,F,Tampa Bay Devil Rays,139,2,Washington Nationals,120,6,Ramón Ortiz,Jae Weong Seo,,9,Robert F. Kennedy Memorial Stadium,day,3,3,False,,
41166,2006,2006-07-02,2006-07-02T17:07:00Z,R,Regular Season,N,1,Final,F,Philadelphia Phillies,143,11,Toronto Blue Jays,141,6,Geoff Geary,A.J. Burnett,,9,Rogers Centre,day,3,3,False,,
41155,2006,2006-07-02,2006-07-02T17:15:00Z,R,Regular Season,N,1,Final,F,Cleveland Indians,114,6,Cincinnati Reds,113,3,Guillermo Mota,David Weathers,Bob Wickman,9,Great American Ball Park,day,3,3,False,,
41161,2006,2006-07-02,2006-07-02T17:35:00Z,R,Regular Season,N,1,Final,F,Detroit Tigers,116,9,Pittsburgh Pirates,134,8,Zach Miner,Ian Snell,Todd Jones,9,PNC Park,day,3,3,False,,
41158,2006,2006-07-02,2006-07-02T18:10:00Z,R,Regular Season,N,1,Final,F,Milwaukee Brewers,158,0,Minnesota Twins,142,8,Francisco Liriano,Zach Jackson,,9,Hubert H. Humphrey Metrodome,day,3,3,False,,
41164,2006,2006-07-02,2006-07-02T18:15:00Z,R,Regular Season,N,1,Final,F,Kansas City Royals,118,7,St. Louis Cardinals,138,9,Jason Marquis,Mike Wood,,9,Busch Stadium,day,3,3,False,,
41154,2006,2006-07-02,2006-07-02T18:20:00Z,R,Regular Season,N,1,Final,F,Chicago White Sox,145,11,Chicago Cubs,112,15,Carlos Zambrano,Mark Buehrle,Bob Howry,9,Wrigley Field,day,3,3,False,,
41157,2006,2006-07-02,2006-07-02T19:35:00Z,R,Regular Season,N,1,Final,F,Los Angeles Dodgers,119,0,Los Angeles Angels,108,4,John Lackey,Chad Billingsley,,9,Angel Stadium of Anaheim,day,3,3,False,,
41160,2006,2006-07-02,2006-07-02T20:05:00Z,R,Regular Season,N,1,Final,F,Arizona Diamondbacks,109,3,Oakland Athletics,133,1,Brandon Webb,Barry Zito,,9,McAfee Coliseum,day,3,3,False,,
41162,2006,2006-07-02,2006-07-02T20:05:00Z,R,Regular Season,N,1,Final,F,San Francisco Giants,137,6,San Diego Padres,135,2,Matt Morris,Chris Young,Brian Wilson,9,PETCO Park,day,4,4,False,,
41163,2006,2006-07-02,2006-07-02T20:05:00Z,R,Regular Season,N,1,Final,F,Colorado Rockies,115,4,Seattle Mariners,136,3,Brian Fuentes,Julio Mateo,Ray King,11,Safeco Field,day,3,3,False,,
41159,2006,2006-07-02,2006-07-03T00:05:00Z,R,Regular Season,N,1,Final,F,New York Mets,121,7,New York Yankees,147,16,Ron Villone,Alay Soler,,9,Yankee Stadium I,night,3,3,False,,
41165,2006,2006-07-02,2006-07-03T00:05:00Z,R,Regular Season,N,1,Final,F,Houston Astros,117,9,Texas Rangers,140,5,Wandy Rodriguez,Kevin Millwood,Brad Lidge,9,Ameriquest Field,night,3,3,False,,
41175,2006,2006-07-03,2006-07-03T18:05:00Z,R,Regular Season,N,1,Final,F,Cincinnati Reds,113,7,Milwaukee Brewers,158,8,Matt Wise,Todd Coffey,,9,Miller Park,day,1,3,False,,
41168,2006,2006-07-03,2006-07-03T23:05:00Z,R,Regular Season,N,1,Final,F,St. Louis Cardinals,138,3,Atlanta Braves,144,6,John Smoltz,Anthony Reyes,Jorge Sosa,9,Turner Field,night,1,3,False,,
41169,2006,2006-07-03,2006-07-03T23:05:00Z,R,Regular Season,N,1,Final,F,Baltimore Orioles,110,8,Chicago White Sox,145,1,Erik Bedard,Freddy Garcia,,9,U.S. Cellular Field,night,1,4,False,,
41170,2006,2006-07-03,2006-07-03T23:05:00Z,R,Regular Season,N,1,Final,F,New York Yankees,147,2,Cleveland Indians,114,5,Jeremy Sowers,Chien-Ming Wang,Bob Wickman,9,Jacobs Field,night,1,4,False,,
41181,2006,2006-07-03,2006-07-03T23:05:00Z,R,Regular Season,N,1,Final,F,Florida Marlins,146,1,Washington Nationals,120,9,Pedro Astacio,Ricky Nolasco,,9,Robert F. Kennedy Memorial Stadium,night,1,4,False,,
41176,2006,2006-07-03,2006-07-03T23:10:00Z,R,Regular Season,N,1,Final,F,Pittsburgh Pirates,134,11,New York Mets,121,1,Paul Maholm,John Maine,,9,Shea Stadium,night,1,4,False,,
41179,2006,2006-07-03,2006-07-03T23:15:00Z,R,Regular Season,N,1,Final,F,Boston Red Sox,111,0,Tampa Bay Devil Rays,139,3,Scott Kazmir,Josh Beckett,,9,Tropicana Field,night,1,4,False,,
41171,2006,2006-07-03,2006-07-04T00:05:00Z,R,Regular Season,N,1,Final,F,San Francisco Giants,137,9,Colorado Rockies,115,6,Jeremy Accardo,Ramon E Ramirez,Armando Benítez,9,Coors Field,night,1,3,False,,
41172,2006,2006-07-03,2006-07-04T00:05:00Z,R,Regular Season,N,1,Final,F,Chicago Cubs,112,2,Houston Astros,117,7,Roger Clemens,Carlos Marmol,,9,Minute Maid Park,night,1,3,False,,
41180,2006,2006-07-03,2006-07-04T00:05:00Z,R,Regular Season,N,1,Final,F,Toronto Blue Jays,141,1,Texas Rangers,140,6,John Rheinecker,Ted Lilly,,9,Ameriquest Field,night,1,3,False,,
41173,2006,2006-07-03,2006-07-04T00:10:00Z,R,Regular Season,N,1,Final,F,Minnesota Twins,142,6,Kansas City Royals,118,5,Jesse Crain,Andrew Sisco,Joe Nathan,9,Kauffman Stadium,night,1,3,False,,
41177,2006,2006-07-03,2006-07-04T02:05:00Z,R,Regular Season,N,1,Final,F,Detroit Tigers,116,3,Oakland Athletics,133,5,Joe Blanton,Nate Robertson,Huston Street,9,McAfee Coliseum,night,1,3,False,,
41178,2006,2006-07-03,2006-07-04T02:05:00Z,R,Regular Season,N,1,Final,F,Los Angeles Angels,108,7,Seattle Mariners,136,1,Jered Weaver,Félix Hernández,,9,Safeco Field,night,1,3,False,,
41174,2006,2006-07-03,2006-07-04T02:10:00Z,R,Regular Season,N,1,Final,F,Arizona Diamondbacks,109,4,Los Angeles Dodgers,119,10,Derek Lowe,Juan Cruz,,9,Dodger Stadium,night,1,3,False,,
41196,2006,2006-07-04,2006-07-04T17:05:00Z,R,Regular Season,N,1,Final,F,Florida Marlins,146,4,Washington Nationals,120,6,Chad Cordero,Joe Borowski,,9,Robert F. Kennedy Memorial Stadium,day,2,4,False,,
41190,2006,2006-07-04,2006-07-04T17:10:00Z,R,Regular Season,N,1,Final,F,Pittsburgh Pirates,134,6,New York Mets,121,7,Duaner Sanchez,Roberto Hernandez,Billy Wagner,9,Shea Stadium,day,2,4,False,,
41186,2006,2006-07-04,2006-07-04T18:05:00Z,R,Regular Season,N,1,Final,F,Chicago Cubs,112,2,Houston Astros,117,7,Andy Pettitte,Mark Prior,,9,Minute Maid Park,day,2,3,False,,
41189,2006,2006-07-04,2006-07-04T18:05:00Z,R,Regular Season,N,1,Final,F,Cincinnati Reds,113,2,Milwaukee Brewers,158,5,Doug Davis,Bronson Arroyo,Brian Shouse,9,Miller Park,day,2,3,False,,
41192,2006,2006-07-04,2006-07-04T19:05:00Z,R,Regular Season,N,1,Final,F,San Diego Padres,135,5,Philadelphia Phillies,143,6,Tom Gordon,Cla Meredith,,9,Citizens Bank Park,day,1,3,False,,
41183,2006,2006-07-04,2006-07-04T20:05:00Z,R,Regular Season,N,1,Final,F,Baltimore Orioles,110,0,Chicago White Sox,145,13,Jose Contreras,Rodrigo Lopez,,9,U.S. Cellular Field,day,2,4,False,,
41193,2006,2006-07-04,2006-07-04T20:05:00Z,R,Regular Season,N,1,Final,F,Los Angeles Angels,108,14,Seattle Mariners,136,6,Ervin Santana,Julio Mateo,,9,Safeco Field,day,2,3,False,,
41194,2006,2006-07-04,2006-07-04T20:15:00Z,R,Regular Season,N,1,Final,F,Boston Red Sox,111,6,Tampa Bay Devil Rays,139,9,Jon Switzer,Curt Schilling,Shawn Camp,9,Tropicana Field,day,2,4,False,,
41191,2006,2006-07-04,2006-07-04T21:05:00Z,R,Regular Season,N,1,Final,F,Detroit Tigers,116,1,Oakland Athletics,133,2,Chad Gaudin,Fernando Rodney,,10,McAfee Coliseum,day,2,3,False,,
41184,2006,2006-07-04,2006-07-04T22:05:00Z,R,Regular Season,N,1,Final,F,New York Yankees,147,1,Cleveland Indians,114,19,Jake Westbrook,Shawn Chacon,,9,Jacobs Field,night,2,4,False,,
41182,2006,2006-07-04,2006-07-04T23:05:00Z,R,Regular Season,N,1,Final,F,St. Louis Cardinals,138,6,Atlanta Braves,144,3,Chris Carpenter,John Thomson,Jason Isringhausen,9,Turner Field,night,2,3,False,,
41185,2006,2006-07-04,2006-07-05T00:05:00Z,R,Regular Season,N,1,Final,F,San Francisco Giants,137,1,Colorado Rockies,115,6,Jeff Francis,Jason Schmidt,,9,Coors Field,night,2,3,False,,
41195,2006,2006-07-04,2006-07-05T00:05:00Z,R,Regular Season,N,1,Final,F,Toronto Blue Jays,141,3,Texas Rangers,140,2,Roy Halladay,John Koronka,B.J. Ryan,9,Ameriquest Field,night,2,3,False,,
41187,2006,2006-07-04,2006-07-05T00:10:00Z,R,Regular Season,N,1,Final,F,Minnesota Twins,142,2,Kansas City Royals,118,7,Jimmy Gobble,Boof Bonser,Elmer Dessens,9,Kauffman Stadium,night,2,3,False,,
41188,2006,2006-07-04,2006-07-05T01:10:00Z,R,Regular Season,N,1,Final,F,Arizona Diamondbacks,109,3,Los Angeles Dodgers,119,11,Aaron Sele,Enrique Gonzalez,,9,Dodger Stadium,night,2,3,False,,
41206,2006,2006-07-05,2006-07-05T19:35:00Z,R,Regular Season,N,1,Final,F,Detroit Tigers,116,10,Oakland Athletics,133,4,Kenny Rogers,Kirk Saarloos,Roman Colon,9,McAfee Coliseum,day,3,3,False,,
41199,2006,2006-07-05,2006-07-05T23:05:00Z,R,Regular Season,N,1,Final,F,New York Yankees,147,11,Cleveland Indians,114,3,Mike Mussina,Paul Byrd,,9,Jacobs Field,night,3,4,False,,
41207,2006,2006-07-05,2006-07-05T23:05:00Z,R,Regular Season,N,1,Final,F,San Diego Padres,135,6,Philadelphia Phillies,143,3,Scott Linebrink,Arthur Rhodes,Trevor Hoffman,9,Citizens Bank Park,night,2,3,False,,
41211,2006,2006-07-05,2006-07-05T23:05:00Z,R,Regular Season,N,1,Final,F,Florida Marlins,146,18,Washington Nationals,120,9,Yusmeiro Petit,Michael O'Connor,Renyel Pinto,9,Robert F. Kennedy Memorial Stadium,night,3,4,False,,
41205,2006,2006-07-05,2006-07-05T23:10:00Z,R,Regular Season,N,1,Final,F,Pittsburgh Pirates,134,0,New York Mets,121,5,Orlando Hernandez,Kip Wells,,9,Shea Stadium,night,3,4,False,,
41209,2006,2006-07-05,2006-07-05T23:15:00Z,R,Regular Season,N,1,Final,F,Boston Red Sox,111,2,Tampa Bay Devil Rays,139,5,Tim Corcoran,Jason Johnson,Brian Meadows,9,Tropicana Field,night,3,4,False,,
41197,2006,2006-07-05,2006-07-05T23:35:00Z,R,Regular Season,N,1,Final,F,St. Louis Cardinals,138,4,Atlanta Braves,144,14,Chuck James,Jeff Suppan,,9,Turner Field,night,3,3,False,,
41198,2006,2006-07-05,2006-07-06T00:05:00Z,R,Regular Season,N,1,Final,F,Baltimore Orioles,110,2,Chicago White Sox,145,4,Jon Garland,Daniel Cabrera,Bobby Jenks,9,U.S. Cellular Field,night,3,4,False,,
41201,2006,2006-07-05,2006-07-06T00:05:00Z,R,Regular Season,N,1,Final,F,Chicago Cubs,112,1,Houston Astros,117,0,Sean Marshall,Roy Oswalt,Ryan Dempster,9,Minute Maid Park,night,3,3,False,,
41204,2006,2006-07-05,2006-07-06T00:05:00Z,R,Regular Season,N,1,Final,F,Cincinnati Reds,113,5,Milwaukee Brewers,158,6,Geremi Gonzalez,Jason Standridge,,13,Miller Park,night,3,3,False,,
41210,2006,2006-07-05,2006-07-06T00:05:00Z,R,Regular Season,N,1,Final,F,Toronto Blue Jays,141,3,Texas Rangers,140,9,Vicente Padilla,Casey Janssen,Francisco Cordero,9,Ameriquest Field,night,3,3,False,,
41202,2006,2006-07-05,2006-07-06T00:10:00Z,R,Regular Season,N,1,Final,F,Minnesota Twins,142,3,Kansas City Royals,118,6,Jeremy Affeldt,Jesse Crain,Ambiorix Burgos,9,Kauffman Stadium,night,3,3,False,,
41200,2006,2006-07-05,2006-07-06T01:05:00Z,R,Regular Season,N,1,Final,F,San Francisco Giants,137,3,Colorado Rockies,115,5,Josh Fogg,Jamey Wright,Brian Fuentes,9,Coors Field,night,3,3,False,,
41208,2006,2006-07-05,2006-07-06T02:05:00Z,R,Regular Season,N,1,Final,F,Los Angeles Angels,108,4,Seattle Mariners,136,0,Bartolo Colon,Jamie Moyer,,9,Safeco Field,night,3,3,False,,
41203,2006,2006-07-05,2006-07-06T02:10:00Z,R,Regular Season,N,1,Final,F,Arizona Diamondbacks,109,4,Los Angeles Dodgers,119,5,Brad Penny,Claudio Vargas,Takashi Saito,9,Dodger Stadium,night,3,3,False,,
41223,2006,2006-07-06,2006-07-06T17:05:00Z,R,Regular Season,N,1,Final,F,Florida Marlins,146,7,Washington Nationals,120,8,Chad Cordero,Jason Vargas,,11,Robert F. Kennedy Memorial Stadium,day,4,4,False,,
41214,2006,2006-07-06,2006-07-06T23:05:00Z,R,Regular Season,N,1,Final,F,New York Yankees,147,10,Cleveland Indians,114,4,Randy Johnson,Cliff Lee,,9,Jacobs Field,night,4,4,False,,
41221,2006,2006-07-06,2006-07-06T23:05:00Z,R,Regular Season,N,1,Final,F,San Diego Padres,135,5,Philadelphia Phillies,143,3,Chan Ho Park,Ryan Madson,Trevor Hoffman,9,Citizens Bank Park,night,3,3,False,,
41219,2006,2006-07-06,2006-07-06T23:10:00Z,R,Regular Season,N,1,Final,F,Pittsburgh Pirates,134,5,New York Mets,121,7,Steve Trachsel,Tom Gorzelanny,Billy Wagner,9,Shea Stadium,night,4,4,False,,
41222,2006,2006-07-06,2006-07-06T23:15:00Z,R,Regular Season,N,1,Final,F,Boston Red Sox,111,12,Tampa Bay Devil Rays,139,5,Tim Wakefield,James Shields,,9,Tropicana Field,night,4,4,False,,
41212,2006,2006-07-06,2006-07-06T23:35:00Z,R,Regular Season,N,1,Final,F,Cincinnati Reds,113,7,Atlanta Braves,144,8,Ken Ray,Todd Coffey,,10,Turner Field,night,1,4,False,,
41213,2006,2006-07-06,2006-07-07T00:05:00Z,R,Regular Season,N,1,Final,F,Baltimore Orioles,110,8,Chicago White Sox,145,11,Javier Vazquez,Russ Ortiz,Matt Thornton,9,U.S. Cellular Field,night,4,4,False,,
41215,2006,2006-07-06,2006-07-07T00:05:00Z,R,Regular Season,N,1,Final,F,St. Louis Cardinals,138,2,Houston Astros,117,4,Taylor Buchholz,Sidney Ponson,Brad Lidge,9,Minute Maid Park,night,1,4,False,,
41218,2006,2006-07-06,2006-07-07T00:05:00Z,R,Regular Season,N,1,Final,F,Chicago Cubs,112,0,Milwaukee Brewers,158,2,Chris Capuano,Greg Maddux,,9,Miller Park,night,1,4,False,,
41216,2006,2006-07-06,2006-07-07T00:10:00Z,R,Regular Season,N,1,Final,F,Toronto Blue Jays,141,2,Kansas City Royals,118,6,Mark Redman,Ty Taubenheim,,9,Kauffman Stadium,night,1,4,False,,
41220,2006,2006-07-06,2006-07-07T02:05:00Z,R,Regular Season,N,1,Final,F,Los Angeles Angels,108,5,Oakland Athletics,133,7,Huston Street,Scot Shields,,9,McAfee Coliseum,night,1,4,False,,
41217,2006,2006-07-06,2006-07-07T02:10:00Z,R,Regular Season,N,1,Final,F,San Francisco Giants,137,5,Los Angeles Dodgers,119,4,Brad Hennessey,Mark Hendrickson,Armando Benítez,9,Dodger Stadium,night,1,4,False,,
41226,2006,2006-07-07,2006-07-07T23:05:00Z,R,Regular Season,N,1,Final,F,Baltimore Orioles,110,0,Cleveland Indians,114,9,CC Sabathia,Kris Benson,,9,Jacobs Field,night,1,3,False,,
41234,2006,2006-07-07,2006-07-07T23:05:00Z,R,Regular Season,N,1,Final,F,Pittsburgh Pirates,134,3,Philadelphia Phillies,143,2,Ian Snell,Jon Lieber,Michael Gonzalez,9,Citizens Bank Park,night,1,3,False,,
41238,2006,2006-07-07,2006-07-07T23:05:00Z,R,Regular Season,N,1,Final,F,San Diego Padres,135,3,Washington Nationals,120,2,Woody Williams,Ramón Ortiz,Trevor Hoffman,9,Robert F. Kennedy Memorial Stadium,night,1,3,False,,
41232,2006,2006-07-07,2006-07-07T23:10:00Z,R,Regular Season,N,1,Final,F,Florida Marlins,146,7,New York Mets,121,3,Dontrelle Willis,Jose Lima,,9,Shea Stadium,night,1,4,False,,
41236,2006,2006-07-07,2006-07-07T23:15:00Z,R,Regular Season,N,1,Final,F,New York Yankees,147,1,Tampa Bay Devil Rays,139,0,Jaret Wright,Jae Weong Seo,Mariano Rivera,9,Tropicana Field,night,1,3,False,,
41224,2006,2006-07-07,2006-07-07T23:35:00Z,R,Regular Season,N,1,Final,F,Cincinnati Reds,113,10,Atlanta Braves,144,5,Eric Milton,Horacio Ramirez,,9,Turner Field,night,2,4,False,,
41228,2006,2006-07-07,2006-07-08T00:05:00Z,R,Regular Season,N,1,Final,F,St. Louis Cardinals,138,8,Houston Astros,117,2,Jason Marquis,Wandy Rodriguez,Jason Isringhausen,9,Minute Maid Park,night,2,4,False,,
41231,2006,2006-07-07,2006-07-08T00:05:00Z,R,Regular Season,N,1,Final,F,Chicago Cubs,112,7,Milwaukee Brewers,158,2,Carlos Zambrano,Zach Jackson,,9,Miller Park,night,2,4,False,,
41229,2006,2006-07-07,2006-07-08T00:10:00Z,R,Regular Season,N,1,Final,F,Toronto Blue Jays,141,3,Kansas City Royals,118,13,Luke Hudson,A.J. Burnett,,9,Kauffman Stadium,night,2,4,False,,
41225,2006,2006-07-07,2006-07-08T00:35:00Z,R,Regular Season,N,1,Final,F,Boston Red Sox,111,7,Chicago White Sox,145,2,Jon Lester,Mark Buehrle,,9,U.S. Cellular Field,night,1,3,False,,
41237,2006,2006-07-07,2006-07-08T00:35:00Z,R,Regular Season,N,1,Final,F,Minnesota Twins,142,4,Texas Rangers,140,9,John Wasdin,Carlos Silva,,9,Ameriquest Field,night,1,3,False,,
41227,2006,2006-07-07,2006-07-08T01:05:00Z,R,Regular Season,N,1,Final,F,Arizona Diamondbacks,109,4,Colorado Rockies,115,3,Brandon Medders,Byung-Hyun Kim,Jorge Julio,9,Coors Field,night,1,3,False,,
41233,2006,2006-07-07,2006-07-08T02:05:00Z,R,Regular Season,N,1,Final,F,Los Angeles Angels,108,3,Oakland Athletics,133,0,John Lackey,Barry Zito,,9,McAfee Coliseum,night,2,4,False,,
41235,2006,2006-07-07,2006-07-08T02:05:00Z,R,Regular Season,N,1,Final,F,Detroit Tigers,116,6,Seattle Mariners,136,1,Jeremy Bonderman,Joel Pineiro,,9,Safeco Field,night,1,3,False,,
41230,2006,2006-07-07,2006-07-08T02:40:00Z,R,Regular Season,N,1,Final,F,San Francisco Giants,137,7,Los Angeles Dodgers,119,9,Danys Baez,Jeremy Accardo,Takashi Saito,9,Dodger Stadium,night,2,4,False,,
41240,2006,2006-07-08,2006-07-08T17:20:00Z,R,Regular Season,N,1,Final,F,Boston Red Sox,111,9,Chicago White Sox,145,6,Josh Beckett,David Riske,Jonathan Papelbon,9,U.S. Cellular Field,day,2,3,False,,
41247,2006,2006-07-08,2006-07-08T17:20:00Z,R,Regular Season,Y,1,Final,F,Florida Marlins,146,3,New York Mets,121,2,Josh Johnson,John Maine,Joe Borowski,9,Shea Stadium,day,2,4,False,,
40009,2006,2006-07-08,2006-07-08T17:25:00Z,R,Regular Season,Y,2,Final,F,Florida Marlins,146,3,New York Mets,121,17,Mike Pelfrey,Ricky Nolasco,,9,Shea Stadium,day,3,4,False,,
41243,2006,2006-07-08,2006-07-08T20:05:00Z,R,Regular Season,N,1,Final,F,St. Louis Cardinals,138,7,Houston Astros,117,6,Jason Isringhausen,Roy Oswalt,,10,Minute Maid Park,day,3,4,False,,
41245,2006,2006-07-08,2006-07-08T20:10:00Z,R,Regular Season,N,1,Final,F,San Francisco Giants,137,11,Los Angeles Dodgers,119,7,Noah Lowry,Derek Lowe,Armando Benítez,9,Dodger Stadium,day,3,4,False,,
41239,2006,2006-07-08,2006-07-08T23:05:00Z,R,Regular Season,N,1,Final,F,Cincinnati Reds,113,1,Atlanta Braves,144,4,John Smoltz,Aaron Harang,Ken Ray,9,Turner Field,night,3,4,False,,
41241,2006,2006-07-08,2006-07-08T23:05:00Z,R,Regular Season,N,1,Final,F,Baltimore Orioles,110,7,Cleveland Indians,114,4,Erik Bedard,Jeremy Sowers,Chris Ray,9,Jacobs Field,night,2,3,False,,
41246,2006,2006-07-08,2006-07-08T23:05:00Z,R,Regular Season,N,1,Final,F,Chicago Cubs,112,3,Milwaukee Brewers,158,1,Carlos Marmol,Dave Bush,Ryan Dempster,9,Miller Park,night,3,4,False,,
41249,2006,2006-07-08,2006-07-08T23:05:00Z,R,Regular Season,N,1,Final,F,Pittsburgh Pirates,134,2,Philadelphia Phillies,143,6,Cory Lidle,Paul Maholm,,9,Citizens Bank Park,night,2,3,False,,
41253,2006,2006-07-08,2006-07-08T23:05:00Z,R,Regular Season,N,1,Final,F,San Diego Padres,135,5,Washington Nationals,120,2,Chris Young,Pedro Astacio,Trevor Hoffman,9,Robert F. Kennedy Memorial Stadium,night,2,3,False,,
41244,2006,2006-07-08,2006-07-08T23:10:00Z,R,Regular Season,N,1,Final,F,Toronto Blue Jays,141,7,Kansas City Royals,118,5,Brian Tallet,Joel Peralta,B.J. Ryan,9,Kauffman Stadium,night,3,4,False,,
41251,2006,2006-07-08,2006-07-08T23:15:00Z,R,Regular Season,N,1,Final,F,New York Yankees,147,5,Tampa Bay Devil Rays,139,1,Chien-Ming Wang,Scott Kazmir,,9,Tropicana Field,night,2,3,False,,
41242,2006,2006-07-08,2006-07-09T00:05:00Z,R,Regular Season,N,1,Final,F,Arizona Diamondbacks,109,8,Colorado Rockies,115,7,Luis Vizcaino,Brian Fuentes,Jorge Julio,9,Coors Field,night,2,3,False,,
41252,2006,2006-07-08,2006-07-09T00:05:00Z,R,Regular Season,N,1,Final,F,Minnesota Twins,142,4,Texas Rangers,140,0,Francisco Liriano,John Rheinecker,,9,Ameriquest Field,night,2,3,False,,
41248,2006,2006-07-08,2006-07-09T01:05:00Z,R,Regular Season,N,1,Final,F,Los Angeles Angels,108,6,Oakland Athletics,133,4,Jered Weaver,Joe Blanton,Francisco Rodríguez,9,McAfee Coliseum,night,3,4,False,,
41250,2006,2006-07-08,2006-07-09T02:05:00Z,R,Regular Season,N,1,Final,F,Detroit Tigers,116,2,Seattle Mariners,136,1,Zach Miner,Jarrod Washburn,Todd Jones,9,Safeco Field,night,2,3,False,,
41254,2006,2006-07-09,2006-07-09T17:05:00Z,R,Regular Season,N,1,Final,F,Cincinnati Reds,113,3,Atlanta Braves,144,8,Oscar Villarreal,Bronson Arroyo,,9,Turner Field,day,4,4,False,,
41256,2006,2006-07-09,2006-07-09T17:05:00Z,R,Regular Season,N,1,Final,F,Baltimore Orioles,110,5,Cleveland Indians,114,4,Kurt Birkins,Roberto Hernandez,Chris Ray,9,Jacobs Field,day,3,3,False,,
41268,2006,2006-07-09,2006-07-09T17:05:00Z,R,Regular Season,N,1,Final,F,San Diego Padres,135,10,Washington Nationals,120,9,Scott Cassidy,Chad Cordero,Scott Linebrink,9,Robert F. Kennedy Memorial Stadium,day,3,3,False,,
41262,2006,2006-07-09,2006-07-09T17:10:00Z,R,Regular Season,N,1,Final,F,Florida Marlins,146,6,New York Mets,121,7,Pedro Feliciano,Logan Kensing,Billy Wagner,9,Shea Stadium,day,4,4,False,,
41266,2006,2006-07-09,2006-07-09T17:15:00Z,R,Regular Season,N,1,Final,F,New York Yankees,147,5,Tampa Bay Devil Rays,139,6,Tim Corcoran,Scott Proctor,Brian Meadows,9,Tropicana Field,day,3,3,False,,
41264,2006,2006-07-09,2006-07-09T17:35:00Z,R,Regular Season,N,1,Final,F,Pittsburgh Pirates,134,3,Philadelphia Phillies,143,8,Cole Hamels,Zach Duke,,9,Citizens Bank Park,day,3,3,False,,
41255,2006,2006-07-09,2006-07-09T18:05:00Z,R,Regular Season,N,1,Final,F,Boston Red Sox,111,5,Chicago White Sox,145,6,Cliff Politte,Rudy Seanez,,19,U.S. Cellular Field,day,3,3,False,,
41261,2006,2006-07-09,2006-07-09T18:05:00Z,R,Regular Season,N,1,Final,F,Chicago Cubs,112,11,Milwaukee Brewers,158,4,Glendon Rusch,Doug Davis,,9,Miller Park,day,4,4,False,,
41267,2006,2006-07-09,2006-07-09T18:05:00Z,R,Regular Season,N,1,Final,F,Minnesota Twins,142,2,Texas Rangers,140,5,Rick Bauer,Johan Santana,Akinori Otsuka,9,Ameriquest Field,day,3,3,False,,
41259,2006,2006-07-09,2006-07-09T18:10:00Z,R,Regular Season,N,1,Final,F,Toronto Blue Jays,141,11,Kansas City Royals,118,3,Roy Halladay,Jimmy Gobble,,9,Kauffman Stadium,day,4,4,False,,
41257,2006,2006-07-09,2006-07-09T19:05:00Z,R,Regular Season,N,1,Final,F,Arizona Diamondbacks,109,8,Colorado Rockies,115,5,Édgar González,Scott Dohmann,Jorge Julio,9,Coors Field,day,3,3,False,,
41263,2006,2006-07-09,2006-07-09T20:05:00Z,R,Regular Season,N,1,Final,F,Los Angeles Angels,108,4,Oakland Athletics,133,2,Ervin Santana,Dan Haren,Francisco Rodríguez,9,McAfee Coliseum,day,4,4,False,,
41265,2006,2006-07-09,2006-07-09T20:05:00Z,R,Regular Season,N,1,Final,F,Detroit Tigers,116,2,Seattle Mariners,136,3,Gil Meche,Nate Robertson,J.J. Putz,9,Safeco Field,day,3,3,False,,
41260,2006,2006-07-09,2006-07-09T20:10:00Z,R,Regular Season,N,1,Final,F,San Francisco Giants,137,1,Los Angeles Dodgers,119,3,Aaron Sele,Jason Schmidt,Takashi Saito,9,Dodger Stadium,day,4,4,False,,
41258,2006,2006-07-09,2006-07-10T00:05:00Z,R,Regular Season,N,1,Final,F,St. Louis Cardinals,138,7,Houston Astros,117,5,Braden Looper,Brad Lidge,Josh Hancock,12,Minute Maid Park,night,4,4,False,,
41269,2006,2006-07-11,2006-07-12T00:00:00Z,A,MLB All-Star Game,N,1,Final,F,American League All-Stars,159,3,National League All-Stars,160,2,B.J. Ryan,Trevor Hoffman,Mariano Rivera,9,PNC Park,night,1,1,False,,
41270,2006,2006-07-13,2006-07-13T23:05:00Z,R,Regular Season,N,1,Final,F,Texas Rangers,140,15,Baltimore Orioles,110,1,Vicente Padilla,Daniel Cabrera,,9,Oriole Park at Camden Yards,night,1,4,False,,
41271,2006,2006-07-13,2006-07-13T23:05:00Z,R,Regular Season,N,1,Final,F,Oakland Athletics,133,5,Boston Red Sox,111,4,Huston Street,Julian Tavarez,Kirk Saarloos,11,Fenway Park,night,1,4,False,,
41273,2006,2006-07-13,2006-07-13T23:05:00Z,R,Regular Season,N,1,Final,F,Kansas City Royals,118,4,Detroit Tigers,116,6,Jeremy Bonderman,Brandon Duckworth,Todd Jones,9,Comerica Park,night,1,4,False,,
41274,2006,2006-07-13,2006-07-13T23:05:00Z,R,Regular Season,N,1,Final,F,Houston Astros,117,5,Florida Marlins,146,1,Chad Qualls,Randy Messenger,,9,Dolphin Stadium,night,1,4,False,,
41272,2006,2006-07-13,2006-07-13T23:10:00Z,R,Regular Season,N,1,Final,F,Colorado Rockies,115,7,Cincinnati Reds,113,9,Eric Milton,Jeff Francis,Eddie Guardado,9,Great American Ball Park,night,1,4,False,,
41275,2006,2006-07-13,2006-07-14T00:10:00Z,R,Regular Season,N,1,Final,F,Cleveland Indians,114,6,Minnesota Twins,142,4,Cliff Lee,Francisco Liriano,Bob Wickman,9,Hubert H. Humphrey Metrodome,night,1,4,False,,
41276,2006,2006-07-13,2006-07-14T00:10:00Z,R,Regular Season,N,1,Final,F,Los Angeles Dodgers,119,2,St. Louis Cardinals,138,3,Braden Looper,Odalis Perez,,14,Busch Stadium,night,1,4,False,,
41280,2006,2006-07-14,2006-07-14T18:20:00Z,R,Regular Season,N,1,Final,F,New York Mets,121,6,Chicago Cubs,112,3,Steve Trachsel,Greg Maddux,,9,Wrigley Field,day,1,3,False,,
41278,2006,2006-07-14,2006-07-14T23:05:00Z,R,Regular Season,N,1,Final,F,Texas Rangers,140,2,Baltimore Orioles,110,1,Kevin Millwood,Kris Benson,Akinori Otsuka,9,Oriole Park at Camden Yards,night,2,4,False,,
41279,2006,2006-07-14,2006-07-14T23:05:00Z,R,Regular Season,N,1,Final,F,Oakland Athletics,133,15,Boston Red Sox,111,3,Barry Zito,Josh Beckett,,9,Fenway Park,night,2,4,False,,
41282,2006,2006-07-14,2006-07-14T23:05:00Z,R,Regular Season,N,1,Final,F,Kansas City Royals,118,9,Detroit Tigers,116,10,Todd Jones,Jeremy Affeldt,,9,Comerica Park,night,2,4,False,,
41286,2006,2006-07-14,2006-07-14T23:05:00Z,R,Regular Season,N,1,Final,F,Chicago White Sox,145,5,New York Yankees,147,6,Kyle Farnsworth,Jose Contreras,Mariano Rivera,9,Yankee Stadium I,night,1,3,False,,
41287,2006,2006-07-14,2006-07-14T23:05:00Z,R,Regular Season,N,1,Final,F,Washington Nationals,120,4,Pittsburgh Pirates,134,7,Zach Duke,Ramón Ortiz,Michael Gonzalez,9,PNC Park,night,1,3,False,,
41291,2006,2006-07-14,2006-07-14T23:07:00Z,R,Regular Season,N,1,Final,F,Seattle Mariners,136,5,Toronto Blue Jays,141,3,Gil Meche,Casey Janssen,J.J. Putz,9,Rogers Centre,night,1,3,False,,
41281,2006,2006-07-14,2006-07-14T23:10:00Z,R,Regular Season,N,1,Final,F,Colorado Rockies,115,1,Cincinnati Reds,113,3,Aaron Harang,Jason Jennings,Eddie Guardado,9,Great American Ball Park,night,2,4,False,,
41283,2006,2006-07-14,2006-07-14T23:35:00Z,R,Regular Season,N,1,Final,F,Houston Astros,117,1,Florida Marlins,146,3,Aníbal Sánchez,Roger Clemens,Joe Borowski,9,Dolphin Stadium,night,2,4,False,,
41285,2006,2006-07-14,2006-07-15T00:10:00Z,R,Regular Season,N,1,Final,F,Cleveland Indians,114,2,Minnesota Twins,142,3,Joe Nathan,Edward Mujica,,10,Hubert H. Humphrey Metrodome,night,2,4,False,,
41290,2006,2006-07-14,2006-07-15T00:10:00Z,R,Regular Season,N,1,Final,F,Los Angeles Dodgers,119,0,St. Louis Cardinals,138,5,Chris Carpenter,Derek Lowe,,9,Busch Stadium,night,2,4,False,,
41277,2006,2006-07-14,2006-07-15T01:40:00Z,R,Regular Season,N,1,Final,F,Milwaukee Brewers,158,3,Arizona Diamondbacks,109,4,Brandon Medders,Derrick Turnbow,,9,Chase Field,night,1,3,False,,
41284,2006,2006-07-14,2006-07-15T02:05:00Z,R,Regular Season,N,1,Final,F,Tampa Bay Devil Rays,139,0,Los Angeles Angels,108,4,John Lackey,Jae Weong Seo,,9,Angel Stadium of Anaheim,night,1,3,False,,
41288,2006,2006-07-14,2006-07-15T02:05:00Z,R,Regular Season,N,1,Final,F,Atlanta Braves,144,15,San Diego Padres,135,12,Jorge Sosa,Clay Hensley,Tyler Yates,11,PETCO Park,night,1,3,False,,
41289,2006,2006-07-14,2006-07-15T02:15:00Z,R,Regular Season,N,1,Final,F,Philadelphia Phillies,143,3,San Francisco Giants,137,5,Matt Morris,Jon Lieber,Armando Benítez,9,AT&T Park,night,1,3,False,,
41301,2006,2006-07-15,2006-07-15T17:20:00Z,R,Regular Season,N,1,Final,F,Chicago White Sox,145,3,New York Yankees,147,14,Mike Mussina,Mark Buehrle,,9,Yankee Stadium I,day,2,3,False,,
41305,2006,2006-07-15,2006-07-15T17:20:00Z,R,Regular Season,N,1,Final,F,Los Angeles Dodgers,119,1,St. Louis Cardinals,138,2,Braden Looper,Danys Baez,,10,Busch Stadium,day,3,4,False,,
41295,2006,2006-07-15,2006-07-15T20:05:00Z,R,Regular Season,N,1,Final,F,New York Mets,121,2,Chicago Cubs,112,9,Carlos Zambrano,Tom Glavine,,9,Wrigley Field,day,2,3,False,,
41304,2006,2006-07-15,2006-07-15T20:05:00Z,R,Regular Season,N,1,Final,F,Philadelphia Phillies,143,14,San Francisco Giants,137,6,Cory Lidle,Noah Lowry,,9,AT&T Park,day,2,3,False,,
41306,2006,2006-07-15,2006-07-15T20:07:00Z,R,Regular Season,N,1,Final,F,Seattle Mariners,136,6,Toronto Blue Jays,141,7,Scott Downs,Emiliano Fruto,,14,Rogers Centre,day,2,3,False,,
41293,2006,2006-07-15,2006-07-15T20:35:00Z,R,Regular Season,N,1,Final,F,Texas Rangers,140,1,Baltimore Orioles,110,8,Erik Bedard,John Rheinecker,,9,Oriole Park at Camden Yards,day,3,4,False,,
41298,2006,2006-07-15,2006-07-15T22:05:00Z,R,Regular Season,N,1,Final,F,Houston Astros,117,12,Florida Marlins,146,0,Andy Pettitte,Josh Johnson,,9,Dolphin Stadium,night,3,4,False,,
41296,2006,2006-07-15,2006-07-15T22:10:00Z,R,Regular Season,N,1,Final,F,Colorado Rockies,115,2,Cincinnati Reds,113,3,Bill Bray,Brian Fuentes,,9,Great American Ball Park,night,3,4,False,,
41294,2006,2006-07-15,2006-07-15T23:05:00Z,R,Regular Season,N,1,Final,F,Oakland Athletics,133,0,Boston Red Sox,111,7,Curt Schilling,Dan Haren,,9,Fenway Park,night,3,4,False,,
41297,2006,2006-07-15,2006-07-15T23:05:00Z,R,Regular Season,N,1,Final,F,Kansas City Royals,118,0,Detroit Tigers,116,6,Justin Verlander,Jimmy Gobble,,9,Comerica Park,night,3,4,False,,
41302,2006,2006-07-15,2006-07-15T23:05:00Z,R,Regular Season,N,1,Final,F,Washington Nationals,120,6,Pittsburgh Pirates,134,7,Michael Gonzalez,Roy Corcoran,,9,PNC Park,night,2,3,False,,
41300,2006,2006-07-15,2006-07-15T23:10:00Z,R,Regular Season,N,1,Final,F,Cleveland Indians,114,2,Minnesota Twins,142,6,Johan Santana,CC Sabathia,,9,Hubert H. Humphrey Metrodome,night,3,4,False,,
41292,2006,2006-07-15,2006-07-16T01:40:00Z,R,Regular Season,N,1,Final,F,Milwaukee Brewers,158,1,Arizona Diamondbacks,109,8,Brandon Webb,Chris Capuano,,9,Chase Field,night,2,3,False,,
41299,2006,2006-07-15,2006-07-16T02:05:00Z,R,Regular Season,N,1,Final,F,Tampa Bay Devil Rays,139,2,Los Angeles Angels,108,9,Ervin Santana,James Shields,,9,Angel Stadium of Anaheim,night,2,3,False,,
41303,2006,2006-07-15,2006-07-16T02:05:00Z,R,Regular Season,N,1,Final,F,Atlanta Braves,144,11,San Diego Padres,135,3,John Smoltz,Chan Ho Park,,9,PETCO Park,night,2,3,False,,
41312,2006,2006-07-16,2006-07-16T17:05:00Z,R,Regular Season,N,1,Final,F,Kansas City Royals,118,9,Detroit Tigers,116,6,Scott Elarton,Zach Miner,Mike MacDougal,9,Comerica Park,day,4,4,False,,
41313,2006,2006-07-16,2006-07-16T17:05:00Z,R,Regular Season,N,1,Final,F,Houston Astros,117,3,Florida Marlins,146,9,Scott Olsen,Taylor Buchholz,,9,Dolphin Stadium,day,4,4,False,,
41316,2006,2006-07-16,2006-07-16T17:05:00Z,R,Regular Season,N,1,Final,F,Chicago White Sox,145,4,New York Yankees,147,6,Jaret Wright,Freddy Garcia,Mariano Rivera,9,Yankee Stadium I,day,3,3,False,,
41321,2006,2006-07-16,2006-07-16T17:07:00Z,R,Regular Season,N,1,Final,F,Seattle Mariners,136,3,Toronto Blue Jays,141,4,Scott Downs,George Sherrill,,11,Rogers Centre,day,3,3,False,,
41311,2006,2006-07-16,2006-07-16T17:15:00Z,R,Regular Season,N,1,Final,F,Colorado Rockies,115,4,Cincinnati Reds,113,6,Todd Coffey,Jose Mesa,Eddie Guardado,9,Great American Ball Park,day,4,4,False,,
41308,2006,2006-07-16,2006-07-16T17:35:00Z,R,Regular Season,N,1,Final,F,Texas Rangers,140,0,Baltimore Orioles,110,4,Rodrigo Lopez,John Wasdin,,9,Oriole Park at Camden Yards,day,4,4,False,,
41317,2006,2006-07-16,2006-07-16T17:35:00Z,R,Regular Season,N,1,Final,F,Washington Nationals,120,8,Pittsburgh Pirates,134,4,Mike Stanton,Roberto Hernandez,,11,PNC Park,day,3,3,False,,
41309,2006,2006-07-16,2006-07-16T18:05:00Z,R,Regular Season,N,1,Final,F,Oakland Athletics,133,8,Boston Red Sox,111,1,Joe Blanton,Kyle Snyder,,9,Fenway Park,day,4,4,False,,
41315,2006,2006-07-16,2006-07-16T18:10:00Z,R,Regular Season,N,1,Final,F,Cleveland Indians,114,2,Minnesota Twins,142,5,Carlos Silva,Jeremy Sowers,Joe Nathan,9,Hubert H. Humphrey Metrodome,day,4,4,False,,
41320,2006,2006-07-16,2006-07-16T18:15:00Z,R,Regular Season,N,1,Final,F,Los Angeles Dodgers,119,3,St. Louis Cardinals,138,11,Anthony Reyes,Brad Penny,,9,Busch Stadium,day,4,4,False,,
41314,2006,2006-07-16,2006-07-16T19:35:00Z,R,Regular Season,N,1,Final,F,Tampa Bay Devil Rays,139,5,Los Angeles Angels,108,7,Scot Shields,Chad Harville,Francisco Rodríguez,9,Angel Stadium of Anaheim,day,3,3,False,,
41318,2006,2006-07-16,2006-07-16T20:05:00Z,R,Regular Season,N,1,Final,F,Atlanta Braves,144,10,San Diego Padres,135,5,Chuck James,Jake Peavy,,9,PETCO Park,day,3,3,False,,
41319,2006,2006-07-16,2006-07-16T20:05:00Z,R,Regular Season,N,1,Final,F,Philadelphia Phillies,143,6,San Francisco Giants,137,2,Brett Myers,Steve Kline,,9,AT&T Park,day,3,3,False,,
41307,2006,2006-07-16,2006-07-16T20:40:00Z,R,Regular Season,N,1,Final,F,Milwaukee Brewers,158,10,Arizona Diamondbacks,109,5,Dave Bush,Claudio Vargas,,9,Chase Field,day,3,3,False,,
41310,2006,2006-07-16,2006-07-16T22:05:00Z,R,Regular Season,N,1,Final,F,New York Mets,121,13,Chicago Cubs,112,7,Pedro Feliciano,Sean Marshall,,9,Wrigley Field,night,3,3,False,,
41323,2006,2006-07-17,2006-07-17T23:05:00Z,R,Regular Season,N,1,Final,F,Oakland Athletics,133,3,Baltimore Orioles,110,5,Kurt Birkins,Kirk Saarloos,Chris Ray,9,Oriole Park at Camden Yards,night,1,3,False,,
41324,2006,2006-07-17,2006-07-17T23:05:00Z,R,Regular Season,N,1,Final,F,Kansas City Royals,118,4,Boston Red Sox,111,5,Mike Timlin,Joel Peralta,Jonathan Papelbon,9,Fenway Park,night,1,3,False,,
41325,2006,2006-07-17,2006-07-17T23:05:00Z,R,Regular Season,N,1,Final,F,Washington Nationals,120,2,Florida Marlins,146,4,Ricky Nolasco,Tony Armas,Joe Borowski,9,Dolphin Stadium,night,1,3,False,,
41328,2006,2006-07-17,2006-07-17T23:05:00Z,R,Regular Season,N,1,Final,F,Seattle Mariners,136,2,New York Yankees,147,4,Chien-Ming Wang,Jarrod Washburn,Mariano Rivera,9,Yankee Stadium I,night,1,3,False,,
41329,2006,2006-07-17,2006-07-17T23:05:00Z,R,Regular Season,N,1,Final,F,Colorado Rockies,115,1,Pittsburgh Pirates,134,3,John Grabow,Byung-Hyun Kim,Matt Capps,9,PNC Park,night,1,3,False,,
41332,2006,2006-07-17,2006-07-17T23:05:00Z,R,Regular Season,N,1,Final,F,Atlanta Braves,144,15,St. Louis Cardinals,138,3,Horacio Ramirez,Jeff Weaver,,9,Busch Stadium,night,1,3,False,,
41333,2006,2006-07-17,2006-07-17T23:07:00Z,R,Regular Season,N,1,Final,F,Texas Rangers,140,1,Toronto Blue Jays,141,10,Ted Lilly,John Koronka,,9,Rogers Centre,night,1,3,False,,
41327,2006,2006-07-17,2006-07-18T00:10:00Z,R,Regular Season,N,1,Final,F,Tampa Bay Devil Rays,139,3,Minnesota Twins,142,6,Scott Baker,Tim Corcoran,Joe Nathan,9,Hubert H. Humphrey Metrodome,night,1,4,False,,
41322,2006,2006-07-17,2006-07-18T01:40:00Z,R,Regular Season,N,1,Final,F,Los Angeles Dodgers,119,3,Arizona Diamondbacks,109,8,Enrique Gonzalez,Aaron Sele,,9,Chase Field,night,1,4,False,,
41326,2006,2006-07-17,2006-07-18T02:05:00Z,R,Regular Season,N,1,Final,F,Cleveland Indians,114,5,Los Angeles Angels,108,10,Dustin Moseley,Jake Westbrook,,9,Angel Stadium of Anaheim,night,1,3,False,,
41330,2006,2006-07-17,2006-07-18T02:05:00Z,R,Regular Season,N,1,Final,F,Philadelphia Phillies,143,6,San Diego Padres,135,8,Alan Embree,Rheal Cormier,Trevor Hoffman,9,PETCO Park,night,1,3,False,,
41331,2006,2006-07-17,2006-07-18T02:15:00Z,R,Regular Season,N,1,Final,F,Milwaukee Brewers,158,10,San Francisco Giants,137,1,Zach Jackson,Jason Schmidt,,9,AT&T Park,night,1,3,False,,
41335,2006,2006-07-18,2006-07-18T23:05:00Z,R,Regular Season,N,1,Final,F,Oakland Athletics,133,5,Baltimore Orioles,110,4,Esteban Loaiza,Eddy Rodriguez,Huston Street,9,Oriole Park at Camden Yards,night,2,3,False,,
41336,2006,2006-07-18,2006-07-18T23:05:00Z,R,Regular Season,N,1,Final,F,Kansas City Royals,118,0,Boston Red Sox,111,1,Jon Lester,Brandon Duckworth,Jonathan Papelbon,9,Fenway Park,night,2,3,False,,
41339,2006,2006-07-18,2006-07-18T23:05:00Z,R,Regular Season,N,1,Final,F,Chicago White Sox,145,7,Detroit Tigers,116,1,Jon Garland,Nate Robertson,,9,Comerica Park,night,1,3,False,,
41340,2006,2006-07-18,2006-07-18T23:05:00Z,R,Regular Season,N,1,Final,F,Washington Nationals,120,7,Florida Marlins,146,6,Mike Stanton,Logan Kensing,Chad Cordero,9,Dolphin Stadium,night,2,3,False,,
41343,2006,2006-07-18,2006-07-18T23:05:00Z,R,Regular Season,N,1,Final,F,Seattle Mariners,136,4,New York Yankees,147,5,Scott Proctor,Julio Mateo,,11,Yankee Stadium I,night,2,3,False,,
41344,2006,2006-07-18,2006-07-18T23:05:00Z,R,Regular Season,N,1,Final,F,Colorado Rockies,115,13,Pittsburgh Pirates,134,4,Jeff Francis,Tom Gorzelanny,,9,PNC Park,night,2,3,False,,
41348,2006,2006-07-18,2006-07-18T23:07:00Z,R,Regular Season,N,1,Final,F,Texas Rangers,140,5,Toronto Blue Jays,141,2,Vicente Padilla,Scott Schoeneweis,Akinori Otsuka,9,Rogers Centre,night,2,3,False,,
41338,2006,2006-07-18,2006-07-18T23:10:00Z,R,Regular Season,N,1,Final,F,New York Mets,121,8,Cincinnati Reds,113,3,Mike Pelfrey,Eric Milton,,9,Great American Ball Park,night,1,3,False,,
41337,2006,2006-07-18,2006-07-19T00:05:00Z,R,Regular Season,N,1,Final,F,Houston Astros,117,2,Chicago Cubs,112,4,Carlos Marmol,Roy Oswalt,Ryan Dempster,9,Wrigley Field,night,1,3,False,,
41342,2006,2006-07-18,2006-07-19T00:10:00Z,R,Regular Season,N,1,Final,F,Tampa Bay Devil Rays,139,1,Minnesota Twins,142,8,Francisco Liriano,Scott Kazmir,,9,Hubert H. Humphrey Metrodome,night,2,4,False,,
41347,2006,2006-07-18,2006-07-19T00:10:00Z,R,Regular Season,N,1,Final,F,Atlanta Braves,144,14,St. Louis Cardinals,138,5,Tim Hudson,Jason Marquis,,9,Busch Stadium,night,2,3,False,,
41334,2006,2006-07-18,2006-07-19T01:40:00Z,R,Regular Season,N,1,Final,F,Los Angeles Dodgers,119,4,Arizona Diamondbacks,109,1,Chad Billingsley,Juan Cruz,,9,Chase Field,night,2,4,False,,
41341,2006,2006-07-18,2006-07-19T02:05:00Z,R,Regular Season,N,1,Final,F,Cleveland Indians,114,5,Los Angeles Angels,108,7,Joe Saunders,Cliff Lee,Francisco Rodríguez,9,Angel Stadium of Anaheim,night,2,3,False,,
41345,2006,2006-07-18,2006-07-19T02:05:00Z,R,Regular Season,N,1,Final,F,Philadelphia Phillies,143,6,San Diego Padres,135,10,Clay Hensley,Ryan Madson,,9,PETCO Park,night,2,3,False,,
41346,2006,2006-07-18,2006-07-19T02:15:00Z,R,Regular Season,N,1,Final,F,Milwaukee Brewers,158,3,San Francisco Giants,137,4,Jamey Wright,Geremi Gonzalez,Armando Benítez,9,AT&T Park,night,2,3,False,,
41350,2006,2006-07-19,2006-07-19T16:35:00Z,R,Regular Season,N,1,Final,F,Oakland Athletics,133,5,Baltimore Orioles,110,1,Barry Zito,Kris Benson,,9,Oriole Park at Camden Yards,day,3,3,False,,
41359,2006,2006-07-19,2006-07-19T16:35:00Z,R,Regular Season,N,1,Final,F,Colorado Rockies,115,5,Pittsburgh Pirates,134,6,Zach Duke,Jason Jennings,Michael Gonzalez,9,PNC Park,day,3,3,False,,
41351,2006,2006-07-19,2006-07-19T17:05:00Z,R,Regular Season,N,1,Final,F,Kansas City Royals,118,0,Boston Red Sox,111,1,Josh Beckett,Mark Redman,Jonathan Papelbon,9,Fenway Park,day,3,3,False,,
41355,2006,2006-07-19,2006-07-19T17:05:00Z,R,Regular Season,N,1,Final,F,Washington Nationals,120,0,Florida Marlins,146,1,Aníbal Sánchez,Ramón Ortiz,Joe Borowski,9,Dolphin Stadium,day,3,3,False,,
41358,2006,2006-07-19,2006-07-19T17:05:00Z,R,Regular Season,N,1,Final,F,Seattle Mariners,136,3,New York Yankees,147,2,Mark Lowe,Randy Johnson,J.J. Putz,9,Yankee Stadium I,day,3,3,False,,
41356,2006,2006-07-19,2006-07-19T19:35:00Z,R,Regular Season,N,1,Final,F,Cleveland Indians,114,6,Los Angeles Angels,108,4,Paul Byrd,John Lackey,Bob Wickman,9,Angel Stadium of Anaheim,day,3,3,False,,
41360,2006,2006-07-19,2006-07-19T19:35:00Z,R,Regular Season,N,1,Final,F,Philadelphia Phillies,143,5,San Diego Padres,135,4,Geoff Geary,Trevor Hoffman,Tom Gordon,9,PETCO Park,day,3,3,False,,
41361,2006,2006-07-19,2006-07-19T19:35:00Z,R,Regular Season,N,1,Final,F,Milwaukee Brewers,158,6,San Francisco Giants,137,7,Brian Wilson,Derrick Turnbow,,9,AT&T Park,day,3,3,False,,
41354,2006,2006-07-19,2006-07-19T23:05:00Z,R,Regular Season,N,1,Final,F,Chicago White Sox,145,2,Detroit Tigers,116,5,Jeremy Bonderman,Javier Vazquez,,9,Comerica Park,night,2,3,False,,
41363,2006,2006-07-19,2006-07-19T23:07:00Z,R,Regular Season,N,1,Final,F,Texas Rangers,140,5,Toronto Blue Jays,141,4,Kevin Millwood,Casey Janssen,Akinori Otsuka,9,Rogers Centre,night,3,3,False,,
41353,2006,2006-07-19,2006-07-19T23:10:00Z,R,Regular Season,N,1,Final,F,New York Mets,121,4,Cincinnati Reds,113,7,Todd Coffey,Duaner Sanchez,Eddie Guardado,9,Great American Ball Park,night,2,3,False,,
41352,2006,2006-07-19,2006-07-20T00:05:00Z,R,Regular Season,N,1,Final,F,Houston Astros,117,4,Chicago Cubs,112,2,Roger Clemens,Greg Maddux,Brad Lidge,9,Wrigley Field,night,2,3,False,,
41357,2006,2006-07-19,2006-07-20T00:10:00Z,R,Regular Season,N,1,Final,F,Tampa Bay Devil Rays,139,2,Minnesota Twins,142,7,Brad Radke,Jae Weong Seo,,9,Hubert H. Humphrey Metrodome,night,3,4,False,,
41362,2006,2006-07-19,2006-07-20T00:10:00Z,R,Regular Season,N,1,Final,F,Atlanta Braves,144,3,St. Louis Cardinals,138,8,Chris Carpenter,Jason Shiell,,9,Busch Stadium,night,3,3,False,,
41349,2006,2006-07-19,2006-07-20T01:40:00Z,R,Regular Season,N,1,Final,F,Los Angeles Dodgers,119,0,Arizona Diamondbacks,109,8,Miguel Batista,Derek Lowe,,9,Chase Field,night,3,4,False,,
41366,2006,2006-07-20,2006-07-20T16:35:00Z,R,Regular Season,N,1,Final,F,New York Mets,121,4,Cincinnati Reds,113,2,Pedro Feliciano,Gary Majewski,Billy Wagner,10,Great American Ball Park,day,3,3,False,,
41367,2006,2006-07-20,2006-07-20T17:05:00Z,R,Regular Season,N,1,Final,F,Chicago White Sox,145,1,Detroit Tigers,116,2,Joel Zumaya,Jose Contreras,Todd Jones,9,Comerica Park,day,3,3,False,,
41370,2006,2006-07-20,2006-07-20T17:10:00Z,R,Regular Season,N,1,Final,F,Tampa Bay Devil Rays,139,4,Minnesota Twins,142,6,Johan Santana,James Shields,Joe Nathan,9,Hubert H. Humphrey Metrodome,day,4,4,False,,
40495,2006,2006-07-20,2006-07-20T18:05:00Z,R,Regular Season,N,1,Final,F,Texas Rangers,140,4,Boston Red Sox,111,6,Curt Schilling,Bryan Corey,Mike Timlin,9,Fenway Park,day,1,1,False,,
41365,2006,2006-07-20,2006-07-20T18:20:00Z,R,Regular Season,N,1,Final,F,Houston Astros,117,1,Chicago Cubs,112,4,Carlos Zambrano,Andy Pettitte,Ryan Dempster,9,Wrigley Field,day,3,3,False,,
41368,2006,2006-07-20,2006-07-20T23:05:00Z,R,Regular Season,N,1,Final,F,Pittsburgh Pirates,134,5,Florida Marlins,146,3,Salomon Torres,Randy Messenger,Michael Gonzalez,9,Dolphin Stadium,night,1,4,False,,
41372,2006,2006-07-20,2006-07-20T23:07:00Z,R,Regular Season,N,1,Final,F,New York Yankees,147,4,Toronto Blue Jays,141,5,Brian Tallet,Mariano Rivera,,11,Rogers Centre,night,1,4,False,,
41369,2006,2006-07-20,2006-07-21T00:10:00Z,R,Regular Season,N,1,Final,F,Los Angeles Angels,108,4,Kansas City Royals,118,9,Elmer Dessens,Kevin Gregg,,9,Kauffman Stadium,night,1,4,False,,
41364,2006,2006-07-20,2006-07-21T01:40:00Z,R,Regular Season,N,1,Final,F,Los Angeles Dodgers,119,2,Arizona Diamondbacks,109,5,Brandon Webb,Mark Hendrickson,Jorge Julio,9,Chase Field,night,4,4,False,,
41371,2006,2006-07-20,2006-07-21T02:15:00Z,R,Regular Season,N,1,Final,F,San Diego Padres,135,3,San Francisco Giants,137,9,Noah Lowry,Chan Ho Park,,9,AT&T Park,night,1,4,False,,
41376,2006,2006-07-21,2006-07-21T23:05:00Z,R,Regular Season,N,1,Final,F,Minnesota Twins,142,14,Cleveland Indians,114,6,Dennys Reyes,CC Sabathia,,9,Jacobs Field,night,1,3,False,,
41377,2006,2006-07-21,2006-07-21T23:05:00Z,R,Regular Season,N,1,Final,F,Oakland Athletics,133,4,Detroit Tigers,116,7,Justin Verlander,Dan Haren,,9,Comerica Park,night,1,3,False,,
41382,2006,2006-07-21,2006-07-21T23:05:00Z,R,Regular Season,N,1,Final,F,Atlanta Braves,144,5,Philadelphia Phillies,143,6,Cory Lidle,Ken Ray,Tom Gordon,9,Citizens Bank Park,night,1,3,False,,
41387,2006,2006-07-21,2006-07-21T23:05:00Z,R,Regular Season,N,1,Final,F,Chicago Cubs,112,6,Washington Nationals,120,7,Jon Rauch,Bob Howry,Chad Cordero,9,Robert F. Kennedy Memorial Stadium,night,1,3,False,,
41386,2006,2006-07-21,2006-07-21T23:07:00Z,R,Regular Season,N,1,Final,F,New York Yankees,147,3,Toronto Blue Jays,141,7,A.J. Burnett,Jaret Wright,Scott Schoeneweis,9,Rogers Centre,night,2,4,False,,
41375,2006,2006-07-21,2006-07-21T23:10:00Z,R,Regular Season,N,1,Final,F,Milwaukee Brewers,158,5,Cincinnati Reds,113,6,Gary Majewski,Derrick Turnbow,,9,Great American Ball Park,night,1,3,False,,
41381,2006,2006-07-21,2006-07-21T23:10:00Z,R,Regular Season,N,1,Final,F,Houston Astros,117,0,New York Mets,121,7,John Maine,Taylor Buchholz,,9,Shea Stadium,night,1,3,False,,
41385,2006,2006-07-21,2006-07-21T23:15:00Z,R,Regular Season,N,1,Final,F,Baltimore Orioles,110,7,Tampa Bay Devil Rays,139,14,Casey Fossum,Russ Ortiz,,9,Tropicana Field,night,1,3,False,,
41378,2006,2006-07-21,2006-07-21T23:35:00Z,R,Regular Season,N,1,Final,F,Pittsburgh Pirates,134,1,Florida Marlins,146,4,Scott Olsen,Paul Maholm,Joe Borowski,9,Dolphin Stadium,night,2,4,False,,
41379,2006,2006-07-21,2006-07-22T00:10:00Z,R,Regular Season,N,1,Final,F,Los Angeles Angels,108,3,Kansas City Royals,118,8,Runelvys Hernandez,Bartolo Colon,,9,Kauffman Stadium,night,2,4,False,,
41374,2006,2006-07-21,2006-07-22T00:35:00Z,R,Regular Season,N,1,Final,F,Texas Rangers,140,10,Chicago White Sox,145,3,Ron Mahay,Mark Buehrle,Rick Bauer,9,U.S. Cellular Field,night,1,3,False,,
41373,2006,2006-07-21,2006-07-22T01:40:00Z,R,Regular Season,N,1,Final,F,Colorado Rockies,115,2,Arizona Diamondbacks,109,6,Claudio Vargas,Aaron Cook,,9,Chase Field,night,1,3,False,,
41384,2006,2006-07-21,2006-07-22T02:05:00Z,R,Regular Season,N,1,Final,F,Boston Red Sox,111,9,Seattle Mariners,136,4,Kyle Snyder,Jamie Moyer,,9,Safeco Field,night,1,3,False,,
41383,2006,2006-07-21,2006-07-22T02:15:00Z,R,Regular Season,N,1,Final,F,San Diego Padres,135,2,San Francisco Giants,137,8,Matt Cain,Jake Peavy,,9,AT&T Park,night,2,4,False,,
41380,2006,2006-07-21,2006-07-22T02:40:00Z,R,Regular Season,N,1,Final,F,St. Louis Cardinals,138,2,Los Angeles Dodgers,119,0,Jeff Suppan,Brad Penny,Jason Isringhausen,9,Dodger Stadium,night,1,3,False,,
41392,2006,2006-07-22,2006-07-22T17:20:00Z,R,Regular Season,N,1,Final,F,Oakland Athletics,133,9,Detroit Tigers,116,5,Joe Blanton,Wilfredo Ledezma,,9,Comerica Park,day,2,3,False,,
41396,2006,2006-07-22,2006-07-22T17:20:00Z,R,Regular Season,N,1,Final,F,Houston Astros,117,3,New York Mets,121,4,Orlando Hernandez,Brandon Backe,Billy Wagner,9,Shea Stadium,day,2,3,False,,
41402,2006,2006-07-22,2006-07-22T17:20:00Z,R,Regular Season,N,1,Final,F,Chicago Cubs,112,3,Washington Nationals,120,7,Livan Hernandez,Scott Williamson,,9,Robert F. Kennedy Memorial Stadium,day,2,3,False,,
41399,2006,2006-07-22,2006-07-22T20:05:00Z,R,Regular Season,N,1,Final,F,Boston Red Sox,111,2,Seattle Mariners,136,5,Félix Hernández,Kason Gabbard,J.J. Putz,9,Safeco Field,day,2,3,False,,
41401,2006,2006-07-22,2006-07-22T20:07:00Z,R,Regular Season,N,1,Final,F,New York Yankees,147,5,Toronto Blue Jays,141,4,Chien-Ming Wang,Scott Downs,Mariano Rivera,9,Rogers Centre,day,3,4,False,,
41393,2006,2006-07-22,2006-07-22T22:05:00Z,R,Regular Season,N,1,Final,F,Pittsburgh Pirates,134,0,Florida Marlins,146,5,Ricky Nolasco,Kip Wells,,9,Dolphin Stadium,night,3,4,False,,
41390,2006,2006-07-22,2006-07-22T22:10:00Z,R,Regular Season,N,1,Final,F,Milwaukee Brewers,158,7,Cincinnati Reds,113,8,Todd Coffey,Geremi Gonzalez,Eddie Guardado,9,Great American Ball Park,night,2,3,False,,
41389,2006,2006-07-22,2006-07-22T23:05:00Z,R,Regular Season,N,1,Final,F,Texas Rangers,140,3,Chicago White Sox,145,1,Francisco Cordero,Bobby Jenks,Akinori Otsuka,9,U.S. Cellular Field,night,2,3,False,,
41391,2006,2006-07-22,2006-07-22T23:05:00Z,R,Regular Season,N,1,Final,F,Minnesota Twins,142,0,Cleveland Indians,114,11,Jeremy Sowers,Scott Baker,,9,Jacobs Field,night,2,3,False,,
41394,2006,2006-07-22,2006-07-22T23:10:00Z,R,Regular Season,N,1,Final,F,Los Angeles Angels,108,4,Kansas City Royals,118,3,Scot Shields,Todd Wellemeyer,Francisco Rodríguez,10,Kauffman Stadium,night,3,4,False,,
41400,2006,2006-07-22,2006-07-22T23:15:00Z,R,Regular Season,N,1,Final,F,Baltimore Orioles,110,12,Tampa Bay Devil Rays,139,13,Shawn Camp,Rodrigo Lopez,Brian Meadows,9,Tropicana Field,night,2,3,False,,
41398,2006,2006-07-22,2006-07-23T01:05:00Z,R,Regular Season,N,1,Final,F,San Diego Padres,135,3,San Francisco Giants,137,4,Jason Schmidt,Woody Williams,Armando Benítez,9,AT&T Park,night,3,4,False,,
41388,2006,2006-07-22,2006-07-23T01:40:00Z,R,Regular Season,N,1,Final,F,Colorado Rockies,115,3,Arizona Diamondbacks,109,4,Brandon Medders,Jose Mesa,Jorge Julio,9,Chase Field,night,2,3,False,,
41395,2006,2006-07-22,2006-07-23T02:10:00Z,R,Regular Season,N,1,Final,F,St. Louis Cardinals,138,6,Los Angeles Dodgers,119,1,Jeff Weaver,Aaron Sele,,9,Dodger Stadium,night,2,3,False,,
41406,2006,2006-07-23,2006-07-23T17:05:00Z,R,Regular Season,N,1,Final,F,Minnesota Twins,142,3,Cleveland Indians,114,1,Francisco Liriano,Jake Westbrook,Joe Nathan,9,Jacobs Field,day,3,3,False,,
41407,2006,2006-07-23,2006-07-23T17:05:00Z,R,Regular Season,N,1,Final,F,Oakland Athletics,133,4,Detroit Tigers,116,8,Nate Robertson,Esteban Loaiza,,9,Comerica Park,day,3,3,False,,
41408,2006,2006-07-23,2006-07-23T17:05:00Z,R,Regular Season,N,1,Final,F,Pittsburgh Pirates,134,4,Florida Marlins,146,5,Joe Borowski,Michael Gonzalez,,9,Dolphin Stadium,day,4,4,False,,
41417,2006,2006-07-23,2006-07-23T17:05:00Z,R,Regular Season,N,1,Final,F,Chicago Cubs,112,1,Washington Nationals,120,7,Tony Armas,Carlos Marmol,,9,Robert F. Kennedy Memorial Stadium,day,3,3,False,,
41416,2006,2006-07-23,2006-07-23T17:07:00Z,R,Regular Season,N,1,Final,F,New York Yankees,147,5,Toronto Blue Jays,141,13,Shaun Marcum,Sidney Ponson,,9,Rogers Centre,day,4,4,False,,
41411,2006,2006-07-23,2006-07-23T17:10:00Z,R,Regular Season,N,1,Final,F,Houston Astros,117,8,New York Mets,121,4,Roy Oswalt,Mike Pelfrey,,9,Shea Stadium,day,3,3,False,,
41405,2006,2006-07-23,2006-07-23T17:15:00Z,R,Regular Season,N,1,Final,F,Milwaukee Brewers,158,4,Cincinnati Reds,113,1,Tomo Ohka,Eric Milton,Dan Kolb,9,Great American Ball Park,day,3,3,False,,
41415,2006,2006-07-23,2006-07-23T17:15:00Z,R,Regular Season,N,1,Final,F,Baltimore Orioles,110,4,Tampa Bay Devil Rays,139,2,Erik Bedard,Jon Switzer,Chris Ray,9,Tropicana Field,day,3,3,False,,
41404,2006,2006-07-23,2006-07-23T18:05:00Z,R,Regular Season,N,1,Final,F,Texas Rangers,140,0,Chicago White Sox,145,5,Jon Garland,Vicente Padilla,,9,U.S. Cellular Field,day,3,3,False,,
41409,2006,2006-07-23,2006-07-23T18:10:00Z,R,Regular Season,N,1,Final,F,Los Angeles Angels,108,3,Kansas City Royals,118,1,Jered Weaver,Brandon Duckworth,Francisco Rodríguez,9,Kauffman Stadium,day,4,4,False,,
41413,2006,2006-07-23,2006-07-23T20:05:00Z,R,Regular Season,N,1,Final,F,San Diego Padres,135,6,San Francisco Giants,137,5,Jon Adkins,Brian Wilson,Trevor Hoffman,12,AT&T Park,day,4,4,False,,
41414,2006,2006-07-23,2006-07-23T20:05:00Z,R,Regular Season,N,1,Final,F,Boston Red Sox,111,8,Seattle Mariners,136,9,J.J. Putz,Mike Timlin,,9,Safeco Field,day,3,3,False,,
41410,2006,2006-07-23,2006-07-23T20:10:00Z,R,Regular Season,N,1,Final,F,St. Louis Cardinals,138,6,Los Angeles Dodgers,119,1,Jason Marquis,Chad Billingsley,,9,Dodger Stadium,day,3,3,False,,
41403,2006,2006-07-23,2006-07-23T20:40:00Z,R,Regular Season,N,1,Final,F,Colorado Rockies,115,9,Arizona Diamondbacks,109,7,Tom Martin,Jorge Julio,Brian Fuentes,9,Chase Field,day,3,3,False,,
41412,2006,2006-07-23,2006-07-24T00:05:00Z,R,Regular Season,N,1,Final,F,Atlanta Braves,144,5,Philadelphia Phillies,143,1,Macay McBride,Brett Myers,,9,Citizens Bank Park,night,2,3,False,,
41419,2006,2006-07-24,2006-07-24T23:05:00Z,R,Regular Season,N,1,Final,F,Detroit Tigers,116,9,Cleveland Indians,114,7,Jeremy Bonderman,Cliff Lee,Todd Jones,9,Jacobs Field,night,1,3,False,,
41425,2006,2006-07-24,2006-07-24T23:05:00Z,R,Regular Season,N,1,Final,F,Atlanta Braves,144,10,Philadelphia Phillies,143,8,Tim Hudson,Cole Hamels,Bob Wickman,9,Citizens Bank Park,night,3,3,False,,
41428,2006,2006-07-24,2006-07-24T23:05:00Z,R,Regular Season,N,1,Final,F,New York Yankees,147,6,Texas Rangers,140,2,Randy Johnson,Kevin Millwood,,9,Ameriquest Field,night,1,3,False,,
41423,2006,2006-07-24,2006-07-24T23:10:00Z,R,Regular Season,N,1,Final,F,Chicago Cubs,112,8,New York Mets,121,7,Greg Maddux,Steve Trachsel,Ryan Dempster,9,Shea Stadium,night,1,3,False,,
41427,2006,2006-07-24,2006-07-24T23:15:00Z,R,Regular Season,N,1,Final,F,Los Angeles Angels,108,8,Tampa Bay Devil Rays,139,4,John Lackey,Jae Weong Seo,,9,Tropicana Field,night,1,3,False,,
41418,2006,2006-07-24,2006-07-25T00:05:00Z,R,Regular Season,N,1,Final,F,Minnesota Twins,142,7,Chicago White Sox,145,4,Brad Radke,Javier Vazquez,,9,U.S. Cellular Field,night,1,3,False,,
41422,2006,2006-07-24,2006-07-25T00:05:00Z,R,Regular Season,N,1,Final,F,Pittsburgh Pirates,134,8,Milwaukee Brewers,158,12,Doug Davis,Zach Duke,,9,Miller Park,night,1,3,False,,
41420,2006,2006-07-24,2006-07-25T01:05:00Z,R,Regular Season,N,1,Final,F,St. Louis Cardinals,138,0,Colorado Rockies,115,7,Jeff Francis,Anthony Reyes,,9,Coors Field,night,1,3,False,,
41424,2006,2006-07-24,2006-07-25T02:05:00Z,R,Regular Season,N,1,Final,F,Boston Red Sox,111,7,Oakland Athletics,133,3,Josh Beckett,Barry Zito,,9,McAfee Coliseum,night,1,3,False,,
41426,2006,2006-07-24,2006-07-25T02:05:00Z,R,Regular Season,N,1,Final,F,Toronto Blue Jays,141,3,Seattle Mariners,136,7,Joel Pineiro,Casey Janssen,,9,Safeco Field,night,1,3,False,,
41421,2006,2006-07-24,2006-07-25T02:10:00Z,R,Regular Season,N,1,Final,F,San Diego Padres,135,7,Los Angeles Dodgers,119,6,Doug Brocail,Giovanni Carrara,Trevor Hoffman,11,Dodger Stadium,night,1,3,False,,
41431,2006,2006-07-25,2006-07-25T23:05:00Z,R,Regular Season,N,1,Final,F,Detroit Tigers,116,7,Cleveland Indians,114,12,Jason Davis,Kenny Rogers,,9,Jacobs Field,night,2,3,False,,
41439,2006,2006-07-25,2006-07-25T23:05:00Z,R,Regular Season,N,1,Final,F,Arizona Diamondbacks,109,6,Philadelphia Phillies,143,5,Ramon Pena,Ryan Franklin,,11,Citizens Bank Park,night,1,3,False,,
41443,2006,2006-07-25,2006-07-25T23:05:00Z,R,Regular Season,N,1,Final,F,San Francisco Giants,137,6,Washington Nationals,120,8,Ramón Ortiz,Matt Morris,Chad Cordero,9,Robert F. Kennedy Memorial Stadium,night,1,3,False,,
41437,2006,2006-07-25,2006-07-25T23:10:00Z,R,Regular Season,N,1,Final,F,Chicago Cubs,112,8,New York Mets,121,6,Carlos Zambrano,Tom Glavine,Bob Howry,9,Shea Stadium,night,2,3,False,,
41441,2006,2006-07-25,2006-07-25T23:15:00Z,R,Regular Season,N,1,Final,F,Los Angeles Angels,108,3,Tampa Bay Devil Rays,139,6,Jon Switzer,Ervin Santana,,9,Tropicana Field,night,2,3,False,,
41429,2006,2006-07-25,2006-07-25T23:35:00Z,R,Regular Season,N,1,Final,F,Florida Marlins,146,2,Atlanta Braves,144,1,Aníbal Sánchez,Chuck James,Joe Borowski,9,Turner Field,night,1,3,False,,
41430,2006,2006-07-25,2006-07-26T00:05:00Z,R,Regular Season,N,1,Final,F,Minnesota Twins,142,4,Chicago White Sox,145,3,Johan Santana,Jose Contreras,Joe Nathan,9,U.S. Cellular Field,night,2,3,False,,
41433,2006,2006-07-25,2006-07-26T00:05:00Z,R,Regular Season,N,1,Final,F,Cincinnati Reds,113,2,Houston Astros,117,0,Aaron Harang,Roger Clemens,Bill Bray,9,Minute Maid Park,night,1,3,False,,
41436,2006,2006-07-25,2006-07-26T00:05:00Z,R,Regular Season,N,1,Final,F,Pittsburgh Pirates,134,6,Milwaukee Brewers,158,1,Ian Snell,Dave Bush,,9,Miller Park,night,2,3,False,,
41442,2006,2006-07-25,2006-07-26T00:05:00Z,R,Regular Season,N,1,Final,F,New York Yankees,147,7,Texas Rangers,140,4,Mike Mussina,Adam Eaton,Mariano Rivera,9,Ameriquest Field,night,2,3,False,,
41434,2006,2006-07-25,2006-07-26T00:10:00Z,R,Regular Season,N,1,Final,F,Baltimore Orioles,110,5,Kansas City Royals,118,7,Mark Redman,Kurt Birkins,Ambiorix Burgos,9,Kauffman Stadium,night,1,3,False,,
41432,2006,2006-07-25,2006-07-26T01:05:00Z,R,Regular Season,N,1,Final,F,St. Louis Cardinals,138,1,Colorado Rockies,115,0,Chris Carpenter,Jason Jennings,Jason Isringhausen,9,Coors Field,night,2,3,False,,
41438,2006,2006-07-25,2006-07-26T02:05:00Z,R,Regular Season,N,1,Final,F,Boston Red Sox,111,13,Oakland Athletics,133,5,Curt Schilling,Jason Windsor,,9,McAfee Coliseum,night,2,3,False,,
41440,2006,2006-07-25,2006-07-26T02:05:00Z,R,Regular Season,N,1,Final,F,Toronto Blue Jays,141,12,Seattle Mariners,136,3,Roy Halladay,Gil Meche,,9,Safeco Field,night,2,3,False,,
41435,2006,2006-07-25,2006-07-26T02:10:00Z,R,Regular Season,N,1,Final,F,San Diego Padres,135,7,Los Angeles Dodgers,119,3,Chan Ho Park,Mark Hendrickson,,9,Dodger Stadium,night,2,3,False,,
41446,2006,2006-07-26,2006-07-26T16:05:00Z,R,Regular Season,N,1,Final,F,Detroit Tigers,116,4,Cleveland Indians,114,1,Justin Verlander,CC Sabathia,Todd Jones,9,Jacobs Field,day,3,3,False,,
41452,2006,2006-07-26,2006-07-26T16:10:00Z,R,Regular Season,N,1,Final,F,Chicago Cubs,112,0,New York Mets,121,1,Aaron Heilman,Glendon Rusch,,10,Shea Stadium,day,3,3,False,,
41456,2006,2006-07-26,2006-07-26T16:15:00Z,R,Regular Season,N,1,Final,F,Los Angeles Angels,108,15,Tampa Bay Devil Rays,139,6,Kevin Gregg,Casey Fossum,,9,Tropicana Field,day,3,3,False,,
41445,2006,2006-07-26,2006-07-26T18:05:00Z,R,Regular Season,N,1,Final,F,Minnesota Twins,142,7,Chicago White Sox,145,4,Carlos Silva,Mark Buehrle,Joe Nathan,9,U.S. Cellular Field,day,3,3,False,,
41451,2006,2006-07-26,2006-07-26T18:05:00Z,R,Regular Season,N,1,Final,F,Pittsburgh Pirates,134,8,Milwaukee Brewers,158,4,Paul Maholm,Chris Capuano,,9,Miller Park,day,3,3,False,,
41447,2006,2006-07-26,2006-07-26T19:05:00Z,R,Regular Season,N,1,Final,F,St. Louis Cardinals,138,6,Colorado Rockies,115,1,Jeff Suppan,Aaron Cook,,9,Coors Field,day,3,3,False,,
41450,2006,2006-07-26,2006-07-26T19:10:00Z,R,Regular Season,N,1,Final,F,San Diego Padres,135,10,Los Angeles Dodgers,119,3,Jake Peavy,Brad Penny,,9,Dodger Stadium,day,3,3,False,,
41453,2006,2006-07-26,2006-07-26T19:35:00Z,R,Regular Season,N,1,Final,F,Boston Red Sox,111,1,Oakland Athletics,133,5,Dan Haren,Kyle Snyder,,9,McAfee Coliseum,day,3,3,False,,
41454,2006,2006-07-26,2006-07-26T23:05:00Z,R,Regular Season,N,1,Final,F,Arizona Diamondbacks,109,4,Philadelphia Phillies,143,6,Jon Lieber,Brandon Webb,Tom Gordon,9,Citizens Bank Park,night,2,3,False,,
41458,2006,2006-07-26,2006-07-26T23:05:00Z,R,Regular Season,N,1,Final,F,San Francisco Giants,137,3,Washington Nationals,120,4,Saul Rivera,Armando Benítez,,9,Robert F. Kennedy Memorial Stadium,night,2,3,False,,
41444,2006,2006-07-26,2006-07-26T23:35:00Z,R,Regular Season,N,1,Final,F,Florida Marlins,146,5,Atlanta Braves,144,6,John Smoltz,Taylor Tankersley,Bob Wickman,9,Turner Field,night,2,3,False,,
41448,2006,2006-07-26,2006-07-27T00:05:00Z,R,Regular Season,N,1,Final,F,Cincinnati Reds,113,5,Houston Astros,117,8,Andy Pettitte,Bronson Arroyo,Dan Wheeler,9,Minute Maid Park,night,2,3,False,,
41457,2006,2006-07-26,2006-07-27T00:05:00Z,R,Regular Season,N,1,Final,F,New York Yankees,147,8,Texas Rangers,140,7,Shawn Chacon,Akinori Otsuka,Mariano Rivera,9,Ameriquest Field,night,3,3,False,,
41449,2006,2006-07-26,2006-07-27T00:10:00Z,R,Regular Season,N,1,Final,F,Baltimore Orioles,110,4,Kansas City Royals,118,3,Adam Loewen,Runelvys Hernandez,Chris Ray,9,Kauffman Stadium,night,2,3,False,,
41455,2006,2006-07-26,2006-07-27T02:05:00Z,R,Regular Season,N,1,Final,F,Toronto Blue Jays,141,4,Seattle Mariners,136,7,Jamie Moyer,A.J. Burnett,J.J. Putz,9,Safeco Field,night,3,3,False,,
41459,2006,2006-07-27,2006-07-27T17:05:00Z,R,Regular Season,N,1,Final,F,Florida Marlins,146,6,Atlanta Braves,144,1,Scott Olsen,Jason Shiell,,9,Turner Field,day,3,3,False,,
41465,2006,2006-07-27,2006-07-27T17:05:00Z,R,Regular Season,N,1,Final,F,Arizona Diamondbacks,109,2,Philadelphia Phillies,143,5,Cory Lidle,Claudio Vargas,Tom Gordon,9,Citizens Bank Park,day,3,3,False,,
41466,2006,2006-07-27,2006-07-27T17:05:00Z,R,Regular Season,N,1,Final,F,San Francisco Giants,137,5,Washington Nationals,120,6,Livan Hernandez,Matt Cain,Chad Cordero,9,Robert F. Kennedy Memorial Stadium,day,3,3,False,,
41460,2006,2006-07-27,2006-07-28T00:05:00Z,R,Regular Season,N,1,Final,F,St. Louis Cardinals,138,4,Chicago Cubs,112,5,Roberto Novoa,Tyler Johnson,Ryan Dempster,9,Wrigley Field,night,1,4,False,,
41462,2006,2006-07-27,2006-07-28T00:05:00Z,R,Regular Season,N,1,Final,F,Cincinnati Reds,113,8,Houston Astros,117,4,Elizardo Ramirez,Taylor Buchholz,,9,Minute Maid Park,night,3,3,False,,
41463,2006,2006-07-27,2006-07-28T00:10:00Z,R,Regular Season,N,1,Final,F,Baltimore Orioles,110,6,Kansas City Royals,118,4,Rodrigo Lopez,Brandon Duckworth,Chris Ray,9,Kauffman Stadium,night,3,3,False,,
41461,2006,2006-07-27,2006-07-28T01:05:00Z,R,Regular Season,N,1,Final,F,San Diego Padres,135,8,Colorado Rockies,115,9,Brian Fuentes,Scott Williamson,,10,Coors Field,night,1,4,False,,
41464,2006,2006-07-27,2006-07-28T02:05:00Z,R,Regular Season,N,1,Final,F,Toronto Blue Jays,141,2,Oakland Athletics,133,5,Joe Blanton,Ted Lilly,Huston Street,9,McAfee Coliseum,night,1,4,False,,
41470,2006,2006-07-28,2006-07-28T18:20:00Z,R,Regular Season,N,1,Final,F,St. Louis Cardinals,138,5,Chicago Cubs,112,6,Carlos Marmol,Jason Marquis,Ryan Dempster,9,Wrigley Field,day,2,4,False,,
41468,2006,2006-07-28,2006-07-28T23:05:00Z,R,Regular Season,N,1,Final,F,Chicago White Sox,145,6,Baltimore Orioles,110,4,Matt Thornton,Chris Ray,Bobby Jenks,9,Oriole Park at Camden Yards,night,1,3,False,,
41469,2006,2006-07-28,2006-07-28T23:05:00Z,R,Regular Season,N,1,Final,F,Los Angeles Angels,108,8,Boston Red Sox,111,3,Kelvim Escobar,Jon Lester,,9,Fenway Park,night,1,3,False,,
41471,2006,2006-07-28,2006-07-28T23:05:00Z,R,Regular Season,N,1,Final,F,Seattle Mariners,136,0,Cleveland Indians,114,1,Jeremy Sowers,Félix Hernández,,9,Jacobs Field,night,1,3,False,,
41477,2006,2006-07-28,2006-07-28T23:05:00Z,R,Regular Season,N,1,Final,F,Tampa Bay Devil Rays,139,0,New York Yankees,147,6,Chien-Ming Wang,Tim Corcoran,,9,Yankee Stadium I,night,1,3,False,,
41479,2006,2006-07-28,2006-07-28T23:05:00Z,R,Regular Season,N,1,Final,F,Florida Marlins,146,4,Philadelphia Phillies,143,1,Ricky Nolasco,Brett Myers,,9,Citizens Bank Park,night,1,5,False,,
41480,2006,2006-07-28,2006-07-28T23:05:00Z,R,Regular Season,N,1,Final,F,San Francisco Giants,137,0,Pittsburgh Pirates,134,3,Kip Wells,Jason Schmidt,Michael Gonzalez,9,PNC Park,night,1,3,False,,
41467,2006,2006-07-28,2006-07-28T23:35:00Z,R,Regular Season,N,1,Final,F,New York Mets,121,6,Atlanta Braves,144,4,Pedro Martínez,Horacio Ramirez,Billy Wagner,9,Turner Field,night,1,3,False,,
41473,2006,2006-07-28,2006-07-29T00:05:00Z,R,Regular Season,N,1,Final,F,Arizona Diamondbacks,109,8,Houston Astros,117,7,Ramon Pena,Andy Pettitte,,11,Minute Maid Park,night,1,3,False,,
41475,2006,2006-07-28,2006-07-29T00:05:00Z,R,Regular Season,N,1,Final,F,Cincinnati Reds,113,4,Milwaukee Brewers,158,3,Eric Milton,Matt Wise,Eddie Guardado,9,Miller Park,night,1,3,False,,
41476,2006,2006-07-28,2006-07-29T00:10:00Z,R,Regular Season,N,1,Final,F,Detroit Tigers,116,3,Minnesota Twins,142,2,Fernando Rodney,Juan Rincon,Todd Jones,10,Hubert H. Humphrey Metrodome,night,1,3,False,,
41481,2006,2006-07-28,2006-07-29T00:35:00Z,R,Regular Season,N,1,Final,F,Kansas City Royals,118,11,Texas Rangers,140,3,Luke Hudson,Vicente Padilla,,9,Ameriquest Field,night,1,3,False,,
41472,2006,2006-07-28,2006-07-29T01:05:00Z,R,Regular Season,N,1,Final,F,San Diego Padres,135,1,Colorado Rockies,115,3,Byung-Hyun Kim,Clay Hensley,Brian Fuentes,9,Coors Field,night,2,4,False,,
41478,2006,2006-07-28,2006-07-29T02:05:00Z,R,Regular Season,N,1,Final,F,Toronto Blue Jays,141,4,Oakland Athletics,133,3,Scott Downs,Esteban Loaiza,B.J. Ryan,9,McAfee Coliseum,night,2,4,False,,
41474,2006,2006-07-28,2006-07-29T02:40:00Z,R,Regular Season,N,1,Final,F,Washington Nationals,120,1,Los Angeles Dodgers,119,13,Chad Billingsley,Tony Armas,,9,Dodger Stadium,night,1,3,False,,
41482,2006,2006-07-29,2006-07-29T17:20:00Z,R,Regular Season,N,1,Final,F,New York Mets,121,11,Atlanta Braves,144,3,Orlando Hernandez,Tim Hudson,,9,Turner Field,day,2,3,False,,
41484,2006,2006-07-29,2006-07-29T17:20:00Z,R,Regular Season,N,1,Final,F,Los Angeles Angels,108,6,Boston Red Sox,111,7,Julian Tavarez,Hector Carrasco,,11,Fenway Park,day,2,3,False,,
41485,2006,2006-07-29,2006-07-29T20:05:00Z,R,Regular Season,N,1,Final,F,St. Louis Cardinals,138,2,Chicago Cubs,112,4,Greg Maddux,Anthony Reyes,Ryan Dempster,9,Wrigley Field,day,3,4,False,,
41492,2006,2006-07-29,2006-07-29T20:05:00Z,R,Regular Season,N,1,Final,F,Tampa Bay Devil Rays,139,19,New York Yankees,147,6,Jae Weong Seo,Randy Johnson,,9,Yankee Stadium I,day,2,3,False,,
41493,2006,2006-07-29,2006-07-29T20:05:00Z,R,Regular Season,N,1,Final,F,Toronto Blue Jays,141,4,Oakland Athletics,133,7,Barry Zito,Dustin McGowan,Huston Street,9,McAfee Coliseum,day,3,4,False,,
41489,2006,2006-07-29,2006-07-29T20:10:00Z,R,Regular Season,N,1,Final,F,Washington Nationals,120,5,Los Angeles Dodgers,119,7,Derek Lowe,Michael O'Connor,Jonathan Broxton,9,Dodger Stadium,day,2,3,False,,
41483,2006,2006-07-29,2006-07-29T20:35:00Z,R,Regular Season,N,1,Final,F,Chicago White Sox,145,13,Baltimore Orioles,110,11,Jon Garland,Jim Johnson,Bobby Jenks,9,Oriole Park at Camden Yards,day,2,3,False,,
41486,2006,2006-07-29,2006-07-29T23:05:00Z,R,Regular Season,N,1,Final,F,Seattle Mariners,136,3,Cleveland Indians,114,1,Jarrod Washburn,Jake Westbrook,J.J. Putz,9,Jacobs Field,night,2,3,False,,
41488,2006,2006-07-29,2006-07-29T23:05:00Z,R,Regular Season,N,1,Final,F,Arizona Diamondbacks,109,1,Houston Astros,117,4,Roy Oswalt,Juan Cruz,Brad Lidge,9,Minute Maid Park,night,2,3,False,,
41490,2006,2006-07-29,2006-07-29T23:05:00Z,R,Regular Season,N,1,Final,F,Cincinnati Reds,113,3,Milwaukee Brewers,158,6,Geremi Gonzalez,Justin Germano,Derrick Turnbow,9,Miller Park,night,2,3,False,,
41494,2006,2006-07-29,2006-07-29T23:05:00Z,R,Regular Season,N,1,Final,F,Florida Marlins,146,3,Philadelphia Phillies,143,12,Cole Hamels,Dontrelle Willis,,9,Citizens Bank Park,night,2,5,False,,
41495,2006,2006-07-29,2006-07-29T23:05:00Z,R,Regular Season,N,1,Final,F,San Francisco Giants,137,3,Pittsburgh Pirates,134,4,Tom Gorzelanny,Jamey Wright,Michael Gonzalez,9,PNC Park,night,2,3,False,,
41491,2006,2006-07-29,2006-07-29T23:10:00Z,R,Regular Season,N,1,Final,F,Detroit Tigers,116,8,Minnesota Twins,142,6,Nate Robertson,Brad Radke,Todd Jones,9,Hubert H. Humphrey Metrodome,night,2,3,False,,
41487,2006,2006-07-29,2006-07-30T00:05:00Z,R,Regular Season,N,1,Final,F,San Diego Padres,135,4,Colorado Rockies,115,2,Chris Young,Jeff Francis,Trevor Hoffman,9,Coors Field,night,3,4,False,,
41496,2006,2006-07-29,2006-07-30T00:05:00Z,R,Regular Season,N,1,Final,F,Kansas City Royals,118,5,Texas Rangers,140,3,Jorge De La Rosa,Kevin Millwood,Ambiorix Burgos,9,Ameriquest Field,night,2,3,False,,
41497,2006,2006-07-30,2006-07-30T17:05:00Z,R,Regular Season,N,1,Final,F,New York Mets,121,10,Atlanta Braves,144,6,Darren Oliver,Chuck James,Billy Wagner,9,Turner Field,day,3,3,False,,
41501,2006,2006-07-30,2006-07-30T17:05:00Z,R,Regular Season,N,1,Final,F,Seattle Mariners,136,7,Cleveland Indians,114,3,Jake Woods,Roberto Hernandez,J.J. Putz,9,Jacobs Field,day,3,3,False,,
41507,2006,2006-07-30,2006-07-30T17:05:00Z,R,Regular Season,N,1,Final,F,Tampa Bay Devil Rays,139,2,New York Yankees,147,4,Mike Mussina,James Shields,Mariano Rivera,9,Yankee Stadium I,day,3,3,False,,
41498,2006,2006-07-30,2006-07-30T17:35:00Z,R,Regular Season,N,1,Final,F,Chicago White Sox,145,7,Baltimore Orioles,110,8,Eddy Rodriguez,Bobby Jenks,,9,Oriole Park at Camden Yards,day,3,3,False,,
41509,2006,2006-07-30,2006-07-30T17:35:00Z,R,Regular Season,S,1,Final,F,Florida Marlins,146,5,Philadelphia Phillies,143,11,Aaron Fultz,Aníbal Sánchez,,9,Citizens Bank Park,day,3,5,False,,
41510,2006,2006-07-30,2006-07-30T17:35:00Z,R,Regular Season,N,1,Final,F,San Francisco Giants,137,1,Pittsburgh Pirates,134,2,John Grabow,Steve Kline,,10,PNC Park,day,3,3,False,,
41503,2006,2006-07-30,2006-07-30T18:05:00Z,R,Regular Season,N,1,Final,F,Arizona Diamondbacks,109,7,Houston Astros,117,6,Ramon Pena,Trever Miller,Jorge Julio,9,Minute Maid Park,day,3,3,False,,
41505,2006,2006-07-30,2006-07-30T18:05:00Z,R,Regular Season,N,1,Final,F,Cincinnati Reds,113,3,Milwaukee Brewers,158,4,Ben Sheets,Aaron Harang,Francisco Cordero,9,Miller Park,day,3,3,False,,
41506,2006,2006-07-30,2006-07-30T18:10:00Z,R,Regular Season,N,1,Final,F,Detroit Tigers,116,4,Minnesota Twins,142,6,Pat Neshek,Jeremy Bonderman,Joe Nathan,9,Hubert H. Humphrey Metrodome,day,3,3,False,,
41500,2006,2006-07-30,2006-07-30T18:20:00Z,R,Regular Season,N,1,Final,F,St. Louis Cardinals,138,3,Chicago Cubs,112,6,Carlos Zambrano,Chris Carpenter,,9,Wrigley Field,day,4,4,False,,
41502,2006,2006-07-30,2006-07-30T19:05:00Z,R,Regular Season,N,1,Final,F,San Diego Padres,135,1,Colorado Rockies,115,3,Jason Jennings,Mike Thompson,Brian Fuentes,9,Coors Field,day,4,4,False,,
41508,2006,2006-07-30,2006-07-30T20:05:00Z,R,Regular Season,N,1,Final,F,Toronto Blue Jays,141,5,Oakland Athletics,133,6,Huston Street,B.J. Ryan,,9,McAfee Coliseum,day,4,4,False,,
41504,2006,2006-07-30,2006-07-30T20:10:00Z,R,Regular Season,N,1,Final,F,Washington Nationals,120,3,Los Angeles Dodgers,119,4,Jonathan Broxton,Jon Rauch,Takashi Saito,9,Dodger Stadium,day,3,3,False,,
40197,2006,2006-07-30,2006-07-30T23:35:00Z,R,Regular Season,S,2,Final,F,Florida Marlins,146,2,Philadelphia Phillies,143,9,Ryan Madson,Brian Moehler,,9,Citizens Bank Park,night,4,5,False,,
41499,2006,2006-07-30,2006-07-31T00:05:00Z,R,Regular Season,N,1,Final,F,Los Angeles Angels,108,10,Boston Red Sox,111,4,John Lackey,Curt Schilling,,9,Fenway Park,night,3,3,False,,
41511,2006,2006-07-30,2006-07-31T00:05:00Z,R,Regular Season,N,1,Final,F,Kansas City Royals,118,2,Texas Rangers,140,15,John Koronka,Mark Redman,,9,Ameriquest Field,night,3,3,False,,
41519,2006,2006-07-31,2006-07-31T17:05:00Z,R,Regular Season,N,1,Final,F,Florida Marlins,146,15,Philadelphia Phillies,143,2,Josh Johnson,Jon Lieber,,9,Citizens Bank Park,day,5,5,False,,
41512,2006,2006-07-31,2006-07-31T23:05:00Z,R,Regular Season,N,1,Final,F,Seattle Mariners,136,10,Baltimore Orioles,110,5,Julio Mateo,Adam Loewen,,9,Oriole Park at Camden Yards,night,1,3,False,,
41513,2006,2006-07-31,2006-07-31T23:05:00Z,R,Regular Season,N,1,Final,F,Cleveland Indians,114,8,Boston Red Sox,111,9,Kyle Snyder,Roberto Hernandez,,9,Fenway Park,night,1,4,False,,
41521,2006,2006-07-31,2006-07-31T23:15:00Z,R,Regular Season,N,1,Final,F,Detroit Tigers,116,3,Tampa Bay Devil Rays,139,7,Casey Fossum,Kenny Rogers,,9,Tropicana Field,night,1,4,False,,
41514,2006,2006-07-31,2006-08-01T00:05:00Z,R,Regular Season,N,1,Final,F,Arizona Diamondbacks,109,15,Chicago Cubs,112,4,Brandon Webb,Mark Prior,,9,Wrigley Field,night,1,4,False,,
41516,2006,2006-07-31,2006-08-01T00:10:00Z,R,Regular Season,N,1,Final,F,Chicago White Sox,145,8,Kansas City Royals,118,4,Jose Contreras,Runelvys Hernandez,,9,Kauffman Stadium,night,1,3,False,,
41518,2006,2006-07-31,2006-08-01T00:10:00Z,R,Regular Season,N,1,Final,F,Texas Rangers,140,2,Minnesota Twins,142,15,Carlos Silva,John Rheinecker,,9,Hubert H. Humphrey Metrodome,night,1,3,False,,
41515,2006,2006-07-31,2006-08-01T01:05:00Z,R,Regular Season,N,1,Final,F,Milwaukee Brewers,158,2,Colorado Rockies,115,4,Aaron Cook,Chris Capuano,Brian Fuentes,9,Coors Field,night,1,3,False,,
41517,2006,2006-07-31,2006-08-01T02:05:00Z,R,Regular Season,N,1,Final,F,Oakland Athletics,133,3,Los Angeles Angels,108,1,Dan Haren,Ervin Santana,,9,Angel Stadium of Anaheim,night,1,3,False,,
41520,2006,2006-07-31,2006-08-01T02:15:00Z,R,Regular Season,N,1,Final,F,Washington Nationals,120,10,San Francisco Giants,137,7,Pedro Astacio,Noah Lowry,Chad Cordero,9,AT&T Park,night,1,3,False,,
41522,2006,2006-08-01,2006-08-01T23:05:00Z,R,Regular Season,N,1,Final,F,Seattle Mariners,136,0,Baltimore Orioles,110,2,Rodrigo Lopez,Jamie Moyer,Chris Ray,9,Oriole Park at Camden Yards,night,2,3,False,,
41523,2006,2006-08-01,2006-08-01T23:05:00Z,R,Regular Season,N,1,Final,F,Cleveland Indians,114,6,Boston Red Sox,111,3,CC Sabathia,Jason Johnson,,9,Fenway Park,night,2,4,False,,
41527,2006,2006-08-01,2006-08-01T23:05:00Z,R,Regular Season,N,1,Final,F,New York Mets,121,5,Florida Marlins,146,6,Matt Herges,Billy Wagner,,9,Dolphin Stadium,night,1,3,False,,
41531,2006,2006-08-01,2006-08-01T23:05:00Z,R,Regular Season,N,1,Final,F,Toronto Blue Jays,141,1,New York Yankees,147,5,Jaret Wright,A.J. Burnett,,9,Yankee Stadium I,night,1,3,False,,
41532,2006,2006-08-01,2006-08-01T23:05:00Z,R,Regular Season,N,1,Final,F,Atlanta Braves,144,4,Pittsburgh Pirates,134,2,John Smoltz,Ian Snell,Bob Wickman,9,PNC Park,night,1,3,False,,
41525,2006,2006-08-01,2006-08-01T23:10:00Z,R,Regular Season,N,1,Final,F,Los Angeles Dodgers,119,10,Cincinnati Reds,113,4,Aaron Sele,Bill Bray,,9,Great American Ball Park,night,1,3,False,,
41536,2006,2006-08-01,2006-08-01T23:15:00Z,R,Regular Season,N,1,Final,F,Detroit Tigers,116,10,Tampa Bay Devil Rays,139,4,Justin Verlander,J.P. Howell,,9,Tropicana Field,night,2,4,False,,
41524,2006,2006-08-01,2006-08-02T00:05:00Z,R,Regular Season,N,1,Final,F,Arizona Diamondbacks,109,3,Chicago Cubs,112,9,Rich Hill,Claudio Vargas,,9,Wrigley Field,night,2,4,False,,
41528,2006,2006-08-01,2006-08-02T00:10:00Z,R,Regular Season,N,1,Final,F,Chicago White Sox,145,7,Kansas City Royals,118,5,David Riske,Ambiorix Burgos,Bobby Jenks,10,Kauffman Stadium,night,2,3,False,,
41530,2006,2006-08-01,2006-08-02T00:10:00Z,R,Regular Season,N,1,Final,F,Texas Rangers,140,9,Minnesota Twins,142,0,Adam Eaton,Scott Baker,,9,Hubert H. Humphrey Metrodome,night,2,3,False,,
41535,2006,2006-08-01,2006-08-02T00:10:00Z,R,Regular Season,N,1,Final,F,Philadelphia Phillies,143,5,St. Louis Cardinals,138,3,Scott Mathieson,Jeff Suppan,Tom Gordon,9,Busch Stadium,night,1,3,False,,
41526,2006,2006-08-01,2006-08-02T01:05:00Z,R,Regular Season,N,1,Final,F,Milwaukee Brewers,158,1,Colorado Rockies,115,0,Dave Bush,Josh Fogg,Francisco Cordero,9,Coors Field,night,2,3,False,,
41529,2006,2006-08-01,2006-08-02T02:05:00Z,R,Regular Season,N,1,Final,F,Oakland Athletics,133,2,Los Angeles Angels,108,3,Joe Saunders,Joe Blanton,Francisco Rodríguez,9,Angel Stadium of Anaheim,night,2,3,False,,
41533,2006,2006-08-01,2006-08-02T02:05:00Z,R,Regular Season,N,1,Final,F,Houston Astros,117,1,San Diego Padres,135,0,Andy Pettitte,Jake Peavy,Brad Lidge,9,PETCO Park,night,1,3,False,,
41534,2006,2006-08-01,2006-08-02T02:15:00Z,R,Regular Season,N,1,Final,F,Washington Nationals,120,4,San Francisco Giants,137,1,Livan Hernandez,Matt Cain,Chad Cordero,9,AT&T Park,night,2,3,False,,
41545,2006,2006-08-02,2006-08-02T17:10:00Z,R,Regular Season,N,1,Final,F,Texas Rangers,140,10,Minnesota Twins,142,2,Kip Wells,Boof Bonser,,9,Hubert H. Humphrey Metrodome,day,3,3,False,,
41537,2006,2006-08-02,2006-08-02T19:05:00Z,R,Regular Season,N,1,Final,F,Seattle Mariners,136,2,Baltimore Orioles,110,1,Félix Hernández,Erik Bedard,J.J. Putz,9,Oriole Park at Camden Yards,day,3,3,False,,
41544,2006,2006-08-02,2006-08-02T19:35:00Z,R,Regular Season,N,1,Final,F,Oakland Athletics,133,3,Los Angeles Angels,108,2,Kiko Calero,Scot Shields,Huston Street,9,Angel Stadium of Anaheim,day,3,3,False,,
41549,2006,2006-08-02,2006-08-02T19:35:00Z,R,Regular Season,N,1,Final,F,Washington Nationals,120,6,San Francisco Giants,137,8,Jason Schmidt,Tony Armas,Mike Stanton,9,AT&T Park,day,3,3,False,,
41538,2006,2006-08-02,2006-08-02T23:05:00Z,R,Regular Season,N,1,Final,F,Cleveland Indians,114,5,Boston Red Sox,111,6,Jonathan Papelbon,Roberto Hernandez,,9,Fenway Park,night,3,4,False,,
41542,2006,2006-08-02,2006-08-02T23:05:00Z,R,Regular Season,N,1,Final,F,New York Mets,121,6,Florida Marlins,146,5,Steve Trachsel,Ricky Nolasco,Billy Wagner,9,Dolphin Stadium,night,2,3,False,,
41546,2006,2006-08-02,2006-08-02T23:05:00Z,R,Regular Season,N,1,Final,F,Toronto Blue Jays,141,2,New York Yankees,147,7,Chien-Ming Wang,Ted Lilly,,9,Yankee Stadium I,night,2,3,False,,
41547,2006,2006-08-02,2006-08-02T23:05:00Z,R,Regular Season,N,1,Final,F,Atlanta Braves,144,3,Pittsburgh Pirates,134,2,Tyler Yates,Salomon Torres,Bob Wickman,9,PNC Park,night,2,3,False,,
41540,2006,2006-08-02,2006-08-02T23:10:00Z,R,Regular Season,N,1,Final,F,Los Angeles Dodgers,119,5,Cincinnati Reds,113,3,Brad Penny,Elizardo Ramirez,Takashi Saito,9,Great American Ball Park,night,2,3,False,,
41551,2006,2006-08-02,2006-08-02T23:15:00Z,R,Regular Season,N,1,Final,F,Detroit Tigers,116,8,Tampa Bay Devil Rays,139,3,Jason Grilli,Jon Switzer,,9,Tropicana Field,night,3,4,False,,
41543,2006,2006-08-02,2006-08-03T00:10:00Z,R,Regular Season,N,1,Final,F,Chicago White Sox,145,3,Kansas City Royals,118,7,Luke Hudson,Freddy Garcia,,9,Kauffman Stadium,night,3,3,False,,
41550,2006,2006-08-02,2006-08-03T00:10:00Z,R,Regular Season,N,1,Final,F,Philadelphia Phillies,143,16,St. Louis Cardinals,138,8,Brett Myers,Jeff Weaver,,9,Busch Stadium,night,2,3,False,,
41541,2006,2006-08-02,2006-08-03T01:05:00Z,R,Regular Season,N,1,Final,F,Milwaukee Brewers,158,2,Colorado Rockies,115,8,Byung-Hyun Kim,Tomo Ohka,,9,Coors Field,night,3,3,False,,
41548,2006,2006-08-02,2006-08-03T02:05:00Z,R,Regular Season,N,1,Final,F,Houston Astros,117,7,San Diego Padres,135,1,Brandon Backe,Woody Williams,,9,PETCO Park,night,2,3,False,,
41559,2006,2006-08-03,2006-08-03T16:35:00Z,R,Regular Season,N,1,Final,F,Atlanta Braves,144,2,Pittsburgh Pirates,134,3,Shawn Chacon,Tim Hudson,Michael Gonzalez,9,PNC Park,day,3,3,False,,
41553,2006,2006-08-03,2006-08-03T17:05:00Z,R,Regular Season,Y,1,Final,F,Arizona Diamondbacks,109,10,Chicago Cubs,112,2,Juan Cruz,Carlos Marmol,,9,Wrigley Field,day,3,4,False,,
41558,2006,2006-08-03,2006-08-03T17:05:00Z,R,Regular Season,N,1,Final,F,Toronto Blue Jays,141,1,New York Yankees,147,8,Cory Lidle,Shaun Marcum,,9,Yankee Stadium I,day,3,3,False,,
41539,2006,2006-08-03,2006-08-03T17:10:00Z,R,Regular Season,Y,2,Final,F,Arizona Diamondbacks,109,3,Chicago Cubs,112,7,Juan Mateo,Enrique Gonzalez,,9,Wrigley Field,day,4,4,False,,
41560,2006,2006-08-03,2006-08-03T19:35:00Z,R,Regular Season,N,1,Final,F,Houston Astros,117,2,San Diego Padres,135,5,Clay Hensley,Matt Albers,Trevor Hoffman,9,PETCO Park,day,3,3,False,,
41552,2006,2006-08-03,2006-08-03T23:05:00Z,R,Regular Season,N,1,Final,F,Cleveland Indians,114,7,Boston Red Sox,111,6,Jake Westbrook,Josh Beckett,Jason Davis,9,Fenway Park,night,4,4,False,,
41555,2006,2006-08-03,2006-08-03T23:05:00Z,R,Regular Season,N,1,Final,F,New York Mets,121,1,Florida Marlins,146,4,Dontrelle Willis,Aaron Heilman,Joe Borowski,9,Dolphin Stadium,night,3,3,False,,
41554,2006,2006-08-03,2006-08-03T23:10:00Z,R,Regular Season,N,1,Final,F,Los Angeles Dodgers,119,3,Cincinnati Reds,113,0,Greg Maddux,Eric Milton,Takashi Saito,9,Great American Ball Park,night,3,3,False,,
41562,2006,2006-08-03,2006-08-03T23:15:00Z,R,Regular Season,N,1,Final,F,Detroit Tigers,116,1,Tampa Bay Devil Rays,139,2,Seth McClung,Nate Robertson,Brian Meadows,9,Tropicana Field,night,4,4,False,,
41556,2006,2006-08-03,2006-08-04T00:10:00Z,R,Regular Season,N,1,Final,F,Minnesota Twins,142,8,Kansas City Royals,118,2,Brad Radke,Jorge De La Rosa,,9,Kauffman Stadium,night,1,4,False,,
41561,2006,2006-08-03,2006-08-04T00:10:00Z,R,Regular Season,N,1,Final,F,Philadelphia Phillies,143,8,St. Louis Cardinals,138,1,Cole Hamels,Jason Marquis,,9,Busch Stadium,night,3,3,False,,
41557,2006,2006-08-03,2006-08-04T02:05:00Z,R,Regular Season,N,1,Final,F,Texas Rangers,140,7,Los Angeles Angels,108,6,Wes Littleton,Kevin Gregg,Akinori Otsuka,12,Angel Stadium of Anaheim,night,1,4,False,,
41565,2006,2006-08-04,2006-08-04T18:20:00Z,R,Regular Season,N,1,Final,F,Pittsburgh Pirates,134,6,Chicago Cubs,112,0,Tom Gorzelanny,Carlos Zambrano,,9,Wrigley Field,day,1,3,False,,
41564,2006,2006-08-04,2006-08-04T23:05:00Z,R,Regular Season,N,1,Final,F,New York Yankees,147,5,Baltimore Orioles,110,4,Scott Proctor,Chris Ray,Mariano Rivera,9,Oriole Park at Camden Yards,night,1,3,False,,
41567,2006,2006-08-04,2006-08-04T23:05:00Z,R,Regular Season,N,1,Final,F,Cleveland Indians,114,6,Detroit Tigers,116,7,Roman Colon,Fernando Cabrera,Todd Jones,9,Comerica Park,night,1,3,False,,
41577,2006,2006-08-04,2006-08-04T23:07:00Z,R,Regular Season,N,1,Final,F,Chicago White Sox,145,6,Toronto Blue Jays,141,4,Jon Garland,Roy Halladay,Bobby Jenks,9,Rogers Centre,night,1,3,False,,
41566,2006,2006-08-04,2006-08-04T23:10:00Z,R,Regular Season,N,1,Final,F,Atlanta Braves,144,4,Cincinnati Reds,113,5,Aaron Harang,Chuck James,Eddie Guardado,9,Great American Ball Park,night,1,3,False,,
41571,2006,2006-08-04,2006-08-04T23:10:00Z,R,Regular Season,N,1,Final,F,Philadelphia Phillies,143,5,New York Mets,121,3,Ryan Madson,Darren Oliver,Tom Gordon,9,Shea Stadium,night,1,3,False,,
41576,2006,2006-08-04,2006-08-04T23:15:00Z,R,Regular Season,N,1,Final,F,Boston Red Sox,111,3,Tampa Bay Devil Rays,139,2,Curt Schilling,Seth McClung,Jonathan Papelbon,9,Tropicana Field,night,1,3,False,,
41568,2006,2006-08-04,2006-08-04T23:35:00Z,R,Regular Season,N,1,Final,F,Los Angeles Dodgers,119,6,Florida Marlins,146,2,Derek Lowe,Aníbal Sánchez,,9,Dolphin Stadium,night,1,3,False,,
41569,2006,2006-08-04,2006-08-05T00:10:00Z,R,Regular Season,N,1,Final,F,Minnesota Twins,142,8,Kansas City Royals,118,5,Dennys Reyes,Scott Dohmann,Joe Nathan,10,Kauffman Stadium,night,2,4,False,,
41575,2006,2006-08-04,2006-08-05T00:10:00Z,R,Regular Season,N,1,Final,F,Milwaukee Brewers,158,4,St. Louis Cardinals,138,3,Doug Davis,Chris Carpenter,Francisco Cordero,9,Busch Stadium,night,1,3,False,,
41563,2006,2006-08-04,2006-08-05T01:40:00Z,R,Regular Season,N,1,Final,F,Houston Astros,117,8,Arizona Diamondbacks,109,7,Trever Miller,Ramon Pena,Dan Wheeler,9,Chase Field,night,1,3,False,,
41570,2006,2006-08-04,2006-08-05T02:05:00Z,R,Regular Season,N,1,Final,F,Texas Rangers,140,7,Los Angeles Angels,108,3,Vicente Padilla,John Lackey,,9,Angel Stadium of Anaheim,night,2,4,False,,
41572,2006,2006-08-04,2006-08-05T02:05:00Z,R,Regular Season,N,1,Final,F,Washington Nationals,120,6,San Diego Padres,135,2,Ramón Ortiz,Chris Young,,9,PETCO Park,night,1,3,False,,
41574,2006,2006-08-04,2006-08-05T02:05:00Z,R,Regular Season,N,1,Final,F,Oakland Athletics,133,5,Seattle Mariners,136,2,Barry Zito,Jarrod Washburn,,9,Safeco Field,night,1,3,False,,
41573,2006,2006-08-04,2006-08-05T02:15:00Z,R,Regular Season,N,1,Final,F,Colorado Rockies,115,5,San Francisco Giants,137,2,Jeff Francis,Matt Morris,Brian Fuentes,9,AT&T Park,night,1,3,False,,
41581,2006,2006-08-05,2006-08-05T17:20:00Z,R,Regular Season,N,1,Final,F,Atlanta Braves,144,6,Cincinnati Reds,113,8,David Weathers,Tyler Yates,Bill Bray,9,Great American Ball Park,day,2,3,False,,
41586,2006,2006-08-05,2006-08-05T17:20:00Z,R,Regular Season,N,1,Final,F,Philadelphia Phillies,143,3,New York Mets,121,4,Tom Glavine,Jon Lieber,Billy Wagner,9,Shea Stadium,day,2,3,False,,
41580,2006,2006-08-05,2006-08-05T20:05:00Z,R,Regular Season,N,1,Final,F,Pittsburgh Pirates,134,5,Chicago Cubs,112,7,Mark Prior,Zach Duke,Ryan Dempster,9,Wrigley Field,day,2,3,False,,
41589,2006,2006-08-05,2006-08-05T20:05:00Z,R,Regular Season,N,1,Final,F,Oakland Athletics,133,5,Seattle Mariners,136,2,Dan Haren,Joel Pineiro,Huston Street,9,Safeco Field,day,2,3,False,,
41592,2006,2006-08-05,2006-08-05T20:07:00Z,R,Regular Season,N,1,Final,F,Chicago White Sox,145,7,Toronto Blue Jays,141,1,Javier Vazquez,Francisco Del Rosario,,9,Rogers Centre,day,2,3,False,,
41585,2006,2006-08-05,2006-08-05T20:10:00Z,R,Regular Season,N,1,Final,F,Texas Rangers,140,3,Los Angeles Angels,108,10,Ervin Santana,John Koronka,,9,Angel Stadium of Anaheim,day,3,4,False,,
41579,2006,2006-08-05,2006-08-05T20:35:00Z,R,Regular Season,N,1,Final,F,New York Yankees,147,0,Baltimore Orioles,110,5,Adam Loewen,Mike Mussina,,9,Oriole Park at Camden Yards,day,2,3,False,,
41583,2006,2006-08-05,2006-08-05T22:05:00Z,R,Regular Season,N,1,Final,F,Los Angeles Dodgers,119,10,Florida Marlins,146,2,Chad Billingsley,Josh Johnson,,9,Dolphin Stadium,night,2,3,False,,
41582,2006,2006-08-05,2006-08-05T23:05:00Z,R,Regular Season,N,1,Final,F,Cleveland Indians,114,3,Detroit Tigers,116,4,Joel Zumaya,Roberto Hernandez,,9,Comerica Park,night,2,3,False,,
41584,2006,2006-08-05,2006-08-05T23:10:00Z,R,Regular Season,N,1,Final,F,Minnesota Twins,142,14,Kansas City Royals,118,3,Carlos Silva,Runelvys Hernandez,,9,Kauffman Stadium,night,3,4,False,,
41590,2006,2006-08-05,2006-08-05T23:15:00Z,R,Regular Season,N,1,Final,F,Milwaukee Brewers,158,3,St. Louis Cardinals,138,4,Anthony Reyes,Ben Sheets,Jason Isringhausen,9,Busch Stadium,night,2,3,False,,
41591,2006,2006-08-05,2006-08-05T23:15:00Z,R,Regular Season,N,1,Final,F,Boston Red Sox,111,5,Tampa Bay Devil Rays,139,8,Casey Fossum,David Wells,Brian Meadows,9,Tropicana Field,night,2,3,False,,
41588,2006,2006-08-05,2006-08-06T01:05:00Z,R,Regular Season,N,1,Final,F,Colorado Rockies,115,2,San Francisco Giants,137,1,Jeremy Affeldt,Brad Hennessey,Brian Fuentes,11,AT&T Park,night,2,3,False,,
41578,2006,2006-08-05,2006-08-06T01:40:00Z,R,Regular Season,N,1,Final,F,Houston Astros,117,9,Arizona Diamondbacks,109,3,Roger Clemens,Dustin Nippert,,9,Chase Field,night,2,3,False,,
41587,2006,2006-08-05,2006-08-06T02:05:00Z,R,Regular Season,N,1,Final,F,Washington Nationals,120,3,San Diego Padres,135,6,Alan Embree,Pedro Astacio,Trevor Hoffman,9,PETCO Park,night,2,3,False,,
41597,2006,2006-08-06,2006-08-06T17:05:00Z,R,Regular Season,N,1,Final,F,Cleveland Indians,114,0,Detroit Tigers,116,1,Wilfredo Ledezma,CC Sabathia,Todd Jones,9,Comerica Park,day,3,3,False,,
41598,2006,2006-08-06,2006-08-06T17:05:00Z,R,Regular Season,N,1,Final,F,Los Angeles Dodgers,119,7,Florida Marlins,146,3,Mark Hendrickson,Scott Olsen,,9,Dolphin Stadium,day,3,3,False,,
41607,2006,2006-08-06,2006-08-06T17:07:00Z,R,Regular Season,N,1,Final,F,Chicago White Sox,145,3,Toronto Blue Jays,141,7,A.J. Burnett,Jose Contreras,,9,Rogers Centre,day,3,3,False,,
41596,2006,2006-08-06,2006-08-06T17:15:00Z,R,Regular Season,N,1,Final,F,Atlanta Braves,144,6,Cincinnati Reds,113,4,Macay McBride,Gary Majewski,Bob Wickman,9,Great American Ball Park,day,3,3,False,,
41606,2006,2006-08-06,2006-08-06T17:15:00Z,R,Regular Season,N,1,Final,F,Boston Red Sox,111,6,Tampa Bay Devil Rays,139,7,Shawn Camp,Julian Tavarez,,10,Tropicana Field,day,3,3,False,,
41594,2006,2006-08-06,2006-08-06T17:35:00Z,R,Regular Season,N,1,Final,F,New York Yankees,147,6,Baltimore Orioles,110,1,Jaret Wright,Rodrigo Lopez,Mariano Rivera,9,Oriole Park at Camden Yards,day,3,3,False,,
41599,2006,2006-08-06,2006-08-06T18:10:00Z,R,Regular Season,N,1,Final,F,Minnesota Twins,142,11,Kansas City Royals,118,5,Dennys Reyes,Todd Wellemeyer,,9,Kauffman Stadium,day,4,4,False,,
41605,2006,2006-08-06,2006-08-06T18:15:00Z,R,Regular Season,N,1,Final,F,Milwaukee Brewers,158,1,St. Louis Cardinals,138,7,Jeff Suppan,Chris Capuano,Jorge Sosa,9,Busch Stadium,day,3,3,False,,
41595,2006,2006-08-06,2006-08-06T18:20:00Z,R,Regular Season,N,1,Final,F,Pittsburgh Pirates,134,1,Chicago Cubs,112,6,Rich Hill,Ian Snell,,9,Wrigley Field,day,3,3,False,,
41600,2006,2006-08-06,2006-08-06T19:35:00Z,R,Regular Season,N,1,Final,F,Texas Rangers,140,1,Los Angeles Angels,108,9,Joe Saunders,Adam Eaton,,9,Angel Stadium of Anaheim,day,4,4,False,,
41602,2006,2006-08-06,2006-08-06T20:05:00Z,R,Regular Season,N,1,Final,F,Washington Nationals,120,2,San Diego Padres,135,3,Doug Brocail,Micah Bowie,,10,PETCO Park,day,3,3,False,,
41603,2006,2006-08-06,2006-08-06T20:05:00Z,R,Regular Season,N,1,Final,F,Colorado Rockies,115,2,San Francisco Giants,137,6,Matt Cain,Aaron Cook,,9,AT&T Park,day,3,3,False,,
41604,2006,2006-08-06,2006-08-06T20:05:00Z,R,Regular Season,N,1,Final,F,Oakland Athletics,133,7,Seattle Mariners,136,6,Joe Blanton,Gil Meche,Huston Street,9,Safeco Field,day,3,3,False,,
41593,2006,2006-08-06,2006-08-06T20:40:00Z,R,Regular Season,N,1,Final,F,Houston Astros,117,3,Arizona Diamondbacks,109,4,Claudio Vargas,Andy Pettitte,Jorge Julio,9,Chase Field,day,3,3,False,,
41601,2006,2006-08-06,2006-08-07T00:05:00Z,R,Regular Season,N,1,Final,F,Philadelphia Phillies,143,1,New York Mets,121,8,John Maine,Scott Mathieson,,9,Shea Stadium,night,3,3,False,,
41615,2006,2006-08-07,2006-08-07T17:07:00Z,R,Regular Season,N,1,Final,F,Baltimore Orioles,110,1,Toronto Blue Jays,141,8,Jeremy Accardo,Russ Ortiz,Brandon League,9,Rogers Centre,day,1,3,False,,
40453,2006,2006-08-07,2006-08-07T23:05:00Z,R,Regular Season,N,1,Final,F,Los Angeles Angels,108,6,Chicago White Sox,145,3,Kelvim Escobar,Mark Buehrle,Francisco Rodríguez,9,U.S. Cellular Field,night,1,1,False,,
41609,2006,2006-08-07,2006-08-07T23:05:00Z,R,Regular Season,N,1,Final,F,Philadelphia Phillies,143,9,Atlanta Braves,144,6,Brett Myers,Horacio Ramirez,,9,Turner Field,night,1,3,False,,
41611,2006,2006-08-07,2006-08-07T23:05:00Z,R,Regular Season,N,1,Final,F,Minnesota Twins,142,3,Detroit Tigers,116,9,Zach Miner,Francisco Liriano,,9,Comerica Park,night,1,3,False,,
41610,2006,2006-08-07,2006-08-07T23:10:00Z,R,Regular Season,N,1,Final,F,St. Louis Cardinals,138,13,Cincinnati Reds,113,1,Jeff Weaver,Elizardo Ramirez,,9,Great American Ball Park,night,1,4,False,,
41608,2006,2006-08-07,2006-08-08T01:40:00Z,R,Regular Season,N,1,Final,F,San Francisco Giants,137,8,Arizona Diamondbacks,109,4,Jason Schmidt,Jeff Bajenaru,,9,Chase Field,night,1,3,False,,
41613,2006,2006-08-07,2006-08-08T02:05:00Z,R,Regular Season,N,1,Final,F,Texas Rangers,140,4,Oakland Athletics,133,7,Esteban Loaiza,Edinson Volquez,Kiko Calero,9,McAfee Coliseum,night,1,3,False,,
41614,2006,2006-08-07,2006-08-08T02:05:00Z,R,Regular Season,N,1,Final,F,Tampa Bay Devil Rays,139,4,Seattle Mariners,136,5,Julio Mateo,Tim Corcoran,J.J. Putz,9,Safeco Field,night,1,3,False,,
41612,2006,2006-08-07,2006-08-08T02:10:00Z,R,Regular Season,N,1,Final,F,Colorado Rockies,115,2,Los Angeles Dodgers,119,7,Brad Penny,Josh Fogg,,9,Dodger Stadium,night,1,4,False,,
41620,2006,2006-08-08,2006-08-08T23:05:00Z,R,Regular Season,N,1,Final,F,Los Angeles Angels,108,5,Cleveland Indians,114,4,Brendan Donnelly,Rafael Betancourt,Francisco Rodríguez,9,Jacobs Field,night,1,3,False,,
41621,2006,2006-08-08,2006-08-08T23:05:00Z,R,Regular Season,N,1,Final,F,Minnesota Twins,142,4,Detroit Tigers,116,2,Brad Radke,Nate Robertson,Joe Nathan,9,Comerica Park,night,2,3,False,,
41630,2006,2006-08-08,2006-08-08T23:05:00Z,R,Regular Season,N,1,Final,F,Florida Marlins,146,4,Washington Nationals,120,2,Ricky Nolasco,Tony Armas,Joe Borowski,9,Robert F. Kennedy Memorial Stadium,night,1,3,False,,
41629,2006,2006-08-08,2006-08-08T23:07:00Z,R,Regular Season,N,1,Final,F,Baltimore Orioles,110,8,Toronto Blue Jays,141,4,Daniel Cabrera,Scott Schoeneweis,,9,Rogers Centre,night,2,3,False,,
41619,2006,2006-08-08,2006-08-08T23:10:00Z,R,Regular Season,N,1,Final,F,St. Louis Cardinals,138,3,Cincinnati Reds,113,10,Eric Milton,Jason Marquis,,9,Great American Ball Park,night,2,4,False,,
41626,2006,2006-08-08,2006-08-08T23:10:00Z,R,Regular Season,N,1,Final,F,San Diego Padres,135,2,New York Mets,121,3,Steve Trachsel,Woody Williams,Billy Wagner,9,Shea Stadium,night,1,3,False,,
41617,2006,2006-08-08,2006-08-08T23:35:00Z,R,Regular Season,N,1,Final,F,Philadelphia Phillies,143,1,Atlanta Braves,144,3,Tim Hudson,Cole Hamels,Bob Wickman,9,Turner Field,night,2,3,False,,
41618,2006,2006-08-08,2006-08-09T00:05:00Z,R,Regular Season,N,1,Final,F,New York Yankees,147,5,Chicago White Sox,145,6,Bobby Jenks,Scott Proctor,,11,U.S. Cellular Field,night,1,3,False,,
41622,2006,2006-08-08,2006-08-09T00:05:00Z,R,Regular Season,N,1,Final,F,Pittsburgh Pirates,134,1,Houston Astros,117,3,Brandon Backe,Paul Maholm,Brad Lidge,9,Minute Maid Park,night,1,3,False,,
41625,2006,2006-08-08,2006-08-09T00:05:00Z,R,Regular Season,N,1,Final,F,Chicago Cubs,112,6,Milwaukee Brewers,158,3,Carlos Marmol,Tomo Ohka,Ryan Dempster,9,Miller Park,night,1,3,False,,
41623,2006,2006-08-08,2006-08-09T00:10:00Z,R,Regular Season,N,1,Final,F,Boston Red Sox,111,4,Kansas City Royals,118,6,Luke Hudson,Jon Lester,Ambiorix Burgos,9,Kauffman Stadium,night,1,3,False,,
41616,2006,2006-08-08,2006-08-09T01:40:00Z,R,Regular Season,N,1,Final,F,San Francisco Giants,137,1,Arizona Diamondbacks,109,5,Juan Cruz,Jamey Wright,,9,Chase Field,night,2,3,False,,
41627,2006,2006-08-08,2006-08-09T02:05:00Z,R,Regular Season,N,1,Final,F,Texas Rangers,140,6,Oakland Athletics,133,7,Kirk Saarloos,Kevin Millwood,Huston Street,9,McAfee Coliseum,night,2,3,False,,
41628,2006,2006-08-08,2006-08-09T02:05:00Z,R,Regular Season,N,1,Final,F,Tampa Bay Devil Rays,139,1,Seattle Mariners,136,5,Julio Mateo,Shawn Camp,,10,Safeco Field,night,2,3,False,,
41624,2006,2006-08-08,2006-08-09T02:10:00Z,R,Regular Season,N,1,Final,F,Colorado Rockies,115,2,Los Angeles Dodgers,119,4,Brett Tomko,Byung-Hyun Kim,Takashi Saito,9,Dodger Stadium,night,2,4,False,,
41644,2006,2006-08-09,2006-08-09T16:37:00Z,R,Regular Season,N,1,Final,F,Baltimore Orioles,110,3,Toronto Blue Jays,141,4,Roy Halladay,Erik Bedard,B.J. Ryan,9,Rogers Centre,day,3,3,False,,
41632,2006,2006-08-09,2006-08-09T17:05:00Z,R,Regular Season,N,1,Final,F,Philadelphia Phillies,143,9,Atlanta Braves,144,3,Rick White,Tyler Yates,,9,Turner Field,day,3,3,False,,
41642,2006,2006-08-09,2006-08-09T19:35:00Z,R,Regular Season,N,1,Final,F,Texas Rangers,140,14,Oakland Athletics,133,0,Vicente Padilla,Barry Zito,,9,McAfee Coliseum,day,3,3,False,,
41643,2006,2006-08-09,2006-08-09T20:35:00Z,R,Regular Season,N,1,Final,F,Tampa Bay Devil Rays,139,0,Seattle Mariners,136,2,Jarrod Washburn,James Shields,J.J. Putz,9,Safeco Field,day,3,3,False,,
41635,2006,2006-08-09,2006-08-09T23:05:00Z,R,Regular Season,N,1,Final,F,Los Angeles Angels,108,0,Cleveland Indians,114,4,Jake Westbrook,John Lackey,,9,Jacobs Field,night,2,3,False,,
41636,2006,2006-08-09,2006-08-09T23:05:00Z,R,Regular Season,N,1,Final,F,Minnesota Twins,142,4,Detroit Tigers,116,3,Johan Santana,Joel Zumaya,Joe Nathan,9,Comerica Park,night,3,3,False,,
41645,2006,2006-08-09,2006-08-09T23:05:00Z,R,Regular Season,N,1,Final,F,Florida Marlins,146,2,Washington Nationals,120,5,Ramón Ortiz,Dontrelle Willis,Chad Cordero,9,Robert F. Kennedy Memorial Stadium,night,2,3,False,,
41634,2006,2006-08-09,2006-08-09T23:10:00Z,R,Regular Season,N,1,Final,F,St. Louis Cardinals,138,7,Cincinnati Reds,113,8,Ryan Franklin,Jason Isringhausen,,9,Great American Ball Park,night,3,4,False,,
41641,2006,2006-08-09,2006-08-09T23:10:00Z,R,Regular Season,N,1,Final,F,San Diego Padres,135,3,New York Mets,121,4,Pedro Martínez,Clay Hensley,Billy Wagner,9,Shea Stadium,night,2,3,False,,
41633,2006,2006-08-09,2006-08-10T00:05:00Z,R,Regular Season,N,1,Final,F,New York Yankees,147,7,Chicago White Sox,145,6,Randy Johnson,Jon Garland,Mariano Rivera,9,U.S. Cellular Field,night,2,3,False,,
41637,2006,2006-08-09,2006-08-10T00:05:00Z,R,Regular Season,N,1,Final,F,Pittsburgh Pirates,134,1,Houston Astros,117,14,Roy Oswalt,Shawn Chacon,,9,Minute Maid Park,night,2,3,False,,
41640,2006,2006-08-09,2006-08-10T00:05:00Z,R,Regular Season,N,1,Final,F,Chicago Cubs,112,3,Milwaukee Brewers,158,6,Dave Bush,Carlos Zambrano,Francisco Cordero,9,Miller Park,night,2,3,False,,
41638,2006,2006-08-09,2006-08-10T00:10:00Z,R,Regular Season,N,1,Final,F,Boston Red Sox,111,4,Kansas City Royals,118,5,Scott Dohmann,Jonathan Papelbon,,9,Kauffman Stadium,night,2,3,False,,
41631,2006,2006-08-09,2006-08-10T01:40:00Z,R,Regular Season,N,1,Final,F,San Francisco Giants,137,3,Arizona Diamondbacks,109,5,Miguel Batista,Matt Morris,Jorge Julio,9,Chase Field,night,3,3,False,,
41639,2006,2006-08-09,2006-08-10T02:10:00Z,R,Regular Season,N,1,Final,F,Colorado Rockies,115,3,Los Angeles Dodgers,119,1,Jeremy Affeldt,Derek Lowe,Brian Fuentes,9,Dodger Stadium,night,3,4,False,,
41654,2006,2006-08-10,2006-08-10T16:10:00Z,R,Regular Season,N,1,Final,F,San Diego Padres,135,3,New York Mets,121,7,Orlando Hernandez,Doug Brocail,,9,Shea Stadium,day,3,3,False,,
41647,2006,2006-08-10,2006-08-10T16:35:00Z,R,Regular Season,N,1,Final,F,St. Louis Cardinals,138,6,Cincinnati Reds,113,1,Anthony Reyes,Bronson Arroyo,,9,Great American Ball Park,day,4,4,False,,
41652,2006,2006-08-10,2006-08-10T18:05:00Z,R,Regular Season,N,1,Final,F,Chicago Cubs,112,6,Milwaukee Brewers,158,8,Doug Davis,Mark Prior,Francisco Cordero,9,Miller Park,day,3,3,False,,
41648,2006,2006-08-10,2006-08-10T23:05:00Z,R,Regular Season,N,1,Final,F,Los Angeles Angels,108,2,Cleveland Indians,114,14,Cliff Lee,Ervin Santana,,9,Jacobs Field,night,3,3,False,,
41656,2006,2006-08-10,2006-08-10T23:05:00Z,R,Regular Season,N,1,Final,F,Florida Marlins,146,9,Washington Nationals,120,6,Brian Moehler,Ryan Wagner,Joe Borowski,9,Robert F. Kennedy Memorial Stadium,night,3,3,False,,
41646,2006,2006-08-10,2006-08-11T00:05:00Z,R,Regular Season,N,1,Final,F,New York Yankees,147,4,Chicago White Sox,145,5,Javier Vazquez,Mike Mussina,Bobby Jenks,9,U.S. Cellular Field,night,3,3,False,,
41649,2006,2006-08-10,2006-08-11T00:05:00Z,R,Regular Season,N,1,Final,F,Pittsburgh Pirates,134,2,Houston Astros,117,5,Roger Clemens,Tom Gorzelanny,,9,Minute Maid Park,night,3,3,False,,
41655,2006,2006-08-10,2006-08-11T00:05:00Z,R,Regular Season,N,1,Final,F,Seattle Mariners,136,2,Texas Rangers,140,8,Adam Eaton,Joel Pineiro,,9,Ameriquest Field,night,1,4,False,,
41650,2006,2006-08-10,2006-08-11T00:10:00Z,R,Regular Season,N,1,Final,F,Boston Red Sox,111,4,Kansas City Royals,118,5,Andrew Sisco,Curt Schilling,Ambiorix Burgos,9,Kauffman Stadium,night,3,3,False,,
41653,2006,2006-08-10,2006-08-11T00:10:00Z,R,Regular Season,N,1,Final,F,Toronto Blue Jays,141,5,Minnesota Twins,142,0,Ted Lilly,Carlos Silva,,9,Hubert H. Humphrey Metrodome,night,1,4,False,,
41651,2006,2006-08-10,2006-08-11T02:10:00Z,R,Regular Season,N,1,Final,F,Colorado Rockies,115,3,Los Angeles Dodgers,119,4,Takashi Saito,Jose Mesa,,9,Dodger Stadium,night,4,4,False,,
41659,2006,2006-08-11,2006-08-11T23:05:00Z,R,Regular Season,N,1,Final,F,Baltimore Orioles,110,2,Boston Red Sox,111,9,David Wells,Adam Loewen,,9,Fenway Park,night,1,3,False,,
41661,2006,2006-08-11,2006-08-11T23:05:00Z,R,Regular Season,N,1,Final,F,Kansas City Royals,118,3,Cleveland Indians,114,4,Fernando Cabrera,Ambiorix Burgos,,9,Jacobs Field,night,1,4,False,,
41666,2006,2006-08-11,2006-08-11T23:05:00Z,R,Regular Season,N,1,Final,F,Los Angeles Angels,108,7,New York Yankees,147,4,Joe Saunders,Cory Lidle,Francisco Rodríguez,9,Yankee Stadium I,night,1,4,False,,
41668,2006,2006-08-11,2006-08-11T23:05:00Z,R,Regular Season,N,1,Final,F,Cincinnati Reds,113,5,Philadelphia Phillies,143,6,Aaron Fultz,Elizardo Ramirez,,14,Citizens Bank Park,night,1,3,False,,
41669,2006,2006-08-11,2006-08-11T23:05:00Z,R,Regular Season,N,1,Final,F,St. Louis Cardinals,138,1,Pittsburgh Pirates,134,7,Zach Duke,Jeff Suppan,,9,PNC Park,night,1,3,False,,
41671,2006,2006-08-11,2006-08-11T23:05:00Z,R,Regular Season,N,1,Final,F,New York Mets,121,1,Washington Nationals,120,2,Billy Traber,Tom Glavine,Chad Cordero,9,Robert F. Kennedy Memorial Stadium,night,1,3,False,,
41658,2006,2006-08-11,2006-08-11T23:35:00Z,R,Regular Season,N,1,Final,F,Milwaukee Brewers,158,1,Atlanta Braves,144,2,John Smoltz,Derrick Turnbow,,9,Turner Field,night,1,3,False,,
41663,2006,2006-08-11,2006-08-12T00:05:00Z,R,Regular Season,N,1,Final,F,San Diego Padres,135,2,Houston Astros,117,4,Andy Pettitte,Chan Ho Park,Brad Lidge,9,Minute Maid Park,night,1,3,False,,
41665,2006,2006-08-11,2006-08-12T00:10:00Z,R,Regular Season,N,1,Final,F,Toronto Blue Jays,141,7,Minnesota Twins,142,1,A.J. Burnett,Matt Garza,,9,Hubert H. Humphrey Metrodome,night,2,4,False,,
41660,2006,2006-08-11,2006-08-12T00:35:00Z,R,Regular Season,N,1,Final,F,Detroit Tigers,116,0,Chicago White Sox,145,5,Jose Contreras,Justin Verlander,,9,U.S. Cellular Field,night,1,3,False,,
41670,2006,2006-08-11,2006-08-12T00:35:00Z,R,Regular Season,N,1,Final,F,Seattle Mariners,136,7,Texas Rangers,140,14,Wes Littleton,Gil Meche,,9,Ameriquest Field,night,2,4,False,,
41662,2006,2006-08-11,2006-08-12T01:05:00Z,R,Regular Season,N,1,Final,F,Chicago Cubs,112,2,Colorado Rockies,115,10,Aaron Cook,Rich Hill,,9,Coors Field,night,1,3,False,,
41657,2006,2006-08-11,2006-08-12T01:40:00Z,R,Regular Season,N,1,Final,F,Florida Marlins,146,4,Arizona Diamondbacks,109,1,Josh Johnson,Livan Hernandez,Joe Borowski,9,Chase Field,night,1,3,False,,
41667,2006,2006-08-11,2006-08-12T02:05:00Z,R,Regular Season,N,1,Final,F,Tampa Bay Devil Rays,139,2,Oakland Athletics,133,5,Dan Haren,Scott Kazmir,Huston Street,9,McAfee Coliseum,night,1,3,False,,
41664,2006,2006-08-11,2006-08-12T02:40:00Z,R,Regular Season,N,1,Final,F,San Francisco Giants,137,2,Los Angeles Dodgers,119,3,Brett Tomko,Mike Stanton,Jonathan Broxton,9,Dodger Stadium,night,1,3,False,,
40511,2006,2006-08-12,2006-08-12T17:05:00Z,R,Regular Season,S,1,Final,F,Kansas City Royals,118,4,Cleveland Indians,114,5,Rafael Betancourt,Joe Nelson,,9,Jacobs Field,day,2,4,False,,
41675,2006,2006-08-12,2006-08-12T17:20:00Z,R,Regular Season,N,1,Final,F,Detroit Tigers,116,3,Chicago White Sox,145,4,Mike MacDougal,Kenny Rogers,Bobby Jenks,9,U.S. Cellular Field,day,2,3,False,,
41681,2006,2006-08-12,2006-08-12T17:20:00Z,R,Regular Season,N,1,Final,F,Los Angeles Angels,108,2,New York Yankees,147,5,Jaret Wright,Kelvim Escobar,Mariano Rivera,9,Yankee Stadium I,day,2,4,False,,
41674,2006,2006-08-12,2006-08-12T17:25:00Z,R,Regular Season,N,1,Final,F,Baltimore Orioles,110,7,Boston Red Sox,111,8,Jonathan Papelbon,Bruce Chen,,10,Fenway Park,day,2,3,False,,
41679,2006,2006-08-12,2006-08-12T20:10:00Z,R,Regular Season,N,1,Final,F,San Francisco Giants,137,5,Los Angeles Dodgers,119,6,Brad Penny,Matt Cain,Takashi Saito,9,Dodger Stadium,day,2,3,False,,
41673,2006,2006-08-12,2006-08-12T23:05:00Z,R,Regular Season,N,1,Final,F,Milwaukee Brewers,158,8,Atlanta Braves,144,5,Ben Sheets,Kevin Barry,Francisco Cordero,9,Turner Field,night,2,3,False,,
41676,2006,2006-08-12,2006-08-12T23:05:00Z,R,Regular Season,S,2,Final,F,Kansas City Royals,118,5,Cleveland Indians,114,6,Brian Sikorski,Jimmy Gobble,,9,Jacobs Field,night,3,4,False,,
41678,2006,2006-08-12,2006-08-12T23:05:00Z,R,Regular Season,N,1,Final,F,San Diego Padres,135,6,Houston Astros,117,3,Jake Peavy,Jason Hirsh,Trevor Hoffman,9,Minute Maid Park,night,2,3,False,,
41683,2006,2006-08-12,2006-08-12T23:05:00Z,R,Regular Season,N,1,Final,F,Cincinnati Reds,113,9,Philadelphia Phillies,143,7,Chris Michalak,Tom Gordon,Eddie Guardado,9,Citizens Bank Park,night,2,3,False,,
41684,2006,2006-08-12,2006-08-12T23:05:00Z,R,Regular Season,N,1,Final,F,St. Louis Cardinals,138,2,Pittsburgh Pirates,134,3,Ian Snell,Jeff Weaver,Michael Gonzalez,9,PNC Park,night,2,3,False,,
41686,2006,2006-08-12,2006-08-12T23:05:00Z,R,Regular Season,N,1,Final,F,New York Mets,121,6,Washington Nationals,120,4,Pedro Feliciano,Chris Schroder,Billy Wagner,9,Robert F. Kennedy Memorial Stadium,night,2,3,False,,
41680,2006,2006-08-12,2006-08-12T23:10:00Z,R,Regular Season,N,1,Final,F,Toronto Blue Jays,141,4,Minnesota Twins,142,0,Scott Downs,Boof Bonser,,9,Hubert H. Humphrey Metrodome,night,3,4,False,,
41677,2006,2006-08-12,2006-08-13T00:05:00Z,R,Regular Season,N,1,Final,F,Chicago Cubs,112,4,Colorado Rockies,115,8,Josh Fogg,Angel Guzman,,9,Coors Field,night,2,3,False,,
41685,2006,2006-08-12,2006-08-13T00:05:00Z,R,Regular Season,N,1,Final,F,Seattle Mariners,136,4,Texas Rangers,140,5,Edinson Volquez,Jamie Moyer,Akinori Otsuka,9,Ameriquest Field,night,3,4,False,,
41682,2006,2006-08-12,2006-08-13T01:05:00Z,R,Regular Season,N,1,Final,F,Tampa Bay Devil Rays,139,3,Oakland Athletics,133,6,Joe Blanton,Casey Fossum,Huston Street,9,McAfee Coliseum,night,2,3,False,,
41672,2006,2006-08-12,2006-08-13T01:40:00Z,R,Regular Season,N,1,Final,F,Florida Marlins,146,3,Arizona Diamondbacks,109,6,Brandon Webb,Scott Olsen,Jorge Julio,9,Chase Field,night,2,3,False,,
41688,2006,2006-08-13,2006-08-13T17:05:00Z,R,Regular Season,N,1,Final,F,Milwaukee Brewers,158,4,Atlanta Braves,144,7,Chad Paronto,Matt Wise,Bob Wickman,9,Turner Field,day,3,3,False,,
41691,2006,2006-08-13,2006-08-13T17:05:00Z,R,Regular Season,N,1,Final,F,Kansas City Royals,118,0,Cleveland Indians,114,13,Jeremy Sowers,Luke Hudson,,9,Jacobs Field,day,4,4,False,,
41696,2006,2006-08-13,2006-08-13T17:05:00Z,R,Regular Season,N,1,Final,F,Los Angeles Angels,108,5,New York Yankees,147,3,Jered Weaver,Chien-Ming Wang,Francisco Rodríguez,9,Yankee Stadium I,day,3,4,False,,
41701,2006,2006-08-13,2006-08-13T17:05:00Z,R,Regular Season,N,1,Final,F,New York Mets,121,3,Washington Nationals,120,1,Chad Bradford,Jon Rauch,Billy Wagner,9,Robert F. Kennedy Memorial Stadium,day,3,3,False,,
41698,2006,2006-08-13,2006-08-13T17:35:00Z,R,Regular Season,N,1,Final,F,Cincinnati Reds,113,7,Philadelphia Phillies,143,5,Bill Bray,Ryan Madson,,11,Citizens Bank Park,day,3,3,False,,
41699,2006,2006-08-13,2006-08-13T17:35:00Z,R,Regular Season,N,1,Final,F,St. Louis Cardinals,138,0,Pittsburgh Pirates,134,7,Paul Maholm,Jason Marquis,,9,PNC Park,day,3,3,False,,
41689,2006,2006-08-13,2006-08-13T18:05:00Z,R,Regular Season,N,1,Final,F,Baltimore Orioles,110,9,Boston Red Sox,111,11,Jon Lester,Daniel Cabrera,Jonathan Papelbon,9,Fenway Park,day,3,3,False,,
41690,2006,2006-08-13,2006-08-13T18:05:00Z,R,Regular Season,N,1,Final,F,Detroit Tigers,116,3,Chicago White Sox,145,7,Freddy Garcia,Zach Miner,Bobby Jenks,9,U.S. Cellular Field,day,3,3,False,,
41693,2006,2006-08-13,2006-08-13T18:05:00Z,R,Regular Season,N,1,Final,F,San Diego Padres,135,7,Houston Astros,117,2,Woody Williams,Brandon Backe,,9,Minute Maid Park,day,3,3,False,,
41695,2006,2006-08-13,2006-08-13T18:10:00Z,R,Regular Season,N,1,Final,F,Toronto Blue Jays,141,0,Minnesota Twins,142,5,Brad Radke,Shaun Marcum,,9,Hubert H. Humphrey Metrodome,day,4,4,False,,
41692,2006,2006-08-13,2006-08-13T19:05:00Z,R,Regular Season,N,1,Final,F,Chicago Cubs,112,8,Colorado Rockies,115,7,Roberto Novoa,Manny Corpas,Ryan Dempster,9,Coors Field,day,3,3,False,,
41697,2006,2006-08-13,2006-08-13T20:05:00Z,R,Regular Season,N,1,Final,F,Tampa Bay Devil Rays,139,1,Oakland Athletics,133,3,Esteban Loaiza,Tim Corcoran,Huston Street,9,McAfee Coliseum,day,3,3,False,,
41687,2006,2006-08-13,2006-08-13T20:40:00Z,R,Regular Season,N,1,Final,F,Florida Marlins,146,6,Arizona Diamondbacks,109,5,Ricky Nolasco,Enrique Gonzalez,Joe Borowski,9,Chase Field,day,3,3,False,,
41694,2006,2006-08-13,2006-08-14T00:05:00Z,R,Regular Season,N,1,Final,F,San Francisco Giants,137,0,Los Angeles Dodgers,119,1,Takashi Saito,Vinnie Chulk,,10,Dodger Stadium,night,3,3,False,,
41700,2006,2006-08-13,2006-08-14T00:05:00Z,R,Regular Season,N,1,Final,F,Seattle Mariners,136,6,Texas Rangers,140,10,Kevin Millwood,Félix Hernández,,9,Ameriquest Field,night,4,4,False,,
41702,2006,2006-08-14,2006-08-14T23:05:00Z,R,Regular Season,N,1,Final,F,Detroit Tigers,116,7,Boston Red Sox,111,4,Nate Robertson,Josh Beckett,Todd Jones,9,Fenway Park,night,1,3,False,,
41707,2006,2006-08-14,2006-08-14T23:05:00Z,R,Regular Season,N,1,Final,F,Los Angeles Angels,108,2,New York Yankees,147,7,Randy Johnson,John Lackey,,9,Yankee Stadium I,night,4,4,False,,
41709,2006,2006-08-14,2006-08-14T23:05:00Z,R,Regular Season,N,1,Final,F,New York Mets,121,0,Philadelphia Phillies,143,13,Cole Hamels,Pedro Martínez,,9,Citizens Bank Park,night,1,4,False,,
41710,2006,2006-08-14,2006-08-14T23:05:00Z,R,Regular Season,N,1,Final,F,Milwaukee Brewers,158,2,Pittsburgh Pirates,134,4,Victor Santos,Dave Bush,Michael Gonzalez,9,PNC Park,night,1,3,False,,
41712,2006,2006-08-14,2006-08-14T23:05:00Z,R,Regular Season,N,1,Final,F,Atlanta Braves,144,10,Washington Nationals,120,4,Chuck James,Ramón Ortiz,,9,Robert F. Kennedy Memorial Stadium,night,1,4,False,,
41703,2006,2006-08-14,2006-08-15T00:05:00Z,R,Regular Season,N,1,Final,F,Kansas City Royals,118,2,Chicago White Sox,145,12,Jon Garland,Mark Redman,,9,U.S. Cellular Field,night,1,4,False,,
41705,2006,2006-08-14,2006-08-15T00:05:00Z,R,Regular Season,N,1,Final,F,Chicago Cubs,112,3,Houston Astros,117,0,Carlos Zambrano,Roy Oswalt,Ryan Dempster,9,Minute Maid Park,night,1,3,False,,
41704,2006,2006-08-14,2006-08-15T01:05:00Z,R,Regular Season,N,1,Final,F,Arizona Diamondbacks,109,3,Colorado Rockies,115,4,Jeremy Affeldt,Ramon Pena,,9,Coors Field,night,1,4,False,,
41708,2006,2006-08-14,2006-08-15T02:05:00Z,R,Regular Season,N,1,Final,F,Seattle Mariners,136,4,Oakland Athletics,133,5,Joe Kennedy,Rafael Soriano,Justin Duchscherer,9,McAfee Coliseum,night,1,3,False,,
41711,2006,2006-08-14,2006-08-15T02:05:00Z,R,Regular Season,N,1,Final,F,San Francisco Giants,137,1,San Diego Padres,135,0,Brad Hennessey,Clay Hensley,Armando Benítez,9,PETCO Park,night,1,4,False,,
41706,2006,2006-08-14,2006-08-15T02:10:00Z,R,Regular Season,N,1,Final,F,Florida Marlins,146,2,Los Angeles Dodgers,119,4,Derek Lowe,Dontrelle Willis,Giovanni Carrara,9,Dodger Stadium,night,1,3,False,,
41713,2006,2006-08-15,2006-08-15T23:05:00Z,R,Regular Season,N,1,Final,F,Detroit Tigers,116,3,Boston Red Sox,111,2,Fernando Rodney,Mike Timlin,Todd Jones,9,Fenway Park,night,2,3,False,,
41719,2006,2006-08-15,2006-08-15T23:05:00Z,R,Regular Season,N,1,Final,F,Baltimore Orioles,110,3,New York Yankees,147,6,Scott Proctor,LaTroy Hawkins,Mariano Rivera,9,Yankee Stadium I,night,1,3,False,,
41721,2006,2006-08-15,2006-08-15T23:05:00Z,R,Regular Season,N,1,Final,F,New York Mets,121,4,Philadelphia Phillies,143,11,Randy Wolf,Orlando Hernandez,,9,Citizens Bank Park,night,2,4,False,,
41722,2006,2006-08-15,2006-08-15T23:05:00Z,R,Regular Season,N,1,Final,F,Milwaukee Brewers,158,6,Pittsburgh Pirates,134,3,Doug Davis,Damaso Marte,Francisco Cordero,9,PNC Park,night,2,3,False,,
41727,2006,2006-08-15,2006-08-15T23:05:00Z,R,Regular Season,N,1,Final,F,Atlanta Braves,144,0,Washington Nationals,120,5,Pedro Astacio,Lance Cormier,,9,Robert F. Kennedy Memorial Stadium,night,2,4,False,,
41725,2006,2006-08-15,2006-08-15T23:15:00Z,R,Regular Season,N,1,Final,F,Toronto Blue Jays,141,4,Tampa Bay Devil Rays,139,3,Roy Halladay,Brian Meadows,B.J. Ryan,9,Tropicana Field,night,1,3,False,,
41714,2006,2006-08-15,2006-08-16T00:05:00Z,R,Regular Season,N,1,Final,F,Kansas City Royals,118,4,Chicago White Sox,145,2,Runelvys Hernandez,Javier Vazquez,Joe Nelson,9,U.S. Cellular Field,night,2,4,False,,
41716,2006,2006-08-15,2006-08-16T00:05:00Z,R,Regular Season,N,1,Final,F,Chicago Cubs,112,8,Houston Astros,117,6,Rich Hill,Dave Borkowski,,18,Minute Maid Park,night,2,3,False,,
41726,2006,2006-08-15,2006-08-16T00:05:00Z,R,Regular Season,N,1,Final,F,Los Angeles Angels,108,9,Texas Rangers,140,7,Hector Carrasco,Wes Littleton,Francisco Rodríguez,9,Ameriquest Field,night,1,2,False,,
41718,2006,2006-08-15,2006-08-16T00:10:00Z,R,Regular Season,N,1,Final,F,Cleveland Indians,114,1,Minnesota Twins,142,4,Johan Santana,Jake Westbrook,,9,Hubert H. Humphrey Metrodome,night,1,3,False,,
41724,2006,2006-08-15,2006-08-16T00:10:00Z,R,Regular Season,N,1,Final,F,Cincinnati Reds,113,0,St. Louis Cardinals,138,5,Chris Carpenter,Aaron Harang,,9,Busch Stadium,night,1,3,False,,
41715,2006,2006-08-15,2006-08-16T01:05:00Z,R,Regular Season,N,1,Final,F,Arizona Diamondbacks,109,2,Colorado Rockies,115,1,Brandon Medders,Ramon E Ramirez,,18,Coors Field,night,2,4,False,,
41720,2006,2006-08-15,2006-08-16T02:05:00Z,R,Regular Season,N,1,Final,F,Seattle Mariners,136,2,Oakland Athletics,133,11,Kirk Saarloos,Joel Pineiro,,9,McAfee Coliseum,night,2,3,False,,
41723,2006,2006-08-15,2006-08-16T02:05:00Z,R,Regular Season,N,1,Final,F,San Francisco Giants,137,3,San Diego Padres,135,2,Mike Stanton,Scott Linebrink,Armando Benítez,9,PETCO Park,night,2,4,False,,
41717,2006,2006-08-15,2006-08-16T02:10:00Z,R,Regular Season,N,1,Final,F,Florida Marlins,146,0,Los Angeles Dodgers,119,4,Chad Billingsley,Randy Messenger,,9,Dodger Stadium,night,2,3,False,,
41737,2006,2006-08-16,2006-08-16T16:35:00Z,R,Regular Season,N,1,Final,F,Milwaukee Brewers,158,5,Pittsburgh Pirates,134,2,Geremi Gonzalez,Damaso Marte,Francisco Cordero,13,PNC Park,day,3,3,False,,
41731,2006,2006-08-16,2006-08-16T18:05:00Z,R,Regular Season,N,1,Final,F,Chicago Cubs,112,1,Houston Astros,117,0,Ryan O'Malley,Andy Pettitte,Bob Howry,9,Minute Maid Park,day,3,3,False,,
41732,2006,2006-08-16,2006-08-16T19:10:00Z,R,Regular Season,N,1,Final,F,Florida Marlins,146,15,Los Angeles Dodgers,119,4,Josh Johnson,Mark Hendrickson,,9,Dodger Stadium,day,3,3,False,,
41728,2006,2006-08-16,2006-08-16T23:05:00Z,R,Regular Season,N,1,Final,F,Detroit Tigers,116,4,Boston Red Sox,111,6,David Wells,Justin Verlander,Jonathan Papelbon,9,Fenway Park,night,3,3,False,,
41734,2006,2006-08-16,2006-08-16T23:05:00Z,R,Regular Season,N,1,Final,F,Baltimore Orioles,110,3,New York Yankees,147,2,Adam Loewen,Cory Lidle,Chris Ray,9,Yankee Stadium I,night,2,3,False,,
41736,2006,2006-08-16,2006-08-16T23:05:00Z,R,Regular Season,N,1,Final,F,New York Mets,121,0,Philadelphia Phillies,143,3,Jon Lieber,Tom Glavine,,9,Citizens Bank Park,night,3,4,False,,
41742,2006,2006-08-16,2006-08-16T23:05:00Z,R,Regular Season,N,1,Final,F,Atlanta Braves,144,6,Washington Nationals,120,9,Billy Traber,John Smoltz,Chad Cordero,9,Robert F. Kennedy Memorial Stadium,night,3,4,False,,
41740,2006,2006-08-16,2006-08-16T23:15:00Z,R,Regular Season,N,1,Final,F,Toronto Blue Jays,141,3,Tampa Bay Devil Rays,139,8,James Shields,Ted Lilly,,9,Tropicana Field,night,2,3,False,,
41729,2006,2006-08-16,2006-08-17T00:05:00Z,R,Regular Season,N,1,Final,F,Kansas City Royals,118,10,Chicago White Sox,145,4,Adam Bernero,Jose Contreras,,9,U.S. Cellular Field,night,3,4,False,,
41741,2006,2006-08-16,2006-08-17T00:05:00Z,R,Regular Season,N,1,Final,F,Los Angeles Angels,108,3,Texas Rangers,140,9,Adam Eaton,Joe Saunders,,9,Ameriquest Field,night,2,2,False,,
41733,2006,2006-08-16,2006-08-17T00:10:00Z,R,Regular Season,N,1,Final,F,Cleveland Indians,114,2,Minnesota Twins,142,7,Pat Neshek,Roberto Hernandez,,9,Hubert H. Humphrey Metrodome,night,2,3,False,,
41739,2006,2006-08-16,2006-08-17T00:10:00Z,R,Regular Season,N,1,Final,F,Cincinnati Reds,113,7,St. Louis Cardinals,138,2,Bronson Arroyo,Anthony Reyes,,9,Busch Stadium,night,2,3,False,,
41730,2006,2006-08-16,2006-08-17T01:05:00Z,R,Regular Season,N,1,Final,F,Arizona Diamondbacks,109,9,Colorado Rockies,115,5,Livan Hernandez,Aaron Cook,,9,Coors Field,night,3,4,False,,
41735,2006,2006-08-16,2006-08-17T02:05:00Z,R,Regular Season,N,1,Final,F,Seattle Mariners,136,0,Oakland Athletics,133,4,Dan Haren,Gil Meche,,9,McAfee Coliseum,night,3,3,False,,
41738,2006,2006-08-16,2006-08-17T02:05:00Z,R,Regular Season,N,1,Final,F,San Francisco Giants,137,7,San Diego Padres,135,5,Steve Kline,Alan Embree,Mike Stanton,13,PETCO Park,night,3,4,False,,
41749,2006,2006-08-17,2006-08-17T17:05:00Z,R,Regular Season,N,1,Final,F,Baltimore Orioles,110,12,New York Yankees,147,2,Rodrigo Lopez,Jaret Wright,,9,Yankee Stadium I,day,3,3,False,,
41750,2006,2006-08-17,2006-08-17T17:05:00Z,R,Regular Season,N,1,Final,F,New York Mets,121,7,Philadelphia Phillies,143,2,John Maine,Scott Mathieson,,9,Citizens Bank Park,day,4,4,False,,
41754,2006,2006-08-17,2006-08-17T17:05:00Z,R,Regular Season,N,1,Final,F,Atlanta Braves,144,5,Washington Nationals,120,0,Oscar Villarreal,Jason Bergmann,,9,Robert F. Kennedy Memorial Stadium,day,4,4,False,,
41748,2006,2006-08-17,2006-08-17T17:10:00Z,R,Regular Season,N,1,Final,F,Cleveland Indians,114,3,Minnesota Twins,142,2,Paul Byrd,Matt Garza,,9,Hubert H. Humphrey Metrodome,day,3,3,False,,
41743,2006,2006-08-17,2006-08-17T18:05:00Z,R,Regular Season,N,1,Final,F,Kansas City Royals,118,4,Chicago White Sox,145,5,Mark Buehrle,Odalis Perez,Bobby Jenks,9,U.S. Cellular Field,day,4,4,False,,
41752,2006,2006-08-17,2006-08-17T18:10:00Z,R,Regular Season,N,1,Final,F,Cincinnati Reds,113,1,St. Louis Cardinals,138,2,Jason Isringhausen,Ryan Franklin,,9,Busch Stadium,day,3,3,False,,
41744,2006,2006-08-17,2006-08-17T19:05:00Z,R,Regular Season,N,1,Final,F,Arizona Diamondbacks,109,4,Colorado Rockies,115,8,Josh Fogg,Brandon Webb,,9,Coors Field,day,4,4,False,,
41751,2006,2006-08-17,2006-08-17T19:35:00Z,R,Regular Season,N,1,Final,F,San Francisco Giants,137,8,San Diego Padres,135,4,Matt Cain,Jake Peavy,,9,PETCO Park,day,4,4,False,,
41745,2006,2006-08-17,2006-08-17T23:05:00Z,R,Regular Season,N,1,Final,F,Texas Rangers,140,2,Detroit Tigers,116,4,Kenny Rogers,Edinson Volquez,Todd Jones,9,Comerica Park,night,1,4,False,,
41753,2006,2006-08-17,2006-08-17T23:15:00Z,R,Regular Season,N,1,Final,F,Toronto Blue Jays,141,6,Tampa Bay Devil Rays,139,2,A.J. Burnett,Brian Meadows,,9,Tropicana Field,night,3,3,False,,
41747,2006,2006-08-17,2006-08-18T00:05:00Z,R,Regular Season,N,1,Final,F,Houston Astros,117,7,Milwaukee Brewers,158,3,Jason Hirsh,Ben Sheets,,9,Miller Park,night,1,4,False,,
41746,2006,2006-08-17,2006-08-18T02:05:00Z,R,Regular Season,N,1,Final,F,Seattle Mariners,136,2,Los Angeles Angels,108,5,Kelvim Escobar,Jamie Moyer,Francisco Rodríguez,9,Angel Stadium of Anaheim,night,1,4,False,,
40329,2006,2006-08-18,2006-08-18T17:05:00Z,R,Regular Season,S,1,Final,F,New York Yankees,147,12,Boston Red Sox,111,4,Chien-Ming Wang,Jason Johnson,,9,Fenway Park,day,1,5,False,,
41757,2006,2006-08-18,2006-08-18T18:20:00Z,R,Regular Season,N,1,Final,F,St. Louis Cardinals,138,11,Chicago Cubs,112,3,Jason Marquis,Carlos Marmol,,9,Wrigley Field,day,1,3,False,,
41761,2006,2006-08-18,2006-08-18T21:10:00Z,R,Regular Season,Y,1,Final,F,Oakland Athletics,133,1,Kansas City Royals,118,7,Luke Hudson,Joe Blanton,,9,Kauffman Stadium,night,1,4,False,,
40288,2006,2006-08-18,2006-08-18T21:15:00Z,R,Regular Season,Y,2,Final,F,Oakland Athletics,133,3,Kansas City Royals,118,5,Ambiorix Burgos,Huston Street,Joe Nelson,9,Kauffman Stadium,night,2,4,False,,
41755,2006,2006-08-18,2006-08-18T23:05:00Z,R,Regular Season,N,1,Final,F,Toronto Blue Jays,141,2,Baltimore Orioles,110,7,Kris Benson,Scott Downs,,9,Oriole Park at Camden Yards,night,1,3,False,,
41759,2006,2006-08-18,2006-08-18T23:05:00Z,R,Regular Season,N,1,Final,F,Texas Rangers,140,2,Detroit Tigers,116,1,Kevin Millwood,Zach Miner,Akinori Otsuka,9,Comerica Park,night,2,4,False,,
41766,2006,2006-08-18,2006-08-18T23:05:00Z,R,Regular Season,N,1,Final,F,Washington Nationals,120,6,Philadelphia Phillies,143,4,Tony Armas,Brett Myers,Chad Cordero,9,Citizens Bank Park,night,1,3,False,,
41758,2006,2006-08-18,2006-08-18T23:10:00Z,R,Regular Season,N,1,Final,F,Pittsburgh Pirates,134,7,Cincinnati Reds,113,3,Ian Snell,Chris Michalak,,9,Great American Ball Park,night,1,3,False,,
41765,2006,2006-08-18,2006-08-18T23:10:00Z,R,Regular Season,N,1,Final,F,Colorado Rockies,115,3,New York Mets,121,6,Steve Trachsel,Byung-Hyun Kim,Billy Wagner,9,Shea Stadium,night,1,3,False,,
41769,2006,2006-08-18,2006-08-18T23:15:00Z,R,Regular Season,N,1,Final,F,Cleveland Indians,114,5,Tampa Bay Devil Rays,139,6,Seth McClung,Brian Sikorski,,9,Tropicana Field,night,1,3,False,,
41760,2006,2006-08-18,2006-08-18T23:35:00Z,R,Regular Season,N,1,Final,F,Atlanta Braves,144,6,Florida Marlins,146,1,Tim Hudson,Scott Olsen,,9,Dolphin Stadium,night,1,3,False,,
41756,2006,2006-08-18,2006-08-19T00:05:00Z,R,Regular Season,S,2,Final,F,New York Yankees,147,14,Boston Red Sox,111,11,Mike Myers,Mike Timlin,,9,Fenway Park,night,2,5,False,,
41763,2006,2006-08-18,2006-08-19T00:05:00Z,R,Regular Season,N,1,Final,F,Houston Astros,117,2,Milwaukee Brewers,158,3,Francisco Cordero,Brad Lidge,,9,Miller Park,night,2,4,False,,
41764,2006,2006-08-18,2006-08-19T00:10:00Z,R,Regular Season,N,1,Final,F,Chicago White Sox,145,3,Minnesota Twins,142,7,Pat Neshek,Freddy Garcia,,9,Hubert H. Humphrey Metrodome,night,1,3,False,,
41762,2006,2006-08-18,2006-08-19T02:05:00Z,R,Regular Season,N,1,Final,F,Seattle Mariners,136,0,Los Angeles Angels,108,3,Jered Weaver,Félix Hernández,Francisco Rodríguez,9,Angel Stadium of Anaheim,night,2,4,False,,
41767,2006,2006-08-18,2006-08-19T02:05:00Z,R,Regular Season,N,1,Final,F,Arizona Diamondbacks,109,2,San Diego Padres,135,8,Woody Williams,Enrique Gonzalez,,9,PETCO Park,night,1,3,False,,
41768,2006,2006-08-18,2006-08-19T02:15:00Z,R,Regular Season,N,1,Final,F,Los Angeles Dodgers,119,3,San Francisco Giants,137,7,Jason Schmidt,Brad Penny,,9,AT&T Park,night,1,3,False,,
41771,2006,2006-08-19,2006-08-19T17:20:00Z,R,Regular Season,N,1,Final,F,New York Yankees,147,13,Boston Red Sox,111,5,Randy Johnson,Josh Beckett,,9,Fenway Park,day,3,5,False,,
41772,2006,2006-08-19,2006-08-19T17:20:00Z,R,Regular Season,N,1,Final,F,St. Louis Cardinals,138,4,Chicago Cubs,112,5,Michael Wuertz,Jason Isringhausen,,10,Wrigley Field,day,2,3,False,,
41782,2006,2006-08-19,2006-08-19T20:05:00Z,R,Regular Season,N,1,Final,F,Arizona Diamondbacks,109,5,San Diego Padres,135,3,Claudio Vargas,Mike Thompson,Ramon Pena,9,PETCO Park,day,2,3,False,,
41770,2006,2006-08-19,2006-08-19T20:35:00Z,R,Regular Season,N,1,Final,F,Toronto Blue Jays,141,0,Baltimore Orioles,110,15,Daniel Cabrera,Shaun Marcum,,9,Oriole Park at Camden Yards,day,2,3,False,,
41775,2006,2006-08-19,2006-08-19T22:05:00Z,R,Regular Season,N,1,Final,F,Atlanta Braves,144,5,Florida Marlins,146,3,Chuck James,Ricky Nolasco,Bob Wickman,9,Dolphin Stadium,night,2,3,False,,
41773,2006,2006-08-19,2006-08-19T22:10:00Z,R,Regular Season,N,1,Final,F,Pittsburgh Pirates,134,7,Cincinnati Reds,113,14,Ryan Franklin,Salomon Torres,,9,Great American Ball Park,night,2,3,False,,
41774,2006,2006-08-19,2006-08-19T23:05:00Z,R,Regular Season,N,1,Final,F,Texas Rangers,140,3,Detroit Tigers,116,1,Robinson Tejeda,Nate Robertson,Akinori Otsuka,9,Comerica Park,night,3,4,False,,
41778,2006,2006-08-19,2006-08-19T23:05:00Z,R,Regular Season,N,1,Final,F,Houston Astros,117,4,Milwaukee Brewers,158,6,Dave Bush,Wandy Rodriguez,Francisco Cordero,9,Miller Park,night,3,4,False,,
41781,2006,2006-08-19,2006-08-19T23:05:00Z,R,Regular Season,N,1,Final,F,Washington Nationals,120,2,Philadelphia Phillies,143,11,Cole Hamels,Ramón Ortiz,,9,Citizens Bank Park,night,2,3,False,,
41776,2006,2006-08-19,2006-08-19T23:10:00Z,R,Regular Season,N,1,Final,F,Oakland Athletics,133,7,Kansas City Royals,118,2,Barry Zito,Mark Redman,,9,Kauffman Stadium,night,3,4,False,,
41779,2006,2006-08-19,2006-08-19T23:10:00Z,R,Regular Season,N,1,Final,F,Chicago White Sox,145,4,Minnesota Twins,142,1,Jon Garland,Brad Radke,Bobby Jenks,9,Hubert H. Humphrey Metrodome,night,2,3,False,,
41784,2006,2006-08-19,2006-08-19T23:15:00Z,R,Regular Season,N,1,Final,F,Cleveland Indians,114,5,Tampa Bay Devil Rays,139,3,Jeremy Sowers,Tim Corcoran,Tom Mastny,9,Tropicana Field,night,2,3,False,,
41780,2006,2006-08-19,2006-08-19T23:35:00Z,R,Regular Season,N,1,Final,F,Colorado Rockies,115,4,New York Mets,121,7,Aaron Heilman,Jeff Francis,Billy Wagner,9,Shea Stadium,night,2,3,False,,
41783,2006,2006-08-19,2006-08-20T01:05:00Z,R,Regular Season,N,1,Final,F,Los Angeles Dodgers,119,14,San Francisco Giants,137,7,Greg Maddux,Brad Hennessey,,9,AT&T Park,night,2,3,False,,
41777,2006,2006-08-19,2006-08-20T02:05:00Z,R,Regular Season,N,1,Final,F,Seattle Mariners,136,7,Los Angeles Angels,108,9,Hector Carrasco,Jarrod Washburn,Francisco Rodríguez,9,Angel Stadium of Anaheim,night,3,4,False,,
41789,2006,2006-08-20,2006-08-20T17:05:00Z,R,Regular Season,N,1,Final,F,Texas Rangers,140,7,Detroit Tigers,116,6,Joaquín Benoit,Jason Grilli,Akinori Otsuka,9,Comerica Park,day,4,4,False,,
41790,2006,2006-08-20,2006-08-20T17:05:00Z,R,Regular Season,N,1,Final,F,Atlanta Braves,144,3,Florida Marlins,146,4,Dontrelle Willis,Tyler Yates,Joe Borowski,9,Dolphin Stadium,day,3,3,False,,
41795,2006,2006-08-20,2006-08-20T17:10:00Z,R,Regular Season,N,1,Final,F,Colorado Rockies,115,0,New York Mets,121,2,Orlando Hernandez,Jason Jennings,Billy Wagner,9,Shea Stadium,day,3,3,False,,
41788,2006,2006-08-20,2006-08-20T17:15:00Z,R,Regular Season,N,1,Final,F,Pittsburgh Pirates,134,1,Cincinnati Reds,113,5,Aaron Harang,Victor Santos,,9,Great American Ball Park,day,3,3,False,,
41799,2006,2006-08-20,2006-08-20T17:15:00Z,R,Regular Season,N,1,Final,F,Cleveland Indians,114,9,Tampa Bay Devil Rays,139,4,Jake Westbrook,Chad Orvella,,9,Tropicana Field,day,3,3,False,,
41785,2006,2006-08-20,2006-08-20T17:35:00Z,R,Regular Season,N,1,Final,F,Toronto Blue Jays,141,9,Baltimore Orioles,110,2,Roy Halladay,Erik Bedard,,9,Oriole Park at Camden Yards,day,3,3,False,,
41796,2006,2006-08-20,2006-08-20T17:35:00Z,R,Regular Season,N,1,Final,F,Washington Nationals,120,10,Philadelphia Phillies,143,12,Randy Wolf,Pedro Astacio,Arthur Rhodes,9,Citizens Bank Park,day,3,3,False,,
41793,2006,2006-08-20,2006-08-20T18:05:00Z,R,Regular Season,N,1,Final,F,Houston Astros,117,3,Milwaukee Brewers,158,1,Roger Clemens,Doug Davis,Dan Wheeler,9,Miller Park,day,4,4,False,,
41791,2006,2006-08-20,2006-08-20T18:10:00Z,R,Regular Season,N,1,Final,F,Oakland Athletics,133,6,Kansas City Royals,118,4,Kirk Saarloos,Runelvys Hernandez,,9,Kauffman Stadium,day,4,4,False,,
41794,2006,2006-08-20,2006-08-20T18:10:00Z,R,Regular Season,N,1,Final,F,Chicago White Sox,145,3,Minnesota Twins,142,7,Johan Santana,Javier Vazquez,,9,Hubert H. Humphrey Metrodome,day,3,3,False,,
41787,2006,2006-08-20,2006-08-20T18:20:00Z,R,Regular Season,N,1,Final,F,St. Louis Cardinals,138,5,Chicago Cubs,112,3,Chris Carpenter,Juan Mateo,Jason Isringhausen,9,Wrigley Field,day,3,3,False,,
41792,2006,2006-08-20,2006-08-20T19:35:00Z,R,Regular Season,N,1,Final,F,Seattle Mariners,136,2,Los Angeles Angels,108,3,Brendan Donnelly,J.J. Putz,,9,Angel Stadium of Anaheim,day,4,4,False,,
41797,2006,2006-08-20,2006-08-20T20:05:00Z,R,Regular Season,N,1,Final,F,Arizona Diamondbacks,109,1,San Diego Padres,135,2,Cla Meredith,Brandon Medders,,10,PETCO Park,day,3,3,False,,
41798,2006,2006-08-20,2006-08-20T20:05:00Z,R,Regular Season,N,1,Final,F,Los Angeles Dodgers,119,5,San Francisco Giants,137,2,Derek Lowe,Matt Morris,Takashi Saito,9,AT&T Park,day,3,3,False,,
41786,2006,2006-08-20,2006-08-21T00:05:00Z,R,Regular Season,N,1,Final,F,New York Yankees,147,8,Boston Red Sox,111,5,Mariano Rivera,Craig Hansen,,10,Fenway Park,night,4,5,False,,
41801,2006,2006-08-21,2006-08-21T17:05:00Z,R,Regular Season,N,1,Final,F,New York Yankees,147,2,Boston Red Sox,111,1,Cory Lidle,David Wells,Kyle Farnsworth,9,Fenway Park,day,5,5,False,,
41800,2006,2006-08-21,2006-08-21T23:05:00Z,R,Regular Season,N,1,Final,F,Pittsburgh Pirates,134,0,Atlanta Braves,144,3,John Smoltz,Zach Duke,Bob Wickman,9,Turner Field,night,1,3,False,,
41804,2006,2006-08-21,2006-08-21T23:05:00Z,R,Regular Season,N,1,Final,F,Chicago White Sox,145,1,Detroit Tigers,116,7,Justin Verlander,Jose Contreras,,9,Comerica Park,night,1,4,False,,
41805,2006,2006-08-21,2006-08-21T23:05:00Z,R,Regular Season,N,1,Final,F,Washington Nationals,120,1,Florida Marlins,146,3,Aníbal Sánchez,Billy Traber,Joe Borowski,9,Dolphin Stadium,night,1,3,False,,
41809,2006,2006-08-21,2006-08-21T23:07:00Z,R,Regular Season,N,1,Final,F,Oakland Athletics,133,12,Toronto Blue Jays,141,10,Dan Haren,Brandon League,Justin Duchscherer,9,Rogers Centre,night,1,3,False,,
41803,2006,2006-08-21,2006-08-21T23:10:00Z,R,Regular Season,N,1,Final,F,Houston Astros,117,3,Cincinnati Reds,113,4,Ryan Franklin,Chad Qualls,Scott Schoeneweis,9,Great American Ball Park,night,1,3,False,,
41808,2006,2006-08-21,2006-08-21T23:15:00Z,R,Regular Season,N,1,Final,F,Texas Rangers,140,3,Tampa Bay Devil Rays,139,4,James Shields,Adam Eaton,Seth McClung,9,Tropicana Field,night,1,4,False,,
41802,2006,2006-08-21,2006-08-22T00:05:00Z,R,Regular Season,N,1,Final,F,Philadelphia Phillies,143,6,Chicago Cubs,112,5,Jon Lieber,Rich Hill,Arthur Rhodes,9,Wrigley Field,night,1,4,False,,
41806,2006,2006-08-21,2006-08-22T02:05:00Z,R,Regular Season,N,1,Final,F,Los Angeles Dodgers,119,2,San Diego Padres,135,4,Tim Stauffer,Elmer Dessens,Trevor Hoffman,9,PETCO Park,night,1,3,False,,
41807,2006,2006-08-21,2006-08-22T02:15:00Z,R,Regular Season,N,1,Final,F,Arizona Diamondbacks,109,0,San Francisco Giants,137,5,Noah Lowry,Livan Hernandez,,9,AT&T Park,night,1,3,False,,
41811,2006,2006-08-22,2006-08-22T23:05:00Z,R,Regular Season,N,1,Final,F,Minnesota Twins,142,3,Baltimore Orioles,110,6,Adam Loewen,Carlos Silva,Chris Ray,9,Oriole Park at Camden Yards,night,1,3,False,,
41814,2006,2006-08-22,2006-08-22T23:05:00Z,R,Regular Season,N,1,Final,F,Chicago White Sox,145,0,Detroit Tigers,116,4,Kenny Rogers,Mark Buehrle,,9,Comerica Park,night,2,4,False,,
41815,2006,2006-08-22,2006-08-22T23:05:00Z,R,Regular Season,N,1,Final,F,Washington Nationals,120,5,Florida Marlins,146,7,Taylor Tankersley,Ryan Wagner,Joe Borowski,9,Dolphin Stadium,night,2,3,False,,
41824,2006,2006-08-22,2006-08-22T23:07:00Z,R,Regular Season,N,1,Final,F,Oakland Athletics,133,3,Toronto Blue Jays,141,4,A.J. Burnett,Brad Halsey,B.J. Ryan,9,Rogers Centre,night,2,3,False,,
41813,2006,2006-08-22,2006-08-22T23:10:00Z,R,Regular Season,N,1,Final,F,Houston Astros,117,0,Cincinnati Reds,113,14,Kyle Lohse,Jason Hirsh,,9,Great American Ball Park,night,2,3,False,,
41819,2006,2006-08-22,2006-08-22T23:10:00Z,R,Regular Season,N,1,Final,F,St. Louis Cardinals,138,7,New York Mets,121,8,Aaron Heilman,Jason Isringhausen,,9,Shea Stadium,night,1,3,False,,
41823,2006,2006-08-22,2006-08-22T23:15:00Z,R,Regular Season,N,1,Final,F,Texas Rangers,140,3,Tampa Bay Devil Rays,139,5,Shawn Camp,Vicente Padilla,Seth McClung,9,Tropicana Field,night,2,4,False,,
41810,2006,2006-08-22,2006-08-22T23:35:00Z,R,Regular Season,N,1,Final,F,Pittsburgh Pirates,134,5,Atlanta Braves,144,3,Damaso Marte,Danys Baez,Michael Gonzalez,9,Turner Field,night,2,3,False,,
41812,2006,2006-08-22,2006-08-23T00:05:00Z,R,Regular Season,N,1,Final,F,Philadelphia Phillies,143,6,Chicago Cubs,112,3,Jamie Moyer,Ryan O'Malley,Ryan Madson,9,Wrigley Field,night,2,4,False,,
41818,2006,2006-08-22,2006-08-23T00:05:00Z,R,Regular Season,N,1,Final,F,Colorado Rockies,115,1,Milwaukee Brewers,158,4,Chris Capuano,Aaron Cook,Francisco Cordero,9,Miller Park,night,1,3,False,,
41816,2006,2006-08-22,2006-08-23T00:10:00Z,R,Regular Season,N,1,Final,F,Cleveland Indians,114,2,Kansas City Royals,118,5,Odalis Perez,Cliff Lee,Joe Nelson,9,Kauffman Stadium,night,1,3,False,,
41817,2006,2006-08-22,2006-08-23T02:05:00Z,R,Regular Season,N,1,Final,F,Boston Red Sox,111,3,Los Angeles Angels,108,4,Scot Shields,Kason Gabbard,Francisco Rodríguez,9,Angel Stadium of Anaheim,night,1,3,False,,
41820,2006,2006-08-22,2006-08-23T02:05:00Z,R,Regular Season,N,1,Final,F,Los Angeles Dodgers,119,0,San Diego Padres,135,1,Jake Peavy,Mark Hendrickson,Trevor Hoffman,9,PETCO Park,night,2,3,False,,
41822,2006,2006-08-22,2006-08-23T02:05:00Z,R,Regular Season,N,1,Final,F,New York Yankees,147,5,Seattle Mariners,136,6,Julio Mateo,Ron Villone,,9,Safeco Field,night,1,3,False,,
41821,2006,2006-08-22,2006-08-23T02:15:00Z,R,Regular Season,N,1,Final,F,Arizona Diamondbacks,109,6,San Francisco Giants,137,7,Mike Stanton,Ramon Pena,Steve Kline,9,AT&T Park,night,2,3,False,,
41828,2006,2006-08-23,2006-08-23T16:35:00Z,R,Regular Season,N,1,Final,F,Houston Astros,117,7,Cincinnati Reds,113,3,Roy Oswalt,Todd Coffey,,9,Great American Ball Park,day,3,3,False,,
41836,2006,2006-08-23,2006-08-23T19:35:00Z,R,Regular Season,N,1,Final,F,Arizona Diamondbacks,109,6,San Francisco Giants,137,7,Steve Kline,Brandon Lyon,Armando Benítez,9,AT&T Park,day,3,3,False,,
41826,2006,2006-08-23,2006-08-23T23:05:00Z,R,Regular Season,N,1,Final,F,Minnesota Twins,142,4,Baltimore Orioles,110,1,Matt Garza,Rodrigo Lopez,Joe Nathan,9,Oriole Park at Camden Yards,night,2,3,False,,
41829,2006,2006-08-23,2006-08-23T23:05:00Z,R,Regular Season,N,1,Final,F,Chicago White Sox,145,7,Detroit Tigers,116,5,Freddy Garcia,Zach Miner,Bobby Jenks,9,Comerica Park,night,3,4,False,,
41830,2006,2006-08-23,2006-08-23T23:05:00Z,R,Regular Season,N,1,Final,F,Washington Nationals,120,7,Florida Marlins,146,9,Scott Olsen,Tony Armas,,9,Dolphin Stadium,night,3,3,False,,
41839,2006,2006-08-23,2006-08-23T23:07:00Z,R,Regular Season,N,1,Final,F,Oakland Athletics,133,6,Toronto Blue Jays,141,0,Esteban Loaiza,Gustavo Chacín,,9,Rogers Centre,night,3,3,False,,
41834,2006,2006-08-23,2006-08-23T23:10:00Z,R,Regular Season,N,1,Final,F,St. Louis Cardinals,138,8,New York Mets,121,10,Steve Trachsel,Mark Mulder,Billy Wagner,9,Shea Stadium,night,2,3,False,,
41838,2006,2006-08-23,2006-08-23T23:15:00Z,R,Regular Season,N,1,Final,F,Texas Rangers,140,3,Tampa Bay Devil Rays,139,7,Shawn Camp,Kevin Millwood,,9,Tropicana Field,night,3,4,False,,
41825,2006,2006-08-23,2006-08-23T23:35:00Z,R,Regular Season,N,1,Final,F,Pittsburgh Pirates,134,5,Atlanta Braves,144,4,Matt Capps,Chad Paronto,Michael Gonzalez,9,Turner Field,night,3,3,False,,
41827,2006,2006-08-23,2006-08-24T00:05:00Z,R,Regular Season,N,1,Final,F,Philadelphia Phillies,143,2,Chicago Cubs,112,1,Brett Myers,Bob Howry,Geoff Geary,9,Wrigley Field,night,3,4,False,,
41833,2006,2006-08-23,2006-08-24T00:05:00Z,R,Regular Season,N,1,Final,F,Colorado Rockies,115,1,Milwaukee Brewers,158,7,Ben Sheets,Byung-Hyun Kim,,9,Miller Park,night,2,3,False,,
41831,2006,2006-08-23,2006-08-24T00:10:00Z,R,Regular Season,N,1,Final,F,Cleveland Indians,114,15,Kansas City Royals,118,13,Rafael Betancourt,Andrew Sisco,Tom Mastny,10,Kauffman Stadium,night,2,3,False,,
41832,2006,2006-08-23,2006-08-24T02:05:00Z,R,Regular Season,N,1,Final,F,Boston Red Sox,111,5,Los Angeles Angels,108,4,Jon Lester,Kelvim Escobar,Jonathan Papelbon,9,Angel Stadium of Anaheim,night,2,3,False,,
41835,2006,2006-08-23,2006-08-24T02:05:00Z,R,Regular Season,N,1,Final,F,Los Angeles Dodgers,119,2,San Diego Padres,135,7,Woody Williams,Brad Penny,,9,PETCO Park,night,3,3,False,,
41837,2006,2006-08-23,2006-08-24T02:05:00Z,R,Regular Season,N,1,Final,F,New York Yankees,147,9,Seattle Mariners,136,2,Chien-Ming Wang,Félix Hernández,,9,Safeco Field,night,2,3,False,,
41842,2006,2006-08-24,2006-08-24T17:05:00Z,R,Regular Season,N,1,Final,F,Chicago White Sox,145,10,Detroit Tigers,116,0,Jon Garland,Nate Robertson,,9,Comerica Park,day,4,4,False,,
41845,2006,2006-08-24,2006-08-24T18:05:00Z,R,Regular Season,N,1,Final,F,Colorado Rockies,115,6,Milwaukee Brewers,158,12,Tomo Ohka,Josh Fogg,,9,Miller Park,day,3,3,False,,
41841,2006,2006-08-24,2006-08-24T18:20:00Z,R,Regular Season,N,1,Final,F,Philadelphia Phillies,143,2,Chicago Cubs,112,11,Carlos Zambrano,Cole Hamels,,9,Wrigley Field,day,4,4,False,,
41840,2006,2006-08-24,2006-08-24T23:05:00Z,R,Regular Season,N,1,Final,F,Minnesota Twins,142,11,Baltimore Orioles,110,2,Boof Bonser,Kris Benson,,9,Oriole Park at Camden Yards,night,3,3,False,,
41847,2006,2006-08-24,2006-08-24T23:05:00Z,R,Regular Season,N,1,Final,F,Houston Astros,117,3,Pittsburgh Pirates,134,5,Paul Maholm,Wandy Rodriguez,Michael Gonzalez,9,PNC Park,night,1,4,False,,
41846,2006,2006-08-24,2006-08-24T23:10:00Z,R,Regular Season,N,1,Final,F,St. Louis Cardinals,138,2,New York Mets,121,6,Dave Williams,Jason Marquis,,9,Shea Stadium,night,3,3,False,,
41850,2006,2006-08-24,2006-08-24T23:15:00Z,R,Regular Season,N,1,Final,F,Texas Rangers,140,4,Tampa Bay Devil Rays,139,3,Robinson Tejeda,Tim Corcoran,Akinori Otsuka,9,Tropicana Field,night,4,4,False,,
41843,2006,2006-08-24,2006-08-25T00:10:00Z,R,Regular Season,N,1,Final,F,Cleveland Indians,114,8,Kansas City Royals,118,4,CC Sabathia,Jimmy Gobble,,9,Kauffman Stadium,night,3,3,False,,
41844,2006,2006-08-24,2006-08-25T02:05:00Z,R,Regular Season,N,1,Final,F,Boston Red Sox,111,2,Los Angeles Angels,108,1,Josh Beckett,Jered Weaver,Jonathan Papelbon,9,Angel Stadium of Anaheim,night,3,3,False,,
41849,2006,2006-08-24,2006-08-25T02:05:00Z,R,Regular Season,N,1,Final,F,New York Yankees,147,2,Seattle Mariners,136,4,Jarrod Washburn,Randy Johnson,J.J. Putz,9,Safeco Field,night,3,3,False,,
41848,2006,2006-08-24,2006-08-25T02:15:00Z,R,Regular Season,N,1,Final,F,Cincinnati Reds,113,6,San Francisco Giants,137,3,Ryan Franklin,Vinnie Chulk,David Weathers,9,AT&T Park,night,1,4,False,,
41853,2006,2006-08-25,2006-08-25T23:05:00Z,R,Regular Season,N,1,Final,F,Tampa Bay Devil Rays,139,0,Baltimore Orioles,110,4,Daniel Cabrera,Jason Hammel,Chris Ray,9,Oriole Park at Camden Yards,night,1,3,False,,
41855,2006,2006-08-25,2006-08-25T23:05:00Z,R,Regular Season,N,1,Final,F,Detroit Tigers,116,2,Cleveland Indians,114,4,Jeremy Sowers,Jeremy Bonderman,Rafael Betancourt,9,Jacobs Field,night,1,3,False,,
41860,2006,2006-08-25,2006-08-25T23:05:00Z,R,Regular Season,N,1,Final,F,Houston Astros,117,5,Pittsburgh Pirates,134,1,Roger Clemens,Victor Santos,,9,PNC Park,night,2,4,False,,
41865,2006,2006-08-25,2006-08-25T23:07:00Z,R,Regular Season,N,1,Final,F,Kansas City Royals,118,3,Toronto Blue Jays,141,6,Shaun Marcum,Luke Hudson,B.J. Ryan,9,Rogers Centre,night,1,3,False,,
41859,2006,2006-08-25,2006-08-25T23:10:00Z,R,Regular Season,N,1,Final,F,Philadelphia Phillies,143,4,New York Mets,121,3,Randy Wolf,Brian Bannister,Ryan Madson,9,Shea Stadium,night,1,3,False,,
41852,2006,2006-08-25,2006-08-25T23:35:00Z,R,Regular Season,N,1,Final,F,Washington Nationals,120,7,Atlanta Braves,144,6,Ryan Wagner,Chad Paronto,Saul Rivera,9,Turner Field,night,1,3,False,,
41857,2006,2006-08-25,2006-08-25T23:35:00Z,R,Regular Season,N,1,Final,F,Milwaukee Brewers,158,5,Florida Marlins,146,6,Brian Moehler,Dave Bush,Joe Borowski,9,Dolphin Stadium,night,1,4,False,,
41863,2006,2006-08-25,2006-08-26T00:10:00Z,R,Regular Season,N,1,Final,F,Chicago Cubs,112,0,St. Louis Cardinals,138,2,Jeff Suppan,Juan Mateo,Jason Isringhausen,9,Busch Stadium,night,1,3,False,,
41854,2006,2006-08-25,2006-08-26T00:35:00Z,R,Regular Season,N,1,Final,F,Minnesota Twins,142,5,Chicago White Sox,145,4,Jesse Crain,Mike MacDougal,Joe Nathan,9,U.S. Cellular Field,night,1,3,False,,
41864,2006,2006-08-25,2006-08-26T00:35:00Z,R,Regular Season,N,1,Final,F,Oakland Athletics,133,9,Texas Rangers,140,3,Barry Zito,Edinson Volquez,,9,Ameriquest Field,night,1,3,False,,
41856,2006,2006-08-25,2006-08-26T01:05:00Z,R,Regular Season,N,1,Final,F,San Diego Padres,135,5,Colorado Rockies,115,13,Jeff Francis,Mike Thompson,,9,Coors Field,night,1,3,False,,
41851,2006,2006-08-25,2006-08-26T01:40:00Z,R,Regular Season,N,1,Final,F,Los Angeles Dodgers,119,7,Arizona Diamondbacks,109,9,Brandon Lyon,Aaron Sele,,15,Chase Field,night,1,3,False,,
41858,2006,2006-08-25,2006-08-26T02:05:00Z,R,Regular Season,N,1,Final,F,New York Yankees,147,5,Los Angeles Angels,108,6,Francisco Rodríguez,Mike Myers,,9,Angel Stadium of Anaheim,night,1,3,False,,
41862,2006,2006-08-25,2006-08-26T02:05:00Z,R,Regular Season,N,1,Final,F,Boston Red Sox,111,0,Seattle Mariners,136,6,Jake Woods,Curt Schilling,,9,Safeco Field,night,1,3,False,,
41861,2006,2006-08-25,2006-08-26T02:15:00Z,R,Regular Season,N,1,Final,F,Cincinnati Reds,113,1,San Francisco Giants,137,4,Matt Morris,Aaron Harang,,9,AT&T Park,night,2,4,False,,
41867,2006,2006-08-26,2006-08-26T17:20:00Z,R,Regular Season,N,1,Final,F,Washington Nationals,120,1,Atlanta Braves,144,10,John Smoltz,Pedro Astacio,,9,Turner Field,day,2,3,False,,
41878,2006,2006-08-26,2006-08-26T17:20:00Z,R,Regular Season,N,1,Final,F,Chicago Cubs,112,1,St. Louis Cardinals,138,2,Randy Flores,Roberto Novoa,,9,Busch Stadium,day,2,3,False,,
41876,2006,2006-08-26,2006-08-26T20:05:00Z,R,Regular Season,N,1,Final,F,Cincinnati Reds,113,1,San Francisco Giants,137,4,Noah Lowry,Bronson Arroyo,Mike Stanton,9,AT&T Park,day,3,4,False,,
41880,2006,2006-08-26,2006-08-26T20:07:00Z,R,Regular Season,N,1,Final,F,Kansas City Royals,118,2,Toronto Blue Jays,141,0,Runelvys Hernandez,Roy Halladay,,9,Rogers Centre,day,2,3,False,,
41873,2006,2006-08-26,2006-08-26T20:10:00Z,R,Regular Season,N,1,Final,F,New York Yankees,147,7,Los Angeles Angels,108,12,Ervin Santana,Brian Bruney,Francisco Rodríguez,9,Angel Stadium of Anaheim,day,2,3,False,,
41868,2006,2006-08-26,2006-08-26T20:35:00Z,R,Regular Season,N,1,Final,F,Tampa Bay Devil Rays,139,2,Baltimore Orioles,110,3,Chris Ray,Shawn Camp,,9,Oriole Park at Camden Yards,day,2,3,False,,
41872,2006,2006-08-26,2006-08-26T22:05:00Z,R,Regular Season,N,1,Final,F,Milwaukee Brewers,158,2,Florida Marlins,146,7,Dontrelle Willis,Doug Davis,,9,Dolphin Stadium,night,2,4,False,,
41869,2006,2006-08-26,2006-08-26T23:05:00Z,R,Regular Season,N,1,Final,F,Minnesota Twins,142,8,Chicago White Sox,145,7,Willie Eyre,Matt Thornton,,11,U.S. Cellular Field,night,2,3,False,,
41870,2006,2006-08-26,2006-08-26T23:05:00Z,R,Regular Season,N,1,Final,F,Detroit Tigers,116,5,Cleveland Indians,114,8,Jake Westbrook,Justin Verlander,Tom Mastny,9,Jacobs Field,night,2,3,False,,
41875,2006,2006-08-26,2006-08-26T23:05:00Z,R,Regular Season,N,1,Final,F,Houston Astros,117,7,Pittsburgh Pirates,134,4,Andy Pettitte,Zach Duke,Brad Lidge,9,PNC Park,night,3,4,False,,
41874,2006,2006-08-26,2006-08-26T23:10:00Z,R,Regular Season,N,1,Final,F,Philadelphia Phillies,143,5,New York Mets,121,11,Pedro Feliciano,Rick White,,9,Shea Stadium,night,2,3,False,,
41871,2006,2006-08-26,2006-08-27T00:05:00Z,R,Regular Season,N,1,Final,F,San Diego Padres,135,5,Colorado Rockies,115,2,Clay Hensley,Jason Jennings,Trevor Hoffman,9,Coors Field,night,2,3,False,,
41879,2006,2006-08-26,2006-08-27T00:05:00Z,R,Regular Season,N,1,Final,F,Oakland Athletics,133,5,Texas Rangers,140,3,Joe Blanton,Adam Eaton,Justin Duchscherer,9,Ameriquest Field,night,2,3,False,,
41866,2006,2006-08-26,2006-08-27T01:40:00Z,R,Regular Season,N,1,Final,F,Los Angeles Dodgers,119,4,Arizona Diamondbacks,109,3,Jonathan Broxton,Luis Vizcaino,Takashi Saito,9,Chase Field,night,2,3,False,,
41877,2006,2006-08-26,2006-08-27T02:05:00Z,R,Regular Season,N,1,Final,F,Boston Red Sox,111,3,Seattle Mariners,136,4,J.J. Putz,Mike Timlin,,9,Safeco Field,night,2,3,False,,
41882,2006,2006-08-27,2006-08-27T17:05:00Z,R,Regular Season,N,1,Final,F,Washington Nationals,120,6,Atlanta Braves,144,13,Macay McBride,Billy Traber,,9,Turner Field,day,3,3,False,,
41885,2006,2006-08-27,2006-08-27T17:05:00Z,R,Regular Season,N,1,Final,F,Detroit Tigers,116,7,Cleveland Indians,114,1,Kenny Rogers,Cliff Lee,,9,Jacobs Field,day,3,3,False,,
41887,2006,2006-08-27,2006-08-27T17:05:00Z,R,Regular Season,N,1,Final,F,Milwaukee Brewers,158,3,Florida Marlins,146,4,Joe Borowski,Brian Shouse,,9,Dolphin Stadium,day,3,4,False,,
41895,2006,2006-08-27,2006-08-27T17:07:00Z,R,Regular Season,N,1,Final,F,Kansas City Royals,118,6,Toronto Blue Jays,141,10,Ted Lilly,Odalis Perez,,9,Rogers Centre,day,3,3,False,,
41883,2006,2006-08-27,2006-08-27T17:35:00Z,R,Regular Season,N,1,Final,F,Tampa Bay Devil Rays,139,4,Baltimore Orioles,110,5,LaTroy Hawkins,Seth McClung,,9,Oriole Park at Camden Yards,day,3,3,False,,
41890,2006,2006-08-27,2006-08-27T17:35:00Z,R,Regular Season,N,1,Final,F,Houston Astros,117,13,Pittsburgh Pirates,134,1,Jason Hirsh,Shawn Chacon,,9,PNC Park,day,4,4,False,,
41884,2006,2006-08-27,2006-08-27T18:05:00Z,R,Regular Season,N,1,Final,F,Minnesota Twins,142,1,Chicago White Sox,145,6,Mark Buehrle,Carlos Silva,,9,U.S. Cellular Field,day,3,3,False,,
41886,2006,2006-08-27,2006-08-27T19:05:00Z,R,Regular Season,N,1,Final,F,San Diego Padres,135,3,Colorado Rockies,115,6,Aaron Cook,Jake Peavy,,9,Coors Field,day,3,3,False,,
41888,2006,2006-08-27,2006-08-27T19:35:00Z,R,Regular Season,N,1,Final,F,New York Yankees,147,11,Los Angeles Angels,108,8,Jeff Karstens,Joe Saunders,,9,Angel Stadium of Anaheim,day,3,3,False,,
41891,2006,2006-08-27,2006-08-27T20:05:00Z,R,Regular Season,N,1,Final,F,Cincinnati Reds,113,0,San Francisco Giants,137,8,Matt Cain,Kyle Lohse,,9,AT&T Park,day,4,4,False,,
41892,2006,2006-08-27,2006-08-27T20:05:00Z,R,Regular Season,N,1,Final,F,Boston Red Sox,111,3,Seattle Mariners,136,6,Cha Seung Baek,Kyle Snyder,J.J. Putz,9,Safeco Field,day,3,3,False,,
41881,2006,2006-08-27,2006-08-27T20:40:00Z,R,Regular Season,N,1,Final,F,Los Angeles Dodgers,119,6,Arizona Diamondbacks,109,3,Chad Billingsley,Livan Hernandez,Takashi Saito,9,Chase Field,day,3,3,False,,
41893,2006,2006-08-27,2006-08-28T00:05:00Z,R,Regular Season,N,1,Final,F,Chicago Cubs,112,6,St. Louis Cardinals,138,10,Braden Looper,Bob Howry,,9,Busch Stadium,night,3,3,False,,
41894,2006,2006-08-27,2006-08-28T00:05:00Z,R,Regular Season,N,1,Final,F,Oakland Athletics,133,0,Texas Rangers,140,3,Vicente Padilla,Dan Haren,Akinori Otsuka,9,Ameriquest Field,night,3,3,False,,
41889,2006,2006-08-28,2006-08-28T16:10:00Z,R,Regular Season,N,1,Final,F,Philadelphia Phillies,143,3,New York Mets,121,8,John Maine,Jamie Moyer,,9,Shea Stadium,day,3,3,False,,
41897,2006,2006-08-28,2006-08-28T23:05:00Z,R,Regular Season,N,1,Final,F,Toronto Blue Jays,141,4,Cleveland Indians,114,6,Paul Byrd,A.J. Burnett,Tom Mastny,9,Jacobs Field,night,1,3,False,,
41898,2006,2006-08-28,2006-08-28T23:05:00Z,R,Regular Season,N,1,Final,F,Milwaukee Brewers,158,2,Florida Marlins,146,4,Josh Johnson,Ben Sheets,Joe Borowski,9,Dolphin Stadium,night,4,4,False,,
41901,2006,2006-08-28,2006-08-28T23:05:00Z,R,Regular Season,N,1,Final,F,Chicago Cubs,112,6,Pittsburgh Pirates,134,11,Ian Snell,Angel Guzman,,9,PNC Park,night,1,3,False,,
41896,2006,2006-08-28,2006-08-29T01:40:00Z,R,Regular Season,N,1,Final,F,San Diego Padres,135,4,Arizona Diamondbacks,109,7,Brandon Webb,Woody Williams,,9,Chase Field,night,1,3,False,,
41900,2006,2006-08-28,2006-08-29T02:05:00Z,R,Regular Season,N,1,Final,F,Boston Red Sox,111,0,Oakland Athletics,133,9,Esteban Loaiza,Kason Gabbard,,9,McAfee Coliseum,night,1,3,False,,
41902,2006,2006-08-28,2006-08-29T02:05:00Z,R,Regular Season,N,1,Final,F,Los Angeles Angels,108,0,Seattle Mariners,136,2,Félix Hernández,Kelvim Escobar,,9,Safeco Field,night,1,3,False,,
41899,2006,2006-08-28,2006-08-29T02:10:00Z,R,Regular Season,N,1,Final,F,Cincinnati Reds,113,5,Los Angeles Dodgers,119,6,Brad Penny,Chris Michalak,Jonathan Broxton,9,Dodger Stadium,night,1,3,False,,
41906,2006,2006-08-29,2006-08-29T23:05:00Z,R,Regular Season,N,1,Final,F,Toronto Blue Jays,141,2,Cleveland Indians,114,5,CC Sabathia,Brandon League,,9,Jacobs Field,night,2,3,False,,
41913,2006,2006-08-29,2006-08-29T23:05:00Z,R,Regular Season,N,1,Final,F,Chicago Cubs,112,6,Pittsburgh Pirates,134,7,Matt Capps,Ryan Dempster,,11,PNC Park,night,2,3,False,,
41917,2006,2006-08-29,2006-08-29T23:05:00Z,R,Regular Season,N,1,Final,F,Philadelphia Phillies,143,10,Washington Nationals,120,6,Brett Myers,Tony Armas,Arthur Rhodes,9,Robert F. Kennedy Memorial Stadium,night,1,3,False,,
41904,2006,2006-08-29,2006-08-29T23:35:00Z,R,Regular Season,N,1,Final,F,San Francisco Giants,137,8,Atlanta Braves,144,13,Tim Hudson,Jason Schmidt,,9,Turner Field,night,1,3,False,,
41905,2006,2006-08-29,2006-08-30T00:05:00Z,R,Regular Season,N,1,Final,F,Tampa Bay Devil Rays,139,9,Chicago White Sox,145,12,Freddy Garcia,Casey Fossum,Bobby Jenks,9,U.S. Cellular Field,night,1,3,False,,
41908,2006,2006-08-29,2006-08-30T00:05:00Z,R,Regular Season,N,1,Final,F,Milwaukee Brewers,158,3,Houston Astros,117,10,Chad Qualls,Brian Shouse,,9,Minute Maid Park,night,1,3,False,,
41916,2006,2006-08-29,2006-08-30T00:05:00Z,R,Regular Season,N,1,Final,F,Baltimore Orioles,110,4,Texas Rangers,140,9,Kevin Millwood,Rodrigo Lopez,,9,Ameriquest Field,night,1,3,False,,
41910,2006,2006-08-29,2006-08-30T00:10:00Z,R,Regular Season,N,1,Final,F,Kansas City Royals,118,2,Minnesota Twins,142,0,Mark Redman,Matt Garza,,9,Hubert H. Humphrey Metrodome,night,1,3,False,,
41915,2006,2006-08-29,2006-08-30T00:10:00Z,R,Regular Season,N,1,Final,F,Florida Marlins,146,9,St. Louis Cardinals,138,1,Scott Olsen,Mark Mulder,,9,Busch Stadium,night,1,3,False,,
41907,2006,2006-08-29,2006-08-30T01:05:00Z,R,Regular Season,N,1,Final,F,New York Mets,121,10,Colorado Rockies,115,5,Steve Trachsel,Byung-Hyun Kim,,9,Coors Field,night,1,3,False,,
41903,2006,2006-08-29,2006-08-30T01:40:00Z,R,Regular Season,N,1,Final,F,San Diego Padres,135,8,Arizona Diamondbacks,109,3,Chris Young,Enrique Gonzalez,,9,Chase Field,night,2,3,False,,
41912,2006,2006-08-29,2006-08-30T02:05:00Z,R,Regular Season,N,1,Final,F,Boston Red Sox,111,1,Oakland Athletics,133,2,Kirk Saarloos,Josh Beckett,Justin Duchscherer,9,McAfee Coliseum,night,2,3,False,,
41914,2006,2006-08-29,2006-08-30T02:05:00Z,R,Regular Season,N,1,Final,F,Los Angeles Angels,108,4,Seattle Mariners,136,6,Jarrod Washburn,Jered Weaver,J.J. Putz,9,Safeco Field,night,2,3,False,,
41909,2006,2006-08-29,2006-08-30T02:10:00Z,R,Regular Season,N,1,Final,F,Cincinnati Reds,113,5,Los Angeles Dodgers,119,6,Derek Lowe,Ryan Franklin,,16,Dodger Stadium,night,2,3,False,,
41928,2006,2006-08-30,2006-08-30T16:35:00Z,R,Regular Season,N,1,Final,F,Chicago Cubs,112,9,Pittsburgh Pirates,134,10,Marty McLeary,Ryan Dempster,,11,PNC Park,day,3,3,False,,
41911,2006,2006-08-30,2006-08-30T17:05:00Z,R,Regular Season,S,1,Final,F,Detroit Tigers,116,0,New York Yankees,147,2,Chien-Ming Wang,Nate Robertson,Mariano Rivera,9,Yankee Stadium I,day,1,3,False,,
41927,2006,2006-08-30,2006-08-30T19:35:00Z,R,Regular Season,N,1,Final,F,Boston Red Sox,111,2,Oakland Athletics,133,7,Barry Zito,Curt Schilling,,9,McAfee Coliseum,day,3,3,False,,
41918,2006,2006-08-30,2006-08-30T22:40:00Z,R,Regular Season,N,1,Final,F,San Diego Padres,135,4,Arizona Diamondbacks,109,1,Mike Thompson,Claudio Vargas,Trevor Hoffman,9,Chase Field,day,3,3,False,,
41921,2006,2006-08-30,2006-08-30T23:05:00Z,R,Regular Season,N,1,Final,F,Toronto Blue Jays,141,2,Cleveland Indians,114,3,Rafael Betancourt,B.J. Ryan,,10,Jacobs Field,night,3,3,False,,
41926,2006,2006-08-30,2006-08-30T23:05:00Z,R,Regular Season,S,2,Final,F,Detroit Tigers,116,5,New York Yankees,147,3,Jason Grilli,Scott Proctor,Todd Jones,9,Yankee Stadium I,night,2,3,False,,
41932,2006,2006-08-30,2006-08-30T23:05:00Z,R,Regular Season,N,1,Final,F,Philadelphia Phillies,143,5,Washington Nationals,120,1,Cole Hamels,Ramón Ortiz,,9,Robert F. Kennedy Memorial Stadium,night,2,3,False,,
41919,2006,2006-08-30,2006-08-30T23:35:00Z,R,Regular Season,N,1,Final,F,San Francisco Giants,137,3,Atlanta Braves,144,5,Chuck James,Brad Hennessey,Bob Wickman,9,Turner Field,night,2,3,False,,
41920,2006,2006-08-30,2006-08-31T00:05:00Z,R,Regular Season,N,1,Final,F,Tampa Bay Devil Rays,139,4,Chicago White Sox,145,5,Jon Garland,Brian Meadows,Bobby Jenks,9,U.S. Cellular Field,night,2,3,False,,
41923,2006,2006-08-30,2006-08-31T00:05:00Z,R,Regular Season,N,1,Final,F,Milwaukee Brewers,158,0,Houston Astros,117,1,Brad Lidge,Jose Capellan,,9,Minute Maid Park,night,2,3,False,,
41931,2006,2006-08-30,2006-08-31T00:05:00Z,R,Regular Season,N,1,Final,F,Baltimore Orioles,110,7,Texas Rangers,140,4,LaTroy Hawkins,Ron Mahay,,10,Ameriquest Field,night,2,3,False,,
41925,2006,2006-08-30,2006-08-31T00:10:00Z,R,Regular Season,N,1,Final,F,Kansas City Royals,118,4,Minnesota Twins,142,3,Luke Hudson,Boof Bonser,Joe Nelson,9,Hubert H. Humphrey Metrodome,night,2,3,False,,
41930,2006,2006-08-30,2006-08-31T00:10:00Z,R,Regular Season,N,1,Final,F,Florida Marlins,146,6,St. Louis Cardinals,138,13,Jason Marquis,Ricky Nolasco,,9,Busch Stadium,night,2,3,False,,
41922,2006,2006-08-30,2006-08-31T01:05:00Z,R,Regular Season,N,1,Final,F,New York Mets,121,11,Colorado Rockies,115,3,Dave Williams,Josh Fogg,,9,Coors Field,night,2,3,False,,
41929,2006,2006-08-30,2006-08-31T02:05:00Z,R,Regular Season,N,1,Final,F,Los Angeles Angels,108,5,Seattle Mariners,136,3,John Lackey,Jake Woods,Francisco Rodríguez,9,Safeco Field,night,3,3,False,,
41924,2006,2006-08-30,2006-08-31T02:10:00Z,R,Regular Season,N,1,Final,F,Cincinnati Reds,113,3,Los Angeles Dodgers,119,7,Greg Maddux,Aaron Harang,,9,Dodger Stadium,night,3,3,False,,
41939,2006,2006-08-31,2006-08-31T17:05:00Z,R,Regular Season,N,1,Final,F,Detroit Tigers,116,4,New York Yankees,147,6,Randy Johnson,Jeremy Bonderman,Mariano Rivera,9,Yankee Stadium I,day,3,3,False,,
41938,2006,2006-08-31,2006-08-31T17:10:00Z,R,Regular Season,N,1,Final,F,Kansas City Royals,118,1,Minnesota Twins,142,3,Johan Santana,Jorge De La Rosa,Joe Nathan,9,Hubert H. Humphrey Metrodome,day,3,3,False,,
41935,2006,2006-08-31,2006-08-31T18:05:00Z,R,Regular Season,N,1,Final,F,Tampa Bay Devil Rays,139,5,Chicago White Sox,145,3,Ruddy Lugo,Brandon McCarthy,Seth McClung,10,U.S. Cellular Field,day,3,3,False,,
41934,2006,2006-08-31,2006-08-31T23:05:00Z,R,Regular Season,N,1,Final,F,Toronto Blue Jays,141,4,Boston Red Sox,111,6,Manny Delcarmen,Roy Halladay,Jonathan Papelbon,9,Fenway Park,night,1,4,False,,
41942,2006,2006-08-31,2006-08-31T23:05:00Z,R,Regular Season,N,1,Final,F,Philadelphia Phillies,143,5,Washington Nationals,120,6,Ryan Wagner,Aaron Fultz,,10,Robert F. Kennedy Memorial Stadium,night,3,3,False,,
41933,2006,2006-08-31,2006-08-31T23:35:00Z,R,Regular Season,N,1,Final,F,San Francisco Giants,137,8,Atlanta Braves,144,6,Matt Morris,John Smoltz,Armando Benítez,9,Turner Field,night,3,3,False,,
41937,2006,2006-08-31,2006-09-01T00:05:00Z,R,Regular Season,N,1,Final,F,Milwaukee Brewers,158,3,Houston Astros,117,5,Andy Pettitte,Doug Davis,Brad Lidge,9,Minute Maid Park,night,3,3,False,,
41941,2006,2006-08-31,2006-09-01T00:05:00Z,R,Regular Season,N,1,Final,F,Baltimore Orioles,110,5,Texas Rangers,140,7,Adam Eaton,Daniel Cabrera,Akinori Otsuka,9,Ameriquest Field,night,3,3,False,,
41940,2006,2006-08-31,2006-09-01T00:10:00Z,R,Regular Season,N,1,Final,F,Florida Marlins,146,2,St. Louis Cardinals,138,5,Braden Looper,Sergio Mitre,Jason Isringhausen,9,Busch Stadium,night,3,3,False,,
41936,2006,2006-08-31,2006-09-01T01:05:00Z,R,Regular Season,N,1,Final,F,New York Mets,121,4,Colorado Rockies,115,8,Jeff Francis,Oliver Pérez,,9,Coors Field,night,3,3,False,,
41944,2006,2006-09-01,2006-09-01T18:20:00Z,R,Regular Season,N,1,Final,F,San Francisco Giants,137,2,Chicago Cubs,112,6,Rich Hill,Noah Lowry,,9,Wrigley Field,day,1,3,False,,
41943,2006,2006-09-01,2006-09-01T23:05:00Z,R,Regular Season,N,1,Final,F,Toronto Blue Jays,141,1,Boston Red Sox,111,2,Kyle Snyder,Ted Lilly,Mike Timlin,9,Fenway Park,night,2,4,False,,
41945,2006,2006-09-01,2006-09-01T23:05:00Z,R,Regular Season,N,1,Final,F,Los Angeles Angels,108,0,Detroit Tigers,116,9,Kenny Rogers,Ervin Santana,,9,Comerica Park,night,1,3,False,,
41950,2006,2006-09-01,2006-09-01T23:05:00Z,R,Regular Season,N,1,Final,F,Minnesota Twins,142,1,New York Yankees,147,8,Cory Lidle,Carlos Silva,,9,Yankee Stadium I,night,1,3,False,,
41955,2006,2006-09-01,2006-09-01T23:15:00Z,R,Regular Season,N,1,Final,F,Seattle Mariners,136,1,Tampa Bay Devil Rays,139,2,Seth McClung,George Sherrill,,9,Tropicana Field,night,1,3,False,,
41946,2006,2006-09-01,2006-09-02T00:05:00Z,R,Regular Season,N,1,Final,F,New York Mets,121,8,Houston Astros,117,7,Guillermo Mota,Russ Springer,Billy Wagner,9,Minute Maid Park,night,1,3,False,,
41949,2006,2006-09-01,2006-09-02T00:05:00Z,R,Regular Season,N,1,Final,F,Florida Marlins,146,3,Milwaukee Brewers,158,2,Aníbal Sánchez,Chris Capuano,Joe Borowski,9,Miller Park,night,1,3,False,,
41947,2006,2006-09-01,2006-09-02T00:10:00Z,R,Regular Season,N,1,Final,F,Chicago White Sox,145,5,Kansas City Royals,118,7,Runelvys Hernandez,Jose Contreras,Joe Nelson,9,Kauffman Stadium,night,1,3,False,,
41954,2006,2006-09-01,2006-09-02T00:10:00Z,R,Regular Season,N,1,Final,F,Pittsburgh Pirates,134,1,St. Louis Cardinals,138,3,Chris Carpenter,Zach Duke,,9,Busch Stadium,night,1,3,False,,
41956,2006,2006-09-01,2006-09-02T00:35:00Z,R,Regular Season,N,1,Final,F,Cleveland Indians,114,7,Texas Rangers,140,2,Jake Westbrook,Vicente Padilla,,9,Ameriquest Field,night,1,3,False,,
41951,2006,2006-09-01,2006-09-02T02:05:00Z,R,Regular Season,N,1,Final,F,Baltimore Orioles,110,4,Oakland Athletics,133,5,Brad Halsey,Todd Williams,Justin Duchscherer,9,McAfee Coliseum,night,1,3,False,,
41953,2006,2006-09-01,2006-09-02T02:05:00Z,R,Regular Season,N,1,Final,F,Cincinnati Reds,113,6,San Diego Padres,135,2,Bronson Arroyo,Clay Hensley,,9,PETCO Park,night,1,3,False,,
41948,2006,2006-09-01,2006-09-02T02:40:00Z,R,Regular Season,N,1,Final,F,Colorado Rockies,115,3,Los Angeles Dodgers,119,6,Derek Lowe,Jason Jennings,Takashi Saito,9,Dodger Stadium,night,1,3,False,,
41397,2006,2006-09-02,2006-09-02T17:05:00Z,R,Regular Season,S,1,Final,F,Atlanta Braves,144,4,Philadelphia Phillies,143,3,Tyler Yates,Arthur Rhodes,Bob Wickman,9,Citizens Bank Park,day,1,4,False,,
41957,2006,2006-09-02,2006-09-02T17:05:00Z,R,Regular Season,S,1,Final,F,Arizona Diamondbacks,109,6,Washington Nationals,120,7,Chad Cordero,Brandon Lyon,,11,Robert F. Kennedy Memorial Stadium,day,1,3,False,,
41958,2006,2006-09-02,2006-09-02T17:05:00Z,R,Regular Season,N,1,Final,F,Toronto Blue Jays,141,5,Boston Red Sox,111,1,A.J. Burnett,Kevin Jarvis,,9,Fenway Park,day,3,4,False,,
41965,2006,2006-09-02,2006-09-02T17:05:00Z,R,Regular Season,N,1,Completed Early,F,Minnesota Twins,142,6,New York Yankees,147,1,Scott Baker,Jeff Karstens,Jesse Crain,8,Yankee Stadium I,day,2,3,False,,
41959,2006,2006-09-02,2006-09-02T18:20:00Z,R,Regular Season,N,1,Final,F,San Francisco Giants,137,4,Chicago Cubs,112,2,Matt Cain,Sean Marshall,Mike Stanton,9,Wrigley Field,day,2,3,False,,
41966,2006,2006-09-02,2006-09-02T20:05:00Z,R,Regular Season,N,1,Final,F,Baltimore Orioles,110,6,Oakland Athletics,133,5,Adam Loewen,Dan Haren,Chris Ray,9,McAfee Coliseum,day,2,3,False,,
41960,2006,2006-09-02,2006-09-02T23:05:00Z,R,Regular Season,N,1,Final,F,Los Angeles Angels,108,7,Detroit Tigers,116,2,Francisco Rodríguez,Todd Jones,,10,Comerica Park,night,2,3,False,,
41961,2006,2006-09-02,2006-09-02T23:05:00Z,R,Regular Season,N,1,Final,F,New York Mets,121,4,Houston Astros,117,2,John Maine,Jason Hirsh,Billy Wagner,9,Minute Maid Park,night,2,3,False,,
41964,2006,2006-09-02,2006-09-02T23:05:00Z,R,Regular Season,N,1,Final,F,Florida Marlins,146,9,Milwaukee Brewers,158,6,Joe Borowski,Derrick Turnbow,Taylor Tankersley,10,Miller Park,night,2,3,False,,
41967,2006,2006-09-02,2006-09-02T23:05:00Z,R,Regular Season,S,2,Final,F,Atlanta Braves,144,4,Philadelphia Phillies,143,16,Eude Brito,Kyle Davies,,9,Citizens Bank Park,night,2,4,False,,
41972,2006,2006-09-02,2006-09-02T23:05:00Z,R,Regular Season,S,2,Final,F,Arizona Diamondbacks,109,3,Washington Nationals,120,4,Saul Rivera,Livan Hernandez,Chad Cordero,9,Robert F. Kennedy Memorial Stadium,night,2,3,False,,
41962,2006,2006-09-02,2006-09-02T23:10:00Z,R,Regular Season,N,1,Final,F,Chicago White Sox,145,5,Kansas City Royals,118,3,Mark Buehrle,Odalis Perez,Bobby Jenks,9,Kauffman Stadium,night,2,3,False,,
41969,2006,2006-09-02,2006-09-02T23:15:00Z,R,Regular Season,N,1,Final,F,Pittsburgh Pirates,134,1,St. Louis Cardinals,138,0,Matt Capps,Jeff Weaver,Salomon Torres,9,Busch Stadium,night,2,3,False,,
41970,2006,2006-09-02,2006-09-02T23:15:00Z,R,Regular Season,N,1,Final,F,Seattle Mariners,136,4,Tampa Bay Devil Rays,139,3,Cha Seung Baek,J.P. Howell,J.J. Putz,9,Tropicana Field,night,2,3,False,,
41971,2006,2006-09-02,2006-09-03T00:05:00Z,R,Regular Season,N,1,Final,F,Cleveland Indians,114,6,Texas Rangers,140,5,Cliff Lee,Edinson Volquez,Tom Mastny,9,Ameriquest Field,night,2,3,False,,
41968,2006,2006-09-02,2006-09-03T02:05:00Z,R,Regular Season,N,1,Final,F,Cincinnati Reds,113,1,San Diego Padres,135,7,Jake Peavy,Kyle Lohse,,9,PETCO Park,night,2,3,False,,
41963,2006,2006-09-02,2006-09-03T02:10:00Z,R,Regular Season,N,1,Final,F,Colorado Rockies,115,5,Los Angeles Dodgers,119,14,Brad Penny,Aaron Cook,,9,Dodger Stadium,night,2,3,False,,
41980,2006,2006-09-03,2006-09-03T17:05:00Z,R,Regular Season,N,1,Final,F,Minnesota Twins,142,1,New York Yankees,147,10,Darrell Rasner,Matt Garza,,9,Yankee Stadium I,day,3,3,False,,
41987,2006,2006-09-03,2006-09-03T17:05:00Z,R,Regular Season,N,1,Final,F,Arizona Diamondbacks,109,3,Washington Nationals,120,5,Ryan Wagner,Brandon Webb,Jon Rauch,9,Robert F. Kennedy Memorial Stadium,day,3,3,False,,
41985,2006,2006-09-03,2006-09-03T17:15:00Z,R,Regular Season,N,1,Final,F,Seattle Mariners,136,6,Tampa Bay Devil Rays,139,7,Brian Meadows,Félix Hernández,Seth McClung,9,Tropicana Field,day,3,3,False,,
41982,2006,2006-09-03,2006-09-03T17:35:00Z,R,Regular Season,Y,1,Final,F,Atlanta Braves,144,7,Philadelphia Phillies,143,8,Geoff Geary,Bob Wickman,,9,Citizens Bank Park,day,3,4,False,,
41952,2006,2006-09-03,2006-09-03T17:40:00Z,R,Regular Season,Y,2,Final,F,Atlanta Braves,144,3,Philadelphia Phillies,143,1,Chad Paronto,Geoff Geary,Bob Wickman,11,Citizens Bank Park,day,4,4,False,,
41976,2006,2006-09-03,2006-09-03T18:05:00Z,R,Regular Season,N,1,Final,F,New York Mets,121,1,Houston Astros,117,2,Roy Oswalt,Orlando Hernandez,Brad Lidge,9,Minute Maid Park,day,3,3,False,,
41979,2006,2006-09-03,2006-09-03T18:05:00Z,R,Regular Season,N,1,Final,F,Florida Marlins,146,10,Milwaukee Brewers,158,3,Scott Olsen,Tomo Ohka,,9,Miller Park,day,3,3,False,,
41986,2006,2006-09-03,2006-09-03T18:05:00Z,R,Regular Season,N,1,Final,F,Cleveland Indians,114,2,Texas Rangers,140,5,Kevin Millwood,Paul Byrd,Akinori Otsuka,9,Ameriquest Field,day,3,3,False,,
41977,2006,2006-09-03,2006-09-03T18:10:00Z,R,Regular Season,N,1,Final,F,Chicago White Sox,145,3,Kansas City Royals,118,7,Mark Redman,Freddy Garcia,,9,Kauffman Stadium,day,3,3,False,,
41984,2006,2006-09-03,2006-09-03T18:15:00Z,R,Regular Season,N,1,Final,F,Pittsburgh Pirates,134,3,St. Louis Cardinals,138,6,Anthony Reyes,Ian Snell,,9,Busch Stadium,day,3,3,False,,
41974,2006,2006-09-03,2006-09-03T18:20:00Z,R,Regular Season,N,1,Final,F,San Francisco Giants,137,7,Chicago Cubs,112,4,Jason Schmidt,Michael Wuertz,Mike Stanton,9,Wrigley Field,day,3,3,False,,
41973,2006,2006-09-03,2006-09-03T20:05:00Z,R,Regular Season,N,1,Final,F,Toronto Blue Jays,141,6,Boston Red Sox,111,1,Gustavo Chacín,Josh Beckett,,9,Fenway Park,day,4,4,False,,
41981,2006,2006-09-03,2006-09-03T20:05:00Z,R,Regular Season,N,1,Final,F,Baltimore Orioles,110,1,Oakland Athletics,133,10,Esteban Loaiza,Hayden Penn,,9,McAfee Coliseum,day,3,3,False,,
41983,2006,2006-09-03,2006-09-03T20:05:00Z,R,Regular Season,N,1,Final,F,Cincinnati Reds,113,1,San Diego Padres,135,2,Cla Meredith,Rheal Cormier,Trevor Hoffman,9,PETCO Park,day,3,3,False,,
41978,2006,2006-09-03,2006-09-03T20:10:00Z,R,Regular Season,N,1,Final,F,Colorado Rockies,115,12,Los Angeles Dodgers,119,5,Byung-Hyun Kim,Aaron Sele,,9,Dodger Stadium,day,3,3,False,,
41975,2006,2006-09-03,2006-09-04T00:05:00Z,R,Regular Season,N,1,Final,F,Los Angeles Angels,108,2,Detroit Tigers,116,1,Kelvim Escobar,Wilfredo Ledezma,Francisco Rodríguez,9,Comerica Park,night,3,3,False,,
41991,2006,2006-09-04,2006-09-04T17:05:00Z,R,Regular Season,N,1,Final,F,Seattle Mariners,136,2,Detroit Tigers,116,6,Nate Robertson,Jarrod Washburn,,9,Comerica Park,day,1,3,False,,
41992,2006,2006-09-04,2006-09-04T17:05:00Z,R,Regular Season,N,1,Final,F,Arizona Diamondbacks,109,5,Florida Marlins,146,8,Randy Messenger,Enrique Gonzalez,Joe Borowski,9,Dolphin Stadium,day,1,3,False,,
42002,2006,2006-09-04,2006-09-04T17:05:00Z,R,Regular Season,N,1,Final,F,St. Louis Cardinals,138,1,Washington Nationals,120,4,Ramón Ortiz,Jason Marquis,,9,Robert F. Kennedy Memorial Stadium,day,1,3,False,,
42001,2006,2006-09-04,2006-09-04T17:07:00Z,R,Regular Season,N,1,Final,F,Cleveland Indians,114,3,Toronto Blue Jays,141,4,Brandon League,CC Sabathia,B.J. Ryan,9,Rogers Centre,day,1,3,False,,
42000,2006,2006-09-04,2006-09-04T17:15:00Z,R,Regular Season,N,1,Final,F,Minnesota Twins,142,2,Tampa Bay Devil Rays,139,1,Boof Bonser,Tim Corcoran,Joe Nathan,9,Tropicana Field,day,1,3,False,,
41995,2006,2006-09-04,2006-09-04T18:05:00Z,R,Regular Season,N,1,Final,F,Los Angeles Dodgers,119,3,Milwaukee Brewers,158,6,Dave Bush,Greg Maddux,Francisco Cordero,9,Miller Park,day,1,3,False,,
41989,2006,2006-09-04,2006-09-04T18:20:00Z,R,Regular Season,N,1,Final,F,Pittsburgh Pirates,134,5,Chicago Cubs,112,4,Paul Maholm,Carlos Zambrano,Salomon Torres,9,Wrigley Field,day,1,4,False,,
41998,2006,2006-09-04,2006-09-04T19:05:00Z,R,Regular Season,N,1,Final,F,Houston Astros,117,2,Philadelphia Phillies,143,3,Rick White,Dave Borkowski,,10,Citizens Bank Park,day,1,2,False,,
41997,2006,2006-09-04,2006-09-04T20:05:00Z,R,Regular Season,N,1,Final,F,Texas Rangers,140,8,Oakland Athletics,133,1,Robinson Tejeda,Barry Zito,,9,McAfee Coliseum,day,1,3,False,,
41990,2006,2006-09-04,2006-09-04T21:10:00Z,R,Regular Season,N,1,Final,F,San Francisco Giants,137,5,Cincinnati Reds,113,4,Kevin Correia,David Weathers,Mike Stanton,10,Great American Ball Park,night,1,3,False,,
41988,2006,2006-09-04,2006-09-04T23:05:00Z,R,Regular Season,N,1,Final,F,Chicago White Sox,145,2,Boston Red Sox,111,3,Mike Timlin,Brandon McCarthy,,10,Fenway Park,night,1,3,False,,
41996,2006,2006-09-04,2006-09-04T23:10:00Z,R,Regular Season,N,1,Final,F,Atlanta Braves,144,5,New York Mets,121,0,Chuck James,Steve Trachsel,,9,Shea Stadium,night,1,3,False,,
41993,2006,2006-09-04,2006-09-05T00:10:00Z,R,Regular Season,N,1,Final,F,New York Yankees,147,12,Kansas City Royals,118,5,T.J. Beam,Scott Dohmann,,9,Kauffman Stadium,night,1,3,False,,
41999,2006,2006-09-04,2006-09-05T01:05:00Z,R,Regular Season,N,1,Final,F,Colorado Rockies,115,5,San Diego Padres,135,7,Rudy Seanez,Brian Fuentes,,9,PETCO Park,night,1,3,False,,
41994,2006,2006-09-04,2006-09-05T02:05:00Z,R,Regular Season,N,1,Final,F,Baltimore Orioles,110,0,Los Angeles Angels,108,1,Jered Weaver,Rodrigo Lopez,Francisco Rodríguez,9,Angel Stadium of Anaheim,night,1,3,False,,
42003,2006,2006-09-05,2006-09-05T23:05:00Z,R,Regular Season,N,1,Final,F,Chicago White Sox,145,0,Boston Red Sox,111,1,Kason Gabbard,Javier Vazquez,Mike Timlin,9,Fenway Park,night,2,3,False,,
42006,2006,2006-09-05,2006-09-05T23:05:00Z,R,Regular Season,N,1,Final,F,Seattle Mariners,136,4,Detroit Tigers,116,3,Joel Pineiro,Andrew Miller,J.J. Putz,9,Comerica Park,night,2,3,False,,
42007,2006,2006-09-05,2006-09-05T23:05:00Z,R,Regular Season,N,1,Final,F,Arizona Diamondbacks,109,4,Florida Marlins,146,0,Claudio Vargas,Dontrelle Willis,,9,Dolphin Stadium,night,2,3,False,,
42017,2006,2006-09-05,2006-09-05T23:05:00Z,R,Regular Season,N,1,Final,F,St. Louis Cardinals,138,2,Washington Nationals,120,0,Jeff Suppan,Pedro Astacio,Jason Isringhausen,9,Robert F. Kennedy Memorial Stadium,night,2,3,False,,
42016,2006,2006-09-05,2006-09-05T23:07:00Z,R,Regular Season,N,1,Final,F,Cleveland Indians,114,7,Toronto Blue Jays,141,2,Jeremy Sowers,Jeremy Accardo,,9,Rogers Centre,night,2,3,False,,
42005,2006,2006-09-05,2006-09-05T23:10:00Z,R,Regular Season,N,1,Final,F,San Francisco Giants,137,0,Cincinnati Reds,113,3,Bronson Arroyo,Matt Morris,,9,Great American Ball Park,night,2,3,False,,
42015,2006,2006-09-05,2006-09-05T23:15:00Z,R,Regular Season,N,1,Final,F,Minnesota Twins,142,8,Tampa Bay Devil Rays,139,0,Johan Santana,Jae Weong Seo,,9,Tropicana Field,night,2,3,False,,
42004,2006,2006-09-05,2006-09-06T00:05:00Z,R,Regular Season,N,1,Final,F,Pittsburgh Pirates,134,6,Chicago Cubs,112,5,John Grabow,Ryan Dempster,Salomon Torres,9,Wrigley Field,night,2,4,False,,
42010,2006,2006-09-05,2006-09-06T00:05:00Z,R,Regular Season,N,1,Final,F,Los Angeles Dodgers,119,0,Milwaukee Brewers,158,9,Doug Davis,Mark Hendrickson,,9,Miller Park,night,2,3,False,,
42008,2006,2006-09-05,2006-09-06T00:10:00Z,R,Regular Season,N,1,Final,F,New York Yankees,147,0,Kansas City Royals,118,5,Jorge De La Rosa,Mike Mussina,Todd Wellemeyer,9,Kauffman Stadium,night,2,3,False,,
42009,2006,2006-09-05,2006-09-06T02:05:00Z,R,Regular Season,N,1,Final,F,Baltimore Orioles,110,2,Los Angeles Angels,108,5,Brendan Donnelly,Julio Manon,,10,Angel Stadium of Anaheim,night,2,3,False,,
42012,2006,2006-09-05,2006-09-06T02:05:00Z,R,Regular Season,N,1,Final,F,Texas Rangers,140,5,Oakland Athletics,133,4,Adam Eaton,Kirk Saarloos,Akinori Otsuka,9,McAfee Coliseum,night,2,3,False,,
42014,2006,2006-09-05,2006-09-06T02:05:00Z,R,Regular Season,N,1,Final,F,Colorado Rockies,115,4,San Diego Padres,135,5,Cla Meredith,Jeff Francis,Trevor Hoffman,9,PETCO Park,night,2,3,False,,
42020,2006,2006-09-06,2006-09-06T16:35:00Z,R,Regular Season,N,1,Final,F,San Francisco Giants,137,3,Cincinnati Reds,113,2,Jonathan Sánchez,Sun-Woo Kim,Mike Stanton,9,Great American Ball Park,day,3,3,False,,
42021,2006,2006-09-06,2006-09-06T17:05:00Z,R,Regular Season,N,1,Final,F,Seattle Mariners,136,5,Detroit Tigers,116,4,Jon Huber,Joel Zumaya,J.J. Putz,10,Comerica Park,day,3,3,False,,
42032,2006,2006-09-06,2006-09-06T17:05:00Z,R,Regular Season,N,1,Final,F,St. Louis Cardinals,138,6,Washington Nationals,120,7,Chad Cordero,Jason Isringhausen,,9,Robert F. Kennedy Memorial Stadium,day,3,3,False,,
42026,2006,2006-09-06,2006-09-06T17:10:00Z,R,Regular Season,Y,1,Final,F,Atlanta Braves,144,1,New York Mets,121,4,Dave Williams,John Smoltz,Billy Wagner,9,Shea Stadium,day,2,3,False,,
42011,2006,2006-09-06,2006-09-06T17:15:00Z,R,Regular Season,Y,2,Final,F,Atlanta Braves,144,0,New York Mets,121,8,Oliver Pérez,Kyle Davies,,9,Shea Stadium,day,3,3,False,,
42024,2006,2006-09-06,2006-09-06T19:35:00Z,R,Regular Season,N,1,Final,F,Baltimore Orioles,110,4,Los Angeles Angels,108,8,Ervin Santana,Chris Britton,,9,Angel Stadium of Anaheim,day,3,3,False,,
42027,2006,2006-09-06,2006-09-06T19:35:00Z,R,Regular Season,N,1,Final,F,Texas Rangers,140,6,Oakland Athletics,133,9,Joe Blanton,Josh Rupe,Justin Duchscherer,9,McAfee Coliseum,day,3,3,False,,
42018,2006,2006-09-06,2006-09-06T23:05:00Z,R,Regular Season,N,1,Final,F,Chicago White Sox,145,8,Boston Red Sox,111,1,Jose Contreras,Kyle Snyder,,9,Fenway Park,night,3,3,False,,
42022,2006,2006-09-06,2006-09-06T23:05:00Z,R,Regular Season,N,1,Final,F,Arizona Diamondbacks,109,0,Florida Marlins,146,2,Aníbal Sánchez,Édgar González,,9,Dolphin Stadium,night,3,3,False,,
42028,2006,2006-09-06,2006-09-06T23:05:00Z,R,Regular Season,N,1,Final,F,Houston Astros,117,5,Philadelphia Phillies,143,3,Dan Wheeler,Ryan Madson,Brad Lidge,9,Citizens Bank Park,night,2,2,False,,
42031,2006,2006-09-06,2006-09-06T23:07:00Z,R,Regular Season,N,1,Final,F,Cleveland Indians,114,2,Toronto Blue Jays,141,3,Ted Lilly,Jake Westbrook,B.J. Ryan,9,Rogers Centre,night,3,3,False,,
42030,2006,2006-09-06,2006-09-06T23:15:00Z,R,Regular Season,N,1,Final,F,Minnesota Twins,142,2,Tampa Bay Devil Rays,139,4,Shawn Camp,Pat Neshek,Seth McClung,9,Tropicana Field,night,3,3,False,,
42019,2006,2006-09-06,2006-09-07T00:05:00Z,R,Regular Season,N,1,Final,F,Pittsburgh Pirates,134,2,Chicago Cubs,112,7,Michael Wuertz,John Grabow,,9,Wrigley Field,night,3,4,False,,
42025,2006,2006-09-06,2006-09-07T00:05:00Z,R,Regular Season,N,1,Final,F,Los Angeles Dodgers,119,2,Milwaukee Brewers,158,1,Derek Lowe,Chris Capuano,Takashi Saito,9,Miller Park,night,3,3,False,,
42023,2006,2006-09-06,2006-09-07T00:10:00Z,R,Regular Season,N,1,Final,F,New York Yankees,147,8,Kansas City Royals,118,3,Randy Johnson,Runelvys Hernandez,,9,Kauffman Stadium,night,3,3,False,,
42029,2006,2006-09-06,2006-09-07T02:05:00Z,R,Regular Season,N,1,Final,F,Colorado Rockies,115,0,San Diego Padres,135,2,Cla Meredith,Nate Field,,11,PETCO Park,night,3,3,False,,
42034,2006,2006-09-07,2006-09-07T18:20:00Z,R,Regular Season,N,1,Final,F,Pittsburgh Pirates,134,7,Chicago Cubs,112,5,Jonah Bayliss,Scott Eyre,Salomon Torres,9,Wrigley Field,day,4,4,False,,
42037,2006,2006-09-07,2006-09-07T23:05:00Z,R,Regular Season,N,1,Final,F,Philadelphia Phillies,143,14,Florida Marlins,146,8,Jon Lieber,Josh Johnson,,9,Dolphin Stadium,night,1,4,False,,
42039,2006,2006-09-07,2006-09-07T23:10:00Z,R,Regular Season,N,1,Final,F,Los Angeles Dodgers,119,0,New York Mets,121,7,Tom Glavine,Brad Penny,,9,Shea Stadium,night,1,4,False,,
42035,2006,2006-09-07,2006-09-08T00:05:00Z,R,Regular Season,N,1,Final,F,Cleveland Indians,114,9,Chicago White Sox,145,1,Cliff Lee,Mark Buehrle,,9,U.S. Cellular Field,night,1,4,False,,
42038,2006,2006-09-07,2006-09-08T00:10:00Z,R,Regular Season,N,1,Final,F,Detroit Tigers,116,7,Minnesota Twins,142,2,Justin Verlander,Scott Baker,,9,Hubert H. Humphrey Metrodome,night,1,4,False,,
42036,2006,2006-09-07,2006-09-08T00:35:00Z,R,Regular Season,N,1,Final,F,Washington Nationals,120,5,Colorado Rockies,115,10,Manny Corpas,Ryan Wagner,,9,Coors Field,night,1,4,False,,
42033,2006,2006-09-07,2006-09-08T01:40:00Z,R,Regular Season,N,1,Final,F,St. Louis Cardinals,138,6,Arizona Diamondbacks,109,2,Jeff Weaver,Miguel Batista,,9,Chase Field,night,1,4,False,,
42041,2006,2006-09-08,2006-09-08T23:05:00Z,R,Regular Season,N,1,Final,F,Chicago Cubs,112,4,Atlanta Braves,144,8,Tim Hudson,Angel Guzman,,9,Turner Field,night,1,4,False,,
42042,2006,2006-09-08,2006-09-08T23:05:00Z,R,Regular Season,N,1,Final,F,New York Yankees,147,4,Baltimore Orioles,110,9,Erik Bedard,Cory Lidle,,9,Oriole Park at Camden Yards,night,1,4,False,,
42043,2006,2006-09-08,2006-09-08T23:05:00Z,R,Regular Season,N,1,Final,F,Kansas City Royals,118,10,Boston Red Sox,111,9,Ambiorix Burgos,Mike Timlin,Joe Nelson,9,Fenway Park,night,1,3,False,,
42045,2006,2006-09-08,2006-09-08T23:10:00Z,R,Regular Season,N,1,Final,F,Pittsburgh Pirates,134,1,Cincinnati Reds,113,9,Kyle Lohse,Ian Snell,,9,Great American Ball Park,night,1,3,False,,
42051,2006,2006-09-08,2006-09-08T23:10:00Z,R,Regular Season,N,1,Final,F,Los Angeles Dodgers,119,5,New York Mets,121,0,Hung-Chih Kuo,John Maine,,9,Shea Stadium,night,2,4,False,,
42054,2006,2006-09-08,2006-09-08T23:15:00Z,R,Regular Season,N,1,Final,F,Oakland Athletics,133,8,Tampa Bay Devil Rays,139,6,Dan Haren,James Shields,Huston Street,9,Tropicana Field,night,1,3,False,,
42047,2006,2006-09-08,2006-09-08T23:35:00Z,R,Regular Season,N,1,Final,F,Philadelphia Phillies,143,3,Florida Marlins,146,2,Jamie Moyer,Scott Olsen,Tom Gordon,9,Dolphin Stadium,night,2,4,False,,
42049,2006,2006-09-08,2006-09-09T00:05:00Z,R,Regular Season,N,1,Final,F,Houston Astros,117,4,Milwaukee Brewers,158,3,Roy Oswalt,Jose Capellan,Brad Lidge,9,Miller Park,night,1,3,False,,
42050,2006,2006-09-08,2006-09-09T00:10:00Z,R,Regular Season,N,1,Final,F,Detroit Tigers,116,5,Minnesota Twins,142,9,Pat Neshek,Wilfredo Ledezma,,9,Hubert H. Humphrey Metrodome,night,2,4,False,,
42044,2006,2006-09-08,2006-09-09T00:35:00Z,R,Regular Season,N,1,Final,F,Cleveland Indians,114,6,Chicago White Sox,145,7,Matt Thornton,Tom Mastny,,9,U.S. Cellular Field,night,2,4,False,,
42046,2006,2006-09-08,2006-09-09T01:05:00Z,R,Regular Season,N,1,Final,F,Washington Nationals,120,8,Colorado Rockies,115,11,Nate Field,Jon Rauch,Brian Fuentes,9,Coors Field,night,2,4,False,,
42040,2006,2006-09-08,2006-09-09T01:40:00Z,R,Regular Season,N,1,Final,F,St. Louis Cardinals,138,1,Arizona Diamondbacks,109,13,Livan Hernandez,Anthony Reyes,,9,Chase Field,night,2,4,False,,
42048,2006,2006-09-08,2006-09-09T02:05:00Z,R,Regular Season,N,1,Final,F,Toronto Blue Jays,141,1,Los Angeles Angels,108,4,Joe Saunders,A.J. Burnett,Francisco Rodríguez,9,Angel Stadium of Anaheim,night,1,3,False,,
42053,2006,2006-09-08,2006-09-09T02:05:00Z,R,Regular Season,N,1,Final,F,Texas Rangers,140,2,Seattle Mariners,136,7,Cha Seung Baek,Kevin Millwood,Joel Pineiro,9,Safeco Field,night,1,3,False,,
42052,2006,2006-09-08,2006-09-09T02:15:00Z,R,Regular Season,N,1,Final,F,San Diego Padres,135,0,San Francisco Giants,137,4,Matt Cain,Jake Peavy,,9,AT&T Park,night,1,3,False,,
42066,2006,2006-09-09,2006-09-09T17:10:00Z,R,Regular Season,N,1,Final,F,Los Angeles Dodgers,119,2,New York Mets,121,3,Orlando Hernandez,Greg Maddux,Billy Wagner,9,Shea Stadium,day,3,4,False,,
42067,2006,2006-09-09,2006-09-09T20:05:00Z,R,Regular Season,N,1,Final,F,San Diego Padres,135,4,San Francisco Giants,137,5,Mike Stanton,Rudy Seanez,,11,AT&T Park,day,2,3,False,,
42057,2006,2006-09-09,2006-09-09T20:35:00Z,R,Regular Season,N,1,Final,F,New York Yankees,147,3,Baltimore Orioles,110,2,Chien-Ming Wang,Adam Loewen,Kyle Farnsworth,9,Oriole Park at Camden Yards,day,2,4,False,,
42062,2006,2006-09-09,2006-09-09T22:05:00Z,R,Regular Season,N,1,Final,F,Philadelphia Phillies,143,3,Florida Marlins,146,4,Chris Resop,Arthur Rhodes,,10,Dolphin Stadium,night,3,4,False,,
42060,2006,2006-09-09,2006-09-09T22:10:00Z,R,Regular Season,N,1,Final,F,Pittsburgh Pirates,134,7,Cincinnati Reds,113,4,Matt Capps,Todd Coffey,Salomon Torres,9,Great American Ball Park,night,2,3,False,,
42056,2006,2006-09-09,2006-09-09T23:05:00Z,R,Regular Season,N,1,Final,F,Chicago Cubs,112,3,Atlanta Braves,144,7,Chuck James,Wade Miller,,9,Turner Field,night,2,4,False,,
42058,2006,2006-09-09,2006-09-09T23:05:00Z,R,Regular Season,N,1,Final,F,Kansas City Royals,118,10,Boston Red Sox,111,4,Joe Nelson,Craig Breslow,,12,Fenway Park,night,2,3,False,,
42059,2006,2006-09-09,2006-09-09T23:05:00Z,R,Regular Season,N,1,Final,F,Cleveland Indians,114,8,Chicago White Sox,145,10,Jon Garland,Roberto Hernandez,Matt Thornton,9,U.S. Cellular Field,night,3,4,False,,
42064,2006,2006-09-09,2006-09-09T23:05:00Z,R,Regular Season,N,1,Final,F,Houston Astros,117,10,Milwaukee Brewers,158,4,Jason Hirsh,Tomo Ohka,,9,Miller Park,night,2,3,False,,
42065,2006,2006-09-09,2006-09-09T23:10:00Z,R,Regular Season,N,1,Final,F,Detroit Tigers,116,1,Minnesota Twins,142,2,Boof Bonser,Nate Robertson,Joe Nathan,9,Hubert H. Humphrey Metrodome,night,3,4,False,,
42069,2006,2006-09-09,2006-09-09T23:15:00Z,R,Regular Season,N,1,Final,F,Oakland Athletics,133,6,Tampa Bay Devil Rays,139,9,Dan Miceli,Esteban Loaiza,Seth McClung,9,Tropicana Field,night,2,3,False,,
42061,2006,2006-09-09,2006-09-10T00:05:00Z,R,Regular Season,N,1,Final,F,Washington Nationals,120,5,Colorado Rockies,115,9,Mike Venafro,Ramón Ortiz,,9,Coors Field,night,3,4,False,,
42068,2006,2006-09-09,2006-09-10T01:05:00Z,R,Regular Season,N,1,Final,F,Texas Rangers,140,2,Seattle Mariners,136,3,Emiliano Fruto,John Rheinecker,,13,Safeco Field,night,2,3,False,,
42055,2006,2006-09-09,2006-09-10T01:40:00Z,R,Regular Season,N,1,Final,F,St. Louis Cardinals,138,0,Arizona Diamondbacks,109,3,Brandon Webb,Jason Marquis,,9,Chase Field,night,3,4,False,,
42063,2006,2006-09-09,2006-09-10T02:05:00Z,R,Regular Season,N,1,Final,F,Toronto Blue Jays,141,2,Los Angeles Angels,108,1,Gustavo Chacín,Kelvim Escobar,B.J. Ryan,9,Angel Stadium of Anaheim,night,2,3,False,,
42071,2006,2006-09-10,2006-09-10T17:05:00Z,R,Regular Season,N,1,Final,F,Chicago Cubs,112,1,Atlanta Braves,144,2,Lance Cormier,Juan Mateo,Bob Wickman,9,Turner Field,day,3,4,False,,
42077,2006,2006-09-10,2006-09-10T17:05:00Z,R,Regular Season,N,1,Final,F,Philadelphia Phillies,143,0,Florida Marlins,146,3,Dontrelle Willis,Cole Hamels,,9,Dolphin Stadium,day,4,4,False,,
42081,2006,2006-09-10,2006-09-10T17:10:00Z,R,Regular Season,N,1,Final,F,Los Angeles Dodgers,119,9,New York Mets,121,1,Eric Stults,Steve Trachsel,,9,Shea Stadium,day,4,4,False,,
42075,2006,2006-09-10,2006-09-10T17:15:00Z,R,Regular Season,N,1,Final,F,Pittsburgh Pirates,134,2,Cincinnati Reds,113,4,Bronson Arroyo,Shane Youman,Scott Schoeneweis,9,Great American Ball Park,day,3,3,False,,
42084,2006,2006-09-10,2006-09-10T17:15:00Z,R,Regular Season,N,1,Final,F,Oakland Athletics,133,9,Tampa Bay Devil Rays,139,7,Joe Kennedy,Shawn Camp,Huston Street,9,Tropicana Field,day,3,3,False,,
42072,2006,2006-09-10,2006-09-10T17:35:00Z,R,Regular Season,N,1,Final,F,New York Yankees,147,9,Baltimore Orioles,110,4,Jaret Wright,Hayden Penn,,9,Oriole Park at Camden Yards,day,3,4,False,,
42073,2006,2006-09-10,2006-09-10T18:05:00Z,R,Regular Season,N,1,Final,F,Kansas City Royals,118,3,Boston Red Sox,111,9,Julian Tavarez,Mark Redman,,9,Fenway Park,day,3,3,False,,
42074,2006,2006-09-10,2006-09-10T18:05:00Z,R,Regular Season,N,1,Final,F,Cleveland Indians,114,5,Chicago White Sox,145,2,CC Sabathia,Brandon McCarthy,,9,U.S. Cellular Field,day,4,4,False,,
42079,2006,2006-09-10,2006-09-10T18:05:00Z,R,Regular Season,N,1,Final,F,Houston Astros,117,0,Milwaukee Brewers,158,4,Dave Bush,Wandy Rodriguez,,9,Miller Park,day,3,3,False,,
42080,2006,2006-09-10,2006-09-10T18:10:00Z,R,Regular Season,N,1,Final,F,Detroit Tigers,116,1,Minnesota Twins,142,12,Johan Santana,Jeremy Bonderman,,9,Hubert H. Humphrey Metrodome,day,4,4,False,,
42076,2006,2006-09-10,2006-09-10T19:05:00Z,R,Regular Season,N,1,Final,F,Washington Nationals,120,9,Colorado Rockies,115,13,Jose Mesa,Chris Schroder,Brian Fuentes,9,Coors Field,day,4,4,False,,
42078,2006,2006-09-10,2006-09-10T19:35:00Z,R,Regular Season,N,1,Final,F,Toronto Blue Jays,141,3,Los Angeles Angels,108,4,Jered Weaver,Josh Towers,Francisco Rodríguez,9,Angel Stadium of Anaheim,day,3,3,False,,
42083,2006,2006-09-10,2006-09-10T20:05:00Z,R,Regular Season,N,1,Final,F,Texas Rangers,140,4,Seattle Mariners,136,2,C.J. Wilson,Jon Huber,Akinori Otsuka,9,Safeco Field,day,3,3,False,,
42070,2006,2006-09-10,2006-09-10T20:40:00Z,R,Regular Season,N,1,Final,F,St. Louis Cardinals,138,7,Arizona Diamondbacks,109,9,Luis Vizcaino,Jorge Sosa,Jose Valverde,9,Chase Field,day,4,4,False,,
42082,2006,2006-09-10,2006-09-11T00:05:00Z,R,Regular Season,N,1,Final,F,San Diego Padres,135,10,San Francisco Giants,137,2,Woody Williams,Matt Morris,,9,AT&T Park,night,3,3,False,,
42086,2006,2006-09-11,2006-09-11T23:05:00Z,R,Regular Season,N,1,Final,F,Chicago Cubs,112,8,Atlanta Braves,144,3,Rich Hill,John Smoltz,,9,Turner Field,night,4,4,False,,
42087,2006,2006-09-11,2006-09-11T23:05:00Z,R,Regular Season,N,1,Final,F,New York Yankees,147,9,Baltimore Orioles,110,6,Randy Johnson,Jim Hoey,Kyle Farnsworth,9,Oriole Park at Camden Yards,night,4,4,False,,
42088,2006,2006-09-11,2006-09-11T23:05:00Z,R,Regular Season,N,1,Final,F,New York Mets,121,5,Florida Marlins,146,16,Aníbal Sánchez,Dave Williams,,9,Dolphin Stadium,night,1,3,False,,
42091,2006,2006-09-11,2006-09-11T23:05:00Z,R,Regular Season,N,1,Final,F,Milwaukee Brewers,158,3,Pittsburgh Pirates,134,4,Zach Duke,Doug Davis,Salomon Torres,9,PNC Park,night,1,3,False,,
42090,2006,2006-09-11,2006-09-12T00:10:00Z,R,Regular Season,N,1,Final,F,Oakland Athletics,133,4,Minnesota Twins,142,9,Carlos Silva,Joe Blanton,Joe Nathan,9,Hubert H. Humphrey Metrodome,night,1,3,False,,
42093,2006,2006-09-11,2006-09-12T00:10:00Z,R,Regular Season,N,1,Final,F,Houston Astros,117,0,St. Louis Cardinals,138,7,Chris Carpenter,Taylor Buchholz,,9,Busch Stadium,night,1,3,False,,
42085,2006,2006-09-11,2006-09-12T01:40:00Z,R,Regular Season,N,1,Final,F,Washington Nationals,120,7,Arizona Diamondbacks,109,6,Jon Rauch,Luis Vizcaino,Chad Cordero,9,Chase Field,night,1,3,False,,
42089,2006,2006-09-11,2006-09-12T02:05:00Z,R,Regular Season,N,1,Final,F,Chicago White Sox,145,3,Los Angeles Angels,108,2,Jose Contreras,John Lackey,Bobby Jenks,9,Angel Stadium of Anaheim,night,1,3,False,,
42092,2006,2006-09-11,2006-09-12T02:05:00Z,R,Regular Season,N,1,Final,F,Toronto Blue Jays,141,6,Seattle Mariners,136,2,Ted Lilly,Jake Woods,,9,Safeco Field,night,1,3,False,,
42096,2006,2006-09-12,2006-09-12T23:05:00Z,R,Regular Season,N,1,Final,F,Boston Red Sox,111,6,Baltimore Orioles,110,5,Craig Hansen,Daniel Cabrera,Javier López,9,Oriole Park at Camden Yards,night,1,3,False,,
42099,2006,2006-09-12,2006-09-12T23:05:00Z,R,Regular Season,N,1,Final,F,Kansas City Royals,118,5,Cleveland Indians,114,3,Runelvys Hernandez,Jeremy Sowers,Joe Nelson,9,Jacobs Field,night,1,2,False,,
42100,2006,2006-09-12,2006-09-12T23:05:00Z,R,Regular Season,N,1,Final,F,Texas Rangers,140,2,Detroit Tigers,116,3,Fernando Rodney,Ron Mahay,,9,Comerica Park,night,1,2,False,,
42101,2006,2006-09-12,2006-09-12T23:05:00Z,R,Regular Season,N,1,Final,F,New York Mets,121,6,Florida Marlins,146,4,Guillermo Mota,Chris Resop,Billy Wagner,9,Dolphin Stadium,night,2,3,False,,
42104,2006,2006-09-12,2006-09-12T23:05:00Z,R,Regular Season,N,1,Final,F,Tampa Bay Devil Rays,139,4,New York Yankees,147,12,Mike Mussina,Tim Corcoran,,9,Yankee Stadium I,night,1,3,False,,
42098,2006,2006-09-12,2006-09-12T23:10:00Z,R,Regular Season,N,1,Final,F,San Diego Padres,135,4,Cincinnati Reds,113,5,Scott Schoeneweis,Doug Brocail,,11,Great American Ball Park,night,1,3,False,,
42097,2006,2006-09-12,2006-09-13T00:05:00Z,R,Regular Season,N,1,Final,F,Los Angeles Dodgers,119,8,Chicago Cubs,112,9,David Aardsma,Tim Hamulack,,11,Wrigley Field,night,1,3,False,,
42103,2006,2006-09-12,2006-09-13T00:10:00Z,R,Regular Season,N,1,Final,F,Oakland Athletics,133,5,Minnesota Twins,142,7,Dennys Reyes,Joe Kennedy,Joe Nathan,9,Hubert H. Humphrey Metrodome,night,2,3,False,,
42108,2006,2006-09-12,2006-09-13T00:10:00Z,R,Regular Season,N,1,Final,F,Houston Astros,117,5,St. Louis Cardinals,138,6,Braden Looper,Brad Lidge,,9,Busch Stadium,night,2,3,False,,
42094,2006,2006-09-12,2006-09-13T01:40:00Z,R,Regular Season,N,1,Final,F,Washington Nationals,120,5,Arizona Diamondbacks,109,4,Felix Rodriguez,Ramon Pena,Chad Cordero,9,Chase Field,night,2,3,False,,
42102,2006,2006-09-12,2006-09-13T02:05:00Z,R,Regular Season,N,1,Final,F,Chicago White Sox,145,3,Los Angeles Angels,108,4,Hector Carrasco,Bobby Jenks,,11,Angel Stadium of Anaheim,night,2,3,False,,
42107,2006,2006-09-12,2006-09-13T02:05:00Z,R,Regular Season,N,1,Final,F,Toronto Blue Jays,141,2,Seattle Mariners,136,4,Gil Meche,Shaun Marcum,J.J. Putz,9,Safeco Field,night,2,3,False,,
42106,2006,2006-09-12,2006-09-13T02:15:00Z,R,Regular Season,N,1,Final,F,Colorado Rockies,115,6,San Francisco Giants,137,10,Kevin Correia,Denny Bautista,,9,AT&T Park,night,1,3,False,,
42120,2006,2006-09-13,2006-09-13T16:35:00Z,R,Regular Season,Y,1,Final,F,Milwaukee Brewers,158,3,Pittsburgh Pirates,134,6,Ian Snell,Chris Capuano,Salomon Torres,9,PNC Park,day,2,3,False,,
42105,2006,2006-09-13,2006-09-13T16:40:00Z,R,Regular Season,Y,2,Final,F,Milwaukee Brewers,158,2,Pittsburgh Pirates,134,1,Ben Sheets,Shawn Chacon,Francisco Cordero,9,PNC Park,day,3,3,False,,
42118,2006,2006-09-13,2006-09-13T17:10:00Z,R,Regular Season,N,1,Final,F,Oakland Athletics,133,1,Minnesota Twins,142,0,Dan Haren,Matt Garza,Huston Street,9,Hubert H. Humphrey Metrodome,day,3,3,False,,
42123,2006,2006-09-13,2006-09-13T18:10:00Z,R,Regular Season,N,1,Final,F,Houston Astros,117,5,St. Louis Cardinals,138,1,Roy Oswalt,Jason Marquis,Dan Wheeler,9,Busch Stadium,day,3,3,False,,
42117,2006,2006-09-13,2006-09-13T19:35:00Z,R,Regular Season,N,1,Final,F,Chicago White Sox,145,9,Los Angeles Angels,108,0,Freddy Garcia,Joe Saunders,,9,Angel Stadium of Anaheim,day,3,3,False,,
42110,2006,2006-09-13,2006-09-13T20:35:00Z,R,Regular Season,Y,1,Final,F,Philadelphia Phillies,143,6,Atlanta Braves,144,5,Rick White,Chad Paronto,Tom Gordon,9,Turner Field,night,1,3,False,,
42122,2006,2006-09-13,2006-09-13T20:35:00Z,R,Regular Season,N,1,Final,F,Toronto Blue Jays,141,10,Seattle Mariners,136,0,A.J. Burnett,Cha Seung Baek,,9,Safeco Field,day,3,3,False,,
42095,2006,2006-09-13,2006-09-13T20:40:00Z,R,Regular Season,Y,2,Final,F,Philadelphia Phillies,143,7,Atlanta Braves,144,2,Jon Lieber,Tim Hudson,,9,Turner Field,night,2,3,False,,
42109,2006,2006-09-13,2006-09-13T22:40:00Z,R,Regular Season,N,1,Final,F,Washington Nationals,120,2,Arizona Diamondbacks,109,4,Livan Hernandez,Tony Armas,Jose Valverde,9,Chase Field,day,3,3,False,,
42111,2006,2006-09-13,2006-09-13T23:05:00Z,R,Regular Season,N,1,Final,F,Boston Red Sox,111,0,Baltimore Orioles,110,4,Erik Bedard,Tim Wakefield,,9,Oriole Park at Camden Yards,night,2,3,False,,
42114,2006,2006-09-13,2006-09-13T23:05:00Z,R,Regular Season,N,1,Final,F,Kansas City Royals,118,6,Cleveland Indians,114,2,Jorge De La Rosa,Jake Westbrook,,9,Jacobs Field,night,2,2,False,,
42115,2006,2006-09-13,2006-09-13T23:05:00Z,R,Regular Season,N,1,Final,F,Texas Rangers,140,11,Detroit Tigers,116,3,Kevin Millwood,Justin Verlander,,9,Comerica Park,night,2,2,False,,
42116,2006,2006-09-13,2006-09-13T23:05:00Z,R,Regular Season,N,1,Final,F,New York Mets,121,7,Florida Marlins,146,4,Aaron Heilman,Matt Herges,Billy Wagner,11,Dolphin Stadium,night,3,3,False,,
42119,2006,2006-09-13,2006-09-13T23:05:00Z,R,Regular Season,N,1,Final,F,Tampa Bay Devil Rays,139,4,New York Yankees,147,8,Brian Bruney,Jason Hammel,,9,Yankee Stadium I,night,2,3,False,,
42113,2006,2006-09-13,2006-09-13T23:10:00Z,R,Regular Season,N,1,Final,F,San Diego Padres,135,10,Cincinnati Reds,113,0,Jake Peavy,Kyle Lohse,,9,Great American Ball Park,night,2,3,False,,
42112,2006,2006-09-13,2006-09-14T00:05:00Z,R,Regular Season,N,1,Final,F,Los Angeles Dodgers,119,6,Chicago Cubs,112,0,Brad Penny,Angel Guzman,,9,Wrigley Field,night,2,3,False,,
42121,2006,2006-09-13,2006-09-14T02:15:00Z,R,Regular Season,N,1,Final,F,Colorado Rockies,115,9,San Francisco Giants,137,8,Jason Jennings,Noah Lowry,Brian Fuentes,9,AT&T Park,night,2,3,False,,
42127,2006,2006-09-14,2006-09-14T16:35:00Z,R,Regular Season,N,1,Final,F,San Diego Padres,135,4,Cincinnati Reds,113,2,Clay Hensley,Aaron Harang,Trevor Hoffman,9,Great American Ball Park,day,3,3,False,,
42126,2006,2006-09-14,2006-09-14T18:20:00Z,R,Regular Season,N,1,Final,F,Los Angeles Dodgers,119,5,Chicago Cubs,112,6,Scott Eyre,Brett Tomko,Bob Howry,9,Wrigley Field,day,3,3,False,,
42131,2006,2006-09-14,2006-09-14T19:35:00Z,R,Regular Season,N,1,Final,F,Colorado Rockies,115,0,San Francisco Giants,137,5,Matt Cain,Aaron Cook,,9,AT&T Park,day,3,3,False,,
42125,2006,2006-09-14,2006-09-14T23:05:00Z,R,Regular Season,N,1,Final,F,Boston Red Sox,111,6,Baltimore Orioles,110,5,Keith Foulke,Rodrigo Lopez,Mike Timlin,9,Oriole Park at Camden Yards,night,3,3,False,,
42128,2006,2006-09-14,2006-09-14T23:05:00Z,R,Regular Season,N,1,Final,F,Minnesota Twins,142,9,Cleveland Indians,114,4,Jesse Crain,Jason Davis,,9,Jacobs Field,night,1,4,False,,
42130,2006,2006-09-14,2006-09-14T23:05:00Z,R,Regular Season,N,1,Final,F,Tampa Bay Devil Rays,139,4,New York Yankees,147,7,Darrell Rasner,Ruddy Lugo,,9,Yankee Stadium I,night,3,3,False,,
42124,2006,2006-09-14,2006-09-14T23:35:00Z,R,Regular Season,N,1,Final,F,Philadelphia Phillies,143,1,Atlanta Braves,144,4,Chuck James,Jamie Moyer,Bob Wickman,9,Turner Field,night,3,3,False,,
42132,2006,2006-09-14,2006-09-15T00:05:00Z,R,Regular Season,N,1,Final,F,Los Angeles Angels,108,2,Texas Rangers,140,1,Hector Carrasco,Edinson Volquez,Francisco Rodríguez,9,Ameriquest Field,night,1,4,False,,
42129,2006,2006-09-14,2006-09-15T00:10:00Z,R,Regular Season,N,1,Final,F,Seattle Mariners,136,8,Kansas City Royals,118,10,Odalis Perez,Jarrod Washburn,,9,Kauffman Stadium,night,1,4,False,,
42135,2006,2006-09-15,2006-09-15T18:20:00Z,R,Regular Season,N,1,Final,F,Cincinnati Reds,113,4,Chicago Cubs,112,0,Bronson Arroyo,Carlos Marmol,,9,Wrigley Field,day,1,3,False,,
42136,2006,2006-09-15,2006-09-15T23:05:00Z,R,Regular Season,N,1,Final,F,Minnesota Twins,142,4,Cleveland Indians,114,5,Fernando Cabrera,Pat Neshek,,10,Jacobs Field,night,2,4,False,,
42137,2006,2006-09-15,2006-09-15T23:05:00Z,R,Regular Season,N,1,Final,F,Baltimore Orioles,110,2,Detroit Tigers,116,17,Jeremy Bonderman,Hayden Penn,,9,Comerica Park,night,1,3,False,,
42143,2006,2006-09-15,2006-09-15T23:05:00Z,R,Regular Season,N,1,Final,F,New York Mets,121,3,Pittsburgh Pirates,134,5,Paul Maholm,Pedro Martínez,Salomon Torres,9,PNC Park,night,1,3,False,,
42147,2006,2006-09-15,2006-09-15T23:05:00Z,R,Regular Season,N,1,Final,F,Milwaukee Brewers,158,5,Washington Nationals,120,2,Carlos Villanueva,Ramón Ortiz,Francisco Cordero,9,Robert F. Kennedy Memorial Stadium,night,1,3,False,,
42146,2006,2006-09-15,2006-09-15T23:07:00Z,R,Regular Season,N,1,Final,F,Tampa Bay Devil Rays,139,4,Toronto Blue Jays,141,5,B.J. Ryan,Brian Meadows,,10,Rogers Centre,night,1,3,False,,
42134,2006,2006-09-15,2006-09-15T23:35:00Z,R,Regular Season,N,1,Final,F,Florida Marlins,146,6,Atlanta Braves,144,4,Dontrelle Willis,Lance Cormier,Joe Borowski,9,Turner Field,night,1,3,False,,
42138,2006,2006-09-15,2006-09-16T00:05:00Z,R,Regular Season,N,1,Final,F,Philadelphia Phillies,143,4,Houston Astros,117,3,Brett Myers,Roger Clemens,Tom Gordon,9,Minute Maid Park,night,1,3,False,,
42139,2006,2006-09-15,2006-09-16T00:10:00Z,R,Regular Season,N,1,Final,F,Seattle Mariners,136,11,Kansas City Royals,118,8,Jake Woods,Ryan Braun,,9,Kauffman Stadium,night,2,4,False,,
42144,2006,2006-09-15,2006-09-16T00:10:00Z,R,Regular Season,N,1,Final,F,San Francisco Giants,137,4,St. Louis Cardinals,138,14,Jeff Suppan,Brad Hennessey,,9,Busch Stadium,night,1,2,False,,
42145,2006,2006-09-15,2006-09-16T00:35:00Z,R,Regular Season,N,1,Final,F,Los Angeles Angels,108,2,Texas Rangers,140,1,Brendan Donnelly,Frank Francisco,,11,Ameriquest Field,night,2,4,False,,
42133,2006,2006-09-15,2006-09-16T01:40:00Z,R,Regular Season,N,1,Final,F,Colorado Rockies,115,1,Arizona Diamondbacks,109,5,Brandon Webb,Byung-Hyun Kim,,9,Chase Field,night,1,3,False,,
42142,2006,2006-09-15,2006-09-16T02:05:00Z,R,Regular Season,N,1,Final,F,Chicago White Sox,145,2,Oakland Athletics,133,4,Esteban Loaiza,Jon Garland,Huston Street,9,McAfee Coliseum,night,1,3,False,,
42140,2006,2006-09-15,2006-09-16T02:40:00Z,R,Regular Season,N,1,Final,F,San Diego Padres,135,1,Los Angeles Dodgers,119,3,Greg Maddux,David Wells,Takashi Saito,9,Dodger Stadium,night,1,4,False,,
42156,2006,2006-09-16,2006-09-16T17:20:00Z,R,Regular Season,S,1,Final,F,Boston Red Sox,111,5,New York Yankees,147,2,Josh Beckett,Chien-Ming Wang,Mike Timlin,9,Yankee Stadium I,day,1,4,False,,
42153,2006,2006-09-16,2006-09-16T17:45:00Z,R,Regular Season,N,1,Final,F,Philadelphia Phillies,143,7,Houston Astros,117,2,Cole Hamels,Jason Hirsh,,9,Minute Maid Park,day,2,3,False,,
42150,2006,2006-09-16,2006-09-16T20:05:00Z,R,Regular Season,N,1,Final,F,Cincinnati Reds,113,0,Chicago Cubs,112,4,Rich Hill,Chris Michalak,,9,Wrigley Field,day,2,3,False,,
42157,2006,2006-09-16,2006-09-16T20:05:00Z,R,Regular Season,N,1,Final,F,Chicago White Sox,145,4,Oakland Athletics,133,7,Barry Zito,Matt Thornton,Huston Street,9,McAfee Coliseum,day,2,3,False,,
42159,2006,2006-09-16,2006-09-16T20:05:00Z,R,Regular Season,N,1,Final,F,San Francisco Giants,137,1,St. Louis Cardinals,138,6,Chris Carpenter,Matt Morris,,9,Busch Stadium,day,2,2,False,,
42161,2006,2006-09-16,2006-09-16T20:07:00Z,R,Regular Season,N,1,Final,F,Tampa Bay Devil Rays,139,1,Toronto Blue Jays,141,6,Ted Lilly,J.P. Howell,,9,Rogers Centre,day,2,3,False,,
42149,2006,2006-09-16,2006-09-16T23:05:00Z,R,Regular Season,N,1,Final,F,Florida Marlins,146,1,Atlanta Braves,144,2,John Smoltz,Aníbal Sánchez,Bob Wickman,9,Turner Field,night,2,3,False,,
42151,2006,2006-09-16,2006-09-16T23:05:00Z,R,Regular Season,N,1,Final,F,Minnesota Twins,142,4,Cleveland Indians,114,1,Carlos Silva,CC Sabathia,Joe Nathan,9,Jacobs Field,night,3,4,False,,
42152,2006,2006-09-16,2006-09-16T23:05:00Z,R,Regular Season,N,1,Final,F,Baltimore Orioles,110,0,Detroit Tigers,116,2,Nate Robertson,Kris Benson,Todd Jones,9,Comerica Park,night,2,3,False,,
42158,2006,2006-09-16,2006-09-16T23:05:00Z,R,Regular Season,N,1,Final,F,New York Mets,121,2,Pittsburgh Pirates,134,3,Matt Capps,Aaron Heilman,,9,PNC Park,night,2,3,False,,
42162,2006,2006-09-16,2006-09-16T23:05:00Z,R,Regular Season,N,1,Final,F,Milwaukee Brewers,158,5,Washington Nationals,120,8,Pedro Astacio,Dave Bush,Chad Cordero,9,Robert F. Kennedy Memorial Stadium,night,2,3,False,,
42154,2006,2006-09-16,2006-09-16T23:10:00Z,R,Regular Season,N,1,Final,F,Seattle Mariners,136,4,Kansas City Royals,118,7,Mark Redman,Joel Pineiro,Joe Nelson,9,Kauffman Stadium,night,3,4,False,,
40829,2006,2006-09-16,2006-09-17T00:05:00Z,R,Regular Season,S,2,Final,F,Boston Red Sox,111,5,New York Yankees,147,7,Scott Proctor,Craig Breslow,Kyle Farnsworth,9,Yankee Stadium I,night,2,4,False,,
42160,2006,2006-09-16,2006-09-17T00:05:00Z,R,Regular Season,N,1,Final,F,Los Angeles Angels,108,6,Texas Rangers,140,12,Adam Eaton,John Lackey,,9,Ameriquest Field,night,3,4,False,,
42148,2006,2006-09-16,2006-09-17T01:40:00Z,R,Regular Season,N,1,Final,F,Colorado Rockies,115,6,Arizona Diamondbacks,109,7,Jorge Julio,Jeremy Affeldt,,16,Chase Field,night,2,3,False,,
42155,2006,2006-09-16,2006-09-17T02:10:00Z,R,Regular Season,N,1,Final,F,San Diego Padres,135,11,Los Angeles Dodgers,119,2,Woody Williams,Chad Billingsley,Brian Sweeney,9,Dodger Stadium,night,2,4,False,,
42141,2006,2006-09-17,2006-09-17T17:05:00Z,R,Regular Season,S,1,Final,F,Boston Red Sox,111,6,New York Yankees,147,3,Bryan Corey,Ron Villone,Mike Timlin,9,Yankee Stadium I,day,3,4,False,,
42164,2006,2006-09-17,2006-09-17T17:05:00Z,R,Regular Season,N,1,Final,F,Florida Marlins,146,7,Atlanta Braves,144,8,Kevin Barry,Joe Borowski,,10,Turner Field,day,3,3,False,,
42166,2006,2006-09-17,2006-09-17T17:05:00Z,R,Regular Season,N,1,Final,F,Minnesota Twins,142,6,Cleveland Indians,114,1,Scott Baker,Paul Byrd,Matt Guerrier,9,Jacobs Field,day,4,4,False,,
42167,2006,2006-09-17,2006-09-17T17:05:00Z,R,Regular Season,N,1,Final,F,Baltimore Orioles,110,12,Detroit Tigers,116,8,Chris Ray,Jason Grilli,,10,Comerica Park,day,3,3,False,,
42177,2006,2006-09-17,2006-09-17T17:05:00Z,R,Regular Season,N,1,Final,F,Milwaukee Brewers,158,1,Washington Nationals,120,6,Saul Rivera,Doug Davis,,9,Robert F. Kennedy Memorial Stadium,day,3,3,False,,
42176,2006,2006-09-17,2006-09-17T17:07:00Z,R,Regular Season,N,1,Final,F,Tampa Bay Devil Rays,139,3,Toronto Blue Jays,141,5,Justin Speier,Shawn Camp,B.J. Ryan,9,Rogers Centre,day,3,3,False,,
42173,2006,2006-09-17,2006-09-17T17:35:00Z,R,Regular Season,N,1,Final,F,New York Mets,121,0,Pittsburgh Pirates,134,3,Zach Duke,John Maine,Salomon Torres,9,PNC Park,day,3,3,False,,
42168,2006,2006-09-17,2006-09-17T18:05:00Z,R,Regular Season,N,1,Final,F,Philadelphia Phillies,143,6,Houston Astros,117,4,Randy Wolf,Wandy Rodriguez,Tom Gordon,9,Minute Maid Park,day,3,3,False,,
42175,2006,2006-09-17,2006-09-17T18:05:00Z,R,Regular Season,N,1,Final,F,Los Angeles Angels,108,1,Texas Rangers,140,8,Vicente Padilla,Ervin Santana,,9,Ameriquest Field,day,4,4,False,,
42169,2006,2006-09-17,2006-09-17T18:10:00Z,R,Regular Season,N,1,Final,F,Seattle Mariners,136,10,Kansas City Royals,118,5,Gil Meche,Jimmy Gobble,,9,Kauffman Stadium,day,4,4,False,,
42165,2006,2006-09-17,2006-09-17T18:20:00Z,R,Regular Season,N,1,Final,F,Cincinnati Reds,113,3,Chicago Cubs,112,11,Carlos Zambrano,Eric Milton,,9,Wrigley Field,day,3,3,False,,
42172,2006,2006-09-17,2006-09-17T20:05:00Z,R,Regular Season,N,1,Final,F,Chicago White Sox,145,4,Oakland Athletics,133,5,Joe Blanton,Jose Contreras,Justin Duchscherer,9,McAfee Coliseum,day,3,3,False,,
42170,2006,2006-09-17,2006-09-17T20:10:00Z,R,Regular Season,N,1,Final,F,San Diego Padres,135,2,Los Angeles Dodgers,119,1,Scott Linebrink,Jonathan Broxton,Trevor Hoffman,9,Dodger Stadium,day,3,4,False,,
42163,2006,2006-09-17,2006-09-17T20:40:00Z,R,Regular Season,N,1,Final,F,Colorado Rockies,115,6,Arizona Diamondbacks,109,1,Jeff Francis,Miguel Batista,,9,Chase Field,day,3,3,False,,
42171,2006,2006-09-17,2006-09-18T00:05:00Z,R,Regular Season,S,2,Final,F,Boston Red Sox,111,5,New York Yankees,147,4,Javier López,Kyle Farnsworth,Mike Timlin,9,Yankee Stadium I,night,4,4,False,,
40203,2006,2006-09-18,2006-09-18T23:05:00Z,R,Regular Season,N,1,Final,F,Atlanta Braves,144,6,Washington Nationals,120,1,Kyle Davies,Tony Armas,,9,Robert F. Kennedy Memorial Stadium,night,1,3,False,,
42185,2006,2006-09-18,2006-09-18T23:05:00Z,R,Regular Season,N,1,Final,F,Chicago Cubs,112,11,Philadelphia Phillies,143,6,Michael Wuertz,Jon Lieber,,9,Citizens Bank Park,night,1,3,False,,
42188,2006,2006-09-18,2006-09-18T23:07:00Z,R,Regular Season,N,1,Final,F,New York Yankees,147,7,Toronto Blue Jays,141,6,Darrell Rasner,A.J. Burnett,Jose Veras,9,Rogers Centre,night,1,3,False,,
42183,2006,2006-09-18,2006-09-18T23:10:00Z,R,Regular Season,N,1,Final,F,Florida Marlins,146,0,New York Mets,121,4,Steve Trachsel,Brian Moehler,,9,Shea Stadium,night,1,4,False,,
42186,2006,2006-09-18,2006-09-18T23:15:00Z,R,Regular Season,N,1,Final,F,Baltimore Orioles,110,4,Tampa Bay Devil Rays,139,1,Erik Bedard,Tim Corcoran,Chris Ray,9,Tropicana Field,night,1,3,False,,
42178,2006,2006-09-18,2006-09-19T00:05:00Z,R,Regular Season,N,1,Final,F,Detroit Tigers,116,8,Chicago White Sox,145,2,Kenny Rogers,Mark Buehrle,,9,U.S. Cellular Field,night,1,3,False,,
42180,2006,2006-09-18,2006-09-19T00:05:00Z,R,Regular Season,N,1,Final,F,Cincinnati Reds,113,3,Houston Astros,117,5,Roy Oswalt,Kyle Lohse,Dan Wheeler,9,Minute Maid Park,night,1,3,False,,
42182,2006,2006-09-18,2006-09-19T00:05:00Z,R,Regular Season,N,1,Final,F,St. Louis Cardinals,138,3,Milwaukee Brewers,158,4,Francisco Cordero,Braden Looper,,9,Miller Park,night,1,3,False,,
42187,2006,2006-09-18,2006-09-19T00:05:00Z,R,Regular Season,N,1,Final,F,Seattle Mariners,136,1,Texas Rangers,140,8,Kevin Millwood,Félix Hernández,,9,Ameriquest Field,night,1,3,False,,
42179,2006,2006-09-18,2006-09-19T00:35:00Z,R,Regular Season,N,1,Final,F,San Francisco Giants,137,8,Colorado Rockies,115,20,Justin Hampson,Noah Lowry,,9,Coors Field,night,1,3,False,,
42184,2006,2006-09-18,2006-09-19T02:05:00Z,R,Regular Season,N,1,Final,F,Cleveland Indians,114,7,Oakland Athletics,133,2,Jake Westbrook,Dan Haren,,9,McAfee Coliseum,night,1,4,False,,
42181,2006,2006-09-18,2006-09-19T02:10:00Z,R,Regular Season,N,1,Final,F,San Diego Padres,135,10,Los Angeles Dodgers,119,11,Aaron Sele,Rudy Seanez,,10,Dodger Stadium,night,4,4,False,,
42189,2006,2006-09-19,2006-09-19T23:05:00Z,R,Regular Season,N,1,Final,F,Minnesota Twins,142,7,Boston Red Sox,111,3,Matt Garza,Tim Wakefield,,9,Fenway Park,night,1,3,False,,
42198,2006,2006-09-19,2006-09-19T23:05:00Z,R,Regular Season,N,1,Final,F,Chicago Cubs,112,1,Philadelphia Phillies,143,4,Jamie Moyer,Wade Miller,Tom Gordon,9,Citizens Bank Park,night,2,3,False,,
42203,2006,2006-09-19,2006-09-19T23:05:00Z,R,Regular Season,N,1,Final,F,Atlanta Braves,144,2,Washington Nationals,120,9,Beltran Perez,Chuck James,,9,Robert F. Kennedy Memorial Stadium,night,2,3,False,,
42202,2006,2006-09-19,2006-09-19T23:07:00Z,R,Regular Season,N,1,Final,F,New York Yankees,147,6,Toronto Blue Jays,141,3,Jeff Karstens,Jason Frasor,Kyle Farnsworth,9,Rogers Centre,night,2,3,False,,
42196,2006,2006-09-19,2006-09-19T23:10:00Z,R,Regular Season,N,1,Final,F,Florida Marlins,146,2,New York Mets,121,3,Tom Glavine,Chris Resop,Billy Wagner,9,Shea Stadium,night,2,4,False,,
42200,2006,2006-09-19,2006-09-19T23:15:00Z,R,Regular Season,N,1,Final,F,Baltimore Orioles,110,5,Tampa Bay Devil Rays,139,4,Adam Loewen,Jason Hammel,Chris Britton,9,Tropicana Field,night,2,3,False,,
42190,2006,2006-09-19,2006-09-20T00:05:00Z,R,Regular Season,N,1,Final,F,Detroit Tigers,116,0,Chicago White Sox,145,7,Freddy Garcia,Justin Verlander,,9,U.S. Cellular Field,night,2,3,False,,
42192,2006,2006-09-19,2006-09-20T00:05:00Z,R,Regular Season,N,1,Final,F,Cincinnati Reds,113,5,Houston Astros,117,4,Aaron Harang,Matt Albers,David Weathers,9,Minute Maid Park,night,2,3,False,,
42195,2006,2006-09-19,2006-09-20T00:05:00Z,R,Regular Season,N,1,Final,F,St. Louis Cardinals,138,12,Milwaukee Brewers,158,2,Jeff Weaver,Ben Sheets,,9,Miller Park,night,2,3,False,,
42201,2006,2006-09-19,2006-09-20T00:05:00Z,R,Regular Season,N,1,Final,F,Seattle Mariners,136,9,Texas Rangers,140,7,Jon Huber,C.J. Wilson,J.J. Putz,10,Ameriquest Field,night,2,3,False,,
42193,2006,2006-09-19,2006-09-20T00:10:00Z,R,Regular Season,N,1,Final,F,Los Angeles Angels,108,5,Kansas City Royals,118,2,Joe Saunders,Jorge De La Rosa,Francisco Rodríguez,9,Kauffman Stadium,night,1,2,False,,
42191,2006,2006-09-19,2006-09-20T00:35:00Z,R,Regular Season,N,1,Final,F,San Francisco Giants,137,4,Colorado Rockies,115,12,Jason Jennings,Matt Cain,Jeremy Affeldt,9,Coors Field,night,2,3,False,,
42197,2006,2006-09-19,2006-09-20T02:05:00Z,R,Regular Season,N,1,Final,F,Cleveland Indians,114,3,Oakland Athletics,133,7,Chad Gaudin,Cliff Lee,,9,McAfee Coliseum,night,2,4,False,,
42199,2006,2006-09-19,2006-09-20T02:05:00Z,R,Regular Season,N,1,Final,F,Arizona Diamondbacks,109,2,San Diego Padres,135,5,Clay Hensley,Livan Hernandez,Trevor Hoffman,9,PETCO Park,night,1,3,False,,
42194,2006,2006-09-19,2006-09-20T02:10:00Z,R,Regular Season,N,1,Final,F,Pittsburgh Pirates,134,10,Los Angeles Dodgers,119,6,Ian Snell,Hung-Chih Kuo,,9,Dodger Stadium,night,1,3,False,,
42207,2006,2006-09-20,2006-09-20T18:05:00Z,R,Regular Season,N,1,Final,F,Cincinnati Reds,113,2,Houston Astros,117,7,Roger Clemens,Bronson Arroyo,,9,Minute Maid Park,day,3,3,False,,
42206,2006,2006-09-20,2006-09-20T19:05:00Z,R,Regular Season,N,1,Final,F,San Francisco Giants,137,7,Colorado Rockies,115,4,Brian Wilson,Manny Corpas,Mike Stanton,9,Coors Field,day,3,3,False,,
42215,2006,2006-09-20,2006-09-20T20:15:00Z,R,Regular Season,N,1,Final,F,Baltimore Orioles,110,2,Tampa Bay Devil Rays,139,4,Seth McClung,Rodrigo Lopez,,9,Tropicana Field,day,3,3,False,,
42204,2006,2006-09-20,2006-09-20T23:05:00Z,R,Regular Season,N,1,Final,F,Minnesota Twins,142,8,Boston Red Sox,111,2,Boof Bonser,Craig Hansen,,9,Fenway Park,night,2,3,False,,
42213,2006,2006-09-20,2006-09-20T23:05:00Z,R,Regular Season,N,1,Final,F,Chicago Cubs,112,2,Philadelphia Phillies,143,6,Brett Myers,Les Walrond,,9,Citizens Bank Park,night,3,3,False,,
42218,2006,2006-09-20,2006-09-20T23:05:00Z,R,Regular Season,N,1,Final,F,Atlanta Braves,144,7,Washington Nationals,120,3,Lance Cormier,Ramón Ortiz,,9,Robert F. Kennedy Memorial Stadium,night,3,3,False,,
42217,2006,2006-09-20,2006-09-20T23:07:00Z,R,Regular Season,N,1,Final,F,New York Yankees,147,2,Toronto Blue Jays,141,3,Davis Romero,Sean Henn,B.J. Ryan,9,Rogers Centre,night,3,3,False,,
42211,2006,2006-09-20,2006-09-20T23:10:00Z,R,Regular Season,N,1,Final,F,Florida Marlins,146,6,New York Mets,121,3,Dontrelle Willis,Oliver Pérez,Joe Borowski,9,Shea Stadium,night,3,4,False,,
42205,2006,2006-09-20,2006-09-21T00:05:00Z,R,Regular Season,N,1,Final,F,Detroit Tigers,116,6,Chicago White Sox,145,2,Jeremy Bonderman,Jon Garland,,9,U.S. Cellular Field,night,3,3,False,,
42210,2006,2006-09-20,2006-09-21T00:05:00Z,R,Regular Season,N,1,Final,F,St. Louis Cardinals,138,0,Milwaukee Brewers,158,1,Francisco Cordero,Tyler Johnson,,9,Miller Park,night,3,3,False,,
42216,2006,2006-09-20,2006-09-21T00:05:00Z,R,Regular Season,N,1,Final,F,Seattle Mariners,136,6,Texas Rangers,140,3,Cha Seung Baek,Robinson Tejeda,J.J. Putz,9,Ameriquest Field,night,3,3,False,,
42208,2006,2006-09-20,2006-09-21T00:10:00Z,R,Regular Season,N,1,Final,F,Los Angeles Angels,108,3,Kansas City Royals,118,0,Kelvim Escobar,Odalis Perez,Francisco Rodríguez,9,Kauffman Stadium,night,2,2,False,,
42212,2006,2006-09-20,2006-09-21T02:05:00Z,R,Regular Season,N,1,Final,F,Cleveland Indians,114,3,Oakland Athletics,133,4,Esteban Loaiza,Fernando Cabrera,Huston Street,9,McAfee Coliseum,night,3,4,False,,
42214,2006,2006-09-20,2006-09-21T02:05:00Z,R,Regular Season,N,1,Final,F,Arizona Diamondbacks,109,8,San Diego Padres,135,2,Édgar González,David Wells,,9,PETCO Park,night,2,3,False,,
42209,2006,2006-09-20,2006-09-21T02:10:00Z,R,Regular Season,N,1,Final,F,Pittsburgh Pirates,134,6,Los Angeles Dodgers,119,4,Shawn Chacon,Greg Maddux,Salomon Torres,9,Dodger Stadium,night,2,3,False,,
42226,2006,2006-09-21,2006-09-21T19:35:00Z,R,Regular Season,N,1,Final,F,Cleveland Indians,114,4,Oakland Athletics,133,7,Chad Gaudin,CC Sabathia,Huston Street,9,McAfee Coliseum,day,4,4,False,,
40452,2006,2006-09-21,2006-09-21T20:05:00Z,R,Regular Season,N,1,Final,F,Detroit Tigers,116,3,Baltimore Orioles,110,4,Kris Benson,Fernando Rodney,Chris Ray,9,Oriole Park at Camden Yards,day,1,1,False,,
42219,2006,2006-09-21,2006-09-21T23:05:00Z,R,Regular Season,N,1,Final,F,Minnesota Twins,142,0,Boston Red Sox,111,6,Josh Beckett,Johan Santana,,9,Fenway Park,night,3,3,False,,
42225,2006,2006-09-21,2006-09-21T23:10:00Z,R,Regular Season,N,1,Final,F,Florida Marlins,146,5,New York Mets,121,2,Aníbal Sánchez,Pedro Martínez,Joe Borowski,9,Shea Stadium,night,4,4,False,,
42220,2006,2006-09-21,2006-09-22T00:05:00Z,R,Regular Season,N,1,Final,F,Seattle Mariners,136,9,Chicago White Sox,145,0,Jake Woods,Javier Vazquez,,9,U.S. Cellular Field,night,1,4,False,,
42222,2006,2006-09-21,2006-09-22T00:05:00Z,R,Regular Season,N,1,Final,F,St. Louis Cardinals,138,5,Houston Astros,117,6,Dave Borkowski,Chris Carpenter,Dan Wheeler,9,Minute Maid Park,night,1,4,False,,
42224,2006,2006-09-21,2006-09-22T00:05:00Z,R,Regular Season,N,1,Final,F,San Francisco Giants,137,4,Milwaukee Brewers,158,9,Dave Bush,Matt Morris,,9,Miller Park,night,1,4,False,,
42221,2006,2006-09-21,2006-09-22T00:35:00Z,R,Regular Season,N,1,Final,F,Atlanta Braves,144,6,Colorado Rockies,115,3,John Smoltz,Byung-Hyun Kim,Bob Wickman,9,Coors Field,night,1,4,False,,
42227,2006,2006-09-21,2006-09-22T02:05:00Z,R,Regular Season,N,1,Final,F,Arizona Diamondbacks,109,1,San Diego Padres,135,3,Woody Williams,Brandon Webb,Trevor Hoffman,9,PETCO Park,night,3,3,False,,
42223,2006,2006-09-21,2006-09-22T02:10:00Z,R,Regular Season,N,1,Final,F,Pittsburgh Pirates,134,2,Los Angeles Dodgers,119,5,Chad Billingsley,Shane Youman,Takashi Saito,9,Dodger Stadium,night,3,3,False,,
42228,2006,2006-09-22,2006-09-22T23:05:00Z,R,Regular Season,N,1,Final,F,Minnesota Twins,142,3,Baltimore Orioles,110,7,Daniel Cabrera,Carlos Silva,,9,Oriole Park at Camden Yards,night,1,3,False,,
42232,2006,2006-09-22,2006-09-22T23:05:00Z,R,Regular Season,N,1,Final,F,St. Louis Cardinals,138,5,Houston Astros,117,6,Chad Qualls,Braden Looper,,9,Minute Maid Park,night,2,4,False,,
42238,2006,2006-09-22,2006-09-22T23:05:00Z,R,Regular Season,N,1,Final,F,Florida Marlins,146,2,Philadelphia Phillies,143,5,Cole Hamels,Ricky Nolasco,Tom Gordon,9,Citizens Bank Park,night,1,3,False,,
42242,2006,2006-09-22,2006-09-22T23:07:00Z,R,Regular Season,N,1,Final,F,Boston Red Sox,111,7,Toronto Blue Jays,141,1,Julian Tavarez,Ted Lilly,,9,Rogers Centre,night,1,4,False,,
42230,2006,2006-09-22,2006-09-22T23:10:00Z,R,Regular Season,N,1,Completed Early,F,Chicago Cubs,112,2,Cincinnati Reds,113,4,Chris Michalak,Rich Hill,Todd Coffey,5,Great American Ball Park,night,1,4,False,,
42236,2006,2006-09-22,2006-09-22T23:10:00Z,R,Regular Season,N,1,Final,F,Washington Nationals,120,3,New York Mets,121,2,Pedro Astacio,Orlando Hernandez,Chad Cordero,9,Shea Stadium,night,1,4,False,,
42240,2006,2006-09-22,2006-09-22T23:15:00Z,R,Regular Season,N,1,Final,F,New York Yankees,147,4,Tampa Bay Devil Rays,139,1,Chien-Ming Wang,James Shields,Mariano Rivera,9,Tropicana Field,night,1,4,False,,
42231,2006,2006-09-22,2006-09-23T00:05:00Z,R,Regular Season,N,1,Final,F,Atlanta Braves,144,4,Colorado Rockies,115,6,Josh Fogg,Tim Hudson,Brian Fuentes,9,Coors Field,night,2,4,False,,
42235,2006,2006-09-22,2006-09-23T00:05:00Z,R,Regular Season,N,1,Final,F,San Francisco Giants,137,12,Milwaukee Brewers,158,13,Jose Capellan,Vinnie Chulk,Francisco Cordero,9,Miller Park,night,2,4,False,,
42233,2006,2006-09-22,2006-09-23T00:10:00Z,R,Regular Season,N,1,Final,F,Detroit Tigers,116,7,Kansas City Royals,118,3,Wilfredo Ledezma,Luke Hudson,,9,Kauffman Stadium,night,1,3,False,,
42229,2006,2006-09-22,2006-09-23T00:35:00Z,R,Regular Season,N,1,Final,F,Seattle Mariners,136,11,Chicago White Sox,145,6,Emiliano Fruto,Jose Contreras,,9,U.S. Cellular Field,night,2,4,False,,
42241,2006,2006-09-22,2006-09-23T00:35:00Z,R,Regular Season,N,1,Final,F,Cleveland Indians,114,4,Texas Rangers,140,12,Adam Eaton,Paul Byrd,,9,Ameriquest Field,night,1,3,False,,
42237,2006,2006-09-22,2006-09-23T02:05:00Z,R,Regular Season,N,1,Final,F,Los Angeles Angels,108,4,Oakland Athletics,133,5,Brad Halsey,Francisco Rodríguez,,12,McAfee Coliseum,night,1,3,False,,
42239,2006,2006-09-22,2006-09-23T02:05:00Z,R,Regular Season,N,1,Final,F,Pittsburgh Pirates,134,2,San Diego Padres,135,6,Chris Young,Tom Gorzelanny,,9,PETCO Park,night,1,3,False,,
42234,2006,2006-09-22,2006-09-23T02:40:00Z,R,Regular Season,N,1,Final,F,Arizona Diamondbacks,109,0,Los Angeles Dodgers,119,2,Derek Lowe,Claudio Vargas,Takashi Saito,9,Dodger Stadium,night,1,3,False,,
42253,2006,2006-09-23,2006-09-23T17:20:00Z,R,Regular Season,N,1,Final,F,Florida Marlins,146,6,Philadelphia Phillies,143,8,Jon Lieber,Brian Moehler,,9,Citizens Bank Park,day,2,3,False,,
42244,2006,2006-09-23,2006-09-23T17:25:00Z,R,Regular Season,N,1,Final,F,Seattle Mariners,136,7,Chicago White Sox,145,11,Charlie Haeger,Joel Pineiro,,9,U.S. Cellular Field,day,3,4,False,,
42251,2006,2006-09-23,2006-09-23T17:25:00Z,R,Regular Season,N,1,Final,F,Washington Nationals,120,6,New York Mets,121,12,John Maine,Michael O'Connor,,9,Shea Stadium,day,2,4,False,,
42252,2006,2006-09-23,2006-09-23T20:05:00Z,R,Regular Season,N,1,Final,F,Los Angeles Angels,108,6,Oakland Athletics,133,2,John Lackey,Joe Blanton,,9,McAfee Coliseum,day,2,3,False,,
42257,2006,2006-09-23,2006-09-23T20:07:00Z,R,Regular Season,N,1,Final,F,Boston Red Sox,111,3,Toronto Blue Jays,141,5,A.J. Burnett,Devern Hansack,B.J. Ryan,9,Rogers Centre,day,2,4,False,,
42243,2006,2006-09-23,2006-09-23T20:35:00Z,R,Regular Season,N,1,Final,F,Minnesota Twins,142,8,Baltimore Orioles,110,5,Matt Guerrier,Erik Bedard,Joe Nathan,9,Oriole Park at Camden Yards,day,2,3,False,,
42245,2006,2006-09-23,2006-09-23T22:10:00Z,R,Regular Season,N,1,Final,F,Chicago Cubs,112,11,Cincinnati Reds,113,4,Carlos Zambrano,Kyle Lohse,,9,Great American Ball Park,night,2,4,False,,
42247,2006,2006-09-23,2006-09-23T23:05:00Z,R,Regular Season,N,1,Final,F,St. Louis Cardinals,138,4,Houston Astros,117,7,Dan Wheeler,Tyler Johnson,,9,Minute Maid Park,night,3,4,False,,
42250,2006,2006-09-23,2006-09-23T23:05:00Z,R,Regular Season,N,1,Final,F,San Francisco Giants,137,8,Milwaukee Brewers,158,10,Jose Capellan,Jack Taschner,Francisco Cordero,9,Miller Park,night,3,4,False,,
42248,2006,2006-09-23,2006-09-23T23:10:00Z,R,Regular Season,N,1,Final,F,Detroit Tigers,116,15,Kansas City Royals,118,4,Kenny Rogers,Mark Redman,,9,Kauffman Stadium,night,2,3,False,,
42255,2006,2006-09-23,2006-09-23T23:15:00Z,R,Regular Season,N,1,Final,F,New York Yankees,147,0,Tampa Bay Devil Rays,139,8,J.P. Howell,Randy Johnson,,9,Tropicana Field,night,2,4,False,,
42246,2006,2006-09-23,2006-09-24T00:05:00Z,R,Regular Season,N,1,Final,F,Atlanta Braves,144,9,Colorado Rockies,115,10,Jeff Francis,Kyle Davies,Brian Fuentes,9,Coors Field,night,3,4,False,,
42256,2006,2006-09-23,2006-09-24T00:05:00Z,R,Regular Season,N,1,Final,F,Cleveland Indians,114,6,Texas Rangers,140,3,Matt Miller,Vicente Padilla,Rafael Betancourt,9,Ameriquest Field,night,2,3,False,,
42254,2006,2006-09-23,2006-09-24T02:05:00Z,R,Regular Season,N,1,Final,F,Pittsburgh Pirates,134,1,San Diego Padres,135,2,Jake Peavy,Zach Duke,Trevor Hoffman,9,PETCO Park,night,2,3,False,,
42249,2006,2006-09-23,2006-09-24T02:10:00Z,R,Regular Season,N,1,Final,F,Arizona Diamondbacks,109,9,Los Angeles Dodgers,119,3,Miguel Batista,Brad Penny,,9,Dodger Stadium,night,2,3,False,,
42272,2006,2006-09-24,2006-09-24T17:07:00Z,R,Regular Season,N,1,Final,F,Boston Red Sox,111,4,Toronto Blue Jays,141,13,Gustavo Chacín,Kyle Snyder,,9,Rogers Centre,day,3,4,False,,
42266,2006,2006-09-24,2006-09-24T17:10:00Z,R,Regular Season,N,1,Final,F,Washington Nationals,120,5,New York Mets,121,1,Tony Armas,Steve Trachsel,,9,Shea Stadium,day,3,4,False,,
42260,2006,2006-09-24,2006-09-24T17:15:00Z,R,Regular Season,N,1,Final,F,Chicago Cubs,112,2,Cincinnati Reds,113,3,Aaron Harang,Ryan Dempster,,9,Great American Ball Park,day,3,4,False,,
42270,2006,2006-09-24,2006-09-24T17:15:00Z,R,Regular Season,N,1,Final,F,New York Yankees,147,4,Tampa Bay Devil Rays,139,11,Brian Stokes,Mike Mussina,,9,Tropicana Field,day,3,4,False,,
42258,2006,2006-09-24,2006-09-24T17:35:00Z,R,Regular Season,N,1,Final,F,Minnesota Twins,142,6,Baltimore Orioles,110,3,Matt Garza,Adam Loewen,Joe Nathan,9,Oriole Park at Camden Yards,day,3,3,False,,
42268,2006,2006-09-24,2006-09-24T17:35:00Z,R,Regular Season,N,1,Final,F,Florida Marlins,146,7,Philadelphia Phillies,143,10,Jamie Moyer,Scott Olsen,,9,Citizens Bank Park,day,3,3,False,,
42259,2006,2006-09-24,2006-09-24T18:05:00Z,R,Regular Season,N,1,Final,F,Seattle Mariners,136,7,Chicago White Sox,145,12,Freddy Garcia,Ryan Feierabend,,9,U.S. Cellular Field,day,4,4,False,,
42265,2006,2006-09-24,2006-09-24T18:05:00Z,R,Regular Season,N,1,Final,F,San Francisco Giants,137,3,Milwaukee Brewers,158,5,Ben Sheets,Matt Cain,Francisco Cordero,9,Miller Park,day,4,4,False,,
42271,2006,2006-09-24,2006-09-24T18:05:00Z,R,Regular Season,N,1,Final,F,Cleveland Indians,114,11,Texas Rangers,140,6,Jake Westbrook,Kevin Millwood,,9,Ameriquest Field,day,3,3,False,,
42263,2006,2006-09-24,2006-09-24T18:10:00Z,R,Regular Season,N,1,Final,F,Detroit Tigers,116,11,Kansas City Royals,118,4,Justin Verlander,Runelvys Hernandez,,9,Kauffman Stadium,day,3,3,False,,
42261,2006,2006-09-24,2006-09-24T19:05:00Z,R,Regular Season,N,1,Final,F,Atlanta Braves,144,8,Colorado Rockies,115,9,Jeremy Affeldt,Tyler Yates,Brian Fuentes,9,Coors Field,day,4,4,False,,
42267,2006,2006-09-24,2006-09-24T20:05:00Z,R,Regular Season,N,1,Final,F,Los Angeles Angels,108,7,Oakland Athletics,133,1,Ervin Santana,Dan Haren,,9,McAfee Coliseum,day,3,3,False,,
42269,2006,2006-09-24,2006-09-24T20:05:00Z,R,Regular Season,N,1,Final,F,Pittsburgh Pirates,134,1,San Diego Padres,135,2,Clay Hensley,Juan Pablo Pérez,Trevor Hoffman,9,PETCO Park,day,3,3,False,,
42264,2006,2006-09-24,2006-09-24T20:10:00Z,R,Regular Season,N,1,Final,F,Arizona Diamondbacks,109,1,Los Angeles Dodgers,119,5,Takashi Saito,Luis Vizcaino,,9,Dodger Stadium,day,3,3,False,,
42262,2006,2006-09-24,2006-09-25T00:05:00Z,R,Regular Season,N,1,Final,F,St. Louis Cardinals,138,3,Houston Astros,117,7,Chad Qualls,Josh Hancock,,9,Minute Maid Park,night,4,4,False,,
42273,2006,2006-09-25,2006-09-25T16:35:00Z,R,Regular Season,N,1,Final,F,Chicago Cubs,112,4,Cincinnati Reds,113,5,Scott Schoeneweis,Scott Eyre,David Weathers,9,Great American Ball Park,day,4,4,False,,
42013,2006,2006-09-25,2006-09-25T23:05:00Z,R,Regular Season,N,1,Final,F,Houston Astros,117,5,Philadelphia Phillies,143,4,Dave Borkowski,Matt Smith,Dan Wheeler,9,Citizens Bank Park,night,1,1,False,,
42274,2006,2006-09-25,2006-09-25T23:05:00Z,R,Regular Season,N,1,Final,F,Chicago White Sox,145,1,Cleveland Indians,114,14,Cliff Lee,Jon Garland,,9,Jacobs Field,night,1,3,False,,
42282,2006,2006-09-25,2006-09-25T23:07:00Z,R,Regular Season,N,1,Final,F,Boston Red Sox,111,0,Toronto Blue Jays,141,5,Shaun Marcum,Tim Wakefield,,9,Rogers Centre,night,4,4,False,,
42277,2006,2006-09-25,2006-09-25T23:10:00Z,R,Regular Season,N,1,Final,F,Washington Nationals,120,7,New York Mets,121,3,Beltran Perez,Tom Glavine,,9,Shea Stadium,night,4,4,False,,
42281,2006,2006-09-25,2006-09-25T23:15:00Z,R,Regular Season,N,1,Final,F,New York Yankees,147,16,Tampa Bay Devil Rays,139,1,Jaret Wright,Jae Weong Seo,,9,Tropicana Field,night,4,4,False,,
42276,2006,2006-09-25,2006-09-26T00:10:00Z,R,Regular Season,N,1,Final,F,Kansas City Royals,118,1,Minnesota Twins,142,8,Boof Bonser,Jorge De La Rosa,,9,Hubert H. Humphrey Metrodome,night,1,4,False,,
42280,2006,2006-09-25,2006-09-26T00:10:00Z,R,Regular Season,N,1,Final,F,San Diego Padres,135,6,St. Louis Cardinals,138,5,Scott Cassidy,Brad Thompson,Scott Linebrink,9,Busch Stadium,night,1,3,False,,
42275,2006,2006-09-25,2006-09-26T02:05:00Z,R,Regular Season,N,1,Final,F,Texas Rangers,140,3,Los Angeles Angels,108,8,Joe Saunders,Edinson Volquez,Scot Shields,9,Angel Stadium of Anaheim,night,1,3,False,,
42279,2006,2006-09-25,2006-09-26T02:05:00Z,R,Regular Season,N,1,Final,F,Oakland Athletics,133,9,Seattle Mariners,136,10,J.J. Putz,Kiko Calero,,10,Safeco Field,night,1,3,False,,
42278,2006,2006-09-25,2006-09-26T02:15:00Z,R,Regular Season,N,1,Final,F,Arizona Diamondbacks,109,7,San Francisco Giants,137,1,Édgar González,Jason Schmidt,,9,AT&T Park,night,1,3,False,,
42284,2006,2006-09-26,2006-09-26T23:05:00Z,R,Regular Season,N,1,Final,F,Tampa Bay Devil Rays,139,1,Boston Red Sox,111,5,Curt Schilling,Jason Hammel,,9,Fenway Park,night,1,2,False,,
42286,2006,2006-09-26,2006-09-26T23:05:00Z,R,Regular Season,N,1,Final,F,Chicago White Sox,145,0,Cleveland Indians,114,6,CC Sabathia,Javier Vazquez,,9,Jacobs Field,night,2,3,False,,
42288,2006,2006-09-26,2006-09-26T23:05:00Z,R,Regular Season,N,1,Final,F,Toronto Blue Jays,141,3,Detroit Tigers,116,4,Jeremy Bonderman,Dustin McGowan,Todd Jones,9,Comerica Park,night,1,3,False,,
42289,2006,2006-09-26,2006-09-26T23:05:00Z,R,Regular Season,N,1,Final,F,Cincinnati Reds,113,5,Florida Marlins,146,3,Ryan Franklin,Dontrelle Willis,Scott Schoeneweis,9,Dolphin Stadium,night,1,3,False,,
42292,2006,2006-09-26,2006-09-26T23:05:00Z,R,Regular Season,N,1,Final,F,Baltimore Orioles,110,4,New York Yankees,147,5,Cory Lidle,Rodrigo Lopez,Scott Proctor,9,Yankee Stadium I,night,1,3,False,,
42293,2006,2006-09-26,2006-09-26T23:05:00Z,R,Regular Season,N,1,Final,F,Houston Astros,117,7,Pittsburgh Pirates,134,4,Andy Pettitte,Ian Snell,,9,PNC Park,night,1,3,False,,
42297,2006,2006-09-26,2006-09-26T23:05:00Z,R,Regular Season,N,1,Final,F,Philadelphia Phillies,143,3,Washington Nationals,120,4,Ramón Ortiz,Brett Myers,Chad Cordero,9,Robert F. Kennedy Memorial Stadium,night,1,3,False,,
42283,2006,2006-09-26,2006-09-26T23:35:00Z,R,Regular Season,N,1,Final,F,New York Mets,121,0,Atlanta Braves,144,12,John Smoltz,Oliver Pérez,,9,Turner Field,night,1,3,False,,
42285,2006,2006-09-26,2006-09-27T00:05:00Z,R,Regular Season,N,1,Final,F,Milwaukee Brewers,158,6,Chicago Cubs,112,14,Sean Marshall,Carlos Villanueva,,9,Wrigley Field,night,1,2,False,,
42291,2006,2006-09-26,2006-09-27T00:10:00Z,R,Regular Season,N,1,Final,F,Kansas City Royals,118,2,Minnesota Twins,142,3,Johan Santana,Joel Peralta,Joe Nathan,9,Hubert H. Humphrey Metrodome,night,2,4,False,,
42296,2006,2006-09-26,2006-09-27T00:10:00Z,R,Regular Season,N,1,Final,F,San Diego Padres,135,7,St. Louis Cardinals,138,5,Woody Williams,Chris Carpenter,Trevor Hoffman,9,Busch Stadium,night,2,3,False,,
42287,2006,2006-09-26,2006-09-27T00:35:00Z,R,Regular Season,N,1,Final,F,Los Angeles Dodgers,119,11,Colorado Rockies,115,4,Greg Maddux,Jason Jennings,,9,Coors Field,night,1,3,False,,
42290,2006,2006-09-26,2006-09-27T02:05:00Z,R,Regular Season,N,1,Final,F,Texas Rangers,140,5,Los Angeles Angels,108,2,Robinson Tejeda,Kelvim Escobar,Wes Littleton,9,Angel Stadium of Anaheim,night,2,3,False,,
42295,2006,2006-09-26,2006-09-27T02:05:00Z,R,Regular Season,N,1,Final,F,Oakland Athletics,133,12,Seattle Mariners,136,3,Rich Harden,Jake Woods,,9,Safeco Field,night,2,3,False,,
42294,2006,2006-09-26,2006-09-27T02:15:00Z,R,Regular Season,N,1,Final,F,Arizona Diamondbacks,109,2,San Francisco Giants,137,4,Mike Stanton,Randy Choate,,9,AT&T Park,night,2,3,False,,
42309,2006,2006-09-27,2006-09-27T19:35:00Z,R,Regular Season,N,1,Final,F,Arizona Diamondbacks,109,6,San Francisco Giants,137,3,Claudio Vargas,Jonathan Sánchez,Jose Valverde,9,AT&T Park,day,3,3,False,,
42299,2006,2006-09-27,2006-09-27T23:05:00Z,R,Regular Season,N,1,Final,F,Tampa Bay Devil Rays,139,11,Boston Red Sox,111,0,Tim Corcoran,Josh Beckett,,9,Fenway Park,night,2,2,False,,
42301,2006,2006-09-27,2006-09-27T23:05:00Z,R,Regular Season,N,1,Completed Early,F,Chicago White Sox,145,2,Cleveland Indians,114,1,Brandon McCarthy,Roberto Hernandez,Charlie Haeger,8,Jacobs Field,night,3,3,False,,
42303,2006,2006-09-27,2006-09-27T23:05:00Z,R,Regular Season,N,1,Final,F,Toronto Blue Jays,141,7,Detroit Tigers,116,4,Ted Lilly,Nate Robertson,B.J. Ryan,9,Comerica Park,night,2,3,False,,
42304,2006,2006-09-27,2006-09-27T23:05:00Z,R,Regular Season,N,1,Final,F,Cincinnati Reds,113,2,Florida Marlins,146,7,Aníbal Sánchez,Chris Michalak,,9,Dolphin Stadium,night,2,3,False,,
42307,2006,2006-09-27,2006-09-27T23:05:00Z,R,Regular Season,N,1,Final,F,Baltimore Orioles,110,5,New York Yankees,147,16,Chien-Ming Wang,Kris Benson,,9,Yankee Stadium I,night,2,3,False,,
42308,2006,2006-09-27,2006-09-27T23:05:00Z,R,Regular Season,N,1,Final,F,Houston Astros,117,7,Pittsburgh Pirates,134,6,Chris Sampson,Jonah Bayliss,Trever Miller,15,PNC Park,night,2,3,False,,
42312,2006,2006-09-27,2006-09-27T23:05:00Z,R,Regular Season,N,1,Final,F,Philadelphia Phillies,143,8,Washington Nationals,120,7,Clay Condrey,Jason Bergmann,Fabio Castro,14,Robert F. Kennedy Memorial Stadium,night,2,3,False,,
42298,2006,2006-09-27,2006-09-27T23:35:00Z,R,Regular Season,N,1,Final,F,New York Mets,121,1,Atlanta Braves,144,13,Tim Hudson,Pedro Martínez,,9,Turner Field,night,2,3,False,,
42300,2006,2006-09-27,2006-09-28T00:05:00Z,R,Regular Season,N,1,Final,F,Milwaukee Brewers,158,2,Chicago Cubs,112,3,Bob Howry,Francisco Cordero,,9,Wrigley Field,night,2,2,False,,
42306,2006,2006-09-27,2006-09-28T00:10:00Z,R,Regular Season,N,1,Final,F,Kansas City Royals,118,6,Minnesota Twins,142,4,Mark Redman,Carlos Silva,Joe Nelson,9,Hubert H. Humphrey Metrodome,night,3,4,False,,
42311,2006,2006-09-27,2006-09-28T00:10:00Z,R,Regular Season,N,1,Final,F,San Diego Padres,135,2,St. Louis Cardinals,138,4,Tyler Johnson,Scott Linebrink,Adam Wainwright,9,Busch Stadium,night,3,3,False,,
42302,2006,2006-09-27,2006-09-28T00:35:00Z,R,Regular Season,N,1,Final,F,Los Angeles Dodgers,119,6,Colorado Rockies,115,4,Derek Lowe,Aaron Cook,Takashi Saito,9,Coors Field,night,2,3,False,,
42305,2006,2006-09-27,2006-09-28T02:05:00Z,R,Regular Season,N,1,Final,F,Texas Rangers,140,5,Los Angeles Angels,108,6,Brendan Donnelly,C.J. Wilson,Francisco Rodríguez,9,Angel Stadium of Anaheim,night,3,3,False,,
42310,2006,2006-09-27,2006-09-28T02:05:00Z,R,Regular Season,N,1,Final,F,Oakland Athletics,133,7,Seattle Mariners,136,6,Jay Witasick,George Sherrill,Huston Street,10,Safeco Field,night,3,3,False,,
42322,2006,2006-09-28,2006-09-28T16:35:00Z,R,Regular Season,N,1,Final,F,Houston Astros,117,3,Pittsburgh Pirates,134,0,Roy Oswalt,Tom Gorzelanny,Brad Lidge,9,PNC Park,day,3,3,False,,
42317,2006,2006-09-28,2006-09-28T17:05:00Z,R,Regular Season,N,1,Final,F,Toronto Blue Jays,141,8,Detroit Tigers,116,6,A.J. Burnett,Kenny Rogers,B.J. Ryan,9,Comerica Park,day,3,3,False,,
42316,2006,2006-09-28,2006-09-28T19:05:00Z,R,Regular Season,N,1,Final,F,Los Angeles Dodgers,119,19,Colorado Rockies,115,11,Mark Hendrickson,Ray King,,9,Coors Field,day,3,3,False,,
42315,2006,2006-09-28,2006-09-28T23:05:00Z,R,Regular Season,N,1,Final,F,Tampa Bay Devil Rays,139,4,Cleveland Indians,114,5,Paul Byrd,Ruddy Lugo,Rafael Betancourt,9,Jacobs Field,night,1,4,False,,
42318,2006,2006-09-28,2006-09-28T23:05:00Z,R,Regular Season,N,1,Final,F,Cincinnati Reds,113,5,Florida Marlins,146,1,Kyle Lohse,Ricky Nolasco,,9,Dolphin Stadium,night,3,3,False,,
42321,2006,2006-09-28,2006-09-28T23:05:00Z,R,Regular Season,N,1,Final,F,Baltimore Orioles,110,7,New York Yankees,147,1,Daniel Cabrera,Darrell Rasner,,9,Yankee Stadium I,night,3,3,False,,
42324,2006,2006-09-28,2006-09-28T23:05:00Z,R,Regular Season,N,1,Final,F,Philadelphia Phillies,143,1,Washington Nationals,120,3,Billy Traber,Jon Lieber,Jon Rauch,9,Robert F. Kennedy Memorial Stadium,night,3,3,False,,
42314,2006,2006-09-28,2006-09-28T23:35:00Z,R,Regular Season,N,1,Final,F,New York Mets,121,7,Atlanta Braves,144,4,Orlando Hernandez,Kyle Davies,,9,Turner Field,night,3,3,False,,
42320,2006,2006-09-28,2006-09-29T00:10:00Z,R,Regular Season,N,1,Final,F,Kansas City Royals,118,1,Minnesota Twins,142,2,Joe Nathan,Scott Dohmann,,10,Hubert H. Humphrey Metrodome,night,4,4,False,,
42323,2006,2006-09-28,2006-09-29T00:10:00Z,R,Regular Season,N,1,Final,F,Milwaukee Brewers,158,9,St. Louis Cardinals,138,4,Doug Davis,Jason Marquis,,9,Busch Stadium,night,1,4,False,,
42313,2006,2006-09-28,2006-09-29T01:40:00Z,R,Regular Season,N,1,Final,F,San Diego Padres,135,12,Arizona Diamondbacks,109,4,Jake Peavy,Miguel Batista,,9,Chase Field,night,1,4,False,,
42319,2006,2006-09-28,2006-09-29T02:05:00Z,R,Regular Season,N,1,Final,F,Oakland Athletics,133,0,Los Angeles Angels,108,2,John Lackey,Barry Zito,Francisco Rodríguez,9,Angel Stadium of Anaheim,night,1,4,False,,
42328,2006,2006-09-29,2006-09-29T18:20:00Z,R,Regular Season,N,1,Final,F,Colorado Rockies,115,5,Chicago Cubs,112,2,Josh Fogg,Carlos Zambrano,Brian Fuentes,9,Wrigley Field,day,1,3,False,,
42326,2006,2006-09-29,2006-09-29T23:05:00Z,R,Regular Season,N,1,Final,F,Houston Astros,117,1,Atlanta Braves,144,4,Chuck James,Roger Clemens,Bob Wickman,9,Turner Field,night,1,3,False,,
42327,2006,2006-09-29,2006-09-29T23:05:00Z,R,Regular Season,N,1,Final,F,Baltimore Orioles,110,3,Boston Red Sox,111,4,Julian Tavarez,Erik Bedard,Mike Timlin,9,Fenway Park,night,1,3,False,,
42329,2006,2006-09-29,2006-09-29T23:05:00Z,R,Regular Season,N,1,Final,F,Tampa Bay Devil Rays,139,1,Cleveland Indians,114,2,Brian Sikorski,Dan Miceli,,9,Jacobs Field,night,2,4,False,,
42330,2006,2006-09-29,2006-09-29T23:05:00Z,R,Regular Season,N,1,Final,F,Kansas City Royals,118,9,Detroit Tigers,116,7,Zack Greinke,Jamie Walker,Joel Peralta,11,Comerica Park,night,1,3,False,,
42331,2006,2006-09-29,2006-09-29T23:05:00Z,R,Regular Season,N,1,Final,F,Philadelphia Phillies,143,14,Florida Marlins,146,2,Jamie Moyer,Brian Moehler,,9,Dolphin Stadium,night,1,3,False,,
42334,2006,2006-09-29,2006-09-29T23:05:00Z,R,Regular Season,N,1,Final,F,Toronto Blue Jays,141,2,New York Yankees,147,7,Mike Mussina,Gustavo Chacín,,9,Yankee Stadium I,night,1,3,False,,
42335,2006,2006-09-29,2006-09-29T23:05:00Z,R,Regular Season,N,1,Final,F,Cincinnati Reds,113,5,Pittsburgh Pirates,134,2,Aaron Harang,Zach Duke,,9,PNC Park,night,1,3,False,,
42339,2006,2006-09-29,2006-09-29T23:05:00Z,R,Regular Season,N,1,Final,F,New York Mets,121,4,Washington Nationals,120,3,Pedro Feliciano,Jon Rauch,Billy Wagner,9,Robert F. Kennedy Memorial Stadium,night,1,3,False,,
42333,2006,2006-09-29,2006-09-30T00:10:00Z,R,Regular Season,N,1,Final,F,Chicago White Sox,145,4,Minnesota Twins,142,3,Freddy Garcia,Boof Bonser,Bobby Jenks,9,Hubert H. Humphrey Metrodome,night,1,3,False,,
42338,2006,2006-09-29,2006-09-30T00:10:00Z,R,Regular Season,N,1,Final,F,Milwaukee Brewers,158,5,St. Louis Cardinals,138,10,Jeff Weaver,Chris Capuano,,9,Busch Stadium,night,2,4,False,,
42325,2006,2006-09-29,2006-09-30T01:40:00Z,R,Regular Season,N,1,Final,F,San Diego Padres,135,1,Arizona Diamondbacks,109,3,Livan Hernandez,Clay Hensley,Jose Valverde,9,Chase Field,night,2,4,False,,
42332,2006,2006-09-29,2006-09-30T02:05:00Z,R,Regular Season,N,1,Final,F,Oakland Athletics,133,0,Los Angeles Angels,108,6,Ervin Santana,Esteban Loaiza,,9,Angel Stadium of Anaheim,night,2,4,False,,
42337,2006,2006-09-29,2006-09-30T02:05:00Z,R,Regular Season,N,1,Final,F,Texas Rangers,140,6,Seattle Mariners,136,5,Vicente Padilla,Emiliano Fruto,C.J. Wilson,9,Safeco Field,night,1,3,False,,
42336,2006,2006-09-29,2006-09-30T02:15:00Z,R,Regular Season,N,1,Final,F,Los Angeles Dodgers,119,4,San Francisco Giants,137,3,Jonathan Broxton,Mike Stanton,Takashi Saito,9,AT&T Park,night,1,3,False,,
42348,2006,2006-09-30,2006-09-30T16:10:00Z,R,Regular Season,N,1,Final,F,Chicago White Sox,145,6,Minnesota Twins,142,3,Jon Garland,Matt Garza,,9,Hubert H. Humphrey Metrodome,day,2,3,False,,
42346,2006,2006-09-30,2006-09-30T17:25:00Z,R,Regular Season,N,1,Final,F,Philadelphia Phillies,143,4,Florida Marlins,146,3,Ryan Madson,Scott Olsen,Tom Gordon,9,Dolphin Stadium,day,2,3,False,,
42353,2006,2006-09-30,2006-09-30T17:25:00Z,R,Regular Season,N,1,Final,F,Milwaukee Brewers,158,2,St. Louis Cardinals,138,3,Tyler Johnson,Brian Shouse,Adam Wainwright,9,Busch Stadium,day,3,4,False,,
42343,2006,2006-09-30,2006-09-30T20:05:00Z,R,Regular Season,N,1,Final,F,Colorado Rockies,115,11,Chicago Cubs,112,9,Ramon E Ramirez,Jae Kuk Ryu,,14,Wrigley Field,day,2,3,False,,
42349,2006,2006-09-30,2006-09-30T20:05:00Z,R,Regular Season,N,1,Final,F,Toronto Blue Jays,141,6,New York Yankees,147,5,Jason Frasor,Mike Myers,B.J. Ryan,9,Yankee Stadium I,day,2,3,False,,
42352,2006,2006-09-30,2006-09-30T20:05:00Z,R,Regular Season,N,1,Final,F,Texas Rangers,140,1,Seattle Mariners,136,3,Félix Hernández,Kevin Millwood,J.J. Putz,9,Safeco Field,day,2,3,False,,
42340,2006,2006-09-30,2006-09-30T20:10:00Z,R,Regular Season,N,1,Final,F,San Diego Padres,135,3,Arizona Diamondbacks,109,1,David Wells,Édgar González,Trevor Hoffman,9,Chase Field,day,3,4,False,,
42351,2006,2006-09-30,2006-09-30T20:10:00Z,R,Regular Season,N,1,Final,F,Los Angeles Dodgers,119,4,San Francisco Giants,137,2,Greg Maddux,Matt Cain,Takashi Saito,9,AT&T Park,day,2,3,False,,
42341,2006,2006-09-30,2006-09-30T23:05:00Z,R,Regular Season,N,1,Final,F,Houston Astros,117,5,Atlanta Braves,144,4,Trever Miller,Bob Wickman,Dan Wheeler,9,Turner Field,night,2,3,False,,
42342,2006,2006-09-30,2006-09-30T23:05:00Z,R,Regular Season,N,1,Final,F,Baltimore Orioles,110,5,Boston Red Sox,111,4,Chris Ray,Mike Timlin,,9,Fenway Park,night,2,3,False,,
42344,2006,2006-09-30,2006-09-30T23:05:00Z,R,Regular Season,N,1,Final,F,Tampa Bay Devil Rays,139,1,Cleveland Indians,114,6,Jake Westbrook,Jae Weong Seo,,9,Jacobs Field,night,3,4,False,,
42345,2006,2006-09-30,2006-09-30T23:05:00Z,R,Regular Season,N,1,Final,F,Kansas City Royals,118,9,Detroit Tigers,116,6,Todd Wellemeyer,Zach Miner,Jimmy Gobble,9,Comerica Park,night,2,3,False,,
42350,2006,2006-09-30,2006-09-30T23:05:00Z,R,Regular Season,N,1,Final,F,Cincinnati Reds,113,0,Pittsburgh Pirates,134,3,Marty McLeary,Bronson Arroyo,Salomon Torres,9,PNC Park,night,2,3,False,,
42354,2006,2006-09-30,2006-09-30T23:05:00Z,R,Regular Season,N,1,Final,F,New York Mets,121,13,Washington Nationals,120,0,Tom Glavine,Beltran Perez,,9,Robert F. Kennedy Memorial Stadium,night,2,3,False,,
42347,2006,2006-09-30,2006-10-01T02:05:00Z,R,Regular Season,N,1,Final,F,Oakland Athletics,133,6,Los Angeles Angels,108,7,Hector Carrasco,Ron Flores,Francisco Rodríguez,9,Angel Stadium of Anaheim,night,3,4,False,,
42356,2006,2006-10-01,2006-10-01T17:05:00Z,R,Regular Season,N,1,Final,F,Houston Astros,117,1,Atlanta Braves,144,3,John Smoltz,Chris Sampson,Bob Wickman,9,Turner Field,day,3,3,False,,
42359,2006,2006-10-01,2006-10-01T17:05:00Z,R,Regular Season,N,1,Final,F,Tampa Bay Devil Rays,139,3,Cleveland Indians,114,6,Cliff Lee,Jason Hammel,,9,Jacobs Field,day,4,4,False,,
42360,2006,2006-10-01,2006-10-01T17:05:00Z,R,Regular Season,N,1,Final,F,Kansas City Royals,118,10,Detroit Tigers,116,8,Jimmy Gobble,Kenny Rogers,,12,Comerica Park,day,3,3,False,,
42361,2006,2006-10-01,2006-10-01T17:05:00Z,R,Regular Season,N,1,Final,F,Philadelphia Phillies,143,2,Florida Marlins,146,3,Matt Herges,Fabio Castro,,11,Dolphin Stadium,day,3,3,False,,
42364,2006,2006-10-01,2006-10-01T17:05:00Z,R,Regular Season,N,1,Final,F,Toronto Blue Jays,141,7,New York Yankees,147,5,Josh Towers,Kyle Farnsworth,Scott Downs,9,Yankee Stadium I,day,3,3,False,,
42369,2006,2006-10-01,2006-10-01T17:05:00Z,R,Regular Season,N,1,Final,F,New York Mets,121,6,Washington Nationals,120,2,Guillermo Mota,Ramón Ortiz,,9,Robert F. Kennedy Memorial Stadium,day,3,3,False,,
42365,2006,2006-10-01,2006-10-01T17:35:00Z,R,Regular Season,N,1,Final,F,Cincinnati Reds,113,0,Pittsburgh Pirates,134,1,Matt Capps,Todd Coffey,Salomon Torres,9,PNC Park,day,3,3,False,,
42357,2006,2006-10-01,2006-10-01T18:05:00Z,R,Regular Season,N,1,Completed Early,F,Baltimore Orioles,110,0,Boston Red Sox,111,9,Devern Hansack,Hayden Penn,,5,Fenway Park,day,3,3,False,,
42363,2006,2006-10-01,2006-10-01T18:10:00Z,R,Regular Season,N,1,Final,F,Chicago White Sox,145,1,Minnesota Twins,142,5,Carlos Silva,Javier Vazquez,,9,Hubert H. Humphrey Metrodome,day,3,3,False,,
42368,2006,2006-10-01,2006-10-01T18:15:00Z,R,Regular Season,N,1,Final,F,Milwaukee Brewers,158,5,St. Louis Cardinals,138,3,Carlos Villanueva,Anthony Reyes,,9,Busch Stadium,day,4,4,False,,
42358,2006,2006-10-01,2006-10-01T18:20:00Z,R,Regular Season,N,1,Final,F,Colorado Rockies,115,5,Chicago Cubs,112,8,David Aardsma,Jeremy Affeldt,,9,Wrigley Field,day,3,3,False,,
42362,2006,2006-10-01,2006-10-01T19:35:00Z,R,Regular Season,N,1,Final,F,Oakland Athletics,133,11,Los Angeles Angels,108,10,Chad Gaudin,Chris Bootcheck,Ron Flores,10,Angel Stadium of Anaheim,day,4,4,False,,
42366,2006,2006-10-01,2006-10-01T20:05:00Z,R,Regular Season,N,1,Final,F,Los Angeles Dodgers,119,4,San Francisco Giants,137,3,Chad Billingsley,Brad Hennessey,Joe Beimel,9,AT&T Park,day,3,3,False,,
42367,2006,2006-10-01,2006-10-01T20:05:00Z,R,Regular Season,N,1,Final,F,Texas Rangers,140,2,Seattle Mariners,136,3,Jake Woods,Robinson Tejeda,J.J. Putz,9,Safeco Field,day,3,3,False,,
42355,2006,2006-10-01,2006-10-01T20:40:00Z,R,Regular Season,N,1,Final,F,San Diego Padres,135,7,Arizona Diamondbacks,109,6,Woody Williams,Brandon Webb,Trevor Hoffman,9,Chase Field,day,4,4,False,,
42174,2006,2006-10-02,2006-10-02T19:05:00Z,R,Regular Season,N,1,Cancelled,C,San Francisco Giants,137,,St. Louis Cardinals,138,,,,,,Busch Stadium,day,1,1,,,
57744,2006,2006-10-03,2006-10-03T17:00:00Z,D,AL Division Series,N,1,Final,F,Oakland Athletics,133,3,Minnesota Twins,142,2,Barry Zito,Johan Santana,Huston Street,9,Hubert H. Humphrey Metrodome,day,1,5,False,,
57745,2006,2006-10-03,2006-10-03T20:00:00Z,D,NL Division Series,N,1,Final,F,St. Louis Cardinals,138,5,San Diego Padres,135,1,Chris Carpenter,Jake Peavy,,9,PETCO Park,day,1,5,False,,
57743,2006,2006-10-03,2006-10-04T00:00:00Z,D,AL Division Series,N,1,Final,F,Detroit Tigers,116,4,New York Yankees,147,8,Chien-Ming Wang,Nate Robertson,,9,Yankee Stadium I,night,1,5,False,,
57748,2006,2006-10-04,2006-10-04T17:00:00Z,D,AL Division Series,N,1,Final,F,Oakland Athletics,133,5,Minnesota Twins,142,2,Kiko Calero,Pat Neshek,Huston Street,9,Hubert H. Humphrey Metrodome,day,2,5,False,,
57747,2006,2006-10-04,2006-10-04T20:00:00Z,D,NL Division Series,N,1,Final,F,Los Angeles Dodgers,119,5,New York Mets,121,6,Guillermo Mota,Brad Penny,Billy Wagner,9,Shea Stadium,day,1,5,False,,
57746,2006,2006-10-05,2006-10-05T17:05:00Z,D,AL Division Series,N,1,Final,F,Detroit Tigers,116,4,New York Yankees,147,3,Jamie Walker,Mike Mussina,Todd Jones,9,Yankee Stadium I,day,2,5,False,,
57750,2006,2006-10-05,2006-10-05T20:00:00Z,D,NL Division Series,N,1,Final,F,St. Louis Cardinals,138,2,San Diego Padres,135,0,Jeff Weaver,David Wells,Adam Wainwright,9,PETCO Park,day,2,5,False,,
57749,2006,2006-10-05,2006-10-06T00:00:00Z,D,NL Division Series,N,1,Final,F,Los Angeles Dodgers,119,1,New York Mets,121,4,Tom Glavine,Hung-Chih Kuo,Billy Wagner,9,Shea Stadium,night,2,5,False,,
57752,2006,2006-10-06,2006-10-06T20:00:00Z,D,AL Division Series,N,1,Final,F,Minnesota Twins,142,3,Oakland Athletics,133,8,Dan Haren,Brad Radke,,9,McAfee Coliseum,day,3,5,False,,
57751,2006,2006-10-06,2006-10-07T00:00:00Z,D,AL Division Series,N,1,Final,F,New York Yankees,147,0,Detroit Tigers,116,6,Kenny Rogers,Randy Johnson,,9,Comerica Park,night,3,5,False,,
57755,2006,2006-10-07,2006-10-07T17:00:00Z,D,NL Division Series,N,1,Final,F,San Diego Padres,135,3,St. Louis Cardinals,138,1,Chris Young,Jeff Suppan,Trevor Hoffman,9,Busch Stadium,day,3,5,False,,
57753,2006,2006-10-07,2006-10-07T20:00:00Z,D,AL Division Series,N,1,Final,F,New York Yankees,147,3,Detroit Tigers,116,8,Jeremy Bonderman,Jaret Wright,,9,Comerica Park,day,4,5,False,,
57756,2006,2006-10-07,2006-10-07T23:30:00Z,D,NL Division Series,N,1,Final,F,New York Mets,121,9,Los Angeles Dodgers,119,5,Pedro Feliciano,Jonathan Broxton,,9,Dodger Stadium,day,3,5,False,,
57759,2006,2006-10-08,2006-10-09T00:05:00Z,D,NL Division Series,N,1,Final,F,San Diego Padres,135,2,St. Louis Cardinals,138,6,Chris Carpenter,Woody Williams,,9,Busch Stadium,night,4,5,False,,
57763,2006,2006-10-10,2006-10-11T00:19:00Z,L,AL Championship Series,N,1,Final,F,Detroit Tigers,116,5,Oakland Athletics,133,1,Nate Robertson,Barry Zito,,9,McAfee Coliseum,night,1,7,False,,
57764,2006,2006-10-11,2006-10-12T00:19:00Z,L,AL Championship Series,N,1,Final,F,Detroit Tigers,116,8,Oakland Athletics,133,5,Justin Verlander,Esteban Loaiza,Todd Jones,9,McAfee Coliseum,night,2,7,False,,
57766,2006,2006-10-12,2006-10-13T00:19:00Z,L,NL Championship Series,N,1,Final,F,St. Louis Cardinals,138,0,New York Mets,121,2,Tom Glavine,Jeff Weaver,Billy Wagner,9,Shea Stadium,night,1,7,False,,
57767,2006,2006-10-13,2006-10-13T20:30:00Z,L,AL Championship Series,N,1,Final,F,Oakland Athletics,133,0,Detroit Tigers,116,3,Kenny Rogers,Rich Harden,Todd Jones,9,Comerica Park,day,3,7,False,,
57765,2006,2006-10-13,2006-10-14T00:05:00Z,L,NL Championship Series,N,1,Final,F,St. Louis Cardinals,138,9,New York Mets,121,6,Josh Kinney,Billy Wagner,,9,Shea Stadium,night,2,7,False,,
57769,2006,2006-10-14,2006-10-14T20:30:00Z,L,AL Championship Series,N,1,Final,F,Oakland Athletics,133,3,Detroit Tigers,116,6,Wilfredo Ledezma,Huston Street,,9,Comerica Park,day,4,7,False,,
57768,2006,2006-10-14,2006-10-15T00:05:00Z,L,NL Championship Series,N,1,Final,F,New York Mets,121,0,St. Louis Cardinals,138,5,Jeff Suppan,Steve Trachsel,,9,Busch Stadium,night,3,7,False,,
57771,2006,2006-10-15,2006-10-16T00:15:00Z,L,NL Championship Series,N,1,Final,F,New York Mets,121,12,St. Louis Cardinals,138,5,Oliver Pérez,Brad Thompson,,9,Busch Stadium,night,4,7,False,,
57772,2006,2006-10-17,2006-10-18T00:19:00Z,L,NL Championship Series,N,1,Final,F,New York Mets,121,2,St. Louis Cardinals,138,4,Jeff Weaver,Tom Glavine,Adam Wainwright,9,Busch Stadium,night,5,7,False,,
57774,2006,2006-10-18,2006-10-19T00:19:00Z,L,NL Championship Series,N,1,Final,F,St. Louis Cardinals,138,2,New York Mets,121,4,John Maine,Chris Carpenter,,9,Shea Stadium,night,6,7,False,,
57776,2006,2006-10-19,2006-10-20T00:19:00Z,L,NL Championship Series,N,1,Final,F,St. Louis Cardinals,138,3,New York Mets,121,1,Randy Flores,Aaron Heilman,Adam Wainwright,9,Shea Stadium,night,7,7,False,,
57777,2006,2006-10-21,2006-10-21T23:30:00Z,W,World Series,N,1,Final,F,St. Louis Cardinals,138,7,Detroit Tigers,116,2,Anthony Reyes,Justin Verlander,,9,Comerica Park,night,1,7,False,,
57778,2006,2006-10-22,2006-10-22T23:30:00Z,W,World Series,N,1,Final,F,St. Louis Cardinals,138,1,Detroit Tigers,116,3,Kenny Rogers,Jeff Weaver,Todd Jones,9,Comerica Park,night,2,7,False,,
57779,2006,2006-10-24,2006-10-25T00:00:00Z,W,World Series,N,1,Final,F,Detroit Tigers,116,0,St. Louis Cardinals,138,5,Chris Carpenter,Nate Robertson,,9,Busch Stadium,night,3,7,False,,
57781,2006,2006-10-26,2006-10-27T00:00:00Z,W,World Series,N,1,Final,F,Detroit Tigers,116,4,St. Louis Cardinals,138,5,Adam Wainwright,Joel Zumaya,,9,Busch Stadium,night,4,7,False,,
57780,2006,2006-10-27,2006-10-28T00:00:00Z,W,World Series,N,1,Final,F,Detroit Tigers,116,2,St. Louis Cardinals,138,4,Jeff Weaver,Justin Verlander,Adam Wainwright,9,Busch Stadium,night,5,7,False,,
