gamePk,season,officialDate,gameDate,gameType,seriesDescription,doubleHeader,gameNumber,status,codedState,away,awayId,awayScore,home,homeId,homeScore,winner,loser,save,innings,venue,dayNight,seriesGameNumber,gamesInSeries,isTie,resumeDate,rescheduleDate
233757,2008,2008-03-25,2008-03-25T10:05:00Z,R,Regular Season,N,1,Final,F,Boston Red Sox,111,6,Oakland Athletics,133,5,Hideki Okajima,Huston Street,Jonathan Papelbon,10,Tokyo Dome,night,1,4,False,,
233758,2008,2008-03-26,2008-03-26T10:05:00Z,R,Regular Season,N,1,Final,F,Boston Red Sox,111,1,Oakland Athletics,133,5,Rich Harden,Jon Lester,,9,Tokyo Dome,night,2,4,False,,
233759,2008,2008-03-30,2008-03-31T00:05:00Z,R,Regular Season,N,1,Final,F,Atlanta Braves,144,2,Washington Nationals,120,3,Jon Rauch,Peter Moylan,,9,Nationals Park,night,1,1,False,,
233765,2008,2008-03-31,2008-03-31T17:05:00Z,R,Regular Season,N,1,Final,F,Kansas City Royals,118,5,Detroit Tigers,116,4,Juan Carlos Oviedo,Denny Bautista,Joakim Soria,11,Comerica Park,day,1,3,False,,
233761,2008,2008-03-31,2008-03-31T18:10:00Z,R,Regular Season,N,1,Final,F,Arizona Diamondbacks,109,4,Cincinnati Reds,113,2,Brandon Webb,Aaron Harang,Brandon Lyon,9,Great American Ball Park,day,1,3,False,,
233766,2008,2008-03-31,2008-03-31T18:20:00Z,R,Regular Season,N,1,Final,F,Milwaukee Brewers,158,4,Chicago Cubs,112,3,Eric Gagne,Bob Howry,David Riske,10,Wrigley Field,day,1,3,False,,
233762,2008,2008-03-31,2008-03-31T19:05:00Z,R,Regular Season,N,1,Final,F,Chicago White Sox,145,8,Cleveland Indians,114,10,Rafael Betancourt,Octavio Dotel,Joe Borowski,9,Progressive Field,day,1,3,False,,
233770,2008,2008-03-31,2008-03-31T19:05:00Z,R,Regular Season,N,1,Final,F,Tampa Bay Rays,139,6,Baltimore Orioles,110,2,James Shields,Jeremy Guthrie,,9,Oriole Park at Camden Yards,day,1,2,False,,
233773,2008,2008-03-31,2008-03-31T19:05:00Z,R,Regular Season,N,1,Final,F,Washington Nationals,120,11,Philadelphia Phillies,143,6,Saul Rivera,Tom Gordon,,9,Citizens Bank Park,day,1,3,False,,
233767,2008,2008-03-31,2008-03-31T20:10:00Z,R,Regular Season,N,1,Final,F,New York Mets,121,7,Florida Marlins,146,2,Johan Santana,Mark Hendrickson,,9,Dolphin Stadium,day,1,3,False,,
233769,2008,2008-03-31,2008-03-31T20:10:00Z,R,Regular Season,N,1,Final,F,San Francisco Giants,137,0,Los Angeles Dodgers,119,5,Brad Penny,Barry Zito,,9,Dodger Stadium,day,1,3,False,,
233771,2008,2008-03-31,2008-03-31T22:40:00Z,R,Regular Season,N,1,Final,F,Texas Rangers,140,2,Seattle Mariners,136,5,Sean Green,Kevin Millwood,J.J. Putz,9,Safeco Field,day,1,3,False,,
233768,2008,2008-03-31,2008-03-31T23:00:00Z,R,Regular Season,N,1,Final,F,Pittsburgh Pirates,134,12,Atlanta Braves,144,11,Franquelis Osoria,Blaine Boyer,,12,Turner Field,night,1,3,False,,
233760,2008,2008-03-31,2008-03-31T23:10:00Z,R,Regular Season,N,1,Final,F,Los Angeles Angels,108,2,Minnesota Twins,142,3,Livan Hernandez,Jered Weaver,Joe Nathan,9,Hubert H. Humphrey Metrodome,night,1,4,False,,
233764,2008,2008-03-31,2008-04-01T02:05:00Z,R,Regular Season,N,1,Final,F,Houston Astros,117,0,San Diego Padres,135,4,Jake Peavy,Roy Oswalt,,9,PETCO Park,night,1,4,False,,
233772,2008,2008-04-01,2008-04-01T23:05:00Z,R,Regular Season,N,1,Final,F,Toronto Blue Jays,141,2,New York Yankees,147,3,Chien-Ming Wang,Roy Halladay,Mariano Rivera,9,Yankee Stadium I,night,1,3,False,,
233777,2008,2008-04-01,2008-04-01T23:10:00Z,R,Regular Season,N,1,Final,F,New York Mets,121,4,Florida Marlins,146,5,Justin Miller,Matt Wise,,10,Dolphin Stadium,night,2,3,False,,
233774,2008,2008-04-01,2008-04-02T00:10:00Z,R,Regular Season,N,1,Final,F,Los Angeles Angels,108,9,Minnesota Twins,142,1,Jon Garland,Boof Bonser,,9,Hubert H. Humphrey Metrodome,night,2,4,False,,
233763,2008,2008-04-01,2008-04-02T00:15:00Z,R,Regular Season,N,1,Final,F,Colorado Rockies,115,2,St. Louis Cardinals,138,1,Taylor Buchholz,Ryan Franklin,Manny Corpas,9,Busch Stadium,night,1,3,False,,
233775,2008,2008-04-01,2008-04-02T02:05:00Z,R,Regular Season,N,1,Final,F,Boston Red Sox,111,2,Oakland Athletics,133,1,Daisuke Matsuzaka,Joe Blanton,Jonathan Papelbon,9,McAfee Coliseum,night,3,4,False,,
233776,2008,2008-04-01,2008-04-02T02:05:00Z,R,Regular Season,N,1,Final,F,Houston Astros,117,1,San Diego Padres,135,2,Chris Young,Brandon Backe,Trevor Hoffman,9,PETCO Park,night,2,4,False,,
233778,2008,2008-04-01,2008-04-02T02:10:00Z,R,Regular Season,N,1,Final,F,San Francisco Giants,137,2,Los Angeles Dodgers,119,3,Takashi Saito,Keiichi Yabu,,9,Dodger Stadium,night,2,3,False,,
233779,2008,2008-04-01,2008-04-02T02:10:00Z,R,Regular Season,N,1,Final,F,Texas Rangers,140,5,Seattle Mariners,136,4,Joaquín Benoit,J.J. Putz,C.J. Wilson,9,Safeco Field,night,2,3,False,,
233786,2008,2008-04-02,2008-04-02T17:05:00Z,R,Regular Season,N,1,Final,F,Kansas City Royals,118,4,Detroit Tigers,116,0,Brian Bannister,Kenny Rogers,,9,Comerica Park,day,2,3,False,,
233787,2008,2008-04-02,2008-04-02T18:20:00Z,R,Regular Season,N,1,Final,F,Milwaukee Brewers,158,8,Chicago Cubs,112,2,Jeff Suppan,Ted Lilly,,9,Wrigley Field,day,2,3,False,,
233782,2008,2008-04-02,2008-04-02T19:35:00Z,R,Regular Season,N,1,Final,F,Boston Red Sox,111,5,Oakland Athletics,133,0,Jon Lester,Alan Embree,,9,McAfee Coliseum,day,4,4,False,,
233789,2008,2008-04-02,2008-04-02T23:00:00Z,R,Regular Season,N,1,Final,F,Pittsburgh Pirates,134,2,Atlanta Braves,144,10,Jair Jurrjens,Tom Gorzelanny,,9,Turner Field,night,2,3,False,,
233783,2008,2008-04-02,2008-04-02T23:05:00Z,R,Regular Season,N,1,Final,F,Chicago White Sox,145,2,Cleveland Indians,114,7,Roberto Hernandez,Javier Vazquez,,9,Progressive Field,night,2,3,False,,
233791,2008,2008-04-02,2008-04-02T23:05:00Z,R,Regular Season,N,1,Final,F,Tampa Bay Rays,139,6,Baltimore Orioles,110,9,Jamie Walker,Al Reyes,George Sherrill,9,Oriole Park at Camden Yards,night,2,2,False,,
233793,2008,2008-04-02,2008-04-02T23:05:00Z,R,Regular Season,N,1,Final,F,Toronto Blue Jays,141,5,New York Yankees,147,2,A.J. Burnett,Mike Mussina,Jeremy Accardo,9,Yankee Stadium I,night,2,3,False,,
233794,2008,2008-04-02,2008-04-02T23:05:00Z,R,Regular Season,N,1,Final,F,Washington Nationals,120,1,Philadelphia Phillies,143,0,Tim Redding,Cole Hamels,Jon Rauch,9,Citizens Bank Park,night,2,3,False,,
233781,2008,2008-04-02,2008-04-02T23:10:00Z,R,Regular Season,N,1,Final,F,Arizona Diamondbacks,109,5,Cincinnati Reds,113,6,Jeremy Affeldt,Brandon Lyon,,9,Great American Ball Park,night,2,3,False,,
233788,2008,2008-04-02,2008-04-02T23:10:00Z,R,Regular Season,N,1,Final,F,New York Mets,121,13,Florida Marlins,146,0,Oliver Pérez,Andrew Miller,,9,Dolphin Stadium,night,3,3,False,,
233780,2008,2008-04-02,2008-04-03T00:10:00Z,R,Regular Season,N,1,Final,F,Los Angeles Angels,108,1,Minnesota Twins,142,0,Joe Saunders,Nick Blackburn,Francisco Rodríguez,9,Hubert H. Humphrey Metrodome,night,3,4,False,,
233784,2008,2008-04-02,2008-04-03T00:15:00Z,R,Regular Season,N,1,Final,F,Colorado Rockies,115,3,St. Louis Cardinals,138,8,Todd Wellemeyer,Aaron Cook,,9,Busch Stadium,night,2,3,False,,
233785,2008,2008-04-02,2008-04-03T02:05:00Z,R,Regular Season,N,1,Final,F,Houston Astros,117,9,San Diego Padres,135,6,Jose Valverde,Trevor Hoffman,,9,PETCO Park,night,3,4,False,,
233790,2008,2008-04-02,2008-04-03T02:10:00Z,R,Regular Season,N,1,Final,F,San Francisco Giants,137,2,Los Angeles Dodgers,119,1,Tim Lincecum,Esteban Loaiza,Brian Wilson,9,Dodger Stadium,night,3,3,False,,
233792,2008,2008-04-02,2008-04-03T02:10:00Z,R,Regular Season,N,1,Final,F,Texas Rangers,140,1,Seattle Mariners,136,4,Carlos Silva,Jason Jennings,Miguel Batista,9,Safeco Field,night,3,3,False,,
233797,2008,2008-04-03,2008-04-03T16:05:00Z,R,Regular Season,N,1,Final,F,Chicago White Sox,145,2,Cleveland Indians,114,1,Octavio Dotel,Jake Westbrook,Bobby Jenks,9,Progressive Field,day,3,3,False,,
233796,2008,2008-04-03,2008-04-03T16:35:00Z,R,Regular Season,N,1,Final,F,Arizona Diamondbacks,109,2,Cincinnati Reds,113,3,Johnny Cueto,Doug Davis,Francisco Cordero,9,Great American Ball Park,day,3,3,False,,
233800,2008,2008-04-03,2008-04-03T17:05:00Z,R,Regular Season,N,1,Final,F,Kansas City Royals,118,4,Detroit Tigers,116,1,Zack Greinke,Jeremy Bonderman,Joakim Soria,9,Comerica Park,day,3,3,False,,
233805,2008,2008-04-03,2008-04-03T17:05:00Z,R,Regular Season,N,1,Final,F,Washington Nationals,120,7,Philadelphia Phillies,143,8,Clay Condrey,Jesus Colome,,10,Citizens Bank Park,day,3,3,False,,
233795,2008,2008-04-03,2008-04-03T17:10:00Z,R,Regular Season,N,1,Final,F,Los Angeles Angels,108,5,Minnesota Twins,142,4,Ervin Santana,Kevin Slowey,Francisco Rodríguez,9,Hubert H. Humphrey Metrodome,day,4,4,False,,
233798,2008,2008-04-03,2008-04-03T17:15:00Z,R,Regular Season,N,1,Final,F,Colorado Rockies,115,0,St. Louis Cardinals,138,3,Brad Thompson,Ubaldo Jiménez,Jason Isringhausen,9,Busch Stadium,day,3,3,False,,
233801,2008,2008-04-03,2008-04-03T18:20:00Z,R,Regular Season,N,1,Final,F,Milwaukee Brewers,158,3,Chicago Cubs,112,6,Ryan Dempster,Dave Bush,Kerry Wood,9,Wrigley Field,day,3,3,False,,
233799,2008,2008-04-03,2008-04-03T19:35:00Z,R,Regular Season,N,1,Final,F,Houston Astros,117,2,San Diego Padres,135,3,Enrique Gonzalez,Oscar Villarreal,Trevor Hoffman,9,PETCO Park,day,4,4,False,,
233802,2008,2008-04-03,2008-04-03T23:00:00Z,R,Regular Season,N,1,Final,F,Pittsburgh Pirates,134,4,Atlanta Braves,144,3,Tyler Yates,Chris Resop,Matt Capps,10,Turner Field,night,3,3,False,,
233804,2008,2008-04-03,2008-04-03T23:05:00Z,R,Regular Season,N,1,Final,F,Toronto Blue Jays,141,2,New York Yankees,147,3,Joba Chamberlain,Brian Wolfe,Mariano Rivera,9,Yankee Stadium I,night,3,3,False,,
233808,2008,2008-04-04,2008-04-04T17:05:00Z,R,Regular Season,N,1,Final,F,Chicago White Sox,145,8,Detroit Tigers,116,5,Boone Logan,Jason Grilli,Bobby Jenks,9,Comerica Park,day,1,3,False,,
233817,2008,2008-04-04,2008-04-04T18:05:00Z,R,Regular Season,N,1,Final,F,San Francisco Giants,137,4,Milwaukee Brewers,158,13,Carlos Villanueva,Jonathan Sánchez,Salomon Torres,9,Miller Park,day,1,3,False,,
233810,2008,2008-04-04,2008-04-04T18:20:00Z,R,Regular Season,N,1,Final,F,Houston Astros,117,4,Chicago Cubs,112,3,Wesley Wright,Jon Lieber,Jose Valverde,9,Wrigley Field,day,1,3,False,,
233806,2008,2008-04-04,2008-04-04T20:05:00Z,R,Regular Season,N,1,Final,F,Arizona Diamondbacks,109,8,Colorado Rockies,115,1,Micah Owings,Mark Redman,,9,Coors Field,day,1,3,False,,
233816,2008,2008-04-04,2008-04-04T23:05:00Z,R,Regular Season,N,1,Final,F,Seattle Mariners,136,4,Baltimore Orioles,110,7,Steve Trachsel,Jarrod Washburn,George Sherrill,9,Oriole Park at Camden Yards,night,1,4,False,,
233818,2008,2008-04-04,2008-04-04T23:05:00Z,R,Regular Season,N,1,Final,F,Tampa Bay Rays,139,13,New York Yankees,147,4,Andy Sonnanstine,Ian Kennedy,,9,Yankee Stadium I,night,1,4,False,,
233814,2008,2008-04-04,2008-04-04T23:10:00Z,R,Regular Season,N,1,Final,F,Philadelphia Phillies,143,8,Cincinnati Reds,113,4,Kyle Kendrick,Josh Fogg,,9,Great American Ball Park,night,1,4,False,,
233815,2008,2008-04-04,2008-04-04T23:10:00Z,R,Regular Season,N,1,Final,F,Pittsburgh Pirates,134,4,Florida Marlins,146,5,Kevin Gregg,Franquelis Osoria,,9,Dolphin Stadium,night,1,3,False,,
233807,2008,2008-04-04,2008-04-04T23:15:00Z,R,Regular Season,N,1,Final,F,Boston Red Sox,111,3,Toronto Blue Jays,141,6,Shaun Marcum,David Aardsma,Jeremy Accardo,9,Rogers Centre,night,1,3,False,,
233811,2008,2008-04-04,2008-04-05T00:10:00Z,R,Regular Season,N,1,Final,F,Kansas City Royals,118,3,Minnesota Twins,142,4,Scott Baker,John Bale,Joe Nathan,9,Hubert H. Humphrey Metrodome,night,1,3,False,,
233820,2008,2008-04-04,2008-04-05T00:15:00Z,R,Regular Season,N,1,Final,F,Washington Nationals,120,4,St. Louis Cardinals,138,5,Braden Looper,Odalis Perez,Jason Isringhausen,9,Busch Stadium,night,1,3,False,,
233809,2008,2008-04-04,2008-04-05T02:05:00Z,R,Regular Season,N,1,Final,F,Cleveland Indians,114,3,Oakland Athletics,133,6,Justin Duchscherer,Paul Byrd,,9,McAfee Coliseum,night,1,3,False,,
233812,2008,2008-04-04,2008-04-05T02:05:00Z,R,Regular Season,N,1,Final,F,Los Angeles Dodgers,119,7,San Diego Padres,135,1,Hiroki Kuroda,Joe Thatcher,,9,PETCO Park,night,1,3,False,,
233819,2008,2008-04-04,2008-04-05T02:05:00Z,R,Regular Season,N,1,Final,F,Texas Rangers,140,11,Los Angeles Angels,108,6,Kason Gabbard,Dustin Moseley,,9,Angel Stadium of Anaheim,night,1,3,False,,
233825,2008,2008-04-05,2008-04-05T17:05:00Z,R,Regular Season,N,1,Final,F,Houston Astros,117,7,Chicago Cubs,112,9,Kevin Hart,Roy Oswalt,Kerry Wood,9,Wrigley Field,day,2,3,False,,
233832,2008,2008-04-05,2008-04-05T17:05:00Z,R,Regular Season,N,1,Final,F,San Francisco Giants,137,4,Milwaukee Brewers,158,5,Manny Parra,Kevin Correia,Eric Gagne,9,Miller Park,day,2,3,False,,
233833,2008,2008-04-05,2008-04-05T17:05:00Z,R,Regular Season,N,1,Final,F,Tampa Bay Rays,139,6,New York Yankees,147,3,Edwin Jackson,Andy Pettitte,Troy Percival,9,Yankee Stadium I,day,2,4,False,,
233822,2008,2008-04-05,2008-04-05T17:07:00Z,R,Regular Season,N,1,Final,F,Boston Red Sox,111,2,Toronto Blue Jays,141,10,Jesse Litsch,Clay Buchholz,,9,Rogers Centre,day,2,3,False,,
233829,2008,2008-04-05,2008-04-05T17:10:00Z,R,Regular Season,N,1,Final,F,Philadelphia Phillies,143,3,Cincinnati Reds,113,4,Francisco Cordero,Chad Durbin,,9,Great American Ball Park,day,2,4,False,,
233835,2008,2008-04-05,2008-04-05T17:10:00Z,R,Regular Season,N,1,Final,F,Washington Nationals,120,4,St. Louis Cardinals,138,5,Adam Wainwright,Matt Chico,Randy Flores,9,Busch Stadium,day,2,3,False,,
233826,2008,2008-04-05,2008-04-05T18:10:00Z,R,Regular Season,N,1,Final,F,Kansas City Royals,118,4,Minnesota Twins,142,6,Livan Hernandez,Gil Meche,Joe Nathan,9,Hubert H. Humphrey Metrodome,day,2,3,False,,
233823,2008,2008-04-05,2008-04-05T19:55:00Z,R,Regular Season,N,1,Final,F,Chicago White Sox,145,5,Detroit Tigers,116,3,Gavin Floyd,Zach Miner,Bobby Jenks,9,Comerica Park,day,2,3,False,,
233827,2008,2008-04-05,2008-04-05T19:55:00Z,R,Regular Season,N,1,Final,F,Los Angeles Dodgers,119,1,San Diego Padres,135,4,Jake Peavy,Brad Penny,,9,PETCO Park,day,2,3,False,,
233828,2008,2008-04-05,2008-04-05T19:55:00Z,R,Regular Season,N,1,Final,F,New York Mets,121,5,Atlanta Braves,144,11,Tim Hudson,John Maine,,9,Turner Field,day,1,2,False,,
233824,2008,2008-04-05,2008-04-05T20:05:00Z,R,Regular Season,N,1,Final,F,Cleveland Indians,114,1,Oakland Athletics,133,6,Dana Eveland,CC Sabathia,,9,McAfee Coliseum,day,2,3,False,,
233831,2008,2008-04-05,2008-04-05T23:05:00Z,R,Regular Season,N,1,Final,F,Seattle Mariners,136,4,Baltimore Orioles,110,6,Matt Albers,Miguel Batista,George Sherrill,9,Oriole Park at Camden Yards,night,2,4,False,,
233830,2008,2008-04-05,2008-04-05T23:10:00Z,R,Regular Season,N,1,Final,F,Pittsburgh Pirates,134,3,Florida Marlins,146,7,Mark Hendrickson,Paul Maholm,,9,Dolphin Stadium,night,2,3,False,,
233821,2008,2008-04-05,2008-04-06T00:05:00Z,R,Regular Season,N,1,Final,F,Arizona Diamondbacks,109,7,Colorado Rockies,115,2,Brandon Webb,Jeff Francis,,9,Coors Field,night,2,3,False,,
233834,2008,2008-04-05,2008-04-06T01:05:00Z,R,Regular Season,N,1,Final,F,Texas Rangers,140,1,Los Angeles Angels,108,2,Jered Weaver,Kevin Millwood,Francisco Rodríguez,9,Angel Stadium of Anaheim,night,2,3,False,,
233848,2008,2008-04-06,2008-04-06T17:05:00Z,R,Regular Season,N,1,Final,F,Tampa Bay Rays,139,0,New York Yankees,147,2,Chien-Ming Wang,James Shields,Mariano Rivera,9,Yankee Stadium I,day,3,4,False,,
233837,2008,2008-04-06,2008-04-06T17:07:00Z,R,Regular Season,N,1,Final,F,Boston Red Sox,111,4,Toronto Blue Jays,141,7,Roy Halladay,Josh Beckett,Jeremy Accardo,9,Rogers Centre,day,3,3,False,,
233845,2008,2008-04-06,2008-04-06T17:10:00Z,R,Regular Season,N,1,Final,F,Pittsburgh Pirates,134,9,Florida Marlins,146,2,Ian Snell,Rick Van Den Hurk,,9,Dolphin Stadium,day,3,3,False,,
233844,2008,2008-04-06,2008-04-06T17:15:00Z,R,Regular Season,N,1,Final,F,Philadelphia Phillies,143,2,Cincinnati Reds,113,8,Edinson Volquez,Brett Myers,,9,Great American Ball Park,day,3,4,False,,
233843,2008,2008-04-06,2008-04-06T17:30:00Z,R,Regular Season,N,1,Final,F,New York Mets,121,1,Atlanta Braves,144,3,John Smoltz,Johan Santana,Rafael Soriano,9,Turner Field,day,2,2,False,,
233846,2008,2008-04-06,2008-04-06T17:35:00Z,R,Regular Season,N,1,Final,F,Seattle Mariners,136,2,Baltimore Orioles,110,3,Dennis Sarfate,Mark Lowe,,9,Oriole Park at Camden Yards,day,3,4,False,,
233847,2008,2008-04-06,2008-04-06T18:05:00Z,R,Regular Season,N,1,Final,F,San Francisco Giants,137,0,Milwaukee Brewers,158,7,Ben Sheets,Barry Zito,,9,Miller Park,day,3,3,False,,
233841,2008,2008-04-06,2008-04-06T18:10:00Z,R,Regular Season,N,1,Final,F,Kansas City Royals,118,3,Minnesota Twins,142,1,Brett Tomko,Boof Bonser,Joakim Soria,9,Hubert H. Humphrey Metrodome,day,3,3,False,,
233850,2008,2008-04-06,2008-04-06T18:15:00Z,R,Regular Season,N,1,Final,F,Washington Nationals,120,0,St. Louis Cardinals,138,3,Kyle Lohse,John Lannan,Jason Isringhausen,9,Busch Stadium,day,3,3,False,,
233840,2008,2008-04-06,2008-04-06T18:20:00Z,R,Regular Season,N,1,Final,F,Houston Astros,117,2,Chicago Cubs,112,3,Carlos Zambrano,Oscar Villarreal,Kerry Wood,9,Wrigley Field,day,3,3,False,,
233836,2008,2008-04-06,2008-04-06T19:05:00Z,R,Regular Season,N,1,Final,F,Arizona Diamondbacks,109,5,Colorado Rockies,115,2,Brandon Lyon,Micah Bowie,Chad Qualls,10,Coors Field,day,3,3,False,,
233849,2008,2008-04-06,2008-04-06T19:35:00Z,R,Regular Season,N,1,Final,F,Texas Rangers,140,10,Los Angeles Angels,108,4,Vicente Padilla,Jon Garland,,9,Angel Stadium of Anaheim,day,3,3,False,,
233839,2008,2008-04-06,2008-04-06T20:05:00Z,R,Regular Season,N,1,Final,F,Cleveland Indians,114,2,Oakland Athletics,133,1,Cliff Lee,Joe Blanton,Joe Borowski,9,McAfee Coliseum,day,3,3,False,,
233842,2008,2008-04-06,2008-04-06T20:05:00Z,R,Regular Season,N,1,Final,F,Los Angeles Dodgers,119,3,San Diego Padres,135,2,Jonathan Broxton,Trevor Hoffman,Takashi Saito,9,PETCO Park,day,3,3,False,,
233838,2008,2008-04-06,2008-04-07T00:05:00Z,R,Regular Season,N,1,Final,F,Chicago White Sox,145,13,Detroit Tigers,116,2,Mark Buehrle,Justin Verlander,,9,Comerica Park,night,3,3,False,,
233857,2008,2008-04-07,2008-04-07T16:35:00Z,R,Regular Season,N,1,Final,F,Philadelphia Phillies,143,5,Cincinnati Reds,113,3,Cole Hamels,Bronson Arroyo,Brad Lidge,9,Great American Ball Park,day,4,4,False,,
233852,2008,2008-04-07,2008-04-07T17:35:00Z,R,Regular Season,N,1,Final,F,Chicago Cubs,112,10,Pittsburgh Pirates,134,8,Jon Lieber,Evan Meek,Carlos Marmol,12,PNC Park,day,1,3,False,,
233859,2008,2008-04-07,2008-04-07T19:05:00Z,R,Regular Season,N,1,Final,F,Seattle Mariners,136,4,Baltimore Orioles,110,5,Dennis Sarfate,Eric O'Flaherty,George Sherrill,9,Oriole Park at Camden Yards,day,4,4,False,,
233856,2008,2008-04-07,2008-04-07T20:05:00Z,R,Regular Season,N,1,Final,F,Minnesota Twins,142,4,Chicago White Sox,145,7,Javier Vazquez,Matt Guerrier,Bobby Jenks,9,U.S. Cellular Field,day,1,2,False,,
233858,2008,2008-04-07,2008-04-07T20:35:00Z,R,Regular Season,N,1,Final,F,San Diego Padres,135,8,San Francisco Giants,137,4,Greg Maddux,Matt Cain,,9,AT&T Park,day,1,3,False,,
233860,2008,2008-04-07,2008-04-07T23:05:00Z,R,Regular Season,N,1,Final,F,St. Louis Cardinals,138,3,Houston Astros,117,5,Jose Valverde,Kyle McClellan,,9,Minute Maid Park,night,1,3,False,,
233861,2008,2008-04-07,2008-04-07T23:05:00Z,R,Regular Season,N,1,Final,F,Tampa Bay Rays,139,1,New York Yankees,147,6,Mike Mussina,Jason Hammel,,9,Yankee Stadium I,night,4,4,False,,
233854,2008,2008-04-07,2008-04-07T23:10:00Z,R,Regular Season,N,1,Final,F,Florida Marlins,146,10,Washington Nationals,120,7,Renyel Pinto,Tim Redding,Kevin Gregg,9,Nationals Park,night,1,3,False,,
233851,2008,2008-04-07,2008-04-08T00:35:00Z,R,Regular Season,N,1,Final,F,Atlanta Braves,144,1,Colorado Rockies,115,2,Matt Herges,Blaine Boyer,Manny Corpas,9,Coors Field,night,1,3,False,,
233855,2008,2008-04-07,2008-04-08T01:40:00Z,R,Regular Season,N,1,Final,F,Los Angeles Dodgers,119,3,Arizona Diamondbacks,109,9,Dan Haren,Esteban Loaiza,,9,Chase Field,night,1,3,False,,
233853,2008,2008-04-07,2008-04-08T02:05:00Z,R,Regular Season,N,1,Final,F,Cleveland Indians,114,4,Los Angeles Angels,108,6,Scot Shields,Joe Borowski,,9,Angel Stadium of Anaheim,night,1,3,False,,
233870,2008,2008-04-08,2008-04-08T17:10:00Z,R,Regular Season,N,1,Final,F,Philadelphia Phillies,143,5,New York Mets,121,2,Jamie Moyer,Scott Schoeneweis,Tom Gordon,9,Shea Stadium,day,1,3,False,,
233863,2008,2008-04-08,2008-04-08T18:05:00Z,R,Regular Season,N,1,Final,F,Baltimore Orioles,110,8,Texas Rangers,140,1,Brian Burres,Jason Jennings,,9,Rangers Ballpark in Arlington,day,1,3,False,,
233866,2008,2008-04-08,2008-04-08T18:05:00Z,R,Regular Season,N,1,Final,F,Detroit Tigers,116,0,Boston Red Sox,111,5,Daisuke Matsuzaka,Kenny Rogers,,9,Fenway Park,day,1,3,False,,
233868,2008,2008-04-08,2008-04-08T20:10:00Z,R,Regular Season,N,1,Final,F,New York Yankees,147,2,Kansas City Royals,118,5,Brian Bannister,Phil Hughes,Joakim Soria,9,Kauffman Stadium,day,1,3,False,,
233869,2008,2008-04-08,2008-04-08T23:07:00Z,R,Regular Season,N,1,Final,F,Oakland Athletics,133,9,Toronto Blue Jays,141,8,Alan Embree,Jeremy Accardo,Huston Street,9,Rogers Centre,night,1,3,False,,
233872,2008,2008-04-08,2008-04-08T23:10:00Z,R,Regular Season,N,1,Final,F,Seattle Mariners,136,6,Tampa Bay Rays,139,5,Erik Bedard,Gary Glover,Ryan Rowland-Smith,9,Tropicana Field,night,1,3,False,,
233864,2008,2008-04-08,2008-04-09T00:05:00Z,R,Regular Season,N,1,Final,F,Cincinnati Reds,113,2,Milwaukee Brewers,158,3,Salomon Torres,David Weathers,,10,Miller Park,night,1,3,False,,
233873,2008,2008-04-08,2008-04-09T00:05:00Z,R,Regular Season,N,1,Final,F,St. Louis Cardinals,138,5,Houston Astros,117,3,Anthony Reyes,Geoff Geary,Jason Isringhausen,9,Minute Maid Park,night,2,3,False,,
233862,2008,2008-04-08,2008-04-09T00:35:00Z,R,Regular Season,N,1,Final,F,Atlanta Braves,144,3,Colorado Rockies,115,4,Ubaldo Jiménez,Jair Jurrjens,Manny Corpas,9,Coors Field,night,2,3,False,,
233867,2008,2008-04-08,2008-04-09T01:40:00Z,R,Regular Season,N,1,Final,F,Los Angeles Dodgers,119,5,Arizona Diamondbacks,109,10,Doug Davis,Chad Billingsley,,9,Chase Field,night,2,3,False,,
233865,2008,2008-04-08,2008-04-09T02:05:00Z,R,Regular Season,N,1,Final,F,Cleveland Indians,114,4,Los Angeles Angels,108,3,Jake Westbrook,Justin Speier,,9,Angel Stadium of Anaheim,night,2,3,False,,
233871,2008,2008-04-08,2008-04-09T02:15:00Z,R,Regular Season,N,1,Final,F,San Diego Padres,135,2,San Francisco Giants,137,3,Brad Hennessey,Cla Meredith,,11,AT&T Park,night,2,3,False,,
233878,2008,2008-04-09,2008-04-09T19:35:00Z,R,Regular Season,N,1,Final,F,Cleveland Indians,114,5,Los Angeles Angels,108,9,Dustin Moseley,Paul Byrd,,9,Angel Stadium of Anaheim,day,3,3,False,,
233881,2008,2008-04-09,2008-04-09T19:40:00Z,R,Regular Season,N,1,Final,F,Los Angeles Dodgers,119,3,Arizona Diamondbacks,109,4,Micah Owings,Hiroki Kuroda,Brandon Lyon,9,Chase Field,day,3,3,False,,
233876,2008,2008-04-09,2008-04-09T23:05:00Z,R,Regular Season,N,1,Final,F,Chicago Cubs,112,6,Pittsburgh Pirates,134,4,Kevin Hart,Phil Dumatrait,Sean Marshall,15,PNC Park,night,2,3,False,,
233879,2008,2008-04-09,2008-04-09T23:05:00Z,R,Regular Season,N,1,Final,F,Detroit Tigers,116,7,Boston Red Sox,111,2,Jeremy Bonderman,Jon Lester,,9,Fenway Park,night,2,3,False,,
233884,2008,2008-04-09,2008-04-09T23:07:00Z,R,Regular Season,N,1,Final,F,Oakland Athletics,133,6,Toronto Blue Jays,141,3,Fernando Hernandez,Jeremy Accardo,Huston Street,9,Rogers Centre,night,2,3,False,,
233880,2008,2008-04-09,2008-04-09T23:10:00Z,R,Regular Season,N,1,Final,F,Florida Marlins,146,10,Washington Nationals,120,4,Scott Olsen,Jason Bergmann,,9,Nationals Park,night,2,3,False,,
233885,2008,2008-04-09,2008-04-09T23:10:00Z,R,Regular Season,N,1,Final,F,Philadelphia Phillies,143,2,New York Mets,121,8,Mike Pelfrey,Kyle Kendrick,,9,Shea Stadium,night,2,3,False,,
233887,2008,2008-04-09,2008-04-09T23:10:00Z,R,Regular Season,N,1,Final,F,Seattle Mariners,136,7,Tampa Bay Rays,139,1,Jarrod Washburn,Andy Sonnanstine,,9,Tropicana Field,night,2,3,False,,
233877,2008,2008-04-09,2008-04-10T00:05:00Z,R,Regular Season,N,1,Final,F,Cincinnati Reds,113,12,Milwaukee Brewers,158,4,Josh Fogg,Dave Bush,,9,Miller Park,night,2,3,False,,
233888,2008,2008-04-09,2008-04-10T00:05:00Z,R,Regular Season,N,1,Final,F,St. Louis Cardinals,138,6,Houston Astros,117,4,Braden Looper,Chris Sampson,Jason Isringhausen,9,Minute Maid Park,night,3,3,False,,
233883,2008,2008-04-09,2008-04-10T00:10:00Z,R,Regular Season,N,1,Final,F,New York Yankees,147,0,Kansas City Royals,118,4,Zack Greinke,Kyle Farnsworth,Jimmy Gobble,9,Kauffman Stadium,night,2,3,False,,
233882,2008,2008-04-09,2008-04-10T00:11:00Z,R,Regular Season,N,1,Final,F,Minnesota Twins,142,12,Chicago White Sox,145,5,Scott Baker,John Danks,Brian Bass,9,U.S. Cellular Field,night,2,2,False,,
233874,2008,2008-04-09,2008-04-10T00:35:00Z,R,Regular Season,N,1,Final,F,Atlanta Braves,144,6,Colorado Rockies,115,12,Mark Redman,Chuck James,,9,Coors Field,night,3,3,False,,
233886,2008,2008-04-09,2008-04-10T02:15:00Z,R,Regular Season,N,1,Final,F,San Diego Padres,135,0,San Francisco Giants,137,1,Tyler Walker,Heath Bell,,9,AT&T Park,night,3,3,False,,
233899,2008,2008-04-10,2008-04-10T16:40:00Z,R,Regular Season,N,1,Final,F,Seattle Mariners,136,0,Tampa Bay Rays,139,7,Edwin Jackson,Miguel Batista,,9,Tropicana Field,day,3,3,False,,
233892,2008,2008-04-10,2008-04-10T17:05:00Z,R,Regular Season,N,1,Final,F,Cincinnati Reds,113,4,Milwaukee Brewers,158,1,Aaron Harang,Carlos Villanueva,Francisco Cordero,9,Miller Park,day,3,3,False,,
233890,2008,2008-04-10,2008-04-10T21:05:00Z,R,Regular Season,Y,1,Final,F,Baltimore Orioles,110,1,Texas Rangers,140,3,Kevin Millwood,Steve Trachsel,C.J. Wilson,9,Rangers Ballpark in Arlington,night,2,3,False,,
233875,2008,2008-04-10,2008-04-10T21:10:00Z,R,Regular Season,Y,2,Final,F,Baltimore Orioles,110,4,Texas Rangers,140,5,Jamey Wright,Chad Bradford,C.J. Wilson,9,Rangers Ballpark in Arlington,night,3,3,False,,
233891,2008,2008-04-10,2008-04-10T23:05:00Z,R,Regular Season,N,1,Final,F,Chicago Cubs,112,7,Pittsburgh Pirates,134,3,Jon Lieber,Matt Morris,,9,PNC Park,night,3,3,False,,
233893,2008,2008-04-10,2008-04-10T23:05:00Z,R,Regular Season,N,1,Final,F,Detroit Tigers,116,6,Boston Red Sox,111,12,Tim Wakefield,Nate Robertson,Jonathan Papelbon,9,Fenway Park,night,3,3,False,,
233897,2008,2008-04-10,2008-04-10T23:07:00Z,R,Regular Season,N,1,Final,F,Oakland Athletics,133,3,Toronto Blue Jays,141,2,Joey Devine,Brandon League,Keith Foulke,12,Rogers Centre,night,3,3,False,,
233894,2008,2008-04-10,2008-04-10T23:10:00Z,R,Regular Season,N,1,Final,F,Florida Marlins,146,4,Washington Nationals,120,3,Mark Hendrickson,Odalis Perez,Kevin Gregg,9,Nationals Park,night,3,3,False,,
233898,2008,2008-04-10,2008-04-10T23:10:00Z,R,Regular Season,N,1,Final,F,Philadelphia Phillies,143,3,New York Mets,121,4,Jorge Sosa,Tom Gordon,,12,Shea Stadium,night,3,3,False,,
233896,2008,2008-04-10,2008-04-11T00:10:00Z,R,Regular Season,N,1,Final,F,New York Yankees,147,6,Kansas City Royals,118,1,Andy Pettitte,John Bale,,9,Kauffman Stadium,night,3,3,False,,
233900,2008,2008-04-10,2008-04-11T02:15:00Z,R,Regular Season,N,1,Final,F,St. Louis Cardinals,138,1,San Francisco Giants,137,5,Kevin Correia,Adam Wainwright,Brian Wilson,9,AT&T Park,night,1,4,False,,
233904,2008,2008-04-11,2008-04-11T23:05:00Z,R,Regular Season,N,1,Final,F,Chicago Cubs,112,3,Philadelphia Phillies,143,5,Brett Myers,Carlos Zambrano,Brad Lidge,9,Citizens Bank Park,night,1,3,False,,
233905,2008,2008-04-11,2008-04-11T23:05:00Z,R,Regular Season,N,1,Final,F,Cincinnati Reds,113,0,Pittsburgh Pirates,134,1,John Grabow,Jared Burton,Matt Capps,9,PNC Park,night,1,3,False,,
233911,2008,2008-04-11,2008-04-11T23:05:00Z,R,Regular Season,N,1,Final,F,New York Yankees,147,4,Boston Red Sox,111,1,Chien-Ming Wang,Mike Timlin,,9,Fenway Park,night,1,3,False,,
233912,2008,2008-04-11,2008-04-11T23:05:00Z,R,Regular Season,N,1,Final,F,Oakland Athletics,133,9,Cleveland Indians,114,7,Joe Blanton,CC Sabathia,Huston Street,9,Progressive Field,night,1,3,False,,
233903,2008,2008-04-11,2008-04-11T23:10:00Z,R,Regular Season,N,1,Final,F,Baltimore Orioles,110,5,Tampa Bay Rays,139,10,Al Reyes,Dennis Sarfate,,9,Tropicana Field,night,1,3,False,,
233909,2008,2008-04-11,2008-04-11T23:10:00Z,R,Regular Season,N,1,Final,F,Milwaukee Brewers,158,2,New York Mets,121,4,Nelson Figueroa,Manny Parra,Billy Wagner,9,Shea Stadium,night,1,3,False,,
233902,2008,2008-04-11,2008-04-11T23:35:00Z,R,Regular Season,N,1,Final,F,Atlanta Braves,144,3,Washington Nationals,120,0,Tim Hudson,Matt Chico,Peter Moylan,9,Nationals Park,night,1,3,False,,
233908,2008,2008-04-11,2008-04-12T00:05:00Z,R,Regular Season,N,1,Final,F,Florida Marlins,146,10,Houston Astros,117,6,Ricky Nolasco,Roy Oswalt,,9,Minute Maid Park,night,1,3,False,,
233915,2008,2008-04-11,2008-04-12T00:05:00Z,R,Regular Season,N,1,Final,F,Toronto Blue Jays,141,8,Texas Rangers,140,5,Jesse Litsch,Vicente Padilla,Scott Downs,9,Rangers Ballpark in Arlington,night,1,3,False,,
233910,2008,2008-04-11,2008-04-12T00:10:00Z,R,Regular Season,N,1,Final,F,Minnesota Twins,142,5,Kansas City Royals,118,0,Livan Hernandez,Gil Meche,,9,Kauffman Stadium,night,1,3,False,,
233907,2008,2008-04-11,2008-04-12T00:11:00Z,R,Regular Season,N,1,Final,F,Detroit Tigers,116,5,Chicago White Sox,145,2,Aquilino López,Jose Contreras,Todd Jones,9,U.S. Cellular Field,night,1,3,False,,
233906,2008,2008-04-11,2008-04-12T01:40:00Z,R,Regular Season,N,1,Final,F,Colorado Rockies,115,2,Arizona Diamondbacks,109,8,Brandon Webb,Jeff Francis,,9,Chase Field,night,1,3,False,,
233901,2008,2008-04-11,2008-04-12T02:10:00Z,R,Regular Season,N,1,Final,F,Los Angeles Angels,108,5,Seattle Mariners,136,8,Félix Hernández,Jered Weaver,Mark Lowe,9,Safeco Field,night,1,3,False,,
233914,2008,2008-04-11,2008-04-12T02:15:00Z,R,Regular Season,N,1,Final,F,St. Louis Cardinals,138,8,San Francisco Giants,137,2,Kyle Lohse,Barry Zito,,9,AT&T Park,night,2,4,False,,
233913,2008,2008-04-11,2008-04-12T02:40:00Z,R,Regular Season,N,1,Final,F,San Diego Padres,135,7,Los Angeles Dodgers,119,5,Jake Peavy,Brad Penny,Trevor Hoffman,9,Dodger Stadium,night,1,3,False,,
233917,2008,2008-04-12,2008-04-12T17:05:00Z,R,Regular Season,N,1,Final,F,Atlanta Braves,144,10,Washington Nationals,120,2,John Smoltz,John Lannan,,9,Nationals Park,day,2,3,False,,
233922,2008,2008-04-12,2008-04-12T17:05:00Z,R,Regular Season,N,1,Final,F,Detroit Tigers,116,0,Chicago White Sox,145,7,Gavin Floyd,Justin Verlander,,9,U.S. Cellular Field,day,2,3,False,,
233924,2008,2008-04-12,2008-04-12T17:10:00Z,R,Regular Season,N,1,Final,F,Milwaukee Brewers,158,5,New York Mets,121,3,Ben Sheets,Johan Santana,Eric Gagne,9,Shea Stadium,day,2,3,False,,
233921,2008,2008-04-12,2008-04-12T19:55:00Z,R,Regular Season,N,1,Final,F,Colorado Rockies,115,3,Arizona Diamondbacks,109,10,Dan Haren,Franklin Morales,,9,Chase Field,day,2,3,False,,
233926,2008,2008-04-12,2008-04-12T19:55:00Z,R,Regular Season,N,1,Final,F,New York Yankees,147,3,Boston Red Sox,111,4,Josh Beckett,Mike Mussina,Jonathan Papelbon,9,Fenway Park,day,2,3,False,,
233929,2008,2008-04-12,2008-04-12T20:05:00Z,R,Regular Season,N,1,Final,F,St. Louis Cardinals,138,8,San Francisco Giants,137,7,Jason Isringhausen,Erick Threets,Anthony Reyes,10,AT&T Park,day,3,4,False,,
233919,2008,2008-04-12,2008-04-12T23:05:00Z,R,Regular Season,N,1,Final,F,Chicago Cubs,112,1,Philadelphia Phillies,143,7,Cole Hamels,Ted Lilly,,9,Citizens Bank Park,night,2,3,False,,
233920,2008,2008-04-12,2008-04-12T23:05:00Z,R,Regular Season,N,1,Final,F,Cincinnati Reds,113,3,Pittsburgh Pirates,134,4,Ian Snell,Mike Lincoln,Matt Capps,9,PNC Park,night,2,3,False,,
233923,2008,2008-04-12,2008-04-12T23:05:00Z,R,Regular Season,N,1,Final,F,Florida Marlins,146,0,Houston Astros,117,5,Brandon Backe,Andrew Miller,,9,Minute Maid Park,night,2,3,False,,
233927,2008,2008-04-12,2008-04-12T23:05:00Z,R,Regular Season,N,1,Final,F,Oakland Athletics,133,7,Cleveland Indians,114,3,Lenny DiNardo,Roberto Hernandez,,9,Progressive Field,night,2,3,False,,
233918,2008,2008-04-12,2008-04-12T23:10:00Z,R,Regular Season,N,1,Final,F,Baltimore Orioles,110,3,Tampa Bay Rays,139,2,Chad Bradford,Dan Wheeler,George Sherrill,9,Tropicana Field,night,2,3,False,,
233925,2008,2008-04-12,2008-04-12T23:10:00Z,R,Regular Season,N,1,Final,F,Minnesota Twins,142,2,Kansas City Royals,118,0,Boof Bonser,Brett Tomko,Joe Nathan,9,Kauffman Stadium,night,2,3,False,,
233930,2008,2008-04-12,2008-04-13T00:05:00Z,R,Regular Season,N,1,Final,F,Toronto Blue Jays,141,4,Texas Rangers,140,1,Roy Halladay,Luis Mendoza,,9,Rangers Ballpark in Arlington,night,2,3,False,,
233916,2008,2008-04-12,2008-04-13T01:10:00Z,R,Regular Season,N,1,Final,F,Los Angeles Angels,108,3,Seattle Mariners,136,8,Carlos Silva,Jon Garland,,9,Safeco Field,night,2,3,False,,
233928,2008,2008-04-12,2008-04-13T02:10:00Z,R,Regular Season,N,1,Final,F,San Diego Padres,135,1,Los Angeles Dodgers,119,11,Derek Lowe,Chris Young,,9,Dodger Stadium,night,2,3,False,,
233942,2008,2008-04-13,2008-04-13T17:05:00Z,R,Regular Season,N,1,Final,F,Oakland Athletics,133,1,Cleveland Indians,114,7,Cliff Lee,Chad Gaudin,,9,Progressive Field,day,3,3,False,,
233939,2008,2008-04-13,2008-04-13T17:10:00Z,R,Regular Season,N,1,Final,F,Milwaukee Brewers,158,9,New York Mets,121,7,Salomon Torres,Jorge Sosa,Eric Gagne,9,Shea Stadium,day,3,3,False,,
233932,2008,2008-04-13,2008-04-13T17:35:00Z,R,Regular Season,N,1,Final,F,Atlanta Braves,144,4,Washington Nationals,120,5,Tim Redding,Tom Glavine,Jon Rauch,9,Nationals Park,day,3,3,False,,
233934,2008,2008-04-13,2008-04-13T17:35:00Z,R,Regular Season,N,1,Final,F,Chicago Cubs,112,6,Philadelphia Phillies,143,5,Kerry Wood,Rudy Seanez,Bob Howry,10,Citizens Bank Park,day,3,3,False,,
233935,2008,2008-04-13,2008-04-13T17:35:00Z,R,Regular Season,N,1,Final,F,Cincinnati Reds,113,1,Pittsburgh Pirates,134,9,Tom Gorzelanny,Johnny Cueto,,9,PNC Park,day,3,3,False,,
233933,2008,2008-04-13,2008-04-13T17:40:00Z,R,Regular Season,N,1,Final,F,Baltimore Orioles,110,2,Tampa Bay Rays,139,6,Jeff Niemann,Brian Burres,,9,Tropicana Field,day,3,3,False,,
233937,2008,2008-04-13,2008-04-13T18:05:00Z,R,Regular Season,N,1,Final,F,Detroit Tigers,116,0,Chicago White Sox,145,11,Javier Vazquez,Kenny Rogers,,9,U.S. Cellular Field,day,3,3,False,,
233938,2008,2008-04-13,2008-04-13T18:05:00Z,R,Regular Season,N,1,Final,F,Florida Marlins,146,1,Houston Astros,117,5,Wandy Rodriguez,Burke Badenhop,,9,Minute Maid Park,day,3,3,False,,
233940,2008,2008-04-13,2008-04-13T18:10:00Z,R,Regular Season,N,1,Final,F,Minnesota Twins,142,1,Kansas City Royals,118,5,Brian Bannister,Francisco Liriano,,9,Kauffman Stadium,day,3,3,False,,
233945,2008,2008-04-13,2008-04-13T19:05:00Z,R,Regular Season,N,1,Final,F,Toronto Blue Jays,141,5,Texas Rangers,140,4,Jesse Carlson,Dustin Nippert,B.J. Ryan,10,Rangers Ballpark in Arlington,day,3,3,False,,
233944,2008,2008-04-13,2008-04-13T20:05:00Z,R,Regular Season,N,1,Final,F,St. Louis Cardinals,138,4,San Francisco Giants,137,7,Tim Lincecum,Joel Pineiro,Brian Wilson,9,AT&T Park,day,4,4,False,,
233931,2008,2008-04-13,2008-04-13T20:10:00Z,R,Regular Season,N,1,Final,F,Los Angeles Angels,108,10,Seattle Mariners,136,5,Joe Saunders,Cha Seung Baek,,9,Safeco Field,day,3,3,False,,
233936,2008,2008-04-13,2008-04-13T20:10:00Z,R,Regular Season,N,1,Final,F,Colorado Rockies,115,13,Arizona Diamondbacks,109,5,Aaron Cook,Édgar González,,9,Chase Field,day,3,3,False,,
233943,2008,2008-04-13,2008-04-13T20:10:00Z,R,Regular Season,N,1,Final,F,San Diego Padres,135,1,Los Angeles Dodgers,119,0,Greg Maddux,Chad Billingsley,Trevor Hoffman,9,Dodger Stadium,day,3,3,False,,
233941,2008,2008-04-13,2008-04-14T00:05:00Z,R,Regular Season,N,1,Final,F,New York Yankees,147,5,Boston Red Sox,111,8,Daisuke Matsuzaka,Phil Hughes,,9,Fenway Park,night,3,3,False,,
233948,2008,2008-04-14,2008-04-14T23:05:00Z,R,Regular Season,N,1,Final,F,Boston Red Sox,111,6,Cleveland Indians,114,4,Mike Timlin,Joe Borowski,Jonathan Papelbon,9,Progressive Field,night,1,2,False,,
233950,2008,2008-04-14,2008-04-14T23:05:00Z,R,Regular Season,N,1,Final,F,Minnesota Twins,142,9,Detroit Tigers,116,11,Francis Beltran,Pat Neshek,Todd Jones,9,Comerica Park,night,1,2,False,,
233954,2008,2008-04-14,2008-04-14T23:05:00Z,R,Regular Season,N,1,Final,F,Toronto Blue Jays,141,3,Baltimore Orioles,110,4,Matt Albers,Dustin McGowan,George Sherrill,9,Oriole Park at Camden Yards,night,1,2,False,,
233951,2008,2008-04-14,2008-04-14T23:10:00Z,R,Regular Season,N,1,Final,F,New York Yankees,147,8,Tampa Bay Rays,139,7,Brian Bruney,Al Reyes,Mariano Rivera,9,Tropicana Field,night,1,2,False,,
233946,2008,2008-04-14,2008-04-15T00:05:00Z,R,Regular Season,N,1,Final,F,Los Angeles Angels,108,7,Texas Rangers,140,4,Ervin Santana,Jason Jennings,Francisco Rodríguez,9,Rangers Ballpark in Arlington,night,1,2,False,,
233952,2008,2008-04-14,2008-04-15T00:11:00Z,R,Regular Season,N,1,Final,F,Oakland Athletics,133,2,Chicago White Sox,145,1,Greg Smith,Mark Buehrle,Huston Street,9,U.S. Cellular Field,night,1,2,False,,
233949,2008,2008-04-14,2008-04-15T02:10:00Z,R,Regular Season,N,1,Final,F,Kansas City Royals,118,5,Seattle Mariners,136,1,Zack Greinke,Jarrod Washburn,,9,Safeco Field,night,1,2,False,,
233953,2008,2008-04-14,2008-04-15T02:10:00Z,R,Regular Season,N,1,Final,F,Pittsburgh Pirates,134,6,Los Angeles Dodgers,119,4,Tyler Yates,Takashi Saito,Matt Capps,9,Dodger Stadium,night,1,3,False,,
233947,2008,2008-04-14,2008-04-15T02:15:00Z,R,Regular Season,N,1,Final,F,Arizona Diamondbacks,109,4,San Francisco Giants,137,5,Keiichi Yabu,Chad Qualls,Brian Wilson,9,AT&T Park,night,1,3,False,,
233955,2008,2008-04-15,2008-04-15T18:05:00Z,R,Regular Season,N,1,Final,F,Los Angeles Angels,108,7,Texas Rangers,140,4,Darren Oliver,Josh Rupe,Francisco Rodríguez,9,Rangers Ballpark in Arlington,day,2,2,False,,
233966,2008,2008-04-15,2008-04-15T18:05:00Z,R,Regular Season,N,1,Final,F,Oakland Athletics,133,1,Chicago White Sox,145,4,John Danks,Dana Eveland,Bobby Jenks,9,U.S. Cellular Field,day,2,2,False,,
233956,2008,2008-04-15,2008-04-15T20:35:00Z,R,Regular Season,N,1,Final,F,Arizona Diamondbacks,109,8,San Francisco Giants,137,2,Micah Owings,Kevin Correia,,9,AT&T Park,day,2,3,False,,
233962,2008,2008-04-15,2008-04-15T22:40:00Z,R,Regular Season,N,1,Final,F,Kansas City Royals,118,6,Seattle Mariners,136,11,Miguel Batista,John Bale,,9,Safeco Field,day,2,2,False,,
233958,2008,2008-04-15,2008-04-15T23:05:00Z,R,Regular Season,N,1,Final,F,Boston Red Sox,111,5,Cleveland Indians,114,3,David Aardsma,Jensen Lewis,Hideki Okajima,9,Progressive Field,night,2,2,False,,
233961,2008,2008-04-15,2008-04-15T23:05:00Z,R,Regular Season,N,1,Final,F,Houston Astros,117,3,Philadelphia Phillies,143,4,Rudy Seanez,Jose Valverde,,9,Citizens Bank Park,night,1,3,False,,
233964,2008,2008-04-15,2008-04-15T23:05:00Z,R,Regular Season,N,1,Final,F,Minnesota Twins,142,5,Detroit Tigers,116,6,Clay Rapada,Jesse Crain,Todd Jones,9,Comerica Park,night,2,2,False,,
233968,2008,2008-04-15,2008-04-15T23:05:00Z,R,Regular Season,N,1,Final,F,Toronto Blue Jays,141,11,Baltimore Orioles,110,3,Shaun Marcum,Steve Trachsel,,9,Oriole Park at Camden Yards,night,2,2,False,,
233957,2008,2008-04-15,2008-04-15T23:10:00Z,R,Regular Season,N,1,Final,F,Atlanta Braves,144,0,Florida Marlins,146,4,Scott Olsen,Jair Jurrjens,,9,Dolphin Stadium,night,1,3,False,,
233965,2008,2008-04-15,2008-04-15T23:10:00Z,R,Regular Season,N,1,Final,F,New York Yankees,147,5,Tampa Bay Rays,139,3,Andy Pettitte,Edwin Jackson,Mariano Rivera,9,Tropicana Field,night,2,2,False,,
233969,2008,2008-04-15,2008-04-15T23:10:00Z,R,Regular Season,N,1,Final,F,Washington Nationals,120,0,New York Mets,121,6,Mike Pelfrey,Odalis Perez,,9,Shea Stadium,night,1,3,False,,
233959,2008,2008-04-15,2008-04-16T00:05:00Z,R,Regular Season,N,1,Final,F,Cincinnati Reds,113,5,Chicago Cubs,112,9,Ryan Dempster,Aaron Harang,,9,Wrigley Field,night,1,3,False,,
233963,2008,2008-04-15,2008-04-16T00:15:00Z,R,Regular Season,N,1,Final,F,Milwaukee Brewers,158,1,St. Louis Cardinals,138,6,Braden Looper,Dave Bush,,9,Busch Stadium,night,1,3,False,,
233960,2008,2008-04-15,2008-04-16T02:05:00Z,R,Regular Season,N,1,Final,F,Colorado Rockies,115,0,San Diego Padres,135,6,Randy Wolf,Ubaldo Jiménez,,9,PETCO Park,night,1,3,False,,
233967,2008,2008-04-15,2008-04-16T02:10:00Z,R,Regular Season,N,1,Final,F,Pittsburgh Pirates,134,2,Los Angeles Dodgers,119,11,Esteban Loaiza,Matt Morris,,9,Dodger Stadium,night,2,3,False,,
233970,2008,2008-04-16,2008-04-16T19:45:00Z,R,Regular Season,N,1,Final,F,Arizona Diamondbacks,109,4,San Francisco Giants,137,1,Brandon Webb,Barry Zito,Brandon Lyon,9,AT&T Park,day,3,3,False,,
233972,2008,2008-04-16,2008-04-16T23:05:00Z,R,Regular Season,N,1,Final,F,Boston Red Sox,111,9,New York Yankees,147,15,LaTroy Hawkins,Julian Tavarez,Brian Bruney,9,Yankee Stadium I,night,1,2,False,,
233973,2008,2008-04-16,2008-04-16T23:05:00Z,R,Regular Season,N,1,Final,F,Chicago White Sox,145,3,Baltimore Orioles,110,1,Jose Contreras,Adam Loewen,Bobby Jenks,9,Oriole Park at Camden Yards,night,1,2,False,,
233976,2008,2008-04-16,2008-04-16T23:05:00Z,R,Regular Season,N,1,Final,F,Detroit Tigers,116,13,Cleveland Indians,114,2,Armando Galarraga,CC Sabathia,,9,Progressive Field,night,1,2,False,,
233977,2008,2008-04-16,2008-04-16T23:05:00Z,R,Regular Season,N,1,Final,F,Houston Astros,117,2,Philadelphia Phillies,143,1,Roy Oswalt,Kyle Kendrick,Doug Brocail,9,Citizens Bank Park,night,2,3,False,,
233983,2008,2008-04-16,2008-04-16T23:07:00Z,R,Regular Season,N,1,Final,F,Texas Rangers,140,7,Toronto Blue Jays,141,5,Dustin Nippert,A.J. Burnett,C.J. Wilson,14,Rogers Centre,night,1,2,False,,
233971,2008,2008-04-16,2008-04-16T23:10:00Z,R,Regular Season,N,1,Final,F,Atlanta Braves,144,5,Florida Marlins,146,6,Mark Hendrickson,Tim Hudson,Kevin Gregg,9,Dolphin Stadium,night,2,3,False,,
233984,2008,2008-04-16,2008-04-16T23:10:00Z,R,Regular Season,N,1,Final,F,Washington Nationals,120,2,New York Mets,121,5,John Maine,Matt Chico,Billy Wagner,9,Shea Stadium,night,2,3,False,,
233974,2008,2008-04-16,2008-04-17T00:05:00Z,R,Regular Season,N,1,Final,F,Cincinnati Reds,113,3,Chicago Cubs,112,12,Carlos Zambrano,Josh Fogg,,9,Wrigley Field,night,2,3,False,,
233982,2008,2008-04-16,2008-04-17T00:10:00Z,R,Regular Season,N,1,Final,F,Tampa Bay Rays,139,5,Minnesota Twins,142,6,Juan Rincon,Dan Wheeler,Joe Nathan,9,Hubert H. Humphrey Metrodome,night,1,2,False,,
233979,2008,2008-04-16,2008-04-17T00:15:00Z,R,Regular Season,N,1,Final,F,Milwaukee Brewers,158,4,St. Louis Cardinals,138,5,Adam Wainwright,Carlos Villanueva,Jason Isringhausen,9,Busch Stadium,night,2,3,False,,
233975,2008,2008-04-16,2008-04-17T02:05:00Z,R,Regular Season,N,1,Final,F,Colorado Rockies,115,10,San Diego Padres,135,2,Mark Redman,Justin Germano,,9,PETCO Park,night,2,3,False,,
233978,2008,2008-04-16,2008-04-17T02:05:00Z,R,Regular Season,N,1,Final,F,Kansas City Royals,118,3,Los Angeles Angels,108,2,Gil Meche,Jered Weaver,Joakim Soria,9,Angel Stadium of Anaheim,night,1,2,False,,
233981,2008,2008-04-16,2008-04-17T02:05:00Z,R,Regular Season,N,1,Final,F,Seattle Mariners,136,4,Oakland Athletics,133,2,Félix Hernández,Joe Blanton,,9,McAfee Coliseum,night,1,2,False,,
233980,2008,2008-04-16,2008-04-17T02:10:00Z,R,Regular Season,N,1,Final,F,Pittsburgh Pirates,134,1,Los Angeles Dodgers,119,8,Brad Penny,Paul Maholm,,9,Dodger Stadium,night,3,3,False,,
233991,2008,2008-04-17,2008-04-17T17:05:00Z,R,Regular Season,N,1,Final,F,Houston Astros,117,2,Philadelphia Phillies,143,10,Brett Myers,Brandon Backe,,9,Citizens Bank Park,day,3,3,False,,
233993,2008,2008-04-17,2008-04-17T17:15:00Z,R,Regular Season,N,1,Final,F,Milwaukee Brewers,158,5,St. Louis Cardinals,138,3,Brian Shouse,Brad Thompson,Eric Gagne,10,Busch Stadium,day,3,3,False,,
233988,2008,2008-04-17,2008-04-17T18:20:00Z,R,Regular Season,N,1,Final,F,Cincinnati Reds,113,9,Chicago Cubs,112,2,Edinson Volquez,Ted Lilly,,9,Wrigley Field,day,3,3,False,,
233986,2008,2008-04-17,2008-04-17T23:05:00Z,R,Regular Season,N,1,Final,F,Boston Red Sox,111,7,New York Yankees,147,5,Josh Beckett,Mike Mussina,,9,Yankee Stadium I,night,2,2,False,,
233987,2008,2008-04-17,2008-04-17T23:05:00Z,R,Regular Season,N,1,Final,F,Chicago White Sox,145,5,Baltimore Orioles,110,6,George Sherrill,Boone Logan,,10,Oriole Park at Camden Yards,night,2,2,False,,
233990,2008,2008-04-17,2008-04-17T23:05:00Z,R,Regular Season,N,1,Final,F,Detroit Tigers,116,1,Cleveland Indians,114,11,Roberto Hernandez,Justin Verlander,,9,Progressive Field,night,2,2,False,,
233996,2008,2008-04-17,2008-04-17T23:07:00Z,R,Regular Season,N,1,Final,F,Texas Rangers,140,4,Toronto Blue Jays,141,1,Vicente Padilla,Roy Halladay,C.J. Wilson,9,Rogers Centre,night,2,2,False,,
233985,2008,2008-04-17,2008-04-17T23:10:00Z,R,Regular Season,N,1,Final,F,Atlanta Braves,144,8,Florida Marlins,146,0,John Smoltz,Ricky Nolasco,,9,Dolphin Stadium,night,3,3,False,,
233997,2008,2008-04-17,2008-04-17T23:10:00Z,R,Regular Season,N,1,Final,F,Washington Nationals,120,2,New York Mets,121,3,Jorge Sosa,Joel Hanrahan,,14,Shea Stadium,night,3,3,False,,
233995,2008,2008-04-17,2008-04-18T00:10:00Z,R,Regular Season,N,1,Final,F,Tampa Bay Rays,139,7,Minnesota Twins,142,3,Jason Hammel,Boof Bonser,J.P. Howell,9,Hubert H. Humphrey Metrodome,night,2,2,False,,
233989,2008,2008-04-17,2008-04-18T02:05:00Z,R,Regular Season,N,1,Final,F,Colorado Rockies,115,2,San Diego Padres,135,1,Kip Wells,Glendon Rusch,,22,PETCO Park,night,3,3,False,,
233992,2008,2008-04-17,2008-04-18T02:05:00Z,R,Regular Season,N,1,Final,F,Kansas City Royals,118,3,Los Angeles Angels,108,5,Jon Garland,Brett Tomko,Francisco Rodríguez,9,Angel Stadium of Anaheim,night,2,2,False,,
233994,2008,2008-04-17,2008-04-18T02:05:00Z,R,Regular Season,N,1,Final,F,Seattle Mariners,136,8,Oakland Athletics,133,1,Carlos Silva,Lenny DiNardo,,9,McAfee Coliseum,night,2,2,False,,
234007,2008,2008-04-18,2008-04-18T18:20:00Z,R,Regular Season,N,1,Final,F,Pittsburgh Pirates,134,2,Chicago Cubs,112,3,Rich Hill,Ian Snell,Kerry Wood,9,Wrigley Field,day,1,3,False,,
234005,2008,2008-04-18,2008-04-18T23:05:00Z,R,Regular Season,N,1,Final,F,New York Yankees,147,2,Baltimore Orioles,110,8,Daniel Cabrera,Phil Hughes,,9,Oriole Park at Camden Yards,night,1,3,False,,
234006,2008,2008-04-18,2008-04-18T23:05:00Z,R,Regular Season,N,1,Final,F,New York Mets,121,6,Philadelphia Phillies,143,4,Johan Santana,Cole Hamels,Billy Wagner,9,Citizens Bank Park,night,1,3,False,,
234011,2008,2008-04-18,2008-04-18T23:05:00Z,R,Regular Season,N,1,Final,F,Texas Rangers,140,3,Boston Red Sox,111,11,Daisuke Matsuzaka,Luis Mendoza,,9,Fenway Park,night,1,4,False,,
234001,2008,2008-04-18,2008-04-18T23:07:00Z,R,Regular Season,N,1,Final,F,Detroit Tigers,116,8,Toronto Blue Jays,141,4,Kenny Rogers,Jeremy Accardo,,9,Rogers Centre,night,1,4,False,,
233998,2008,2008-04-18,2008-04-18T23:10:00Z,R,Regular Season,N,1,Final,F,Chicago White Sox,145,9,Tampa Bay Rays,139,2,Javier Vazquez,Jeff Niemann,,9,Tropicana Field,night,1,3,False,,
234004,2008,2008-04-18,2008-04-18T23:10:00Z,R,Regular Season,N,1,Final,F,Milwaukee Brewers,158,5,Cincinnati Reds,113,2,Ben Sheets,Bronson Arroyo,Eric Gagne,9,Great American Ball Park,night,1,3,False,,
234012,2008,2008-04-18,2008-04-18T23:10:00Z,R,Regular Season,N,1,Final,F,Washington Nationals,120,6,Florida Marlins,146,4,Tim Redding,Justin Miller,Jon Rauch,9,Dolphin Stadium,night,1,3,False,,
234003,2008,2008-04-18,2008-04-18T23:30:00Z,R,Regular Season,N,1,Final,F,Los Angeles Dodgers,119,1,Atlanta Braves,144,6,Will Ohman,Derek Lowe,,9,Turner Field,night,1,3,False,,
234000,2008,2008-04-18,2008-04-19T00:05:00Z,R,Regular Season,N,1,Final,F,Colorado Rockies,115,11,Houston Astros,117,5,Franklin Morales,Chris Sampson,,9,Minute Maid Park,night,1,3,False,,
233999,2008,2008-04-18,2008-04-19T00:10:00Z,R,Regular Season,N,1,Final,F,Cleveland Indians,114,4,Minnesota Twins,142,0,Cliff Lee,Francisco Liriano,,9,Hubert H. Humphrey Metrodome,night,1,3,False,,
234010,2008,2008-04-18,2008-04-19T00:15:00Z,R,Regular Season,N,1,Final,F,San Francisco Giants,137,1,St. Louis Cardinals,138,11,Todd Wellemeyer,Matt Cain,,9,Busch Stadium,night,1,3,False,,
234008,2008,2008-04-18,2008-04-19T01:40:00Z,R,Regular Season,N,1,Final,F,San Diego Padres,135,0,Arizona Diamondbacks,109,9,Dan Haren,Greg Maddux,,9,Chase Field,night,1,3,False,,
234002,2008,2008-04-18,2008-04-19T02:05:00Z,R,Regular Season,N,1,Final,F,Kansas City Royals,118,2,Oakland Athletics,133,13,Chad Gaudin,Brian Bannister,,9,McAfee Coliseum,night,1,3,False,,
234009,2008,2008-04-18,2008-04-19T02:05:00Z,R,Regular Season,N,1,Final,F,Seattle Mariners,136,4,Los Angeles Angels,108,5,Joe Saunders,R.A. Dickey,Francisco Rodríguez,9,Angel Stadium of Anaheim,night,1,3,False,,
234022,2008,2008-04-19,2008-04-19T17:05:00Z,R,Regular Season,N,1,Final,F,Pittsburgh Pirates,134,1,Chicago Cubs,112,13,Jason Marquis,Tom Gorzelanny,,9,Wrigley Field,day,2,3,False,,
234016,2008,2008-04-19,2008-04-19T17:07:00Z,R,Regular Season,N,1,Final,F,Detroit Tigers,116,2,Toronto Blue Jays,141,3,Dustin McGowan,Jeremy Bonderman,B.J. Ryan,9,Rogers Centre,day,2,4,False,,
234019,2008,2008-04-19,2008-04-19T17:10:00Z,R,Regular Season,N,1,Final,F,Milwaukee Brewers,158,5,Cincinnati Reds,113,3,Guillermo Mota,David Weathers,Eric Gagne,10,Great American Ball Park,day,2,3,False,,
234025,2008,2008-04-19,2008-04-19T17:10:00Z,R,Regular Season,N,1,Final,F,San Francisco Giants,137,3,St. Louis Cardinals,138,0,Tim Lincecum,Joel Pineiro,Brian Wilson,9,Busch Stadium,day,2,3,False,,
234014,2008,2008-04-19,2008-04-19T19:55:00Z,R,Regular Season,N,1,Final,F,Cleveland Indians,114,0,Minnesota Twins,142,3,Nick Blackburn,Jake Westbrook,Joe Nathan,9,Hubert H. Humphrey Metrodome,day,2,3,False,,
234018,2008,2008-04-19,2008-04-19T19:55:00Z,R,Regular Season,N,1,Final,F,Los Angeles Dodgers,119,1,Atlanta Braves,144,4,Chuck James,Chad Billingsley,Manny Acosta,9,Turner Field,day,2,3,False,,
234021,2008,2008-04-19,2008-04-19T19:55:00Z,R,Regular Season,N,1,Final,F,New York Mets,121,4,Philadelphia Phillies,143,2,Oliver Pérez,Jamie Moyer,Billy Wagner,9,Citizens Bank Park,day,2,3,False,,
234017,2008,2008-04-19,2008-04-19T20:05:00Z,R,Regular Season,N,1,Final,F,Kansas City Royals,118,5,Oakland Athletics,133,6,Joey Devine,Joel Peralta,Huston Street,9,McAfee Coliseum,day,2,3,False,,
234015,2008,2008-04-19,2008-04-19T23:05:00Z,R,Regular Season,N,1,Final,F,Colorado Rockies,115,3,Houston Astros,117,2,Aaron Cook,Oscar Villarreal,Manny Corpas,9,Minute Maid Park,night,2,3,False,,
234020,2008,2008-04-19,2008-04-19T23:05:00Z,R,Regular Season,N,1,Final,F,New York Yankees,147,0,Baltimore Orioles,110,6,Brian Burres,Ian Kennedy,Jim Johnson,9,Oriole Park at Camden Yards,night,2,3,False,,
234026,2008,2008-04-19,2008-04-19T23:05:00Z,R,Regular Season,N,1,Final,F,Texas Rangers,140,3,Boston Red Sox,111,5,Javier López,Joaquín Benoit,Jonathan Papelbon,9,Fenway Park,night,2,4,False,,
234013,2008,2008-04-19,2008-04-19T23:10:00Z,R,Regular Season,N,1,Final,F,Chicago White Sox,145,0,Tampa Bay Rays,139,5,Andy Sonnanstine,Mark Buehrle,,9,Tropicana Field,night,2,3,False,,
234027,2008,2008-04-19,2008-04-19T23:10:00Z,R,Regular Season,N,1,Final,F,Washington Nationals,120,5,Florida Marlins,146,6,Kevin Gregg,Saul Rivera,,9,Dolphin Stadium,night,2,3,False,,
234023,2008,2008-04-19,2008-04-20T00:10:00Z,R,Regular Season,N,1,Final,F,San Diego Padres,135,3,Arizona Diamondbacks,109,10,Juan Cruz,Joe Thatcher,,9,Chase Field,night,2,3,False,,
234024,2008,2008-04-19,2008-04-20T01:05:00Z,R,Regular Season,N,1,Final,F,Seattle Mariners,136,1,Los Angeles Angels,108,4,Ervin Santana,Jarrod Washburn,Scot Shields,9,Angel Stadium of Anaheim,night,2,3,False,,
234031,2008,2008-04-20,2008-04-20T17:07:00Z,R,Regular Season,N,1,Final,F,Detroit Tigers,116,3,Toronto Blue Jays,141,5,A.J. Burnett,Nate Robertson,Jeremy Accardo,9,Rogers Centre,day,3,4,False,,
234042,2008,2008-04-20,2008-04-20T17:10:00Z,R,Regular Season,N,1,Final,F,Washington Nationals,120,1,Florida Marlins,146,6,Scott Olsen,Luis Ayala,,9,Dolphin Stadium,day,3,3,False,,
234034,2008,2008-04-20,2008-04-20T17:15:00Z,R,Regular Season,N,1,Final,F,Milwaukee Brewers,158,3,Cincinnati Reds,113,4,Jared Burton,Eric Gagne,,10,Great American Ball Park,day,3,3,False,,
234033,2008,2008-04-20,2008-04-20T17:30:00Z,R,Regular Season,N,1,Final,F,Los Angeles Dodgers,119,1,Atlanta Braves,144,6,Jair Jurrjens,Hiroki Kuroda,,9,Turner Field,day,3,3,False,,
234035,2008,2008-04-20,2008-04-20T17:35:00Z,R,Regular Season,N,1,Final,F,New York Yankees,147,7,Baltimore Orioles,110,1,Andy Pettitte,Steve Trachsel,,9,Oriole Park at Camden Yards,day,3,3,False,,
234041,2008,2008-04-20,2008-04-20T17:35:00Z,R,Regular Season,N,1,Final,F,Texas Rangers,140,5,Boston Red Sox,111,6,Tim Wakefield,C.J. Wilson,Jonathan Papelbon,9,Fenway Park,day,3,4,False,,
234028,2008,2008-04-20,2008-04-20T17:40:00Z,R,Regular Season,N,1,Final,F,Chicago White Sox,145,6,Tampa Bay Rays,139,0,John Danks,Edwin Jackson,,9,Tropicana Field,day,3,3,False,,
234030,2008,2008-04-20,2008-04-20T18:05:00Z,R,Regular Season,N,1,Final,F,Colorado Rockies,115,4,Houston Astros,117,6,Wesley Wright,Brian Fuentes,Jose Valverde,9,Minute Maid Park,day,3,3,False,,
234029,2008,2008-04-20,2008-04-20T18:10:00Z,R,Regular Season,N,1,Final,F,Cleveland Indians,114,1,Minnesota Twins,142,2,Matt Guerrier,Rafael Perez,,10,Hubert H. Humphrey Metrodome,day,3,3,False,,
234040,2008,2008-04-20,2008-04-20T18:15:00Z,R,Regular Season,N,1,Final,F,San Francisco Giants,137,8,St. Louis Cardinals,138,2,Jonathan Sánchez,Braden Looper,,9,Busch Stadium,day,3,3,False,,
234037,2008,2008-04-20,2008-04-20T18:20:00Z,R,Regular Season,N,1,Final,F,Pittsburgh Pirates,134,6,Chicago Cubs,112,13,Ryan Dempster,Zach Duke,,9,Wrigley Field,day,3,3,False,,
234039,2008,2008-04-20,2008-04-20T19:35:00Z,R,Regular Season,N,1,Final,F,Seattle Mariners,136,4,Los Angeles Angels,108,2,Miguel Batista,Dustin Moseley,Ryan Rowland-Smith,9,Angel Stadium of Anaheim,day,3,3,False,,
234032,2008,2008-04-20,2008-04-20T20:05:00Z,R,Regular Season,N,1,Final,F,Kansas City Royals,118,1,Oakland Athletics,133,7,Dana Eveland,Luke Hochevar,,9,McAfee Coliseum,day,3,3,False,,
234038,2008,2008-04-20,2008-04-20T20:10:00Z,R,Regular Season,N,1,Final,F,San Diego Padres,135,9,Arizona Diamondbacks,109,4,Randy Wolf,Randy Johnson,,9,Chase Field,day,3,3,False,,
234036,2008,2008-04-20,2008-04-21T00:05:00Z,R,Regular Season,N,1,Final,F,New York Mets,121,4,Philadelphia Phillies,143,5,J.C. Romero,Pedro Feliciano,Brad Lidge,9,Citizens Bank Park,night,3,3,False,,
234051,2008,2008-04-21,2008-04-21T15:05:00Z,R,Regular Season,N,1,Final,F,Texas Rangers,140,3,Boston Red Sox,111,8,Clay Buchholz,Dustin Nippert,,9,Fenway Park,day,4,4,False,,
234043,2008,2008-04-21,2008-04-21T16:37:00Z,R,Regular Season,N,1,Final,F,Detroit Tigers,116,5,Toronto Blue Jays,141,1,Armando Galarraga,Shaun Marcum,,9,Rogers Centre,day,4,4,False,,
234052,2008,2008-04-21,2008-04-21T23:00:00Z,R,Regular Season,N,1,Final,F,Washington Nationals,120,3,Atlanta Braves,144,7,Tim Hudson,Matt Chico,,9,Turner Field,night,1,2,False,,
234044,2008,2008-04-21,2008-04-21T23:05:00Z,R,Regular Season,N,1,Final,F,Florida Marlins,146,10,Pittsburgh Pirates,134,4,Mark Hendrickson,Matt Morris,,9,PNC Park,night,1,2,False,,
234046,2008,2008-04-21,2008-04-21T23:05:00Z,R,Regular Season,N,1,Final,F,New York Mets,121,1,Chicago Cubs,112,7,Carlos Zambrano,John Maine,,9,Wrigley Field,night,1,2,False,,
234045,2008,2008-04-21,2008-04-21T23:10:00Z,R,Regular Season,N,1,Final,F,Los Angeles Dodgers,119,9,Cincinnati Reds,113,3,Brad Penny,Matt Belisle,Chan Ho Park,9,Great American Ball Park,night,1,2,False,,
234048,2008,2008-04-21,2008-04-22T00:05:00Z,R,Regular Season,N,1,Final,F,San Diego Padres,135,3,Houston Astros,117,10,Roy Oswalt,Justin Germano,,9,Minute Maid Park,night,1,2,False,,
234050,2008,2008-04-21,2008-04-22T00:05:00Z,R,Regular Season,N,1,Final,F,St. Louis Cardinals,138,4,Milwaukee Brewers,158,3,Ryan Franklin,Derrick Turnbow,Jason Isringhausen,9,Miller Park,night,1,2,False,,
234047,2008,2008-04-21,2008-04-22T00:35:00Z,R,Regular Season,N,1,Final,F,Philadelphia Phillies,143,9,Colorado Rockies,115,5,Rudy Seanez,Taylor Buchholz,,9,Coors Field,night,1,2,False,,
234049,2008,2008-04-21,2008-04-22T01:40:00Z,R,Regular Season,N,1,Final,F,San Francisco Giants,137,2,Arizona Diamondbacks,109,4,Micah Owings,Kevin Correia,Brandon Lyon,9,Chase Field,night,1,2,False,,
234064,2008,2008-04-22,2008-04-22T17:05:00Z,R,Regular Season,N,1,Final,F,St. Louis Cardinals,138,8,Milwaukee Brewers,158,9,Seth McClung,Jason Isringhausen,,12,Miller Park,day,2,2,False,,
234060,2008,2008-04-22,2008-04-22T18:20:00Z,R,Regular Season,N,1,Final,F,New York Mets,121,1,Chicago Cubs,112,8,Ted Lilly,Nelson Figueroa,,9,Wrigley Field,day,2,2,False,,
234067,2008,2008-04-22,2008-04-22T23:00:00Z,R,Regular Season,N,1,Final,F,Washington Nationals,120,6,Atlanta Braves,144,0,John Lannan,John Smoltz,,9,Turner Field,night,2,2,False,,
234053,2008,2008-04-22,2008-04-22T23:05:00Z,R,Regular Season,N,1,Final,F,Los Angeles Angels,108,6,Boston Red Sox,111,7,Mike Timlin,Darren Oliver,Jonathan Papelbon,9,Fenway Park,night,1,3,False,,
234056,2008,2008-04-22,2008-04-22T23:05:00Z,R,Regular Season,N,1,Final,F,Florida Marlins,146,2,Pittsburgh Pirates,134,3,Paul Maholm,Ricky Nolasco,Matt Capps,9,PNC Park,night,2,2,False,,
234065,2008,2008-04-22,2008-04-22T23:05:00Z,R,Regular Season,N,1,Final,F,Texas Rangers,140,2,Detroit Tigers,116,10,Justin Verlander,Vicente Padilla,,9,Comerica Park,night,1,3,False,,
234057,2008,2008-04-22,2008-04-22T23:10:00Z,R,Regular Season,N,1,Final,F,Los Angeles Dodgers,119,1,Cincinnati Reds,113,8,Edinson Volquez,Hung-Chih Kuo,,9,Great American Ball Park,night,2,2,False,,
234066,2008,2008-04-22,2008-04-22T23:10:00Z,R,Regular Season,N,1,Final,F,Toronto Blue Jays,141,4,Tampa Bay Rays,139,6,James Shields,Jesse Litsch,Troy Percival,9,Champion Stadium,night,1,3,False,,
234062,2008,2008-04-22,2008-04-23T00:05:00Z,R,Regular Season,N,1,Final,F,San Diego Padres,135,7,Houston Astros,117,11,Jose Valverde,Heath Bell,,9,Minute Maid Park,night,2,2,False,,
234055,2008,2008-04-22,2008-04-23T00:10:00Z,R,Regular Season,N,1,Final,F,Cleveland Indians,114,15,Kansas City Royals,118,1,CC Sabathia,Gil Meche,,9,Kauffman Stadium,night,1,3,False,,
234059,2008,2008-04-22,2008-04-23T00:11:00Z,R,Regular Season,N,1,Final,F,New York Yankees,147,9,Chicago White Sox,145,5,Chien-Ming Wang,Jose Contreras,,9,U.S. Cellular Field,night,1,3,False,,
234061,2008,2008-04-22,2008-04-23T00:35:00Z,R,Regular Season,N,1,Final,F,Philadelphia Phillies,143,8,Colorado Rockies,115,6,Ryan Madson,Manny Corpas,Brad Lidge,9,Coors Field,night,2,2,False,,
234063,2008,2008-04-22,2008-04-23T01:40:00Z,R,Regular Season,N,1,Final,F,San Francisco Giants,137,4,Arizona Diamondbacks,109,5,Brandon Webb,Barry Zito,Brandon Lyon,9,Chase Field,night,2,2,False,,
234058,2008,2008-04-22,2008-04-23T02:05:00Z,R,Regular Season,N,1,Final,F,Minnesota Twins,142,5,Oakland Athletics,133,4,Juan Rincon,Joe Blanton,Joe Nathan,9,McAfee Coliseum,night,1,3,False,,
234054,2008,2008-04-22,2008-04-23T02:10:00Z,R,Regular Season,N,1,Final,F,Baltimore Orioles,110,2,Seattle Mariners,136,4,Arthur Rhodes,Jeremy Guthrie,J.J. Putz,9,Safeco Field,night,1,3,False,,
234073,2008,2008-04-23,2008-04-23T23:00:00Z,R,Regular Season,N,1,Final,F,Florida Marlins,146,7,Atlanta Braves,144,2,Andrew Miller,Jeff Bennett,,9,Turner Field,night,1,2,False,,
234068,2008,2008-04-23,2008-04-23T23:05:00Z,R,Regular Season,N,1,Final,F,Los Angeles Angels,108,6,Boston Red Sox,111,4,Jon Garland,Craig Hansen,Francisco Rodríguez,9,Fenway Park,night,2,3,False,,
234080,2008,2008-04-23,2008-04-23T23:05:00Z,R,Regular Season,N,1,Final,F,St. Louis Cardinals,138,4,Pittsburgh Pirates,134,7,Damaso Marte,Anthony Reyes,Matt Capps,9,PNC Park,night,1,2,False,,
234081,2008,2008-04-23,2008-04-23T23:05:00Z,R,Regular Season,N,1,Final,F,Texas Rangers,140,6,Detroit Tigers,116,19,Clay Rapada,Frank Francisco,,9,Comerica Park,night,2,3,False,,
234074,2008,2008-04-23,2008-04-23T23:10:00Z,R,Regular Season,N,1,Final,F,Houston Astros,117,9,Cincinnati Reds,113,3,Chris Sampson,Bronson Arroyo,,9,Great American Ball Park,night,1,2,False,,
234077,2008,2008-04-23,2008-04-23T23:10:00Z,R,Regular Season,N,1,Final,F,New York Mets,121,7,Washington Nationals,120,2,Johan Santana,Tim Redding,,9,Nationals Park,night,1,2,False,,
234082,2008,2008-04-23,2008-04-23T23:10:00Z,R,Regular Season,N,1,Final,F,Toronto Blue Jays,141,3,Tampa Bay Rays,139,5,Jason Hammel,Roy Halladay,Troy Percival,9,Champion Stadium,night,2,3,False,,
234078,2008,2008-04-23,2008-04-24T00:05:00Z,R,Regular Season,N,1,Final,F,Philadelphia Phillies,143,4,Milwaukee Brewers,158,5,Mitch Stetter,Cole Hamels,Derrick Turnbow,9,Miller Park,night,1,2,False,,
234076,2008,2008-04-23,2008-04-24T00:11:00Z,R,Regular Season,N,1,Final,F,New York Yankees,147,6,Chicago White Sox,145,4,Mike Mussina,Javier Vazquez,Mariano Rivera,9,U.S. Cellular Field,night,2,3,False,,
234071,2008,2008-04-23,2008-04-24T00:35:00Z,R,Regular Season,N,1,Final,F,Chicago Cubs,112,7,Colorado Rockies,115,6,Kerry Wood,Kip Wells,Carlos Marmol,10,Coors Field,night,1,2,False,,
234075,2008,2008-04-23,2008-04-24T02:05:00Z,R,Regular Season,N,1,Final,F,Minnesota Twins,142,0,Oakland Athletics,133,3,Chad Gaudin,Boof Bonser,Huston Street,9,McAfee Coliseum,night,2,3,False,,
234079,2008,2008-04-23,2008-04-24T02:05:00Z,R,Regular Season,N,1,Final,F,San Francisco Giants,137,3,San Diego Padres,135,2,Keiichi Yabu,Glendon Rusch,Brian Wilson,13,PETCO Park,night,1,2,False,,
234069,2008,2008-04-23,2008-04-24T02:10:00Z,R,Regular Season,N,1,Final,F,Arizona Diamondbacks,109,3,Los Angeles Dodgers,119,8,Derek Lowe,Dan Haren,Takashi Saito,9,Dodger Stadium,night,1,2,False,,
234070,2008,2008-04-23,2008-04-24T02:10:00Z,R,Regular Season,N,1,Final,F,Baltimore Orioles,110,3,Seattle Mariners,136,2,Daniel Cabrera,Ryan Rowland-Smith,George Sherrill,9,Safeco Field,night,2,3,False,,
234089,2008,2008-04-24,2008-04-24T16:35:00Z,R,Regular Season,N,1,Final,F,Houston Astros,117,5,Cincinnati Reds,113,3,Jack Cassel,Johnny Cueto,Jose Valverde,9,Great American Ball Park,day,2,2,False,,
234093,2008,2008-04-24,2008-04-24T17:05:00Z,R,Regular Season,N,1,Final,F,Philadelphia Phillies,143,3,Milwaukee Brewers,158,1,Tom Gordon,David Riske,Brad Lidge,9,Miller Park,day,2,2,False,,
234096,2008,2008-04-24,2008-04-24T17:05:00Z,R,Regular Season,N,1,Final,F,Texas Rangers,140,2,Detroit Tigers,116,8,Zach Miner,Jason Jennings,,9,Comerica Park,day,3,3,False,,
234083,2008,2008-04-24,2008-04-24T17:35:00Z,R,Regular Season,N,1,Final,F,Los Angeles Angels,108,7,Boston Red Sox,111,5,Joe Saunders,Manny Delcarmen,Francisco Rodríguez,9,Fenway Park,day,3,3,False,,
234086,2008,2008-04-24,2008-04-24T19:05:00Z,R,Regular Season,N,1,Final,F,Chicago Cubs,112,2,Colorado Rockies,115,4,Aaron Cook,Kevin Hart,Brian Fuentes,9,Coors Field,day,2,2,False,,
234090,2008,2008-04-24,2008-04-24T19:35:00Z,R,Regular Season,N,1,Final,F,Minnesota Twins,142,2,Oakland Athletics,133,11,Greg Smith,Francisco Liriano,,9,McAfee Coliseum,day,3,3,False,,
234087,2008,2008-04-24,2008-04-24T22:10:00Z,R,Regular Season,Y,1,Final,F,Cleveland Indians,114,9,Kansas City Royals,118,6,Roberto Hernandez,Brett Tomko,Rafael Betancourt,9,Kauffman Stadium,night,2,3,False,,
234072,2008,2008-04-24,2008-04-24T22:15:00Z,R,Regular Season,Y,2,Final,F,Cleveland Indians,114,2,Kansas City Royals,118,0,Cliff Lee,Brian Bannister,,9,Kauffman Stadium,night,3,3,False,,
234088,2008,2008-04-24,2008-04-24T23:00:00Z,R,Regular Season,N,1,Final,F,Florida Marlins,146,4,Atlanta Braves,144,7,Chuck James,Burke Badenhop,Manny Acosta,9,Turner Field,night,2,2,False,,
234095,2008,2008-04-24,2008-04-24T23:05:00Z,R,Regular Season,N,1,Final,F,St. Louis Cardinals,138,6,Pittsburgh Pirates,134,2,Joel Pineiro,Tom Gorzelanny,Jason Isringhausen,9,PNC Park,night,2,2,False,,
234092,2008,2008-04-24,2008-04-24T23:10:00Z,R,Regular Season,N,1,Final,F,New York Mets,121,5,Washington Nationals,120,10,Michael O'Connor,Oliver Pérez,,9,Nationals Park,night,2,2,False,,
234097,2008,2008-04-24,2008-04-24T23:10:00Z,R,Regular Season,N,1,Final,F,Toronto Blue Jays,141,3,Tampa Bay Rays,139,5,Andy Sonnanstine,Dustin McGowan,Troy Percival,9,Champion Stadium,night,3,3,False,,
234091,2008,2008-04-24,2008-04-25T00:11:00Z,R,Regular Season,N,1,Final,F,New York Yankees,147,6,Chicago White Sox,145,7,Bobby Jenks,Joba Chamberlain,,9,U.S. Cellular Field,night,3,3,False,,
234094,2008,2008-04-24,2008-04-25T02:05:00Z,R,Regular Season,N,1,Final,F,San Francisco Giants,137,1,San Diego Padres,135,0,Tim Lincecum,Chris Young,Brian Wilson,9,PETCO Park,night,2,2,False,,
234084,2008,2008-04-24,2008-04-25T02:10:00Z,R,Regular Season,N,1,Final,F,Arizona Diamondbacks,109,6,Los Angeles Dodgers,119,4,Édgar González,Chad Billingsley,Brandon Lyon,9,Dodger Stadium,night,2,2,False,,
234085,2008,2008-04-24,2008-04-25T02:10:00Z,R,Regular Season,N,1,Final,F,Baltimore Orioles,110,8,Seattle Mariners,136,7,Chad Bradford,Sean Green,George Sherrill,9,Safeco Field,night,3,3,False,,
234098,2008,2008-04-25,2008-04-25T23:05:00Z,R,Regular Season,N,1,Final,F,Los Angeles Angels,108,4,Detroit Tigers,116,3,Ervin Santana,Nate Robertson,Francisco Rodríguez,9,Comerica Park,night,1,3,False,,
234109,2008,2008-04-25,2008-04-25T23:05:00Z,R,Regular Season,N,1,Final,F,New York Yankees,147,4,Cleveland Indians,114,6,Paul Byrd,Andy Pettitte,Rafael Betancourt,9,Progressive Field,night,1,4,False,,
234111,2008,2008-04-25,2008-04-25T23:05:00Z,R,Regular Season,N,1,Final,F,Philadelphia Phillies,143,6,Pittsburgh Pirates,134,5,Tom Gordon,Zach Duke,Brad Lidge,9,PNC Park,night,1,3,False,,
234100,2008,2008-04-25,2008-04-25T23:10:00Z,R,Regular Season,N,1,Final,F,Atlanta Braves,144,6,New York Mets,121,3,Jair Jurrjens,Mike Pelfrey,,9,Shea Stadium,night,1,3,False,,
234102,2008,2008-04-25,2008-04-25T23:10:00Z,R,Regular Season,N,1,Final,F,Boston Red Sox,111,4,Tampa Bay Rays,139,5,Scott Dohmann,Mike Timlin,,11,Tropicana Field,night,1,3,False,,
234103,2008,2008-04-25,2008-04-25T23:35:00Z,R,Regular Season,N,1,Final,F,Chicago Cubs,112,3,Washington Nationals,120,5,Jon Rauch,Bob Howry,,9,Nationals Park,night,1,3,False,,
234106,2008,2008-04-25,2008-04-26T00:05:00Z,R,Regular Season,N,1,Final,F,Florida Marlins,146,3,Milwaukee Brewers,158,0,Kevin Gregg,Guillermo Mota,,10,Miller Park,night,1,3,False,,
234108,2008,2008-04-25,2008-04-26T00:05:00Z,R,Regular Season,N,1,Final,F,Minnesota Twins,142,5,Texas Rangers,140,6,Joaquín Benoit,Juan Rincon,,10,Rangers Ballpark in Arlington,night,1,3,False,,
234112,2008,2008-04-25,2008-04-26T00:10:00Z,R,Regular Season,N,1,Final,F,Toronto Blue Jays,141,4,Kansas City Royals,118,8,Juan Carlos Oviedo,A.J. Burnett,,9,Kauffman Stadium,night,1,3,False,,
234107,2008,2008-04-25,2008-04-26T00:15:00Z,R,Regular Season,N,1,Final,F,Houston Astros,117,3,St. Louis Cardinals,138,2,Wesley Wright,Jason Isringhausen,Jose Valverde,9,Busch Stadium,night,1,3,False,,
234099,2008,2008-04-25,2008-04-26T02:05:00Z,R,Regular Season,N,1,Final,F,Arizona Diamondbacks,109,5,San Diego Padres,135,1,Randy Johnson,Randy Wolf,,9,PETCO Park,night,1,3,False,,
234110,2008,2008-04-25,2008-04-26T02:10:00Z,R,Regular Season,N,1,Final,F,Oakland Athletics,133,4,Seattle Mariners,136,3,Dana Eveland,Miguel Batista,Huston Street,9,Safeco Field,night,1,3,False,,
234104,2008,2008-04-25,2008-04-26T02:15:00Z,R,Regular Season,N,1,Final,F,Cincinnati Reds,113,1,San Francisco Giants,137,3,Jonathan Sánchez,Aaron Harang,Brian Wilson,9,AT&T Park,night,1,3,False,,
234105,2008,2008-04-25,2008-04-26T02:40:00Z,R,Regular Season,N,1,Final,F,Colorado Rockies,115,7,Los Angeles Dodgers,119,8,Chan Ho Park,Taylor Buchholz,,13,Dodger Stadium,night,1,3,False,,
234101,2008,2008-04-26,2008-04-26T17:05:00Z,R,Regular Season,S,1,Final,F,Baltimore Orioles,110,5,Chicago White Sox,145,1,Brian Burres,John Danks,George Sherrill,9,U.S. Cellular Field,day,1,4,False,,
234115,2008,2008-04-26,2008-04-26T17:10:00Z,R,Regular Season,N,1,Final,F,Atlanta Braves,144,3,New York Mets,121,4,John Maine,Tim Hudson,Billy Wagner,9,Shea Stadium,day,2,3,False,,
234122,2008,2008-04-26,2008-04-26T17:10:00Z,R,Regular Season,N,1,Final,F,Houston Astros,117,3,St. Louis Cardinals,138,4,Adam Wainwright,Dave Borkowski,,9,Busch Stadium,day,2,3,False,,
234113,2008,2008-04-26,2008-04-26T19:55:00Z,R,Regular Season,N,1,Final,F,Los Angeles Angels,108,4,Detroit Tigers,116,6,Aquilino López,Darren O'Day,Todd Jones,9,Comerica Park,day,2,3,False,,
234114,2008,2008-04-26,2008-04-26T19:55:00Z,R,Regular Season,N,1,Final,F,Arizona Diamondbacks,109,7,San Diego Padres,135,8,Glendon Rusch,Yusmeiro Petit,,13,PETCO Park,day,2,3,False,,
234124,2008,2008-04-26,2008-04-26T19:55:00Z,R,Regular Season,N,1,Final,F,New York Yankees,147,3,Cleveland Indians,114,4,Masa Kobayashi,Ross Ohlendorf,,9,Progressive Field,day,2,4,False,,
234116,2008,2008-04-26,2008-04-26T23:05:00Z,R,Regular Season,S,2,Final,F,Baltimore Orioles,110,5,Chicago White Sox,145,6,Bobby Jenks,Randor Bierd,,9,U.S. Cellular Field,night,2,4,False,,
234121,2008,2008-04-26,2008-04-26T23:05:00Z,R,Regular Season,N,1,Final,F,Florida Marlins,146,3,Milwaukee Brewers,158,4,Salomon Torres,Renyel Pinto,Eric Gagne,9,Miller Park,night,2,3,False,,
234126,2008,2008-04-26,2008-04-26T23:05:00Z,R,Regular Season,N,1,Final,F,Philadelphia Phillies,143,8,Pittsburgh Pirates,134,4,Kyle Kendrick,Matt Morris,,9,PNC Park,night,2,3,False,,
234117,2008,2008-04-26,2008-04-26T23:10:00Z,R,Regular Season,N,1,Final,F,Boston Red Sox,111,1,Tampa Bay Rays,139,2,Scott Dohmann,Clay Buchholz,Troy Percival,9,Tropicana Field,night,2,3,False,,
234118,2008,2008-04-26,2008-04-26T23:10:00Z,R,Regular Season,N,1,Final,F,Chicago Cubs,112,7,Washington Nationals,120,0,Carlos Zambrano,Matt Chico,,9,Nationals Park,night,2,3,False,,
234127,2008,2008-04-26,2008-04-26T23:10:00Z,R,Regular Season,N,1,Final,F,Toronto Blue Jays,141,1,Kansas City Royals,118,2,Luke Hochevar,Shaun Marcum,Joakim Soria,9,Kauffman Stadium,night,2,3,False,,
234123,2008,2008-04-26,2008-04-27T00:05:00Z,R,Regular Season,N,1,Final,F,Minnesota Twins,142,12,Texas Rangers,140,6,Dennys Reyes,Jamey Wright,,9,Rangers Ballpark in Arlington,night,2,3,False,,
234119,2008,2008-04-26,2008-04-27T01:05:00Z,R,Regular Season,N,1,Final,F,Cincinnati Reds,113,10,San Francisco Giants,137,9,Matt Belisle,Brad Hennessey,Francisco Cordero,9,AT&T Park,night,2,3,False,,
234125,2008,2008-04-26,2008-04-27T01:10:00Z,R,Regular Season,N,1,Final,F,Oakland Athletics,133,3,Seattle Mariners,136,5,Erik Bedard,Justin Duchscherer,,9,Safeco Field,night,2,3,False,,
234120,2008,2008-04-26,2008-04-27T02:10:00Z,R,Regular Season,N,1,Final,F,Colorado Rockies,115,3,Los Angeles Dodgers,119,11,Brad Penny,Mark Redman,,9,Dodger Stadium,night,2,3,False,,
234139,2008,2008-04-27,2008-04-27T17:05:00Z,R,Regular Season,N,1,Final,F,New York Yankees,147,1,Cleveland Indians,114,0,Chien-Ming Wang,CC Sabathia,Mariano Rivera,9,Progressive Field,day,3,4,False,,
234130,2008,2008-04-27,2008-04-27T17:10:00Z,R,Regular Season,N,1,Final,F,Atlanta Braves,144,3,New York Mets,121,6,Nelson Figueroa,John Smoltz,Billy Wagner,9,Shea Stadium,day,3,3,False,,
234133,2008,2008-04-27,2008-04-27T17:35:00Z,R,Regular Season,N,1,Final,F,Chicago Cubs,112,0,Washington Nationals,120,2,John Lannan,Ted Lilly,Jon Rauch,9,Nationals Park,day,3,3,False,,
234141,2008,2008-04-27,2008-04-27T17:35:00Z,R,Regular Season,N,1,Final,F,Philadelphia Phillies,143,1,Pittsburgh Pirates,134,5,Paul Maholm,Brett Myers,,9,PNC Park,day,3,3,False,,
234132,2008,2008-04-27,2008-04-27T17:40:00Z,R,Regular Season,N,1,Final,F,Boston Red Sox,111,0,Tampa Bay Rays,139,3,James Shields,Josh Beckett,,9,Tropicana Field,day,3,3,False,,
234131,2008,2008-04-27,2008-04-27T18:05:00Z,R,Regular Season,N,1,Final,F,Baltimore Orioles,110,1,Chicago White Sox,145,6,Jose Contreras,Jeremy Guthrie,,9,U.S. Cellular Field,day,3,4,False,,
234136,2008,2008-04-27,2008-04-27T18:05:00Z,R,Regular Season,N,1,Final,F,Florida Marlins,146,3,Milwaukee Brewers,158,2,Matt Lindstrom,Seth McClung,Kevin Gregg,10,Miller Park,day,3,3,False,,
234138,2008,2008-04-27,2008-04-27T18:05:00Z,R,Regular Season,N,1,Final,F,Minnesota Twins,142,0,Texas Rangers,140,10,Vicente Padilla,Livan Hernandez,,9,Rangers Ballpark in Arlington,day,3,3,False,,
234142,2008,2008-04-27,2008-04-27T18:10:00Z,R,Regular Season,N,1,Final,F,Toronto Blue Jays,141,5,Kansas City Royals,118,2,Jesse Litsch,Gil Meche,Jesse Carlson,9,Kauffman Stadium,day,3,3,False,,
234137,2008,2008-04-27,2008-04-27T18:15:00Z,R,Regular Season,N,1,Final,F,Houston Astros,117,1,St. Louis Cardinals,138,5,Kyle Lohse,Brandon Backe,Kyle McClellan,9,Busch Stadium,day,3,3,False,,
234129,2008,2008-04-27,2008-04-27T20:05:00Z,R,Regular Season,N,1,Final,F,Arizona Diamondbacks,109,2,San Diego Padres,135,1,Brandon Webb,Jake Peavy,Brandon Lyon,9,PETCO Park,day,3,3,False,,
234134,2008,2008-04-27,2008-04-27T20:05:00Z,R,Regular Season,N,1,Final,F,Cincinnati Reds,113,10,San Francisco Giants,137,1,Edinson Volquez,Barry Zito,,9,AT&T Park,day,3,3,False,,
234135,2008,2008-04-27,2008-04-27T20:10:00Z,R,Regular Season,N,1,Final,F,Colorado Rockies,115,2,Los Angeles Dodgers,119,3,Joe Beimel,Manny Corpas,,10,Dodger Stadium,day,3,3,False,,
234140,2008,2008-04-27,2008-04-27T20:10:00Z,R,Regular Season,N,1,Final,F,Oakland Athletics,133,4,Seattle Mariners,136,2,Joe Blanton,Félix Hernández,Huston Street,9,Safeco Field,day,3,3,False,,
234128,2008,2008-04-27,2008-04-28T00:05:00Z,R,Regular Season,N,1,Final,F,Los Angeles Angels,108,6,Detroit Tigers,116,2,Jered Weaver,Justin Verlander,,9,Comerica Park,night,3,3,False,,
234147,2008,2008-04-28,2008-04-28T23:05:00Z,R,Regular Season,N,1,Final,F,New York Yankees,147,5,Cleveland Indians,114,2,Mike Mussina,Aaron Laffey,Mariano Rivera,9,Progressive Field,night,4,4,False,,
234144,2008,2008-04-28,2008-04-29T00:15:00Z,R,Regular Season,N,1,Final,F,Cincinnati Reds,113,4,St. Louis Cardinals,138,3,Bronson Arroyo,Todd Wellemeyer,Francisco Cordero,9,Busch Stadium,night,1,3,False,,
234146,2008,2008-04-28,2008-04-29T01:40:00Z,R,Regular Season,N,1,Final,F,Houston Astros,117,3,Arizona Diamondbacks,109,5,Dan Haren,Chris Sampson,Brandon Lyon,9,Chase Field,night,1,3,False,,
234148,2008,2008-04-28,2008-04-29T02:05:00Z,R,Regular Season,N,1,Final,F,Oakland Athletics,133,14,Los Angeles Angels,108,2,Chad Gaudin,Jon Garland,,9,Angel Stadium of Anaheim,night,1,4,False,,
234145,2008,2008-04-28,2008-04-29T02:15:00Z,R,Regular Season,N,1,Final,F,Colorado Rockies,115,0,San Francisco Giants,137,4,Matt Cain,Franklin Morales,,9,AT&T Park,night,1,3,False,,
234151,2008,2008-04-29,2008-04-29T23:05:00Z,R,Regular Season,N,1,Final,F,Toronto Blue Jays,141,0,Boston Red Sox,111,1,Jonathan Papelbon,Roy Halladay,,9,Fenway Park,night,1,3,False,,
234155,2008,2008-04-29,2008-04-29T23:05:00Z,R,Regular Season,N,1,Final,F,Detroit Tigers,116,6,New York Yankees,147,4,Kenny Rogers,Phil Hughes,Todd Jones,9,Yankee Stadium I,night,1,3,False,,
234162,2008,2008-04-29,2008-04-29T23:05:00Z,R,Regular Season,N,1,Final,F,San Diego Padres,135,4,Philadelphia Phillies,143,7,Cole Hamels,Greg Maddux,,9,Citizens Bank Park,night,1,3,False,,
234163,2008,2008-04-29,2008-04-29T23:05:00Z,R,Regular Season,N,1,Final,F,Seattle Mariners,136,7,Cleveland Indians,114,2,Mark Lowe,Rafael Betancourt,,9,Progressive Field,night,1,3,False,,
234164,2008,2008-04-29,2008-04-29T23:05:00Z,R,Regular Season,N,1,Final,F,Tampa Bay Rays,139,4,Baltimore Orioles,110,7,Garrett Olson,Jason Hammel,George Sherrill,9,Oriole Park at Camden Yards,night,1,3,False,,
234150,2008,2008-04-29,2008-04-29T23:10:00Z,R,Regular Season,N,1,Final,F,Atlanta Braves,144,3,Washington Nationals,120,6,Saul Rivera,Blaine Boyer,Jon Rauch,9,Nationals Park,night,1,2,False,,
234158,2008,2008-04-29,2008-04-29T23:10:00Z,R,Regular Season,N,1,Final,F,Los Angeles Dodgers,119,7,Florida Marlins,146,6,Joe Beimel,Kevin Gregg,Takashi Saito,9,Dolphin Stadium,night,1,3,False,,
234161,2008,2008-04-29,2008-04-29T23:10:00Z,R,Regular Season,N,1,Final,F,Pittsburgh Pirates,134,4,New York Mets,121,5,Jorge Sosa,John Van Benschoten,,11,Shea Stadium,night,1,2,False,,
234157,2008,2008-04-29,2008-04-30T00:05:00Z,R,Regular Season,N,1,Final,F,Kansas City Royals,118,9,Texas Rangers,140,5,Ron Mahay,Jason Jennings,,9,Rangers Ballpark in Arlington,night,1,3,False,,
234159,2008,2008-04-29,2008-04-30T00:05:00Z,R,Regular Season,N,1,Final,F,Milwaukee Brewers,158,10,Chicago Cubs,112,7,Ben Sheets,Jason Marquis,Eric Gagne,9,Wrigley Field,night,1,3,False,,
234152,2008,2008-04-29,2008-04-30T00:10:00Z,R,Regular Season,N,1,Final,F,Chicago White Sox,145,1,Minnesota Twins,142,3,Boof Bonser,Gavin Floyd,Joe Nathan,9,Hubert H. Humphrey Metrodome,night,1,2,False,,
234153,2008,2008-04-29,2008-04-30T00:15:00Z,R,Regular Season,N,1,Final,F,Cincinnati Reds,113,2,St. Louis Cardinals,138,7,Joel Pineiro,Johnny Cueto,,9,Busch Stadium,night,2,3,False,,
234156,2008,2008-04-29,2008-04-30T01:40:00Z,R,Regular Season,N,1,Final,F,Houston Astros,117,6,Arizona Diamondbacks,109,4,Doug Brocail,Édgar González,Jose Valverde,9,Chase Field,night,2,3,False,,
234160,2008,2008-04-29,2008-04-30T02:05:00Z,R,Regular Season,N,1,Final,F,Oakland Athletics,133,0,Los Angeles Angels,108,2,Joe Saunders,Greg Smith,Francisco Rodríguez,9,Angel Stadium of Anaheim,night,2,4,False,,
234154,2008,2008-04-29,2008-04-30T02:15:00Z,R,Regular Season,N,1,Final,F,Colorado Rockies,115,3,San Francisco Giants,137,2,Aaron Cook,Tim Lincecum,Brian Fuentes,9,AT&T Park,night,2,3,False,,
234167,2008,2008-04-30,2008-04-30T17:10:00Z,R,Regular Season,N,1,Final,F,Chicago White Sox,145,3,Minnesota Twins,142,4,Nick Blackburn,Ehren Wassermann,Joe Nathan,9,Hubert H. Humphrey Metrodome,day,2,2,False,,
234176,2008,2008-04-30,2008-04-30T17:10:00Z,R,Regular Season,N,1,Final,F,Pittsburgh Pirates,134,13,New York Mets,121,1,Tom Gorzelanny,Oliver Pérez,,9,Shea Stadium,day,2,2,False,,
234168,2008,2008-04-30,2008-04-30T17:15:00Z,R,Regular Season,N,1,Final,F,Cincinnati Reds,113,2,St. Louis Cardinals,138,5,Braden Looper,Aaron Harang,Jason Isringhausen,9,Busch Stadium,day,3,3,False,,
234171,2008,2008-04-30,2008-04-30T19:40:00Z,R,Regular Season,N,1,Final,F,Houston Astros,117,7,Arizona Diamondbacks,109,8,Brandon Medders,Dave Borkowski,Brandon Lyon,9,Chase Field,day,3,3,False,,
234169,2008,2008-04-30,2008-04-30T19:45:00Z,R,Regular Season,N,1,Final,F,Colorado Rockies,115,2,San Francisco Giants,137,3,Merkin Valdez,Ryan Speier,Brian Wilson,9,AT&T Park,day,3,3,False,,
234165,2008,2008-04-30,2008-04-30T20:35:00Z,R,Regular Season,N,1,Final,F,Atlanta Braves,144,2,Washington Nationals,120,3,Saul Rivera,Manny Acosta,,12,Nationals Park,day,2,2,False,,
234166,2008,2008-04-30,2008-04-30T23:05:00Z,R,Regular Season,N,1,Final,F,Toronto Blue Jays,141,1,Boston Red Sox,111,2,Jonathan Papelbon,Scott Downs,,9,Fenway Park,night,2,3,False,,
234170,2008,2008-04-30,2008-04-30T23:05:00Z,R,Regular Season,N,1,Final,F,Detroit Tigers,116,6,New York Yankees,147,2,Jeremy Bonderman,Andy Pettitte,,9,Yankee Stadium I,night,2,3,False,,
234177,2008,2008-04-30,2008-04-30T23:05:00Z,R,Regular Season,N,1,Final,F,San Diego Padres,135,4,Philadelphia Phillies,143,2,Chris Young,Jamie Moyer,Trevor Hoffman,9,Citizens Bank Park,night,2,3,False,,
234178,2008,2008-04-30,2008-04-30T23:05:00Z,R,Regular Season,N,1,Final,F,Seattle Mariners,136,3,Cleveland Indians,114,8,Cliff Lee,Jarrod Washburn,,9,Progressive Field,night,2,3,False,,
234179,2008,2008-04-30,2008-04-30T23:05:00Z,R,Regular Season,N,1,Final,F,Tampa Bay Rays,139,8,Baltimore Orioles,110,1,Andy Sonnanstine,Matt Albers,,9,Oriole Park at Camden Yards,night,2,3,False,,
234173,2008,2008-04-30,2008-04-30T23:10:00Z,R,Regular Season,N,1,Final,F,Los Angeles Dodgers,119,13,Florida Marlins,146,1,Chad Billingsley,Scott Olsen,,9,Dolphin Stadium,night,2,3,False,,
234172,2008,2008-04-30,2008-05-01T00:05:00Z,R,Regular Season,N,1,Final,F,Kansas City Royals,118,9,Texas Rangers,140,11,Kevin Millwood,Brian Bannister,,9,Rangers Ballpark in Arlington,night,2,3,False,,
234174,2008,2008-04-30,2008-05-01T00:05:00Z,R,Regular Season,N,1,Final,F,Milwaukee Brewers,158,5,Chicago Cubs,112,19,Ryan Dempster,Jeff Suppan,,9,Wrigley Field,night,2,3,False,,
234175,2008,2008-04-30,2008-05-01T02:05:00Z,R,Regular Season,N,1,Final,F,Oakland Athletics,133,1,Los Angeles Angels,108,6,Ervin Santana,Dana Eveland,,9,Angel Stadium of Anaheim,night,3,4,False,,
234182,2008,2008-05-01,2008-05-01T16:10:00Z,R,Regular Season,N,1,Final,F,Los Angeles Dodgers,119,5,Florida Marlins,146,3,Joe Beimel,Kevin Gregg,Takashi Saito,9,Dolphin Stadium,day,3,3,False,,
234188,2008,2008-05-01,2008-05-01T16:35:00Z,R,Regular Season,N,1,Final,F,Tampa Bay Rays,139,4,Baltimore Orioles,110,2,Matt Garza,Brian Burres,Troy Percival,9,Oriole Park at Camden Yards,day,3,3,False,,
234181,2008,2008-05-01,2008-05-01T18:05:00Z,R,Regular Season,N,1,Final,F,Kansas City Royals,118,1,Texas Rangers,140,2,Sidney Ponson,Zack Greinke,C.J. Wilson,9,Rangers Ballpark in Arlington,day,3,3,False,,
234183,2008,2008-05-01,2008-05-01T18:20:00Z,R,Regular Season,N,1,Final,F,Milwaukee Brewers,158,4,Chicago Cubs,112,3,Brian Shouse,Kerry Wood,Eric Gagne,9,Wrigley Field,day,3,3,False,,
234180,2008,2008-05-01,2008-05-01T23:05:00Z,R,Regular Season,N,1,Final,F,Detroit Tigers,116,8,New York Yankees,147,4,Nate Robertson,Jonathan Albaladejo,,9,Yankee Stadium I,night,3,3,False,,
234186,2008,2008-05-01,2008-05-01T23:05:00Z,R,Regular Season,N,1,Final,F,San Diego Padres,135,2,Philadelphia Phillies,143,3,Tom Gordon,Joe Thatcher,Brad Lidge,9,Citizens Bank Park,night,3,3,False,,
234187,2008,2008-05-01,2008-05-01T23:05:00Z,R,Regular Season,N,1,Final,F,Seattle Mariners,136,2,Cleveland Indians,114,3,Masa Kobayashi,Mark Lowe,,11,Progressive Field,night,3,3,False,,
234189,2008,2008-05-01,2008-05-01T23:05:00Z,R,Regular Season,N,1,Final,F,Toronto Blue Jays,141,3,Boston Red Sox,111,0,A.J. Burnett,Tim Wakefield,B.J. Ryan,9,Fenway Park,night,3,3,False,,
234185,2008,2008-05-01,2008-05-01T23:10:00Z,R,Regular Season,N,1,Final,F,Pittsburgh Pirates,134,2,Washington Nationals,120,3,Luis Ayala,John Grabow,Jon Rauch,9,Nationals Park,night,1,4,False,,
234184,2008,2008-05-01,2008-05-02T02:05:00Z,R,Regular Season,N,1,Final,F,Oakland Athletics,133,15,Los Angeles Angels,108,8,Justin Duchscherer,Dustin Moseley,,9,Angel Stadium of Anaheim,night,4,4,False,,
234201,2008,2008-05-02,2008-05-02T23:05:00Z,R,Regular Season,N,1,Final,F,Seattle Mariners,136,1,New York Yankees,147,5,Chien-Ming Wang,Erik Bedard,,9,Yankee Stadium I,night,1,3,False,,
234202,2008,2008-05-02,2008-05-02T23:05:00Z,R,Regular Season,N,1,Final,F,San Francisco Giants,137,5,Philadelphia Phillies,143,6,J.C. Romero,Brian Wilson,,10,Citizens Bank Park,night,1,3,False,,
234203,2008,2008-05-02,2008-05-02T23:05:00Z,R,Regular Season,N,1,Final,F,Tampa Bay Rays,139,3,Boston Red Sox,111,7,Clay Buchholz,Edwin Jackson,,9,Fenway Park,night,1,3,False,,
234191,2008,2008-05-02,2008-05-02T23:07:00Z,R,Regular Season,N,1,Final,F,Chicago White Sox,145,0,Toronto Blue Jays,141,2,Shaun Marcum,Mark Buehrle,Scott Downs,9,Rogers Centre,night,1,4,False,,
234200,2008,2008-05-02,2008-05-02T23:10:00Z,R,Regular Season,N,1,Final,F,San Diego Padres,135,4,Florida Marlins,146,6,Mark Hendrickson,Justin Germano,Kevin Gregg,9,Dolphin Stadium,night,1,3,False,,
234193,2008,2008-05-02,2008-05-02T23:30:00Z,R,Regular Season,N,1,Final,F,Cincinnati Reds,113,0,Atlanta Braves,144,2,Tim Hudson,Edinson Volquez,,9,Turner Field,night,1,3,False,,
234199,2008,2008-05-02,2008-05-02T23:35:00Z,R,Regular Season,N,1,Final,F,Pittsburgh Pirates,134,11,Washington Nationals,120,4,Damaso Marte,John Lannan,,9,Nationals Park,night,2,4,False,,
234197,2008,2008-05-02,2008-05-03T00:05:00Z,R,Regular Season,N,1,Final,F,Milwaukee Brewers,158,4,Houston Astros,117,7,Roy Oswalt,Carlos Villanueva,Jose Valverde,9,Minute Maid Park,night,1,3,False,,
234194,2008,2008-05-02,2008-05-03T00:10:00Z,R,Regular Season,N,1,Final,F,Detroit Tigers,116,1,Minnesota Twins,142,11,Livan Hernandez,Armando Galarraga,,9,Hubert H. Humphrey Metrodome,night,1,3,False,,
234192,2008,2008-05-02,2008-05-03T00:15:00Z,R,Regular Season,N,1,Final,F,Chicago Cubs,112,3,St. Louis Cardinals,138,5,Ron Villone,Chad Fox,,11,Busch Stadium,night,1,3,False,,
234196,2008,2008-05-02,2008-05-03T01:05:00Z,R,Regular Season,N,1,Final,F,Los Angeles Dodgers,119,11,Colorado Rockies,115,6,Brad Penny,Jeff Francis,,9,Coors Field,night,1,3,False,,
234198,2008,2008-05-02,2008-05-03T01:40:00Z,R,Regular Season,N,1,Final,F,New York Mets,121,7,Arizona Diamondbacks,109,2,John Maine,Micah Owings,,9,Chase Field,night,1,3,False,,
234190,2008,2008-05-02,2008-05-03T02:05:00Z,R,Regular Season,N,1,Final,F,Baltimore Orioles,110,4,Los Angeles Angels,108,3,Jeremy Guthrie,Jered Weaver,George Sherrill,9,Angel Stadium of Anaheim,night,1,3,False,,
234204,2008,2008-05-02,2008-05-03T02:05:00Z,R,Regular Season,N,1,Final,F,Texas Rangers,140,4,Oakland Athletics,133,3,Vicente Padilla,Joe Blanton,C.J. Wilson,9,McAfee Coliseum,night,1,3,False,,
234214,2008,2008-05-03,2008-05-03T17:05:00Z,R,Regular Season,N,1,Final,F,Pittsburgh Pirates,134,8,Washington Nationals,120,9,Jesus Colome,Paul Maholm,Jon Rauch,9,Nationals Park,day,3,4,False,,
234216,2008,2008-05-03,2008-05-03T17:05:00Z,R,Regular Season,N,1,Final,F,Seattle Mariners,136,1,New York Yankees,147,6,Mike Mussina,Félix Hernández,,9,Yankee Stadium I,day,2,3,False,,
234206,2008,2008-05-03,2008-05-03T17:07:00Z,R,Regular Season,N,1,Final,F,Chicago White Sox,145,2,Toronto Blue Jays,141,5,Jesse Litsch,John Danks,B.J. Ryan,9,Rogers Centre,day,2,4,False,,
234205,2008,2008-05-03,2008-05-03T19:40:00Z,R,Regular Season,N,1,Final,F,Baltimore Orioles,110,1,Los Angeles Angels,108,3,Jon Garland,Daniel Cabrera,Francisco Rodríguez,9,Angel Stadium of Anaheim,day,2,3,False,,
234207,2008,2008-05-03,2008-05-03T19:45:00Z,R,Regular Season,N,1,Final,F,Chicago Cubs,112,9,St. Louis Cardinals,138,3,Ted Lilly,Kyle Lohse,,9,Busch Stadium,day,2,3,False,,
234213,2008,2008-05-03,2008-05-03T19:45:00Z,R,Regular Season,N,1,Final,F,New York Mets,121,4,Arizona Diamondbacks,109,10,Brandon Webb,Mike Pelfrey,,9,Chase Field,day,2,3,False,,
234208,2008,2008-05-03,2008-05-03T23:00:00Z,R,Regular Season,N,1,Final,F,Cincinnati Reds,113,1,Atlanta Braves,144,9,Jo-Jo Reyes,Matt Belisle,,9,Turner Field,night,2,3,False,,
234210,2008,2008-05-03,2008-05-03T23:05:00Z,R,Regular Season,N,1,Final,F,Kansas City Royals,118,4,Cleveland Indians,114,2,Luke Hochevar,CC Sabathia,Joakim Soria,9,Progressive Field,night,1,2,False,,
234212,2008,2008-05-03,2008-05-03T23:05:00Z,R,Regular Season,N,1,Final,F,Milwaukee Brewers,158,2,Houston Astros,117,6,Brandon Backe,Manny Parra,,9,Minute Maid Park,night,2,3,False,,
234217,2008,2008-05-03,2008-05-03T23:05:00Z,R,Regular Season,N,1,Final,F,San Francisco Giants,137,3,Philadelphia Phillies,143,2,Jack Taschner,Rudy Seanez,Brian Wilson,10,Citizens Bank Park,night,2,3,False,,
234218,2008,2008-05-03,2008-05-03T23:05:00Z,R,Regular Season,N,1,Final,F,Tampa Bay Rays,139,4,Boston Red Sox,111,12,Josh Beckett,James Shields,,9,Fenway Park,night,2,3,False,,
234209,2008,2008-05-03,2008-05-03T23:10:00Z,R,Regular Season,N,1,Final,F,Detroit Tigers,116,1,Minnesota Twins,142,4,Brian Bass,Justin Verlander,Joe Nathan,9,Hubert H. Humphrey Metrodome,night,2,3,False,,
234215,2008,2008-05-03,2008-05-03T23:10:00Z,R,Regular Season,N,1,Final,F,San Diego Padres,135,7,Florida Marlins,146,2,Jake Peavy,Ricky Nolasco,,9,Dolphin Stadium,night,2,3,False,,
234211,2008,2008-05-03,2008-05-04T00:05:00Z,R,Regular Season,N,1,Final,F,Los Angeles Dodgers,119,12,Colorado Rockies,115,7,Hung-Chih Kuo,Jorge De La Rosa,,9,Coors Field,night,2,3,False,,
234219,2008,2008-05-03,2008-05-04T01:05:00Z,R,Regular Season,N,1,Final,F,Texas Rangers,140,6,Oakland Athletics,133,3,A.J. Murray,Chad Gaudin,Joaquín Benoit,9,McAfee Coliseum,night,2,3,False,,
234225,2008,2008-05-04,2008-05-04T17:05:00Z,R,Regular Season,N,1,Final,F,Kansas City Royals,118,2,Cleveland Indians,114,0,Gil Meche,Aaron Laffey,Joakim Soria,9,Progressive Field,day,2,2,False,,
234231,2008,2008-05-04,2008-05-04T17:05:00Z,R,Regular Season,N,1,Final,F,Seattle Mariners,136,2,New York Yankees,147,8,Darrell Rasner,Carlos Silva,,9,Yankee Stadium I,day,3,3,False,,
234221,2008,2008-05-04,2008-05-04T17:07:00Z,R,Regular Season,N,1,Final,F,Chicago White Sox,145,3,Toronto Blue Jays,141,4,Roy Halladay,Jose Contreras,Scott Downs,9,Rogers Centre,day,3,4,False,,
234230,2008,2008-05-04,2008-05-04T17:10:00Z,R,Regular Season,N,1,Final,F,San Diego Padres,135,3,Florida Marlins,146,10,Andrew Miller,Greg Maddux,,9,Dolphin Stadium,day,3,3,False,,
234223,2008,2008-05-04,2008-05-04T17:30:00Z,R,Regular Season,N,1,Final,F,Cincinnati Reds,113,7,Atlanta Braves,144,14,Royce Ring,Bronson Arroyo,,9,Turner Field,day,3,3,False,,
234229,2008,2008-05-04,2008-05-04T17:35:00Z,R,Regular Season,N,1,Final,F,Pittsburgh Pirates,134,2,Washington Nationals,120,5,Tim Redding,Ian Snell,,9,Nationals Park,day,4,4,False,,
234232,2008,2008-05-04,2008-05-04T17:35:00Z,R,Regular Season,N,1,Final,F,San Francisco Giants,137,5,Philadelphia Phillies,143,6,Brad Lidge,Keiichi Yabu,,9,Citizens Bank Park,day,3,3,False,,
234233,2008,2008-05-04,2008-05-04T17:35:00Z,R,Regular Season,N,1,Final,F,Tampa Bay Rays,139,3,Boston Red Sox,111,7,Jon Lester,Scott Kazmir,Jonathan Papelbon,9,Fenway Park,day,3,3,False,,
234227,2008,2008-05-04,2008-05-04T18:05:00Z,R,Regular Season,N,1,Final,F,Milwaukee Brewers,158,6,Houston Astros,117,8,Tim Byrdak,Mitch Stetter,,12,Minute Maid Park,day,3,3,False,,
234224,2008,2008-05-04,2008-05-04T18:10:00Z,R,Regular Season,N,1,Final,F,Detroit Tigers,116,6,Minnesota Twins,142,7,Matt Guerrier,Zach Miner,Joe Nathan,9,Hubert H. Humphrey Metrodome,day,3,3,False,,
234226,2008,2008-05-04,2008-05-04T19:05:00Z,R,Regular Season,N,1,Final,F,Los Angeles Dodgers,119,2,Colorado Rockies,115,7,Aaron Cook,Derek Lowe,Taylor Buchholz,9,Coors Field,day,3,3,False,,
234220,2008,2008-05-04,2008-05-04T19:35:00Z,R,Regular Season,N,1,Final,F,Baltimore Orioles,110,5,Los Angeles Angels,108,6,Joe Saunders,Steve Trachsel,Francisco Rodríguez,9,Angel Stadium of Anaheim,day,3,3,False,,
234234,2008,2008-05-04,2008-05-04T20:05:00Z,R,Regular Season,N,1,Final,F,Texas Rangers,140,1,Oakland Athletics,133,3,Santiago Casilla,Scott Feldman,Huston Street,9,McAfee Coliseum,day,3,3,False,,
234228,2008,2008-05-04,2008-05-04T20:10:00Z,R,Regular Season,N,1,Final,F,New York Mets,121,5,Arizona Diamondbacks,109,2,Jorge Sosa,Chad Qualls,Billy Wagner,9,Chase Field,day,3,3,False,,
234222,2008,2008-05-04,2008-05-05T00:05:00Z,R,Regular Season,N,1,Final,F,Chicago Cubs,112,3,St. Louis Cardinals,138,5,Todd Wellemeyer,Jason Marquis,Jason Isringhausen,9,Busch Stadium,night,3,3,False,,
234237,2008,2008-05-05,2008-05-05T23:05:00Z,R,Regular Season,N,1,Final,F,Boston Red Sox,111,6,Detroit Tigers,116,3,Daisuke Matsuzaka,Jeremy Bonderman,Jonathan Papelbon,9,Comerica Park,night,1,4,False,,
234238,2008,2008-05-05,2008-05-05T23:07:00Z,R,Regular Season,N,1,Final,F,Chicago White Sox,145,0,Toronto Blue Jays,141,1,Dustin McGowan,Javier Vazquez,B.J. Ryan,9,Rogers Centre,night,4,4,False,,
234239,2008,2008-05-05,2008-05-05T23:10:00Z,R,Regular Season,N,1,Final,F,Chicago Cubs,112,3,Cincinnati Reds,113,5,Johnny Cueto,Ryan Dempster,Francisco Cordero,9,Great American Ball Park,night,1,3,False,,
234235,2008,2008-05-05,2008-05-06T00:10:00Z,R,Regular Season,N,1,Final,F,Los Angeles Angels,108,4,Kansas City Royals,118,0,Ervin Santana,Ramon E Ramirez,,9,Kauffman Stadium,night,1,3,False,,
234242,2008,2008-05-05,2008-05-06T00:35:00Z,R,Regular Season,N,1,Final,F,St. Louis Cardinals,138,6,Colorado Rockies,115,5,Randy Flores,Brian Fuentes,Jason Isringhausen,9,Coors Field,night,1,4,False,,
234241,2008,2008-05-05,2008-05-06T01:40:00Z,R,Regular Season,N,1,Final,F,Philadelphia Phillies,143,11,Arizona Diamondbacks,109,4,Jamie Moyer,Max Scherzer,,9,Chase Field,night,1,4,False,,
234236,2008,2008-05-05,2008-05-06T02:05:00Z,R,Regular Season,N,1,Final,F,Baltimore Orioles,110,1,Oakland Athletics,133,2,Joey Devine,Jim Johnson,,10,McAfee Coliseum,night,1,3,False,,
234240,2008,2008-05-05,2008-05-06T02:10:00Z,R,Regular Season,N,1,Final,F,New York Mets,121,1,Los Angeles Dodgers,119,5,Chad Billingsley,Oliver Pérez,,9,Dodger Stadium,night,1,3,False,,
234243,2008,2008-05-05,2008-05-06T02:10:00Z,R,Regular Season,N,1,Final,F,Texas Rangers,140,3,Seattle Mariners,136,7,Jarrod Washburn,Kevin Millwood,,9,Safeco Field,night,1,4,False,,
234253,2008,2008-05-06,2008-05-06T23:00:00Z,R,Regular Season,N,1,Final,F,San Diego Padres,135,3,Atlanta Braves,144,5,Jair Jurrjens,Chris Young,Jeff Bennett,9,Turner Field,night,1,3,False,,
234246,2008,2008-05-06,2008-05-06T23:05:00Z,R,Regular Season,N,1,Final,F,Boston Red Sox,111,5,Detroit Tigers,116,0,Tim Wakefield,Nate Robertson,,9,Comerica Park,night,2,4,False,,
234248,2008,2008-05-06,2008-05-06T23:05:00Z,R,Regular Season,N,1,Final,F,Cleveland Indians,114,5,New York Yankees,147,3,Rafael Perez,Joba Chamberlain,Rafael Betancourt,9,Yankee Stadium I,night,1,3,False,,
234254,2008,2008-05-06,2008-05-06T23:05:00Z,R,Regular Season,N,1,Final,F,San Francisco Giants,137,6,Pittsburgh Pirates,134,12,Zach Duke,Jonathan Sánchez,,9,PNC Park,night,1,3,False,,
234256,2008,2008-05-06,2008-05-06T23:07:00Z,R,Regular Season,N,1,Final,F,Tampa Bay Rays,139,5,Toronto Blue Jays,141,4,Andy Sonnanstine,A.J. Burnett,Troy Percival,9,Rogers Centre,night,1,3,False,,
234247,2008,2008-05-06,2008-05-06T23:10:00Z,R,Regular Season,N,1,Final,F,Chicago Cubs,112,3,Cincinnati Reds,113,0,Carlos Zambrano,Aaron Harang,Kerry Wood,9,Great American Ball Park,night,2,3,False,,
234249,2008,2008-05-06,2008-05-06T23:10:00Z,R,Regular Season,N,1,Final,F,Milwaukee Brewers,158,0,Florida Marlins,146,3,Scott Olsen,Jeff Suppan,Kevin Gregg,9,Dolphin Stadium,night,1,3,False,,
234258,2008,2008-05-06,2008-05-07T00:05:00Z,R,Regular Season,N,1,Final,F,Washington Nationals,120,5,Houston Astros,117,6,Doug Brocail,Luis Ayala,Jose Valverde,9,Minute Maid Park,night,1,3,False,,
234244,2008,2008-05-06,2008-05-07T00:10:00Z,R,Regular Season,N,1,Final,F,Los Angeles Angels,108,5,Kansas City Royals,118,3,Darren Oliver,Brian Bannister,Francisco Rodríguez,9,Kauffman Stadium,night,2,3,False,,
234250,2008,2008-05-06,2008-05-07T00:11:00Z,R,Regular Season,N,1,Final,F,Minnesota Twins,142,1,Chicago White Sox,145,7,Gavin Floyd,Nick Blackburn,,9,U.S. Cellular Field,night,1,3,False,,
234255,2008,2008-05-06,2008-05-07T00:35:00Z,R,Regular Season,N,1,Final,F,St. Louis Cardinals,138,6,Colorado Rockies,115,5,Braden Looper,Mark Redman,Ryan Franklin,9,Coors Field,night,2,4,False,,
234252,2008,2008-05-06,2008-05-07T01:40:00Z,R,Regular Season,N,1,Final,F,Philadelphia Phillies,143,4,Arizona Diamondbacks,109,6,Randy Johnson,Adam Eaton,Brandon Lyon,9,Chase Field,night,2,4,False,,
234245,2008,2008-05-06,2008-05-07T02:05:00Z,R,Regular Season,N,1,Final,F,Baltimore Orioles,110,2,Oakland Athletics,133,4,Justin Duchscherer,Brian Burres,Santiago Casilla,9,McAfee Coliseum,night,2,3,False,,
234251,2008,2008-05-06,2008-05-07T02:10:00Z,R,Regular Season,N,1,Final,F,New York Mets,121,4,Los Angeles Dodgers,119,5,Hung-Chih Kuo,Nelson Figueroa,Takashi Saito,9,Dodger Stadium,night,2,3,False,,
234257,2008,2008-05-06,2008-05-07T02:10:00Z,R,Regular Season,N,1,Final,F,Texas Rangers,140,10,Seattle Mariners,136,1,Sidney Ponson,Miguel Batista,,9,Safeco Field,night,2,4,False,,
234262,2008,2008-05-07,2008-05-07T16:35:00Z,R,Regular Season,N,1,Final,F,Chicago Cubs,112,0,Cincinnati Reds,113,9,Edinson Volquez,Jon Lieber,,9,Great American Ball Park,day,3,3,False,,
234266,2008,2008-05-07,2008-05-07T19:10:00Z,R,Regular Season,N,1,Final,F,New York Mets,121,12,Los Angeles Dodgers,119,1,John Maine,Brad Penny,,9,Dodger Stadium,day,3,3,False,,
234260,2008,2008-05-07,2008-05-07T19:35:00Z,R,Regular Season,N,1,Final,F,Baltimore Orioles,110,5,Oakland Athletics,133,6,Dallas Braden,Lance Cormier,,10,McAfee Coliseum,day,3,3,False,,
234268,2008,2008-05-07,2008-05-07T23:00:00Z,R,Regular Season,N,1,Final,F,San Diego Padres,135,2,Atlanta Braves,144,5,Tim Hudson,Randy Wolf,,9,Turner Field,night,2,3,False,,
234261,2008,2008-05-07,2008-05-07T23:05:00Z,R,Regular Season,N,1,Final,F,Boston Red Sox,111,9,Detroit Tigers,116,10,Todd Jones,Jonathan Papelbon,,9,Comerica Park,night,3,4,False,,
234263,2008,2008-05-07,2008-05-07T23:05:00Z,R,Regular Season,N,1,Final,F,Cleveland Indians,114,3,New York Yankees,147,0,Cliff Lee,Chien-Ming Wang,Rafael Betancourt,9,Yankee Stadium I,night,2,3,False,,
234269,2008,2008-05-07,2008-05-07T23:05:00Z,R,Regular Season,N,1,Final,F,San Francisco Giants,137,1,Pittsburgh Pirates,134,3,Phil Dumatrait,Barry Zito,Matt Capps,9,PNC Park,night,2,3,False,,
234271,2008,2008-05-07,2008-05-07T23:07:00Z,R,Regular Season,N,1,Final,F,Tampa Bay Rays,139,2,Toronto Blue Jays,141,6,Shaun Marcum,Matt Garza,,9,Rogers Centre,night,2,3,False,,
234264,2008,2008-05-07,2008-05-07T23:10:00Z,R,Regular Season,N,1,Final,F,Milwaukee Brewers,158,2,Florida Marlins,146,6,Burke Badenhop,Dave Bush,,9,Dolphin Stadium,night,2,3,False,,
234273,2008,2008-05-07,2008-05-08T00:05:00Z,R,Regular Season,N,1,Final,F,Washington Nationals,120,3,Houston Astros,117,4,Jose Valverde,Joel Hanrahan,,9,Minute Maid Park,night,2,3,False,,
234259,2008,2008-05-07,2008-05-08T00:10:00Z,R,Regular Season,N,1,Final,F,Los Angeles Angels,108,4,Kansas City Royals,118,9,Zack Greinke,Jered Weaver,,9,Kauffman Stadium,night,3,3,False,,
234265,2008,2008-05-07,2008-05-08T00:11:00Z,R,Regular Season,N,1,Final,F,Minnesota Twins,142,13,Chicago White Sox,145,1,Livan Hernandez,Mark Buehrle,,9,U.S. Cellular Field,night,2,3,False,,
234270,2008,2008-05-07,2008-05-08T00:35:00Z,R,Regular Season,N,1,Final,F,St. Louis Cardinals,138,3,Colorado Rockies,115,4,Ryan Speier,Jason Isringhausen,Brian Fuentes,9,Coors Field,night,3,4,False,,
234267,2008,2008-05-07,2008-05-08T01:40:00Z,R,Regular Season,N,1,Final,F,Philadelphia Phillies,143,5,Arizona Diamondbacks,109,4,J.C. Romero,Chad Qualls,Brad Lidge,9,Chase Field,night,3,4,False,,
234272,2008,2008-05-07,2008-05-08T02:10:00Z,R,Regular Season,N,1,Final,F,Texas Rangers,140,2,Seattle Mariners,136,0,Vicente Padilla,Erik Bedard,C.J. Wilson,9,Safeco Field,night,3,4,False,,
234281,2008,2008-05-08,2008-05-08T16:35:00Z,R,Regular Season,N,1,Final,F,San Francisco Giants,137,4,Pittsburgh Pirates,134,5,Franquelis Osoria,Matt Cain,Matt Capps,9,PNC Park,day,3,3,False,,
234280,2008,2008-05-08,2008-05-08T17:00:00Z,R,Regular Season,N,1,Final,F,San Diego Padres,135,4,Atlanta Braves,144,5,Manny Acosta,Joe Thatcher,,9,Turner Field,day,3,3,False,,
234276,2008,2008-05-08,2008-05-08T17:05:00Z,R,Regular Season,N,1,Final,F,Cleveland Indians,114,3,New York Yankees,147,6,Mike Mussina,Paul Byrd,Mariano Rivera,9,Yankee Stadium I,day,3,3,False,,
234278,2008,2008-05-08,2008-05-08T18:05:00Z,R,Regular Season,N,1,Final,F,Minnesota Twins,142,2,Chicago White Sox,145,6,John Danks,Kevin Slowey,,9,U.S. Cellular Field,day,3,3,False,,
234282,2008,2008-05-08,2008-05-08T19:05:00Z,R,Regular Season,N,1,Final,F,St. Louis Cardinals,138,3,Colorado Rockies,115,9,Jorge De La Rosa,Kyle Lohse,,9,Coors Field,day,4,4,False,,
234279,2008,2008-05-08,2008-05-08T19:40:00Z,R,Regular Season,N,1,Final,F,Philadelphia Phillies,143,3,Arizona Diamondbacks,109,8,Brandon Webb,Brett Myers,,9,Chase Field,day,4,4,False,,
234275,2008,2008-05-08,2008-05-08T23:05:00Z,R,Regular Season,N,1,Final,F,Boston Red Sox,111,5,Detroit Tigers,116,1,Josh Beckett,Justin Verlander,,9,Comerica Park,night,4,4,False,,
234283,2008,2008-05-08,2008-05-08T23:07:00Z,R,Regular Season,N,1,Final,F,Tampa Bay Rays,139,8,Toronto Blue Jays,141,3,J.P. Howell,Shawn Camp,,13,Rogers Centre,night,3,3,False,,
234277,2008,2008-05-08,2008-05-08T23:10:00Z,R,Regular Season,N,1,Final,F,Milwaukee Brewers,158,2,Florida Marlins,146,7,Logan Kensing,Carlos Villanueva,,9,Dolphin Stadium,night,3,3,False,,
234285,2008,2008-05-08,2008-05-09T00:05:00Z,R,Regular Season,N,1,Final,F,Washington Nationals,120,8,Houston Astros,117,3,John Lannan,Brandon Backe,,9,Minute Maid Park,night,3,3,False,,
234274,2008,2008-05-08,2008-05-09T00:10:00Z,R,Regular Season,N,1,Final,F,Baltimore Orioles,110,4,Kansas City Royals,118,1,Daniel Cabrera,Luke Hochevar,,9,Kauffman Stadium,night,1,4,False,,
234284,2008,2008-05-08,2008-05-09T02:10:00Z,R,Regular Season,N,1,Final,F,Texas Rangers,140,5,Seattle Mariners,136,0,Franklyn German,Félix Hernández,,9,Safeco Field,night,4,4,False,,
234287,2008,2008-05-09,2008-05-09T18:20:00Z,R,Regular Season,N,1,Final,F,Arizona Diamondbacks,109,1,Chicago Cubs,112,3,Ted Lilly,Dan Haren,Kerry Wood,9,Wrigley Field,day,1,3,False,,
234288,2008,2008-05-09,2008-05-09T23:05:00Z,R,Regular Season,N,1,Final,F,Atlanta Braves,144,2,Pittsburgh Pirates,134,3,John Grabow,Jeff Bennett,,9,PNC Park,night,1,4,False,,
234296,2008,2008-05-09,2008-05-09T23:05:00Z,R,Regular Season,N,1,Final,F,New York Yankees,147,5,Detroit Tigers,116,6,Kenny Rogers,Kei Igawa,,9,Comerica Park,night,1,2,False,,
234300,2008,2008-05-09,2008-05-09T23:05:00Z,R,Regular Season,N,1,Final,F,Toronto Blue Jays,141,1,Cleveland Indians,114,6,CC Sabathia,Roy Halladay,,9,Progressive Field,night,1,4,False,,
234286,2008,2008-05-09,2008-05-09T23:10:00Z,R,Regular Season,N,1,Final,F,Los Angeles Angels,108,0,Tampa Bay Rays,139,2,James Shields,Justin Speier,,9,Tropicana Field,night,1,3,False,,
234294,2008,2008-05-09,2008-05-09T23:35:00Z,R,Regular Season,N,1,Final,F,Florida Marlins,146,7,Washington Nationals,120,3,Ricky Nolasco,Tim Redding,,9,Nationals Park,night,1,3,False,,
234297,2008,2008-05-09,2008-05-10T00:05:00Z,R,Regular Season,N,1,Final,F,Oakland Athletics,133,0,Texas Rangers,140,4,Scott Feldman,Greg Smith,,9,Rangers Ballpark in Arlington,night,1,3,False,,
234299,2008,2008-05-09,2008-05-10T00:05:00Z,R,Regular Season,N,1,Final,F,St. Louis Cardinals,138,3,Milwaukee Brewers,158,4,Brian Shouse,Jason Isringhausen,,9,Miller Park,night,1,4,False,,
234289,2008,2008-05-09,2008-05-10T00:10:00Z,R,Regular Season,N,1,Final,F,Baltimore Orioles,110,7,Kansas City Royals,118,4,Steve Trachsel,Gil Meche,George Sherrill,9,Kauffman Stadium,night,2,4,False,,
234290,2008,2008-05-09,2008-05-10T00:10:00Z,R,Regular Season,N,1,Final,F,Boston Red Sox,111,6,Minnesota Twins,142,7,Jesse Crain,Jonathan Papelbon,,9,Hubert H. Humphrey Metrodome,night,1,4,False,,
234293,2008,2008-05-09,2008-05-10T02:05:00Z,R,Regular Season,N,1,Final,F,Colorado Rockies,115,4,San Diego Padres,135,2,Aaron Cook,Jake Peavy,Brian Fuentes,9,PETCO Park,night,1,3,False,,
234291,2008,2008-05-09,2008-05-10T02:10:00Z,R,Regular Season,N,1,Final,F,Chicago White Sox,145,4,Seattle Mariners,136,2,Jose Contreras,Carlos Silva,Bobby Jenks,9,Safeco Field,night,1,3,False,,
234298,2008,2008-05-09,2008-05-10T02:15:00Z,R,Regular Season,N,1,Final,F,Philadelphia Phillies,143,7,San Francisco Giants,137,4,Cole Hamels,Tyler Walker,Brad Lidge,9,AT&T Park,night,1,3,False,,
234295,2008,2008-05-09,2008-05-10T02:40:00Z,R,Regular Season,N,1,Final,F,Houston Astros,117,7,Los Angeles Dodgers,119,1,Brian Moehler,Derek Lowe,,9,Dodger Stadium,night,1,3,False,,
234307,2008,2008-05-10,2008-05-10T17:10:00Z,R,Regular Season,S,1,Final,F,Cincinnati Reds,113,6,New York Mets,121,12,Johan Santana,Matt Belisle,,9,Shea Stadium,day,1,3,False,,
234302,2008,2008-05-10,2008-05-10T19:40:00Z,R,Regular Season,N,1,Final,F,Arizona Diamondbacks,109,2,Chicago Cubs,112,7,Scott Eyre,Chad Qualls,,9,Wrigley Field,day,2,3,False,,
234311,2008,2008-05-10,2008-05-10T19:40:00Z,R,Regular Season,N,1,Final,F,New York Yankees,147,5,Detroit Tigers,116,2,Darrell Rasner,Jeremy Bonderman,Mariano Rivera,9,Comerica Park,day,2,2,False,,
234314,2008,2008-05-10,2008-05-10T19:40:00Z,R,Regular Season,N,1,Final,F,St. Louis Cardinals,138,5,Milwaukee Brewers,158,3,Russ Springer,Eric Gagne,Ryan Franklin,9,Miller Park,day,2,4,False,,
234313,2008,2008-05-10,2008-05-10T20:05:00Z,R,Regular Season,N,1,Final,F,Philadelphia Phillies,143,2,San Francisco Giants,137,8,Tim Lincecum,Jamie Moyer,,9,AT&T Park,day,2,3,False,,
234303,2008,2008-05-10,2008-05-10T23:05:00Z,R,Regular Season,N,1,Final,F,Atlanta Braves,144,2,Pittsburgh Pirates,134,5,Tom Gorzelanny,Chuck James,Matt Capps,9,PNC Park,night,2,4,False,,
234315,2008,2008-05-10,2008-05-10T23:05:00Z,R,Regular Season,N,1,Final,F,Toronto Blue Jays,141,0,Cleveland Indians,114,12,Aaron Laffey,Dustin McGowan,,9,Progressive Field,night,2,4,False,,
234301,2008,2008-05-10,2008-05-10T23:10:00Z,R,Regular Season,N,1,Final,F,Los Angeles Angels,108,0,Tampa Bay Rays,139,2,Scott Kazmir,Joe Saunders,Troy Percival,9,Tropicana Field,night,2,3,False,,
234304,2008,2008-05-10,2008-05-10T23:10:00Z,R,Regular Season,N,1,Final,F,Baltimore Orioles,110,6,Kansas City Royals,118,5,Garrett Olson,Brett Tomko,George Sherrill,9,Kauffman Stadium,night,3,4,False,,
234305,2008,2008-05-10,2008-05-10T23:10:00Z,R,Regular Season,N,1,Final,F,Boston Red Sox,111,5,Minnesota Twins,142,2,Daisuke Matsuzaka,Glen Perkins,Jonathan Papelbon,9,Hubert H. Humphrey Metrodome,night,2,4,False,,
234309,2008,2008-05-10,2008-05-10T23:10:00Z,R,Regular Season,N,1,Final,F,Florida Marlins,146,11,Washington Nationals,120,0,Andrew Miller,Michael O'Connor,,9,Nationals Park,night,2,3,False,,
234292,2008,2008-05-10,2008-05-10T23:30:00Z,R,Regular Season,S,2,Final,F,Cincinnati Reds,113,7,New York Mets,121,1,Bronson Arroyo,Mike Pelfrey,,9,Shea Stadium,night,2,3,False,,
234312,2008,2008-05-10,2008-05-11T00:05:00Z,R,Regular Season,N,1,Final,F,Oakland Athletics,133,4,Texas Rangers,140,6,Josh Rupe,Dana Eveland,,9,Rangers Ballpark in Arlington,night,2,3,False,,
234308,2008,2008-05-10,2008-05-11T02:05:00Z,R,Regular Season,N,1,Final,F,Colorado Rockies,115,2,San Diego Padres,135,3,Greg Maddux,Ubaldo Jiménez,Trevor Hoffman,9,PETCO Park,night,2,3,False,,
234306,2008,2008-05-10,2008-05-11T02:10:00Z,R,Regular Season,N,1,Final,F,Chicago White Sox,145,8,Seattle Mariners,136,4,Javier Vazquez,Jarrod Washburn,,9,Safeco Field,night,2,3,False,,
234310,2008,2008-05-10,2008-05-11T02:10:00Z,R,Regular Season,N,1,Final,F,Houston Astros,117,5,Los Angeles Dodgers,119,0,Chris Sampson,Chad Billingsley,,9,Dodger Stadium,night,2,3,False,,
234322,2008,2008-05-11,2008-05-11T17:10:00Z,R,Regular Season,N,1,Final,F,Cincinnati Reds,113,3,New York Mets,121,8,Oliver Pérez,Johnny Cueto,,9,Shea Stadium,day,3,3,False,,
234324,2008,2008-05-11,2008-05-11T17:35:00Z,R,Regular Season,N,1,Final,F,Florida Marlins,146,5,Washington Nationals,120,4,Logan Kensing,Luis Ayala,Kevin Gregg,9,Nationals Park,day,3,3,False,,
234316,2008,2008-05-11,2008-05-11T17:40:00Z,R,Regular Season,N,1,Final,F,Los Angeles Angels,108,5,Tampa Bay Rays,139,8,J.P. Howell,Justin Speier,Troy Percival,9,Tropicana Field,day,3,3,False,,
234329,2008,2008-05-11,2008-05-11T18:05:00Z,R,Regular Season,N,1,Final,F,St. Louis Cardinals,138,3,Milwaukee Brewers,158,5,Jeff Suppan,Braden Looper,Brian Shouse,9,Miller Park,day,3,4,False,,
234319,2008,2008-05-11,2008-05-11T18:10:00Z,R,Regular Season,N,1,Final,F,Baltimore Orioles,110,0,Kansas City Royals,118,4,Brian Bannister,Brian Burres,,9,Kauffman Stadium,day,4,4,False,,
234317,2008,2008-05-11,2008-05-11T18:20:00Z,R,Regular Season,N,1,Final,F,Arizona Diamondbacks,109,4,Chicago Cubs,112,6,Carlos Marmol,Ramon Pena,Kerry Wood,9,Wrigley Field,day,3,3,False,,
234327,2008,2008-05-11,2008-05-11T19:05:00Z,R,Regular Season,N,1,Final,F,Oakland Athletics,133,12,Texas Rangers,140,6,Santiago Casilla,Franklyn German,,9,Rangers Ballpark in Arlington,day,3,3,False,,
234323,2008,2008-05-11,2008-05-11T20:05:00Z,R,Regular Season,N,1,Final,F,Colorado Rockies,115,1,San Diego Padres,135,6,Chris Young,Greg Reynolds,,9,PETCO Park,day,3,3,False,,
234328,2008,2008-05-11,2008-05-11T20:05:00Z,R,Regular Season,N,1,Final,F,Philadelphia Phillies,143,3,San Francisco Giants,137,4,Jack Taschner,J.C. Romero,Brian Wilson,9,AT&T Park,day,3,3,False,,
234321,2008,2008-05-11,2008-05-11T20:10:00Z,R,Regular Season,N,1,Final,F,Chicago White Sox,145,3,Seattle Mariners,136,6,Miguel Batista,Gavin Floyd,J.J. Putz,9,Safeco Field,day,3,3,False,,
234325,2008,2008-05-11,2008-05-11T20:10:00Z,R,Regular Season,N,1,Final,F,Houston Astros,117,8,Los Angeles Dodgers,119,5,Geoff Geary,Jonathan Broxton,Jose Valverde,9,Dodger Stadium,day,3,3,False,,
234320,2008,2008-05-11,2008-05-12T00:05:00Z,R,Regular Season,N,1,Final,F,Boston Red Sox,111,8,Minnesota Twins,142,9,Nick Blackburn,Tim Wakefield,Joe Nathan,9,Hubert H. Humphrey Metrodome,night,3,4,False,,
234331,2008,2008-05-12,2008-05-12T16:35:00Z,R,Regular Season,Y,1,Final,F,Atlanta Braves,144,0,Pittsburgh Pirates,134,5,Zach Duke,Jair Jurrjens,,9,PNC Park,day,3,4,False,,
234318,2008,2008-05-12,2008-05-12T16:40:00Z,R,Regular Season,Y,2,Final,F,Atlanta Braves,144,8,Pittsburgh Pirates,134,1,Tim Hudson,John Van Benschoten,,9,PNC Park,day,4,4,False,,
234337,2008,2008-05-12,2008-05-12T20:05:00Z,R,Regular Season,Y,1,Final,F,Toronto Blue Jays,141,0,Cleveland Indians,114,3,Roberto Hernandez,A.J. Burnett,,9,Progressive Field,night,3,4,False,,
234330,2008,2008-05-12,2008-05-12T20:10:00Z,R,Regular Season,Y,2,Final,F,Toronto Blue Jays,141,3,Cleveland Indians,114,0,B.J. Ryan,Rafael Betancourt,Scott Downs,10,Progressive Field,night,4,4,False,,
234332,2008,2008-05-12,2008-05-12T23:05:00Z,R,Regular Season,N,1,Final,F,Boston Red Sox,111,3,Minnesota Twins,142,7,Livan Hernandez,Clay Buchholz,,9,Hubert H. Humphrey Metrodome,night,4,4,False,,
234334,2008,2008-05-12,2008-05-12T23:10:00Z,R,Regular Season,N,1,Final,F,Florida Marlins,146,7,Cincinnati Reds,113,8,Aaron Harang,Taylor Tankersley,Francisco Cordero,9,Great American Ball Park,night,1,3,False,,
234336,2008,2008-05-12,2008-05-12T23:10:00Z,R,Regular Season,N,1,Final,F,New York Yankees,147,1,Tampa Bay Rays,139,7,Matt Garza,Andy Pettitte,,9,Tropicana Field,night,1,4,False,,
234341,2008,2008-05-12,2008-05-12T23:10:00Z,R,Regular Season,N,1,Final,F,Washington Nationals,120,10,New York Mets,121,4,Odalis Perez,Nelson Figueroa,,9,Shea Stadium,night,1,4,False,,
234338,2008,2008-05-12,2008-05-13T00:05:00Z,R,Regular Season,N,1,Final,F,San Diego Padres,135,3,Chicago Cubs,112,12,Carlos Zambrano,Randy Wolf,,9,Wrigley Field,night,1,4,False,,
234339,2008,2008-05-12,2008-05-13T00:05:00Z,R,Regular Season,N,1,Final,F,Seattle Mariners,136,12,Texas Rangers,140,13,Doug Mathis,Brandon Morrow,,10,Rangers Ballpark in Arlington,night,1,3,False,,
234340,2008,2008-05-12,2008-05-13T00:05:00Z,R,Regular Season,N,1,Final,F,St. Louis Cardinals,138,3,Milwaukee Brewers,158,8,Dave Bush,Adam Wainwright,Guillermo Mota,9,Miller Park,night,4,4,False,,
234333,2008,2008-05-12,2008-05-13T02:05:00Z,R,Regular Season,N,1,Final,F,Chicago White Sox,145,7,Los Angeles Angels,108,10,Nick Adenhart,Mark Buehrle,Francisco Rodríguez,9,Angel Stadium of Anaheim,night,1,4,False,,
234335,2008,2008-05-12,2008-05-13T02:15:00Z,R,Regular Season,N,1,Final,F,Houston Astros,117,7,San Francisco Giants,137,3,Roy Oswalt,Vinnie Chulk,Jose Valverde,9,AT&T Park,night,1,4,False,,
234342,2008,2008-05-13,2008-05-13T23:05:00Z,R,Regular Season,N,1,Final,F,Atlanta Braves,144,4,Philadelphia Phillies,143,5,Kyle Kendrick,Jo-Jo Reyes,Brad Lidge,9,Citizens Bank Park,night,1,3,False,,
234343,2008,2008-05-13,2008-05-13T23:05:00Z,R,Regular Season,N,1,Final,F,Boston Red Sox,111,4,Baltimore Orioles,110,5,Jeremy Guthrie,Josh Beckett,George Sherrill,9,Oriole Park at Camden Yards,night,1,2,False,,
234351,2008,2008-05-13,2008-05-13T23:05:00Z,R,Regular Season,N,1,Final,F,Oakland Athletics,133,0,Cleveland Indians,114,4,Paul Byrd,Justin Duchscherer,Masa Kobayashi,9,Progressive Field,night,1,3,False,,
234347,2008,2008-05-13,2008-05-13T23:10:00Z,R,Regular Season,N,1,Final,F,Florida Marlins,146,3,Cincinnati Reds,113,5,Edinson Volquez,Mark Hendrickson,Francisco Cordero,9,Great American Ball Park,night,2,3,False,,
234350,2008,2008-05-13,2008-05-13T23:10:00Z,R,Regular Season,N,1,Final,F,New York Yankees,147,1,Tampa Bay Rays,139,2,J.P. Howell,Mariano Rivera,,11,Tropicana Field,night,2,4,False,,
234356,2008,2008-05-13,2008-05-13T23:10:00Z,R,Regular Season,N,1,Final,F,Washington Nationals,120,3,New York Mets,121,6,John Maine,John Lannan,Billy Wagner,9,Shea Stadium,night,2,4,False,,
234349,2008,2008-05-13,2008-05-14T00:05:00Z,R,Regular Season,N,1,Final,F,Los Angeles Dodgers,119,3,Milwaukee Brewers,158,5,Carlos Villanueva,Brad Penny,Eric Gagne,9,Miller Park,night,1,3,False,,
234353,2008,2008-05-13,2008-05-14T00:05:00Z,R,Regular Season,N,1,Final,F,San Diego Padres,135,4,Chicago Cubs,112,3,Shawn Estes,Jason Marquis,Trevor Hoffman,9,Wrigley Field,night,2,4,False,,
234354,2008,2008-05-13,2008-05-14T00:05:00Z,R,Regular Season,N,1,Final,F,Seattle Mariners,136,2,Texas Rangers,140,5,Josh Rupe,Félix Hernández,Eddie Guardado,9,Rangers Ballpark in Arlington,night,2,3,False,,
234346,2008,2008-05-13,2008-05-14T00:10:00Z,R,Regular Season,N,1,Final,F,Detroit Tigers,116,2,Kansas City Royals,118,3,Juan Carlos Oviedo,Francisco Cruceta,Joakim Soria,9,Kauffman Stadium,night,1,3,False,,
234355,2008,2008-05-13,2008-05-14T00:10:00Z,R,Regular Season,N,1,Final,F,Toronto Blue Jays,141,5,Minnesota Twins,142,3,Jesse Litsch,Kevin Slowey,B.J. Ryan,9,Hubert H. Humphrey Metrodome,night,1,3,False,,
234352,2008,2008-05-13,2008-05-14T00:15:00Z,R,Regular Season,N,1,Final,F,Pittsburgh Pirates,134,8,St. Louis Cardinals,138,4,Marino Salas,Ron Villone,,10,Busch Stadium,night,1,3,False,,
234345,2008,2008-05-13,2008-05-14T01:40:00Z,R,Regular Season,N,1,Final,F,Colorado Rockies,115,4,Arizona Diamondbacks,109,8,Randy Johnson,Jeff Francis,,9,Chase Field,night,1,3,False,,
234344,2008,2008-05-13,2008-05-14T02:05:00Z,R,Regular Season,N,1,Final,F,Chicago White Sox,145,0,Los Angeles Angels,108,2,Scot Shields,Octavio Dotel,Francisco Rodríguez,9,Angel Stadium of Anaheim,night,2,4,False,,
234348,2008,2008-05-13,2008-05-14T02:15:00Z,R,Regular Season,N,1,Final,F,Houston Astros,117,2,San Francisco Giants,137,4,Matt Cain,Brandon Backe,Brian Wilson,9,AT&T Park,night,2,4,False,,
234369,2008,2008-05-14,2008-05-14T18:05:00Z,R,Regular Season,N,1,Final,F,Seattle Mariners,136,4,Texas Rangers,140,3,J.J. Putz,Franklyn German,Jarrod Washburn,12,Rangers Ballpark in Arlington,day,3,3,False,,
234358,2008,2008-05-14,2008-05-14T19:05:00Z,R,Regular Season,N,1,Final,F,Boston Red Sox,111,3,Baltimore Orioles,110,6,Daniel Cabrera,Craig Hansen,George Sherrill,9,Oriole Park at Camden Yards,day,2,2,False,,
234357,2008,2008-05-14,2008-05-14T23:05:00Z,R,Regular Season,N,1,Final,F,Atlanta Braves,144,8,Philadelphia Phillies,143,6,Tom Glavine,Brett Myers,Blaine Boyer,9,Citizens Bank Park,night,2,3,False,,
234366,2008,2008-05-14,2008-05-14T23:05:00Z,R,Regular Season,N,1,Final,F,Oakland Athletics,133,0,Cleveland Indians,114,2,CC Sabathia,Joe Blanton,,9,Progressive Field,night,2,3,False,,
234362,2008,2008-05-14,2008-05-14T23:10:00Z,R,Regular Season,N,1,Final,F,Florida Marlins,146,6,Cincinnati Reds,113,7,Jared Burton,Renyel Pinto,,10,Great American Ball Park,night,3,3,False,,
234365,2008,2008-05-14,2008-05-14T23:10:00Z,R,Regular Season,N,1,Final,F,New York Yankees,147,2,Tampa Bay Rays,139,1,Mike Mussina,James Shields,Mariano Rivera,9,Tropicana Field,night,3,4,False,,
234371,2008,2008-05-14,2008-05-14T23:10:00Z,R,Regular Season,N,1,Final,F,Washington Nationals,120,5,New York Mets,121,3,Tim Redding,Claudio Vargas,Jon Rauch,9,Shea Stadium,night,3,4,False,,
234364,2008,2008-05-14,2008-05-15T00:05:00Z,R,Regular Season,N,1,Final,F,Los Angeles Dodgers,119,6,Milwaukee Brewers,158,4,Jonathan Broxton,Guillermo Mota,Takashi Saito,9,Miller Park,night,2,3,False,,
234368,2008,2008-05-14,2008-05-15T00:05:00Z,R,Regular Season,N,1,Final,F,San Diego Padres,135,5,Chicago Cubs,112,8,Ted Lilly,Jake Peavy,,9,Wrigley Field,night,3,4,False,,
234361,2008,2008-05-14,2008-05-15T00:10:00Z,R,Regular Season,N,1,Final,F,Detroit Tigers,116,0,Kansas City Royals,118,2,Luke Hochevar,Justin Verlander,Joakim Soria,9,Kauffman Stadium,night,2,3,False,,
234370,2008,2008-05-14,2008-05-15T00:10:00Z,R,Regular Season,N,1,Final,F,Toronto Blue Jays,141,6,Minnesota Twins,142,5,Roy Halladay,Boof Bonser,Scott Downs,9,Hubert H. Humphrey Metrodome,night,2,3,False,,
234367,2008,2008-05-14,2008-05-15T00:15:00Z,R,Regular Season,N,1,Final,F,Pittsburgh Pirates,134,1,St. Louis Cardinals,138,5,Todd Wellemeyer,Paul Maholm,,9,Busch Stadium,night,2,3,False,,
234360,2008,2008-05-14,2008-05-15T01:40:00Z,R,Regular Season,N,1,Final,F,Colorado Rockies,115,3,Arizona Diamondbacks,109,4,Micah Owings,Jorge De La Rosa,Brandon Lyon,9,Chase Field,night,2,3,False,,
234359,2008,2008-05-14,2008-05-15T02:05:00Z,R,Regular Season,N,1,Final,F,Chicago White Sox,145,6,Los Angeles Angels,108,1,Jose Contreras,Scot Shields,,9,Angel Stadium of Anaheim,night,3,4,False,,
234363,2008,2008-05-14,2008-05-15T02:15:00Z,R,Regular Season,N,1,Final,F,Houston Astros,117,6,San Francisco Giants,137,3,Oscar Villarreal,Jack Taschner,Jose Valverde,9,AT&T Park,night,3,4,False,,
234380,2008,2008-05-15,2008-05-15T16:05:00Z,R,Regular Season,N,1,Final,F,Oakland Athletics,133,2,Cleveland Indians,114,4,Aaron Laffey,Greg Smith,Masa Kobayashi,9,Progressive Field,day,3,3,False,,
234378,2008,2008-05-15,2008-05-15T17:05:00Z,R,Regular Season,N,1,Final,F,Los Angeles Dodgers,119,7,Milwaukee Brewers,158,2,Chad Billingsley,Ben Sheets,,9,Miller Park,day,3,3,False,,
234383,2008,2008-05-15,2008-05-15T17:10:00Z,R,Regular Season,N,1,Final,F,Toronto Blue Jays,141,3,Minnesota Twins,142,2,Shawn Camp,Jesse Crain,B.J. Ryan,11,Hubert H. Humphrey Metrodome,day,3,3,False,,
234384,2008,2008-05-15,2008-05-15T17:10:00Z,R,Regular Season,N,1,Final,F,Washington Nationals,120,1,New York Mets,121,0,Jason Bergmann,Mike Pelfrey,Jon Rauch,9,Shea Stadium,day,4,4,False,,
234381,2008,2008-05-15,2008-05-15T17:15:00Z,R,Regular Season,N,1,Final,F,Pittsburgh Pirates,134,11,St. Louis Cardinals,138,5,John Grabow,Jason Isringhausen,,9,Busch Stadium,day,3,3,False,,
234375,2008,2008-05-15,2008-05-15T18:10:00Z,R,Regular Season,N,1,Final,F,Detroit Tigers,116,4,Kansas City Royals,118,8,Gil Meche,Kenny Rogers,,9,Kauffman Stadium,day,3,3,False,,
234382,2008,2008-05-15,2008-05-15T18:20:00Z,R,Regular Season,N,1,Final,F,San Diego Padres,135,0,Chicago Cubs,112,4,Ryan Dempster,Greg Maddux,Kerry Wood,9,Wrigley Field,day,4,4,False,,
234377,2008,2008-05-15,2008-05-15T19:45:00Z,R,Regular Season,N,1,Final,F,Houston Astros,117,8,San Francisco Giants,137,7,Tim Byrdak,Vinnie Chulk,Jose Valverde,9,AT&T Park,day,4,4,False,,
234379,2008,2008-05-15,2008-05-15T20:10:00Z,R,Regular Season,N,1,Final,F,New York Yankees,147,2,Tampa Bay Rays,139,5,Scott Kazmir,Ian Kennedy,Troy Percival,9,Tropicana Field,day,4,4,False,,
234372,2008,2008-05-15,2008-05-15T23:05:00Z,R,Regular Season,N,1,Final,F,Atlanta Braves,144,0,Philadelphia Phillies,143,5,Cole Hamels,Chuck James,,9,Citizens Bank Park,night,3,3,False,,
234374,2008,2008-05-15,2008-05-16T01:40:00Z,R,Regular Season,N,1,Final,F,Colorado Rockies,115,5,Arizona Diamondbacks,109,8,Brandon Webb,Aaron Cook,Brandon Lyon,9,Chase Field,night,3,3,False,,
234373,2008,2008-05-15,2008-05-16T02:05:00Z,R,Regular Season,N,1,Final,F,Chicago White Sox,145,4,Los Angeles Angels,108,3,Octavio Dotel,Francisco Rodríguez,Bobby Jenks,9,Angel Stadium of Anaheim,night,4,4,False,,
234395,2008,2008-05-16,2008-05-16T18:20:00Z,R,Regular Season,N,1,Final,F,Pittsburgh Pirates,134,4,Chicago Cubs,112,7,Sean Gallagher,Tom Gorzelanny,Kerry Wood,9,Wrigley Field,day,1,3,False,,
234398,2008,2008-05-16,2008-05-16T23:05:00Z,R,Regular Season,N,1,Final,F,Toronto Blue Jays,141,3,Philadelphia Phillies,143,10,Jamie Moyer,David Purcey,,9,Citizens Bank Park,night,1,3,False,,
234399,2008,2008-05-16,2008-05-16T23:05:00Z,R,Regular Season,N,1,Final,F,Washington Nationals,120,3,Baltimore Orioles,110,5,Garrett Olson,Shawn Hill,George Sherrill,9,Oriole Park at Camden Yards,night,1,3,False,,
234386,2008,2008-05-16,2008-05-16T23:10:00Z,R,Regular Season,N,1,Final,F,Cleveland Indians,114,3,Cincinnati Reds,113,4,David Weathers,Jensen Lewis,Francisco Cordero,9,Great American Ball Park,night,1,3,False,,
234389,2008,2008-05-16,2008-05-16T23:10:00Z,R,Regular Season,N,1,Final,F,Kansas City Royals,118,7,Florida Marlins,146,6,Brett Tomko,Andrew Miller,Joakim Soria,9,Dolphin Stadium,night,1,3,False,,
234394,2008,2008-05-16,2008-05-16T23:30:00Z,R,Regular Season,N,1,Final,F,Oakland Athletics,133,2,Atlanta Braves,144,3,Manny Acosta,Alan Embree,,9,Turner Field,night,1,3,False,,
234388,2008,2008-05-16,2008-05-17T00:05:00Z,R,Regular Season,N,1,Final,F,Houston Astros,117,8,Texas Rangers,140,16,Jamey Wright,Wesley Wright,,9,Rangers Ballpark in Arlington,night,1,3,False,,
234397,2008,2008-05-16,2008-05-17T00:15:00Z,R,Regular Season,N,1,Final,F,Tampa Bay Rays,139,3,St. Louis Cardinals,138,1,Andy Sonnanstine,Braden Looper,Troy Percival,9,Busch Stadium,night,1,3,False,,
234392,2008,2008-05-16,2008-05-17T01:05:00Z,R,Regular Season,N,1,Final,F,Minnesota Twins,142,4,Colorado Rockies,115,2,Nick Blackburn,Ubaldo Jiménez,Joe Nathan,9,Coors Field,night,1,3,False,,
234387,2008,2008-05-16,2008-05-17T01:40:00Z,R,Regular Season,N,1,Final,F,Detroit Tigers,116,3,Arizona Diamondbacks,109,4,Dan Haren,Zach Miner,Ramon Pena,9,Chase Field,night,1,3,False,,
234390,2008,2008-05-16,2008-05-17T02:05:00Z,R,Regular Season,N,1,Final,F,Los Angeles Dodgers,119,2,Los Angeles Angels,108,4,Joe Saunders,Hiroki Kuroda,Francisco Rodríguez,9,Angel Stadium of Anaheim,night,1,3,False,,
234396,2008,2008-05-16,2008-05-17T02:10:00Z,R,Regular Season,N,1,Final,F,San Diego Padres,135,6,Seattle Mariners,136,4,Chris Young,Miguel Batista,Trevor Hoffman,9,Safeco Field,night,1,3,False,,
234385,2008,2008-05-16,2008-05-17T02:15:00Z,R,Regular Season,N,1,Final,F,Chicago White Sox,145,2,San Francisco Giants,137,0,Gavin Floyd,Jonathan Sánchez,Bobby Jenks,9,AT&T Park,night,1,3,False,,
234408,2008,2008-05-17,2008-05-17T17:05:00Z,R,Regular Season,N,1,Final,F,New York Mets,121,7,New York Yankees,147,4,Johan Santana,Andy Pettitte,Billy Wagner,9,Yankee Stadium I,day,1,2,False,,
234410,2008,2008-05-17,2008-05-17T17:05:00Z,R,Regular Season,N,1,Final,F,Pittsburgh Pirates,134,7,Chicago Cubs,112,6,Damaso Marte,Carlos Marmol,Matt Capps,9,Wrigley Field,day,2,3,False,,
234412,2008,2008-05-17,2008-05-17T17:10:00Z,R,Regular Season,N,1,Final,F,Tampa Bay Rays,139,8,St. Louis Cardinals,138,9,Ryan Franklin,Dan Wheeler,,10,Busch Stadium,day,2,3,False,,
234401,2008,2008-05-17,2008-05-17T19:55:00Z,R,Regular Season,N,1,Final,F,Cleveland Indians,114,2,Cincinnati Reds,113,4,Bill Bray,Masa Kobayashi,,9,Great American Ball Park,day,2,3,False,,
234405,2008,2008-05-17,2008-05-17T19:55:00Z,R,Regular Season,N,1,Final,F,Los Angeles Dodgers,119,6,Los Angeles Angels,108,3,Hung-Chih Kuo,Ervin Santana,,9,Angel Stadium of Anaheim,day,2,3,False,,
234406,2008,2008-05-17,2008-05-17T19:55:00Z,R,Regular Season,S,1,Final,F,Milwaukee Brewers,158,3,Boston Red Sox,111,5,Daisuke Matsuzaka,Jeff Suppan,Jonathan Papelbon,9,Fenway Park,day,1,3,False,,
234409,2008,2008-05-17,2008-05-17T23:00:00Z,R,Regular Season,N,1,Final,F,Oakland Athletics,133,5,Atlanta Braves,144,4,Rich Harden,Tim Hudson,,9,Turner Field,night,2,3,False,,
234403,2008,2008-05-17,2008-05-17T23:05:00Z,R,Regular Season,N,1,Final,F,Houston Astros,117,2,Texas Rangers,140,6,Vicente Padilla,Roy Oswalt,,9,Rangers Ballpark in Arlington,night,2,3,False,,
234413,2008,2008-05-17,2008-05-17T23:05:00Z,R,Regular Season,N,1,Final,F,Toronto Blue Jays,141,6,Philadelphia Phillies,143,3,A.J. Burnett,Adam Eaton,B.J. Ryan,9,Citizens Bank Park,night,2,3,False,,
234414,2008,2008-05-17,2008-05-17T23:05:00Z,R,Regular Season,N,1,Final,F,Washington Nationals,120,5,Baltimore Orioles,110,6,Brian Burres,Odalis Perez,George Sherrill,9,Oriole Park at Camden Yards,night,2,3,False,,
234404,2008,2008-05-17,2008-05-17T23:10:00Z,R,Regular Season,N,1,Final,F,Kansas City Royals,118,3,Florida Marlins,146,7,Logan Kensing,Brian Bannister,,9,Dolphin Stadium,night,2,3,False,,
234407,2008,2008-05-17,2008-05-18T00:05:00Z,R,Regular Season,N,1,Final,F,Minnesota Twins,142,2,Colorado Rockies,115,3,Matt Herges,Livan Hernandez,Brian Fuentes,9,Coors Field,night,2,3,False,,
234402,2008,2008-05-17,2008-05-18T00:10:00Z,R,Regular Season,N,1,Final,F,Detroit Tigers,116,3,Arizona Diamondbacks,109,2,Armando Galarraga,Max Scherzer,Todd Jones,9,Chase Field,night,2,3,False,,
234391,2008,2008-05-17,2008-05-18T00:35:00Z,R,Regular Season,S,2,Final,F,Milwaukee Brewers,158,6,Boston Red Sox,111,7,Craig Hansen,Salomon Torres,Mike Timlin,9,Fenway Park,night,2,3,False,,
234400,2008,2008-05-17,2008-05-18T01:05:00Z,R,Regular Season,N,1,Final,F,Chicago White Sox,145,3,San Francisco Giants,137,1,Mark Buehrle,Barry Zito,Bobby Jenks,9,AT&T Park,night,2,3,False,,
234411,2008,2008-05-17,2008-05-18T02:10:00Z,R,Regular Season,N,1,Final,F,San Diego Padres,135,2,Seattle Mariners,136,4,Erik Bedard,Randy Wolf,J.J. Putz,9,Safeco Field,night,2,3,False,,
234419,2008,2008-05-18,2008-05-18T17:10:00Z,R,Regular Season,N,1,Final,F,Kansas City Royals,118,9,Florida Marlins,146,3,Zack Greinke,Burke Badenhop,,9,Dolphin Stadium,day,3,3,False,,
234416,2008,2008-05-18,2008-05-18T17:15:00Z,R,Regular Season,N,1,Final,F,Cleveland Indians,114,4,Cincinnati Reds,113,6,Edinson Volquez,Cliff Lee,Francisco Cordero,9,Great American Ball Park,day,3,3,False,,
234424,2008,2008-05-18,2008-05-18T17:30:00Z,R,Regular Season,N,1,Final,F,Oakland Athletics,133,2,Atlanta Braves,144,5,Jo-Jo Reyes,Justin Duchscherer,,9,Turner Field,day,3,3,False,,
234421,2008,2008-05-18,2008-05-18T17:35:00Z,R,Regular Season,N,1,Final,F,Milwaukee Brewers,158,7,Boston Red Sox,111,11,Josh Beckett,Carlos Villanueva,,9,Fenway Park,day,3,3,False,,
234428,2008,2008-05-18,2008-05-18T17:35:00Z,R,Regular Season,N,1,Final,F,Toronto Blue Jays,141,6,Philadelphia Phillies,143,5,Jason Frasor,Rudy Seanez,B.J. Ryan,9,Citizens Bank Park,day,3,3,False,,
234429,2008,2008-05-18,2008-05-18T17:35:00Z,R,Regular Season,N,1,Final,F,Washington Nationals,120,2,Baltimore Orioles,110,1,John Lannan,Jeremy Guthrie,Jon Rauch,9,Oriole Park at Camden Yards,day,3,3,False,,
234427,2008,2008-05-18,2008-05-18T18:15:00Z,R,Regular Season,N,1,Final,F,Tampa Bay Rays,139,4,St. Louis Cardinals,138,5,Chris Perez,Gary Glover,,9,Busch Stadium,day,3,3,False,,
234425,2008,2008-05-18,2008-05-18T18:20:00Z,R,Regular Season,N,1,Final,F,Pittsburgh Pirates,134,3,Chicago Cubs,112,4,Jason Marquis,Phil Dumatrait,Kerry Wood,9,Wrigley Field,day,3,3,False,,
234418,2008,2008-05-18,2008-05-18T19:05:00Z,R,Regular Season,N,1,Final,F,Houston Astros,117,5,Texas Rangers,140,4,Brandon Backe,Kason Gabbard,Jose Valverde,9,Rangers Ballpark in Arlington,day,3,3,False,,
234422,2008,2008-05-18,2008-05-18T19:05:00Z,R,Regular Season,N,1,Final,F,Minnesota Twins,142,2,Colorado Rockies,115,6,Jeff Francis,Kevin Slowey,,9,Coors Field,day,3,3,False,,
234420,2008,2008-05-18,2008-05-18T19:35:00Z,R,Regular Season,N,1,Final,F,Los Angeles Dodgers,119,2,Los Angeles Angels,108,10,Jered Weaver,Derek Lowe,,9,Angel Stadium of Anaheim,day,3,3,False,,
234415,2008,2008-05-18,2008-05-18T20:05:00Z,R,Regular Season,N,1,Final,F,Chicago White Sox,145,13,San Francisco Giants,137,8,Matt Thornton,Tyler Walker,Nick Masset,9,AT&T Park,day,3,3,False,,
234417,2008,2008-05-18,2008-05-18T20:10:00Z,R,Regular Season,N,1,Final,F,Detroit Tigers,116,0,Arizona Diamondbacks,109,4,Randy Johnson,Nate Robertson,,9,Chase Field,day,3,3,False,,
234426,2008,2008-05-18,2008-05-18T20:10:00Z,R,Regular Season,N,1,Final,F,San Diego Padres,135,2,Seattle Mariners,136,3,Arthur Rhodes,Heath Bell,J.J. Putz,9,Safeco Field,day,3,3,False,,
234423,2008,2008-05-18,2008-05-19T00:05:00Z,R,Regular Season,N,1,Final,F,New York Mets,121,11,New York Yankees,147,2,Oliver Pérez,Chien-Ming Wang,,9,Yankee Stadium I,night,2,2,False,,
234430,2008,2008-05-19,2008-05-19T23:05:00Z,R,Regular Season,N,1,Final,F,Chicago Cubs,112,7,Houston Astros,117,2,Ted Lilly,Brian Moehler,,9,Minute Maid Park,night,1,3,False,,
234432,2008,2008-05-19,2008-05-19T23:05:00Z,R,Regular Season,N,1,Final,F,Kansas City Royals,118,0,Boston Red Sox,111,7,Jon Lester,Luke Hochevar,,9,Fenway Park,night,1,4,False,,
234433,2008,2008-05-19,2008-05-19T23:10:00Z,R,Regular Season,N,1,Final,F,Philadelphia Phillies,143,0,Washington Nationals,120,4,Tim Redding,Brett Myers,,9,Nationals Park,night,1,3,False,,
234437,2008,2008-05-19,2008-05-20T00:10:00Z,R,Regular Season,N,1,Final,F,Texas Rangers,140,6,Minnesota Twins,142,7,Bobby Korecky,Franklyn German,,12,Hubert H. Humphrey Metrodome,night,1,4,False,,
234434,2008,2008-05-19,2008-05-20T00:35:00Z,R,Regular Season,N,1,Final,F,San Francisco Giants,137,3,Colorado Rockies,115,4,Jason Grilli,Vinnie Chulk,Brian Fuentes,9,Coors Field,night,1,3,False,,
234435,2008,2008-05-19,2008-05-20T02:05:00Z,R,Regular Season,N,1,Final,F,St. Louis Cardinals,138,8,San Diego Padres,135,2,Todd Wellemeyer,Wilfredo Ledezma,,9,PETCO Park,night,1,3,False,,
234436,2008,2008-05-19,2008-05-20T02:05:00Z,R,Regular Season,N,1,Final,F,Tampa Bay Rays,139,7,Oakland Athletics,133,6,Jason Hammel,Chad Gaudin,Troy Percival,13,McAfee Coliseum,night,1,3,False,,
234431,2008,2008-05-19,2008-05-20T02:10:00Z,R,Regular Season,N,1,Final,F,Cincinnati Reds,113,5,Los Angeles Dodgers,119,6,Takashi Saito,David Weathers,,9,Dodger Stadium,night,1,3,False,,
233813,2008,2008-05-20,2008-05-20T17:00:00Z,R,Regular Season,S,1,Final,F,New York Mets,121,1,Atlanta Braves,144,6,Tom Glavine,John Maine,,9,Turner Field,day,1,4,False,,
234446,2008,2008-05-20,2008-05-20T23:00:00Z,R,Regular Season,S,2,Final,F,New York Mets,121,2,Atlanta Braves,144,6,Jorge Campillo,Claudio Vargas,Manny Acosta,9,Turner Field,night,2,4,False,,
234440,2008,2008-05-20,2008-05-20T23:05:00Z,R,Regular Season,N,1,Final,F,Baltimore Orioles,110,12,New York Yankees,147,2,Daniel Cabrera,Mike Mussina,,9,Yankee Stadium I,night,1,3,False,,
234444,2008,2008-05-20,2008-05-20T23:05:00Z,R,Regular Season,N,1,Final,F,Kansas City Royals,118,1,Boston Red Sox,111,2,Justin Masterson,Gil Meche,Jonathan Papelbon,9,Fenway Park,night,2,4,False,,
234445,2008,2008-05-20,2008-05-20T23:05:00Z,R,Regular Season,N,1,Final,F,Milwaukee Brewers,158,7,Pittsburgh Pirates,134,2,Manny Parra,Paul Maholm,,9,PNC Park,night,1,3,False,,
234448,2008,2008-05-20,2008-05-20T23:05:00Z,R,Regular Season,N,1,Final,F,Seattle Mariners,136,8,Detroit Tigers,116,12,Justin Verlander,Carlos Silva,Todd Jones,9,Comerica Park,night,1,3,False,,
234438,2008,2008-05-20,2008-05-20T23:07:00Z,R,Regular Season,N,1,Final,F,Los Angeles Angels,108,3,Toronto Blue Jays,141,1,John Lackey,Dustin McGowan,Francisco Rodríguez,9,Rogers Centre,night,1,3,False,,
234439,2008,2008-05-20,2008-05-20T23:10:00Z,R,Regular Season,N,1,Final,F,Arizona Diamondbacks,109,2,Florida Marlins,146,3,Mark Hendrickson,Micah Owings,Kevin Gregg,9,Dolphin Stadium,night,1,3,False,,
234447,2008,2008-05-20,2008-05-20T23:10:00Z,R,Regular Season,N,1,Final,F,Philadelphia Phillies,143,1,Washington Nationals,120,0,Tom Gordon,Jon Rauch,Brad Lidge,9,Nationals Park,night,2,3,False,,
234441,2008,2008-05-20,2008-05-21T00:05:00Z,R,Regular Season,N,1,Final,F,Chicago Cubs,112,2,Houston Astros,117,4,Chris Sampson,Ryan Dempster,Jose Valverde,9,Minute Maid Park,night,2,3,False,,
234452,2008,2008-05-20,2008-05-21T00:10:00Z,R,Regular Season,N,1,Final,F,Texas Rangers,140,4,Minnesota Twins,142,11,Glen Perkins,Doug Mathis,,9,Hubert H. Humphrey Metrodome,night,2,4,False,,
234443,2008,2008-05-20,2008-05-21T00:11:00Z,R,Regular Season,N,1,Final,F,Cleveland Indians,114,1,Chicago White Sox,145,4,Jose Contreras,CC Sabathia,Bobby Jenks,9,U.S. Cellular Field,night,1,3,False,,
234449,2008,2008-05-20,2008-05-21T00:35:00Z,R,Regular Season,N,1,Final,F,San Francisco Giants,137,6,Colorado Rockies,115,5,Tim Lincecum,Aaron Cook,Brian Wilson,9,Coors Field,night,2,3,False,,
234450,2008,2008-05-20,2008-05-21T02:05:00Z,R,Regular Season,N,1,Final,F,St. Louis Cardinals,138,2,San Diego Padres,135,3,Bryan Corey,Joel Pineiro,Trevor Hoffman,9,PETCO Park,night,2,3,False,,
234451,2008,2008-05-20,2008-05-21T02:05:00Z,R,Regular Season,N,1,Final,F,Tampa Bay Rays,139,3,Oakland Athletics,133,2,Scott Kazmir,Greg Smith,Troy Percival,9,McAfee Coliseum,night,2,3,False,,
234442,2008,2008-05-20,2008-05-21T02:10:00Z,R,Regular Season,N,1,Final,F,Cincinnati Reds,113,1,Los Angeles Dodgers,119,4,Chad Billingsley,Matt Belisle,Takashi Saito,9,Dodger Stadium,night,2,3,False,,
234464,2008,2008-05-21,2008-05-21T19:05:00Z,R,Regular Season,N,1,Final,F,San Francisco Giants,137,3,Colorado Rockies,115,2,Tyler Walker,Matt Herges,Brian Wilson,10,Coors Field,day,3,3,False,,
234466,2008,2008-05-21,2008-05-21T19:35:00Z,R,Regular Season,N,1,Final,F,Tampa Bay Rays,139,1,Oakland Athletics,133,9,Dana Eveland,Andy Sonnanstine,,9,McAfee Coliseum,day,3,3,False,,
234461,2008,2008-05-21,2008-05-21T23:00:00Z,R,Regular Season,N,1,Final,F,New York Mets,121,4,Atlanta Braves,144,11,Jair Jurrjens,Mike Pelfrey,,9,Turner Field,night,3,4,False,,
234455,2008,2008-05-21,2008-05-21T23:05:00Z,R,Regular Season,N,1,Final,F,Baltimore Orioles,110,0,New York Yankees,147,8,Darrell Rasner,Garrett Olson,,9,Yankee Stadium I,night,2,3,False,,
234459,2008,2008-05-21,2008-05-21T23:05:00Z,R,Regular Season,N,1,Final,F,Kansas City Royals,118,3,Boston Red Sox,111,6,Bartolo Colon,Brett Tomko,,9,Fenway Park,night,3,4,False,,
234460,2008,2008-05-21,2008-05-21T23:05:00Z,R,Regular Season,N,1,Final,F,Milwaukee Brewers,158,4,Pittsburgh Pirates,134,1,Ben Sheets,Ian Snell,,9,PNC Park,night,2,3,False,,
234463,2008,2008-05-21,2008-05-21T23:05:00Z,R,Regular Season,N,1,Final,F,Seattle Mariners,136,4,Detroit Tigers,116,9,Kenny Rogers,Jarrod Washburn,,9,Comerica Park,night,2,3,False,,
234453,2008,2008-05-21,2008-05-21T23:07:00Z,R,Regular Season,N,1,Final,F,Los Angeles Angels,108,4,Toronto Blue Jays,141,3,Jon Garland,Shaun Marcum,Francisco Rodríguez,9,Rogers Centre,night,2,3,False,,
234454,2008,2008-05-21,2008-05-21T23:10:00Z,R,Regular Season,N,1,Final,F,Arizona Diamondbacks,109,1,Florida Marlins,146,3,Ricky Nolasco,Brandon Webb,Kevin Gregg,9,Dolphin Stadium,night,2,3,False,,
234462,2008,2008-05-21,2008-05-21T23:10:00Z,R,Regular Season,N,1,Final,F,Philadelphia Phillies,143,12,Washington Nationals,120,2,Jamie Moyer,Matt Chico,Clay Condrey,9,Nationals Park,night,3,3,False,,
234456,2008,2008-05-21,2008-05-22T00:05:00Z,R,Regular Season,N,1,Final,F,Chicago Cubs,112,3,Houston Astros,117,5,Shawn Chacon,Sean Gallagher,Jose Valverde,9,Minute Maid Park,night,3,3,False,,
234467,2008,2008-05-21,2008-05-22T00:10:00Z,R,Regular Season,N,1,Final,F,Texas Rangers,140,10,Minnesota Twins,142,1,Sidney Ponson,Nick Blackburn,,9,Hubert H. Humphrey Metrodome,night,3,4,False,,
234458,2008,2008-05-21,2008-05-22T00:11:00Z,R,Regular Season,N,1,Final,F,Cleveland Indians,114,2,Chicago White Sox,145,7,Javier Vazquez,Paul Byrd,,9,U.S. Cellular Field,night,2,3,False,,
234465,2008,2008-05-21,2008-05-22T02:05:00Z,R,Regular Season,N,1,Final,F,St. Louis Cardinals,138,11,San Diego Padres,135,3,Braden Looper,Chris Young,,9,PETCO Park,night,3,3,False,,
234457,2008,2008-05-21,2008-05-22T02:10:00Z,R,Regular Season,N,1,Final,F,Cincinnati Reds,113,2,Los Angeles Dodgers,119,5,Hiroki Kuroda,Johnny Cueto,Takashi Saito,9,Dodger Stadium,night,3,3,False,,
234477,2008,2008-05-22,2008-05-22T17:05:00Z,R,Regular Season,N,1,Final,F,Seattle Mariners,136,2,Detroit Tigers,116,9,Jeremy Bonderman,Miguel Batista,Freddy Dolsi,9,Comerica Park,day,3,3,False,,
234478,2008,2008-05-22,2008-05-22T17:10:00Z,R,Regular Season,N,1,Final,F,Texas Rangers,140,8,Minnesota Twins,142,7,Joaquín Benoit,Brian Bass,C.J. Wilson,10,Hubert H. Humphrey Metrodome,day,4,4,False,,
234473,2008,2008-05-22,2008-05-22T17:35:00Z,R,Regular Season,N,1,Final,F,Kansas City Royals,118,8,Boston Red Sox,111,11,Daisuke Matsuzaka,Brian Bannister,Jonathan Papelbon,9,Fenway Park,day,4,4,False,,
234475,2008,2008-05-22,2008-05-22T23:00:00Z,R,Regular Season,N,1,Final,F,New York Mets,121,2,Atlanta Braves,144,4,Tim Hudson,Johan Santana,Will Ohman,9,Turner Field,night,4,4,False,,
234470,2008,2008-05-22,2008-05-22T23:05:00Z,R,Regular Season,N,1,Final,F,Baltimore Orioles,110,1,New York Yankees,147,2,Mariano Rivera,Jim Johnson,,9,Yankee Stadium I,night,3,3,False,,
234474,2008,2008-05-22,2008-05-22T23:05:00Z,R,Regular Season,N,1,Final,F,Milwaukee Brewers,158,4,Pittsburgh Pirates,134,8,Tom Gorzelanny,Dave Bush,,9,PNC Park,night,3,3,False,,
234468,2008,2008-05-22,2008-05-22T23:07:00Z,R,Regular Season,N,1,Final,F,Los Angeles Angels,108,3,Toronto Blue Jays,141,4,A.J. Burnett,Ervin Santana,B.J. Ryan,9,Rogers Centre,night,3,3,False,,
234469,2008,2008-05-22,2008-05-22T23:10:00Z,R,Regular Season,N,1,Final,F,Arizona Diamondbacks,109,0,Florida Marlins,146,4,Andrew Miller,Dan Haren,,9,Dolphin Stadium,night,3,3,False,,
234476,2008,2008-05-22,2008-05-23T00:05:00Z,R,Regular Season,N,1,Final,F,Philadelphia Phillies,143,7,Houston Astros,117,5,Chad Durbin,Wesley Wright,Brad Lidge,9,Minute Maid Park,night,1,4,False,,
234472,2008,2008-05-22,2008-05-23T00:11:00Z,R,Regular Season,N,1,Final,F,Cleveland Indians,114,1,Chicago White Sox,145,3,Scott Linebrink,Aaron Laffey,Bobby Jenks,9,U.S. Cellular Field,night,3,3,False,,
234471,2008,2008-05-22,2008-05-23T02:05:00Z,R,Regular Season,N,1,Final,F,Cincinnati Reds,113,2,San Diego Padres,135,8,Randy Wolf,Aaron Harang,,9,PETCO Park,night,1,4,False,,
234483,2008,2008-05-23,2008-05-23T23:05:00Z,R,Regular Season,N,1,Final,F,Chicago Cubs,112,12,Pittsburgh Pirates,134,3,Carlos Zambrano,Zach Duke,,9,PNC Park,night,1,3,False,,
234487,2008,2008-05-23,2008-05-23T23:05:00Z,R,Regular Season,N,1,Final,F,Minnesota Twins,142,9,Detroit Tigers,116,4,Kevin Slowey,Armando Galarraga,,9,Comerica Park,night,1,3,False,,
234490,2008,2008-05-23,2008-05-23T23:05:00Z,R,Regular Season,N,1,Final,F,Seattle Mariners,136,2,New York Yankees,147,13,Andy Pettitte,Erik Bedard,,9,Yankee Stadium I,night,1,3,False,,
234493,2008,2008-05-23,2008-05-23T23:05:00Z,R,Regular Season,N,1,Final,F,Texas Rangers,140,13,Cleveland Indians,114,9,Kameron Loe,Roberto Hernandez,,9,Progressive Field,night,1,3,False,,
234485,2008,2008-05-23,2008-05-23T23:07:00Z,R,Regular Season,N,1,Final,F,Kansas City Royals,118,1,Toronto Blue Jays,141,7,Roy Halladay,Zack Greinke,,9,Rogers Centre,night,1,4,False,,
234481,2008,2008-05-23,2008-05-23T23:10:00Z,R,Regular Season,N,1,Final,F,Baltimore Orioles,110,0,Tampa Bay Rays,139,2,Matt Garza,Jeremy Guthrie,Troy Percival,9,Tropicana Field,night,1,3,False,,
234491,2008,2008-05-23,2008-05-23T23:10:00Z,R,Regular Season,N,1,Final,F,San Francisco Giants,137,8,Florida Marlins,146,2,Barry Zito,Scott Olsen,,9,Dolphin Stadium,night,1,3,False,,
234480,2008,2008-05-23,2008-05-23T23:30:00Z,R,Regular Season,N,1,Final,F,Arizona Diamondbacks,109,11,Atlanta Braves,144,1,Doug Davis,Jo-Jo Reyes,,9,Turner Field,night,1,4,False,,
234486,2008,2008-05-23,2008-05-23T23:35:00Z,R,Regular Season,N,1,Final,F,Milwaukee Brewers,158,1,Washington Nationals,120,5,Brian Sanches,Jeff Suppan,,9,Nationals Park,night,1,4,False,,
234489,2008,2008-05-23,2008-05-24T00:05:00Z,R,Regular Season,N,1,Final,F,Philadelphia Phillies,143,3,Houston Astros,117,4,Brandon Backe,Adam Eaton,Jose Valverde,9,Minute Maid Park,night,2,4,False,,
234479,2008,2008-05-23,2008-05-24T00:11:00Z,R,Regular Season,N,1,Final,F,Los Angeles Angels,108,3,Chicago White Sox,145,1,Joe Saunders,Gavin Floyd,Francisco Rodríguez,9,U.S. Cellular Field,night,1,3,False,,
234488,2008,2008-05-23,2008-05-24T01:05:00Z,R,Regular Season,N,1,Final,F,New York Mets,121,5,Colorado Rockies,115,6,Taylor Buchholz,Aaron Heilman,,13,Coors Field,night,1,3,False,,
234482,2008,2008-05-23,2008-05-24T02:05:00Z,R,Regular Season,N,1,Final,F,Boston Red Sox,111,3,Oakland Athletics,133,8,Rich Harden,Tim Wakefield,,9,McAfee Coliseum,night,1,3,False,,
234484,2008,2008-05-23,2008-05-24T02:05:00Z,R,Regular Season,N,1,Final,F,Cincinnati Reds,113,3,San Diego Padres,135,2,David Weathers,Trevor Hoffman,Francisco Cordero,9,PETCO Park,night,2,4,False,,
234492,2008,2008-05-23,2008-05-24T02:40:00Z,R,Regular Season,N,1,Final,F,St. Louis Cardinals,138,2,Los Angeles Dodgers,119,1,Adam Wainwright,Derek Lowe,Ryan Franklin,9,Dodger Stadium,night,1,3,False,,
234505,2008,2008-05-24,2008-05-24T17:05:00Z,R,Regular Season,N,1,Final,F,Seattle Mariners,136,6,New York Yankees,147,12,Mike Mussina,Carlos Silva,,9,Yankee Stadium I,day,2,3,False,,
234500,2008,2008-05-24,2008-05-24T17:07:00Z,R,Regular Season,N,1,Final,F,Kansas City Royals,118,0,Toronto Blue Jays,141,6,Jesse Litsch,Luke Hochevar,,9,Rogers Centre,day,2,4,False,,
234494,2008,2008-05-24,2008-05-24T19:55:00Z,R,Regular Season,N,1,Final,F,Los Angeles Angels,108,2,Chicago White Sox,145,0,Jered Weaver,John Danks,Francisco Rodríguez,9,U.S. Cellular Field,day,2,3,False,,
234495,2008,2008-05-24,2008-05-24T19:55:00Z,R,Regular Season,N,1,Final,F,Arizona Diamondbacks,109,1,Atlanta Braves,144,3,Blaine Boyer,Doug Slaten,,9,Turner Field,day,2,4,False,,
234503,2008,2008-05-24,2008-05-24T19:55:00Z,R,Regular Season,N,1,Final,F,New York Mets,121,9,Colorado Rockies,115,2,Claudio Vargas,Jeff Francis,,9,Coors Field,day,2,3,False,,
234496,2008,2008-05-24,2008-05-24T22:10:00Z,R,Regular Season,N,1,Final,F,Baltimore Orioles,110,4,Tampa Bay Rays,139,11,Edwin Jackson,Steve Trachsel,,9,Tropicana Field,night,2,3,False,,
234498,2008,2008-05-24,2008-05-24T23:05:00Z,R,Regular Season,N,1,Final,F,Chicago Cubs,112,4,Pittsburgh Pirates,134,5,John Grabow,Michael Wuertz,,14,PNC Park,night,2,3,False,,
234502,2008,2008-05-24,2008-05-24T23:05:00Z,R,Regular Season,N,1,Final,F,Minnesota Twins,142,3,Detroit Tigers,116,19,Nate Robertson,Boof Bonser,,9,Comerica Park,night,2,3,False,,
234504,2008,2008-05-24,2008-05-24T23:05:00Z,R,Regular Season,N,1,Final,F,Philadelphia Phillies,143,3,Houston Astros,117,4,Brian Moehler,Brett Myers,Doug Brocail,9,Minute Maid Park,night,3,4,False,,
234508,2008,2008-05-24,2008-05-24T23:05:00Z,R,Regular Season,N,1,Final,F,Texas Rangers,140,2,Cleveland Indians,114,5,Cliff Lee,Scott Feldman,Joe Borowski,9,Progressive Field,night,2,3,False,,
234501,2008,2008-05-24,2008-05-24T23:10:00Z,R,Regular Season,N,1,Final,F,Milwaukee Brewers,158,5,Washington Nationals,120,2,Seth McClung,John Lannan,Salomon Torres,9,Nationals Park,night,2,4,False,,
234497,2008,2008-05-24,2008-05-25T01:05:00Z,R,Regular Season,N,1,Final,F,Boston Red Sox,111,0,Oakland Athletics,133,3,Justin Duchscherer,Josh Beckett,Huston Street,9,McAfee Coliseum,night,2,3,False,,
234499,2008,2008-05-24,2008-05-25T02:05:00Z,R,Regular Season,N,1,Final,F,Cincinnati Reds,113,7,San Diego Padres,135,2,Bronson Arroyo,Wilfredo Ledezma,,9,PETCO Park,night,3,4,False,,
234507,2008,2008-05-24,2008-05-25T02:10:00Z,R,Regular Season,N,1,Final,F,St. Louis Cardinals,138,4,Los Angeles Dodgers,119,0,Kyle Lohse,Brad Penny,,9,Dodger Stadium,night,2,3,False,,
234517,2008,2008-05-25,2008-05-25T17:05:00Z,R,Regular Season,N,1,Final,F,Minnesota Twins,142,6,Detroit Tigers,116,1,Glen Perkins,Francisco Cruceta,,9,Comerica Park,day,3,3,False,,
234520,2008,2008-05-25,2008-05-25T17:05:00Z,R,Regular Season,N,1,Final,F,Seattle Mariners,136,5,New York Yankees,147,6,Edwar Ramirez,J.J. Putz,Mariano Rivera,9,Yankee Stadium I,day,3,3,False,,
234523,2008,2008-05-25,2008-05-25T17:05:00Z,R,Regular Season,N,1,Final,F,Texas Rangers,140,2,Cleveland Indians,114,1,Jamey Wright,Masa Kobayashi,C.J. Wilson,10,Progressive Field,day,3,3,False,,
234515,2008,2008-05-25,2008-05-25T17:07:00Z,R,Regular Season,N,1,Final,F,Kansas City Royals,118,1,Toronto Blue Jays,141,3,Dustin McGowan,Gil Meche,B.J. Ryan,9,Rogers Centre,day,3,4,False,,
234521,2008,2008-05-25,2008-05-25T17:10:00Z,R,Regular Season,Y,1,Final,F,San Francisco Giants,137,6,Florida Marlins,146,8,Mark Hendrickson,Pat Misch,Kevin Gregg,9,Dolphin Stadium,day,2,3,False,,
234506,2008,2008-05-25,2008-05-25T17:15:00Z,R,Regular Season,Y,2,Final,F,San Francisco Giants,137,4,Florida Marlins,146,5,Kevin Gregg,Tyler Walker,,9,Dolphin Stadium,day,3,3,False,,
234510,2008,2008-05-25,2008-05-25T17:30:00Z,R,Regular Season,N,1,Final,F,Arizona Diamondbacks,109,9,Atlanta Braves,144,3,Micah Owings,Tom Glavine,,9,Turner Field,day,3,4,False,,
234513,2008,2008-05-25,2008-05-25T17:35:00Z,R,Regular Season,N,1,Final,F,Chicago Cubs,112,5,Pittsburgh Pirates,134,6,Damaso Marte,Jon Lieber,,11,PNC Park,day,3,3,False,,
234516,2008,2008-05-25,2008-05-25T17:35:00Z,R,Regular Season,N,1,Final,F,Milwaukee Brewers,158,6,Washington Nationals,120,7,Jon Rauch,Guillermo Mota,,9,Nationals Park,day,3,4,False,,
234511,2008,2008-05-25,2008-05-25T17:40:00Z,R,Regular Season,N,1,Final,F,Baltimore Orioles,110,4,Tampa Bay Rays,139,5,Troy Percival,George Sherrill,,9,Tropicana Field,day,3,3,False,,
234519,2008,2008-05-25,2008-05-25T18:05:00Z,R,Regular Season,N,1,Final,F,Philadelphia Phillies,143,15,Houston Astros,117,6,Rudy Seanez,Fernando Nieve,,9,Minute Maid Park,day,4,4,False,,
234518,2008,2008-05-25,2008-05-25T19:05:00Z,R,Regular Season,N,1,Final,F,New York Mets,121,1,Colorado Rockies,115,4,Aaron Cook,John Maine,,9,Coors Field,day,3,3,False,,
234512,2008,2008-05-25,2008-05-25T20:05:00Z,R,Regular Season,N,1,Final,F,Boston Red Sox,111,3,Oakland Athletics,133,6,Joe Blanton,Jon Lester,Huston Street,9,McAfee Coliseum,day,3,3,False,,
234514,2008,2008-05-25,2008-05-25T20:05:00Z,R,Regular Season,N,1,Final,F,Cincinnati Reds,113,9,San Diego Padres,135,12,Josh Banks,Edinson Volquez,,18,PETCO Park,day,4,4,False,,
234522,2008,2008-05-25,2008-05-25T20:10:00Z,R,Regular Season,N,1,Final,F,St. Louis Cardinals,138,3,Los Angeles Dodgers,119,4,Takashi Saito,Mike Parisi,,10,Dodger Stadium,day,3,3,False,,
234509,2008,2008-05-25,2008-05-26T00:05:00Z,R,Regular Season,N,1,Final,F,Los Angeles Angels,108,2,Chicago White Sox,145,3,Scott Linebrink,John Lackey,,9,U.S. Cellular Field,night,3,3,False,,
234530,2008,2008-05-26,2008-05-26T16:37:00Z,R,Regular Season,N,1,Final,F,Kansas City Royals,118,2,Toronto Blue Jays,141,7,Shaun Marcum,Brett Tomko,,9,Rogers Centre,day,4,4,False,,
234524,2008,2008-05-26,2008-05-26T17:00:00Z,R,Regular Season,N,1,Final,F,Arizona Diamondbacks,109,3,Atlanta Braves,144,7,Manny Acosta,Brandon Webb,,9,Turner Field,day,4,4,False,,
234532,2008,2008-05-26,2008-05-26T17:35:00Z,R,Regular Season,N,1,Final,F,Milwaukee Brewers,158,4,Washington Nationals,120,3,Carlos Villanueva,Saul Rivera,Salomon Torres,11,Nationals Park,day,4,4,False,,
234533,2008,2008-05-26,2008-05-26T17:35:00Z,R,Regular Season,N,1,Final,F,New York Yankees,147,1,Baltimore Orioles,110,6,Garrett Olson,Darrell Rasner,,9,Oriole Park at Camden Yards,day,1,3,False,,
234531,2008,2008-05-26,2008-05-26T18:20:00Z,R,Regular Season,N,1,Final,F,Los Angeles Dodgers,119,1,Chicago Cubs,112,3,Ryan Dempster,Chad Billingsley,Kerry Wood,9,Wrigley Field,day,1,3,False,,
234526,2008,2008-05-26,2008-05-26T23:05:00Z,R,Regular Season,N,1,Final,F,Chicago White Sox,145,6,Cleveland Indians,114,3,Boone Logan,Scott Elarton,Bobby Jenks,12,Progressive Field,night,1,3,False,,
234527,2008,2008-05-26,2008-05-26T23:05:00Z,R,Regular Season,N,1,Final,F,Colorado Rockies,115,5,Philadelphia Phillies,143,20,Jamie Moyer,Jorge De La Rosa,,9,Citizens Bank Park,night,1,3,False,,
234529,2008,2008-05-26,2008-05-26T23:10:00Z,R,Regular Season,N,1,Final,F,Florida Marlins,146,7,New York Mets,121,3,Ricky Nolasco,Mike Pelfrey,,9,Shea Stadium,night,1,3,False,,
234534,2008,2008-05-26,2008-05-26T23:10:00Z,R,Regular Season,N,1,Final,F,Texas Rangers,140,3,Tampa Bay Rays,139,7,Scott Kazmir,Sidney Ponson,,9,Tropicana Field,night,1,3,False,,
234528,2008,2008-05-26,2008-05-27T01:05:00Z,R,Regular Season,N,1,Final,F,Detroit Tigers,116,0,Los Angeles Angels,108,1,Jose Arredondo,Freddy Dolsi,,12,Angel Stadium of Anaheim,night,1,3,False,,
234525,2008,2008-05-26,2008-05-27T02:10:00Z,R,Regular Season,N,1,Final,F,Boston Red Sox,111,5,Seattle Mariners,136,3,Bartolo Colon,Félix Hernández,,9,Safeco Field,night,1,3,False,,
234537,2008,2008-05-27,2008-05-27T23:05:00Z,R,Regular Season,N,1,Final,F,Chicago White Sox,145,2,Cleveland Indians,114,8,Aaron Laffey,Mark Buehrle,,9,Progressive Field,night,2,3,False,,
234538,2008,2008-05-27,2008-05-27T23:05:00Z,R,Regular Season,N,1,Final,F,Colorado Rockies,115,4,Philadelphia Phillies,143,7,Kyle Kendrick,Ubaldo Jiménez,,9,Citizens Bank Park,night,2,3,False,,
234542,2008,2008-05-27,2008-05-27T23:05:00Z,R,Regular Season,N,1,Final,F,Los Angeles Dodgers,119,1,Chicago Cubs,112,3,Sean Gallagher,Hiroki Kuroda,Kerry Wood,9,Wrigley Field,night,2,3,False,,
234544,2008,2008-05-27,2008-05-27T23:05:00Z,R,Regular Season,N,1,Final,F,New York Yankees,147,9,Baltimore Orioles,110,10,Matt Albers,LaTroy Hawkins,,11,Oriole Park at Camden Yards,night,2,3,False,,
234540,2008,2008-05-27,2008-05-27T23:10:00Z,R,Regular Season,N,1,Final,F,Florida Marlins,146,3,New York Mets,121,5,Johan Santana,Andrew Miller,Billy Wagner,9,Shea Stadium,night,2,3,False,,
234545,2008,2008-05-27,2008-05-27T23:10:00Z,R,Regular Season,N,1,Final,F,Pittsburgh Pirates,134,6,Cincinnati Reds,113,9,Johnny Cueto,Ian Snell,Francisco Cordero,9,Great American Ball Park,night,1,3,False,,
234547,2008,2008-05-27,2008-05-27T23:10:00Z,R,Regular Season,N,1,Final,F,Texas Rangers,140,12,Tampa Bay Rays,139,6,Vicente Padilla,Andy Sonnanstine,,9,Tropicana Field,night,2,3,False,,
234535,2008,2008-05-27,2008-05-28T00:05:00Z,R,Regular Season,N,1,Final,F,Atlanta Braves,144,2,Milwaukee Brewers,158,3,Salomon Torres,Jeff Bennett,,9,Miller Park,night,1,3,False,,
234543,2008,2008-05-27,2008-05-28T00:10:00Z,R,Regular Season,N,1,Final,F,Minnesota Twins,142,4,Kansas City Royals,118,3,Jesse Crain,Juan Carlos Oviedo,Matt Guerrier,12,Kauffman Stadium,night,1,3,False,,
234541,2008,2008-05-27,2008-05-28T00:15:00Z,R,Regular Season,N,1,Final,F,Houston Astros,117,8,St. Louis Cardinals,138,2,Shawn Chacon,Braden Looper,,9,Busch Stadium,night,1,3,False,,
234546,2008,2008-05-27,2008-05-28T01:40:00Z,R,Regular Season,N,1,Final,F,San Francisco Giants,137,6,Arizona Diamondbacks,109,3,Tim Lincecum,Dan Haren,Brian Wilson,9,Chase Field,night,1,3,False,,
234539,2008,2008-05-27,2008-05-28T02:05:00Z,R,Regular Season,N,1,Final,F,Detroit Tigers,116,2,Los Angeles Angels,108,3,Ervin Santana,Aquilino López,,9,Angel Stadium of Anaheim,night,2,3,False,,
234548,2008,2008-05-27,2008-05-28T02:05:00Z,R,Regular Season,N,1,Final,F,Toronto Blue Jays,141,1,Oakland Athletics,133,3,Greg Smith,A.J. Burnett,Huston Street,9,McAfee Coliseum,night,1,3,False,,
234549,2008,2008-05-27,2008-05-28T02:05:00Z,R,Regular Season,N,1,Final,F,Washington Nationals,120,2,San Diego Padres,135,4,Heath Bell,Charlie Manning,Trevor Hoffman,9,PETCO Park,night,1,3,False,,
234536,2008,2008-05-27,2008-05-28T02:10:00Z,R,Regular Season,N,1,Final,F,Boston Red Sox,111,3,Seattle Mariners,136,4,J.J. Putz,Mike Timlin,,9,Safeco Field,night,2,3,False,,
234552,2008,2008-05-28,2008-05-28T16:05:00Z,R,Regular Season,N,1,Final,F,Chicago White Sox,145,6,Cleveland Indians,114,5,Gavin Floyd,Rafael Betancourt,Bobby Jenks,9,Progressive Field,day,3,3,False,,
234562,2008,2008-05-28,2008-05-28T16:40:00Z,R,Regular Season,N,1,Final,F,Texas Rangers,140,3,Tampa Bay Rays,139,5,Matt Garza,Kason Gabbard,Dan Wheeler,9,Tropicana Field,day,3,3,False,,
234553,2008,2008-05-28,2008-05-28T23:05:00Z,R,Regular Season,N,1,Final,F,Colorado Rockies,115,1,Philadelphia Phillies,143,6,Adam Eaton,Greg Reynolds,,9,Citizens Bank Park,night,3,3,False,,
234559,2008,2008-05-28,2008-05-28T23:05:00Z,R,Regular Season,N,1,Final,F,New York Yankees,147,4,Baltimore Orioles,110,2,Andy Pettitte,Jeremy Guthrie,Mariano Rivera,9,Oriole Park at Camden Yards,night,3,3,False,,
234555,2008,2008-05-28,2008-05-28T23:10:00Z,R,Regular Season,N,1,Final,F,Florida Marlins,146,6,New York Mets,121,7,Duaner Sanchez,Justin Miller,,12,Shea Stadium,night,3,3,False,,
234560,2008,2008-05-28,2008-05-28T23:10:00Z,R,Regular Season,N,1,Final,F,Pittsburgh Pirates,134,1,Cincinnati Reds,113,9,Bronson Arroyo,Tom Gorzelanny,,9,Great American Ball Park,night,2,3,False,,
234550,2008,2008-05-28,2008-05-29T00:05:00Z,R,Regular Season,N,1,Final,F,Atlanta Braves,144,0,Milwaukee Brewers,158,1,Jeff Suppan,Jo-Jo Reyes,Salomon Torres,9,Miller Park,night,2,3,False,,
234557,2008,2008-05-28,2008-05-29T00:05:00Z,R,Regular Season,N,1,Final,F,Los Angeles Dodgers,119,1,Chicago Cubs,112,2,Bob Howry,Chan Ho Park,,10,Wrigley Field,night,3,3,False,,
234558,2008,2008-05-28,2008-05-29T00:10:00Z,R,Regular Season,N,1,Final,F,Minnesota Twins,142,9,Kansas City Royals,118,8,Jesse Crain,Joel Peralta,Joe Nathan,10,Kauffman Stadium,night,2,3,False,,
234556,2008,2008-05-28,2008-05-29T00:15:00Z,R,Regular Season,N,1,Final,F,Houston Astros,117,1,St. Louis Cardinals,138,6,Adam Wainwright,Wandy Rodriguez,,9,Busch Stadium,night,2,3,False,,
234561,2008,2008-05-28,2008-05-29T01:40:00Z,R,Regular Season,N,1,Final,F,San Francisco Giants,137,11,Arizona Diamondbacks,109,3,Jonathan Sánchez,Doug Davis,,9,Chase Field,night,2,3,False,,
234554,2008,2008-05-28,2008-05-29T02:05:00Z,R,Regular Season,N,1,Final,F,Detroit Tigers,116,6,Los Angeles Angels,108,2,Armando Galarraga,Joe Saunders,,9,Angel Stadium of Anaheim,night,3,3,False,,
234563,2008,2008-05-28,2008-05-29T02:05:00Z,R,Regular Season,N,1,Final,F,Toronto Blue Jays,141,2,Oakland Athletics,133,1,Roy Halladay,Keith Foulke,B.J. Ryan,9,McAfee Coliseum,night,2,3,False,,
234564,2008,2008-05-28,2008-05-29T02:05:00Z,R,Regular Season,N,1,Final,F,Washington Nationals,120,6,San Diego Padres,135,4,Odalis Perez,Shawn Estes,Jon Rauch,9,PETCO Park,night,2,3,False,,
234551,2008,2008-05-28,2008-05-29T02:10:00Z,R,Regular Season,N,1,Final,F,Boston Red Sox,111,0,Seattle Mariners,136,1,Erik Bedard,Tim Wakefield,J.J. Putz,9,Safeco Field,night,3,3,False,,
234565,2008,2008-05-29,2008-05-29T17:05:00Z,R,Regular Season,N,1,Final,F,Atlanta Braves,144,8,Milwaukee Brewers,158,1,Jorge Campillo,Seth McClung,,9,Miller Park,day,3,3,False,,
234573,2008,2008-05-29,2008-05-29T19:35:00Z,R,Regular Season,N,1,Final,F,Toronto Blue Jays,141,12,Oakland Athletics,133,0,Jesse Litsch,Dana Eveland,,9,McAfee Coliseum,day,3,3,False,,
234574,2008,2008-05-29,2008-05-29T19:35:00Z,R,Regular Season,N,1,Final,F,Washington Nationals,120,2,San Diego Padres,135,5,Heath Bell,Saul Rivera,Trevor Hoffman,9,PETCO Park,day,3,3,False,,
234566,2008,2008-05-29,2008-05-29T23:10:00Z,R,Regular Season,N,1,Final,F,Chicago White Sox,145,5,Tampa Bay Rays,139,1,John Danks,Edwin Jackson,,9,Tropicana Field,night,1,4,False,,
234569,2008,2008-05-29,2008-05-29T23:10:00Z,R,Regular Season,N,1,Final,F,Los Angeles Dodgers,119,4,New York Mets,121,8,Claudio Vargas,Brad Penny,,9,Shea Stadium,night,1,4,False,,
234571,2008,2008-05-29,2008-05-29T23:10:00Z,R,Regular Season,N,1,Final,F,Pittsburgh Pirates,134,7,Cincinnati Reds,113,2,Phil Dumatrait,Aaron Harang,,9,Great American Ball Park,night,3,3,False,,
234567,2008,2008-05-29,2008-05-30T00:05:00Z,R,Regular Season,N,1,Final,F,Colorado Rockies,115,4,Chicago Cubs,112,8,Michael Wuertz,Matt Herges,,9,Wrigley Field,night,1,4,False,,
234570,2008,2008-05-29,2008-05-30T00:10:00Z,R,Regular Season,N,1,Final,F,Minnesota Twins,142,5,Kansas City Royals,118,1,Kevin Slowey,Luke Hochevar,,9,Kauffman Stadium,night,3,3,False,,
234568,2008,2008-05-29,2008-05-30T00:15:00Z,R,Regular Season,N,1,Final,F,Houston Astros,117,2,St. Louis Cardinals,138,3,Kyle Lohse,Roy Oswalt,Ryan Franklin,9,Busch Stadium,night,3,3,False,,
234572,2008,2008-05-29,2008-05-30T01:40:00Z,R,Regular Season,N,1,Final,F,San Francisco Giants,137,4,Arizona Diamondbacks,109,3,Tyler Walker,Chad Qualls,Brian Wilson,9,Chase Field,night,3,3,False,,
234579,2008,2008-05-30,2008-05-30T18:20:00Z,R,Regular Season,N,1,Final,F,Colorado Rockies,115,9,Chicago Cubs,112,10,Scott Eyre,Manny Corpas,Kerry Wood,9,Wrigley Field,day,2,4,False,,
234576,2008,2008-05-30,2008-05-30T23:05:00Z,R,Regular Season,N,1,Final,F,Boston Red Sox,111,5,Baltimore Orioles,110,2,Mike Timlin,Chad Bradford,Jonathan Papelbon,13,Oriole Park at Camden Yards,night,1,4,False,,
234581,2008,2008-05-30,2008-05-30T23:05:00Z,R,Regular Season,N,1,Final,F,Florida Marlins,146,3,Philadelphia Phillies,143,12,Brett Myers,Mark Hendrickson,,9,Citizens Bank Park,night,1,3,False,,
234575,2008,2008-05-30,2008-05-30T23:10:00Z,R,Regular Season,N,1,Final,F,Atlanta Braves,144,2,Cincinnati Reds,113,3,Kent Mercker,Royce Ring,,11,Great American Ball Park,night,1,3,False,,
234577,2008,2008-05-30,2008-05-30T23:10:00Z,R,Regular Season,N,1,Final,F,Chicago White Sox,145,1,Tampa Bay Rays,139,2,Dan Wheeler,Scott Linebrink,,9,Tropicana Field,night,2,4,False,,
234583,2008,2008-05-30,2008-05-30T23:10:00Z,R,Regular Season,N,1,Final,F,Los Angeles Dodgers,119,9,New York Mets,121,5,Chan Ho Park,Aaron Heilman,,9,Shea Stadium,night,2,4,False,,
234582,2008,2008-05-30,2008-05-31T00:05:00Z,R,Regular Season,N,1,Final,F,Houston Astros,117,1,Milwaukee Brewers,158,5,Manny Parra,Brandon Backe,,9,Miller Park,night,1,3,False,,
234585,2008,2008-05-30,2008-05-31T00:05:00Z,R,Regular Season,N,1,Final,F,Oakland Athletics,133,1,Texas Rangers,140,3,Kevin Millwood,Justin Duchscherer,C.J. Wilson,9,Rangers Ballpark in Arlington,night,1,3,False,,
234578,2008,2008-05-30,2008-05-31T00:10:00Z,R,Regular Season,N,1,Final,F,Cleveland Indians,114,5,Kansas City Royals,118,4,Cliff Lee,Brett Tomko,Joe Borowski,9,Kauffman Stadium,night,1,3,False,,
234584,2008,2008-05-30,2008-05-31T00:10:00Z,R,Regular Season,N,1,Final,F,New York Yankees,147,6,Minnesota Twins,142,5,Mike Mussina,Glen Perkins,Mariano Rivera,9,Hubert H. Humphrey Metrodome,night,1,4,False,,
234586,2008,2008-05-30,2008-05-31T00:15:00Z,R,Regular Season,N,1,Final,F,Pittsburgh Pirates,134,4,St. Louis Cardinals,138,5,Todd Wellemeyer,Zach Duke,Ryan Franklin,9,Busch Stadium,night,1,4,False,,
234589,2008,2008-05-30,2008-05-31T01:40:00Z,R,Regular Season,N,1,Final,F,Washington Nationals,120,7,Arizona Diamondbacks,109,4,Joel Hanrahan,Micah Owings,Jon Rauch,9,Chase Field,night,1,3,False,,
234588,2008,2008-05-30,2008-05-31T02:05:00Z,R,Regular Season,N,1,Final,F,Toronto Blue Jays,141,10,Los Angeles Angels,108,4,Dustin McGowan,Jered Weaver,,9,Angel Stadium of Anaheim,night,1,3,False,,
234580,2008,2008-05-30,2008-05-31T02:10:00Z,R,Regular Season,N,1,Final,F,Detroit Tigers,116,7,Seattle Mariners,136,4,Nate Robertson,Carlos Silva,Todd Jones,9,Safeco Field,night,1,3,False,,
234587,2008,2008-05-30,2008-05-31T02:15:00Z,R,Regular Season,N,1,Final,F,San Diego Padres,135,7,San Francisco Giants,137,3,Cha Seung Baek,Billy Sadler,,13,AT&T Park,night,1,3,False,,
234594,2008,2008-05-31,2008-05-31T17:05:00Z,R,Regular Season,N,1,Final,F,Colorado Rockies,115,4,Chicago Cubs,112,5,Ryan Dempster,Glendon Rusch,Carlos Marmol,9,Wrigley Field,day,3,4,False,,
234590,2008,2008-05-31,2008-05-31T19:55:00Z,R,Regular Season,N,1,Final,F,Atlanta Braves,144,7,Cincinnati Reds,113,8,Francisco Cordero,Manny Acosta,,10,Great American Ball Park,day,2,3,False,,
234595,2008,2008-05-31,2008-05-31T19:55:00Z,R,Regular Season,N,1,Final,F,Detroit Tigers,116,0,Seattle Mariners,136,5,Félix Hernández,Justin Verlander,,9,Safeco Field,day,2,3,False,,
234598,2008,2008-05-31,2008-05-31T19:55:00Z,R,Regular Season,N,1,Final,F,Los Angeles Dodgers,119,2,New York Mets,121,3,Duaner Sanchez,Jonathan Broxton,Billy Wagner,9,Shea Stadium,day,3,4,False,,
234602,2008,2008-05-31,2008-05-31T20:05:00Z,R,Regular Season,N,1,Final,F,San Diego Padres,135,5,San Francisco Giants,137,1,Josh Banks,Pat Misch,,9,AT&T Park,day,2,3,False,,
234592,2008,2008-05-31,2008-05-31T22:10:00Z,R,Regular Season,N,1,Final,F,Chicago White Sox,145,0,Tampa Bay Rays,139,2,Scott Kazmir,Javier Vazquez,Grant Balfour,9,Tropicana Field,night,3,4,False,,
234591,2008,2008-05-31,2008-05-31T23:05:00Z,R,Regular Season,N,1,Final,F,Boston Red Sox,111,6,Baltimore Orioles,110,3,David Aardsma,Lance Cormier,Jonathan Papelbon,9,Oriole Park at Camden Yards,night,2,4,False,,
234596,2008,2008-05-31,2008-05-31T23:05:00Z,R,Regular Season,N,1,Final,F,Florida Marlins,146,7,Philadelphia Phillies,143,3,Ricky Nolasco,Cole Hamels,,9,Citizens Bank Park,night,2,3,False,,
234597,2008,2008-05-31,2008-05-31T23:05:00Z,R,Regular Season,N,1,Final,F,Houston Astros,117,1,Milwaukee Brewers,158,4,Ben Sheets,Brian Moehler,Salomon Torres,9,Miller Park,night,2,3,False,,
234593,2008,2008-05-31,2008-05-31T23:10:00Z,R,Regular Season,N,1,Final,F,Cleveland Indians,114,2,Kansas City Royals,118,4,Kyle Davies,CC Sabathia,Joakim Soria,9,Kauffman Stadium,night,2,3,False,,
234599,2008,2008-05-31,2008-05-31T23:10:00Z,R,Regular Season,N,1,Final,F,New York Yankees,147,7,Minnesota Twins,142,6,Ross Ohlendorf,Juan Rincon,Mariano Rivera,12,Hubert H. Humphrey Metrodome,night,2,4,False,,
234601,2008,2008-05-31,2008-05-31T23:15:00Z,R,Regular Season,N,1,Final,F,Pittsburgh Pirates,134,14,St. Louis Cardinals,138,4,Paul Maholm,Mike Parisi,,9,Busch Stadium,night,2,4,False,,
234600,2008,2008-05-31,2008-06-01T00:05:00Z,R,Regular Season,N,1,Final,F,Oakland Athletics,133,4,Texas Rangers,140,8,Sidney Ponson,Joe Blanton,,9,Rangers Ballpark in Arlington,night,2,3,False,,
234604,2008,2008-05-31,2008-06-01T00:10:00Z,R,Regular Season,N,1,Final,F,Washington Nationals,120,0,Arizona Diamondbacks,109,4,Brandon Webb,Jason Bergmann,,9,Chase Field,night,2,3,False,,
234603,2008,2008-05-31,2008-06-01T01:05:00Z,R,Regular Season,N,1,Final,F,Toronto Blue Jays,141,2,Los Angeles Angels,108,3,Scot Shields,Brian Tallet,,10,Angel Stadium of Anaheim,night,2,3,False,,
234605,2008,2008-06-01,2008-06-01T17:15:00Z,R,Regular Season,N,1,Final,F,Atlanta Braves,144,2,Cincinnati Reds,113,6,Johnny Cueto,Tim Hudson,,9,Great American Ball Park,day,3,3,False,,
234606,2008,2008-06-01,2008-06-01T17:35:00Z,R,Regular Season,N,1,Final,F,Boston Red Sox,111,9,Baltimore Orioles,110,4,Bartolo Colon,Brian Burres,,9,Oriole Park at Camden Yards,day,3,4,False,,
234611,2008,2008-06-01,2008-06-01T17:35:00Z,R,Regular Season,N,1,Final,F,Florida Marlins,146,5,Philadelphia Phillies,143,7,Jamie Moyer,Doug Waechter,Brad Lidge,9,Citizens Bank Park,day,3,3,False,,
234607,2008,2008-06-01,2008-06-01T17:40:00Z,R,Regular Season,N,1,Final,F,Chicago White Sox,145,3,Tampa Bay Rays,139,4,J.P. Howell,Matt Thornton,,10,Tropicana Field,day,4,4,False,,
234612,2008,2008-06-01,2008-06-01T18:05:00Z,R,Regular Season,N,1,Final,F,Houston Astros,117,1,Milwaukee Brewers,158,10,Dave Bush,Shawn Chacon,,9,Miller Park,day,3,3,False,,
234608,2008,2008-06-01,2008-06-01T18:10:00Z,R,Regular Season,N,1,Final,F,Cleveland Indians,114,1,Kansas City Royals,118,6,Brian Bannister,Paul Byrd,,9,Kauffman Stadium,day,3,3,False,,
234614,2008,2008-06-01,2008-06-01T18:10:00Z,R,Regular Season,N,1,Final,F,New York Yankees,147,1,Minnesota Twins,142,5,Brian Bass,Darrell Rasner,,9,Hubert H. Humphrey Metrodome,day,3,4,False,,
234616,2008,2008-06-01,2008-06-01T18:15:00Z,R,Regular Season,N,1,Final,F,Pittsburgh Pirates,134,4,St. Louis Cardinals,138,7,Braden Looper,Ian Snell,Ryan Franklin,9,Busch Stadium,day,3,4,False,,
234609,2008,2008-06-01,2008-06-01T18:20:00Z,R,Regular Season,N,1,Final,F,Colorado Rockies,115,3,Chicago Cubs,112,5,Sean Gallagher,Ubaldo Jiménez,Kerry Wood,9,Wrigley Field,day,4,4,False,,
234615,2008,2008-06-01,2008-06-01T19:05:00Z,R,Regular Season,N,1,Final,F,Oakland Athletics,133,13,Texas Rangers,140,8,Chad Gaudin,Jamey Wright,,9,Rangers Ballpark in Arlington,day,3,3,False,,
234618,2008,2008-06-01,2008-06-01T19:35:00Z,R,Regular Season,N,1,Final,F,Toronto Blue Jays,141,3,Los Angeles Angels,108,4,Jose Arredondo,B.J. Ryan,,9,Angel Stadium of Anaheim,day,3,3,False,,
234617,2008,2008-06-01,2008-06-01T20:05:00Z,R,Regular Season,N,1,Final,F,San Diego Padres,135,3,San Francisco Giants,137,4,Alex Hinshaw,Trevor Hoffman,,10,AT&T Park,day,3,3,False,,
234610,2008,2008-06-01,2008-06-01T20:10:00Z,R,Regular Season,N,1,Final,F,Detroit Tigers,116,7,Seattle Mariners,136,5,Zach Miner,J.J. Putz,,9,Safeco Field,day,3,3,False,,
234619,2008,2008-06-01,2008-06-01T20:10:00Z,R,Regular Season,N,1,Final,F,Washington Nationals,120,0,Arizona Diamondbacks,109,5,Dan Haren,Shawn Hill,,9,Chase Field,day,3,3,False,,
234613,2008,2008-06-01,2008-06-02T00:05:00Z,R,Regular Season,N,1,Final,F,Los Angeles Dodgers,119,1,New York Mets,121,6,Johan Santana,Hiroki Kuroda,,9,Shea Stadium,night,4,4,False,,
234628,2008,2008-06-02,2008-06-02T23:00:00Z,R,Regular Season,N,1,Final,F,Florida Marlins,146,5,Atlanta Braves,144,7,Will Ohman,Logan Kensing,,10,Turner Field,night,1,4,False,,
234622,2008,2008-06-02,2008-06-02T23:05:00Z,R,Regular Season,N,1,Final,F,Boston Red Sox,111,3,Baltimore Orioles,110,6,Jim Johnson,Hideki Okajima,George Sherrill,9,Oriole Park at Camden Yards,night,4,4,False,,
234624,2008,2008-06-02,2008-06-02T23:05:00Z,R,Regular Season,N,1,Final,F,Cincinnati Reds,113,4,Philadelphia Phillies,143,5,Kyle Kendrick,Bronson Arroyo,Brad Lidge,9,Citizens Bank Park,night,1,4,False,,
234629,2008,2008-06-02,2008-06-02T23:05:00Z,R,Regular Season,N,1,Final,F,New York Yankees,147,5,Minnesota Twins,142,6,Matt Guerrier,Kyle Farnsworth,Joe Nathan,9,Hubert H. Humphrey Metrodome,night,4,4,False,,
234621,2008,2008-06-02,2008-06-03T00:05:00Z,R,Regular Season,N,1,Final,F,Arizona Diamondbacks,109,3,Milwaukee Brewers,158,4,Guillermo Mota,Doug Slaten,Salomon Torres,9,Miller Park,night,1,3,False,,
234625,2008,2008-06-02,2008-06-03T00:05:00Z,R,Regular Season,N,1,Final,F,Cleveland Indians,114,13,Texas Rangers,140,9,Masa Kobayashi,Eddie Guardado,,9,Rangers Ballpark in Arlington,night,1,4,False,,
234631,2008,2008-06-02,2008-06-03T00:15:00Z,R,Regular Season,N,1,Final,F,Pittsburgh Pirates,134,5,St. Louis Cardinals,138,4,Franquelis Osoria,Adam Wainwright,Matt Capps,9,Busch Stadium,night,4,4,False,,
234623,2008,2008-06-02,2008-06-03T02:05:00Z,R,Regular Season,N,1,Final,F,Chicago Cubs,112,7,San Diego Padres,135,6,Carlos Zambrano,Cha Seung Baek,Kerry Wood,9,PETCO Park,night,1,3,False,,
234627,2008,2008-06-02,2008-06-03T02:05:00Z,R,Regular Season,N,1,Final,F,Detroit Tigers,116,2,Oakland Athletics,133,3,Huston Street,Francisco Cruceta,,9,McAfee Coliseum,night,1,3,False,,
234620,2008,2008-06-02,2008-06-03T02:10:00Z,R,Regular Season,N,1,Final,F,Los Angeles Angels,108,4,Seattle Mariners,136,2,Ervin Santana,Jarrod Washburn,Francisco Rodríguez,9,Safeco Field,night,1,3,False,,
234626,2008,2008-06-02,2008-06-03T02:10:00Z,R,Regular Season,N,1,Final,F,Colorado Rockies,115,2,Los Angeles Dodgers,119,8,Derek Lowe,Greg Reynolds,,9,Dodger Stadium,night,1,3,False,,
234630,2008,2008-06-02,2008-06-03T02:15:00Z,R,Regular Season,N,1,Final,F,New York Mets,121,2,San Francisco Giants,137,10,Jonathan Sánchez,Oliver Pérez,,9,AT&T Park,night,1,3,False,,
234640,2008,2008-06-03,2008-06-03T23:00:00Z,R,Regular Season,N,1,Final,F,Florida Marlins,146,4,Atlanta Braves,144,5,Will Ohman,Matt Lindstrom,Rafael Soriano,9,Turner Field,night,2,4,False,,
234636,2008,2008-06-03,2008-06-03T23:05:00Z,R,Regular Season,N,1,Final,F,Cincinnati Reds,113,2,Philadelphia Phillies,143,3,Adam Eaton,Aaron Harang,Brad Lidge,9,Citizens Bank Park,night,2,4,False,,
234641,2008,2008-06-03,2008-06-03T23:05:00Z,R,Regular Season,N,1,Final,F,Houston Astros,117,2,Pittsburgh Pirates,134,0,Wandy Rodriguez,Phil Dumatrait,Jose Valverde,9,PNC Park,night,1,3,False,,
234645,2008,2008-06-03,2008-06-03T23:05:00Z,R,Regular Season,N,1,Final,F,Tampa Bay Rays,139,4,Boston Red Sox,111,7,Justin Masterson,Matt Garza,Jonathan Papelbon,9,Fenway Park,night,1,3,False,,
234646,2008,2008-06-03,2008-06-03T23:05:00Z,R,Regular Season,N,1,Final,F,Toronto Blue Jays,141,9,New York Yankees,147,3,Roy Halladay,Dan Giese,,9,Yankee Stadium I,night,1,3,False,,
234644,2008,2008-06-03,2008-06-03T23:10:00Z,R,Regular Season,N,1,Final,F,St. Louis Cardinals,138,6,Washington Nationals,120,1,Kyle Lohse,Odalis Perez,,9,Nationals Park,night,1,3,False,,
234633,2008,2008-06-03,2008-06-04T00:05:00Z,R,Regular Season,N,1,Final,F,Arizona Diamondbacks,109,1,Milwaukee Brewers,158,7,Seth McClung,Randy Johnson,Brian Shouse,9,Miller Park,night,2,3,False,,
234637,2008,2008-06-03,2008-06-04T00:05:00Z,R,Regular Season,N,1,Final,F,Cleveland Indians,114,7,Texas Rangers,140,12,Frank Francisco,Tom Mastny,,9,Rangers Ballpark in Arlington,night,2,4,False,,
234634,2008,2008-06-03,2008-06-04T00:10:00Z,R,Regular Season,N,1,Final,F,Baltimore Orioles,110,5,Minnesota Twins,142,3,Radhames Liz,Kevin Slowey,George Sherrill,9,Hubert H. Humphrey Metrodome,night,1,3,False,,
234642,2008,2008-06-03,2008-06-04T00:11:00Z,R,Regular Season,N,1,Final,F,Kansas City Royals,118,5,Chicago White Sox,145,9,Gavin Floyd,Zack Greinke,,9,U.S. Cellular Field,night,1,3,False,,
234635,2008,2008-06-03,2008-06-04T02:05:00Z,R,Regular Season,N,1,Final,F,Chicago Cubs,112,9,San Diego Padres,135,6,Jason Marquis,Bryan Corey,Kerry Wood,9,PETCO Park,night,2,3,False,,
234639,2008,2008-06-03,2008-06-04T02:05:00Z,R,Regular Season,N,1,Final,F,Detroit Tigers,116,4,Oakland Athletics,133,5,Chad Gaudin,Bobby Seay,,11,McAfee Coliseum,night,2,3,False,,
234632,2008,2008-06-03,2008-06-04T02:10:00Z,R,Regular Season,N,1,Final,F,Los Angeles Angels,108,5,Seattle Mariners,136,4,Joe Saunders,Erik Bedard,Francisco Rodríguez,9,Safeco Field,night,2,3,False,,
234638,2008,2008-06-03,2008-06-04T02:10:00Z,R,Regular Season,N,1,Final,F,Colorado Rockies,115,3,Los Angeles Dodgers,119,0,Jeff Francis,Brad Penny,Brian Fuentes,9,Dodger Stadium,night,2,3,False,,
234643,2008,2008-06-03,2008-06-04T02:15:00Z,R,Regular Season,N,1,Final,F,New York Mets,121,9,San Francisco Giants,137,6,Pedro Martínez,Barry Zito,Billy Wagner,9,AT&T Park,night,2,3,False,,
234655,2008,2008-06-04,2008-06-04T17:00:00Z,R,Regular Season,N,1,Final,F,Florida Marlins,146,6,Atlanta Braves,144,4,Justin Miller,Manny Acosta,Kevin Gregg,9,Turner Field,day,3,4,False,,
234648,2008,2008-06-04,2008-06-04T18:05:00Z,R,Regular Season,N,1,Final,F,Arizona Diamondbacks,109,1,Milwaukee Brewers,158,10,Manny Parra,Micah Owings,,9,Miller Park,day,3,3,False,,
234653,2008,2008-06-04,2008-06-04T19:10:00Z,R,Regular Season,N,1,Final,F,Colorado Rockies,115,2,Los Angeles Dodgers,119,1,Aaron Cook,Clayton Kershaw,Brian Fuentes,9,Dodger Stadium,day,3,3,False,,
234654,2008,2008-06-04,2008-06-04T19:35:00Z,R,Regular Season,N,1,Final,F,Detroit Tigers,116,2,Oakland Athletics,133,10,Justin Duchscherer,Nate Robertson,,9,McAfee Coliseum,day,3,3,False,,
234658,2008,2008-06-04,2008-06-04T19:45:00Z,R,Regular Season,N,1,Final,F,New York Mets,121,5,San Francisco Giants,137,3,John Maine,Matt Cain,Billy Wagner,9,AT&T Park,day,3,3,False,,
234647,2008,2008-06-04,2008-06-04T20:40:00Z,R,Regular Season,N,1,Final,F,Los Angeles Angels,108,5,Seattle Mariners,136,4,Jered Weaver,Carlos Silva,Francisco Rodríguez,9,Safeco Field,day,3,3,False,,
234651,2008,2008-06-04,2008-06-04T23:05:00Z,R,Regular Season,N,1,Final,F,Cincinnati Reds,113,2,Philadelphia Phillies,143,0,Edinson Volquez,Brett Myers,Francisco Cordero,9,Citizens Bank Park,night,3,4,False,,
234656,2008,2008-06-04,2008-06-04T23:05:00Z,R,Regular Season,N,1,Final,F,Houston Astros,117,2,Pittsburgh Pirates,134,5,Zach Duke,Roy Oswalt,Matt Capps,9,PNC Park,night,2,3,False,,
234660,2008,2008-06-04,2008-06-04T23:05:00Z,R,Regular Season,N,1,Final,F,Tampa Bay Rays,139,1,Boston Red Sox,111,5,Josh Beckett,Edwin Jackson,,9,Fenway Park,night,2,3,False,,
234661,2008,2008-06-04,2008-06-04T23:05:00Z,R,Regular Season,N,1,Final,F,Toronto Blue Jays,141,1,New York Yankees,147,5,Mike Mussina,Jesse Litsch,,9,Yankee Stadium I,night,2,3,False,,
234652,2008,2008-06-04,2008-06-05T00:05:00Z,R,Regular Season,N,1,Final,F,Cleveland Indians,114,15,Texas Rangers,140,9,Cliff Lee,Elizardo Ramirez,,9,Rangers Ballpark in Arlington,night,3,4,False,,
234649,2008,2008-06-04,2008-06-05T00:10:00Z,R,Regular Season,N,1,Final,F,Baltimore Orioles,110,5,Minnesota Twins,142,7,Boof Bonser,Daniel Cabrera,Joe Nathan,9,Hubert H. Humphrey Metrodome,night,2,3,False,,
234657,2008,2008-06-04,2008-06-05T00:11:00Z,R,Regular Season,N,1,Final,F,Kansas City Royals,118,4,Chicago White Sox,145,6,Octavio Dotel,Jimmy Gobble,,15,U.S. Cellular Field,night,2,3,False,,
234650,2008,2008-06-04,2008-06-05T02:05:00Z,R,Regular Season,N,1,Final,F,Chicago Cubs,112,1,San Diego Padres,135,2,Heath Bell,Ted Lilly,Trevor Hoffman,9,PETCO Park,night,3,3,False,,
234664,2008,2008-06-05,2008-06-05T17:05:00Z,R,Regular Season,N,1,Final,F,Cincinnati Reds,113,0,Philadelphia Phillies,143,5,Cole Hamels,Homer Bailey,,9,Citizens Bank Park,day,4,4,False,,
234672,2008,2008-06-05,2008-06-05T17:05:00Z,R,Regular Season,N,1,Final,F,Toronto Blue Jays,141,8,New York Yankees,147,9,Kyle Farnsworth,B.J. Ryan,,9,Yankee Stadium I,day,3,3,False,,
234659,2008,2008-06-05,2008-06-05T17:10:00Z,R,Regular Season,S,1,Final,F,St. Louis Cardinals,138,4,Washington Nationals,120,1,Todd Wellemeyer,John Lannan,Ryan Franklin,9,Nationals Park,day,2,3,False,,
234662,2008,2008-06-05,2008-06-05T17:10:00Z,R,Regular Season,N,1,Final,F,Baltimore Orioles,110,3,Minnesota Twins,142,2,Garrett Olson,Brian Bass,George Sherrill,9,Hubert H. Humphrey Metrodome,day,3,3,False,,
234671,2008,2008-06-05,2008-06-05T22:05:00Z,R,Regular Season,N,1,Final,F,Tampa Bay Rays,139,1,Boston Red Sox,111,7,Jon Lester,James Shields,,9,Fenway Park,night,3,3,False,,
234666,2008,2008-06-05,2008-06-05T23:00:00Z,R,Regular Season,N,1,Final,F,Florida Marlins,146,5,Atlanta Braves,144,7,Jair Jurrjens,Ricky Nolasco,Rafael Soriano,9,Turner Field,night,4,4,False,,
234667,2008,2008-06-05,2008-06-05T23:05:00Z,R,Regular Season,N,1,Final,F,Houston Astros,117,3,Pittsburgh Pirates,134,4,Paul Maholm,Brandon Backe,Matt Capps,9,PNC Park,night,3,3,False,,
234670,2008,2008-06-05,2008-06-05T23:10:00Z,R,Regular Season,S,2,Final,F,St. Louis Cardinals,138,9,Washington Nationals,120,10,Brian Sanches,Ryan Franklin,,10,Nationals Park,night,3,3,False,,
234665,2008,2008-06-05,2008-06-06T00:05:00Z,R,Regular Season,N,1,Final,F,Cleveland Indians,114,4,Texas Rangers,140,9,Kevin Millwood,CC Sabathia,,9,Rangers Ballpark in Arlington,night,4,4,False,,
234668,2008,2008-06-05,2008-06-06T00:11:00Z,R,Regular Season,N,1,Final,F,Kansas City Royals,118,2,Chicago White Sox,145,6,Jose Contreras,Gil Meche,,9,U.S. Cellular Field,night,3,3,False,,
234669,2008,2008-06-05,2008-06-06T02:05:00Z,R,Regular Season,N,1,Final,F,New York Mets,121,1,San Diego Padres,135,2,Trevor Hoffman,Scott Schoeneweis,,9,PETCO Park,night,1,4,False,,
234663,2008,2008-06-05,2008-06-06T02:10:00Z,R,Regular Season,N,1,Final,F,Chicago Cubs,112,5,Los Angeles Dodgers,119,4,Bob Howry,Takashi Saito,Kerry Wood,9,Dodger Stadium,night,1,4,False,,
234674,2008,2008-06-06,2008-06-06T23:05:00Z,R,Regular Season,N,1,Final,F,Arizona Diamondbacks,109,3,Pittsburgh Pirates,134,1,Brandon Webb,Ian Snell,Brandon Lyon,9,PNC Park,night,1,4,False,,
234678,2008,2008-06-06,2008-06-06T23:05:00Z,R,Regular Season,N,1,Final,F,Cleveland Indians,114,4,Detroit Tigers,116,2,Paul Byrd,Justin Verlander,Joe Borowski,9,Comerica Park,night,1,4,False,,
234679,2008,2008-06-06,2008-06-06T23:05:00Z,R,Regular Season,N,1,Final,F,Kansas City Royals,118,2,New York Yankees,147,1,Kyle Davies,Darrell Rasner,Joakim Soria,9,Yankee Stadium I,night,1,4,False,,
234684,2008,2008-06-06,2008-06-06T23:05:00Z,R,Regular Season,N,1,Final,F,Seattle Mariners,136,8,Boston Red Sox,111,0,Félix Hernández,Bartolo Colon,,9,Fenway Park,night,1,3,False,,
234675,2008,2008-06-06,2008-06-06T23:07:00Z,R,Regular Season,N,1,Final,F,Baltimore Orioles,110,6,Toronto Blue Jays,141,5,Dennis Sarfate,Armando Benítez,George Sherrill,9,Rogers Centre,night,1,3,False,,
234677,2008,2008-06-06,2008-06-06T23:10:00Z,R,Regular Season,N,1,Final,F,Cincinnati Reds,113,11,Florida Marlins,146,3,Johnny Cueto,Andrew Miller,,9,Dolphin Stadium,night,1,4,False,,
234683,2008,2008-06-06,2008-06-06T23:30:00Z,R,Regular Season,N,1,Final,F,Philadelphia Phillies,143,4,Atlanta Braves,144,3,Tom Gordon,Manny Acosta,Brad Lidge,10,Turner Field,night,1,3,False,,
234685,2008,2008-06-06,2008-06-06T23:35:00Z,R,Regular Season,N,1,Final,F,San Francisco Giants,137,10,Washington Nationals,120,1,Tim Lincecum,Jason Bergmann,,9,Nationals Park,night,1,4,False,,
234686,2008,2008-06-06,2008-06-07T00:05:00Z,R,Regular Season,N,1,Final,F,St. Louis Cardinals,138,1,Houston Astros,117,6,Brian Moehler,Braden Looper,,9,Minute Maid Park,night,1,3,False,,
234687,2008,2008-06-06,2008-06-07T00:05:00Z,R,Regular Season,N,1,Final,F,Tampa Bay Rays,139,12,Texas Rangers,140,4,Scott Kazmir,Vicente Padilla,,9,Rangers Ballpark in Arlington,night,1,3,False,,
234681,2008,2008-06-06,2008-06-07T00:11:00Z,R,Regular Season,N,1,Final,F,Minnesota Twins,142,6,Chicago White Sox,145,10,Javier Vazquez,Nick Blackburn,,9,U.S. Cellular Field,night,1,4,False,,
234680,2008,2008-06-06,2008-06-07T01:05:00Z,R,Regular Season,N,1,Final,F,Milwaukee Brewers,158,4,Colorado Rockies,115,6,Manny Corpas,Guillermo Mota,Brian Fuentes,9,Coors Field,night,1,3,False,,
234673,2008,2008-06-06,2008-06-07T02:05:00Z,R,Regular Season,N,1,Final,F,Los Angeles Angels,108,3,Oakland Athletics,133,1,John Lackey,Joe Blanton,Francisco Rodríguez,9,McAfee Coliseum,night,1,3,False,,
234682,2008,2008-06-06,2008-06-07T02:05:00Z,R,Regular Season,N,1,Final,F,New York Mets,121,1,San Diego Padres,135,2,Randy Wolf,Johan Santana,Trevor Hoffman,9,PETCO Park,night,2,4,False,,
234676,2008,2008-06-06,2008-06-07T02:40:00Z,R,Regular Season,N,1,Final,F,Chicago Cubs,112,0,Los Angeles Dodgers,119,3,Hiroki Kuroda,Sean Gallagher,,9,Dodger Stadium,night,2,4,False,,
234694,2008,2008-06-07,2008-06-07T17:05:00Z,R,Regular Season,N,1,Final,F,Kansas City Royals,118,11,New York Yankees,147,12,Mariano Rivera,Joakim Soria,,9,Yankee Stadium I,day,2,4,False,,
234690,2008,2008-06-07,2008-06-07T17:07:00Z,R,Regular Season,N,1,Final,F,Baltimore Orioles,110,9,Toronto Blue Jays,141,5,Jeremy Guthrie,A.J. Burnett,,9,Rogers Centre,day,2,3,False,,
234691,2008,2008-06-07,2008-06-07T19:55:00Z,R,Regular Season,N,1,Final,F,Chicago Cubs,112,3,Los Angeles Dodgers,119,7,Derek Lowe,Carlos Zambrano,,9,Dodger Stadium,day,3,4,False,,
234693,2008,2008-06-07,2008-06-07T19:55:00Z,R,Regular Season,N,1,Final,F,Cleveland Indians,114,4,Detroit Tigers,116,8,Zach Miner,Masa Kobayashi,Todd Jones,9,Comerica Park,day,2,4,False,,
234699,2008,2008-06-07,2008-06-07T19:55:00Z,R,Regular Season,N,1,Final,F,Seattle Mariners,136,3,Boston Red Sox,111,11,Tim Wakefield,Miguel Batista,,9,Fenway Park,day,2,3,False,,
234698,2008,2008-06-07,2008-06-07T23:00:00Z,R,Regular Season,N,1,Final,F,Philadelphia Phillies,143,6,Atlanta Braves,144,2,J.C. Romero,Jo-Jo Reyes,,9,Turner Field,night,2,3,False,,
234689,2008,2008-06-07,2008-06-07T23:05:00Z,R,Regular Season,N,1,Final,F,Arizona Diamondbacks,109,4,Pittsburgh Pirates,134,3,Juan Cruz,John Grabow,Brandon Lyon,9,PNC Park,night,2,4,False,,
234696,2008,2008-06-07,2008-06-07T23:05:00Z,R,Regular Season,N,1,Final,F,Minnesota Twins,142,2,Chicago White Sox,145,11,Mark Buehrle,Livan Hernandez,,9,U.S. Cellular Field,night,2,4,False,,
234701,2008,2008-06-07,2008-06-07T23:05:00Z,R,Regular Season,N,1,Final,F,St. Louis Cardinals,138,8,Houston Astros,117,4,Adam Wainwright,Shawn Chacon,,9,Minute Maid Park,night,2,3,False,,
234692,2008,2008-06-07,2008-06-07T23:10:00Z,R,Regular Season,N,1,Final,F,Cincinnati Reds,113,7,Florida Marlins,146,8,Burke Badenhop,Francisco Cordero,,9,Dolphin Stadium,night,2,4,False,,
234700,2008,2008-06-07,2008-06-07T23:10:00Z,R,Regular Season,N,1,Final,F,San Francisco Giants,137,6,Washington Nationals,120,0,Jonathan Sánchez,Shawn Hill,,9,Nationals Park,night,2,4,False,,
234695,2008,2008-06-07,2008-06-08T00:05:00Z,R,Regular Season,N,1,Final,F,Milwaukee Brewers,158,2,Colorado Rockies,115,7,Greg Reynolds,Dave Bush,,9,Coors Field,night,2,3,False,,
234702,2008,2008-06-07,2008-06-08T00:05:00Z,R,Regular Season,N,1,Final,F,Tampa Bay Rays,139,5,Texas Rangers,140,4,J.P. Howell,Joaquín Benoit,Dan Wheeler,9,Rangers Ballpark in Arlington,night,2,3,False,,
234688,2008,2008-06-07,2008-06-08T01:05:00Z,R,Regular Season,N,1,Final,F,Los Angeles Angels,108,5,Oakland Athletics,133,3,Jon Garland,Greg Smith,Francisco Rodríguez,9,McAfee Coliseum,night,2,3,False,,
234697,2008,2008-06-07,2008-06-08T02:05:00Z,R,Regular Season,N,1,Final,F,New York Mets,121,1,San Diego Padres,135,2,Mike Adams,Pedro Feliciano,,10,PETCO Park,night,3,4,False,,
234708,2008,2008-06-08,2008-06-08T17:05:00Z,R,Regular Season,N,1,Final,F,Cleveland Indians,114,2,Detroit Tigers,116,5,Armando Galarraga,Jeremy Sowers,Todd Jones,9,Comerica Park,day,3,4,False,,
234709,2008,2008-06-08,2008-06-08T17:05:00Z,R,Regular Season,N,1,Final,F,Kansas City Royals,118,3,New York Yankees,147,6,Dan Giese,Zack Greinke,Mariano Rivera,9,Yankee Stadium I,day,3,4,False,,
234705,2008,2008-06-08,2008-06-08T17:07:00Z,R,Regular Season,N,1,Final,F,Baltimore Orioles,110,4,Toronto Blue Jays,141,5,Roy Halladay,Matt Albers,B.J. Ryan,9,Rogers Centre,day,3,3,False,,
234707,2008,2008-06-08,2008-06-08T17:10:00Z,R,Regular Season,N,1,Final,F,Cincinnati Reds,113,2,Florida Marlins,146,9,Ryan Tucker,Aaron Harang,,9,Dolphin Stadium,day,3,4,False,,
234713,2008,2008-06-08,2008-06-08T17:30:00Z,R,Regular Season,N,1,Final,F,Philadelphia Phillies,143,6,Atlanta Braves,144,3,Chad Durbin,Blaine Boyer,Brad Lidge,9,Turner Field,day,3,3,False,,
234704,2008,2008-06-08,2008-06-08T17:35:00Z,R,Regular Season,N,1,Final,F,Arizona Diamondbacks,109,4,Pittsburgh Pirates,134,6,Phil Dumatrait,Doug Davis,Matt Capps,9,PNC Park,day,3,4,False,,
234714,2008,2008-06-08,2008-06-08T17:35:00Z,R,Regular Season,N,1,Final,F,Seattle Mariners,136,1,Boston Red Sox,111,2,Justin Masterson,Sean Green,Jonathan Papelbon,9,Fenway Park,day,3,3,False,,
234715,2008,2008-06-08,2008-06-08T17:35:00Z,R,Regular Season,N,1,Final,F,San Francisco Giants,137,6,Washington Nationals,120,3,Barry Zito,Garrett Mock,Brian Wilson,9,Nationals Park,day,3,4,False,,
234711,2008,2008-06-08,2008-06-08T18:05:00Z,R,Regular Season,N,1,Final,F,Minnesota Twins,142,2,Chicago White Sox,145,12,Gavin Floyd,Kevin Slowey,,9,U.S. Cellular Field,day,3,4,False,,
234716,2008,2008-06-08,2008-06-08T18:05:00Z,R,Regular Season,N,1,Final,F,St. Louis Cardinals,138,5,Houston Astros,117,4,Kyle Lohse,Wandy Rodriguez,Ryan Franklin,9,Minute Maid Park,day,3,3,False,,
234710,2008,2008-06-08,2008-06-08T19:05:00Z,R,Regular Season,N,1,Final,F,Milwaukee Brewers,158,3,Colorado Rockies,115,2,Jeff Suppan,Jeff Francis,Salomon Torres,9,Coors Field,day,3,3,False,,
234703,2008,2008-06-08,2008-06-08T20:05:00Z,R,Regular Season,N,1,Final,F,Los Angeles Angels,108,3,Oakland Athletics,133,7,Brad Ziegler,Chris Bootcheck,,12,McAfee Coliseum,day,3,3,False,,
234712,2008,2008-06-08,2008-06-08T20:05:00Z,R,Regular Season,N,1,Final,F,New York Mets,121,6,San Diego Padres,135,8,Carlos Guevara,Billy Wagner,Trevor Hoffman,9,PETCO Park,day,4,4,False,,
234717,2008,2008-06-08,2008-06-08T21:05:00Z,R,Regular Season,N,1,Final,F,Tampa Bay Rays,139,3,Texas Rangers,140,6,Doug Mathis,Matt Garza,,9,Rangers Ballpark in Arlington,day,3,3,False,,
234706,2008,2008-06-08,2008-06-09T00:05:00Z,R,Regular Season,N,1,Final,F,Chicago Cubs,112,3,Los Angeles Dodgers,119,1,Jason Marquis,Brad Penny,Kerry Wood,9,Dodger Stadium,night,4,4,False,,
234718,2008,2008-06-09,2008-06-09T16:35:00Z,R,Regular Season,N,1,Final,F,Arizona Diamondbacks,109,3,Pittsburgh Pirates,134,5,Zach Duke,Randy Johnson,Matt Capps,9,PNC Park,day,4,4,False,,
234721,2008,2008-06-09,2008-06-09T17:05:00Z,R,Regular Season,N,1,Final,F,Kansas City Royals,118,3,New York Yankees,147,2,Yasuhiko Yabuta,Mariano Rivera,Joakim Soria,9,Yankee Stadium I,day,4,4,False,,
233895,2008,2008-06-09,2008-06-09T18:05:00Z,R,Regular Season,N,1,Final,F,Minnesota Twins,142,5,Chicago White Sox,145,7,Matt Thornton,Matt Guerrier,Bobby Jenks,9,U.S. Cellular Field,day,4,4,False,,
234720,2008,2008-06-09,2008-06-09T23:05:00Z,R,Regular Season,N,1,Final,F,Cleveland Indians,114,8,Detroit Tigers,116,2,Cliff Lee,Dontrelle Willis,,9,Comerica Park,night,4,4,False,,
234722,2008,2008-06-09,2008-06-09T23:07:00Z,R,Regular Season,N,1,Final,F,Seattle Mariners,136,3,Toronto Blue Jays,141,2,R.A. Dickey,Jason Frasor,J.J. Putz,10,Rogers Centre,night,1,3,False,,
234719,2008,2008-06-09,2008-06-09T23:10:00Z,R,Regular Season,N,1,Final,F,Cincinnati Reds,113,9,Florida Marlins,146,4,Edinson Volquez,Mark Hendrickson,,9,Dolphin Stadium,night,4,4,False,,
234723,2008,2008-06-09,2008-06-09T23:10:00Z,R,Regular Season,N,1,Final,F,San Francisco Giants,137,3,Washington Nationals,120,2,Matt Cain,Tyler Clippard,Brian Wilson,9,Nationals Park,night,4,4,False,,
234724,2008,2008-06-09,2008-06-10T02:05:00Z,R,Regular Season,N,1,Final,F,Tampa Bay Rays,139,13,Los Angeles Angels,108,4,Edwin Jackson,Joe Saunders,,9,Angel Stadium of Anaheim,night,1,3,False,,
234727,2008,2008-06-10,2008-06-10T22:05:00Z,R,Regular Season,N,1,Final,F,Baltimore Orioles,110,10,Boston Red Sox,111,6,Dennis Sarfate,Hideki Okajima,,9,Fenway Park,night,1,3,False,,
234728,2008,2008-06-10,2008-06-10T23:05:00Z,R,Regular Season,N,1,Final,F,Chicago White Sox,145,4,Detroit Tigers,116,6,Nate Robertson,Jose Contreras,Todd Jones,9,Comerica Park,night,1,3,False,,
234731,2008,2008-06-10,2008-06-10T23:05:00Z,R,Regular Season,N,1,Final,F,Minnesota Twins,142,0,Cleveland Indians,114,1,CC Sabathia,Scott Baker,,9,Progressive Field,night,1,3,False,,
234739,2008,2008-06-10,2008-06-10T23:05:00Z,R,Regular Season,N,1,Final,F,Washington Nationals,120,7,Pittsburgh Pirates,134,6,Joel Hanrahan,Matt Capps,Jon Rauch,9,PNC Park,night,1,3,False,,
234734,2008,2008-06-10,2008-06-10T23:07:00Z,R,Regular Season,N,1,Final,F,Seattle Mariners,136,1,Toronto Blue Jays,141,3,Dustin McGowan,Carlos Silva,,9,Rogers Centre,night,2,3,False,,
234725,2008,2008-06-10,2008-06-10T23:10:00Z,R,Regular Season,N,1,Final,F,Arizona Diamondbacks,109,9,New York Mets,121,5,Chad Qualls,Joe Smith,,9,Shea Stadium,night,1,3,False,,
234733,2008,2008-06-10,2008-06-10T23:10:00Z,R,Regular Season,N,1,Final,F,Philadelphia Phillies,143,4,Florida Marlins,146,5,Ricky Nolasco,Brett Myers,Kevin Gregg,9,Dolphin Stadium,night,1,3,False,,
234736,2008,2008-06-10,2008-06-10T23:10:00Z,R,Regular Season,N,1,Final,F,St. Louis Cardinals,138,7,Cincinnati Reds,113,2,Mitchell Boggs,Homer Bailey,,9,Great American Ball Park,night,1,3,False,,
234726,2008,2008-06-10,2008-06-11T00:05:00Z,R,Regular Season,N,1,Final,F,Atlanta Braves,144,5,Chicago Cubs,112,10,Ted Lilly,Tom Glavine,,9,Wrigley Field,night,1,3,False,,
234730,2008,2008-06-10,2008-06-11T00:05:00Z,R,Regular Season,N,1,Final,F,Milwaukee Brewers,158,1,Houston Astros,117,6,Roy Oswalt,Seth McClung,,9,Minute Maid Park,night,1,3,False,,
234738,2008,2008-06-10,2008-06-11T00:10:00Z,R,Regular Season,N,1,Final,F,Texas Rangers,140,6,Kansas City Royals,118,5,Eddie Guardado,Yasuhiko Yabuta,C.J. Wilson,9,Kauffman Stadium,night,1,3,False,,
234735,2008,2008-06-10,2008-06-11T01:05:00Z,R,Regular Season,N,1,Final,F,San Francisco Giants,137,5,Colorado Rockies,115,10,Aaron Cook,Pat Misch,,9,Coors Field,night,1,3,False,,
234729,2008,2008-06-10,2008-06-11T02:05:00Z,R,Regular Season,N,1,Final,F,Los Angeles Dodgers,119,7,San Diego Padres,135,2,Scott Proctor,Justin Hampson,,9,PETCO Park,night,1,3,False,,
234732,2008,2008-06-10,2008-06-11T02:05:00Z,R,Regular Season,N,1,Final,F,New York Yankees,147,3,Oakland Athletics,133,1,Chien-Ming Wang,Dana Eveland,Mariano Rivera,9,McAfee Coliseum,night,1,3,False,,
234737,2008,2008-06-10,2008-06-11T02:05:00Z,R,Regular Season,N,1,Final,F,Tampa Bay Rays,139,1,Los Angeles Angels,108,6,Jered Weaver,James Shields,,9,Angel Stadium of Anaheim,night,2,3,False,,
234749,2008,2008-06-11,2008-06-11T16:37:00Z,R,Regular Season,N,1,Final,F,Seattle Mariners,136,2,Toronto Blue Jays,141,1,Félix Hernández,B.J. Ryan,Brandon Morrow,9,Rogers Centre,day,3,3,False,,
234752,2008,2008-06-11,2008-06-11T19:35:00Z,R,Regular Season,N,1,Final,F,Tampa Bay Rays,139,2,Los Angeles Angels,108,4,John Lackey,Scott Kazmir,Francisco Rodríguez,9,Angel Stadium of Anaheim,day,3,3,False,,
234742,2008,2008-06-11,2008-06-11T23:05:00Z,R,Regular Season,N,1,Final,F,Baltimore Orioles,110,3,Boston Red Sox,111,6,Bartolo Colon,Garrett Olson,Jonathan Papelbon,9,Fenway Park,night,2,3,False,,
234743,2008,2008-06-11,2008-06-11T23:05:00Z,R,Regular Season,N,1,Final,F,Chicago White Sox,145,1,Detroit Tigers,116,5,Justin Verlander,Javier Vazquez,,9,Comerica Park,night,2,3,False,,
234746,2008,2008-06-11,2008-06-11T23:05:00Z,R,Regular Season,N,1,Final,F,Minnesota Twins,142,8,Cleveland Indians,114,5,Nick Blackburn,Paul Byrd,Joe Nathan,9,Progressive Field,night,2,3,False,,
234754,2008,2008-06-11,2008-06-11T23:05:00Z,R,Regular Season,N,1,Final,F,Washington Nationals,120,1,Pittsburgh Pirates,134,3,Ian Snell,John Lannan,Matt Capps,9,PNC Park,night,2,3,False,,
234740,2008,2008-06-11,2008-06-11T23:10:00Z,R,Regular Season,N,1,Final,F,Arizona Diamondbacks,109,3,New York Mets,121,5,Claudio Vargas,Édgar González,,13,Shea Stadium,night,2,3,False,,
234748,2008,2008-06-11,2008-06-11T23:10:00Z,R,Regular Season,N,1,Final,F,Philadelphia Phillies,143,2,Florida Marlins,146,6,Kevin Gregg,Tom Gordon,,9,Dolphin Stadium,night,2,3,False,,
234751,2008,2008-06-11,2008-06-11T23:10:00Z,R,Regular Season,N,1,Final,F,St. Louis Cardinals,138,10,Cincinnati Reds,113,0,Braden Looper,Johnny Cueto,,9,Great American Ball Park,night,2,3,False,,
234741,2008,2008-06-11,2008-06-12T00:05:00Z,R,Regular Season,N,1,Final,F,Atlanta Braves,144,2,Chicago Cubs,112,7,Ryan Dempster,Jeff Bennett,,9,Wrigley Field,night,2,3,False,,
234745,2008,2008-06-11,2008-06-12T00:05:00Z,R,Regular Season,N,1,Final,F,Milwaukee Brewers,158,10,Houston Astros,117,6,Manny Parra,Brandon Backe,,9,Minute Maid Park,night,2,3,False,,
234753,2008,2008-06-11,2008-06-12T00:10:00Z,R,Regular Season,N,1,Final,F,Texas Rangers,140,11,Kansas City Royals,118,5,Vicente Padilla,Jimmy Gobble,,9,Kauffman Stadium,night,2,3,False,,
234750,2008,2008-06-11,2008-06-12T01:05:00Z,R,Regular Season,N,1,Final,F,San Francisco Giants,137,0,Colorado Rockies,115,1,Brian Fuentes,Keiichi Yabu,,9,Coors Field,night,2,3,False,,
234744,2008,2008-06-11,2008-06-12T02:05:00Z,R,Regular Season,N,1,Final,F,Los Angeles Dodgers,119,1,San Diego Padres,135,4,Randy Wolf,Chad Billingsley,Trevor Hoffman,9,PETCO Park,night,2,3,False,,
234747,2008,2008-06-11,2008-06-12T02:05:00Z,R,Regular Season,N,1,Final,F,New York Yankees,147,4,Oakland Athletics,133,8,Justin Duchscherer,Darrell Rasner,,9,McAfee Coliseum,night,2,3,False,,
234767,2008,2008-06-12,2008-06-12T16:35:00Z,R,Regular Season,N,1,Final,F,Washington Nationals,120,5,Pittsburgh Pirates,134,7,Tom Gorzelanny,Jason Bergmann,Damaso Marte,9,PNC Park,day,3,3,False,,
234758,2008,2008-06-12,2008-06-12T17:05:00Z,R,Regular Season,N,1,Final,F,Chicago White Sox,145,1,Detroit Tigers,116,2,Todd Jones,Octavio Dotel,,9,Comerica Park,day,3,3,False,,
234755,2008,2008-06-12,2008-06-12T17:10:00Z,R,Regular Season,N,1,Final,F,Arizona Diamondbacks,109,5,New York Mets,121,4,Brandon Lyon,Aaron Heilman,,10,Shea Stadium,day,3,3,False,,
234760,2008,2008-06-12,2008-06-12T18:05:00Z,R,Regular Season,N,1,Final,F,Milwaukee Brewers,158,9,Houston Astros,117,6,Ben Sheets,Brian Moehler,,9,Minute Maid Park,day,3,3,False,,
234766,2008,2008-06-12,2008-06-12T18:10:00Z,R,Regular Season,N,1,Final,F,Texas Rangers,140,5,Kansas City Royals,118,6,Ron Mahay,Frank Francisco,Joakim Soria,9,Kauffman Stadium,day,3,3,False,,
234756,2008,2008-06-12,2008-06-12T18:20:00Z,R,Regular Season,N,1,Final,F,Atlanta Braves,144,2,Chicago Cubs,112,3,Kerry Wood,Manny Acosta,,11,Wrigley Field,day,3,3,False,,
234764,2008,2008-06-12,2008-06-12T19:05:00Z,R,Regular Season,N,1,Final,F,San Francisco Giants,137,10,Colorado Rockies,115,7,Jonathan Sánchez,Greg Reynolds,Brian Wilson,9,Coors Field,day,3,3,False,,
234759,2008,2008-06-12,2008-06-12T19:35:00Z,R,Regular Season,N,1,Final,F,Los Angeles Dodgers,119,0,San Diego Padres,135,9,Jake Peavy,Hiroki Kuroda,,9,PETCO Park,day,3,3,False,,
234757,2008,2008-06-12,2008-06-12T22:05:00Z,R,Regular Season,N,1,Final,F,Baltimore Orioles,110,2,Boston Red Sox,111,9,Jon Lester,Jeremy Guthrie,,9,Fenway Park,night,3,3,False,,
234761,2008,2008-06-12,2008-06-12T23:05:00Z,R,Regular Season,N,1,Final,F,Minnesota Twins,142,2,Cleveland Indians,114,12,Aaron Laffey,Livan Hernandez,,9,Progressive Field,night,3,3,False,,
234763,2008,2008-06-12,2008-06-12T23:10:00Z,R,Regular Season,N,1,Final,F,Philadelphia Phillies,143,3,Florida Marlins,146,0,Jamie Moyer,Scott Olsen,Brad Lidge,9,Dolphin Stadium,night,3,3,False,,
234765,2008,2008-06-12,2008-06-12T23:10:00Z,R,Regular Season,N,1,Final,F,St. Louis Cardinals,138,2,Cincinnati Reds,113,6,Jared Burton,Mark Worrell,,9,Great American Ball Park,night,3,3,False,,
234762,2008,2008-06-12,2008-06-13T02:05:00Z,R,Regular Season,N,1,Final,F,New York Yankees,147,4,Oakland Athletics,133,1,Andy Pettitte,Joe Blanton,Mariano Rivera,9,McAfee Coliseum,night,3,3,False,,
234774,2008,2008-06-13,2008-06-13T23:05:00Z,R,Regular Season,N,1,Final,F,Los Angeles Dodgers,119,0,Detroit Tigers,116,5,Armando Galarraga,Derek Lowe,Freddy Dolsi,9,Comerica Park,night,1,3,False,,
234779,2008,2008-06-13,2008-06-13T23:05:00Z,R,Regular Season,N,1,Final,F,Pittsburgh Pirates,134,6,Baltimore Orioles,110,9,Brian Burres,Franquelis Osoria,George Sherrill,9,Oriole Park at Camden Yards,night,1,3,False,,
234780,2008,2008-06-13,2008-06-13T23:05:00Z,R,Regular Season,N,1,Final,F,San Diego Padres,135,5,Cleveland Indians,114,9,Rafael Betancourt,Cla Meredith,Masa Kobayashi,9,Progressive Field,night,1,3,False,,
234770,2008,2008-06-13,2008-06-13T23:07:00Z,R,Regular Season,N,1,Final,F,Chicago Cubs,112,2,Toronto Blue Jays,141,3,A.J. Burnett,Sean Gallagher,B.J. Ryan,9,Rogers Centre,night,1,3,False,,
234769,2008,2008-06-13,2008-06-13T23:10:00Z,R,Regular Season,N,1,Final,F,Boston Red Sox,111,1,Cincinnati Reds,113,3,Aaron Harang,Justin Masterson,Francisco Cordero,9,Great American Ball Park,night,1,3,False,,
234772,2008,2008-06-13,2008-06-13T23:10:00Z,R,Regular Season,N,1,Final,F,Florida Marlins,146,3,Tampa Bay Rays,139,7,Andy Sonnanstine,Ryan Tucker,,9,Tropicana Field,night,1,3,False,,
234781,2008,2008-06-13,2008-06-13T23:10:00Z,R,Regular Season,N,1,Final,F,Texas Rangers,140,1,New York Mets,121,7,Oliver Pérez,Scott Feldman,,9,Shea Stadium,night,1,3,False,,
234775,2008,2008-06-13,2008-06-14T00:05:00Z,R,Regular Season,N,1,Final,F,Minnesota Twins,142,10,Milwaukee Brewers,158,2,Kevin Slowey,Dave Bush,,9,Miller Park,night,1,3,False,,
234776,2008,2008-06-13,2008-06-14T00:05:00Z,R,Regular Season,N,1,Final,F,New York Yankees,147,2,Houston Astros,117,1,Jose Veras,Doug Brocail,Kyle Farnsworth,9,Minute Maid Park,night,1,3,False,,
234771,2008,2008-06-13,2008-06-14T00:11:00Z,R,Regular Season,N,1,Final,F,Colorado Rockies,115,4,Chicago White Sox,145,5,Matt Thornton,Matt Herges,Bobby Jenks,9,U.S. Cellular Field,night,1,3,False,,
234778,2008,2008-06-13,2008-06-14T00:15:00Z,R,Regular Season,N,1,Final,F,Philadelphia Phillies,143,20,St. Louis Cardinals,138,2,Kyle Kendrick,Todd Wellemeyer,,9,Busch Stadium,night,1,3,False,,
234773,2008,2008-06-13,2008-06-14T01:40:00Z,R,Regular Season,N,1,Final,F,Kansas City Royals,118,0,Arizona Diamondbacks,109,1,Billy Buckner,Yasuhiko Yabuta,,10,Chase Field,night,1,3,False,,
234768,2008,2008-06-13,2008-06-14T02:05:00Z,R,Regular Season,N,1,Final,F,Atlanta Braves,144,5,Los Angeles Angels,108,2,Jo-Jo Reyes,Jon Garland,Jeff Bennett,9,Angel Stadium of Anaheim,night,1,3,False,,
234782,2008,2008-06-13,2008-06-14T02:10:00Z,R,Regular Season,N,1,Final,F,Washington Nationals,120,7,Seattle Mariners,136,6,Shawn Hill,R.A. Dickey,Jon Rauch,9,Safeco Field,night,1,3,False,,
234777,2008,2008-06-13,2008-06-14T02:15:00Z,R,Regular Season,N,1,Final,F,Oakland Athletics,133,5,San Francisco Giants,137,1,Greg Smith,Barry Zito,,9,AT&T Park,night,1,3,False,,
234785,2008,2008-06-14,2008-06-14T17:07:00Z,R,Regular Season,N,1,Final,F,Chicago Cubs,112,6,Toronto Blue Jays,141,2,Jason Marquis,Roy Halladay,,9,Rogers Centre,day,2,3,False,,
234784,2008,2008-06-14,2008-06-14T19:55:00Z,R,Regular Season,N,1,Final,F,Boston Red Sox,111,6,Cincinnati Reds,113,4,Jonathan Papelbon,Mike Lincoln,Craig Hansen,10,Great American Ball Park,day,2,3,False,,
234789,2008,2008-06-14,2008-06-14T19:55:00Z,R,Regular Season,N,1,Final,F,Los Angeles Dodgers,119,7,Detroit Tigers,116,12,Eddie Bonine,Brad Penny,,9,Comerica Park,day,2,3,False,,
234793,2008,2008-06-14,2008-06-14T19:55:00Z,R,Regular Season,N,1,Final,F,Philadelphia Phillies,143,2,St. Louis Cardinals,138,3,Kyle Lohse,Adam Eaton,Ryan Franklin,9,Busch Stadium,day,2,3,False,,
234787,2008,2008-06-14,2008-06-14T22:10:00Z,R,Regular Season,N,1,Final,F,Florida Marlins,146,1,Tampa Bay Rays,139,4,Matt Garza,Mark Hendrickson,Troy Percival,9,Tropicana Field,night,2,3,False,,
234786,2008,2008-06-14,2008-06-14T23:05:00Z,R,Regular Season,N,1,Final,F,Colorado Rockies,115,2,Chicago White Sox,145,0,Jason Grilli,Octavio Dotel,Brian Fuentes,9,U.S. Cellular Field,night,2,3,False,,
234790,2008,2008-06-14,2008-06-14T23:05:00Z,R,Regular Season,N,1,Final,F,Minnesota Twins,142,9,Milwaukee Brewers,158,4,Brian Bass,Julian Tavarez,,12,Miller Park,night,2,3,False,,
234791,2008,2008-06-14,2008-06-14T23:05:00Z,R,Regular Season,N,1,Final,F,New York Yankees,147,8,Houston Astros,117,4,Mike Mussina,Wandy Rodriguez,,9,Minute Maid Park,night,2,3,False,,
234794,2008,2008-06-14,2008-06-14T23:05:00Z,R,Regular Season,N,1,Final,F,Pittsburgh Pirates,134,7,Baltimore Orioles,110,8,George Sherrill,Matt Capps,,9,Oriole Park at Camden Yards,night,2,3,False,,
234795,2008,2008-06-14,2008-06-14T23:05:00Z,R,Regular Season,N,1,Final,F,San Diego Padres,135,8,Cleveland Indians,114,3,Heath Bell,Edward Mujica,,10,Progressive Field,night,2,3,False,,
234788,2008,2008-06-14,2008-06-15T00:10:00Z,R,Regular Season,N,1,Final,F,Kansas City Royals,118,12,Arizona Diamondbacks,109,3,Luke Hochevar,Randy Johnson,,9,Chase Field,night,2,3,False,,
234783,2008,2008-06-14,2008-06-15T01:05:00Z,R,Regular Season,N,1,Final,F,Atlanta Braves,144,9,Los Angeles Angels,108,4,Charlie Morton,Ervin Santana,,9,Angel Stadium of Anaheim,night,2,3,False,,
234792,2008,2008-06-14,2008-06-15T01:05:00Z,R,Regular Season,N,1,Final,F,Oakland Athletics,133,4,San Francisco Giants,137,0,Rich Harden,Matt Cain,,9,AT&T Park,night,2,3,False,,
234797,2008,2008-06-14,2008-06-15T02:10:00Z,R,Regular Season,N,1,Final,F,Washington Nationals,120,5,Seattle Mariners,136,2,Tyler Clippard,Miguel Batista,Jon Rauch,9,Safeco Field,night,2,3,False,,
234804,2008,2008-06-15,2008-06-15T17:05:00Z,R,Regular Season,N,1,Final,F,Los Angeles Dodgers,119,4,Detroit Tigers,116,5,Nate Robertson,Chan Ho Park,Todd Jones,9,Comerica Park,day,3,3,False,,
234810,2008,2008-06-15,2008-06-15T17:05:00Z,R,Regular Season,N,1,Final,F,San Diego Padres,135,3,Cleveland Indians,114,7,CC Sabathia,Greg Maddux,,9,Progressive Field,day,3,3,False,,
234800,2008,2008-06-15,2008-06-15T17:07:00Z,R,Regular Season,N,1,Final,F,Chicago Cubs,112,7,Toronto Blue Jays,141,4,Ted Lilly,Jesse Litsch,,9,Rogers Centre,day,3,3,False,,
234811,2008,2008-06-15,2008-06-15T17:10:00Z,R,Regular Season,Y,1,Final,F,Texas Rangers,140,8,New York Mets,121,7,Kevin Millwood,John Maine,C.J. Wilson,9,Shea Stadium,day,2,3,False,,
234796,2008,2008-06-15,2008-06-15T17:15:00Z,R,Regular Season,Y,2,Final,F,Texas Rangers,140,2,New York Mets,121,4,Pedro Martínez,Kason Gabbard,Billy Wagner,9,Shea Stadium,day,3,3,False,,
234799,2008,2008-06-15,2008-06-15T17:15:00Z,R,Regular Season,N,1,Final,F,Boston Red Sox,111,9,Cincinnati Reds,113,0,Josh Beckett,Homer Bailey,,9,Great American Ball Park,day,3,3,False,,
234809,2008,2008-06-15,2008-06-15T17:35:00Z,R,Regular Season,N,1,Final,F,Pittsburgh Pirates,134,5,Baltimore Orioles,110,4,Matt Capps,George Sherrill,,10,Oriole Park at Camden Yards,day,3,3,False,,
234802,2008,2008-06-15,2008-06-15T17:40:00Z,R,Regular Season,N,1,Final,F,Florida Marlins,146,9,Tampa Bay Rays,139,3,Ricky Nolasco,Edwin Jackson,,9,Tropicana Field,day,3,3,False,,
234801,2008,2008-06-15,2008-06-15T18:05:00Z,R,Regular Season,N,1,Final,F,Colorado Rockies,115,5,Chicago White Sox,145,3,Aaron Cook,Jose Contreras,Brian Fuentes,9,U.S. Cellular Field,day,3,3,False,,
234805,2008,2008-06-15,2008-06-15T18:05:00Z,R,Regular Season,N,1,Final,F,Minnesota Twins,142,2,Milwaukee Brewers,158,4,Seth McClung,Scott Baker,Salomon Torres,9,Miller Park,day,3,3,False,,
234806,2008,2008-06-15,2008-06-15T18:05:00Z,R,Regular Season,N,1,Final,F,New York Yankees,147,13,Houston Astros,117,0,Chien-Ming Wang,Roy Oswalt,,9,Minute Maid Park,day,3,3,False,,
234808,2008,2008-06-15,2008-06-15T18:15:00Z,R,Regular Season,N,1,Final,F,Philadelphia Phillies,143,6,St. Louis Cardinals,138,7,Anthony Reyes,Tom Gordon,,10,Busch Stadium,day,3,3,False,,
234807,2008,2008-06-15,2008-06-15T20:05:00Z,R,Regular Season,N,1,Final,F,Oakland Athletics,133,5,San Francisco Giants,137,3,Dana Eveland,Kevin Correia,Huston Street,9,AT&T Park,day,3,3,False,,
234803,2008,2008-06-15,2008-06-15T20:10:00Z,R,Regular Season,N,1,Final,F,Kansas City Royals,118,8,Arizona Diamondbacks,109,3,Gil Meche,Micah Owings,,9,Chase Field,day,3,3,False,,
234812,2008,2008-06-15,2008-06-15T20:10:00Z,R,Regular Season,N,1,Final,F,Washington Nationals,120,6,Seattle Mariners,136,2,Jesus Colome,Mark Lowe,,9,Safeco Field,day,3,3,False,,
234798,2008,2008-06-15,2008-06-16T00:05:00Z,R,Regular Season,N,1,Final,F,Atlanta Braves,144,0,Los Angeles Angels,108,2,Joe Saunders,Jorge Campillo,Francisco Rodríguez,9,Angel Stadium of Anaheim,night,3,3,False,,
234813,2008,2008-06-16,2008-06-16T23:05:00Z,R,Regular Season,N,1,Final,F,Boston Red Sox,111,2,Philadelphia Phillies,143,8,Cole Hamels,Bartolo Colon,,9,Citizens Bank Park,night,1,3,False,,
233889,2008,2008-06-16,2008-06-17T00:05:00Z,R,Regular Season,N,1,Final,F,Atlanta Braves,144,7,Colorado Rockies,115,1,Jair Jurrjens,Ubaldo Jiménez,,9,Coors Field,night,1,1,False,,
234816,2008,2008-06-16,2008-06-17T02:05:00Z,R,Regular Season,N,1,Final,F,New York Mets,121,9,Los Angeles Angels,108,6,Mike Pelfrey,Jered Weaver,Billy Wagner,9,Angel Stadium of Anaheim,night,1,3,False,,
234815,2008,2008-06-16,2008-06-17T02:10:00Z,R,Regular Season,N,1,Final,F,Florida Marlins,146,6,Seattle Mariners,136,1,Andrew Miller,Carlos Silva,,9,Safeco Field,night,1,3,False,,
234814,2008,2008-06-16,2008-06-17T02:15:00Z,R,Regular Season,N,1,Final,F,Detroit Tigers,116,6,San Francisco Giants,137,8,Keiichi Yabu,Freddy Dolsi,,9,AT&T Park,night,1,3,False,,
234818,2008,2008-06-17,2008-06-17T23:05:00Z,R,Regular Season,N,1,Final,F,Boston Red Sox,111,3,Philadelphia Phillies,143,0,Jon Lester,Jamie Moyer,Jonathan Papelbon,9,Citizens Bank Park,night,2,3,False,,
234823,2008,2008-06-17,2008-06-17T23:05:00Z,R,Regular Season,N,1,Final,F,Houston Astros,117,5,Baltimore Orioles,110,6,Jim Johnson,Doug Brocail,George Sherrill,9,Oriole Park at Camden Yards,night,1,3,False,,
234829,2008,2008-06-17,2008-06-17T23:05:00Z,R,Regular Season,N,1,Final,F,San Diego Padres,135,0,New York Yankees,147,8,Andy Pettitte,Randy Wolf,,9,Yankee Stadium I,night,1,3,False,,
234819,2008,2008-06-17,2008-06-17T23:10:00Z,R,Regular Season,N,1,Final,F,Chicago Cubs,112,2,Tampa Bay Rays,139,3,Grant Balfour,Neal Cotts,Troy Percival,9,Tropicana Field,night,1,3,False,,
234825,2008,2008-06-17,2008-06-17T23:10:00Z,R,Regular Season,N,1,Final,F,Los Angeles Dodgers,119,3,Cincinnati Reds,113,1,Chad Billingsley,Johnny Cueto,Takashi Saito,9,Great American Ball Park,night,1,3,False,,
234817,2008,2008-06-17,2008-06-18T00:05:00Z,R,Regular Season,N,1,Final,F,Atlanta Braves,144,5,Texas Rangers,140,7,Vicente Padilla,Tim Hudson,C.J. Wilson,9,Rangers Ballpark in Arlington,night,1,3,False,,
234830,2008,2008-06-17,2008-06-18T00:05:00Z,R,Regular Season,N,1,Final,F,Toronto Blue Jays,141,0,Milwaukee Brewers,158,7,Manny Parra,Dustin McGowan,,9,Miller Park,night,1,3,False,,
234831,2008,2008-06-17,2008-06-18T00:10:00Z,R,Regular Season,N,1,Final,F,Washington Nationals,120,1,Minnesota Twins,142,2,Livan Hernandez,John Lannan,Joe Nathan,9,Hubert H. Humphrey Metrodome,night,1,3,False,,
234828,2008,2008-06-17,2008-06-18T00:11:00Z,R,Regular Season,N,1,Final,F,Pittsburgh Pirates,134,5,Chicago White Sox,145,16,Javier Vazquez,Ian Snell,,9,U.S. Cellular Field,night,1,3,False,,
234824,2008,2008-06-17,2008-06-18T00:15:00Z,R,Regular Season,N,1,Final,F,Kansas City Royals,118,2,St. Louis Cardinals,138,1,Kyle Davies,Ron Villone,Joakim Soria,9,Busch Stadium,night,1,3,False,,
234820,2008,2008-06-17,2008-06-18T01:05:00Z,R,Regular Season,N,1,Final,F,Cleveland Indians,114,2,Colorado Rockies,115,10,Greg Reynolds,Paul Byrd,,9,Coors Field,night,1,3,False,,
234827,2008,2008-06-17,2008-06-18T01:40:00Z,R,Regular Season,N,1,Final,F,Oakland Athletics,133,15,Arizona Diamondbacks,109,1,Justin Duchscherer,Brandon Webb,,9,Chase Field,night,1,3,False,,
234826,2008,2008-06-17,2008-06-18T02:05:00Z,R,Regular Season,N,1,Final,F,New York Mets,121,1,Los Angeles Angels,108,6,John Lackey,Johan Santana,Scot Shields,9,Angel Stadium of Anaheim,night,2,3,False,,
234822,2008,2008-06-17,2008-06-18T02:10:00Z,R,Regular Season,N,1,Final,F,Florida Marlins,146,4,Seattle Mariners,136,5,Félix Hernández,Scott Olsen,Brandon Morrow,9,Safeco Field,night,2,3,False,,
234821,2008,2008-06-17,2008-06-18T02:15:00Z,R,Regular Season,N,1,Final,F,Detroit Tigers,116,5,San Francisco Giants,137,1,Kenny Rogers,Jonathan Sánchez,,9,AT&T Park,night,2,3,False,,
234833,2008,2008-06-18,2008-06-18T17:05:00Z,R,Regular Season,N,1,Final,F,Boston Red Sox,111,7,Philadelphia Phillies,143,4,Justin Masterson,Kyle Kendrick,Jonathan Papelbon,9,Citizens Bank Park,day,3,3,False,,
234836,2008,2008-06-18,2008-06-18T19:45:00Z,R,Regular Season,N,1,Final,F,Detroit Tigers,116,7,San Francisco Giants,137,2,Armando Galarraga,Barry Zito,,9,AT&T Park,day,3,3,False,,
234838,2008,2008-06-18,2008-06-18T23:05:00Z,R,Regular Season,N,1,Final,F,Houston Astros,117,1,Baltimore Orioles,110,2,Chad Bradford,Jose Valverde,,10,Oriole Park at Camden Yards,night,2,3,False,,
234844,2008,2008-06-18,2008-06-18T23:05:00Z,R,Regular Season,N,1,Final,F,San Diego Padres,135,5,New York Yankees,147,8,Darrell Rasner,Jake Peavy,Mariano Rivera,9,Yankee Stadium I,night,2,3,False,,
234834,2008,2008-06-18,2008-06-18T23:10:00Z,R,Regular Season,N,1,Final,F,Chicago Cubs,112,4,Tampa Bay Rays,139,5,Andy Sonnanstine,Carlos Zambrano,Troy Percival,9,Tropicana Field,night,2,3,False,,
234840,2008,2008-06-18,2008-06-18T23:10:00Z,R,Regular Season,N,1,Final,F,Los Angeles Dodgers,119,6,Cincinnati Reds,113,1,Derek Lowe,Bronson Arroyo,,9,Great American Ball Park,night,2,3,False,,
234832,2008,2008-06-18,2008-06-19T00:05:00Z,R,Regular Season,N,1,Final,F,Atlanta Braves,144,5,Texas Rangers,140,2,Jeff Bennett,C.J. Wilson,Michael Gonzalez,9,Rangers Ballpark in Arlington,night,2,3,False,,
234845,2008,2008-06-18,2008-06-19T00:05:00Z,R,Regular Season,N,1,Final,F,Toronto Blue Jays,141,4,Milwaukee Brewers,158,5,Ben Sheets,Shaun Marcum,Salomon Torres,9,Miller Park,night,2,3,False,,
234846,2008,2008-06-18,2008-06-19T00:10:00Z,R,Regular Season,N,1,Final,F,Washington Nationals,120,2,Minnesota Twins,142,11,Kevin Slowey,Jason Bergmann,,9,Hubert H. Humphrey Metrodome,night,2,3,False,,
234843,2008,2008-06-18,2008-06-19T00:11:00Z,R,Regular Season,N,1,Final,F,Pittsburgh Pirates,134,2,Chicago White Sox,145,8,Mark Buehrle,Tom Gorzelanny,,9,U.S. Cellular Field,night,2,3,False,,
234839,2008,2008-06-18,2008-06-19T00:15:00Z,R,Regular Season,N,1,Final,F,Kansas City Royals,118,3,St. Louis Cardinals,138,2,Brian Bannister,Kyle McClellan,Joakim Soria,9,Busch Stadium,night,2,3,False,,
234835,2008,2008-06-18,2008-06-19T01:05:00Z,R,Regular Season,N,1,Final,F,Cleveland Indians,114,2,Colorado Rockies,115,4,Jeff Francis,Aaron Laffey,Brian Fuentes,9,Coors Field,night,2,3,False,,
234842,2008,2008-06-18,2008-06-19T01:40:00Z,R,Regular Season,N,1,Final,F,Oakland Athletics,133,1,Arizona Diamondbacks,109,11,Dan Haren,Joe Blanton,,9,Chase Field,night,2,3,False,,
234841,2008,2008-06-18,2008-06-19T02:05:00Z,R,Regular Season,N,1,Final,F,New York Mets,121,5,Los Angeles Angels,108,4,Duaner Sanchez,Justin Speier,Billy Wagner,10,Angel Stadium of Anaheim,night,3,3,False,,
234837,2008,2008-06-18,2008-06-19T02:10:00Z,R,Regular Season,N,1,Final,F,Florida Marlins,146,8,Seattle Mariners,136,3,Ryan Tucker,R.A. Dickey,,9,Safeco Field,night,3,3,False,,
234852,2008,2008-06-19,2008-06-19T16:35:00Z,R,Regular Season,N,1,Final,F,Los Angeles Dodgers,119,7,Cincinnati Reds,113,4,Eric Stults,Aaron Harang,Takashi Saito,9,Great American Ball Park,day,3,3,False,,
234855,2008,2008-06-19,2008-06-19T17:05:00Z,R,Regular Season,N,1,Final,F,San Diego Padres,135,1,New York Yankees,147,2,Jose Veras,Josh Banks,Mariano Rivera,9,Yankee Stadium I,day,3,3,False,,
234857,2008,2008-06-19,2008-06-19T17:10:00Z,R,Regular Season,N,1,Final,F,Washington Nationals,120,3,Minnesota Twins,142,9,Glen Perkins,Shawn Hill,,9,Hubert H. Humphrey Metrodome,day,3,3,False,,
234847,2008,2008-06-19,2008-06-19T18:05:00Z,R,Regular Season,N,1,Final,F,Atlanta Braves,144,4,Texas Rangers,140,5,Jamey Wright,Blaine Boyer,,9,Rangers Ballpark in Arlington,day,3,3,False,,
234854,2008,2008-06-19,2008-06-19T18:05:00Z,R,Regular Season,N,1,Final,F,Pittsburgh Pirates,134,8,Chicago White Sox,145,13,Gavin Floyd,Phil Dumatrait,,9,U.S. Cellular Field,day,3,3,False,,
234856,2008,2008-06-19,2008-06-19T18:05:00Z,R,Regular Season,N,1,Final,F,Toronto Blue Jays,141,7,Milwaukee Brewers,158,8,Dave Bush,A.J. Burnett,Salomon Torres,9,Miller Park,day,3,3,False,,
234851,2008,2008-06-19,2008-06-19T18:15:00Z,R,Regular Season,N,1,Final,F,Kansas City Royals,118,4,St. Louis Cardinals,138,1,Zack Greinke,Brad Thompson,Joakim Soria,9,Busch Stadium,day,3,3,False,,
234853,2008,2008-06-19,2008-06-19T19:40:00Z,R,Regular Season,N,1,Final,F,Oakland Athletics,133,1,Arizona Diamondbacks,109,2,Ramon Pena,Keith Foulke,Brandon Lyon,9,Chase Field,day,3,3,False,,
234850,2008,2008-06-19,2008-06-19T23:05:00Z,R,Regular Season,N,1,Final,F,Houston Astros,117,5,Baltimore Orioles,110,7,Brian Burres,Shawn Chacon,George Sherrill,9,Oriole Park at Camden Yards,night,3,3,False,,
234848,2008,2008-06-19,2008-06-19T23:10:00Z,R,Regular Season,N,1,Final,F,Chicago Cubs,112,3,Tampa Bay Rays,139,8,Grant Balfour,Carlos Marmol,,9,Tropicana Field,night,3,3,False,,
234849,2008,2008-06-19,2008-06-20T01:05:00Z,R,Regular Season,N,1,Final,F,Cleveland Indians,114,3,Colorado Rockies,115,6,Jorge De La Rosa,Jeremy Sowers,Brian Fuentes,9,Coors Field,night,3,3,False,,
234861,2008,2008-06-20,2008-06-20T18:20:00Z,R,Regular Season,N,1,Final,F,Chicago White Sox,145,3,Chicago Cubs,112,4,Kerry Wood,Scott Linebrink,,9,Wrigley Field,day,1,3,False,,
234858,2008,2008-06-20,2008-06-20T23:05:00Z,R,Regular Season,N,1,Final,F,Los Angeles Angels,108,7,Philadelphia Phillies,143,1,Ervin Santana,Adam Eaton,,9,Citizens Bank Park,night,1,3,False,,
234862,2008,2008-06-20,2008-06-20T23:05:00Z,R,Regular Season,N,1,Final,F,Cincinnati Reds,113,4,New York Yankees,147,2,Edinson Volquez,Mike Mussina,Francisco Cordero,9,Yankee Stadium I,night,1,3,False,,
234870,2008,2008-06-20,2008-06-20T23:05:00Z,R,Regular Season,N,1,Final,F,St. Louis Cardinals,138,5,Boston Red Sox,111,4,Kyle Lohse,Tim Wakefield,Ryan Franklin,9,Fenway Park,night,1,3,False,,
234872,2008,2008-06-20,2008-06-20T23:05:00Z,R,Regular Season,N,1,Final,F,Toronto Blue Jays,141,0,Pittsburgh Pirates,134,1,Tyler Yates,Jesse Carlson,,12,PNC Park,night,1,3,False,,
234866,2008,2008-06-20,2008-06-20T23:10:00Z,R,Regular Season,N,1,Final,F,Houston Astros,117,4,Tampa Bay Rays,139,3,Roy Oswalt,Matt Garza,Jose Valverde,9,Tropicana Field,night,1,3,False,,
234868,2008,2008-06-20,2008-06-20T23:30:00Z,R,Regular Season,N,1,Final,F,Seattle Mariners,136,10,Atlanta Braves,144,2,Ryan Rowland-Smith,Jorge Campillo,,9,Turner Field,night,1,3,False,,
234871,2008,2008-06-20,2008-06-20T23:35:00Z,R,Regular Season,N,1,Final,F,Texas Rangers,140,3,Washington Nationals,120,4,Joel Hanrahan,Jamey Wright,,14,Nationals Park,night,1,3,False,,
234860,2008,2008-06-20,2008-06-21T00:05:00Z,R,Regular Season,N,1,Final,F,Baltimore Orioles,110,8,Milwaukee Brewers,158,5,Lance Cormier,Jeff Suppan,George Sherrill,9,Miller Park,night,1,3,False,,
234859,2008,2008-06-20,2008-06-21T00:10:00Z,R,Regular Season,N,1,Final,F,Arizona Diamondbacks,109,2,Minnesota Twins,142,7,Scott Baker,Randy Johnson,,9,Hubert H. Humphrey Metrodome,night,1,3,False,,
234869,2008,2008-06-20,2008-06-21T00:10:00Z,R,Regular Season,N,1,Final,F,San Francisco Giants,137,9,Kansas City Royals,118,4,Matt Cain,Yasuhiko Yabuta,,9,Kauffman Stadium,night,1,3,False,,
234867,2008,2008-06-20,2008-06-21T01:05:00Z,R,Regular Season,N,1,Final,F,New York Mets,121,7,Colorado Rockies,115,2,John Maine,Aaron Cook,,9,Coors Field,night,1,3,False,,
234864,2008,2008-06-20,2008-06-21T02:05:00Z,R,Regular Season,N,1,Final,F,Detroit Tigers,116,2,San Diego Padres,135,6,Heath Bell,Fernando Rodney,,9,PETCO Park,night,1,3,False,,
234865,2008,2008-06-20,2008-06-21T02:05:00Z,R,Regular Season,N,1,Final,F,Florida Marlins,146,6,Oakland Athletics,133,7,Andrew Brown,Doug Waechter,,11,McAfee Coliseum,night,1,3,False,,
234863,2008,2008-06-20,2008-06-21T02:40:00Z,R,Regular Season,N,1,Final,F,Cleveland Indians,114,6,Los Angeles Dodgers,119,4,Joe Borowski,Takashi Saito,Masa Kobayashi,10,Dodger Stadium,night,1,3,False,,
234876,2008,2008-06-21,2008-06-21T17:05:00Z,R,Regular Season,N,1,Final,F,Chicago White Sox,145,7,Chicago Cubs,112,11,Jason Marquis,Jose Contreras,Kerry Wood,9,Wrigley Field,day,2,3,False,,
234877,2008,2008-06-21,2008-06-21T17:05:00Z,R,Regular Season,N,1,Final,F,Cincinnati Reds,113,6,New York Yankees,147,0,Bill Bray,Dan Giese,,9,Yankee Stadium I,day,2,3,False,,
234878,2008,2008-06-21,2008-06-21T19:55:00Z,R,Regular Season,N,1,Final,F,Cleveland Indians,114,7,Los Angeles Dodgers,119,2,Masa Kobayashi,Cory Wade,,11,Dodger Stadium,day,2,3,False,,
234885,2008,2008-06-21,2008-06-21T19:55:00Z,R,Regular Season,N,1,Final,F,St. Louis Cardinals,138,9,Boston Red Sox,111,3,Mitchell Boggs,Daisuke Matsuzaka,,9,Fenway Park,day,2,3,False,,
234881,2008,2008-06-21,2008-06-21T22:10:00Z,R,Regular Season,N,1,Final,F,Houston Astros,117,3,Tampa Bay Rays,139,4,Dan Wheeler,Doug Brocail,,9,Tropicana Field,night,2,3,False,,
234883,2008,2008-06-21,2008-06-21T23:00:00Z,R,Regular Season,N,1,Final,F,Seattle Mariners,136,4,Atlanta Braves,144,5,Blaine Boyer,Miguel Batista,,9,Turner Field,night,2,3,False,,
234873,2008,2008-06-21,2008-06-21T23:05:00Z,R,Regular Season,N,1,Final,F,Los Angeles Angels,108,6,Philadelphia Phillies,143,2,Joe Saunders,Brett Myers,Francisco Rodríguez,9,Citizens Bank Park,night,2,3,False,,
234875,2008,2008-06-21,2008-06-21T23:05:00Z,R,Regular Season,N,1,Final,F,Baltimore Orioles,110,2,Milwaukee Brewers,158,3,Seth McClung,Daniel Cabrera,Salomon Torres,9,Miller Park,night,2,3,False,,
234887,2008,2008-06-21,2008-06-21T23:05:00Z,R,Regular Season,N,1,Final,F,Toronto Blue Jays,141,3,Pittsburgh Pirates,134,6,Paul Maholm,Jesse Litsch,Matt Capps,9,PNC Park,night,2,3,False,,
234874,2008,2008-06-21,2008-06-21T23:10:00Z,R,Regular Season,N,1,Final,F,Arizona Diamondbacks,109,1,Minnesota Twins,142,6,Nick Blackburn,Micah Owings,,9,Hubert H. Humphrey Metrodome,night,2,3,False,,
234884,2008,2008-06-21,2008-06-21T23:10:00Z,R,Regular Season,N,1,Final,F,San Francisco Giants,137,3,Kansas City Royals,118,5,Gil Meche,Kevin Correia,Joakim Soria,9,Kauffman Stadium,night,2,3,False,,
234886,2008,2008-06-21,2008-06-21T23:10:00Z,R,Regular Season,N,1,Final,F,Texas Rangers,140,13,Washington Nationals,120,3,Kason Gabbard,Garrett Mock,Luis Mendoza,9,Nationals Park,night,2,3,False,,
234882,2008,2008-06-21,2008-06-22T00:05:00Z,R,Regular Season,N,1,Final,F,New York Mets,121,1,Colorado Rockies,115,7,Ubaldo Jiménez,Pedro Martínez,,9,Coors Field,night,2,3,False,,
234880,2008,2008-06-21,2008-06-22T01:05:00Z,R,Regular Season,N,1,Final,F,Florida Marlins,146,6,Oakland Athletics,133,4,Renyel Pinto,Huston Street,Kevin Gregg,9,McAfee Coliseum,night,2,3,False,,
234879,2008,2008-06-21,2008-06-22T02:05:00Z,R,Regular Season,N,1,Final,F,Detroit Tigers,116,7,San Diego Padres,135,5,Nate Robertson,Cha Seung Baek,Todd Jones,9,PETCO Park,night,2,3,False,,
234892,2008,2008-06-22,2008-06-22T17:05:00Z,R,Regular Season,N,1,Final,F,Cincinnati Reds,113,1,New York Yankees,147,4,Andy Pettitte,Johnny Cueto,Mariano Rivera,9,Yankee Stadium I,day,3,3,False,,
234898,2008,2008-06-22,2008-06-22T17:30:00Z,R,Regular Season,N,1,Final,F,Seattle Mariners,136,3,Atlanta Braves,144,8,Tim Hudson,Carlos Silva,,9,Turner Field,day,3,3,False,,
234888,2008,2008-06-22,2008-06-22T17:35:00Z,R,Regular Season,N,1,Final,F,Los Angeles Angels,108,3,Philadelphia Phillies,143,2,Jered Weaver,Cole Hamels,Francisco Rodríguez,9,Citizens Bank Park,day,3,3,False,,
234900,2008,2008-06-22,2008-06-22T17:35:00Z,R,Regular Season,N,1,Final,F,St. Louis Cardinals,138,3,Boston Red Sox,111,5,Javier López,Mike Parisi,,13,Fenway Park,day,3,3,False,,
234901,2008,2008-06-22,2008-06-22T17:35:00Z,R,Regular Season,N,1,Final,F,Texas Rangers,140,5,Washington Nationals,120,3,Vicente Padilla,Luis Ayala,C.J. Wilson,9,Nationals Park,day,3,3,False,,
234902,2008,2008-06-22,2008-06-22T17:35:00Z,R,Regular Season,N,1,Final,F,Toronto Blue Jays,141,8,Pittsburgh Pirates,134,5,Dustin McGowan,T.J. Beam,B.J. Ryan,9,PNC Park,day,3,3,False,,
234896,2008,2008-06-22,2008-06-22T17:40:00Z,R,Regular Season,N,1,Final,F,Houston Astros,117,3,Tampa Bay Rays,139,2,Brandon Backe,Scott Kazmir,Jose Valverde,9,Tropicana Field,day,3,3,False,,
234890,2008,2008-06-22,2008-06-22T18:05:00Z,R,Regular Season,N,1,Final,F,Baltimore Orioles,110,3,Milwaukee Brewers,158,7,Manny Parra,Garrett Olson,Salomon Torres,9,Miller Park,day,3,3,False,,
234889,2008,2008-06-22,2008-06-22T18:10:00Z,R,Regular Season,N,1,Final,F,Arizona Diamondbacks,109,3,Minnesota Twins,142,5,Livan Hernandez,Brandon Webb,Joe Nathan,9,Hubert H. Humphrey Metrodome,day,3,3,False,,
234899,2008,2008-06-22,2008-06-22T18:10:00Z,R,Regular Season,N,1,Final,F,San Francisco Giants,137,10,Kansas City Royals,118,11,Ron Mahay,Alex Hinshaw,Joakim Soria,9,Kauffman Stadium,day,3,3,False,,
234897,2008,2008-06-22,2008-06-22T19:05:00Z,R,Regular Season,N,1,Final,F,New York Mets,121,3,Colorado Rockies,115,1,Mike Pelfrey,Greg Reynolds,Billy Wagner,9,Coors Field,day,3,3,False,,
234894,2008,2008-06-22,2008-06-22T20:05:00Z,R,Regular Season,N,1,Final,F,Detroit Tigers,116,5,San Diego Padres,135,3,Justin Verlander,Randy Wolf,Todd Jones,9,PETCO Park,day,3,3,False,,
234895,2008,2008-06-22,2008-06-22T20:05:00Z,R,Regular Season,N,1,Final,F,Florida Marlins,146,1,Oakland Athletics,133,7,Justin Duchscherer,Andrew Miller,,9,McAfee Coliseum,day,3,3,False,,
234893,2008,2008-06-22,2008-06-22T20:10:00Z,R,Regular Season,N,1,Final,F,Cleveland Indians,114,3,Los Angeles Dodgers,119,4,Chad Billingsley,Paul Byrd,Takashi Saito,9,Dodger Stadium,day,3,3,False,,
234891,2008,2008-06-22,2008-06-23T00:05:00Z,R,Regular Season,N,1,Final,F,Chicago White Sox,145,1,Chicago Cubs,112,7,Ryan Dempster,Javier Vazquez,,9,Wrigley Field,night,3,3,False,,
234906,2008,2008-06-23,2008-06-23T23:00:00Z,R,Regular Season,N,1,Final,F,Milwaukee Brewers,158,4,Atlanta Braves,144,1,Ben Sheets,Jo-Jo Reyes,,9,Turner Field,night,1,3,False,,
234904,2008,2008-06-23,2008-06-23T23:05:00Z,R,Regular Season,N,1,Final,F,Arizona Diamondbacks,109,2,Boston Red Sox,111,1,Dan Haren,Josh Beckett,Brandon Lyon,9,Fenway Park,night,1,3,False,,
234903,2008,2008-06-23,2008-06-23T23:10:00Z,R,Regular Season,N,1,Final,F,Los Angeles Angels,108,3,Washington Nationals,120,2,John Lackey,Saul Rivera,Francisco Rodríguez,9,Nationals Park,night,1,3,False,,
234907,2008,2008-06-23,2008-06-23T23:10:00Z,R,Regular Season,N,1,Final,F,Seattle Mariners,136,5,New York Mets,121,2,Ryan Rowland-Smith,Johan Santana,Arthur Rhodes,9,Shea Stadium,night,1,3,False,,
234905,2008,2008-06-23,2008-06-24T00:10:00Z,R,Regular Season,N,1,Final,F,Colorado Rockies,115,4,Kansas City Royals,118,8,Brian Bannister,Jeff Francis,,9,Kauffman Stadium,night,1,3,False,,
234914,2008,2008-06-24,2008-06-24T23:00:00Z,R,Regular Season,N,1,Final,F,Milwaukee Brewers,158,4,Atlanta Braves,144,3,Dave Bush,Charlie Morton,Salomon Torres,9,Turner Field,night,2,3,False,,
234909,2008,2008-06-24,2008-06-24T23:05:00Z,R,Regular Season,N,1,Final,F,Arizona Diamondbacks,109,4,Boston Red Sox,111,5,Chris Smith,Chad Qualls,Jonathan Papelbon,9,Fenway Park,night,2,3,False,,
234916,2008,2008-06-24,2008-06-24T23:05:00Z,R,Regular Season,N,1,Final,F,New York Yankees,147,5,Pittsburgh Pirates,134,12,Tom Gorzelanny,Darrell Rasner,,9,PNC Park,night,1,2,False,,
234919,2008,2008-06-24,2008-06-24T23:05:00Z,R,Regular Season,N,1,Final,F,San Francisco Giants,137,3,Cleveland Indians,114,2,Jonathan Sánchez,Rafael Betancourt,Brian Wilson,9,Progressive Field,night,1,3,False,,
234920,2008,2008-06-24,2008-06-24T23:05:00Z,R,Regular Season,N,1,Final,F,St. Louis Cardinals,138,8,Detroit Tigers,116,4,Braden Looper,Kenny Rogers,,9,Comerica Park,night,1,3,False,,
234912,2008,2008-06-24,2008-06-24T23:07:00Z,R,Regular Season,N,1,Final,F,Cincinnati Reds,113,1,Toronto Blue Jays,141,14,A.J. Burnett,Bronson Arroyo,,9,Rogers Centre,night,1,3,False,,
234908,2008,2008-06-24,2008-06-24T23:10:00Z,R,Regular Season,N,1,Final,F,Los Angeles Angels,108,8,Washington Nationals,120,3,Jon Garland,Shawn Hill,,9,Nationals Park,night,2,3,False,,
234918,2008,2008-06-24,2008-06-24T23:10:00Z,R,Regular Season,N,1,Final,F,Seattle Mariners,136,11,New York Mets,121,0,R.A. Dickey,Oliver Pérez,,9,Shea Stadium,night,2,3,False,,
234921,2008,2008-06-24,2008-06-24T23:10:00Z,R,Regular Season,N,1,Final,F,Tampa Bay Rays,139,6,Florida Marlins,146,4,J.P. Howell,Renyel Pinto,Troy Percival,9,Dolphin Stadium,night,1,3,False,,
234910,2008,2008-06-24,2008-06-25T00:05:00Z,R,Regular Season,N,1,Final,F,Baltimore Orioles,110,7,Chicago Cubs,112,5,Jeremy Guthrie,Sean Marshall,George Sherrill,9,Wrigley Field,night,1,3,False,,
234922,2008,2008-06-24,2008-06-25T00:05:00Z,R,Regular Season,N,1,Final,F,Texas Rangers,140,3,Houston Astros,117,4,Brian Moehler,Eric Hurley,Jose Valverde,9,Minute Maid Park,night,1,3,False,,
234913,2008,2008-06-24,2008-06-25T00:10:00Z,R,Regular Season,N,1,Final,F,Colorado Rockies,115,3,Kansas City Royals,118,7,Zack Greinke,Jorge De La Rosa,,9,Kauffman Stadium,night,2,3,False,,
234915,2008,2008-06-24,2008-06-25T02:05:00Z,R,Regular Season,N,1,Final,F,Minnesota Twins,142,3,San Diego Padres,135,1,Dennys Reyes,Trevor Hoffman,Joe Nathan,9,PETCO Park,night,1,3,False,,
234917,2008,2008-06-24,2008-06-25T02:05:00Z,R,Regular Season,N,1,Final,F,Philadelphia Phillies,143,2,Oakland Athletics,133,5,Joe Blanton,Jamie Moyer,Huston Street,9,McAfee Coliseum,night,1,3,False,,
234911,2008,2008-06-24,2008-06-25T02:10:00Z,R,Regular Season,N,1,Final,F,Chicago White Sox,145,6,Los Angeles Dodgers,119,1,Mark Buehrle,Derek Lowe,,9,Dodger Stadium,night,1,3,False,,
234929,2008,2008-06-25,2008-06-25T17:00:00Z,R,Regular Season,N,1,Final,F,Milwaukee Brewers,158,2,Atlanta Braves,144,4,Jorge Campillo,Jeff Suppan,Michael Gonzalez,9,Turner Field,day,3,3,False,,
234924,2008,2008-06-25,2008-06-25T23:05:00Z,R,Regular Season,N,1,Final,F,Arizona Diamondbacks,109,0,Boston Red Sox,111,5,Tim Wakefield,Randy Johnson,Jonathan Papelbon,9,Fenway Park,night,3,3,False,,
234931,2008,2008-06-25,2008-06-25T23:05:00Z,R,Regular Season,N,1,Final,F,New York Yankees,147,10,Pittsburgh Pirates,134,0,Joba Chamberlain,Zach Duke,,9,PNC Park,night,2,2,False,,
234934,2008,2008-06-25,2008-06-25T23:05:00Z,R,Regular Season,N,1,Final,F,San Francisco Giants,137,4,Cleveland Indians,114,1,Barry Zito,Jeremy Sowers,Brian Wilson,9,Progressive Field,night,2,3,False,,
234935,2008,2008-06-25,2008-06-25T23:05:00Z,R,Regular Season,N,1,Final,F,St. Louis Cardinals,138,7,Detroit Tigers,116,8,Todd Jones,Kyle McClellan,,9,Comerica Park,night,2,3,False,,
234927,2008,2008-06-25,2008-06-25T23:07:00Z,R,Regular Season,N,1,Final,F,Cincinnati Reds,113,6,Toronto Blue Jays,141,5,Jared Burton,Brian Wolfe,Francisco Cordero,10,Rogers Centre,night,2,3,False,,
234923,2008,2008-06-25,2008-06-25T23:10:00Z,R,Regular Season,N,1,Final,F,Los Angeles Angels,108,4,Washington Nationals,120,5,Jon Rauch,Scot Shields,,9,Nationals Park,night,3,3,False,,
234933,2008,2008-06-25,2008-06-25T23:10:00Z,R,Regular Season,N,1,Final,F,Seattle Mariners,136,2,New York Mets,121,8,John Maine,Miguel Batista,,9,Shea Stadium,night,3,3,False,,
234936,2008,2008-06-25,2008-06-25T23:10:00Z,R,Regular Season,N,1,Final,F,Tampa Bay Rays,139,15,Florida Marlins,146,3,James Shields,Ryan Tucker,,9,Dolphin Stadium,night,2,3,False,,
234925,2008,2008-06-25,2008-06-26T00:05:00Z,R,Regular Season,N,1,Final,F,Baltimore Orioles,110,4,Chicago Cubs,112,7,Ted Lilly,Matt Albers,Kerry Wood,9,Wrigley Field,night,2,3,False,,
234937,2008,2008-06-25,2008-06-26T00:05:00Z,R,Regular Season,N,1,Final,F,Texas Rangers,140,3,Houston Astros,117,2,Luis Mendoza,Roy Oswalt,C.J. Wilson,9,Minute Maid Park,night,2,3,False,,
234928,2008,2008-06-25,2008-06-26T00:10:00Z,R,Regular Season,N,1,Final,F,Colorado Rockies,115,2,Kansas City Royals,118,4,Luke Hochevar,Aaron Cook,Joakim Soria,9,Kauffman Stadium,night,3,3,False,,
234930,2008,2008-06-25,2008-06-26T02:05:00Z,R,Regular Season,N,1,Final,F,Minnesota Twins,142,9,San Diego Padres,135,3,Glen Perkins,Greg Maddux,,9,PETCO Park,night,2,3,False,,
234932,2008,2008-06-25,2008-06-26T02:05:00Z,R,Regular Season,N,1,Final,F,Philadelphia Phillies,143,4,Oakland Athletics,133,0,Kyle Kendrick,Greg Smith,,9,McAfee Coliseum,night,2,3,False,,
234926,2008,2008-06-25,2008-06-26T02:10:00Z,R,Regular Season,N,1,Final,F,Chicago White Sox,145,0,Los Angeles Dodgers,119,5,Eric Stults,Gavin Floyd,,9,Dodger Stadium,night,2,3,False,,
234946,2008,2008-06-26,2008-06-26T16:10:00Z,R,Regular Season,N,1,Final,F,Tampa Bay Rays,139,6,Florida Marlins,146,1,Matt Garza,Mark Hendrickson,,9,Dolphin Stadium,day,3,3,False,,
234945,2008,2008-06-26,2008-06-26T17:05:00Z,R,Regular Season,N,1,Final,F,St. Louis Cardinals,138,2,Detroit Tigers,116,3,Bobby Seay,Mike Parisi,,10,Comerica Park,day,3,3,False,,
234938,2008,2008-06-26,2008-06-26T18:20:00Z,R,Regular Season,N,1,Final,F,Baltimore Orioles,110,11,Chicago Cubs,112,4,Radhames Liz,Jason Marquis,,9,Wrigley Field,day,3,3,False,,
234939,2008,2008-06-26,2008-06-26T19:10:00Z,R,Regular Season,N,1,Final,F,Chicago White Sox,145,2,Los Angeles Dodgers,119,0,John Danks,Clayton Kershaw,Bobby Jenks,9,Dodger Stadium,day,3,3,False,,
234941,2008,2008-06-26,2008-06-26T19:35:00Z,R,Regular Season,N,1,Final,F,Minnesota Twins,142,4,San Diego Padres,135,3,Scott Baker,Josh Banks,Joe Nathan,9,PETCO Park,day,3,3,False,,
234943,2008,2008-06-26,2008-06-26T19:35:00Z,R,Regular Season,N,1,Final,F,Philadelphia Phillies,143,0,Oakland Athletics,133,5,Rich Harden,Adam Eaton,,9,McAfee Coliseum,day,3,3,False,,
234944,2008,2008-06-26,2008-06-26T23:05:00Z,R,Regular Season,N,1,Final,F,San Francisco Giants,137,1,Cleveland Indians,114,4,Cliff Lee,Matt Cain,Joe Borowski,9,Progressive Field,night,3,3,False,,
234940,2008,2008-06-26,2008-06-26T23:07:00Z,R,Regular Season,N,1,Final,F,Cincinnati Reds,113,1,Toronto Blue Jays,141,7,Jesse Litsch,Edinson Volquez,,9,Rogers Centre,night,3,3,False,,
234947,2008,2008-06-26,2008-06-27T00:05:00Z,R,Regular Season,N,1,Final,F,Texas Rangers,140,2,Houston Astros,117,7,Wandy Rodriguez,Kevin Millwood,,9,Minute Maid Park,night,3,3,False,,
234393,2008,2008-06-27,2008-06-27T18:05:00Z,R,Regular Season,S,1,Final,F,New York Mets,121,15,New York Yankees,147,6,Mike Pelfrey,Dan Giese,,9,Yankee Stadium I,day,1,4,False,,
234953,2008,2008-06-27,2008-06-27T20:05:00Z,R,Regular Season,N,1,Final,F,Chicago Cubs,112,3,Chicago White Sox,145,10,Jose Contreras,Ryan Dempster,,9,U.S. Cellular Field,day,1,3,False,,
234954,2008,2008-06-27,2008-06-27T23:05:00Z,R,Regular Season,N,1,Final,F,Cincinnati Reds,113,0,Cleveland Indians,114,6,CC Sabathia,Daryl Thompson,,9,Progressive Field,night,1,3,False,,
234955,2008,2008-06-27,2008-06-27T23:05:00Z,R,Regular Season,N,1,Final,F,Colorado Rockies,115,1,Detroit Tigers,116,7,Eddie Bonine,Ubaldo Jiménez,,9,Comerica Park,night,1,3,False,,
234962,2008,2008-06-27,2008-06-27T23:05:00Z,R,Regular Season,N,1,Final,F,Tampa Bay Rays,139,10,Pittsburgh Pirates,134,5,Scott Kazmir,Jimmy Barthmaier,,9,PNC Park,night,1,3,False,,
234950,2008,2008-06-27,2008-06-27T23:07:00Z,R,Regular Season,N,1,Final,F,Atlanta Braves,144,4,Toronto Blue Jays,141,0,Jair Jurrjens,Dustin McGowan,,9,Rogers Centre,night,1,3,False,,
234949,2008,2008-06-27,2008-06-27T23:10:00Z,R,Regular Season,N,1,Final,F,Arizona Diamondbacks,109,1,Florida Marlins,146,3,Ricky Nolasco,Micah Owings,Kevin Gregg,9,Dolphin Stadium,night,1,3,False,,
234951,2008,2008-06-27,2008-06-27T23:35:00Z,R,Regular Season,N,1,Final,F,Baltimore Orioles,110,2,Washington Nationals,120,4,Joel Hanrahan,Daniel Cabrera,Jon Rauch,9,Nationals Park,night,1,3,False,,
234952,2008,2008-06-27,2008-06-28T00:05:00Z,R,Regular Season,N,1,Final,F,Boston Red Sox,111,6,Houston Astros,117,1,Daisuke Matsuzaka,Runelvys Hernandez,Jonathan Papelbon,9,Minute Maid Park,night,1,3,False,,
234958,2008,2008-06-27,2008-06-28T00:05:00Z,R,Regular Season,N,1,Final,F,Philadelphia Phillies,143,7,Texas Rangers,140,8,Josh Rupe,Clay Condrey,C.J. Wilson,9,Rangers Ballpark in Arlington,night,1,3,False,,
234956,2008,2008-06-27,2008-06-28T00:10:00Z,R,Regular Season,N,1,Final,F,Milwaukee Brewers,158,6,Minnesota Twins,142,7,Matt Guerrier,Guillermo Mota,Joe Nathan,9,Hubert H. Humphrey Metrodome,night,1,3,False,,
234957,2008,2008-06-27,2008-06-28T00:10:00Z,R,Regular Season,S,2,Final,F,New York Yankees,147,9,New York Mets,121,0,Sidney Ponson,Pedro Martínez,,9,Shea Stadium,night,1,3,False,,
234961,2008,2008-06-27,2008-06-28T00:10:00Z,R,Regular Season,N,1,Final,F,St. Louis Cardinals,138,2,Kansas City Royals,118,7,Gil Meche,Joel Pineiro,,9,Kauffman Stadium,night,1,3,False,,
234959,2008,2008-06-27,2008-06-28T02:05:00Z,R,Regular Season,N,1,Final,F,Seattle Mariners,136,5,San Diego Padres,135,2,Jarrod Washburn,Randy Wolf,Brandon Morrow,9,PETCO Park,night,1,3,False,,
234960,2008,2008-06-27,2008-06-28T02:05:00Z,R,Regular Season,N,1,Final,F,San Francisco Giants,137,1,Oakland Athletics,133,4,Dana Eveland,Keiichi Yabu,Huston Street,9,McAfee Coliseum,night,1,3,False,,
234948,2008,2008-06-27,2008-06-28T02:40:00Z,R,Regular Season,N,1,Final,F,Los Angeles Angels,108,0,Los Angeles Dodgers,119,6,Chan Ho Park,Joe Saunders,,9,Dodger Stadium,night,1,3,False,,
234965,2008,2008-06-28,2008-06-28T17:07:00Z,R,Regular Season,N,1,Final,F,Atlanta Braves,144,5,Toronto Blue Jays,141,9,John Parrish,Tim Hudson,,9,Rogers Centre,day,2,3,False,,
234968,2008,2008-06-28,2008-06-28T19:55:00Z,R,Regular Season,N,1,Final,F,Chicago Cubs,112,5,Chicago White Sox,145,6,Matt Thornton,Carlos Marmol,Bobby Jenks,9,U.S. Cellular Field,day,2,3,False,,
234972,2008,2008-06-28,2008-06-28T19:55:00Z,R,Regular Season,N,1,Final,F,New York Yankees,147,3,New York Mets,121,2,Andy Pettitte,Johan Santana,Mariano Rivera,9,Shea Stadium,day,2,3,False,,
234967,2008,2008-06-28,2008-06-28T23:05:00Z,R,Regular Season,N,1,Final,F,Boston Red Sox,111,10,Houston Astros,117,11,Doug Brocail,Manny Delcarmen,Jose Valverde,9,Minute Maid Park,night,2,3,False,,
234969,2008,2008-06-28,2008-06-28T23:05:00Z,R,Regular Season,N,1,Final,F,Cincinnati Reds,113,5,Cleveland Indians,114,0,Johnny Cueto,Paul Byrd,,9,Progressive Field,night,2,3,False,,
234970,2008,2008-06-28,2008-06-28T23:05:00Z,R,Regular Season,N,1,Final,F,Colorado Rockies,115,6,Detroit Tigers,116,7,Freddy Dolsi,Brian Fuentes,,9,Comerica Park,night,2,3,False,,
234977,2008,2008-06-28,2008-06-28T23:05:00Z,R,Regular Season,N,1,Final,F,Tampa Bay Rays,139,3,Pittsburgh Pirates,134,4,John Van Benschoten,Jason Hammel,,13,PNC Park,night,2,3,False,,
234964,2008,2008-06-28,2008-06-28T23:10:00Z,R,Regular Season,N,1,Final,F,Arizona Diamondbacks,109,6,Florida Marlins,146,2,Brandon Webb,Andrew Miller,,9,Dolphin Stadium,night,2,3,False,,
234966,2008,2008-06-28,2008-06-28T23:10:00Z,R,Regular Season,N,1,Final,F,Baltimore Orioles,110,9,Washington Nationals,120,1,Garrett Olson,John Lannan,Lance Cormier,9,Nationals Park,night,2,3,False,,
234971,2008,2008-06-28,2008-06-28T23:10:00Z,R,Regular Season,N,1,Final,F,Milwaukee Brewers,158,5,Minnesota Twins,142,1,Manny Parra,Livan Hernandez,,9,Hubert H. Humphrey Metrodome,night,2,3,False,,
234976,2008,2008-06-28,2008-06-28T23:10:00Z,R,Regular Season,N,1,Final,F,St. Louis Cardinals,138,5,Kansas City Royals,118,1,Mitchell Boggs,Kyle Davies,,9,Kauffman Stadium,night,2,3,False,,
234973,2008,2008-06-28,2008-06-29T00:05:00Z,R,Regular Season,N,1,Final,F,Philadelphia Phillies,143,8,Texas Rangers,140,6,Cole Hamels,Vicente Padilla,Brad Lidge,9,Rangers Ballpark in Arlington,night,2,3,False,,
234975,2008,2008-06-28,2008-06-29T01:05:00Z,R,Regular Season,N,1,Final,F,San Francisco Giants,137,1,Oakland Athletics,133,0,Tim Lincecum,Justin Duchscherer,Brian Wilson,9,McAfee Coliseum,night,2,3,False,,
234974,2008,2008-06-28,2008-06-29T02:05:00Z,R,Regular Season,N,1,Final,F,Seattle Mariners,136,4,San Diego Padres,135,2,Carlos Silva,Cha Seung Baek,Brandon Morrow,9,PETCO Park,night,2,3,False,,
234963,2008,2008-06-28,2008-06-29T02:10:00Z,R,Regular Season,N,1,Final,F,Los Angeles Angels,108,0,Los Angeles Dodgers,119,1,Chad Billingsley,Jered Weaver,Takashi Saito,9,Dodger Stadium,night,2,3,False,,
234984,2008,2008-06-29,2008-06-29T17:05:00Z,R,Regular Season,N,1,Final,F,Cincinnati Reds,113,9,Cleveland Indians,114,5,Bronson Arroyo,Aaron Laffey,,9,Progressive Field,day,3,3,False,,
234985,2008,2008-06-29,2008-06-29T17:05:00Z,R,Regular Season,N,1,Final,F,Colorado Rockies,115,3,Detroit Tigers,116,4,Kenny Rogers,Greg Reynolds,Todd Jones,9,Comerica Park,day,3,3,False,,
234980,2008,2008-06-29,2008-06-29T17:07:00Z,R,Regular Season,N,1,Final,F,Atlanta Braves,144,0,Toronto Blue Jays,141,1,A.J. Burnett,Jo-Jo Reyes,B.J. Ryan,9,Rogers Centre,day,3,3,False,,
234979,2008,2008-06-29,2008-06-29T17:10:00Z,R,Regular Season,N,1,Final,F,Arizona Diamondbacks,109,3,Florida Marlins,146,4,Joe Nelson,Brandon Lyon,,9,Dolphin Stadium,day,3,3,False,,
234987,2008,2008-06-29,2008-06-29T17:10:00Z,R,Regular Season,N,1,Final,F,New York Yankees,147,1,New York Mets,121,3,Oliver Pérez,Darrell Rasner,Billy Wagner,9,Shea Stadium,day,3,3,False,,
234981,2008,2008-06-29,2008-06-29T17:35:00Z,R,Regular Season,N,1,Final,F,Baltimore Orioles,110,2,Washington Nationals,120,3,Joel Hanrahan,George Sherrill,,12,Nationals Park,day,3,3,False,,
234992,2008,2008-06-29,2008-06-29T17:35:00Z,R,Regular Season,N,1,Final,F,Tampa Bay Rays,139,4,Pittsburgh Pirates,134,3,Andy Sonnanstine,Tyler Yates,Troy Percival,9,PNC Park,day,3,3,False,,
234982,2008,2008-06-29,2008-06-29T18:05:00Z,R,Regular Season,N,1,Final,F,Boston Red Sox,111,2,Houston Astros,117,3,Doug Brocail,David Aardsma,Jose Valverde,9,Minute Maid Park,day,3,3,False,,
234986,2008,2008-06-29,2008-06-29T18:10:00Z,R,Regular Season,N,1,Final,F,Milwaukee Brewers,158,0,Minnesota Twins,142,5,Kevin Slowey,Ben Sheets,,9,Hubert H. Humphrey Metrodome,day,3,3,False,,
234991,2008,2008-06-29,2008-06-29T18:10:00Z,R,Regular Season,N,1,Final,F,St. Louis Cardinals,138,9,Kansas City Royals,118,6,Chris Perez,Brian Bannister,Ryan Franklin,9,Kauffman Stadium,day,3,3,False,,
234989,2008,2008-06-29,2008-06-29T20:05:00Z,R,Regular Season,N,1,Final,F,Seattle Mariners,136,9,San Diego Padres,135,2,Erik Bedard,Jake Peavy,,9,PETCO Park,day,3,3,False,,
234990,2008,2008-06-29,2008-06-29T20:05:00Z,R,Regular Season,N,1,Final,F,San Francisco Giants,137,11,Oakland Athletics,133,1,Jonathan Sánchez,Joe Blanton,,9,McAfee Coliseum,day,3,3,False,,
234978,2008,2008-06-29,2008-06-29T20:10:00Z,R,Regular Season,N,1,Final,F,Los Angeles Angels,108,1,Los Angeles Dodgers,119,0,John Lackey,Derek Lowe,Francisco Rodríguez,9,Dodger Stadium,day,3,3,False,,
234988,2008,2008-06-29,2008-06-29T22:05:00Z,R,Regular Season,N,1,Final,F,Philadelphia Phillies,143,1,Texas Rangers,140,5,Eric Hurley,Jamie Moyer,,9,Rangers Ballpark in Arlington,night,3,3,False,,
234983,2008,2008-06-29,2008-06-30T00:05:00Z,R,Regular Season,N,1,Final,F,Chicago Cubs,112,1,Chicago White Sox,145,5,Mark Buehrle,Sean Marshall,,9,U.S. Cellular Field,night,3,3,False,,
234997,2008,2008-06-30,2008-06-30T23:05:00Z,R,Regular Season,N,1,Final,F,Kansas City Royals,118,6,Baltimore Orioles,110,5,Ron Mahay,Chad Bradford,Joakim Soria,11,Oriole Park at Camden Yards,night,1,4,False,,
235000,2008,2008-06-30,2008-06-30T23:05:00Z,R,Regular Season,N,1,Final,F,New York Mets,121,1,St. Louis Cardinals,138,7,Kyle Lohse,John Maine,,9,Busch Stadium,night,1,4,False,,
235004,2008,2008-06-30,2008-06-30T23:05:00Z,R,Regular Season,N,1,Final,F,Texas Rangers,140,2,New York Yankees,147,1,Scott Feldman,Mike Mussina,C.J. Wilson,9,Yankee Stadium I,night,1,3,False,,
234993,2008,2008-06-30,2008-06-30T23:10:00Z,R,Regular Season,N,1,Final,F,Boston Red Sox,111,4,Tampa Bay Rays,139,5,James Shields,Justin Masterson,J.P. Howell,9,Tropicana Field,night,1,3,False,,
235002,2008,2008-06-30,2008-06-30T23:10:00Z,R,Regular Season,N,1,Final,F,Pittsburgh Pirates,134,3,Cincinnati Reds,113,4,Francisco Cordero,Matt Capps,,9,Great American Ball Park,night,1,3,False,,
235006,2008,2008-06-30,2008-06-30T23:10:00Z,R,Regular Season,N,1,Final,F,Washington Nationals,120,5,Florida Marlins,146,6,Kevin Gregg,Jon Rauch,,10,Dolphin Stadium,night,1,3,False,,
234998,2008,2008-06-30,2008-07-01T00:05:00Z,R,Regular Season,N,1,Final,F,Los Angeles Dodgers,119,1,Houston Astros,117,4,Roy Oswalt,Eric Stults,Jose Valverde,9,Minute Maid Park,night,1,4,False,,
234996,2008,2008-06-30,2008-07-01T00:10:00Z,R,Regular Season,N,1,Final,F,Detroit Tigers,116,5,Minnesota Twins,142,4,Casey Fossum,Matt Guerrier,Joel Zumaya,9,Hubert H. Humphrey Metrodome,night,1,3,False,,
234995,2008,2008-06-30,2008-07-01T00:11:00Z,R,Regular Season,N,1,Final,F,Cleveland Indians,114,7,Chicago White Sox,145,9,Gavin Floyd,Jeremy Sowers,Matt Thornton,9,U.S. Cellular Field,night,1,3,False,,
235003,2008,2008-06-30,2008-07-01T01:05:00Z,R,Regular Season,N,1,Final,F,San Diego Padres,135,15,Colorado Rockies,115,8,Heath Bell,Brian Fuentes,,9,Coors Field,night,1,3,False,,
234999,2008,2008-06-30,2008-07-01T01:40:00Z,R,Regular Season,N,1,Final,F,Milwaukee Brewers,158,3,Arizona Diamondbacks,109,6,Doug Davis,Dave Bush,Brandon Lyon,9,Chase Field,night,1,4,False,,
235001,2008,2008-06-30,2008-07-01T02:05:00Z,R,Regular Season,N,1,Final,F,Oakland Athletics,133,6,Los Angeles Angels,108,1,Greg Smith,Jon Garland,,9,Angel Stadium of Anaheim,night,1,3,False,,
235005,2008,2008-06-30,2008-07-01T02:10:00Z,R,Regular Season,N,1,Final,F,Toronto Blue Jays,141,2,Seattle Mariners,136,0,Roy Halladay,R.A. Dickey,,9,Safeco Field,night,1,3,False,,
234994,2008,2008-06-30,2008-07-01T02:15:00Z,R,Regular Season,N,1,Final,F,Chicago Cubs,112,9,San Francisco Giants,137,2,Ted Lilly,Barry Zito,,9,AT&T Park,night,1,4,False,,
235016,2008,2008-07-01,2008-07-01T23:00:00Z,R,Regular Season,N,1,Final,F,Philadelphia Phillies,143,8,Atlanta Braves,144,3,Kyle Kendrick,Charlie Morton,,9,Turner Field,night,1,3,False,,
235011,2008,2008-07-01,2008-07-01T23:05:00Z,R,Regular Season,N,1,Final,F,Kansas City Royals,118,5,Baltimore Orioles,110,7,Radhames Liz,Luke Hochevar,George Sherrill,9,Oriole Park at Camden Yards,night,2,4,False,,
235019,2008,2008-07-01,2008-07-01T23:05:00Z,R,Regular Season,N,1,Final,F,Texas Rangers,140,3,New York Yankees,147,2,Frank Francisco,Mariano Rivera,C.J. Wilson,9,Yankee Stadium I,night,2,3,False,,
235007,2008,2008-07-01,2008-07-01T23:10:00Z,R,Regular Season,N,1,Final,F,Boston Red Sox,111,1,Tampa Bay Rays,139,3,Matt Garza,Tim Wakefield,Grant Balfour,9,Tropicana Field,night,2,3,False,,
235017,2008,2008-07-01,2008-07-01T23:10:00Z,R,Regular Season,N,1,Final,F,Pittsburgh Pirates,134,6,Cincinnati Reds,113,5,Matt Capps,David Weathers,Romulo Sanchez,11,Great American Ball Park,night,2,3,False,,
235021,2008,2008-07-01,2008-07-01T23:10:00Z,R,Regular Season,N,1,Final,F,Washington Nationals,120,9,Florida Marlins,146,6,Collin Balester,Mark Hendrickson,Jon Rauch,9,Dolphin Stadium,night,2,3,False,,
235012,2008,2008-07-01,2008-07-02T00:05:00Z,R,Regular Season,N,1,Final,F,Los Angeles Dodgers,119,7,Houston Astros,117,6,Chan Ho Park,Wesley Wright,Takashi Saito,11,Minute Maid Park,night,2,4,False,,
235010,2008,2008-07-01,2008-07-02T00:10:00Z,R,Regular Season,N,1,Final,F,Detroit Tigers,116,4,Minnesota Twins,142,6,Scott Baker,Nate Robertson,Joe Nathan,9,Hubert H. Humphrey Metrodome,night,2,3,False,,
235009,2008,2008-07-01,2008-07-02T00:11:00Z,R,Regular Season,N,1,Final,F,Cleveland Indians,114,2,Chicago White Sox,145,3,Adam Russell,Joe Borowski,,10,U.S. Cellular Field,night,2,3,False,,
235014,2008,2008-07-01,2008-07-02T00:15:00Z,R,Regular Season,N,1,Final,F,New York Mets,121,7,St. Louis Cardinals,138,4,Tony Armas,Todd Wellemeyer,Billy Wagner,9,Busch Stadium,night,2,4,False,,
235018,2008,2008-07-01,2008-07-02T01:05:00Z,R,Regular Season,N,1,Final,F,San Diego Padres,135,0,Colorado Rockies,115,4,Aaron Cook,Josh Banks,,9,Coors Field,night,2,3,False,,
235013,2008,2008-07-01,2008-07-02T01:40:00Z,R,Regular Season,N,1,Final,F,Milwaukee Brewers,158,8,Arizona Diamondbacks,109,6,Jeff Suppan,Randy Johnson,Salomon Torres,9,Chase Field,night,2,4,False,,
235015,2008,2008-07-01,2008-07-02T02:05:00Z,R,Regular Season,N,1,Final,F,Oakland Athletics,133,3,Los Angeles Angels,108,5,Scot Shields,Alan Embree,Francisco Rodríguez,9,Angel Stadium of Anaheim,night,2,3,False,,
235020,2008,2008-07-01,2008-07-02T02:10:00Z,R,Regular Season,N,1,Final,F,Toronto Blue Jays,141,6,Seattle Mariners,136,7,Brandon Morrow,Scott Downs,,9,Safeco Field,night,2,3,False,,
235008,2008,2008-07-01,2008-07-02T02:15:00Z,R,Regular Season,N,1,Final,F,Chicago Cubs,112,1,San Francisco Giants,137,2,Matt Cain,Jason Marquis,Brian Wilson,9,AT&T Park,night,2,4,False,,
235036,2008,2008-07-02,2008-07-02T16:10:00Z,R,Regular Season,N,1,Final,F,Washington Nationals,120,2,Florida Marlins,146,4,Ricky Nolasco,Charlie Manning,Kevin Gregg,9,Dolphin Stadium,day,3,3,False,,
235025,2008,2008-07-02,2008-07-02T17:10:00Z,R,Regular Season,N,1,Final,F,Detroit Tigers,116,0,Minnesota Twins,142,7,Nick Blackburn,Eddie Bonine,,9,Hubert H. Humphrey Metrodome,day,3,3,False,,
235030,2008,2008-07-02,2008-07-02T19:35:00Z,R,Regular Season,N,1,Final,F,Oakland Athletics,133,4,Los Angeles Angels,108,7,Joe Saunders,Keith Foulke,Francisco Rodríguez,9,Angel Stadium of Anaheim,day,3,3,False,,
235031,2008,2008-07-02,2008-07-02T23:00:00Z,R,Regular Season,N,1,Final,F,Philadelphia Phillies,143,7,Atlanta Braves,144,3,Adam Eaton,Jorge Campillo,,9,Turner Field,night,2,3,False,,
235026,2008,2008-07-02,2008-07-02T23:05:00Z,R,Regular Season,N,1,Final,F,Kansas City Royals,118,2,Baltimore Orioles,110,5,Daniel Cabrera,Gil Meche,,9,Oriole Park at Camden Yards,night,3,4,False,,
235034,2008,2008-07-02,2008-07-02T23:05:00Z,R,Regular Season,N,1,Final,F,Texas Rangers,140,7,New York Yankees,147,18,Edwar Ramirez,Warner Madrigal,,9,Yankee Stadium I,night,3,3,False,,
235022,2008,2008-07-02,2008-07-02T23:10:00Z,R,Regular Season,N,1,Final,F,Boston Red Sox,111,6,Tampa Bay Rays,139,7,Gary Glover,Craig Hansen,Dan Wheeler,9,Tropicana Field,night,3,3,False,,
235032,2008,2008-07-02,2008-07-02T23:10:00Z,R,Regular Season,N,1,Final,F,Pittsburgh Pirates,134,9,Cincinnati Reds,113,5,Denny Bautista,Daryl Thompson,,9,Great American Ball Park,night,3,3,False,,
235027,2008,2008-07-02,2008-07-03T00:05:00Z,R,Regular Season,N,1,Final,F,Los Angeles Dodgers,119,4,Houston Astros,117,1,Hiroki Kuroda,Runelvys Hernandez,,9,Minute Maid Park,night,3,4,False,,
235024,2008,2008-07-02,2008-07-03T00:11:00Z,R,Regular Season,N,1,Final,F,Cleveland Indians,114,5,Chicago White Sox,145,6,Adam Russell,Masa Kobayashi,,10,U.S. Cellular Field,night,3,3,False,,
235029,2008,2008-07-02,2008-07-03T00:15:00Z,R,Regular Season,N,1,Final,F,New York Mets,121,7,St. Louis Cardinals,138,8,Ryan Franklin,Carlos Muniz,,9,Busch Stadium,night,3,4,False,,
235033,2008,2008-07-02,2008-07-03T01:05:00Z,R,Regular Season,N,1,Final,F,San Diego Padres,135,1,Colorado Rockies,115,8,Ubaldo Jiménez,Randy Wolf,,9,Coors Field,night,3,3,False,,
235028,2008,2008-07-02,2008-07-03T01:40:00Z,R,Regular Season,N,1,Final,F,Milwaukee Brewers,158,4,Arizona Diamondbacks,109,3,David Riske,Brandon Lyon,Salomon Torres,9,Chase Field,night,3,4,False,,
235035,2008,2008-07-02,2008-07-03T02:10:00Z,R,Regular Season,N,1,Final,F,Toronto Blue Jays,141,2,Seattle Mariners,136,4,Jarrod Washburn,Dustin McGowan,Brandon Morrow,9,Safeco Field,night,3,3,False,,
235023,2008,2008-07-02,2008-07-03T02:15:00Z,R,Regular Season,N,1,Final,F,Chicago Cubs,112,6,San Francisco Giants,137,5,Carlos Marmol,Tyler Walker,Kerry Wood,9,AT&T Park,night,3,4,False,,
235042,2008,2008-07-03,2008-07-03T18:05:00Z,R,Regular Season,N,1,Final,F,Los Angeles Dodgers,119,5,Houston Astros,117,2,Chad Billingsley,Brandon Backe,Takashi Saito,9,Minute Maid Park,day,4,4,False,,
235043,2008,2008-07-03,2008-07-03T19:40:00Z,R,Regular Season,N,1,Final,F,Milwaukee Brewers,158,5,Arizona Diamondbacks,109,6,Leo Rosales,Salomon Torres,,9,Chase Field,day,4,4,False,,
235046,2008,2008-07-03,2008-07-03T23:00:00Z,R,Regular Season,N,1,Final,F,Philadelphia Phillies,143,4,Atlanta Braves,144,1,Cole Hamels,Jair Jurrjens,Tom Gordon,9,Turner Field,night,3,3,False,,
235037,2008,2008-07-03,2008-07-03T23:05:00Z,R,Regular Season,N,1,Final,F,Boston Red Sox,111,7,New York Yankees,147,0,Jon Lester,Andy Pettitte,,9,Yankee Stadium I,night,1,4,False,,
235038,2008,2008-07-03,2008-07-03T23:05:00Z,R,Regular Season,N,1,Final,F,Chicago Cubs,112,3,San Francisco Giants,137,8,Tim Lincecum,Sean Gallagher,,9,AT&T Park,day,4,4,False,,
235041,2008,2008-07-03,2008-07-03T23:05:00Z,R,Regular Season,N,1,Final,F,Kansas City Royals,118,10,Baltimore Orioles,110,7,Joel Peralta,Adam Loewen,Joakim Soria,9,Oriole Park at Camden Yards,night,4,4,False,,
235047,2008,2008-07-03,2008-07-03T23:10:00Z,R,Regular Season,N,1,Final,F,Washington Nationals,120,3,Cincinnati Reds,113,5,Johnny Cueto,Jesus Colome,Francisco Cordero,9,Great American Ball Park,night,1,4,False,,
235040,2008,2008-07-03,2008-07-04T00:05:00Z,R,Regular Season,N,1,Final,F,Florida Marlins,146,5,Colorado Rockies,115,6,Matt Herges,Kevin Gregg,,11,Coors Field,night,1,4,False,,
235045,2008,2008-07-03,2008-07-04T00:11:00Z,R,Regular Season,N,1,Final,F,Oakland Athletics,133,3,Chicago White Sox,145,2,Justin Duchscherer,Javier Vazquez,Huston Street,9,U.S. Cellular Field,night,1,4,False,,
235044,2008,2008-07-03,2008-07-04T00:15:00Z,R,Regular Season,N,1,Final,F,New York Mets,121,11,St. Louis Cardinals,138,1,Mike Pelfrey,Mitchell Boggs,,9,Busch Stadium,night,4,4,False,,
235039,2008,2008-07-03,2008-07-04T02:10:00Z,R,Regular Season,N,1,Final,F,Detroit Tigers,116,8,Seattle Mariners,136,4,Justin Verlander,Carlos Silva,Fernando Rodney,9,Safeco Field,night,1,4,False,,
235048,2008,2008-07-04,2008-07-04T17:05:00Z,R,Regular Season,N,1,Final,F,Boston Red Sox,111,6,New York Yankees,147,4,Josh Beckett,Darrell Rasner,Jonathan Papelbon,9,Yankee Stadium I,day,2,4,False,,
235062,2008,2008-07-04,2008-07-04T17:15:00Z,R,Regular Season,N,1,Final,F,Washington Nationals,120,0,Cincinnati Reds,113,3,Bronson Arroyo,Jason Bergmann,Francisco Cordero,9,Great American Ball Park,day,2,4,False,,
235058,2008,2008-07-04,2008-07-04T18:05:00Z,R,Regular Season,N,1,Final,F,Pittsburgh Pirates,134,1,Milwaukee Brewers,158,9,Ben Sheets,Tom Gorzelanny,Carlos Villanueva,9,Miller Park,day,1,3,False,,
235055,2008,2008-07-04,2008-07-04T20:05:00Z,R,Regular Season,N,1,Final,F,Los Angeles Dodgers,119,10,San Francisco Giants,137,7,Derek Lowe,Osiris Matos,Takashi Saito,9,AT&T Park,day,1,3,False,,
235051,2008,2008-07-04,2008-07-04T20:10:00Z,R,Regular Season,N,1,Final,F,Detroit Tigers,116,1,Seattle Mariners,136,4,Erik Bedard,Kenny Rogers,Brandon Morrow,9,Safeco Field,day,2,4,False,,
235060,2008,2008-07-04,2008-07-04T20:35:00Z,R,Regular Season,N,1,Final,F,Texas Rangers,140,4,Baltimore Orioles,110,10,Jeremy Guthrie,Vicente Padilla,,9,Oriole Park at Camden Yards,day,1,3,False,,
235054,2008,2008-07-04,2008-07-04T21:10:00Z,R,Regular Season,N,1,Final,F,Kansas City Royals,118,2,Tampa Bay Rays,139,11,Edwin Jackson,Brian Bannister,,9,Tropicana Field,night,1,4,False,,
235056,2008,2008-07-04,2008-07-04T23:05:00Z,R,Regular Season,N,1,Final,F,New York Mets,121,2,Philadelphia Phillies,143,3,Brad Lidge,Duaner Sanchez,,9,Citizens Bank Park,night,1,4,False,,
235057,2008,2008-07-04,2008-07-04T23:05:00Z,R,Regular Season,N,1,Final,F,Oakland Athletics,133,7,Chicago White Sox,145,1,Joe Blanton,Mark Buehrle,,9,U.S. Cellular Field,night,2,4,False,,
235050,2008,2008-07-04,2008-07-04T23:10:00Z,R,Regular Season,N,1,Final,F,Cleveland Indians,114,3,Minnesota Twins,142,12,Livan Hernandez,Paul Byrd,,9,Hubert H. Humphrey Metrodome,night,1,3,False,,
235053,2008,2008-07-04,2008-07-04T23:30:00Z,R,Regular Season,N,1,Final,F,Houston Astros,117,2,Atlanta Braves,144,6,Tim Hudson,Brian Moehler,,9,Turner Field,night,1,3,False,,
235052,2008,2008-07-04,2008-07-05T00:05:00Z,R,Regular Season,N,1,Final,F,Florida Marlins,146,17,Colorado Rockies,115,18,Taylor Buchholz,Kevin Gregg,,9,Coors Field,night,2,4,False,,
235049,2008,2008-07-04,2008-07-05T00:15:00Z,R,Regular Season,N,1,Final,F,Chicago Cubs,112,2,St. Louis Cardinals,138,1,Carlos Zambrano,Braden Looper,Kerry Wood,9,Busch Stadium,night,1,3,False,,
235061,2008,2008-07-04,2008-07-05T01:05:00Z,R,Regular Season,N,1,Final,F,Toronto Blue Jays,141,2,Los Angeles Angels,108,8,Jered Weaver,A.J. Burnett,,9,Angel Stadium of Anaheim,night,1,3,False,,
235059,2008,2008-07-04,2008-07-05T01:40:00Z,R,Regular Season,N,1,Final,F,San Diego Padres,135,5,Arizona Diamondbacks,109,1,Cha Seung Baek,Dan Haren,,9,Chase Field,night,1,3,False,,
235063,2008,2008-07-05,2008-07-05T19:55:00Z,R,Regular Season,N,1,Final,F,Boston Red Sox,111,1,New York Yankees,147,2,Mike Mussina,Justin Masterson,Mariano Rivera,9,Yankee Stadium I,day,3,4,False,,
235064,2008,2008-07-05,2008-07-05T19:55:00Z,R,Regular Season,N,1,Final,F,Chicago Cubs,112,4,St. Louis Cardinals,138,5,Kyle McClellan,Kerry Wood,,9,Busch Stadium,day,2,3,False,,
235068,2008,2008-07-05,2008-07-05T23:00:00Z,R,Regular Season,N,1,Final,F,Houston Astros,117,6,Atlanta Braves,144,1,Chris Sampson,Jo-Jo Reyes,,9,Turner Field,night,2,3,False,,
235071,2008,2008-07-05,2008-07-05T23:05:00Z,R,Regular Season,N,1,Final,F,New York Mets,121,9,Philadelphia Phillies,143,4,Pedro Feliciano,J.C. Romero,,9,Citizens Bank Park,night,2,4,False,,
235072,2008,2008-07-05,2008-07-05T23:05:00Z,R,Regular Season,N,1,Final,F,Oakland Athletics,133,1,Chicago White Sox,145,6,Gavin Floyd,Greg Smith,,9,U.S. Cellular Field,night,3,4,False,,
235073,2008,2008-07-05,2008-07-05T23:05:00Z,R,Regular Season,N,1,Final,F,Pittsburgh Pirates,134,1,Milwaukee Brewers,158,2,Eric Gagne,Tyler Yates,,9,Miller Park,night,2,3,False,,
235075,2008,2008-07-05,2008-07-05T23:05:00Z,R,Regular Season,N,1,Final,F,Texas Rangers,140,5,Baltimore Orioles,110,3,Scott Feldman,Lance Cormier,C.J. Wilson,9,Oriole Park at Camden Yards,night,2,3,False,,
235065,2008,2008-07-05,2008-07-05T23:10:00Z,R,Regular Season,N,1,Final,F,Cleveland Indians,114,6,Minnesota Twins,142,9,Kevin Slowey,Tom Mastny,Joe Nathan,9,Hubert H. Humphrey Metrodome,night,2,3,False,,
235069,2008,2008-07-05,2008-07-05T23:10:00Z,R,Regular Season,N,1,Final,F,Kansas City Royals,118,0,Tampa Bay Rays,139,3,Andy Sonnanstine,Zack Greinke,Grant Balfour,9,Tropicana Field,night,2,4,False,,
235077,2008,2008-07-05,2008-07-05T23:10:00Z,R,Regular Season,N,1,Final,F,Washington Nationals,120,2,Cincinnati Reds,113,3,Francisco Cordero,Joel Hanrahan,,9,Great American Ball Park,night,3,4,False,,
235067,2008,2008-07-05,2008-07-06T00:05:00Z,R,Regular Season,N,1,Final,F,Florida Marlins,146,6,Colorado Rockies,115,12,Jorge De La Rosa,Ryan Tucker,,9,Coors Field,night,3,4,False,,
235074,2008,2008-07-05,2008-07-06T00:10:00Z,R,Regular Season,N,1,Final,F,San Diego Padres,135,4,Arizona Diamondbacks,109,2,Jake Peavy,Doug Davis,Trevor Hoffman,9,Chase Field,night,2,3,False,,
235070,2008,2008-07-05,2008-07-06T01:05:00Z,R,Regular Season,N,1,Final,F,Los Angeles Dodgers,119,2,San Francisco Giants,137,5,Barry Zito,Brian Falkenborg,Brian Wilson,9,AT&T Park,night,2,3,False,,
235076,2008,2008-07-05,2008-07-06T01:05:00Z,R,Regular Season,N,1,Final,F,Toronto Blue Jays,141,7,Los Angeles Angels,108,5,Roy Halladay,John Lackey,,9,Angel Stadium of Anaheim,night,2,3,False,,
235066,2008,2008-07-05,2008-07-06T02:10:00Z,R,Regular Season,N,1,Final,F,Detroit Tigers,116,2,Seattle Mariners,136,3,Miguel Batista,Fernando Rodney,Brandon Morrow,9,Safeco Field,night,3,4,False,,
235092,2008,2008-07-06,2008-07-06T17:15:00Z,R,Regular Season,N,1,Final,F,Washington Nationals,120,5,Cincinnati Reds,113,6,Edinson Volquez,Collin Balester,Francisco Cordero,9,Great American Ball Park,day,4,4,False,,
235083,2008,2008-07-06,2008-07-06T17:30:00Z,R,Regular Season,N,1,Final,F,Houston Astros,117,6,Atlanta Braves,144,7,Royce Ring,Tim Byrdak,,17,Turner Field,day,3,3,False,,
235086,2008,2008-07-06,2008-07-06T17:35:00Z,R,Regular Season,N,1,Final,F,New York Mets,121,4,Philadelphia Phillies,143,2,Joe Smith,Chad Durbin,,12,Citizens Bank Park,day,3,4,False,,
235090,2008,2008-07-06,2008-07-06T17:35:00Z,R,Regular Season,N,1,Final,F,Texas Rangers,140,11,Baltimore Orioles,110,10,Kevin Millwood,Radhames Liz,C.J. Wilson,9,Oriole Park at Camden Yards,day,3,3,False,,
235084,2008,2008-07-06,2008-07-06T17:40:00Z,R,Regular Season,N,1,Final,F,Kansas City Royals,118,2,Tampa Bay Rays,139,9,James Shields,Luke Hochevar,,9,Tropicana Field,day,3,4,False,,
235087,2008,2008-07-06,2008-07-06T18:05:00Z,R,Regular Season,N,1,Final,F,Oakland Athletics,133,3,Chicago White Sox,145,4,John Danks,Rich Harden,Scott Linebrink,9,U.S. Cellular Field,day,4,4,False,,
235088,2008,2008-07-06,2008-07-06T18:05:00Z,R,Regular Season,N,1,Final,F,Pittsburgh Pirates,134,6,Milwaukee Brewers,158,11,Mitch Stetter,Denny Bautista,,9,Miller Park,day,3,3,False,,
235080,2008,2008-07-06,2008-07-06T18:10:00Z,R,Regular Season,N,1,Final,F,Cleveland Indians,114,3,Minnesota Twins,142,4,Glen Perkins,Cliff Lee,Joe Nathan,9,Hubert H. Humphrey Metrodome,day,3,3,False,,
235082,2008,2008-07-06,2008-07-06T19:05:00Z,R,Regular Season,N,1,Final,F,Florida Marlins,146,10,Colorado Rockies,115,5,Chris Volstad,Aaron Cook,,9,Coors Field,day,4,4,False,,
235079,2008,2008-07-06,2008-07-06T19:15:00Z,R,Regular Season,N,1,Final,F,Chicago Cubs,112,7,St. Louis Cardinals,138,1,Sean Marshall,Todd Wellemeyer,,9,Busch Stadium,day,3,3,False,,
235091,2008,2008-07-06,2008-07-06T19:35:00Z,R,Regular Season,N,1,Final,F,Toronto Blue Jays,141,1,Los Angeles Angels,108,7,Jon Garland,Jesse Litsch,,9,Angel Stadium of Anaheim,day,3,3,False,,
235085,2008,2008-07-06,2008-07-06T20:05:00Z,R,Regular Season,N,1,Final,F,Los Angeles Dodgers,119,5,San Francisco Giants,137,3,Brian Falkenborg,Matt Cain,Takashi Saito,9,AT&T Park,day,3,3,False,,
235081,2008,2008-07-06,2008-07-06T20:10:00Z,R,Regular Season,N,1,Final,F,Detroit Tigers,116,2,Seattle Mariners,136,1,Aquilino López,Jamie Burke,Todd Jones,15,Safeco Field,day,4,4,False,,
235089,2008,2008-07-06,2008-07-06T20:10:00Z,R,Regular Season,N,1,Final,F,San Diego Padres,135,2,Arizona Diamondbacks,109,3,Randy Johnson,Josh Banks,Brandon Lyon,9,Chase Field,day,3,3,False,,
235078,2008,2008-07-06,2008-07-07T00:05:00Z,R,Regular Season,N,1,Final,F,Boston Red Sox,111,4,New York Yankees,147,5,Mariano Rivera,Jonathan Papelbon,,10,Yankee Stadium I,night,4,4,False,,
235098,2008,2008-07-07,2008-07-07T16:40:00Z,R,Regular Season,N,1,Final,F,Kansas City Royals,118,7,Tampa Bay Rays,139,4,Joakim Soria,Dan Wheeler,,10,Tropicana Field,day,4,4,False,,
235097,2008,2008-07-07,2008-07-07T23:05:00Z,R,Regular Season,N,1,Final,F,Houston Astros,117,7,Pittsburgh Pirates,134,10,Denny Bautista,Runelvys Hernandez,Damaso Marte,9,PNC Park,night,1,3,False,,
235099,2008,2008-07-07,2008-07-07T23:05:00Z,R,Regular Season,N,1,Final,F,Minnesota Twins,142,0,Boston Red Sox,111,1,Hideki Okajima,Brian Bass,Jonathan Papelbon,9,Fenway Park,night,1,3,False,,
235100,2008,2008-07-07,2008-07-07T23:05:00Z,R,Regular Season,N,1,Final,F,New York Mets,121,10,Philadelphia Phillies,143,9,Pedro Martínez,Adam Eaton,Billy Wagner,9,Citizens Bank Park,night,4,4,False,,
235093,2008,2008-07-07,2008-07-08T00:05:00Z,R,Regular Season,N,1,Final,F,Los Angeles Angels,108,9,Texas Rangers,140,6,Ervin Santana,Luis Mendoza,Francisco Rodríguez,9,Rangers Ballpark in Arlington,night,1,4,False,,
235095,2008,2008-07-07,2008-07-08T00:05:00Z,R,Regular Season,N,1,Final,F,Colorado Rockies,115,4,Milwaukee Brewers,158,3,Ubaldo Jiménez,Seth McClung,Brian Fuentes,9,Miller Park,night,1,4,False,,
235096,2008,2008-07-07,2008-07-08T02:05:00Z,R,Regular Season,N,1,Final,F,Florida Marlins,146,3,San Diego Padres,135,1,Ricky Nolasco,Greg Maddux,Kevin Gregg,9,PETCO Park,night,1,3,False,,
235101,2008,2008-07-07,2008-07-08T02:05:00Z,R,Regular Season,N,1,Final,F,Seattle Mariners,136,3,Oakland Athletics,133,4,Dana Eveland,Jarrod Washburn,Huston Street,9,McAfee Coliseum,night,1,4,False,,
235094,2008,2008-07-07,2008-07-08T02:10:00Z,R,Regular Season,N,1,Final,F,Atlanta Braves,144,0,Los Angeles Dodgers,119,3,Hiroki Kuroda,Jorge Campillo,,9,Dodger Stadium,night,1,3,False,,
235108,2008,2008-07-08,2008-07-08T23:05:00Z,R,Regular Season,N,1,Final,F,Cleveland Indians,114,2,Detroit Tigers,116,9,Justin Verlander,Jeremy Sowers,,9,Comerica Park,night,1,2,False,,
235111,2008,2008-07-08,2008-07-08T23:05:00Z,R,Regular Season,N,1,Final,F,Houston Astros,117,3,Pittsburgh Pirates,134,4,John Grabow,Doug Brocail,Damaso Marte,9,PNC Park,night,2,3,False,,
235112,2008,2008-07-08,2008-07-08T23:05:00Z,R,Regular Season,N,1,Final,F,Minnesota Twins,142,5,Boston Red Sox,111,6,David Aardsma,Matt Guerrier,Jonathan Papelbon,9,Fenway Park,night,2,3,False,,
235116,2008,2008-07-08,2008-07-08T23:05:00Z,R,Regular Season,N,1,Final,F,Tampa Bay Rays,139,0,New York Yankees,147,5,Andy Pettitte,Scott Kazmir,,9,Yankee Stadium I,night,1,2,False,,
235105,2008,2008-07-08,2008-07-08T23:07:00Z,R,Regular Season,N,1,Final,F,Baltimore Orioles,110,6,Toronto Blue Jays,141,7,B.J. Ryan,Jim Johnson,,9,Rogers Centre,night,1,3,False,,
235103,2008,2008-07-08,2008-07-08T23:10:00Z,R,Regular Season,N,1,Final,F,Arizona Diamondbacks,109,2,Washington Nationals,120,0,Brandon Webb,Odalis Perez,Brandon Lyon,9,Nationals Park,night,1,3,False,,
235114,2008,2008-07-08,2008-07-08T23:10:00Z,R,Regular Season,N,1,Final,F,San Francisco Giants,137,0,New York Mets,121,7,Mike Pelfrey,Tim Lincecum,,9,Shea Stadium,night,1,3,False,,
235115,2008,2008-07-08,2008-07-08T23:35:00Z,R,Regular Season,N,1,Final,F,St. Louis Cardinals,138,2,Philadelphia Phillies,143,0,Joel Pineiro,Cole Hamels,Ryan Franklin,9,Citizens Bank Park,night,1,3,False,,
235102,2008,2008-07-08,2008-07-09T00:05:00Z,R,Regular Season,N,1,Final,F,Los Angeles Angels,108,2,Texas Rangers,140,3,Matt Harrison,Joe Saunders,C.J. Wilson,9,Rangers Ballpark in Arlington,night,2,4,False,,
235107,2008,2008-07-08,2008-07-09T00:05:00Z,R,Regular Season,N,1,Final,F,Cincinnati Reds,113,3,Chicago Cubs,112,7,Ryan Dempster,Aaron Harang,,9,Wrigley Field,night,1,3,False,,
235109,2008,2008-07-08,2008-07-09T00:05:00Z,R,Regular Season,N,1,Final,F,Colorado Rockies,115,3,Milwaukee Brewers,158,7,CC Sabathia,Mark Redman,,9,Miller Park,night,2,4,False,,
235106,2008,2008-07-08,2008-07-09T00:10:00Z,R,Regular Season,N,1,Final,F,Chicago White Sox,145,8,Kansas City Royals,118,7,Nick Masset,Robinson Tejeda,,13,Kauffman Stadium,night,1,3,False,,
235110,2008,2008-07-08,2008-07-09T02:05:00Z,R,Regular Season,N,1,Final,F,Florida Marlins,146,1,San Diego Padres,135,10,Randy Wolf,Andrew Miller,,9,PETCO Park,night,2,3,False,,
235113,2008,2008-07-08,2008-07-09T02:05:00Z,R,Regular Season,N,1,Final,F,Seattle Mariners,136,0,Oakland Athletics,133,2,Justin Duchscherer,Carlos Silva,,9,McAfee Coliseum,night,2,4,False,,
235104,2008,2008-07-08,2008-07-09T02:10:00Z,R,Regular Season,N,1,Final,F,Atlanta Braves,144,9,Los Angeles Dodgers,119,3,Jair Jurrjens,Chad Billingsley,,9,Dodger Stadium,night,2,3,False,,
235127,2008,2008-07-09,2008-07-09T17:05:00Z,R,Regular Season,N,1,Final,F,Minnesota Twins,142,5,Boston Red Sox,111,18,Josh Beckett,Livan Hernandez,,9,Fenway Park,day,3,3,False,,
235131,2008,2008-07-09,2008-07-09T17:05:00Z,R,Regular Season,N,1,Final,F,Tampa Bay Rays,139,1,New York Yankees,147,2,Mariano Rivera,Grant Balfour,,10,Yankee Stadium I,day,2,2,False,,
235125,2008,2008-07-09,2008-07-09T19:35:00Z,R,Regular Season,N,1,Final,F,Florida Marlins,146,5,San Diego Padres,135,2,Scott Olsen,Cha Seung Baek,Kevin Gregg,9,PETCO Park,day,3,3,False,,
235123,2008,2008-07-09,2008-07-09T23:05:00Z,R,Regular Season,N,1,Final,F,Cleveland Indians,114,6,Detroit Tigers,116,8,Todd Jones,Jensen Lewis,,9,Comerica Park,night,2,2,False,,
235126,2008,2008-07-09,2008-07-09T23:05:00Z,R,Regular Season,N,1,Final,F,Houston Astros,117,6,Pittsburgh Pirates,134,4,Brian Moehler,Sean Burnett,Jose Valverde,9,PNC Park,night,3,3,False,,
235130,2008,2008-07-09,2008-07-09T23:05:00Z,R,Regular Season,N,1,Final,F,St. Louis Cardinals,138,2,Philadelphia Phillies,143,4,Clay Condrey,Kyle McClellan,Brad Lidge,9,Citizens Bank Park,night,2,3,False,,
235120,2008,2008-07-09,2008-07-09T23:07:00Z,R,Regular Season,N,1,Final,F,Baltimore Orioles,110,8,Toronto Blue Jays,141,9,A.J. Burnett,Garrett Olson,B.J. Ryan,9,Rogers Centre,night,2,3,False,,
235118,2008,2008-07-09,2008-07-09T23:10:00Z,R,Regular Season,N,1,Final,F,Arizona Diamondbacks,109,0,Washington Nationals,120,5,John Lannan,Micah Owings,,9,Nationals Park,night,2,3,False,,
235129,2008,2008-07-09,2008-07-09T23:10:00Z,R,Regular Season,N,1,Final,F,San Francisco Giants,137,0,New York Mets,121,5,Johan Santana,Jonathan Sánchez,,9,Shea Stadium,night,2,3,False,,
235117,2008,2008-07-09,2008-07-10T00:05:00Z,R,Regular Season,N,1,Final,F,Los Angeles Angels,108,4,Texas Rangers,140,5,Jamey Wright,Francisco Rodríguez,,9,Rangers Ballpark in Arlington,night,3,4,False,,
235122,2008,2008-07-09,2008-07-10T00:05:00Z,R,Regular Season,N,1,Final,F,Cincinnati Reds,113,1,Chicago Cubs,112,5,Carlos Zambrano,Johnny Cueto,Kerry Wood,9,Wrigley Field,night,2,3,False,,
235124,2008,2008-07-09,2008-07-10T00:05:00Z,R,Regular Season,N,1,Final,F,Colorado Rockies,115,8,Milwaukee Brewers,158,3,Glendon Rusch,Ben Sheets,,9,Miller Park,night,3,4,False,,
235121,2008,2008-07-09,2008-07-10T00:10:00Z,R,Regular Season,N,1,Final,F,Chicago White Sox,145,7,Kansas City Royals,118,6,Adam Russell,Robinson Tejeda,Octavio Dotel,9,Kauffman Stadium,night,2,3,False,,
235128,2008,2008-07-09,2008-07-10T02:05:00Z,R,Regular Season,N,1,Final,F,Seattle Mariners,136,6,Oakland Athletics,133,4,Roy Corcoran,Joe Blanton,Brandon Morrow,9,McAfee Coliseum,night,3,4,False,,
235119,2008,2008-07-09,2008-07-10T02:10:00Z,R,Regular Season,N,1,Final,F,Atlanta Braves,144,1,Los Angeles Dodgers,119,2,Derek Lowe,Tim Hudson,Takashi Saito,9,Dodger Stadium,night,3,3,False,,
235139,2008,2008-07-10,2008-07-10T17:05:00Z,R,Regular Season,N,1,Final,F,Minnesota Twins,142,7,Detroit Tigers,116,6,Matt Guerrier,Freddy Dolsi,,11,Comerica Park,day,1,4,False,,
235142,2008,2008-07-10,2008-07-10T17:05:00Z,R,Regular Season,N,1,Final,F,St. Louis Cardinals,138,1,Philadelphia Phillies,143,4,Jamie Moyer,Braden Looper,J.C. Romero,9,Citizens Bank Park,day,3,3,False,,
235141,2008,2008-07-10,2008-07-10T17:10:00Z,R,Regular Season,N,1,Final,F,San Francisco Giants,137,3,New York Mets,121,7,Scott Schoeneweis,Sergio Romo,,9,Shea Stadium,day,3,3,False,,
235137,2008,2008-07-10,2008-07-10T18:05:00Z,R,Regular Season,N,1,Final,F,Colorado Rockies,115,1,Milwaukee Brewers,158,11,Dave Bush,Jorge De La Rosa,,9,Miller Park,day,4,4,False,,
235136,2008,2008-07-10,2008-07-10T18:20:00Z,R,Regular Season,N,1,Final,F,Cincinnati Reds,113,12,Chicago Cubs,112,7,Bronson Arroyo,Ted Lilly,,9,Wrigley Field,day,3,3,False,,
235140,2008,2008-07-10,2008-07-10T19:35:00Z,R,Regular Season,N,1,Final,F,Seattle Mariners,136,2,Oakland Athletics,133,3,Huston Street,Cesar Jimenez,,11,McAfee Coliseum,day,4,4,False,,
234942,2008,2008-07-10,2008-07-10T23:05:00Z,R,Regular Season,N,1,Final,F,New York Yankees,147,2,Pittsburgh Pirates,134,4,Paul Maholm,Jose Veras,Damaso Marte,9,PNC Park,night,1,1,False,,
235143,2008,2008-07-10,2008-07-10T23:05:00Z,R,Regular Season,N,1,Final,F,Tampa Bay Rays,139,2,Cleveland Indians,114,13,Aaron Laffey,Andy Sonnanstine,,9,Progressive Field,night,1,4,False,,
235134,2008,2008-07-10,2008-07-10T23:07:00Z,R,Regular Season,N,1,Final,F,Baltimore Orioles,110,5,Toronto Blue Jays,141,6,Shawn Camp,George Sherrill,,9,Rogers Centre,night,3,3,False,,
235133,2008,2008-07-10,2008-07-10T23:10:00Z,R,Regular Season,N,1,Final,F,Arizona Diamondbacks,109,7,Washington Nationals,120,5,Chad Qualls,Luis Ayala,,11,Nationals Park,night,3,3,False,,
235132,2008,2008-07-10,2008-07-11T00:05:00Z,R,Regular Season,N,1,Final,F,Los Angeles Angels,108,11,Texas Rangers,140,10,Justin Speier,Jamey Wright,Francisco Rodríguez,11,Rangers Ballpark in Arlington,night,4,4,False,,
235135,2008,2008-07-10,2008-07-11T00:10:00Z,R,Regular Season,N,1,Final,F,Chicago White Sox,145,1,Kansas City Royals,118,4,Ron Mahay,Mark Buehrle,Joakim Soria,9,Kauffman Stadium,night,3,3,False,,
235138,2008,2008-07-10,2008-07-11T02:10:00Z,R,Regular Season,N,1,Final,F,Florida Marlins,146,5,Los Angeles Dodgers,119,4,Joe Nelson,Brian Falkenborg,Kevin Gregg,11,Dodger Stadium,night,1,4,False,,
235156,2008,2008-07-11,2008-07-11T18:20:00Z,R,Regular Season,N,1,Final,F,San Francisco Giants,137,1,Chicago Cubs,112,3,Bob Howry,Tyler Walker,Kerry Wood,9,Wrigley Field,day,1,3,False,,
235145,2008,2008-07-11,2008-07-11T23:05:00Z,R,Regular Season,N,1,Final,F,Arizona Diamondbacks,109,5,Philadelphia Phillies,143,6,Rudy Seanez,Connor Robertson,,12,Citizens Bank Park,night,1,3,False,,
235147,2008,2008-07-11,2008-07-11T23:05:00Z,R,Regular Season,N,1,Final,F,Baltimore Orioles,110,7,Boston Red Sox,111,3,Brian Burres,Clay Buchholz,George Sherrill,9,Fenway Park,night,1,3,False,,
235153,2008,2008-07-11,2008-07-11T23:05:00Z,R,Regular Season,N,1,Final,F,Minnesota Twins,142,3,Detroit Tigers,116,2,Glen Perkins,Armando Galarraga,Joe Nathan,9,Comerica Park,night,2,4,False,,
235157,2008,2008-07-11,2008-07-11T23:05:00Z,R,Regular Season,N,1,Final,F,St. Louis Cardinals,138,6,Pittsburgh Pirates,134,0,Kyle Lohse,Zach Duke,,9,PNC Park,night,1,3,False,,
235158,2008,2008-07-11,2008-07-11T23:05:00Z,R,Regular Season,N,1,Final,F,Tampa Bay Rays,139,0,Cleveland Indians,114,5,Cliff Lee,James Shields,,9,Progressive Field,night,2,4,False,,
235154,2008,2008-07-11,2008-07-11T23:07:00Z,R,Regular Season,N,1,Final,F,New York Yankees,147,0,Toronto Blue Jays,141,5,Roy Halladay,Joba Chamberlain,,9,Rogers Centre,night,1,3,False,,
235150,2008,2008-07-11,2008-07-11T23:10:00Z,R,Regular Season,N,1,Final,F,Colorado Rockies,115,1,New York Mets,121,2,Pedro Feliciano,Taylor Buchholz,Billy Wagner,9,Shea Stadium,night,1,3,False,,
235152,2008,2008-07-11,2008-07-11T23:35:00Z,R,Regular Season,N,1,Final,F,Houston Astros,117,0,Washington Nationals,120,10,Tim Redding,Chad Paronto,Steven Shell,9,Nationals Park,night,1,3,False,,
235148,2008,2008-07-11,2008-07-12T00:05:00Z,R,Regular Season,N,1,Final,F,Chicago White Sox,145,2,Texas Rangers,140,7,Luis Mendoza,Gavin Floyd,Eddie Guardado,9,Rangers Ballpark in Arlington,night,1,3,False,,
235149,2008,2008-07-11,2008-07-12T00:05:00Z,R,Regular Season,N,1,Final,F,Cincinnati Reds,113,6,Milwaukee Brewers,158,5,Mike Lincoln,Brian Shouse,Francisco Cordero,9,Miller Park,night,1,3,False,,
235155,2008,2008-07-11,2008-07-12T00:10:00Z,R,Regular Season,N,1,Final,F,Seattle Mariners,136,1,Kansas City Royals,118,3,Luke Hochevar,Félix Hernández,Joakim Soria,9,Kauffman Stadium,night,1,3,False,,
235144,2008,2008-07-11,2008-07-12T02:05:00Z,R,Regular Season,N,1,Final,F,Los Angeles Angels,108,2,Oakland Athletics,133,9,Sean Gallagher,Jon Garland,,9,McAfee Coliseum,night,1,3,False,,
235146,2008,2008-07-11,2008-07-12T02:05:00Z,R,Regular Season,N,1,Final,F,Atlanta Braves,144,0,San Diego Padres,135,4,Jake Peavy,Jo-Jo Reyes,Trevor Hoffman,9,PETCO Park,night,1,3,False,,
235151,2008,2008-07-11,2008-07-12T02:40:00Z,R,Regular Season,N,1,Final,F,Florida Marlins,146,3,Los Angeles Dodgers,119,1,Chris Volstad,Eric Stults,Kevin Gregg,9,Dodger Stadium,night,2,4,False,,
235171,2008,2008-07-12,2008-07-12T17:05:00Z,R,Regular Season,N,1,Final,F,San Francisco Giants,137,7,Chicago Cubs,112,8,Sean Marshall,Brian Wilson,,11,Wrigley Field,day,2,3,False,,
235169,2008,2008-07-12,2008-07-12T17:07:00Z,R,Regular Season,N,1,Final,F,New York Yankees,147,9,Toronto Blue Jays,141,4,Darrell Rasner,Jesse Litsch,,9,Rogers Centre,day,2,3,False,,
235160,2008,2008-07-12,2008-07-12T19:55:00Z,R,Regular Season,N,1,Final,F,Arizona Diamondbacks,109,10,Philadelphia Phillies,143,4,Randy Johnson,Adam Eaton,,9,Citizens Bank Park,day,2,3,False,,
235165,2008,2008-07-12,2008-07-12T19:55:00Z,R,Regular Season,N,1,Final,F,Colorado Rockies,115,0,New York Mets,121,3,Carlos Muniz,Ubaldo Jiménez,Billy Wagner,9,Shea Stadium,day,2,3,False,,
235168,2008,2008-07-12,2008-07-12T19:55:00Z,R,Regular Season,N,1,Final,F,Minnesota Twins,142,6,Detroit Tigers,116,5,Scott Baker,Nate Robertson,Joe Nathan,9,Comerica Park,day,3,4,False,,
235162,2008,2008-07-12,2008-07-12T23:05:00Z,R,Regular Season,N,1,Final,F,Baltimore Orioles,110,1,Boston Red Sox,111,12,Tim Wakefield,Radhames Liz,,9,Fenway Park,night,2,3,False,,
235163,2008,2008-07-12,2008-07-12T23:05:00Z,R,Regular Season,N,1,Final,F,Chicago White Sox,145,9,Texas Rangers,140,7,John Danks,Kevin Millwood,,9,Rangers Ballpark in Arlington,night,2,3,False,,
235164,2008,2008-07-12,2008-07-12T23:05:00Z,R,Regular Season,N,1,Final,F,Cincinnati Reds,113,8,Milwaukee Brewers,158,2,Edinson Volquez,Seth McClung,,9,Miller Park,night,2,3,False,,
235172,2008,2008-07-12,2008-07-12T23:05:00Z,R,Regular Season,N,1,Final,F,St. Louis Cardinals,138,11,Pittsburgh Pirates,134,12,Denny Bautista,Chris Perez,,10,PNC Park,night,2,3,False,,
235173,2008,2008-07-12,2008-07-12T23:05:00Z,R,Regular Season,N,1,Final,F,Tampa Bay Rays,139,4,Cleveland Indians,114,8,Matt Ginter,Matt Garza,,9,Progressive Field,night,3,4,False,,
235167,2008,2008-07-12,2008-07-12T23:10:00Z,R,Regular Season,N,1,Final,F,Houston Astros,117,6,Washington Nationals,120,4,Wandy Rodriguez,Collin Balester,Jose Valverde,9,Nationals Park,night,2,3,False,,
235170,2008,2008-07-12,2008-07-12T23:10:00Z,R,Regular Season,N,1,Final,F,Seattle Mariners,136,4,Kansas City Royals,118,5,Horacio Ramirez,Brandon Morrow,,9,Kauffman Stadium,night,2,3,False,,
235159,2008,2008-07-12,2008-07-13T01:05:00Z,R,Regular Season,N,1,Final,F,Los Angeles Angels,108,4,Oakland Athletics,133,1,Ervin Santana,Dana Eveland,Francisco Rodríguez,9,McAfee Coliseum,night,2,3,False,,
235166,2008,2008-07-12,2008-07-13T02:10:00Z,R,Regular Season,N,1,Final,F,Florida Marlins,146,5,Los Angeles Dodgers,119,3,Doug Waechter,Ramon Troncoso,Kevin Gregg,11,Dodger Stadium,night,3,4,False,,
235161,2008,2008-07-12,2008-07-13T02:15:00Z,R,Regular Season,N,1,Final,F,Atlanta Braves,144,4,San Diego Padres,135,1,Charlie Morton,Greg Maddux,Michael Gonzalez,9,PETCO Park,night,2,3,False,,
235183,2008,2008-07-13,2008-07-13T17:05:00Z,R,Regular Season,N,1,Final,F,Minnesota Twins,142,2,Detroit Tigers,116,4,Justin Verlander,Nick Blackburn,Todd Jones,9,Comerica Park,day,4,4,False,,
235188,2008,2008-07-13,2008-07-13T17:05:00Z,R,Regular Season,N,1,Final,F,Tampa Bay Rays,139,2,Cleveland Indians,114,5,Tom Mastny,Scott Kazmir,Masa Kobayashi,9,Progressive Field,day,4,4,False,,
235184,2008,2008-07-13,2008-07-13T17:07:00Z,R,Regular Season,N,1,Final,F,New York Yankees,147,1,Toronto Blue Jays,141,4,A.J. Burnett,Andy Pettitte,B.J. Ryan,9,Rogers Centre,day,3,3,False,,
235175,2008,2008-07-13,2008-07-13T17:35:00Z,R,Regular Season,N,1,Final,F,Arizona Diamondbacks,109,3,Philadelphia Phillies,143,6,Ryan Madson,Chad Qualls,,9,Citizens Bank Park,day,3,3,False,,
235177,2008,2008-07-13,2008-07-13T17:35:00Z,R,Regular Season,N,1,Final,F,Baltimore Orioles,110,1,Boston Red Sox,111,2,Daisuke Matsuzaka,Daniel Cabrera,Jonathan Papelbon,9,Fenway Park,day,3,3,False,,
235182,2008,2008-07-13,2008-07-13T17:35:00Z,R,Regular Season,N,1,Final,F,Houston Astros,117,5,Washington Nationals,120,0,Brandon Backe,Odalis Perez,,9,Nationals Park,day,3,3,False,,
235187,2008,2008-07-13,2008-07-13T17:35:00Z,R,Regular Season,N,1,Final,F,St. Louis Cardinals,138,11,Pittsburgh Pirates,134,6,Russ Springer,Franquelis Osoria,,9,PNC Park,day,3,3,False,,
235179,2008,2008-07-13,2008-07-13T18:05:00Z,R,Regular Season,N,1,Final,F,Cincinnati Reds,113,2,Milwaukee Brewers,158,3,CC Sabathia,David Weathers,,9,Miller Park,day,3,3,False,,
235185,2008,2008-07-13,2008-07-13T18:10:00Z,R,Regular Season,N,1,Final,F,Seattle Mariners,136,4,Kansas City Royals,118,3,Sean Green,Joakim Soria,Brandon Morrow,9,Kauffman Stadium,day,3,3,False,,
235186,2008,2008-07-13,2008-07-13T18:20:00Z,R,Regular Season,N,1,Final,F,San Francisco Giants,137,4,Chicago Cubs,112,2,Tim Lincecum,Ryan Dempster,Brian Wilson,9,Wrigley Field,day,3,3,False,,
235178,2008,2008-07-13,2008-07-13T19:05:00Z,R,Regular Season,N,1,Final,F,Chicago White Sox,145,11,Texas Rangers,140,12,Jamey Wright,Boone Logan,,9,Rangers Ballpark in Arlington,day,3,3,False,,
235174,2008,2008-07-13,2008-07-13T20:05:00Z,R,Regular Season,N,1,Final,F,Los Angeles Angels,108,4,Oakland Athletics,133,3,Jose Arredondo,Huston Street,Francisco Rodríguez,9,McAfee Coliseum,day,3,3,False,,
235176,2008,2008-07-13,2008-07-13T20:05:00Z,R,Regular Season,N,1,Final,F,Atlanta Braves,144,12,San Diego Padres,135,3,Jorge Campillo,Randy Wolf,,9,PETCO Park,day,3,3,False,,
235181,2008,2008-07-13,2008-07-13T20:10:00Z,R,Regular Season,N,1,Final,F,Florida Marlins,146,1,Los Angeles Dodgers,119,9,Chad Billingsley,Andrew Miller,,9,Dodger Stadium,day,4,4,False,,
235180,2008,2008-07-13,2008-07-14T00:05:00Z,R,Regular Season,N,1,Final,F,Colorado Rockies,115,0,New York Mets,121,7,Mike Pelfrey,Mark Redman,,9,Shea Stadium,night,3,3,False,,
235189,2008,2008-07-15,2008-07-16T00:00:00Z,A,MLB All-Star Game,N,1,Final,F,National League All-Stars,160,3,American League All-Stars,159,4,Scott Kazmir,Brad Lidge,,15,Yankee Stadium I,night,1,1,False,,
235190,2008,2008-07-17,2008-07-17T23:05:00Z,R,Regular Season,N,1,Final,F,Detroit Tigers,116,6,Baltimore Orioles,110,5,Kenny Rogers,Garrett Olson,Todd Jones,9,Oriole Park at Camden Yards,night,1,4,False,,
235191,2008,2008-07-17,2008-07-17T23:10:00Z,R,Regular Season,N,1,Final,F,New York Mets,121,10,Cincinnati Reds,113,8,Duaner Sanchez,Francisco Cordero,Billy Wagner,9,Great American Ball Park,night,1,4,False,,
235193,2008,2008-07-17,2008-07-18T00:15:00Z,R,Regular Season,N,1,Final,F,San Diego Padres,135,3,St. Louis Cardinals,138,4,Kyle Lohse,Jake Peavy,Ryan Franklin,9,Busch Stadium,night,1,4,False,,
235192,2008,2008-07-17,2008-07-18T01:05:00Z,R,Regular Season,N,1,Final,F,Pittsburgh Pirates,134,3,Colorado Rockies,115,5,Ubaldo Jiménez,Paul Maholm,Brian Fuentes,9,Coors Field,night,1,4,False,,
235197,2008,2008-07-18,2008-07-18T23:05:00Z,R,Regular Season,N,1,Final,F,Detroit Tigers,116,4,Baltimore Orioles,110,7,Jeremy Guthrie,Armando Galarraga,George Sherrill,9,Oriole Park at Camden Yards,night,2,4,False,,
235202,2008,2008-07-18,2008-07-18T23:05:00Z,R,Regular Season,N,1,Final,F,Oakland Athletics,133,1,New York Yankees,147,7,Mike Mussina,Greg Smith,,9,Yankee Stadium I,night,1,3,False,,
235201,2008,2008-07-18,2008-07-18T23:10:00Z,R,Regular Season,N,1,Final,F,New York Mets,121,2,Cincinnati Reds,113,5,Bronson Arroyo,John Maine,Francisco Cordero,9,Great American Ball Park,night,2,4,False,,
235203,2008,2008-07-18,2008-07-18T23:10:00Z,R,Regular Season,N,1,Final,F,Philadelphia Phillies,143,4,Florida Marlins,146,2,Jamie Moyer,Ricky Nolasco,Brad Lidge,9,Dolphin Stadium,night,1,3,False,,
235207,2008,2008-07-18,2008-07-18T23:10:00Z,R,Regular Season,N,1,Final,F,Toronto Blue Jays,141,1,Tampa Bay Rays,139,2,James Shields,A.J. Burnett,Grant Balfour,9,Tropicana Field,night,1,3,False,,
235208,2008,2008-07-18,2008-07-18T23:30:00Z,R,Regular Season,N,1,Final,F,Washington Nationals,120,6,Atlanta Braves,144,7,Tim Hudson,Tim Redding,Michael Gonzalez,9,Turner Field,night,1,3,False,,
235195,2008,2008-07-18,2008-07-19T00:05:00Z,R,Regular Season,N,1,Final,F,Chicago Cubs,112,1,Houston Astros,117,2,Geoff Geary,Bob Howry,,9,Minute Maid Park,night,1,3,False,,
235206,2008,2008-07-18,2008-07-19T00:10:00Z,R,Regular Season,N,1,Final,F,Texas Rangers,140,0,Minnesota Twins,142,6,Glen Perkins,Kevin Millwood,,9,Hubert H. Humphrey Metrodome,night,1,3,False,,
235198,2008,2008-07-18,2008-07-19T00:11:00Z,R,Regular Season,N,1,Final,F,Kansas City Royals,118,5,Chicago White Sox,145,9,Mark Buehrle,Zack Greinke,,9,U.S. Cellular Field,night,1,3,False,,
235205,2008,2008-07-18,2008-07-19T00:15:00Z,R,Regular Season,N,1,Final,F,San Diego Padres,135,7,St. Louis Cardinals,138,11,Kyle McClellan,Heath Bell,,9,Busch Stadium,night,2,4,False,,
235204,2008,2008-07-18,2008-07-19T01:05:00Z,R,Regular Season,N,1,Final,F,Pittsburgh Pirates,134,2,Colorado Rockies,115,5,Glendon Rusch,Ian Snell,Brian Fuentes,9,Coors Field,night,2,4,False,,
235199,2008,2008-07-18,2008-07-19T01:40:00Z,R,Regular Season,N,1,Final,F,Los Angeles Dodgers,119,8,Arizona Diamondbacks,109,7,Cory Wade,Doug Slaten,Jonathan Broxton,11,Chase Field,night,1,3,False,,
235194,2008,2008-07-18,2008-07-19T02:05:00Z,R,Regular Season,N,1,Final,F,Boston Red Sox,111,3,Los Angeles Angels,108,11,John Lackey,Clay Buchholz,,9,Angel Stadium of Anaheim,night,1,3,False,,
235196,2008,2008-07-18,2008-07-19T02:10:00Z,R,Regular Season,N,1,Final,F,Cleveland Indians,114,2,Seattle Mariners,136,8,Félix Hernández,Aaron Laffey,,9,Safeco Field,night,1,3,False,,
235200,2008,2008-07-18,2008-07-19T02:15:00Z,R,Regular Season,N,1,Final,F,Milwaukee Brewers,158,9,San Francisco Giants,137,1,CC Sabathia,Matt Cain,,9,AT&T Park,night,1,3,False,,
235217,2008,2008-07-19,2008-07-19T17:05:00Z,R,Regular Season,N,1,Final,F,Oakland Athletics,133,3,New York Yankees,147,4,David Robertson,Lenny DiNardo,,12,Yankee Stadium I,day,2,3,False,,
235209,2008,2008-07-19,2008-07-19T19:55:00Z,R,Regular Season,N,1,Final,F,Boston Red Sox,111,2,Los Angeles Angels,108,4,Jose Arredondo,Josh Beckett,Francisco Rodríguez,9,Angel Stadium of Anaheim,day,2,3,False,,
235211,2008,2008-07-19,2008-07-19T19:55:00Z,R,Regular Season,N,1,Final,F,Cleveland Indians,114,9,Seattle Mariners,136,6,Jeremy Sowers,Miguel Batista,,9,Safeco Field,day,2,3,False,,
235218,2008,2008-07-19,2008-07-19T19:55:00Z,R,Regular Season,N,1,Final,F,Philadelphia Phillies,143,5,Florida Marlins,146,9,Scott Olsen,Kyle Kendrick,,9,Dolphin Stadium,day,2,3,False,,
235220,2008,2008-07-19,2008-07-19T19:55:00Z,R,Regular Season,N,1,Final,F,San Diego Padres,135,5,St. Louis Cardinals,138,6,Todd Wellemeyer,Randy Wolf,Ryan Franklin,9,Busch Stadium,day,3,4,False,,
235215,2008,2008-07-19,2008-07-19T20:05:00Z,R,Regular Season,N,1,Final,F,Milwaukee Brewers,158,8,San Francisco Giants,137,5,Carlos Villanueva,Osiris Matos,Salomon Torres,9,AT&T Park,day,2,3,False,,
235222,2008,2008-07-19,2008-07-19T22:10:00Z,R,Regular Season,N,1,Final,F,Toronto Blue Jays,141,4,Tampa Bay Rays,139,6,Matt Garza,Roy Halladay,Dan Wheeler,9,Tropicana Field,night,2,3,False,,
235223,2008,2008-07-19,2008-07-19T23:00:00Z,R,Regular Season,N,1,Final,F,Washington Nationals,120,8,Atlanta Braves,144,2,John Lannan,Jair Jurrjens,,9,Turner Field,night,2,3,False,,
235210,2008,2008-07-19,2008-07-19T23:05:00Z,R,Regular Season,N,1,Final,F,Chicago Cubs,112,1,Houston Astros,117,4,Wandy Rodriguez,Carlos Zambrano,Jose Valverde,9,Minute Maid Park,night,2,3,False,,
235212,2008,2008-07-19,2008-07-19T23:05:00Z,R,Regular Season,N,1,Final,F,Detroit Tigers,116,10,Baltimore Orioles,110,11,George Sherrill,Freddy Dolsi,,10,Oriole Park at Camden Yards,night,3,4,False,,
235213,2008,2008-07-19,2008-07-19T23:05:00Z,R,Regular Season,N,1,Final,F,Kansas City Royals,118,9,Chicago White Sox,145,1,Gil Meche,Gavin Floyd,,9,U.S. Cellular Field,night,2,3,False,,
235221,2008,2008-07-19,2008-07-19T23:10:00Z,R,Regular Season,N,1,Final,F,Texas Rangers,140,2,Minnesota Twins,142,14,Livan Hernandez,Matt Harrison,,9,Hubert H. Humphrey Metrodome,night,2,3,False,,
235216,2008,2008-07-19,2008-07-19T23:40:00Z,R,Regular Season,N,1,Final,F,New York Mets,121,2,Cincinnati Reds,113,7,Josh Fogg,Oliver Pérez,,9,Great American Ball Park,night,3,4,False,,
235219,2008,2008-07-19,2008-07-20T00:05:00Z,R,Regular Season,N,1,Final,F,Pittsburgh Pirates,134,1,Colorado Rockies,115,7,Jorge De La Rosa,Yoslan Herrera,,9,Coors Field,night,3,4,False,,
235214,2008,2008-07-19,2008-07-20T00:10:00Z,R,Regular Season,N,1,Final,F,Los Angeles Dodgers,119,2,Arizona Diamondbacks,109,3,Dan Haren,Chad Billingsley,Brandon Lyon,9,Chase Field,night,2,3,False,,
235232,2008,2008-07-20,2008-07-20T17:05:00Z,R,Regular Season,N,1,Final,F,Oakland Athletics,133,1,New York Yankees,147,2,Andy Pettitte,Justin Duchscherer,Mariano Rivera,9,Yankee Stadium I,day,3,3,False,,
235233,2008,2008-07-20,2008-07-20T17:10:00Z,R,Regular Season,N,1,Final,F,Philadelphia Phillies,143,2,Florida Marlins,146,3,Doug Waechter,Clay Condrey,,11,Dolphin Stadium,day,3,3,False,,
235231,2008,2008-07-20,2008-07-20T17:15:00Z,R,Regular Season,N,1,Final,F,New York Mets,121,7,Cincinnati Reds,113,5,Duaner Sanchez,Bill Bray,Billy Wagner,10,Great American Ball Park,day,4,4,False,,
235238,2008,2008-07-20,2008-07-20T17:30:00Z,R,Regular Season,N,1,Final,F,Washington Nationals,120,15,Atlanta Braves,144,6,Odalis Perez,Jo-Jo Reyes,,9,Turner Field,day,3,3,False,,
235227,2008,2008-07-20,2008-07-20T17:35:00Z,R,Regular Season,N,1,Final,F,Detroit Tigers,116,5,Baltimore Orioles,110,1,Justin Verlander,Brian Burres,,9,Oriole Park at Camden Yards,day,4,4,False,,
235237,2008,2008-07-20,2008-07-20T17:40:00Z,R,Regular Season,N,1,Final,F,Toronto Blue Jays,141,9,Tampa Bay Rays,139,4,Shawn Camp,Edwin Jackson,,9,Tropicana Field,day,3,3,False,,
235225,2008,2008-07-20,2008-07-20T18:05:00Z,R,Regular Season,N,1,Final,F,Chicago Cubs,112,9,Houston Astros,117,0,Ryan Dempster,Brandon Backe,,9,Minute Maid Park,day,3,3,False,,
235228,2008,2008-07-20,2008-07-20T18:05:00Z,R,Regular Season,N,1,Final,F,Kansas City Royals,118,8,Chicago White Sox,145,7,Ramon E Ramirez,Matt Thornton,Joakim Soria,9,U.S. Cellular Field,day,3,3,False,,
235236,2008,2008-07-20,2008-07-20T18:10:00Z,R,Regular Season,N,1,Final,F,Texas Rangers,140,1,Minnesota Twins,142,0,Vicente Padilla,Scott Baker,C.J. Wilson,9,Hubert H. Humphrey Metrodome,day,3,3,False,,
235235,2008,2008-07-20,2008-07-20T18:15:00Z,R,Regular Season,N,1,Final,F,San Diego Padres,135,5,St. Louis Cardinals,138,9,Brad Thompson,Bryan Corey,,9,Busch Stadium,day,4,4,False,,
235234,2008,2008-07-20,2008-07-20T19:05:00Z,R,Regular Season,N,1,Final,F,Pittsburgh Pirates,134,3,Colorado Rockies,115,11,Aaron Cook,Zach Duke,,9,Coors Field,day,4,4,False,,
235230,2008,2008-07-20,2008-07-20T20:05:00Z,R,Regular Season,N,1,Final,F,Milwaukee Brewers,158,7,San Francisco Giants,137,4,Manny Parra,Tim Lincecum,Salomon Torres,9,AT&T Park,day,3,3,False,,
235226,2008,2008-07-20,2008-07-20T20:10:00Z,R,Regular Season,N,1,Final,F,Cleveland Indians,114,6,Seattle Mariners,136,2,Cliff Lee,Carlos Silva,,9,Safeco Field,day,3,3,False,,
235229,2008,2008-07-20,2008-07-20T20:10:00Z,R,Regular Season,N,1,Final,F,Los Angeles Dodgers,119,6,Arizona Diamondbacks,109,5,Ramon Troncoso,Brandon Lyon,Jonathan Broxton,9,Chase Field,day,3,3,False,,
235224,2008,2008-07-20,2008-07-20T22:00:00Z,R,Regular Season,N,1,Final,F,Boston Red Sox,111,3,Los Angeles Angels,108,5,Darren Oliver,Tim Wakefield,Francisco Rodríguez,9,Angel Stadium of Anaheim,day,3,3,False,,
235245,2008,2008-07-21,2008-07-21T23:05:00Z,R,Regular Season,N,1,Final,F,Milwaukee Brewers,158,6,St. Louis Cardinals,138,3,Salomon Torres,Ryan Franklin,,10,Busch Stadium,night,1,4,False,,
235246,2008,2008-07-21,2008-07-21T23:05:00Z,R,Regular Season,N,1,Final,F,Minnesota Twins,142,4,New York Yankees,147,12,Sidney Ponson,Nick Blackburn,,9,Yankee Stadium I,night,1,3,False,,
235251,2008,2008-07-21,2008-07-21T23:05:00Z,R,Regular Season,N,1,Final,F,Toronto Blue Jays,141,3,Baltimore Orioles,110,8,Radhames Liz,Jesse Litsch,,9,Oriole Park at Camden Yards,night,1,4,False,,
235239,2008,2008-07-21,2008-07-21T23:10:00Z,R,Regular Season,N,1,Final,F,Atlanta Braves,144,4,Florida Marlins,146,0,Jorge Campillo,Chris Volstad,,9,Dolphin Stadium,night,1,3,False,,
235247,2008,2008-07-21,2008-07-21T23:10:00Z,R,Regular Season,N,1,Final,F,Oakland Athletics,133,0,Tampa Bay Rays,139,4,Scott Kazmir,Dana Eveland,,9,Tropicana Field,night,1,3,False,,
235249,2008,2008-07-21,2008-07-21T23:10:00Z,R,Regular Season,N,1,Final,F,San Diego Padres,135,6,Cincinnati Reds,113,4,Clay Hensley,Francisco Cordero,Trevor Hoffman,9,Great American Ball Park,night,1,3,False,,
235248,2008,2008-07-21,2008-07-22T00:05:00Z,R,Regular Season,N,1,Final,F,Pittsburgh Pirates,134,9,Houston Astros,117,3,Tyler Yates,Jose Valverde,,9,Minute Maid Park,night,1,3,False,,
235243,2008,2008-07-21,2008-07-22T00:10:00Z,R,Regular Season,N,1,Final,F,Detroit Tigers,116,19,Kansas City Royals,118,4,Zach Miner,Luke Hochevar,,9,Kauffman Stadium,night,1,3,False,,
235250,2008,2008-07-21,2008-07-22T00:11:00Z,R,Regular Season,N,1,Final,F,Texas Rangers,140,6,Chicago White Sox,145,1,Scott Feldman,Javier Vazquez,,9,U.S. Cellular Field,night,1,3,False,,
235244,2008,2008-07-21,2008-07-22T01:05:00Z,R,Regular Season,N,1,Final,F,Los Angeles Dodgers,119,16,Colorado Rockies,115,10,Brian Falkenborg,Kip Wells,,9,Coors Field,night,1,3,False,,
235241,2008,2008-07-21,2008-07-22T01:40:00Z,R,Regular Season,N,1,Final,F,Chicago Cubs,112,0,Arizona Diamondbacks,109,2,Randy Johnson,Rich Harden,Chad Qualls,9,Chase Field,night,1,3,False,,
235242,2008,2008-07-21,2008-07-22T02:05:00Z,R,Regular Season,N,1,Final,F,Cleveland Indians,114,5,Los Angeles Angels,108,2,Paul Byrd,Ervin Santana,Masa Kobayashi,9,Angel Stadium of Anaheim,night,1,3,False,,
235240,2008,2008-07-21,2008-07-22T02:10:00Z,R,Regular Season,N,1,Final,F,Boston Red Sox,111,4,Seattle Mariners,136,0,Jon Lester,Jarrod Washburn,Jonathan Papelbon,9,Safeco Field,night,1,3,False,,
235259,2008,2008-07-22,2008-07-22T23:05:00Z,R,Regular Season,N,1,Final,F,Minnesota Twins,142,2,New York Yankees,147,8,David Robertson,Kevin Slowey,,9,Yankee Stadium I,night,2,3,False,,
235265,2008,2008-07-22,2008-07-22T23:05:00Z,R,Regular Season,N,1,Final,F,Toronto Blue Jays,141,10,Baltimore Orioles,110,8,Jesse Carlson,Fernando Cabrera,B.J. Ryan,9,Oriole Park at Camden Yards,night,2,4,False,,
235252,2008,2008-07-22,2008-07-22T23:10:00Z,R,Regular Season,N,1,Final,F,Atlanta Braves,144,0,Florida Marlins,146,4,Rick Van Den Hurk,Charlie Morton,,9,Dolphin Stadium,night,2,3,False,,
235260,2008,2008-07-22,2008-07-22T23:10:00Z,R,Regular Season,N,1,Final,F,Oakland Athletics,133,8,Tampa Bay Rays,139,1,Dallas Braden,Andy Sonnanstine,,9,Tropicana Field,night,2,3,False,,
235261,2008,2008-07-22,2008-07-22T23:10:00Z,R,Regular Season,N,1,Final,F,Philadelphia Phillies,143,8,New York Mets,121,6,Chad Durbin,Joe Smith,Brad Lidge,9,Shea Stadium,night,1,3,False,,
235263,2008,2008-07-22,2008-07-22T23:10:00Z,R,Regular Season,N,1,Final,F,San Diego Padres,135,3,Cincinnati Reds,113,4,Gary Majewski,Bryan Corey,,11,Great American Ball Park,night,2,3,False,,
235262,2008,2008-07-22,2008-07-23T00:05:00Z,R,Regular Season,N,1,Final,F,Pittsburgh Pirates,134,8,Houston Astros,117,2,Paul Maholm,Jack Cassel,,9,Minute Maid Park,night,2,3,False,,
235256,2008,2008-07-22,2008-07-23T00:10:00Z,R,Regular Season,N,1,Final,F,Detroit Tigers,116,7,Kansas City Royals,118,1,Kenny Rogers,Kyle Davies,,9,Kauffman Stadium,night,2,3,False,,
235264,2008,2008-07-22,2008-07-23T00:11:00Z,R,Regular Season,N,1,Final,F,Texas Rangers,140,2,Chicago White Sox,145,10,Mark Buehrle,Luis Mendoza,,9,U.S. Cellular Field,night,2,3,False,,
235258,2008,2008-07-22,2008-07-23T00:15:00Z,R,Regular Season,N,1,Final,F,Milwaukee Brewers,158,4,St. Louis Cardinals,138,3,Brian Shouse,Kyle McClellan,Salomon Torres,9,Busch Stadium,night,2,4,False,,
235257,2008,2008-07-22,2008-07-23T01:05:00Z,R,Regular Season,N,1,Final,F,Los Angeles Dodgers,119,1,Colorado Rockies,115,10,Ubaldo Jiménez,Clayton Kershaw,,9,Coors Field,night,2,3,False,,
235254,2008,2008-07-22,2008-07-23T01:40:00Z,R,Regular Season,N,1,Final,F,Chicago Cubs,112,2,Arizona Diamondbacks,109,9,Yusmeiro Petit,Jason Marquis,,9,Chase Field,night,2,3,False,,
235255,2008,2008-07-22,2008-07-23T02:05:00Z,R,Regular Season,N,1,Final,F,Cleveland Indians,114,2,Los Angeles Angels,108,3,Darren Oliver,Matt Ginter,Francisco Rodríguez,9,Angel Stadium of Anaheim,night,2,3,False,,
235253,2008,2008-07-22,2008-07-23T02:10:00Z,R,Regular Season,N,1,Final,F,Boston Red Sox,111,4,Seattle Mariners,136,2,Daisuke Matsuzaka,R.A. Dickey,Jonathan Papelbon,9,Safeco Field,night,2,3,False,,
235266,2008,2008-07-22,2008-07-23T02:15:00Z,R,Regular Season,N,1,Final,F,Washington Nationals,120,3,San Francisco Giants,137,6,Barry Zito,Jason Bergmann,Brian Wilson,9,AT&T Park,night,1,3,False,,
235278,2008,2008-07-23,2008-07-23T16:35:00Z,R,Regular Season,N,1,Final,F,San Diego Padres,135,5,Cincinnati Reds,113,9,Bronson Arroyo,Cla Meredith,Francisco Cordero,9,Great American Ball Park,day,3,3,False,,
235275,2008,2008-07-23,2008-07-23T16:40:00Z,R,Regular Season,N,1,Final,F,Oakland Athletics,133,3,Tampa Bay Rays,139,4,James Shields,Greg Smith,Troy Percival,9,Tropicana Field,day,3,3,False,,
235274,2008,2008-07-23,2008-07-23T17:05:00Z,R,Regular Season,N,1,Final,F,Minnesota Twins,142,1,New York Yankees,147,5,Mike Mussina,Glen Perkins,Mariano Rivera,9,Yankee Stadium I,day,3,3,False,,
235277,2008,2008-07-23,2008-07-23T18:05:00Z,R,Regular Season,N,1,Final,F,Pittsburgh Pirates,134,8,Houston Astros,117,7,Franquelis Osoria,Geoff Geary,Damaso Marte,9,Minute Maid Park,day,3,3,False,,
235279,2008,2008-07-23,2008-07-23T18:05:00Z,R,Regular Season,N,1,Final,F,Texas Rangers,140,8,Chicago White Sox,145,10,Octavio Dotel,Eddie Guardado,Bobby Jenks,9,U.S. Cellular Field,day,3,3,False,,
235271,2008,2008-07-23,2008-07-23T18:10:00Z,R,Regular Season,N,1,Final,F,Detroit Tigers,116,7,Kansas City Royals,118,1,Armando Galarraga,Zack Greinke,,9,Kauffman Stadium,day,3,3,False,,
235272,2008,2008-07-23,2008-07-23T19:05:00Z,R,Regular Season,N,1,Final,F,Los Angeles Dodgers,119,3,Colorado Rockies,115,5,Glendon Rusch,Hiroki Kuroda,Brian Fuentes,9,Coors Field,day,3,3,False,,
235270,2008,2008-07-23,2008-07-23T19:35:00Z,R,Regular Season,N,1,Final,F,Cleveland Indians,114,11,Los Angeles Angels,108,14,John Lackey,Aaron Laffey,Francisco Rodríguez,9,Angel Stadium of Anaheim,day,3,3,False,,
235268,2008,2008-07-23,2008-07-23T20:40:00Z,R,Regular Season,N,1,Final,F,Boston Red Sox,111,6,Seattle Mariners,136,3,Jonathan Papelbon,Sean Green,Craig Hansen,12,Safeco Field,day,3,3,False,,
235267,2008,2008-07-23,2008-07-23T23:10:00Z,R,Regular Season,N,1,Final,F,Atlanta Braves,144,9,Florida Marlins,146,4,Tim Hudson,Ricky Nolasco,,9,Dolphin Stadium,night,3,3,False,,
235276,2008,2008-07-23,2008-07-23T23:10:00Z,R,Regular Season,N,1,Final,F,Philadelphia Phillies,143,3,New York Mets,121,6,John Maine,Ryan Madson,Billy Wagner,9,Shea Stadium,night,2,3,False,,
235273,2008,2008-07-23,2008-07-24T00:15:00Z,R,Regular Season,N,1,Final,F,Milwaukee Brewers,158,3,St. Louis Cardinals,138,0,CC Sabathia,Braden Looper,,9,Busch Stadium,night,3,4,False,,
235269,2008,2008-07-23,2008-07-24T01:40:00Z,R,Regular Season,N,1,Final,F,Chicago Cubs,112,10,Arizona Diamondbacks,109,6,Ted Lilly,Doug Davis,,9,Chase Field,night,3,3,False,,
235281,2008,2008-07-23,2008-07-24T02:15:00Z,R,Regular Season,N,1,Final,F,Washington Nationals,120,4,San Francisco Giants,137,6,Geno Espineli,Luis Ayala,Brian Wilson,9,AT&T Park,night,2,3,False,,
235280,2008,2008-07-23,2008-07-24T16:05:00Z,R,Regular Season,N,1,Final,F,Toronto Blue Jays,141,5,Baltimore Orioles,110,1,A.J. Burnett,Jeremy Guthrie,,9,Oriole Park at Camden Yards,day,3,4,False,,
235284,2008,2008-07-24,2008-07-24T16:10:00Z,R,Regular Season,N,1,Final,F,Philadelphia Phillies,143,1,New York Mets,121,3,Aaron Heilman,J.C. Romero,Billy Wagner,9,Shea Stadium,day,3,3,False,,
235287,2008,2008-07-24,2008-07-24T16:35:00Z,R,Regular Season,N,1,Final,F,Toronto Blue Jays,141,7,Baltimore Orioles,110,1,Roy Halladay,Daniel Cabrera,,9,Oriole Park at Camden Yards,day,4,4,False,,
235288,2008,2008-07-24,2008-07-24T19:45:00Z,R,Regular Season,N,1,Final,F,Washington Nationals,120,0,San Francisco Giants,137,1,Matt Cain,Tim Redding,,9,AT&T Park,day,3,3,False,,
235285,2008,2008-07-24,2008-07-24T23:05:00Z,R,Regular Season,N,1,Final,F,San Diego Padres,135,1,Pittsburgh Pirates,134,9,Yoslan Herrera,Clay Hensley,,9,PNC Park,night,1,4,False,,
235282,2008,2008-07-24,2008-07-25T00:05:00Z,R,Regular Season,N,1,Final,F,Florida Marlins,146,3,Chicago Cubs,112,6,Carlos Zambrano,Scott Olsen,Carlos Marmol,9,Wrigley Field,night,1,4,False,,
235286,2008,2008-07-24,2008-07-25T00:10:00Z,R,Regular Season,N,1,Final,F,Tampa Bay Rays,139,2,Kansas City Royals,118,4,Gil Meche,Matt Garza,Joakim Soria,9,Kauffman Stadium,night,1,4,False,,
235283,2008,2008-07-24,2008-07-25T00:15:00Z,R,Regular Season,N,1,Final,F,Milwaukee Brewers,158,4,St. Louis Cardinals,138,3,Eric Gagne,Ryan Franklin,Salomon Torres,9,Busch Stadium,night,4,4,False,,
235294,2008,2008-07-25,2008-07-25T18:20:00Z,R,Regular Season,N,1,Final,F,Florida Marlins,146,3,Chicago Cubs,112,2,Justin Miller,Bob Howry,Kevin Gregg,9,Wrigley Field,day,2,4,False,,
235289,2008,2008-07-25,2008-07-25T23:05:00Z,R,Regular Season,N,1,Final,F,Los Angeles Angels,108,6,Baltimore Orioles,110,5,Joe Saunders,Brian Burres,Francisco Rodríguez,9,Oriole Park at Camden Yards,night,1,3,False,,
235291,2008,2008-07-25,2008-07-25T23:05:00Z,R,Regular Season,N,1,Final,F,Atlanta Braves,144,8,Philadelphia Phillies,143,2,Jair Jurrjens,Kyle Kendrick,,9,Citizens Bank Park,night,1,3,False,,
235292,2008,2008-07-25,2008-07-25T23:05:00Z,R,Regular Season,N,1,Final,F,Chicago White Sox,145,6,Detroit Tigers,116,5,D.J. Carrasco,Todd Jones,Bobby Jenks,9,Comerica Park,night,1,3,False,,
235296,2008,2008-07-25,2008-07-25T23:05:00Z,R,Regular Season,N,1,Final,F,Minnesota Twins,142,4,Cleveland Indians,114,5,Cliff Lee,Livan Hernandez,Rafael Perez,9,Progressive Field,night,1,3,False,,
235297,2008,2008-07-25,2008-07-25T23:05:00Z,R,Regular Season,N,1,Final,F,New York Yankees,147,1,Boston Red Sox,111,0,Joba Chamberlain,Josh Beckett,Mariano Rivera,9,Fenway Park,night,1,3,False,,
235298,2008,2008-07-25,2008-07-25T23:05:00Z,R,Regular Season,N,1,Final,F,San Diego Padres,135,6,Pittsburgh Pirates,134,5,Cha Seung Baek,Zach Duke,Trevor Hoffman,9,PNC Park,night,2,4,False,,
235299,2008,2008-07-25,2008-07-25T23:07:00Z,R,Regular Season,N,1,Final,F,Seattle Mariners,136,4,Toronto Blue Jays,141,5,Jesse Carlson,Mark Lowe,,10,Rogers Centre,night,1,3,False,,
235293,2008,2008-07-25,2008-07-25T23:10:00Z,R,Regular Season,N,1,Final,F,Colorado Rockies,115,7,Cincinnati Reds,113,2,Aaron Cook,Edinson Volquez,,9,Great American Ball Park,night,1,3,False,,
235300,2008,2008-07-25,2008-07-25T23:10:00Z,R,Regular Season,N,1,Final,F,St. Louis Cardinals,138,2,New York Mets,121,7,Mike Pelfrey,Mitchell Boggs,,9,Shea Stadium,night,1,3,False,,
235295,2008,2008-07-25,2008-07-26T00:05:00Z,R,Regular Season,N,1,Final,F,Houston Astros,117,3,Milwaukee Brewers,158,1,Wandy Rodriguez,Manny Parra,Jose Valverde,9,Miller Park,night,1,3,False,,
235301,2008,2008-07-25,2008-07-26T00:10:00Z,R,Regular Season,N,1,Final,F,Tampa Bay Rays,139,5,Kansas City Royals,118,3,Edwin Jackson,Brian Bannister,Troy Percival,9,Kauffman Stadium,night,2,4,False,,
235302,2008,2008-07-25,2008-07-26T02:05:00Z,R,Regular Season,N,1,Final,F,Texas Rangers,140,14,Oakland Athletics,133,6,Vicente Padilla,Jerry Blevins,,9,McAfee Coliseum,night,1,3,False,,
235290,2008,2008-07-25,2008-07-26T02:15:00Z,R,Regular Season,N,1,Final,F,Arizona Diamondbacks,109,10,San Francisco Giants,137,2,Dan Haren,Jonathan Sánchez,,9,AT&T Park,night,1,3,False,,
235303,2008,2008-07-25,2008-07-26T02:40:00Z,R,Regular Season,N,1,Final,F,Washington Nationals,120,2,Los Angeles Dodgers,119,3,Chad Billingsley,John Lannan,Jonathan Broxton,9,Dodger Stadium,night,1,3,False,,
235309,2008,2008-07-26,2008-07-26T17:05:00Z,R,Regular Season,N,1,Final,F,Florida Marlins,146,3,Chicago Cubs,112,2,Justin Miller,Chad Gaudin,Kevin Gregg,12,Wrigley Field,day,3,4,False,,
235314,2008,2008-07-26,2008-07-26T17:07:00Z,R,Regular Season,N,1,Final,F,Seattle Mariners,136,3,Toronto Blue Jays,141,8,David Purcey,R.A. Dickey,,9,Rogers Centre,day,2,3,False,,
235306,2008,2008-07-26,2008-07-26T19:55:00Z,R,Regular Season,N,1,Final,F,Atlanta Braves,144,9,Philadelphia Phillies,143,10,Adam Eaton,Blaine Boyer,Brad Lidge,9,Citizens Bank Park,day,2,3,False,,
235312,2008,2008-07-26,2008-07-26T19:55:00Z,R,Regular Season,N,1,Final,F,New York Yankees,147,10,Boston Red Sox,111,3,Andy Pettitte,Tim Wakefield,,9,Fenway Park,day,2,3,False,,
235317,2008,2008-07-26,2008-07-26T20:05:00Z,R,Regular Season,N,1,Final,F,Texas Rangers,140,9,Oakland Athletics,133,4,Matt Harrison,Justin Duchscherer,,9,McAfee Coliseum,day,2,3,False,,
235304,2008,2008-07-26,2008-07-26T23:05:00Z,R,Regular Season,N,1,Final,F,Los Angeles Angels,108,11,Baltimore Orioles,110,6,Jon Garland,Radhames Liz,,9,Oriole Park at Camden Yards,night,2,3,False,,
235307,2008,2008-07-26,2008-07-26T23:05:00Z,R,Regular Season,N,1,Final,F,Chicago White Sox,145,7,Detroit Tigers,116,6,John Danks,Justin Verlander,Bobby Jenks,9,Comerica Park,night,2,3,False,,
235310,2008,2008-07-26,2008-07-26T23:05:00Z,R,Regular Season,N,1,Final,F,Houston Astros,117,4,Milwaukee Brewers,158,6,Eric Gagne,Doug Brocail,Salomon Torres,9,Miller Park,night,2,3,False,,
235311,2008,2008-07-26,2008-07-26T23:05:00Z,R,Regular Season,N,1,Final,F,Minnesota Twins,142,11,Cleveland Indians,114,4,Scott Baker,Roberto Hernandez,,9,Progressive Field,night,2,3,False,,
235313,2008,2008-07-26,2008-07-26T23:05:00Z,R,Regular Season,N,1,Final,F,San Diego Padres,135,9,Pittsburgh Pirates,134,6,Josh Banks,John Van Benschoten,Trevor Hoffman,9,PNC Park,night,3,4,False,,
235308,2008,2008-07-26,2008-07-26T23:10:00Z,R,Regular Season,N,1,Final,F,Colorado Rockies,115,5,Cincinnati Reds,113,1,Jorge De La Rosa,Homer Bailey,,9,Great American Ball Park,night,2,3,False,,
235315,2008,2008-07-26,2008-07-26T23:10:00Z,R,Regular Season,N,1,Final,F,St. Louis Cardinals,138,10,New York Mets,121,8,Brad Thompson,Aaron Heilman,,14,Shea Stadium,night,2,3,False,,
235316,2008,2008-07-26,2008-07-26T23:10:00Z,R,Regular Season,N,1,Final,F,Tampa Bay Rays,139,5,Kansas City Royals,118,3,Al Reyes,Horacio Ramirez,Troy Percival,9,Kauffman Stadium,night,3,4,False,,
235305,2008,2008-07-26,2008-07-27T01:05:00Z,R,Regular Season,N,1,Final,F,Arizona Diamondbacks,109,5,San Francisco Giants,137,3,Brandon Webb,Tyler Walker,Brandon Lyon,9,AT&T Park,night,2,3,False,,
235318,2008,2008-07-26,2008-07-27T02:10:00Z,R,Regular Season,N,1,Final,F,Washington Nationals,120,0,Los Angeles Dodgers,119,6,Derek Lowe,Odalis Perez,,9,Dodger Stadium,night,2,3,False,,
235322,2008,2008-07-27,2008-07-27T17:05:00Z,R,Regular Season,N,1,Final,F,Chicago White Sox,145,4,Detroit Tigers,116,6,Zach Miner,Javier Vazquez,,9,Comerica Park,day,3,3,False,,
235326,2008,2008-07-27,2008-07-27T17:05:00Z,R,Regular Season,N,1,Final,F,Minnesota Twins,142,4,Cleveland Indians,114,2,Matt Guerrier,Rafael Perez,Joe Nathan,9,Progressive Field,day,3,3,False,,
235329,2008,2008-07-27,2008-07-27T17:07:00Z,R,Regular Season,N,1,Final,F,Seattle Mariners,136,5,Toronto Blue Jays,141,1,Jarrod Washburn,Shaun Marcum,,9,Rogers Centre,day,3,3,False,,
235330,2008,2008-07-27,2008-07-27T17:10:00Z,R,Regular Season,N,1,Final,F,St. Louis Cardinals,138,1,New York Mets,121,9,Johan Santana,Kyle Lohse,,9,Shea Stadium,day,3,3,False,,
235323,2008,2008-07-27,2008-07-27T17:15:00Z,R,Regular Season,N,1,Final,F,Colorado Rockies,115,11,Cincinnati Reds,113,0,Ubaldo Jiménez,Josh Fogg,,9,Great American Ball Park,day,3,3,False,,
235319,2008,2008-07-27,2008-07-27T17:35:00Z,R,Regular Season,N,1,Final,F,Los Angeles Angels,108,2,Baltimore Orioles,110,5,Garrett Olson,Ervin Santana,George Sherrill,9,Oriole Park at Camden Yards,day,3,3,False,,
235321,2008,2008-07-27,2008-07-27T17:35:00Z,R,Regular Season,N,1,Final,F,Atlanta Braves,144,10,Philadelphia Phillies,143,12,Clay Condrey,Julian Tavarez,Brad Lidge,9,Citizens Bank Park,day,3,3,False,,
235328,2008,2008-07-27,2008-07-27T17:35:00Z,R,Regular Season,N,1,Final,F,San Diego Padres,135,3,Pittsburgh Pirates,134,1,Jake Peavy,John Grabow,Trevor Hoffman,9,PNC Park,day,4,4,False,,
235325,2008,2008-07-27,2008-07-27T18:05:00Z,R,Regular Season,N,1,Final,F,Houston Astros,117,11,Milwaukee Brewers,158,6,Chris Sampson,Jeff Suppan,,9,Miller Park,day,3,3,False,,
235331,2008,2008-07-27,2008-07-27T18:10:00Z,R,Regular Season,N,1,Final,F,Tampa Bay Rays,139,1,Kansas City Royals,118,6,Kyle Davies,Andy Sonnanstine,,9,Kauffman Stadium,day,4,4,False,,
235324,2008,2008-07-27,2008-07-27T18:20:00Z,R,Regular Season,N,1,Final,F,Florida Marlins,146,6,Chicago Cubs,112,9,Chad Gaudin,Mark Hendrickson,Jeff Samardzija,9,Wrigley Field,day,4,4,False,,
235320,2008,2008-07-27,2008-07-27T20:05:00Z,R,Regular Season,N,1,Final,F,Arizona Diamondbacks,109,7,San Francisco Giants,137,2,Randy Johnson,Barry Zito,,9,AT&T Park,day,3,3,False,,
235332,2008,2008-07-27,2008-07-27T20:05:00Z,R,Regular Season,N,1,Final,F,Texas Rangers,140,5,Oakland Athletics,133,6,Jerry Blevins,Eric Hurley,Huston Street,9,McAfee Coliseum,day,3,3,False,,
235333,2008,2008-07-27,2008-07-27T20:10:00Z,R,Regular Season,N,1,Final,F,Washington Nationals,120,0,Los Angeles Dodgers,119,2,Clayton Kershaw,Jason Bergmann,Jonathan Broxton,9,Dodger Stadium,day,3,3,False,,
235327,2008,2008-07-27,2008-07-28T00:05:00Z,R,Regular Season,N,1,Final,F,New York Yankees,147,2,Boston Red Sox,111,9,Jon Lester,Sidney Ponson,,9,Fenway Park,night,3,3,False,,
235346,2008,2008-07-28,2008-07-28T23:00:00Z,R,Regular Season,N,1,Final,F,St. Louis Cardinals,138,12,Atlanta Braves,144,3,Braden Looper,Charlie Morton,,9,Turner Field,night,1,4,False,,
235334,2008,2008-07-28,2008-07-28T23:05:00Z,R,Regular Season,N,1,Final,F,Los Angeles Angels,108,7,Boston Red Sox,111,5,Jered Weaver,Daisuke Matsuzaka,Francisco Rodríguez,9,Fenway Park,night,1,3,False,,
235336,2008,2008-07-28,2008-07-28T23:05:00Z,R,Regular Season,N,1,Final,F,Baltimore Orioles,110,13,New York Yankees,147,4,Jeremy Guthrie,Mike Mussina,,9,Yankee Stadium I,night,1,3,False,,
235340,2008,2008-07-28,2008-07-28T23:05:00Z,R,Regular Season,N,1,Final,F,Colorado Rockies,115,4,Pittsburgh Pirates,134,8,Ian Snell,Jason Grilli,,9,PNC Park,night,1,3,False,,
235341,2008,2008-07-28,2008-07-28T23:05:00Z,R,Regular Season,N,1,Final,F,Detroit Tigers,116,0,Cleveland Indians,114,5,Paul Byrd,Kenny Rogers,,9,Progressive Field,night,1,4,False,,
235347,2008,2008-07-28,2008-07-28T23:07:00Z,R,Regular Season,N,1,Final,F,Tampa Bay Rays,139,1,Toronto Blue Jays,141,3,A.J. Burnett,James Shields,B.J. Ryan,9,Rogers Centre,night,1,3,False,,
235343,2008,2008-07-28,2008-07-28T23:10:00Z,R,Regular Season,N,1,Final,F,New York Mets,121,3,Florida Marlins,146,7,Doug Waechter,Joe Smith,,9,Dolphin Stadium,night,1,3,False,,
235338,2008,2008-07-28,2008-07-29T00:05:00Z,R,Regular Season,N,1,Final,F,Chicago Cubs,112,6,Milwaukee Brewers,158,4,Chad Gaudin,Salomon Torres,Carlos Marmol,9,Miller Park,night,1,4,False,,
235339,2008,2008-07-28,2008-07-29T00:05:00Z,R,Regular Season,N,1,Final,F,Cincinnati Reds,113,4,Houston Astros,117,5,Roy Oswalt,Johnny Cueto,Jose Valverde,9,Minute Maid Park,night,1,3,False,,
235344,2008,2008-07-28,2008-07-29T00:05:00Z,R,Regular Season,N,1,Final,F,Seattle Mariners,136,7,Texas Rangers,140,5,Sean Green,Frank Francisco,Brandon Morrow,9,Rangers Ballpark in Arlington,night,1,4,False,,
235337,2008,2008-07-28,2008-07-29T00:10:00Z,R,Regular Season,N,1,Final,F,Chicago White Sox,145,0,Minnesota Twins,142,7,Kevin Slowey,Mark Buehrle,,9,Hubert H. Humphrey Metrodome,night,1,4,False,,
235335,2008,2008-07-28,2008-07-29T02:05:00Z,R,Regular Season,N,1,Final,F,Arizona Diamondbacks,109,5,San Diego Padres,135,8,Greg Maddux,Micah Owings,Trevor Hoffman,9,PETCO Park,night,1,3,False,,
235342,2008,2008-07-28,2008-07-29T02:05:00Z,R,Regular Season,N,1,Final,F,Kansas City Royals,118,4,Oakland Athletics,133,2,Zack Greinke,Dallas Braden,Joakim Soria,9,McAfee Coliseum,night,1,3,False,,
235345,2008,2008-07-28,2008-07-29T02:10:00Z,R,Regular Season,N,1,Final,F,San Francisco Giants,137,7,Los Angeles Dodgers,119,6,Kevin Correia,Hiroki Kuroda,Brian Wilson,9,Dodger Stadium,night,1,3,False,,
235361,2008,2008-07-29,2008-07-29T23:00:00Z,R,Regular Season,N,1,Final,F,St. Louis Cardinals,138,8,Atlanta Braves,144,3,Ryan Franklin,Rafael Soriano,,9,Turner Field,night,2,4,False,,
235348,2008,2008-07-29,2008-07-29T23:05:00Z,R,Regular Season,N,1,Final,F,Los Angeles Angels,108,6,Boston Red Sox,111,2,John Lackey,Clay Buchholz,,9,Fenway Park,night,2,3,False,,
235350,2008,2008-07-29,2008-07-29T23:05:00Z,R,Regular Season,N,1,Final,F,Baltimore Orioles,110,7,New York Yankees,147,6,Daniel Cabrera,Darrell Rasner,,9,Yankee Stadium I,night,2,3,False,,
235354,2008,2008-07-29,2008-07-29T23:05:00Z,R,Regular Season,N,1,Final,F,Colorado Rockies,115,4,Pittsburgh Pirates,134,6,Jason Davis,Matt Herges,Tyler Yates,9,PNC Park,night,2,3,False,,
235355,2008,2008-07-29,2008-07-29T23:05:00Z,R,Regular Season,N,1,Final,F,Detroit Tigers,116,8,Cleveland Indians,114,5,Armando Galarraga,Matt Ginter,,9,Progressive Field,night,2,4,False,,
235362,2008,2008-07-29,2008-07-29T23:07:00Z,R,Regular Season,N,1,Final,F,Tampa Bay Rays,139,3,Toronto Blue Jays,141,0,Matt Garza,Roy Halladay,,9,Rogers Centre,night,2,3,False,,
235357,2008,2008-07-29,2008-07-29T23:10:00Z,R,Regular Season,N,1,Final,F,New York Mets,121,4,Florida Marlins,146,1,Oliver Pérez,Scott Olsen,Billy Wagner,9,Dolphin Stadium,night,2,3,False,,
235358,2008,2008-07-29,2008-07-29T23:10:00Z,R,Regular Season,N,1,Final,F,Philadelphia Phillies,143,2,Washington Nationals,120,1,Brett Myers,Collin Balester,Brad Lidge,9,Nationals Park,night,1,3,False,,
235352,2008,2008-07-29,2008-07-30T00:05:00Z,R,Regular Season,N,1,Final,F,Chicago Cubs,112,7,Milwaukee Brewers,158,1,Carlos Zambrano,Ben Sheets,,9,Miller Park,night,2,4,False,,
235353,2008,2008-07-29,2008-07-30T00:05:00Z,R,Regular Season,N,1,Final,F,Cincinnati Reds,113,2,Houston Astros,117,6,Brian Moehler,Bronson Arroyo,Wesley Wright,9,Minute Maid Park,night,2,3,False,,
235359,2008,2008-07-29,2008-07-30T00:05:00Z,R,Regular Season,N,1,Final,F,Seattle Mariners,136,10,Texas Rangers,140,11,C.J. Wilson,J.J. Putz,,9,Rangers Ballpark in Arlington,night,2,4,False,,
235351,2008,2008-07-29,2008-07-30T00:10:00Z,R,Regular Season,N,1,Final,F,Chicago White Sox,145,5,Minnesota Twins,142,6,Glen Perkins,Clayton Richard,Joe Nathan,9,Hubert H. Humphrey Metrodome,night,2,4,False,,
235349,2008,2008-07-29,2008-07-30T02:05:00Z,R,Regular Season,N,1,Final,F,Arizona Diamondbacks,109,3,San Diego Padres,135,0,Doug Davis,Clay Hensley,Brandon Lyon,9,PETCO Park,night,2,3,False,,
235356,2008,2008-07-29,2008-07-30T02:05:00Z,R,Regular Season,N,1,Final,F,Kansas City Royals,118,5,Oakland Athletics,133,2,Gil Meche,Greg Smith,Joakim Soria,9,McAfee Coliseum,night,2,3,False,,
235360,2008,2008-07-29,2008-07-30T02:10:00Z,R,Regular Season,N,1,Final,F,San Francisco Giants,137,0,Los Angeles Dodgers,119,2,Jason Johnson,Matt Cain,Jonathan Broxton,9,Dodger Stadium,night,2,3,False,,
235377,2008,2008-07-30,2008-07-30T16:37:00Z,R,Regular Season,N,1,Final,F,Tampa Bay Rays,139,3,Toronto Blue Jays,141,2,Edwin Jackson,Scott Richmond,Troy Percival,9,Rogers Centre,day,3,3,False,,
235365,2008,2008-07-30,2008-07-30T17:05:00Z,R,Regular Season,N,1,Final,F,Baltimore Orioles,110,3,New York Yankees,147,13,Joba Chamberlain,Dennis Sarfate,,9,Yankee Stadium I,day,3,3,False,,
235371,2008,2008-07-30,2008-07-30T19:35:00Z,R,Regular Season,N,1,Final,F,Kansas City Royals,118,4,Oakland Athletics,133,3,Ramon E Ramirez,Huston Street,Joakim Soria,10,McAfee Coliseum,day,3,3,False,,
235376,2008,2008-07-30,2008-07-30T23:00:00Z,R,Regular Season,N,1,Final,F,St. Louis Cardinals,138,7,Atlanta Braves,144,2,Brad Thompson,Jair Jurrjens,Ron Villone,9,Turner Field,night,3,4,False,,
235363,2008,2008-07-30,2008-07-30T23:05:00Z,R,Regular Season,N,1,Final,F,Los Angeles Angels,108,9,Boston Red Sox,111,2,Joe Saunders,Josh Beckett,,9,Fenway Park,night,3,3,False,,
235369,2008,2008-07-30,2008-07-30T23:05:00Z,R,Regular Season,N,1,Final,F,Colorado Rockies,115,7,Pittsburgh Pirates,134,4,Aaron Cook,Zach Duke,Brian Fuentes,9,PNC Park,night,3,3,False,,
235370,2008,2008-07-30,2008-07-30T23:05:00Z,R,Regular Season,N,1,Final,F,Detroit Tigers,116,14,Cleveland Indians,114,12,Casey Fossum,Juan Rincon,,13,Progressive Field,night,3,4,False,,
235372,2008,2008-07-30,2008-07-30T23:10:00Z,R,Regular Season,N,1,Final,F,New York Mets,121,5,Florida Marlins,146,7,Josh Johnson,Mike Pelfrey,Kevin Gregg,9,Dolphin Stadium,night,3,3,False,,
235373,2008,2008-07-30,2008-07-30T23:10:00Z,R,Regular Season,N,1,Final,F,Philadelphia Phillies,143,8,Washington Nationals,120,5,Jamie Moyer,Tim Redding,Brad Lidge,9,Nationals Park,night,2,3,False,,
235367,2008,2008-07-30,2008-07-31T00:05:00Z,R,Regular Season,N,1,Final,F,Chicago Cubs,112,7,Milwaukee Brewers,158,2,Ryan Dempster,Manny Parra,,9,Miller Park,night,3,4,False,,
235368,2008,2008-07-30,2008-07-31T00:05:00Z,R,Regular Season,N,1,Final,F,Cincinnati Reds,113,9,Houston Astros,117,5,Edinson Volquez,Wandy Rodriguez,,9,Minute Maid Park,night,3,3,False,,
235374,2008,2008-07-30,2008-07-31T00:05:00Z,R,Regular Season,N,1,Final,F,Seattle Mariners,136,3,Texas Rangers,140,4,Eddie Guardado,Arthur Rhodes,C.J. Wilson,9,Rangers Ballpark in Arlington,night,3,4,False,,
235366,2008,2008-07-30,2008-07-31T00:10:00Z,R,Regular Season,N,1,Final,F,Chicago White Sox,145,8,Minnesota Twins,142,3,Gavin Floyd,Livan Hernandez,,9,Hubert H. Humphrey Metrodome,night,3,4,False,,
235364,2008,2008-07-30,2008-07-31T02:05:00Z,R,Regular Season,N,1,Final,F,Arizona Diamondbacks,109,7,San Diego Padres,135,3,Dan Haren,Cha Seung Baek,,9,PETCO Park,night,3,3,False,,
235375,2008,2008-07-30,2008-07-31T02:10:00Z,R,Regular Season,N,1,Final,F,San Francisco Giants,137,0,Los Angeles Dodgers,119,4,Chad Billingsley,Jonathan Sánchez,,9,Dodger Stadium,night,3,3,False,,
235383,2008,2008-07-31,2008-07-31T16:05:00Z,R,Regular Season,N,1,Final,F,Detroit Tigers,116,4,Cleveland Indians,114,9,Roberto Hernandez,Justin Verlander,,9,Progressive Field,day,4,4,False,,
235381,2008,2008-07-31,2008-07-31T18:05:00Z,R,Regular Season,N,1,Final,F,Chicago Cubs,112,11,Milwaukee Brewers,158,4,Rich Harden,Dave Bush,,9,Miller Park,day,4,4,False,,
235386,2008,2008-07-31,2008-07-31T23:00:00Z,R,Regular Season,N,1,Final,F,St. Louis Cardinals,138,4,Atlanta Braves,144,9,Jeff Bennett,Joel Pineiro,,9,Turner Field,night,4,4,False,,
235378,2008,2008-07-31,2008-07-31T23:05:00Z,R,Regular Season,N,1,Final,F,Los Angeles Angels,108,12,New York Yankees,147,6,Jon Garland,Andy Pettitte,,9,Yankee Stadium I,night,1,4,False,,
235382,2008,2008-07-31,2008-07-31T23:10:00Z,R,Regular Season,N,1,Final,F,Colorado Rockies,115,2,Florida Marlins,146,12,Aníbal Sánchez,Jorge De La Rosa,,9,Dolphin Stadium,night,1,4,False,,
235384,2008,2008-07-31,2008-07-31T23:10:00Z,R,Regular Season,N,1,Final,F,Philadelphia Phillies,143,8,Washington Nationals,120,4,Kyle Kendrick,John Lannan,,9,Nationals Park,night,3,3,False,,
235385,2008,2008-07-31,2008-08-01T00:05:00Z,R,Regular Season,N,1,Final,F,Seattle Mariners,136,8,Texas Rangers,140,5,R.A. Dickey,Matt Harrison,,9,Rangers Ballpark in Arlington,night,4,4,False,,
235380,2008,2008-07-31,2008-08-01T00:10:00Z,R,Regular Season,N,1,Final,F,Chicago White Sox,145,6,Minnesota Twins,142,10,Jesse Crain,Matt Thornton,,9,Hubert H. Humphrey Metrodome,night,4,4,False,,
235379,2008,2008-07-31,2008-08-01T02:10:00Z,R,Regular Season,N,1,Final,F,Arizona Diamondbacks,109,2,Los Angeles Dodgers,119,1,Brandon Webb,Derek Lowe,Brandon Lyon,9,Dodger Stadium,night,1,4,False,,
235399,2008,2008-08-01,2008-08-01T18:20:00Z,R,Regular Season,N,1,Final,F,Pittsburgh Pirates,134,3,Chicago Cubs,112,0,Jeff Karstens,Jason Marquis,John Grabow,9,Wrigley Field,day,1,3,False,,
235387,2008,2008-08-01,2008-08-01T23:05:00Z,R,Regular Season,N,1,Final,F,Los Angeles Angels,108,1,New York Yankees,147,0,Ervin Santana,Mariano Rivera,Francisco Rodríguez,9,Yankee Stadium I,night,2,4,False,,
235397,2008,2008-08-01,2008-08-01T23:05:00Z,R,Regular Season,N,1,Final,F,Oakland Athletics,133,1,Boston Red Sox,111,2,Mike Timlin,Alan Embree,,12,Fenway Park,night,1,3,False,,
235393,2008,2008-08-01,2008-08-01T23:10:00Z,R,Regular Season,N,1,Final,F,Colorado Rockies,115,5,Florida Marlins,146,2,Ubaldo Jiménez,Chris Volstad,Brian Fuentes,9,Dolphin Stadium,night,2,4,False,,
235394,2008,2008-08-01,2008-08-01T23:10:00Z,R,Regular Season,N,1,Final,F,Detroit Tigers,116,2,Tampa Bay Rays,139,5,Grant Balfour,Zach Miner,Troy Percival,9,Tropicana Field,night,1,3,False,,
235395,2008,2008-08-01,2008-08-01T23:30:00Z,R,Regular Season,N,1,Final,F,Milwaukee Brewers,158,9,Atlanta Braves,144,0,Jeff Suppan,Chuck James,,9,Turner Field,night,1,3,False,,
235391,2008,2008-08-01,2008-08-01T23:35:00Z,R,Regular Season,N,1,Final,F,Cincinnati Reds,113,2,Washington Nationals,120,5,Odalis Perez,Homer Bailey,,9,Nationals Park,night,1,3,False,,
235396,2008,2008-08-01,2008-08-02T00:05:00Z,R,Regular Season,N,1,Final,F,New York Mets,121,3,Houston Astros,117,7,Doug Brocail,Aaron Heilman,,9,Minute Maid Park,night,1,3,False,,
235401,2008,2008-08-01,2008-08-02T00:05:00Z,R,Regular Season,N,1,Final,F,Toronto Blue Jays,141,8,Texas Rangers,140,9,C.J. Wilson,B.J. Ryan,,9,Rangers Ballpark in Arlington,night,1,3,False,,
235390,2008,2008-08-01,2008-08-02T00:10:00Z,R,Regular Season,N,1,Final,F,Chicago White Sox,145,4,Kansas City Royals,118,2,Javier Vazquez,Luke Hochevar,Bobby Jenks,9,Kauffman Stadium,night,1,3,False,,
235392,2008,2008-08-01,2008-08-02T00:10:00Z,R,Regular Season,N,1,Final,F,Cleveland Indians,114,1,Minnesota Twins,142,4,Nick Blackburn,Jeremy Sowers,Joe Nathan,9,Hubert H. Humphrey Metrodome,night,1,3,False,,
235398,2008,2008-08-01,2008-08-02T00:15:00Z,R,Regular Season,N,1,Final,F,Philadelphia Phillies,143,3,St. Louis Cardinals,138,6,Kyle Lohse,Cole Hamels,Jason Isringhausen,9,Busch Stadium,night,1,3,False,,
235400,2008,2008-08-01,2008-08-02T02:05:00Z,R,Regular Season,N,1,Final,F,San Francisco Giants,137,3,San Diego Padres,135,2,Sergio Romo,Trevor Hoffman,Brian Wilson,10,PETCO Park,night,1,3,False,,
235389,2008,2008-08-01,2008-08-02T02:10:00Z,R,Regular Season,N,1,Final,F,Baltimore Orioles,110,10,Seattle Mariners,136,5,Garrett Olson,Jarrod Washburn,,9,Safeco Field,night,1,3,False,,
235388,2008,2008-08-01,2008-08-02T02:40:00Z,R,Regular Season,N,1,Final,F,Arizona Diamondbacks,109,2,Los Angeles Dodgers,119,1,Randy Johnson,Chan Ho Park,Brandon Lyon,9,Dodger Stadium,night,2,4,False,,
235414,2008,2008-08-02,2008-08-02T17:05:00Z,R,Regular Season,N,1,Final,F,Pittsburgh Pirates,134,1,Chicago Cubs,112,5,Ted Lilly,Paul Maholm,,9,Wrigley Field,day,2,3,False,,
235402,2008,2008-08-02,2008-08-02T19:55:00Z,R,Regular Season,N,1,Final,F,Los Angeles Angels,108,2,New York Yankees,147,8,Mike Mussina,Jered Weaver,,9,Yankee Stadium I,day,3,4,False,,
235405,2008,2008-08-02,2008-08-02T19:55:00Z,R,Regular Season,N,1,Final,F,Chicago White Sox,145,7,Kansas City Royals,118,9,Kyle Davies,Mark Buehrle,Joakim Soria,9,Kauffman Stadium,day,2,3,False,,
235410,2008,2008-08-02,2008-08-02T19:55:00Z,R,Regular Season,N,1,Final,F,Milwaukee Brewers,158,4,Atlanta Braves,144,2,CC Sabathia,Charlie Morton,Salomon Torres,9,Turner Field,day,2,3,False,,
235409,2008,2008-08-02,2008-08-02T22:10:00Z,R,Regular Season,N,1,Final,F,Detroit Tigers,116,3,Tampa Bay Rays,139,9,Andy Sonnanstine,Kenny Rogers,,9,Tropicana Field,night,2,3,False,,
235411,2008,2008-08-02,2008-08-02T23:05:00Z,R,Regular Season,N,1,Final,F,New York Mets,121,4,Houston Astros,117,5,Jose Valverde,Aaron Heilman,,10,Minute Maid Park,night,2,3,False,,
235412,2008,2008-08-02,2008-08-02T23:05:00Z,R,Regular Season,N,1,Final,F,Oakland Athletics,133,2,Boston Red Sox,111,12,Jon Lester,Dana Eveland,,9,Fenway Park,night,2,3,False,,
235406,2008,2008-08-02,2008-08-02T23:10:00Z,R,Regular Season,N,1,Final,F,Cincinnati Reds,113,6,Washington Nationals,120,10,Charlie Manning,Mike Lincoln,,9,Nationals Park,night,2,3,False,,
235407,2008,2008-08-02,2008-08-02T23:10:00Z,R,Regular Season,N,1,Final,F,Cleveland Indians,114,5,Minnesota Twins,142,1,Paul Byrd,Kevin Slowey,,9,Hubert H. Humphrey Metrodome,night,2,3,False,,
235408,2008,2008-08-02,2008-08-02T23:10:00Z,R,Regular Season,N,1,Final,F,Colorado Rockies,115,3,Florida Marlins,146,5,Ricky Nolasco,Valerio De Los Santos,Kevin Gregg,9,Dolphin Stadium,night,3,4,False,,
235413,2008,2008-08-02,2008-08-02T23:15:00Z,R,Regular Season,N,1,Final,F,Philadelphia Phillies,143,2,St. Louis Cardinals,138,1,Joe Blanton,Braden Looper,Brad Lidge,9,Busch Stadium,night,2,3,False,,
235416,2008,2008-08-02,2008-08-03T00:05:00Z,R,Regular Season,N,1,Final,F,Toronto Blue Jays,141,6,Texas Rangers,140,4,A.J. Burnett,Scott Feldman,B.J. Ryan,9,Rangers Ballpark in Arlington,night,2,3,False,,
235415,2008,2008-08-02,2008-08-03T02:05:00Z,R,Regular Season,N,1,Final,F,San Francisco Giants,137,2,San Diego Padres,135,0,Barry Zito,Jake Peavy,Brian Wilson,9,PETCO Park,night,2,3,False,,
235403,2008,2008-08-02,2008-08-03T02:10:00Z,R,Regular Season,N,1,Final,F,Arizona Diamondbacks,109,2,Los Angeles Dodgers,119,4,Hiroki Kuroda,Yusmeiro Petit,Chan Ho Park,9,Dodger Stadium,night,3,4,False,,
235404,2008,2008-08-02,2008-08-03T02:10:00Z,R,Regular Season,N,1,Final,F,Baltimore Orioles,110,3,Seattle Mariners,136,1,Jeremy Guthrie,Félix Hernández,,9,Safeco Field,night,2,3,False,,
235417,2008,2008-08-03,2008-08-03T17:05:00Z,R,Regular Season,N,1,Final,F,Los Angeles Angels,108,9,New York Yankees,147,14,Edwar Ramirez,Scot Shields,,9,Yankee Stadium I,day,4,4,False,,
235423,2008,2008-08-03,2008-08-03T17:10:00Z,R,Regular Season,N,1,Final,F,Colorado Rockies,115,3,Florida Marlins,146,2,Taylor Buchholz,Joe Nelson,Brian Fuentes,9,Dolphin Stadium,day,4,4,False,,
235425,2008,2008-08-03,2008-08-03T17:30:00Z,R,Regular Season,N,1,Final,F,Milwaukee Brewers,158,0,Atlanta Braves,144,5,Jorge Campillo,Ben Sheets,,9,Turner Field,day,3,3,False,,
235421,2008,2008-08-03,2008-08-03T17:35:00Z,R,Regular Season,N,1,Final,F,Cincinnati Reds,113,2,Washington Nationals,120,4,Collin Balester,Johnny Cueto,Joel Hanrahan,9,Nationals Park,day,3,3,False,,
235427,2008,2008-08-03,2008-08-03T17:35:00Z,R,Regular Season,N,1,Final,F,Oakland Athletics,133,2,Boston Red Sox,111,5,Daisuke Matsuzaka,Dallas Braden,Jonathan Papelbon,9,Fenway Park,day,3,3,False,,
235424,2008,2008-08-03,2008-08-03T17:40:00Z,R,Regular Season,N,1,Final,F,Detroit Tigers,116,5,Tampa Bay Rays,139,6,Trever Miller,Fernando Rodney,,10,Tropicana Field,day,3,3,False,,
235426,2008,2008-08-03,2008-08-03T18:05:00Z,R,Regular Season,N,1,Final,F,New York Mets,121,0,Houston Astros,117,4,Randy Wolf,Oliver Pérez,,9,Minute Maid Park,day,3,3,False,,
235420,2008,2008-08-03,2008-08-03T18:10:00Z,R,Regular Season,N,1,Final,F,Chicago White Sox,145,3,Kansas City Royals,118,14,Zack Greinke,Clayton Richard,,9,Kauffman Stadium,day,3,3,False,,
235422,2008,2008-08-03,2008-08-03T18:10:00Z,R,Regular Season,N,1,Final,F,Cleveland Indians,114,2,Minnesota Twins,142,6,Francisco Liriano,Matt Ginter,,9,Hubert H. Humphrey Metrodome,day,3,3,False,,
235429,2008,2008-08-03,2008-08-03T18:20:00Z,R,Regular Season,N,1,Final,F,Pittsburgh Pirates,134,5,Chicago Cubs,112,8,Chad Gaudin,Craig Hansen,Carlos Marmol,9,Wrigley Field,day,3,3,False,,
235430,2008,2008-08-03,2008-08-03T20:05:00Z,R,Regular Season,N,1,Final,F,San Francisco Giants,137,1,San Diego Padres,135,4,Greg Maddux,Kevin Correia,Trevor Hoffman,9,PETCO Park,day,3,3,False,,
235418,2008,2008-08-03,2008-08-03T20:10:00Z,R,Regular Season,N,1,Final,F,Arizona Diamondbacks,109,3,Los Angeles Dodgers,119,9,Cory Wade,Doug Davis,,9,Dodger Stadium,day,4,4,False,,
235419,2008,2008-08-03,2008-08-03T20:10:00Z,R,Regular Season,N,1,Final,F,Baltimore Orioles,110,4,Seattle Mariners,136,8,J.J. Putz,Daniel Cabrera,,9,Safeco Field,day,3,3,False,,
235428,2008,2008-08-03,2008-08-04T00:05:00Z,R,Regular Season,N,1,Final,F,Philadelphia Phillies,143,5,St. Louis Cardinals,138,4,Chad Durbin,Jaime García,Brad Lidge,9,Busch Stadium,night,3,3,False,,
235431,2008,2008-08-03,2008-08-04T00:05:00Z,R,Regular Season,N,1,Final,F,Toronto Blue Jays,141,4,Texas Rangers,140,8,Luis Mendoza,David Purcey,,9,Rangers Ballpark in Arlington,night,3,3,False,,
235440,2008,2008-08-04,2008-08-04T22:07:00Z,R,Regular Season,N,1,Final,F,Oakland Athletics,133,1,Toronto Blue Jays,141,6,Roy Halladay,Sean Gallagher,,9,Rogers Centre,night,1,4,False,,
235436,2008,2008-08-04,2008-08-04T23:05:00Z,R,Regular Season,N,1,Completed Early,F,Houston Astros,117,2,Chicago Cubs,112,0,Brian Moehler,Ryan Dempster,LaTroy Hawkins,8,Wrigley Field,night,1,3,False,,
235435,2008,2008-08-04,2008-08-04T23:10:00Z,R,Regular Season,N,1,Final,F,Cleveland Indians,114,5,Tampa Bay Rays,139,2,Cliff Lee,Matt Garza,Rafael Perez,9,Tropicana Field,night,1,3,False,,
235437,2008,2008-08-04,2008-08-04T23:10:00Z,R,Regular Season,N,1,Final,F,Milwaukee Brewers,158,3,Cincinnati Reds,113,6,Bronson Arroyo,Manny Parra,Francisco Cordero,9,Great American Ball Park,night,1,3,False,,
235439,2008,2008-08-04,2008-08-05T00:05:00Z,R,Regular Season,N,1,Final,F,New York Yankees,147,5,Texas Rangers,140,9,Eddie Guardado,Damaso Marte,,9,Rangers Ballpark in Arlington,night,1,4,False,,
235434,2008,2008-08-04,2008-08-05T00:10:00Z,R,Regular Season,N,1,Final,F,Boston Red Sox,111,3,Kansas City Royals,118,4,Gil Meche,Clay Buchholz,Joakim Soria,9,Kauffman Stadium,night,1,3,False,,
235442,2008,2008-08-04,2008-08-05T01:05:00Z,R,Regular Season,N,1,Final,F,Washington Nationals,120,9,Colorado Rockies,115,4,Tim Redding,Aaron Cook,,9,Coors Field,night,1,4,False,,
235441,2008,2008-08-04,2008-08-05T01:40:00Z,R,Regular Season,N,1,Final,F,Pittsburgh Pirates,134,7,Arizona Diamondbacks,109,13,Dan Haren,Jason Davis,,9,Chase Field,night,1,3,False,,
235433,2008,2008-08-04,2008-08-05T02:05:00Z,R,Regular Season,N,1,Final,F,Baltimore Orioles,110,5,Los Angeles Angels,108,6,Francisco Rodríguez,George Sherrill,,9,Angel Stadium of Anaheim,night,1,3,False,,
235438,2008,2008-08-04,2008-08-05T02:10:00Z,R,Regular Season,N,1,Final,F,Minnesota Twins,142,6,Seattle Mariners,136,11,Roy Corcoran,Brian Bass,,9,Safeco Field,night,1,3,False,,
235432,2008,2008-08-04,2008-08-05T02:15:00Z,R,Regular Season,N,1,Final,F,Atlanta Braves,144,2,San Francisco Giants,137,4,Matt Cain,Jair Jurrjens,Brian Wilson,9,AT&T Park,night,1,3,False,,
235449,2008,2008-08-05,2008-08-05T18:20:00Z,R,Regular Season,N,1,Final,F,Houston Astros,117,7,Chicago Cubs,112,11,Bob Howry,Chris Sampson,,9,Wrigley Field,day,2,3,False,,
235448,2008,2008-08-05,2008-08-05T23:05:00Z,R,Regular Season,N,1,Final,F,Florida Marlins,146,8,Philadelphia Phillies,143,2,Josh Johnson,Jamie Moyer,,9,Citizens Bank Park,night,1,3,False,,
235454,2008,2008-08-05,2008-08-05T23:07:00Z,R,Regular Season,N,1,Final,F,Oakland Athletics,133,3,Toronto Blue Jays,141,4,Jesse Carlson,Huston Street,,9,Rogers Centre,night,2,4,False,,
235446,2008,2008-08-05,2008-08-05T23:10:00Z,R,Regular Season,N,1,Final,F,Cleveland Indians,114,4,Tampa Bay Rays,139,8,Edwin Jackson,Roberto Hernandez,,9,Tropicana Field,night,2,3,False,,
235451,2008,2008-08-05,2008-08-05T23:10:00Z,R,Regular Season,N,1,Final,F,Milwaukee Brewers,158,8,Cincinnati Reds,113,1,Dave Bush,Edinson Volquez,,9,Great American Ball Park,night,2,3,False,,
235456,2008,2008-08-05,2008-08-05T23:10:00Z,R,Regular Season,N,1,Final,F,San Diego Padres,135,5,New York Mets,121,6,Mike Pelfrey,Mike Adams,Scott Schoeneweis,9,Shea Stadium,night,1,3,False,,
235453,2008,2008-08-05,2008-08-06T00:05:00Z,R,Regular Season,N,1,Final,F,New York Yankees,147,6,Texas Rangers,140,8,Matt Harrison,Andy Pettitte,Eddie Guardado,9,Rangers Ballpark in Arlington,night,2,4,False,,
235445,2008,2008-08-05,2008-08-06T00:10:00Z,R,Regular Season,N,1,Final,F,Boston Red Sox,111,8,Kansas City Royals,118,2,Josh Beckett,Brian Bannister,,9,Kauffman Stadium,night,2,3,False,,
235447,2008,2008-08-05,2008-08-06T00:11:00Z,R,Regular Season,N,1,Final,F,Detroit Tigers,116,8,Chicago White Sox,145,10,Adam Russell,Joel Zumaya,,14,U.S. Cellular Field,night,1,3,False,,
235450,2008,2008-08-05,2008-08-06T00:15:00Z,R,Regular Season,N,1,Final,F,Los Angeles Dodgers,119,4,St. Louis Cardinals,138,6,Jaime García,Jason Johnson,,11,Busch Stadium,night,1,3,False,,
235457,2008,2008-08-05,2008-08-06T01:05:00Z,R,Regular Season,N,1,Final,F,Washington Nationals,120,2,Colorado Rockies,115,8,Manny Corpas,Luis Ayala,,9,Coors Field,night,2,4,False,,
235455,2008,2008-08-05,2008-08-06T01:40:00Z,R,Regular Season,N,1,Final,F,Pittsburgh Pirates,134,1,Arizona Diamondbacks,109,3,Brandon Webb,Zach Duke,,9,Chase Field,night,2,3,False,,
235444,2008,2008-08-05,2008-08-06T02:05:00Z,R,Regular Season,N,1,Final,F,Baltimore Orioles,110,3,Los Angeles Angels,108,0,Chris Waters,Jon Garland,George Sherrill,9,Angel Stadium of Anaheim,night,2,3,False,,
235452,2008,2008-08-05,2008-08-06T02:10:00Z,R,Regular Season,N,1,Final,F,Minnesota Twins,142,7,Seattle Mariners,136,8,J.J. Putz,Matt Guerrier,,9,Safeco Field,night,2,3,False,,
235443,2008,2008-08-05,2008-08-06T02:15:00Z,R,Regular Season,N,1,Final,F,Atlanta Braves,144,11,San Francisco Giants,137,4,Mike Hampton,Jonathan Sánchez,,9,AT&T Park,night,2,3,False,,
235466,2008,2008-08-06,2008-08-06T16:35:00Z,R,Regular Season,N,1,Final,F,Milwaukee Brewers,158,6,Cincinnati Reds,113,3,Jeff Suppan,Homer Bailey,Salomon Torres,9,Great American Ball Park,day,3,3,False,,
235461,2008,2008-08-06,2008-08-06T16:40:00Z,R,Regular Season,N,1,Final,F,Cleveland Indians,114,7,Tampa Bay Rays,139,10,Troy Percival,Masa Kobayashi,,9,Tropicana Field,day,3,3,False,,
235464,2008,2008-08-06,2008-08-06T18:20:00Z,R,Regular Season,N,1,Final,F,Houston Astros,117,4,Chicago Cubs,112,11,Jason Marquis,Brandon Backe,,9,Wrigley Field,day,3,3,False,,
235459,2008,2008-08-06,2008-08-06T19:35:00Z,R,Regular Season,N,1,Final,F,Baltimore Orioles,110,4,Los Angeles Angels,108,9,Ervin Santana,Garrett Olson,,9,Angel Stadium of Anaheim,day,3,3,False,,
235470,2008,2008-08-06,2008-08-06T19:40:00Z,R,Regular Season,N,1,Final,F,Pittsburgh Pirates,134,2,Arizona Diamondbacks,109,0,Jeff Karstens,Randy Johnson,,9,Chase Field,day,3,3,False,,
235458,2008,2008-08-06,2008-08-06T19:45:00Z,R,Regular Season,N,1,Final,F,Atlanta Braves,144,2,San Francisco Giants,137,3,Tim Lincecum,Chuck James,Brian Wilson,9,AT&T Park,day,3,3,False,,
235467,2008,2008-08-06,2008-08-06T20:40:00Z,R,Regular Season,N,1,Final,F,Minnesota Twins,142,7,Seattle Mariners,136,3,Nick Blackburn,Jarrod Washburn,,9,Safeco Field,day,3,3,False,,
235463,2008,2008-08-06,2008-08-06T23:05:00Z,R,Regular Season,N,1,Final,F,Florida Marlins,146,0,Philadelphia Phillies,143,5,Kyle Kendrick,Aníbal Sánchez,,9,Citizens Bank Park,night,2,3,False,,
235469,2008,2008-08-06,2008-08-06T23:07:00Z,R,Regular Season,N,1,Final,F,Oakland Athletics,133,1,Toronto Blue Jays,141,5,Shaun Marcum,Gio Gonzalez,,9,Rogers Centre,night,3,4,False,,
235471,2008,2008-08-06,2008-08-06T23:10:00Z,R,Regular Season,N,1,Final,F,San Diego Padres,135,4,New York Mets,121,2,Cha Seung Baek,Pedro Martínez,Trevor Hoffman,9,Shea Stadium,night,2,3,False,,
235468,2008,2008-08-06,2008-08-07T00:05:00Z,R,Regular Season,N,1,Final,F,New York Yankees,147,5,Texas Rangers,140,3,Sidney Ponson,Tommy Hunter,Mariano Rivera,9,Rangers Ballpark in Arlington,night,3,4,False,,
235460,2008,2008-08-06,2008-08-07T00:10:00Z,R,Regular Season,N,1,Final,F,Boston Red Sox,111,8,Kansas City Royals,118,2,Tim Wakefield,Luke Hochevar,,9,Kauffman Stadium,night,3,3,False,,
235462,2008,2008-08-06,2008-08-07T00:11:00Z,R,Regular Season,N,1,Final,F,Detroit Tigers,116,1,Chicago White Sox,145,5,John Danks,Justin Verlander,,9,U.S. Cellular Field,night,2,3,False,,
235465,2008,2008-08-06,2008-08-07T00:15:00Z,R,Regular Season,N,1,Final,F,Los Angeles Dodgers,119,6,St. Louis Cardinals,138,9,Joel Pineiro,Derek Lowe,Chris Perez,9,Busch Stadium,night,2,3,False,,
235480,2008,2008-08-07,2008-08-07T16:10:00Z,R,Regular Season,N,1,Final,F,San Diego Padres,135,3,New York Mets,121,5,Aaron Heilman,Heath Bell,,9,Shea Stadium,day,3,3,False,,
235475,2008,2008-08-07,2008-08-07T17:05:00Z,R,Regular Season,N,1,Final,F,Florida Marlins,146,3,Philadelphia Phillies,143,0,Chris Volstad,Cole Hamels,Kevin Gregg,9,Citizens Bank Park,day,3,3,False,,
235477,2008,2008-08-07,2008-08-07T18:15:00Z,R,Regular Season,N,1,Final,F,Los Angeles Dodgers,119,4,St. Louis Cardinals,138,1,Clayton Kershaw,Kyle Lohse,Jonathan Broxton,9,Busch Stadium,day,3,3,False,,
235482,2008,2008-08-07,2008-08-07T19:05:00Z,R,Regular Season,Y,1,Final,F,Washington Nationals,120,6,Colorado Rockies,115,3,Jason Bergmann,Jeff Francis,Joel Hanrahan,9,Coors Field,day,3,4,False,,
235472,2008,2008-08-07,2008-08-07T19:10:00Z,R,Regular Season,Y,2,Final,F,Washington Nationals,120,6,Colorado Rockies,115,3,Odalis Perez,Ubaldo Jiménez,Joel Hanrahan,9,Coors Field,day,4,4,False,,
235479,2008,2008-08-07,2008-08-07T23:07:00Z,R,Regular Season,N,1,Final,F,Oakland Athletics,133,4,Toronto Blue Jays,141,6,A.J. Burnett,Jerry Blevins,B.J. Ryan,9,Rogers Centre,night,4,4,False,,
235476,2008,2008-08-07,2008-08-07T23:10:00Z,R,Regular Season,N,1,Final,F,Houston Astros,117,7,Cincinnati Reds,113,4,Roy Oswalt,Josh Fogg,,9,Great American Ball Park,night,1,4,False,,
235478,2008,2008-08-07,2008-08-08T00:05:00Z,R,Regular Season,N,1,Final,F,New York Yankees,147,3,Texas Rangers,140,0,Mike Mussina,Scott Feldman,Mariano Rivera,9,Rangers Ballpark in Arlington,night,4,4,False,,
235474,2008,2008-08-07,2008-08-08T00:11:00Z,R,Regular Season,N,1,Final,F,Detroit Tigers,116,8,Chicago White Sox,145,3,Zach Miner,Javier Vazquez,Fernando Rodney,9,U.S. Cellular Field,night,3,3,False,,
235473,2008,2008-08-07,2008-08-08T01:40:00Z,R,Regular Season,N,1,Final,F,Atlanta Braves,144,6,Arizona Diamondbacks,109,4,Charlie Morton,Yusmeiro Petit,Michael Gonzalez,9,Chase Field,night,1,4,False,,
235481,2008,2008-08-07,2008-08-08T02:10:00Z,R,Regular Season,N,1,Final,F,Tampa Bay Rays,139,1,Seattle Mariners,136,2,J.J. Putz,Dan Wheeler,,9,Safeco Field,night,1,4,False,,
235494,2008,2008-08-08,2008-08-08T18:20:00Z,R,Regular Season,N,1,Final,F,St. Louis Cardinals,138,2,Chicago Cubs,112,3,Bob Howry,Ryan Franklin,,11,Wrigley Field,day,1,3,False,,
235491,2008,2008-08-08,2008-08-08T23:05:00Z,R,Regular Season,N,1,Final,F,Oakland Athletics,133,4,Detroit Tigers,116,2,Dallas Braden,Kenny Rogers,Brad Ziegler,9,Comerica Park,night,1,3,False,,
235492,2008,2008-08-08,2008-08-08T23:05:00Z,R,Regular Season,N,1,Final,F,Pittsburgh Pirates,134,2,Philadelphia Phillies,143,0,T.J. Beam,Les Walrond,Craig Hansen,12,Citizens Bank Park,night,1,3,False,,
235496,2008,2008-08-08,2008-08-08T23:05:00Z,R,Regular Season,N,1,Final,F,Texas Rangers,140,1,Baltimore Orioles,110,9,Jeremy Guthrie,Luis Mendoza,,9,Oriole Park at Camden Yards,night,1,3,False,,
235485,2008,2008-08-08,2008-08-08T23:07:00Z,R,Regular Season,N,1,Final,F,Cleveland Indians,114,5,Toronto Blue Jays,141,2,Anthony Reyes,David Purcey,Jensen Lewis,9,Rogers Centre,night,1,3,False,,
235486,2008,2008-08-08,2008-08-08T23:10:00Z,R,Regular Season,N,1,Final,F,Florida Marlins,146,0,New York Mets,121,3,Oliver Pérez,Ricky Nolasco,Aaron Heilman,9,Shea Stadium,night,1,3,False,,
235487,2008,2008-08-08,2008-08-08T23:10:00Z,R,Regular Season,N,1,Final,F,Houston Astros,117,9,Cincinnati Reds,113,5,Chris Sampson,Francisco Cordero,,10,Great American Ball Park,night,2,4,False,,
235497,2008,2008-08-08,2008-08-09T00:05:00Z,R,Regular Season,N,1,Final,F,Washington Nationals,120,0,Milwaukee Brewers,158,5,CC Sabathia,Collin Balester,,9,Miller Park,night,1,4,False,,
235489,2008,2008-08-08,2008-08-09T00:10:00Z,R,Regular Season,N,1,Final,F,Minnesota Twins,142,4,Kansas City Royals,118,1,Kevin Slowey,Kyle Davies,Joe Nathan,9,Kauffman Stadium,night,1,3,False,,
235484,2008,2008-08-08,2008-08-09T00:11:00Z,R,Regular Season,N,1,Final,F,Boston Red Sox,111,3,Chicago White Sox,145,5,Mark Buehrle,Jon Lester,Bobby Jenks,9,U.S. Cellular Field,night,1,4,False,,
235493,2008,2008-08-08,2008-08-09T01:05:00Z,R,Regular Season,N,1,Final,F,San Diego Padres,135,3,Colorado Rockies,115,6,Glendon Rusch,Jake Peavy,Brian Fuentes,9,Coors Field,night,1,3,False,,
235483,2008,2008-08-08,2008-08-09T01:40:00Z,R,Regular Season,N,1,Final,F,Atlanta Braves,144,11,Arizona Diamondbacks,109,6,Jorge Campillo,Doug Davis,Jeff Bennett,9,Chase Field,night,2,4,False,,
235490,2008,2008-08-08,2008-08-09T02:05:00Z,R,Regular Season,N,1,Final,F,New York Yankees,147,5,Los Angeles Angels,108,10,Jered Weaver,Ian Kennedy,,9,Angel Stadium of Anaheim,night,1,3,False,,
235495,2008,2008-08-08,2008-08-09T02:10:00Z,R,Regular Season,N,1,Final,F,Tampa Bay Rays,139,5,Seattle Mariners,136,3,James Shields,Carlos Silva,Troy Percival,9,Safeco Field,night,2,4,False,,
235488,2008,2008-08-08,2008-08-09T02:15:00Z,R,Regular Season,N,1,Final,F,Los Angeles Dodgers,119,6,San Francisco Giants,137,2,Brad Penny,Barry Zito,Jonathan Broxton,9,AT&T Park,night,1,3,False,,
235500,2008,2008-08-09,2008-08-09T17:07:00Z,R,Regular Season,N,1,Final,F,Cleveland Indians,114,4,Toronto Blue Jays,141,2,Paul Byrd,Roy Halladay,,9,Rogers Centre,day,2,3,False,,
235505,2008,2008-08-09,2008-08-09T19:55:00Z,R,Regular Season,N,1,Final,F,New York Yankees,147,4,Los Angeles Angels,108,11,Scot Shields,Edwar Ramirez,,9,Angel Stadium of Anaheim,day,2,3,False,,
235509,2008,2008-08-09,2008-08-09T19:55:00Z,R,Regular Season,N,1,Final,F,St. Louis Cardinals,138,12,Chicago Cubs,112,3,Todd Wellemeyer,Carlos Zambrano,,9,Wrigley Field,day,2,3,False,,
235499,2008,2008-08-09,2008-08-09T23:05:00Z,R,Regular Season,N,1,Final,F,Boston Red Sox,111,6,Chicago White Sox,145,2,Daisuke Matsuzaka,Boone Logan,,9,U.S. Cellular Field,night,2,4,False,,
235506,2008,2008-08-09,2008-08-09T23:05:00Z,R,Regular Season,N,1,Final,F,Oakland Athletics,133,2,Detroit Tigers,116,10,Armando Galarraga,Dan Meyer,,9,Comerica Park,night,2,3,False,,
235507,2008,2008-08-09,2008-08-09T23:05:00Z,R,Regular Season,N,1,Final,F,Pittsburgh Pirates,134,2,Philadelphia Phillies,143,4,Brett Myers,Ian Snell,Chad Durbin,9,Citizens Bank Park,night,2,3,False,,
235511,2008,2008-08-09,2008-08-09T23:05:00Z,R,Regular Season,N,1,Final,F,Texas Rangers,140,0,Baltimore Orioles,110,9,Daniel Cabrera,Vicente Padilla,,9,Oriole Park at Camden Yards,night,2,3,False,,
235512,2008,2008-08-09,2008-08-09T23:05:00Z,R,Regular Season,N,1,Final,F,Washington Nationals,120,0,Milwaukee Brewers,158,6,Ben Sheets,Tim Redding,,9,Miller Park,night,2,4,False,,
235501,2008,2008-08-09,2008-08-09T23:10:00Z,R,Regular Season,N,1,Final,F,Florida Marlins,146,6,New York Mets,121,8,Scott Schoeneweis,Scott Olsen,Aaron Heilman,9,Shea Stadium,night,2,3,False,,
235502,2008,2008-08-09,2008-08-09T23:10:00Z,R,Regular Season,N,1,Final,F,Houston Astros,117,3,Cincinnati Reds,113,1,Brian Moehler,Bronson Arroyo,Jose Valverde,9,Great American Ball Park,night,3,4,False,,
235504,2008,2008-08-09,2008-08-09T23:10:00Z,R,Regular Season,N,1,Final,F,Minnesota Twins,142,7,Kansas City Royals,118,3,Francisco Liriano,Zack Greinke,,9,Kauffman Stadium,night,2,3,False,,
235508,2008,2008-08-09,2008-08-10T00:05:00Z,R,Regular Season,N,1,Final,F,San Diego Padres,135,8,Colorado Rockies,115,3,Greg Maddux,Aaron Cook,Trevor Hoffman,9,Coors Field,night,2,3,False,,
235498,2008,2008-08-09,2008-08-10T00:10:00Z,R,Regular Season,N,1,Final,F,Atlanta Braves,144,11,Arizona Diamondbacks,109,4,Jair Jurrjens,Dan Haren,,9,Chase Field,night,3,4,False,,
235503,2008,2008-08-09,2008-08-10T01:05:00Z,R,Regular Season,N,1,Final,F,Los Angeles Dodgers,119,2,San Francisco Giants,137,3,Tyler Walker,Jonathan Broxton,,10,AT&T Park,night,2,3,False,,
235510,2008,2008-08-09,2008-08-10T02:10:00Z,R,Regular Season,N,1,Final,F,Tampa Bay Rays,139,8,Seattle Mariners,136,7,Chad Bradford,Miguel Batista,Troy Percival,11,Safeco Field,night,3,4,False,,
235521,2008,2008-08-10,2008-08-10T17:05:00Z,R,Regular Season,N,1,Final,F,Oakland Athletics,133,1,Detroit Tigers,116,6,Nate Robertson,Greg Smith,Fernando Rodney,9,Comerica Park,day,3,3,False,,
235515,2008,2008-08-10,2008-08-10T17:07:00Z,R,Regular Season,N,1,Final,F,Cleveland Indians,114,4,Toronto Blue Jays,141,0,Cliff Lee,Scott Richmond,,9,Rogers Centre,day,3,3,False,,
235516,2008,2008-08-10,2008-08-10T17:10:00Z,R,Regular Season,N,1,Final,F,Florida Marlins,146,8,New York Mets,121,2,Josh Johnson,Mike Pelfrey,,9,Shea Stadium,day,3,3,False,,
235517,2008,2008-08-10,2008-08-10T17:15:00Z,R,Regular Season,N,1,Final,F,Houston Astros,117,13,Cincinnati Reds,113,4,Wandy Rodriguez,Aaron Harang,,9,Great American Ball Park,day,4,4,False,,
235522,2008,2008-08-10,2008-08-10T17:35:00Z,R,Regular Season,N,1,Final,F,Pittsburgh Pirates,134,3,Philadelphia Phillies,143,6,Scott Eyre,Tyler Yates,Ryan Madson,9,Citizens Bank Park,day,3,3,False,,
235526,2008,2008-08-10,2008-08-10T17:35:00Z,R,Regular Season,N,1,Final,F,Texas Rangers,140,15,Baltimore Orioles,110,7,Matt Harrison,Randor Bierd,,9,Oriole Park at Camden Yards,day,3,3,False,,
235514,2008,2008-08-10,2008-08-10T18:05:00Z,R,Regular Season,N,1,Final,F,Boston Red Sox,111,5,Chicago White Sox,145,6,Gavin Floyd,Clay Buchholz,Bobby Jenks,9,U.S. Cellular Field,day,3,4,False,,
235527,2008,2008-08-10,2008-08-10T18:05:00Z,R,Regular Season,N,1,Final,F,Washington Nationals,120,4,Milwaukee Brewers,158,5,Guillermo Mota,Luis Ayala,,13,Miller Park,day,3,4,False,,
235519,2008,2008-08-10,2008-08-10T18:10:00Z,R,Regular Season,N,1,Final,F,Minnesota Twins,142,4,Kansas City Royals,118,5,Robinson Tejeda,Craig Breslow,,12,Kauffman Stadium,day,3,3,False,,
235523,2008,2008-08-10,2008-08-10T19:05:00Z,R,Regular Season,N,1,Final,F,San Diego Padres,135,16,Colorado Rockies,115,7,Justin Hampson,Livan Hernandez,,9,Coors Field,day,3,3,False,,
235520,2008,2008-08-10,2008-08-10T19:35:00Z,R,Regular Season,N,1,Final,F,New York Yankees,147,3,Los Angeles Angels,108,4,Francisco Rodríguez,Damaso Marte,,9,Angel Stadium of Anaheim,day,3,3,False,,
235518,2008,2008-08-10,2008-08-10T20:05:00Z,R,Regular Season,N,1,Final,F,Los Angeles Dodgers,119,4,San Francisco Giants,137,5,Jack Taschner,Hung-Chih Kuo,,9,AT&T Park,day,3,3,False,,
235513,2008,2008-08-10,2008-08-10T20:10:00Z,R,Regular Season,N,1,Final,F,Atlanta Braves,144,1,Arizona Diamondbacks,109,6,Brandon Webb,Mike Hampton,,9,Chase Field,day,4,4,False,,
235525,2008,2008-08-10,2008-08-10T20:10:00Z,R,Regular Season,N,1,Final,F,Tampa Bay Rays,139,11,Seattle Mariners,136,3,Edwin Jackson,R.A. Dickey,,9,Safeco Field,day,4,4,False,,
235524,2008,2008-08-10,2008-08-11T00:05:00Z,R,Regular Season,N,1,Final,F,St. Louis Cardinals,138,2,Chicago Cubs,112,6,Ryan Dempster,Chris Carpenter,,9,Wrigley Field,night,3,3,False,,
234149,2008,2008-08-11,2008-08-11T17:10:00Z,R,Regular Season,N,1,Final,F,Pittsburgh Pirates,134,7,New York Mets,121,5,Denny Bautista,Aaron Heilman,John Grabow,9,Shea Stadium,day,1,1,False,,
235535,2008,2008-08-11,2008-08-11T18:05:00Z,R,Regular Season,N,1,Final,F,Washington Nationals,120,1,Milwaukee Brewers,158,7,Dave Bush,Garrett Mock,,9,Miller Park,day,4,4,False,,
235528,2008,2008-08-11,2008-08-11T23:05:00Z,R,Regular Season,N,1,Final,F,Baltimore Orioles,110,8,Cleveland Indians,114,13,Edward Mujica,Rocky Cherry,,9,Progressive Field,night,1,4,False,,
235534,2008,2008-08-11,2008-08-11T23:05:00Z,R,Regular Season,N,1,Final,F,Toronto Blue Jays,141,7,Detroit Tigers,116,2,Shaun Marcum,Justin Verlander,,9,Comerica Park,night,1,4,False,,
235533,2008,2008-08-11,2008-08-11T23:10:00Z,R,Regular Season,N,1,Final,F,St. Louis Cardinals,138,4,Florida Marlins,146,2,Joel Pineiro,Aníbal Sánchez,Chris Perez,9,Dolphin Stadium,night,1,4,False,,
235532,2008,2008-08-11,2008-08-12T00:05:00Z,R,Regular Season,N,1,Final,F,San Francisco Giants,137,1,Houston Astros,117,3,Brandon Backe,Jonathan Sánchez,Jose Valverde,9,Minute Maid Park,night,1,4,False,,
235530,2008,2008-08-11,2008-08-12T00:10:00Z,R,Regular Season,N,1,Final,F,New York Yankees,147,0,Minnesota Twins,142,4,Glen Perkins,Sidney Ponson,,9,Hubert H. Humphrey Metrodome,night,1,3,False,,
235529,2008,2008-08-11,2008-08-12T00:11:00Z,R,Regular Season,N,1,Final,F,Boston Red Sox,111,5,Chicago White Sox,145,1,Josh Beckett,John Danks,,9,U.S. Cellular Field,night,4,4,False,,
235531,2008,2008-08-11,2008-08-12T02:10:00Z,R,Regular Season,N,1,Final,F,Philadelphia Phillies,143,6,Los Angeles Dodgers,119,8,Derek Lowe,Kyle Kendrick,Jonathan Broxton,9,Dodger Stadium,night,1,4,False,,
235537,2008,2008-08-12,2008-08-12T23:05:00Z,R,Regular Season,N,1,Final,F,Baltimore Orioles,110,5,Cleveland Indians,114,7,Rafael Perez,Jim Johnson,Jensen Lewis,9,Progressive Field,night,2,4,False,,
235539,2008,2008-08-12,2008-08-12T23:05:00Z,R,Regular Season,N,1,Final,F,Cincinnati Reds,113,5,Pittsburgh Pirates,134,1,Edinson Volquez,Jeff Karstens,,9,PNC Park,night,1,3,False,,
235549,2008,2008-08-12,2008-08-12T23:05:00Z,R,Regular Season,N,1,Final,F,Texas Rangers,140,17,Boston Red Sox,111,19,Hideki Okajima,Frank Francisco,Jonathan Papelbon,9,Fenway Park,night,1,3,False,,
235550,2008,2008-08-12,2008-08-12T23:05:00Z,R,Regular Season,N,1,Final,F,Toronto Blue Jays,141,6,Detroit Tigers,116,4,A.J. Burnett,Joel Zumaya,B.J. Ryan,9,Comerica Park,night,2,4,False,,
235543,2008,2008-08-12,2008-08-12T23:10:00Z,R,Regular Season,N,1,Final,F,New York Mets,121,4,Washington Nationals,120,3,Johan Santana,Saul Rivera,Pedro Feliciano,9,Nationals Park,night,1,3,False,,
235547,2008,2008-08-12,2008-08-12T23:10:00Z,R,Regular Season,N,1,Final,F,St. Louis Cardinals,138,3,Florida Marlins,146,4,Chris Volstad,Kyle Lohse,Kevin Gregg,9,Dolphin Stadium,night,2,4,False,,
235546,2008,2008-08-12,2008-08-13T00:05:00Z,R,Regular Season,N,1,Final,F,San Francisco Giants,137,4,Houston Astros,117,12,Roy Oswalt,Tyler Walker,,9,Minute Maid Park,night,2,4,False,,
235542,2008,2008-08-12,2008-08-13T00:10:00Z,R,Regular Season,N,1,Final,F,New York Yankees,147,9,Minnesota Twins,142,6,Jose Veras,Matt Guerrier,Edwar Ramirez,12,Hubert H. Humphrey Metrodome,night,2,3,False,,
235540,2008,2008-08-12,2008-08-13T00:11:00Z,R,Regular Season,N,1,Final,F,Kansas City Royals,118,0,Chicago White Sox,145,9,Javier Vazquez,Brian Bannister,,9,U.S. Cellular Field,night,1,3,False,,
235536,2008,2008-08-12,2008-08-13T01:05:00Z,R,Regular Season,N,1,Final,F,Arizona Diamondbacks,109,4,Colorado Rockies,115,2,Randy Johnson,Ubaldo Jiménez,Brandon Lyon,9,Coors Field,night,1,3,False,,
235541,2008,2008-08-12,2008-08-13T02:05:00Z,R,Regular Season,N,1,Final,F,Milwaukee Brewers,158,5,San Diego Padres,135,2,Jeff Suppan,Cha Seung Baek,Salomon Torres,9,PETCO Park,night,1,3,False,,
235545,2008,2008-08-12,2008-08-13T02:05:00Z,R,Regular Season,N,1,Final,F,Seattle Mariners,136,3,Los Angeles Angels,108,7,Jon Garland,Jarrod Washburn,Francisco Rodríguez,9,Angel Stadium of Anaheim,night,1,2,False,,
235548,2008,2008-08-12,2008-08-13T02:05:00Z,R,Regular Season,N,1,Final,F,Tampa Bay Rays,139,1,Oakland Athletics,133,2,Gio Gonzalez,Scott Kazmir,Brad Ziegler,9,McAfee Coliseum,night,1,3,False,,
235544,2008,2008-08-12,2008-08-13T02:10:00Z,R,Regular Season,N,1,Final,F,Philadelphia Phillies,143,3,Los Angeles Dodgers,119,4,Hung-Chih Kuo,J.C. Romero,,9,Dodger Stadium,night,2,4,False,,
235538,2008,2008-08-13,2008-08-13T17:10:00Z,R,Regular Season,S,1,Final,F,Chicago Cubs,112,10,Atlanta Braves,144,2,Jason Marquis,Charlie Morton,,9,Turner Field,day,1,3,False,,
235557,2008,2008-08-13,2008-08-13T17:10:00Z,R,Regular Season,N,1,Final,F,New York Yankees,147,2,Minnesota Twins,142,4,Kevin Slowey,Darrell Rasner,Joe Nathan,9,Hubert H. Humphrey Metrodome,day,3,3,False,,
235552,2008,2008-08-13,2008-08-13T23:05:00Z,R,Regular Season,N,1,Final,F,Baltimore Orioles,110,6,Cleveland Indians,114,1,Jeremy Guthrie,Anthony Reyes,,9,Progressive Field,night,3,4,False,,
235554,2008,2008-08-13,2008-08-13T23:05:00Z,R,Regular Season,N,1,Final,F,Cincinnati Reds,113,2,Pittsburgh Pirates,134,5,Paul Maholm,Josh Fogg,John Grabow,9,PNC Park,night,2,3,False,,
235564,2008,2008-08-13,2008-08-13T23:05:00Z,R,Regular Season,N,1,Final,F,Texas Rangers,140,4,Boston Red Sox,111,8,Jon Lester,Luis Mendoza,,9,Fenway Park,night,2,3,False,,
235565,2008,2008-08-13,2008-08-13T23:05:00Z,R,Regular Season,N,1,Final,F,Toronto Blue Jays,141,4,Detroit Tigers,116,3,David Purcey,Kenny Rogers,Brandon League,9,Comerica Park,night,3,4,False,,
235558,2008,2008-08-13,2008-08-13T23:10:00Z,R,Regular Season,N,1,Final,F,New York Mets,121,12,Washington Nationals,120,0,John Maine,Jason Bergmann,Brian Stokes,9,Nationals Park,night,2,3,False,,
235562,2008,2008-08-13,2008-08-13T23:10:00Z,R,Regular Season,N,1,Final,F,St. Louis Cardinals,138,6,Florida Marlins,146,4,Braden Looper,Renyel Pinto,Chris Perez,9,Dolphin Stadium,night,3,4,False,,
235553,2008,2008-08-13,2008-08-13T23:15:00Z,R,Regular Season,S,2,Final,F,Chicago Cubs,112,8,Atlanta Braves,144,0,Rich Harden,Jorge Campillo,,9,Turner Field,night,2,3,False,,
235561,2008,2008-08-13,2008-08-14T00:05:00Z,R,Regular Season,N,1,Final,F,San Francisco Giants,137,2,Houston Astros,117,6,Randy Wolf,Barry Zito,,9,Minute Maid Park,night,3,4,False,,
235555,2008,2008-08-13,2008-08-14T00:11:00Z,R,Regular Season,N,1,Final,F,Kansas City Royals,118,0,Chicago White Sox,145,4,Mark Buehrle,Luke Hochevar,,9,U.S. Cellular Field,night,2,3,False,,
235551,2008,2008-08-13,2008-08-14T01:05:00Z,R,Regular Season,N,1,Final,F,Arizona Diamondbacks,109,5,Colorado Rockies,115,6,Taylor Buchholz,Jon Rauch,Brian Fuentes,9,Coors Field,night,2,3,False,,
235556,2008,2008-08-13,2008-08-14T02:05:00Z,R,Regular Season,N,1,Final,F,Milwaukee Brewers,158,7,San Diego Padres,135,1,CC Sabathia,Josh Banks,,9,PETCO Park,night,2,3,False,,
235560,2008,2008-08-13,2008-08-14T02:05:00Z,R,Regular Season,N,1,Final,F,Seattle Mariners,136,10,Los Angeles Angels,108,7,Roy Corcoran,Justin Speier,,12,Angel Stadium of Anaheim,night,2,2,False,,
235563,2008,2008-08-13,2008-08-14T02:05:00Z,R,Regular Season,N,1,Final,F,Tampa Bay Rays,139,3,Oakland Athletics,133,2,Andy Sonnanstine,Justin Duchscherer,Troy Percival,9,McAfee Coliseum,night,2,3,False,,
235559,2008,2008-08-13,2008-08-14T02:10:00Z,R,Regular Season,N,1,Final,F,Philadelphia Phillies,143,6,Los Angeles Dodgers,119,7,Jonathan Broxton,Clay Condrey,,9,Dodger Stadium,night,3,4,False,,
235578,2008,2008-08-14,2008-08-14T17:05:00Z,R,Regular Season,N,1,Final,F,Toronto Blue Jays,141,1,Detroit Tigers,116,5,Armando Galarraga,Jason Frasor,,9,Comerica Park,day,4,4,False,,
235570,2008,2008-08-14,2008-08-14T18:05:00Z,R,Regular Season,N,1,Final,F,Kansas City Royals,118,2,Chicago White Sox,145,9,Lance Broadway,Kyle Davies,,9,U.S. Cellular Field,day,3,3,False,,
235574,2008,2008-08-14,2008-08-14T18:05:00Z,R,Regular Season,N,1,Final,F,San Francisco Giants,137,4,Houston Astros,117,7,LaTroy Hawkins,Keiichi Yabu,Jose Valverde,9,Minute Maid Park,day,4,4,False,,
235566,2008,2008-08-14,2008-08-14T19:05:00Z,R,Regular Season,N,1,Final,F,Arizona Diamondbacks,109,6,Colorado Rockies,115,2,Dan Haren,Glendon Rusch,,9,Coors Field,day,3,3,False,,
235571,2008,2008-08-14,2008-08-14T19:35:00Z,R,Regular Season,N,1,Final,F,Milwaukee Brewers,158,2,San Diego Padres,135,3,Jake Peavy,Ben Sheets,Trevor Hoffman,9,PETCO Park,day,3,3,False,,
235576,2008,2008-08-14,2008-08-14T19:35:00Z,R,Regular Season,N,1,Final,F,Tampa Bay Rays,139,7,Oakland Athletics,133,6,Jason Hammel,Santiago Casilla,Trever Miller,12,McAfee Coliseum,day,3,3,False,,
235568,2008,2008-08-14,2008-08-14T23:00:00Z,R,Regular Season,N,1,Final,F,Chicago Cubs,112,11,Atlanta Braves,144,7,Ted Lilly,Tom Glavine,,9,Turner Field,night,3,3,False,,
235567,2008,2008-08-14,2008-08-14T23:05:00Z,R,Regular Season,N,1,Final,F,Baltimore Orioles,110,11,Cleveland Indians,114,6,Fernando Cabrera,Rafael Perez,,9,Progressive Field,night,4,4,False,,
235569,2008,2008-08-14,2008-08-14T23:05:00Z,R,Regular Season,N,1,Final,F,Cincinnati Reds,113,3,Pittsburgh Pirates,134,1,Johnny Cueto,Ian Snell,Francisco Cordero,9,PNC Park,night,3,3,False,,
235577,2008,2008-08-14,2008-08-14T23:05:00Z,R,Regular Season,N,1,Final,F,Texas Rangers,140,0,Boston Red Sox,111,10,Daisuke Matsuzaka,Tommy Hunter,,9,Fenway Park,night,3,3,False,,
235572,2008,2008-08-14,2008-08-14T23:10:00Z,R,Regular Season,N,1,Final,F,New York Mets,121,9,Washington Nationals,120,3,Oliver Pérez,Collin Balester,,9,Nationals Park,night,3,3,False,,
235575,2008,2008-08-14,2008-08-14T23:10:00Z,R,Regular Season,N,1,Final,F,St. Louis Cardinals,138,3,Florida Marlins,146,0,Todd Wellemeyer,Scott Olsen,,9,Dolphin Stadium,night,4,4,False,,
235573,2008,2008-08-14,2008-08-15T02:10:00Z,R,Regular Season,N,1,Final,F,Philadelphia Phillies,143,1,Los Angeles Dodgers,119,3,Hiroki Kuroda,Brett Myers,Hung-Chih Kuo,9,Dodger Stadium,night,4,4,False,,
235579,2008,2008-08-15,2008-08-15T23:05:00Z,R,Regular Season,N,1,Final,F,Los Angeles Angels,108,2,Cleveland Indians,114,3,Cliff Lee,Jose Arredondo,,9,Progressive Field,night,1,3,False,,
235581,2008,2008-08-15,2008-08-15T23:05:00Z,R,Regular Season,N,1,Final,F,Baltimore Orioles,110,11,Detroit Tigers,116,2,Lance Cormier,Nate Robertson,,9,Comerica Park,night,1,3,False,,
235585,2008,2008-08-15,2008-08-15T23:05:00Z,R,Regular Season,N,1,Final,F,Kansas City Royals,118,4,New York Yankees,147,3,Juan Carlos Oviedo,Mariano Rivera,Joakim Soria,9,Yankee Stadium I,night,1,3,False,,
235587,2008,2008-08-15,2008-08-15T23:05:00Z,R,Regular Season,N,1,Final,F,New York Mets,121,2,Pittsburgh Pirates,134,1,Mike Pelfrey,Jason Davis,Aaron Heilman,9,PNC Park,night,1,4,False,,
235583,2008,2008-08-15,2008-08-15T23:10:00Z,R,Regular Season,N,1,Final,F,Chicago Cubs,112,6,Florida Marlins,146,5,Chad Gaudin,Kevin Gregg,Kerry Wood,9,Dolphin Stadium,night,1,3,False,,
235591,2008,2008-08-15,2008-08-15T23:10:00Z,R,Regular Season,N,1,Final,F,St. Louis Cardinals,138,5,Cincinnati Reds,113,3,Brad Thompson,Bronson Arroyo,Chris Perez,9,Great American Ball Park,night,1,3,False,,
235590,2008,2008-08-15,2008-08-15T23:30:00Z,R,Regular Season,N,1,Final,F,San Francisco Giants,137,5,Atlanta Braves,144,1,Matt Cain,Jair Jurrjens,,9,Turner Field,night,1,4,False,,
235584,2008,2008-08-15,2008-08-15T23:35:00Z,R,Regular Season,N,1,Final,F,Colorado Rockies,115,4,Washington Nationals,120,3,Jorge De La Rosa,Tim Redding,Brian Fuentes,9,Nationals Park,night,1,3,False,,
235580,2008,2008-08-15,2008-08-16T00:05:00Z,R,Regular Season,N,1,Final,F,Arizona Diamondbacks,109,12,Houston Astros,117,2,Brandon Webb,Wandy Rodriguez,,9,Minute Maid Park,night,1,3,False,,
235592,2008,2008-08-15,2008-08-16T00:05:00Z,R,Regular Season,N,1,Final,F,Tampa Bay Rays,139,7,Texas Rangers,140,0,Matt Garza,Kevin Millwood,,9,Rangers Ballpark in Arlington,night,1,3,False,,
235589,2008,2008-08-15,2008-08-16T00:10:00Z,R,Regular Season,N,1,Final,F,Seattle Mariners,136,3,Minnesota Twins,142,9,Francisco Liriano,Carlos Silva,,9,Hubert H. Humphrey Metrodome,night,1,3,False,,
235582,2008,2008-08-15,2008-08-16T02:05:00Z,R,Regular Season,N,1,Final,F,Chicago White Sox,145,4,Oakland Athletics,133,6,Huston Street,Horacio Ramirez,,9,McAfee Coliseum,night,1,3,False,,
235588,2008,2008-08-15,2008-08-16T02:05:00Z,R,Regular Season,N,1,Final,F,Philadelphia Phillies,143,1,San Diego Padres,135,0,Jamie Moyer,Greg Maddux,Brad Lidge,9,PETCO Park,night,1,3,False,,
235586,2008,2008-08-15,2008-08-16T02:40:00Z,R,Regular Season,N,1,Final,F,Milwaukee Brewers,158,3,Los Angeles Dodgers,119,5,Chad Billingsley,Manny Parra,Jonathan Broxton,9,Dodger Stadium,night,1,3,False,,
235600,2008,2008-08-16,2008-08-16T17:05:00Z,R,Regular Season,N,1,Final,F,Kansas City Royals,118,2,New York Yankees,147,3,David Robertson,Jeff Fulchino,,13,Yankee Stadium I,day,2,3,False,,
235594,2008,2008-08-16,2008-08-16T19:55:00Z,R,Regular Season,N,1,Final,F,Los Angeles Angels,108,4,Cleveland Indians,114,3,John Lackey,Roberto Hernandez,Francisco Rodríguez,9,Progressive Field,day,2,3,False,,
235597,2008,2008-08-16,2008-08-16T19:55:00Z,R,Regular Season,N,1,Final,F,Chicago White Sox,145,2,Oakland Athletics,133,1,John Danks,Greg Smith,Bobby Jenks,9,McAfee Coliseum,day,2,3,False,,
235604,2008,2008-08-16,2008-08-16T19:55:00Z,R,Regular Season,N,1,Final,F,Seattle Mariners,136,6,Minnesota Twins,142,7,Dennys Reyes,Cesar Jimenez,,9,Hubert H. Humphrey Metrodome,day,2,3,False,,
235605,2008,2008-08-16,2008-08-16T23:00:00Z,R,Regular Season,N,1,Final,F,San Francisco Giants,137,5,Atlanta Braves,144,11,Mike Hampton,Matt Palmer,,9,Turner Field,night,2,4,False,,
235595,2008,2008-08-16,2008-08-16T23:05:00Z,R,Regular Season,N,1,Final,F,Arizona Diamondbacks,109,11,Houston Astros,117,5,Yusmeiro Petit,Brandon Backe,,9,Minute Maid Park,night,2,3,False,,
235596,2008,2008-08-16,2008-08-16T23:05:00Z,R,Regular Season,N,1,Final,F,Baltimore Orioles,110,3,Detroit Tigers,116,5,Justin Verlander,Dennis Sarfate,Fernando Rodney,9,Comerica Park,night,2,3,False,,
235602,2008,2008-08-16,2008-08-16T23:05:00Z,R,Regular Season,N,1,Final,F,New York Mets,121,7,Pittsburgh Pirates,134,4,Pedro Martínez,Zach Duke,Pedro Feliciano,9,PNC Park,night,2,4,False,,
235608,2008,2008-08-16,2008-08-16T23:05:00Z,R,Regular Season,N,1,Final,F,Toronto Blue Jays,141,4,Boston Red Sox,111,1,Roy Halladay,Paul Byrd,,9,Fenway Park,night,1,2,False,,
235598,2008,2008-08-16,2008-08-16T23:10:00Z,R,Regular Season,N,1,Final,F,Chicago Cubs,112,1,Florida Marlins,146,2,Aníbal Sánchez,Sean Marshall,Kevin Gregg,9,Dolphin Stadium,night,2,3,False,,
235599,2008,2008-08-16,2008-08-16T23:10:00Z,R,Regular Season,N,1,Final,F,Colorado Rockies,115,13,Washington Nationals,120,6,Livan Hernandez,John Lannan,,9,Nationals Park,night,2,3,False,,
235606,2008,2008-08-16,2008-08-16T23:10:00Z,R,Regular Season,N,1,Final,F,St. Louis Cardinals,138,9,Cincinnati Reds,113,3,Joel Pineiro,Aaron Harang,,9,Great American Ball Park,night,2,3,False,,
235607,2008,2008-08-16,2008-08-17T00:05:00Z,R,Regular Season,N,1,Final,F,Tampa Bay Rays,139,0,Texas Rangers,140,3,Matt Harrison,Edwin Jackson,Eddie Guardado,9,Rangers Ballpark in Arlington,night,2,3,False,,
235603,2008,2008-08-16,2008-08-17T02:05:00Z,R,Regular Season,N,1,Final,F,Philadelphia Phillies,143,3,San Diego Padres,135,8,Chad Reineke,Kyle Kendrick,,9,PETCO Park,night,2,3,False,,
235601,2008,2008-08-16,2008-08-17T02:10:00Z,R,Regular Season,N,1,Final,F,Milwaukee Brewers,158,4,Los Angeles Dodgers,119,3,Salomon Torres,Jonathan Broxton,David Riske,10,Dodger Stadium,night,2,3,False,,
235609,2008,2008-08-17,2008-08-17T17:05:00Z,R,Regular Season,N,1,Final,F,Los Angeles Angels,108,3,Cleveland Indians,114,4,Jeremy Sowers,Justin Speier,Jensen Lewis,9,Progressive Field,day,3,3,False,,
235611,2008,2008-08-17,2008-08-17T17:05:00Z,R,Regular Season,N,1,Final,F,Baltimore Orioles,110,16,Detroit Tigers,116,8,Fernando Cabrera,Casey Fossum,,9,Comerica Park,day,3,3,False,,
235615,2008,2008-08-17,2008-08-17T17:05:00Z,R,Regular Season,N,1,Final,F,Kansas City Royals,118,6,New York Yankees,147,15,Mike Mussina,Brian Bannister,,9,Yankee Stadium I,day,3,3,False,,
235613,2008,2008-08-17,2008-08-17T17:10:00Z,R,Regular Season,N,1,Final,F,Chicago Cubs,112,9,Florida Marlins,146,2,Ryan Dempster,Renyel Pinto,,9,Dolphin Stadium,day,3,3,False,,
235621,2008,2008-08-17,2008-08-17T17:15:00Z,R,Regular Season,N,1,Final,F,St. Louis Cardinals,138,3,Cincinnati Reds,113,7,Edinson Volquez,Kyle Lohse,,9,Great American Ball Park,day,3,3,False,,
235620,2008,2008-08-17,2008-08-17T17:30:00Z,R,Regular Season,N,1,Final,F,San Francisco Giants,137,3,Atlanta Braves,144,1,Tim Lincecum,Charlie Morton,Brian Wilson,9,Turner Field,day,3,4,False,,
235614,2008,2008-08-17,2008-08-17T17:35:00Z,R,Regular Season,N,1,Final,F,Colorado Rockies,115,7,Washington Nationals,120,2,Aaron Cook,Odalis Perez,,9,Nationals Park,day,3,3,False,,
235617,2008,2008-08-17,2008-08-17T17:35:00Z,R,Regular Season,N,1,Final,F,New York Mets,121,4,Pittsburgh Pirates,134,0,Johan Santana,Jeff Karstens,,9,PNC Park,day,3,4,False,,
235623,2008,2008-08-17,2008-08-17T17:35:00Z,R,Regular Season,N,1,Final,F,Toronto Blue Jays,141,15,Boston Red Sox,111,4,Shaun Marcum,Josh Beckett,,9,Fenway Park,day,2,2,False,,
235610,2008,2008-08-17,2008-08-17T18:05:00Z,R,Regular Season,N,1,Final,F,Arizona Diamondbacks,109,0,Houston Astros,117,3,Roy Oswalt,Randy Johnson,Jose Valverde,9,Minute Maid Park,day,3,3,False,,
235619,2008,2008-08-17,2008-08-17T18:10:00Z,R,Regular Season,N,1,Final,F,Seattle Mariners,136,8,Minnesota Twins,142,11,Glen Perkins,Ryan Feierabend,Joe Nathan,9,Hubert H. Humphrey Metrodome,day,3,3,False,,
235612,2008,2008-08-17,2008-08-17T20:05:00Z,R,Regular Season,N,1,Final,F,Chicago White Sox,145,13,Oakland Athletics,133,1,Javier Vazquez,Gio Gonzalez,,9,McAfee Coliseum,day,3,3,False,,
235616,2008,2008-08-17,2008-08-17T20:10:00Z,R,Regular Season,N,1,Final,F,Milwaukee Brewers,158,5,Los Angeles Dodgers,119,7,Joe Beimel,Carlos Villanueva,,9,Dodger Stadium,day,3,3,False,,
235618,2008,2008-08-17,2008-08-18T00:05:00Z,R,Regular Season,N,1,Final,F,Philadelphia Phillies,143,2,San Diego Padres,135,1,Cole Hamels,Cha Seung Baek,Brad Lidge,9,PETCO Park,night,3,3,False,,
235622,2008,2008-08-17,2008-08-18T00:05:00Z,R,Regular Season,N,1,Final,F,Tampa Bay Rays,139,7,Texas Rangers,140,4,Scott Kazmir,Dustin Nippert,Dan Wheeler,9,Rangers Ballpark in Arlington,night,3,3,False,,
235629,2008,2008-08-18,2008-08-18T16:35:00Z,R,Regular Season,N,1,Final,F,New York Mets,121,2,Pittsburgh Pirates,134,5,Sean Burnett,Pedro Feliciano,John Grabow,9,PNC Park,day,4,4,False,,
235632,2008,2008-08-18,2008-08-18T20:30:00Z,R,Regular Season,N,1,Final,F,San Francisco Giants,137,5,Atlanta Braves,144,0,Barry Zito,Jorge Campillo,,9,Turner Field,day,4,4,False,,
235625,2008,2008-08-18,2008-08-18T23:05:00Z,R,Regular Season,N,1,Final,F,Boston Red Sox,111,6,Baltimore Orioles,110,3,Jon Lester,Jeremy Guthrie,Jonathan Papelbon,9,Oriole Park at Camden Yards,night,1,3,False,,
235624,2008,2008-08-18,2008-08-18T23:10:00Z,R,Regular Season,N,1,Final,F,Los Angeles Angels,108,4,Tampa Bay Rays,139,6,Andy Sonnanstine,Jon Garland,Dan Wheeler,9,Tropicana Field,night,1,3,False,,
235627,2008,2008-08-18,2008-08-19T00:05:00Z,R,Regular Season,N,1,Final,F,Detroit Tigers,116,8,Texas Rangers,140,7,Kenny Rogers,Frank Francisco,Fernando Rodney,9,Rangers Ballpark in Arlington,night,1,3,False,,
235628,2008,2008-08-18,2008-08-19T00:05:00Z,R,Regular Season,N,1,Final,F,Houston Astros,117,3,Milwaukee Brewers,158,9,CC Sabathia,Randy Wolf,,9,Miller Park,night,1,3,False,,
235630,2008,2008-08-18,2008-08-19T00:10:00Z,R,Regular Season,N,1,Final,F,Oakland Athletics,133,3,Minnesota Twins,142,2,Kirk Saarloos,Nick Blackburn,Brad Ziegler,9,Hubert H. Humphrey Metrodome,night,1,3,False,,
235631,2008,2008-08-18,2008-08-19T00:11:00Z,R,Regular Season,N,1,Final,F,Seattle Mariners,136,5,Chicago White Sox,145,13,Mark Buehrle,Jarrod Washburn,,9,U.S. Cellular Field,night,1,3,False,,
235635,2008,2008-08-19,2008-08-19T23:05:00Z,R,Regular Season,N,1,Final,F,Boston Red Sox,111,7,Baltimore Orioles,110,2,Daisuke Matsuzaka,Daniel Cabrera,,9,Oriole Park at Camden Yards,night,2,3,False,,
235641,2008,2008-08-19,2008-08-19T23:05:00Z,R,Regular Season,N,1,Final,F,Kansas City Royals,118,4,Cleveland Indians,114,9,Anthony Reyes,Luke Hochevar,,9,Progressive Field,night,1,3,False,,
235647,2008,2008-08-19,2008-08-19T23:05:00Z,R,Regular Season,N,1,Final,F,Washington Nationals,120,4,Philadelphia Phillies,143,5,Ryan Madson,Steven Shell,Brad Lidge,9,Citizens Bank Park,night,1,3,False,,
235642,2008,2008-08-19,2008-08-19T23:07:00Z,R,Regular Season,N,1,Final,F,New York Yankees,147,1,Toronto Blue Jays,141,2,A.J. Burnett,Jose Veras,B.J. Ryan,9,Rogers Centre,night,1,3,False,,
235633,2008,2008-08-19,2008-08-19T23:10:00Z,R,Regular Season,N,1,Final,F,Los Angeles Angels,108,2,Tampa Bay Rays,139,4,James Shields,Scot Shields,Dan Wheeler,9,Tropicana Field,night,2,3,False,,
235634,2008,2008-08-19,2008-08-19T23:10:00Z,R,Regular Season,N,1,Final,F,Atlanta Braves,144,3,New York Mets,121,7,Aaron Heilman,Jeff Bennett,,9,Shea Stadium,night,1,3,False,,
235636,2008,2008-08-19,2008-08-20T00:05:00Z,R,Regular Season,N,1,Final,F,Cincinnati Reds,113,0,Chicago Cubs,112,5,Rich Harden,Johnny Cueto,,9,Wrigley Field,night,1,3,False,,
235638,2008,2008-08-19,2008-08-20T00:05:00Z,R,Regular Season,N,1,Final,F,Detroit Tigers,116,11,Texas Rangers,140,3,Armando Galarraga,Vicente Padilla,,9,Rangers Ballpark in Arlington,night,2,3,False,,
235640,2008,2008-08-19,2008-08-20T00:05:00Z,R,Regular Season,N,1,Final,F,Houston Astros,117,5,Milwaukee Brewers,158,2,Brian Moehler,Ben Sheets,Jose Valverde,9,Miller Park,night,2,3,False,,
235643,2008,2008-08-19,2008-08-20T00:10:00Z,R,Regular Season,N,1,Final,F,Oakland Athletics,133,2,Minnesota Twins,142,13,Kevin Slowey,Sean Gallagher,,9,Hubert H. Humphrey Metrodome,night,2,3,False,,
235646,2008,2008-08-19,2008-08-20T00:11:00Z,R,Regular Season,N,1,Final,F,Seattle Mariners,136,0,Chicago White Sox,145,5,Clayton Richard,Félix Hernández,,9,U.S. Cellular Field,night,2,3,False,,
235644,2008,2008-08-19,2008-08-20T00:15:00Z,R,Regular Season,N,1,Final,F,Pittsburgh Pirates,134,4,St. Louis Cardinals,138,1,Ian Snell,Braden Looper,T.J. Beam,9,Busch Stadium,night,1,2,False,,
235645,2008,2008-08-19,2008-08-20T01:40:00Z,R,Regular Season,N,1,Final,F,San Diego Padres,135,6,Arizona Diamondbacks,109,7,Doug Davis,Josh Banks,Ramon Pena,9,Chase Field,night,1,3,False,,
235637,2008,2008-08-19,2008-08-20T02:10:00Z,R,Regular Season,N,1,Final,F,Colorado Rockies,115,8,Los Angeles Dodgers,119,3,Ubaldo Jiménez,Hiroki Kuroda,,9,Dodger Stadium,night,1,3,False,,
235639,2008,2008-08-19,2008-08-20T02:15:00Z,R,Regular Season,N,1,Final,F,Florida Marlins,146,6,San Francisco Giants,137,0,Ricky Nolasco,Kevin Correia,,9,AT&T Park,night,1,3,False,,
235658,2008,2008-08-20,2008-08-20T17:10:00Z,R,Regular Season,N,1,Final,F,Oakland Athletics,133,1,Minnesota Twins,142,3,Francisco Liriano,Dallas Braden,Joe Nathan,9,Hubert H. Humphrey Metrodome,day,3,3,False,,
235655,2008,2008-08-20,2008-08-20T18:05:00Z,R,Regular Season,N,1,Final,F,Houston Astros,117,2,Milwaukee Brewers,158,5,Manny Parra,Wandy Rodriguez,Salomon Torres,9,Miller Park,day,3,3,False,,
235661,2008,2008-08-20,2008-08-20T18:05:00Z,R,Regular Season,N,1,Final,F,Seattle Mariners,136,3,Chicago White Sox,145,15,Gavin Floyd,R.A. Dickey,,9,U.S. Cellular Field,day,3,3,False,,
235650,2008,2008-08-20,2008-08-20T23:05:00Z,R,Regular Season,N,1,Final,F,Boston Red Sox,111,6,Baltimore Orioles,110,11,Chris Waters,Clay Buchholz,,9,Oriole Park at Camden Yards,night,3,3,False,,
235656,2008,2008-08-20,2008-08-20T23:05:00Z,R,Regular Season,N,1,Final,F,Kansas City Royals,118,5,Cleveland Indians,114,8,Juan Rincon,Joakim Soria,Jensen Lewis,9,Progressive Field,night,2,3,False,,
235662,2008,2008-08-20,2008-08-20T23:05:00Z,R,Regular Season,N,1,Final,F,Washington Nationals,120,0,Philadelphia Phillies,143,4,Brett Myers,Collin Balester,,9,Citizens Bank Park,night,2,3,False,,
235657,2008,2008-08-20,2008-08-20T23:07:00Z,R,Regular Season,N,1,Final,F,New York Yankees,147,5,Toronto Blue Jays,141,1,Andy Pettitte,David Purcey,,9,Rogers Centre,night,2,3,False,,
235648,2008,2008-08-20,2008-08-20T23:10:00Z,R,Regular Season,N,1,Final,F,Los Angeles Angels,108,5,Tampa Bay Rays,139,4,Jose Arredondo,Grant Balfour,Francisco Rodríguez,9,Tropicana Field,night,3,3,False,,
235649,2008,2008-08-20,2008-08-20T23:10:00Z,R,Regular Season,N,1,Final,F,Atlanta Braves,144,3,New York Mets,121,6,Mike Pelfrey,Jair Jurrjens,,9,Shea Stadium,night,2,3,False,,
235651,2008,2008-08-20,2008-08-21T00:05:00Z,R,Regular Season,N,1,Final,F,Cincinnati Reds,113,2,Chicago Cubs,112,1,Bronson Arroyo,Ted Lilly,Francisco Cordero,9,Wrigley Field,night,2,3,False,,
235653,2008,2008-08-20,2008-08-21T00:05:00Z,R,Regular Season,N,1,Final,F,Detroit Tigers,116,1,Texas Rangers,140,9,Kevin Millwood,Nate Robertson,,9,Rangers Ballpark in Arlington,night,3,3,False,,
235659,2008,2008-08-20,2008-08-21T00:15:00Z,R,Regular Season,N,1,Final,F,Pittsburgh Pirates,134,2,St. Louis Cardinals,138,11,Todd Wellemeyer,Jason Davis,,9,Busch Stadium,night,2,2,False,,
235660,2008,2008-08-20,2008-08-21T01:40:00Z,R,Regular Season,N,1,Final,F,San Diego Padres,135,6,Arizona Diamondbacks,109,8,Dan Haren,Jake Peavy,Jon Rauch,9,Chase Field,night,2,3,False,,
235652,2008,2008-08-20,2008-08-21T02:10:00Z,R,Regular Season,N,1,Final,F,Colorado Rockies,115,4,Los Angeles Dodgers,119,3,Taylor Buchholz,Jonathan Broxton,Brian Fuentes,9,Dodger Stadium,night,2,3,False,,
235654,2008,2008-08-20,2008-08-21T02:15:00Z,R,Regular Season,N,1,Final,F,Florida Marlins,146,5,San Francisco Giants,137,6,Brian Wilson,Matt Lindstrom,,9,AT&T Park,night,2,3,False,,
235666,2008,2008-08-21,2008-08-21T16:05:00Z,R,Regular Season,N,1,Final,F,Kansas City Royals,118,3,Cleveland Indians,114,10,Cliff Lee,Zack Greinke,,9,Progressive Field,day,3,3,False,,
235664,2008,2008-08-21,2008-08-21T18:20:00Z,R,Regular Season,N,1,Final,F,Cincinnati Reds,113,2,Chicago Cubs,112,3,Carlos Zambrano,Josh Fogg,Kerry Wood,9,Wrigley Field,day,3,3,False,,
235626,2008,2008-08-21,2008-08-21T19:10:00Z,R,Regular Season,N,1,Final,F,Colorado Rockies,115,1,Los Angeles Dodgers,119,3,Derek Lowe,Jorge De La Rosa,Jonathan Broxton,9,Dodger Stadium,day,3,3,False,,
235665,2008,2008-08-21,2008-08-21T19:45:00Z,R,Regular Season,N,1,Final,F,Florida Marlins,146,3,San Francisco Giants,137,4,Brian Wilson,Kevin Gregg,,9,AT&T Park,day,3,3,False,,
235671,2008,2008-08-21,2008-08-21T23:05:00Z,R,Regular Season,N,1,Final,F,Washington Nationals,120,4,Philadelphia Phillies,143,3,Saul Rivera,Ryan Madson,Joel Hanrahan,9,Citizens Bank Park,night,3,3,False,,
235668,2008,2008-08-21,2008-08-21T23:07:00Z,R,Regular Season,N,1,Final,F,New York Yankees,147,3,Toronto Blue Jays,141,14,Roy Halladay,Sidney Ponson,,9,Rogers Centre,night,3,3,False,,
235663,2008,2008-08-21,2008-08-21T23:10:00Z,R,Regular Season,N,1,Final,F,Atlanta Braves,144,4,New York Mets,121,5,Luis Ayala,Vladimir Nunez,,9,Shea Stadium,night,3,3,False,,
235670,2008,2008-08-21,2008-08-22T01:40:00Z,R,Regular Season,N,1,Final,F,San Diego Padres,135,1,Arizona Diamondbacks,109,4,Brandon Webb,Chad Reineke,,9,Chase Field,night,3,3,False,,
235667,2008,2008-08-21,2008-08-22T02:05:00Z,R,Regular Season,N,1,Final,F,Minnesota Twins,142,2,Los Angeles Angels,108,1,Jesse Crain,Justin Speier,Joe Nathan,12,Angel Stadium of Anaheim,night,1,4,False,,
235669,2008,2008-08-21,2008-08-22T02:10:00Z,R,Regular Season,N,1,Final,F,Oakland Athletics,133,2,Seattle Mariners,136,0,Greg Smith,Ryan Rowland-Smith,Brad Ziegler,9,Safeco Field,night,1,4,False,,
235686,2008,2008-08-22,2008-08-22T18:20:00Z,R,Regular Season,N,1,Final,F,Washington Nationals,120,13,Chicago Cubs,112,5,John Lannan,Neal Cotts,,9,Wrigley Field,day,1,3,False,,
235679,2008,2008-08-22,2008-08-22T23:05:00Z,R,Regular Season,N,1,Final,F,Los Angeles Dodgers,119,1,Philadelphia Phillies,143,8,Kyle Kendrick,Greg Maddux,,9,Citizens Bank Park,night,1,4,False,,
235681,2008,2008-08-22,2008-08-22T23:05:00Z,R,Regular Season,N,1,Final,F,New York Yankees,147,9,Baltimore Orioles,110,4,Jose Veras,Jamie Walker,Mariano Rivera,9,Oriole Park at Camden Yards,night,1,3,False,,
235673,2008,2008-08-22,2008-08-22T23:07:00Z,R,Regular Season,N,1,Final,F,Boston Red Sox,111,8,Toronto Blue Jays,141,4,Paul Byrd,Shaun Marcum,,9,Rogers Centre,night,1,3,False,,
235678,2008,2008-08-22,2008-08-22T23:10:00Z,R,Regular Season,N,1,Final,F,Houston Astros,117,0,New York Mets,121,3,Johan Santana,Roy Oswalt,Luis Ayala,9,Shea Stadium,night,1,4,False,,
235675,2008,2008-08-22,2008-08-23T00:05:00Z,R,Regular Season,N,1,Final,F,Cleveland Indians,114,7,Texas Rangers,140,5,Roberto Hernandez,Matt Harrison,Jensen Lewis,9,Rangers Ballpark in Arlington,night,1,3,False,,
235683,2008,2008-08-22,2008-08-23T00:05:00Z,R,Regular Season,N,1,Final,F,Pittsburgh Pirates,134,4,Milwaukee Brewers,158,10,Dave Bush,Zach Duke,,9,Miller Park,night,1,3,False,,
235676,2008,2008-08-22,2008-08-23T00:10:00Z,R,Regular Season,N,1,Final,F,Detroit Tigers,116,4,Kansas City Royals,118,3,Justin Verlander,Brian Bannister,Fernando Rodney,9,Kauffman Stadium,night,1,3,False,,
235685,2008,2008-08-22,2008-08-23T00:11:00Z,R,Regular Season,N,1,Final,F,Tampa Bay Rays,139,9,Chicago White Sox,145,4,Edwin Jackson,John Danks,,9,U.S. Cellular Field,night,1,3,False,,
235672,2008,2008-08-22,2008-08-23T00:15:00Z,R,Regular Season,N,1,Final,F,Atlanta Braves,144,3,St. Louis Cardinals,138,18,Adam Wainwright,Charlie Morton,Joel Pineiro,9,Busch Stadium,night,1,3,False,,
235674,2008,2008-08-22,2008-08-23T01:05:00Z,R,Regular Season,N,1,Final,F,Cincinnati Reds,113,8,Colorado Rockies,115,5,Aaron Harang,Livan Hernandez,Francisco Cordero,9,Coors Field,night,1,3,False,,
235677,2008,2008-08-22,2008-08-23T01:40:00Z,R,Regular Season,N,1,Final,F,Florida Marlins,146,5,Arizona Diamondbacks,109,4,Arthur Rhodes,Jon Rauch,Kevin Gregg,9,Chase Field,night,1,3,False,,
235680,2008,2008-08-22,2008-08-23T02:05:00Z,R,Regular Season,N,1,Final,F,Minnesota Twins,142,9,Los Angeles Angels,108,0,Glen Perkins,Joe Saunders,,9,Angel Stadium of Anaheim,night,2,4,False,,
235682,2008,2008-08-22,2008-08-23T02:10:00Z,R,Regular Season,N,1,Final,F,Oakland Athletics,133,5,Seattle Mariners,136,7,Roy Corcoran,Jerry Blevins,J.J. Putz,9,Safeco Field,night,2,4,False,,
235684,2008,2008-08-22,2008-08-23T02:15:00Z,R,Regular Season,N,1,Final,F,San Diego Padres,135,0,San Francisco Giants,137,5,Tim Lincecum,Cha Seung Baek,,9,AT&T Park,night,1,3,False,,
235701,2008,2008-08-23,2008-08-23T17:05:00Z,R,Regular Season,N,1,Final,F,Washington Nationals,120,2,Chicago Cubs,112,9,Ryan Dempster,Odalis Perez,,9,Wrigley Field,day,2,3,False,,
235688,2008,2008-08-23,2008-08-23T17:07:00Z,R,Regular Season,N,1,Final,F,Boston Red Sox,111,0,Toronto Blue Jays,141,11,Jesse Litsch,Jon Lester,,9,Rogers Centre,day,2,3,False,,
235687,2008,2008-08-23,2008-08-23T19:55:00Z,R,Regular Season,N,1,Final,F,Atlanta Braves,144,8,St. Louis Cardinals,138,4,Buddy Carlyle,Kyle McClellan,Michael Gonzalez,9,Busch Stadium,day,2,3,False,,
235694,2008,2008-08-23,2008-08-23T19:55:00Z,R,Regular Season,N,1,Final,F,Los Angeles Dodgers,119,2,Philadelphia Phillies,143,9,Cole Hamels,Clayton Kershaw,,9,Citizens Bank Park,day,2,4,False,,
235700,2008,2008-08-23,2008-08-23T19:55:00Z,R,Regular Season,N,1,Final,F,Tampa Bay Rays,139,5,Chicago White Sox,145,3,Grant Balfour,Javier Vazquez,Dan Wheeler,9,U.S. Cellular Field,day,2,3,False,,
235699,2008,2008-08-23,2008-08-23T20:05:00Z,R,Regular Season,N,1,Final,F,San Diego Padres,135,3,San Francisco Giants,137,4,Barry Zito,Mike Adams,Brian Wilson,9,AT&T Park,day,2,3,False,,
235696,2008,2008-08-23,2008-08-23T23:05:00Z,R,Regular Season,N,1,Final,F,New York Yankees,147,5,Baltimore Orioles,110,3,Carl Pavano,Jeremy Guthrie,Mariano Rivera,9,Oriole Park at Camden Yards,night,2,3,False,,
235698,2008,2008-08-23,2008-08-23T23:05:00Z,R,Regular Season,N,1,Final,F,Pittsburgh Pirates,134,3,Milwaukee Brewers,158,6,Jeff Suppan,Tom Gorzelanny,Salomon Torres,9,Miller Park,night,2,3,False,,
235691,2008,2008-08-23,2008-08-23T23:10:00Z,R,Regular Season,N,1,Final,F,Detroit Tigers,116,4,Kansas City Royals,118,0,Zach Miner,Kyle Davies,,9,Kauffman Stadium,night,2,3,False,,
235693,2008,2008-08-23,2008-08-23T23:10:00Z,R,Regular Season,N,1,Final,F,Houston Astros,117,8,New York Mets,121,3,Brandon Backe,John Maine,,9,Shea Stadium,night,2,4,False,,
235689,2008,2008-08-23,2008-08-24T00:05:00Z,R,Regular Season,N,1,Final,F,Cincinnati Reds,113,6,Colorado Rockies,115,7,Luis Vizcaino,Mike Lincoln,Brian Fuentes,9,Coors Field,night,2,3,False,,
235690,2008,2008-08-23,2008-08-24T00:05:00Z,R,Regular Season,N,1,Final,F,Cleveland Indians,114,8,Texas Rangers,140,7,Rafael Perez,Jamey Wright,Jensen Lewis,9,Rangers Ballpark in Arlington,night,2,3,False,,
235692,2008,2008-08-23,2008-08-24T00:10:00Z,R,Regular Season,N,1,Final,F,Florida Marlins,146,1,Arizona Diamondbacks,109,7,Yusmeiro Petit,Chris Volstad,,9,Chase Field,night,2,3,False,,
235695,2008,2008-08-23,2008-08-24T01:05:00Z,R,Regular Season,N,1,Final,F,Minnesota Twins,142,5,Los Angeles Angels,108,7,Darren Oliver,Nick Blackburn,Francisco Rodríguez,9,Angel Stadium of Anaheim,night,3,4,False,,
235697,2008,2008-08-23,2008-08-24T02:10:00Z,R,Regular Season,N,1,Final,F,Oakland Athletics,133,5,Seattle Mariners,136,1,Dana Eveland,Jarrod Washburn,,9,Safeco Field,night,3,4,False,,
235703,2008,2008-08-24,2008-08-24T17:07:00Z,R,Regular Season,N,1,Final,F,Boston Red Sox,111,6,Toronto Blue Jays,141,5,Jonathan Papelbon,Brandon League,Manny Delcarmen,11,Rogers Centre,day,3,3,False,,
235708,2008,2008-08-24,2008-08-24T17:10:00Z,R,Regular Season,N,1,Final,F,Houston Astros,117,6,New York Mets,121,4,LaTroy Hawkins,Pedro Feliciano,Jose Valverde,10,Shea Stadium,day,3,4,False,,
235711,2008,2008-08-24,2008-08-24T17:35:00Z,R,Regular Season,N,1,Final,F,New York Yankees,147,8,Baltimore Orioles,110,7,Edwar Ramirez,Jamie Walker,Mariano Rivera,9,Oriole Park at Camden Yards,day,3,3,False,,
235713,2008,2008-08-24,2008-08-24T18:05:00Z,R,Regular Season,N,1,Final,F,Pittsburgh Pirates,134,3,Milwaukee Brewers,158,4,Guillermo Mota,Jason Davis,,12,Miller Park,day,3,3,False,,
235715,2008,2008-08-24,2008-08-24T18:05:00Z,R,Regular Season,N,1,Final,F,Tampa Bay Rays,139,5,Chicago White Sox,145,6,Bobby Jenks,Jason Hammel,,10,U.S. Cellular Field,day,3,3,False,,
235706,2008,2008-08-24,2008-08-24T18:10:00Z,R,Regular Season,N,1,Final,F,Detroit Tigers,116,3,Kansas City Royals,118,7,Brandon Duckworth,Kenny Rogers,,9,Kauffman Stadium,day,3,3,False,,
235702,2008,2008-08-24,2008-08-24T18:15:00Z,R,Regular Season,N,1,Final,F,Atlanta Braves,144,3,St. Louis Cardinals,138,6,Braden Looper,Jo-Jo Reyes,Chris Perez,9,Busch Stadium,day,3,3,False,,
235716,2008,2008-08-24,2008-08-24T18:20:00Z,R,Regular Season,N,1,Final,F,Washington Nationals,120,1,Chicago Cubs,112,6,Rich Harden,Jason Bergmann,,9,Wrigley Field,day,3,3,False,,
235704,2008,2008-08-24,2008-08-24T19:05:00Z,R,Regular Season,N,1,Final,F,Cincinnati Reds,113,3,Colorado Rockies,115,4,Ryan Speier,Mike Lincoln,,12,Coors Field,day,3,3,False,,
235710,2008,2008-08-24,2008-08-24T19:35:00Z,R,Regular Season,N,1,Final,F,Minnesota Twins,142,3,Los Angeles Angels,108,5,Jose Arredondo,Jesse Crain,Francisco Rodríguez,9,Angel Stadium of Anaheim,day,4,4,False,,
235714,2008,2008-08-24,2008-08-24T20:05:00Z,R,Regular Season,N,1,Final,F,San Diego Padres,135,4,San Francisco Giants,137,7,Kevin Correia,Mike Adams,Brian Wilson,9,AT&T Park,day,3,3,False,,
235707,2008,2008-08-24,2008-08-24T20:10:00Z,R,Regular Season,N,1,Final,F,Florida Marlins,146,5,Arizona Diamondbacks,109,2,Ricky Nolasco,Doug Davis,Kevin Gregg,9,Chase Field,day,3,3,False,,
235712,2008,2008-08-24,2008-08-24T20:10:00Z,R,Regular Season,N,1,Final,F,Oakland Athletics,133,4,Seattle Mariners,136,8,Félix Hernández,Dan Meyer,J.J. Putz,9,Safeco Field,day,4,4,False,,
235705,2008,2008-08-24,2008-08-25T00:05:00Z,R,Regular Season,N,1,Final,F,Cleveland Indians,114,4,Texas Rangers,140,3,Rafael Betancourt,Eddie Guardado,,9,Rangers Ballpark in Arlington,night,3,3,False,,
235709,2008,2008-08-24,2008-08-25T00:05:00Z,R,Regular Season,N,1,Final,F,Los Angeles Dodgers,119,2,Philadelphia Phillies,143,5,Chad Durbin,Joe Beimel,,11,Citizens Bank Park,night,3,4,False,,
234143,2008,2008-04-28,2008-08-25T22:05:00Z,R,Regular Season,N,1,Final,F,Baltimore Orioles,110,4,Chicago White Sox,145,3,Alberto Castillo,Horacio Ramirez,Rocky Cherry,14,Oriole Park at Camden Yards,night,4,4,False,,
235718,2008,2008-08-25,2008-08-25T23:05:00Z,R,Regular Season,N,1,Final,F,Chicago White Sox,145,4,Baltimore Orioles,110,3,Clayton Richard,Chris Waters,Bobby Jenks,9,Oriole Park at Camden Yards,night,1,3,False,,
235719,2008,2008-08-25,2008-08-25T23:05:00Z,R,Regular Season,N,1,Final,F,Chicago Cubs,112,12,Pittsburgh Pirates,134,3,Ted Lilly,Jeff Karstens,,9,PNC Park,night,1,3,False,,
235720,2008,2008-08-25,2008-08-25T23:05:00Z,R,Regular Season,N,1,Final,F,Cleveland Indians,114,4,Detroit Tigers,116,3,Brendan Donnelly,Gary Glover,Jensen Lewis,10,Comerica Park,night,1,3,False,,
235723,2008,2008-08-25,2008-08-25T23:05:00Z,R,Regular Season,N,1,Final,F,Los Angeles Dodgers,119,0,Philadelphia Phillies,143,5,Brett Myers,Chad Billingsley,,9,Citizens Bank Park,night,4,4,False,,
235722,2008,2008-08-25,2008-08-25T23:10:00Z,R,Regular Season,N,1,Final,F,Houston Astros,117,1,New York Mets,121,9,Mike Pelfrey,Brian Moehler,,9,Shea Stadium,night,4,4,False,,
235726,2008,2008-08-25,2008-08-26T00:10:00Z,R,Regular Season,N,1,Final,F,Texas Rangers,140,9,Kansas City Royals,118,4,Scott Feldman,Gil Meche,,9,Kauffman Stadium,night,1,3,False,,
235717,2008,2008-08-25,2008-08-26T02:05:00Z,R,Regular Season,N,1,Final,F,Arizona Diamondbacks,109,2,San Diego Padres,135,4,Trevor Hoffman,Jon Rauch,,9,PETCO Park,night,1,3,False,,
235725,2008,2008-08-25,2008-08-26T02:05:00Z,R,Regular Season,N,1,Final,F,Oakland Athletics,133,2,Los Angeles Angels,108,1,Dallas Braden,Jered Weaver,Brad Ziegler,9,Angel Stadium of Anaheim,night,1,3,False,,
235724,2008,2008-08-25,2008-08-26T02:10:00Z,R,Regular Season,N,1,Final,F,Minnesota Twins,142,2,Seattle Mariners,136,4,R.A. Dickey,Jesse Crain,,11,Safeco Field,night,1,3,False,,
235721,2008,2008-08-25,2008-08-26T02:15:00Z,R,Regular Season,N,1,Final,F,Colorado Rockies,115,4,San Francisco Giants,137,2,Jeff Francis,Matt Cain,Brian Fuentes,9,AT&T Park,night,1,3,False,,
235734,2008,2008-08-26,2008-08-26T23:00:00Z,R,Regular Season,N,1,Final,F,Florida Marlins,146,9,Atlanta Braves,144,10,Will Ohman,Kevin Gregg,,9,Turner Field,night,1,3,False,,
235728,2008,2008-08-26,2008-08-26T23:05:00Z,R,Regular Season,N,1,Final,F,Boston Red Sox,111,7,New York Yankees,147,3,Tim Wakefield,Andy Pettitte,Jonathan Papelbon,9,Yankee Stadium I,night,1,3,False,,
235729,2008,2008-08-26,2008-08-26T23:05:00Z,R,Regular Season,N,1,Final,F,Chicago White Sox,145,8,Baltimore Orioles,110,3,Gavin Floyd,Brian Burres,,9,Oriole Park at Camden Yards,night,2,3,False,,
235730,2008,2008-08-26,2008-08-26T23:05:00Z,R,Regular Season,N,1,Final,F,Chicago Cubs,112,14,Pittsburgh Pirates,134,9,Sean Marshall,Craig Hansen,,9,PNC Park,night,2,3,False,,
235732,2008,2008-08-26,2008-08-26T23:05:00Z,R,Regular Season,N,1,Final,F,Cleveland Indians,114,10,Detroit Tigers,116,4,Cliff Lee,Chris Lambert,,9,Comerica Park,night,2,3,False,,
235738,2008,2008-08-26,2008-08-26T23:05:00Z,R,Regular Season,N,1,Final,F,New York Mets,121,7,Philadelphia Phillies,143,8,Rudy Seanez,Scott Schoeneweis,,13,Citizens Bank Park,night,1,2,False,,
235735,2008,2008-08-26,2008-08-26T23:10:00Z,R,Regular Season,N,1,Final,F,Los Angeles Dodgers,119,1,Washington Nationals,120,2,Collin Balester,Derek Lowe,Joel Hanrahan,9,Nationals Park,night,1,3,False,,
235741,2008,2008-08-26,2008-08-26T23:10:00Z,R,Regular Season,N,1,Final,F,Toronto Blue Jays,141,6,Tampa Bay Rays,139,2,Roy Halladay,James Shields,,9,Tropicana Field,night,1,3,False,,
235731,2008,2008-08-26,2008-08-27T00:05:00Z,R,Regular Season,N,1,Final,F,Cincinnati Reds,113,2,Houston Astros,117,1,Bronson Arroyo,Geoff Geary,,9,Minute Maid Park,night,1,3,False,,
235740,2008,2008-08-26,2008-08-27T00:10:00Z,R,Regular Season,N,1,Final,F,Texas Rangers,140,2,Kansas City Royals,118,1,Kevin Millwood,Ramon E Ramirez,,9,Kauffman Stadium,night,2,3,False,,
235736,2008,2008-08-26,2008-08-27T00:15:00Z,R,Regular Season,N,1,Final,F,Milwaukee Brewers,158,12,St. Louis Cardinals,138,0,Ben Sheets,Todd Wellemeyer,,9,Busch Stadium,night,1,2,False,,
235727,2008,2008-08-26,2008-08-27T02:05:00Z,R,Regular Season,N,1,Final,F,Arizona Diamondbacks,109,2,San Diego Padres,135,9,Chad Reineke,Brandon Webb,,9,PETCO Park,night,2,3,False,,
235739,2008,2008-08-26,2008-08-27T02:05:00Z,R,Regular Season,N,1,Final,F,Oakland Athletics,133,1,Los Angeles Angels,108,5,John Lackey,Greg Smith,,9,Angel Stadium of Anaheim,night,2,3,False,,
235737,2008,2008-08-26,2008-08-27T02:10:00Z,R,Regular Season,N,1,Final,F,Minnesota Twins,142,2,Seattle Mariners,136,3,Ryan Rowland-Smith,Scott Baker,Roy Corcoran,9,Safeco Field,night,2,3,False,,
235733,2008,2008-08-26,2008-08-27T02:15:00Z,R,Regular Season,N,1,Final,F,Colorado Rockies,115,7,San Francisco Giants,137,2,Jorge De La Rosa,Matt Palmer,Jason Grilli,9,AT&T Park,night,2,3,False,,
235745,2008,2008-08-27,2008-08-27T16:35:00Z,R,Regular Season,N,1,Final,F,Chicago Cubs,112,2,Pittsburgh Pirates,134,0,Jason Marquis,Zach Duke,Kerry Wood,9,PNC Park,day,3,3,False,,
235742,2008,2008-08-27,2008-08-27T19:35:00Z,R,Regular Season,N,1,Final,F,Arizona Diamondbacks,109,4,San Diego Padres,135,5,Mike Adams,Chad Qualls,Trevor Hoffman,9,PETCO Park,day,3,3,False,,
235752,2008,2008-08-27,2008-08-27T20:40:00Z,R,Regular Season,N,1,Final,F,Minnesota Twins,142,6,Seattle Mariners,136,5,Glen Perkins,Sean Green,Joe Nathan,9,Safeco Field,day,3,3,False,,
235749,2008,2008-08-27,2008-08-27T23:00:00Z,R,Regular Season,N,1,Final,F,Florida Marlins,146,4,Atlanta Braves,144,1,Josh Johnson,Mike Hampton,,9,Turner Field,night,2,3,False,,
235743,2008,2008-08-27,2008-08-27T23:05:00Z,R,Regular Season,N,1,Final,F,Boston Red Sox,111,11,New York Yankees,147,3,Paul Byrd,Sidney Ponson,,9,Yankee Stadium I,night,2,3,False,,
235744,2008,2008-08-27,2008-08-27T23:05:00Z,R,Regular Season,N,1,Final,F,Chicago White Sox,145,3,Baltimore Orioles,110,11,Radhames Liz,John Danks,,9,Oriole Park at Camden Yards,night,3,3,False,,
235747,2008,2008-08-27,2008-08-27T23:05:00Z,R,Regular Season,N,1,Final,F,Cleveland Indians,114,9,Detroit Tigers,116,7,Roberto Hernandez,Justin Verlander,,9,Comerica Park,night,3,3,False,,
235753,2008,2008-08-27,2008-08-27T23:05:00Z,R,Regular Season,N,1,Final,F,New York Mets,121,6,Philadelphia Phillies,143,3,Brian Stokes,Rudy Seanez,Luis Ayala,9,Citizens Bank Park,night,2,2,False,,
235750,2008,2008-08-27,2008-08-27T23:10:00Z,R,Regular Season,N,1,Final,F,Los Angeles Dodgers,119,4,Washington Nationals,120,5,Tim Redding,Greg Maddux,Joel Hanrahan,9,Nationals Park,night,2,3,False,,
235756,2008,2008-08-27,2008-08-27T23:10:00Z,R,Regular Season,N,1,Final,F,Toronto Blue Jays,141,0,Tampa Bay Rays,139,1,Matt Garza,David Purcey,Dan Wheeler,9,Tropicana Field,night,2,3,False,,
235746,2008,2008-08-27,2008-08-28T00:05:00Z,R,Regular Season,N,1,Final,F,Cincinnati Reds,113,1,Houston Astros,117,4,Roy Oswalt,Josh Fogg,Jose Valverde,9,Minute Maid Park,night,2,3,False,,
235755,2008,2008-08-27,2008-08-28T00:10:00Z,R,Regular Season,N,1,Final,F,Texas Rangers,140,3,Kansas City Royals,118,2,Matt Harrison,Brian Bannister,Frank Francisco,9,Kauffman Stadium,night,3,3,False,,
235751,2008,2008-08-27,2008-08-28T00:15:00Z,R,Regular Season,N,1,Final,F,Milwaukee Brewers,158,3,St. Louis Cardinals,138,5,Ryan Franklin,David Riske,Chris Perez,9,Busch Stadium,night,2,2,False,,
235754,2008,2008-08-27,2008-08-28T02:05:00Z,R,Regular Season,N,1,Final,F,Oakland Athletics,133,6,Los Angeles Angels,108,5,Huston Street,Joe Saunders,Brad Ziegler,9,Angel Stadium of Anaheim,night,3,3,False,,
235748,2008,2008-08-27,2008-08-28T02:15:00Z,R,Regular Season,N,1,Final,F,Colorado Rockies,115,1,San Francisco Giants,137,4,Tim Lincecum,Livan Hernandez,Brian Wilson,9,AT&T Park,night,3,3,False,,
235757,2008,2008-08-28,2008-08-28T17:05:00Z,R,Regular Season,N,1,Final,F,Boston Red Sox,111,2,New York Yankees,147,3,Mariano Rivera,Justin Masterson,,9,Yankee Stadium I,day,3,3,False,,
235758,2008,2008-08-28,2008-08-28T18:05:00Z,R,Regular Season,N,1,Final,F,Cincinnati Reds,113,2,Houston Astros,117,3,Brandon Backe,Aaron Harang,Jose Valverde,9,Minute Maid Park,day,3,3,False,,
235759,2008,2008-08-28,2008-08-28T23:00:00Z,R,Regular Season,N,1,Final,F,Florida Marlins,146,2,Atlanta Braves,144,4,Charlie Morton,Aníbal Sánchez,Michael Gonzalez,9,Turner Field,night,3,3,False,,
235760,2008,2008-08-28,2008-08-28T23:10:00Z,R,Regular Season,N,1,Final,F,Los Angeles Dodgers,119,2,Washington Nationals,120,11,John Lannan,Clayton Kershaw,,9,Nationals Park,night,3,3,False,,
235764,2008,2008-08-28,2008-08-28T23:10:00Z,R,Regular Season,N,1,Final,F,Toronto Blue Jays,141,2,Tampa Bay Rays,139,3,Edwin Jackson,Jesse Litsch,Dan Wheeler,9,Tropicana Field,night,3,3,False,,
235762,2008,2008-08-28,2008-08-29T00:05:00Z,R,Regular Season,N,1,Final,F,Philadelphia Phillies,143,4,Chicago Cubs,112,6,Bob Howry,Chad Durbin,Kerry Wood,9,Wrigley Field,night,1,4,False,,
235761,2008,2008-08-28,2008-08-29T02:05:00Z,R,Regular Season,N,1,Final,F,Minnesota Twins,142,2,Oakland Athletics,133,3,Joey Devine,Craig Breslow,,9,McAfee Coliseum,night,1,4,False,,
235763,2008,2008-08-28,2008-08-29T02:05:00Z,R,Regular Season,N,1,Final,F,Texas Rangers,140,5,Los Angeles Angels,108,7,Jon Garland,Jamey Wright,Francisco Rodríguez,9,Angel Stadium of Anaheim,night,1,4,False,,
235774,2008,2008-08-29,2008-08-29T18:20:00Z,R,Regular Season,N,1,Final,F,Philadelphia Phillies,143,2,Chicago Cubs,112,3,Jeff Samardzija,Clay Condrey,Carlos Marmol,9,Wrigley Field,day,2,4,False,,
235767,2008,2008-08-29,2008-08-29T23:05:00Z,R,Regular Season,N,1,Final,F,Chicago White Sox,145,0,Boston Red Sox,111,8,Daisuke Matsuzaka,Javier Vazquez,,9,Fenway Park,night,1,3,False,,
235769,2008,2008-08-29,2008-08-29T23:05:00Z,R,Regular Season,N,1,Final,F,Kansas City Royals,118,3,Detroit Tigers,116,6,Zach Miner,Kyle Davies,,9,Comerica Park,night,1,3,False,,
235771,2008,2008-08-29,2008-08-29T23:05:00Z,R,Regular Season,N,1,Final,F,Milwaukee Brewers,158,3,Pittsburgh Pirates,134,1,Dave Bush,Tom Gorzelanny,Salomon Torres,9,PNC Park,night,1,3,False,,
235775,2008,2008-08-29,2008-08-29T23:05:00Z,R,Regular Season,N,1,Final,F,Seattle Mariners,136,3,Cleveland Indians,114,2,Félix Hernández,Jeremy Sowers,J.J. Putz,9,Progressive Field,night,1,3,False,,
235779,2008,2008-08-29,2008-08-29T23:05:00Z,R,Regular Season,N,1,Final,F,Toronto Blue Jays,141,1,New York Yankees,147,2,Carl Pavano,A.J. Burnett,Mariano Rivera,9,Yankee Stadium I,night,1,3,False,,
235766,2008,2008-08-29,2008-08-29T23:10:00Z,R,Regular Season,N,1,Final,F,Baltimore Orioles,110,3,Tampa Bay Rays,139,14,Scott Kazmir,Jeremy Guthrie,,9,Tropicana Field,night,1,3,False,,
235773,2008,2008-08-29,2008-08-29T23:10:00Z,R,Regular Season,N,1,Final,F,New York Mets,121,5,Florida Marlins,146,4,Joe Smith,Kevin Gregg,Luis Ayala,9,Dolphin Stadium,night,1,3,False,,
235776,2008,2008-08-29,2008-08-29T23:10:00Z,R,Regular Season,N,1,Final,F,San Francisco Giants,137,7,Cincinnati Reds,113,11,Edinson Volquez,Barry Zito,,9,Great American Ball Park,night,1,3,False,,
235765,2008,2008-08-29,2008-08-29T23:35:00Z,R,Regular Season,N,1,Final,F,Atlanta Braves,144,3,Washington Nationals,120,7,Odalis Perez,Jorge Campillo,Joel Hanrahan,9,Nationals Park,night,1,3,False,,
235777,2008,2008-08-29,2008-08-30T00:05:00Z,R,Regular Season,N,1,Final,F,St. Louis Cardinals,138,2,Houston Astros,117,3,Doug Brocail,Russ Springer,,9,Minute Maid Park,night,1,3,False,,
235770,2008,2008-08-29,2008-08-30T01:40:00Z,R,Regular Season,N,1,Final,F,Los Angeles Dodgers,119,3,Arizona Diamondbacks,109,9,Doug Davis,Hiroki Kuroda,,9,Chase Field,night,1,3,False,,
235768,2008,2008-08-29,2008-08-30T02:05:00Z,R,Regular Season,N,1,Final,F,Colorado Rockies,115,9,San Diego Padres,135,4,Aaron Cook,Dirk Hayhurst,,9,PETCO Park,night,1,3,False,,
235772,2008,2008-08-29,2008-08-30T02:05:00Z,R,Regular Season,N,1,Final,F,Minnesota Twins,142,12,Oakland Athletics,133,2,Kevin Slowey,Dan Meyer,Craig Breslow,9,McAfee Coliseum,night,2,4,False,,
235778,2008,2008-08-29,2008-08-30T02:05:00Z,R,Regular Season,N,1,Final,F,Texas Rangers,140,1,Los Angeles Angels,108,3,Ervin Santana,Dustin Nippert,Francisco Rodríguez,9,Angel Stadium of Anaheim,night,2,4,False,,
235794,2008,2008-08-30,2008-08-30T17:05:00Z,R,Regular Season,N,1,Final,F,Toronto Blue Jays,141,7,New York Yankees,147,6,Brandon League,Damaso Marte,B.J. Ryan,9,Yankee Stadium I,day,2,3,False,,
235781,2008,2008-08-30,2008-08-30T19:55:00Z,R,Regular Season,N,1,Final,F,Baltimore Orioles,110,9,Tampa Bay Rays,139,10,Dan Wheeler,Rocky Cherry,,9,Tropicana Field,day,2,3,False,,
235789,2008,2008-08-30,2008-08-30T19:55:00Z,R,Regular Season,N,1,Final,F,Philadelphia Phillies,143,5,Chicago Cubs,112,2,Brett Myers,Ted Lilly,Brad Lidge,9,Wrigley Field,day,3,4,False,,
235790,2008,2008-08-30,2008-08-30T19:55:00Z,R,Regular Season,N,1,Final,F,Seattle Mariners,136,4,Cleveland Indians,114,3,J.J. Putz,Jensen Lewis,Randy Messenger,10,Progressive Field,day,2,3,False,,
235782,2008,2008-08-30,2008-08-30T23:05:00Z,R,Regular Season,N,1,Final,F,Chicago White Sox,145,2,Boston Red Sox,111,8,Michael Bowden,Mark Buehrle,,9,Fenway Park,night,2,3,False,,
235784,2008,2008-08-30,2008-08-30T23:05:00Z,R,Regular Season,N,1,Final,F,Kansas City Royals,118,13,Detroit Tigers,116,3,Brandon Duckworth,Kenny Rogers,,9,Comerica Park,night,2,3,False,,
235786,2008,2008-08-30,2008-08-30T23:05:00Z,R,Regular Season,N,1,Final,F,Milwaukee Brewers,158,11,Pittsburgh Pirates,134,3,Jeff Suppan,Paul Maholm,,9,PNC Park,night,2,3,False,,
235792,2008,2008-08-30,2008-08-30T23:05:00Z,R,Regular Season,N,1,Final,F,St. Louis Cardinals,138,5,Houston Astros,117,8,Brian Moehler,Braden Looper,Jose Valverde,9,Minute Maid Park,night,2,3,False,,
235780,2008,2008-08-30,2008-08-30T23:10:00Z,R,Regular Season,N,1,Final,F,Atlanta Braves,144,8,Washington Nationals,120,9,Steven Shell,Vladimir Nunez,,10,Nationals Park,night,2,3,False,,
235788,2008,2008-08-30,2008-08-30T23:10:00Z,R,Regular Season,N,1,Final,F,New York Mets,121,3,Florida Marlins,146,4,Matt Lindstrom,Aaron Heilman,,9,Dolphin Stadium,night,2,3,False,,
235791,2008,2008-08-30,2008-08-30T23:10:00Z,R,Regular Season,N,1,Final,F,San Francisco Giants,137,6,Cincinnati Reds,113,7,Mike Lincoln,Jack Taschner,Francisco Cordero,9,Great American Ball Park,night,2,3,False,,
235785,2008,2008-08-30,2008-08-31T00:10:00Z,R,Regular Season,N,1,Final,F,Los Angeles Dodgers,119,6,Arizona Diamondbacks,109,2,Chad Billingsley,Dan Haren,,9,Chase Field,night,2,3,False,,
235787,2008,2008-08-30,2008-08-31T01:05:00Z,R,Regular Season,N,1,Final,F,Minnesota Twins,142,2,Oakland Athletics,133,3,Huston Street,Joe Nathan,,9,McAfee Coliseum,night,3,4,False,,
235793,2008,2008-08-30,2008-08-31T01:05:00Z,R,Regular Season,N,1,Final,F,Texas Rangers,140,3,Los Angeles Angels,108,4,Jose Arredondo,Scott Feldman,Francisco Rodríguez,9,Angel Stadium of Anaheim,night,3,4,False,,
235783,2008,2008-08-30,2008-08-31T02:05:00Z,R,Regular Season,N,1,Final,F,Colorado Rockies,115,4,San Diego Padres,135,9,Josh Geer,Ubaldo Jiménez,,9,PETCO Park,night,2,3,False,,
235806,2008,2008-08-31,2008-08-31T16:35:00Z,R,Regular Season,N,1,Final,F,San Francisco Giants,137,3,Cincinnati Reds,113,9,Bronson Arroyo,Matt Cain,,9,Great American Ball Park,day,3,3,False,,
235799,2008,2008-08-31,2008-08-31T17:05:00Z,R,Regular Season,N,1,Final,F,Kansas City Royals,118,2,Detroit Tigers,116,4,Gary Glover,Kip Wells,Fernando Rodney,9,Comerica Park,day,3,3,False,,
235805,2008,2008-08-31,2008-08-31T17:05:00Z,R,Regular Season,N,1,Final,F,Seattle Mariners,136,6,Cleveland Indians,114,4,Ryan Rowland-Smith,Zach Jackson,Roy Corcoran,9,Progressive Field,day,3,3,False,,
235809,2008,2008-08-31,2008-08-31T17:05:00Z,R,Regular Season,N,1,Final,F,Toronto Blue Jays,141,6,New York Yankees,147,2,Roy Halladay,Andy Pettitte,,9,Yankee Stadium I,day,3,3,False,,
235803,2008,2008-08-31,2008-08-31T17:10:00Z,R,Regular Season,N,1,Final,F,New York Mets,121,6,Florida Marlins,146,2,Pedro Martínez,Scott Olsen,,9,Dolphin Stadium,day,3,3,False,,
235795,2008,2008-08-31,2008-08-31T17:35:00Z,R,Regular Season,N,1,Final,F,Atlanta Braves,144,4,Washington Nationals,120,8,Garrett Mock,Elmer Dessens,,9,Nationals Park,day,3,3,False,,
235797,2008,2008-08-31,2008-08-31T17:35:00Z,R,Regular Season,N,1,Final,F,Chicago White Sox,145,4,Boston Red Sox,111,2,Gavin Floyd,Tim Wakefield,Bobby Jenks,9,Fenway Park,day,3,3,False,,
235801,2008,2008-08-31,2008-08-31T17:35:00Z,R,Regular Season,N,1,Final,F,Milwaukee Brewers,158,7,Pittsburgh Pirates,134,0,CC Sabathia,Jeff Karstens,,9,PNC Park,day,3,3,False,,
235796,2008,2008-08-31,2008-08-31T17:40:00Z,R,Regular Season,N,1,Final,F,Baltimore Orioles,110,4,Tampa Bay Rays,139,10,James Shields,Brian Burres,,9,Tropicana Field,day,3,3,False,,
235807,2008,2008-08-31,2008-08-31T18:05:00Z,R,Regular Season,N,1,Final,F,St. Louis Cardinals,138,0,Houston Astros,117,3,Wandy Rodriguez,Todd Wellemeyer,Jose Valverde,9,Minute Maid Park,day,3,3,False,,
235804,2008,2008-08-31,2008-08-31T18:20:00Z,R,Regular Season,N,1,Final,F,Philadelphia Phillies,143,5,Chicago Cubs,112,3,Jamie Moyer,Sean Marshall,Brad Lidge,9,Wrigley Field,day,4,4,False,,
235808,2008,2008-08-31,2008-08-31T19:35:00Z,R,Regular Season,N,1,Final,F,Texas Rangers,140,4,Los Angeles Angels,108,3,Kevin Millwood,John Lackey,Frank Francisco,9,Angel Stadium of Anaheim,day,4,4,False,,
235798,2008,2008-08-31,2008-08-31T20:05:00Z,R,Regular Season,N,1,Final,F,Colorado Rockies,115,1,San Diego Padres,135,2,Trevor Hoffman,Taylor Buchholz,,9,PETCO Park,day,3,3,False,,
235802,2008,2008-08-31,2008-08-31T20:05:00Z,R,Regular Season,N,1,Final,F,Minnesota Twins,142,12,Oakland Athletics,133,4,Scott Baker,Greg Smith,,9,McAfee Coliseum,day,4,4,False,,
235800,2008,2008-08-31,2008-09-01T00:05:00Z,R,Regular Season,N,1,Final,F,Los Angeles Dodgers,119,8,Arizona Diamondbacks,109,1,Derek Lowe,Brandon Webb,,9,Chase Field,night,3,3,False,,
234326,2008,2008-09-01,2008-09-01T17:05:00Z,R,Regular Season,N,1,Final,F,New York Yankees,147,13,Detroit Tigers,116,9,Brian Bruney,Justin Verlander,,9,Comerica Park,day,1,1,False,,
235810,2008,2008-09-01,2008-09-01T17:10:00Z,R,Regular Season,N,1,Final,F,Atlanta Braves,144,3,Florida Marlins,146,4,Matt Lindstrom,Michael Gonzalez,,9,Dolphin Stadium,day,1,3,False,,
235814,2008,2008-09-01,2008-09-01T18:05:00Z,R,Regular Season,N,1,Final,F,New York Mets,121,4,Milwaukee Brewers,158,2,Nelson Figueroa,Eric Gagne,Luis Ayala,9,Miller Park,day,1,3,False,,
235815,2008,2008-09-01,2008-09-01T19:05:00Z,R,Regular Season,N,1,Final,F,Philadelphia Phillies,143,4,Washington Nationals,120,7,Tim Redding,Kyle Kendrick,,9,Nationals Park,day,1,3,False,,
235818,2008,2008-09-01,2008-09-01T19:05:00Z,R,Regular Season,N,1,Final,F,San Francisco Giants,137,0,Colorado Rockies,115,4,Jorge De La Rosa,Jonathan Sánchez,,9,Coors Field,day,1,3,False,,
235813,2008,2008-09-01,2008-09-01T20:05:00Z,R,Regular Season,N,1,Final,F,Houston Astros,117,3,Chicago Cubs,112,0,Roy Oswalt,Jason Marquis,Jose Valverde,9,Wrigley Field,day,1,3,False,,
235819,2008,2008-09-01,2008-09-01T20:10:00Z,R,Regular Season,N,1,Final,F,St. Louis Cardinals,138,6,Arizona Diamondbacks,109,8,Chad Qualls,Kyle McClellan,Brandon Lyon,9,Chase Field,day,1,3,False,,
235811,2008,2008-09-01,2008-09-01T23:05:00Z,R,Regular Season,N,1,Final,F,Baltimore Orioles,110,4,Boston Red Sox,111,7,Paul Byrd,Garrett Olson,Jonathan Papelbon,9,Fenway Park,night,1,3,False,,
235812,2008,2008-09-01,2008-09-01T23:05:00Z,R,Regular Season,N,1,Final,F,Chicago White Sox,145,0,Cleveland Indians,114,5,Cliff Lee,Clayton Richard,,9,Progressive Field,night,1,3,False,,
235817,2008,2008-09-01,2008-09-02T00:05:00Z,R,Regular Season,N,1,Final,F,Seattle Mariners,136,12,Texas Rangers,140,6,Sean Green,Luis Mendoza,,9,Rangers Ballpark in Arlington,night,1,3,False,,
235816,2008,2008-09-01,2008-09-02T00:10:00Z,R,Regular Season,N,1,Final,F,San Diego Padres,135,2,Los Angeles Dodgers,119,5,Greg Maddux,Chris Young,Jonathan Broxton,9,Dodger Stadium,night,1,3,False,,
235820,2008,2008-09-02,2008-09-02T23:05:00Z,R,Regular Season,N,1,Final,F,Los Angeles Angels,108,5,Detroit Tigers,116,4,Scot Shields,Fernando Rodney,Francisco Rodríguez,9,Comerica Park,night,1,3,False,,
235822,2008,2008-09-02,2008-09-02T23:05:00Z,R,Regular Season,N,1,Final,F,Baltimore Orioles,110,2,Boston Red Sox,111,14,Jon Lester,Radhames Liz,,9,Fenway Park,night,2,3,False,,
235823,2008,2008-09-02,2008-09-02T23:05:00Z,R,Regular Season,N,1,Final,F,Chicago White Sox,145,3,Cleveland Indians,114,9,Roberto Hernandez,John Danks,,9,Progressive Field,night,2,3,False,,
235825,2008,2008-09-02,2008-09-02T23:07:00Z,R,Regular Season,N,1,Final,F,Minnesota Twins,142,5,Toronto Blue Jays,141,7,Jesse Carlson,Boof Bonser,B.J. Ryan,9,Rogers Centre,night,1,3,False,,
235821,2008,2008-09-02,2008-09-02T23:10:00Z,R,Regular Season,N,1,Final,F,Atlanta Braves,144,16,Florida Marlins,146,14,Jorge Julio,Matt Lindstrom,Michael Gonzalez,9,Dolphin Stadium,night,2,3,False,,
235826,2008,2008-09-02,2008-09-02T23:10:00Z,R,Regular Season,N,1,Final,F,New York Yankees,147,7,Tampa Bay Rays,139,2,Mike Mussina,Matt Garza,,9,Tropicana Field,night,1,3,False,,
235829,2008,2008-09-02,2008-09-02T23:10:00Z,R,Regular Season,N,1,Final,F,Philadelphia Phillies,143,4,Washington Nationals,120,0,Cole Hamels,John Lannan,,9,Nationals Park,night,2,3,False,,
235830,2008,2008-09-02,2008-09-02T23:10:00Z,R,Regular Season,N,1,Final,F,Pittsburgh Pirates,134,3,Cincinnati Reds,113,2,Ian Snell,Aaron Harang,Matt Capps,9,Great American Ball Park,night,1,3,False,,
235824,2008,2008-09-02,2008-09-03T00:05:00Z,R,Regular Season,N,1,Final,F,Houston Astros,117,9,Chicago Cubs,112,7,Wesley Wright,Kerry Wood,Jose Valverde,11,Wrigley Field,night,2,3,False,,
235827,2008,2008-09-02,2008-09-03T00:05:00Z,R,Regular Season,N,1,Final,F,New York Mets,121,6,Milwaukee Brewers,158,5,Joe Smith,Salomon Torres,Luis Ayala,10,Miller Park,night,2,3,False,,
235832,2008,2008-09-02,2008-09-03T00:05:00Z,R,Regular Season,N,1,Final,F,Seattle Mariners,136,4,Texas Rangers,140,6,Brandon McCarthy,Ryan Feierabend,Frank Francisco,9,Rangers Ballpark in Arlington,night,2,3,False,,
235828,2008,2008-09-02,2008-09-03T00:10:00Z,R,Regular Season,N,1,Final,F,Oakland Athletics,133,2,Kansas City Royals,118,5,Zack Greinke,Gio Gonzalez,Joakim Soria,9,Kauffman Stadium,night,1,3,False,,
235833,2008,2008-09-02,2008-09-03T00:35:00Z,R,Regular Season,N,1,Final,F,San Francisco Giants,137,5,Colorado Rockies,115,6,Jason Grilli,Keiichi Yabu,,12,Coors Field,night,2,3,False,,
235834,2008,2008-09-02,2008-09-03T01:40:00Z,R,Regular Season,N,1,Final,F,St. Louis Cardinals,138,8,Arizona Diamondbacks,109,2,Adam Wainwright,Yusmeiro Petit,,9,Chase Field,night,2,3,False,,
235831,2008,2008-09-02,2008-09-03T02:10:00Z,R,Regular Season,N,1,Final,F,San Diego Padres,135,4,Los Angeles Dodgers,119,8,Clayton Kershaw,Cha Seung Baek,,9,Dodger Stadium,night,2,3,False,,
235838,2008,2008-09-03,2008-09-03T16:05:00Z,R,Regular Season,N,1,Final,F,Chicago White Sox,145,4,Cleveland Indians,114,2,Javier Vazquez,Jeremy Sowers,Bobby Jenks,9,Progressive Field,day,3,3,False,,
235836,2008,2008-09-03,2008-09-03T17:10:00Z,R,Regular Season,N,1,Final,F,Atlanta Braves,144,3,Florida Marlins,146,5,Doug Waechter,Will Ohman,Joe Nelson,9,Dolphin Stadium,day,3,3,False,,
235837,2008,2008-09-03,2008-09-03T17:35:00Z,R,Regular Season,N,1,Final,F,Baltimore Orioles,110,4,Boston Red Sox,111,5,Justin Masterson,Jim Miller,,9,Fenway Park,day,3,3,False,,
235842,2008,2008-09-03,2008-09-03T18:05:00Z,R,Regular Season,N,1,Final,F,New York Mets,121,9,Milwaukee Brewers,158,2,Oliver Pérez,Dave Bush,,9,Miller Park,day,3,3,False,,
235847,2008,2008-09-03,2008-09-03T18:05:00Z,R,Regular Season,N,1,Final,F,Seattle Mariners,136,0,Texas Rangers,140,1,Dustin Nippert,Félix Hernández,Frank Francisco,9,Rangers Ballpark in Arlington,day,3,3,False,,
235848,2008,2008-09-03,2008-09-03T19:05:00Z,R,Regular Season,N,1,Final,F,San Francisco Giants,137,9,Colorado Rockies,115,2,Barry Zito,Aaron Cook,,9,Coors Field,day,3,3,False,,
235849,2008,2008-09-03,2008-09-03T19:40:00Z,R,Regular Season,N,1,Final,F,St. Louis Cardinals,138,3,Arizona Diamondbacks,109,4,Chad Qualls,Chris Perez,,9,Chase Field,day,3,3,False,,
235835,2008,2008-09-03,2008-09-03T23:05:00Z,R,Regular Season,N,1,Final,F,Los Angeles Angels,108,6,Detroit Tigers,116,9,Kyle Farnsworth,Jose Arredondo,Fernando Rodney,9,Comerica Park,night,2,3,False,,
235840,2008,2008-09-03,2008-09-03T23:07:00Z,R,Regular Season,N,1,Final,F,Minnesota Twins,142,4,Toronto Blue Jays,141,5,Jesse Carlson,Eddie Guardado,,11,Rogers Centre,night,2,3,False,,
235841,2008,2008-09-03,2008-09-03T23:10:00Z,R,Regular Season,N,1,Final,F,New York Yankees,147,8,Tampa Bay Rays,139,4,Edwar Ramirez,Edwin Jackson,,9,Tropicana Field,night,2,3,False,,
235844,2008,2008-09-03,2008-09-03T23:10:00Z,R,Regular Season,N,1,Final,F,Philadelphia Phillies,143,7,Washington Nationals,120,9,Saul Rivera,Chad Durbin,,9,Nationals Park,night,3,3,False,,
235845,2008,2008-09-03,2008-09-03T23:10:00Z,R,Regular Season,N,1,Final,F,Pittsburgh Pirates,134,6,Cincinnati Reds,113,5,Tyler Yates,Jeremy Affeldt,Matt Capps,9,Great American Ball Park,night,2,3,False,,
235839,2008,2008-09-03,2008-09-04T00:05:00Z,R,Regular Season,N,1,Final,F,Houston Astros,117,4,Chicago Cubs,112,0,Randy Wolf,Ryan Dempster,,9,Wrigley Field,night,3,3,False,,
235846,2008,2008-09-03,2008-09-04T02:10:00Z,R,Regular Season,N,1,Final,F,San Diego Padres,135,4,Los Angeles Dodgers,119,6,Hiroki Kuroda,Wade LeBlanc,Jonathan Broxton,9,Dodger Stadium,night,3,3,False,,
235854,2008,2008-09-04,2008-09-04T16:35:00Z,R,Regular Season,N,1,Final,F,Pittsburgh Pirates,134,6,Cincinnati Reds,113,8,Nick Masset,Craig Hansen,Francisco Cordero,9,Great American Ball Park,day,3,3,False,,
235850,2008,2008-09-04,2008-09-04T17:05:00Z,R,Regular Season,N,1,Final,F,Los Angeles Angels,108,7,Detroit Tigers,116,1,Ervin Santana,Kenny Rogers,,9,Comerica Park,day,3,3,False,,
235853,2008,2008-09-04,2008-09-04T21:10:00Z,R,Regular Season,Y,1,Final,F,Oakland Athletics,133,4,Kansas City Royals,118,5,Joakim Soria,Joey Devine,,10,Kauffman Stadium,night,2,3,False,,
235843,2008,2008-09-04,2008-09-04T21:15:00Z,R,Regular Season,Y,2,Final,F,Oakland Athletics,133,6,Kansas City Royals,118,9,Kyle Davies,Dan Meyer,Ramon E Ramirez,9,Kauffman Stadium,night,3,3,False,,
235856,2008,2008-09-04,2008-09-04T23:00:00Z,R,Regular Season,N,1,Final,F,Washington Nationals,120,0,Atlanta Braves,144,2,James Parr,Shairon Martis,Michael Gonzalez,9,Turner Field,night,1,4,False,,
235851,2008,2008-09-04,2008-09-04T23:07:00Z,R,Regular Season,N,1,Final,F,Minnesota Twins,142,0,Toronto Blue Jays,141,9,Jesse Litsch,Kevin Slowey,,9,Rogers Centre,night,3,3,False,,
235852,2008,2008-09-04,2008-09-04T23:10:00Z,R,Regular Season,N,1,Final,F,New York Yankees,147,5,Tampa Bay Rays,139,7,Scott Kazmir,Darrell Rasner,Dan Wheeler,9,Tropicana Field,night,3,3,False,,
235855,2008,2008-09-04,2008-09-05T00:05:00Z,R,Regular Season,N,1,Final,F,San Diego Padres,135,5,Milwaukee Brewers,158,2,Shawn Estes,Jeff Suppan,Trevor Hoffman,9,Miller Park,night,1,4,False,,
235866,2008,2008-09-05,2008-09-05T23:05:00Z,R,Regular Season,N,1,Final,F,Oakland Athletics,133,11,Baltimore Orioles,110,2,Dallas Braden,Chris Waters,,9,Oriole Park at Camden Yards,night,1,3,False,,
235870,2008,2008-09-05,2008-09-05T23:07:00Z,R,Regular Season,N,1,Final,F,Tampa Bay Rays,139,4,Toronto Blue Jays,141,6,Roy Halladay,Andy Sonnanstine,B.J. Ryan,9,Rogers Centre,night,1,3,False,,
235860,2008,2008-09-05,2008-09-05T23:10:00Z,R,Regular Season,N,1,Final,F,Chicago Cubs,112,2,Cincinnati Reds,113,10,Bronson Arroyo,Ted Lilly,,9,Great American Ball Park,night,1,3,False,,
235867,2008,2008-09-05,2008-09-05T23:10:00Z,R,Regular Season,N,1,Final,F,Philadelphia Phillies,143,3,New York Mets,121,0,Brett Myers,Mike Pelfrey,Brad Lidge,9,Shea Stadium,night,1,3,False,,
235871,2008,2008-09-05,2008-09-05T23:30:00Z,R,Regular Season,N,1,Final,F,Washington Nationals,120,5,Atlanta Braves,144,10,Jair Jurrjens,Jason Bergmann,,9,Turner Field,night,2,4,False,,
235859,2008,2008-09-05,2008-09-06T00:05:00Z,R,Regular Season,N,1,Final,F,Boston Red Sox,111,8,Texas Rangers,140,1,Josh Beckett,Kevin Millwood,,9,Rangers Ballpark in Arlington,night,1,3,False,,
235869,2008,2008-09-05,2008-09-06T00:05:00Z,R,Regular Season,N,1,Final,F,San Diego Padres,135,2,Milwaukee Brewers,158,3,Brian Shouse,Brian Falkenborg,,11,Miller Park,night,2,4,False,,
235861,2008,2008-09-05,2008-09-06T00:10:00Z,R,Regular Season,N,1,Final,F,Cleveland Indians,114,9,Kansas City Royals,118,3,Edward Mujica,Brandon Duckworth,,9,Kauffman Stadium,night,1,3,False,,
235862,2008,2008-09-05,2008-09-06T00:10:00Z,R,Regular Season,N,1,Final,F,Detroit Tigers,116,2,Minnesota Twins,142,10,Francisco Liriano,Armando Galarraga,,9,Hubert H. Humphrey Metrodome,night,1,3,False,,
235857,2008,2008-09-05,2008-09-06T00:11:00Z,R,Regular Season,N,1,Final,F,Los Angeles Angels,108,2,Chicago White Sox,145,10,Mark Buehrle,Dustin Moseley,,9,U.S. Cellular Field,night,1,3,False,,
235863,2008,2008-09-05,2008-09-06T00:15:00Z,R,Regular Season,N,1,Final,F,Florida Marlins,146,4,St. Louis Cardinals,138,1,Arthur Rhodes,Ryan Franklin,Matt Lindstrom,11,Busch Stadium,night,1,3,False,,
235864,2008,2008-09-05,2008-09-06T01:05:00Z,R,Regular Season,N,1,Final,F,Houston Astros,117,3,Colorado Rockies,115,5,Ubaldo Jiménez,Brian Moehler,Brian Fuentes,9,Coors Field,night,1,3,False,,
235858,2008,2008-09-05,2008-09-06T02:05:00Z,R,Regular Season,N,1,Final,F,Arizona Diamondbacks,109,0,Los Angeles Dodgers,119,7,Derek Lowe,Dan Haren,,9,Dodger Stadium,night,1,3,False,,
235865,2008,2008-09-05,2008-09-06T02:10:00Z,R,Regular Season,N,1,Final,F,New York Yankees,147,1,Seattle Mariners,136,3,Brandon Morrow,Andy Pettitte,J.J. Putz,9,Safeco Field,night,1,3,False,,
235868,2008,2008-09-05,2008-09-06T02:15:00Z,R,Regular Season,N,1,Final,F,Pittsburgh Pirates,134,7,San Francisco Giants,137,0,Zach Duke,Kevin Correia,,9,AT&T Park,night,1,3,False,,
235896,2008,2008-09-06,2008-09-06T17:05:00Z,R,Regular Season,S,1,Cancelled,C,Oakland Athletics,133,,Baltimore Orioles,110,,,,,,Oriole Park at Camden Yards,day,2,3,,,
235885,2008,2008-09-06,2008-09-06T17:07:00Z,R,Regular Season,N,1,Final,F,Tampa Bay Rays,139,4,Toronto Blue Jays,141,7,Brian Tallet,Troy Percival,,13,Rogers Centre,day,2,3,False,,
235873,2008,2008-09-06,2008-09-06T19:55:00Z,R,Regular Season,N,1,Final,F,Arizona Diamondbacks,109,2,Los Angeles Dodgers,119,7,Chad Billingsley,Brandon Webb,,9,Dodger Stadium,day,2,3,False,,
235877,2008,2008-09-06,2008-09-06T19:55:00Z,R,Regular Season,N,1,Final,F,Detroit Tigers,116,6,Minnesota Twins,142,4,Clay Rapada,Matt Guerrier,Fernando Rodney,9,Hubert H. Humphrey Metrodome,day,2,3,False,,
235886,2008,2008-09-06,2008-09-06T23:00:00Z,R,Regular Season,N,1,Final,F,Washington Nationals,120,8,Atlanta Braves,144,5,Joel Hanrahan,Michael Gonzalez,Steven Shell,10,Turner Field,night,3,4,False,,
235872,2008,2008-09-06,2008-09-06T23:05:00Z,R,Regular Season,N,1,Final,F,Los Angeles Angels,108,6,Chicago White Sox,145,7,Ehren Wassermann,Justin Speier,,15,U.S. Cellular Field,night,2,3,False,,
235881,2008,2008-09-06,2008-09-06T23:05:00Z,R,Regular Season,S,2,Final,F,Oakland Athletics,133,5,Baltimore Orioles,110,1,Greg Smith,Daniel Cabrera,,9,Oriole Park at Camden Yards,night,3,3,False,,
235884,2008,2008-09-06,2008-09-06T23:05:00Z,R,Regular Season,N,1,Final,F,San Diego Padres,135,0,Milwaukee Brewers,158,1,Ben Sheets,Jake Peavy,,9,Miller Park,night,3,4,False,,
235875,2008,2008-09-06,2008-09-06T23:10:00Z,R,Regular Season,N,1,Final,F,Chicago Cubs,112,14,Cincinnati Reds,113,9,Jason Marquis,Johnny Cueto,,9,Great American Ball Park,night,2,3,False,,
235876,2008,2008-09-06,2008-09-06T23:10:00Z,R,Regular Season,N,1,Final,F,Cleveland Indians,114,1,Kansas City Royals,118,3,Gil Meche,Zach Jackson,Joakim Soria,9,Kauffman Stadium,night,2,3,False,,
235878,2008,2008-09-06,2008-09-06T23:15:00Z,R,Regular Season,N,1,Final,F,Florida Marlins,146,3,St. Louis Cardinals,138,5,Todd Wellemeyer,Scott Olsen,Ryan Franklin,9,Busch Stadium,night,2,3,False,,
235874,2008,2008-09-06,2008-09-07T00:05:00Z,R,Regular Season,N,1,Final,F,Boston Red Sox,111,8,Texas Rangers,140,15,Matt Harrison,Tim Wakefield,,9,Rangers Ballpark in Arlington,night,2,3,False,,
235879,2008,2008-09-06,2008-09-07T00:05:00Z,R,Regular Season,N,1,Final,F,Houston Astros,117,2,Colorado Rockies,115,0,Roy Oswalt,Jeff Francis,,9,Coors Field,night,2,3,False,,
235883,2008,2008-09-06,2008-09-07T01:05:00Z,R,Regular Season,N,1,Final,F,Pittsburgh Pirates,134,6,San Francisco Giants,137,7,Geno Espineli,Denny Bautista,Brian Wilson,9,AT&T Park,night,2,3,False,,
235880,2008,2008-09-06,2008-09-07T02:10:00Z,R,Regular Season,N,1,Final,F,New York Yankees,147,7,Seattle Mariners,136,4,Sidney Ponson,Sean Green,Mariano Rivera,9,Safeco Field,night,2,3,False,,
235900,2008,2008-09-07,2008-09-07T17:07:00Z,R,Regular Season,N,1,Final,F,Tampa Bay Rays,139,0,Toronto Blue Jays,141,1,David Purcey,Matt Garza,Jesse Carlson,9,Rogers Centre,day,3,3,False,,
235890,2008,2008-09-07,2008-09-07T17:15:00Z,R,Regular Season,N,1,Final,F,Chicago Cubs,112,3,Cincinnati Reds,113,4,Francisco Cordero,Kerry Wood,,9,Great American Ball Park,day,3,3,False,,
235901,2008,2008-09-07,2008-09-07T17:30:00Z,R,Regular Season,N,1,Final,F,Washington Nationals,120,7,Atlanta Braves,144,4,Steven Shell,Jeff Bennett,Joel Hanrahan,14,Turner Field,day,4,4,False,,
235887,2008,2008-09-07,2008-09-07T18:05:00Z,R,Regular Season,N,1,Final,F,Los Angeles Angels,108,3,Chicago White Sox,145,2,Joe Saunders,Horacio Ramirez,Francisco Rodríguez,9,U.S. Cellular Field,day,3,3,False,,
235899,2008,2008-09-07,2008-09-07T18:05:00Z,R,Regular Season,N,1,Final,F,San Diego Padres,135,10,Milwaukee Brewers,158,1,Chris Young,Manny Parra,,9,Miller Park,day,4,4,False,,
235891,2008,2008-09-07,2008-09-07T18:10:00Z,R,Regular Season,N,1,Final,F,Cleveland Indians,114,3,Kansas City Royals,118,1,Cliff Lee,Zack Greinke,Jensen Lewis,9,Kauffman Stadium,day,3,3,False,,
235892,2008,2008-09-07,2008-09-07T18:10:00Z,R,Regular Season,N,1,Final,F,Detroit Tigers,116,7,Minnesota Twins,142,5,Chris Lambert,Glen Perkins,Fernando Rodney,9,Hubert H. Humphrey Metrodome,day,3,3,False,,
235882,2008,2008-09-07,2008-09-07T18:15:00Z,R,Regular Season,S,1,Final,F,Philadelphia Phillies,143,6,New York Mets,121,2,Jamie Moyer,Pedro Martínez,,9,Shea Stadium,day,2,3,False,,
235893,2008,2008-09-07,2008-09-07T18:15:00Z,R,Regular Season,N,1,Final,F,Florida Marlins,146,1,St. Louis Cardinals,138,3,Adam Wainwright,Josh Johnson,Chris Perez,9,Busch Stadium,day,3,3,False,,
235889,2008,2008-09-07,2008-09-07T19:05:00Z,R,Regular Season,N,1,Final,F,Boston Red Sox,111,7,Texas Rangers,140,2,Paul Byrd,Brandon McCarthy,,9,Rangers Ballpark in Arlington,day,3,3,False,,
235894,2008,2008-09-07,2008-09-07T19:05:00Z,R,Regular Season,N,1,Final,F,Houston Astros,117,7,Colorado Rockies,115,5,Doug Brocail,Taylor Buchholz,Jose Valverde,9,Coors Field,day,3,3,False,,
235898,2008,2008-09-07,2008-09-07T20:05:00Z,R,Regular Season,N,1,Final,F,Pittsburgh Pirates,134,6,San Francisco Giants,137,11,Osiris Matos,Jeff Karstens,,9,AT&T Park,day,3,3,False,,
235888,2008,2008-09-07,2008-09-07T20:10:00Z,R,Regular Season,N,1,Final,F,Arizona Diamondbacks,109,3,Los Angeles Dodgers,119,5,Hung-Chih Kuo,Jon Rauch,Jonathan Broxton,9,Dodger Stadium,day,3,3,False,,
235895,2008,2008-09-07,2008-09-07T20:10:00Z,R,Regular Season,N,1,Final,F,New York Yankees,147,2,Seattle Mariners,136,5,Ryan Feierabend,Mike Mussina,J.J. Putz,9,Safeco Field,day,3,3,False,,
235897,2008,2008-09-07,2008-09-08T00:05:00Z,R,Regular Season,S,2,Final,F,Philadelphia Phillies,143,3,New York Mets,121,6,Johan Santana,Cole Hamels,,9,Shea Stadium,night,3,3,False,,
235904,2008,2008-09-08,2008-09-08T23:05:00Z,R,Regular Season,N,1,Final,F,Cleveland Indians,114,3,Baltimore Orioles,110,14,Garrett Olson,Roberto Hernandez,,9,Oriole Park at Camden Yards,night,1,4,False,,
235905,2008,2008-09-08,2008-09-08T23:05:00Z,R,Regular Season,N,1,Final,F,Florida Marlins,146,6,Philadelphia Phillies,143,8,Joe Blanton,Aníbal Sánchez,Brad Lidge,9,Citizens Bank Park,night,1,3,False,,
235908,2008,2008-09-08,2008-09-08T23:05:00Z,R,Regular Season,N,1,Final,F,Oakland Athletics,133,8,Detroit Tigers,116,14,Casey Fossum,Gio Gonzalez,,9,Comerica Park,night,1,3,False,,
235910,2008,2008-09-08,2008-09-08T23:05:00Z,R,Regular Season,N,1,Final,F,Tampa Bay Rays,139,0,Boston Red Sox,111,3,Jon Lester,Edwin Jackson,Jonathan Papelbon,9,Fenway Park,night,1,3,False,,
235903,2008,2008-09-08,2008-09-09T00:05:00Z,R,Regular Season,N,1,Final,F,Cincinnati Reds,113,5,Milwaukee Brewers,158,4,Jared Burton,Salomon Torres,Francisco Cordero,9,Miller Park,night,1,3,False,,
235909,2008,2008-09-08,2008-09-09T00:05:00Z,R,Regular Season,N,1,Final,F,Pittsburgh Pirates,134,2,Houston Astros,117,3,Alberto Arias,Ian Snell,Jose Valverde,9,Minute Maid Park,night,1,4,False,,
235906,2008,2008-09-08,2008-09-09T02:05:00Z,R,Regular Season,N,1,Final,F,Los Angeles Dodgers,119,0,San Diego Padres,135,4,Cha Seung Baek,Greg Maddux,,9,PETCO Park,night,1,3,False,,
235907,2008,2008-09-08,2008-09-09T02:05:00Z,R,Regular Season,N,1,Final,F,New York Yankees,147,1,Los Angeles Angels,108,12,Jon Garland,Carl Pavano,,9,Angel Stadium of Anaheim,night,1,3,False,,
235902,2008,2008-09-08,2008-09-09T02:15:00Z,R,Regular Season,N,1,Final,F,Arizona Diamondbacks,109,2,San Francisco Giants,137,6,Tim Lincecum,Yusmeiro Petit,,9,AT&T Park,night,1,3,False,,
235911,2008,2008-09-09,2008-09-09T18:05:00Z,R,Regular Season,S,1,Final,F,Toronto Blue Jays,141,3,Chicago White Sox,145,1,A.J. Burnett,Javier Vazquez,B.J. Ryan,9,U.S. Cellular Field,day,1,4,False,,
235916,2008,2008-09-09,2008-09-09T23:00:00Z,R,Regular Season,N,1,Final,F,Colorado Rockies,115,4,Atlanta Braves,144,5,Julian Tavarez,Taylor Buchholz,,10,Turner Field,night,1,3,False,,
235915,2008,2008-09-09,2008-09-09T23:05:00Z,R,Regular Season,N,1,Final,F,Cleveland Indians,114,6,Baltimore Orioles,110,1,Jeremy Sowers,Radhames Liz,,9,Oriole Park at Camden Yards,night,2,4,False,,
235917,2008,2008-09-09,2008-09-09T23:05:00Z,R,Regular Season,N,1,Final,F,Florida Marlins,146,10,Philadelphia Phillies,143,8,Kevin Gregg,Kyle Kendrick,Matt Lindstrom,9,Citizens Bank Park,night,2,3,False,,
235921,2008,2008-09-09,2008-09-09T23:05:00Z,R,Regular Season,N,1,Final,F,Oakland Athletics,133,3,Detroit Tigers,116,2,Joey Devine,Fernando Rodney,Brad Ziegler,9,Comerica Park,night,2,3,False,,
235923,2008,2008-09-09,2008-09-09T23:05:00Z,R,Regular Season,N,1,Final,F,Tampa Bay Rays,139,5,Boston Red Sox,111,4,Dan Wheeler,Jonathan Papelbon,Troy Percival,9,Fenway Park,night,2,3,False,,
235926,2008,2008-09-09,2008-09-09T23:10:00Z,R,Regular Season,N,1,Final,F,Washington Nationals,120,8,New York Mets,121,10,Joe Smith,Charlie Manning,Luis Ayala,9,Shea Stadium,night,1,2,False,,
235914,2008,2008-09-09,2008-09-10T00:05:00Z,R,Regular Season,N,1,Final,F,Cincinnati Reds,113,5,Milwaukee Brewers,158,4,Jon Adkins,Seth McClung,Francisco Cordero,11,Miller Park,night,2,3,False,,
235922,2008,2008-09-09,2008-09-10T00:05:00Z,R,Regular Season,N,1,Final,F,Pittsburgh Pirates,134,3,Houston Astros,117,9,Randy Wolf,Ross Ohlendorf,,9,Minute Maid Park,night,2,4,False,,
235918,2008,2008-09-09,2008-09-10T00:10:00Z,R,Regular Season,N,1,Final,F,Kansas City Royals,118,2,Minnesota Twins,142,7,Nick Blackburn,Brian Bannister,,9,Hubert H. Humphrey Metrodome,night,1,3,False,,
235925,2008,2008-09-09,2008-09-10T00:11:00Z,R,Regular Season,S,2,Final,F,Toronto Blue Jays,141,8,Chicago White Sox,145,2,Jesse Litsch,Clayton Richard,,9,U.S. Cellular Field,night,2,4,False,,
235913,2008,2008-09-09,2008-09-10T00:15:00Z,R,Regular Season,N,1,Final,F,Chicago Cubs,112,3,St. Louis Cardinals,138,4,Chris Perez,Carlos Marmol,,9,Busch Stadium,night,1,3,False,,
235919,2008,2008-09-09,2008-09-10T02:05:00Z,R,Regular Season,N,1,Final,F,Los Angeles Dodgers,119,6,San Diego Padres,135,2,Joe Beimel,Heath Bell,,9,PETCO Park,night,2,3,False,,
235920,2008,2008-09-09,2008-09-10T02:05:00Z,R,Regular Season,N,1,Final,F,New York Yankees,147,7,Los Angeles Angels,108,1,Alfredo Aceves,Ervin Santana,,9,Angel Stadium of Anaheim,night,2,3,False,,
235924,2008,2008-09-09,2008-09-10T02:10:00Z,R,Regular Season,N,1,Final,F,Texas Rangers,140,7,Seattle Mariners,136,3,Vicente Padilla,Félix Hernández,Warner Madrigal,9,Safeco Field,night,1,2,False,,
235912,2008,2008-09-09,2008-09-10T02:15:00Z,R,Regular Season,N,1,Final,F,Arizona Diamondbacks,109,4,San Francisco Giants,137,5,Brian Wilson,Jon Rauch,,9,AT&T Park,night,2,3,False,,
235936,2008,2008-09-10,2008-09-10T17:05:00Z,R,Regular Season,N,1,Final,F,Oakland Athletics,133,5,Detroit Tigers,116,2,Huston Street,Armando Galarraga,Brad Ziegler,9,Comerica Park,day,3,3,False,,
235929,2008,2008-09-10,2008-09-10T18:05:00Z,R,Regular Season,N,1,Final,F,Cincinnati Reds,113,3,Milwaukee Brewers,158,4,Guillermo Mota,David Weathers,Salomon Torres,9,Miller Park,day,3,3,False,,
235935,2008,2008-09-10,2008-09-10T19:35:00Z,R,Regular Season,N,1,Final,F,New York Yankees,147,2,Los Angeles Angels,108,4,Dustin Moseley,Andy Pettitte,Francisco Rodríguez,9,Angel Stadium of Anaheim,day,3,3,False,,
235927,2008,2008-09-10,2008-09-10T19:45:00Z,R,Regular Season,N,1,Final,F,Arizona Diamondbacks,109,3,San Francisco Giants,137,4,Alex Hinshaw,Brandon Lyon,,9,AT&T Park,day,3,3,False,,
235932,2008,2008-09-10,2008-09-10T20:05:00Z,R,Regular Season,N,1,Final,F,Florida Marlins,146,7,Philadelphia Phillies,143,3,Ricky Nolasco,Brett Myers,,9,Citizens Bank Park,day,3,3,False,,
235939,2008,2008-09-10,2008-09-10T20:40:00Z,R,Regular Season,N,1,Final,F,Texas Rangers,140,7,Seattle Mariners,136,8,Roy Corcoran,Kevin Millwood,J.J. Putz,9,Safeco Field,day,2,2,False,,
235931,2008,2008-09-10,2008-09-10T23:00:00Z,R,Regular Season,N,1,Final,F,Colorado Rockies,115,5,Atlanta Braves,144,9,Jeff Bennett,Luis Vizcaino,,9,Turner Field,night,2,3,False,,
235930,2008,2008-09-10,2008-09-10T23:05:00Z,R,Regular Season,N,1,Final,F,Cleveland Indians,114,7,Baltimore Orioles,110,1,Scott Lewis,Chris Waters,,9,Oriole Park at Camden Yards,night,3,4,False,,
235938,2008,2008-09-10,2008-09-10T23:05:00Z,R,Regular Season,N,1,Final,F,Tampa Bay Rays,139,4,Boston Red Sox,111,2,Trever Miller,Mike Timlin,Jason Hammel,14,Fenway Park,night,3,3,False,,
235941,2008,2008-09-10,2008-09-10T23:10:00Z,R,Regular Season,N,1,Final,F,Washington Nationals,120,10,New York Mets,121,13,Joe Smith,Saul Rivera,Luis Ayala,9,Shea Stadium,night,2,2,False,,
235937,2008,2008-09-10,2008-09-11T00:05:00Z,R,Regular Season,N,1,Final,F,Pittsburgh Pirates,134,4,Houston Astros,117,7,Brian Moehler,Denny Bautista,Jose Valverde,9,Minute Maid Park,night,3,4,False,,
235933,2008,2008-09-10,2008-09-11T00:10:00Z,R,Regular Season,N,1,Final,F,Kansas City Royals,118,1,Minnesota Twins,142,7,Kevin Slowey,Kyle Davies,,9,Hubert H. Humphrey Metrodome,night,2,3,False,,
235940,2008,2008-09-10,2008-09-11T00:11:00Z,R,Regular Season,N,1,Final,F,Toronto Blue Jays,141,5,Chicago White Sox,145,6,Mark Buehrle,Roy Halladay,,9,U.S. Cellular Field,night,3,4,False,,
235928,2008,2008-09-10,2008-09-11T00:15:00Z,R,Regular Season,N,1,Final,F,Chicago Cubs,112,4,St. Louis Cardinals,138,3,Ted Lilly,Braden Looper,Kerry Wood,9,Busch Stadium,night,2,3,False,,
235934,2008,2008-09-10,2008-09-11T02:05:00Z,R,Regular Season,N,1,Final,F,Los Angeles Dodgers,119,7,San Diego Padres,135,2,Derek Lowe,Shawn Estes,,9,PETCO Park,night,3,3,False,,
235945,2008,2008-09-11,2008-09-11T17:10:00Z,R,Regular Season,N,1,Final,F,Kansas City Royals,118,3,Minnesota Twins,142,2,Ramon E Ramirez,Matt Guerrier,Joakim Soria,10,Hubert H. Humphrey Metrodome,day,3,3,False,,
235944,2008,2008-09-11,2008-09-11T23:00:00Z,R,Regular Season,N,1,Final,F,Colorado Rockies,115,4,Atlanta Braves,144,8,Jair Jurrjens,Glendon Rusch,,9,Turner Field,night,3,3,False,,
235943,2008,2008-09-11,2008-09-11T23:05:00Z,R,Regular Season,N,1,Final,F,Cleveland Indians,114,3,Baltimore Orioles,110,6,Lance Cormier,Zach Jackson,Jim Miller,9,Oriole Park at Camden Yards,night,4,4,False,,
235946,2008,2008-09-11,2008-09-11T23:05:00Z,R,Regular Season,N,1,Final,F,Milwaukee Brewers,158,3,Philadelphia Phillies,143,6,Jamie Moyer,Ben Sheets,Brad Lidge,9,Citizens Bank Park,night,1,4,False,,
235947,2008,2008-09-11,2008-09-12T00:05:00Z,R,Regular Season,N,1,Final,F,Pittsburgh Pirates,134,0,Houston Astros,117,6,Roy Oswalt,Zach Duke,,9,Minute Maid Park,night,4,4,False,,
235951,2008,2008-09-11,2008-09-12T00:11:00Z,R,Regular Season,N,1,Final,F,Toronto Blue Jays,141,6,Chicago White Sox,145,4,Shaun Marcum,Gavin Floyd,B.J. Ryan,9,U.S. Cellular Field,night,4,4,False,,
235942,2008,2008-09-11,2008-09-12T00:15:00Z,R,Regular Season,N,1,Final,F,Chicago Cubs,112,3,St. Louis Cardinals,138,2,Rich Harden,Todd Wellemeyer,Kerry Wood,9,Busch Stadium,night,3,3,False,,
235948,2008,2008-09-11,2008-09-12T02:05:00Z,R,Regular Season,N,1,Final,F,Seattle Mariners,136,4,Los Angeles Angels,108,7,Jered Weaver,Brandon Morrow,Francisco Rodríguez,9,Angel Stadium of Anaheim,night,1,4,False,,
235949,2008,2008-09-11,2008-09-12T02:05:00Z,R,Regular Season,N,1,Final,F,San Francisco Giants,137,3,San Diego Padres,135,11,Josh Geer,Matt Cain,,9,PETCO Park,night,1,4,False,,
235950,2008,2008-09-11,2008-09-12T02:05:00Z,R,Regular Season,N,1,Final,F,Texas Rangers,140,6,Oakland Athletics,133,1,Dustin Nippert,Dallas Braden,,9,McAfee Coliseum,night,1,4,False,,
235956,2008,2008-09-12,2008-09-12T23:05:00Z,R,Regular Season,N,1,Final,F,Kansas City Royals,118,5,Cleveland Indians,114,12,Cliff Lee,Gil Meche,,9,Progressive Field,night,1,4,False,,
235962,2008,2008-09-12,2008-09-12T23:05:00Z,R,Regular Season,N,1,Final,F,St. Louis Cardinals,138,2,Pittsburgh Pirates,134,10,Paul Maholm,Joel Pineiro,,9,PNC Park,night,1,3,False,,
235965,2008,2008-09-12,2008-09-12T23:05:00Z,R,Regular Season,N,1,Final,F,Toronto Blue Jays,141,0,Boston Red Sox,111,7,Tim Wakefield,David Purcey,,9,Fenway Park,night,1,4,False,,
235966,2008,2008-09-12,2008-09-12T23:10:00Z,R,Regular Season,N,1,Final,F,Washington Nationals,120,1,Florida Marlins,146,2,Scott Olsen,Shairon Martis,Matt Lindstrom,9,Dolphin Stadium,night,1,3,False,,
235957,2008,2008-09-12,2008-09-13T01:05:00Z,R,Regular Season,N,1,Final,F,Los Angeles Dodgers,119,7,Colorado Rockies,115,2,Chad Billingsley,Jeff Francis,,9,Coors Field,night,1,3,False,,
235954,2008,2008-09-12,2008-09-13T01:40:00Z,R,Regular Season,N,1,Final,F,Cincinnati Reds,113,2,Arizona Diamondbacks,109,3,Brandon Webb,Aaron Harang,Chad Qualls,9,Chase Field,night,1,3,False,,
235960,2008,2008-09-12,2008-09-13T02:05:00Z,R,Regular Season,N,1,Final,F,Seattle Mariners,136,3,Los Angeles Angels,108,5,Jose Arredondo,Miguel Batista,,9,Angel Stadium of Anaheim,night,2,4,False,,
235961,2008,2008-09-12,2008-09-13T02:05:00Z,R,Regular Season,N,1,Final,F,San Francisco Giants,137,5,San Diego Padres,135,2,Jonathan Sánchez,Jake Peavy,Brian Wilson,9,PETCO Park,night,2,4,False,,
235964,2008,2008-09-12,2008-09-13T02:05:00Z,R,Regular Season,N,1,Final,F,Texas Rangers,140,7,Oakland Athletics,133,0,Matt Harrison,Greg Smith,,9,McAfee Coliseum,night,2,4,False,,
235593,2008,2008-09-13,2008-09-13T16:35:00Z,R,Regular Season,S,1,Final,F,Toronto Blue Jays,141,8,Boston Red Sox,111,1,A.J. Burnett,Paul Byrd,,9,Fenway Park,day,2,4,False,,
234195,2008,2008-09-13,2008-09-13T17:05:00Z,R,Regular Season,S,1,Final,F,Kansas City Royals,118,8,Cleveland Indians,114,3,Zack Greinke,Roberto Hernandez,,9,Progressive Field,day,2,4,False,,
235978,2008,2008-09-13,2008-09-13T17:05:00Z,R,Regular Season,S,1,Final,F,Tampa Bay Rays,139,7,New York Yankees,147,1,James Shields,Mike Mussina,,9,Yankee Stadium I,day,1,3,False,,
235967,2008,2008-09-13,2008-09-13T19:55:00Z,R,Regular Season,Y,1,Final,F,Atlanta Braves,144,3,New York Mets,121,2,Jeff Ridgway,Scott Schoeneweis,Michael Gonzalez,9,Shea Stadium,day,1,3,False,,
235973,2008,2008-09-13,2008-09-13T19:55:00Z,R,Regular Season,N,1,Final,F,Milwaukee Brewers,158,3,Philadelphia Phillies,143,7,Cole Hamels,Manny Parra,,9,Citizens Bank Park,day,2,4,False,,
235952,2008,2008-09-13,2008-09-13T20:00:00Z,R,Regular Season,Y,2,Final,F,Atlanta Braves,144,0,New York Mets,121,5,Jonathon Niese,Jo-Jo Reyes,,9,Shea Stadium,day,2,3,False,,
235979,2008,2008-09-13,2008-09-13T20:05:00Z,R,Regular Season,N,1,Final,F,Texas Rangers,140,1,Oakland Athletics,133,7,Josh Outman,Scott Feldman,,9,McAfee Coliseum,day,3,4,False,,
235974,2008,2008-09-13,2008-09-13T21:05:00Z,R,Regular Season,Y,1,Final,F,Minnesota Twins,142,12,Baltimore Orioles,110,2,Scott Baker,Daniel Cabrera,,9,Oriole Park at Camden Yards,night,1,3,False,,
235959,2008,2008-09-13,2008-09-13T21:10:00Z,R,Regular Season,Y,2,Final,F,Minnesota Twins,142,12,Baltimore Orioles,110,6,Bobby Korecky,Garrett Olson,,9,Oriole Park at Camden Yards,night,2,3,False,,
235963,2008,2008-09-13,2008-09-13T23:05:00Z,R,Regular Season,S,2,Final,F,Tampa Bay Rays,139,5,New York Yankees,147,6,Damaso Marte,J.P. Howell,Mariano Rivera,9,Yankee Stadium I,night,2,3,False,,
235971,2008,2008-09-13,2008-09-13T23:05:00Z,R,Regular Season,S,2,Final,F,Kansas City Royals,118,8,Cleveland Indians,114,4,Robinson Tejeda,Bryan Bullington,Joakim Soria,9,Progressive Field,night,3,4,False,,
235977,2008,2008-09-13,2008-09-13T23:05:00Z,R,Regular Season,N,1,Final,F,St. Louis Cardinals,138,6,Pittsburgh Pirates,134,7,Craig Hansen,Chris Perez,,12,PNC Park,night,2,3,False,,
235980,2008,2008-09-13,2008-09-13T23:05:00Z,R,Regular Season,S,2,Final,F,Toronto Blue Jays,141,5,Boston Red Sox,111,7,Justin Masterson,Scott Downs,Jonathan Papelbon,9,Fenway Park,night,3,4,False,,
235981,2008,2008-09-13,2008-09-13T23:10:00Z,R,Regular Season,N,1,Final,F,Washington Nationals,120,2,Florida Marlins,146,4,Josh Johnson,Tim Redding,Matt Lindstrom,9,Dolphin Stadium,night,2,3,False,,
235972,2008,2008-09-13,2008-09-14T00:05:00Z,R,Regular Season,N,1,Final,F,Los Angeles Dodgers,119,5,Colorado Rockies,115,1,Clayton Kershaw,Jorge De La Rosa,,9,Coors Field,night,2,3,False,,
235969,2008,2008-09-13,2008-09-14T00:10:00Z,R,Regular Season,N,1,Final,F,Cincinnati Reds,113,3,Arizona Diamondbacks,109,2,David Weathers,Ramon Pena,Francisco Cordero,10,Chase Field,night,2,3,False,,
235975,2008,2008-09-13,2008-09-14T01:05:00Z,R,Regular Season,N,1,Final,F,Seattle Mariners,136,2,Los Angeles Angels,108,5,Jon Garland,Ryan Feierabend,Francisco Rodríguez,9,Angel Stadium of Anaheim,night,3,4,False,,
235976,2008,2008-09-13,2008-09-14T02:05:00Z,R,Regular Season,N,1,Final,F,San Francisco Giants,137,7,San Diego Padres,135,0,Tim Lincecum,Chris Young,,9,PETCO Park,night,3,4,False,,
235986,2008,2008-09-14,2008-09-14T17:05:00Z,R,Regular Season,N,1,Final,F,Kansas City Royals,118,13,Cleveland Indians,114,3,Brian Bannister,Edward Mujica,,9,Progressive Field,day,4,4,False,,
235993,2008,2008-09-14,2008-09-14T17:05:00Z,R,Regular Season,N,1,Final,F,Tampa Bay Rays,139,4,New York Yankees,147,8,Carl Pavano,Edwin Jackson,Mariano Rivera,9,Yankee Stadium I,day,3,3,False,,
235982,2008,2008-09-14,2008-09-14T17:10:00Z,R,Regular Season,N,1,Final,F,Atlanta Braves,144,7,New York Mets,121,4,Jorge Julio,Luis Ayala,Michael Gonzalez,9,Shea Stadium,day,3,3,False,,
235996,2008,2008-09-14,2008-09-14T17:10:00Z,R,Regular Season,N,1,Final,F,Washington Nationals,120,7,Florida Marlins,146,8,Andrew Miller,Steven Shell,Arthur Rhodes,9,Dolphin Stadium,day,3,3,False,,
235988,2008,2008-09-14,2008-09-14T17:35:00Z,R,Regular Season,S,1,Final,F,Milwaukee Brewers,158,3,Philadelphia Phillies,143,7,Scott Eyre,Guillermo Mota,,9,Citizens Bank Park,day,3,4,False,,
235989,2008,2008-09-14,2008-09-14T17:35:00Z,R,Regular Season,N,1,Final,F,Minnesota Twins,142,3,Baltimore Orioles,110,7,Radhames Liz,Nick Blackburn,,9,Oriole Park at Camden Yards,day,3,3,False,,
235992,2008,2008-09-14,2008-09-14T17:35:00Z,R,Regular Season,N,1,Final,F,St. Louis Cardinals,138,2,Pittsburgh Pirates,134,7,T.J. Beam,Brad Thompson,,9,PNC Park,day,3,3,False,,
235995,2008,2008-09-14,2008-09-14T17:35:00Z,R,Regular Season,N,1,Final,F,Toronto Blue Jays,141,3,Boston Red Sox,111,4,Jon Lester,Roy Halladay,Jonathan Papelbon,9,Fenway Park,day,4,4,False,,
235970,2008,2008-09-14,2008-09-14T18:05:00Z,R,Regular Season,Y,1,Final,F,Detroit Tigers,116,2,Chicago White Sox,145,4,Javier Vazquez,Justin Verlander,,9,U.S. Cellular Field,day,1,2,False,,
235985,2008,2008-09-14,2008-09-14T18:10:00Z,R,Regular Season,Y,2,Final,F,Detroit Tigers,116,7,Chicago White Sox,145,11,Matt Thornton,Bobby Seay,,9,U.S. Cellular Field,day,2,2,False,,
235987,2008,2008-09-14,2008-09-14T19:05:00Z,R,Regular Season,N,1,Final,F,Los Angeles Dodgers,119,0,Colorado Rockies,115,1,Manny Corpas,Hung-Chih Kuo,,10,Coors Field,day,3,3,False,,
235990,2008,2008-09-14,2008-09-14T19:35:00Z,R,Regular Season,N,1,Final,F,Seattle Mariners,136,3,Los Angeles Angels,108,4,Jose Arredondo,Roy Corcoran,,9,Angel Stadium of Anaheim,day,4,4,False,,
235991,2008,2008-09-14,2008-09-14T20:05:00Z,R,Regular Season,N,1,Final,F,San Francisco Giants,137,8,San Diego Padres,135,6,Sergio Romo,Dirk Hayhurst,Brian Wilson,10,PETCO Park,day,4,4,False,,
235994,2008,2008-09-14,2008-09-14T20:05:00Z,R,Regular Season,N,1,Final,F,Texas Rangers,140,4,Oakland Athletics,133,7,Joey Devine,Warner Madrigal,Brad Ziegler,9,McAfee Coliseum,day,4,4,False,,
235984,2008,2008-09-14,2008-09-14T20:10:00Z,R,Regular Season,N,1,Final,F,Cincinnati Reds,113,2,Arizona Diamondbacks,109,1,David Weathers,Jon Rauch,Francisco Cordero,10,Chase Field,day,3,3,False,,
235958,2008,2008-09-14,2008-09-14T23:35:00Z,R,Regular Season,S,2,Final,F,Milwaukee Brewers,158,1,Philadelphia Phillies,143,6,Brett Myers,Jeff Suppan,,9,Citizens Bank Park,night,4,4,False,,
235983,2008,2008-09-14,2008-09-15T00:05:00Z,R,Regular Season,N,1,Final,F,Chicago Cubs,112,5,Houston Astros,117,0,Carlos Zambrano,Randy Wolf,,9,Miller Park,night,1,2,False,,
235953,2008,2008-09-15,2008-09-15T18:05:00Z,R,Regular Season,N,1,Final,F,Chicago Cubs,112,6,Houston Astros,117,1,Ted Lilly,Brian Moehler,,9,Miller Park,day,2,2,False,,
235998,2008,2008-09-15,2008-09-15T23:05:00Z,R,Regular Season,N,1,Final,F,Chicago White Sox,145,2,New York Yankees,147,4,Phil Coke,Ehren Wassermann,Mariano Rivera,9,Yankee Stadium I,night,1,4,False,,
236000,2008,2008-09-15,2008-09-15T23:05:00Z,R,Regular Season,N,1,Final,F,Los Angeles Dodgers,119,8,Pittsburgh Pirates,134,2,Hiroki Kuroda,Ross Ohlendorf,,9,PNC Park,night,1,4,False,,
236001,2008,2008-09-15,2008-09-15T23:05:00Z,R,Regular Season,N,1,Final,F,Minnesota Twins,142,1,Cleveland Indians,114,3,Scott Lewis,Kevin Slowey,Jensen Lewis,9,Progressive Field,night,1,3,False,,
235997,2008,2008-09-15,2008-09-15T23:10:00Z,R,Regular Season,N,1,Final,F,Boston Red Sox,111,13,Tampa Bay Rays,139,5,Daisuke Matsuzaka,Scott Kazmir,,9,Tropicana Field,night,1,3,False,,
236002,2008,2008-09-15,2008-09-15T23:10:00Z,R,Regular Season,N,1,Final,F,New York Mets,121,2,Washington Nationals,120,7,John Lannan,Pedro Martínez,,9,Nationals Park,night,1,4,False,,
235999,2008,2008-09-15,2008-09-16T00:05:00Z,R,Regular Season,N,1,Final,F,Detroit Tigers,116,8,Texas Rangers,140,11,Frank Francisco,Kyle Farnsworth,,9,Rangers Ballpark in Arlington,night,1,3,False,,
236004,2008,2008-09-15,2008-09-16T00:10:00Z,R,Regular Season,N,1,Final,F,Seattle Mariners,136,0,Kansas City Royals,118,3,Kyle Davies,Carlos Silva,Joakim Soria,9,Kauffman Stadium,night,1,4,False,,
236003,2008,2008-09-15,2008-09-16T00:35:00Z,R,Regular Season,N,1,Final,F,San Diego Padres,135,11,Colorado Rockies,115,5,Wade LeBlanc,Greg Reynolds,,9,Coors Field,night,1,3,False,,
236005,2008,2008-09-15,2008-09-16T01:40:00Z,R,Regular Season,N,1,Final,F,San Francisco Giants,137,1,Arizona Diamondbacks,109,3,Ramon Pena,Brad Hennessey,Chad Qualls,9,Chase Field,night,1,4,False,,
236016,2008,2008-09-16,2008-09-16T23:00:00Z,R,Regular Season,N,1,Final,F,Philadelphia Phillies,143,8,Atlanta Braves,144,7,Ryan Madson,Michael Gonzalez,Brad Lidge,9,Turner Field,night,1,3,False,,
236009,2008,2008-09-16,2008-09-16T23:05:00Z,R,Regular Season,N,1,Final,F,Chicago White Sox,145,6,New York Yankees,147,2,Gavin Floyd,Andy Pettitte,,9,Yankee Stadium I,night,2,4,False,,
236012,2008,2008-09-16,2008-09-16T23:05:00Z,R,Regular Season,N,1,Final,F,Los Angeles Dodgers,119,6,Pittsburgh Pirates,134,2,Derek Lowe,Jeff Karstens,,9,PNC Park,night,2,4,False,,
236014,2008,2008-09-16,2008-09-16T23:05:00Z,R,Regular Season,N,1,Final,F,Minnesota Twins,142,9,Cleveland Indians,114,12,Tom Mastny,Joe Nathan,,11,Progressive Field,night,2,3,False,,
236007,2008,2008-09-16,2008-09-16T23:07:00Z,R,Regular Season,N,1,Final,F,Baltimore Orioles,110,2,Toronto Blue Jays,141,0,Chris Waters,Shaun Marcum,,9,Rogers Centre,night,1,3,False,,
236008,2008,2008-09-16,2008-09-16T23:10:00Z,R,Regular Season,N,1,Final,F,Boston Red Sox,111,1,Tampa Bay Rays,139,2,Dan Wheeler,Justin Masterson,,9,Tropicana Field,night,2,3,False,,
236011,2008,2008-09-16,2008-09-16T23:10:00Z,R,Regular Season,N,1,Final,F,Houston Astros,117,1,Florida Marlins,146,5,Chris Volstad,Roy Oswalt,,9,Dolphin Stadium,night,1,3,False,,
236015,2008,2008-09-16,2008-09-16T23:10:00Z,R,Regular Season,N,1,Final,F,New York Mets,121,0,Washington Nationals,120,1,Odalis Perez,Mike Pelfrey,Joel Hanrahan,9,Nationals Park,night,2,4,False,,
236020,2008,2008-09-16,2008-09-16T23:10:00Z,R,Regular Season,N,1,Final,F,St. Louis Cardinals,138,2,Cincinnati Reds,113,7,Bronson Arroyo,Braden Looper,,9,Great American Ball Park,night,1,3,False,,
236010,2008,2008-09-16,2008-09-17T00:05:00Z,R,Regular Season,N,1,Final,F,Detroit Tigers,116,4,Texas Rangers,140,5,Jamey Wright,Fernando Rodney,,9,Rangers Ballpark in Arlington,night,2,3,False,,
236013,2008,2008-09-16,2008-09-17T00:05:00Z,R,Regular Season,N,1,Final,F,Milwaukee Brewers,158,4,Chicago Cubs,112,5,Ryan Dempster,CC Sabathia,Kerry Wood,9,Wrigley Field,night,1,3,False,,
236018,2008,2008-09-16,2008-09-17T00:10:00Z,R,Regular Season,N,1,Final,F,Seattle Mariners,136,3,Kansas City Royals,118,6,Brandon Duckworth,Brandon Morrow,Joakim Soria,9,Kauffman Stadium,night,2,4,False,,
236017,2008,2008-09-16,2008-09-17T00:35:00Z,R,Regular Season,N,1,Final,F,San Diego Padres,135,3,Colorado Rockies,115,10,Ubaldo Jiménez,Shawn Estes,,9,Coors Field,night,2,3,False,,
236019,2008,2008-09-16,2008-09-17T01:40:00Z,R,Regular Season,N,1,Final,F,San Francisco Giants,137,0,Arizona Diamondbacks,109,2,Dan Haren,Matt Cain,,9,Chase Field,night,2,4,False,,
236006,2008,2008-09-16,2008-09-17T02:05:00Z,R,Regular Season,N,1,Final,F,Los Angeles Angels,108,1,Oakland Athletics,133,8,Sean Gallagher,John Lackey,,9,McAfee Coliseum,night,1,3,False,,
236032,2008,2008-09-17,2008-09-17T19:05:00Z,R,Regular Season,N,1,Final,F,San Diego Padres,135,0,Colorado Rockies,115,1,Livan Hernandez,Josh Geer,Brian Fuentes,9,Coors Field,day,3,3,False,,
236031,2008,2008-09-17,2008-09-17T23:00:00Z,R,Regular Season,N,1,Final,F,Philadelphia Phillies,143,6,Atlanta Braves,144,1,J.A. Happ,Jair Jurrjens,,9,Turner Field,night,2,3,False,,
236024,2008,2008-09-17,2008-09-17T23:05:00Z,R,Regular Season,N,1,Final,F,Chicago White Sox,145,1,New York Yankees,147,5,Brian Bruney,Clayton Richard,,9,Yankee Stadium I,night,3,4,False,,
236027,2008,2008-09-17,2008-09-17T23:05:00Z,R,Regular Season,N,1,Final,F,Los Angeles Dodgers,119,8,Pittsburgh Pirates,134,15,John Grabow,Scott Elbert,,9,PNC Park,night,3,4,False,,
236029,2008,2008-09-17,2008-09-17T23:05:00Z,R,Regular Season,N,1,Final,F,Minnesota Twins,142,4,Cleveland Indians,114,6,Edward Mujica,Jose Mijares,Jensen Lewis,9,Progressive Field,night,3,3,False,,
236022,2008,2008-09-17,2008-09-17T23:07:00Z,R,Regular Season,N,1,Final,F,Baltimore Orioles,110,7,Toronto Blue Jays,141,8,Jesse Carlson,Kam Mickolio,B.J. Ryan,9,Rogers Centre,night,2,3,False,,
236023,2008,2008-09-17,2008-09-17T23:10:00Z,R,Regular Season,N,1,Final,F,Boston Red Sox,111,3,Tampa Bay Rays,139,10,Grant Balfour,Tim Wakefield,,9,Tropicana Field,night,3,3,False,,
236026,2008,2008-09-17,2008-09-17T23:10:00Z,R,Regular Season,N,1,Final,F,Houston Astros,117,2,Florida Marlins,146,14,Ricky Nolasco,Brandon Backe,,9,Dolphin Stadium,night,2,3,False,,
236030,2008,2008-09-17,2008-09-17T23:10:00Z,R,Regular Season,N,1,Final,F,New York Mets,121,9,Washington Nationals,120,7,Brandon Knight,Shairon Martis,Luis Ayala,9,Nationals Park,night,3,4,False,,
236035,2008,2008-09-17,2008-09-17T23:10:00Z,R,Regular Season,N,1,Final,F,St. Louis Cardinals,138,0,Cincinnati Reds,113,3,Aaron Harang,Todd Wellemeyer,,9,Great American Ball Park,night,2,3,False,,
236025,2008,2008-09-17,2008-09-18T00:05:00Z,R,Regular Season,N,1,Final,F,Detroit Tigers,116,17,Texas Rangers,140,4,Freddy Garcia,Dustin Nippert,,9,Rangers Ballpark in Arlington,night,3,3,False,,
236028,2008,2008-09-17,2008-09-18T00:05:00Z,R,Regular Season,N,1,Final,F,Milwaukee Brewers,158,6,Chicago Cubs,112,2,Mark DiFelice,Jason Marquis,,9,Wrigley Field,night,2,3,False,,
236033,2008,2008-09-17,2008-09-18T00:10:00Z,R,Regular Season,N,1,Final,F,Seattle Mariners,136,2,Kansas City Royals,118,5,Gil Meche,Roy Corcoran,Joakim Soria,9,Kauffman Stadium,night,3,4,False,,
236034,2008,2008-09-17,2008-09-18T01:40:00Z,R,Regular Season,N,1,Final,F,San Francisco Giants,137,6,Arizona Diamondbacks,109,7,Brandon Webb,Jonathan Sánchez,Ramon Pena,9,Chase Field,night,3,4,False,,
236021,2008,2008-09-17,2008-09-18T02:05:00Z,R,Regular Season,N,1,Final,F,Los Angeles Angels,108,2,Oakland Athletics,133,3,Brad Ziegler,Francisco Rodríguez,,9,McAfee Coliseum,night,2,3,False,,
236040,2008,2008-09-18,2008-09-18T16:35:00Z,R,Regular Season,N,1,Final,F,Los Angeles Dodgers,119,4,Pittsburgh Pirates,134,3,Scott Proctor,Craig Hansen,Jonathan Broxton,12,PNC Park,day,4,4,False,,
236045,2008,2008-09-18,2008-09-18T18:10:00Z,R,Regular Season,N,1,Final,F,Seattle Mariners,136,0,Kansas City Royals,118,12,Zack Greinke,Ryan Feierabend,,9,Kauffman Stadium,day,4,4,False,,
236041,2008,2008-09-18,2008-09-18T18:20:00Z,R,Regular Season,N,1,Final,F,Milwaukee Brewers,158,6,Chicago Cubs,112,7,Kerry Wood,Carlos Villanueva,,12,Wrigley Field,day,3,3,False,,
236036,2008,2008-09-18,2008-09-18T19:35:00Z,R,Regular Season,N,1,Final,F,Los Angeles Angels,108,6,Oakland Athletics,133,4,Joe Saunders,Josh Outman,Francisco Rodríguez,9,McAfee Coliseum,day,3,3,False,,
236044,2008,2008-09-18,2008-09-18T23:00:00Z,R,Regular Season,N,1,Final,F,Philadelphia Phillies,143,4,Atlanta Braves,144,3,Cole Hamels,Mike Hampton,Brad Lidge,9,Turner Field,night,3,3,False,,
236038,2008,2008-09-18,2008-09-18T23:05:00Z,R,Regular Season,N,1,Final,F,Chicago White Sox,145,2,New York Yankees,147,9,Mike Mussina,Javier Vazquez,,9,Yankee Stadium I,night,4,4,False,,
236037,2008,2008-09-18,2008-09-18T23:07:00Z,R,Regular Season,N,1,Final,F,Baltimore Orioles,110,2,Toronto Blue Jays,141,3,Jesse Litsch,Garrett Olson,B.J. Ryan,9,Rogers Centre,night,3,3,False,,
236039,2008,2008-09-18,2008-09-18T23:10:00Z,R,Regular Season,N,1,Final,F,Houston Astros,117,1,Florida Marlins,146,8,Scott Olsen,Alberto Arias,,9,Dolphin Stadium,night,3,3,False,,
236042,2008,2008-09-18,2008-09-18T23:10:00Z,R,Regular Season,N,1,Final,F,Minnesota Twins,142,11,Tampa Bay Rays,139,8,Eddie Guardado,Dan Wheeler,Joe Nathan,9,Tropicana Field,night,1,4,False,,
236043,2008,2008-09-18,2008-09-18T23:10:00Z,R,Regular Season,N,1,Final,F,New York Mets,121,7,Washington Nationals,120,2,Johan Santana,Tim Redding,,9,Nationals Park,night,4,4,False,,
236047,2008,2008-09-18,2008-09-18T23:10:00Z,R,Regular Season,N,1,Final,F,St. Louis Cardinals,138,5,Cincinnati Reds,113,4,Kyle Lohse,Edinson Volquez,Jason Motte,9,Great American Ball Park,night,3,3,False,,
236046,2008,2008-09-18,2008-09-19T01:40:00Z,R,Regular Season,N,1,Final,F,San Francisco Giants,137,2,Arizona Diamondbacks,109,3,Juan Cruz,Tim Lincecum,Chad Qualls,9,Chase Field,night,4,4,False,,
236062,2008,2008-09-19,2008-09-19T18:20:00Z,R,Regular Season,N,1,Final,F,St. Louis Cardinals,138,12,Chicago Cubs,112,6,Adam Wainwright,Carlos Zambrano,,9,Wrigley Field,day,1,3,False,,
236050,2008,2008-09-19,2008-09-19T23:05:00Z,R,Regular Season,N,1,Final,F,Baltimore Orioles,110,2,New York Yankees,147,3,Carl Pavano,Radhames Liz,Mariano Rivera,9,Yankee Stadium I,night,1,3,False,,
236053,2008,2008-09-19,2008-09-19T23:05:00Z,R,Regular Season,N,1,Final,F,Detroit Tigers,116,5,Cleveland Indians,114,6,Rafael Perez,Freddy Dolsi,,9,Progressive Field,night,1,3,False,,
236054,2008,2008-09-19,2008-09-19T23:05:00Z,R,Regular Season,N,1,Final,F,Houston Astros,117,5,Pittsburgh Pirates,134,1,Randy Wolf,Ian Snell,,9,PNC Park,night,1,3,False,,
236051,2008,2008-09-19,2008-09-19T23:07:00Z,R,Regular Season,N,1,Final,F,Boston Red Sox,111,4,Toronto Blue Jays,141,3,Manny Delcarmen,Brian Tallet,Jonathan Papelbon,9,Rogers Centre,night,1,3,False,,
236055,2008,2008-09-19,2008-09-19T23:10:00Z,R,Regular Season,N,1,Final,F,Milwaukee Brewers,158,2,Cincinnati Reds,113,11,Ramon Ramirez,Jeff Suppan,,9,Great American Ball Park,night,1,3,False,,
236056,2008,2008-09-19,2008-09-19T23:10:00Z,R,Regular Season,N,1,Final,F,Minnesota Twins,142,1,Tampa Bay Rays,139,11,Edwin Jackson,Nick Blackburn,,9,Tropicana Field,night,2,4,False,,
236058,2008,2008-09-19,2008-09-19T23:10:00Z,R,Regular Season,N,1,Final,F,Philadelphia Phillies,143,8,Florida Marlins,146,14,Josh Johnson,Brett Myers,,9,Dolphin Stadium,night,1,3,False,,
236057,2008,2008-09-19,2008-09-19T23:30:00Z,R,Regular Season,N,1,Final,F,New York Mets,121,9,Atlanta Braves,144,5,Pedro Feliciano,Julian Tavarez,,9,Turner Field,night,1,3,False,,
236059,2008,2008-09-19,2008-09-19T23:35:00Z,R,Regular Season,N,1,Final,F,San Diego Padres,135,11,Washington Nationals,120,6,Justin Hampson,Levale Speigner,,14,Nationals Park,night,1,3,False,,
236048,2008,2008-09-19,2008-09-20T00:05:00Z,R,Regular Season,N,1,Final,F,Los Angeles Angels,108,15,Texas Rangers,140,13,Darren Oliver,Jamey Wright,Scot Shields,9,Rangers Ballpark in Arlington,night,1,3,False,,
236049,2008,2008-09-19,2008-09-20T00:05:00Z,R,Regular Season,N,1,Final,F,Arizona Diamondbacks,109,2,Colorado Rockies,115,3,Jorge De La Rosa,Max Scherzer,Brian Fuentes,9,Coors Field,night,1,3,False,,
236052,2008,2008-09-19,2008-09-20T00:10:00Z,R,Regular Season,N,1,Final,F,Chicago White Sox,145,9,Kansas City Royals,118,4,Mark Buehrle,Brian Bannister,,9,Kauffman Stadium,night,1,3,False,,
236060,2008,2008-09-19,2008-09-20T02:05:00Z,R,Regular Season,N,1,Final,F,Seattle Mariners,136,0,Oakland Athletics,133,2,Dana Eveland,Félix Hernández,Brad Ziegler,9,McAfee Coliseum,night,1,3,False,,
236061,2008,2008-09-19,2008-09-20T02:40:00Z,R,Regular Season,N,1,Final,F,San Francisco Giants,137,7,Los Angeles Dodgers,119,1,Barry Zito,Greg Maddux,,9,Dodger Stadium,night,1,3,False,,
236065,2008,2008-09-20,2008-09-20T17:05:00Z,R,Regular Season,N,1,Final,F,Baltimore Orioles,110,0,New York Yankees,147,1,Mariano Rivera,Jim Miller,,9,Yankee Stadium I,day,2,3,False,,
236066,2008,2008-09-20,2008-09-20T17:07:00Z,R,Regular Season,N,1,Final,F,Boston Red Sox,111,3,Toronto Blue Jays,141,6,Roy Halladay,Jon Lester,B.J. Ryan,9,Rogers Centre,day,2,3,False,,
236070,2008,2008-09-20,2008-09-20T19:55:00Z,R,Regular Season,N,1,Final,F,Milwaukee Brewers,158,3,Cincinnati Reds,113,4,Johnny Cueto,CC Sabathia,Francisco Cordero,9,Great American Ball Park,day,2,3,False,,
236071,2008,2008-09-20,2008-09-20T19:55:00Z,R,Regular Season,N,1,Final,F,Minnesota Twins,142,2,Tampa Bay Rays,139,7,Scott Kazmir,Kevin Slowey,,9,Tropicana Field,day,3,4,False,,
236077,2008,2008-09-20,2008-09-20T19:55:00Z,R,Regular Season,N,1,Final,F,St. Louis Cardinals,138,4,Chicago Cubs,112,5,Ted Lilly,Joel Pineiro,Kerry Wood,9,Wrigley Field,day,2,3,False,,
236075,2008,2008-09-20,2008-09-20T20:05:00Z,R,Regular Season,N,1,Final,F,Seattle Mariners,136,7,Oakland Athletics,133,8,Huston Street,Justin Thomas,Brad Ziegler,9,McAfee Coliseum,day,2,3,False,,
236072,2008,2008-09-20,2008-09-20T23:00:00Z,R,Regular Season,N,1,Final,F,New York Mets,121,2,Atlanta Braves,144,4,Jorge Campillo,Pedro Martínez,Michael Gonzalez,9,Turner Field,night,2,3,False,,
236068,2008,2008-09-20,2008-09-20T23:05:00Z,R,Regular Season,N,1,Final,F,Detroit Tigers,116,3,Cleveland Indians,114,6,Jeremy Sowers,Justin Verlander,Jensen Lewis,9,Progressive Field,night,2,3,False,,
236069,2008,2008-09-20,2008-09-20T23:05:00Z,R,Regular Season,N,1,Final,F,Houston Astros,117,4,Pittsburgh Pirates,134,6,Jason Davis,Brian Moehler,Matt Capps,9,PNC Park,night,2,3,False,,
236067,2008,2008-09-20,2008-09-20T23:10:00Z,R,Regular Season,N,1,Final,F,Chicago White Sox,145,2,Kansas City Royals,118,5,Kyle Davies,Gavin Floyd,Joakim Soria,9,Kauffman Stadium,night,2,3,False,,
236073,2008,2008-09-20,2008-09-20T23:10:00Z,R,Regular Season,N,1,Final,F,Philadelphia Phillies,143,3,Florida Marlins,146,2,Joe Blanton,Aníbal Sánchez,Brad Lidge,9,Dolphin Stadium,night,2,3,False,,
236074,2008,2008-09-20,2008-09-20T23:10:00Z,R,Regular Season,N,1,Final,F,San Diego Padres,135,6,Washington Nationals,120,1,Chris Young,John Lannan,,9,Nationals Park,night,2,3,False,,
236063,2008,2008-09-20,2008-09-21T00:05:00Z,R,Regular Season,N,1,Final,F,Los Angeles Angels,108,7,Texas Rangers,140,3,Justin Speier,Vicente Padilla,Francisco Rodríguez,9,Rangers Ballpark in Arlington,night,2,3,False,,
236064,2008,2008-09-20,2008-09-21T00:05:00Z,R,Regular Season,N,1,Final,F,Arizona Diamondbacks,109,5,Colorado Rockies,115,3,Ramon Pena,Brian Fuentes,Chad Qualls,9,Coors Field,night,2,3,False,,
236076,2008,2008-09-20,2008-09-21T02:10:00Z,R,Regular Season,N,1,Final,F,San Francisco Giants,137,7,Los Angeles Dodgers,119,10,Takashi Saito,Tyler Walker,,9,Dodger Stadium,night,2,3,False,,
236083,2008,2008-09-21,2008-09-21T17:05:00Z,R,Regular Season,N,1,Final,F,Detroit Tigers,116,5,Cleveland Indians,114,10,Scott Lewis,Dontrelle Willis,,9,Progressive Field,day,3,3,False,,
236081,2008,2008-09-21,2008-09-21T17:07:00Z,R,Regular Season,N,1,Final,F,Boston Red Sox,111,3,Toronto Blue Jays,141,0,Daisuke Matsuzaka,Scott Richmond,Jonathan Papelbon,9,Rogers Centre,day,3,3,False,,
236085,2008,2008-09-21,2008-09-21T17:15:00Z,R,Regular Season,N,1,Final,F,Milwaukee Brewers,158,8,Cincinnati Reds,113,1,Todd Coffey,Bronson Arroyo,,9,Great American Ball Park,day,3,3,False,,
236087,2008,2008-09-21,2008-09-21T17:30:00Z,R,Regular Season,N,1,Final,F,New York Mets,121,6,Atlanta Braves,144,7,Jorge Julio,Scott Schoeneweis,Michael Gonzalez,9,Turner Field,day,3,3,False,,
236084,2008,2008-09-21,2008-09-21T17:35:00Z,R,Regular Season,N,1,Final,F,Houston Astros,117,6,Pittsburgh Pirates,134,2,Roy Oswalt,Ross Ohlendorf,,9,PNC Park,day,3,3,False,,
236089,2008,2008-09-21,2008-09-21T17:35:00Z,R,Regular Season,N,1,Final,F,San Diego Padres,135,6,Washington Nationals,120,2,Cha Seung Baek,Odalis Perez,,9,Nationals Park,day,3,3,False,,
236086,2008,2008-09-21,2008-09-21T17:40:00Z,R,Regular Season,N,1,Final,F,Minnesota Twins,142,4,Tampa Bay Rays,139,1,Francisco Liriano,Andy Sonnanstine,Joe Nathan,9,Tropicana Field,day,4,4,False,,
236082,2008,2008-09-21,2008-09-21T18:10:00Z,R,Regular Season,N,1,Final,F,Chicago White Sox,145,3,Kansas City Royals,118,0,John Danks,Brandon Duckworth,Bobby Jenks,9,Kauffman Stadium,day,3,3,False,,
236092,2008,2008-09-21,2008-09-21T18:20:00Z,R,Regular Season,N,1,Final,F,St. Louis Cardinals,138,1,Chicago Cubs,112,5,Ryan Dempster,Braden Looper,,9,Wrigley Field,day,3,3,False,,
236078,2008,2008-09-21,2008-09-21T19:05:00Z,R,Regular Season,N,1,Final,F,Los Angeles Angels,108,7,Texas Rangers,140,3,John Lackey,Scott Feldman,,9,Rangers Ballpark in Arlington,day,3,3,False,,
236079,2008,2008-09-21,2008-09-21T19:05:00Z,R,Regular Season,N,1,Final,F,Arizona Diamondbacks,109,13,Colorado Rockies,115,4,Dan Haren,Greg Reynolds,,9,Coors Field,day,3,3,False,,
236090,2008,2008-09-21,2008-09-21T20:05:00Z,R,Regular Season,N,1,Final,F,Seattle Mariners,136,3,Oakland Athletics,133,5,Brad Ziegler,Miguel Batista,Joey Devine,9,McAfee Coliseum,day,3,3,False,,
236088,2008,2008-09-21,2008-09-21T20:10:00Z,R,Regular Season,N,1,Final,F,Philadelphia Phillies,143,5,Florida Marlins,146,2,Jamie Moyer,Chris Volstad,Brad Lidge,9,Dolphin Stadium,day,3,3,False,,
236091,2008,2008-09-21,2008-09-21T20:10:00Z,R,Regular Season,N,1,Final,F,San Francisco Giants,137,1,Los Angeles Dodgers,119,0,Sergio Romo,Takashi Saito,Brian Wilson,11,Dodger Stadium,day,3,3,False,,
236080,2008,2008-09-21,2008-09-22T00:05:00Z,R,Regular Season,N,1,Final,F,Baltimore Orioles,110,3,New York Yankees,147,7,Andy Pettitte,Chris Waters,,9,Yankee Stadium I,night,3,3,False,,
234376,2008,2008-09-22,2008-09-22T17:10:00Z,R,Regular Season,N,1,Final,F,Florida Marlins,146,5,Cincinnati Reds,113,7,Aaron Harang,Andrew Miller,Francisco Cordero,9,Great American Ball Park,day,1,1,False,,
236095,2008,2008-09-22,2008-09-22T23:05:00Z,R,Regular Season,N,1,Final,F,Atlanta Braves,144,2,Philadelphia Phillies,143,6,Scott Eyre,Jeff Bennett,,9,Citizens Bank Park,night,1,3,False,,
236097,2008,2008-09-22,2008-09-22T23:05:00Z,R,Regular Season,N,1,Final,F,Cleveland Indians,114,4,Boston Red Sox,111,3,Zach Jackson,Josh Beckett,Jensen Lewis,9,Fenway Park,night,1,4,False,,
236098,2008,2008-09-22,2008-09-22T23:05:00Z,R,Regular Season,N,1,Final,F,Kansas City Royals,118,6,Detroit Tigers,116,2,Gil Meche,Zach Miner,,9,Comerica Park,night,1,3,False,,
236100,2008,2008-09-22,2008-09-22T23:05:00Z,R,Regular Season,N,1,Final,F,Tampa Bay Rays,139,4,Baltimore Orioles,110,2,Grant Balfour,Rocky Cherry,Dan Wheeler,9,Oriole Park at Camden Yards,night,1,4,False,,
236096,2008,2008-09-22,2008-09-22T23:10:00Z,R,Regular Season,N,1,Final,F,Chicago Cubs,112,9,New York Mets,121,5,Jason Marquis,Jonathon Niese,Kerry Wood,9,Shea Stadium,night,1,4,False,,
236099,2008,2008-09-22,2008-09-23T00:05:00Z,R,Regular Season,N,1,Final,F,Oakland Athletics,133,4,Texas Rangers,140,3,Alan Embree,Luis Mendoza,Santiago Casilla,11,Rangers Ballpark in Arlington,night,1,3,False,,
236094,2008,2008-09-22,2008-09-23T00:15:00Z,R,Regular Season,N,1,Final,F,Arizona Diamondbacks,109,4,St. Louis Cardinals,138,2,Brandon Webb,Todd Wellemeyer,Chad Qualls,9,Busch Stadium,night,1,4,False,,
236093,2008,2008-09-22,2008-09-23T02:10:00Z,R,Regular Season,N,1,Final,F,Los Angeles Angels,108,2,Seattle Mariners,136,1,Ervin Santana,Ryan Rowland-Smith,Francisco Rodríguez,9,Safeco Field,night,1,4,False,,
236115,2008,2008-09-23,2008-09-23T21:05:00Z,R,Regular Season,Y,1,Final,F,Tampa Bay Rays,139,5,Baltimore Orioles,110,2,James Shields,Garrett Olson,Dan Wheeler,9,Oriole Park at Camden Yards,night,2,4,False,,
233803,2008,2008-09-23,2008-09-23T21:10:00Z,R,Regular Season,Y,2,Final,F,Tampa Bay Rays,139,7,Baltimore Orioles,110,5,Jeff Niemann,Jamie Walker,J.P. Howell,9,Oriole Park at Camden Yards,night,3,4,False,,
236103,2008,2008-09-23,2008-09-23T23:05:00Z,R,Regular Season,N,1,Final,F,Atlanta Braves,144,3,Philadelphia Phillies,143,2,Mike Hampton,Cole Hamels,Michael Gonzalez,9,Citizens Bank Park,night,2,3,False,,
236107,2008,2008-09-23,2008-09-23T23:05:00Z,R,Regular Season,N,1,Final,F,Cleveland Indians,114,4,Boston Red Sox,111,5,Tim Wakefield,Cliff Lee,Jonathan Papelbon,9,Fenway Park,night,2,4,False,,
236110,2008,2008-09-23,2008-09-23T23:05:00Z,R,Regular Season,N,1,Final,F,Kansas City Royals,118,5,Detroit Tigers,116,0,Zack Greinke,Freddy Garcia,,9,Comerica Park,night,2,3,False,,
236111,2008,2008-09-23,2008-09-23T23:07:00Z,R,Regular Season,N,1,Final,F,New York Yankees,147,3,Toronto Blue Jays,141,1,Mike Mussina,Jesse Litsch,Mariano Rivera,9,Rogers Centre,night,1,3,False,,
236105,2008,2008-09-23,2008-09-23T23:10:00Z,R,Regular Season,N,1,Final,F,Chicago Cubs,112,2,New York Mets,121,6,Johan Santana,Chad Gaudin,Luis Ayala,9,Shea Stadium,night,2,4,False,,
236109,2008,2008-09-23,2008-09-23T23:10:00Z,R,Regular Season,N,1,Final,F,Florida Marlins,146,4,Washington Nationals,120,9,Shairon Martis,Scott Olsen,,9,Nationals Park,night,1,3,False,,
236106,2008,2008-09-23,2008-09-24T00:05:00Z,R,Regular Season,N,1,Final,F,Cincinnati Reds,113,2,Houston Astros,117,1,Edinson Volquez,Wandy Rodriguez,Francisco Cordero,9,Minute Maid Park,night,1,3,False,,
236112,2008,2008-09-23,2008-09-24T00:05:00Z,R,Regular Season,N,1,Final,F,Oakland Athletics,133,4,Texas Rangers,140,6,Jamey Wright,Alan Embree,Frank Francisco,9,Rangers Ballpark in Arlington,night,2,3,False,,
236113,2008,2008-09-23,2008-09-24T00:05:00Z,R,Regular Season,N,1,Final,F,Pittsburgh Pirates,134,5,Milwaukee Brewers,158,7,Salomon Torres,T.J. Beam,,9,Miller Park,night,1,3,False,,
236104,2008,2008-09-23,2008-09-24T00:10:00Z,R,Regular Season,N,1,Final,F,Chicago White Sox,145,3,Minnesota Twins,142,9,Scott Baker,Javier Vazquez,,9,Hubert H. Humphrey Metrodome,night,1,3,False,,
236102,2008,2008-09-23,2008-09-24T00:15:00Z,R,Regular Season,N,1,Final,F,Arizona Diamondbacks,109,4,St. Louis Cardinals,138,7,Kyle Lohse,Randy Johnson,Ryan Franklin,9,Busch Stadium,night,2,4,False,,
236101,2008,2008-09-23,2008-09-24T02:10:00Z,R,Regular Season,N,1,Final,F,Los Angeles Angels,108,6,Seattle Mariners,136,9,Roy Corcoran,Kevin Jepsen,J.J. Putz,9,Safeco Field,night,2,4,False,,
236114,2008,2008-09-23,2008-09-24T02:10:00Z,R,Regular Season,N,1,Final,F,San Diego Padres,135,1,Los Angeles Dodgers,119,10,Chad Billingsley,Wade LeBlanc,,9,Dodger Stadium,night,1,3,False,,
236108,2008,2008-09-23,2008-09-24T02:15:00Z,R,Regular Season,N,1,Final,F,Colorado Rockies,115,9,San Francisco Giants,137,4,Ubaldo Jiménez,Tim Lincecum,,9,AT&T Park,night,1,3,False,,
236127,2008,2008-09-24,2008-09-24T18:05:00Z,R,Regular Season,N,1,Final,F,Oakland Athletics,133,4,Texas Rangers,140,14,Matt Harrison,Dana Eveland,,9,Rangers Ballpark in Arlington,day,3,3,False,,
236118,2008,2008-09-24,2008-09-24T23:05:00Z,R,Regular Season,N,1,Final,F,Atlanta Braves,144,10,Philadelphia Phillies,143,4,Buddy Carlyle,Brett Myers,,9,Citizens Bank Park,night,3,3,False,,
236122,2008,2008-09-24,2008-09-24T23:05:00Z,R,Regular Season,N,1,Final,F,Cleveland Indians,114,4,Boston Red Sox,111,5,David Aardsma,Rafael Perez,Manny Delcarmen,9,Fenway Park,night,3,4,False,,
236125,2008,2008-09-24,2008-09-24T23:05:00Z,R,Regular Season,N,1,Final,F,Kansas City Royals,118,10,Detroit Tigers,116,4,Brian Bannister,Nate Robertson,,9,Comerica Park,night,3,3,False,,
236130,2008,2008-09-24,2008-09-24T23:05:00Z,R,Regular Season,N,1,Final,F,Tampa Bay Rays,139,11,Baltimore Orioles,110,6,Edwin Jackson,Brian Burres,Trever Miller,9,Oriole Park at Camden Yards,night,4,4,False,,
236126,2008,2008-09-24,2008-09-24T23:07:00Z,R,Regular Season,N,1,Final,F,New York Yankees,147,6,Toronto Blue Jays,141,2,Jose Veras,Jesse Carlson,,10,Rogers Centre,night,2,3,False,,
236120,2008,2008-09-24,2008-09-24T23:10:00Z,R,Regular Season,N,1,Final,F,Chicago Cubs,112,9,New York Mets,121,6,Bob Howry,Luis Ayala,Kerry Wood,10,Shea Stadium,night,3,4,False,,
236124,2008,2008-09-24,2008-09-24T23:10:00Z,R,Regular Season,N,1,Final,F,Florida Marlins,146,9,Washington Nationals,120,4,Josh Johnson,Tim Redding,,9,Nationals Park,night,2,3,False,,
236121,2008,2008-09-24,2008-09-25T00:05:00Z,R,Regular Season,N,1,Final,F,Cincinnati Reds,113,0,Houston Astros,117,5,Randy Wolf,Ramon Ramirez,,9,Minute Maid Park,night,2,3,False,,
236128,2008,2008-09-24,2008-09-25T00:05:00Z,R,Regular Season,N,1,Final,F,Pittsburgh Pirates,134,2,Milwaukee Brewers,158,4,CC Sabathia,Paul Maholm,Salomon Torres,9,Miller Park,night,2,3,False,,
236119,2008,2008-09-24,2008-09-25T00:10:00Z,R,Regular Season,N,1,Final,F,Chicago White Sox,145,2,Minnesota Twins,142,3,Nick Blackburn,Mark Buehrle,Joe Nathan,9,Hubert H. Humphrey Metrodome,night,2,3,False,,
236117,2008,2008-09-24,2008-09-25T00:15:00Z,R,Regular Season,N,1,Final,F,Arizona Diamondbacks,109,2,St. Louis Cardinals,138,4,Adam Wainwright,Max Scherzer,Ryan Franklin,9,Busch Stadium,night,3,4,False,,
236116,2008,2008-09-24,2008-09-25T02:10:00Z,R,Regular Season,N,1,Final,F,Los Angeles Angels,108,6,Seattle Mariners,136,5,Darren Oliver,Mark Lowe,Francisco Rodríguez,9,Safeco Field,night,3,4,False,,
236129,2008,2008-09-24,2008-09-25T02:10:00Z,R,Regular Season,N,1,Final,F,San Diego Padres,135,4,Los Angeles Dodgers,119,12,Clayton Kershaw,Mike Ekstrom,,9,Dodger Stadium,night,2,3,False,,
236123,2008,2008-09-24,2008-09-25T02:15:00Z,R,Regular Season,N,1,Final,F,Colorado Rockies,115,15,San Francisco Giants,137,6,Livan Hernandez,Jonathan Sánchez,,9,AT&T Park,night,2,3,False,,
236142,2008,2008-09-25,2008-09-25T17:05:00Z,R,Regular Season,N,1,Final,F,Tampa Bay Rays,139,5,Detroit Tigers,116,7,Armando Galarraga,Scott Kazmir,Fernando Rodney,9,Comerica Park,day,1,4,False,,
236132,2008,2008-09-25,2008-09-25T18:15:00Z,R,Regular Season,N,1,Final,F,Arizona Diamondbacks,109,3,St. Louis Cardinals,138,12,Joel Pineiro,Leo Rosales,,9,Busch Stadium,day,4,4,False,,
236136,2008,2008-09-25,2008-09-25T23:05:00Z,R,Regular Season,N,1,Final,F,Cleveland Indians,114,1,Boston Red Sox,111,6,Jon Lester,Jeremy Sowers,,9,Fenway Park,night,4,4,False,,
236139,2008,2008-09-25,2008-09-25T23:07:00Z,R,Regular Season,N,1,Final,F,New York Yankees,147,2,Toronto Blue Jays,141,8,Roy Halladay,Carl Pavano,,9,Rogers Centre,night,3,3,False,,
236134,2008,2008-09-25,2008-09-25T23:10:00Z,R,Regular Season,N,1,Final,F,Chicago Cubs,112,6,New York Mets,121,7,Joe Smith,Kevin Hart,,9,Shea Stadium,night,4,4,False,,
236138,2008,2008-09-25,2008-09-25T23:10:00Z,R,Regular Season,N,1,Cancelled,C,Florida Marlins,146,,Washington Nationals,120,,,,,,Nationals Park,night,3,3,,,
236135,2008,2008-09-25,2008-09-26T00:05:00Z,R,Regular Season,N,1,Final,F,Cincinnati Reds,113,6,Houston Astros,117,8,Roy Oswalt,Johnny Cueto,Jose Valverde,9,Minute Maid Park,night,3,3,False,,
236140,2008,2008-09-25,2008-09-26T00:05:00Z,R,Regular Season,N,1,Final,F,Pittsburgh Pirates,134,1,Milwaukee Brewers,158,5,Mitch Stetter,Jesse Chavez,,10,Miller Park,night,3,3,False,,
236133,2008,2008-09-25,2008-09-26T00:10:00Z,R,Regular Season,N,1,Final,F,Chicago White Sox,145,6,Minnesota Twins,142,7,Joe Nathan,Bobby Jenks,,10,Hubert H. Humphrey Metrodome,night,3,3,False,,
236131,2008,2008-09-25,2008-09-26T02:10:00Z,R,Regular Season,N,1,Final,F,Los Angeles Angels,108,6,Seattle Mariners,136,4,Jose Arredondo,J.J. Putz,Scot Shields,9,Safeco Field,night,4,4,False,,
236141,2008,2008-09-25,2008-09-26T02:10:00Z,R,Regular Season,N,1,Final,F,San Diego Padres,135,7,Los Angeles Dodgers,119,5,Jake Peavy,Eric Stults,Trevor Hoffman,9,Dodger Stadium,night,3,3,False,,
236137,2008,2008-09-25,2008-09-26T02:15:00Z,R,Regular Season,N,1,Final,F,Colorado Rockies,115,3,San Francisco Giants,137,1,Jorge De La Rosa,Barry Zito,Brian Fuentes,9,AT&T Park,night,3,3,False,,
236151,2008,2008-09-26,2008-09-26T23:05:00Z,R,Regular Season,N,1,Final,F,New York Yankees,147,19,Boston Red Sox,111,8,David Robertson,David Pauley,,9,Fenway Park,night,1,3,False,,
236154,2008,2008-09-26,2008-09-26T23:05:00Z,R,Regular Season,N,1,Final,F,Tampa Bay Rays,139,4,Detroit Tigers,116,6,Justin Verlander,Andy Sonnanstine,Fernando Rodney,9,Comerica Park,night,2,4,False,,
236156,2008,2008-09-26,2008-09-26T23:05:00Z,R,Regular Season,N,1,Completed Early,F,Toronto Blue Jays,141,3,Baltimore Orioles,110,0,Scott Richmond,Chris Waters,,7,Oriole Park at Camden Yards,night,1,3,False,,
236157,2008,2008-09-26,2008-09-26T23:05:00Z,R,Regular Season,N,1,Final,F,Washington Nationals,120,4,Philadelphia Phillies,143,8,Joe Blanton,Collin Balester,,9,Citizens Bank Park,night,1,3,False,,
236148,2008,2008-09-26,2008-09-26T23:10:00Z,R,Regular Season,N,1,Final,F,Florida Marlins,146,6,New York Mets,121,1,Chris Volstad,Mike Pelfrey,,9,Shea Stadium,night,1,3,False,,
236143,2008,2008-09-26,2008-09-27T00:05:00Z,R,Regular Season,N,1,Final,F,Atlanta Braves,144,4,Houston Astros,117,5,Jose Valverde,Julian Tavarez,,9,Minute Maid Park,night,1,3,False,,
236144,2008,2008-09-26,2008-09-27T00:05:00Z,R,Regular Season,N,1,Final,F,Chicago Cubs,112,1,Milwaukee Brewers,158,5,Seth McClung,Sean Marshall,,9,Miller Park,night,1,3,False,,
236149,2008,2008-09-26,2008-09-27T00:10:00Z,R,Regular Season,N,1,Final,F,Kansas City Royals,118,8,Minnesota Twins,142,1,Kyle Davies,Francisco Liriano,,9,Hubert H. Humphrey Metrodome,night,1,3,False,,
236146,2008,2008-09-26,2008-09-27T00:11:00Z,R,Regular Season,N,1,Final,F,Cleveland Indians,114,11,Chicago White Sox,145,8,Scott Lewis,John Danks,Jensen Lewis,9,U.S. Cellular Field,night,1,3,False,,
236145,2008,2008-09-26,2008-09-27T00:15:00Z,R,Regular Season,N,1,Final,F,Cincinnati Reds,113,6,St. Louis Cardinals,138,7,Ryan Franklin,Bill Bray,,9,Busch Stadium,night,1,3,False,,
236147,2008,2008-09-26,2008-09-27T01:40:00Z,R,Regular Season,N,1,Final,F,Colorado Rockies,115,4,Arizona Diamondbacks,109,6,Juan Cruz,Jason Grilli,Chad Qualls,9,Chase Field,night,1,3,False,,
236153,2008,2008-09-26,2008-09-27T02:05:00Z,R,Regular Season,N,1,Final,F,Pittsburgh Pirates,134,6,San Diego Padres,135,3,Ian Snell,Mike Ekstrom,Matt Capps,9,PETCO Park,night,1,3,False,,
236155,2008,2008-09-26,2008-09-27T02:05:00Z,R,Regular Season,N,1,Final,F,Texas Rangers,140,12,Los Angeles Angels,108,1,Vicente Padilla,John Lackey,,9,Angel Stadium of Anaheim,night,1,3,False,,
236152,2008,2008-09-26,2008-09-27T02:10:00Z,R,Regular Season,N,1,Final,F,Oakland Athletics,133,8,Seattle Mariners,136,10,Brandon Morrow,Sean Gallagher,Roy Corcoran,9,Safeco Field,night,1,3,False,,
236150,2008,2008-09-26,2008-09-27T02:35:00Z,R,Regular Season,N,1,Final,F,Los Angeles Dodgers,119,5,San Francisco Giants,137,6,Tyler Walker,Jason Johnson,,10,AT&T Park,night,1,3,False,,
236163,2008,2008-09-27,2008-09-27T17:10:00Z,R,Regular Season,N,1,Final,F,Florida Marlins,146,0,New York Mets,121,2,Johan Santana,Ricky Nolasco,,9,Shea Stadium,day,2,3,False,,
236159,2008,2008-09-27,2008-09-27T19:55:00Z,R,Regular Season,N,1,Final,F,Chicago Cubs,112,7,Milwaukee Brewers,158,3,Ted Lilly,Ben Sheets,,9,Miller Park,day,2,3,False,,
236164,2008,2008-09-27,2008-09-27T19:55:00Z,R,Regular Season,N,1,Final,F,Kansas City Royals,118,4,Minnesota Twins,142,2,Gil Meche,Matt Guerrier,Joakim Soria,9,Hubert H. Humphrey Metrodome,day,2,3,False,,
236172,2008,2008-09-27,2008-09-27T19:55:00Z,R,Regular Season,N,1,Final,F,Washington Nationals,120,3,Philadelphia Phillies,143,4,Jamie Moyer,John Lannan,Brad Lidge,9,Citizens Bank Park,day,2,3,False,,
236167,2008,2008-09-27,2008-09-27T20:10:00Z,R,Regular Season,N,1,Final,F,Oakland Athletics,133,3,Seattle Mariners,136,7,Ryan Rowland-Smith,Greg Smith,Sean Green,9,Safeco Field,day,2,3,False,,
236158,2008,2008-09-27,2008-09-27T23:05:00Z,R,Regular Season,N,1,Final,F,Atlanta Braves,144,11,Houston Astros,117,5,Vladimir Nunez,Brandon Backe,,9,Minute Maid Park,night,2,3,False,,
236161,2008,2008-09-27,2008-09-27T23:05:00Z,R,Regular Season,N,1,Final,F,Cleveland Indians,114,12,Chicago White Sox,145,6,Zach Jackson,Javier Vazquez,,9,U.S. Cellular Field,night,2,3,False,,
236169,2008,2008-09-27,2008-09-27T23:05:00Z,R,Regular Season,N,1,Final,F,Tampa Bay Rays,139,3,Detroit Tigers,116,4,Aquilino López,Jeff Niemann,Fernando Rodney,9,Comerica Park,night,3,4,False,,
236171,2008,2008-09-27,2008-09-27T23:05:00Z,R,Regular Season,N,1,Completed Early,F,Toronto Blue Jays,141,1,Baltimore Orioles,110,2,Brian Bass,John Parrish,,7,Oriole Park at Camden Yards,night,2,3,False,,
236160,2008,2008-09-27,2008-09-27T23:15:00Z,R,Regular Season,N,1,Final,F,Cincinnati Reds,113,5,St. Louis Cardinals,138,8,Todd Wellemeyer,Aaron Harang,,9,Busch Stadium,night,2,3,False,,
236162,2008,2008-09-27,2008-09-28T00:10:00Z,R,Regular Season,N,1,Final,F,Colorado Rockies,115,4,Arizona Diamondbacks,109,6,Brandon Lyon,Manny Corpas,Chad Qualls,9,Chase Field,night,2,3,False,,
236165,2008,2008-09-27,2008-09-28T01:05:00Z,R,Regular Season,N,1,Final,F,Los Angeles Dodgers,119,2,San Francisco Giants,137,1,Greg Maddux,Matt Cain,Takashi Saito,9,AT&T Park,night,2,3,False,,
236170,2008,2008-09-27,2008-09-28T01:05:00Z,R,Regular Season,N,1,Final,F,Texas Rangers,140,8,Los Angeles Angels,108,4,Scott Feldman,Ervin Santana,,9,Angel Stadium of Anaheim,night,2,3,False,,
236168,2008,2008-09-27,2008-09-28T02:05:00Z,R,Regular Season,N,1,Final,F,Pittsburgh Pirates,134,2,San Diego Padres,135,3,Chris Young,Jimmy Barthmaier,Trevor Hoffman,9,PETCO Park,night,2,3,False,,
236184,2008,2008-09-28,2008-09-28T17:05:00Z,R,Regular Season,N,1,Final,F,Tampa Bay Rays,139,8,Detroit Tigers,116,7,Edwin Jackson,Chris Lambert,Jason Hammel,11,Comerica Park,day,4,4,False,,
236178,2008,2008-09-28,2008-09-28T17:10:00Z,R,Regular Season,N,1,Final,F,Florida Marlins,146,4,New York Mets,121,2,Joe Nelson,Scott Schoeneweis,Matt Lindstrom,9,Shea Stadium,day,3,3,False,,
236181,2008,2008-09-28,2008-09-28T17:35:00Z,R,Regular Season,S,1,Final,F,New York Yankees,147,6,Boston Red Sox,111,2,Mike Mussina,Daisuke Matsuzaka,Mariano Rivera,9,Fenway Park,day,2,3,False,,
236186,2008,2008-09-28,2008-09-28T17:35:00Z,R,Regular Season,N,1,Final,F,Toronto Blue Jays,141,10,Baltimore Orioles,110,1,Jesse Litsch,Jeremy Guthrie,,9,Oriole Park at Camden Yards,day,3,3,False,,
236187,2008,2008-09-28,2008-09-28T17:35:00Z,R,Regular Season,N,1,Final,F,Washington Nationals,120,3,Philadelphia Phillies,143,8,Les Walrond,Odalis Perez,,9,Citizens Bank Park,day,3,3,False,,
236173,2008,2008-09-28,2008-09-28T18:05:00Z,R,Regular Season,N,1,Final,F,Atlanta Braves,144,1,Houston Astros,117,3,Wandy Rodriguez,Mike Hampton,Jose Valverde,9,Minute Maid Park,day,3,3,False,,
236174,2008,2008-09-28,2008-09-28T18:05:00Z,R,Regular Season,N,1,Final,F,Chicago Cubs,112,1,Milwaukee Brewers,158,3,CC Sabathia,Bob Howry,,9,Miller Park,day,3,3,False,,
236176,2008,2008-09-28,2008-09-28T18:05:00Z,R,Regular Season,N,1,Final,F,Cleveland Indians,114,1,Chicago White Sox,145,5,Mark Buehrle,Bryan Bullington,,9,U.S. Cellular Field,day,3,3,False,,
236179,2008,2008-09-28,2008-09-28T18:10:00Z,R,Regular Season,N,1,Final,F,Kansas City Royals,118,0,Minnesota Twins,142,6,Scott Baker,Brandon Duckworth,,9,Hubert H. Humphrey Metrodome,day,3,3,False,,
236175,2008,2008-09-28,2008-09-28T18:15:00Z,R,Regular Season,N,1,Final,F,Cincinnati Reds,113,4,St. Louis Cardinals,138,11,Brad Thompson,Adam Pettyjohn,,9,Busch Stadium,day,3,3,False,,
236185,2008,2008-09-28,2008-09-28T19:35:00Z,R,Regular Season,N,1,Final,F,Texas Rangers,140,0,Los Angeles Angels,108,7,Joe Saunders,Kevin Millwood,,9,Angel Stadium of Anaheim,day,3,3,False,,
236180,2008,2008-09-28,2008-09-28T20:05:00Z,R,Regular Season,N,1,Final,F,Los Angeles Dodgers,119,1,San Francisco Giants,137,3,Tim Lincecum,Chan Ho Park,Brian Wilson,9,AT&T Park,day,3,3,False,,
236183,2008,2008-09-28,2008-09-28T20:05:00Z,R,Regular Season,N,1,Final,F,Pittsburgh Pirates,134,6,San Diego Padres,135,1,Tyler Yates,Wade LeBlanc,,9,PETCO Park,day,3,3,False,,
236177,2008,2008-09-28,2008-09-28T20:10:00Z,R,Regular Season,N,1,Final,F,Colorado Rockies,115,1,Arizona Diamondbacks,109,2,Randy Johnson,Luis Vizcaino,,9,Chase Field,day,3,3,False,,
236182,2008,2008-09-28,2008-09-28T20:10:00Z,R,Regular Season,N,1,Final,F,Oakland Athletics,133,3,Seattle Mariners,136,4,R.A. Dickey,Josh Outman,J.J. Putz,9,Safeco Field,day,3,3,False,,
236166,2008,2008-09-28,2008-09-28T23:35:00Z,R,Regular Season,S,2,Final,F,New York Yankees,147,3,Boston Red Sox,111,4,Devern Hansack,Jose Veras,,10,Fenway Park,night,3,3,False,,
235955,2008,2008-09-29,2008-09-29T18:05:00Z,R,Regular Season,N,1,Final,F,Detroit Tigers,116,2,Chicago White Sox,145,8,Gavin Floyd,Armando Galarraga,,9,U.S. Cellular Field,day,1,1,False,,
235968,2008,2008-09-29,2008-09-29T18:05:00Z,R,Regular Season,N,1,Cancelled,C,Chicago Cubs,112,,Houston Astros,117,,,,,,Minute Maid Park,day,1,1,,,
246789,2008,2008-09-30,2008-09-30T23:30:00Z,R,Regular Season,N,1,Final,F,Minnesota Twins,142,0,Chicago White Sox,145,1,John Danks,Nick Blackburn,Bobby Jenks,9,U.S. Cellular Field,night,1,1,False,,
243810,2008,2008-10-01,2008-10-01T19:00:00Z,D,NL Division Series,N,1,Final,F,Milwaukee Brewers,158,1,Philadelphia Phillies,143,3,Cole Hamels,Yovani Gallardo,Brad Lidge,9,Citizens Bank Park,day,1,5,False,,
243811,2008,2008-10-01,2008-10-01T22:30:00Z,D,NL Division Series,N,1,Final,F,Los Angeles Dodgers,119,7,Chicago Cubs,112,2,Derek Lowe,Ryan Dempster,,9,Wrigley Field,night,1,5,False,,
243809,2008,2008-10-01,2008-10-02T02:00:00Z,D,AL Division Series,N,1,Final,F,Boston Red Sox,111,4,Los Angeles Angels,108,1,Jon Lester,John Lackey,Jonathan Papelbon,9,Angel Stadium of Anaheim,night,1,5,False,,
243812,2008,2008-10-02,2008-10-02T18:30:00Z,D,AL Division Series,N,1,Final,F,Chicago White Sox,145,4,Tampa Bay Rays,139,6,James Shields,Javier Vazquez,Dan Wheeler,9,Tropicana Field,day,1,5,False,,
243813,2008,2008-10-02,2008-10-02T22:00:00Z,D,NL Division Series,N,1,Final,F,Milwaukee Brewers,158,2,Philadelphia Phillies,143,5,Brett Myers,CC Sabathia,Brad Lidge,9,Citizens Bank Park,night,2,5,False,,
243814,2008,2008-10-02,2008-10-03T01:30:00Z,D,NL Division Series,N,1,Final,F,Los Angeles Dodgers,119,10,Chicago Cubs,112,3,Chad Billingsley,Carlos Zambrano,,9,Wrigley Field,night,2,5,False,,
243815,2008,2008-10-03,2008-10-03T22:07:00Z,D,AL Division Series,N,1,Final,F,Chicago White Sox,145,2,Tampa Bay Rays,139,6,Scott Kazmir,Mark Buehrle,,9,Tropicana Field,night,2,5,False,,
243816,2008,2008-10-03,2008-10-04T01:37:00Z,D,AL Division Series,N,1,Final,F,Boston Red Sox,111,7,Los Angeles Angels,108,5,Jonathan Papelbon,Francisco Rodríguez,,9,Angel Stadium of Anaheim,night,2,5,False,,
243817,2008,2008-10-04,2008-10-04T22:37:00Z,D,NL Division Series,N,1,Final,F,Philadelphia Phillies,143,1,Milwaukee Brewers,158,4,Dave Bush,Jamie Moyer,Salomon Torres,9,Miller Park,night,3,5,False,,
243818,2008,2008-10-04,2008-10-05T02:07:00Z,D,NL Division Series,N,1,Final,F,Chicago Cubs,112,1,Los Angeles Dodgers,119,3,Hiroki Kuroda,Rich Harden,Jonathan Broxton,9,Dodger Stadium,night,3,5,False,,
243821,2008,2008-10-05,2008-10-05T17:07:00Z,D,NL Division Series,N,1,Final,F,Philadelphia Phillies,143,6,Milwaukee Brewers,158,2,Joe Blanton,Jeff Suppan,,9,Miller Park,day,4,5,False,,
243819,2008,2008-10-05,2008-10-05T20:07:00Z,D,AL Division Series,N,1,Final,F,Tampa Bay Rays,139,3,Chicago White Sox,145,5,John Danks,Matt Garza,Bobby Jenks,9,U.S. Cellular Field,day,3,5,False,,
243820,2008,2008-10-05,2008-10-05T23:27:00Z,D,AL Division Series,N,1,Final,F,Los Angeles Angels,108,5,Boston Red Sox,111,4,Jered Weaver,Javier López,,12,Fenway Park,night,3,5,False,,
243823,2008,2008-10-06,2008-10-06T21:07:00Z,D,AL Division Series,N,1,Final,F,Tampa Bay Rays,139,6,Chicago White Sox,145,2,Andy Sonnanstine,Gavin Floyd,,9,U.S. Cellular Field,day,4,5,False,,
243824,2008,2008-10-06,2008-10-07T00:37:00Z,D,AL Division Series,N,1,Final,F,Los Angeles Angels,108,2,Boston Red Sox,111,3,Manny Delcarmen,Scot Shields,,9,Fenway Park,night,4,5,False,,
243829,2008,2008-10-09,2008-10-10T00:22:00Z,L,NL Championship Series,N,1,Final,F,Los Angeles Dodgers,119,2,Philadelphia Phillies,143,3,Cole Hamels,Derek Lowe,Brad Lidge,9,Citizens Bank Park,night,1,7,False,,
243831,2008,2008-10-10,2008-10-10T20:35:00Z,L,NL Championship Series,N,1,Final,F,Los Angeles Dodgers,119,5,Philadelphia Phillies,143,8,Brett Myers,Chad Billingsley,Brad Lidge,9,Citizens Bank Park,day,2,7,False,,
243830,2008,2008-10-10,2008-10-11T00:37:00Z,L,AL Championship Series,N,1,Final,F,Boston Red Sox,111,2,Tampa Bay Rays,139,0,Daisuke Matsuzaka,James Shields,Jonathan Papelbon,9,Tropicana Field,night,1,7,False,,
243832,2008,2008-10-11,2008-10-12T00:07:00Z,L,AL Championship Series,N,1,Final,F,Boston Red Sox,111,8,Tampa Bay Rays,139,9,David Price,Mike Timlin,,11,Tropicana Field,night,2,7,False,,
243833,2008,2008-10-12,2008-10-13T00:22:00Z,L,NL Championship Series,N,1,Final,F,Philadelphia Phillies,143,2,Los Angeles Dodgers,119,7,Hiroki Kuroda,Jamie Moyer,,9,Dodger Stadium,night,3,7,False,,
243834,2008,2008-10-13,2008-10-13T20:37:00Z,L,AL Championship Series,N,1,Final,F,Tampa Bay Rays,139,9,Boston Red Sox,111,1,Matt Garza,Jon Lester,,9,Fenway Park,day,3,7,False,,
243835,2008,2008-10-13,2008-10-14T00:22:00Z,L,NL Championship Series,N,1,Final,F,Philadelphia Phillies,143,7,Los Angeles Dodgers,119,5,Ryan Madson,Cory Wade,Brad Lidge,9,Dodger Stadium,night,4,7,False,,
243836,2008,2008-10-14,2008-10-15T00:07:00Z,L,AL Championship Series,N,1,Final,F,Tampa Bay Rays,139,13,Boston Red Sox,111,4,Andy Sonnanstine,Tim Wakefield,,9,Fenway Park,night,4,7,False,,
243837,2008,2008-10-15,2008-10-16T00:22:00Z,L,NL Championship Series,N,1,Final,F,Philadelphia Phillies,143,5,Los Angeles Dodgers,119,1,Cole Hamels,Chad Billingsley,,9,Dodger Stadium,night,5,7,False,,
243838,2008,2008-10-16,2008-10-17T00:07:00Z,L,AL Championship Series,N,1,Final,F,Tampa Bay Rays,139,7,Boston Red Sox,111,8,Justin Masterson,J.P. Howell,,9,Fenway Park,night,5,7,False,,
243840,2008,2008-10-18,2008-10-19T00:07:00Z,L,AL Championship Series,N,1,Final,F,Boston Red Sox,111,4,Tampa Bay Rays,139,2,Josh Beckett,James Shields,Jonathan Papelbon,9,Tropicana Field,night,6,7,False,,
243842,2008,2008-10-19,2008-10-20T00:07:00Z,L,AL Championship Series,N,1,Final,F,Boston Red Sox,111,1,Tampa Bay Rays,139,3,Matt Garza,Jon Lester,David Price,9,Tropicana Field,night,7,7,False,,
243843,2008,2008-10-22,2008-10-23T00:00:00Z,W,World Series,N,1,Final,F,Philadelphia Phillies,143,3,Tampa Bay Rays,139,2,Cole Hamels,Scott Kazmir,Brad Lidge,9,Tropicana Field,night,1,7,False,,
243844,2008,2008-10-23,2008-10-24T00:00:00Z,W,World Series,N,1,Final,F,Philadelphia Phillies,143,2,Tampa Bay Rays,139,4,James Shields,Brett Myers,,9,Tropicana Field,night,2,7,False,,
243845,2008,2008-10-25,2008-10-26T00:00:00Z,W,World Series,N,1,Final,F,Tampa Bay Rays,139,4,Philadelphia Phillies,143,5,J.C. Romero,J.P. Howell,,9,Citizens Bank Park,night,3,7,False,,
243846,2008,2008-10-26,2008-10-27T00:00:00Z,W,World Series,N,1,Final,F,Tampa Bay Rays,139,2,Philadelphia Phillies,143,10,Joe Blanton,Andy Sonnanstine,,9,Citizens Bank Park,night,4,7,False,,
243847,2008,2008-10-27,2008-10-30T00:37:00Z,W,World Series,N,1,Final,F,Tampa Bay Rays,139,3,Philadelphia Phillies,143,4,J.C. Romero,J.P. Howell,Brad Lidge,9,Citizens Bank Park,night,5,7,False,,
