gameId,gameDate,month,pAwayMl,pOver,pAwayRl,projAwayScore,projHomeScore,projTotal,additivity_abs_diff,core_violations,supp_violations
2250006,2026-03-25,2026-03,0.47580,0.51410,0.37000,3.900,3.850,7.750,0.000000,,
2250007,2026-03-26,2026-03,0.46150,0.52790,0.35940,3.900,4.000,7.900,0.000000,,
2250008,2026-03-26,2026-03,0.41940,0.50160,0.58210,3.840,4.390,8.220,0.010000,,
2250009,2026-03-26,2026-03,0.37270,0.60110,0.53110,3.820,4.940,8.760,0.000000,,
2250010,2026-03-26,2026-03,0.37720,0.40510,0.54540,3.510,4.510,8.020,0.000000,,
2250011,2026-03-26,2026-03,0.45810,0.49730,0.36480,4.240,4.380,8.620,0.000000,,
2250012,2026-03-26,2026-03,0.35920,0.46930,0.52340,3.540,4.770,8.300,0.010000,,
2250013,2026-03-26,2026-03,0.46900,0.41710,0.35000,3.370,3.390,6.760,0.000000,,
2250014,2026-03-26,2026-03,0.46670,0.42480,0.36340,3.880,3.920,7.810,0.010000,,
2250015,2026-03-26,2026-03,0.46780,0.45710,0.62820,4.070,4.090,8.160,0.000000,,
2250016,2026-03-26,2026-03,0.40080,0.52610,0.57830,3.310,3.990,7.300,0.000000,,
2250017,2026-03-27,2026-03,0.43510,0.40710,0.33820,3.840,4.210,8.050,0.000000,,
2250018,2026-03-27,2026-03,0.38390,0.44990,0.54500,3.780,4.750,8.530,0.000000,,
2250019,2026-03-27,2026-03,0.45990,0.51860,0.61240,4.380,4.500,8.880,0.000000,,
2250020,2026-03-27,2026-03,0.40350,0.48170,0.56970,3.640,4.360,8.000,0.000000,,
2250021,2026-03-27,2026-03,0.40110,0.46670,0.55850,3.970,4.750,8.720,0.000000,,
2250022,2026-03-27,2026-03,0.45810,0.43820,0.62600,3.710,3.830,7.530,0.010000,,
2250023,2026-03-27,2026-03,0.43050,0.48020,0.60350,3.500,3.890,7.390,0.000000,,
2250024,2026-03-28,2026-03,0.44060,0.48690,0.34340,3.870,4.190,8.060,0.000000,,
2250025,2026-03-28,2026-03,0.36740,0.43000,0.53210,3.590,4.720,8.300,0.010000,,
2250026,2026-03-28,2026-03,0.44810,0.50540,0.60400,4.230,4.470,8.700,0.000000,,
2250027,2026-03-28,2026-03,0.38110,0.53370,0.54120,3.790,4.790,8.590,0.010000,,
2250028,2026-03-28,2026-03,0.47630,0.56570,0.62620,4.520,4.450,8.970,0.000000,,
2250029,2026-03-28,2026-03,0.42940,0.51620,0.33630,3.970,4.410,8.380,0.000000,,
2250030,2026-03-28,2026-03,0.41470,0.53510,0.57300,3.990,4.610,8.600,0.000000,,
2250031,2026-03-28,2026-03,0.42130,0.51950,0.58270,3.950,4.480,8.430,0.000000,,
2250032,2026-03-28,2026-03,0.41950,0.39720,0.58020,3.940,4.500,8.450,0.010000,,
2250033,2026-03-28,2026-03,0.38170,0.49750,0.54120,3.810,4.810,8.630,0.010000,,
2250034,2026-03-28,2026-03,0.51880,0.55830,0.65730,5.230,4.620,9.850,0.000000,,
2250035,2026-03-28,2026-03,0.38250,0.41950,0.29440,3.620,4.560,8.180,0.000000,,
2250036,2026-03-28,2026-03,0.43560,0.44440,0.33730,3.830,4.190,8.020,0.000000,,
2250037,2026-03-28,2026-03,0.41220,0.42190,0.59540,3.130,3.680,6.800,0.010000,,
2250038,2026-03-29,2026-03,0.42560,0.48960,0.57260,4.500,5.050,9.550,0.000000,,
2250039,2026-03-29,2026-03,0.41490,0.54950,0.56610,4.300,4.960,9.250,0.010000,,
2250040,2026-03-29,2026-03,0.40270,0.52600,0.55770,4.090,4.880,8.960,0.010000,,
2250041,2026-03-29,2026-03,0.42080,0.39170,0.58110,3.920,4.460,8.380,0.000000,,
2250042,2026-03-29,2026-03,0.46230,0.43880,0.36640,4.160,4.240,8.400,0.000000,,
2250043,2026-03-29,2026-03,0.38450,0.51100,0.54820,3.690,4.630,8.320,0.000000,,
2250044,2026-03-29,2026-03,0.51270,0.52640,0.65920,4.730,4.230,8.960,0.000000,,
2250045,2026-03-29,2026-03,0.33820,0.50000,0.48800,4.030,5.670,9.700,0.000000,,
2250046,2026-03-29,2026-03,0.41740,0.48220,0.58330,3.720,4.280,8.000,0.000000,,
2250047,2026-03-29,2026-03,0.48890,0.49160,0.38670,4.150,3.950,8.100,0.000000,,
2250048,2026-03-29,2026-03,0.36650,0.42760,0.52590,3.800,4.990,8.790,0.000000,,
2250049,2026-03-29,2026-03,0.45110,0.45430,0.61750,3.750,3.950,7.700,0.000000,,
2250050,2026-03-30,2026-03,0.39440,0.31860,0.55210,3.770,4.660,8.430,0.000000,,
2250051,2026-03-30,2026-03,0.43940,0.45830,0.59050,4.400,4.760,9.160,0.000000,,
2250052,2026-03-30,2026-03,0.46740,0.44780,0.62290,4.240,4.270,8.510,0.000000,,
2250053,2026-03-30,2026-03,0.43420,0.48100,0.58270,4.500,4.930,9.440,0.010000,,
2250054,2026-03-30,2026-03,0.44640,0.47640,0.60530,4.060,4.320,8.380,0.000000,,
2250055,2026-03-30,2026-03,0.43190,0.58190,0.57870,4.590,5.070,9.660,0.000000,,
2250056,2026-03-30,2026-03,0.44790,0.43100,0.60150,4.290,4.540,8.830,0.000000,,
2250057,2026-03-30,2026-03,0.31510,0.44930,0.45650,4.000,6.070,10.070,0.000000,,
2250058,2026-03-30,2026-03,0.41710,0.47410,0.57870,3.880,4.460,8.350,0.010000,,
2250059,2026-03-30,2026-03,0.42130,0.35240,0.32410,3.700,4.220,7.920,0.000000,,
2250060,2026-03-30,2026-03,0.51860,0.52210,0.42940,4.980,4.400,9.380,0.000000,,
2250061,2026-03-30,2026-03,0.45570,0.46550,0.36270,4.270,4.440,8.710,0.000000,,
2250062,2026-03-30,2026-03,0.44260,0.42170,0.33600,3.540,3.820,7.360,0.000000,,
2250063,2026-03-30,2026-03,0.43270,0.44180,0.58640,4.270,4.700,8.970,0.000000,,
2250064,2026-03-31,2026-03,0.52190,0.51440,0.43110,4.960,4.330,9.290,0.000000,,
2250065,2026-03-31,2026-03,0.47630,0.35390,0.37410,4.010,3.940,7.950,0.000000,,
2250066,2026-03-31,2026-03,0.40990,0.42940,0.55920,4.320,5.050,9.370,0.000000,,
2250067,2026-03-31,2026-03,0.38520,0.43220,0.54830,3.700,4.630,8.330,0.000000,,
2250068,2026-03-31,2026-03,0.44910,0.59910,0.59240,4.820,5.080,9.900,0.000000,,
2250069,2026-03-31,2026-03,0.35960,0.41900,0.51970,3.720,4.980,8.690,0.010000,,
2250070,2026-03-31,2026-03,0.39430,0.57030,0.55600,3.770,4.610,8.390,0.010000,,
2250071,2026-03-31,2026-03,0.39860,0.46480,0.30280,3.530,4.280,7.810,0.000000,,
2250072,2026-03-31,2026-03,0.47220,0.44400,0.37650,4.250,4.210,8.470,0.010000,,
2250073,2026-03-31,2026-03,0.38650,0.50630,0.54960,3.670,4.600,8.270,0.000000,,
2250074,2026-03-31,2026-03,0.52470,0.53740,0.42650,4.630,4.000,8.630,0.000000,,
2250075,2026-03-31,2026-03,0.46220,0.42990,0.34720,3.410,3.480,6.880,0.010000,,
2250076,2026-03-31,2026-03,0.36810,0.49620,0.52840,3.730,4.880,8.610,0.000000,,
2250077,2026-04-01,2026-04,0.36230,0.52500,0.52440,3.630,4.850,8.480,0.000000,,
2250078,2026-04-01,2026-04,0.44070,0.37740,0.33920,3.710,4.010,7.710,0.010000,,
2250079,2026-04-01,2026-04,0.46450,0.44340,0.35900,3.770,3.820,7.590,0.000000,,
2250080,2026-04-01,2026-04,0.35020,0.55920,0.50170,3.960,5.430,9.390,0.000000,,
2250081,2026-04-01,2026-04,0.41310,0.55420,0.56920,4.080,4.740,8.820,0.000000,,
2250082,2026-04-01,2026-04,0.45520,0.48600,0.61690,3.930,4.100,8.030,0.000000,,
2250083,2026-04-01,2026-04,0.48130,0.46220,0.37630,3.950,3.830,7.780,0.000000,,
2250084,2026-04-01,2026-04,0.46260,0.53730,0.62410,3.960,4.040,8.000,0.000000,,
2250085,2026-04-01,2026-04,0.47190,0.55290,0.37280,4.100,4.080,8.180,0.000000,,
2250086,2026-04-01,2026-04,0.37400,0.67840,0.53550,3.750,4.820,8.570,0.000000,,
2250087,2026-04-01,2026-04,0.40480,0.38800,0.57930,3.380,4.040,7.420,0.000000,,
2250088,2026-04-01,2026-04,0.45740,0.47640,0.34930,3.610,3.740,7.350,0.000000,,
2250089,2026-04-01,2026-04,0.42400,0.44340,0.32670,3.760,4.260,8.010,0.010000,,
2250090,2026-04-01,2026-04,0.36620,0.46850,0.53050,3.570,4.720,8.290,0.000000,,
2250091,2026-04-02,2026-04,0.40030,0.35780,0.55950,3.850,4.650,8.500,0.000000,,
2250092,2026-04-03,2026-04,0.45830,0.44210,0.61530,4.150,4.290,8.430,0.010000,,
2250093,2026-04-02,2026-04,0.42540,0.44100,0.32890,3.760,4.230,7.990,0.000000,,
2250094,2026-04-03,2026-04,0.54810,0.45720,0.46230,5.350,4.350,9.700,0.000000,,
2250095,2026-04-03,2026-04,0.41950,0.46880,0.58190,3.870,4.420,8.290,0.000000,,
2250096,2026-04-03,2026-04,0.45640,0.49840,0.61140,4.230,4.390,8.620,0.000000,,
2250097,2026-04-03,2026-04,0.44600,0.41390,0.60780,3.930,4.190,8.120,0.000000,,
2250098,2026-04-03,2026-04,0.48160,0.44210,0.64130,4.060,3.940,8.000,0.000000,,
2250099,2026-04-03,2026-04,0.46810,0.44140,0.36150,3.780,3.790,7.570,0.000000,,
2250100,2026-04-03,2026-04,0.45160,0.58700,0.36500,4.510,4.730,9.230,0.010000,,
2250101,2026-04-03,2026-04,0.42540,0.58340,0.35940,5.630,6.320,11.950,0.000000,,
2250102,2026-04-03,2026-04,0.48650,0.46510,0.39180,4.450,4.250,8.700,0.000000,,
2250103,2026-04-04,2026-04,0.50820,0.39480,0.40830,4.410,3.990,8.400,0.000000,,
2250104,2026-04-03,2026-04,0.48470,0.43000,0.38040,4.020,3.860,7.870,0.010000,,
2250105,2026-04-03,2026-04,0.44070,0.52810,0.36520,5.110,5.530,10.640,0.000000,,
2250106,2026-04-03,2026-04,0.44290,0.43510,0.33820,3.610,3.880,7.490,0.000000,,
2250107,2026-04-04,2026-04,0.40830,0.52130,0.56820,3.890,4.580,8.460,0.010000,,
2250108,2026-04-04,2026-04,0.49830,0.39680,0.39400,4.120,3.810,7.930,0.000000,,
2250109,2026-04-04,2026-04,0.55410,0.49830,0.47240,5.670,4.570,10.240,0.000000,,
2250110,2026-04-04,2026-04,0.42970,0.49750,0.35410,5.060,5.630,10.690,0.000000,,
2250111,2026-04-04,2026-04,0.42460,0.53380,0.34310,4.490,5.040,9.530,0.000000,,
2250112,2026-04-04,2026-04,0.38180,0.45740,0.55260,3.410,4.330,7.740,0.000000,,
2250113,2026-04-04,2026-04,0.36180,0.42370,0.27150,3.330,4.470,7.800,0.000000,,
2250114,2026-04-04,2026-04,0.46770,0.41430,0.62730,4.050,4.080,8.120,0.010000,,
2250115,2026-04-04,2026-04,0.37440,0.58590,0.52830,4.040,5.190,9.230,0.000000,,
2250116,2026-04-04,2026-04,0.52990,0.52600,0.43510,4.830,4.130,8.960,0.000000,,
2250117,2026-04-05,2026-04,0.49190,0.44860,0.38250,3.930,3.710,7.640,0.000000,,
2250118,2026-04-04,2026-04,0.44010,0.47280,0.36150,4.970,5.390,10.360,0.000000,,
2250119,2026-04-04,2026-04,0.45760,0.53140,0.36420,4.210,4.340,8.550,0.000000,,
2250120,2026-04-04,2026-04,0.50530,0.45390,0.42050,5.070,4.620,9.690,0.000000,,
2250121,2026-04-05,2026-04,0.43400,0.54720,0.35840,4.920,5.390,10.300,0.010000,,
2250122,2026-04-05,2026-04,0.41100,0.52530,0.32570,4.130,4.820,8.950,0.000000,,
2250123,2026-04-05,2026-04,0.37210,0.39110,0.53510,3.640,4.730,8.370,0.000000,,
2250124,2026-04-05,2026-04,0.31780,0.31900,0.50060,2.800,4.310,7.110,0.000000,,
2250125,2026-04-05,2026-04,0.44110,0.46080,0.33940,3.730,4.030,7.760,0.000000,,
2250126,2026-04-05,2026-04,0.43540,0.53000,0.34660,4.300,4.710,9.010,0.000000,,
2250127,2026-04-05,2026-04,0.49150,0.43450,0.38690,4.070,3.840,7.910,0.000000,,
2250128,2026-04-05,2026-04,0.39250,0.51020,0.30390,3.740,4.580,8.320,0.000000,,
2250129,2026-04-05,2026-04,0.42560,0.45310,0.59430,3.610,4.070,7.680,0.000000,,
2250130,2026-04-05,2026-04,0.44180,0.53160,0.37380,5.870,6.360,12.240,0.010000,,
2250131,2026-04-05,2026-04,0.35880,0.59830,0.29930,5.240,6.950,12.200,0.010000,,
2250132,2026-04-05,2026-04,0.47420,0.58580,0.62990,4.310,4.260,8.570,0.000000,,
2250133,2026-04-05,2026-04,0.47040,0.40470,0.37550,4.270,4.260,8.530,0.000000,,
2250134,2026-04-05,2026-04,0.47260,0.45360,0.63190,4.070,4.050,8.120,0.000000,,
2250135,2026-04-06,2026-04,0.46400,0.49810,0.36990,4.280,4.340,8.620,0.000000,,
2250136,2026-04-06,2026-04,0.44910,0.51940,0.34740,3.790,4.020,7.810,0.000000,,
2250137,2026-04-06,2026-04,0.31020,0.52350,0.46200,3.730,5.700,9.430,0.000000,,
2250138,2026-04-06,2026-04,0.43180,0.40560,0.59570,3.810,4.220,8.030,0.000000,,
2250139,2026-04-06,2026-04,0.40530,0.60540,0.33020,4.580,5.400,9.990,0.010000,,
2250140,2026-04-06,2026-04,0.48070,0.41090,0.37430,3.880,3.770,7.660,0.010000,,
2250141,2026-04-06,2026-04,0.50800,0.45050,0.41510,4.750,4.310,9.060,0.000000,,
2250142,2026-04-06,2026-04,0.39640,0.59380,0.31020,3.920,4.760,8.680,0.000000,,
2250143,2026-04-06,2026-04,0.41560,0.46900,0.32850,4.060,4.680,8.740,0.000000,,
2250144,2026-04-06,2026-04,0.37180,0.40760,0.27890,3.300,4.320,7.620,0.000000,,
2250145,2026-04-06,2026-04,0.36860,0.64140,0.31310,5.870,7.590,13.460,0.000000,,
2250146,2026-04-06,2026-04,0.48210,0.34820,0.36050,3.360,3.250,6.620,0.010000,,
2250147,2026-04-06,2026-04,0.42500,0.47470,0.33280,3.930,4.430,8.360,0.000000,,
2250148,2026-04-07,2026-04,0.42720,0.54130,0.31910,3.290,3.690,6.980,0.000000,,
2250149,2026-04-07,2026-04,0.41790,0.61080,0.58830,3.600,4.130,7.730,0.000000,,
2250150,2026-04-07,2026-04,0.42950,0.43280,0.33640,3.950,4.390,8.340,0.000000,,
2250151,2026-04-07,2026-04,0.32040,0.39650,0.50400,2.810,4.300,7.110,0.000000,,
2250152,2026-04-07,2026-04,0.47890,0.69980,0.39890,5.130,5.020,10.150,0.000000,,
2250153,2026-04-07,2026-04,0.42390,0.55810,0.60270,3.360,3.790,7.150,0.000000,,
2250154,2026-04-07,2026-04,0.26990,0.35980,0.44480,2.720,4.830,7.550,0.000000,,
2250155,2026-04-07,2026-04,0.34750,0.39270,0.25080,2.930,4.140,7.060,0.010000,,
2250156,2026-04-07,2026-04,0.48920,0.53880,0.38010,3.820,3.610,7.420,0.010000,,
2250157,2026-04-07,2026-04,0.49540,0.51980,0.38220,3.750,3.470,7.220,0.000000,,
2250158,2026-04-07,2026-04,0.41170,0.36250,0.30100,3.110,3.660,6.770,0.000000,,
2250159,2026-04-07,2026-04,0.36890,0.57770,0.31030,5.660,7.340,13.000,0.000000,,
2250160,2026-04-07,2026-04,0.51920,0.41040,0.41560,4.310,3.770,8.080,0.000000,,
2250161,2026-04-07,2026-04,0.48890,0.40470,0.37560,3.680,3.490,7.180,0.010000,,
2250162,2026-04-08,2026-04,0.40440,0.55890,0.31320,3.770,4.480,8.250,0.000000,,
2250163,2026-04-08,2026-04,0.38690,0.54530,0.29610,3.610,4.510,8.120,0.000000,,
2250164,2026-04-08,2026-04,0.39510,0.57820,0.55630,3.830,4.660,8.490,0.000000,,
2250165,2026-04-08,2026-04,0.48460,0.45540,0.37870,3.940,3.780,7.720,0.000000,,
2250166,2026-04-08,2026-04,0.52630,0.29880,0.39060,3.320,2.820,6.140,0.000000,,
2250167,2026-04-08,2026-04,0.49880,0.54840,0.40460,4.550,4.210,8.760,0.000000,,
2250168,2026-04-08,2026-04,0.46730,0.47910,0.39230,5.680,5.790,11.470,0.000000,,
2250169,2026-04-08,2026-04,0.40950,0.38640,0.31270,3.590,4.230,7.820,0.000000,,
2250170,2026-04-08,2026-04,0.53900,0.50400,0.44540,4.990,4.180,9.170,0.000000,,
2250171,2026-04-08,2026-04,0.46640,0.35180,0.35800,3.710,3.740,7.440,0.010000,,
2250172,2026-04-08,2026-04,0.35630,0.42930,0.26790,3.330,4.530,7.860,0.000000,,
2250173,2026-04-08,2026-04,0.45980,0.46310,0.61890,4.050,4.170,8.230,0.010000,,
2250174,2026-04-08,2026-04,0.39200,0.50100,0.55050,3.880,4.770,8.660,0.010000,,
2250175,2026-04-08,2026-04,0.52160,0.49700,0.42330,4.600,4.010,8.620,0.010000,,
2250176,2026-04-09,2026-04,0.54310,0.39680,0.43570,4.360,3.580,7.940,0.000000,,
2250177,2026-04-09,2026-04,0.49940,0.45290,0.65650,4.220,3.900,8.120,0.000000,,
2250178,2026-04-09,2026-04,0.47560,0.58130,0.39070,4.860,4.790,9.650,0.000000,,
2250179,2026-04-09,2026-04,0.37260,0.31980,0.53820,3.490,4.560,8.050,0.000000,,
2250180,2026-04-09,2026-04,0.41790,0.41300,0.59300,3.380,3.900,7.280,0.000000,,
2250181,2026-04-10,2026-04,0.40660,0.60850,0.57110,3.760,4.440,8.210,0.010000,,
2250182,2026-04-10,2026-04,0.42300,0.44880,0.58260,3.990,4.510,8.500,0.000000,,
2250183,2026-04-10,2026-04,0.29130,0.46110,0.45010,3.300,5.380,8.680,0.000000,,
2250184,2026-04-10,2026-04,0.45130,0.41540,0.60680,4.220,4.430,8.650,0.000000,,
2250185,2026-04-10,2026-04,0.33680,0.47180,0.50110,3.420,4.910,8.330,0.000000,,
2250186,2026-04-10,2026-04,0.39280,0.47450,0.30380,3.750,4.610,8.360,0.000000,,
2250187,2026-04-10,2026-04,0.45890,0.47000,0.61260,4.310,4.440,8.760,0.010000,,
2250188,2026-04-10,2026-04,0.36210,0.37750,0.53350,3.300,4.440,7.730,0.010000,,
2250189,2026-04-10,2026-04,0.41570,0.47530,0.58230,3.680,4.260,7.930,0.010000,,
2250190,2026-04-10,2026-04,0.34950,0.46640,0.50920,3.670,5.050,8.720,0.000000,,
2250191,2026-04-10,2026-04,0.49620,0.53000,0.39040,4.100,3.820,7.920,0.000000,,
2250192,2026-04-10,2026-04,0.56560,0.44090,0.71540,4.510,3.480,7.980,0.010000,,
2250193,2026-04-10,2026-04,0.32060,0.31000,0.51160,2.600,4.010,6.610,0.000000,,
2250194,2026-04-10,2026-04,0.30560,0.47530,0.46310,3.450,5.390,8.850,0.010000,,
2250195,2026-04-11,2026-04,0.47780,0.56530,0.63520,4.210,4.120,8.330,0.000000,,
2250196,2026-04-11,2026-04,0.40170,0.50330,0.58170,3.200,3.860,7.060,0.000000,,
2250197,2026-04-11,2026-04,0.40620,0.47650,0.31570,3.840,4.540,8.380,0.000000,,
2250198,2026-04-11,2026-04,0.43200,0.40860,0.59000,4.070,4.490,8.560,0.000000,,
2250199,2026-04-11,2026-04,0.40100,0.53860,0.56030,3.930,4.710,8.640,0.000000,,
2250200,2026-04-11,2026-04,0.34090,0.32320,0.51560,3.120,4.470,7.590,0.000000,,
2250201,2026-04-11,2026-04,0.48230,0.33030,0.36380,3.470,3.350,6.820,0.000000,,
2250202,2026-04-11,2026-04,0.40090,0.43010,0.56960,3.570,4.300,7.870,0.000000,,
2250203,2026-04-11,2026-04,0.43630,0.59660,0.35210,4.470,4.870,9.350,0.010000,,
2250204,2026-04-11,2026-04,0.50760,0.51050,0.41240,4.610,4.170,8.770,0.010000,,
2250205,2026-04-11,2026-04,0.46880,0.39120,0.36090,3.720,3.730,7.440,0.010000,,
2250206,2026-04-11,2026-04,0.50790,0.51490,0.65240,4.870,4.410,9.280,0.000000,,
2250207,2026-04-11,2026-04,0.40350,0.42690,0.57210,3.570,4.260,7.830,0.000000,,
2250208,2026-04-11,2026-04,0.45920,0.40340,0.63170,3.540,3.640,7.180,0.000000,,
2250209,2026-04-12,2026-04,0.41490,0.55850,0.33770,4.580,5.260,9.840,0.000000,,
2250210,2026-04-12,2026-04,0.51150,0.54470,0.66040,4.590,4.120,8.710,0.000000,,
2250211,2026-04-12,2026-04,0.56920,0.36390,0.45570,4.300,3.270,7.580,0.010000,,
2250212,2026-04-12,2026-04,0.43920,0.56410,0.59990,3.980,4.320,8.300,0.000000,,
2250213,2026-04-12,2026-04,0.51790,0.43850,0.69430,3.430,3.010,6.440,0.000000,,
2250214,2026-04-12,2026-04,0.51130,0.38520,0.39270,3.700,3.290,6.990,0.000000,,
2250215,2026-04-12,2026-04,0.37100,0.34420,0.53260,3.610,4.730,8.340,0.000000,,
2250216,2026-04-12,2026-04,0.40450,0.53210,0.55880,4.130,4.900,9.020,0.010000,,
2250217,2026-04-12,2026-04,0.41860,0.33520,0.32010,3.590,4.130,7.730,0.010000,,
2250218,2026-04-12,2026-04,0.49130,0.17850,0.64200,4.150,4.000,8.140,0.010000,,
2250219,2026-04-12,2026-04,0.51860,0.44690,0.67900,4.060,3.560,7.630,0.010000,,
2250220,2026-04-12,2026-04,0.35540,0.52910,0.51690,3.620,4.920,8.530,0.010000,,
2250221,2026-04-12,2026-04,0.47730,0.45290,0.63190,4.320,4.240,8.560,0.000000,,
2250222,2026-04-12,2026-04,0.32930,0.58120,0.49130,3.470,5.070,8.530,0.010000,,
2250223,2026-04-13,2026-04,0.32190,0.42840,0.49300,3.130,4.720,7.850,0.000000,,
2250224,2026-04-13,2026-04,0.41050,0.58380,0.56260,4.230,4.940,9.180,0.010000,,
2250225,2026-04-13,2026-04,0.44520,0.51060,0.59470,4.480,4.770,9.250,0.000000,,
2250226,2026-04-13,2026-04,0.34860,0.46710,0.49380,4.140,5.700,9.840,0.000000,,
2250227,2026-04-13,2026-04,0.32940,0.51500,0.48790,3.600,5.240,8.840,0.000000,,
2250228,2026-04-13,2026-04,0.48660,0.52100,0.38940,4.310,4.120,8.430,0.000000,,
2250229,2026-04-13,2026-04,0.52040,0.44090,0.41480,4.260,3.720,7.990,0.010000,,
2250230,2026-04-13,2026-04,0.35940,0.72170,0.30330,5.370,7.060,12.430,0.000000,,
2250231,2026-04-13,2026-04,0.35180,0.54360,0.50020,4.090,5.570,9.650,0.010000,,
2250232,2026-04-14,2026-04,0.39370,0.53640,0.31160,4.090,4.990,9.080,0.000000,,
2250233,2026-04-14,2026-04,0.37060,0.32670,0.53450,3.520,4.630,8.150,0.000000,,
2250234,2026-04-14,2026-04,0.57250,0.48500,0.48170,5.380,4.120,9.500,0.000000,,
2250235,2026-04-14,2026-04,0.39710,0.39250,0.54570,4.210,5.130,9.340,0.000000,,
2250236,2026-04-14,2026-04,0.43680,0.40080,0.58750,4.310,4.720,9.030,0.000000,,
2250237,2026-04-14,2026-04,0.34600,0.44150,0.50840,3.520,4.920,8.440,0.000000,,
2250238,2026-04-14,2026-04,0.57090,0.57520,0.48130,5.410,4.180,9.590,0.000000,,
2250239,2026-04-14,2026-04,0.43850,0.45060,0.34220,3.880,4.210,8.090,0.000000,,
2250240,2026-04-14,2026-04,0.50850,0.41830,0.38670,3.570,3.200,6.770,0.000000,,
2250241,2026-04-14,2026-04,0.38100,0.28810,0.28030,3.160,4.040,7.200,0.000000,,
2250242,2026-04-14,2026-04,0.36100,0.61810,0.50050,4.620,6.090,10.700,0.010000,,
2250243,2026-04-14,2026-04,0.50410,0.40300,0.37970,3.470,3.160,6.630,0.000000,,
2250244,2026-04-14,2026-04,0.41280,0.40640,0.32360,3.950,4.590,8.550,0.010000,,
2250245,2026-04-14,2026-04,0.44720,0.43390,0.61730,3.630,3.860,7.490,0.000000,,
2250246,2026-04-15,2026-04,0.51740,0.45690,0.42610,4.850,4.290,9.150,0.010000,,
2250247,2026-04-15,2026-04,0.44260,0.54820,0.35710,4.460,4.780,9.240,0.000000,,
2250248,2026-04-15,2026-04,0.51950,0.39960,0.67560,4.240,3.720,7.960,0.000000,,
2250249,2026-04-15,2026-04,0.44000,0.52610,0.57600,5.100,5.520,10.620,0.000000,,
2250250,2026-04-15,2026-04,0.39030,0.44380,0.30850,4.030,4.960,8.990,0.000000,,
2250251,2026-04-15,2026-04,0.52100,0.39680,0.67260,4.500,3.940,8.440,0.000000,,
2250252,2026-04-15,2026-04,0.44430,0.33270,0.59270,4.330,4.670,9.000,0.000000,,
2250253,2026-04-15,2026-04,0.28590,0.45010,0.44090,3.430,5.650,9.080,0.000000,,
2250254,2026-04-15,2026-04,0.44340,0.36970,0.34050,3.680,3.960,7.650,0.010000,,
2250255,2026-04-15,2026-04,0.43130,0.52550,0.33940,4.030,4.450,8.480,0.000000,,
2250256,2026-04-15,2026-04,0.48730,0.51510,0.63390,4.750,4.540,9.300,0.010000,,
2250257,2026-04-15,2026-04,0.48840,0.30110,0.36430,3.340,3.180,6.520,0.000000,,
2250258,2026-04-15,2026-04,0.34980,0.46230,0.27990,4.310,5.920,10.230,0.000000,,
2250259,2026-04-15,2026-04,0.36340,0.42310,0.54010,3.150,4.230,7.380,0.000000,,
2250260,2026-04-16,2026-04,0.42410,0.38680,0.59040,3.670,4.150,7.820,0.000000,,
2250261,2026-04-16,2026-04,0.48080,0.47660,0.63720,4.250,4.130,8.380,0.000000,,
2250262,2026-04-16,2026-04,0.40800,0.26450,0.29450,2.970,3.540,6.520,0.010000,,
2250263,2026-04-16,2026-04,0.32720,0.30790,0.48900,3.340,4.960,8.300,0.000000,,
2250264,2026-04-16,2026-04,0.57170,0.56450,0.48570,5.620,4.320,9.940,0.000000,,
2250265,2026-04-16,2026-04,0.51090,0.36210,0.40010,3.980,3.570,7.550,0.000000,,
2250266,2026-04-16,2026-04,0.53260,0.72300,0.46650,6.690,5.750,12.440,0.000000,,
2250267,2026-04-16,2026-04,0.33010,0.42150,0.50150,3.150,4.630,7.780,0.000000,,
2250268,2026-04-16,2026-04,0.46460,0.49480,0.61520,4.500,4.550,9.050,0.000000,,
2250269,2026-04-16,2026-04,0.36370,0.45640,0.28140,3.700,4.910,8.600,0.010000,,
2250270,2026-04-17,2026-04,0.32640,0.36650,0.47900,3.630,5.380,9.020,0.010000,,
2250271,2026-04-17,2026-04,0.38980,0.62970,0.53110,4.640,5.690,10.330,0.000000,,
2250272,2026-04-17,2026-04,0.63160,0.49940,0.55020,6.220,4.060,10.280,0.000000,,
2250273,2026-04-17,2026-04,0.49140,0.62000,0.41460,5.500,5.210,10.710,0.000000,,
2250274,2026-04-17,2026-04,0.49900,0.48490,0.40610,4.640,4.290,8.930,0.000000,,
2250275,2026-04-17,2026-04,0.45990,0.35510,0.63440,3.490,3.590,7.070,0.010000,,
2250276,2026-04-17,2026-04,0.45620,0.48710,0.36230,4.170,4.320,8.500,0.010000,,
2250277,2026-04-17,2026-04,0.43790,0.54670,0.59240,4.180,4.550,8.730,0.000000,,
2250278,2026-04-17,2026-04,0.37430,0.47890,0.29800,4.130,5.290,9.420,0.000000,,
2250279,2026-04-17,2026-04,0.37160,0.43060,0.53510,3.610,4.700,8.310,0.000000,,
2250280,2026-04-17,2026-04,0.43430,0.45720,0.35220,4.630,5.090,9.720,0.000000,,
2250281,2026-04-17,2026-04,0.24500,0.50070,0.40220,3.010,5.680,8.690,0.000000,,
2250282,2026-04-17,2026-04,0.44580,0.48530,0.62540,3.330,3.550,6.880,0.000000,,
2250283,2026-04-17,2026-04,0.40190,0.48630,0.55170,4.350,5.180,9.520,0.010000,,
2250284,2026-04-18,2026-04,0.41680,0.51690,0.57230,4.120,4.730,8.850,0.000000,,
2250285,2026-04-18,2026-04,0.35870,0.54530,0.51210,3.930,5.270,9.200,0.000000,,
2250286,2026-04-18,2026-04,0.48130,0.45190,0.38620,4.350,4.210,8.560,0.000000,,
2250287,2026-04-18,2026-04,0.45610,0.55720,0.38250,5.420,5.630,11.050,0.000000,,
2250288,2026-04-18,2026-04,0.49950,0.44100,0.66270,3.930,3.640,7.570,0.000000,,
2250289,2026-04-18,2026-04,0.49530,0.56600,0.62980,5.450,5.110,10.550,0.010000,,
2250290,2026-04-18,2026-04,0.55720,0.59830,0.45870,4.870,3.860,8.740,0.010000,,
2250291,2026-04-18,2026-04,0.40460,0.44210,0.30590,3.450,4.120,7.580,0.010000,,
2250292,2026-04-18,2026-04,0.40590,0.50160,0.57730,3.470,4.140,7.610,0.000000,,
2250293,2026-04-18,2026-04,0.39480,0.45040,0.54950,4.090,4.970,9.060,0.000000,,
2250294,2026-04-18,2026-04,0.34410,0.48530,0.52030,3.080,4.370,7.440,0.010000,,
2250295,2026-04-18,2026-04,0.45390,0.60420,0.60730,4.310,4.500,8.810,0.000000,,
2250296,2026-04-18,2026-04,0.47410,0.65300,0.41350,6.830,6.820,13.650,0.000000,,
2250297,2026-04-18,2026-04,0.43200,0.53870,0.35560,4.860,5.330,10.180,0.010000,,
2250298,2026-04-19,2026-04,0.46440,0.62380,0.61440,4.490,4.560,9.050,0.000000,,
2250299,2026-04-19,2026-04,0.49460,0.52840,0.40670,4.880,4.590,9.480,0.010000,,
2250300,2026-04-19,2026-04,0.48750,0.43140,0.38220,4.030,3.840,7.870,0.000000,,
2250301,2026-04-19,2026-04,0.43380,0.54390,0.58530,4.370,4.800,9.180,0.010000,,
2250302,2026-04-19,2026-04,0.43550,0.54560,0.33310,3.580,3.920,7.500,0.000000,,
2250303,2026-04-19,2026-04,0.54060,0.52080,0.43890,4.610,3.820,8.430,0.000000,,
2250304,2026-04-19,2026-04,0.46800,0.54630,0.60660,5.130,5.150,10.280,0.000000,,
2250305,2026-04-19,2026-04,0.35400,0.60140,0.28430,4.230,5.710,9.940,0.000000,,
2250306,2026-04-19,2026-04,0.49850,0.56680,0.64190,4.900,4.560,9.460,0.000000,,
2250307,2026-04-19,2026-04,0.48170,0.64580,0.42360,7.450,7.380,14.830,0.000000,,
2250308,2026-04-19,2026-04,0.31910,0.43310,0.46970,3.770,5.650,9.420,0.000000,,
2250309,2026-04-19,2026-04,0.49410,0.36330,0.39150,4.150,3.900,8.050,0.000000,,
2250310,2026-04-19,2026-04,0.41860,0.32960,0.60780,2.990,3.460,6.450,0.000000,,
2250311,2026-04-19,2026-04,0.48990,0.51920,0.39710,4.560,4.320,8.880,0.000000,,
2250312,2026-04-20,2026-04,0.45280,0.47600,0.61210,4.100,4.280,8.380,0.000000,,
2250313,2026-04-20,2026-04,0.43780,0.51960,0.59690,4.030,4.380,8.410,0.000000,,
2250314,2026-04-20,2026-04,0.48510,0.48950,0.63900,4.350,4.180,8.530,0.000000,,
2250315,2026-04-20,2026-04,0.51240,0.37520,0.67230,4.060,3.630,7.690,0.000000,,
2250316,2026-04-20,2026-04,0.56840,0.59500,0.48110,5.540,4.300,9.850,0.010000,,
2250317,2026-04-20,2026-04,0.34730,0.40800,0.26720,3.590,4.980,8.570,0.000000,,
2250318,2026-04-20,2026-04,0.40070,0.51630,0.31140,3.800,4.570,8.370,0.000000,,
2250319,2026-04-20,2026-04,0.55580,0.28680,0.47600,5.440,4.280,9.720,0.000000,,
2250320,2026-04-20,2026-04,0.43070,0.44950,0.32870,3.620,4.020,7.630,0.010000,,
2250321,2026-04-20,2026-04,0.39910,0.27530,0.59280,2.810,3.450,6.260,0.000000,,
2250322,2026-04-21,2026-04,0.23510,0.45300,0.39390,2.910,5.690,8.600,0.000000,,
2250323,2026-04-21,2026-04,0.45040,0.49370,0.35280,3.960,4.170,8.130,0.000000,,
2250324,2026-04-21,2026-04,0.43640,0.52660,0.35370,4.520,4.930,9.440,0.010000,,
2250325,2026-04-21,2026-04,0.41100,0.37770,0.30820,3.360,3.950,7.310,0.000000,,
2250326,2026-04-21,2026-04,0.47320,0.51600,0.38600,4.680,4.640,9.310,0.010000,,
2250327,2026-04-21,2026-04,0.41250,0.40020,0.31720,3.680,4.290,7.980,0.010000,,
2250328,2026-04-21,2026-04,0.28080,0.52840,0.44190,3.180,5.370,8.540,0.010000,,
2250329,2026-04-21,2026-04,0.35850,0.43130,0.51670,3.770,5.070,8.850,0.010000,,
2250330,2026-04-21,2026-04,0.29650,0.46440,0.45550,3.350,5.370,8.720,0.000000,,
2250331,2026-04-21,2026-04,0.47230,0.44910,0.37140,4.050,4.020,8.070,0.000000,,
2250332,2026-04-21,2026-04,0.37780,0.38090,0.30120,4.430,5.690,10.120,0.000000,,
2250333,2026-04-21,2026-04,0.39400,0.39770,0.30560,3.800,4.640,8.440,0.000000,,
2250334,2026-04-21,2026-04,0.43880,0.49540,0.59560,4.130,4.480,8.600,0.010000,,
2250335,2026-04-21,2026-04,0.45040,0.39320,0.33950,3.450,3.630,7.070,0.010000,,
2250336,2026-04-22,2026-04,0.40420,0.51670,0.56150,4.050,4.800,8.850,0.000000,,
2250337,2026-04-22,2026-04,0.47910,0.48590,0.63380,4.300,4.190,8.490,0.000000,,
2250338,2026-04-22,2026-04,0.43640,0.42590,0.59810,3.940,4.310,8.260,0.010000,,
2250339,2026-04-22,2026-04,0.25150,0.40750,0.19000,3.210,5.910,9.120,0.000000,,
2250340,2026-04-22,2026-04,0.29190,0.40490,0.45980,3.040,5.000,8.040,0.000000,,
2250341,2026-04-22,2026-04,0.41310,0.42080,0.58770,3.390,3.960,7.350,0.000000,,
2250342,2026-04-22,2026-04,0.47730,0.39970,0.64330,3.810,3.730,7.540,0.000000,,
2250343,2026-04-22,2026-04,0.44830,0.74350,0.39200,6.640,6.980,13.620,0.000000,,
2250344,2026-04-22,2026-04,0.46900,0.41240,0.35870,3.630,3.640,7.270,0.000000,,
2250345,2026-04-22,2026-04,0.39230,0.52190,0.55300,3.790,4.660,8.460,0.010000,,
2250346,2026-04-22,2026-04,0.38980,0.53100,0.54980,3.820,4.730,8.550,0.000000,,
2250347,2026-04-22,2026-04,0.52160,0.44470,0.41060,4.060,3.530,7.600,0.010000,,
2250348,2026-04-22,2026-04,0.44980,0.39250,0.37240,5.410,5.800,11.210,0.000000,,
2250349,2026-04-22,2026-04,0.66460,0.49440,0.56390,5.440,3.170,8.610,0.000000,,
2250350,2026-04-23,2026-04,0.50770,0.58010,0.43020,5.630,5.120,10.760,0.010000,,
2250351,2026-04-23,2026-04,0.29920,0.56560,0.46270,3.210,5.140,8.350,0.000000,,
2250352,2026-04-23,2026-04,0.40620,0.39560,0.32040,4.100,4.860,8.950,0.010000,,
2250353,2026-04-23,2026-04,0.36900,0.66270,0.31420,6.050,7.800,13.840,0.010000,,
2250354,2026-04-23,2026-04,0.53430,0.46850,0.42610,4.270,3.580,7.850,0.000000,,
2250355,2026-04-23,2026-04,0.59200,0.49500,0.48530,4.740,3.410,8.150,0.000000,,
2250356,2026-04-23,2026-04,0.51930,0.51350,0.41790,4.450,3.910,8.360,0.000000,,
2250357,2026-04-23,2026-04,0.42630,0.41780,0.60010,3.440,3.880,7.320,0.000000,,
2250358,2026-04-24,2026-04,0.49580,0.47840,0.40820,4.860,4.540,9.410,0.010000,,
2250359,2026-04-24,2026-04,0.39480,0.63490,0.32670,4.960,5.980,10.940,0.000000,,
2250360,2026-04-24,2026-04,0.52710,0.48080,0.42700,4.530,3.890,8.430,0.010000,,
2250361,2026-04-24,2026-04,0.33740,0.65340,0.48150,4.220,5.940,10.150,0.010000,,
2250362,2026-04-24,2026-04,0.38970,0.44630,0.56180,3.400,4.230,7.620,0.010000,,
2250363,2026-04-24,2026-04,0.36400,0.43930,0.52100,3.850,5.090,8.950,0.010000,,
2250364,2026-04-24,2026-04,0.44290,0.55390,0.36270,4.730,5.070,9.800,0.000000,,
2250365,2026-04-24,2026-04,0.48060,0.42170,0.62680,4.700,4.580,9.280,0.000000,,
2250366,2026-04-24,2026-04,0.44380,0.47750,0.33720,3.550,3.810,7.360,0.000000,,
2250367,2026-04-24,2026-04,0.43300,0.50050,0.58940,4.120,4.540,8.650,0.010000,,
2250368,2026-04-24,2026-04,0.48060,0.42520,0.38790,4.460,4.320,8.770,0.010000,,
2250369,2026-04-24,2026-04,0.49160,0.44300,0.38690,4.110,3.890,8.000,0.000000,,
2250370,2026-04-24,2026-04,0.41800,0.48710,0.56590,4.430,5.080,9.510,0.000000,,
2250371,2026-04-24,2026-04,0.50650,0.48950,0.40300,4.240,3.850,8.090,0.000000,,
2250372,2026-04-25,2026-04,0.52230,0.43800,0.41000,4.030,3.500,7.530,0.000000,,
2250373,2026-04-25,2026-04,0.39230,0.54490,0.55780,3.620,4.460,8.080,0.000000,,
2250374,2026-04-25,2026-04,0.44460,0.72090,0.36960,5.080,5.420,10.500,0.000000,,
2250375,2026-04-25,2026-04,0.37470,0.47430,0.28390,3.460,4.470,7.930,0.000000,,
2250376,2026-04-26,2026-04,0.52070,0.67980,0.64900,5.900,5.210,11.110,0.000000,,
2250377,2026-04-25,2026-04,0.42930,0.43970,0.59030,3.980,4.430,8.410,0.000000,,
2250378,2026-04-25,2026-04,0.44590,0.46490,0.60610,3.990,4.260,8.250,0.000000,,
2250379,2026-04-25,2026-04,0.46020,0.37760,0.63120,3.600,3.710,7.300,0.010000,,
2250380,2026-04-25,2026-04,0.48600,0.53360,0.63040,4.860,4.670,9.530,0.000000,,
2250381,2026-04-25,2026-04,0.53000,0.49480,0.44140,5.190,4.440,9.630,0.000000,,
2250382,2026-04-25,2026-04,0.43840,0.41770,0.60590,3.690,4.030,7.730,0.010000,,
2250383,2026-04-25,2026-04,0.50340,0.42850,0.41580,4.880,4.470,9.350,0.000000,,
2250384,2026-04-25,2026-04,0.53250,0.43400,0.67260,5.090,4.330,9.420,0.000000,,
2250385,2026-04-25,2026-04,0.40620,0.37570,0.57630,3.520,4.190,7.710,0.000000,,
2250386,2026-04-26,2026-04,0.50160,0.59550,0.64550,4.860,4.490,9.340,0.010000,,
2250387,2026-04-26,2026-04,0.34430,0.52590,0.50000,3.740,5.230,8.980,0.010000,,
2250388,2026-04-26,2026-04,0.33870,0.54420,0.49240,3.800,5.380,9.180,0.000000,,
2250389,2026-04-26,2026-04,0.46810,0.31700,0.36130,3.760,3.770,7.530,0.000000,,
2250390,2026-04-26,2026-04,0.28490,0.62110,0.44080,3.410,5.640,9.050,0.000000,,
2250391,2026-04-26,2026-04,0.38070,0.52300,0.53170,4.150,5.250,9.400,0.000000,,
2250392,2026-04-26,2026-04,0.48440,0.50270,0.38470,4.200,4.040,8.230,0.010000,,
2250393,2026-04-26,2026-04,0.42840,0.37470,0.33730,4.110,4.600,8.710,0.000000,,
2250394,2026-04-26,2026-04,0.38660,0.51750,0.29910,3.740,4.660,8.400,0.000000,,
2250395,2026-04-26,2026-04,0.44490,0.32810,0.33540,3.470,3.720,7.180,0.010000,,
2250396,2026-04-26,2026-04,0.46120,0.34170,0.63260,3.630,3.710,7.330,0.010000,,
2250397,2026-04-26,2026-04,0.37760,0.42860,0.28020,3.250,4.190,7.440,0.000000,,
2250398,2026-04-26,2026-04,0.45210,0.27470,0.62810,3.440,3.620,7.060,0.000000,,
2250399,2026-04-26,2026-04,0.39470,0.36010,0.29620,3.370,4.150,7.530,0.010000,,
2250400,2026-04-27,2026-04,0.35910,0.37000,0.53830,3.060,4.170,7.240,0.010000,,
2250401,2026-04-27,2026-04,0.41100,0.61450,0.33540,4.670,5.430,10.100,0.000000,,
2250402,2026-04-27,2026-04,0.43910,0.55350,0.60080,3.930,4.270,8.200,0.000000,,
2250403,2026-04-27,2026-04,0.36090,0.50180,0.28810,4.170,5.530,9.700,0.000000,,
2250404,2026-04-27,2026-04,0.52820,0.40010,0.42810,4.570,3.910,8.480,0.000000,,
2250405,2026-04-27,2026-04,0.55840,0.38560,0.44160,4.140,3.250,7.400,0.010000,,
2250406,2026-04-27,2026-04,0.41710,0.39290,0.31050,3.280,3.790,7.070,0.000000,,
2250407,2026-04-27,2026-04,0.27870,0.49990,0.43210,3.400,5.740,9.150,0.010000,,
2250408,2026-04-28,2026-04,0.50300,0.48290,0.66140,4.180,3.820,8.010,0.010000,,
2250409,2026-04-28,2026-04,0.44180,0.52530,0.58420,4.820,5.180,10.000,0.000000,,
2250410,2026-04-28,2026-04,0.44610,0.43520,0.60560,4.040,4.310,8.350,0.000000,,
2250411,2026-04-28,2026-04,0.31520,0.52010,0.46660,3.740,5.640,9.380,0.000000,,
2250412,2026-04-28,2026-04,0.39840,0.62350,0.54170,4.650,5.580,10.230,0.000000,,
2250413,2026-04-28,2026-04,0.38240,0.60330,0.30450,4.190,5.260,9.450,0.000000,,
2250414,2026-04-28,2026-04,0.28860,0.55680,0.44060,3.560,5.800,9.360,0.000000,,
2250415,2026-04-28,2026-04,0.39250,0.39320,0.29910,3.530,4.360,7.890,0.000000,,
2250416,2026-04-28,2026-04,0.39310,0.54690,0.30870,3.930,4.810,8.740,0.000000,,
2250417,2026-04-28,2026-04,0.48170,0.37150,0.36340,3.480,3.370,6.850,0.000000,,
2250418,2026-04-28,2026-04,0.51260,0.41510,0.38950,3.570,3.170,6.740,0.000000,,
2250419,2026-04-28,2026-04,0.48930,0.52110,0.41070,5.400,5.150,10.550,0.000000,,
2250420,2026-04-28,2026-04,0.49910,0.39980,0.39450,4.130,3.830,7.960,0.000000,,
2250421,2026-04-28,2026-04,0.33200,0.44590,0.50590,3.090,4.520,7.610,0.000000,,
2250422,2026-04-29,2026-04,0.48190,0.50390,0.36770,3.600,3.470,7.070,0.000000,,
2250423,2026-04-29,2026-04,0.38590,0.36770,0.29520,3.590,4.500,8.100,0.010000,,
2250424,2026-04-29,2026-04,0.46090,0.49640,0.36730,4.250,4.350,8.610,0.010000,,
2250425,2026-04-29,2026-04,0.50260,0.44780,0.40420,4.440,4.070,8.510,0.000000,,
2250426,2026-04-29,2026-04,0.38710,0.70100,0.32730,5.410,6.630,12.030,0.010000,,
2250427,2026-04-29,2026-04,0.33510,0.36740,0.50820,3.100,4.520,7.620,0.000000,,
2250428,2026-04-29,2026-04,0.51600,0.50560,0.42440,4.860,4.310,9.180,0.010000,,
2250430,2026-04-29,2026-04,0.48290,0.38260,0.63260,4.460,4.340,8.800,0.000000,,
2250431,2026-04-29,2026-04,0.44350,0.53160,0.59070,4.590,4.920,9.510,0.000000,,
2250433,2026-04-29,2026-04,0.44810,0.63570,0.59080,4.810,5.080,9.890,0.000000,,
2250434,2026-04-29,2026-04,0.49180,0.46700,0.39200,4.250,4.010,8.260,0.000000,,
2250435,2026-04-29,2026-04,0.54840,0.51610,0.46880,5.770,4.710,10.490,0.010000,,
2250436,2026-04-30,2026-04,0.38750,0.38040,0.29230,3.450,4.310,7.760,0.000000,,
2250437,2026-04-30,2026-04,0.56040,0.55830,0.69000,5.820,4.630,10.460,0.010000,,
2250438,2026-04-30,2026-04,0.32560,0.51570,0.49720,3.130,4.660,7.780,0.010000,,
2250439,2026-04-30,2026-04,0.44450,0.55000,0.58380,5.010,5.340,10.350,0.000000,,
2250440,2026-04-30,2026-04,0.45970,0.66880,0.60400,4.780,4.900,9.680,0.000000,,
2250441,2026-04-30,2026-04,0.28610,0.61530,0.42950,3.870,6.290,10.160,0.000000,,
2250442,2026-04-30,2026-04,0.34350,0.58220,0.48220,4.550,6.260,10.810,0.000000,,
2250443,2026-04-30,2026-04,0.45870,0.46770,0.36180,4.080,4.200,8.280,0.000000,,
2250444,2026-05-01,2026-05,0.47110,0.48240,0.37500,4.230,4.210,8.450,0.010000,,
2250445,2026-05-01,2026-05,0.34780,0.56000,0.50010,3.950,5.440,9.390,0.000000,,
2250446,2026-05-01,2026-05,0.48130,0.56810,0.39510,4.810,4.670,9.480,0.000000,,
2250447,2026-05-01,2026-05,0.46470,0.40890,0.62540,4.000,4.070,8.070,0.000000,,
2250448,2026-05-01,2026-05,0.36630,0.44650,0.28690,3.900,5.120,9.020,0.000000,,
2250449,2026-05-01,2026-05,0.44480,0.45050,0.61320,3.700,3.960,7.650,0.010000,,
2250450,2026-05-01,2026-05,0.54230,0.50930,0.43950,4.550,3.750,8.300,0.000000,,
2250451,2026-05-01,2026-05,0.54400,0.54650,0.45620,5.300,4.400,9.700,0.000000,,
2250452,2026-05-01,2026-05,0.49430,0.47040,0.39930,4.520,4.250,8.770,0.000000,,
2250453,2026-05-01,2026-05,0.47960,0.51550,0.40520,5.750,5.670,11.420,0.000000,,
2250454,2026-05-01,2026-05,0.53810,0.49160,0.44840,5.200,4.370,9.570,0.000000,,
2250455,2026-05-01,2026-05,0.41660,0.50840,0.34140,4.830,5.540,10.370,0.000000,,
2250456,2026-05-01,2026-05,0.51430,0.37820,0.67850,3.880,3.440,7.310,0.010000,,
2250457,2026-05-01,2026-05,0.40640,0.48000,0.58020,3.370,4.020,7.390,0.000000,,
2250458,2026-05-02,2026-05,0.36680,0.54430,0.51590,4.190,5.480,9.670,0.000000,,
2250459,2026-05-02,2026-05,0.43260,0.52760,0.34580,4.270,4.700,8.970,0.000000,,
2250460,2026-05-02,2026-05,0.46830,0.55610,0.59070,5.980,6.060,12.040,0.000000,,
2250461,2026-05-02,2026-05,0.47980,0.52540,0.63050,4.540,4.420,8.960,0.000000,,
2250462,2026-05-02,2026-05,0.43450,0.55320,0.34600,4.200,4.610,8.810,0.000000,,
2250463,2026-05-02,2026-05,0.46000,0.31730,0.62810,3.710,3.810,7.520,0.000000,,
2250464,2026-05-02,2026-05,0.38990,0.45910,0.54830,3.860,4.770,8.630,0.000000,,
2250465,2026-05-02,2026-05,0.58420,0.55820,0.48730,5.110,3.770,8.880,0.000000,,
2250466,2026-05-02,2026-05,0.33530,0.42890,0.25840,3.620,5.190,8.820,0.010000,,
2250467,2026-05-02,2026-05,0.39740,0.40460,0.56970,3.420,4.170,7.590,0.000000,,
2250468,2026-05-02,2026-05,0.45220,0.42440,0.36420,4.530,4.770,9.300,0.000000,,
2250469,2026-05-02,2026-05,0.40190,0.36680,0.57990,3.260,3.930,7.190,0.000000,,
2250470,2026-05-02,2026-05,0.50630,0.41760,0.39280,3.840,3.480,7.320,0.000000,,
2250471,2026-05-02,2026-05,0.44580,0.35360,0.62280,3.410,3.650,7.060,0.000000,,
2250472,2026-05-03,2026-05,0.39280,0.52200,0.30930,4.010,4.900,8.910,0.000000,,
2250473,2026-05-03,2026-05,0.28220,0.41310,0.44100,3.220,5.410,8.630,0.000000,,
2250474,2026-05-03,2026-05,0.42660,0.52600,0.33590,4.000,4.490,8.490,0.000000,,
2250475,2026-05-03,2026-05,0.33290,0.37480,0.49970,3.330,4.840,8.180,0.010000,,
2250476,2026-05-03,2026-05,0.48600,0.48310,0.39490,4.560,4.360,8.920,0.000000,,
2250477,2026-05-03,2026-05,0.33820,0.55100,0.49100,3.840,5.440,9.270,0.010000,,
2250478,2026-05-03,2026-05,0.52140,0.53060,0.42840,4.810,4.200,9.010,0.000000,,
2250479,2026-05-03,2026-05,0.55300,0.32060,0.44720,4.490,3.590,8.070,0.010000,,
2250480,2026-05-03,2026-05,0.37310,0.56550,0.30740,4.910,6.280,11.180,0.010000,,
2250481,2026-05-03,2026-05,0.53020,0.45760,0.44430,5.240,4.470,9.710,0.000000,,
2250482,2026-05-03,2026-05,0.47410,0.30480,0.36500,3.720,3.670,7.400,0.010000,,
2250483,2026-05-03,2026-05,0.55170,0.43830,0.44340,4.410,3.540,7.960,0.010000,,
2250484,2026-05-03,2026-05,0.39410,0.45810,0.55950,3.670,4.500,8.170,0.000000,,
2250485,2026-05-03,2026-05,0.37850,0.44790,0.29260,3.730,4.770,8.510,0.010000,,
2250486,2026-05-04,2026-05,0.59700,0.53590,0.50130,5.300,3.790,9.090,0.000000,,
2250487,2026-05-04,2026-05,0.36020,0.48470,0.52260,3.620,4.860,8.480,0.000000,,
2250488,2026-05-04,2026-05,0.36580,0.44990,0.28270,3.680,4.850,8.530,0.000000,,
2250489,2026-05-04,2026-05,0.31120,0.44490,0.47340,3.340,5.150,8.490,0.000000,,
2250490,2026-05-04,2026-05,0.28140,0.38230,0.41080,3.970,6.690,10.660,0.000000,,
2250491,2026-05-04,2026-05,0.38610,0.43230,0.30300,3.930,4.910,8.850,0.010000,,
2250492,2026-05-04,2026-05,0.54530,0.41940,0.44670,4.790,3.920,8.710,0.000000,,
2250493,2026-05-04,2026-05,0.39890,0.32710,0.30180,3.460,4.180,7.640,0.000000,,
2250494,2026-05-04,2026-05,0.44490,0.46540,0.36760,5.170,5.550,10.720,0.000000,,
2250495,2026-05-04,2026-05,0.41640,0.40560,0.59330,3.340,3.860,7.200,0.000000,,
2250496,2026-05-04,2026-05,0.44990,0.42340,0.61570,3.790,4.000,7.790,0.000000,,
2250497,2026-05-04,2026-05,0.39980,0.39920,0.30170,3.410,4.130,7.540,0.000000,,
2250498,2026-05-05,2026-05,0.37390,0.50500,0.52700,4.020,5.160,9.180,0.000000,,
2250499,2026-05-05,2026-05,0.41310,0.52370,0.58090,3.630,4.220,7.850,0.000000,,
2250500,2026-05-05,2026-05,0.44910,0.46670,0.59140,4.770,5.060,9.830,0.000000,,
2250501,2026-05-05,2026-05,0.37110,0.49910,0.52610,3.970,5.130,9.100,0.000000,,
2250502,2026-05-05,2026-05,0.51310,0.51900,0.43450,5.550,4.970,10.530,0.010000,,
2250503,2026-05-05,2026-05,0.48140,0.40010,0.38470,4.300,4.170,8.470,0.000000,,
2250504,2026-05-05,2026-05,0.34920,0.57530,0.49960,4.050,5.540,9.590,0.000000,,
2250505,2026-05-05,2026-05,0.45540,0.47150,0.35360,3.860,4.020,7.880,0.000000,,
2250506,2026-07-07,2026-07,0.42220,0.36000,0.30940,3.150,3.600,6.750,0.000000,,
2250507,2026-05-05,2026-05,0.50860,0.38240,0.40120,4.090,3.690,7.780,0.000000,,
2250508,2026-05-07,2026-05,0.43680,0.56770,0.36580,5.370,5.850,11.220,0.000000,,
2250509,2026-05-05,2026-05,0.58250,0.46100,0.48910,5.280,3.930,9.210,0.000000,,
2250510,2026-05-05,2026-05,0.47940,0.38390,0.65310,3.540,3.450,6.990,0.000000,,
2250511,2026-05-05,2026-05,0.40440,0.53570,0.56410,3.940,4.670,8.600,0.010000,,
2250512,2026-05-06,2026-05,0.41880,0.48750,0.58370,3.760,4.310,8.060,0.010000,,
2250513,2026-05-06,2026-05,0.39110,0.55220,0.30620,3.950,4.860,8.810,0.000000,,
2250514,2026-05-06,2026-05,0.55780,0.40180,0.45630,4.740,3.750,8.500,0.010000,,
2250515,2026-05-06,2026-05,0.52290,0.59490,0.45260,6.190,5.410,11.600,0.000000,,
2250516,2026-05-06,2026-05,0.59500,0.42950,0.49040,4.850,3.460,8.300,0.010000,,
2250517,2026-05-06,2026-05,0.52990,0.42560,0.42680,4.450,3.790,8.240,0.000000,,
2250518,2026-05-06,2026-05,0.52290,0.32110,0.68870,3.820,3.300,7.120,0.000000,,
2250519,2026-05-06,2026-05,0.47560,0.47640,0.38360,4.450,4.380,8.830,0.000000,,
2250520,2026-05-06,2026-05,0.38150,0.42980,0.54560,3.660,4.640,8.300,0.000000,,
2250521,2026-05-06,2026-05,0.42190,0.49930,0.57450,4.270,4.830,9.110,0.010000,,
2250522,2026-05-06,2026-05,0.59820,0.56420,0.52430,6.480,4.680,11.160,0.000000,,
2250523,2026-05-06,2026-05,0.36110,0.47300,0.51950,3.770,5.030,8.810,0.010000,,
2250524,2026-05-06,2026-05,0.35890,0.54110,0.50920,4.140,5.510,9.640,0.010000,,
2250525,2026-05-06,2026-05,0.45580,0.56590,0.60810,4.400,4.570,8.970,0.000000,,
2250526,2026-05-07,2026-05,0.45390,0.54180,0.59940,4.720,4.920,9.640,0.000000,,
2250527,2026-05-07,2026-05,0.35440,0.57210,0.29180,4.820,6.460,11.280,0.000000,,
2250528,2026-05-07,2026-05,0.34940,0.44010,0.49730,4.000,5.510,9.510,0.000000,,
2250529,2026-05-07,2026-05,0.35530,0.38540,0.51940,3.520,4.790,8.310,0.000000,,
2250530,2026-05-07,2026-05,0.47630,0.50620,0.61860,4.920,4.840,9.760,0.000000,,
2250531,2026-05-07,2026-05,0.39320,0.38230,0.56330,3.480,4.300,7.780,0.000000,,
2250532,2026-05-07,2026-05,0.38750,0.46050,0.30260,3.850,4.790,8.640,0.000000,,
2250533,2026-05-07,2026-05,0.36900,0.42280,0.53900,3.360,4.430,7.790,0.000000,,
2250534,2026-05-08,2026-05,0.35010,0.44860,0.50640,3.820,5.240,9.050,0.010000,,
2250535,2026-05-08,2026-05,0.46480,0.58060,0.61400,4.550,4.600,9.150,0.000000,,
2250536,2026-05-08,2026-05,0.41700,0.55600,0.55150,5.150,5.890,11.040,0.000000,,
2250537,2026-05-08,2026-05,0.44360,0.49880,0.60590,3.950,4.230,8.180,0.000000,,
2250538,2026-05-08,2026-05,0.44200,0.39110,0.60680,3.780,4.080,7.870,0.010000,,
2250539,2026-05-08,2026-05,0.48840,0.38650,0.65080,4.010,3.810,7.820,0.000000,,
2250540,2026-05-08,2026-05,0.43020,0.35950,0.61390,3.180,3.550,6.740,0.010000,,
2250541,2026-05-08,2026-05,0.43960,0.39210,0.60490,3.780,4.100,7.880,0.000000,,
2250542,2026-05-08,2026-05,0.45230,0.40290,0.34690,3.700,3.880,7.580,0.000000,,
2250543,2026-05-08,2026-05,0.47780,0.40400,0.36510,3.630,3.550,7.180,0.000000,,
2250544,2026-05-08,2026-05,0.42830,0.43160,0.33530,3.930,4.390,8.320,0.000000,,
2250545,2026-05-08,2026-05,0.48900,0.37190,0.65770,3.720,3.530,7.250,0.000000,,
2250546,2026-05-08,2026-05,0.53320,0.53840,0.43420,4.680,3.960,8.640,0.000000,,
2250547,2026-05-08,2026-05,0.34820,0.49500,0.26370,3.400,4.740,8.140,0.000000,,
2250548,2026-05-09,2026-05,0.46410,0.43990,0.62180,4.170,4.240,8.400,0.010000,,
2250549,2026-05-09,2026-05,0.45860,0.45350,0.37480,4.750,4.900,9.660,0.010000,,
2250550,2026-05-09,2026-05,0.43620,0.35360,0.60090,3.790,4.140,7.940,0.010000,,
2250551,2026-07-17,2026-07,0.36810,0.43860,0.54330,3.250,4.290,7.540,0.000000,,
2250552,2026-05-09,2026-05,0.34730,0.43470,0.51100,3.490,4.870,8.350,0.010000,,
2250553,2026-05-09,2026-05,0.47770,0.57300,0.61690,5.070,4.980,10.040,0.010000,,
2250554,2026-05-09,2026-05,0.51690,0.44780,0.41210,4.280,3.770,8.050,0.000000,,
2250555,2026-05-09,2026-05,0.45910,0.46140,0.36120,4.040,4.160,8.200,0.000000,,
2250556,2026-05-09,2026-05,0.40140,0.40840,0.56060,3.900,4.670,8.560,0.010000,,
2250557,2026-05-09,2026-05,0.43880,0.44500,0.35430,4.570,4.980,9.550,0.000000,,
2250558,2026-05-09,2026-05,0.46680,0.42030,0.35750,3.660,3.690,7.350,0.000000,,
2250559,2026-05-09,2026-05,0.39850,0.42650,0.56740,3.540,4.300,7.840,0.000000,,
2250560,2026-05-09,2026-05,0.41910,0.48170,0.31660,3.450,3.960,7.410,0.000000,,
2250561,2026-05-09,2026-05,0.36370,0.49000,0.51940,3.870,5.120,9.000,0.010000,,
2250562,2026-05-10,2026-05,0.40720,0.49990,0.56030,4.190,4.930,9.110,0.010000,,
2250563,2026-05-10,2026-05,0.41450,0.36540,0.32950,4.350,5.070,9.420,0.000000,,
2250564,2026-05-10,2026-05,0.36800,0.29010,0.55310,2.910,3.890,6.800,0.000000,,
2250565,2026-05-10,2026-05,0.43930,0.51540,0.58920,4.470,4.840,9.310,0.000000,,
2250566,2026-05-10,2026-05,0.45290,0.48610,0.35870,4.150,4.350,8.500,0.000000,,
2250567,2026-05-10,2026-05,0.54460,0.36090,0.44630,4.700,3.840,8.540,0.000000,,
2250568,2026-05-10,2026-05,0.41640,0.46850,0.58370,3.640,4.210,7.850,0.000000,,
2250569,2026-05-10,2026-05,0.38500,0.42440,0.29140,3.450,4.340,7.800,0.010000,,
2250570,2026-05-10,2026-05,0.44850,0.38640,0.34270,3.590,3.800,7.400,0.010000,,
2250571,2026-05-10,2026-05,0.40700,0.42840,0.58060,3.400,4.040,7.440,0.000000,,
2250572,2026-05-10,2026-05,0.43820,0.52300,0.35070,4.280,4.640,8.920,0.000000,,
2250573,2026-05-10,2026-05,0.39980,0.46940,0.55690,3.980,4.780,8.750,0.010000,,
2250574,2026-05-10,2026-05,0.40960,0.28630,0.57870,3.510,4.150,7.670,0.010000,,
2250575,2026-05-10,2026-05,0.49030,0.51140,0.63640,4.740,4.500,9.240,0.000000,,
2250576,2026-05-11,2026-05,0.45560,0.50930,0.61480,4.070,4.230,8.300,0.000000,,
2250577,2026-05-11,2026-05,0.49270,0.49000,0.40640,4.920,4.640,9.550,0.010000,,
2250578,2026-05-11,2026-05,0.44420,0.54470,0.60690,3.900,4.180,8.080,0.000000,,
2250579,2026-05-11,2026-05,0.41690,0.40660,0.32170,3.740,4.310,8.050,0.000000,,
2250580,2026-05-11,2026-05,0.55250,0.47600,0.69150,5.190,4.190,9.380,0.000000,,
2250581,2026-05-12,2026-05,0.48940,0.44550,0.64370,4.340,4.120,8.460,0.000000,,
2250582,2026-05-12,2026-05,0.48480,0.49330,0.39840,4.890,4.710,9.590,0.010000,,
2250583,2026-05-12,2026-05,0.41860,0.48460,0.56130,4.690,5.360,10.050,0.000000,,
2250584,2026-05-12,2026-05,0.27150,0.59940,0.42230,3.470,5.950,9.420,0.000000,,
2250585,2026-05-12,2026-05,0.48020,0.39590,0.37130,3.800,3.700,7.500,0.000000,,
2250586,2026-05-12,2026-05,0.47150,0.42720,0.36740,3.920,3.910,7.830,0.000000,,
2250587,2026-05-12,2026-05,0.36420,0.59150,0.51680,4.010,5.290,9.290,0.010000,,
2250588,2026-05-12,2026-05,0.40360,0.49970,0.55600,4.170,4.960,9.130,0.000000,,
2250589,2026-05-12,2026-05,0.47240,0.34980,0.36860,3.960,3.940,7.900,0.000000,,
2250590,2026-05-12,2026-05,0.37720,0.46960,0.29900,4.090,5.210,9.300,0.000000,,
2250591,2026-05-12,2026-05,0.52800,0.38560,0.68130,4.480,3.830,8.310,0.000000,,
2250592,2026-05-12,2026-05,0.45560,0.41750,0.36300,4.260,4.420,8.670,0.010000,,
2250593,2026-05-12,2026-05,0.43660,0.53270,0.56650,5.340,5.850,11.190,0.000000,,
2250594,2026-05-12,2026-05,0.31840,0.52140,0.47030,3.770,5.630,9.400,0.000000,,
2250595,2026-05-13,2026-05,0.41310,0.47500,0.58880,3.390,3.960,7.340,0.010000,,
2250596,2026-05-13,2026-05,0.55550,0.51830,0.46410,5.180,4.150,9.330,0.000000,,
2250597,2026-05-13,2026-05,0.41080,0.35050,0.57050,3.880,4.540,8.420,0.000000,,
2250598,2026-05-13,2026-05,0.42900,0.46280,0.58500,4.100,4.570,8.680,0.010000,,
2250599,2026-05-13,2026-05,0.34730,0.49020,0.49720,4.020,5.540,9.560,0.000000,,
2250600,2026-05-13,2026-05,0.40740,0.53990,0.56530,3.980,4.680,8.660,0.000000,,
2250601,2026-05-13,2026-05,0.38190,0.51060,0.29880,3.880,4.890,8.770,0.000000,,
2250602,2026-05-13,2026-05,0.52560,0.43000,0.42400,4.460,3.840,8.300,0.000000,,
2250603,2026-05-13,2026-05,0.42330,0.44160,0.32650,3.740,4.250,7.990,0.000000,,
2250604,2026-05-13,2026-05,0.55700,0.52960,0.46690,5.260,4.210,9.470,0.000000,,
2250605,2026-05-13,2026-05,0.41800,0.47070,0.59300,3.390,3.900,7.290,0.000000,,
2250606,2026-05-13,2026-05,0.44000,0.50140,0.35890,4.670,5.030,9.700,0.000000,,
2250607,2026-05-13,2026-05,0.39210,0.50330,0.52800,4.840,5.930,10.780,0.010000,,
2250608,2026-05-13,2026-05,0.37000,0.44980,0.54170,3.310,4.350,7.660,0.000000,,
2250609,2026-05-14,2026-05,0.43580,0.48440,0.59500,4.040,4.420,8.460,0.000000,,
2250610,2026-05-14,2026-05,0.40380,0.40810,0.57470,3.470,4.160,7.640,0.010000,,
2250611,2026-05-14,2026-05,0.42000,0.51520,0.58790,3.610,4.140,7.760,0.010000,,
2250612,2026-05-14,2026-05,0.47350,0.51950,0.38690,4.700,4.650,9.360,0.010000,,
2250613,2026-05-14,2026-05,0.38590,0.51530,0.54910,3.720,4.650,8.370,0.000000,,
2250614,2026-05-14,2026-05,0.40120,0.53000,0.32630,4.590,5.480,10.080,0.010000,,
2250615,2026-05-14,2026-05,0.58440,0.51530,0.71100,6.280,4.670,10.950,0.000000,,
2250616,2026-05-14,2026-05,0.30760,0.56180,0.47280,3.240,5.060,8.300,0.000000,,
2250617,2026-05-14,2026-05,0.43550,0.41850,0.60830,3.490,3.840,7.330,0.000000,,
2250618,2026-05-14,2026-05,0.51790,0.50640,0.41670,4.400,3.870,8.270,0.000000,,
2250619,2026-05-14,2026-05,0.48660,0.53120,0.64040,4.380,4.180,8.560,0.000000,,
2250620,2026-05-15,2026-05,0.35940,0.55910,0.51140,4.010,5.370,9.380,0.000000,,
2250621,2026-05-15,2026-05,0.50040,0.59270,0.42790,6.000,5.590,11.590,0.000000,,
2250622,2026-05-15,2026-05,0.45390,0.45730,0.35540,3.990,4.170,8.160,0.000000,,
2250623,2026-05-15,2026-05,0.41860,0.45780,0.58180,3.810,4.360,8.170,0.000000,,
2250624,2026-05-15,2026-05,0.42720,0.43450,0.59300,3.730,4.180,7.910,0.000000,,
2250625,2026-05-15,2026-05,0.47820,0.53130,0.63220,4.330,4.230,8.560,0.000000,,
2250626,2026-05-15,2026-05,0.47630,0.48430,0.36660,3.750,3.680,7.430,0.000000,,
2250627,2026-05-15,2026-05,0.41260,0.42430,0.32020,3.800,4.430,8.230,0.000000,,
2250628,2026-05-15,2026-05,0.37120,0.47630,0.29070,3.840,4.990,8.830,0.000000,,
2250629,2026-05-15,2026-05,0.38490,0.44320,0.30330,4.000,4.990,8.980,0.010000,,
2250630,2026-05-15,2026-05,0.49550,0.40180,0.39290,4.140,3.860,8.000,0.000000,,
2250631,2026-05-15,2026-05,0.45120,0.38120,0.35970,4.270,4.500,8.770,0.000000,,
2250632,2026-05-15,2026-05,0.43310,0.45320,0.60940,3.380,3.740,7.120,0.000000,,
2250633,2026-05-15,2026-05,0.43570,0.56840,0.56220,5.590,6.130,11.720,0.000000,,
2250634,2026-05-16,2026-05,0.41450,0.40720,0.31920,3.730,4.320,8.050,0.000000,,
2250635,2026-05-16,2026-05,0.41410,0.48220,0.33340,4.390,5.070,9.460,0.000000,,
2250636,2026-05-16,2026-05,0.43210,0.53110,0.36000,5.290,5.860,11.150,0.000000,,
2250637,2026-05-16,2026-05,0.49660,0.49250,0.40370,4.670,4.360,9.020,0.010000,,
2250638,2026-05-16,2026-05,0.37050,0.46480,0.53580,3.580,4.670,8.250,0.000000,,
2250639,2026-05-16,2026-05,0.38850,0.50830,0.54140,4.120,5.100,9.220,0.000000,,
2250640,2026-05-16,2026-05,0.44330,0.46490,0.34150,3.770,4.050,7.820,0.000000,,
2250641,2026-05-16,2026-05,0.40160,0.35310,0.30190,3.380,4.080,7.460,0.000000,,
2250642,2026-05-16,2026-05,0.42440,0.41120,0.32900,3.790,4.290,8.090,0.010000,,
2250643,2026-05-16,2026-05,0.42020,0.49710,0.59160,3.530,4.040,7.560,0.010000,,
2250644,2026-05-16,2026-05,0.45730,0.41630,0.62880,3.590,3.720,7.310,0.000000,,
2250645,2026-05-16,2026-05,0.41830,0.40620,0.32360,3.750,4.300,8.050,0.000000,,
2250646,2026-05-16,2026-05,0.49040,0.39310,0.38560,4.050,3.840,7.890,0.000000,,
2250647,2026-05-16,2026-05,0.49140,0.52990,0.62460,5.470,5.190,10.660,0.000000,,
2250648,2026-05-17,2026-05,0.37580,0.51620,0.53870,3.670,4.710,8.380,0.000000,,
2250649,2026-05-17,2026-05,0.46590,0.48570,0.38660,5.230,5.310,10.540,0.000000,,
2250650,2026-05-17,2026-05,0.39640,0.48180,0.57060,3.330,4.080,7.410,0.000000,,
2250651,2026-05-17,2026-05,0.31890,0.62020,0.45760,4.330,6.400,10.730,0.000000,,
2250652,2026-05-17,2026-05,0.34360,0.47830,0.50170,3.690,5.170,8.860,0.000000,,
2250653,2026-05-17,2026-05,0.52070,0.57780,0.42860,4.860,4.260,9.120,0.000000,,
2250654,2026-05-17,2026-05,0.42270,0.49470,0.57550,4.250,4.800,9.050,0.000000,,
2250655,2026-05-17,2026-05,0.39200,0.46110,0.30280,3.680,4.520,8.200,0.000000,,
2250656,2026-05-17,2026-05,0.41020,0.41370,0.32200,3.980,4.660,8.630,0.010000,,
2250657,2026-05-17,2026-05,0.36760,0.51890,0.28800,3.840,5.040,8.880,0.000000,,
2250658,2026-05-17,2026-05,0.43970,0.35480,0.59740,4.060,4.410,8.470,0.000000,,
2250659,2026-05-17,2026-05,0.41130,0.58820,0.54180,5.320,6.170,11.500,0.010000,,
2250660,2026-05-17,2026-05,0.41290,0.43930,0.33050,4.380,5.100,9.480,0.000000,,
2250661,2026-05-17,2026-05,0.42050,0.41140,0.59620,3.390,3.880,7.270,0.000000,,
2250662,2026-05-18,2026-05,0.37520,0.53300,0.53130,3.970,5.080,9.050,0.000000,,
2250663,2026-05-18,2026-05,0.33200,0.52300,0.49460,3.450,5.010,8.460,0.000000,,
2250664,2026-05-18,2026-05,0.52010,0.44700,0.65900,5.350,4.680,10.030,0.000000,,
2250665,2026-05-18,2026-05,0.42240,0.42900,0.32960,3.890,4.410,8.300,0.000000,,
2250666,2026-05-18,2026-05,0.48800,0.47500,0.40710,5.290,5.090,10.390,0.010000,,
2250667,2026-05-18,2026-05,0.37450,0.43390,0.53070,3.880,4.990,8.880,0.010000,,
2250668,2026-05-18,2026-05,0.48010,0.43880,0.38810,4.520,4.400,8.930,0.010000,,
2250669,2026-05-18,2026-05,0.37600,0.48480,0.30260,4.420,5.650,10.070,0.000000,,
2250670,2026-05-18,2026-05,0.33900,0.29250,0.49630,3.480,5.030,8.510,0.000000,,
2250671,2026-05-18,2026-05,0.47860,0.54670,0.40310,5.500,5.400,10.910,0.010000,,
2250672,2026-05-18,2026-05,0.44880,0.37300,0.35160,3.970,4.190,8.170,0.010000,,
2250673,2026-05-18,2026-05,0.43840,0.47440,0.33130,3.510,3.830,7.330,0.010000,,
2250674,2026-05-18,2026-05,0.41450,0.44050,0.59440,3.220,3.770,6.980,0.010000,,
2250675,2026-05-19,2026-05,0.51010,0.41670,0.40190,4.070,3.650,7.720,0.000000,,
2250676,2026-05-19,2026-05,0.44720,0.38030,0.33980,3.550,3.780,7.330,0.000000,,
2250677,2026-05-19,2026-05,0.41040,0.57500,0.32650,4.190,4.890,9.080,0.000000,,
2250678,2026-05-19,2026-05,0.51130,0.49750,0.65780,4.790,4.300,9.090,0.000000,,
2250679,2026-05-19,2026-05,0.47640,0.50510,0.38650,4.620,4.550,9.170,0.000000,,
2250680,2026-05-19,2026-05,0.45150,0.46860,0.60550,4.260,4.470,8.730,0.000000,,
2250681,2026-05-19,2026-05,0.55630,0.50050,0.45100,4.570,3.630,8.200,0.000000,,
2250682,2026-05-19,2026-05,0.44770,0.56810,0.59100,4.840,5.120,9.960,0.000000,,
2250683,2026-05-19,2026-05,0.44030,0.39160,0.32910,3.390,3.670,7.060,0.000000,,
2250684,2026-05-19,2026-05,0.49220,0.42660,0.38700,4.030,3.790,7.820,0.000000,,
2250685,2026-05-19,2026-05,0.50700,0.58820,0.44270,6.300,5.720,12.020,0.000000,,
2250686,2026-05-19,2026-05,0.36730,0.46760,0.51990,4.020,5.260,9.280,0.000000,,
2250687,2026-05-19,2026-05,0.57280,0.55470,0.48120,5.290,4.040,9.330,0.000000,,
2250688,2026-05-19,2026-05,0.42150,0.43640,0.58790,3.710,4.230,7.940,0.000000,,
2250689,2026-05-20,2026-05,0.47300,0.50200,0.60960,5.160,5.140,10.300,0.000000,,
2250690,2026-05-20,2026-05,0.38150,0.49080,0.30050,3.980,5.020,9.010,0.010000,,
2250691,2026-05-20,2026-05,0.34890,0.54020,0.50420,3.850,5.290,9.130,0.010000,,
2250692,2026-05-20,2026-05,0.51110,0.63060,0.44970,6.680,6.030,12.710,0.000000,,
2250693,2026-05-20,2026-05,0.39630,0.40630,0.57390,3.230,3.970,7.200,0.000000,,
2250694,2026-05-20,2026-05,0.43790,0.51150,0.34470,3.990,4.350,8.340,0.000000,,
2250695,2026-05-20,2026-05,0.54430,0.51280,0.43420,4.260,3.480,7.740,0.000000,,
2250696,2026-05-20,2026-05,0.51740,0.53970,0.44170,5.730,5.080,10.810,0.000000,,
2250697,2026-05-20,2026-05,0.35940,0.40040,0.52770,3.400,4.590,7.990,0.000000,,
2250698,2026-05-20,2026-05,0.42350,0.49610,0.32860,3.830,4.330,8.150,0.010000,,
2250699,2026-05-20,2026-05,0.47800,0.65130,0.63180,4.420,4.310,8.740,0.010000,,
2250700,2026-05-20,2026-05,0.35560,0.45530,0.26480,3.250,4.460,7.710,0.000000,,
2250701,2026-05-20,2026-05,0.50780,0.37430,0.38720,3.630,3.260,6.880,0.010000,,
2250702,2026-05-20,2026-05,0.44510,0.38780,0.35480,4.290,4.580,8.870,0.000000,,
2250703,2026-05-21,2026-05,0.37900,0.50290,0.55070,3.340,4.300,7.640,0.000000,,
2250704,2026-05-21,2026-05,0.48690,0.52850,0.38260,4.040,3.860,7.900,0.000000,,
2250705,2026-05-21,2026-05,0.41630,0.70200,0.34620,5.090,5.820,10.910,0.000000,,
2250706,2026-05-21,2026-05,0.50210,0.50220,0.40000,4.280,3.930,8.210,0.000000,,
2250707,2026-05-21,2026-05,0.42220,0.39990,0.58770,3.730,4.240,7.960,0.010000,,
2250708,2026-05-21,2026-05,0.39350,0.44550,0.55480,3.820,4.660,8.480,0.000000,,
2250709,2026-05-22,2026-05,0.50560,0.57540,0.65820,4.420,4.020,8.440,0.000000,,
2250710,2026-05-23,2026-05,0.49930,0.43190,0.64300,4.870,4.520,9.400,0.010000,,
2250711,2026-05-22,2026-05,0.38160,0.64810,0.54110,3.850,4.850,8.700,0.000000,,
2250712,2026-05-22,2026-05,0.49270,0.51620,0.64800,4.310,4.060,8.370,0.000000,,
2250713,2026-05-22,2026-05,0.36850,0.53690,0.52370,3.950,5.150,9.100,0.000000,,
2250714,2026-05-22,2026-05,0.36380,0.45960,0.54340,3.060,4.120,7.190,0.010000,,
2250715,2026-05-22,2026-05,0.50340,0.46480,0.40300,4.320,3.940,8.260,0.000000,,
2250716,2026-05-22,2026-05,0.38690,0.59140,0.53360,4.370,5.420,9.800,0.010000,,
2250717,2026-05-22,2026-05,0.34360,0.42640,0.50950,3.430,4.830,8.270,0.010000,,
2250718,2026-05-22,2026-05,0.46470,0.53870,0.37610,4.530,4.590,9.110,0.010000,,
2250719,2026-05-22,2026-05,0.48220,0.37580,0.37550,3.910,3.790,7.710,0.010000,,
2250720,2026-05-22,2026-05,0.49920,0.48480,0.39540,4.170,3.860,8.030,0.000000,,
2250721,2026-05-22,2026-05,0.46010,0.46550,0.62440,3.860,3.960,7.820,0.000000,,
2250722,2026-05-22,2026-05,0.43820,0.39680,0.32870,3.400,3.710,7.110,0.000000,,
2250724,2026-05-23,2026-05,0.51190,0.62140,0.65810,4.760,4.270,9.020,0.010000,,
2250725,2026-05-23,2026-05,0.54490,0.48320,0.43890,4.410,3.610,8.020,0.000000,,
2250726,2026-05-24,2026-05,0.56260,0.58200,0.69700,5.410,4.270,9.670,0.010000,,
2250727,2026-05-23,2026-05,0.31450,0.61180,0.47160,3.530,5.380,8.910,0.000000,,
2250728,2026-05-23,2026-05,0.47530,0.37320,0.37550,4.120,4.060,8.180,0.000000,,
2250729,2026-05-23,2026-05,0.42120,0.44390,0.33030,3.960,4.500,8.460,0.000000,,
2250730,2026-05-23,2026-05,0.41100,0.45170,0.58230,3.530,4.140,7.670,0.000000,,
2250731,2026-05-23,2026-05,0.35940,0.52250,0.51030,4.030,5.380,9.410,0.000000,,
2250732,2026-05-23,2026-05,0.41830,0.42810,0.32040,3.650,4.190,7.840,0.000000,,
2250733,2026-05-23,2026-05,0.55420,0.51050,0.47940,6.030,4.850,10.880,0.000000,,
2250734,2026-05-23,2026-05,0.42260,0.51100,0.34030,4.340,4.900,9.240,0.000000,,
2250735,2026-05-23,2026-05,0.46530,0.38640,0.35710,3.680,3.720,7.400,0.000000,,
2250736,2026-05-23,2026-05,0.44680,0.48600,0.34850,3.900,4.140,8.050,0.010000,,
2250737,2026-05-24,2026-05,0.44800,0.51370,0.60700,4.050,4.300,8.350,0.000000,,
2250738,2026-05-24,2026-05,0.44860,0.61050,0.58960,4.890,5.170,10.060,0.000000,,
2250739,2026-05-24,2026-05,0.45660,0.51940,0.62190,3.840,3.970,7.800,0.010000,,
2250740,2026-05-24,2026-05,0.51590,0.64610,0.42570,4.950,4.400,9.360,0.010000,,
2250741,2026-05-24,2026-05,0.40530,0.55010,0.57020,3.730,4.420,8.160,0.010000,,
2250743,2026-05-24,2026-05,0.41360,0.48580,0.57910,3.730,4.330,8.050,0.010000,,
2250744,2026-05-24,2026-05,0.49820,0.46750,0.40260,4.530,4.210,8.730,0.010000,,
2250745,2026-05-24,2026-05,0.51390,0.51060,0.41820,4.640,4.130,8.770,0.000000,,
2250746,2026-05-24,2026-05,0.46100,0.52890,0.62440,3.900,4.000,7.900,0.000000,,
2250747,2026-05-24,2026-05,0.45830,0.46340,0.61820,4.050,4.180,8.230,0.000000,,
2250748,2026-05-24,2026-05,0.37960,0.43150,0.55480,3.270,4.190,7.460,0.000000,,
2250749,2026-05-24,2026-05,0.40260,0.45340,0.56800,3.690,4.420,8.120,0.010000,,
2250750,2026-05-24,2026-05,0.44950,0.56220,0.60260,4.340,4.580,8.920,0.000000,,
2250751,2026-05-25,2026-05,0.51810,0.54800,0.42200,4.660,4.090,8.750,0.000000,,
2250752,2026-05-25,2026-05,0.53070,0.40070,0.41800,4.080,3.460,7.540,0.000000,,
2250753,2026-05-25,2026-05,0.31520,0.46840,0.48570,3.100,4.760,7.860,0.000000,,
2250754,2026-05-25,2026-05,0.41690,0.44850,0.32790,3.960,4.550,8.510,0.000000,,
2250755,2026-05-25,2026-05,0.35530,0.59690,0.50730,3.980,5.380,9.360,0.000000,,
2250756,2026-05-25,2026-05,0.41880,0.37990,0.58800,3.610,4.140,7.740,0.010000,,
2250757,2026-05-25,2026-05,0.50990,0.49500,0.41320,4.530,4.070,8.600,0.000000,,
2250758,2026-05-25,2026-05,0.54450,0.58500,0.44510,4.710,3.860,8.570,0.000000,,
2250759,2026-05-25,2026-05,0.38600,0.50870,0.54360,3.900,4.860,8.750,0.010000,,
2250760,2026-05-25,2026-05,0.34970,0.53010,0.51100,3.590,4.960,8.550,0.000000,,
2250761,2026-05-25,2026-05,0.39280,0.58760,0.53520,4.620,5.630,10.250,0.000000,,
2250762,2026-05-25,2026-05,0.42970,0.54520,0.36220,5.620,6.250,11.870,0.000000,,
2250763,2026-05-26,2026-05,0.42620,0.50120,0.58810,3.860,4.340,8.210,0.010000,,
2250764,2026-05-26,2026-05,0.46980,0.52500,0.38300,4.700,4.720,9.420,0.000000,,
2250765,2026-05-26,2026-05,0.38540,0.35590,0.55360,3.530,4.440,7.970,0.000000,,
2250766,2026-05-26,2026-05,0.34390,0.56100,0.49460,3.930,5.470,9.400,0.000000,,
2250767,2026-05-26,2026-05,0.39940,0.40460,0.30140,3.430,4.150,7.590,0.010000,,
2250768,2026-05-26,2026-05,0.35760,0.51400,0.52170,3.560,4.800,8.360,0.000000,,
2250769,2026-05-26,2026-05,0.56880,0.57820,0.47480,5.160,3.970,9.130,0.000000,,
2250770,2026-05-26,2026-05,0.51770,0.45080,0.40800,4.080,3.590,7.660,0.010000,,
2250771,2026-05-26,2026-05,0.52410,0.41870,0.42060,4.390,3.800,8.180,0.010000,,
2250772,2026-05-26,2026-05,0.41940,0.39800,0.59170,3.500,4.020,7.520,0.000000,,
2250773,2026-05-26,2026-05,0.39990,0.50670,0.55760,3.960,4.770,8.730,0.000000,,
2250774,2026-05-26,2026-05,0.46410,0.49940,0.38370,5.070,5.180,10.250,0.000000,,
2250775,2026-05-26,2026-05,0.37940,0.52370,0.29390,3.730,4.740,8.470,0.000000,,
2250776,2026-05-26,2026-05,0.38800,0.58190,0.52670,4.840,5.950,10.780,0.010000,,
2250777,2026-05-27,2026-05,0.39280,0.53060,0.55190,3.830,4.710,8.550,0.010000,,
2250778,2026-05-27,2026-05,0.39270,0.44230,0.55950,3.590,4.420,8.000,0.010000,,
2250779,2026-05-27,2026-05,0.38190,0.46880,0.54600,3.670,4.640,8.300,0.010000,,
2250780,2026-05-27,2026-05,0.45780,0.55550,0.38160,5.130,5.280,10.410,0.000000,,
2250781,2026-05-27,2026-05,0.51850,0.48440,0.40480,3.960,3.470,7.430,0.000000,,
2250782,2026-05-27,2026-05,0.46230,0.42690,0.37540,4.610,4.720,9.330,0.000000,,
2250783,2026-05-27,2026-05,0.38790,0.41370,0.28840,3.230,4.050,7.280,0.000000,,
2250784,2026-05-27,2026-05,0.41630,0.53700,0.56400,4.450,5.120,9.570,0.000000,,
2250785,2026-05-27,2026-05,0.47590,0.41850,0.37100,3.900,3.840,7.740,0.000000,,
2250786,2026-05-27,2026-05,0.35090,0.42890,0.51470,3.490,4.810,8.300,0.000000,,
2250787,2026-05-27,2026-05,0.48570,0.46300,0.38600,4.190,4.020,8.210,0.000000,,
2250788,2026-05-27,2026-05,0.45470,0.51370,0.36920,4.550,4.720,9.280,0.010000,,
2250789,2026-05-27,2026-05,0.39240,0.55160,0.55780,3.670,4.510,8.170,0.010000,,
2250790,2026-05-27,2026-05,0.34140,0.46980,0.50600,3.440,4.880,8.320,0.000000,,
2250791,2026-05-28,2026-05,0.47000,0.47200,0.62250,4.400,4.390,8.780,0.010000,,
2250792,2026-05-28,2026-05,0.31640,0.51500,0.47470,3.520,5.310,8.840,0.010000,,
2250793,2026-05-28,2026-05,0.41160,0.49950,0.30520,3.230,3.790,7.020,0.000000,,
2250794,2026-05-28,2026-05,0.47370,0.58360,0.61330,5.120,5.060,10.180,0.000000,,
2250795,2026-05-28,2026-05,0.34230,0.55450,0.50030,3.670,5.170,8.840,0.000000,,
2250796,2026-05-28,2026-05,0.47380,0.45440,0.64650,3.590,3.550,7.130,0.010000,,
2250797,2026-05-29,2026-05,0.52960,0.47850,0.44620,5.380,4.610,9.990,0.000000,,
2250798,2026-05-29,2026-05,0.50830,0.46790,0.42430,5.180,4.680,9.860,0.000000,,
2250799,2026-05-29,2026-05,0.47440,0.53270,0.62410,4.550,4.500,9.040,0.010000,,
2250800,2026-05-29,2026-05,0.49790,0.53560,0.63590,5.250,4.890,10.140,0.000000,,
2250801,2026-05-29,2026-05,0.46510,0.48390,0.62120,4.200,4.250,8.460,0.010000,,
2250802,2026-05-29,2026-05,0.41290,0.43590,0.57940,3.660,4.270,7.930,0.000000,,
2250803,2026-05-29,2026-05,0.47940,0.51130,0.38080,4.210,4.110,8.320,0.000000,,
2250804,2026-05-29,2026-05,0.42870,0.47490,0.33010,3.740,4.190,7.930,0.000000,,
2250805,2026-05-29,2026-05,0.50930,0.41610,0.40630,4.280,3.860,8.140,0.000000,,
2250806,2026-05-29,2026-05,0.48260,0.37490,0.65740,3.500,3.380,6.890,0.010000,,
2250807,2026-05-29,2026-05,0.47380,0.35990,0.36680,3.790,3.750,7.530,0.010000,,
2250808,2026-05-29,2026-05,0.51390,0.63450,0.45730,7.040,6.280,13.320,0.000000,,
2250809,2026-05-29,2026-05,0.49640,0.54500,0.42000,5.610,5.270,10.870,0.010000,,
2250810,2026-05-29,2026-05,0.49200,0.41400,0.38430,3.960,3.730,7.690,0.000000,,
2250811,2026-05-30,2026-05,0.44770,0.49890,0.35080,3.970,4.220,8.190,0.000000,,
2250812,2026-05-30,2026-05,0.44680,0.57930,0.35910,4.420,4.710,9.130,0.000000,,
2250813,2026-05-30,2026-05,0.44690,0.45690,0.34890,3.950,4.210,8.160,0.000000,,
2250814,2026-05-30,2026-05,0.50830,0.56430,0.41400,4.700,4.260,8.950,0.010000,,
2250815,2026-05-30,2026-05,0.42490,0.45410,0.58330,4.040,4.540,8.580,0.000000,,
2250816,2026-05-30,2026-05,0.45090,0.57920,0.61670,3.840,4.030,7.860,0.010000,,
2250817,2026-05-30,2026-05,0.42860,0.51900,0.59580,3.690,4.120,7.810,0.000000,,
2250818,2026-05-30,2026-05,0.45120,0.57290,0.60980,4.100,4.310,8.410,0.000000,,
2250819,2026-05-30,2026-05,0.35650,0.44840,0.27880,3.860,5.200,9.050,0.010000,,
2250820,2026-05-30,2026-05,0.53710,0.43360,0.43050,4.320,3.600,7.910,0.010000,,
2250821,2026-05-30,2026-05,0.57700,0.47330,0.49170,5.650,4.270,9.930,0.010000,,
2250822,2026-05-30,2026-05,0.47120,0.55750,0.40400,6.300,6.360,12.660,0.000000,,
2250823,2026-05-30,2026-05,0.45500,0.49820,0.37570,5.010,5.230,10.240,0.000000,,
2250824,2026-05-30,2026-05,0.46740,0.50680,0.61600,4.580,4.620,9.200,0.000000,,
2250825,2026-05-31,2026-05,0.50210,0.50330,0.65290,4.530,4.170,8.690,0.010000,,
2250826,2026-05-31,2026-05,0.45860,0.60680,0.38680,5.500,5.660,11.160,0.000000,,
2250827,2026-05-31,2026-05,0.45630,0.49220,0.61760,3.980,4.130,8.110,0.000000,,
2250828,2026-05-31,2026-05,0.50430,0.50640,0.39500,4.010,3.660,7.670,0.000000,,
2250829,2026-05-31,2026-05,0.35040,0.46510,0.51440,3.460,4.790,8.260,0.010000,,
2250830,2026-05-31,2026-05,0.48560,0.46780,0.39180,4.460,4.270,8.740,0.010000,,
2250831,2026-05-31,2026-05,0.36170,0.61420,0.51100,4.130,5.470,9.600,0.000000,,
2250832,2026-05-31,2026-05,0.46210,0.43990,0.62390,3.940,4.030,7.970,0.000000,,
2250833,2026-05-31,2026-05,0.56880,0.48450,0.46150,4.550,3.480,8.030,0.000000,,
2250834,2026-05-31,2026-05,0.50240,0.42920,0.39110,3.890,3.550,7.440,0.000000,,
2250835,2026-05-31,2026-05,0.47900,0.53270,0.40830,6.150,6.110,12.260,0.000000,,
2250836,2026-05-31,2026-05,0.54130,0.60810,0.47170,6.440,5.380,11.820,0.000000,,
2250837,2026-05-31,2026-05,0.35520,0.47250,0.50730,3.970,5.370,9.340,0.000000,,
2250838,2026-05-31,2026-05,0.41810,0.54220,0.56560,4.500,5.140,9.640,0.000000,,
2250839,2026-06-01,2026-06,0.42890,0.51150,0.58370,4.150,4.630,8.780,0.000000,,
2250840,2026-06-01,2026-06,0.40840,0.61850,0.55120,4.690,5.470,10.170,0.010000,,
2250841,2026-06-01,2026-06,0.41170,0.45280,0.55670,4.450,5.200,9.650,0.000000,,
2250842,2026-06-01,2026-06,0.34340,0.48750,0.50510,3.540,4.980,8.520,0.000000,,
2250843,2026-06-01,2026-06,0.38770,0.47360,0.55610,3.510,4.390,7.900,0.000000,,
2250844,2026-06-01,2026-06,0.43200,0.46740,0.33240,3.720,4.110,7.830,0.000000,,
2250845,2026-06-01,2026-06,0.33060,0.61370,0.47590,4.160,5.960,10.120,0.000000,,
2250846,2026-06-01,2026-06,0.46280,0.38950,0.64700,3.220,3.270,6.490,0.000000,,
2250847,2026-06-02,2026-06,0.39440,0.55320,0.54610,4.190,5.100,9.290,0.000000,,
2250848,2026-06-02,2026-06,0.45700,0.59090,0.60130,4.810,4.970,9.790,0.010000,,
2250849,2026-06-02,2026-06,0.40680,0.44040,0.56780,3.860,4.560,8.420,0.000000,,
2250850,2026-06-02,2026-06,0.48740,0.51860,0.40470,5.070,4.850,9.920,0.000000,,
2250851,2026-06-02,2026-06,0.35500,0.49890,0.52110,3.470,4.730,8.200,0.000000,,
2250852,2026-06-02,2026-06,0.40630,0.45800,0.55880,4.200,4.960,9.160,0.000000,,
2250853,2026-06-02,2026-06,0.41030,0.51390,0.31900,3.840,4.500,8.350,0.010000,,
2250854,2026-06-02,2026-06,0.49240,0.48750,0.39540,4.380,4.120,8.510,0.010000,,
2250855,2026-06-02,2026-06,0.39560,0.48930,0.56950,3.370,4.120,7.480,0.010000,,
2250856,2026-06-02,2026-06,0.45890,0.51030,0.35460,3.800,3.920,7.720,0.000000,,
2250857,2026-06-02,2026-06,0.44490,0.58660,0.59530,4.460,4.760,9.220,0.000000,,
2250858,2026-06-02,2026-06,0.43050,0.48180,0.34780,4.490,4.970,9.450,0.010000,,
2250859,2026-06-02,2026-06,0.52930,0.54210,0.66830,5.170,4.450,9.630,0.010000,,
2250860,2026-06-02,2026-06,0.48150,0.35530,0.65980,3.410,3.290,6.700,0.000000,,
2250861,2026-06-03,2026-06,0.42430,0.51890,0.33650,4.170,4.700,8.870,0.000000,,
2250862,2026-06-03,2026-06,0.47840,0.37440,0.64310,3.890,3.800,7.690,0.000000,,
2250863,2026-06-03,2026-06,0.35360,0.49700,0.50240,4.100,5.550,9.660,0.010000,,
2250864,2026-06-03,2026-06,0.42900,0.49730,0.59840,3.570,4.000,7.570,0.000000,,
2250865,2026-06-03,2026-06,0.36470,0.50430,0.52430,3.750,4.960,8.710,0.000000,,
2250866,2026-06-03,2026-06,0.33290,0.41980,0.49820,3.340,4.860,8.200,0.000000,,
2250867,2026-06-03,2026-06,0.34030,0.45730,0.51270,3.180,4.550,7.720,0.010000,,
2250868,2026-06-03,2026-06,0.42740,0.39380,0.59890,3.520,3.950,7.480,0.010000,,
2250869,2026-06-03,2026-06,0.45520,0.53560,0.60620,4.450,4.630,9.070,0.010000,,
2250870,2026-06-03,2026-06,0.43020,0.51640,0.58530,4.190,4.650,8.850,0.010000,,
2250871,2026-06-03,2026-06,0.47530,0.45000,0.37460,4.070,4.010,8.080,0.000000,,
2250872,2026-06-03,2026-06,0.43470,0.50240,0.58540,4.360,4.780,9.150,0.010000,,
2250873,2026-06-03,2026-06,0.44770,0.44620,0.34500,3.700,3.920,7.610,0.010000,,
2250874,2026-06-03,2026-06,0.35650,0.54030,0.50610,4.110,5.520,9.620,0.010000,,
2250875,2026-06-04,2026-06,0.33010,0.49170,0.48630,3.680,5.350,9.030,0.000000,,
2250876,2026-06-04,2026-06,0.42590,0.47850,0.55780,5.120,5.780,10.900,0.000000,,
2250877,2026-06-04,2026-06,0.36950,0.47080,0.52200,4.050,5.270,9.320,0.000000,,
2250878,2026-06-04,2026-06,0.34610,0.39330,0.50930,3.500,4.900,8.400,0.000000,,
2250879,2026-06-04,2026-06,0.36880,0.47850,0.53710,3.440,4.520,7.970,0.010000,,
2250880,2026-06-04,2026-06,0.44120,0.49870,0.36000,4.660,5.010,9.670,0.000000,,
2250881,2026-06-04,2026-06,0.48430,0.32160,0.63700,4.290,4.160,8.450,0.000000,,
2250882,2026-06-04,2026-06,0.39130,0.45110,0.30480,3.830,4.710,8.550,0.010000,,
2250883,2026-06-05,2026-06,0.41190,0.40150,0.55350,4.550,5.330,9.880,0.000000,,
2250884,2026-06-05,2026-06,0.49840,0.45060,0.38940,3.980,3.690,7.670,0.000000,,
2250885,2026-06-05,2026-06,0.41560,0.50020,0.56900,4.240,4.870,9.110,0.000000,,
2250886,2026-06-05,2026-06,0.46420,0.53870,0.61380,4.520,4.590,9.110,0.000000,,
2250887,2026-06-05,2026-06,0.39630,0.46250,0.55430,3.920,4.750,8.670,0.000000,,
2250888,2026-06-05,2026-06,0.51890,0.48710,0.42060,4.530,3.970,8.500,0.000000,,
2250889,2026-06-05,2026-06,0.36990,0.43250,0.53300,3.610,4.730,8.330,0.010000,,
2250890,2026-06-05,2026-06,0.42220,0.37950,0.32850,3.860,4.380,8.240,0.000000,,
2250891,2026-06-05,2026-06,0.37930,0.48590,0.52950,4.190,5.320,9.510,0.000000,,
2250892,2026-06-05,2026-06,0.46990,0.43950,0.36250,3.770,3.770,7.540,0.000000,,
2250893,2026-06-05,2026-06,0.44320,0.47550,0.59780,4.260,4.570,8.830,0.000000,,
2250894,2026-06-05,2026-06,0.42460,0.48760,0.35660,5.900,6.720,12.620,0.000000,,
2250895,2026-06-05,2026-06,0.41540,0.48480,0.58870,3.440,4.000,7.440,0.000000,,
2250896,2026-06-05,2026-06,0.43920,0.45170,0.59630,4.100,4.450,8.550,0.000000,,
2250897,2026-06-06,2026-06,0.47660,0.28380,0.36370,3.610,3.550,7.160,0.000000,,
2250898,2026-06-06,2026-06,0.33340,0.51360,0.48610,3.820,5.480,9.300,0.000000,,
2250899,2026-06-06,2026-06,0.45980,0.46340,0.60860,4.550,4.670,9.220,0.000000,,
2250900,2026-06-06,2026-06,0.35580,0.49370,0.52210,3.440,4.690,8.130,0.000000,,
2250901,2026-06-06,2026-06,0.37630,0.40500,0.28670,3.510,4.520,8.030,0.000000,,
2250902,2026-06-06,2026-06,0.47790,0.41290,0.61890,4.820,4.760,9.580,0.000000,,
2250903,2026-06-06,2026-06,0.42720,0.39380,0.58090,4.210,4.720,8.930,0.000000,,
2250904,2026-06-06,2026-06,0.44760,0.47460,0.35190,4.050,4.300,8.350,0.000000,,
2250905,2026-06-06,2026-06,0.47980,0.40620,0.36690,3.650,3.560,7.210,0.000000,,
2250906,2026-06-06,2026-06,0.43250,0.46550,0.59930,3.710,4.110,7.820,0.000000,,
2250908,2026-06-06,2026-06,0.62000,0.44050,0.54910,6.550,4.380,10.940,0.010000,,
2250909,2026-06-06,2026-06,0.31730,0.50250,0.47070,3.660,5.510,9.170,0.000000,,
2250910,2026-06-06,2026-06,0.50480,0.51920,0.40590,4.400,4.010,8.410,0.000000,,
2250911,2026-06-07,2026-06,0.43720,0.40160,0.60140,3.810,4.170,7.980,0.000000,,
2250912,2026-06-07,2026-06,0.45990,0.47550,0.60700,4.630,4.750,9.380,0.000000,,
2250913,2026-06-07,2026-06,0.37320,0.45440,0.53890,3.540,4.590,8.130,0.000000,,
2250914,2026-06-07,2026-06,0.41530,0.51030,0.57140,4.080,4.700,8.770,0.010000,,
2250915,2026-06-07,2026-06,0.45120,0.50210,0.60180,4.450,4.680,9.130,0.000000,,
2250916,2026-06-07,2026-06,0.43700,0.56030,0.34830,4.250,4.640,8.900,0.010000,,
2250917,2026-06-07,2026-06,0.49400,0.43010,0.40010,4.550,4.270,8.820,0.000000,,
2250918,2026-06-07,2026-06,0.48450,0.47950,0.39220,4.520,4.350,8.870,0.000000,,
2250919,2026-06-07,2026-06,0.40630,0.33110,0.56930,3.740,4.450,8.190,0.000000,,
2250920,2026-06-07,2026-06,0.38330,0.53440,0.55140,3.520,4.450,7.980,0.010000,,
2250921,2026-06-07,2026-06,0.55850,0.46990,0.49490,6.640,5.250,11.890,0.000000,,
2250922,2026-06-07,2026-06,0.41180,0.45180,0.57100,3.950,4.600,8.550,0.000000,,
2250923,2026-06-07,2026-06,0.47440,0.44370,0.36850,3.820,3.770,7.590,0.000000,,
2250924,2026-06-07,2026-06,0.49270,0.49290,0.64030,4.650,4.380,9.030,0.000000,,
2250925,2026-06-08,2026-06,0.53000,0.41710,0.43900,4.970,4.240,9.210,0.000000,,
2250926,2026-06-08,2026-06,0.51680,0.50970,0.42040,4.650,4.110,8.760,0.000000,,
2250927,2026-06-08,2026-06,0.42760,0.47670,0.59390,3.740,4.200,7.940,0.000000,,
2250928,2026-06-08,2026-06,0.53400,0.50580,0.43120,4.490,3.780,8.270,0.000000,,
2250929,2026-06-08,2026-06,0.60050,0.42760,0.51020,5.490,3.870,9.360,0.000000,,
2250930,2026-06-08,2026-06,0.43030,0.43700,0.60130,3.560,3.960,7.520,0.000000,,
2250931,2026-06-08,2026-06,0.39930,0.44870,0.56470,3.650,4.410,8.070,0.010000,,
2250932,2026-06-08,2026-06,0.49910,0.38090,0.42170,5.260,4.830,10.100,0.010000,,
2250933,2026-06-09,2026-06,0.49810,0.50920,0.40780,4.780,4.440,9.220,0.000000,,
2250934,2026-06-09,2026-06,0.39880,0.49210,0.55310,4.090,4.930,9.010,0.010000,,
2250935,2026-06-09,2026-06,0.49990,0.47290,0.39430,4.110,3.790,7.900,0.000000,,
2250936,2026-06-09,2026-06,0.36370,0.37440,0.53590,3.290,4.410,7.690,0.010000,,
2250937,2026-06-09,2026-06,0.52090,0.39450,0.41400,4.230,3.690,7.920,0.000000,,
2250938,2026-06-09,2026-06,0.49240,0.51980,0.38630,4.030,3.790,7.810,0.010000,,
2250939,2026-06-09,2026-06,0.45640,0.52340,0.60930,4.380,4.540,8.920,0.000000,,
2250940,2026-06-09,2026-06,0.40540,0.34320,0.31340,3.800,4.540,8.340,0.000000,,
2250941,2026-06-09,2026-06,0.41640,0.39270,0.32520,3.900,4.490,8.390,0.000000,,
2250942,2026-06-09,2026-06,0.42790,0.40470,0.35400,5.540,6.280,11.820,0.000000,,
2250943,2026-06-09,2026-06,0.45490,0.42080,0.35760,4.020,4.180,8.200,0.000000,,
2250944,2026-06-09,2026-06,0.54280,0.46150,0.43360,4.280,3.510,7.790,0.000000,,
2250945,2026-06-09,2026-06,0.49310,0.43400,0.39480,4.310,4.050,8.360,0.000000,,
2250946,2026-06-09,2026-06,0.39930,0.26920,0.31740,4.800,5.940,10.750,0.010000,,
2250947,2026-06-10,2026-06,0.38030,0.49790,0.54610,3.600,4.580,8.180,0.000000,,
2250948,2026-06-10,2026-06,0.44890,0.44460,0.34490,3.690,3.910,7.600,0.000000,,
2250949,2026-06-10,2026-06,0.49930,0.44800,0.40170,4.420,4.090,8.510,0.000000,,
2250950,2026-06-10,2026-06,0.33420,0.44990,0.49530,3.500,5.040,8.540,0.000000,,
2250951,2026-06-10,2026-06,0.41680,0.48550,0.33600,4.420,5.070,9.500,0.010000,,
2250952,2026-06-10,2026-06,0.56940,0.44450,0.46800,4.800,3.680,8.470,0.010000,,
2250953,2026-06-10,2026-06,0.41510,0.34720,0.57420,3.880,4.510,8.380,0.010000,,
2250954,2026-06-10,2026-06,0.54570,0.52480,0.46100,5.480,4.520,9.990,0.010000,,
2250955,2026-06-10,2026-06,0.39230,0.46150,0.55060,3.890,4.770,8.660,0.000000,,
2250956,2026-06-10,2026-06,0.47520,0.34590,0.37930,4.390,4.360,8.750,0.000000,,
2250957,2026-06-10,2026-06,0.48540,0.50120,0.37780,3.890,3.720,7.610,0.000000,,
2250958,2026-06-10,2026-06,0.53550,0.49360,0.47880,6.920,5.790,12.720,0.010000,,
2250959,2026-06-10,2026-06,0.42530,0.27100,0.34600,5.540,6.460,11.990,0.010000,,
2250960,2026-06-10,2026-06,0.42790,0.35570,0.59230,3.760,4.210,7.970,0.000000,,
2250961,2026-06-11,2026-06,0.42720,0.43860,0.58190,4.210,4.710,8.920,0.000000,,
2250962,2026-06-11,2026-06,0.43820,0.31430,0.60120,3.820,4.180,7.990,0.010000,,
2250963,2026-06-11,2026-06,0.42900,0.30680,0.33550,4.080,4.600,8.680,0.000000,,
2250964,2026-06-11,2026-06,0.34900,0.51930,0.28580,5.080,6.980,12.060,0.000000,,
2250965,2026-06-11,2026-06,0.53160,0.38520,0.43660,4.780,4.050,8.840,0.010000,,
2250966,2026-06-11,2026-06,0.49510,0.49090,0.40270,4.650,4.360,9.010,0.000000,,
2250968,2026-06-12,2026-06,0.39510,0.49320,0.55100,4.080,4.950,9.030,0.000000,,
2250969,2026-06-12,2026-06,0.55820,0.40320,0.46450,5.060,3.990,9.050,0.000000,,
2250970,2026-06-12,2026-06,0.39650,0.46280,0.54160,4.420,5.370,9.790,0.000000,,
2250971,2026-06-12,2026-06,0.40450,0.45660,0.56300,3.930,4.670,8.610,0.010000,,
2250972,2026-06-12,2026-06,0.41100,0.44730,0.57120,3.920,4.580,8.490,0.010000,,
2250973,2026-06-12,2026-06,0.44860,0.55320,0.59800,4.520,4.780,9.300,0.000000,,
2250974,2026-06-12,2026-06,0.43260,0.47260,0.59220,3.960,4.370,8.330,0.000000,,
2250975,2026-06-12,2026-06,0.49490,0.39360,0.39610,4.340,4.060,8.400,0.000000,,
2250976,2026-06-12,2026-06,0.39850,0.37490,0.58250,3.100,3.780,6.880,0.000000,,
2250977,2026-06-12,2026-06,0.47050,0.43020,0.38300,4.680,4.700,9.380,0.000000,,
2250978,2026-06-12,2026-06,0.34540,0.45220,0.50080,3.810,5.290,9.090,0.010000,,
2250979,2026-06-12,2026-06,0.45600,0.35890,0.35660,3.920,4.070,8.000,0.010000,,
2250980,2026-06-12,2026-06,0.41510,0.23540,0.54040,4.840,5.760,10.600,0.000000,,
2250981,2026-06-12,2026-06,0.44350,0.42030,0.60400,3.950,4.240,8.200,0.010000,,
2250982,2026-06-13,2026-06,0.42990,0.44740,0.34780,4.540,5.050,9.590,0.000000,,
2250983,2026-06-13,2026-06,0.48840,0.48180,0.38490,4.100,3.900,7.990,0.010000,,
2250984,2026-06-13,2026-06,0.44260,0.43780,0.58340,4.760,5.140,9.900,0.000000,,
2250985,2026-06-13,2026-06,0.45890,0.53770,0.38160,5.020,5.150,10.180,0.010000,,
2250986,2026-06-13,2026-06,0.50670,0.37770,0.41230,4.590,4.150,8.740,0.000000,,
2250987,2026-06-13,2026-06,0.54280,0.47670,0.43510,4.360,3.580,7.940,0.000000,,
2250988,2026-06-13,2026-06,0.44800,0.49620,0.61010,3.960,4.190,8.150,0.000000,,
2250989,2026-06-13,2026-06,0.48150,0.48080,0.38940,4.510,4.370,8.880,0.000000,,
2250990,2026-06-13,2026-06,0.52120,0.38440,0.41270,4.170,3.630,7.800,0.000000,,
2250991,2026-06-13,2026-06,0.32580,0.42070,0.47760,3.750,5.520,9.270,0.000000,,
2250992,2026-06-13,2026-06,0.37320,0.47500,0.52990,3.850,4.980,8.830,0.000000,,
2250993,2026-06-13,2026-06,0.49310,0.49940,0.61420,8.010,7.350,15.360,0.000000,,
2250994,2026-06-13,2026-06,0.49320,0.36980,0.37960,3.730,3.500,7.220,0.010000,,
2250995,2026-06-13,2026-06,0.43620,0.47080,0.34650,4.190,4.570,8.760,0.000000,,
2250996,2026-06-14,2026-06,0.44160,0.56720,0.60210,4.020,4.330,8.340,0.010000,,
2250997,2026-06-14,2026-06,0.45460,0.37620,0.59660,4.650,4.890,9.550,0.010000,,
2250998,2026-06-14,2026-06,0.49980,0.34150,0.40400,4.710,4.410,9.120,0.000000,,
2250999,2026-06-14,2026-06,0.48710,0.49950,0.39610,4.660,4.450,9.110,0.000000,,
2251001,2026-06-14,2026-06,0.50790,0.50080,0.65300,4.790,4.340,9.120,0.010000,,
2251002,2026-06-14,2026-06,0.45060,0.40820,0.61360,3.920,4.130,8.050,0.000000,,
2251003,2026-06-14,2026-06,0.45880,0.42490,0.37110,4.580,4.740,9.320,0.000000,,
2251004,2026-06-14,2026-06,0.40610,0.28350,0.30640,3.480,4.160,7.640,0.000000,,
2251005,2026-06-14,2026-06,0.49070,0.54440,0.38220,3.850,3.620,7.470,0.000000,,
2251006,2026-06-14,2026-06,0.47340,0.30240,0.58970,5.760,5.900,11.660,0.000000,,
2251007,2026-06-14,2026-06,0.34100,0.49540,0.50140,3.570,5.040,8.600,0.010000,,
2251008,2026-06-14,2026-06,0.52040,0.49870,0.43270,5.140,4.530,9.670,0.000000,,
2251009,2026-06-14,2026-06,0.44920,0.36970,0.35600,4.200,4.450,8.650,0.000000,,
2251010,2026-06-15,2026-06,0.30830,0.53460,0.46360,3.570,5.510,9.090,0.010000,,
2251011,2026-06-15,2026-06,0.41980,0.50910,0.55890,4.860,5.530,10.390,0.000000,,
2251012,2026-06-15,2026-06,0.40970,0.40320,0.57500,3.680,4.320,8.000,0.000000,,
2251013,2026-06-15,2026-06,0.42080,0.39830,0.58760,3.710,4.230,7.940,0.000000,,
2251014,2026-06-15,2026-06,0.35170,0.49570,0.49340,4.320,5.890,10.210,0.000000,,
2251015,2026-06-15,2026-06,0.48170,0.34970,0.64860,3.770,3.650,7.420,0.000000,,
2251016,2026-06-15,2026-06,0.42610,0.42270,0.58290,4.120,4.620,8.740,0.000000,,
2251017,2026-06-15,2026-06,0.39060,0.52220,0.52440,4.950,6.080,11.030,0.000000,,
2251018,2026-06-15,2026-06,0.41990,0.37820,0.57540,4.080,4.670,8.750,0.000000,,
2251019,2026-06-16,2026-06,0.44750,0.47440,0.60240,4.280,4.530,8.810,0.000000,,
2251020,2026-06-16,2026-06,0.42970,0.54230,0.57640,4.570,5.070,9.640,0.000000,,
2251021,2026-06-16,2026-06,0.42810,0.44270,0.32580,3.570,4.000,7.570,0.000000,,
2251022,2026-06-16,2026-06,0.40720,0.46220,0.57100,3.770,4.450,8.220,0.000000,,
2251023,2026-06-16,2026-06,0.41800,0.51380,0.34530,5.090,5.840,10.930,0.000000,,
2251024,2026-06-16,2026-06,0.38470,0.51580,0.53080,4.400,5.490,9.890,0.000000,,
2251025,2026-06-16,2026-06,0.45720,0.54650,0.60570,4.520,4.690,9.210,0.000000,,
2251026,2026-06-16,2026-06,0.44520,0.44710,0.34670,3.890,4.160,8.050,0.000000,,
2251027,2026-06-16,2026-06,0.53290,0.40790,0.67500,5.160,4.360,9.530,0.010000,,
2251028,2026-06-16,2026-06,0.43080,0.39460,0.59630,3.750,4.170,7.910,0.010000,,
2251029,2026-06-16,2026-06,0.36220,0.40260,0.52990,3.420,4.580,8.000,0.000000,,
2251030,2026-06-16,2026-06,0.44330,0.48820,0.56830,5.570,6.030,11.600,0.000000,,
2251031,2026-06-16,2026-06,0.43140,0.39610,0.60770,3.360,3.730,7.090,0.000000,,
2251032,2026-06-16,2026-06,0.44340,0.42220,0.60970,3.750,4.030,7.780,0.000000,,
2251033,2026-06-17,2026-06,0.48340,0.44300,0.39140,4.570,4.410,8.970,0.010000,,
2251034,2026-06-17,2026-06,0.38350,0.51530,0.51300,5.060,6.350,11.420,0.010000,,
2251035,2026-06-17,2026-06,0.46190,0.47110,0.60310,4.890,5.010,9.900,0.000000,,
2251036,2026-06-17,2026-06,0.49010,0.38970,0.38520,4.040,3.830,7.860,0.010000,,
2251037,2026-06-17,2026-06,0.51530,0.31930,0.66970,4.480,3.950,8.430,0.000000,,
2251038,2026-06-17,2026-06,0.35860,0.52080,0.52960,3.330,4.510,7.840,0.000000,,
2251039,2026-06-17,2026-06,0.49250,0.31140,0.64720,4.280,4.060,8.340,0.000000,,
2251040,2026-06-17,2026-06,0.35980,0.45520,0.52070,3.670,4.930,8.590,0.010000,,
2251041,2026-06-17,2026-06,0.41200,0.46200,0.56450,4.260,4.950,9.210,0.000000,,
2251042,2026-06-17,2026-06,0.49040,0.52680,0.64460,4.370,4.140,8.500,0.010000,,
2251043,2026-06-17,2026-06,0.42870,0.33860,0.58300,4.080,4.580,8.670,0.010000,,
2251044,2026-06-17,2026-06,0.52610,0.54340,0.45400,6.080,5.260,11.340,0.000000,,
2251045,2026-06-17,2026-06,0.42300,0.49270,0.58700,3.810,4.310,8.120,0.000000,,
2251046,2026-06-18,2026-06,0.45210,0.32720,0.61190,3.970,4.180,8.160,0.010000,,
2251047,2026-06-18,2026-06,0.46220,0.47630,0.62500,3.920,4.010,7.940,0.010000,,
2251048,2026-06-18,2026-06,0.51370,0.44770,0.40340,4.040,3.590,7.630,0.000000,,
2251049,2026-06-18,2026-06,0.41840,0.41300,0.59210,3.380,3.900,7.280,0.000000,,
2251050,2026-06-18,2026-06,0.46170,0.44410,0.60150,4.920,5.060,9.980,0.000000,,
2251051,2026-06-18,2026-06,0.45960,0.35500,0.61510,4.170,4.300,8.470,0.000000,,
2251053,2026-06-18,2026-06,0.37980,0.44380,0.29860,3.970,5.010,8.980,0.000000,,
2251054,2026-06-18,2026-06,0.30690,0.58430,0.43250,4.760,7.240,12.000,0.000000,,
2251055,2026-06-19,2026-06,0.41920,0.52160,0.32100,3.650,4.190,7.840,0.000000,,
2251056,2026-06-19,2026-06,0.34630,0.43330,0.51580,3.290,4.620,7.910,0.000000,,
2251057,2026-06-19,2026-06,0.33890,0.42900,0.49710,3.650,5.170,8.820,0.000000,,
2251058,2026-06-19,2026-06,0.44410,0.45930,0.60100,4.170,4.450,8.620,0.000000,,
2251059,2026-06-19,2026-06,0.35610,0.39780,0.26410,3.180,4.350,7.520,0.010000,,
2251060,2026-06-19,2026-06,0.49150,0.40050,0.37720,3.680,3.460,7.140,0.000000,,
2251061,2026-06-19,2026-06,0.38370,0.51930,0.55440,3.450,4.360,7.810,0.000000,,
2251062,2026-06-19,2026-06,0.45850,0.48560,0.61040,4.410,4.530,8.940,0.000000,,
2251063,2026-06-19,2026-06,0.43700,0.43600,0.34860,4.260,4.630,8.890,0.000000,,
2251064,2026-06-19,2026-06,0.49380,0.51170,0.42340,6.400,6.130,12.530,0.000000,,
2251065,2026-06-19,2026-06,0.49990,0.54830,0.63030,5.930,5.480,11.410,0.000000,,
2251066,2026-06-19,2026-06,0.36580,0.49140,0.51550,4.140,5.430,9.570,0.000000,,
2251067,2026-06-19,2026-06,0.36700,0.44260,0.26020,2.780,3.710,6.480,0.010000,,
2251068,2026-06-20,2026-06,0.40580,0.33890,0.57470,3.550,4.230,7.770,0.010000,,
2251069,2026-06-20,2026-06,0.41910,0.41080,0.56950,4.260,4.890,9.150,0.000000,,
2251070,2026-06-20,2026-06,0.43500,0.51300,0.57960,4.710,5.140,9.850,0.000000,,
2251071,2026-06-20,2026-06,0.42160,0.43040,0.59420,3.480,3.980,7.460,0.000000,,
2251072,2026-06-20,2026-06,0.43140,0.50570,0.58800,4.140,4.570,8.710,0.000000,,
2251073,2026-06-20,2026-06,0.41050,0.46190,0.57270,3.780,4.430,8.210,0.000000,,
2251074,2026-06-20,2026-06,0.42740,0.51620,0.59550,3.660,4.110,7.770,0.000000,,
2251075,2026-06-20,2026-06,0.36830,0.47920,0.52560,3.840,5.020,8.860,0.000000,,
2251076,2026-06-20,2026-06,0.37280,0.55920,0.52920,3.880,5.010,8.890,0.000000,,
2251077,2026-06-20,2026-06,0.49870,0.50600,0.42190,5.810,5.480,11.290,0.000000,,
2251078,2026-06-20,2026-06,0.42070,0.48120,0.55810,4.890,5.580,10.470,0.000000,,
2251079,2026-06-20,2026-06,0.33170,0.47260,0.49540,3.390,4.940,8.330,0.000000,,
2251080,2026-06-20,2026-06,0.39990,0.46150,0.57840,3.250,3.940,7.190,0.000000,,
2251081,2026-06-21,2026-06,0.52510,0.47250,0.43430,5.000,4.330,9.340,0.010000,,
2251082,2026-06-21,2026-06,0.41680,0.45480,0.33240,4.250,4.880,9.140,0.010000,,
2251083,2026-06-21,2026-06,0.41530,0.44760,0.57490,3.950,4.560,8.500,0.010000,,
2251084,2026-06-21,2026-06,0.38180,0.39090,0.29040,3.470,4.400,7.870,0.000000,,
2251085,2026-06-21,2026-06,0.57280,0.47960,0.47460,5.030,3.840,8.880,0.010000,,
2251086,2026-06-21,2026-06,0.44040,0.51670,0.59090,4.470,4.830,9.310,0.010000,,
2251087,2026-06-21,2026-06,0.43950,0.34770,0.34000,3.780,4.100,7.870,0.010000,,
2251089,2026-06-21,2026-06,0.44530,0.41950,0.61190,3.750,4.000,7.750,0.000000,,
2251090,2026-06-21,2026-06,0.44610,0.59650,0.38510,6.710,7.210,13.910,0.010000,,
2251091,2026-06-21,2026-06,0.55160,0.55520,0.68160,5.740,4.670,10.410,0.000000,,
2251092,2026-06-21,2026-06,0.44630,0.43220,0.60000,4.290,4.560,8.840,0.010000,,
2251093,2026-06-21,2026-06,0.42610,0.46880,0.61050,3.160,3.560,6.730,0.010000,,
2251094,2026-06-21,2026-06,0.30760,0.55640,0.45980,3.680,5.680,9.360,0.000000,,
2251095,2026-06-22,2026-06,0.36620,0.47280,0.53570,3.400,4.500,7.900,0.000000,,
2251096,2026-06-22,2026-06,0.44100,0.43580,0.60000,4.020,4.340,8.360,0.000000,,
2251097,2026-06-22,2026-06,0.48760,0.39660,0.38360,4.060,3.870,7.930,0.000000,,
2251098,2026-06-22,2026-06,0.46330,0.42240,0.61020,4.590,4.690,9.280,0.000000,,
2251099,2026-06-22,2026-06,0.48530,0.51720,0.64710,3.970,3.820,7.790,0.000000,,
2251100,2026-06-24,2026-06,0.43040,0.37900,0.33550,3.900,4.330,8.230,0.000000,,
2251101,2026-06-22,2026-06,0.54520,0.40730,0.45200,5.010,4.090,9.100,0.000000,,
2251102,2026-06-22,2026-06,0.47480,0.41050,0.38700,4.800,4.760,9.560,0.000000,,
2251103,2026-06-22,2026-06,0.48810,0.49470,0.38620,4.170,3.970,8.140,0.000000,,
2251104,2026-06-22,2026-06,0.46100,0.37810,0.38100,5.390,5.610,11.000,0.000000,,
2251105,2026-06-22,2026-06,0.46300,0.46410,0.37530,4.570,4.660,9.230,0.000000,,
2251106,2026-06-22,2026-06,0.42450,0.53130,0.33430,4.020,4.530,8.550,0.000000,,
2251107,2026-06-23,2026-06,0.45130,0.52020,0.37050,4.850,5.090,9.940,0.000000,,
2251108,2026-06-23,2026-06,0.36660,0.58560,0.51940,3.990,5.230,9.220,0.000000,,
2251109,2026-06-23,2026-06,0.40630,0.46460,0.56310,3.990,4.710,8.700,0.000000,,
2251110,2026-06-23,2026-06,0.41370,0.40030,0.31360,3.490,4.060,7.550,0.000000,,
2251111,2026-06-23,2026-06,0.43810,0.58590,0.36140,4.900,5.300,10.210,0.010000,,
2251112,2026-06-23,2026-06,0.45040,0.38850,0.60930,4.060,4.280,8.340,0.000000,,
2251113,2026-06-23,2026-06,0.49410,0.63590,0.41910,5.640,5.320,10.950,0.010000,,
2251114,2026-06-23,2026-06,0.44580,0.48390,0.36240,4.600,4.880,9.480,0.000000,,
2251115,2026-06-23,2026-06,0.50250,0.40390,0.40410,4.440,4.080,8.520,0.000000,,
2251116,2026-06-23,2026-06,0.48420,0.52560,0.38060,4.020,3.860,7.880,0.000000,,
2251117,2026-06-23,2026-06,0.44850,0.50570,0.37510,5.470,5.830,11.290,0.010000,,
2251118,2026-06-23,2026-06,0.59690,0.54260,0.51310,5.960,4.290,10.250,0.000000,,
2251119,2026-06-23,2026-06,0.39540,0.39520,0.30190,3.560,4.350,7.920,0.010000,,
2251120,2026-06-23,2026-06,0.37350,0.48420,0.52400,4.150,5.340,9.490,0.000000,,
2251121,2026-06-24,2026-06,0.47370,0.47540,0.37060,3.980,3.950,7.930,0.000000,,
2251122,2026-06-24,2026-06,0.43050,0.42770,0.33130,3.720,4.120,7.840,0.000000,,
2251123,2026-06-24,2026-06,0.57640,0.56110,0.51150,6.890,5.240,12.120,0.010000,,
2251124,2026-06-24,2026-06,0.41230,0.47770,0.56140,4.340,5.050,9.390,0.000000,,
2251125,2026-06-24,2026-06,0.45390,0.49510,0.36040,4.200,4.380,8.580,0.000000,,
2251126,2026-06-24,2026-06,0.48090,0.52550,0.63580,4.300,4.180,8.480,0.000000,,
2251127,2026-06-24,2026-06,0.42940,0.52500,0.59480,3.720,4.150,7.870,0.000000,,
2251128,2026-06-24,2026-06,0.54040,0.63770,0.47440,6.680,5.610,12.290,0.000000,,
2251129,2026-06-24,2026-06,0.35350,0.52860,0.50410,4.020,5.460,9.480,0.000000,,
2251130,2026-06-24,2026-06,0.46430,0.54780,0.37770,4.580,4.640,9.220,0.000000,,
2251131,2026-06-24,2026-06,0.47600,0.43990,0.38830,4.780,4.730,9.510,0.000000,,
2251132,2026-06-24,2026-06,0.49160,0.40660,0.38790,4.140,3.910,8.050,0.000000,,
2251133,2026-06-24,2026-06,0.51090,0.40620,0.40140,4.020,3.590,7.610,0.000000,,
2251134,2026-06-24,2026-06,0.54110,0.39290,0.43300,4.330,3.570,7.890,0.010000,,
2251135,2026-06-25,2026-06,0.43640,0.51170,0.59150,4.200,4.580,8.780,0.000000,,
2251136,2026-06-25,2026-06,0.55730,0.41990,0.45210,4.570,3.610,8.180,0.000000,,
2251137,2026-06-25,2026-06,0.39650,0.50140,0.55470,3.920,4.760,8.670,0.010000,,
2251138,2026-06-25,2026-06,0.38950,0.35880,0.55610,3.570,4.430,8.010,0.010000,,
2251139,2026-06-25,2026-06,0.51830,0.57730,0.43420,5.350,4.740,10.100,0.010000,,
2251140,2026-06-25,2026-06,0.44060,0.49830,0.59680,4.150,4.480,8.630,0.000000,,
2251141,2026-06-25,2026-06,0.45970,0.52920,0.37470,4.670,4.790,9.470,0.010000,,
2251142,2026-06-25,2026-06,0.51860,0.43440,0.41170,4.210,3.690,7.900,0.000000,,
2251143,2026-06-26,2026-06,0.41480,0.34970,0.31820,3.660,4.240,7.900,0.000000,,
2251144,2026-06-26,2026-06,0.39920,0.52820,0.55950,3.860,4.650,8.510,0.000000,,
2251145,2026-06-26,2026-06,0.42730,0.46580,0.57710,4.370,4.890,9.250,0.010000,,
2251146,2026-06-26,2026-06,0.49010,0.54800,0.40460,4.980,4.730,9.700,0.010000,,
2251147,2026-06-26,2026-06,0.44250,0.52280,0.34820,4.070,4.370,8.450,0.010000,,
2251148,2026-06-26,2026-06,0.51280,0.45170,0.41480,4.520,4.030,8.550,0.000000,,
2251149,2026-06-26,2026-06,0.41490,0.44370,0.57500,3.920,4.540,8.460,0.000000,,
2251150,2026-06-26,2026-06,0.52580,0.41810,0.67340,4.660,4.020,8.680,0.000000,,
2251151,2026-06-26,2026-06,0.29800,0.51320,0.46910,2.960,4.800,7.760,0.000000,,
2251152,2026-06-26,2026-06,0.46400,0.53840,0.60360,5.050,5.120,10.170,0.000000,,
2251153,2026-06-26,2026-06,0.45000,0.39350,0.34940,3.850,4.050,7.900,0.000000,,
2251154,2026-06-26,2026-06,0.44770,0.40610,0.34920,3.900,4.140,8.030,0.010000,,
2251155,2026-06-26,2026-06,0.44520,0.48170,0.34740,3.870,4.130,8.000,0.000000,,
2251156,2026-06-26,2026-06,0.45560,0.47330,0.36430,4.320,4.470,8.790,0.000000,,
2251157,2026-06-27,2026-06,0.40670,0.45570,0.56460,3.940,4.660,8.600,0.000000,,
2251158,2026-06-27,2026-06,0.41880,0.45510,0.32470,3.800,4.350,8.140,0.010000,,
2251159,2026-06-27,2026-06,0.40130,0.49550,0.56120,3.910,4.680,8.590,0.000000,,
2251160,2026-06-27,2026-06,0.51250,0.55470,0.42250,4.910,4.400,9.310,0.000000,,
2251161,2026-06-27,2026-06,0.48540,0.40130,0.64010,4.340,4.160,8.490,0.010000,,
2251162,2026-06-27,2026-06,0.46150,0.46360,0.62130,4.080,4.160,8.240,0.000000,,
2251163,2026-06-27,2026-06,0.42900,0.39700,0.33640,3.990,4.440,8.430,0.000000,,
2251164,2026-06-27,2026-06,0.50330,0.46200,0.39640,4.060,3.720,7.790,0.010000,,
2251165,2026-06-27,2026-06,0.35160,0.51330,0.49150,4.430,6.020,10.450,0.000000,,
2251166,2026-06-27,2026-06,0.36210,0.51070,0.52060,3.770,5.010,8.780,0.000000,,
2251167,2026-06-27,2026-06,0.36290,0.44430,0.52570,3.630,4.840,8.470,0.000000,,
2251168,2026-06-27,2026-06,0.52520,0.37280,0.40890,3.900,3.360,7.260,0.000000,,
2251169,2026-06-27,2026-06,0.37430,0.45840,0.53870,3.570,4.620,8.180,0.010000,,
2251170,2026-06-27,2026-06,0.36240,0.43070,0.27790,3.560,4.760,8.320,0.000000,,
2251171,2026-06-28,2026-06,0.40070,0.45210,0.54760,4.390,5.260,9.640,0.010000,,
2251172,2026-06-28,2026-06,0.44320,0.51970,0.58680,4.800,5.140,9.940,0.000000,,
2251173,2026-06-28,2026-06,0.38590,0.43100,0.54390,3.940,4.900,8.840,0.000000,,
2251174,2026-06-28,2026-06,0.52910,0.46720,0.42730,4.470,3.810,8.280,0.000000,,
2251175,2026-06-28,2026-06,0.46560,0.45820,0.63060,3.850,3.890,7.740,0.000000,,
2251176,2026-06-28,2026-06,0.55150,0.59960,0.46990,5.740,4.670,10.410,0.000000,,
2251177,2026-06-28,2026-06,0.46850,0.48170,0.61410,4.710,4.740,9.450,0.000000,,
2251178,2026-06-28,2026-06,0.43480,0.46420,0.59190,4.150,4.530,8.690,0.010000,,
2251179,2026-06-28,2026-06,0.41650,0.35770,0.59370,3.290,3.810,7.100,0.000000,,
2251180,2026-06-28,2026-06,0.45000,0.35660,0.60590,4.130,4.370,8.500,0.000000,,
2251181,2026-06-28,2026-06,0.40850,0.46170,0.32950,4.500,5.280,9.780,0.000000,,
2251182,2026-06-28,2026-06,0.47230,0.46560,0.36850,3.930,3.900,7.820,0.010000,,
2251183,2026-06-28,2026-06,0.41660,0.45750,0.32280,3.800,4.370,8.170,0.000000,,
2251184,2026-06-28,2026-06,0.42220,0.48850,0.33170,3.990,4.520,8.510,0.000000,,
2251185,2026-06-29,2026-06,0.44040,0.40910,0.59030,4.380,4.750,9.120,0.010000,,
2251186,2026-06-29,2026-06,0.50250,0.49960,0.41620,5.040,4.640,9.680,0.000000,,
2251187,2026-06-29,2026-06,0.45670,0.48790,0.61380,4.180,4.320,8.500,0.000000,,
2251188,2026-06-29,2026-06,0.41710,0.46810,0.57400,4.070,4.670,8.740,0.000000,,
2251189,2026-06-29,2026-06,0.36870,0.45810,0.52850,3.740,4.890,8.630,0.000000,,
2251190,2026-06-29,2026-06,0.42340,0.45760,0.59210,3.630,4.110,7.740,0.000000,,
2251191,2026-06-29,2026-06,0.44410,0.45660,0.59560,4.420,4.710,9.140,0.010000,,
2251192,2026-06-29,2026-06,0.36090,0.27490,0.50720,3.880,5.290,9.170,0.000000,,
2251193,2026-06-29,2026-06,0.39070,0.42920,0.54730,3.950,4.870,8.820,0.000000,,
2251194,2026-06-29,2026-06,0.52740,0.47750,0.46960,6.720,5.740,12.460,0.000000,,
2251195,2026-06-29,2026-06,0.36460,0.41540,0.28970,4.320,5.740,10.060,0.000000,,
2251196,2026-06-29,2026-06,0.37350,0.52750,0.53530,3.710,4.790,8.500,0.000000,,
2251197,2026-06-30,2026-06,0.44670,0.43540,0.58190,4.980,5.340,10.320,0.000000,,
2251198,2026-06-30,2026-06,0.43450,0.43390,0.33040,3.560,3.920,7.490,0.010000,,
2251199,2026-06-30,2026-06,0.37580,0.48880,0.53210,3.940,5.040,8.980,0.000000,,
2251200,2026-06-30,2026-06,0.39690,0.55770,0.56000,3.720,4.520,8.250,0.010000,,
2251201,2026-06-30,2026-06,0.48020,0.51380,0.38800,4.460,4.340,8.810,0.010000,,
2251202,2026-06-30,2026-06,0.42570,0.44150,0.57920,4.220,4.730,8.950,0.000000,,
2251203,2026-06-30,2026-06,0.35060,0.46300,0.50490,3.900,5.330,9.230,0.000000,,
2251204,2026-06-30,2026-06,0.41670,0.38930,0.32890,4.130,4.750,8.880,0.000000,,
2251205,2026-06-30,2026-06,0.39350,0.43220,0.55020,3.980,4.870,8.850,0.000000,,
2251206,2026-06-30,2026-06,0.38810,0.31350,0.53570,4.080,5.130,9.210,0.000000,,
2251207,2026-06-30,2026-06,0.50710,0.50190,0.41550,4.790,4.350,9.140,0.000000,,
2251208,2026-06-30,2026-06,0.49280,0.50540,0.41960,6.050,5.780,11.830,0.000000,,
2251209,2026-06-30,2026-06,0.55760,0.45390,0.48670,6.200,4.900,11.110,0.010000,,
2251210,2026-06-30,2026-06,0.38240,0.47420,0.55890,3.220,4.110,7.320,0.010000,,
2251211,2026-07-01,2026-07,0.38140,0.37350,0.53400,4.010,5.090,9.090,0.010000,,
2251212,2026-07-01,2026-07,0.47220,0.49560,0.63180,4.090,4.070,8.160,0.000000,,
2251213,2026-07-01,2026-07,0.39830,0.34090,0.55970,3.750,4.560,8.300,0.010000,,
2251214,2026-07-01,2026-07,0.50570,0.38910,0.65530,4.660,4.220,8.880,0.000000,,
2251215,2026-07-01,2026-07,0.47460,0.24460,0.61580,4.540,4.580,9.120,0.000000,,
2251216,2026-07-01,2026-07,0.37360,0.47220,0.29240,3.840,4.950,8.790,0.000000,,
2251217,2026-07-01,2026-07,0.39430,0.47030,0.55740,3.740,4.570,8.310,0.000000,,
2251218,2026-07-01,2026-07,0.43900,0.44400,0.59180,4.310,4.670,8.990,0.010000,,
2251219,2026-07-01,2026-07,0.47210,0.34360,0.37910,4.560,4.590,9.150,0.000000,,
2251220,2026-07-01,2026-07,0.41940,0.48440,0.57470,4.180,4.750,8.930,0.000000,,
2251221,2026-07-01,2026-07,0.45090,0.40370,0.60840,4.160,4.370,8.520,0.010000,,
2251222,2026-07-01,2026-07,0.50670,0.47930,0.43990,6.030,5.430,11.450,0.010000,,
2251223,2026-07-01,2026-07,0.50740,0.39690,0.43130,5.440,4.890,10.320,0.010000,,
2251224,2026-07-02,2026-07,0.40570,0.40820,0.54660,4.550,5.410,9.960,0.000000,,
2251225,2026-07-02,2026-07,0.34530,0.45670,0.52620,2.960,4.200,7.160,0.000000,,
2251226,2026-07-02,2026-07,0.46190,0.47260,0.39160,6.290,6.560,12.850,0.000000,,
2251227,2026-07-02,2026-07,0.42140,0.41420,0.32750,3.810,4.330,8.140,0.000000,,
2251228,2026-07-02,2026-07,0.41290,0.38390,0.57530,3.830,4.450,8.290,0.010000,,
2251229,2026-07-02,2026-07,0.48690,0.35320,0.39090,4.510,4.330,8.850,0.010000,,
2251230,2026-07-02,2026-07,0.42240,0.48750,0.32710,3.780,4.290,8.070,0.000000,,
2251231,2026-07-02,2026-07,0.35510,0.40520,0.54430,2.790,3.870,6.650,0.010000,,
2251232,2026-07-02,2026-07,0.36860,0.46960,0.51370,4.290,5.590,9.880,0.000000,,
2251233,2026-07-03,2026-07,0.51260,0.35100,0.66050,4.900,4.340,9.240,0.000000,,
2251234,2026-07-03,2026-07,0.36400,0.45580,0.51140,4.180,5.520,9.700,0.000000,,
2251235,2026-07-03,2026-07,0.44730,0.41970,0.59040,4.680,5.000,9.680,0.000000,,
2251236,2026-07-03,2026-07,0.47750,0.36430,0.38600,4.720,4.680,9.400,0.000000,,
2251237,2026-07-03,2026-07,0.41370,0.47220,0.57550,3.860,4.480,8.340,0.000000,,
2251238,2026-07-03,2026-07,0.45040,0.46620,0.36440,4.510,4.740,9.250,0.000000,,
2251239,2026-07-03,2026-07,0.49830,0.36250,0.42490,5.410,4.960,10.370,0.000000,,
2251240,2026-07-03,2026-07,0.46770,0.44800,0.37730,4.500,4.540,9.040,0.000000,,
2251241,2026-07-03,2026-07,0.45800,0.46960,0.35520,3.870,4.000,7.860,0.010000,,
2251242,2026-07-03,2026-07,0.46470,0.49030,0.59420,5.470,5.590,11.060,0.000000,,
2251243,2026-07-03,2026-07,0.35850,0.45440,0.52450,3.460,4.680,8.140,0.000000,,
2251244,2026-07-03,2026-07,0.47080,0.46440,0.35920,3.610,3.610,7.220,0.000000,,
2251245,2026-07-04,2026-07,0.56010,0.49150,0.48800,6.190,4.890,11.090,0.010000,,
2251246,2026-07-04,2026-07,0.44270,0.36890,0.58640,4.530,4.910,9.440,0.000000,,
2251247,2026-07-04,2026-07,0.42220,0.38460,0.32430,3.660,4.150,7.810,0.000000,,
2251248,2026-07-04,2026-07,0.42160,0.37870,0.60190,3.230,3.700,6.930,0.000000,,
2251249,2026-07-04,2026-07,0.40980,0.37650,0.57290,3.770,4.430,8.200,0.000000,,
2251250,2026-07-04,2026-07,0.48240,0.49390,0.37350,3.830,3.710,7.540,0.000000,,
2251251,2026-07-04,2026-07,0.39620,0.44880,0.56880,3.440,4.200,7.640,0.000000,,
2251252,2026-07-04,2026-07,0.41630,0.51240,0.57260,4.090,4.710,8.790,0.010000,,
2251253,2026-07-04,2026-07,0.41240,0.48440,0.57210,3.920,4.560,8.480,0.000000,,
2251254,2026-07-04,2026-07,0.58640,0.44040,0.52900,7.140,5.230,12.370,0.000000,,
2251255,2026-07-04,2026-07,0.43780,0.41440,0.34670,4.130,4.500,8.630,0.000000,,
2251256,2026-07-04,2026-07,0.54540,0.47650,0.44890,4.860,3.980,8.830,0.010000,,
2251257,2026-07-04,2026-07,0.51520,0.46520,0.45100,6.280,5.540,11.830,0.010000,,
2251258,2026-07-04,2026-07,0.41890,0.35250,0.59200,3.470,3.980,7.450,0.000000,,
2251259,2026-07-05,2026-07,0.42990,0.43900,0.33740,3.980,4.420,8.400,0.000000,,
2251260,2026-07-05,2026-07,0.46510,0.38360,0.37430,4.570,4.660,9.220,0.010000,,
2251261,2026-07-05,2026-07,0.44310,0.46220,0.58150,4.920,5.300,10.220,0.000000,,
2251262,2026-07-05,2026-07,0.43770,0.51790,0.59190,4.250,4.620,8.860,0.010000,,
2251263,2026-07-05,2026-07,0.39290,0.41180,0.56420,3.430,4.240,7.670,0.000000,,
2251264,2026-07-05,2026-07,0.35740,0.58360,0.50550,4.150,5.550,9.700,0.000000,,
2251265,2026-07-05,2026-07,0.42850,0.47200,0.35170,4.890,5.470,10.360,0.000000,,
2251266,2026-07-05,2026-07,0.38390,0.44190,0.30180,3.980,4.990,8.970,0.000000,,
2251267,2026-07-05,2026-07,0.51060,0.41240,0.39570,3.840,3.430,7.270,0.000000,,
2251268,2026-07-05,2026-07,0.47080,0.46880,0.40240,6.600,6.740,13.350,0.010000,,
2251269,2026-07-05,2026-07,0.41440,0.43970,0.33500,4.590,5.330,9.920,0.000000,,
2251270,2026-07-05,2026-07,0.45930,0.38760,0.63490,3.460,3.560,7.020,0.000000,,
2251271,2026-07-05,2026-07,0.36850,0.46680,0.50760,4.460,5.830,10.290,0.000000,,
2251272,2026-07-05,2026-07,0.52930,0.50770,0.43190,4.710,4.030,8.730,0.010000,,
2251273,2026-07-06,2026-07,0.52480,0.49050,0.43050,4.820,4.180,9.000,0.000000,,
2251274,2026-07-06,2026-07,0.47680,0.51090,0.37900,4.200,4.120,8.320,0.000000,,
2251275,2026-07-06,2026-07,0.43420,0.52010,0.36100,5.240,5.770,11.010,0.000000,,
2251276,2026-07-06,2026-07,0.37670,0.49280,0.52560,4.220,5.380,9.600,0.000000,,
2251277,2026-07-06,2026-07,0.44960,0.46110,0.35210,4.000,4.220,8.210,0.010000,,
2251278,2026-07-06,2026-07,0.43530,0.53820,0.34440,4.130,4.520,8.640,0.010000,,
2251279,2026-07-06,2026-07,0.38610,0.42230,0.53030,4.310,5.400,9.710,0.000000,,
2251280,2026-07-07,2026-07,0.41030,0.44550,0.32960,4.410,5.160,9.570,0.000000,,
2251281,2026-07-07,2026-07,0.39850,0.39290,0.56620,3.570,4.330,7.900,0.000000,,
2251282,2026-07-07,2026-07,0.47120,0.48830,0.62250,4.490,4.480,8.980,0.010000,,
2251283,2026-07-07,2026-07,0.45320,0.42130,0.61810,3.790,3.970,7.760,0.000000,,
2251284,2026-07-07,2026-07,0.38960,0.54010,0.54900,3.870,4.780,8.650,0.000000,,
2251285,2026-07-07,2026-07,0.41720,0.51670,0.34360,4.890,5.600,10.490,0.000000,,
2251286,2026-07-07,2026-07,0.44010,0.54970,0.58670,4.680,5.040,9.720,0.000000,,
2251287,2026-07-07,2026-07,0.52210,0.40470,0.42370,4.560,3.960,8.520,0.000000,,
2251288,2026-07-07,2026-07,0.44770,0.48870,0.35910,4.360,4.610,8.980,0.010000,,
2251289,2026-07-07,2026-07,0.53160,0.47890,0.43530,4.800,4.080,8.870,0.010000,,
2251290,2026-07-07,2026-07,0.45230,0.46730,0.36140,4.270,4.460,8.730,0.000000,,
2251291,2026-07-07,2026-07,0.38420,0.48330,0.55950,3.280,4.150,7.430,0.000000,,
2251292,2026-07-07,2026-07,0.47880,0.41860,0.37300,3.910,3.830,7.740,0.000000,,
2251293,2026-07-07,2026-07,0.32100,0.43370,0.47160,3.780,5.640,9.420,0.000000,,
2251294,2026-07-08,2026-07,0.45160,0.50870,0.34800,3.750,3.940,7.690,0.000000,,
2251295,2026-07-08,2026-07,0.37180,0.38430,0.52130,4.000,5.230,9.230,0.000000,,
2251296,2026-07-08,2026-07,0.31600,0.36820,0.48300,3.210,4.910,8.110,0.010000,,
2251297,2026-07-08,2026-07,0.46290,0.48870,0.60170,5.010,5.120,10.130,0.000000,,
2251298,2026-07-08,2026-07,0.45260,0.41770,0.36040,4.240,4.440,8.680,0.000000,,
2251299,2026-07-08,2026-07,0.41870,0.55400,0.33140,4.120,4.710,8.830,0.000000,,
2251300,2026-07-08,2026-07,0.40310,0.43710,0.55130,4.310,5.150,9.460,0.000000,,
2251301,2026-07-08,2026-07,0.40800,0.45730,0.55330,4.470,5.260,9.720,0.010000,,
2251302,2026-07-08,2026-07,0.44110,0.45040,0.59880,4.100,4.430,8.530,0.000000,,
2251303,2026-07-08,2026-07,0.41560,0.53010,0.56450,4.410,5.080,9.490,0.000000,,
2251304,2026-07-08,2026-07,0.52180,0.42090,0.41300,4.160,3.620,7.780,0.000000,,
2251305,2026-07-08,2026-07,0.44450,0.41100,0.34600,3.900,4.180,8.080,0.000000,,
2251306,2026-07-08,2026-07,0.45760,0.40110,0.62710,3.710,3.830,7.550,0.010000,,
2251307,2026-07-08,2026-07,0.48400,0.44720,0.62170,5.080,4.940,10.020,0.000000,,
2251308,2026-07-09,2026-07,0.46700,0.49890,0.38740,5.100,5.150,10.250,0.000000,,
2251309,2026-07-09,2026-07,0.45140,0.44250,0.60440,4.380,4.600,8.970,0.010000,,
2251310,2026-07-09,2026-07,0.42090,0.46020,0.58970,3.630,4.130,7.760,0.000000,,
2251311,2026-07-09,2026-07,0.43480,0.53330,0.35290,4.550,4.970,9.520,0.000000,,
2251312,2026-07-09,2026-07,0.49140,0.42310,0.39580,4.490,4.250,8.740,0.000000,,
2251313,2026-07-09,2026-07,0.35820,0.45160,0.49990,4.310,5.790,10.090,0.010000,,
2251314,2026-07-09,2026-07,0.42920,0.42500,0.58470,4.150,4.610,8.760,0.000000,,
2251315,2026-07-09,2026-07,0.57910,0.42050,0.46780,4.460,3.310,7.770,0.000000,,
2251316,2026-07-09,2026-07,0.48730,0.42120,0.39650,4.720,4.540,9.260,0.000000,,
2251317,2026-07-09,2026-07,0.47230,0.40450,0.36560,3.810,3.780,7.590,0.000000,,
2251318,2026-07-09,2026-07,0.44770,0.42450,0.61870,3.580,3.800,7.380,0.000000,,
2251319,2026-07-09,2026-07,0.46370,0.41410,0.61830,4.280,4.350,8.630,0.000000,,
2251320,2026-07-10,2026-07,0.39380,0.44470,0.31140,4.050,4.950,9.000,0.000000,,
2251321,2026-07-11,2026-07,0.42380,0.50150,0.57670,4.290,4.840,9.120,0.010000,,
2251322,2026-07-10,2026-07,0.55320,0.60100,0.48780,6.750,5.470,12.230,0.010000,,
2251323,2026-07-10,2026-07,0.40340,0.39740,0.54570,4.470,5.350,9.830,0.010000,,
2251324,2026-07-10,2026-07,0.37450,0.34290,0.28630,3.630,4.700,8.330,0.000000,,
2251325,2026-07-10,2026-07,0.44780,0.50240,0.60850,3.990,4.240,8.230,0.000000,,
2251326,2026-07-10,2026-07,0.41970,0.43230,0.58120,3.890,4.440,8.330,0.000000,,
2251327,2026-07-10,2026-07,0.48640,0.51650,0.64840,3.970,3.800,7.770,0.000000,,
2251328,2026-07-10,2026-07,0.36530,0.49790,0.52020,3.930,5.170,9.090,0.010000,,
2251329,2026-07-10,2026-07,0.42500,0.36660,0.32390,3.570,4.040,7.610,0.000000,,
2251330,2026-07-10,2026-07,0.34460,0.50140,0.48590,4.320,5.970,10.280,0.010000,,
2251331,2026-07-10,2026-07,0.47370,0.47900,0.37660,4.230,4.180,8.410,0.000000,,
2251332,2026-07-10,2026-07,0.33660,0.53550,0.26570,3.960,5.620,9.580,0.000000,,
2251333,2026-07-10,2026-07,0.32740,0.52710,0.48330,3.650,5.340,8.990,0.000000,,
2251334,2026-07-11,2026-07,0.32270,0.49360,0.47210,3.880,5.720,9.600,0.000000,,
2251335,2026-07-11,2026-07,0.45580,0.53460,0.60260,4.690,4.860,9.540,0.010000,,
2251336,2026-07-11,2026-07,0.48610,0.47500,0.39820,4.780,4.580,9.360,0.000000,,
2251337,2026-07-11,2026-07,0.49110,0.46580,0.40130,4.750,4.510,9.260,0.000000,,
2251338,2026-07-11,2026-07,0.47240,0.57800,0.61720,4.830,4.800,9.630,0.000000,,
2251339,2026-07-11,2026-07,0.49390,0.52140,0.38830,4.040,3.790,7.830,0.000000,,
2251340,2026-07-11,2026-07,0.40480,0.38880,0.30910,3.580,4.270,7.850,0.000000,,
2251341,2026-07-11,2026-07,0.41460,0.43400,0.58840,3.470,4.030,7.490,0.010000,,
2251342,2026-07-11,2026-07,0.40220,0.46890,0.30650,3.570,4.290,7.850,0.010000,,
2251343,2026-07-11,2026-07,0.37850,0.53270,0.52190,4.470,5.640,10.110,0.000000,,
2251344,2026-07-11,2026-07,0.49390,0.33200,0.65580,3.970,3.730,7.700,0.000000,,
2251345,2026-07-11,2026-07,0.50020,0.36450,0.40220,4.460,4.130,8.580,0.010000,,
2251346,2026-07-11,2026-07,0.48850,0.47050,0.39360,4.480,4.270,8.750,0.000000,,
2251347,2026-07-11,2026-07,0.52250,0.43380,0.41590,4.230,3.670,7.900,0.000000,,
2251348,2026-07-12,2026-07,0.46490,0.47400,0.61710,4.380,4.440,8.810,0.010000,,
2251349,2026-07-12,2026-07,0.39950,0.47380,0.54490,4.510,5.420,9.930,0.000000,,
2251350,2026-07-12,2026-07,0.43100,0.53390,0.35710,5.090,5.630,10.720,0.000000,,
2251351,2026-07-12,2026-07,0.43860,0.48150,0.35490,4.530,4.920,9.450,0.000000,,
2251352,2026-07-12,2026-07,0.45400,0.48530,0.35980,4.150,4.330,8.480,0.000000,,
2251353,2026-07-12,2026-07,0.42510,0.43870,0.59050,3.740,4.220,7.960,0.000000,,
2251354,2026-07-12,2026-07,0.46060,0.48870,0.62890,3.690,3.790,7.480,0.000000,,
2251355,2026-07-12,2026-07,0.48170,0.50840,0.38280,4.210,4.080,8.290,0.000000,,
2251356,2026-07-12,2026-07,0.39510,0.43690,0.55140,4.020,4.890,8.900,0.010000,,
2251357,2026-07-12,2026-07,0.48320,0.43130,0.64050,4.230,4.090,8.320,0.000000,,
2251358,2026-07-12,2026-07,0.44070,0.52250,0.59840,4.070,4.390,8.450,0.010000,,
2251359,2026-07-12,2026-07,0.32200,0.45970,0.47640,3.700,5.490,9.190,0.000000,,
2251360,2026-07-12,2026-07,0.42820,0.51580,0.57250,4.680,5.200,9.880,0.000000,,
2251361,2026-07-12,2026-07,0.45170,0.44180,0.35800,4.120,4.310,8.430,0.000000,,
2251362,2026-07-16,2026-07,0.47630,0.47630,0.61610,5.000,4.950,9.950,0.000000,,
2251363,2026-07-17,2026-07,0.39840,0.53890,0.32560,4.650,5.560,10.210,0.000000,,
2251364,2026-07-17,2026-07,0.42460,0.46840,0.57950,4.110,4.640,8.740,0.010000,,
2251365,2026-07-18,2026-07,0.45720,0.47340,0.62110,3.880,4.020,7.900,0.000000,,
2251366,2026-07-17,2026-07,0.41990,0.43430,0.57560,4.150,4.720,8.870,0.000000,,
2251367,2026-07-17,2026-07,0.42660,0.47850,0.58710,3.960,4.450,8.410,0.000000,,
2251368,2026-07-17,2026-07,0.37840,0.41950,0.55040,3.400,4.350,7.750,0.000000,,
2251369,2026-07-17,2026-07,0.48460,0.33030,0.62500,4.770,4.670,9.440,0.000000,,
2251370,2026-07-17,2026-07,0.40780,0.44390,0.56860,3.880,4.570,8.450,0.000000,,
2251371,2026-07-17,2026-07,0.51260,0.36390,0.42170,4.760,4.230,8.990,0.000000,,
2251372,2026-07-17,2026-07,0.40780,0.42890,0.33610,5.360,6.380,11.740,0.000000,,
2251373,2026-07-17,2026-07,0.51710,0.37800,0.40810,4.110,3.620,7.730,0.000000,,
2251374,2026-07-17,2026-07,0.45930,0.48170,0.38290,5.370,5.570,10.940,0.000000,,
2251375,2026-07-17,2026-07,0.38740,0.44350,0.56930,3.110,3.910,7.020,0.000000,,
2251376,2026-07-18,2026-07,0.44590,0.44210,0.60420,4.090,4.350,8.450,0.010000,,
2251377,2026-07-18,2026-07,0.51210,0.55420,0.43170,5.480,4.930,10.410,0.000000,,
2251378,2026-07-18,2026-07,0.40370,0.46300,0.33680,5.770,6.940,12.710,0.000000,,
2251379,2026-07-18,2026-07,0.39190,0.49880,0.54600,4.090,5.010,9.100,0.000000,,
2251380,2026-07-18,2026-07,0.49350,0.42010,0.39780,4.490,4.230,8.720,0.000000,,
2251381,2026-07-18,2026-07,0.45460,0.39350,0.35310,3.870,4.030,7.890,0.010000,,
2251382,2026-07-18,2026-07,0.31530,0.28860,0.23690,3.490,5.400,8.890,0.000000,,
2251383,2026-07-18,2026-07,0.40080,0.35880,0.56010,3.870,4.650,8.520,0.000000,,
2251384,2026-07-18,2026-07,0.43760,0.42320,0.34730,4.180,4.550,8.730,0.000000,,
2251385,2026-07-18,2026-07,0.42620,0.43140,0.59240,3.710,4.170,7.880,0.000000,,
2251386,2026-07-18,2026-07,0.44920,0.46380,0.62260,3.510,3.720,7.220,0.010000,,
2251387,2026-07-19,2026-07,0.45780,0.45610,0.35980,4.010,4.140,8.150,0.000000,,
2251388,2026-07-18,2026-07,0.42440,0.42710,0.34980,5.270,6.000,11.270,0.000000,,
2251389,2026-07-18,2026-07,0.54700,0.52380,0.45140,4.920,4.010,8.930,0.000000,,
2251390,2026-07-19,2026-07,0.40060,0.46840,0.30960,3.760,4.530,8.290,0.000000,,
2251391,2026-07-19,2026-07,0.40360,0.40280,0.57020,3.640,4.360,8.000,0.000000,,
2251392,2026-07-19,2026-07,0.48440,0.50600,0.39460,4.680,4.500,9.180,0.000000,,
2251393,2026-07-19,2026-07,0.42520,0.49100,0.33890,4.240,4.770,9.010,0.000000,,
2251394,2026-07-19,2026-07,0.43390,0.50410,0.33130,3.630,4.010,7.640,0.000000,,
2251395,2026-07-19,2026-07,0.42980,0.49680,0.58250,4.300,4.780,9.080,0.000000,,
2251396,2026-07-19,2026-07,0.42570,0.46240,0.34550,4.610,5.170,9.780,0.000000,,
2251397,2026-07-19,2026-07,0.45420,0.43340,0.61830,3.870,4.030,7.900,0.000000,,
2251398,2026-07-19,2026-07,0.41170,0.54290,0.56850,4.010,4.680,8.690,0.000000,,
2251399,2026-07-19,2026-07,0.40840,0.51230,0.34140,5.490,6.460,11.950,0.000000,,
2251400,2026-07-19,2026-07,0.57060,0.50800,0.50080,6.400,4.930,11.320,0.010000,,
2251401,2026-07-19,2026-07,0.54110,0.37330,0.44390,4.760,3.920,8.680,0.000000,,
2251402,2026-07-19,2026-07,0.42330,0.41810,0.60670,3.160,3.610,6.760,0.010000,,
2251403,2026-07-19,2026-07,0.43730,0.45460,0.35020,4.360,4.750,9.110,0.000000,,
2251404,2026-07-20,2026-07,0.46770,0.45510,0.36270,3.850,3.870,7.720,0.000000,,
2251405,2026-07-20,2026-07,0.42600,0.50630,0.58180,4.120,4.620,8.730,0.010000,,
2251406,2026-07-20,2026-07,0.41160,0.49050,0.57650,3.730,4.360,8.090,0.000000,,
2251407,2026-07-20,2026-07,0.39740,0.42530,0.56090,3.720,4.520,8.250,0.010000,,
2251408,2026-07-20,2026-07,0.42680,0.53940,0.57330,4.540,5.070,9.610,0.000000,,
2251409,2026-07-20,2026-07,0.44440,0.48030,0.59200,4.560,4.880,9.440,0.000000,,
2251410,2026-07-20,2026-07,0.43400,0.36230,0.58450,4.260,4.710,8.960,0.010000,,
2251411,2026-07-20,2026-07,0.29160,0.48970,0.45880,3.060,5.040,8.100,0.000000,,
2251412,2026-07-20,2026-07,0.49550,0.28710,0.41250,4.870,4.490,9.350,0.010000,,
2251413,2026-07-20,2026-07,0.37140,0.45270,0.54310,3.330,4.360,7.690,0.000000,,
2251414,2026-07-20,2026-07,0.36760,0.43520,0.52560,3.850,5.040,8.890,0.000000,,
2251415,2026-07-20,2026-07,0.49250,0.45980,0.42040,6.210,5.970,12.180,0.000000,,
2251416,2026-07-20,2026-07,0.43530,0.44400,0.60510,3.620,3.980,7.600,0.000000,,
2251417,2026-07-20,2026-07,0.46350,0.39210,0.36760,4.150,4.220,8.370,0.000000,,
2251418,2026-07-21,2026-07,0.38600,0.41080,0.55780,3.390,4.270,7.660,0.000000,,
2251419,2026-07-21,2026-07,0.43240,0.38520,0.33900,3.950,4.350,8.310,0.010000,,
2251420,2026-07-22,2026-07,0.33720,0.42950,0.49550,3.640,5.180,8.820,0.000000,,
2251421,2026-07-21,2026-07,0.49500,0.55490,0.40040,4.560,4.270,8.840,0.010000,,
2251422,2026-07-22,2026-07,0.35650,0.28600,0.52770,3.230,4.430,7.660,0.000000,,
2251423,2026-07-21,2026-07,0.36190,0.49840,0.51070,4.160,5.510,9.680,0.010000,,
2251424,2026-07-21,2026-07,0.45280,0.48740,0.36840,4.650,4.870,9.520,0.000000,,
2251425,2026-07-21,2026-07,0.50440,0.37860,0.66520,4.050,3.690,7.740,0.000000,,
2251426,2026-07-21,2026-07,0.48650,0.62660,0.62880,4.980,4.770,9.750,0.000000,,
2251427,2026-07-21,2026-07,0.42460,0.43410,0.33140,3.920,4.430,8.350,0.000000,,
2251428,2026-07-21,2026-07,0.45170,0.43310,0.59800,4.590,4.820,9.410,0.000000,,
2251429,2026-07-21,2026-07,0.39490,0.49300,0.33180,6.150,7.580,13.730,0.000000,,
2251430,2026-07-21,2026-07,0.38010,0.43330,0.53690,3.910,4.960,8.870,0.000000,,
2251431,2026-07-21,2026-07,0.46170,0.41970,0.35240,3.630,3.710,7.340,0.000000,,
2251432,2026-07-22,2026-07,0.40610,0.44050,0.55450,4.360,5.150,9.510,0.000000,,
2251433,2026-07-22,2026-07,0.49810,0.51110,0.40780,4.790,4.460,9.250,0.000000,,
2251434,2026-07-22,2026-07,0.39010,0.46950,0.55890,3.510,4.350,7.860,0.000000,,
2251435,2026-07-22,2026-07,0.40240,0.37260,0.32360,4.750,5.750,10.500,0.000000,,
2251436,2026-07-22,2026-07,0.38970,0.37050,0.56760,3.220,4.020,7.240,0.000000,,
2251437,2026-07-22,2026-07,0.42940,0.47460,0.58410,4.170,4.630,8.800,0.000000,,
2251438,2026-07-22,2026-07,0.44450,0.50360,0.59940,4.200,4.490,8.690,0.000000,,
2251439,2026-07-22,2026-07,0.48380,0.50210,0.40330,5.230,5.060,10.290,0.000000,,
2251440,2026-07-22,2026-07,0.39980,0.53640,0.31350,3.910,4.700,8.620,0.010000,,
2251441,2026-07-22,2026-07,0.46880,0.38600,0.62680,4.150,4.160,8.310,0.000000,,
2251442,2026-07-22,2026-07,0.42840,0.42670,0.33460,3.910,4.360,8.270,0.000000,,
2251443,2026-07-22,2026-07,0.51750,0.48270,0.66860,4.490,3.960,8.450,0.000000,,
2251444,2026-07-22,2026-07,0.36500,0.34000,0.26910,3.130,4.190,7.310,0.010000,,
2251445,2026-07-22,2026-07,0.40370,0.45730,0.31200,3.720,4.440,8.160,0.000000,,
2251446,2026-07-23,2026-07,0.40180,0.42990,0.57010,3.570,4.300,7.870,0.000000,,
2251447,2026-07-23,2026-07,0.45060,0.48650,0.61300,3.920,4.130,8.050,0.000000,,
2251448,2026-07-23,2026-07,0.51830,0.56130,0.43300,5.250,4.640,9.890,0.000000,,
2251449,2026-07-23,2026-07,0.35190,0.37250,0.52470,3.220,4.460,7.680,0.000000,,
2251450,2026-07-24,2026-07,0.38430,0.45930,0.54340,3.830,4.810,8.640,0.000000,,
2251451,2026-07-24,2026-07,0.37420,0.46500,0.54450,3.410,4.420,7.820,0.010000,,
2251452,2026-07-24,2026-07,0.41810,0.46420,0.32500,3.840,4.400,8.240,0.000000,,
2251453,2026-07-24,2026-07,0.43230,0.53610,0.59000,4.090,4.520,8.610,0.000000,,
2251454,2026-07-24,2026-07,0.39660,0.51130,0.54740,4.180,5.070,9.240,0.010000,,
2251455,2026-07-24,2026-07,0.43450,0.49240,0.35330,4.580,5.020,9.590,0.010000,,
2251456,2026-07-24,2026-07,0.40620,0.55640,0.56990,3.770,4.460,8.230,0.000000,,
2251457,2026-07-24,2026-07,0.46550,0.36480,0.62530,4.010,4.070,8.070,0.010000,,
2251458,2026-07-24,2026-07,0.41600,0.47000,0.56750,4.330,4.980,9.310,0.000000,,
2251459,2026-07-24,2026-07,0.43700,0.40630,0.59490,4.090,4.460,8.550,0.000000,,
2251460,2026-07-24,2026-07,0.48280,0.41030,0.37110,3.690,3.560,7.250,0.000000,,
2251461,2026-07-24,2026-07,0.41950,0.48200,0.56120,4.680,5.350,10.030,0.000000,,
2251462,2026-07-24,2026-07,0.40440,0.55640,0.55490,4.270,5.060,9.330,0.000000,,
2251463,2026-07-24,2026-07,0.31300,0.48580,0.46990,3.550,5.400,8.960,0.010000,,
2252284,2026-03-26,2026-03,0.34080,0.41130,0.50240,3.580,5.030,8.610,0.000000,,
2252293,2026-03-27,2026-03,0.38320,0.39470,0.55160,3.490,4.420,7.910,0.000000,,
2252307,2026-03-28,2026-03,0.33950,0.47450,0.49850,3.650,5.170,8.820,0.000000,,
2252334,2026-03-30,2026-03,0.41590,0.46510,0.33290,4.300,4.950,9.250,0.000000,,
2252346,2026-03-31,2026-03,0.46280,0.45660,0.37800,4.800,4.910,9.710,0.000000,,
2252360,2026-04-01,2026-04,0.48950,0.57440,0.39840,4.650,4.420,9.060,0.010000,,
2252367,2026-04-02,2026-04,0.33270,0.56860,0.26940,4.380,6.230,10.610,0.000000,,
2252381,2026-04-03,2026-04,0.47740,0.50810,0.39520,4.950,4.850,9.800,0.000000,,
2252394,2026-04-04,2026-04,0.42270,0.46050,0.34240,4.580,5.170,9.750,0.000000,,
2252411,2026-04-05,2026-04,0.49270,0.51510,0.40920,5.080,4.790,9.870,0.000000,,
2252434,2026-04-07,2026-04,0.43810,0.55750,0.59930,3.950,4.290,8.240,0.000000,,
2252454,2026-04-08,2026-04,0.49350,0.54190,0.64430,4.470,4.210,8.680,0.000000,,
2252459,2026-04-09,2026-04,0.43360,0.51860,0.60920,3.430,3.780,7.210,0.000000,,
2252463,2026-04-10,2026-04,0.46830,0.51720,0.62060,4.420,4.430,8.850,0.000000,,
2252477,2026-04-11,2026-04,0.41170,0.50870,0.55840,4.540,5.260,9.800,0.000000,,
2252493,2026-04-12,2026-04,0.54030,0.63730,0.67180,5.690,4.760,10.450,0.000000,,
2252508,2026-04-13,2026-04,0.43350,0.44060,0.58690,4.260,4.680,8.940,0.000000,,
2252517,2026-04-14,2026-04,0.42420,0.41980,0.58110,4.090,4.610,8.710,0.010000,,
2252532,2026-04-15,2026-04,0.53270,0.39560,0.67820,4.860,4.100,8.970,0.010000,,
2252570,2026-04-17,2026-04,0.48200,0.44870,0.63660,4.330,4.180,8.510,0.000000,,
2252585,2026-04-18,2026-04,0.40550,0.56560,0.54500,4.850,5.700,10.560,0.010000,,
2252600,2026-04-19,2026-04,0.49210,0.46240,0.39130,4.230,3.990,8.220,0.000000,,
2252625,2026-04-21,2026-04,0.39360,0.44810,0.54780,4.070,4.970,9.040,0.000000,,
2252640,2026-04-22,2026-04,0.38840,0.44800,0.54310,4.040,5.000,9.050,0.010000,,
2252646,2026-04-23,2026-04,0.44270,0.41320,0.60520,3.910,4.200,8.120,0.010000,,
2252672,2026-04-25,2026-04,0.44740,0.13200,0.35170,4.820,5.350,10.160,0.010000,,
2252691,2026-04-26,2026-04,0.51810,0.12850,0.44300,5.080,4.310,9.390,0.000000,,
2252713,2026-04-28,2026-04,0.41880,0.43840,0.58490,3.700,4.250,7.950,0.000000,,
2252731,2026-04-29,2026-04,0.48980,0.46060,0.64250,4.440,4.210,8.650,0.000000,,
2252739,2026-04-30,2026-04,0.41620,0.51250,0.58470,3.580,4.150,7.740,0.010000,,
2252742,2026-05-01,2026-05,0.43550,0.58100,0.59320,4.070,4.450,8.520,0.000000,,
2252759,2026-05-02,2026-05,0.32540,0.59450,0.48500,3.510,5.190,8.700,0.000000,,
2252780,2026-05-03,2026-05,0.37040,0.37380,0.49910,4.720,6.210,10.930,0.000000,,
2252811,2026-05-05,2026-05,0.40040,0.49470,0.54890,4.380,5.240,9.620,0.000000,,
2252828,2026-05-06,2026-05,0.55430,0.47260,0.45600,4.880,3.910,8.790,0.000000,,
2252833,2026-05-07,2026-05,0.52900,0.50970,0.43690,4.970,4.270,9.240,0.000000,,
2252849,2026-05-08,2026-05,0.55530,0.46170,0.46180,5.120,4.100,9.220,0.000000,,
2252864,2026-05-09,2026-05,0.64780,0.53930,0.57220,6.660,4.180,10.830,0.010000,,
2252879,2026-05-10,2026-05,0.50530,0.45970,0.40820,4.520,4.110,8.640,0.010000,,
2252886,2026-05-11,2026-05,0.39480,0.42460,0.29930,3.510,4.300,7.810,0.000000,,
2252900,2026-05-12,2026-05,0.45560,0.49180,0.61260,4.200,4.360,8.560,0.000000,,
2252915,2026-05-13,2026-05,0.45040,0.45870,0.35310,3.980,4.190,8.170,0.000000,,
2252941,2026-05-15,2026-05,0.40980,0.62080,0.35260,6.610,7.750,14.360,0.000000,,
2252947,2026-05-16,2026-05,0.48820,0.39020,0.40580,5.460,5.290,10.750,0.000000,,
2252971,2026-05-17,2026-05,0.49540,0.57590,0.42630,6.330,6.000,12.330,0.000000,,
2252987,2026-05-18,2026-05,0.46860,0.54180,0.60780,5.100,5.120,10.220,0.000000,,
2253002,2026-05-19,2026-05,0.48690,0.50790,0.63390,4.700,4.500,9.210,0.010000,,
2253008,2026-05-20,2026-05,0.46030,0.60460,0.38410,5.170,5.300,10.470,0.000000,,
2253025,2026-05-21,2026-05,0.38590,0.46170,0.53180,4.350,5.420,9.770,0.000000,,
2253038,2026-05-22,2026-05,0.47050,0.51850,0.61180,4.960,4.960,9.920,0.000000,,
2253055,2026-05-23,2026-05,0.41060,0.57670,0.54250,5.240,6.090,11.320,0.010000,,
2253067,2026-05-24,2026-05,0.42960,0.54230,0.57100,4.850,5.380,10.230,0.000000,,
2253076,2026-05-25,2026-05,0.36510,0.52050,0.52700,3.630,4.800,8.440,0.010000,,
2253097,2026-05-26,2026-05,0.52460,0.45960,0.42170,4.400,3.800,8.190,0.010000,,
2253103,2026-05-27,2026-05,0.39560,0.46390,0.30140,3.510,4.300,7.810,0.000000,,
2253133,2026-05-29,2026-05,0.39370,0.51400,0.56380,3.470,4.280,7.760,0.010000,,
2253148,2026-05-30,2026-05,0.40930,0.43540,0.59050,3.180,3.770,6.950,0.000000,,
2253162,2026-05-31,2026-05,0.38520,0.40040,0.56470,3.160,3.990,7.150,0.000000,,
2253172,2026-06-01,2026-06,0.40110,0.49560,0.31790,4.120,4.930,9.060,0.010000,,
2253187,2026-06-02,2026-06,0.34860,0.54520,0.28240,4.350,5.930,10.290,0.010000,,
2253203,2026-06-03,2026-06,0.60170,0.50040,0.50670,5.350,3.780,9.130,0.000000,,
2253212,2026-06-04,2026-06,0.47760,0.48250,0.39100,4.780,4.680,9.460,0.000000,,
2253225,2026-06-05,2026-06,0.40680,0.50940,0.55320,4.500,5.290,9.790,0.000000,,
2253234,2026-06-06,2026-06,0.38270,0.47550,0.53400,4.160,5.220,9.380,0.000000,,
2253254,2026-06-07,2026-06,0.40600,0.51620,0.56220,4.050,4.790,8.840,0.000000,,
2253270,2026-06-09,2026-06,0.34600,0.46500,0.51190,3.440,4.810,8.250,0.000000,,
2253288,2026-06-10,2026-06,0.48770,0.45390,0.39120,4.390,4.190,8.580,0.000000,,
2253298,2026-06-11,2026-06,0.40230,0.43640,0.56380,3.810,4.560,8.370,0.000000,,
2253309,2026-06-12,2026-06,0.51790,0.41970,0.43290,5.150,4.530,9.670,0.010000,,
2253324,2026-06-13,2026-06,0.50450,0.37630,0.40990,4.570,4.160,8.730,0.000000,,
2253338,2026-06-14,2026-06,0.42740,0.41930,0.34460,4.560,5.120,9.680,0.000000,,
2253356,2026-06-15,2026-06,0.46610,0.46350,0.61520,4.590,4.630,9.220,0.000000,,
2253370,2026-06-16,2026-06,0.48670,0.51650,0.39800,4.760,4.560,9.320,0.000000,,
2253380,2026-06-17,2026-06,0.42030,0.46660,0.57160,4.330,4.930,9.260,0.000000,,
2253408,2026-06-19,2026-06,0.33960,0.53510,0.48960,3.980,5.590,9.560,0.010000,,
2253424,2026-06-20,2026-06,0.48400,0.56980,0.61920,5.410,5.220,10.630,0.000000,,
2253435,2026-06-21,2026-06,0.50050,0.41240,0.64600,4.750,4.410,9.160,0.000000,,
2253449,2026-06-22,2026-06,0.36420,0.44380,0.52630,3.640,4.820,8.460,0.000000,,
2253463,2026-06-23,2026-06,0.48200,0.45510,0.38600,4.360,4.230,8.590,0.000000,,
2253480,2026-06-24,2026-06,0.52270,0.46290,0.43100,4.930,4.300,9.230,0.000000,,
2253491,2026-07-23,2026-07,0.41340,0.42510,0.58100,3.610,4.200,7.810,0.000000,,
2253497,2026-06-26,2026-06,0.33280,0.53340,0.48230,3.920,5.630,9.550,0.000000,,
2253513,2026-06-27,2026-06,0.46190,0.50030,0.61150,4.510,4.610,9.110,0.010000,,
2253527,2026-06-28,2026-06,0.30300,0.53480,0.46390,3.340,5.270,8.610,0.000000,,
2253549,2026-06-29,2026-06,0.37800,0.48040,0.52890,4.160,5.280,9.440,0.000000,,
2253564,2026-06-30,2026-06,0.48720,0.51740,0.40390,5.060,4.840,9.900,0.000000,,
2253578,2026-07-01,2026-07,0.49940,0.52570,0.63330,5.500,5.110,10.610,0.000000,,
2253598,2026-07-03,2026-07,0.45740,0.53500,0.37330,4.700,4.840,9.540,0.000000,,
2253614,2026-07-04,2026-07,0.60240,0.42360,0.51100,5.460,3.840,9.300,0.000000,,
2253626,2026-07-05,2026-07,0.40370,0.43140,0.31770,4.030,4.800,8.840,0.010000,,
2253636,2026-07-06,2026-07,0.43500,0.43190,0.59570,3.980,4.350,8.320,0.010000,,
2253651,2026-07-07,2026-07,0.40520,0.44670,0.56050,4.130,4.890,9.020,0.000000,,
2253668,2026-07-08,2026-07,0.36050,0.42380,0.52600,3.520,4.720,8.240,0.000000,,
2253680,2026-07-09,2026-07,0.41870,0.44580,0.57230,4.210,4.810,9.020,0.000000,,
2253695,2026-07-10,2026-07,0.46840,0.39870,0.62470,4.220,4.240,8.460,0.000000,,
2253711,2026-07-11,2026-07,0.32490,0.43650,0.48820,3.370,5.000,8.380,0.010000,,
2253725,2026-07-12,2026-07,0.43090,0.43520,0.57860,4.470,4.970,9.440,0.000000,,
2253740,2026-07-17,2026-07,0.51700,0.49580,0.43010,5.090,4.520,9.620,0.010000,,
2253749,2026-07-18,2026-07,0.44890,0.51420,0.36270,4.520,4.770,9.290,0.000000,,
2253770,2026-07-19,2026-07,0.42100,0.44220,0.57550,4.200,4.770,8.970,0.000000,,
2253784,2026-07-20,2026-07,0.33650,0.59200,0.47410,4.570,6.390,10.960,0.000000,,
2253800,2026-07-21,2026-07,0.39300,0.48560,0.53640,4.540,5.540,10.080,0.000000,,
2253806,2026-07-22,2026-07,0.41760,0.60400,0.55780,4.890,5.580,10.470,0.000000,,
2253825,2026-07-24,2026-07,0.56170,0.57720,0.48810,6.320,5.020,11.340,0.000000,,
3270003,2026-04-30,2026-04,0.36790,0.52620,0.51810,4.100,5.350,9.450,0.000000,,
3270004,2026-04-30,2026-04,0.33070,0.71660,0.47200,4.290,6.150,10.450,0.010000,,
